experiment,algo,resolution,wiggle,seed,cells_per_side,metric,paired_case_count,baseline_value_count,candidate_value_count,baseline_median,candidate_median,delta_median,candidate_to_baseline_median_ratio,baseline_p95,candidate_p95,delta_p95,baseline_max,candidate_max,delta_max,material_improved_cases,material_worsened_cases,material_stable_cases,baseline_above_tail_count,candidate_above_tail_count,fixed_tail_cases,introduced_tail_cases
circles,circular,0.32,0,0,32,curvature_error,25,25,25,2.5437504666761323e-10,2.543750493364186e-10,2.6688053436797964e-18,1.0000000104916162,1.3995286955512294e-08,1.3995286955512294e-08,0.0,0.00015158679784840293,0.00015158679784840756,4.6349642873755315e-18,0,0,25,,,,
circles,circular,0.32,0,0,32,curvature_proxy_error,25,25,25,0.10000250977743486,0.10000250977743486,0.0,1.0,0.10000250989111346,0.10000250989111349,2.7755575615628914e-17,0.10000250992193162,0.10000250992193671,5.093148125467906e-15,0,0,25,,,,
circles,circular,0.32,0,0,32,facet_gap,25,25,25,1.4995205077648227e-09,1.4995205077648227e-09,0.0,1.0,8.619820849088634e-08,8.619820849088634e-08,0.0,0.00076080281175262,0.00076080281175262,0.0,0,0,25,,,,
circles,circular,0.32,0,0,32,hausdorff,25,25,25,1.4846511029112173e-09,1.484651376196885e-09,2.732856676477605e-16,1.0000001840740003,6.389698980425325e-08,6.389698980425325e-08,0.0,0.0007371200505875857,0.0007371200505874377,-1.4799359654427136e-16,0,0,25,0,0,0,0
circles,circular,0.32,0,0,32,tangent_error,25,25,25,0.003041307783673421,0.0030413077836739587,5.377642775528102e-16,1.0000000000001767,0.003279830502205967,0.0032798305022054405,-5.26488574958961e-16,0.003441553959922427,0.0034415539599235807,1.1535911115245767e-15,0,0,25,,,,
circles,circular,0.32,0.05,0,32,curvature_error,25,25,25,2.1716575165126832e-10,2.1716517869688597e-10,-5.729543823475041e-16,0.9999973616724646,1.1709859588392682e-09,1.1709859701397527e-09,1.1300484511411029e-17,2.3562770260584425e-09,2.356276684451358e-09,-3.4160708440460425e-16,0,0,25,,,,
circles,circular,0.32,0.05,0,32,curvature_proxy_error,25,25,25,0.10000250984536313,0.10000250984536282,-3.0531133177191805e-16,0.999999999999997,0.10000250991010474,0.10000250991010474,0.0,0.10000250992737324,0.10000250992737325,1.3877787807814457e-17,0,0,25,,,,
circles,circular,0.32,0.05,0,32,facet_gap,25,25,25,1.3402137580548255e-09,1.34021430223073e-09,5.441759044071947e-16,1.0000004060366499,5.672489258579955e-09,5.672488989600434e-09,-2.6897952109555974e-16,1.7096125198981532e-08,1.7096118362956487e-08,-6.8360250446420316e-15,0,0,25,,,,
circles,circular,0.32,0.05,0,32,hausdorff,25,25,25,1.1316001020729935e-09,1.131168891078129e-09,-4.312109948645783e-13,0.9996189369424104,6.1907713722104626e-09,6.190771094464545e-09,-2.7774591753448956e-16,1.572789236905459e-08,1.5727884986458223e-08,-7.382596367116253e-15,0,0,25,0,0,0,0
circles,circular,0.32,0.05,0,32,tangent_error,25,25,25,0.0030344819746352765,0.003034481974732958,9.768141157051602e-14,1.0000000000321905,0.0033000967356971367,0.003300096735693342,-3.7947076036992655e-15,0.003336290659442862,0.003336290659504056,6.119410533855785e-14,0,0,25,,,,
circles,circular,0.32,0.1,0,32,curvature_error,25,25,25,2.1451762687625068e-10,2.1451760605956897e-10,-2.0816681711721685e-17,0.9999999029605072,2.239867014269626e-09,2.2398662373422636e-09,-7.769273625071596e-16,2.638263579823885e-09,2.6382661031030897e-09,2.5232792045688942e-15,0,0,25,,,,
circles,circular,0.32,0.1,0,32,curvature_proxy_error,25,25,25,0.10000250982973981,0.10000250982973982,1.3877787807814457e-17,1.0000000000000002,0.10000250991757431,0.10000250991757431,0.0,0.10000250993513067,0.10000250993513068,1.3877787807814457e-17,0,0,25,,,,
circles,circular,0.32,0.1,0,32,facet_gap,25,25,25,1.1912751623946353e-09,1.1912751623946353e-09,0.0,1.0,6.766101471043785e-09,6.7660290865162274e-09,-7.238452755760886e-14,1.757157286891261e-08,1.757157337481203e-08,5.058994175465281e-16,0,0,25,,,,
circles,circular,0.32,0.1,0,32,hausdorff,25,25,25,1.300597881642723e-09,1.3005984146849584e-09,5.330422355487609e-16,1.0000004098439979,5.475073769368105e-09,5.4750389827357565e-09,-3.478663234887791e-14,1.2402237079461384e-08,1.2402237332055287e-08,2.5259390365021927e-16,0,0,25,0,0,0,0
circles,circular,0.32,0.1,0,32,tangent_error,25,25,25,0.003116310617877999,0.0031163106178767287,-1.270251265284017e-15,0.9999999999995924,0.0032740132883344432,0.003274013288336425,1.981921571303502e-15,0.0033441883463415202,0.003344188346341301,-2.194425197110661e-16,0,0,25,,,,
circles,circular,0.32,0.2,0,32,curvature_error,25,25,25,2.2817274855250044e-10,2.281733844525632e-10,6.359000627578269e-16,1.0000027869237968,4.632148963440004e-09,4.632148997280455e-09,3.384045103200883e-17,8.881326474351786e-09,8.881326480795045e-09,6.44325886139403e-18,0,0,25,,,,
circles,circular,0.32,0.2,0,32,curvature_proxy_error,25,25,25,0.10000250980211606,0.10000250980211606,0.0,1.0,0.1000025099182742,0.10000250991827427,6.938893903907228e-17,0.10000250992934985,0.10000250992934985,0.0,0,0,25,,,,
circles,circular,0.32,0.2,0,32,facet_gap,25,25,25,1.0611192675367209e-09,1.0611192675367209e-09,0.0,1.0,3.2241908191306147e-09,3.2241944384828123e-09,3.619352197635081e-15,4.449806146887295e-09,4.449806085300859e-09,-6.15864363156158e-17,0,0,25,,,,
circles,circular,0.32,0.2,0,32,hausdorff,25,25,25,1.010207441468437e-09,1.0102175908156413e-09,1.014934720429022e-14,1.000010046795131,2.8510535928885073e-09,2.8510573319674154e-09,3.739078908035012e-15,4.051766419468396e-09,4.051766761075481e-09,3.4160708481819456e-16,0,0,25,0,0,0,0
circles,circular,0.32,0.2,0,32,tangent_error,25,25,25,0.0031476741772445867,0.0031476741772398613,-4.7253867485608225e-15,0.9999999999984988,0.0032820693475247424,0.0032820693475141324,-1.0610002459943146e-14,0.003382391084428174,0.003382391084430908,2.733924198139448e-15,0,0,25,,,,
circles,circular,0.32,0.3,0,32,curvature_error,25,25,25,2.1761480712661248e-10,2.1761476053689625e-10,-4.6589716226719616e-17,0.9999997859074167,1.799481745029219e-08,1.7994817451024207e-08,7.320184461624772e-19,0.007195725693363671,0.007195725693363326,-3.452099717193846e-16,0,0,25,,,,
circles,circular,0.32,0.3,0,32,curvature_proxy_error,25,25,25,0.10000250977138873,0.10000250977138876,2.7755575615628914e-17,1.0000000000000002,0.10000250988753594,0.10000250988753595,1.3877787807814457e-17,0.10000250990849353,0.10000250990849353,0.0,0,0,25,,,,
circles,circular,0.32,0.3,0,32,facet_gap,25,25,25,1.0752629703675687e-09,1.0752629703675687e-09,0.0,1.0,6.028424376566843e-09,6.028424924042687e-09,5.474758436468676e-16,0.16657810545387486,0.16657810545387322,-1.6375789613221059e-15,0,0,25,,,,
circles,circular,0.32,0.3,0,32,hausdorff,25,25,25,9.887547500949762e-10,9.887547500949762e-10,0.0,1.0,5.156163870712207e-09,5.156163842866821e-09,-2.7845385923456246e-17,5.409040282052952,5.409040282052951,-8.881784197001252e-16,0,0,25,1,1,0,0
circles,circular,0.32,0.3,0,32,tangent_error,25,25,25,0.0032268592743928412,0.003226859274398736,5.8945903713691905e-15,1.0000000000018268,0.0033798655177937503,0.0033798655177982714,4.5211230592645535e-15,0.014075125672420226,0.014075125672420585,3.5908775952719907e-16,0,0,25,,,,
circles,circular,0.5,0,0,50,curvature_error,25,25,25,3.1715844638069423e-10,3.1716396037273496e-10,5.513992040729539e-15,1.0000173856067958,2.1720233749772368e-09,2.1720233728955685e-09,-2.0816682538902298e-18,2.9394910349561655e-09,2.939491030792829e-09,-4.1633365077804595e-18,0,0,25,,,,
circles,circular,0.5,0,0,50,curvature_proxy_error,25,25,25,0.10000250973590173,0.10000250973590173,0.0,1.0,0.1000025098722998,0.10000250987229792,-1.887379141862766e-15,0.10000250989276735,0.10000250989276732,-2.7755575615628914e-17,0,0,25,,,,
circles,circular,0.5,0,0,50,facet_gap,25,25,25,8.131504358743769e-10,8.131504358743769e-10,0.0,1.0,5.810892744761981e-09,5.810892744761981e-09,0.0,6.167100430332084e-09,6.167100430332084e-09,0.0,0,0,25,,,,
circles,circular,0.5,0,0,50,hausdorff,25,25,25,7.037586513578521e-10,7.037584737221682e-10,-1.7763568389866602e-16,0.999999747590053,5.390769768383154e-09,5.3907815989197046e-09,1.1830536550670366e-14,7.118104150551731e-09,7.1181040173249676e-09,-1.3322676328589103e-16,0,0,25,0,0,0,0
circles,circular,0.5,0,0,50,tangent_error,25,25,25,0.001933899552317092,0.0019338995523058929,-1.119915792047177e-14,0.9999999999942091,0.0021288127090719707,0.0021288127090788285,6.857795581405313e-15,0.0021750733663853036,0.002175073366406227,2.092336720549426e-14,0,0,25,,,,
circles,circular,0.5,0.05,0,50,curvature_error,25,25,25,3.383481404772848e-10,3.3834813596700375e-10,-4.510281027199941e-18,0.9999999866697035,2.235505663500388e-09,2.235505663500388e-09,0.0,8.379434800198649e-09,8.379434800198649e-09,0.0,0,0,25,,,,
circles,circular,0.5,0.05,0,50,curvature_proxy_error,25,25,25,0.10000250971565769,0.10000250971565769,0.0,1.0,0.10000250982101508,0.10000250982101508,0.0,0.10000250986419754,0.10000250986419754,0.0,0,0,25,,,,
circles,circular,0.5,0.05,0,50,facet_gap,25,25,25,9.173310030381718e-10,9.173310030381718e-10,0.0,1.0,5.794382408498115e-09,5.794382408498115e-09,0.0,2.100602994417037e-08,2.100602994417037e-08,0.0,0,0,25,,,,
circles,circular,0.5,0.05,0,50,hausdorff,25,25,25,7.282851245490482e-10,7.282851245490482e-10,0.0,1.0,9.058400609208725e-09,9.058400609208725e-09,0.0,1.5061583659320456e-08,1.5061583659320456e-08,0.0,0,0,25,0,0,0,0
circles,circular,0.5,0.05,0,50,tangent_error,25,25,25,0.00196958369676021,0.0019695836967578567,-2.353152395162539e-15,0.9999999999988053,0.0021144164442885548,0.0021144164442782926,-1.0262190403009797e-14,0.002130960105200387,0.002130960105202111,1.723881454251952e-15,0,0,25,,,,
circles,circular,0.5,0.1,0,50,curvature_error,25,25,25,4.702489571350999e-10,4.702488891339395e-10,-6.80011603410089e-17,0.9999998553932777,1.5866263036734535e-09,1.5866263036734535e-09,0.0,1.181491332928608e-08,1.1814924669173443e-08,1.1339887362460388e-14,0,0,25,,,,
circles,circular,0.5,0.1,0,50,curvature_proxy_error,25,25,25,0.10000250966416936,0.10000250966416936,0.0,1.0,0.10000250987832401,0.10000250987830955,-1.4460654895742664e-14,0.10000250988455019,0.10000250988455019,0.0,0,0,25,,,,
circles,circular,0.5,0.1,0,50,facet_gap,25,25,25,1.1238892937800937e-09,1.1238892937800937e-09,0.0,1.0,4.600305123317129e-09,4.600305087645339e-09,-3.5671790030712445e-17,3.7962852196986445e-08,3.7962879487654495e-08,2.729066804985357e-14,0,0,25,,,,
circles,circular,0.5,0.1,0,50,hausdorff,25,25,25,1.003731479827541e-09,1.003731479827541e-09,0.0,1.0,3.9967721141155405e-09,3.9967721141155405e-09,0.0,1.964904303755798e-08,1.9649074087599505e-08,3.105004152526561e-14,0,0,25,0,0,0,0
circles,circular,0.5,0.1,0,50,tangent_error,25,25,25,0.0019598905203025182,0.0019598905203025182,0.0,1.0,0.0020913904325728823,0.0020913904325729174,3.5128150388530344e-17,0.0020963429200468965,0.0020963429200473544,4.579669976578771e-16,0,0,25,,,,
circles,circular,0.5,0.2,0,50,curvature_error,25,25,25,3.3126052421950103e-10,3.312606047106703e-10,8.049116929566361e-17,1.0000002429844892,9.033345524693914e-10,9.033345524693914e-10,0.0,1.0032090963507656e-09,1.0032090963507656e-09,0.0,0,0,25,,,,
circles,circular,0.5,0.2,0,50,curvature_proxy_error,25,25,25,0.10000250971997077,0.10000250971997077,0.0,1.0,0.10000250981907022,0.1000025098190701,-1.1102230246251565e-16,0.10000250985413467,0.10000250985413467,0.0,0,0,25,,,,
circles,circular,0.5,0.2,0,50,facet_gap,25,25,25,8.833012320311764e-10,8.83301612501102e-10,3.804699256871046e-16,1.000000430736324,2.196548732095259e-09,2.196548732095259e-09,0.0,2.5584648960199193e-09,2.5584648960199193e-09,0.0,0,0,25,,,,
circles,circular,0.5,0.2,0,50,hausdorff,25,25,25,7.85902157911397e-10,7.859025105044903e-10,3.5259309325189125e-16,1.0000004486475698,1.847344677725804e-09,1.847344677725804e-09,0.0,2.1771043997385857e-09,2.1771043997385857e-09,0.0,0,0,25,0,0,0,0
circles,circular,0.5,0.2,0,50,tangent_error,25,25,25,0.0020183615036585495,0.0020183615036585495,0.0,1.0,0.0022012305004723456,0.0022012305004717016,-6.440160904563896e-16,0.0023201217338173243,0.0023201217338185026,1.1783109210572462e-15,0,0,25,,,,
circles,circular,0.5,0.3,0,50,curvature_error,25,25,25,4.678607747748975e-10,4.678618249764899e-10,1.0502015924183976e-15,1.0000022446882684,2.7368665488333457e-09,2.736874686705035e-09,8.137871689378012e-15,1.4170656756615878e-07,1.4170656756615878e-07,0.0,0,0,25,,,,
circles,circular,0.5,0.3,0,50,curvature_proxy_error,25,25,25,0.10000250946485152,0.10000250946485151,-1.3877787807814457e-17,0.9999999999999999,0.1000025098359649,0.10000250983596486,-4.163336342344337e-17,0.10000250989262678,0.10000250989262705,2.636779683484747e-16,0,0,25,,,,
circles,circular,0.5,0.3,0,50,facet_gap,25,25,25,7.897749529021981e-10,7.897749529021981e-10,0.0,1.0,5.172245680093084e-09,5.172426706859091e-09,1.8102676600683608e-13,7.86106097742081e-09,7.861067953943295e-09,6.976522485629886e-15,0,0,25,,,,
circles,circular,0.5,0.3,0,50,hausdorff,25,25,25,7.500015282158925e-10,7.500015282158925e-10,0.0,1.0,5.066066920489892e-09,5.065995151077626e-09,-7.176941226605437e-14,9.32744612950037e-09,9.32744612950037e-09,0.0,0,0,25,0,0,0,0
circles,circular,0.5,0.3,0,50,tangent_error,25,25,25,0.001993507230425928,0.001993507230426454,5.2562121322097255e-16,1.0000000000002636,0.0021445122635166784,0.0021445122635157963,-8.821068875342064e-16,0.0023085865716693118,0.0023085865716693118,0.0,0,0,25,,,,
circles,circular,0.64,0,0,64,curvature_error,25,25,25,5.427772077946604e-10,5.427772077946604e-10,0.0,1.0,1.7377284869800824e-08,1.7377283055440197e-08,-1.8143606269400398e-15,2.617713885405548e-08,2.6177138872374162e-08,1.8318682288595247e-17,0,0,25,,,,
circles,circular,0.64,0,0,64,curvature_proxy_error,25,25,25,0.10000250955406721,0.10000250955406721,0.0,1.0,0.1000025098589121,0.1000025098589121,0.0,0.10000250987993103,0.10000250987993103,0.0,0,0,25,,,,
circles,circular,0.64,0,0,64,facet_gap,25,25,25,1.0626591517866136e-09,1.0626591517866136e-09,0.0,1.0,3.057326374617526e-08,3.0573302880682855e-08,3.91345075970677e-14,9.09817582339656e-08,9.09817582339656e-08,0.0,0,0,25,,,,
circles,circular,0.64,0,0,64,hausdorff,25,25,25,1.1047446335743934e-09,1.1047446335743934e-09,0.0,1.0,2.274978512171037e-08,2.2749807859077934e-08,2.273736756549903e-14,9.166847277700668e-08,9.166847263489814e-08,-1.4210854397564648e-16,0,0,25,0,0,0,0
circles,circular,0.64,0,0,64,tangent_error,25,25,25,0.0015186673001318263,0.0015186673001318263,0.0,1.0,0.001651895317892848,0.0016518953178933482,5.002508823848117e-16,0.0016613133764685772,0.0016613133764621017,-6.475505895386924e-15,0,0,25,,,,
circles,circular,0.64,0.05,0,64,curvature_error,25,25,25,4.3555160866848297e-10,4.355492680407913e-10,-2.3406276916680542e-15,0.9999946260611944,7.894229175268248e-10,7.894229223306745e-10,4.8038496496429065e-18,9.110869575446045e-10,9.110869575446045e-10,0.0,0,0,25,,,,
circles,circular,0.64,0.05,0,64,curvature_proxy_error,25,25,25,0.10000250958832302,0.10000250958832302,0.0,1.0,0.1000025097853834,0.10000250978531951,-6.389333506717776e-14,0.10000250982943636,0.10000250982945678,2.042810365310288e-14,0,0,25,,,,
circles,circular,0.64,0.05,0,64,facet_gap,25,25,25,7.080072752044733e-10,7.08007964247071e-10,6.890425976595792e-16,1.0000009732140076,1.4340051527214455e-09,1.433950308770559e-09,-5.4843950886610444e-14,1.7981715204508047e-09,1.7981715204508047e-09,0.0,0,0,25,,,,
circles,circular,0.64,0.05,0,64,hausdorff,25,25,25,6.155132316640093e-10,6.155130895554622e-10,-1.4210854718097136e-16,0.9999997691218647,1.3072033644043065e-09,1.3072034732315934e-09,1.088272868900582e-16,1.552992079494662e-09,1.5529919428538372e-09,-1.3664082470556993e-16,0,0,25,0,0,0,0
circles,circular,0.64,0.05,0,64,tangent_error,25,25,25,0.0015589195493311814,0.0015589195493011913,-2.999011629312154e-14,0.9999999999807623,0.001682177575463031,0.0016821775754604525,-2.5784496066050266e-15,0.0017378369508682845,0.0017378369508682845,0.0,0,0,25,,,,
circles,circular,0.64,0.1,0,64,curvature_error,25,25,25,3.737179249290008e-10,3.737066278759642e-10,-1.1297053036598684e-14,0.9999697711769144,9.957007399675499e-10,9.957007425296029e-10,2.5620529810400943e-18,1.8675947735417972e-09,1.8675947735417972e-09,0.0,0,0,25,,,,
circles,circular,0.64,0.1,0,64,curvature_proxy_error,25,25,25,0.10000250963185975,0.10000250963185975,0.0,1.0,0.10000250988052559,0.10000250988051677,-8.81239525796218e-15,0.100002509890443,0.10000250989044303,2.7755575615628914e-17,0,0,25,,,,
circles,circular,0.64,0.1,0,64,facet_gap,25,25,25,6.71747156192413e-10,6.71746731505121e-10,-4.246872920529252e-16,0.9999993677869893,2.041640264835788e-09,2.041640264835788e-09,0.0,3.1315512325617807e-09,3.1315512325617807e-09,0.0,0,0,25,,,,
circles,circular,0.64,0.1,0,64,hausdorff,25,25,25,6.163529641853463e-10,6.163529722808368e-10,8.095490510013068e-18,1.0000000131345042,1.7914460155690144e-09,1.7914460155690144e-09,0.0,2.6617469615333347e-09,2.6617469615333347e-09,0.0,0,0,25,0,0,0,0
circles,circular,0.64,0.1,0,64,tangent_error,25,25,25,0.0015171353311668018,0.001517135331166095,-7.068998164605489e-16,0.999999999999534,0.0016253925227416237,0.0016253925227419754,3.5171518475429764e-16,0.0016879419562895528,0.0016879419562777246,-1.1828212020947859e-14,0,0,25,,,,
circles,circular,0.64,0.2,0,64,curvature_error,25,25,25,4.442382751721144e-10,4.4417574479593824e-10,-6.25303761761494e-14,0.9998592413583636,1.5296541129049798e-09,1.5296416370577016e-09,-1.247584727825387e-14,1.0326481071354365e-08,1.0326481071354365e-08,0.0,0,0,25,,,,
circles,circular,0.64,0.2,0,64,curvature_proxy_error,25,25,25,0.10000250962500642,0.10000250962501524,8.81239525796218e-15,1.0000000000000882,0.10000250985340563,0.10000250985437775,9.721251581495949e-13,0.10000250986923044,0.10000250986922411,-6.328271240363392e-15,0,0,25,,,,
circles,circular,0.64,0.2,0,64,facet_gap,25,25,25,6.874175061536061e-10,6.872261286475075e-10,-1.9137750609855558e-13,0.9997215993128116,2.6288220195522628e-09,2.6287904373535927e-09,-3.1582198670114315e-14,1.663269603776196e-08,1.663269603776196e-08,0.0,0,0,25,,,,
circles,circular,0.64,0.2,0,64,hausdorff,25,25,25,6.337374144461139e-10,6.337019648202752e-10,-3.5449625838631895e-14,0.9999440625959103,2.203962733404399e-09,2.2039406778715558e-09,-2.2055532843197574e-14,1.0610322780207296e-08,1.0610322780207296e-08,0.0,0,0,25,0,0,0,0
circles,circular,0.64,0.2,0,64,tangent_error,25,25,25,0.001549957819859892,0.001549957819859892,0.0,1.0,0.0016434104765225563,0.0016434104765190305,-3.5258254649228604e-15,0.001663957180033095,0.0016639571800437726,1.0677656675506242e-14,0,0,25,,,,
circles,circular,0.64,0.3,0,64,curvature_error,25,25,25,5.94468487213895e-10,5.94468487213895e-10,0.0,1.0,2.760346914237874e-09,2.760346914237874e-09,0.0,5.652334918274207e-09,5.652336482609288e-09,1.5643350810414895e-15,0,0,25,,,,
circles,circular,0.64,0.3,0,64,curvature_proxy_error,25,25,25,0.1000025093797024,0.10000250937970219,-2.0816681711721685e-16,0.9999999999999979,0.10000250977421625,0.10000250977418217,-3.4083846855992306e-14,0.10000250982205394,0.10000250982205394,0.0,0,0,25,,,,
circles,circular,0.64,0.3,0,64,facet_gap,25,25,25,7.032229043598444e-10,7.032229043598444e-10,0.0,1.0,2.403255631031642e-09,2.403251465854123e-09,-4.165177519002066e-15,2.7735721804151878e-09,2.773586672396144e-09,1.4491980956354118e-14,0,0,25,,,,
circles,circular,0.64,0.3,0,64,hausdorff,25,25,25,6.531973263944739e-10,6.531973263944739e-10,0.0,1.0,2.008545110619223e-09,2.008545048259206e-09,-6.236001686524632e-17,2.7899457235723518e-09,2.7899717683550693e-09,2.6044782717550775e-14,0,0,25,0,0,0,0
circles,circular,0.64,0.3,0,64,tangent_error,25,25,25,0.0015598181023966525,0.0015598181023966525,0.0,1.0,0.0016242667441999012,0.0016242667441999012,0.0,0.0016374642643705677,0.0016374642643647989,-5.768822919360872e-15,0,0,25,,,,
circles,circular,1,0,0,100,curvature_error,25,25,25,8.375476409638871e-10,8.375524569032011e-10,4.815939313986132e-15,1.0000057500482102,3.1168296977732155e-09,3.11691749504267e-09,8.779726945432806e-14,5.2137033065835505e-09,5.213703439810313e-09,1.3322676245871042e-16,0,0,25,,,,
circles,circular,1,0,0,100,curvature_proxy_error,25,25,25,0.10000250943873681,0.100002509438732,-4.8155923693116165e-15,0.9999999999999518,0.10000250969980762,0.10000250969980762,0.0,0.10000250970410171,0.10000250970410174,2.7755575615628914e-17,0,0,25,,,,
circles,circular,1,0,0,100,facet_gap,25,25,25,5.159229488072014e-10,5.159229488072014e-10,0.0,1.0,2.290236054136585e-09,2.290457921105826e-09,2.2186696924092585e-13,3.604187348571486e-09,3.604187259753644e-09,-8.881784205273058e-17,0,0,25,,,,
circles,circular,1,0,0,100,hausdorff,25,25,25,5.944429393438282e-10,5.944429393438282e-10,0.0,1.0,1.6161802474407977e-09,1.616180798111418e-09,5.506706203133393e-16,4.158233624117249e-09,4.158233535299407e-09,-8.881784163914028e-17,0,0,25,0,0,0,0
circles,circular,1,0,0,100,tangent_error,25,25,25,0.0010032335534253772,0.0010032335534181569,-7.220352787884465e-15,0.9999999999928029,0.0010535205145065923,0.0010535205145065923,0.0,0.0010903803156507817,0.0010903803156522916,1.5098599454033135e-15,0,0,25,,,,
circles,circular,1,0.05,0,100,curvature_error,25,25,25,8.789766999320325e-10,8.789766999320325e-10,0.0,1.0,3.446932263194423e-09,3.446932263194423e-09,0.0,0.0024390260796875417,0.0024390260796875417,0.0,0,0,25,,,,
circles,circular,1,0.05,0,100,curvature_proxy_error,25,25,25,0.10000250940385136,0.10000250940385137,1.3877787807814457e-17,1.0000000000000002,0.10000250966670758,0.10000250966670754,-4.163336342344337e-17,0.10000250973480278,0.10000250973480278,0.0,0,0,25,,,,
circles,circular,1,0.05,0,100,facet_gap,25,25,25,5.575664449797972e-10,5.575662673487948e-10,-1.776310023665917e-16,0.9999996814173379,1.8919487641555355e-09,1.8919487641555355e-09,0.0,0.0018243500190072552,0.0018243500190072552,0.0,0,0,25,,,,
circles,circular,1,0.05,0,100,hausdorff,25,25,25,5.472642187990724e-10,5.472641308884573e-10,-8.791061506890322e-17,0.9999998393634884,1.827465393280161e-09,1.827465393280161e-09,0.0,8.650308601068007,8.650308601068007,0.0,0,0,25,1,1,0,0
circles,circular,1,0.05,0,100,tangent_error,25,25,25,0.0009829314811505793,0.0009829314811505793,0.0,1.0,0.0010997668281934635,0.0010997668281934635,0.0,0.00138716360735345,0.00138716360735345,0.0,0,0,25,,,,
circles,circular,1,0.1,0,100,curvature_error,25,25,25,8.924152885420034e-10,8.9240699743115e-10,-8.29111085343115e-15,0.9999907093581207,4.022651355281568e-09,4.022655197208345e-09,3.841926777178575e-15,6.977097084275085e-09,6.977097312432525e-09,2.2815743987329613e-16,0,0,25,,,,
circles,circular,1,0.1,0,100,curvature_proxy_error,25,25,25,0.10000250950661486,0.10000250950661486,0.0,1.0,0.10000250970724515,0.10000250970724515,0.0,0.10000250976545257,0.10000250976545257,0.0,0,0,25,,,,
circles,circular,1,0.1,0,100,facet_gap,25,25,25,5.036996968831853e-10,5.036996968831853e-10,0.0,1.0,2.224462243667743e-09,2.224462243667743e-09,0.0,4.3387442401579805e-09,4.338744493159019e-09,2.530010386389954e-16,0,0,25,,,,
circles,circular,1,0.1,0,100,hausdorff,25,25,25,4.77101779387355e-10,4.77101779387355e-10,0.0,1.0,1.868057703290628e-09,1.8680570996610753e-09,-6.036295525002694e-16,3.6983600053021694e-09,3.698360181371244e-09,1.760690747492281e-16,0,0,25,0,0,0,0
circles,circular,1,0.1,0,100,tangent_error,25,25,25,0.0010032557488989244,0.0010032557489012908,2.366379661666862e-15,1.0000000000023588,0.0010574068939439715,0.0010574068941959487,2.519772585030111e-13,0.0010698235991797546,0.0010698235991797546,0.0,0,0,25,,,,
circles,circular,1,0.2,0,100,curvature_error,25,25,25,8.449800203286228e-10,8.449800203286228e-10,0.0,1.0,2.557850829919338e-09,2.557850829919338e-09,0.0,5.183395020113571e-09,5.183395020113571e-09,0.0,0,0,25,,,,
circles,circular,1,0.2,0,100,curvature_proxy_error,25,25,25,0.1000025093727272,0.10000250937273893,1.1726730697603216e-14,1.0000000000001172,0.1000025096371862,0.1000025096371862,0.0,0.10000250967925797,0.10000250967925797,0.0,0,0,25,,,,
circles,circular,1,0.2,0,100,facet_gap,25,25,25,4.828357698112734e-10,4.828357698112734e-10,0.0,1.0,1.2385056287796948e-09,1.2385056287796948e-09,0.0,1.91281876406442e-09,1.91281876406442e-09,0.0,0,0,25,,,,
circles,circular,1,0.2,0,100,hausdorff,25,25,25,4.6454345845806884e-10,4.6454345845806884e-10,0.0,1.0,1.6621963918473767e-09,1.6621963918473767e-09,0.0,3.5398067093728933,3.5398067093728933,0.0,0,0,25,1,1,0,0
circles,circular,1,0.2,0,100,tangent_error,25,25,25,0.0009915094772156591,0.0009915094772156591,0.0,1.0,0.001053879489633913,0.0010538794896403246,6.411537967210279e-15,0.0010642996211589028,0.0010642996211589028,0.0,0,0,25,,,,
circles,circular,1,0.3,0,100,curvature_error,25,25,25,1.197367197478435e-09,1.1973673335130295e-09,1.3603459458118263e-16,1.0000001136114258,5.4670636245296455e-09,5.4670636245296455e-09,0.0,8.339285240694885e-09,8.339285240694885e-09,0.0,0,0,25,,,,
circles,circular,1,0.3,0,100,curvature_proxy_error,25,25,25,0.10000250881307461,0.10000250881307465,4.163336342344337e-17,1.0000000000000004,0.10000250933897141,0.10000250933852957,-4.4184100822519667e-13,0.10000250957533359,0.10000250957533359,0.0,0,0,25,,,,
circles,circular,1,0.3,0,100,facet_gap,25,25,25,6.41187833128537e-10,6.41187833128537e-10,0.0,1.0,1.3131989362496555e-09,1.3131989362496555e-09,0.0,4.455997426333718e-09,4.455997426333718e-09,0.0,0,0,25,,,,
circles,circular,1,0.3,0,100,hausdorff,25,25,25,6.514160988934976e-10,6.514145212557094e-10,-1.5776377881754363e-15,0.9999975781412359,3.6633686357907182e-09,3.6633686357907182e-09,0.0,3.183949431281413,3.183949431281413,0.0,0,0,25,1,1,0,0
circles,circular,1,0.3,0,100,tangent_error,25,25,25,0.0009764469893386851,0.000976446989339134,4.488596994089988e-16,1.0000000000004596,0.001017538608702954,0.001017538608696854,-6.100155103272442e-15,0.0010267378814173558,0.0010267378814173558,0.0,0,0,25,,,,
circles,circular,1.28,0,0,128,curvature_error,25,25,25,1.0815582756737822e-09,1.0815582756737822e-09,0.0,1.0,9.679159450625789e-09,9.679159450625789e-09,0.0,1.8421389018907994e-08,1.8421387528134258e-08,-1.49077373545922e-15,0,0,25,,,,
circles,circular,1.28,0,0,128,curvature_proxy_error,25,25,25,0.1000025092945269,0.1000025092945269,0.0,1.0,0.10000250966179898,0.10000250966179894,-4.163336342344337e-17,0.10000250967156249,0.10000250967156255,5.551115123125783e-17,0,0,25,,,,
circles,circular,1.28,0,0,128,facet_gap,25,25,25,4.6443332735179865e-10,4.6443332735179865e-10,0.0,1.0,3.889314407789393e-09,3.889314407789393e-09,0.0,1.6083764838488907e-08,1.6083765604760486e-08,7.662715784292693e-16,0,0,25,,,,
circles,circular,1.28,0,0,128,hausdorff,25,25,25,3.8287799599366186e-10,3.8287799599366186e-10,0.0,1.0,3.0790387791365253e-09,3.0790387791365253e-09,0.0,1.4101625018063303e-08,1.4101626202301196e-08,1.184237893484954e-15,0,0,25,0,0,0,0
circles,circular,1.28,0,0,128,tangent_error,25,25,25,0.0007684499933774327,0.0007684499933774327,0.0,1.0,0.0008230372996237658,0.000823037299639893,1.6127182055070133e-14,0.0008243174456343736,0.0008243174456343736,0.0,0,0,25,,,,
circles,circular,1.28,0.05,0,128,curvature_error,25,25,25,8.951498599521277e-10,8.951498599521277e-10,0.0,1.0,6.0591036977816925e-09,6.0591036977816925e-09,0.0,7.548911042792872e-09,7.548911042792872e-09,0.0,0,0,25,,,,
circles,circular,1.28,0.05,0,128,curvature_proxy_error,25,25,25,0.1000025093686589,0.10000250936863514,-2.375877272697835e-14,0.9999999999997624,0.10000250968983895,0.10000250968983895,0.0,0.10000250976660857,0.10000250976660857,0.0,0,0,25,,,,
circles,circular,1.28,0.05,0,128,facet_gap,25,25,25,3.618411963376518e-10,3.618411963376518e-10,0.0,1.0,3.1347852320073462e-09,3.1347852320073462e-09,0.0,9.183555049138927e-09,9.183555049138927e-09,0.0,0,0,25,,,,
circles,circular,1.28,0.05,0,128,hausdorff,25,25,25,3.217368191816847e-10,3.217368191816847e-10,0.0,1.0,2.430966138520201e-09,2.430966138520201e-09,0.0,8.709165299849275e-09,8.709165299849275e-09,0.0,0,0,25,0,0,0,0
circles,circular,1.28,0.05,0,128,tangent_error,25,25,25,0.0007713769851054868,0.0007713769851018046,-3.68216741819527e-15,0.9999999999952265,0.000854133376247431,0.0008541333762497737,2.342744054306678e-15,0.0008805409861683128,0.0008805409861637652,-4.5475775922732e-15,0,0,25,,,,
circles,circular,1.28,0.1,0,128,curvature_error,25,25,25,1.054449080273301e-09,1.054449080273301e-09,0.0,1.0,2.758868715520285e-09,2.758868712771416e-09,-2.748869240843358e-18,4.654656833857906e-09,4.654656833857906e-09,0.0,0,0,25,,,,
circles,circular,1.28,0.1,0,128,curvature_proxy_error,25,25,25,0.10000250919514088,0.10000250919514088,0.0,1.0,0.10000250960959166,0.10000250960924603,-3.4562630535361905e-13,0.10000250962078366,0.10000250962078401,3.469446951953614e-16,0,0,25,,,,
circles,circular,1.28,0.1,0,128,facet_gap,25,25,25,3.6689678798995754e-10,3.6689678798995754e-10,0.0,1.0,1.2511622888877727e-09,1.2511622888877727e-09,0.0,0.009187838187801967,0.009187838187799512,-2.454633718507182e-15,0,0,25,,,,
circles,circular,1.28,0.1,0,128,hausdorff,25,25,25,3.662421497348929e-10,3.662399167786847e-10,-2.2329562081695932e-15,0.9999939030605577,1.7647405025961394e-09,1.7647404957680973e-09,-6.828042189248078e-18,4.348617278925422,4.348617278925422,0.0,0,0,25,1,1,0,0
circles,circular,1.28,0.1,0,128,tangent_error,25,25,25,0.0007697823942552277,0.000769782394253772,-1.4557582569962868e-15,0.9999999999981088,0.000857821944167271,0.0008578219441636736,-3.597382808306904e-15,0.0009039898883127743,0.0009039898883127743,0.0,0,0,25,,,,
circles,circular,1.28,0.2,0,128,curvature_error,25,25,25,1.4292155804193416e-09,1.4292155804193416e-09,0.0,1.0,1.6811742847177025e-08,1.6811769432748376e-08,2.6585571351470766e-14,9.62447924406139e-06,9.62447924406139e-06,0.0,0,0,25,,,,
circles,circular,1.28,0.2,0,128,curvature_proxy_error,25,25,25,0.1000025088644869,0.1000025088644869,0.0,1.0,0.10000250960138382,0.10000250960138382,0.0,0.1000025096121785,0.1000025096121785,0.0,0,0,25,,,,
circles,circular,1.28,0.2,0,128,facet_gap,25,25,25,5.074994442212354e-10,5.074993791972877e-10,-6.502394768527512e-17,0.9999998718738544,5.245465919263563e-09,5.246245818579224e-09,7.798993156615271e-13,0.0032555624421206613,0.0032555624421206613,0.0,0,0,25,,,,
circles,circular,1.28,0.2,0,128,hausdorff,25,25,25,5.287313469809313e-10,5.287313469809313e-10,0.0,1.0,3.733484995304228e-09,3.733883185227409e-09,3.9818992318110203e-13,0.03622497258730111,0.03622497258730111,0.0,0,0,25,0,0,0,0
circles,circular,1.28,0.2,0,128,tangent_error,25,25,25,0.0007647163137096157,0.0007647163137096157,0.0,1.0,0.0008254133519401304,0.0008254133519307607,-9.36967517461973e-15,0.0008307233667746627,0.0008307233667746627,0.0,0,0,25,,,,
circles,circular,1.28,0.3,0,128,curvature_error,25,25,25,1.924707570601799e-09,1.924707210826696e-09,-3.5977510277565817e-16,0.9999998130754467,0.0016701714297087265,0.0016701714297085591,-1.6740081543176188e-16,0.0018867939794959003,0.0018867939794296493,-6.625104111146474e-14,0,0,25,,,,
circles,circular,1.28,0.3,0,128,curvature_proxy_error,25,25,25,0.10000250852754793,0.10000250852754686,-1.0685896612017132e-15,0.9999999999999893,0.10000250953447598,0.100002509534476,1.3877787807814457e-17,0.17714491012665096,0.17714491012665068,-2.7755575615628914e-16,0,0,25,,,,
circles,circular,1.28,0.3,0,128,facet_gap,25,25,25,4.957185676785968e-10,4.973739844866496e-10,1.65541680805285e-12,1.0033394286919795,6.706213263051788e-06,6.7062132629718935e-06,-7.989468868386737e-17,1.0733530211038874e-05,1.073353022775801e-05,1.6719136112456484e-14,0,0,25,,,,
circles,circular,1.28,0.3,0,128,hausdorff,25,25,25,4.1769391272910963e-10,4.176967822286194e-10,2.8694995097844973e-15,1.0000068698619309,5.901769032995657e-06,5.90176903294319e-06,-5.246691481882587e-17,1.0585143201787396e-05,1.058514319605037e-05,-5.7370253025209456e-15,0,0,25,0,0,0,0
circles,circular,1.28,0.3,0,128,tangent_error,25,25,25,0.0007880946455731279,0.0007880946446420498,-9.310780228408144e-13,0.9999999988185708,0.0008499848108392981,0.0008499848108400306,7.324869877312068e-16,0.0008630158850055462,0.0008630158850055462,0.0,0,0,25,,,,
circles,circular,1.5,0,0,150,curvature_error,25,25,25,1.2978155357103635e-09,1.2978155357103635e-09,0.0,1.0,2.632345945802194e-09,2.6323460140809097e-09,6.827871583246739e-17,6.655092679372365e-09,6.655092679372365e-09,0.0,0,0,25,,,,
circles,circular,1.5,0,0,150,curvature_proxy_error,25,25,25,0.10000250899702211,0.10000250899703036,8.257283745649602e-15,1.0000000000000826,0.10000250951210338,0.10000250951210338,0.0,0.10000250958572483,0.10000250958572483,0.0,0,0,25,,,,
circles,circular,1.5,0,0,150,facet_gap,25,25,25,3.4989309227739793e-10,3.498930330655033e-10,-5.921189463288867e-17,0.9999998307714673,8.666822045218691e-10,8.666821571523535e-10,-4.7369515623592876e-17,2.017319526241159e-09,2.017319526241159e-09,0.0,0,0,25,,,,
circles,circular,1.5,0,0,150,hausdorff,25,25,25,3.2152001067522457e-10,3.2152001067522457e-10,0.0,1.0,8.272494365210194e-10,8.272494128362616e-10,-2.3684757811796438e-17,1.8100664080011551e-09,1.8100664080011551e-09,0.0,0,0,25,0,0,0,0
circles,circular,1.5,0,0,150,tangent_error,25,25,25,0.0006477431245017054,0.0006477431245017054,0.0,1.0,0.000686713293096425,0.0006867132931000727,3.647689789110231e-15,0.0006910346138186424,0.0006910346138186424,0.0,0,0,25,,,,
circles,circular,1.5,0.05,0,150,curvature_error,25,25,25,1.4731867026042863e-09,1.4731867026042863e-09,0.0,1.0,5.7797288230410075e-09,5.7797288230410075e-09,0.0,2.327058602538216e-08,2.327058602538216e-08,0.0,0,0,25,,,,
circles,circular,1.5,0.05,0,150,curvature_proxy_error,25,25,25,0.10000250908617525,0.10000250908617525,0.0,1.0,0.10000250952953361,0.10000250952953395,3.3306690738754696e-16,0.10000250965990219,0.10000250965990219,0.0,0,0,25,,,,
circles,circular,1.5,0.05,0,150,facet_gap,25,25,25,4.320705938124649e-10,4.320705938124649e-10,0.0,1.0,2.1721330410885096e-09,2.1721330410885096e-09,0.0,9.213420599768722e-09,9.213420599768722e-09,0.0,0,0,25,,,,
circles,circular,1.5,0.05,0,150,hausdorff,25,25,25,4.246960413043395e-10,4.246959820934233e-10,-5.921091623332039e-17,0.9999998605804847,2.067032021980033e-09,2.067032021980033e-09,0.0,7.447362272593036e-09,7.447362272593036e-09,0.0,0,0,25,0,0,0,0
circles,circular,1.5,0.05,0,150,tangent_error,25,25,25,0.0006565852175247904,0.0006565852175247904,0.0,1.0,0.0007112900859586259,0.0007112900859763181,1.769222789105296e-14,0.0007161266607688746,0.0007161266607688746,0.0,0,0,25,,,,
circles,circular,1.5,0.1,0,150,curvature_error,25,25,25,1.6920482228307184e-09,1.6920482228307184e-09,0.0,1.0,0.0006557589490128591,0.0006557589490128454,-1.3660947373317356e-17,0.0016393452309770822,0.0016393452309770822,0.0,0,0,25,,,,
circles,circular,1.5,0.1,0,150,curvature_proxy_error,25,25,25,0.1000025090235988,0.1000025090235988,0.0,1.0,0.10000250949025374,0.10000250949025374,0.0,0.10000250953587207,0.10000250953578883,-8.323897127127111e-14,0,0,25,,,,
circles,circular,1.5,0.1,0,150,facet_gap,25,25,25,4.379547058952065e-10,4.379547058952065e-10,0.0,1.0,2.007817328512814e-05,2.007817328512814e-05,0.0,0.001901399309705253,0.001901399309705253,0.0,0,0,25,,,,
circles,circular,1.5,0.1,0,150,hausdorff,25,25,25,4.1674338399501757e-10,4.1674338399501757e-10,0.0,1.0,2.8937762520803187,2.893776252080296,-2.2648549702353193e-14,4.860651309584368,4.860651309584368,0.0,0,0,25,2,2,0,0
circles,circular,1.5,0.1,0,150,tangent_error,25,25,25,0.0006646655865056694,0.0006646655865056694,0.0,1.0,0.0007054557325113145,0.0007054557325259677,1.465320920157609e-14,0.000730677124958869,0.000730677124958869,0.0,0,0,25,,,,
circles,circular,1.5,0.2,0,150,curvature_error,25,25,25,1.68182215122085e-09,1.68182215122085e-09,0.0,1.0,9.825440997153515e-09,9.825440993267733e-09,-3.885781843502579e-18,1.3360243511528937e-08,1.3360243511528937e-08,0.0,0,0,25,,,,
circles,circular,1.5,0.2,0,150,curvature_proxy_error,25,25,25,0.10000250863458202,0.10000250863483355,2.5153490401663703e-13,1.0000000000025153,0.10000250939747159,0.10000250939747159,0.0,0.10000250951454014,0.10000250951454014,0.0,0,0,25,,,,
circles,circular,1.5,0.2,0,150,facet_gap,25,25,25,3.855853878453865e-10,3.855853878453865e-10,0.0,1.0,1.4465432973476252e-09,1.4465432973476252e-09,0.0,1.7107206353279909e-09,1.7107206353279909e-09,0.0,0,0,25,,,,
circles,circular,1.5,0.2,0,150,hausdorff,25,25,25,3.700398657251279e-10,3.700398657251279e-10,0.0,1.0,1.1381426888817425e-09,1.1381426888817425e-09,0.0,1.444692044867849e-09,1.444692044867849e-09,0.0,0,0,25,0,0,0,0
circles,circular,1.5,0.2,0,150,tangent_error,25,25,25,0.00066041276725251,0.00066041276725251,0.0,1.0,0.0007060085191482441,0.0007060085191482441,0.0,0.0007316654951399242,0.0007316654951442913,4.367057930554363e-15,0,0,25,,,,
circles,circular,1.5,0.3,0,150,curvature_error,25,25,25,2.821304644597191e-09,2.821319788107498e-09,1.514351030722122e-14,1.0000053675558704,1.8475702323695094e-08,1.847570074019474e-08,-1.583500354562892e-15,2.832071959875416e-07,2.832071959875416e-07,0.0,0,0,25,,,,
circles,circular,1.5,0.3,0,150,curvature_proxy_error,25,25,25,0.10000250772220233,0.10000250772220234,1.3877787807814457e-17,1.0000000000000002,0.10000250950801978,0.10000250950801978,0.0,0.1000025095403332,0.1000025095403332,0.0,0,0,25,,,,
circles,circular,1.5,0.3,0,150,facet_gap,25,25,25,3.500785089523091e-10,3.500775813106407e-10,-9.27641668375886e-16,0.9999973501896156,1.6042791744025482e-09,1.604258036670087e-09,-2.1137732461240563e-14,3.3221574601532214e-08,3.3221574601532214e-08,0.0,0,0,25,,,,
circles,circular,1.5,0.3,0,150,hausdorff,25,25,25,3.274934963873879e-10,3.274944136864115e-10,9.172990236001414e-16,1.000002800968672,1.2190274372275479e-09,1.2190158847369274e-09,-1.1552490620517968e-14,2.036558322610467e-08,2.036558322610467e-08,0.0,0,0,25,0,0,0,0
circles,circular,1.5,0.3,0,150,tangent_error,25,25,25,0.0006686792314952478,0.0006686792314952478,0.0,1.0,0.000716657398607766,0.0007166573986179866,1.0220557039586353e-14,0.0007377637950687781,0.0007377637950687781,0.0,0,0,25,,,,
circles,linear,0.32,0,0,32,curvature_error,25,25,25,0.10000000000000003,0.10000000000000003,0.0,1.0,0.10000000000000005,0.10000000000000005,0.0,0.10000000000000005,0.10000000000000005,0.0,0,0,25,,,,
circles,linear,0.32,0,0,32,curvature_proxy_error,25,25,25,0.005018263320000618,0.005018263320000618,0.0,1.0,0.006120559467187225,0.006120559467187225,0.0,0.008601617280078896,0.008601617280078896,0.0,0,0,25,,,,
circles,linear,0.32,0,0,32,facet_gap,25,25,25,0.14905113803249875,0.14905113803249875,0.0,1.0,0.16464611685652453,0.16464611685652453,0.0,0.16514184934207637,0.16514184934207637,0.0,0,0,25,,,,
circles,linear,0.32,0,0,32,hausdorff,25,25,25,0.17455377257142077,0.17455377257142077,0.0,1.0,0.22188731528750127,0.22188731528750127,0.0,0.22580818304825476,0.22580818304825476,0.0,0,0,25,0,0,0,0
circles,linear,0.32,0,0,32,tangent_error,25,25,25,0.07457875088069135,0.07457875088069135,0.0,1.0,0.07955285892316652,0.07955285892316652,0.0,0.08026800231985773,0.08026800231985773,0.0,0,0,25,,,,
circles,linear,0.32,0.05,0,32,curvature_error,25,25,25,0.10000000000000003,0.10000000000000003,0.0,1.0,0.10000000000000005,0.10000000000000005,0.0,0.10000000000000005,0.10000000000000005,0.0,0,0,25,,,,
circles,linear,0.32,0.05,0,32,curvature_proxy_error,25,25,25,0.005728342933660979,0.005728342933660979,0.0,1.0,0.008744484893384726,0.008744484893384726,0.0,0.012188238453596609,0.012188238453596609,0.0,0,0,25,,,,
circles,linear,0.32,0.05,0,32,facet_gap,25,25,25,0.15517000684252585,0.15517000684252777,1.915134717478395e-15,1.0000000000000124,0.1717716075738206,0.1717716075738206,0.0,0.18348417108682974,0.18348417108682974,0.0,0,0,25,,,,
circles,linear,0.32,0.05,0,32,hausdorff,25,25,25,0.17564640417247457,0.17564640417247457,0.0,1.0,0.19785120506502094,0.19785120506502094,0.0,0.2044297676339868,0.2044297676339868,0.0,0,0,25,0,0,0,0
circles,linear,0.32,0.05,0,32,tangent_error,25,25,25,0.0759033587775641,0.0759033587775641,0.0,1.0,0.07965155344364794,0.07965155344364794,0.0,0.08082594704850662,0.08082594704850662,0.0,0,0,25,,,,
circles,linear,0.32,0.1,0,32,curvature_error,25,25,25,0.10000000000000003,0.10000000000000003,0.0,1.0,0.10000000000000005,0.10000000000000005,0.0,0.10000000000000005,0.10000000000000005,0.0,0,0,25,,,,
circles,linear,0.32,0.1,0,32,curvature_proxy_error,25,25,25,0.006926269646499353,0.006926269646499353,0.0,1.0,0.012179713766053379,0.012179713766053379,0.0,0.05994057154936899,0.05994057154936899,0.0,0,0,25,,,,
circles,linear,0.32,0.1,0,32,facet_gap,25,25,25,0.16272599272409655,0.16272599272409655,0.0,1.0,0.18548984376145528,0.18548984376145528,0.0,0.19660424370813462,0.19660424370813462,0.0,0,0,25,,,,
circles,linear,0.32,0.1,0,32,hausdorff,25,25,25,0.17928501719185871,0.17928501719185871,0.0,1.0,0.19770332670125038,0.19770332670125038,0.0,0.20535150036780925,0.20535150036780925,0.0,0,0,25,0,0,0,0
circles,linear,0.32,0.1,0,32,tangent_error,25,25,25,0.0773534189355004,0.0773534189355004,0.0,1.0,0.07957843048685928,0.07957843048685928,0.0,0.08003370762186976,0.08003370762186976,0.0,0,0,25,,,,
circles,linear,0.32,0.2,0,32,curvature_error,25,25,25,0.10000000000000003,0.10000000000000003,0.0,1.0,0.10000000000000005,0.10000000000000005,0.0,0.10000000000000005,0.10000000000000005,0.0,0,0,25,,,,
circles,linear,0.32,0.2,0,32,curvature_proxy_error,25,25,25,0.009741813491094181,0.009741813491094181,0.0,1.0,0.06994782606343956,0.06994782606343956,0.0,0.15416092441834373,0.15416092441834373,0.0,0,0,25,,,,
circles,linear,0.32,0.2,0,32,facet_gap,25,25,25,0.17716922796497517,0.17716922796497517,0.0,1.0,0.21471679837874322,0.21471679837874322,0.0,0.21909458715576038,0.21909458715576038,0.0,0,0,25,,,,
circles,linear,0.32,0.2,0,32,hausdorff,25,25,25,0.1728289682271937,0.1728289682271937,0.0,1.0,0.21875780535744876,0.21875780535744876,0.0,0.22534834517719957,0.22534834517719957,0.0,0,0,25,0,0,0,0
circles,linear,0.32,0.2,0,32,tangent_error,25,25,25,0.07959957112488435,0.07959957112488435,0.0,1.0,0.08248492169238303,0.08248492169238303,0.0,0.08267806994720708,0.08267806994720708,0.0,0,0,25,,,,
circles,linear,0.32,0.3,0,32,curvature_error,25,25,25,0.10000000000000003,0.10000000000000003,0.0,1.0,0.10000000000000005,0.10000000000000005,0.0,0.10000000000000005,0.10000000000000005,0.0,0,0,25,,,,
circles,linear,0.32,0.3,0,32,curvature_proxy_error,25,25,25,0.014640379583595306,0.014640379583595306,0.0,1.0,0.04582139305686783,0.04582139305686783,0.0,0.21731560133666447,0.21731560133666447,0.0,0,0,25,,,,
circles,linear,0.32,0.3,0,32,facet_gap,25,25,25,0.19063398857807057,0.19063398857807057,0.0,1.0,0.22553236247646824,0.22553236247646824,0.0,0.36249386496481617,0.36249386496481617,0.0,0,0,25,,,,
circles,linear,0.32,0.3,0,32,hausdorff,25,25,25,0.17573235958181715,0.17573235958181715,0.0,1.0,0.21998272087270201,0.21998272087270201,0.0,5.491785907514137,5.491785907514137,0.0,0,0,25,1,1,0,0
circles,linear,0.32,0.3,0,32,tangent_error,25,25,25,0.08368786800349497,0.08368786800349497,0.0,1.0,0.08694599741138578,0.08694599741138578,0.0,0.09381156128968794,0.09381156128968794,0.0,0,0,25,,,,
circles,linear,0.5,0,0,50,curvature_error,25,25,25,0.10000000000000005,0.10000000000000005,0.0,1.0,0.10000000000000005,0.10000000000000005,0.0,0.10000000000000005,0.10000000000000005,0.0,0,0,25,,,,
circles,linear,0.5,0,0,50,curvature_proxy_error,25,25,25,0.00526419869835805,0.00526419869835805,0.0,1.0,0.007953039911359207,0.007953039911359207,0.0,0.009621053505481827,0.009621053505481827,0.0,0,0,25,,,,
circles,linear,0.5,0,0,50,facet_gap,25,25,25,0.05931607167299304,0.05931607167299304,0.0,1.0,0.0662512824816274,0.0662512824816274,0.0,0.07865947213679887,0.07865947213679887,0.0,0,0,25,,,,
circles,linear,0.5,0,0,50,hausdorff,25,25,25,0.06744085611831849,0.06744085611831849,0.0,1.0,0.07242219031887341,0.07242219031887341,0.0,0.08160195823976782,0.08160195823976782,0.0,0,0,25,0,0,0,0
circles,linear,0.5,0,0,50,tangent_error,25,25,25,0.048972626277960694,0.048972626277960694,0.0,1.0,0.05144637047441396,0.05144637047441396,0.0,0.05438552867368419,0.05438552867368419,0.0,0,0,25,,,,
circles,linear,0.5,0.05,0,50,curvature_error,25,25,25,0.10000000000000005,0.10000000000000005,0.0,1.0,0.10000000000000005,0.10000000000000005,0.0,0.10000000000000005,0.10000000000000005,0.0,0,0,25,,,,
circles,linear,0.5,0.05,0,50,curvature_proxy_error,25,25,25,0.005276454445057949,0.005276454445057949,0.0,1.0,0.0071895835927993776,0.0071895835927993776,0.0,0.007615856851364636,0.007615856851364636,0.0,0,0,25,,,,
circles,linear,0.5,0.05,0,50,facet_gap,25,25,25,0.06073060121238426,0.06073060121238426,0.0,1.0,0.07037961056889885,0.07037961056889885,0.0,0.07266311768861473,0.07266311768861473,0.0,0,0,25,,,,
circles,linear,0.5,0.05,0,50,hausdorff,25,25,25,0.06714915604289465,0.06714915604289465,0.0,1.0,0.07127788357551208,0.07127788357551208,0.0,0.07674266463511484,0.07674266463511484,0.0,0,0,25,0,0,0,0
circles,linear,0.5,0.05,0,50,tangent_error,25,25,25,0.049321730157497995,0.049321730157497995,0.0,1.0,0.05232625051387836,0.05232625051387836,0.0,0.052636260987565305,0.052636260987565305,0.0,0,0,25,,,,
circles,linear,0.5,0.1,0,50,curvature_error,25,25,25,0.10000000000000005,0.10000000000000005,0.0,1.0,0.10000000000000005,0.10000000000000005,0.0,0.10000000000000005,0.10000000000000005,0.0,0,0,25,,,,
circles,linear,0.5,0.1,0,50,curvature_proxy_error,25,25,25,0.005365108980558017,0.005365108980558017,0.0,1.0,0.007071325977956513,0.007071325977956513,0.0,0.008156374772202268,0.008156374772202268,0.0,0,0,25,,,,
circles,linear,0.5,0.1,0,50,facet_gap,25,25,25,0.060672807388820485,0.060672807388820485,0.0,1.0,0.07205121910808109,0.07205121910808109,0.0,0.07479460964493981,0.07479460964493981,0.0,0,0,25,,,,
circles,linear,0.5,0.1,0,50,hausdorff,25,25,25,0.06660475675894903,0.06660475675894903,0.0,1.0,0.07132573805426876,0.07132573805426876,0.0,0.0728260663248401,0.0728260663248401,0.0,0,0,25,0,0,0,0
circles,linear,0.5,0.1,0,50,tangent_error,25,25,25,0.04994040272232232,0.04994040272232232,0.0,1.0,0.052658509723583685,0.052658509723583685,0.0,0.052865232986246624,0.052865232986246624,0.0,0,0,25,,,,
circles,linear,0.5,0.2,0,50,curvature_error,25,25,25,0.10000000000000005,0.10000000000000005,0.0,1.0,0.10000000000000005,0.10000000000000005,0.0,0.10000000000000005,0.10000000000000005,0.0,0,0,25,,,,
circles,linear,0.5,0.2,0,50,curvature_proxy_error,25,25,25,0.0066770808676666765,0.0066770808676666765,0.0,1.0,0.011358629698675337,0.011358629698675337,0.0,0.03911189851721435,0.03911189851721435,0.0,0,0,25,,,,
circles,linear,0.5,0.2,0,50,facet_gap,25,25,25,0.06490106233712555,0.06490106233712555,0.0,1.0,0.07133517801113282,0.07133517801113282,0.0,0.0724278693145875,0.0724278693145875,0.0,0,0,25,,,,
circles,linear,0.5,0.2,0,50,hausdorff,25,25,25,0.06801406199361026,0.06801406199361026,0.0,1.0,0.0724206504352383,0.0724206504352383,0.0,0.07460668814704922,0.07460668814704922,0.0,0,0,25,0,0,0,0
circles,linear,0.5,0.2,0,50,tangent_error,25,25,25,0.05005438880449572,0.05005438880435822,-1.3750112159982564e-13,0.999999999997253,0.05301236339857657,0.05301236339857657,0.0,0.054098219425056306,0.054098219425056306,0.0,0,0,25,,,,
circles,linear,0.5,0.3,0,50,curvature_error,25,25,25,0.10000000000000002,0.10000000000000002,0.0,1.0,0.10000000000000005,0.10000000000000005,0.0,0.10000000000000005,0.10000000000000005,0.0,0,0,25,,,,
circles,linear,0.5,0.3,0,50,curvature_proxy_error,25,25,25,0.007943141600988995,0.007943141600988995,0.0,1.0,0.05636293402954676,0.05636293402954676,0.0,0.33723693764691465,0.33723693764691465,0.0,0,0,25,,,,
circles,linear,0.5,0.3,0,50,facet_gap,25,25,25,0.06639959670901363,0.06639959670901363,0.0,1.0,0.07729588343582865,0.07729588343582865,0.0,0.07860001255647901,0.07860001255647901,0.0,0,0,25,,,,
circles,linear,0.5,0.3,0,50,hausdorff,25,25,25,0.06706977809623602,0.06706977809623602,0.0,1.0,0.07881978622590864,0.07881978622590864,0.0,0.0797587990444643,0.0797587990444643,0.0,0,0,25,0,0,0,0
circles,linear,0.5,0.3,0,50,tangent_error,25,25,25,0.05035237244512838,0.05035237244512838,0.0,1.0,0.05312406920248356,0.05312406920248356,0.0,0.053381511937483084,0.053381511937483084,0.0,0,0,25,,,,
circles,linear,0.64,0,0,64,curvature_error,25,25,25,0.09999999999999996,0.09999999999999996,0.0,1.0,0.09999999999999998,0.09999999999999998,0.0,0.09999999999999998,0.09999999999999998,0.0,0,0,25,,,,
circles,linear,0.64,0,0,64,curvature_proxy_error,25,25,25,0.005344875631050627,0.005344875631050627,0.0,1.0,0.006790701405802035,0.006790701405802035,0.0,0.007179466363271755,0.007179466363271755,0.0,0,0,25,,,,
circles,linear,0.64,0,0,64,facet_gap,25,25,25,0.03545560845094213,0.03545560845094213,0.0,1.0,0.04234497015668877,0.04234497015668877,0.0,0.04875729846295699,0.04875729846295699,0.0,0,0,25,,,,
circles,linear,0.64,0,0,64,hausdorff,25,25,25,0.04087515494387627,0.04087515494387627,0.0,1.0,0.054755127949918395,0.054755127949918395,0.0,0.05499708779109677,0.05499708779109677,0.0,0,0,25,0,0,0,0
circles,linear,0.64,0,0,64,tangent_error,25,25,25,0.03942134183310482,0.03942134183310482,0.0,1.0,0.04128174960579996,0.04128174960579996,0.0,0.0417981206033526,0.0417981206033526,0.0,0,0,25,,,,
circles,linear,0.64,0.05,0,64,curvature_error,25,25,25,0.09999999999999996,0.09999999999999996,0.0,1.0,0.09999999999999998,0.09999999999999998,0.0,0.09999999999999998,0.09999999999999998,0.0,0,0,25,,,,
circles,linear,0.64,0.05,0,64,curvature_proxy_error,25,25,25,0.00547993027381799,0.00547993027381799,0.0,1.0,0.006581634980833978,0.006581634980833978,0.0,0.0072581088027057344,0.0072581088027057344,0.0,0,0,25,,,,
circles,linear,0.64,0.05,0,64,facet_gap,25,25,25,0.03585178323248305,0.03585178323248305,0.0,1.0,0.041770385341628656,0.041770385341628656,0.0,0.043909446042919104,0.043909446042919104,0.0,0,0,25,,,,
circles,linear,0.64,0.05,0,64,hausdorff,25,25,25,0.03999172243522244,0.03999172243522244,0.0,1.0,0.04984488667393372,0.04984488667393372,0.0,0.05035768859963566,0.05035768859963566,0.0,0,0,25,0,0,0,0
circles,linear,0.64,0.05,0,64,tangent_error,25,25,25,0.039326471511343726,0.039326471511343726,0.0,1.0,0.04047591125822089,0.04047591125822089,0.0,0.040955866211182856,0.040955866211182856,0.0,0,0,25,,,,
circles,linear,0.64,0.1,0,64,curvature_error,25,25,25,0.09999999999999996,0.09999999999999996,0.0,1.0,0.09999999999999996,0.09999999999999996,0.0,0.09999999999999998,0.09999999999999998,0.0,0,0,25,,,,
circles,linear,0.64,0.1,0,64,curvature_proxy_error,25,25,25,0.005469087572795905,0.005469087572795905,0.0,1.0,0.008494973319217999,0.008494973319217999,0.0,0.009916869025359543,0.009916869025337893,-2.1649348980190553e-14,0,0,25,,,,
circles,linear,0.64,0.1,0,64,facet_gap,25,25,25,0.03644176410709662,0.03644176410709662,0.0,1.0,0.045055648727730165,0.045055648727730165,0.0,0.045511097855915054,0.045511097855915054,0.0,0,0,25,,,,
circles,linear,0.64,0.1,0,64,hausdorff,25,25,25,0.039346620595783595,0.039346620595783595,0.0,1.0,0.04990329090166555,0.04990329090166555,0.0,0.050088761127749896,0.050088761127749896,0.0,0,0,25,0,0,0,0
circles,linear,0.64,0.1,0,64,tangent_error,25,25,25,0.03900395657905788,0.03900395657905788,0.0,1.0,0.04064288655262498,0.04064288655262498,0.0,0.04116262797976136,0.04116262797976136,0.0,0,0,25,,,,
circles,linear,0.64,0.2,0,64,curvature_error,25,25,25,0.09999999999999995,0.09999999999999995,0.0,1.0,0.09999999999999996,0.09999999999999996,0.0,0.09999999999999996,0.09999999999999996,0.0,0,0,25,,,,
circles,linear,0.64,0.2,0,64,curvature_proxy_error,25,25,25,0.006462593038039685,0.006462593038039685,0.0,1.0,0.012645570471406499,0.012645570471406499,0.0,0.014770915817522129,0.014770915817522129,0.0,0,0,25,,,,
circles,linear,0.64,0.2,0,64,facet_gap,25,25,25,0.0411529461338624,0.0411529461338624,0.0,1.0,0.04735983608610838,0.04735983608610838,0.0,0.04819869872151134,0.04819869872151134,0.0,0,0,25,,,,
circles,linear,0.64,0.2,0,64,hausdorff,25,25,25,0.04338825365801423,0.04338825365801423,0.0,1.0,0.0516570065973953,0.0516570065973953,0.0,0.054900391109293616,0.054900391109293616,0.0,0,0,25,0,0,0,0
circles,linear,0.64,0.2,0,64,tangent_error,25,25,25,0.039699066047411954,0.039699066047411954,0.0,1.0,0.040578715176142234,0.040578715176142234,0.0,0.041388880365888586,0.041388880365888586,0.0,0,0,25,,,,
circles,linear,0.64,0.3,0,64,curvature_error,25,25,25,0.09999999999999995,0.09999999999999995,0.0,1.0,0.09999999999999996,0.09999999999999996,0.0,0.09999999999999996,0.09999999999999996,0.0,0,0,25,,,,
circles,linear,0.64,0.3,0,64,curvature_proxy_error,25,25,25,0.010402646792244535,0.010402646792244535,0.0,1.0,0.026663226354707394,0.026663226354707394,0.0,0.04038762154331438,0.04038762154331438,0.0,0,0,25,,,,
circles,linear,0.64,0.3,0,64,facet_gap,25,25,25,0.04357888768303155,0.04357888768303155,0.0,1.0,0.05436837579611409,0.05436837579611409,0.0,0.06051315933003791,0.06051315933003791,0.0,0,0,25,,,,
circles,linear,0.64,0.3,0,64,hausdorff,25,25,25,0.04355050956040984,0.04355050956040984,0.0,1.0,0.056168462130869186,0.056168462130869186,0.0,0.05889993766134667,0.05889993766134667,0.0,0,0,25,0,0,0,0
circles,linear,0.64,0.3,0,64,tangent_error,25,25,25,0.03998313700837938,0.03998313700837938,0.0,1.0,0.041661264420213916,0.041661264420213916,0.0,0.04224523523269418,0.04224523523269418,0.0,0,0,25,,,,
circles,linear,1,0,0,100,curvature_error,25,25,25,0.09999999999999984,0.09999999999999984,0.0,1.0,0.09999999999999984,0.09999999999999984,0.0,0.09999999999999984,0.09999999999999984,0.0,0,0,25,,,,
circles,linear,1,0,0,100,curvature_proxy_error,25,25,25,0.0055769496599944735,0.0055769496599944735,0.0,1.0,0.007183552182253195,0.007183552182253195,0.0,0.007682755374012529,0.007682755374012529,0.0,0,0,25,,,,
circles,linear,1,0,0,100,facet_gap,25,25,25,0.0160928036227794,0.0160928036227794,0.0,1.0,0.018353819937262282,0.018353819937262282,0.0,0.019412414461305916,0.019412414461305916,0.0,0,0,25,,,,
circles,linear,1,0,0,100,hausdorff,25,25,25,0.017774644263996466,0.017774644263996466,0.0,1.0,0.020571555823066513,0.020571555823066513,0.0,0.025589273454153023,0.025589273454153023,0.0,0,0,25,0,0,0,0
circles,linear,1,0,0,100,tangent_error,25,25,25,0.02541803051628605,0.02541803051628605,0.0,1.0,0.026343290384230535,0.026343290384230535,0.0,0.026383028186341348,0.026383028186341348,0.0,0,0,25,,,,
circles,linear,1,0.05,0,100,curvature_error,25,25,25,0.09999999999999984,0.09999999999999984,0.0,1.0,0.09999999999999984,0.09999999999999984,0.0,0.09999999999999984,0.09999999999999984,0.0,0,0,25,,,,
circles,linear,1,0.05,0,100,curvature_proxy_error,25,25,25,0.005864189397242203,0.005864189397242203,0.0,1.0,0.007228900336591779,0.007228900336591779,0.0,0.008167296274172509,0.008167296274172509,0.0,0,0,25,,,,
circles,linear,1,0.05,0,100,facet_gap,25,25,25,0.016368463447948633,0.016368463447948633,0.0,1.0,0.020435317473218584,0.020435317473218584,0.0,0.023323088182305822,0.023323088182305822,0.0,0,0,25,,,,
circles,linear,1,0.05,0,100,hausdorff,25,25,25,0.01810326830891517,0.01810326830891517,0.0,1.0,0.02384089918619458,0.02384089918619458,0.0,8.659489188274875,8.659489188274875,0.0,0,0,25,1,1,0,0
circles,linear,1,0.05,0,100,tangent_error,25,25,25,0.02533992287040209,0.02533992287040209,0.0,1.0,0.02638520266779904,0.02638520266779904,0.0,0.02646410052055665,0.02646410052055665,0.0,0,0,25,,,,
circles,linear,1,0.1,0,100,curvature_error,25,25,25,0.09999999999999984,0.09999999999999984,0.0,1.0,0.09999999999999984,0.09999999999999984,0.0,0.09999999999999984,0.09999999999999984,0.0,0,0,25,,,,
circles,linear,1,0.1,0,100,curvature_proxy_error,25,25,25,0.006039668945230614,0.006039668945230614,0.0,1.0,0.00926497684569494,0.00926497684569494,0.0,0.017180580102794996,0.017180580102794996,0.0,0,0,25,,,,
circles,linear,1,0.1,0,100,facet_gap,25,25,25,0.016299012907408643,0.016299012907408643,0.0,1.0,0.018454927623753257,0.018454927623753257,0.0,0.020142743197604316,0.020142743197604316,0.0,0,0,25,,,,
circles,linear,1,0.1,0,100,hausdorff,25,25,25,0.01822323141136091,0.01822323141136091,0.0,1.0,0.021078347108561674,0.021078347108561674,0.0,0.02115838569714247,0.02115838569714247,0.0,0,0,25,0,0,0,0
circles,linear,1,0.1,0,100,tangent_error,25,25,25,0.025357049112356908,0.025357049112356908,0.0,1.0,0.026352481600143352,0.026352481600143352,0.0,0.026731821314730835,0.026731821314730835,0.0,0,0,25,,,,
circles,linear,1,0.2,0,100,curvature_error,25,25,25,0.09999999999999984,0.09999999999999984,0.0,1.0,0.09999999999999984,0.09999999999999984,0.0,0.09999999999999984,0.09999999999999984,0.0,0,0,25,,,,
circles,linear,1,0.2,0,100,curvature_proxy_error,25,25,25,0.0073288390270867115,0.0073288390270867115,0.0,1.0,0.015183801119718229,0.015183801119718229,0.0,0.03361691265280066,0.03361691265280066,0.0,0,0,25,,,,
circles,linear,1,0.2,0,100,facet_gap,25,25,25,0.01676275465489427,0.01676275465489427,0.0,1.0,0.02023174595059539,0.02023174595059539,0.0,0.02057360931211256,0.02057360931211256,0.0,0,0,25,,,,
circles,linear,1,0.2,0,100,hausdorff,25,25,25,0.018898264556595525,0.018898264556595525,0.0,1.0,0.02435491473980403,0.02435491473980403,0.0,3.551581881627172,3.551581881627172,0.0,0,0,25,1,1,0,0
circles,linear,1,0.2,0,100,tangent_error,25,25,25,0.025707958327604006,0.025707958327604006,0.0,1.0,0.026841255829238544,0.026841255829238544,0.0,0.027017098500772677,0.027017098500772677,0.0,0,0,25,,,,
circles,linear,1,0.3,0,100,curvature_error,25,25,25,0.09999999999999984,0.09999999999999984,0.0,1.0,0.09999999999999984,0.09999999999999984,0.0,0.09999999999999984,0.09999999999999984,0.0,0,0,25,,,,
circles,linear,1,0.3,0,100,curvature_proxy_error,25,25,25,0.010050913548318524,0.010050913548318524,0.0,1.0,0.040855052789413565,0.040855052789413565,0.0,0.049647954524305954,0.049647954524305954,0.0,0,0,25,,,,
circles,linear,1,0.3,0,100,facet_gap,25,25,25,0.017786703453880722,0.017786703453880722,0.0,1.0,0.022747607480436742,0.022747607480436742,0.0,0.025935049362830427,0.025935049362830427,0.0,0,0,25,,,,
circles,linear,1,0.3,0,100,hausdorff,25,25,25,0.019398607843129734,0.019398607843129734,0.0,1.0,0.026761592771700454,0.026761592771700454,0.0,3.2002416235464333,3.2002416235464333,0.0,0,0,25,1,1,0,0
circles,linear,1,0.3,0,100,tangent_error,25,25,25,0.026013901470062654,0.026013901470062654,0.0,1.0,0.02726846724821782,0.02726846724821782,0.0,0.027362630311778713,0.027362630311778713,0.0,0,0,25,,,,
circles,linear,1.28,0,0,128,curvature_error,25,25,25,0.0999999999999998,0.0999999999999998,0.0,1.0,0.09999999999999981,0.09999999999999981,0.0,0.09999999999999981,0.09999999999999981,0.0,0,0,25,,,,
circles,linear,1.28,0,0,128,curvature_proxy_error,25,25,25,0.005564865177682274,0.005564865177682274,0.0,1.0,0.006439054531314563,0.006439054531314563,0.0,0.007076245946311871,0.007076245946311871,0.0,0,0,25,,,,
circles,linear,1.28,0,0,128,facet_gap,25,25,25,0.009099938666617522,0.009099938666617522,0.0,1.0,0.01140205157474371,0.01140205157474371,0.0,0.01171017329232927,0.01171017329232927,0.0,0,0,25,,,,
circles,linear,1.28,0,0,128,hausdorff,25,25,25,0.010258645528534793,0.010258645528534793,0.0,1.0,0.013930840618182616,0.013930840618182616,0.0,0.014061073057317203,0.014061073057317203,0.0,0,0,25,0,0,0,0
circles,linear,1.28,0,0,128,tangent_error,25,25,25,0.019842360053665554,0.019842360053665554,0.0,1.0,0.020740003552856268,0.020740003552856268,0.0,0.02080876540618122,0.02080876540618122,0.0,0,0,25,,,,
circles,linear,1.28,0.05,0,128,curvature_error,25,25,25,0.0999999999999998,0.0999999999999998,0.0,1.0,0.09999999999999981,0.09999999999999981,0.0,0.09999999999999981,0.09999999999999981,0.0,0,0,25,,,,
circles,linear,1.28,0.05,0,128,curvature_proxy_error,25,25,25,0.0058406927844619205,0.0058406927844619205,0.0,1.0,0.006936814001253263,0.006936814001253263,0.0,0.007160351382204472,0.007160351382204472,0.0,0,0,25,,,,
circles,linear,1.28,0.05,0,128,facet_gap,25,25,25,0.009292987066118013,0.009292987066118013,0.0,1.0,0.011689628822386255,0.011689628822386255,0.0,0.014903629012017024,0.014903629012017024,0.0,0,0,25,,,,
circles,linear,1.28,0.05,0,128,hausdorff,25,25,25,0.010696483903099775,0.010696483903099775,0.0,1.0,0.012528461230150384,0.012528461230150384,0.0,0.017033034219135844,0.017033034219135844,0.0,0,0,25,0,0,0,0
circles,linear,1.28,0.05,0,128,tangent_error,25,25,25,0.019943823983091594,0.019943823983091594,0.0,1.0,0.021051428170231992,0.021051428170231992,0.0,0.0211937005382662,0.0211937005382662,0.0,0,0,25,,,,
circles,linear,1.28,0.1,0,128,curvature_error,25,25,25,0.0999999999999998,0.0999999999999998,0.0,1.0,0.09999999999999981,0.09999999999999981,0.0,0.09999999999999981,0.09999999999999981,0.0,0,0,25,,,,
circles,linear,1.28,0.1,0,128,curvature_proxy_error,25,25,25,0.005935807450215436,0.005935807450215436,0.0,1.0,0.00749749269549393,0.00749749269549393,0.0,0.007888070011521378,0.007888070011521378,0.0,0,0,25,,,,
circles,linear,1.28,0.1,0,128,facet_gap,25,25,25,0.009481042255107812,0.009481042255107812,0.0,1.0,0.01256554337865645,0.01256554337865645,0.0,0.020466956433794564,0.020466956433794564,0.0,0,0,25,,,,
circles,linear,1.28,0.1,0,128,hausdorff,25,25,25,0.010569478096353054,0.010569478096353054,0.0,1.0,0.013334810603010323,0.013334810603010323,0.0,4.354642908467915,4.354642908467915,0.0,0,0,25,1,1,0,0
circles,linear,1.28,0.1,0,128,tangent_error,25,25,25,0.01994897428052242,0.01994897428052242,0.0,1.0,0.02080798748059944,0.02080798748059944,0.0,0.02110902921410207,0.02110902921410207,0.0,0,0,25,,,,
circles,linear,1.28,0.2,0,128,curvature_error,25,25,25,0.0999999999999998,0.0999999999999998,0.0,1.0,0.0999999999999998,0.0999999999999998,0.0,0.09999999999999981,0.09999999999999981,0.0,0,0,25,,,,
circles,linear,1.28,0.2,0,128,curvature_proxy_error,25,25,25,0.0076340481907605645,0.0076340481907605645,0.0,1.0,0.009555261992437945,0.009555261992437945,0.0,0.013980855959893429,0.013980855959893429,0.0,0,0,25,,,,
circles,linear,1.28,0.2,0,128,facet_gap,25,25,25,0.010288122168852307,0.010288122168852307,0.0,1.0,0.01223377623762715,0.01223377623762715,0.0,0.022330756967821653,0.022330756967821653,0.0,0,0,25,,,,
circles,linear,1.28,0.2,0,128,hausdorff,25,25,25,0.010892851139226827,0.010892851139226827,0.0,1.0,0.01236082418161149,0.01236082418161149,0.0,0.055200564623320646,0.055200564623320646,0.0,0,0,25,0,0,0,0
circles,linear,1.28,0.2,0,128,tangent_error,25,25,25,0.020089239445347958,0.020089239445347958,0.0,1.0,0.02077631253645654,0.02077631253645654,0.0,0.021416484563258738,0.021416484563258738,0.0,0,0,25,,,,
circles,linear,1.28,0.3,0,128,curvature_error,25,25,25,0.0999999999999998,0.0999999999999998,0.0,1.0,0.0999999999999998,0.0999999999999998,0.0,0.09999999999999981,0.09999999999999981,0.0,0,0,25,,,,
circles,linear,1.28,0.3,0,128,curvature_proxy_error,25,25,25,0.010931889170864129,0.010931889170864129,0.0,1.0,0.115725968256931,0.115725968256931,0.0,0.26186669597477497,0.26186669597477497,0.0,0,0,25,,,,
circles,linear,1.28,0.3,0,128,facet_gap,25,25,25,0.010253807179174006,0.010253807179174006,0.0,1.0,0.011824460582997054,0.011824460582997054,0.0,0.012004030108329502,0.012004030108329502,0.0,0,0,25,,,,
circles,linear,1.28,0.3,0,128,hausdorff,25,25,25,0.010595904814437404,0.010595904814437404,0.0,1.0,0.012390567346690147,0.012390567346690147,0.0,0.013295304822591997,0.013295304822591997,0.0,0,0,25,0,0,0,0
circles,linear,1.28,0.3,0,128,tangent_error,25,25,25,0.02065487580636524,0.02065487580636524,0.0,1.0,0.0216816927212583,0.0216816927212583,0.0,0.021953255579148886,0.021953255579148886,0.0,0,0,25,,,,
circles,linear,1.5,0,0,150,curvature_error,25,25,25,0.09999999999999978,0.09999999999999978,0.0,1.0,0.09999999999999978,0.09999999999999978,0.0,0.09999999999999978,0.09999999999999978,0.0,0,0,25,,,,
circles,linear,1.5,0,0,150,curvature_proxy_error,25,25,25,0.005891073998409532,0.005891073998409532,0.0,1.0,0.006349996743197742,0.006349996743197742,0.0,0.006515096418847455,0.006515096418847455,0.0,0,0,25,,,,
circles,linear,1.5,0,0,150,facet_gap,25,25,25,0.006929791643064228,0.006929791643064228,0.0,1.0,0.007652336369913594,0.007652336369913594,0.0,0.0082970681621657,0.0082970681621657,0.0,0,0,25,,,,
circles,linear,1.5,0,0,150,hausdorff,25,25,25,0.00798226450893675,0.00798226450893675,0.0,1.0,0.00854630212120975,0.00854630212120975,0.0,0.008657994445832951,0.008657994445832951,0.0,0,0,25,0,0,0,0
circles,linear,1.5,0,0,150,tangent_error,25,25,25,0.016939499522553213,0.016939499522553213,0.0,1.0,0.017961286829043785,0.017961286829043785,0.0,0.018032389192337253,0.018032389192337253,0.0,0,0,25,,,,
circles,linear,1.5,0.05,0,150,curvature_error,25,25,25,0.09999999999999978,0.09999999999999978,0.0,1.0,0.09999999999999978,0.09999999999999978,0.0,0.09999999999999978,0.09999999999999978,0.0,0,0,25,,,,
circles,linear,1.5,0.05,0,150,curvature_proxy_error,25,25,25,0.005932296434020171,0.005932296434020171,0.0,1.0,0.006400693333611384,0.006400693333611384,0.0,0.00648061969440368,0.00648061969440368,0.0,0,0,25,,,,
circles,linear,1.5,0.05,0,150,facet_gap,25,25,25,0.00702226961133453,0.00702226961133453,0.0,1.0,0.008042750538412713,0.008042750538412713,0.0,0.008197265000098522,0.008197265000098522,0.0,0,0,25,,,,
circles,linear,1.5,0.05,0,150,hausdorff,25,25,25,0.00792824398143604,0.00792824398143604,0.0,1.0,0.009016110542393815,0.009016110542393815,0.0,0.009526924448692787,0.009526924448692787,0.0,0,0,25,0,0,0,0
circles,linear,1.5,0.05,0,150,tangent_error,25,25,25,0.016773929772898717,0.016773929772898717,0.0,1.0,0.017755306385520368,0.017755306385520368,0.0,0.017854651697904206,0.017854651697904206,0.0,0,0,25,,,,
circles,linear,1.5,0.1,0,150,curvature_error,25,25,25,0.09999999999999978,0.09999999999999978,0.0,1.0,0.09999999999999978,0.09999999999999978,0.0,0.09999999999999978,0.09999999999999978,0.0,0,0,25,,,,
circles,linear,1.5,0.1,0,150,curvature_proxy_error,25,25,25,0.006149687122272929,0.006149687122272929,0.0,1.0,0.006941338695632062,0.006941338695632062,0.0,0.05959389195734571,0.05959389195734571,0.0,0,0,25,,,,
circles,linear,1.5,0.1,0,150,facet_gap,25,25,25,0.007199879081446794,0.007199879081446794,0.0,1.0,0.008820715937246149,0.008820715937246149,0.0,0.010448582527490938,0.010448582527490938,0.0,0,0,25,,,,
circles,linear,1.5,0.1,0,150,hausdorff,25,25,25,0.008013045470123135,0.008013045470123135,0.0,1.0,2.8996406812115794,2.8996406812115794,0.0,4.866252402898417,4.866252402898417,0.0,0,0,25,2,2,0,0
circles,linear,1.5,0.1,0,150,tangent_error,25,25,25,0.016930149117073773,0.016930149117073773,0.0,1.0,0.017489110962017523,0.017489110962017523,0.0,0.018357150739057422,0.018357150739057422,0.0,0,0,25,,,,
circles,linear,1.5,0.2,0,150,curvature_error,25,25,25,0.09999999999999977,0.09999999999999977,0.0,1.0,0.09999999999999978,0.09999999999999978,0.0,0.09999999999999978,0.09999999999999978,0.0,0,0,25,,,,
circles,linear,1.5,0.2,0,150,curvature_proxy_error,25,25,25,0.00844666651513426,0.00844666651513426,0.0,1.0,0.02269322166797,0.02269322166797,0.0,0.03139367060006322,0.03139367060006322,0.0,0,0,25,,,,
circles,linear,1.5,0.2,0,150,facet_gap,25,25,25,0.0075548271569638005,0.0075548271569638005,0.0,1.0,0.00845826639679189,0.00845826639679189,0.0,0.008881177602921111,0.008881177602921111,0.0,0,0,25,,,,
circles,linear,1.5,0.2,0,150,hausdorff,25,25,25,0.008028412610644093,0.008028412610644093,0.0,1.0,0.00895187074554359,0.00895187074554359,0.0,0.009426830571036703,0.009426830571036703,0.0,0,0,25,0,0,0,0
circles,linear,1.5,0.2,0,150,tangent_error,25,25,25,0.017066709993744537,0.017066709993744537,0.0,1.0,0.017770038122967374,0.017770038122967374,0.0,0.01865983139895285,0.01865983139895285,0.0,0,0,25,,,,
circles,linear,1.5,0.3,0,150,curvature_error,25,25,25,0.09999999999999977,0.09999999999999977,0.0,1.0,0.09999999999999978,0.09999999999999978,0.0,0.09999999999999978,0.09999999999999978,0.0,0,0,25,,,,
circles,linear,1.5,0.3,0,150,curvature_proxy_error,25,25,25,0.00944836013209284,0.00944836013209284,0.0,1.0,0.03552678278215811,0.03552678278215811,0.0,0.06035214281146334,0.06035214281146334,0.0,0,0,25,,,,
circles,linear,1.5,0.3,0,150,facet_gap,25,25,25,0.00785567066967162,0.00785567066967162,0.0,1.0,0.00953790405148167,0.00953790405148167,0.0,0.010581134937643661,0.010581134937643661,0.0,0,0,25,,,,
circles,linear,1.5,0.3,0,150,hausdorff,25,25,25,0.0074875358154397895,0.0074875358154397895,0.0,1.0,0.009517955180344349,0.009517955180344349,0.0,0.00990636157302101,0.00990636157302101,0.0,0,0,25,0,0,0,0
circles,linear,1.5,0.3,0,150,tangent_error,25,25,25,0.017405748874707853,0.017405748874707853,0.0,1.0,0.01831124702046479,0.01831124702046479,0.0,0.018635769257766617,0.018635769257766617,0.0,0,0,25,,,,
ellipses,circular,0.32,0,0,32,curvature_error,25,25,25,0.038218186862873274,0.038218186862873274,0.0,1.0,0.07386213671801461,0.0738621367180147,8.326672684688674e-17,0.07445308718327596,0.07445308718327596,0.0,0,0,25,,,,
ellipses,circular,0.32,0,0,32,curvature_proxy_error,25,25,25,0.04173279914884865,0.041732799148840025,-8.625045122556685e-15,0.9999999999997933,0.04429455572290933,0.04429455572290936,2.7755575615628914e-17,0.04448662437210593,0.04448662437210594,6.938893903907228e-18,0,0,25,,,,
ellipses,circular,0.32,0,0,32,facet_gap,25,25,25,0.010947447054734003,0.010947447054734003,0.0,1.0,0.021547777162262874,0.021547777162262922,4.85722573273506e-17,0.022839128613452355,0.022839128613452355,0.0,0,0,25,,,,
ellipses,circular,0.32,0,0,32,hausdorff,25,25,25,0.01213821126421498,0.01213821126421498,0.0,1.0,0.019090185308792165,0.019090185308792192,2.7755575615628914e-17,0.0194422763577874,0.019442276357787336,-6.245004513516506e-17,0,0,25,0,0,0,0
ellipses,circular,0.32,0,0,32,tangent_error,25,25,25,0.00575800547033453,0.005758005470334513,-1.734723475976807e-17,0.999999999999997,0.014337375196302632,0.014337375196302647,1.5612511283791264e-17,0.015788714561047093,0.01578871456104712,2.7755575615628914e-17,0,0,25,,,,
ellipses,circular,0.32,0.05,0,32,curvature_error,25,25,25,0.03824495023723521,0.03824495023723523,2.0816681711721685e-17,1.0000000000000004,0.07375345608038651,0.07375345608038705,5.412337245047638e-16,0.07446307623092116,0.07446307623092432,3.164135620181696e-15,0,0,25,,,,
ellipses,circular,0.32,0.05,0,32,curvature_proxy_error,25,25,25,0.04172066270884808,0.04172066270884807,-1.3877787807814457e-17,0.9999999999999997,0.0440104073651285,0.044010407365126014,-2.4841240175987878e-15,0.04433841337266465,0.044338413372666814,2.1649348980190553e-15,0,0,25,,,,
ellipses,circular,0.32,0.05,0,32,facet_gap,25,25,25,0.010868081446361281,0.010868081446361281,0.0,1.0,0.02144691467065261,0.021446914670644735,-7.875644580934704e-15,0.02257643214666331,0.022576432146654675,-8.635453463412546e-15,0,0,25,,,,
ellipses,circular,0.32,0.05,0,32,hausdorff,25,25,25,0.012176639308053695,0.012176639308053695,0.0,1.0,0.019203348956946684,0.019203348956937958,-8.72565908416334e-15,0.019483082666837907,0.0194830826668355,-2.4077961846558082e-15,0,0,25,0,0,0,0
ellipses,circular,0.32,0.05,0,32,tangent_error,25,25,25,0.005729080182466557,0.005729080182466614,5.724587470723463e-17,1.00000000000001,0.014636746616855434,0.014636746616850452,-4.98212582300539e-15,0.016295042014002562,0.01629504201400452,1.9567680809018384e-15,0,0,25,,,,
ellipses,circular,0.32,0.1,0,32,curvature_error,25,25,25,0.03819281344598367,0.03819281344598367,0.0,1.0,0.07366854266090483,0.07366854266090483,0.0,0.0744935760333859,0.07449357603338583,-6.938893903907228e-17,0,0,25,,,,
ellipses,circular,0.32,0.1,0,32,curvature_proxy_error,25,25,25,0.041662336718254304,0.041662336718254304,0.0,1.0,0.04376430636447606,0.04376430636447606,0.0,0.044027639125187944,0.04402763912518791,-3.469446951953614e-17,0,0,25,,,,
ellipses,circular,0.32,0.1,0,32,facet_gap,25,25,25,0.010974084573960643,0.010974084573960643,0.0,1.0,0.02223772701461657,0.022237727014616057,-5.134781488891349e-16,0.035268059114788294,0.035268059114788294,0.0,0,0,25,,,,
ellipses,circular,0.32,0.1,0,32,hausdorff,25,25,25,0.012750755542929584,0.012750755542929584,0.0,1.0,0.01937061392669132,0.019370613926691864,5.447031714567174e-16,0.036354387054803546,0.03635438705480361,6.245004513516506e-17,0,0,25,0,0,0,0
ellipses,circular,0.32,0.1,0,32,tangent_error,25,25,25,0.0059048307152407605,0.00590483071525611,1.5349700677180778e-14,1.0000000000025995,0.01488451388559471,0.01488451388559471,0.0,0.015911431140100053,0.01591143114010015,9.71445146547012e-17,0,0,25,,,,
ellipses,circular,0.32,0.2,0,32,curvature_error,25,25,25,0.03798480262968594,0.03798480262968594,0.0,1.0,0.07345166834285576,0.07345166834285576,0.0,0.07448781728154609,0.07448781728154609,0.0,0,0,25,,,,
ellipses,circular,0.32,0.2,0,32,curvature_proxy_error,25,25,25,0.0414268027077044,0.04142680270770454,1.3877787807814457e-16,1.0000000000000033,0.04355799060703969,0.04355799060703969,0.0,0.043789692345639585,0.043789692345639585,0.0,0,0,25,,,,
ellipses,circular,0.32,0.2,0,32,facet_gap,25,25,25,0.010071064358352384,0.010071064358352262,-1.214306433183765e-16,0.9999999999999879,0.021605838475782763,0.021605838475782804,4.163336342344337e-17,0.022857699470912603,0.022857699470912603,0.0,0,0,25,,,,
ellipses,circular,0.32,0.2,0,32,hausdorff,25,25,25,0.011960978585594337,0.011960978585593751,-5.863365348801608e-16,0.9999999999999509,0.01975673257230348,0.01975673257230336,-1.214306433183765e-16,9.589689473365734,9.589689473365734,0.0,0,0,25,1,1,0,0
ellipses,circular,0.32,0.2,0,32,tangent_error,25,25,25,0.005263045131606484,0.005263045131606484,0.0,1.0,0.014718712761615134,0.014718712761615125,-8.673617379884035e-18,0.01609630754937045,0.01609630754937045,0.0,0,0,25,,,,
ellipses,circular,0.32,0.3,0,32,curvature_error,25,25,25,0.03778736502833082,0.037787365028330834,1.3877787807814457e-17,1.0000000000000004,0.0767309166415098,0.0767309166415098,0.0,0.0778585145212095,0.07785851452120966,1.6653345369377348e-16,0,0,25,,,,
ellipses,circular,0.32,0.3,0,32,curvature_proxy_error,25,25,25,0.04140617415598666,0.04140617415598669,3.469446951953614e-17,1.0000000000000009,0.04294390044847225,0.04294390044847223,-2.0816681711721685e-17,0.05767017257964838,0.05767017257964839,1.3877787807814457e-17,0,0,25,,,,
ellipses,circular,0.32,0.3,0,32,facet_gap,25,25,25,0.009382732280554654,0.00938273228055479,1.3704315460216776e-16,1.0000000000000147,0.036971416348094685,0.036971416348092846,-1.8388068845354155e-15,0.12386838772852929,0.12386838772852911,-1.8041124150158794e-16,0,0,25,,,,
ellipses,circular,0.32,0.3,0,32,hausdorff,25,25,25,0.01171969319335216,0.011719693193326929,-2.523155295808266e-14,0.999999999997847,0.0805920382215468,0.08059203822154515,-1.6514567491299204e-15,1.2607634719167164,1.2607634719167164,0.0,0,0,25,1,1,0,0
ellipses,circular,0.32,0.3,0,32,tangent_error,25,25,25,0.005513837284915382,0.005513837284915691,3.0878077872387166e-16,1.000000000000056,0.013552693078742054,0.013552693078742104,5.0306980803327406e-17,0.014600350754745492,0.014600350754745492,0.0,0,0,25,,,,
ellipses,circular,0.5,0,0,50,curvature_error,25,25,25,0.0389177777458766,0.03891777774588129,4.690692279041286e-15,1.0000000000001206,0.07336899311658716,0.07336899311659034,3.1780134079895106e-15,0.07547162947493007,0.07547162947493007,0.0,0,0,25,,,,
ellipses,circular,0.5,0,0,50,curvature_proxy_error,25,25,25,0.04270499105546632,0.04270499105546631,-6.938893903907228e-18,0.9999999999999999,0.045041149645623293,0.04504114964560777,-1.552230566304047e-14,0.045566954488700365,0.04556695448870037,6.938893903907228e-18,0,0,25,,,,
ellipses,circular,0.5,0,0,50,facet_gap,25,25,25,0.0027845623256358585,0.0027845623256358585,0.0,1.0,0.006063086541815432,0.00606308654178221,-3.322168928843183e-14,0.006784707263758309,0.006784707263758471,1.6219664500383146e-16,0,0,25,,,,
ellipses,circular,0.5,0,0,50,hausdorff,25,25,25,0.005757466724324583,0.005757466724324461,-1.222980050563649e-16,0.9999999999999788,0.0071874614507638655,0.007187461450751361,-1.2504754176578814e-14,0.007257395771725777,0.007257395771725938,1.6132928326584306e-16,0,0,25,0,0,0,0
ellipses,circular,0.5,0,0,50,tangent_error,25,25,25,0.0025463614822077082,0.0025463614822077082,0.0,1.0,0.0056037723139116475,0.005603772313900585,-1.1062331606304099e-14,0.006718720153318812,0.0067187201533188586,4.683753385137379e-17,0,0,25,,,,
ellipses,circular,0.5,0.05,0,50,curvature_error,25,25,25,0.03901776370969721,0.03901776370969349,-3.7192471324942744e-15,0.9999999999999046,0.07353311705355048,0.07353311705354948,-9.992007221626409e-16,0.07567795511012217,0.07567795511012217,0.0,0,0,25,,,,
ellipses,circular,0.5,0.05,0,50,curvature_proxy_error,25,25,25,0.04263446002720057,0.042634460027200574,6.938893903907228e-18,1.0000000000000002,0.04475702365937214,0.044757023659372154,1.3877787807814457e-17,0.04501288168696186,0.04501288168696177,-9.020562075079397e-17,0,0,25,,,,
ellipses,circular,0.5,0.05,0,50,facet_gap,25,25,25,0.0027549298179676057,0.0027549298179676057,0.0,1.0,0.005814002437412141,0.005814002437411951,-1.8995222061946038e-16,0.007016221870510105,0.0070162218705100265,-7.892991815694472e-17,0,0,25,,,,
ellipses,circular,0.5,0.05,0,50,hausdorff,25,25,25,0.00573224405924803,0.005732244059247159,-8.708311849403572e-16,0.9999999999998481,0.007020353060659684,0.0070203530606594376,-2.463307335887066e-16,0.007996056948159518,0.00799605694815944,-7.806255641895632e-17,0,0,25,0,0,0,0
ellipses,circular,0.5,0.05,0,50,tangent_error,25,25,25,0.002630080765324774,0.002630080765324808,3.382710778154774e-17,1.0000000000000129,0.005511573719247509,0.005511573719245706,-1.803245053277891e-15,0.006412275785219554,0.006412275785219578,2.42861286636753e-17,0,0,25,,,,
ellipses,circular,0.5,0.1,0,50,curvature_error,25,25,25,0.03910766737440034,0.03910766737440034,0.0,1.0,0.07373487541659028,0.073734875416593,2.7200464103316335e-15,0.07584078180156277,0.07584078180156277,0.0,0,0,25,,,,
ellipses,circular,0.5,0.1,0,50,curvature_proxy_error,25,25,25,0.04254964882101489,0.04254964882101489,0.0,1.0,0.04465461751193868,0.044654617511938687,6.938893903907228e-18,0.04491160349723422,0.044911603497245885,1.1664280652468051e-14,0,0,25,,,,
ellipses,circular,0.5,0.1,0,50,facet_gap,25,25,25,0.002757912661644814,0.002757912661644891,7.719519468096792e-17,1.000000000000028,0.01271021976666658,0.012710219766669037,2.4581031654591357e-15,0.031898111378069895,0.03189811137832758,2.5768276401549883e-13,0,0,25,,,,
ellipses,circular,0.5,0.1,0,50,hausdorff,25,25,25,0.005765509174483161,0.005765509174482912,-2.489328188026718e-16,0.9999999999999568,0.013075245291774498,0.013075245291775343,8.448103328007051e-16,8.557759311210692,8.55775931121067,-2.1316282072803006e-14,0,0,25,1,1,0,0
ellipses,circular,0.5,0.1,0,50,tangent_error,25,25,25,0.002390710945806501,0.0023907109458071642,6.630980486921345e-16,1.0000000000002773,0.00581091308657167,0.005810913086590982,1.9311809096311805e-14,0.0076614839774859405,0.007661483977481696,-4.244868345715247e-15,0,0,25,,,,
ellipses,circular,0.5,0.2,0,50,curvature_error,25,25,25,0.038962716800755595,0.03896271680075562,2.7755575615628914e-17,1.0000000000000007,0.07531147113503957,0.07531147113503955,-1.3877787807814457e-17,0.07631897831414373,0.07631897831414416,4.3021142204224816e-16,0,0,25,,,,
ellipses,circular,0.5,0.2,0,50,curvature_proxy_error,25,25,25,0.04263122378657881,0.04263122378657881,0.0,1.0,0.04432536095050214,0.04432536095050239,2.498001805406602e-16,0.04498744607477878,0.04498744607477879,6.938893903907228e-18,0,0,25,,,,
ellipses,circular,0.5,0.2,0,50,facet_gap,25,25,25,0.003518826293118196,0.0035188262931180768,-1.192622389734055e-16,0.9999999999999661,0.005557468007570819,0.0055579052862951795,4.372787243602655e-07,0.014829674244688805,0.014829674244688805,0.0,0,0,25,,,,
ellipses,circular,0.5,0.2,0,50,hausdorff,25,25,25,0.005979354469566729,0.0059793544695665325,-1.968911145233676e-16,0.999999999999967,10.544908311682992,10.544908535293942,2.2361095020073662e-07,18.31154277281235,18.311542772812352,3.552713678800501e-15,0,0,25,2,2,0,0
ellipses,circular,0.5,0.2,0,50,tangent_error,25,25,25,0.0026737625810526657,0.0026737625810526657,0.0,1.0,0.005352457095423066,0.005352457095423517,4.510281037539698e-16,0.0057108440847685946,0.005711790605923662,9.465211550678185e-07,0,0,25,,,,
ellipses,circular,0.5,0.3,0,50,curvature_error,25,25,25,0.03722426410632595,0.03722426410632613,1.8041124150158794e-16,1.0000000000000049,0.07568132497912984,0.07568132497913163,1.790234627208065e-15,0.07656515111505355,0.07656515111505352,-2.7755575615628914e-17,0,0,25,,,,
ellipses,circular,0.5,0.3,0,50,curvature_proxy_error,25,25,25,0.04251244805800695,0.04251244805800695,0.0,1.0,0.04436651370867108,0.04436651370867108,0.0,0.04468906555857722,0.04468906555856826,-8.958112029944232e-15,0,0,25,,,,
ellipses,circular,0.5,0.3,0,50,facet_gap,25,25,25,0.0029316345229021684,0.0029316345229020925,-7.589415207398531e-17,0.9999999999999741,0.01649599299813276,0.01649599299813222,-5.412337245047638e-16,0.02742699393764139,0.02742699393764139,0.0,0,0,25,,,,
ellipses,circular,0.5,0.3,0,50,hausdorff,25,25,25,0.005531404815793675,0.00553140481579366,-1.474514954580286e-17,0.9999999999999973,14.13618823992732,14.13618823992732,0.0,18.357549295922727,18.357549295922727,0.0,0,0,25,3,3,0,0
ellipses,circular,0.5,0.3,0,50,tangent_error,25,25,25,0.0027563384380680424,0.002756338438067556,-4.865899350114944e-16,0.9999999999998235,0.005938559948116885,0.005938559948112947,-3.937822290467352e-15,0.010773980408794017,0.010773980408794457,4.40619762898109e-16,0,0,25,,,,
ellipses,circular,0.64,0,0,64,curvature_error,25,25,25,0.038445664720218764,0.038445664720218764,0.0,1.0,0.07510519902733916,0.07510519902733916,0.0,0.07544769361573378,0.07544769361573378,0.0,0,0,25,,,,
ellipses,circular,0.64,0,0,64,curvature_proxy_error,25,25,25,0.043354079444372626,0.043354079444372626,0.0,1.0,0.04499636945369939,0.044996369453699406,1.3877787807814457e-17,0.04545939993080271,0.04545939993080271,0.0,0,0,25,,,,
ellipses,circular,0.64,0,0,64,facet_gap,25,25,25,0.0016340484476246836,0.0016340484476246836,0.0,1.0,0.002745135976386413,0.0027451359763864753,6.245004513516506e-17,0.0032376162855159824,0.0032376162855159824,0.0,0,0,25,,,,
ellipses,circular,0.64,0,0,64,hausdorff,25,25,25,0.003975761037600258,0.003975761037600258,0.0,1.0,0.00482005187158987,0.004820051871589495,-3.7556763254897874e-16,0.004973990860643851,0.004973990860643891,4.0766001685454967e-17,0,0,25,0,0,0,0
ellipses,circular,0.64,0,0,64,tangent_error,25,25,25,0.0018106309040231024,0.0018106309040243876,1.285213255264317e-15,1.0000000000007099,0.00382211440138449,0.00382211440138449,0.0,0.004352458063019888,0.004352458063019888,0.0,0,0,25,,,,
ellipses,circular,0.64,0.05,0,64,curvature_error,25,25,25,0.03858809345013491,0.0385880934501349,-1.3877787807814457e-17,0.9999999999999997,0.07512192503231638,0.07512192503231638,0.0,0.07547554963138754,0.07547554963138754,0.0,0,0,25,,,,
ellipses,circular,0.64,0.05,0,64,curvature_proxy_error,25,25,25,0.04324835885902096,0.043248358859020966,6.938893903907228e-18,1.0000000000000002,0.04504064666064609,0.04504064666064609,0.0,0.04535481454261103,0.04535481454261103,0.0,0,0,25,,,,
ellipses,circular,0.64,0.05,0,64,facet_gap,25,25,25,0.0014852748401181488,0.0014852748401464042,2.825539281714473e-14,1.0000000000190237,0.002774134105620084,0.002774134105620084,0.0,0.003184177334983007,0.003184177334983007,0.0,0,0,25,,,,
ellipses,circular,0.64,0.05,0,64,hausdorff,25,25,25,0.0038999825887803315,0.003899982588783364,3.0322966360074588e-15,1.0000000000007776,0.004777396732269583,0.004777396732269583,0.0,0.004825474135960603,0.004825474135905481,-5.5121705810901034e-14,0,0,25,0,0,0,0
ellipses,circular,0.64,0.05,0,64,tangent_error,25,25,25,0.0016596249349282645,0.0016596249349514068,2.3142295371703092e-14,1.0000000000139444,0.003799211078384954,0.003799211078384954,0.0,0.004476666978326193,0.004476666978326135,-5.811323644522304e-17,0,0,25,,,,
ellipses,circular,0.64,0.1,0,64,curvature_error,25,25,25,0.03870572126315576,0.03870572126315447,-1.2906342661267445e-15,0.9999999999999667,0.07479771239790482,0.07479771239790085,-3.969047313034935e-15,0.07520578716702286,0.07520578716702286,0.0,0,0,25,,,,
ellipses,circular,0.64,0.1,0,64,curvature_proxy_error,25,25,25,0.04323601868905393,0.04323601868905393,0.0,1.0,0.04505693214904137,0.04505693214904097,-4.0245584642661925e-16,0.0451263469464016,0.0451263469464016,0.0,0,0,25,,,,
ellipses,circular,0.64,0.1,0,64,facet_gap,25,25,25,0.00149419242429957,0.00149419242429957,0.0,1.0,0.0028150416567564555,0.0028150416567564,-5.551115123125783e-17,0.003001180071574634,0.003001180071574634,0.0,0,0,25,,,,
ellipses,circular,0.64,0.1,0,64,hausdorff,25,25,25,0.003924156431393802,0.003924156431393802,0.0,1.0,0.004736168752273112,0.004736168752273163,5.117434254131581e-17,0.004827561288481494,0.004827561288481811,3.165870343657673e-16,0,0,25,0,0,0,0
ellipses,circular,0.64,0.1,0,64,tangent_error,25,25,25,0.0015862922437898308,0.001586292243785662,-4.1687573532067645e-15,0.999999999997372,0.0037096401349161747,0.0037096401349161747,0.0,0.004391031822986097,0.004391031822986097,0.0,0,0,25,,,,
ellipses,circular,0.64,0.2,0,64,curvature_error,25,25,25,0.038878787810856213,0.03887878781085623,1.3877787807814457e-17,1.0000000000000004,0.0747840188665321,0.0747840188665321,0.0,0.075363299421603,0.075363299421603,0.0,0,0,25,,,,
ellipses,circular,0.64,0.2,0,64,curvature_proxy_error,25,25,25,0.043307077219418795,0.04330707721941763,-1.1657341758564144e-15,0.9999999999999731,0.045014862698797904,0.045014862698797904,0.0,0.045127061870790686,0.04512706187079069,6.938893903907228e-18,0,0,25,,,,
ellipses,circular,0.64,0.2,0,64,facet_gap,25,25,25,0.001448847301748676,0.001448847301748676,0.0,1.0,0.002952873470889619,0.002952873470889619,0.0,0.0048994544416236345,0.004899454441623572,-6.245004513516506e-17,0,0,25,,,,
ellipses,circular,0.64,0.2,0,64,hausdorff,25,25,25,0.003910617802454524,0.003910617802454524,0.0,1.0,0.004718134342160062,0.004718134342160178,1.1622647289044608e-16,0.007159065171825988,0.007159065171825926,-6.245004513516506e-17,0,0,25,0,0,0,0
ellipses,circular,0.64,0.2,0,64,tangent_error,25,25,25,0.0017760328915998372,0.0017760328916004247,5.874207370526463e-16,1.0000000000003308,0.0035144430699781174,0.0035144430699779543,-1.6306400674181987e-16,0.004135553739851561,0.004135553739851561,0.0,0,0,25,,,,
ellipses,circular,0.64,0.3,0,64,curvature_error,25,25,25,0.03880842237995827,0.03880842237995827,0.0,1.0,0.07518401455801077,0.07518401455801077,0.0,0.07682757425768895,0.07682757425768895,0.0,0,0,25,,,,
ellipses,circular,0.64,0.3,0,64,curvature_proxy_error,25,25,25,0.043263817345990316,0.043263817345990316,0.0,1.0,0.044777048113622146,0.04477704811362216,1.3877787807814457e-17,0.0448062623320271,0.044806262332027114,1.3877787807814457e-17,0,0,25,,,,
ellipses,circular,0.64,0.3,0,64,facet_gap,25,25,25,0.0014457420917669645,0.0014457420917669645,0.0,1.0,0.0029020939661117445,0.0029020939661117445,0.0,0.006206161591184939,0.006206161591185064,1.2576745200831851e-16,0,0,25,,,,
ellipses,circular,0.64,0.3,0,64,hausdorff,25,25,25,0.003850495796861397,0.003850495796861397,0.0,1.0,0.00483326097100094,0.00483326097100094,0.0,11.364513020784079,11.364513020784079,0.0,0,0,25,1,1,0,0
ellipses,circular,0.64,0.3,0,64,tangent_error,25,25,25,0.0015819668117613758,0.0015819668117613758,0.0,1.0,0.0036425342373702816,0.003642534237370149,-1.3270634591222574e-16,0.003685157426311389,0.003685157426311389,0.0,0,0,25,,,,
ellipses,circular,1,0,0,100,curvature_error,25,25,25,0.03886190709683673,0.038861907096836706,-2.0816681711721685e-17,0.9999999999999994,0.07440949091569561,0.07440949091569561,0.0,0.07652161312896194,0.0765216131289628,8.604228440844963e-16,0,0,25,,,,
ellipses,circular,1,0,0,100,curvature_proxy_error,25,25,25,0.043705817910093966,0.043705817910093966,0.0,1.0,0.045533941550472024,0.045533941550472024,0.0,0.04561322662219172,0.04561322662219237,6.453171330633722e-16,0,0,25,,,,
ellipses,circular,1,0,0,100,facet_gap,25,25,25,0.00038978851093244817,0.00038978851093244817,0.0,1.0,0.0007200023522996417,0.0007200023522996417,0.0,0.0007961986709768766,0.0007961986709768766,0.0,0,0,25,,,,
ellipses,circular,1,0,0,100,hausdorff,25,25,25,0.001977360861296979,0.001977360861296979,0.0,1.0,0.002238060672189405,0.0022380606721894123,7.37257477290143e-18,0.0023067705788836755,0.0023067705788836755,0.0,0,0,25,0,0,0,0
ellipses,circular,1,0,0,100,tangent_error,25,25,25,0.0007427631177410748,0.0007427631177410748,0.0,1.0,0.0015281883987396728,0.0015281883987406312,9.58434720477186e-16,0.0016626063539528925,0.0016626063539528925,0.0,0,0,25,,,,
ellipses,circular,1,0.05,0,100,curvature_error,25,25,25,0.03886278887236421,0.03886278887236423,2.0816681711721685e-17,1.0000000000000004,0.07444603685412791,0.0744460368541297,1.790234627208065e-15,0.07645829489634405,0.07645829489635293,8.881784197001252e-15,0,0,25,,,,
ellipses,circular,1,0.05,0,100,curvature_proxy_error,25,25,25,0.043712374208621875,0.043712374208621875,0.0,1.0,0.04549634120864053,0.04549634120864052,-1.3877787807814457e-17,0.0456376645604339,0.04563766456009814,-3.3575919822226297e-13,0,0,25,,,,
ellipses,circular,1,0.05,0,100,facet_gap,25,25,25,0.0003949347948374997,0.0003949347948374997,0.0,1.0,0.0007177153056727903,0.0007177153057041201,3.132975649744463e-14,0.0007979513484984219,0.0007979513484984219,0.0,0,0,25,,,,
ellipses,circular,1,0.05,0,100,hausdorff,25,25,25,0.0019821270333210362,0.001982127033320795,-2.411265631607762e-16,0.9999999999998783,0.0022360584196659842,0.0022360584196659842,0.0,0.002312453542415843,0.00231245354241586,1.691355389077387e-17,0,0,25,0,0,0,0
ellipses,circular,1,0.05,0,100,tangent_error,25,25,25,0.0008411530954547475,0.0008411530954542514,-4.961309141293668e-16,0.9999999999994101,0.0015443491220983553,0.0015443491221691801,7.082485639631209e-14,0.0016489122653494683,0.0016489122653494683,0.0,0,0,25,,,,
ellipses,circular,1,0.1,0,100,curvature_error,25,25,25,0.03885522900619351,0.03885522900619351,0.0,1.0,0.07451842116020702,0.07451842116020704,2.7755575615628914e-17,0.07639480639920747,0.07639480639920748,1.3877787807814457e-17,0,0,25,,,,
ellipses,circular,1,0.1,0,100,curvature_proxy_error,25,25,25,0.043704282159171964,0.04370428215917196,-6.938893903907228e-18,0.9999999999999999,0.04551982227359804,0.04551982227360087,2.831068712794149e-15,0.045644007635049444,0.045644007635049416,-2.7755575615628914e-17,0,0,25,,,,
ellipses,circular,1,0.1,0,100,facet_gap,25,25,25,0.0003973304025064718,0.0003973304025064717,-5.421010862427522e-20,0.9999999999999999,0.0007309768821421682,0.0007309768821440963,1.928145143548221e-15,0.0007678034957758049,0.0007678034957758049,0.0,0,0,25,,,,
ellipses,circular,1,0.1,0,100,hausdorff,25,25,25,0.001970180515557237,0.0019701805155571362,-1.0061396160665481e-16,0.9999999999999489,0.002217920963673534,0.0022179209636811474,7.613267655193212e-15,0.002268425897499717,0.002268425897499717,0.0,0,0,25,0,0,0,0
ellipses,circular,1,0.1,0,100,tangent_error,25,25,25,0.0007453388818773345,0.0007453388818743416,-2.992940097146235e-15,0.9999999999959844,0.0016565211229546918,0.0016565211229548165,1.24683249835833e-16,0.0017203584374113228,0.0017203584374078545,-3.4683627497811287e-15,0,0,25,,,,
ellipses,circular,1,0.2,0,100,curvature_error,25,25,25,0.038823114746570075,0.038823114746570075,0.0,1.0,0.07472512541665069,0.07472512541665069,0.0,0.07626544200464644,0.07626544200464644,0.0,0,0,25,,,,
ellipses,circular,1,0.2,0,100,curvature_proxy_error,25,25,25,0.04339890604816658,0.04339890604816658,0.0,1.0,0.04545330682688508,0.04545330682688508,0.0,0.045537054049739144,0.04553705404973916,1.3877787807814457e-17,0,0,25,,,,
ellipses,circular,1,0.2,0,100,facet_gap,25,25,25,0.00039804735892591303,0.00039804735892591303,0.0,1.0,0.0007550591704722676,0.0007550591704722366,-3.1008182133085427e-17,0.0007617515869063353,0.0007617515869063353,0.0,0,0,25,,,,
ellipses,circular,1,0.2,0,100,hausdorff,25,25,25,0.0019620940630024983,0.0019620940630024983,0.0,1.0,0.002209686486401257,0.002209686486401325,6.765421556309548e-17,0.002230606616104211,0.0022306066161041924,-1.8648277366750676e-17,0,0,25,0,0,0,0
ellipses,circular,1,0.2,0,100,tangent_error,25,25,25,0.0007974009372177834,0.0007974009372177834,0.0,1.0,0.0015039652686246977,0.0015039652686246977,0.0,0.0015960497071870264,0.0015960497071695937,-1.743266989095993e-14,0,0,25,,,,
ellipses,circular,1,0.3,0,100,curvature_error,25,25,25,0.03891432838242186,0.038914328382421856,-6.938893903907228e-18,0.9999999999999998,0.07571058832009006,0.0757105883200901,4.163336342344337e-17,0.07620401114245558,0.07620401114273094,2.7536306568265445e-13,0,0,25,,,,
ellipses,circular,1,0.3,0,100,curvature_proxy_error,25,25,25,0.04324175520818384,0.0432417552081836,-2.3592239273284576e-16,0.9999999999999946,0.04514968881856968,0.04514968881856968,0.0,0.04552679119832243,0.04552679119873353,4.1109476933698375e-13,0,0,25,,,,
ellipses,circular,1,0.3,0,100,facet_gap,25,25,25,0.0004056709748565689,0.0004056709748565862,1.7293024651143796e-17,1.0000000000000426,0.000841994978866019,0.0008419949789950684,1.2904933198443214e-13,0.001963875298982394,0.001963875298982394,0.0,0,0,25,,,,
ellipses,circular,1,0.3,0,100,hausdorff,25,25,25,0.0018771002882777446,0.0018771002882777446,0.0,1.0,0.0022250070995823005,0.002225007099573285,-9.015357904651466e-15,0.002640890931779418,0.002640890931779418,0.0,0,0,25,0,0,0,0
ellipses,circular,1,0.3,0,100,tangent_error,25,25,25,0.0008050934257097768,0.0008050934257086607,-1.1160777163565783e-15,0.9999999999986138,0.0015434902730567966,0.0015434902730388585,-1.793812494377267e-14,0.002900816488565448,0.002900816488565448,0.0,0,0,25,,,,
ellipses,circular,1.28,0,0,128,curvature_error,25,25,25,0.03872499531961512,0.03872499531961512,0.0,1.0,0.07519108151868749,0.07519108151868747,-1.3877787807814457e-17,0.07652221922638751,0.07652221922638751,0.0,0,0,25,,,,
ellipses,circular,1.28,0,0,128,curvature_proxy_error,25,25,25,0.04386898342674503,0.043868983426745056,2.7755575615628914e-17,1.0000000000000007,0.04580011444348773,0.04580011444348773,0.0,0.04587038762724358,0.0458703876272378,-5.780098621954721e-15,0,0,25,,,,
ellipses,circular,1.28,0,0,128,facet_gap,25,25,25,0.00018086779261093102,0.00018086779261094647,1.5449880957918438e-17,1.0000000000000855,0.00035164942149088684,0.00035164942149088337,-3.469446951953614e-18,0.0003894119898279451,0.00038941198982981494,1.8698692767771252e-15,0,0,25,,,,
ellipses,circular,1.28,0,0,128,hausdorff,25,25,25,0.001307536192743667,0.0013075361927437023,3.5344990823027445e-17,1.000000000000027,0.001537331978950553,0.0015373319789504394,-1.1362438767648086e-16,0.0015596920311209473,0.001559692031120923,-2.42861286636753e-17,0,0,25,0,0,0,0
ellipses,circular,1.28,0,0,128,tangent_error,25,25,25,0.0005887676024347711,0.0005887676024343236,-4.475586568020162e-16,0.9999999999992398,0.0010463453477834333,0.0010463453477850377,1.6044023748440495e-15,0.0010932401374501915,0.0010932401374501915,0.0,0,0,25,,,,
ellipses,circular,1.28,0.05,0,128,curvature_error,25,25,25,0.03869125997546015,0.03869125997546015,0.0,1.0,0.07505617255382352,0.07505617255382296,-5.551115123125783e-16,0.076540691377949,0.076540691377949,0.0,0,0,25,,,,
ellipses,circular,1.28,0.05,0,128,curvature_proxy_error,25,25,25,0.043848589548185504,0.043848589548185504,0.0,1.0,0.045783303582176194,0.0457833035821759,-2.914335439641036e-16,0.04586952333993364,0.04586952333993364,0.0,0,0,25,,,,
ellipses,circular,1.28,0.05,0,128,facet_gap,25,25,25,0.00018063881890780645,0.00018063881890780645,0.0,1.0,0.00034394247859565857,0.00034394247859565857,0.0,0.00036364470201197263,0.00036364470201197263,0.0,0,0,25,,,,
ellipses,circular,1.28,0.05,0,128,hausdorff,25,25,25,0.0013066905668058736,0.0013066905668058736,0.0,1.0,0.001527513848255196,0.00152751384824623,-8.965918285586127e-15,0.00155525786271596,0.00155525786271596,0.0,0,0,25,0,0,0,0
ellipses,circular,1.28,0.05,0,128,tangent_error,25,25,25,0.000555864224295593,0.000555864224295593,0.0,1.0,0.0010259912885428215,0.0010259912885433376,5.160802341031001e-16,0.0011164036813477022,0.0011164036813477022,0.0,0,0,25,,,,
ellipses,circular,1.28,0.1,0,128,curvature_error,25,25,25,0.038663739712831414,0.038663739712831414,0.0,1.0,0.07502132898955477,0.07502132898955477,0.0,0.07656132646805336,0.07656132646805336,0.0,0,0,25,,,,
ellipses,circular,1.28,0.1,0,128,curvature_proxy_error,25,25,25,0.04358936411801842,0.04358936411801842,0.0,1.0,0.04575214642297281,0.04575214642297281,0.0,0.045858327879574744,0.045858327879574744,0.0,0,0,25,,,,
ellipses,circular,1.28,0.1,0,128,facet_gap,25,25,25,0.00018203081475557905,0.00018203081475557905,0.0,1.0,0.00034315756639493136,0.00034315756639493136,0.0,0.000369154887535841,0.000369154887535841,0.0,0,0,25,,,,
ellipses,circular,1.28,0.1,0,128,hausdorff,25,25,25,0.0013070845043555422,0.0013070845043555422,0.0,1.0,0.0015145497145195228,0.0015145497145171985,-2.3243126173744244e-15,0.001531072169548004,0.001531072169548004,0.0,0,0,25,0,0,0,0
ellipses,circular,1.28,0.1,0,128,tangent_error,25,25,25,0.0006029379454782964,0.0006029379454782964,0.0,1.0,0.0009789304142504985,0.0009789304142504985,0.0,0.0010468286159554308,0.0010468286159554308,0.0,0,0,25,,,,
ellipses,circular,1.28,0.2,0,128,curvature_error,25,25,25,0.038608095929965607,0.03860809592996087,-4.739264536368637e-15,0.9999999999998772,0.07524298459855573,0.07524298459855508,-6.522560269672795e-16,0.0766387288064478,0.0766387288064478,0.0,0,0,25,,,,
ellipses,circular,1.28,0.2,0,128,curvature_proxy_error,25,25,25,0.04359296148288568,0.04359296148288568,0.0,1.0,0.045646364754131356,0.045646364754131516,1.5959455978986625e-16,0.045811544377125535,0.045811544377125535,0.0,0,0,25,,,,
ellipses,circular,1.28,0.2,0,128,facet_gap,25,25,25,0.00017684115976944316,0.00017684115976944316,0.0,1.0,0.00036707638116021427,0.00036707638116021427,0.0,0.000936030593876344,0.000936030593876344,0.0,0,0,25,,,,
ellipses,circular,1.28,0.2,0,128,hausdorff,25,25,25,0.0012633877663147475,0.0012633877663147475,0.0,1.0,0.0014980474218644051,0.00149804742187247,8.064946280250673e-15,3.88929262731528,3.88929262731528,0.0,0,0,25,1,1,0,0
ellipses,circular,1.28,0.2,0,128,tangent_error,25,25,25,0.0005962742338692967,0.0005962742338692967,0.0,1.0,0.0010035052705915177,0.0010035052705915177,0.0,0.0011574496542875808,0.0011574496542875808,0.0,0,0,25,,,,
ellipses,circular,1.28,0.3,0,128,curvature_error,25,25,25,0.03852475730764368,0.03852475730764368,0.0,1.0,0.07524343046373806,0.07524343046372865,-9.409140133698202e-15,0.07729588284506138,0.07729588284506138,0.0,0,0,25,,,,
ellipses,circular,1.28,0.3,0,128,curvature_proxy_error,25,25,25,0.0433109100672683,0.04331091006725883,-9.471590178833367e-15,0.9999999999997813,0.04569919952808204,0.04569919952808204,0.0,0.1319283321556794,0.1319283321556794,0.0,0,0,25,,,,
ellipses,circular,1.28,0.3,0,128,facet_gap,25,25,25,0.00019040900468855914,0.00019040900468858985,3.0710026535651913e-17,1.0000000000001612,0.00033157725229573395,0.00033157725229573395,0.0,0.0003563685929069196,0.0003563685929069196,0.0,0,0,25,,,,
ellipses,circular,1.28,0.3,0,128,hausdorff,25,25,25,0.0012389317607701367,0.0012389317607701367,0.0,1.0,0.0014624421063766109,0.0014624421063765373,-7.35089072945172e-17,0.001506894296495757,0.001506894296495757,0.0,0,0,25,0,0,0,0
ellipses,circular,1.28,0.3,0,128,tangent_error,25,25,25,0.0005655998849788673,0.0005655998849788673,0.0,1.0,0.0009591187964267332,0.0009591187964267654,3.220080452281948e-17,0.000981754841655667,0.000981754841655667,0.0,0,0,25,,,,
ellipses,circular,1.5,0,0,150,curvature_error,25,25,25,0.03858555585832483,0.03858555585832483,0.0,1.0,0.07480380443186685,0.07480380443186685,0.0,0.07629740368636828,0.07629740368636828,0.0,0,0,25,,,,
ellipses,circular,1.5,0,0,150,curvature_proxy_error,25,25,25,0.043935951839956654,0.043935951839956654,0.0,1.0,0.0458521849103945,0.0458521849103945,0.0,0.04620580679724811,0.04620580679724811,0.0,0,0,25,,,,
ellipses,circular,1.5,0,0,150,facet_gap,25,25,25,0.00011395870637481791,0.00011395870637481791,0.0,1.0,0.00021563302079350273,0.00021563302079347042,-3.230922474006803e-17,0.00024097195457500593,0.00024097195457500593,0.0,0,0,25,,,,
ellipses,circular,1.5,0,0,150,hausdorff,25,25,25,0.0009646822653873393,0.0009646822653873393,0.0,1.0,0.001164558814277564,0.001164558814287351,9.787093011026649e-15,0.0012066340343191235,0.0012066340343191138,-9.75781955236954e-18,0,0,25,0,0,0,0
ellipses,circular,1.5,0,0,150,tangent_error,25,25,25,0.0004611953185700501,0.0004611953185700501,0.0,1.0,0.0008440180175858477,0.0008440180175858714,2.3744027577432547e-17,0.0008746290555463293,0.0008746290555463293,0.0,0,0,25,,,,
ellipses,circular,1.5,0.05,0,150,curvature_error,25,25,25,0.038578079188926466,0.038578079188926466,0.0,1.0,0.07477958803563918,0.0747795880356392,1.3877787807814457e-17,0.0762382325630549,0.0762382325630549,0.0,0,0,25,,,,
ellipses,circular,1.5,0.05,0,150,curvature_proxy_error,25,25,25,0.0439056181988408,0.04390561819883785,-2.949029909160572e-15,0.9999999999999328,0.04584086571292536,0.04584086571292536,0.0,0.04616002797314528,0.046160027973160836,1.5557000132560006e-14,0,0,25,,,,
ellipses,circular,1.5,0.05,0,150,facet_gap,25,25,25,0.00011275167014416572,0.00011275167014348985,-6.758780818003074e-16,0.9999999999940056,0.0002272430688967673,0.0002272430688967673,0.0,0.00024029937091728405,0.00024029937092122502,3.94096647676756e-15,0,0,25,,,,
ellipses,circular,1.5,0.05,0,150,hausdorff,25,25,25,0.0009729913495461705,0.0009729913495456129,-5.576051773092949e-16,0.9999999999994269,0.0011591162264095172,0.0011591162264095172,0.0,0.001214336998462708,0.001214336998462708,0.0,0,0,25,0,0,0,0
ellipses,circular,1.5,0.05,0,150,tangent_error,25,25,25,0.0004554257404772015,0.0004554257404751996,-2.0019251013858597e-15,0.9999999999956043,0.0007892714596913185,0.0007892714596913185,0.0,0.0008769812255934732,0.0008769812255967282,3.2549917622359814e-15,0,0,25,,,,
ellipses,circular,1.5,0.1,0,150,curvature_error,25,25,25,0.03858213330312197,0.03858213330313577,1.3801459974871477e-14,1.0000000000003577,0.07487142920376064,0.07487142920374529,-1.534883331544279e-14,0.07618443226845513,0.07618443226845513,0.0,0,0,25,,,,
ellipses,circular,1.5,0.1,0,150,curvature_proxy_error,25,25,25,0.043885124860805924,0.04388512486080472,-1.2073675392798577e-15,0.9999999999999725,0.045825729826246595,0.04582572982624275,-3.8441472227646045e-15,0.04608835147328399,0.04608835147328399,0.0,0,0,25,,,,
ellipses,circular,1.5,0.1,0,150,facet_gap,25,25,25,0.0001138378150435947,0.0001138378150435947,0.0,1.0,0.0007308806148511628,0.0007308806148539779,2.8151309408586123e-15,0.0017042943109466743,0.0017042943109466743,0.0,0,0,25,,,,
ellipses,circular,1.5,0.1,0,150,hausdorff,25,25,25,0.000985038478139826,0.000985038478139826,0.0,1.0,0.013415385067622035,0.013415385067625516,3.481590016285452e-15,10.913880432097642,10.913880432097642,0.0,0,0,25,1,1,0,0
ellipses,circular,1.5,0.1,0,150,tangent_error,25,25,25,0.0004672762605765016,0.00046727626057427134,-2.230258078911307e-15,0.9999999999952272,0.0008075715959221043,0.0008075715959221889,8.456776945386935e-17,0.0008547515093550848,0.0008547515093550848,0.0,0,0,25,,,,
ellipses,circular,1.5,0.2,0,150,curvature_error,25,25,25,0.03848352163487785,0.03848352163487785,0.0,1.0,0.07480656854921082,0.07480656854921082,0.0,0.07608562169043119,0.07608562169043119,0.0,0,0,25,,,,
ellipses,circular,1.5,0.2,0,150,curvature_proxy_error,25,25,25,0.04363269759467875,0.04363269759463927,-3.947536741932822e-14,0.9999999999990953,0.0458107550781729,0.04581075507817289,-6.938893903907228e-18,0.046011306196983646,0.046011306196983646,0.0,0,0,25,,,,
ellipses,circular,1.5,0.2,0,150,facet_gap,25,25,25,0.00010796842404877032,0.00010796842403782504,-1.0945278429257133e-14,0.9999999998986252,0.00022577494555961982,0.00022577494555961982,0.0,0.00024154137725599935,0.00024154137725599935,0.0,0,0,25,,,,
ellipses,circular,1.5,0.2,0,150,hausdorff,25,25,25,0.0009485295746606227,0.000948529574780118,1.1949523402027262e-13,1.0000000001259794,0.001131546750768481,0.001131546750768481,0.0,0.0011789346957030487,0.0011789346957030505,1.734723475976807e-18,0,0,25,0,0,0,0
ellipses,circular,1.5,0.2,0,150,tangent_error,25,25,25,0.0004666005412706454,0.00046660054123027296,-4.037243629684273e-14,0.9999999999134753,0.0008085027048317822,0.0008085027048317822,0.0,0.0009228542873300437,0.0009228542873300437,0.0,0,0,25,,,,
ellipses,circular,1.5,0.3,0,150,curvature_error,25,25,25,0.03830428833267012,0.03830428833267012,0.0,1.0,0.07539870976262697,0.07539870976262697,0.0,0.07591861916158234,0.07591861916158235,1.3877787807814457e-17,0,0,25,,,,
ellipses,circular,1.5,0.3,0,150,curvature_proxy_error,25,25,25,0.04365362583592164,0.04365362583592164,0.0,1.0,0.045898135666159454,0.04589813566615945,-6.938893903907228e-18,0.33349392399743405,0.33349392399743405,0.0,0,0,25,,,,
ellipses,circular,1.5,0.3,0,150,facet_gap,25,25,25,0.0001032323645471819,0.0001032323645471819,0.0,1.0,0.00023111489579954867,0.00023111489579954867,0.0,0.00023593163798168402,0.00023593163798168402,0.0,0,0,25,,,,
ellipses,circular,1.5,0.3,0,150,hausdorff,25,25,25,0.0009338967404572894,0.0009338967404572894,0.0,1.0,0.001123267212852556,0.00112326721285256,4.119968255444917e-18,0.0011355223220315036,0.0011355223220315036,0.0,0,0,25,0,0,0,0
ellipses,circular,1.5,0.3,0,150,tangent_error,25,25,25,0.0004517976326749029,0.0004517976326749029,0.0,1.0,0.0007266105808145948,0.0007266105808145948,0.0,0.000893566538912862,0.0008935665389129316,6.960577947356938e-17,0,0,25,,,,
ellipses,linear,0.32,0,0,32,curvature_error,25,25,25,0.050584010110173515,0.050584010110173515,0.0,1.0,0.07007775324650524,0.07007775324650524,0.0,0.0709108351626447,0.0709108351626447,0.0,0,0,25,,,,
ellipses,linear,0.32,0,0,32,curvature_proxy_error,25,25,25,0.0027378576301304164,0.0027378576301304164,0.0,1.0,0.00542327824480535,0.00542327824480535,0.0,0.0056519315682413,0.0056519315682413,0.0,0,0,25,,,,
ellipses,linear,0.32,0,0,32,facet_gap,25,25,25,0.07177909871563362,0.07177909871563362,0.0,1.0,0.0886178968000368,0.0886178968000368,0.0,0.10513483585363392,0.10513483585309337,-5.405537129021809e-13,0,0,25,,,,
ellipses,linear,0.32,0,0,32,hausdorff,25,25,25,0.07534553801151704,0.07534553801151704,0.0,1.0,0.09926168163977127,0.09926168163968901,-8.225364833691629e-14,0.10076019256266946,0.10076019256266946,0.0,0,0,25,0,0,0,0
ellipses,linear,0.32,0,0,32,tangent_error,25,25,25,0.0407781850055173,0.0407781850055173,0.0,1.0,0.054460385574330694,0.054460385574284086,-4.660855035254485e-14,0.055620670101038314,0.055620670101038314,0.0,0,0,25,,,,
ellipses,linear,0.32,0.05,0,32,curvature_error,25,25,25,0.05059105491396415,0.05059105491396415,0.0,1.0,0.07009216126668133,0.07009216126668172,3.885780586188048e-16,0.07092888436001883,0.07092888436001883,0.0,0,0,25,,,,
ellipses,linear,0.32,0.05,0,32,curvature_proxy_error,25,25,25,0.0028348348355147907,0.0028348348355147907,0.0,1.0,0.005412474057557595,0.005412474057557595,0.0,0.005568226677913873,0.005568226677913873,0.0,0,0,25,,,,
ellipses,linear,0.32,0.05,0,32,facet_gap,25,25,25,0.0699874453585667,0.06998744535806391,-5.027922522771178e-13,0.999999999992816,0.08742825066781316,0.08742825066781316,0.0,0.09899767539996995,0.09899767539996995,0.0,0,0,25,,,,
ellipses,linear,0.32,0.05,0,32,hausdorff,25,25,25,0.07161367543995982,0.07161367543995982,0.0,1.0,0.09790393883964814,0.09790393883964814,0.0,0.09933093226271206,0.09933093226271206,0.0,0,0,25,0,0,0,0
ellipses,linear,0.32,0.05,0,32,tangent_error,25,25,25,0.04179707068461947,0.04179707068461947,0.0,1.0,0.05287835214495267,0.05287835214495267,0.0,0.05510934913227915,0.055109349132285296,6.147859998861804e-15,0,0,25,,,,
ellipses,linear,0.32,0.1,0,32,curvature_error,25,25,25,0.05030699259483021,0.05030699259483021,0.0,1.0,0.07012337234081796,0.07012337234081796,0.0,0.07099587144501816,0.07099587144501816,0.0,0,0,25,,,,
ellipses,linear,0.32,0.1,0,32,curvature_proxy_error,25,25,25,0.003231367839866252,0.003231367839866252,0.0,1.0,0.006187127406774031,0.006187127406774031,0.0,0.008420741489471403,0.008420741489471403,0.0,0,0,25,,,,
ellipses,linear,0.32,0.1,0,32,facet_gap,25,25,25,0.07278599988060765,0.07278599988060765,0.0,1.0,0.09572552474724294,0.09572552474724294,0.0,0.11611379093925796,0.11611379093925796,0.0,0,0,25,,,,
ellipses,linear,0.32,0.1,0,32,hausdorff,25,25,25,0.07204947891143249,0.07204947891143249,0.0,1.0,0.10131621699359027,0.10131621699359027,0.0,0.10639281948846696,0.10639281948846696,0.0,0,0,25,0,0,0,0
ellipses,linear,0.32,0.1,0,32,tangent_error,25,25,25,0.042982242540845976,0.04298224254084597,-6.938893903907228e-18,0.9999999999999999,0.05374420507381898,0.05374420507381898,0.0,0.05683616134139391,0.05683616134139391,0.0,0,0,25,,,,
ellipses,linear,0.32,0.2,0,32,curvature_error,25,25,25,0.05066789627657286,0.050667896276571575,-1.2836953722228372e-15,0.9999999999999747,0.07031038225426689,0.07031038225426689,0.0,0.0710694988362131,0.0710694988362131,0.0,0,0,25,,,,
ellipses,linear,0.32,0.2,0,32,curvature_proxy_error,25,25,25,0.00487121993499523,0.00487121993499523,0.0,1.0,0.021272545804346694,0.021272545804346694,0.0,0.04888497659644033,0.04888497659644033,0.0,0,0,25,,,,
ellipses,linear,0.32,0.2,0,32,facet_gap,25,25,25,0.0739396140419347,0.07393961404229117,3.5646485763152214e-13,1.000000000004821,0.10935231847444445,0.10935231847444445,0.0,0.11929152090829263,0.11929152090829263,0.0,0,0,25,,,,
ellipses,linear,0.32,0.2,0,32,hausdorff,25,25,25,0.07313244449146986,0.07313244449146986,0.0,1.0,0.12175323182067004,0.12175323182067004,0.0,9.625836852003376,9.625836852003376,0.0,0,0,25,1,1,0,0
ellipses,linear,0.32,0.2,0,32,tangent_error,25,25,25,0.044142497536531496,0.044142497536531496,0.0,1.0,0.05403661775849765,0.05403661775849765,0.0,0.05847516989235078,0.05847516989235078,0.0,0,0,25,,,,
ellipses,linear,0.32,0.3,0,32,curvature_error,25,25,25,0.05062531830796566,0.05062531830796566,0.0,1.0,0.06894481270619383,0.06894481270619383,0.0,0.06929747853507194,0.06929747853507194,0.0,0,0,25,,,,
ellipses,linear,0.32,0.3,0,32,curvature_proxy_error,25,25,25,0.006133380739425515,0.006133380739425515,0.0,1.0,0.021131419706390483,0.021131419706390483,0.0,0.25461102059159124,0.25461102059159124,0.0,0,0,25,,,,
ellipses,linear,0.32,0.3,0,32,facet_gap,25,25,25,0.07747616339188405,0.07747616339188405,0.0,1.0,0.09015299464183175,0.09015299464183175,0.0,0.1200702670638418,0.1200702670638418,0.0,0,0,25,,,,
ellipses,linear,0.32,0.3,0,32,hausdorff,25,25,25,0.07367023170809625,0.07367023170809625,0.0,1.0,0.08585922755860186,0.08585922755860186,0.0,1.3574055883331422,1.3574055883331422,0.0,0,0,25,1,1,0,0
ellipses,linear,0.32,0.3,0,32,tangent_error,25,25,25,0.044633240599492065,0.044633240599492065,0.0,1.0,0.054064340391489364,0.054064340391489364,0.0,0.05472883680404412,0.05472883680404412,0.0,0,0,25,,,,
ellipses,linear,0.5,0,0,50,curvature_error,25,25,25,0.05068955710175549,0.05068955710175549,0.0,1.0,0.06961863428128325,0.06961863428128325,0.0,0.07032372953906184,0.07032372953906184,0.0,0,0,25,,,,
ellipses,linear,0.5,0,0,50,curvature_proxy_error,25,25,25,0.0024711690847935355,0.0024711690847935355,0.0,1.0,0.0054381224366401495,0.0054381224366401495,0.0,0.005724982198704452,0.005724982198704452,0.0,0,0,25,,,,
ellipses,linear,0.5,0,0,50,facet_gap,25,25,25,0.027832421196268328,0.027832421196268328,0.0,1.0,0.03393262404661633,0.03393262404661633,0.0,0.03694948899461483,0.03694948899461483,0.0,0,0,25,,,,
ellipses,linear,0.5,0,0,50,hausdorff,25,25,25,0.032363266517287,0.032363266517287,0.0,1.0,0.04026327455152305,0.04026327455152305,0.0,0.04156442317362525,0.04156442317362525,0.0,0,0,25,0,0,0,0
ellipses,linear,0.5,0,0,50,tangent_error,25,25,25,0.027445849196642225,0.027445849196642225,0.0,1.0,0.0336969370986256,0.0336969370986256,0.0,0.03428555260725537,0.03428555260725537,0.0,0,0,25,,,,
ellipses,linear,0.5,0.05,0,50,curvature_error,25,25,25,0.050742449007067994,0.050742449007067994,0.0,1.0,0.06961283270268077,0.06961283270268077,0.0,0.07035730136823855,0.07035730136823855,0.0,0,0,25,,,,
ellipses,linear,0.5,0.05,0,50,curvature_proxy_error,25,25,25,0.00240511486366482,0.00240511486366482,0.0,1.0,0.005209224586271525,0.005209224586271525,0.0,0.005607547739617642,0.005607547739617642,0.0,0,0,25,,,,
ellipses,linear,0.5,0.05,0,50,facet_gap,25,25,25,0.028185807087976616,0.028185807087976616,0.0,1.0,0.03780385342953586,0.03780385342953586,0.0,0.039838616074015384,0.039838616074015384,0.0,0,0,25,,,,
ellipses,linear,0.5,0.05,0,50,hausdorff,25,25,25,0.03388064675001168,0.03388064675001168,0.0,1.0,0.04204666382302533,0.04204666382302533,0.0,0.04684270123300023,0.04684270123300023,0.0,0,0,25,0,0,0,0
ellipses,linear,0.5,0.05,0,50,tangent_error,25,25,25,0.02767041567053476,0.02767041567053476,0.0,1.0,0.03475640986329616,0.03475640986329616,0.0,0.03726934510333128,0.03726934510333128,0.0,0,0,25,,,,
ellipses,linear,0.5,0.1,0,50,curvature_error,25,25,25,0.05049002925024201,0.05049002925024201,0.0,1.0,0.06953631607019324,0.06953631607019324,0.0,0.07036481675093645,0.07036481675093645,0.0,0,0,25,,,,
ellipses,linear,0.5,0.1,0,50,curvature_proxy_error,25,25,25,0.002457625867175968,0.002457625867175968,0.0,1.0,0.00532948242497782,0.00532948242497782,0.0,0.009026400975323264,0.009026400975323264,0.0,0,0,25,,,,
ellipses,linear,0.5,0.1,0,50,facet_gap,25,25,25,0.02979771338733337,0.02979771338733337,0.0,1.0,0.04578330428003639,0.04578330428003639,0.0,0.05940487685633937,0.05940487685633937,0.0,0,0,25,,,,
ellipses,linear,0.5,0.1,0,50,hausdorff,25,25,25,0.03294824143369624,0.03294824143369624,0.0,1.0,0.05477642988854975,0.05477642988854975,0.0,8.54613761283313,8.54613761283313,0.0,0,0,25,1,1,0,0
ellipses,linear,0.5,0.1,0,50,tangent_error,25,25,25,0.027416308097016492,0.027416308097016492,0.0,1.0,0.03523468538206082,0.03523468538206082,0.0,0.03678715234213994,0.03678715234213994,0.0,0,0,25,,,,
ellipses,linear,0.5,0.2,0,50,curvature_error,25,25,25,0.04994658699538319,0.04994658699538319,0.0,1.0,0.068687956238739,0.068687956238739,0.0,0.07033763361125593,0.07033763361125593,0.0,0,0,25,,,,
ellipses,linear,0.5,0.2,0,50,curvature_proxy_error,25,25,25,0.003445960871297532,0.003445960871297532,0.0,1.0,0.007763002594112708,0.007763002594112708,0.0,0.013693188212316305,0.013693188212316305,0.0,0,0,25,,,,
ellipses,linear,0.5,0.2,0,50,facet_gap,25,25,25,0.029424806110372324,0.029424806110372324,0.0,1.0,0.04251036246996078,0.04251036246996078,0.0,0.05213815739023457,0.05213815739023457,0.0,0,0,25,,,,
ellipses,linear,0.5,0.2,0,50,hausdorff,25,25,25,0.032319290869471454,0.032319290869471454,0.0,1.0,10.578569199367486,10.578569199367486,0.0,18.320119403474987,18.320119403474987,0.0,0,0,25,2,2,0,0
ellipses,linear,0.5,0.2,0,50,tangent_error,25,25,25,0.02778362376198065,0.02778362376198065,0.0,1.0,0.03577664896163216,0.03577664896163216,0.0,0.03634398315695714,0.03634398315695714,0.0,0,0,25,,,,
ellipses,linear,0.5,0.3,0,50,curvature_error,25,25,25,0.0500676747390882,0.0500676747390882,0.0,1.0,0.06987226046782644,0.06987226046782644,0.0,0.07026516969479374,0.07026516969479374,0.0,0,0,25,,,,
ellipses,linear,0.5,0.3,0,50,curvature_proxy_error,25,25,25,0.004197746017457697,0.004197746017457697,0.0,1.0,0.027003840950135062,0.027003840950135062,0.0,0.3317262340333863,0.3317262340333863,0.0,0,0,25,,,,
ellipses,linear,0.5,0.3,0,50,facet_gap,25,25,25,0.0320508665051514,0.0320508665051514,0.0,1.0,0.04695136678808308,0.04695136678808308,0.0,0.061096165788857536,0.061096165788857536,0.0,0,0,25,,,,
ellipses,linear,0.5,0.3,0,50,hausdorff,25,25,25,0.032024190167680947,0.032024190167680947,0.0,1.0,14.145281323256768,14.145281323256768,0.0,18.36749169601205,18.36749169601205,0.0,0,0,25,3,3,0,0
ellipses,linear,0.5,0.3,0,50,tangent_error,25,25,25,0.028185967461848187,0.028185967461848187,0.0,1.0,0.036070634019708885,0.036070634019708885,0.0,0.037638421670769195,0.037638421670769195,0.0,0,0,25,,,,
ellipses,linear,0.64,0,0,64,curvature_error,25,25,25,0.050567982110149366,0.050567982110149366,0.0,1.0,0.06938179486063074,0.06938179486063074,0.0,0.07105516449038668,0.07105516449038668,0.0,0,0,25,,,,
ellipses,linear,0.64,0,0,64,curvature_proxy_error,25,25,25,0.002359286712185299,0.002359286712185299,0.0,1.0,0.004840783701844841,0.004840783701844841,0.0,0.005259655934790719,0.005259655934790719,0.0,0,0,25,,,,
ellipses,linear,0.64,0,0,64,facet_gap,25,25,25,0.016482687371485866,0.016482687371485866,0.0,1.0,0.018707122816447205,0.018707122816447205,0.0,0.0201558560083103,0.0201558560083103,0.0,0,0,25,,,,
ellipses,linear,0.64,0,0,64,hausdorff,25,25,25,0.018269493611937193,0.018269493611937193,0.0,1.0,0.020914933728972615,0.020914933728972615,0.0,0.021701829343533915,0.021701829343533915,0.0,0,0,25,0,0,0,0
ellipses,linear,0.64,0,0,64,tangent_error,25,25,25,0.022033813617854493,0.022033813617854493,0.0,1.0,0.02736270440730445,0.02736270440730445,0.0,0.028264377054253713,0.028264377054253713,0.0,0,0,25,,,,
ellipses,linear,0.64,0.05,0,64,curvature_error,25,25,25,0.05068135629863512,0.05068135629863512,0.0,1.0,0.06942883313183656,0.06942883313183656,0.0,0.0711177729887251,0.0711177729887251,0.0,0,0,25,,,,
ellipses,linear,0.64,0.05,0,64,curvature_proxy_error,25,25,25,0.0027792247857779465,0.0027792247857779465,0.0,1.0,0.005378324356209115,0.005378324356209115,0.0,0.006977682219923856,0.006977682219923856,0.0,0,0,25,,,,
ellipses,linear,0.64,0.05,0,64,facet_gap,25,25,25,0.01653482201842223,0.01653482201842223,0.0,1.0,0.01971262892643711,0.01971262892643711,0.0,0.021954223896934983,0.021954223896934983,0.0,0,0,25,,,,
ellipses,linear,0.64,0.05,0,64,hausdorff,25,25,25,0.017917467611154186,0.017917467611154186,0.0,1.0,0.02079626961940498,0.02079626961940498,0.0,0.022009950270594384,0.022009950270594384,0.0,0,0,25,0,0,0,0
ellipses,linear,0.64,0.05,0,64,tangent_error,25,25,25,0.021571374964636528,0.021571374964636528,0.0,1.0,0.027466244364307776,0.027466244364307776,0.0,0.028163436990215843,0.028163436990215843,0.0,0,0,25,,,,
ellipses,linear,0.64,0.1,0,64,curvature_error,25,25,25,0.05064520180100499,0.05064520180100499,0.0,1.0,0.0694749119524823,0.0694749119524823,0.0,0.07125829158860918,0.07125829158860918,0.0,0,0,25,,,,
ellipses,linear,0.64,0.1,0,64,curvature_proxy_error,25,25,25,0.002800920389588152,0.002800920389588152,0.0,1.0,0.004769020750535969,0.004769020750535969,0.0,0.006093070873666881,0.006093070873666881,0.0,0,0,25,,,,
ellipses,linear,0.64,0.1,0,64,facet_gap,25,25,25,0.017125545295864287,0.017125545295864287,0.0,1.0,0.01957761849373508,0.01957761849373508,0.0,0.019599234342570007,0.019599234342570007,0.0,0,0,25,,,,
ellipses,linear,0.64,0.1,0,64,hausdorff,25,25,25,0.018334601027584028,0.018334601027584028,0.0,1.0,0.02056414500470005,0.02056414500470005,0.0,0.02377357487355111,0.02377357487355111,0.0,0,0,25,0,0,0,0
ellipses,linear,0.64,0.1,0,64,tangent_error,25,25,25,0.022416595544302607,0.022416595544302607,0.0,1.0,0.02681349765027125,0.02681349765027125,0.0,0.028540793472921357,0.028540793472921357,0.0,0,0,25,,,,
ellipses,linear,0.64,0.2,0,64,curvature_error,25,25,25,0.051205534602153165,0.051205534602153165,0.0,1.0,0.06872986250486623,0.06872986250486623,0.0,0.07140098761346322,0.07140098761346322,0.0,0,0,25,,,,
ellipses,linear,0.64,0.2,0,64,curvature_proxy_error,25,25,25,0.003099619332869008,0.003099619332869008,0.0,1.0,0.011456743706018065,0.011456743706018065,0.0,0.044427884013047564,0.044427884013047564,0.0,0,0,25,,,,
ellipses,linear,0.64,0.2,0,64,facet_gap,25,25,25,0.016942555587389625,0.016942555587389625,0.0,1.0,0.020043778579699453,0.020043778579699453,0.0,0.027156744142728895,0.027156744142728895,0.0,0,0,25,,,,
ellipses,linear,0.64,0.2,0,64,hausdorff,25,25,25,0.018187137825393426,0.018187137825393426,0.0,1.0,0.021404245182671554,0.021404245182671554,0.0,0.026044998056362918,0.026044998056362918,0.0,0,0,25,0,0,0,0
ellipses,linear,0.64,0.2,0,64,tangent_error,25,25,25,0.022365766619436706,0.022365766619436706,0.0,1.0,0.02765959060228519,0.02765959060228519,0.0,0.028438567852482187,0.028438567852482187,0.0,0,0,25,,,,
ellipses,linear,0.64,0.3,0,64,curvature_error,25,25,25,0.051075417192409794,0.051075417192409794,0.0,1.0,0.07073050896401314,0.07073050896401314,0.0,0.07135592766057823,0.07135592766057823,0.0,0,0,25,,,,
ellipses,linear,0.64,0.3,0,64,curvature_proxy_error,25,25,25,0.0044028905616594685,0.0044028905616594685,0.0,1.0,0.009555581853251205,0.009555581853251205,0.0,0.014528767151615184,0.014528767151615184,0.0,0,0,25,,,,
ellipses,linear,0.64,0.3,0,64,facet_gap,25,25,25,0.018116045692271814,0.018116045692271814,0.0,1.0,0.023574143293323746,0.023574143293323746,0.0,0.03396204290989908,0.03396204290989908,0.0,0,0,25,,,,
ellipses,linear,0.64,0.3,0,64,hausdorff,25,25,25,0.019186868794983766,0.019186868794983766,0.0,1.0,0.0249928430151284,0.0249928430151284,0.0,11.383958075354625,11.383958075354625,0.0,0,0,25,1,1,0,0
ellipses,linear,0.64,0.3,0,64,tangent_error,25,25,25,0.02248995267520736,0.02248995267520736,0.0,1.0,0.027807198235610325,0.027807198235610325,0.0,0.02909238220790449,0.02909238220790449,0.0,0,0,25,,,,
ellipses,linear,1,0,0,100,curvature_error,25,25,25,0.05101733942013682,0.05101733942013682,0.0,1.0,0.06961401428199654,0.06961401428199654,0.0,0.07051675740486153,0.07051675740486153,0.0,0,0,25,,,,
ellipses,linear,1,0,0,100,curvature_proxy_error,25,25,25,0.002787284032941491,0.002787284032941491,0.0,1.0,0.004692038458124867,0.004692038458124867,0.0,0.0048947121818376516,0.0048947121818376516,0.0,0,0,25,,,,
ellipses,linear,1,0,0,100,facet_gap,25,25,25,0.006981771312183244,0.006981771312183244,0.0,1.0,0.007939833188971932,0.007939833188971932,0.0,0.008004302525471595,0.008004302525471595,0.0,0,0,25,,,,
ellipses,linear,1,0,0,100,hausdorff,25,25,25,0.007903148083861628,0.007903148083861628,0.0,1.0,0.00933987763908205,0.00933987763908205,0.0,0.011346875412348318,0.011346875412348318,0.0,0,0,25,0,0,0,0
ellipses,linear,1,0,0,100,tangent_error,25,25,25,0.013545716923079336,0.013545716923079336,0.0,1.0,0.01666999525703488,0.01666999525703488,0.0,0.01714578162125632,0.01714578162125632,0.0,0,0,25,,,,
ellipses,linear,1,0.05,0,100,curvature_error,25,25,25,0.05103851738171748,0.05103851738171748,0.0,1.0,0.06967461521003439,0.06967461521003439,0.0,0.07049967023721501,0.07049967023721501,0.0,0,0,25,,,,
ellipses,linear,1,0.05,0,100,curvature_proxy_error,25,25,25,0.0027376681846809497,0.0027376681846809497,0.0,1.0,0.004942276452191217,0.004942276452191217,0.0,0.005263433683216932,0.005263433683216932,0.0,0,0,25,,,,
ellipses,linear,1,0.05,0,100,facet_gap,25,25,25,0.0071300014919121225,0.0071300014919121225,0.0,1.0,0.00861821722331533,0.00861821722331533,0.0,0.00875217191813499,0.00875217191813499,0.0,0,0,25,,,,
ellipses,linear,1,0.05,0,100,hausdorff,25,25,25,0.00785446924274805,0.00785446924274805,0.0,1.0,0.009617788651649889,0.009617788651649889,0.0,0.010807017618840856,0.010807017618840856,0.0,0,0,25,0,0,0,0
ellipses,linear,1,0.05,0,100,tangent_error,25,25,25,0.013728136322223854,0.013728136322223854,0.0,1.0,0.017016175224832845,0.017016175224832845,0.0,0.01806737931373007,0.01806737931373007,0.0,0,0,25,,,,
ellipses,linear,1,0.1,0,100,curvature_error,25,25,25,0.050491733805890886,0.050491733805890886,0.0,1.0,0.06974233680154734,0.06974233680154734,0.0,0.07049114758098989,0.07049114758098989,0.0,0,0,25,,,,
ellipses,linear,1,0.1,0,100,curvature_proxy_error,25,25,25,0.002762070310593001,0.002762070310593001,0.0,1.0,0.0045186186952647575,0.0045186186952647575,0.0,0.005844850918011679,0.005844850918011679,0.0,0,0,25,,,,
ellipses,linear,1,0.1,0,100,facet_gap,25,25,25,0.0071583676830288025,0.0071583676830288025,0.0,1.0,0.008883717955952643,0.008883717955952643,0.0,0.010295448776624947,0.010295448776624947,0.0,0,0,25,,,,
ellipses,linear,1,0.1,0,100,hausdorff,25,25,25,0.007930065888107721,0.007930065888107721,0.0,1.0,0.010445182999802209,0.010445182999802209,0.0,0.012304396563361908,0.012304396563361908,0.0,0,0,25,0,0,0,0
ellipses,linear,1,0.1,0,100,tangent_error,25,25,25,0.013739876828426098,0.013739876828426098,0.0,1.0,0.01697435567490252,0.01697435567490252,0.0,0.01821237168045843,0.01821237168045843,0.0,0,0,25,,,,
ellipses,linear,1,0.2,0,100,curvature_error,25,25,25,0.049654114694107854,0.049654114694107854,0.0,1.0,0.07005390649369893,0.07005390649369893,0.0,0.07049433106547726,0.07049433106547726,0.0,0,0,25,,,,
ellipses,linear,1,0.2,0,100,curvature_proxy_error,25,25,25,0.0034121178229726823,0.0034121178229726823,0.0,1.0,0.0063112226390374445,0.0063112226390374445,0.0,0.006527834780340032,0.006527834780340032,0.0,0,0,25,,,,
ellipses,linear,1,0.2,0,100,facet_gap,25,25,25,0.007222203311609715,0.007222203311609715,0.0,1.0,0.009055428514438952,0.009055428514438952,0.0,0.010375463700701878,0.010375463700701878,0.0,0,0,25,,,,
ellipses,linear,1,0.2,0,100,hausdorff,25,25,25,0.007726500165086682,0.007726500165086682,0.0,1.0,0.009907517683556329,0.009907517683556329,0.0,0.010546273021646516,0.010546273021646516,0.0,0,0,25,0,0,0,0
ellipses,linear,1,0.2,0,100,tangent_error,25,25,25,0.01395915151021318,0.01395915151021318,0.0,1.0,0.01794872555389486,0.01794872555389486,0.0,0.01838758421890247,0.01838758421890247,0.0,0,0,25,,,,
ellipses,linear,1,0.3,0,100,curvature_error,25,25,25,0.050070515027348966,0.050070515027348966,0.0,1.0,0.06995853469106278,0.06995853469106278,0.0,0.07053470477019783,0.07053470477019783,0.0,0,0,25,,,,
ellipses,linear,1,0.3,0,100,curvature_proxy_error,25,25,25,0.0045367956270822365,0.0045367956270822365,0.0,1.0,0.011289656455320249,0.011289656455320249,0.0,0.02842652693402284,0.02842652693402284,0.0,0,0,25,,,,
ellipses,linear,1,0.3,0,100,facet_gap,25,25,25,0.00759539652206366,0.00759539652206366,0.0,1.0,0.009569179579329361,0.009569179579329361,0.0,0.010689090062893689,0.010689090062893689,0.0,0,0,25,,,,
ellipses,linear,1,0.3,0,100,hausdorff,25,25,25,0.007908060463056216,0.007908060463056216,0.0,1.0,0.01159485668876917,0.01159485668876917,0.0,0.012888952461535465,0.012888952461535465,0.0,0,0,25,0,0,0,0
ellipses,linear,1,0.3,0,100,tangent_error,25,25,25,0.014590366521576432,0.014590366521576432,0.0,1.0,0.018361359434488377,0.018361359434488377,0.0,0.01884666705063618,0.01884666705063618,0.0,0,0,25,,,,
ellipses,linear,1.28,0,0,128,curvature_error,25,25,25,0.05051141499940006,0.05051141499940006,0.0,1.0,0.06930981155759487,0.06930981155759487,0.0,0.07070771300448533,0.07070771300448533,0.0,0,0,25,,,,
ellipses,linear,1.28,0,0,128,curvature_proxy_error,25,25,25,0.0024913008130323516,0.0024913008130323516,0.0,1.0,0.006197413521192633,0.006197413521192633,0.0,0.008064196658047515,0.008064196658047515,0.0,0,0,25,,,,
ellipses,linear,1.28,0,0,128,facet_gap,25,25,25,0.0042008641901734875,0.0042008641901734875,0.0,1.0,0.005119003672930819,0.005119003672930819,0.0,0.005146750025889179,0.005146750025889179,0.0,0,0,25,,,,
ellipses,linear,1.28,0,0,128,hausdorff,25,25,25,0.004690122649282121,0.004690122649282121,0.0,1.0,0.006278020279930277,0.006278020279930277,0.0,0.007102666998010092,0.007102666998010092,0.0,0,0,25,0,0,0,0
ellipses,linear,1.28,0,0,128,tangent_error,25,25,25,0.011182882581042053,0.011182882581042053,0.0,1.0,0.013624618539235137,0.013624618539235137,0.0,0.014133943190842761,0.014133943190842761,0.0,0,0,25,,,,
ellipses,linear,1.28,0.05,0,128,curvature_error,25,25,25,0.05050795583435331,0.05050795583435331,0.0,1.0,0.06940566794282946,0.06940566794282946,0.0,0.07072688551388391,0.07072688551388391,0.0,0,0,25,,,,
ellipses,linear,1.28,0.05,0,128,curvature_proxy_error,25,25,25,0.0025168097400080983,0.0025168097400080983,0.0,1.0,0.006381381948170819,0.006381381948170819,0.0,0.007535994532165406,0.007535994532165406,0.0,0,0,25,,,,
ellipses,linear,1.28,0.05,0,128,facet_gap,25,25,25,0.004254478138229955,0.004254478138229955,0.0,1.0,0.005104666278190356,0.005104666278190356,0.0,0.005476889256504676,0.005476889256504676,0.0,0,0,25,,,,
ellipses,linear,1.28,0.05,0,128,hausdorff,25,25,25,0.004731001352714958,0.004731001352714958,0.0,1.0,0.006084705434659756,0.006084705434659756,0.0,0.006750852511512513,0.006750852511512513,0.0,0,0,25,0,0,0,0
ellipses,linear,1.28,0.05,0,128,tangent_error,25,25,25,0.011194208351394449,0.011194208351394449,0.0,1.0,0.01377204501253278,0.01377204501253278,0.0,0.01448183261311077,0.01448183261311077,0.0,0,0,25,,,,
ellipses,linear,1.28,0.1,0,128,curvature_error,25,25,25,0.05051273067304568,0.05051273067304568,0.0,1.0,0.06940662644589991,0.06940662644589991,0.0,0.07074408046349322,0.07074408046349322,0.0,0,0,25,,,,
ellipses,linear,1.28,0.1,0,128,curvature_proxy_error,25,25,25,0.002552425858485724,0.002552425858485724,0.0,1.0,0.007481218111716185,0.007481218111716185,0.0,0.007572992400259354,0.007572992400259354,0.0,0,0,25,,,,
ellipses,linear,1.28,0.1,0,128,facet_gap,25,25,25,0.004479594299988396,0.004479594299988396,0.0,1.0,0.0055798096897313396,0.0055798096897313396,0.0,0.008330097421141295,0.008330097421141295,0.0,0,0,25,,,,
ellipses,linear,1.28,0.1,0,128,hausdorff,25,25,25,0.004848197067255144,0.004848197067255144,0.0,1.0,0.005923141147649995,0.005923141147649995,0.0,0.008498297508977608,0.008498297508977608,0.0,0,0,25,0,0,0,0
ellipses,linear,1.28,0.1,0,128,tangent_error,25,25,25,0.011405557232997032,0.011405557232997032,0.0,1.0,0.01440457828644992,0.01440457828644992,0.0,0.014747009544722032,0.014747009544722032,0.0,0,0,25,,,,
ellipses,linear,1.28,0.2,0,128,curvature_error,25,25,25,0.05071476999260438,0.05071476999260438,0.0,1.0,0.06959719559590286,0.06959719559590286,0.0,0.07078407035920958,0.07078407035920958,0.0,0,0,25,,,,
ellipses,linear,1.28,0.2,0,128,curvature_proxy_error,25,25,25,0.0031569841656914135,0.0031569841656914135,0.0,1.0,0.013404737025368629,0.013404737025368629,0.0,0.015705841677383856,0.015705841677383856,0.0,0,0,25,,,,
ellipses,linear,1.28,0.2,0,128,facet_gap,25,25,25,0.004605390286716075,0.004605390286716075,0.0,1.0,0.005405714481075142,0.005405714481075142,0.0,0.006248557151135558,0.006248557151135558,0.0,0,0,25,,,,
ellipses,linear,1.28,0.2,0,128,hausdorff,25,25,25,0.0049600523515402695,0.0049600523515402695,0.0,1.0,0.006754896654621426,0.006754896654621426,0.0,3.8921704023803096,3.8921704023803096,0.0,0,0,25,1,1,0,0
ellipses,linear,1.28,0.2,0,128,tangent_error,25,25,25,0.011596947741734344,0.011596947741734344,0.0,1.0,0.014018804147247108,0.014018804147247108,0.0,0.014169881648832906,0.014169881648832906,0.0,0,0,25,,,,
ellipses,linear,1.28,0.3,0,128,curvature_error,25,25,25,0.050939708657112226,0.050939708657112226,0.0,1.0,0.06957488367309456,0.06957488367309456,0.0,0.07033790926034862,0.07033790926034862,0.0,0,0,25,,,,
ellipses,linear,1.28,0.3,0,128,curvature_proxy_error,25,25,25,0.0046261475136157165,0.0046261475136157165,0.0,1.0,0.02930667987255966,0.02930667987255966,0.0,0.21832603241271892,0.21832603241271892,0.0,0,0,25,,,,
ellipses,linear,1.28,0.3,0,128,facet_gap,25,25,25,0.0045877162437651395,0.0045877162437651395,0.0,1.0,0.006033955908200465,0.006033955908200465,0.0,0.006280213480847939,0.006280213480847939,0.0,0,0,25,,,,
ellipses,linear,1.28,0.3,0,128,hausdorff,25,25,25,0.004689113840655414,0.004689113840655414,0.0,1.0,0.006475807542252765,0.006475807542252765,0.0,0.006638542581907814,0.006638542581907814,0.0,0,0,25,0,0,0,0
ellipses,linear,1.28,0.3,0,128,tangent_error,25,25,25,0.011074660486788065,0.011074660486788065,0.0,1.0,0.013529165151869298,0.013529165151869298,0.0,0.013820807291532702,0.013820807291532702,0.0,0,0,25,,,,
ellipses,linear,1.5,0,0,150,curvature_error,25,25,25,0.05109473197808789,0.05109473197808789,0.0,1.0,0.0692432683735592,0.0692432683735592,0.0,0.07094027890359254,0.07094027890359254,0.0,0,0,25,,,,
ellipses,linear,1.5,0,0,150,curvature_proxy_error,25,25,25,0.0023557332847421245,0.0023557332847421245,0.0,1.0,0.00514931813278493,0.00514931813278493,0.0,0.007473857870294663,0.007473857870294663,0.0,0,0,25,,,,
ellipses,linear,1.5,0,0,150,facet_gap,25,25,25,0.0031172241139838974,0.0031172241139838974,0.0,1.0,0.004094583424341275,0.004094583424341275,0.0,0.0041743716320434094,0.0041743716320434094,0.0,0,0,25,,,,
ellipses,linear,1.5,0,0,150,hausdorff,25,25,25,0.0036124632329222906,0.0036124632329222906,0.0,1.0,0.0044025290076329555,0.0044025290076329555,0.0,0.004436293616986063,0.004436293616986063,0.0,0,0,25,0,0,0,0
ellipses,linear,1.5,0,0,150,tangent_error,25,25,25,0.009661649036797872,0.009661649036797872,0.0,1.0,0.012099924923816587,0.012099924923816587,0.0,0.012824108956229083,0.012824108956229083,0.0,0,0,25,,,,
ellipses,linear,1.5,0.05,0,150,curvature_error,25,25,25,0.05103256502748514,0.05103256502748514,0.0,1.0,0.06923610177724912,0.06923610177724912,0.0,0.07091942803406424,0.07091942803406424,0.0,0,0,25,,,,
ellipses,linear,1.5,0.05,0,150,curvature_proxy_error,25,25,25,0.002649252519559643,0.002649252519559643,0.0,1.0,0.004991066698500304,0.004991066698500304,0.0,0.00748882353720981,0.00748882353720981,0.0,0,0,25,,,,
ellipses,linear,1.5,0.05,0,150,facet_gap,25,25,25,0.00320945886144147,0.00320945886144147,0.0,1.0,0.003944812130438538,0.003944812130438538,0.0,0.004192151372096831,0.004192151372096831,0.0,0,0,25,,,,
ellipses,linear,1.5,0.05,0,150,hausdorff,25,25,25,0.003594449323750027,0.003594449323750027,0.0,1.0,0.004504323526107557,0.004504323526107557,0.0,0.004637040789806054,0.004637040789806054,0.0,0,0,25,0,0,0,0
ellipses,linear,1.5,0.05,0,150,tangent_error,25,25,25,0.009634271370901896,0.009634271370901896,0.0,1.0,0.01229377989796899,0.01229377989796899,0.0,0.012479282843101295,0.012479282843101295,0.0,0,0,25,,,,
ellipses,linear,1.5,0.1,0,150,curvature_error,25,25,25,0.05033895748418161,0.05033895748418161,0.0,1.0,0.06888123612316518,0.06888123612316518,0.0,0.07090128751758917,0.07090128751758917,0.0,0,0,25,,,,
ellipses,linear,1.5,0.1,0,150,curvature_proxy_error,25,25,25,0.00277889405053712,0.00277889405053712,0.0,1.0,0.006001040940552699,0.006001040940552699,0.0,0.006549252916226947,0.006549252916226947,0.0,0,0,25,,,,
ellipses,linear,1.5,0.1,0,150,facet_gap,25,25,25,0.003456154932879266,0.003456154932879266,0.0,1.0,0.005384421832241923,0.005384421832241923,0.0,0.006478971563138373,0.006478971563138373,0.0,0,0,25,,,,
ellipses,linear,1.5,0.1,0,150,hausdorff,25,25,25,0.003720174360385012,0.003720174360385012,0.0,1.0,0.01842571269870025,0.01842571269870025,0.0,10.916116270102071,10.916116270102071,0.0,0,0,25,1,1,0,0
ellipses,linear,1.5,0.1,0,150,tangent_error,25,25,25,0.009715656603671467,0.009715656603671467,0.0,1.0,0.012216087641512871,0.012216087641512871,0.0,0.01341723045470866,0.01341723045470866,0.0,0,0,25,,,,
ellipses,linear,1.5,0.2,0,150,curvature_error,25,25,25,0.05023852506849745,0.05023852506849745,0.0,1.0,0.06902779795995537,0.06902779795995537,0.0,0.07086783350359184,0.07086783350359184,0.0,0,0,25,,,,
ellipses,linear,1.5,0.2,0,150,curvature_proxy_error,25,25,25,0.003384531932768421,0.003384531932768421,0.0,1.0,0.007624511131558017,0.007624511131558017,0.0,0.01095000912553419,0.01095000912553419,0.0,0,0,25,,,,
ellipses,linear,1.5,0.2,0,150,facet_gap,25,25,25,0.0033550566877880374,0.0033550566877880374,0.0,1.0,0.004034701968083674,0.004034701968083674,0.0,0.004297271854062151,0.004297271854062151,0.0,0,0,25,,,,
ellipses,linear,1.5,0.2,0,150,hausdorff,25,25,25,0.0035863952667275737,0.0035863952667275737,0.0,1.0,0.004455923372226018,0.004455923372226018,0.0,0.004591085363425243,0.004591085363425243,0.0,0,0,25,0,0,0,0
ellipses,linear,1.5,0.2,0,150,tangent_error,25,25,25,0.009633684869494601,0.009633684869494601,0.0,1.0,0.01223764094278872,0.01223764094278872,0.0,0.012874609397225633,0.012874609397225633,0.0,0,0,25,,,,
ellipses,linear,1.5,0.3,0,150,curvature_error,25,25,25,0.05026063799065636,0.05026063799065636,0.0,1.0,0.07004247257072489,0.07004247257072489,0.0,0.07039580313632952,0.07039580313632952,0.0,0,0,25,,,,
ellipses,linear,1.5,0.3,0,150,curvature_proxy_error,25,25,25,0.004938759511883974,0.004938759511883974,0.0,1.0,0.013206047913793997,0.013206047913793997,0.0,0.38595665129335466,0.38595665129335466,0.0,0,0,25,,,,
ellipses,linear,1.5,0.3,0,150,facet_gap,25,25,25,0.0035510454133254694,0.0035510454133254694,0.0,1.0,0.004096944811487647,0.004096944811487647,0.0,0.004282959864103167,0.004282959864103167,0.0,0,0,25,,,,
ellipses,linear,1.5,0.3,0,150,hausdorff,25,25,25,0.003587081707874068,0.003587081707874068,0.0,1.0,0.004298487199582129,0.004298487199582129,0.0,0.004371076892772751,0.004371076892772751,0.0,0,0,25,0,0,0,0
ellipses,linear,1.5,0.3,0,150,tangent_error,25,25,25,0.009878761555441649,0.009878761555441649,0.0,1.0,0.01235283683242519,0.01235283683242519,0.0,0.013382385915202659,0.013382385915202659,0.0,0,0,25,,,,
lines,linear,0.32,0,0,32,facet_gap,25,25,25,2.675985079171418e-10,2.675985079171418e-10,0.0,1.0,8.752284235576733e-10,8.752284235576733e-10,0.0,1.2962379452998432e-09,1.2962379452998432e-09,0.0,0,0,25,,,,
lines,linear,0.32,0,0,32,hausdorff,25,25,25,2.1692492921777265e-10,2.1692492921777265e-10,0.0,1.0,5.884215223739627e-10,5.884215223739627e-10,0.0,1.1854892388064213e-09,1.1854892388064213e-09,0.0,0,0,25,0,0,0,0
lines,linear,0.32,0.05,0,32,facet_gap,25,25,25,2.546995084367005e-10,2.546995084367005e-10,0.0,1.0,1.04126153291642e-09,1.04126153291642e-09,0.0,1.2581911726371351e-09,1.2581911726371351e-09,0.0,0,0,25,,,,
lines,linear,0.32,0.05,0,32,hausdorff,25,25,25,1.7655605348620247e-10,1.7655605348620247e-10,0.0,1.0,7.537609404986196e-10,7.537609404986196e-10,0.0,1.423845939977627e-09,1.423845939977627e-09,0.0,0,0,25,0,0,0,0
lines,linear,0.32,0.1,0,32,facet_gap,25,25,25,1.726521094880298e-10,1.726521094880298e-10,0.0,1.0,6.137200209875733e-10,6.137200209875733e-10,0.0,5.875612921374906e-09,5.875612921374906e-09,0.0,0,0,25,,,,
lines,linear,0.32,0.1,0,32,hausdorff,25,25,25,1.6944472842766e-10,1.6944472842766e-10,0.0,1.0,4.308216540849589e-10,4.308216540849589e-10,0.0,3.655988477768327e-09,3.655988477768327e-09,0.0,0,0,25,0,0,0,0
lines,linear,0.32,0.2,0,32,facet_gap,25,25,25,2.2413361251851403e-10,2.2413361251851403e-10,0.0,1.0,7.81407353407936e-10,7.81407353407936e-10,0.0,0.402720609031548,0.402720609031548,0.0,0,0,25,,,,
lines,linear,0.32,0.2,0,32,hausdorff,25,25,25,1.722217041592041e-10,1.722217041592041e-10,0.0,1.0,5.325912231061754e-10,5.325912231061754e-10,0.0,0.17341654249456787,0.17341654249456787,0.0,0,0,25,0,0,0,0
lines,linear,0.32,0.3,0,32,facet_gap,25,25,25,1.9619798952274876e-10,1.9619798952274876e-10,0.0,1.0,8.086318997527928e-10,8.086318997527928e-10,0.0,0.38521097323612696,0.38521097323612696,0.0,0,0,25,,,,
lines,linear,0.32,0.3,0,32,hausdorff,25,25,25,1.3945815734457578e-10,1.3945815734457578e-10,0.0,1.0,5.959091659304171e-10,5.959091659304171e-10,0.0,0.15834231659926484,0.15834231659926484,0.0,0,0,25,0,0,0,0
lines,linear,0.5,0,0,50,facet_gap,25,25,25,3.471097867489062e-10,3.471097867489062e-10,0.0,1.0,4.368354692860493e-09,4.368354692860493e-09,0.0,5.754460301753946e-09,5.754460301753946e-09,0.0,0,0,25,,,,
lines,linear,0.5,0,0,50,hausdorff,25,25,25,2.510096087656446e-10,2.510096087656446e-10,0.0,1.0,2.44020379820694e-09,2.44020379820694e-09,0.0,3.1611731115187397e-09,3.1611731115187397e-09,0.0,0,0,25,0,0,0,0
lines,linear,0.5,0.05,0,50,facet_gap,25,25,25,2.56619758081275e-10,2.56619758081275e-10,0.0,1.0,7.583567039247372e-10,7.583567039247372e-10,0.0,9.992508136168259e-10,9.992508136168259e-10,0.0,0,0,25,,,,
lines,linear,0.5,0.05,0,50,hausdorff,25,25,25,1.9065100870896492e-10,1.9065100870896492e-10,0.0,1.0,5.141841779694577e-10,5.141841779694577e-10,0.0,7.894439261706947e-10,7.894439261706947e-10,0.0,0,0,25,0,0,0,0
lines,linear,0.5,0.1,0,50,facet_gap,25,25,25,2.77503711444712e-10,2.77503711444712e-10,0.0,1.0,1.5576626149001704e-09,1.5576626149001704e-09,0.0,3.3101361286439857e-09,3.3101361286439857e-09,0.0,0,0,25,,,,
lines,linear,0.5,0.1,0,50,hausdorff,25,25,25,2.342335916312008e-10,2.342335916312008e-10,0.0,1.0,1.313774923159595e-09,1.313774923159595e-09,0.0,3.000036456991384e-09,3.000036456991384e-09,0.0,0,0,25,0,0,0,0
lines,linear,0.5,0.2,0,50,facet_gap,25,25,25,2.3255752627470632e-10,2.3255752627470632e-10,0.0,1.0,2.1910691363027672e-09,2.1910691363027672e-09,0.0,3.881395484404135e-09,3.881395484404135e-09,0.0,0,0,25,,,,
lines,linear,0.5,0.2,0,50,hausdorff,25,25,25,2.0419479069804956e-10,2.0419479069804956e-10,0.0,1.0,2.466772195192734e-09,2.466772195192734e-09,0.0,3.462745722617155e-09,3.462745722617155e-09,0.0,0,0,25,0,0,0,0
lines,linear,0.5,0.3,0,50,facet_gap,25,25,25,3.2797401240914945e-10,3.2797401240914945e-10,0.0,1.0,1.1702574162106963e-09,1.1702574162106963e-09,0.0,3.071979735686693e-09,3.071979735686693e-09,0.0,0,0,25,,,,
lines,linear,0.5,0.3,0,50,hausdorff,25,25,25,2.4480437619663336e-10,2.4480437619663336e-10,0.0,1.0,1.1408735874281911e-09,1.1408735874281911e-09,0.0,2.224680655466957e-09,2.224680655466957e-09,0.0,0,0,25,0,0,0,0
lines,linear,0.64,0,0,64,facet_gap,25,25,25,3.3904355694942334e-10,3.3904355694942334e-10,0.0,1.0,1.3840563464402344e-09,1.3840563464402344e-09,0.0,1.9974694685997007e-09,1.9974694685997007e-09,0.0,0,0,25,,,,
lines,linear,0.64,0,0,64,hausdorff,25,25,25,2.7051493884480563e-10,2.7051493884480563e-10,0.0,1.0,1.255687579006446e-09,1.255687579006446e-09,0.0,1.4464747196865072e-09,1.4464747196865072e-09,0.0,0,0,25,0,0,0,0
lines,linear,0.64,0.05,0,64,facet_gap,25,25,25,2.931838534687714e-10,2.931838534687714e-10,0.0,1.0,9.195068470753535e-10,9.195068470753535e-10,0.0,1.0178209759620685e-09,1.0178209759620685e-09,0.0,0,0,25,,,,
lines,linear,0.64,0.05,0,64,hausdorff,25,25,25,2.4419624888940796e-10,2.4419624888940796e-10,0.0,1.0,7.1552283925088e-10,7.1552283925088e-10,0.0,7.747271813889092e-10,7.747271813889092e-10,0.0,0,0,25,0,0,0,0
lines,linear,0.64,0.1,0,64,facet_gap,25,25,25,3.3345576286607705e-10,3.3345576286607705e-10,0.0,1.0,1.2921562114344553e-09,1.2921562114344553e-09,0.0,1.446631959892673e-09,1.446631959892673e-09,0.0,0,0,25,,,,
lines,linear,0.64,0.1,0,64,hausdorff,25,25,25,2.796730869560626e-10,2.796730869560626e-10,0.0,1.0,1.2546081533376962e-09,1.2546081533376962e-09,0.0,1.438354844899331e-09,1.438354844899331e-09,0.0,0,0,25,0,0,0,0
lines,linear,0.64,0.2,0,64,facet_gap,25,25,25,2.8189383155775123e-10,2.8189383155775123e-10,0.0,1.0,2.2860101605496193e-09,2.2860101605496193e-09,0.0,0.09490372405924866,0.09490372405924866,0.0,0,0,25,,,,
lines,linear,0.64,0.2,0,64,hausdorff,25,25,25,2.0363786974625204e-10,2.0363786974625204e-10,0.0,1.0,2.0871210077825292e-09,2.0871210077825292e-09,0.0,0.05237896489259506,0.05237896489259506,0.0,0,0,25,0,0,0,0
lines,linear,0.64,0.3,0,64,facet_gap,25,25,25,3.455935057027002e-10,3.455935057027002e-10,0.0,1.0,2.963709278304768e-09,2.963709278304768e-09,0.0,0.08445773484096229,0.08445773484096229,0.0,0,0,25,,,,
lines,linear,0.64,0.3,0,64,hausdorff,25,25,25,2.58778109811495e-10,2.58778109811495e-10,0.0,1.0,3.3761782261042188e-09,3.3761782261042188e-09,0.0,0.0490641892864638,0.0490641892864638,0.0,0,0,25,0,0,0,0
lines,linear,1,0,0,100,facet_gap,25,25,25,5.060082940309471e-10,5.060082940309471e-10,0.0,1.0,1.2406632533783565e-09,1.2406632533783565e-09,0.0,1.390560438486556e-09,1.390560438486556e-09,0.0,0,0,25,,,,
lines,linear,1,0,0,100,hausdorff,25,25,25,4.356023221068879e-10,4.356023221068879e-10,0.0,1.0,7.682410135817194e-10,7.682410135817194e-10,0.0,9.727812735232667e-10,9.727812735232667e-10,0.0,0,0,25,0,0,0,0
lines,linear,1,0.05,0,100,facet_gap,25,25,25,5.26672930035099e-10,5.26672930035099e-10,0.0,1.0,1.5230926998636695e-09,1.5230926998636695e-09,0.0,1.2664352842996845e-08,1.2664352842996845e-08,0.0,0,0,25,,,,
lines,linear,1,0.05,0,100,hausdorff,25,25,25,4.139781831509165e-10,4.139781831509165e-10,0.0,1.0,1.1688932073215527e-09,1.1688932073215527e-09,0.0,1.0620090087606643e-08,1.0620090087606643e-08,0.0,0,0,25,0,0,0,0
lines,linear,1,0.1,0,100,facet_gap,25,25,25,5.337549200409186e-10,5.337549200409186e-10,0.0,1.0,1.4983176567162871e-09,1.4983176567162871e-09,0.0,2.224261214553024e-09,2.224261214553024e-09,0.0,0,0,25,,,,
lines,linear,1,0.1,0,100,hausdorff,25,25,25,4.556917052293766e-10,4.556917052293766e-10,0.0,1.0,1.0913523932817697e-09,1.0913523932817697e-09,0.0,2.01067300598439e-09,2.01067300598439e-09,0.0,0,0,25,0,0,0,0
lines,linear,1,0.2,0,100,facet_gap,25,25,25,4.923787588630107e-10,4.923787588630107e-10,0.0,1.0,3.6491983231074315e-09,3.6491983231074315e-09,0.0,0.022301786539319475,0.022301786539319475,0.0,0,0,25,,,,
lines,linear,1,0.2,0,100,hausdorff,25,25,25,4.401955837082418e-10,4.401955837082418e-10,0.0,1.0,2.216220673751372e-09,2.216220673751372e-09,0.0,0.021672656819466365,0.021672656819466365,0.0,0,0,25,0,0,0,0
lines,linear,1,0.3,0,100,facet_gap,25,25,25,5.711938071224415e-10,5.711938071224415e-10,0.0,1.0,0.007392968600986058,0.007392968600986058,0.0,0.021802421550082766,0.021802421550082766,0.0,0,0,25,,,,
lines,linear,1,0.3,0,100,hausdorff,25,25,25,4.4782535241637754e-10,4.4782535241637754e-10,0.0,1.0,0.01703620528547462,0.01703620528547462,0.0,0.8526813074023213,0.8526813074023213,0.0,0,0,25,0,0,0,0
lines,linear,1.28,0,0,128,facet_gap,25,25,25,7.201014458111923e-10,7.201014458111923e-10,0.0,1.0,1.0655167495253584e-09,1.0655167495253584e-09,0.0,1.292974858306213e-09,1.292974858306213e-09,0.0,0,0,25,,,,
lines,linear,1.28,0,0,128,hausdorff,25,25,25,4.897331939314116e-10,4.897331939314116e-10,0.0,1.0,9.056225405525711e-10,9.056225405525711e-10,0.0,1.461866033567709e-09,1.461866033567709e-09,0.0,0,0,25,0,0,0,0
lines,linear,1.28,0.05,0,128,facet_gap,25,25,25,6.024548829137628e-10,6.024548829137628e-10,0.0,1.0,2.181124973172861e-09,2.181124973172861e-09,0.0,3.9202712089968375e-09,3.9202712089968375e-09,0.0,0,0,25,,,,
lines,linear,1.28,0.05,0,128,hausdorff,25,25,25,4.975944882627439e-10,4.975944882627439e-10,0.0,1.0,1.756139165692782e-09,1.756139165692782e-09,0.0,3.090497714366255e-09,3.090497714366255e-09,0.0,0,0,25,0,0,0,0
lines,linear,1.28,0.1,0,128,facet_gap,25,25,25,6.120083893661928e-10,6.120083893661928e-10,0.0,1.0,1.4594878592419262e-08,1.4594878592419262e-08,0.0,3.320115940655474e-08,3.320115940655474e-08,0.0,0,0,25,,,,
lines,linear,1.28,0.1,0,128,hausdorff,25,25,25,4.79733925741282e-10,4.79733925741282e-10,0.0,1.0,9.318152095107275e-09,9.318152095107275e-09,0.0,2.8441327195176615e-08,2.8441327195176615e-08,0.0,0,0,25,0,0,0,0
lines,linear,1.28,0.2,0,128,facet_gap,25,25,25,5.985152750743902e-10,5.985152750743902e-10,0.0,1.0,8.777768645937173e-10,8.777768645937173e-10,0.0,1.2561220367173257e-09,1.2561220367173257e-09,0.0,0,0,25,,,,
lines,linear,1.28,0.2,0,128,hausdorff,25,25,25,4.739457145763263e-10,4.739457145763263e-10,0.0,1.0,6.878715549061485e-10,6.878715549061485e-10,0.0,7.358914879232502e-10,7.358914879232502e-10,0.0,0,0,25,0,0,0,0
lines,linear,1.28,0.3,0,128,facet_gap,25,25,25,5.769441113315823e-10,5.769441113315823e-10,0.0,1.0,3.1984834037825155e-09,3.1984834037825155e-09,0.0,8.741467289339492e-09,8.741467289339492e-09,0.0,0,0,25,,,,
lines,linear,1.28,0.3,0,128,hausdorff,25,25,25,4.708152963793264e-10,4.708152963793264e-10,0.0,1.0,1.9543646677403264e-09,1.9543646677403264e-09,0.0,5.952420945681577e-09,5.952420945681577e-09,0.0,0,0,25,0,0,0,0
lines,linear,1.5,0,0,150,facet_gap,25,25,25,1.0519688891377726e-09,1.0519688891377726e-09,0.0,1.0,2.4942739470606426e-09,2.4942739470606426e-09,0.0,2.573836496392397e-09,2.573836496392397e-09,0.0,0,0,25,,,,
lines,linear,1.5,0,0,150,hausdorff,25,25,25,8.15176465675542e-10,8.15176465675542e-10,0.0,1.0,2.027405810275966e-09,2.027405810275966e-09,0.0,2.4141165973133336e-09,2.4141165973133336e-09,0.0,0,0,25,0,0,0,0
lines,linear,1.5,0.05,0,150,facet_gap,25,25,25,8.198810037241008e-10,8.198810037241008e-10,0.0,1.0,4.255442316682601e-09,4.255442316682601e-09,0.0,2.0718002748969314e-08,2.0718002748969314e-08,0.0,0,0,25,,,,
lines,linear,1.5,0.05,0,150,hausdorff,25,25,25,6.512479000510591e-10,6.512479000510591e-10,0.0,1.0,2.695333765444419e-09,2.695333765444419e-09,0.0,1.370146428789112e-08,1.370146428789112e-08,0.0,0,0,25,0,0,0,0
lines,linear,1.5,0.1,0,150,facet_gap,25,25,25,7.607576452503359e-10,7.607576452503359e-10,0.0,1.0,4.963277916109664e-09,4.963277916109664e-09,0.0,8.15273001015971e-09,8.15273001015971e-09,0.0,0,0,25,,,,
lines,linear,1.5,0.1,0,150,hausdorff,25,25,25,6.272041019428897e-10,6.272041019428897e-10,0.0,1.0,2.6700711038067774e-09,2.6700711038067774e-09,0.0,4.819092428522948e-09,4.819092428522948e-09,0.0,0,0,25,0,0,0,0
lines,linear,1.5,0.2,0,150,facet_gap,25,25,25,6.772989333050165e-10,6.772989333050165e-10,0.0,1.0,6.041129768560282e-09,6.041129768560282e-09,0.0,2.496151394343732e-08,2.496151394343732e-08,0.0,0,0,25,,,,
lines,linear,1.5,0.2,0,150,hausdorff,25,25,25,5.284487798583362e-10,5.284487798583362e-10,0.0,1.0,4.736782404075168e-09,4.736782404075168e-09,0.0,1.6916278440366166e-08,1.6916278440366166e-08,0.0,0,0,25,0,0,0,0
lines,linear,1.5,0.3,0,150,facet_gap,25,25,25,6.439262650324516e-10,6.439262650324516e-10,0.0,1.0,4.069812408749142e-09,4.069812408749142e-09,0.0,0.011104300451036619,0.011104300451036619,0.0,0,0,25,,,,
lines,linear,1.5,0.3,0,150,hausdorff,25,25,25,5.587726088321854e-10,5.587726088321854e-10,0.0,1.0,1.2354731482329767e-07,1.2354731482329767e-07,0.0,0.010429582650041302,0.010429582650041302,0.0,0,0,25,0,0,0,0
squares,circular,0.5,0,0,50,area_error,25,25,25,0.019603226735343295,1.7679189904827043e-11,-0.019603226717664103,9.018510137901255e-10,0.04367276801909803,1.4495604339612212e-10,-0.04367276787414199,0.0500290807652704,1.0132020824405462e-08,-0.05002907063324957,25,0,0,,,,
squares,circular,0.5,0,0,50,facet_gap,25,25,25,0.056516891778771235,0.056516891778771235,0.0,1.0,0.16188182203161697,0.16188182203163853,2.1566082253343666e-14,0.20195865033229776,0.20195865033229776,0.0,0,0,25,,,,
squares,circular,0.5,0,0,50,hausdorff,25,25,25,0.5123574899372285,0.5123574899372285,0.0,1.0,0.7522774702129684,0.7522774702129684,0.0,0.8151808669449159,0.8151808669449159,0.0,0,0,25,0,0,0,0
squares,circular,0.5,0.05,0,50,area_error,25,25,25,0.01841977818984164,3.485331190793489e-11,-0.01841977815498833,1.8921678398470733e-09,0.05327279664462828,1.3880084761992426e-10,-0.05327279650582743,0.058040292499687424,2.9221838196626903e-10,-0.05804029220746904,25,0,0,,,,
squares,circular,0.5,0.05,0,50,facet_gap,25,25,25,0.059667999809019934,0.05966799980901599,-3.941291737419306e-15,0.9999999999999339,0.13983192343860082,0.13983192343861292,1.2101430968414206e-14,0.14081836339650225,0.14081836339650225,0.0,0,1,24,,,,
squares,circular,0.5,0.05,0,50,hausdorff,25,25,25,0.5363276555364146,0.5363276555364146,0.0,1.0,0.7158049279305239,0.7158049279305239,0.0,0.731078410785766,0.731078410785766,0.0,0,1,24,0,0,0,0
squares,circular,0.5,0.1,0,50,area_error,25,25,25,0.018929194094766153,1.6040828127767558e-11,-0.018929194078725325,8.474121004550734e-10,0.04894818054151425,1.3214384032633298e-10,-0.04894818040937041,0.055137995001644007,3.777117193421753e-10,-0.05513799462393229,25,0,0,,,,
squares,circular,0.5,0.1,0,50,facet_gap,25,25,25,0.0603865825879929,0.0603865825879929,0.0,1.0,0.13834275311322977,0.13834275311322672,-3.0531133177191805e-15,0.14671642009862332,0.1467164200983323,-2.9101721032986916e-13,0,0,25,,,,
squares,circular,0.5,0.1,0,50,hausdorff,25,25,25,0.5386650772945734,0.5386650772945734,0.0,1.0,0.6649875421121719,0.664987542112172,1.1102230246251565e-16,0.6939376137067326,0.6939376137067326,0.0,0,0,25,0,0,0,0
squares,circular,0.5,0.2,0,50,area_error,25,25,25,0.01603756281171924,5.0993143036196236e-11,-0.016037562760726095,3.1796067541468125e-09,0.25248203336318553,1.4692878667273511e-09,-0.2524820318938977,0.4408630027441895,2.6542249323717537e-08,-0.44086297620194015,25,0,0,,,,
squares,circular,0.5,0.2,0,50,facet_gap,25,25,25,0.06671542822405321,0.06671542822405321,0.0,1.0,0.14438989177544334,0.14438989177544354,1.942890293094024e-16,0.14733605231649474,0.14733605231648397,-1.0769163338864018e-14,0,0,25,,,,
squares,circular,0.5,0.2,0,50,hausdorff,25,25,25,0.5468429082528621,0.5468429082529069,4.4853010194856324e-14,1.000000000000082,0.6851328374355758,0.6851328374355314,-4.440892098500626e-14,0.7338740152391099,0.7338740152391099,0.0,0,0,25,0,0,0,0
squares,circular,0.5,0.3,0,50,area_error,25,25,25,0.01968055675836542,2.165354900035301e-11,-0.01968055673671187,1.1002508346797125e-09,0.4062703733454547,4.18821250850623e-09,-0.4062703691572422,0.6118751012641838,8.3218827414927e-09,-0.611875092942301,25,0,0,,,,
squares,circular,0.5,0.3,0,50,facet_gap,25,25,25,0.059542963828259625,0.059542963828259625,0.0,1.0,0.1490698532552797,0.14906985325528843,8.743006318923108e-15,0.2599342237891289,0.2599342237891307,1.8318679906315083e-15,0,0,25,,,,
squares,circular,0.5,0.3,0,50,hausdorff,25,25,25,0.5609343210506812,0.5609343210506812,0.0,1.0,1.0321556975306247,1.0321556975301929,-4.318767565791859e-13,1.8250257623172632,1.8250257623172632,0.0,0,0,25,2,2,0,0
squares,circular,0.64,0,0,64,area_error,25,25,25,0.014212427891267263,1.5812395958137932e-11,-0.014212427875454866,1.1125752812335293e-09,0.031022265883546857,2.944161058291327e-10,-0.03102226558913075,0.04062995778636233,9.529092744601633e-10,-0.04062995683345306,25,0,0,,,,
squares,circular,0.64,0,0,64,facet_gap,25,25,25,0.03774652537404085,0.03774652537404085,0.0,1.0,0.08258416153125124,0.08258416153125088,-3.608224830031759e-16,0.08921144936578868,0.08921144936578868,0.0,0,0,25,,,,
squares,circular,0.64,0,0,64,hausdorff,25,25,25,0.40922281739220656,0.40922281739220656,0.0,1.0,0.49606265058974547,0.49606265058974547,0.0,0.607829246752919,0.607829246752919,0.0,0,0,25,0,0,0,0
squares,circular,0.64,0.05,0,64,area_error,25,25,25,0.015286558252237122,3.4744514581231217e-11,-0.015286558217492608,2.2728801348169073e-09,0.03295599727526491,3.7097429391858477e-10,-0.032955996904290616,0.039228524097908786,1.5888334102084577e-08,-0.039228508209574686,25,0,0,,,,
squares,circular,0.64,0.05,0,64,facet_gap,25,25,25,0.03823575507581472,0.03823575507581348,-1.2420620087993939e-15,0.9999999999999675,0.08229964736285833,0.0822996473628648,6.467049118441537e-15,0.1004683370157928,0.10046833701578568,-7.119305145408816e-15,0,0,25,,,,
squares,circular,0.64,0.05,0,64,hausdorff,25,25,25,0.4140627547954243,0.41406275479543586,1.1546319456101628e-14,1.000000000000028,0.4920127079764116,0.4920127079764116,0.0,0.5651380209219892,0.5651380209219892,0.0,0,0,25,0,0,0,0
squares,circular,0.64,0.1,0,64,area_error,25,25,25,0.013236318215282004,1.6807576122389842e-11,-0.013236318198474428,1.2698074985069971e-09,0.03856469571831467,2.834984495588603e-10,-0.03856469543481622,0.08174928207124973,1.631179190134758e-09,-0.08174928044007054,25,0,0,,,,
squares,circular,0.64,0.1,0,64,facet_gap,25,25,25,0.03944074863863404,0.03944074863862825,-5.7870375158586285e-15,0.9999999999998532,0.08064511983015166,0.08064511983014352,-8.132383655379272e-15,0.08881970647266563,0.08881970647266563,0.0,1,0,24,,,,
squares,circular,0.64,0.1,0,64,hausdorff,25,25,25,0.40547561440503066,0.4054756144050302,-4.440892098500626e-16,0.9999999999999989,0.4913773247074943,0.4913773247074943,0.0,0.5826705964486255,0.5826705964486255,0.0,0,0,25,0,0,0,0
squares,circular,0.64,0.2,0,64,area_error,25,25,25,0.01784272589738849,2.6243724791057922e-11,-0.017842725871144764,1.4708360674250466e-09,0.04037636120407558,9.71004224841618e-10,-0.04037636023307136,0.09979903333398255,1.1619821186037157e-09,-0.09979903217200042,25,0,0,,,,
squares,circular,0.64,0.2,0,64,facet_gap,25,25,25,0.03709993397393066,0.03709993397393294,2.282896094385478e-15,1.0000000000000615,0.0803012904452327,0.08030129044523811,5.412337245047638e-15,0.08314638159797053,0.08314638159797276,2.2343238370581275e-15,0,0,25,,,,
squares,circular,0.64,0.2,0,64,hausdorff,25,25,25,0.4138403639909949,0.4138403639909949,0.0,1.0,0.5077737482597433,0.5077737482597433,0.0,0.6590663644596665,0.6590663644596665,0.0,0,0,25,0,0,0,0
squares,circular,0.64,0.3,0,64,area_error,25,25,25,0.016933508213533125,1.840535428472296e-11,-0.01693350819512777,1.086919145910565e-09,0.11112360332115952,1.7058433152817912e-09,-0.1111236016153162,0.35173675352260303,3.792853585789989e-08,-0.35173671559406716,25,0,0,,,,
squares,circular,0.64,0.3,0,64,facet_gap,25,25,25,0.03943998160219866,0.03943998160219866,0.0,1.0,0.08196974947494672,0.08196974947495106,4.343747583845925e-15,0.14050313891519822,0.14050313891519822,0.0,0,0,25,,,,
squares,circular,0.64,0.3,0,64,hausdorff,25,25,25,0.4669513683276583,0.4669513683276583,0.0,1.0,1.0358662076353053,1.0358662076353053,0.0,1.485986861861955,1.485986861861955,0.0,0,0,25,2,2,0,0
squares,circular,1,0,0,100,area_error,25,25,25,0.008712449747855714,2.5511400367488217e-11,-0.008712449722344313,2.9281546643947094e-09,0.01740583606890942,8.565263918957324e-10,-0.01740583521238303,0.02095088055475998,8.89265788066653e-09,-0.020950871662102098,25,0,0,,,,
squares,circular,1,0,0,100,facet_gap,25,25,25,0.015418419992633867,0.015288533431052019,-0.00012988656158184793,0.9915758838036647,0.0422205138740145,0.0422205138740145,0.0,0.04624055276428651,0.046240552764289906,3.3931191190106347e-15,1,0,24,,,,
squares,circular,1,0,0,100,hausdorff,25,25,25,0.2680975288528448,0.2680975288528448,0.0,1.0,0.3199089768927659,0.3199089768927659,0.0,0.3548444325617079,0.3548444325617079,0.0,0,1,24,0,0,0,0
squares,circular,1,0.05,0,100,area_error,25,25,25,0.009875161835312372,2.2187184903361452e-11,-0.009875161813125187,2.246766713637319e-09,0.019445314678601645,2.7357157132203214e-10,-0.019445314405030074,0.022105105442772437,1.5444472749097407e-08,-0.022105089998299687,25,0,0,,,,
squares,circular,1,0.05,0,100,facet_gap,25,25,25,0.01378019191757345,0.014439672032667267,0.0006594801150938169,1.047857106710742,0.03255372422191172,0.03255372422191172,0.0,0.046044424787791735,0.04604442478775896,-3.277239590815384e-14,0,1,24,,,,
squares,circular,1,0.05,0,100,hausdorff,25,25,25,0.2760275228361053,0.2760275228361053,0.0,1.0,0.34813777866371637,0.34813777866371637,0.0,0.4120433008792827,0.4120433008792827,0.0,0,0,25,0,0,0,0
squares,circular,1,0.1,0,100,area_error,25,25,25,0.00910930641876831,3.5140979881184557e-11,-0.009109306383627329,3.857700934154771e-09,0.01703765015841354,9.274310034029067e-10,-0.017037649230982537,0.023383900316825922,9.846758016982987e-09,-0.023383890470067906,25,0,0,,,,
squares,circular,1,0.1,0,100,facet_gap,25,25,25,0.014729198896433846,0.014283510063123615,-0.0004456888333102312,0.9697411355197234,0.03577636490035951,0.03516435532943746,-0.0006120095709220494,0.04452598716488149,0.04452598716488149,0.0,3,0,22,,,,
squares,circular,1,0.1,0,100,hausdorff,25,25,25,0.27488798758640964,0.27488798758640964,0.0,1.0,0.32828503325308095,0.32828503325305874,-2.220446049250313e-14,0.3389594561227048,0.3389594561227048,0.0,1,0,24,0,0,0,0
squares,circular,1,0.2,0,100,area_error,25,25,25,0.0099995107543101,2.919092339842637e-11,-0.009999510725119176,2.919235162164726e-09,0.02491177036977073,5.239625994872403e-10,-0.024911769845808132,0.2953924233744485,9.81607955699585e-09,-0.2953924135583689,25,0,0,,,,
squares,circular,1,0.2,0,100,facet_gap,25,25,25,0.016110334188728908,0.01405932956640195,-0.0020510046223269577,0.8726901255864773,0.0351759257127634,0.0351759257127634,0.0,0.05833059696343096,0.05833059696344065,9.693634783758398e-15,1,0,24,,,,
squares,circular,1,0.2,0,100,hausdorff,25,25,25,0.2853930745811524,0.28539307458118857,3.6193270602780103e-14,1.0000000000001268,0.35446113725823625,0.34047824063871257,-0.013982896619523677,0.8864909948477213,0.8864909948477213,0.0,1,0,24,0,0,0,0
squares,circular,1,0.3,0,100,area_error,25,25,25,0.008863929279281034,1.0117707154010266e-11,-0.008863929269163327,1.1414471883998298e-09,0.30847674077561027,1.638694196813312e-10,-0.30847674061174085,0.4542059716054183,3.168086659249629e-09,-0.45420596843733163,25,0,0,,,,
squares,circular,1,0.3,0,100,facet_gap,25,25,25,0.01511914335302007,0.014685739228590084,-0.0004334041244299855,0.9713340819443046,0.04146446950803863,0.04146446950802807,-1.0560996521746802e-14,0.0650418211723088,0.0650418211723088,0.0,1,0,24,,,,
squares,circular,1,0.3,0,100,hausdorff,25,25,25,0.29605973514959594,0.29605973514959594,0.0,1.0,0.5347629857483928,0.4599736163891449,-0.07478936935924785,1.2078642207912889,0.5486884757464898,-0.659175745044799,1,0,24,1,0,1,0
squares,circular,1.28,0,0,128,area_error,25,25,25,0.00732240598440586,2.1667469228517734e-11,-0.007322405962738391,2.9590641757178985e-09,0.012328644728763223,3.4889497072103833e-10,-0.012328644379868253,0.020828831223460964,4.938065657773121e-10,-0.0208288307296544,25,0,0,,,,
squares,circular,1.28,0,0,128,facet_gap,25,25,25,0.009269485490998106,0.009269485490998059,-4.683753385137379e-17,0.9999999999999949,0.02060446181287695,0.020604461812912422,3.547162563677375e-14,0.03252249957345942,0.03252249957345942,0.0,0,0,25,,,,
squares,circular,1.28,0,0,128,hausdorff,25,25,25,0.20746314768103505,0.20746314768103505,0.0,1.0,0.25431837898218823,0.25431837898218823,0.0,0.26390338200222063,0.26390338200222063,0.0,0,0,25,0,0,0,0
squares,circular,1.28,0.05,0,128,area_error,25,25,25,0.0075471679262741585,8.935382114500158e-12,-0.007547167917338777,1.1839384258820017e-09,0.014197245395730968,1.3572615713072362e-10,-0.01419724526000481,0.018276579900663826,2.3144793410445404e-10,-0.018276579669215892,25,0,0,,,,
squares,circular,1.28,0.05,0,128,facet_gap,25,25,25,0.009555328319700143,0.009555328319706458,6.314393452555578e-15,1.0000000000006608,0.021334834438325213,0.021334834438455033,1.2981976604820034e-13,0.023386925410818125,0.023386925411636623,8.184980471170888e-13,0,0,25,,,,
squares,circular,1.28,0.05,0,128,hausdorff,25,25,25,0.2090754521981597,0.2090754521981597,0.0,1.0,0.2542891227884385,0.25428912278843846,-5.551115123125783e-17,0.2593352926769654,0.2593352926769654,0.0,0,0,25,0,0,0,0
squares,circular,1.28,0.1,0,128,area_error,25,25,25,0.007489306082765661,3.293986754821199e-11,-0.007489306049825793,4.3982536144454005e-09,0.013988281178089248,2.177628164550063e-10,-0.013988280960326432,0.017800213364347377,1.6606584086625227e-09,-0.017800211703688968,25,0,0,,,,
squares,circular,1.28,0.1,0,128,facet_gap,25,25,25,0.010243052626965118,0.010243052626960954,-4.163336342344337e-15,0.9999999999995935,0.02509398655073124,0.02509398655064443,-8.680903218483138e-14,0.02864255487967328,0.028642554879675777,2.4980018054066022e-15,0,2,23,,,,
squares,circular,1.28,0.1,0,128,hausdorff,25,25,25,0.22170822277477475,0.22240238769304665,0.0006941649182719001,1.00313098409064,0.2529876806417465,0.2626359160221965,0.00964823538045001,0.29216007307109915,0.29216007307109915,0.0,0,1,24,0,0,0,0
squares,circular,1.28,0.2,0,128,area_error,25,25,25,0.007661892946788421,2.954298208047125e-11,-0.007661892917245439,3.855833315036666e-09,0.014787044757579826,1.7271146216380773e-10,-0.014787044584868365,0.015729067320160196,2.614111791319935e-10,-0.01572906705874902,25,0,0,,,,
squares,circular,1.28,0.2,0,128,facet_gap,25,25,25,0.00962024051975964,0.00962024051975964,0.0,1.0,0.022194990349770488,0.02219499034977486,4.371503159461554e-15,0.03512362632034133,0.03512362632034133,0.0,0,0,25,,,,
squares,circular,1.28,0.2,0,128,hausdorff,25,25,25,0.2304804791415816,0.2304804791415816,0.0,1.0,0.32238109404044835,0.32238109404044835,0.0,0.34067082336982746,0.34067082336982746,0.0,0,0,25,0,0,0,0
squares,circular,1.28,0.3,0,128,area_error,25,25,25,0.009641268987680212,3.265912384502991e-11,-0.009641268955021088,3.3874300039509663e-09,0.32506145743445414,3.6391592475516536e-10,-0.32506145707053824,0.4823871092865882,9.681462590750213e-10,-0.4823871083184419,25,0,0,,,,
squares,circular,1.28,0.3,0,128,facet_gap,25,25,25,0.009650110478542018,0.009650110478535562,-6.456640777585676e-15,0.999999999999331,0.018673901668782265,0.01867390166877578,-6.484396353201305e-15,0.034731509256116115,0.03473150925611562,-4.926614671774132e-16,0,0,25,,,,
squares,circular,1.28,0.3,0,128,hausdorff,25,25,25,0.23762581574314812,0.23762581574314812,0.0,1.0,0.31658449966958707,0.31658449966958707,0.0,0.34987399911566314,0.34987399911566314,0.0,0,0,25,0,0,0,0
squares,circular,1.5,0,0,150,area_error,25,25,25,0.005778178871104397,1.357981668478931e-11,-0.00577817885752458,2.350189737583144e-09,0.013977489953542583,1.1546950289227135e-10,-0.013977489838073079,0.01970068946623786,3.471793076668244e-10,-0.019700689119058555,25,0,0,,,,
squares,circular,1.5,0,0,150,facet_gap,25,25,25,0.006523303709930627,0.006523303709930627,0.0,1.0,0.015216736709807839,0.015216736709808032,1.9255430583342559e-16,0.022805792199109623,0.022805792199109623,0.0,0,0,25,,,,
squares,circular,1.5,0,0,150,hausdorff,25,25,25,0.17658460294973277,0.17658460294973277,0.0,1.0,0.21109696832792801,0.21109696832792801,0.0,0.2164071985023145,0.2164071985023145,0.0,0,0,25,0,0,0,0
squares,circular,1.5,0.05,0,150,area_error,25,25,25,0.0058070715670819695,1.3776656507015909e-11,-0.005807071553305313,2.3723930982890613e-09,0.014005968920850197,2.4937366214959214e-10,-0.014005968671476535,0.019012703137680602,8.703306189064349e-10,-0.019012702267349982,25,0,0,,,,
squares,circular,1.5,0.05,0,150,facet_gap,25,25,25,0.005982464161082879,0.005982464161082879,0.0,1.0,0.014250293274665267,0.014250293274661712,-3.554448402276478e-15,0.01915435932652097,0.019154359326510106,-1.0862838406566766e-14,0,0,25,,,,
squares,circular,1.5,0.05,0,150,hausdorff,25,25,25,0.1832667229801993,0.1832667229801993,0.0,1.0,0.2175658771329103,0.2175658771329103,0.0,0.2674892362763764,0.2674892362763764,0.0,0,0,25,0,0,0,0
squares,circular,1.5,0.1,0,150,area_error,25,25,25,0.0054266842619777825,3.5568961458077774e-11,-0.005426684226408821,6.554455675133472e-09,0.013696486085895602,3.0047350992957686e-10,-0.013696485785422092,0.019665868371094214,3.3676957312453007e-10,-0.01966586803432464,25,0,0,,,,
squares,circular,1.5,0.1,0,150,facet_gap,25,25,25,0.006055623767474746,0.006055623767474802,5.637851296924623e-17,1.0000000000000093,0.016723221076891576,0.01672322107687063,-2.094505124894397e-14,0.022054318856760232,0.022054318856760232,0.0,0,0,25,,,,
squares,circular,1.5,0.1,0,150,hausdorff,25,25,25,0.18693925756301577,0.18693925756301577,0.0,1.0,0.32027401316345255,0.32027401316345255,0.0,0.3428127161311127,0.3428127161311127,0.0,0,0,25,0,0,0,0
squares,circular,1.5,0.2,0,150,area_error,25,25,25,0.006032556291317898,1.957027953056758e-11,-0.006032556271747619,3.2441105537188734e-09,0.04617315895020466,5.699014676533484e-10,-0.04617315838030319,0.1722763125738269,4.033952213675819e-09,-0.1722763085398747,25,0,0,,,,
squares,circular,1.5,0.2,0,150,facet_gap,25,25,25,0.006267391574340792,0.006267391574340792,0.0,1.0,0.019127241279004413,0.019127241273283885,-5.720528217789678e-12,0.022591370174023524,0.022591370174023524,0.0,0,0,25,,,,
squares,circular,1.5,0.2,0,150,hausdorff,25,25,25,0.19487266242914714,0.19487266242747292,-1.674216321134736e-12,0.9999999999914087,0.35870097658757416,0.35870097658757416,0.0,0.40473715647924136,0.40473715647924136,0.0,0,0,25,0,0,0,0
squares,circular,1.5,0.3,0,150,area_error,25,25,25,0.005518337387200886,2.558013286423572e-11,-0.005518337361620753,4.6354782372614145e-09,0.44918523355944984,1.742122219800275e-09,-0.4491852318173276,0.465858665109715,4.822294871687609e-09,-0.4658586602874201,25,0,0,,,,
squares,circular,1.5,0.3,0,150,facet_gap,25,25,25,0.006755733459228975,0.00675573345922676,-2.2152418788223827e-15,0.999999999999672,0.02248690693311077,0.022486906933111814,1.0443035325380379e-15,0.026187333274611993,0.02618733327460675,-5.242334344401911e-15,0,0,25,,,,
squares,circular,1.5,0.3,0,150,hausdorff,25,25,25,0.21110215595797488,0.21110215595797488,0.0,1.0,0.39674555125012223,0.39674555125012223,0.0,0.44493118160330375,0.44493118160330375,0.0,0,0,25,0,0,0,0
squares,linear,0.5,0,0,50,area_error,25,25,25,2.4407021443815065e-12,2.4407021443815065e-12,0.0,1.0,7.040074289581326e-12,7.040074289581326e-12,0.0,1.9455952000994946e-11,1.9455952000994946e-11,0.0,0,0,25,,,,
squares,linear,0.5,0,0,50,facet_gap,25,25,25,0.09640797337008725,0.09640797337008725,0.0,1.0,0.2464548073574116,0.2464548073574116,0.0,0.2596752362913826,0.2596752362913826,0.0,0,0,25,,,,
squares,linear,0.5,0,0,50,hausdorff,25,25,25,0.6342306876422993,0.6342306876422993,0.0,1.0,0.7927377477500682,0.7927377477500682,0.0,0.8151808669449159,0.8151808669449159,0.0,0,0,25,0,0,0,0
squares,linear,0.5,0.05,0,50,area_error,25,25,25,3.8213637783994384e-12,3.8213637783994384e-12,0.0,1.0,8.243086602260257e-12,8.243086602260257e-12,0.0,9.360686297148564e-12,9.360686297148564e-12,0.0,0,0,25,,,,
squares,linear,0.5,0.05,0,50,facet_gap,25,25,25,0.0973171010007254,0.0973171010007254,0.0,1.0,0.22589050907446478,0.22589050907446478,0.0,0.25972512923542446,0.25972512923542446,0.0,0,0,25,,,,
squares,linear,0.5,0.05,0,50,hausdorff,25,25,25,0.6277391027228482,0.6277391027228482,0.0,1.0,0.7420441477576102,0.7420441477576102,0.0,0.7634104634485167,0.7634104634485167,0.0,0,0,25,0,0,0,0
squares,linear,0.5,0.1,0,50,area_error,25,25,25,1.7445090622863583e-12,1.7445090622863583e-12,0.0,1.0,5.176842830239146e-12,5.176842830239146e-12,0.0,9.773656454097544e-12,9.773656454097544e-12,0.0,0,0,25,,,,
squares,linear,0.5,0.1,0,50,facet_gap,25,25,25,0.09675213918807422,0.09675213918807422,0.0,1.0,0.22402645839677843,0.22402645839677843,0.0,0.2635274708798636,0.2635274708798636,0.0,0,0,25,,,,
squares,linear,0.5,0.1,0,50,hausdorff,25,25,25,0.6622112352361966,0.6622112352361966,0.0,1.0,0.7375149652560221,0.7375149652560221,0.0,0.8102409313377699,0.8102409313377699,0.0,0,0,25,0,0,0,0
squares,linear,0.5,0.2,0,50,area_error,25,25,25,2.8696882048671875e-12,2.8696882048671875e-12,0.0,1.0,0.24914347106239826,5.844034911322033e-12,-0.2491434710565542,0.44323897539213164,1.1707225828854049e-11,-0.4432389753804244,2,0,23,,,,
squares,linear,0.5,0.2,0,50,facet_gap,25,25,25,0.10037472152164575,0.10037472152164575,0.0,1.0,0.21919513003205898,0.21919513003205898,0.0,0.25297254967391636,0.25297254967391636,0.0,0,0,25,,,,
squares,linear,0.5,0.2,0,50,hausdorff,25,25,25,0.6710515891151673,0.6710515891151673,0.0,1.0,0.8311600253853846,0.8311600253853846,0.0,0.9320158765553616,0.9320158765553616,0.0,0,0,25,0,0,0,0
squares,linear,0.5,0.3,0,50,area_error,25,25,25,4.023992441943493e-12,3.153990324324806e-12,-8.700021176186871e-13,0.7837962843691385,0.39674292336089784,7.44335023031787e-12,-0.3967429233534545,0.6033345146295817,8.570525114489145e-12,-0.6033345146210112,5,0,20,,,,
squares,linear,0.5,0.3,0,50,facet_gap,25,25,25,0.10726763016564729,0.10726763016564729,0.0,1.0,0.20264042520503445,0.20264042520503445,0.0,0.243101113639519,0.243101113639519,0.0,0,0,25,,,,
squares,linear,0.5,0.3,0,50,hausdorff,25,25,25,0.6933779494152706,0.6933779494152706,0.0,1.0,1.035481265911082,1.035481265911082,0.0,1.8250257623172632,1.8250257623172632,0.0,0,0,25,2,2,0,0
squares,linear,0.64,0,0,64,area_error,25,25,25,2.8302209175501975e-12,2.8302209175501975e-12,0.0,1.0,9.69580428520969e-12,9.69580428520969e-12,0.0,1.2233739985740986e-11,1.2233739985740986e-11,0.0,0,0,25,,,,
squares,linear,0.64,0,0,64,facet_gap,25,25,25,0.0629395728222235,0.0629395728222235,0.0,1.0,0.1274571161811579,0.1274571161811579,0.0,0.14193023305907304,0.14193023305907304,0.0,0,0,25,,,,
squares,linear,0.64,0,0,64,hausdorff,25,25,25,0.5015354884303186,0.5015354884303186,0.0,1.0,0.6199896723407182,0.6199896723407182,0.0,0.6510640631488542,0.6510640631488542,0.0,0,0,25,0,0,0,0
squares,linear,0.64,0.05,0,64,area_error,25,25,25,4.156638118857832e-12,4.156638118857832e-12,0.0,1.0,1.0260823165364192e-11,1.0260823165364192e-11,0.0,1.0662631922042699e-11,1.0662631922042699e-11,0.0,0,0,25,,,,
squares,linear,0.64,0.05,0,64,facet_gap,25,25,25,0.059463846143506305,0.059463846143506305,0.0,1.0,0.12766957853919442,0.12766957853919442,0.0,0.1390421239894799,0.1390421239894799,0.0,0,0,25,,,,
squares,linear,0.64,0.05,0,64,hausdorff,25,25,25,0.4780721537938056,0.4780721537938056,0.0,1.0,0.6012069689022129,0.6012069689022129,0.0,0.6415679704914704,0.6415679704914704,0.0,0,0,25,0,0,0,0
squares,linear,0.64,0.1,0,64,area_error,25,25,25,5.1135087665239265e-12,5.1135087665239265e-12,0.0,1.0,1.1833803234625809e-11,1.1833803234625809e-11,0.0,0.11762230351535356,1.8980275736908727e-11,-0.11762230349637329,1,0,24,,,,
squares,linear,0.64,0.1,0,64,facet_gap,25,25,25,0.05685282917369278,0.05685282917369278,0.0,1.0,0.12805911311946241,0.12805911311946241,0.0,0.1361652125640104,0.1361652125640104,0.0,0,0,25,,,,
squares,linear,0.64,0.1,0,64,hausdorff,25,25,25,0.4811959968369059,0.4811959968369059,0.0,1.0,0.6427916630447188,0.6427916630447188,0.0,0.8559682056419974,0.8559682056419974,0.0,0,0,25,0,0,0,0
squares,linear,0.64,0.2,0,64,area_error,25,25,25,4.487408874249228e-12,4.487408874249228e-12,0.0,1.0,9.94821007619992e-12,9.756506234268981e-12,-1.9170384193093823e-13,0.10912580322382583,9.984339403674784e-12,-0.1091258032138415,1,0,24,,,,
squares,linear,0.64,0.2,0,64,facet_gap,25,25,25,0.057679422965265195,0.057679422965265195,0.0,1.0,0.12763832977176248,0.12763832977176248,0.0,0.13285282593886177,0.13285282593886177,0.0,0,0,25,,,,
squares,linear,0.64,0.2,0,64,hausdorff,25,25,25,0.4920388753751896,0.4920388753751896,0.0,1.0,0.6752760389616947,0.6752760389616947,0.0,0.748842675632372,0.748842675632372,0.0,0,0,25,0,0,0,0
squares,linear,0.64,0.3,0,64,area_error,25,25,25,6.707306647694764e-12,5.5041224714944e-12,-1.2031841762003636e-12,0.820615898541945,0.12423456548803019,1.1108610303441613e-11,-0.12423456547692158,0.35240856670762066,1.176058638269227e-11,-0.35240856669586007,4,0,21,,,,
squares,linear,0.64,0.3,0,64,facet_gap,25,25,25,0.062023936470519576,0.062023936470519576,0.0,1.0,0.13390163908298838,0.13390163908298838,0.0,0.16198049459075317,0.16198049459075317,0.0,0,0,25,,,,
squares,linear,0.64,0.3,0,64,hausdorff,25,25,25,0.5341636320087907,0.5341636320087907,0.0,1.0,0.8282581346196078,0.8282581346196078,0.0,1.1326555235891842,1.1326555235891842,0.0,0,0,25,1,1,0,0
squares,linear,1,0,0,100,area_error,25,25,25,5.811403645887352e-12,5.811403645887352e-12,0.0,1.0,1.4116983326524644e-11,1.4116983326524644e-11,0.0,1.4634875893731408e-11,1.4634875893731408e-11,0.0,0,0,25,,,,
squares,linear,1,0,0,100,facet_gap,25,25,25,0.023346884552252558,0.023346884552252558,0.0,1.0,0.049008297133149185,0.049008297133149185,0.0,0.06185021492276877,0.06185021492276877,0.0,0,0,25,,,,
squares,linear,1,0,0,100,hausdorff,25,25,25,0.3205037945554983,0.3205037945554983,0.0,1.0,0.3971979689719125,0.3971979689719125,0.0,0.43663361363215675,0.43663361363215675,0.0,0,0,25,0,0,0,0
squares,linear,1,0.05,0,100,area_error,25,25,25,1.076211549799438e-11,1.076211549799438e-11,0.0,1.0,2.4317884723391896e-11,2.4317884723391896e-11,0.0,3.120633007516297e-11,3.120633007516297e-11,0.0,0,0,25,,,,
squares,linear,1,0.05,0,100,facet_gap,25,25,25,0.02264080401073825,0.02264080401073825,0.0,1.0,0.049878003592258316,0.049878003592258316,0.0,0.062417425670290475,0.062417425670290475,0.0,0,0,25,,,,
squares,linear,1,0.05,0,100,hausdorff,25,25,25,0.31072049323402545,0.31072049323402545,0.0,1.0,0.40919615416030486,0.40919615416030486,0.0,0.4521726930074395,0.4521726930074395,0.0,0,0,25,0,0,0,0
squares,linear,1,0.1,0,100,area_error,25,25,25,6.482973962056748e-12,6.482973962056748e-12,0.0,1.0,2.261098740426269e-11,2.261098740426269e-11,0.0,2.3214923219260534e-11,2.3214923219260534e-11,0.0,0,0,25,,,,
squares,linear,1,0.1,0,100,facet_gap,25,25,25,0.02332517368241137,0.02332517368241137,0.0,1.0,0.04778569234326796,0.04778569234326796,0.0,0.0616302981793208,0.0616302981793208,0.0,0,0,25,,,,
squares,linear,1,0.1,0,100,hausdorff,25,25,25,0.31382478601337493,0.31382478601337493,0.0,1.0,0.41735550577064506,0.41735550577064506,0.0,0.4720482756267988,0.4720482756267988,0.0,0,0,25,0,0,0,0
squares,linear,1,0.2,0,100,area_error,25,25,25,6.589670107075109e-12,6.589670107075109e-12,0.0,1.0,2.3313226456356464e-11,2.3313226456356464e-11,0.0,0.28975154443906664,2.5237285694488168e-11,-0.28975154441382933,1,0,24,,,,
squares,linear,1,0.2,0,100,facet_gap,25,25,25,0.02470906362261976,0.02470906362261976,0.0,1.0,0.04993280143094891,0.04993280143094891,0.0,0.08006254148083362,0.08006254148083362,0.0,0,0,25,,,,
squares,linear,1,0.2,0,100,hausdorff,25,25,25,0.3282662494275058,0.3282662494275058,0.0,1.0,0.4843160147167442,0.4843160147167442,0.0,0.5188915121386249,0.5188915121386249,0.0,0,0,25,0,0,0,0
squares,linear,1,0.3,0,100,area_error,25,25,25,1.0992932153949172e-11,6.57236255672972e-12,-4.420569597219452e-12,0.5978716565050956,0.30770414248857103,1.940633429952879e-11,-0.3077041424691647,0.45919369271794236,1.963404646252653e-11,-0.4591936926983083,4,0,21,,,,
squares,linear,1,0.3,0,100,facet_gap,25,25,25,0.025091578882435343,0.025091578882435343,0.0,1.0,0.0650608641356698,0.0650608641356698,0.0,0.08379017537543156,0.08379017537543156,0.0,0,0,25,,,,
squares,linear,1,0.3,0,100,hausdorff,25,25,25,0.34080105663039867,0.34080105663039867,0.0,1.0,0.5609907277895101,0.5609907277895101,0.0,0.5749882306867556,0.5749882306867556,0.0,0,0,25,0,0,0,0
squares,linear,1.28,0,0,128,area_error,25,25,25,9.596348617760327e-12,9.596348617760327e-12,0.0,1.0,3.584113971413169e-11,3.584113971413169e-11,0.0,8.38449017869067e-11,8.38449017869067e-11,0.0,0,0,25,,,,
squares,linear,1.28,0,0,128,facet_gap,25,25,25,0.01445294628726011,0.01445294628726011,0.0,1.0,0.032751143498445,0.032751143498445,0.0,0.034901658323388804,0.034901658323388804,0.0,0,0,25,,,,
squares,linear,1.28,0,0,128,hausdorff,25,25,25,0.24000440925835492,0.24000440925835492,0.0,1.0,0.27806763405042173,0.27806763405042173,0.0,0.2804892859421446,0.2804892859421446,0.0,0,0,25,0,0,0,0
squares,linear,1.28,0.05,0,128,area_error,25,25,25,9.030743368601282e-12,9.030743368601282e-12,0.0,1.0,2.0847172876270635e-11,2.0847172876270635e-11,0.0,2.204774487174398e-11,2.204774487174398e-11,0.0,0,0,25,,,,
squares,linear,1.28,0.05,0,128,facet_gap,25,25,25,0.01515802744816398,0.01515802744816398,0.0,1.0,0.032383078145148285,0.032383078145148285,0.0,0.035882517889541395,0.035882517889541395,0.0,0,0,25,,,,
squares,linear,1.28,0.05,0,128,hausdorff,25,25,25,0.23997361918139928,0.23997361918139928,0.0,1.0,0.2816193720356303,0.2816193720356303,0.0,0.3005236929488869,0.3005236929488869,0.0,0,0,25,0,0,0,0
squares,linear,1.28,0.1,0,128,area_error,25,25,25,1.450578514153022e-11,1.450578514153022e-11,0.0,1.0,2.842129980848834e-11,2.842129980848834e-11,0.0,3.225800339733496e-11,3.225800339733496e-11,0.0,0,0,25,,,,
squares,linear,1.28,0.1,0,128,facet_gap,25,25,25,0.015490796881473385,0.015490796881473385,0.0,1.0,0.035904509044294174,0.035904509044294174,0.0,0.0413970004312342,0.0413970004312342,0.0,0,0,25,,,,
squares,linear,1.28,0.1,0,128,hausdorff,25,25,25,0.23696812602024706,0.23696812602024706,0.0,1.0,0.3172556470470787,0.3172556470470787,0.0,0.36536409127204805,0.36536409127204805,0.0,0,0,25,0,0,0,0
squares,linear,1.28,0.2,0,128,area_error,25,25,25,1.187998420892869e-11,1.187998420892869e-11,0.0,1.0,4.0142616050237045e-11,4.0142616050237045e-11,0.0,4.071770312478396e-11,4.071770312478396e-11,0.0,0,0,25,,,,
squares,linear,1.28,0.2,0,128,facet_gap,25,25,25,0.015073206594652905,0.015073206594652905,0.0,1.0,0.033694756560338573,0.033694756560338573,0.0,0.03959970019296194,0.03959970019296194,0.0,0,0,25,,,,
squares,linear,1.28,0.2,0,128,hausdorff,25,25,25,0.25263189065515135,0.25263189065515135,0.0,1.0,0.32238109404044835,0.32238109404044835,0.0,0.34067082336982746,0.34067082336982746,0.0,0,0,25,0,0,0,0
squares,linear,1.28,0.3,0,128,area_error,25,25,25,7.15211220951312e-12,7.15211220951312e-12,0.0,1.0,0.33751420977356117,1.7761091953704968e-11,-0.3375142097558001,0.48180895717682237,2.99673454242962e-11,-0.481808957146855,4,0,21,,,,
squares,linear,1.28,0.3,0,128,facet_gap,25,25,25,0.01576402130702808,0.01576402130702808,0.0,1.0,0.02724262088633965,0.02724262088633965,0.0,0.04403754227471443,0.04403754227471443,0.0,0,0,25,,,,
squares,linear,1.28,0.3,0,128,hausdorff,25,25,25,0.2782829269701643,0.2782829269701643,0.0,1.0,0.34970592220880536,0.34970592220880536,0.0,0.36959489377613264,0.36959489377613264,0.0,0,0,25,0,0,0,0
squares,linear,1.5,0,0,150,area_error,25,25,25,1.2004369329563016e-11,1.2004369329563016e-11,0.0,1.0,4.9858900135089426e-11,4.9858900135089426e-11,0.0,7.356136752365979e-11,7.356136752365979e-11,0.0,0,0,25,,,,
squares,linear,1.5,0,0,150,facet_gap,25,25,25,0.010266049447889265,0.010266049447889265,0.0,1.0,0.026054126261339038,0.026054126261339038,0.0,0.030450653079354358,0.030450653079354358,0.0,0,0,25,,,,
squares,linear,1.5,0,0,150,hausdorff,25,25,25,0.2112659023540141,0.2112659023540141,0.0,1.0,0.2665299784987879,0.2665299784987879,0.0,0.2796627844339338,0.2796627844339338,0.0,0,0,25,0,0,0,0
squares,linear,1.5,0.05,0,150,area_error,25,25,25,1.2803665975907979e-11,1.2803665975907979e-11,0.0,1.0,3.22292997219893e-11,3.22292997219893e-11,0.0,3.638693124967954e-11,3.638693124967954e-11,0.0,0,0,25,,,,
squares,linear,1.5,0.05,0,150,facet_gap,25,25,25,0.010020395985801492,0.010020395985801492,0.0,1.0,0.0254630256014349,0.0254630256014349,0.0,0.02681382393488089,0.02681382393488089,0.0,0,0,25,,,,
squares,linear,1.5,0.05,0,150,hausdorff,25,25,25,0.211480316054511,0.211480316054511,0.0,1.0,0.2777863921784303,0.2777863921784303,0.0,0.28180601329459437,0.28180601329459437,0.0,0,0,25,0,0,0,0
squares,linear,1.5,0.1,0,150,area_error,25,25,25,1.8693767835352106e-11,1.8693767835352106e-11,0.0,1.0,3.539145847591812e-11,3.539145847591812e-11,0.0,6.172766243176925e-11,6.172766243176925e-11,0.0,0,0,25,,,,
squares,linear,1.5,0.1,0,150,facet_gap,25,25,25,0.010606148083703911,0.010606148083703911,0.0,1.0,0.025206207835581824,0.025206207835581824,0.0,0.025587343186980253,0.025587343186980253,0.0,0,0,25,,,,
squares,linear,1.5,0.1,0,150,hausdorff,25,25,25,0.21098436186585023,0.21098436186585023,0.0,1.0,0.3294418338764229,0.3294418338764229,0.0,0.3428127161311127,0.3428127161311127,0.0,0,0,25,0,0,0,0
squares,linear,1.5,0.2,0,150,area_error,25,25,25,1.5724287455652022e-11,1.4076888710974109e-11,-1.6473987446779132e-12,0.895232216447063,0.055837983269061406,3.802058204765355e-11,-0.055837983231040826,0.1745672976762774,5.406019183150221e-11,-0.1745672976222172,4,0,21,,,,
squares,linear,1.5,0.2,0,150,facet_gap,25,25,25,0.011238725503088617,0.011238725503088617,0.0,1.0,0.024485774033862578,0.024485774033862578,0.0,0.028081402008439837,0.028081402008439837,0.0,0,0,25,,,,
squares,linear,1.5,0.2,0,150,hausdorff,25,25,25,0.23421531506834334,0.23421531506834334,0.0,1.0,0.35870097658757416,0.35870097658757416,0.0,0.40473715647924136,0.40473715647924136,0.0,0,0,25,0,0,0,0
squares,linear,1.5,0.3,0,150,area_error,25,25,25,2.006962775187274e-11,9.808161694796898e-12,-1.026146605707584e-11,0.48870670727222026,0.4509727600332216,4.147050699657379e-11,-0.4509727599917511,0.4685711272609093,5.4427655572791196e-11,-0.4685711272064817,6,0,19,,,,
squares,linear,1.5,0.3,0,150,facet_gap,25,25,25,0.010525779537133418,0.010525779537133418,0.0,1.0,0.025435507634106874,0.025435507634106874,0.0,0.03646128381546485,0.03646128381546485,0.0,0,0,25,,,,
squares,linear,1.5,0.3,0,150,hausdorff,25,25,25,0.23432408733100285,0.23432408733100285,0.0,1.0,0.38979147895623395,0.38979147895623395,0.0,0.44493118160330375,0.44493118160330375,0.0,0,0,25,0,0,0,0
squares,linear+corner,0.5,0,0,50,area_error,25,25,25,0.13163549084088755,1.9584065732434582e-11,-0.1316354908213035,1.4877496644204057e-10,0.3694928049273425,8.80827472878542e-10,-0.369492804046515,0.4248801614170409,6.340402235843352e-08,-0.4248800980130185,25,0,0,,,,
squares,linear+corner,0.5,0,0,50,facet_gap,25,25,25,6.215571321512004e-11,6.215571321512004e-11,0.0,1.0,1.6943516615964358e-08,1.6943516615964358e-08,0.0,0.0008184776511505587,0.0008184776511505587,0.0,0,0,25,,,,
squares,linear+corner,0.5,0,0,50,hausdorff,25,25,25,7.498974113604897e-10,7.498974113604897e-10,0.0,1.0,3.1947029785482223e-06,3.1947029785482223e-06,0.0,0.012864741476369618,0.012864741476369618,0.0,0,0,25,0,0,0,0
squares,linear+corner,0.5,0.05,0,50,area_error,25,25,25,0.13428492025219463,9.838038035400624e-12,-0.13428492024235658,7.32624185718265e-11,0.36884415818365196,8.506631454753718e-11,-0.3688441580985857,0.42718712357563543,4.2215741369042837e-10,-0.427187123153478,25,0,0,,,,
squares,linear+corner,0.5,0.05,0,50,facet_gap,25,25,25,9.220375410442624e-11,9.220375410442624e-11,0.0,1.0,0.0014986905587852934,0.0014986905587852934,0.0,0.005574918083417437,0.005574918083417437,0.0,0,0,25,,,,
squares,linear+corner,0.5,0.05,0,50,hausdorff,25,25,25,7.342113105049067e-10,7.342113105049067e-10,0.0,1.0,0.024632685265369037,0.024632685265369037,0.0,0.028191322690597945,0.028191322690597945,0.0,0,0,25,0,0,0,0
squares,linear+corner,0.5,0.1,0,50,area_error,25,25,25,0.13340403369326978,7.829960531441938e-12,-0.13340403368543982,5.86935815557499e-11,0.37028448900529437,1.1689587335804895e-10,-0.3702844888883985,0.42438241214237876,2.820811067589438e-10,-0.4243824118602977,25,0,0,,,,
squares,linear+corner,0.5,0.1,0,50,facet_gap,25,25,25,4.709077516460827e-11,4.709077516460827e-11,0.0,1.0,0.0017234579631618815,0.0017234579631618815,0.0,0.0023334313956149236,0.0023334313956149236,0.0,0,0,25,,,,
squares,linear+corner,0.5,0.1,0,50,hausdorff,25,25,25,5.108104392894173e-10,5.108104392894173e-10,0.0,1.0,0.007896836190968487,0.007896836190968487,0.0,0.03844392756411518,0.03844392756411518,0.0,0,0,25,0,0,0,0
squares,linear+corner,0.5,0.2,0,50,area_error,25,25,25,0.13263151685499958,1.1565694141400381e-11,-0.13263151684343388,8.72017030012909e-11,0.3734047988164925,1.3303046935894178e-10,-0.37340479868346205,0.411624675400809,2.3462750399166435e-10,-0.4116246751661815,25,0,0,,,,
squares,linear+corner,0.5,0.2,0,50,facet_gap,25,25,25,4.490953401703221e-11,4.490953401703221e-11,0.0,1.0,2.111361339325564e-10,2.111361339325564e-10,0.0,2.348724379148819e-10,2.348724379148819e-10,0.0,0,0,25,,,,
squares,linear+corner,0.5,0.2,0,50,hausdorff,25,25,25,5.22825455844503e-10,5.22825455844503e-10,0.0,1.0,1.4668222553609141e-08,1.4668222553609141e-08,0.0,0.3079462153467391,0.3079462153467391,0.0,0,0,25,0,0,0,0
squares,linear+corner,0.5,0.3,0,50,area_error,25,25,25,0.1201339797249779,1.959810865102258e-11,-0.12013397970537978,1.6313543175618114e-10,0.39505551117064597,9.150178730097769e-09,-0.39505550202046724,0.42257236593767294,2.558976313639963e-08,-0.4225723403479098,25,0,0,,,,
squares,linear+corner,0.5,0.3,0,50,facet_gap,25,25,25,1.056672432488391e-10,1.056672432488391e-10,0.0,1.0,0.010326642927889847,0.010326642927889847,0.0,0.013863347363052933,0.013863347363052933,0.0,0,0,25,,,,
squares,linear+corner,0.5,0.3,0,50,hausdorff,25,25,25,1.6055848151695946e-09,1.6055848151695946e-09,0.0,1.0,0.2718367093756264,0.2718367093756264,0.0,0.6459553810477648,0.6459553810477648,0.0,0,0,25,0,0,0,0
squares,linear+corner,0.64,0,0,64,area_error,25,25,25,0.10326592631535392,2.6879918194659337e-11,-0.103265926288474,2.602980397674769e-10,0.23191865303931558,1.1224632749281849e-09,-0.23191865191685232,0.3237774552911861,1.9903674004249434e-09,-0.3237774533008187,25,0,0,,,,
squares,linear+corner,0.64,0,0,64,facet_gap,25,25,25,9.37822741454764e-11,9.37822741454764e-11,0.0,1.0,5.080718271766708e-10,5.080718271766708e-10,0.0,2.2488302667830348e-09,2.2488302667830348e-09,0.0,0,0,25,,,,
squares,linear+corner,0.64,0,0,64,hausdorff,25,25,25,2.2463188179228633e-09,2.2463188179228633e-09,0.0,1.0,6.415689330323236e-08,6.415689330323236e-08,0.0,1.278098151727775e-07,1.278098151727775e-07,0.0,0,0,25,0,0,0,0
squares,linear+corner,0.64,0.05,0,64,area_error,25,25,25,0.10483021910159804,2.136474121863044e-11,-0.1048302190802333,2.0380326781464065e-10,0.24977698801286113,2.9671312785349297e-10,-0.249776987716148,0.3227796184468341,7.534977081884995e-08,-0.3227795430970633,25,0,0,,,,
squares,linear+corner,0.64,0.05,0,64,facet_gap,25,25,25,9.157693754505216e-11,9.157693754505216e-11,0.0,1.0,4.931533791620481e-10,4.931533791620481e-10,0.0,1.3726183441733e-08,1.3726183441733e-08,0.0,0,0,25,,,,
squares,linear+corner,0.64,0.05,0,64,hausdorff,25,25,25,1.4227944803897738e-09,1.4227944803897738e-09,0.0,1.0,1.4797492528674222e-08,1.4797492528674222e-08,0.0,5.8896032153735625e-06,5.8896032153735625e-06,0.0,0,0,25,0,0,0,0
squares,linear+corner,0.64,0.1,0,64,area_error,25,25,25,0.09863384252518977,2.112312392843195e-11,-0.09863384250406665,2.1415696060951276e-10,0.23919027279542798,2.2307653127302748e-08,-0.23919025048777487,0.3213138798527489,1.3888637696632451e-06,-0.32131249098897924,25,0,0,,,,
squares,linear+corner,0.64,0.1,0,64,facet_gap,25,25,25,9.132820509328343e-11,9.132820509328343e-11,0.0,1.0,5.943911651294179e-10,5.943911651294179e-10,0.0,4.440464749409636e-08,4.440464749409636e-08,0.0,0,0,25,,,,
squares,linear+corner,0.64,0.1,0,64,hausdorff,25,25,25,1.5467520242209893e-09,1.5467520242209893e-09,0.0,1.0,1.7290205625967467e-08,1.7290205625967467e-08,0.0,1.2811571347800875e-06,1.2811571347800875e-06,0.0,0,0,25,0,0,0,0
squares,linear+corner,0.64,0.2,0,64,area_error,25,25,25,0.09214388300883235,1.5117844396607724e-11,-0.09214388299371451,1.640678024732105e-10,0.24296412327228606,1.8252652241163198e-09,-0.24296412144702084,0.317243916856777,7.827762686113353e-09,-0.31724390902901434,25,0,0,,,,
squares,linear+corner,0.64,0.2,0,64,facet_gap,25,25,25,1.0498079068498762e-10,1.0498079068498762e-10,0.0,1.0,4.920532346140295e-09,4.920532346140295e-09,0.0,0.00014816802136418056,0.00014816802136418056,0.0,0,0,25,,,,
squares,linear+corner,0.64,0.2,0,64,hausdorff,25,25,25,1.5774624393732355e-09,1.5774624393732355e-09,0.0,1.0,1.771735229294822e-07,1.771735229294822e-07,0.0,0.0028175488757599195,0.0028175488757599195,0.0,0,0,25,0,0,0,0
squares,linear+corner,0.64,0.3,0,64,area_error,25,25,25,0.07732629043104716,2.0020447484530826e-11,-0.07732629041102672,2.5890867611686757e-10,0.23972475503745633,5.114666694794058e-10,-0.23972475452598965,0.35480930420236356,5.139478895703447e-07,-0.354808790254474,25,0,0,,,,
squares,linear+corner,0.64,0.3,0,64,facet_gap,25,25,25,9.192899312979721e-11,9.192899312979721e-11,0.0,1.0,0.00046771419084793694,0.00046771419084793694,0.0,0.051329846068149984,0.051329846068149984,0.0,0,0,25,,,,
squares,linear+corner,0.64,0.3,0,64,hausdorff,25,25,25,2.339386101642044e-09,2.339386101642044e-09,0.0,1.0,0.15045149638246286,0.15045149638246286,0.0,0.5413839290376966,0.5413839290376966,0.0,0,0,25,0,0,0,0
squares,linear+corner,1,0,0,100,area_error,25,25,25,0.059848135128553095,3.79009893047141e-11,-0.05984813509065211,6.33286053496959e-10,0.12814268354920177,1.5304312587985387e-09,-0.12814268201877052,0.20368958557835584,1.291633348198461e-07,-0.203689456415021,25,0,0,,,,
squares,linear+corner,1,0,0,100,facet_gap,25,25,25,8.846989619110403e-11,8.846989619110403e-11,0.0,1.0,2.1666463329625038e-08,2.1666463329625038e-08,0.0,0.0004717463221007954,0.0004717463221007954,0.0,0,0,25,,,,
squares,linear+corner,1,0,0,100,hausdorff,25,25,25,2.5954237345732843e-09,2.5954237345732843e-09,0.0,1.0,7.339437231866787e-06,7.339437231866787e-06,0.0,0.012862515395725178,0.012862515395725178,0.0,0,0,25,0,0,0,0
squares,linear+corner,1,0.05,0,100,area_error,25,25,25,0.061643111806357793,2.1391519980366094e-11,-0.06164311178496627,3.4702206545906074e-10,0.12221774116890914,7.102004653466257e-10,-0.12221774045870867,0.21527341074525588,2.680866774439142e-08,-0.21527338393658813,25,0,0,,,,
squares,linear+corner,1,0.05,0,100,facet_gap,25,25,25,5.785083905194007e-11,5.785083905194007e-11,0.0,1.0,1.5004742501587554e-09,1.5004742501587554e-09,0.0,2.7814474038534347e-09,2.7814474038534347e-09,0.0,0,0,25,,,,
squares,linear+corner,1,0.05,0,100,hausdorff,25,25,25,8.786128192549058e-10,8.786128192549058e-10,0.0,1.0,1.0557737249696467e-07,1.0557737249696467e-07,0.0,1.452987544660672e-06,1.452987544660672e-06,0.0,0,0,25,0,0,0,0
squares,linear+corner,1,0.1,0,100,area_error,25,25,25,0.06196062208283435,6.929164313867829e-12,-0.061960622075905185,1.1183174217657659e-10,0.12167588433793314,3.8439060836253625e-10,-0.12167588395354254,0.2161533428006284,2.9409895366313796e-09,-0.21615333985963886,25,0,0,,,,
squares,linear+corner,1,0.1,0,100,facet_gap,25,25,25,4.55474803537843e-11,4.55474803537843e-11,0.0,1.0,4.779864451513437e-10,4.779864451513437e-10,0.0,3.95581306102097e-09,3.95581306102097e-09,0.0,0,0,25,,,,
squares,linear+corner,1,0.1,0,100,hausdorff,25,25,25,5.411328826036607e-10,5.411328826036607e-10,0.0,1.0,1.9525635438785693e-08,1.9525635438785693e-08,0.0,1.0071112414591227e-07,1.0071112414591227e-07,0.0,0,0,25,0,0,0,0
squares,linear+corner,1,0.2,0,100,area_error,25,25,25,0.062479117486133315,1.6222105291028264e-11,-0.06247911746991121,2.5964043577645947e-10,0.20452012959869503,9.641890456413813e-10,-0.204520128634506,0.2350701145632,1.5771140977545472e-07,-0.23506995685179025,25,0,0,,,,
squares,linear+corner,1,0.2,0,100,facet_gap,25,25,25,4.6064439218919873e-11,4.6064439218919873e-11,0.0,1.0,5.0854432276948005e-09,5.0854432276948005e-09,0.0,2.5095528703883413e-08,2.5095528703883413e-08,0.0,0,0,25,,,,
squares,linear+corner,1,0.2,0,100,hausdorff,25,25,25,1.1560871604304274e-09,1.1560871604304274e-09,0.0,1.0,8.451521327574276e-06,8.451521327574276e-06,0.0,0.02436400749339411,0.02436400749339411,0.0,0,0,25,0,0,0,0
squares,linear+corner,1,0.3,0,100,area_error,25,25,25,0.057523236271023855,1.3308065939624115e-11,-0.05752323625771579,2.3135113394737457e-10,0.21240491147748042,2.4120005277925977e-10,-0.21240491123628036,0.40334133871174666,2.985656576004911e-10,-0.403341338413181,25,0,0,,,,
squares,linear+corner,1,0.3,0,100,facet_gap,25,25,25,6.216216119133221e-11,6.216216119133221e-11,0.0,1.0,0.0076701014494763835,0.0076701014494763835,0.0,0.011485437007837841,0.011485437007837841,0.0,0,0,25,,,,
squares,linear+corner,1,0.3,0,100,hausdorff,25,25,25,3.910792042114396e-10,3.910792042114396e-10,0.0,1.0,2.7221158546617344e-08,2.7221158546617344e-08,0.0,0.24023084567096745,0.24023084567096745,0.0,0,0,25,0,0,0,0
squares,linear+corner,1.28,0,0,128,area_error,25,25,25,0.05746377651820713,3.1468267492941946e-11,-0.057463776486738866,5.476192029072676e-10,0.10359775771849869,1.4679589117989835e-10,-0.1035977575717028,0.11391915121358585,5.800839854692165e-10,-0.11391915063350187,25,0,0,,,,
squares,linear+corner,1.28,0,0,128,facet_gap,25,25,25,6.876127072606975e-11,6.876127072606975e-11,0.0,1.0,9.039315187377822e-10,9.039315187377822e-10,0.0,0.00031963205672237206,0.00031963205672237206,0.0,0,0,25,,,,
squares,linear+corner,1.28,0,0,128,hausdorff,25,25,25,2.1093603072739913e-09,2.1093603072739913e-09,0.0,1.0,2.907666313962436e-08,2.907666313962436e-08,0.0,0.014010168712868757,0.014010168712868757,0.0,0,0,25,0,0,0,0
squares,linear+corner,1.28,0.05,0,128,area_error,25,25,25,0.05640607808894769,2.226449275083023e-11,-0.05640607806668319,3.947179719838167e-10,0.10090363396001537,3.471942239602699e-10,-0.10090363361282115,0.10963318160673687,3.7349408739639954e-10,-0.10963318123324278,25,0,0,,,,
squares,linear+corner,1.28,0.05,0,128,facet_gap,25,25,25,6.00685156646557e-11,6.00685156646557e-11,0.0,1.0,2.947940567381805e-10,2.947940567381805e-10,0.0,0.0006355206189559894,0.0006355206189559894,0.0,0,0,25,,,,
squares,linear+corner,1.28,0.05,0,128,hausdorff,25,25,25,1.7866039838609707e-09,1.7866039838609707e-09,0.0,1.0,2.3037149295294202e-08,2.3037149295294202e-08,0.0,0.03440000340799489,0.03440000340799489,0.0,0,0,25,0,0,0,0
squares,linear+corner,1.28,0.1,0,128,area_error,25,25,25,0.0529537206283249,1.2120190804305775e-11,-0.05295372061620471,2.2888270475602227e-10,0.10163976525434856,1.022273991305019e-10,-0.10163976515212117,0.10386983474866036,2.385603518061912e-10,-0.10386983451010001,25,0,0,,,,
squares,linear+corner,1.28,0.1,0,128,facet_gap,25,25,25,5.926718032943811e-11,5.926718032943811e-11,0.0,1.0,3.5673272240871524e-10,3.5673272240871524e-10,0.0,0.00022112172010399842,0.00022112172010399842,0.0,0,0,25,,,,
squares,linear+corner,1.28,0.1,0,128,hausdorff,25,25,25,9.283362596790529e-10,9.283362596790529e-10,0.0,1.0,1.4835165652085808e-08,1.4835165652085808e-08,0.0,0.009093271869624123,0.009093271869624123,0.0,0,0,25,0,0,0,0
squares,linear+corner,1.28,0.2,0,128,area_error,25,25,25,0.05513244139433826,1.0657868873300558e-11,-0.05513244138368039,1.9331392921763576e-10,0.08970497587077741,1.0559996187388482e-10,-0.08970497576517746,0.10260985309041841,1.96260033335705e-10,-0.10260985289415837,25,0,0,,,,
squares,linear+corner,1.28,0.2,0,128,facet_gap,25,25,25,5.3677389763326335e-11,5.3677389763326335e-11,0.0,1.0,3.151966400182347e-10,3.151966400182347e-10,0.0,3.515200874556708e-10,3.515200874556708e-10,0.0,0,0,25,,,,
squares,linear+corner,1.28,0.2,0,128,hausdorff,25,25,25,9.425274232455942e-10,9.425274232455942e-10,0.0,1.0,6.491934855088111e-09,6.491934855088111e-09,0.0,2.1761866856340172e-08,2.1761866856340172e-08,0.0,0,0,25,0,0,0,0
squares,linear+corner,1.28,0.3,0,128,area_error,25,25,25,0.049740206998600565,3.0376292000291854e-11,-0.049740206968224274,6.106989462497911e-10,0.2660086424926835,3.8918712721732266e-10,-0.2660086421034964,0.4288149209997053,6.454131299232606e-07,-0.42881427558657537,25,0,0,,,,
squares,linear+corner,1.28,0.3,0,128,facet_gap,25,25,25,1.845509869275372e-10,1.845509869275372e-10,0.0,1.0,0.002737999194401576,0.002737999194401576,0.0,0.009146147294543775,0.009146147294543775,0.0,0,0,25,,,,
squares,linear+corner,1.28,0.3,0,128,hausdorff,25,25,25,4.7565715692439664e-09,4.7565715692439664e-09,0.0,1.0,0.003928126914186064,0.003928126914186064,0.0,0.34987399911566314,0.34987399911566314,0.0,0,0,25,0,0,0,0
squares,linear+corner,1.5,0,0,150,area_error,25,25,25,0.03985148049119622,2.4907663914217018e-11,-0.03985148046628855,6.250122607043291e-10,0.12756754546921156,5.523672258800307e-10,-0.12756754491684433,0.16600631168137117,1.089286258637279e-09,-0.1660063105920849,25,0,0,,,,
squares,linear+corner,1.5,0,0,150,facet_gap,25,25,25,6.44869802326504e-11,6.44869802326504e-11,0.0,1.0,6.720839822691194e-10,6.720839822691194e-10,0.0,0.00032579520141500694,0.00032579520141500694,0.0,0,0,25,,,,
squares,linear+corner,1.5,0,0,150,hausdorff,25,25,25,1.4876631410559971e-09,1.4876631410559971e-09,0.0,1.0,6.972017464104037e-08,6.972017464104037e-08,0.0,0.012854291814843367,0.012854291814843367,0.0,0,0,25,0,0,0,0
squares,linear+corner,1.5,0.05,0,150,area_error,25,25,25,0.034944961557344535,1.5678700594745675e-11,-0.034944961541665834,4.4866841730579655e-10,0.12354490732332557,8.389785256387698e-11,-0.12354490723942772,0.14397796031658286,7.261152216742984e-10,-0.14397795959046764,25,0,0,,,,
squares,linear+corner,1.5,0.05,0,150,facet_gap,25,25,25,6.475082333387287e-11,6.475082333387287e-11,0.0,1.0,7.027973963452685e-05,7.027973963452685e-05,0.0,0.00037855604216459766,0.00037855604216459766,0.0,0,0,25,,,,
squares,linear+corner,1.5,0.05,0,150,hausdorff,25,25,25,1.2796030476012407e-09,1.2796030476012407e-09,0.0,1.0,0.0030300709491895205,0.0030300709491895205,0.0,0.015512451699582696,0.015512451699582696,0.0,0,0,25,0,0,0,0
squares,linear+corner,1.5,0.1,0,150,area_error,25,25,25,0.03663385695972258,2.16732793550894e-11,-0.0366338569380493,5.916188235084905e-10,0.12047258911804365,2.1422740951653298e-10,-0.12047258890381624,0.13212319537607584,3.024672868010858e-10,-0.13212319507360856,25,0,0,,,,
squares,linear+corner,1.5,0.1,0,150,facet_gap,25,25,25,6.702759321390645e-11,6.702759321390645e-11,0.0,1.0,0.0006812015452017953,0.0006812015452017953,0.0,0.007746430938766262,0.007746430938766262,0.0,0,0,25,,,,
squares,linear+corner,1.5,0.1,0,150,hausdorff,25,25,25,1.3365843842101903e-09,1.3365843842101903e-09,0.0,1.0,0.04935446886983179,0.04935446886983179,0.0,0.33850136680078885,0.33850136680078885,0.0,0,0,25,0,0,0,0
squares,linear+corner,1.5,0.2,0,150,area_error,25,25,25,0.03415659498275947,1.606504219531706e-11,-0.034156594966694424,4.703350027549843e-10,0.11287671378519737,1.213926577440839e-09,-0.11287671257127078,0.1587613123998366,3.899713116768713e-08,-0.15876127340270543,25,0,0,,,,
squares,linear+corner,1.5,0.2,0,150,facet_gap,25,25,25,6.614403334395624e-11,6.614403334395624e-11,0.0,1.0,0.0003494556812920659,0.0003494556812920659,0.0,0.007207757435272109,0.007207757435272109,0.0,0,0,25,,,,
squares,linear+corner,1.5,0.2,0,150,hausdorff,25,25,25,1.9734474704505175e-09,1.9734474704505175e-09,0.0,1.0,0.24526154757536378,0.24526154757536378,0.0,0.36952867875110385,0.36952867875110385,0.0,0,0,25,0,0,0,0
squares,linear+corner,1.5,0.3,0,150,area_error,25,25,25,0.03552384844799057,1.872124774695988e-11,-0.035523848429269325,5.27005056177095e-10,0.4148997788431612,5.01068875451196e-10,-0.41489977834209235,0.449215449955612,1.6260792123093818e-08,-0.4492154336948199,25,0,0,,,,
squares,linear+corner,1.5,0.3,0,150,facet_gap,25,25,25,7.257089239470005e-11,7.257089239470005e-11,0.0,1.0,0.007228079284801978,0.007228079284801978,0.0,0.00785539905376755,0.00785539905376755,0.0,0,0,25,,,,
squares,linear+corner,1.5,0.3,0,150,hausdorff,25,25,25,2.3979138181892616e-09,2.3979138181892616e-09,0.0,1.0,0.29102830237906185,0.29102830237906185,0.0,0.40683256756530833,0.40683256756530833,0.0,0,0,25,0,0,0,0
zalesak,circular,0.5,0,0,50,area_error,25,25,25,0.02548404090345196,7.184913568865119e-12,-0.025484040896267046,2.8193776630973315e-10,0.03474016315327293,3.477966812325017e-11,-0.03474016311849326,0.035804351130363156,3.7867980055064283e-10,-0.03580435075168335,25,0,0,,,,
zalesak,circular,0.5,0,0,50,facet_gap,25,25,25,0.03417519457856042,0.034175194578558644,-1.7763568394002505e-15,0.999999999999948,0.04394854095183827,0.04394854095183459,-3.677613769070831e-15,0.050153448198212304,0.050153448198212304,0.0,0,0,25,,,,
zalesak,circular,0.5,0,0,50,hausdorff,25,25,25,0.6006686536854735,0.6006686536854735,0.0,1.0,0.7298669324418504,0.7298669324418504,0.0,0.7951228318966584,0.7951228318966584,0.0,0,0,25,0,0,0,0
zalesak,circular,0.5,0.05,0,50,area_error,25,25,25,0.024488336547517163,2.0450495938775482e-12,-0.024488336545472115,8.351116826205546e-11,0.03692965345277909,9.02573548497652e-11,-0.036929653362521735,0.042724187440469234,1.289484512566937e-10,-0.042724187311520785,25,0,0,,,,
zalesak,circular,0.5,0.05,0,50,facet_gap,25,25,25,0.034381891287086706,0.034381891287086706,0.0,1.0,0.04370663796732126,0.04407416970596801,0.0003675317386467522,0.059167717025949126,0.059167717025887384,-6.174227795696652e-14,0,1,24,,,,
zalesak,circular,0.5,0.05,0,50,hausdorff,25,25,25,0.5873867450034109,0.5873867450034109,0.0,1.0,0.7399317877775782,0.7399317877775782,0.0,0.7627612173677943,0.7627612173677943,0.0,0,0,25,0,0,0,0
zalesak,circular,0.5,0.1,0,50,area_error,25,25,25,0.023660650177219866,6.642847525457874e-12,-0.02366065017057702,2.807550712132802e-10,0.03902660519241212,3.159733428945458e-11,-0.039026605160814784,0.043790143898564095,1.584213396794864e-10,-0.043790143740142756,25,0,0,,,,
zalesak,circular,0.5,0.1,0,50,facet_gap,25,25,25,0.03208928085629022,0.03208928085629023,1.3877787807814457e-17,1.0000000000000004,0.053022113775179854,0.053022113775179645,-2.0816681711721685e-16,0.06293513004759675,0.06293513004759657,-1.8041124150158794e-16,0,0,25,,,,
zalesak,circular,0.5,0.1,0,50,hausdorff,25,25,25,0.5931546057817316,0.5931546057817316,0.0,1.0,0.7310983929044794,0.7310983929044794,0.0,0.7550945741327704,0.7550945741327704,0.0,0,0,25,0,0,0,0
zalesak,circular,0.5,0.2,0,50,area_error,25,25,25,0.021593080517748803,4.978571989449247e-12,-0.02159308051277023,2.305633040805375e-10,0.03850118430003545,2.4386332815906734e-11,-0.038501184275649115,0.040577661739158805,3.504214837380782e-11,-0.040577661704116655,25,0,0,,,,
zalesak,circular,0.5,0.2,0,50,facet_gap,25,25,25,0.03340942515366017,0.03340942515366017,0.0,1.0,0.05798267937096526,0.0579826793709681,2.8380076066980564e-15,0.07476009508795012,0.07476009508794822,-1.9012569296705806e-15,0,0,25,,,,
zalesak,circular,0.5,0.2,0,50,hausdorff,25,25,25,0.6072447347279843,0.6072447347279841,-2.220446049250313e-16,0.9999999999999997,0.8132196492545697,0.8132196492546064,3.674838211509268e-14,0.8778417310141281,0.8778417310141281,0.0,0,0,25,0,0,0,0
zalesak,circular,0.5,0.3,0,50,area_error,25,25,25,0.018779715279506403,6.928916240728628e-12,-0.018779715272577487,3.689574702066912e-10,0.036620134262389616,4.1441339555979095e-11,-0.03662013422094828,0.039358493392822595,2.128173547054072e-10,-0.03935849318000524,25,0,0,,,,
zalesak,circular,0.5,0.3,0,50,facet_gap,25,25,25,0.03330748733246699,0.033307487332467065,7.632783294297951e-17,1.0000000000000022,0.07039070218620264,0.07039070218619621,-6.4254157550180935e-15,0.07252889911795583,0.07252889911795242,-3.4139358007223564e-15,0,1,24,,,,
zalesak,circular,0.5,0.3,0,50,hausdorff,25,25,25,0.627684552654757,0.627684552654757,0.0,1.0,0.8575102822446148,0.8575731999112235,6.291766660870834e-05,0.888283599601511,0.888283599601511,0.0,0,1,24,0,0,0,0
zalesak,circular,0.64,0,0,64,area_error,25,25,25,0.015138233769108519,2.790976209805385e-12,-0.015138233766317543,1.843660398150757e-10,0.02715893568751168,4.761077752969467e-11,-0.027158935639900905,0.03631580655182828,2.0312226138582157e-10,-0.036315806348706015,25,0,0,,,,
zalesak,circular,0.64,0,0,64,facet_gap,25,25,25,0.021770421081119862,0.021770421081117614,-2.248201624865942e-15,0.9999999999998967,0.030301851406955557,0.030301851406941208,-1.4349632593280148e-14,0.04043011480192622,0.04043011480192622,0.0,0,0,25,,,,
zalesak,circular,0.64,0,0,64,hausdorff,25,25,25,0.4672355058794445,0.4672355058794445,0.0,1.0,1.308886540268148,1.308886540268148,0.0,1.5258094449333568,1.5258094449331425,-2.142730437526552e-13,0,0,25,2,2,0,0
zalesak,circular,0.64,0.05,0,64,area_error,25,25,25,0.016953338063175907,3.5470568006097264e-12,-0.01695333805962885,2.0922468409417469e-10,0.026315087077781782,6.669095550513637e-11,-0.026315087011090827,0.033222853238257265,7.191376964411509e-11,-0.0332228531663435,25,0,0,,,,
zalesak,circular,0.64,0.05,0,64,facet_gap,25,25,25,0.021710178385937612,0.021710178385942584,4.971717482149529e-15,1.000000000000229,0.033430483567732906,0.03343048356773661,3.70536934468646e-15,0.0359090811870848,0.03590908118709307,8.271161533457416e-15,0,0,25,,,,
zalesak,circular,0.64,0.05,0,64,hausdorff,25,25,25,0.453533059376785,0.453533059376785,0.0,1.0,0.564894049687191,0.564894049687186,-4.9960036108132044e-15,0.715103462800807,0.715103462800807,0.0,0,0,25,0,0,0,0
zalesak,circular,0.64,0.1,0,64,area_error,25,25,25,0.018534024261366976,4.729409067479635e-12,-0.01853402425663757,2.551744295132814e-10,0.026095096112689228,1.4389627388739414e-11,-0.0260950960982996,0.02986423435939104,2.3272324610705632e-11,-0.029864234336118716,25,0,0,,,,
zalesak,circular,0.64,0.1,0,64,facet_gap,25,25,25,0.02300665448261879,0.023006654482612406,-6.38378239159465e-15,0.9999999999997226,0.03308488799101368,0.034405579220762324,0.0013206912297486426,0.046039418905744756,0.04603989438299043,4.7547724567331695e-07,0,1,24,,,,
zalesak,circular,0.64,0.1,0,64,hausdorff,25,25,25,0.4788708313942265,0.4788708313942265,0.0,1.0,0.5343969164898734,0.5343969164897766,-9.681144774731365e-14,0.5795810248091167,0.5795810248089859,-1.3078427230084344e-13,0,0,25,0,0,0,0
zalesak,circular,0.64,0.2,0,64,area_error,25,25,25,0.01869835082779458,3.771225322883327e-12,-0.018698350824023352,2.016875903984808e-10,0.03332444064052799,4.363424664555833e-11,-0.03332444059689374,0.0344963070194318,6.201989273944712e-11,-0.034496306957411904,25,0,0,,,,
zalesak,circular,0.64,0.2,0,64,facet_gap,25,25,25,0.025271019150583263,0.025271019144748823,-5.834440569563171e-12,0.9999999997691252,0.03966668424902027,0.039666684249022144,1.8735013540549517e-15,0.052156030576746094,0.052156030576746094,0.0,0,0,25,,,,
zalesak,circular,0.64,0.2,0,64,hausdorff,25,25,25,0.503067719366805,0.503067719366805,0.0,1.0,0.6063858973296461,0.6063858973296461,0.0,0.6721454790079946,0.6721454790079946,0.0,0,0,25,0,0,0,0
zalesak,circular,0.64,0.3,0,64,area_error,25,25,25,0.018160847051333195,6.048644726434731e-12,-0.01816084704528455,3.3305961496937434e-10,0.0316099146004252,6.81442236324613e-11,-0.03160991453228097,0.0373167287757931,1.3748599144035782e-10,-0.0373167286383071,25,0,0,,,,
zalesak,circular,0.64,0.3,0,64,facet_gap,25,25,25,0.02261642250636717,0.022616422506372275,5.1035564663237665e-15,1.0000000000002256,0.04023461466462187,0.04023461466460677,-1.5105972028806036e-14,0.044315867697660764,0.044315867697661576,8.118505867571457e-16,0,0,25,,,,
zalesak,circular,0.64,0.3,0,64,hausdorff,25,25,25,0.5355526162759913,0.5355526162759913,0.0,1.0,0.6798845121510664,0.6798845121510664,0.0,0.8857897986414152,0.8857897986414152,0.0,0,0,25,0,0,0,0
zalesak,circular,1,0,0,100,area_error,25,25,25,0.009504898050907568,2.1647493361717273e-12,-0.009504898048742818,2.27750926372643e-10,0.014640321085506548,4.1303518873905264e-11,-0.014640321044203028,0.015462519218991767,5.103387772931204e-11,-0.015462519167957888,25,0,0,,,,
zalesak,circular,1,0,0,100,facet_gap,25,25,25,0.008990215945827749,0.008990215945828498,7.494005416219807e-16,1.0000000000000833,0.015205211140526542,0.015205211140526757,2.1510571102112408e-16,0.01763331942391351,0.017633319309356944,-1.1455656562242567e-10,0,0,25,,,,
zalesak,circular,1,0,0,100,hausdorff,25,25,25,0.3042733475928682,0.3042733475927684,-9.980904991380157e-14,0.9999999999996719,0.3713650444354468,0.3713650444354468,0.0,0.3784815262894604,0.3784815262894604,0.0,0,0,25,0,0,0,0
zalesak,circular,1,0.05,0,100,area_error,25,25,25,0.008478988206684943,2.4396877328278512e-12,-0.008478988204245256,2.8773335607476963e-10,0.014916336083865004,3.5778975466096314e-11,-0.014916336048086029,0.017188128834584437,1.2006026698291924e-09,-0.017188127633981767,25,0,0,,,,
zalesak,circular,1,0.05,0,100,facet_gap,25,25,25,0.00935016776497034,0.00935016776497034,0.0,1.0,0.015531357549606986,0.01553135754960791,9.246076126956382e-16,0.018366972707441014,0.01836697270744505,4.034966805122053e-15,0,1,24,,,,
zalesak,circular,1,0.05,0,100,hausdorff,25,25,25,0.3086641212073524,0.3122142344372759,0.0035501132299234905,1.0115015415981523,0.36672535991777855,0.36672535991777855,0.0,0.3788452423320146,0.3788452423320146,0.0,0,1,24,0,0,0,0
zalesak,circular,1,0.1,0,100,area_error,25,25,25,0.009031736098016434,3.3078525847689935e-12,-0.009031736094708582,3.6624770131353484e-10,0.013108450329957541,3.4649423868584196e-11,-0.013108450295308117,0.014094004704842414,4.100507012003514e-11,-0.014094004663837343,25,0,0,,,,
zalesak,circular,1,0.1,0,100,facet_gap,25,25,25,0.008933059767780555,0.008933059767780555,0.0,1.0,0.011792377710000256,0.011792377710017066,1.680947048221526e-14,0.013680629371574014,0.013680629371574054,3.9898639947466563e-17,1,0,24,,,,
zalesak,circular,1,0.1,0,100,hausdorff,25,25,25,0.3169138717818162,0.3169138717818162,0.0,1.0,0.36309992714902484,0.36309992714907446,4.96269692007445e-14,0.3849164983823136,0.3849164983823136,0.0,1,0,24,0,0,0,0
zalesak,circular,1,0.2,0,100,area_error,25,25,25,0.008044155974938322,2.199897710744243e-12,-0.008044155972738424,2.7347775423525534e-10,0.015027409274006594,4.2064403075901166e-11,-0.015027409231942191,0.015705413756797622,6.8850452111997e-10,-0.015705413068293102,25,0,0,,,,
zalesak,circular,1,0.2,0,100,facet_gap,25,25,25,0.008924240593165022,0.008924240593243602,7.857950401479741e-14,1.0000000000088052,0.012805678131511282,0.012805678131239239,-2.7204280494963484e-13,0.026639882706648698,0.02663988270665025,1.5508427875232655e-15,0,0,25,,,,
zalesak,circular,1,0.2,0,100,hausdorff,25,25,25,0.327760854564886,0.32776085456493365,4.7628567756419216e-14,1.0000000000001452,0.3892889677675204,0.3892889677675204,0.0,0.42088194709926946,0.42088194709926946,0.0,0,0,25,0,0,0,0
zalesak,circular,1,0.3,0,100,area_error,25,25,25,0.008256869844383613,2.5748137061844123e-12,-0.0082568698418088,3.1183896012794974e-10,0.0162938979891194,2.0405271696825492e-11,-0.016293897968714128,0.01928711380028391,4.75762540151146e-11,-0.019287113752707655,25,0,0,,,,
zalesak,circular,1,0.3,0,100,facet_gap,25,25,25,0.009062564638352961,0.009062564638350855,-2.105954299835844e-15,0.9999999999997676,0.021310872632573148,0.02131087263250484,-6.830647159006276e-14,0.026754080064583175,0.026754080064583175,0.0,0,0,25,,,,
zalesak,circular,1,0.3,0,100,hausdorff,25,25,25,0.31604954296011223,0.3160495429601119,-3.3306690738754696e-16,0.999999999999999,0.49818276206551687,0.49818276206551687,0.0,0.7893274687306757,0.7893274687306757,0.0,0,0,25,0,0,0,0
zalesak,circular,1.28,0,0,128,area_error,25,25,25,0.00529448392709029,1.4959538755558005e-12,-0.005294483925594336,2.8254951684742154e-10,0.010458993679333246,3.295574085918323e-11,-0.010458993646377505,0.011717718832390488,3.936217651189146e-10,-0.011717718438768723,25,0,0,,,,
zalesak,circular,1.28,0,0,128,facet_gap,25,25,25,0.005802546788639031,0.005802546788639031,0.0,1.0,0.008543693111749032,0.008543693111749077,4.5102810375396984e-17,0.009197140370994748,0.009197140370995095,3.469446951953614e-16,0,0,25,,,,
zalesak,circular,1.28,0,0,128,hausdorff,25,25,25,0.23215842332687864,0.2321584233269537,7.505107646466058e-14,1.0000000000003233,0.28564518486955004,0.28564518486955004,0.0,0.29456923981504823,0.29456923981504823,0.0,0,0,25,0,0,0,0
zalesak,circular,1.28,0.05,0,128,area_error,25,25,25,0.0053957155061254685,1.6385000613221148e-12,-0.005395715504486968,3.036668741081721e-10,0.010732565080576266,2.219295708133317e-11,-0.010732565058383308,0.010965188239058527,3.0366828749420334e-11,-0.010965188208691698,25,0,0,,,,
zalesak,circular,1.28,0.05,0,128,facet_gap,25,25,25,0.006172089561261562,0.006172089561263036,1.4736475928422976e-15,1.0000000000002387,0.008221147805231203,0.008221147805229582,-1.6202317265623378e-15,0.009066604450712284,0.009066604450712284,0.0,0,0,25,,,,
zalesak,circular,1.28,0.05,0,128,hausdorff,25,25,25,0.23511549423338318,0.23511549423338318,0.0,1.0,0.2892860990567637,0.2892860990567637,0.0,0.29421415841516796,0.29421415841516796,0.0,0,0,25,0,0,0,0
zalesak,circular,1.28,0.1,0,128,area_error,25,25,25,0.006162800051793346,1.4254618576631435e-12,-0.006162800050367884,2.313010069584102e-10,0.011286877164546388,1.0583136530034988e-11,-0.01128687715396325,0.012958087029454102,3.7028422074650214e-11,-0.01295808699242568,25,0,0,,,,
zalesak,circular,1.28,0.1,0,128,facet_gap,25,25,25,0.005802730449789206,0.0059868685650882976,0.0001841381152990918,1.0317330120522454,0.008792523837512408,0.008792523837511461,-9.471590178833367e-16,0.00945159778691049,0.009451597786912966,2.4754504002189037e-15,0,1,24,,,,
zalesak,circular,1.28,0.1,0,128,hausdorff,25,25,25,0.24095711009523346,0.24095711009503218,-2.0128343436454088e-13,0.9999999999991647,0.2844485092187557,0.2844485092187557,0.0,0.29323935600549655,0.29323935600549655,0.0,0,1,24,0,0,0,0
zalesak,circular,1.28,0.2,0,128,area_error,25,25,25,0.00645841206223578,2.578133274894039e-12,-0.006458412059657647,3.9918996342291884e-10,0.010475887938839664,9.396371189468758e-12,-0.010475887929443293,0.01474982688098239,1.500739522022596e-09,-0.014749825380242868,25,0,0,,,,
zalesak,circular,1.28,0.2,0,128,facet_gap,25,25,25,0.005340085913691297,0.00534008591369418,2.8831104170734534e-15,1.0000000000005398,0.008884158455735647,0.008884158455736908,1.2611439670351388e-15,0.019218662437132824,0.019218662437138174,5.349887199912473e-15,1,0,24,,,,
zalesak,circular,1.28,0.2,0,128,hausdorff,25,25,25,0.25410005445460715,0.25410005445460715,0.0,1.0,0.32435969973759804,0.32435969973759804,0.0,0.4751420014362883,0.4751420014362883,0.0,0,0,25,0,0,0,0
zalesak,circular,1.28,0.3,0,128,area_error,25,25,25,0.007009076005233277,3.202602729799071e-12,-0.007009076002030674,4.569222430186048e-10,0.010484969018726505,1.238051114979981e-10,-0.010484968894921393,0.015771019692148523,2.1143914788466933e-10,-0.015771019480709376,25,0,0,,,,
zalesak,circular,1.28,0.3,0,128,facet_gap,25,25,25,0.0056450774078683754,0.005645077407865842,-2.5335636366641268e-15,0.9999999999995511,0.009411891748186803,0.009411891748187028,2.255140518769849e-16,0.022016353625490082,0.022016353625489857,-2.255140518769849e-16,0,0,25,,,,
zalesak,circular,1.28,0.3,0,128,hausdorff,25,25,25,0.2610705956827321,0.2610705956827321,0.0,1.0,0.3464240841783833,0.3464240841783833,0.0,0.42577139828577415,0.42577139828577415,0.0,0,0,25,0,0,0,0
zalesak,circular,1.5,0,0,150,area_error,25,25,25,0.005888552094794673,2.0058005756049054e-12,-0.005888552092788872,3.4062712587326533e-10,0.009041489806893531,1.8498199000019834e-11,-0.009041489788395331,0.010498611803410088,1.1110244987374166e-10,-0.010498611692307638,25,0,0,,,,
zalesak,circular,1.5,0,0,150,facet_gap,25,25,25,0.004150904149036571,0.0041509041490308315,-5.739332620269266e-15,0.9999999999986173,0.005993291905885979,0.005993291905885107,-8.716985466783456e-16,0.0061138897764868,0.006113889776482952,-3.8484840314545465e-15,0,1,24,,,,
zalesak,circular,1.5,0,0,150,hausdorff,25,25,25,0.20815189509779153,0.20815189509779153,0.0,1.0,0.22841319319655481,0.22841319319655481,0.0,0.24742362208125765,0.24742362208125765,0.0,0,0,25,0,0,0,0
zalesak,circular,1.5,0.05,0,150,area_error,25,25,25,0.006229138416563097,1.1780563544221569e-12,-0.00622913841538504,1.89120272442452e-10,0.008355980091561311,1.1818250412513193e-11,-0.00835598007974306,0.009447194252137508,3.101512099153563e-11,-0.009447194221122387,25,0,0,,,,
zalesak,circular,1.5,0.05,0,150,facet_gap,25,25,25,0.004171739454662085,0.0041717394546991,3.701552953039311e-14,1.000000000008873,0.005947109652241092,0.00594710965223935,-1.7416623698807143e-15,0.006474859042917487,0.006474859042917115,-3.720981855970251e-16,1,0,24,,,,
zalesak,circular,1.5,0.05,0,150,hausdorff,25,25,25,0.2079503541518657,0.2079503541518657,0.0,1.0,0.2628540856790111,0.2628540856790111,0.0,0.26772183327177146,0.26772183327177146,0.0,0,0,25,0,0,0,0
zalesak,circular,1.5,0.1,0,150,area_error,25,25,25,0.006182094959359291,1.530711712633066e-12,-0.006182094957828579,2.476040440491241e-10,0.009058988138475575,2.0253157342425546e-11,-0.009058988118222418,0.009420090829987389,3.412868117241766e-11,-0.009420090795858708,25,0,0,,,,
zalesak,circular,1.5,0.1,0,150,facet_gap,25,25,25,0.004245767462802323,0.004245767462809635,7.31272681298023e-15,1.0000000000017224,0.005179068071948114,0.005179068071948119,4.336808689942018e-18,0.006639408328808108,0.006639408328810926,2.818058286724323e-15,0,0,25,,,,
zalesak,circular,1.5,0.1,0,150,hausdorff,25,25,25,0.20990538855797483,0.20990538855797483,0.0,1.0,0.27957661189372324,0.27957661189372324,0.0,0.6145450864248188,0.6145450864248188,0.0,0,0,25,0,0,0,0
zalesak,circular,1.5,0.2,0,150,area_error,25,25,25,0.00607072971973266,1.3784020894854973e-12,-0.006070729718354258,2.2705706778627574e-10,0.008849952516474326,1.4824647104698584e-11,-0.00884995250164968,0.010618894212314874,2.726974925083786e-10,-0.010618893939617381,25,0,0,,,,
zalesak,circular,1.5,0.2,0,150,facet_gap,25,25,25,0.004036120517180843,0.004036120517180843,0.0,1.0,0.006801163039735521,0.006801163039735024,-4.969982758673552e-16,0.007840465553510867,0.007840465553510867,0.0,0,0,25,,,,
zalesak,circular,1.5,0.2,0,150,hausdorff,25,25,25,0.2107818070395372,0.2107818070395372,0.0,1.0,0.28754154786081937,0.28754154786081937,0.0,0.3256697058339114,0.3256697058339114,0.0,0,0,25,0,0,0,0
zalesak,circular,1.5,0.3,0,150,area_error,25,25,25,0.00631582681927911,1.7593714161020442e-12,-0.006315826817519739,2.785654937104275e-10,0.009130853284642896,7.216457282356456e-11,-0.009130853212478323,0.010298008353546792,6.121882222918996e-10,-0.01029800774135857,25,0,0,,,,
zalesak,circular,1.5,0.3,0,150,facet_gap,25,25,25,0.004337869074162698,0.004128574206776085,-0.00020929486738661268,0.9517516864136775,0.006189917037830558,0.006189917037835384,4.826000710167477e-15,0.006568905078061765,0.006568905078061765,0.0,1,0,24,,,,
zalesak,circular,1.5,0.3,0,150,hausdorff,25,25,25,0.20915706699063175,0.20915706699063175,0.0,1.0,0.27116918704270015,0.27116918704270015,0.0,0.29319255626206214,0.29319255626206214,0.0,0,0,25,0,0,0,0
zalesak,circular+corner,0.5,0,0,50,area_error,25,25,25,0.02698165809029849,2.7310482311592456e-11,-0.026981658062988006,1.0121869538259474e-09,0.03810905909057499,2.9232914848086244e-10,-0.038109058798245846,0.043127521140831744,0.0014437680472789876,-0.04168375309355276,25,0,0,,,,
zalesak,circular+corner,0.5,0,0,50,facet_gap,25,25,25,0.010671852196823131,0.01067185219682328,1.491862189340054e-16,1.000000000000014,0.014916161744183597,0.014916161744185058,1.4606371667724716e-15,0.021299298215094523,0.021299298215094523,0.0,0,0,25,,,,
zalesak,circular+corner,0.5,0,0,50,hausdorff,25,25,25,0.49038849628602277,0.49038849628602277,0.0,1.0,0.5978206951165062,0.5978206951165062,0.0,0.867654080005658,0.867654080005658,0.0,0,0,25,0,0,0,0
zalesak,circular+corner,0.5,0.05,0,50,area_error,25,25,25,0.025758921519378787,1.0460742079023597e-11,-0.025758921508918044,4.061017100872736e-10,0.04082630953316275,1.5729248382452197e-07,-0.040826152240678926,0.04467979260239437,5.1897282477891265e-05,-0.04462789531991648,25,0,0,,,,
zalesak,circular+corner,0.5,0.05,0,50,facet_gap,25,25,25,0.011506806321029244,0.011506806321028337,-9.072603779358701e-16,0.9999999999999212,0.020874087953843656,0.021242670830268266,0.0003685828764246092,0.021345002413004938,0.031774701493795084,0.010429699080790146,0,1,24,,,,
zalesak,circular+corner,0.5,0.05,0,50,hausdorff,25,25,25,0.48954713255929283,0.48954713255929283,0.0,1.0,0.6348745712630752,0.6397253156250293,0.004850744361954096,0.6627682088101493,0.6627682088101493,0.0,0,1,24,0,0,0,0
zalesak,circular+corner,0.5,0.1,0,50,area_error,25,25,25,0.02611778861834335,1.2811191994186783e-11,-0.02611778860553216,4.905159537583928e-10,0.04384318824799484,3.463345697065704e-05,-0.04380855479102418,0.047390784197095054,0.00043051478143660814,-0.046960269415658444,25,0,0,,,,
zalesak,circular+corner,0.5,0.1,0,50,facet_gap,25,25,25,0.010869534870227902,0.010869534870225081,-2.8206603719382883e-15,0.9999999999997405,0.023403091516185942,0.023403091516185186,-7.563394355258879e-16,0.03949175555214609,0.03949175555214594,-1.457167719820518e-16,0,0,25,,,,
zalesak,circular+corner,0.5,0.1,0,50,hausdorff,25,25,25,0.489879971231604,0.489879971231604,0.0,1.0,0.6395788940695755,0.6395788940695755,0.0,0.6687443105578236,0.6687443105578236,0.0,0,0,25,0,0,0,0
zalesak,circular+corner,0.5,0.2,0,50,area_error,25,25,25,0.022702194102972847,9.618157433021342e-12,-0.02270219409335469,4.236664257822483e-10,0.03876885979570925,6.938421923363017e-11,-0.03876885972632503,0.040059555395071104,2.3082738183636433e-10,-0.04005955516424372,25,0,0,,,,
zalesak,circular+corner,0.5,0.2,0,50,facet_gap,25,25,25,0.010462396593293833,0.010462396593293833,0.0,1.0,0.02651400271149862,0.026514002711497547,-1.0720591081536668e-15,0.03279117165476425,0.03279117165476425,0.0,0,0,25,,,,
zalesak,circular+corner,0.5,0.2,0,50,hausdorff,25,25,25,0.46551052684107397,0.46551052684087635,-1.9761969838327786e-13,0.9999999999995755,0.6234166981073326,0.6234166981073326,0.0,0.6355584843499347,0.6355584843499347,0.0,0,0,25,0,0,0,0
zalesak,circular+corner,0.5,0.3,0,50,area_error,25,25,25,0.021670316550288043,7.525462264723272e-12,-0.02167031654276258,3.472705277405485e-10,0.03661357117611118,6.339673267895161e-11,-0.036613571112714446,0.03934105208863333,4.924351716296189e-10,-0.03934105159619816,25,0,0,,,,
zalesak,circular+corner,0.5,0.3,0,50,facet_gap,25,25,25,0.010650268274759012,0.010650268274759012,0.0,1.0,0.0320302229726308,0.03203022297263151,7.077671781985373e-16,0.05244165993381333,0.052441659933805694,-7.632783294297951e-15,0,0,25,,,,
zalesak,circular+corner,0.5,0.3,0,50,hausdorff,25,25,25,0.5082813693419475,0.5082813693419475,0.0,1.0,0.6818541214831294,0.6818541214831294,0.0,0.7130667888026715,0.7130667888026715,0.0,0,0,25,0,0,0,0
zalesak,circular+corner,0.64,0,0,64,area_error,25,25,25,0.01682846881084423,4.5421463385071755e-12,-0.016828468806302083,2.699084741197741e-10,0.025062335948558757,2.693986222860001e-11,-0.025062335921618894,0.02543551844075928,6.073912502377417e-11,-0.025435518380020155,25,0,0,,,,
zalesak,circular+corner,0.64,0,0,64,facet_gap,25,25,25,0.005859127692025154,0.005859127692025154,0.0,1.0,0.010771237323918013,0.010771237323918013,0.0,0.012379117224682547,0.012379117224682547,0.0,0,0,25,,,,
zalesak,circular+corner,0.64,0,0,64,hausdorff,25,25,25,0.2995465047785198,0.2995465047785198,0.0,1.0,0.4527610160194291,0.45276101601940183,-2.7255975254547593e-14,1.5258094449333568,1.5258094449331425,-2.142730437526552e-13,0,0,25,1,1,0,0
zalesak,circular+corner,0.64,0.05,0,64,area_error,25,25,25,0.018872823999652632,8.05307842080626e-12,-0.018872823991599553,4.2670235365700877e-10,0.024817902437277037,1.2796675715488304e-10,-0.024817902309310278,0.02657205280996504,1.780814454688442e-06,-0.02657027199551035,25,0,0,,,,
zalesak,circular+corner,0.64,0.05,0,64,facet_gap,25,25,25,1.2392793189327463e-09,1.2392793189327463e-09,0.0,1.0,0.008868518714549833,0.008868518714549979,1.457167719820518e-16,0.009664667107036855,0.009664667107036855,0.0,0,0,25,,,,
zalesak,circular+corner,0.64,0.05,0,64,hausdorff,25,25,25,7.496311768465931e-08,7.496311768465931e-08,0.0,1.0,0.4112270243207284,0.4112270243207284,0.0,0.44532243285620843,0.4453224328563592,1.5076828674409626e-13,0,0,25,0,0,0,0
zalesak,circular+corner,0.64,0.1,0,64,area_error,25,25,25,0.019714165965878577,6.154089850152278e-12,-0.019714165959724486,3.1216587406253057e-10,0.023945425159024418,1.2495024554157073e-10,-0.023945425034074173,0.025355836411948378,1.6404000262365068e-10,-0.025355836247908374,25,0,0,,,,
zalesak,circular+corner,0.64,0.1,0,64,facet_gap,25,25,25,0.004223508405169001,0.004223508405169001,0.0,1.0,0.011553273770957675,0.011553273770957547,-1.2836953722228372e-16,0.012764800967466123,0.012765239919272727,4.389518066041931e-07,0,0,25,,,,
zalesak,circular+corner,0.64,0.1,0,64,hausdorff,25,25,25,0.26334593157186315,0.26334593157186315,0.0,1.0,0.4590959785014677,0.4590959785014677,0.0,0.5248343720983804,0.5248343720983804,0.0,0,0,25,0,0,0,0
zalesak,circular+corner,0.64,0.2,0,64,area_error,25,25,25,0.020162281386874484,9.41273471051975e-12,-0.02016228137746175,4.668486928591018e-10,0.0289888105950169,8.079845860730706e-11,-0.028988810514218442,0.033128281736854115,9.415292731113638e-11,-0.033128281642701186,25,0,0,,,,
zalesak,circular+corner,0.64,0.2,0,64,facet_gap,25,25,25,0.004958145602743079,0.0049581456027436195,5.403663627667754e-16,1.000000000000109,0.020039903155689355,0.020039903155690278,9.228728892196614e-16,0.025194220570547658,0.02519422057054983,2.1718737919229625e-15,0,0,25,,,,
zalesak,circular+corner,0.64,0.2,0,64,hausdorff,25,25,25,0.22652864549815985,0.22652864549815985,0.0,1.0,0.5385606672384364,0.5385606672384364,0.0,0.5407725222819805,0.5407725222819805,0.0,0,0,25,0,0,0,0
zalesak,circular+corner,0.64,0.3,0,64,area_error,25,25,25,0.019325244620125574,4.738000892375139e-12,-0.019325244615387573,2.451715869842558e-10,0.031436213606303984,6.715457428187257e-10,-0.03143621293475824,0.035716190285429286,3.61737704956746e-06,-0.03571257290837972,25,0,0,,,,
zalesak,circular+corner,0.64,0.3,0,64,facet_gap,25,25,25,3.695492754696103e-09,3.6954924398386888e-09,-3.1485741418057963e-16,0.9999999147996126,0.023716497734375258,0.02371649773436127,-1.3988810110276972e-14,0.02612639305387831,0.02612639305387831,0.0,0,0,25,,,,
zalesak,circular+corner,0.64,0.3,0,64,hausdorff,25,25,25,3.500608437277253e-07,3.500608437277253e-07,0.0,1.0,0.5346881133240136,0.5346881133240136,0.0,0.6324376183022948,0.6324376183022948,0.0,0,0,25,0,0,0,0
zalesak,circular+corner,1,0,0,100,area_error,25,25,25,0.00882528863320207,3.254153679172094e-12,-0.008825288629947916,3.6873056671817807e-10,0.01567200721457765,3.202380123426772e-11,-0.01567200718255385,0.017168514179811023,7.81762336491993e-11,-0.01716851410163479,25,0,0,,,,
zalesak,circular+corner,1,0,0,100,facet_gap,25,25,25,4.4293179443689977e-10,4.4293179443689977e-10,0.0,1.0,8.542579840243224e-09,8.542579840243224e-09,0.0,0.0026248739464305518,0.0026248739464305518,0.0,0,0,25,,,,
zalesak,circular+corner,1,0,0,100,hausdorff,25,25,25,6.009161168663013e-09,6.009161168663013e-09,0.0,1.0,2.7201707375468184e-07,2.7201707375468184e-07,0.0,0.34869476911070346,0.34869476911070346,0.0,0,0,25,0,0,0,0
zalesak,circular+corner,1,0.05,0,100,area_error,25,25,25,0.00839592391527191,3.1791704800840604e-12,-0.00839592391209274,3.786564185391501e-10,0.014266294629220045,1.8864163876068848e-10,-0.014266294440578406,0.018729031206013977,1.9327815653223577e-08,-0.018729011878198323,25,0,0,,,,
zalesak,circular+corner,1,0.05,0,100,facet_gap,25,25,25,3.839668158075868e-10,3.839668158075868e-10,0.0,1.0,1.7205662658012214e-09,1.7205558623127038e-09,-1.0403488517607475e-14,2.6318336347010743e-08,2.631833652014408e-08,1.7313333589543198e-16,0,0,25,,,,
zalesak,circular+corner,1,0.05,0,100,hausdorff,25,25,25,7.86781286756555e-09,7.86781286756555e-09,0.0,1.0,1.5963718014706827e-07,1.5963718014706827e-07,0.0,1.250708448737943e-05,1.250708448737943e-05,0.0,0,0,25,0,0,0,0
zalesak,circular+corner,1,0.1,0,100,area_error,25,25,25,0.008265065552417001,5.23847469253824e-12,-0.008265065547178527,6.338092129234622e-10,0.01284092168708936,3.137625101339344e-11,-0.012840921655713109,0.01673523435609871,4.565637168846474e-11,-0.01673523431044234,25,0,0,,,,
zalesak,circular+corner,1,0.1,0,100,facet_gap,25,25,25,3.4303712293578443e-10,3.4303712293578443e-10,0.0,1.0,1.1198362525739034e-09,1.1198401180837284e-09,3.8655098250690474e-15,2.1945766882940935e-09,2.1945766882940935e-09,0.0,0,0,25,,,,
zalesak,circular+corner,1,0.1,0,100,hausdorff,25,25,25,8.798927158013144e-09,8.798927158013144e-09,0.0,1.0,2.8752151828873656e-08,2.8752151828873656e-08,0.0,7.084945252699981e-08,7.084945252699981e-08,0.0,0,0,25,0,0,0,0
zalesak,circular+corner,1,0.2,0,100,area_error,25,25,25,0.008366263466434891,2.9544161515675836e-12,-0.008366263463480475,3.531344863116708e-10,0.0145926613968246,1.2750260334177827e-10,-0.014592661269321997,0.017408301399211863,6.553016090800428e-10,-0.017408300743910254,25,0,0,,,,
zalesak,circular+corner,1,0.2,0,100,facet_gap,25,25,25,3.06648191556058e-10,3.06648191556058e-10,0.0,1.0,0.0015721778792732652,0.0015721778792732797,1.452830911130576e-17,0.050816474004694544,0.050816474004694544,0.0,0,0,25,,,,
zalesak,circular+corner,1,0.2,0,100,hausdorff,25,25,25,5.1223201165373685e-09,5.1223201165373685e-09,0.0,1.0,0.1785719054477389,0.1785719054477389,0.0,4.444997380687802,4.444997380687802,0.0,0,0,25,1,1,0,0
zalesak,circular+corner,1,0.3,0,100,area_error,25,25,25,0.008669123614441011,4.758894648371024e-12,-0.008669123609682116,5.489476053200655e-10,0.016268505613569163,1.1997930074940367e-09,-0.016268504413776155,0.019123385066102266,1.2034473449445946e-06,-0.01912218161875732,25,0,0,,,,
zalesak,circular+corner,1,0.3,0,100,facet_gap,25,25,25,3.7041216232830086e-10,3.704121745428564e-10,1.2214555535927865e-17,1.000000032975579,0.0014171745409350411,0.0014171745409393267,4.285634347400702e-15,0.007028368653101358,0.007028368652656338,-4.4501988899492417e-13,0,0,25,,,,
zalesak,circular+corner,1,0.3,0,100,hausdorff,25,25,25,1.0656435752341173e-08,1.0656435752341173e-08,0.0,1.0,0.24420970975449935,0.24420970975449935,0.0,0.5174955837834698,0.5174955837834698,0.0,0,0,25,0,0,0,0
zalesak,circular+corner,1.28,0,0,128,area_error,25,25,25,0.0065265928875130885,1.5908544869015932e-12,-0.006526592885922234,2.437496124425461e-10,0.010307974660341515,1.624202483621004e-11,-0.01030797464409949,0.011279031583931808,2.5085394932404576e-11,-0.011279031558846412,25,0,0,,,,
zalesak,circular+corner,1.28,0,0,128,facet_gap,25,25,25,2.4305789993418924e-10,2.4305789993418924e-10,0.0,1.0,1.0110000757228098e-09,1.011001087342976e-09,1.0116201661486963e-15,1.2078842604744945e-09,1.2078842604744945e-09,0.0,0,0,25,,,,
zalesak,circular+corner,1.28,0,0,128,hausdorff,25,25,25,5.342956299614343e-09,5.342956299614343e-09,0.0,1.0,4.9890574200731684e-08,4.9890574200731684e-08,0.0,5.965653571138319e-08,5.965653571138319e-08,0.0,0,0,25,0,0,0,0
zalesak,circular+corner,1.28,0.05,0,128,area_error,25,25,25,0.006440171826853989,1.6617370422895002e-12,-0.006440171825192252,2.5802681775670193e-10,0.010926680958142145,1.4871003905384778e-11,-0.010926680943271141,0.011139426686509874,2.1458082676520938e-11,-0.011139426665051792,25,0,0,,,,
zalesak,circular+corner,1.28,0.05,0,128,facet_gap,25,25,25,3.0888118237481554e-10,3.0888118237481554e-10,0.0,1.0,5.818356044591134e-10,5.818356044591134e-10,0.0,6.480431115467525e-10,6.480431115467525e-10,0.0,0,0,25,,,,
zalesak,circular+corner,1.28,0.05,0,128,hausdorff,25,25,25,8.176765931011687e-09,8.176765931011687e-09,0.0,1.0,1.7145028884520334e-08,1.7145028884520334e-08,0.0,2.998056558567441e-08,2.998056558567441e-08,0.0,0,0,25,0,0,0,0
zalesak,circular+corner,1.28,0.1,0,128,area_error,25,25,25,0.00673689097194173,2.0589136749589296e-12,-0.006736890969882816,3.056177817830266e-10,0.01160338659266512,1.2687079178196265e-11,-0.011603386579978042,0.013164718520208426,1.7393758963452352e-11,-0.013164718502814667,25,0,0,,,,
zalesak,circular+corner,1.28,0.1,0,128,facet_gap,25,25,25,2.4121502054955953e-10,2.412147430600932e-10,-2.7748946631558944e-16,0.9999988496177987,1.303077460887412e-08,1.3030776183144465e-08,1.5742703457245027e-15,0.00019743850242514687,0.00019743850242410848,-1.0383946306979919e-15,0,0,25,,,,
zalesak,circular+corner,1.28,0.1,0,128,hausdorff,25,25,25,4.223762672950215e-09,4.223762672950215e-09,0.0,1.0,2.038634577949772e-08,2.038634577949772e-08,0.0,0.0006786656968120752,0.0006786656968120752,0.0,0,0,25,0,0,0,0
zalesak,circular+corner,1.28,0.2,0,128,area_error,25,25,25,0.0065784025739517435,2.4404688078183517e-12,-0.006578402571511275,3.7098197934583473e-10,0.011233319173666583,2.058413786965006e-11,-0.011233319153082445,0.015041530944033474,1.502309873290997e-09,-0.0150415294417236,25,0,0,,,,
zalesak,circular+corner,1.28,0.2,0,128,facet_gap,25,25,25,3.387016815331595e-10,3.387016815331595e-10,0.0,1.0,0.004135446439027068,0.004135446439026435,-6.331740687315346e-16,0.02763791987375596,0.02763791987375596,0.0,0,0,25,,,,
zalesak,circular+corner,1.28,0.2,0,128,hausdorff,25,25,25,6.961839105201761e-09,6.961839105201761e-09,0.0,1.0,0.07552028956369516,0.07552028956369516,0.0,2.1785785395827233,2.1785785395827233,0.0,0,0,25,1,1,0,0
zalesak,circular+corner,1.28,0.3,0,128,area_error,25,25,25,0.007382836326536825,2.9694518451347158e-12,-0.007382836323567373,4.022101688021086e-10,0.011020245074241595,1.2909181757119964e-10,-0.011020244945149778,0.01586706490442882,1.2908679916438608e-09,-0.015867063613560828,25,0,0,,,,
zalesak,circular+corner,1.28,0.3,0,128,facet_gap,25,25,25,2.667475481913135e-10,2.670462339999604e-10,2.9868580864693154e-13,1.0011197321612595,0.0043941687966206145,0.004394168796628346,7.73166253242863e-15,0.018668062114266224,0.018668062114266224,0.0,0,0,25,,,,
zalesak,circular+corner,1.28,0.3,0,128,hausdorff,25,25,25,6.83208221668366e-09,6.83208221668366e-09,0.0,1.0,0.28869813952781226,0.28869813952781226,0.0,1.684171595323782,1.684171595323782,0.0,0,0,25,1,1,0,0
zalesak,circular+corner,1.5,0,0,150,area_error,25,25,25,0.006476210367666537,2.1616250362097258e-12,-0.0064762103655049115,3.337793112777755e-10,0.008477646320910671,1.327286979957173e-10,-0.008477646188181974,0.009445820404165898,1.7089374039654364e-10,-0.009445820233272157,25,0,0,,,,
zalesak,circular+corner,1.5,0,0,150,facet_gap,25,25,25,2.589823130826684e-10,2.589823130826684e-10,0.0,1.0,0.00020585725962601163,0.00020585725962601163,0.0,0.001049011829610893,0.001049011829610893,0.0,0,0,25,,,,
zalesak,circular+corner,1.5,0,0,150,hausdorff,25,25,25,5.269034736585491e-09,5.269034736585491e-09,0.0,1.0,0.04218717271253131,0.04218717271253131,0.0,0.2253490121933771,0.2253490121933771,0.0,0,0,25,0,0,0,0
zalesak,circular+corner,1.5,0.05,0,150,area_error,25,25,25,0.005921900890123233,1.4317104575871464e-12,-0.005921900888691522,2.417653527391866e-10,0.008817906676234732,1.5374602005509868e-11,-0.008817906660860129,0.009326426040678099,2.3810485279160376e-11,-0.009326426016867614,25,0,0,,,,
zalesak,circular+corner,1.5,0.05,0,150,facet_gap,25,25,25,2.0699118607350994e-10,2.0699118607350994e-10,0.0,1.0,1.1725906958231058e-09,1.1725906958231058e-09,0.0,0.001075996809735977,0.001075996809735977,0.0,0,0,25,,,,
zalesak,circular+corner,1.5,0.05,0,150,hausdorff,25,25,25,5.508631772954686e-09,5.508631772954686e-09,0.0,1.0,2.0716103392714987e-07,2.0716103392714987e-07,0.0,0.2262790516966937,0.2262790516966937,0.0,0,0,25,0,0,0,0
zalesak,circular+corner,1.5,0.1,0,150,area_error,25,25,25,0.006106546180176541,1.1155703551821287e-12,-0.006106546179060971,1.826843394394632e-10,0.00951028893964255,1.8340070368193025e-11,-0.00951028892130248,0.00980500540967262,3.5800376920836036e-11,-0.009805005373872244,25,0,0,,,,
zalesak,circular+corner,1.5,0.1,0,150,facet_gap,25,25,25,2.352581330246062e-10,2.352581330246062e-10,0.0,1.0,4.92489275642596e-09,4.92489275642596e-09,0.0,1.9303047506495635e-08,1.9303047506495635e-08,0.0,0,0,25,,,,
zalesak,circular+corner,1.5,0.1,0,150,hausdorff,25,25,25,5.911996680069981e-09,5.911996680069981e-09,0.0,1.0,3.324261616199919e-07,3.324261616199919e-07,0.0,4.266906614702748e-07,4.266906614702748e-07,0.0,0,0,25,0,0,0,0
zalesak,circular+corner,1.5,0.2,0,150,area_error,25,25,25,0.006185220950005364,1.5961267430874707e-12,-0.006185220948409237,2.5805492738074075e-10,0.009029191016545287,2.203034507906086e-10,-0.009029190796241836,0.010967207847719752,1.0361160817216607e-07,-0.01096710423611158,25,0,0,,,,
zalesak,circular+corner,1.5,0.2,0,150,facet_gap,25,25,25,2.823916340617627e-10,2.823916340617627e-10,0.0,1.0,0.0016249157971078001,0.0016249157971073636,-4.364997946426641e-16,0.028233455241793465,0.028233455241793465,0.0,0,0,25,,,,
zalesak,circular+corner,1.5,0.2,0,150,hausdorff,25,25,25,1.019686046299534e-08,1.019686046299534e-08,0.0,1.0,0.00011791992349566287,0.00011791992349566287,0.0,5.10848039779284,5.10848039779284,0.0,0,0,25,1,1,0,0
zalesak,circular+corner,1.5,0.3,0,150,area_error,25,25,25,0.006220366413259689,2.0227889566482884e-12,-0.0062203664112369,3.251880712905265e-10,0.009139874690129156,1.2220972677615173e-11,-0.009139874677908184,0.011408920387209179,2.2599233237641954e-11,-0.011408920364609946,25,0,0,,,,
zalesak,circular+corner,1.5,0.3,0,150,facet_gap,25,25,25,2.3990636478978977e-10,2.3990611026367234e-10,-2.545261174280213e-16,0.9999989390605887,0.0013674206268405327,0.0013674206268404958,-3.686287386450715e-17,0.0018668587628919526,0.0018668587628919526,0.0,0,0,25,,,,
zalesak,circular+corner,1.5,0.3,0,150,hausdorff,25,25,25,7.58116236454498e-09,7.58116236454498e-09,0.0,1.0,6.93396959046251e-05,6.93396959046251e-05,0.0,0.021875168591074967,0.021875168591074967,0.0,0,0,25,0,0,0,0
zalesak,linear,0.5,0,0,50,area_error,25,25,25,6.352092360244118e-13,6.352092360244118e-13,0.0,1.0,1.3589533222220378e-12,1.3589533222220378e-12,0.0,1.803111615570064e-12,1.803111615570064e-12,0.0,0,0,25,,,,
zalesak,linear,0.5,0,0,50,facet_gap,25,25,25,0.08018131529591394,0.08018131529591394,0.0,1.0,0.094363943967232,0.094363943967232,0.0,0.12080966225654337,0.12080966225654337,0.0,0,0,25,,,,
zalesak,linear,0.5,0,0,50,hausdorff,25,25,25,0.6806541200121943,0.6806541200121943,0.0,1.0,0.8000380574226154,0.8000380574226154,0.0,0.8145970519011265,0.8145970519011265,0.0,0,0,25,0,0,0,0
zalesak,linear,0.5,0.05,0,50,area_error,25,25,25,6.922277103309375e-13,6.922277103309375e-13,0.0,1.0,1.449636128619129e-12,1.449636128619129e-12,0.0,2.0471975501014243e-12,2.0471975501014243e-12,0.0,0,0,25,,,,
zalesak,linear,0.5,0.05,0,50,facet_gap,25,25,25,0.08269301607197145,0.08269301607197145,0.0,1.0,0.09661137407099671,0.09661137407099671,0.0,0.1315914236952609,0.1315914236952609,0.0,0,0,25,,,,
zalesak,linear,0.5,0.05,0,50,hausdorff,25,25,25,0.6736570511206029,0.6736570511206029,0.0,1.0,0.869232638306602,0.869232638306602,0.0,0.9518547217034768,0.9518547217034768,0.0,0,0,25,0,0,0,0
zalesak,linear,0.5,0.1,0,50,area_error,25,25,25,6.412625672007895e-13,6.412625672007895e-13,0.0,1.0,1.5249317577033633e-12,1.5249317577033633e-12,0.0,1.5621499810007052e-12,1.5621499810007052e-12,0.0,0,0,25,,,,
zalesak,linear,0.5,0.1,0,50,facet_gap,25,25,25,0.08392939212370026,0.08392939212370026,0.0,1.0,0.09697510246598191,0.09697510246598191,0.0,0.09797009757259038,0.09797009757259038,0.0,0,0,25,,,,
zalesak,linear,0.5,0.1,0,50,hausdorff,25,25,25,0.7124048742823632,0.7124048742823632,0.0,1.0,0.8675619832015931,0.8675619832015931,0.0,0.949069578335245,0.949069578335245,0.0,0,0,25,0,0,0,0
zalesak,linear,0.5,0.2,0,50,area_error,25,25,25,4.272480198036929e-13,4.272480198036929e-13,0.0,1.0,1.884694898327826e-12,1.884694898327826e-12,0.0,1.909142545530487e-12,1.909142545530487e-12,0.0,0,0,25,,,,
zalesak,linear,0.5,0.2,0,50,facet_gap,25,25,25,0.08452184277137577,0.08452184277137577,0.0,1.0,0.09758228375853199,0.09758228375853199,0.0,0.10579881867159792,0.10579881867159792,0.0,0,0,25,,,,
zalesak,linear,0.5,0.2,0,50,hausdorff,25,25,25,0.7646429750549656,0.7646429750549656,0.0,1.0,0.9867593307201832,0.9867593307201832,0.0,1.102517413149801,1.102517413149801,0.0,0,0,25,1,1,0,0
zalesak,linear,0.5,0.3,0,50,area_error,25,25,25,6.79925779230557e-13,6.684049231206767e-13,-1.1520856109880254e-14,0.9830557151062607,1.4893147381365473e-12,1.4893147381365473e-12,0.0,1.9179296391736157e-12,1.9179296391736157e-12,0.0,0,0,25,,,,
zalesak,linear,0.5,0.3,0,50,facet_gap,25,25,25,0.09082164272370856,0.09082164272372541,1.684763439868675e-14,1.0000000000001854,0.11838064124416219,0.11838064124416219,0.0,0.13676707274048458,0.13676707274048458,0.0,0,0,25,,,,
zalesak,linear,0.5,0.3,0,50,hausdorff,25,25,25,0.7977593665460652,0.7977593665460652,0.0,1.0,1.1185020855416459,1.1185020855416459,0.0,1.2777640397598027,1.2777640397598027,0.0,0,0,25,4,4,0,0
zalesak,linear,0.64,0,0,64,area_error,25,25,25,4.405262946421989e-13,4.405262946421989e-13,0.0,1.0,1.201801034133367e-12,1.201801034133367e-12,0.0,1.8884440582822274e-12,1.8884440582822274e-12,0.0,0,0,25,,,,
zalesak,linear,0.64,0,0,64,facet_gap,25,25,25,0.05320693440897207,0.05320693440897207,0.0,1.0,0.059491947278389114,0.059491947278389114,0.0,0.05971664009533143,0.05971664009533143,0.0,0,0,25,,,,
zalesak,linear,0.64,0,0,64,hausdorff,25,25,25,0.5127112256903505,0.5127112256903505,0.0,1.0,0.6629571288558704,0.6629571288558704,0.0,0.68921329435838,0.68921329435838,0.0,0,0,25,0,0,0,0
zalesak,linear,0.64,0.05,0,64,area_error,25,25,25,5.297641123068641e-13,5.297641123068641e-13,0.0,1.0,2.0312636202952156e-12,2.0312636202952156e-12,0.0,2.374467971121072e-12,2.374467971121072e-12,0.0,0,0,25,,,,
zalesak,linear,0.64,0.05,0,64,facet_gap,25,25,25,0.05340935272289207,0.05340935272289207,0.0,1.0,0.060276291938597786,0.060276291938597786,0.0,0.06194745137472711,0.06194745137472711,0.0,0,0,25,,,,
zalesak,linear,0.64,0.05,0,64,hausdorff,25,25,25,0.5307698862639002,0.5307698862639002,0.0,1.0,0.6271349046589499,0.6271349046589499,0.0,0.7265947681340517,0.7265947681340517,0.0,0,0,25,0,0,0,0
zalesak,linear,0.64,0.1,0,64,area_error,25,25,25,6.324754735576605e-13,6.324754735576605e-13,0.0,1.0,1.5361011300675182e-12,1.5356324850732179e-12,-4.686449943002918e-16,1.7150454103911493e-12,1.7150454103911493e-12,0.0,0,0,25,,,,
zalesak,linear,0.64,0.1,0,64,facet_gap,25,25,25,0.0521438939949501,0.0521438939949501,0.0,1.0,0.06275212853397022,0.06275212853397022,0.0,0.06771878053432812,0.06771878053432812,0.0,0,0,25,,,,
zalesak,linear,0.64,0.1,0,64,hausdorff,25,25,25,0.5246133566255917,0.5246133566255917,0.0,1.0,0.6349288406061735,0.6349288406061735,0.0,0.7815900771122141,0.7815900771122141,0.0,0,0,25,0,0,0,0
zalesak,linear,0.64,0.2,0,64,area_error,25,25,25,8.125132588679918e-13,8.125132588679918e-13,0.0,1.0,1.7258632990095788e-12,1.7258632990095788e-12,0.0,1.9433145763648774e-12,1.9433145763648774e-12,0.0,0,0,25,,,,
zalesak,linear,0.64,0.2,0,64,facet_gap,25,25,25,0.05584774139279666,0.05584774139279666,0.0,1.0,0.06902433107349559,0.06902433107349559,0.0,0.08172553092633471,0.08172553092633471,0.0,0,0,25,,,,
zalesak,linear,0.64,0.2,0,64,hausdorff,25,25,25,0.5480463443416674,0.5480463443416674,0.0,1.0,0.6715751698504135,0.6715751698504135,0.0,0.7055028838347025,0.7055028838347025,0.0,0,0,25,0,0,0,0
zalesak,linear,0.64,0.3,0,64,area_error,25,25,25,7.406543597419594e-13,7.406543597419594e-13,0.0,1.0,2.1301867678420863e-12,2.1301867678420863e-12,0.0,2.3836456022594512e-12,2.3836456022594512e-12,0.0,0,0,25,,,,
zalesak,linear,0.64,0.3,0,64,facet_gap,25,25,25,0.058183342532326564,0.058183342532326564,0.0,1.0,0.0718593930497429,0.0718593930497429,0.0,0.07450443560050889,0.07450443560050889,0.0,0,0,25,,,,
zalesak,linear,0.64,0.3,0,64,hausdorff,25,25,25,0.629722831035063,0.629722831035063,0.0,1.0,0.8200683035841043,0.8200683035841043,0.0,0.8857897986414152,0.8857897986414152,0.0,0,0,25,0,0,0,0
zalesak,linear,1,0,0,100,area_error,25,25,25,6.697718043540524e-13,6.697718043540524e-13,0.0,1.0,1.7465617862578377e-12,1.7465617862578377e-12,0.0,1.8193189216229464e-12,1.8193189216229464e-12,0.0,0,0,25,,,,
zalesak,linear,1,0,0,100,facet_gap,25,25,25,0.021054015030540295,0.021054015030540295,0.0,1.0,0.025104046627431827,0.025104046627431827,0.0,0.027106634106453798,0.027106634106453798,0.0,0,0,25,,,,
zalesak,linear,1,0,0,100,hausdorff,25,25,25,0.3232249345995744,0.3232249345995744,0.0,1.0,0.3849177761806732,0.3849177761806732,0.0,0.38771544610837966,0.38771544610837966,0.0,0,0,25,0,0,0,0
zalesak,linear,1,0.05,0,100,area_error,25,25,25,4.899292877913462e-13,4.899292877913462e-13,0.0,1.0,2.237350256538734e-12,2.237350256538734e-12,0.0,2.718531504436477e-12,2.718531504436477e-12,0.0,0,0,25,,,,
zalesak,linear,1,0.05,0,100,facet_gap,25,25,25,0.021181750642070025,0.021181750642070025,0.0,1.0,0.02589753578123524,0.02589753578123524,0.0,0.0281907282074665,0.0281907282074665,0.0,0,0,25,,,,
zalesak,linear,1,0.05,0,100,hausdorff,25,25,25,0.3312761178705224,0.3312761178705224,0.0,1.0,0.4229875538766199,0.4229875538766199,0.0,0.537358068878088,0.537358068878088,0.0,0,0,25,0,0,0,0
zalesak,linear,1,0.1,0,100,area_error,25,25,25,1.1600916296406487e-12,1.1600916296406487e-12,0.0,1.0,2.3729448748895958e-12,2.3729448748895958e-12,0.0,2.631246374248063e-12,2.631246374248063e-12,0.0,0,0,25,,,,
zalesak,linear,1,0.1,0,100,facet_gap,25,25,25,0.020859760981331937,0.020859760981331937,0.0,1.0,0.023990239688680404,0.023990239688680404,0.0,0.025717456485303193,0.025717456485303193,0.0,0,0,25,,,,
zalesak,linear,1,0.1,0,100,hausdorff,25,25,25,0.34037641030306187,0.34037641030306187,0.0,1.0,0.43337062444903945,0.43337062444903945,0.0,0.6070112303640344,0.6070112303640344,0.0,0,0,25,0,0,0,0
zalesak,linear,1,0.2,0,100,area_error,25,25,25,1.0325811374414661e-12,1.0325811374414661e-12,0.0,1.0,2.059069889957029e-12,2.059069889957029e-12,0.0,2.1866194359057373e-12,2.1866194359057373e-12,0.0,0,0,25,,,,
zalesak,linear,1,0.2,0,100,facet_gap,25,25,25,0.021428506578697392,0.021428506578697392,0.0,1.0,0.029010079232149676,0.029010079232149676,0.0,0.04091982717099635,0.04091982717099635,0.0,0,0,25,,,,
zalesak,linear,1,0.2,0,100,hausdorff,25,25,25,0.347382028876969,0.347382028876969,0.0,1.0,0.5204543300345698,0.5204543300345698,0.0,0.7283105489676116,0.7283105489676116,0.0,0,0,25,0,0,0,0
zalesak,linear,1,0.3,0,100,area_error,25,25,25,7.377253285275831e-13,7.377253285275831e-13,0.0,1.0,1.7781172158740523e-12,1.7781172158740523e-12,0.0,2.164358798676477e-12,2.164358798676477e-12,0.0,0,0,25,,,,
zalesak,linear,1,0.3,0,100,facet_gap,25,25,25,0.020535517138295625,0.020535517138295625,0.0,1.0,0.03387579304514821,0.03387579304514821,0.0,0.037697804736440105,0.037697804736440105,0.0,0,0,25,,,,
zalesak,linear,1,0.3,0,100,hausdorff,25,25,25,0.3769789757284778,0.3769789757284778,0.0,1.0,0.6246093950397447,0.6246093950397447,0.0,0.7893274687306757,0.7893274687306757,0.0,0,0,25,0,0,0,0
zalesak,linear,1.28,0,0,128,area_error,25,25,25,9.831781442923189e-13,9.831781442923189e-13,0.0,1.0,2.3783733460735728e-12,2.3783733460735728e-12,0.0,3.493357895012827e-12,3.493357895012827e-12,0.0,0,0,25,,,,
zalesak,linear,1.28,0,0,128,facet_gap,25,25,25,0.013428773073309109,0.013428773073309109,0.0,1.0,0.015298930977523037,0.015298930977523037,0.0,0.015648554245319576,0.015648554245319576,0.0,0,0,25,,,,
zalesak,linear,1.28,0,0,128,hausdorff,25,25,25,0.27112317732071817,0.27112317732071817,0.0,1.0,0.2881783707278759,0.2881783707278759,0.0,0.29456923981504823,0.29456923981504823,0.0,0,0,25,0,0,0,0
zalesak,linear,1.28,0.05,0,128,area_error,25,25,25,8.449278709737564e-13,8.449278709737564e-13,0.0,1.0,1.7722200996957744e-12,1.7722200996957744e-12,0.0,2.609962080756928e-12,2.609962080756928e-12,0.0,0,0,25,,,,
zalesak,linear,1.28,0.05,0,128,facet_gap,25,25,25,0.013593899484717613,0.013593899484717613,0.0,1.0,0.014953120769066765,0.014953120769066765,0.0,0.016222422264852973,0.016222422264852973,0.0,0,0,25,,,,
zalesak,linear,1.28,0.05,0,128,hausdorff,25,25,25,0.26277722031331674,0.26277722031331674,0.0,1.0,0.293389728633771,0.293389728633771,0.0,0.44090041097482136,0.44090041097482136,0.0,0,0,25,0,0,0,0
zalesak,linear,1.28,0.1,0,128,area_error,25,25,25,7.533468283375901e-13,7.533468283375901e-13,0.0,1.0,2.7527816427699176e-12,2.7527816427699176e-12,0.0,2.84643253413091e-12,2.84643253413091e-12,0.0,0,0,25,,,,
zalesak,linear,1.28,0.1,0,128,facet_gap,25,25,25,0.01382314481101157,0.01382314481101157,0.0,1.0,0.01533316218500745,0.01533316218500745,0.0,0.01712843297288383,0.01712843297288383,0.0,0,0,25,,,,
zalesak,linear,1.28,0.1,0,128,hausdorff,25,25,25,0.26469985270199525,0.26469985270199525,0.0,1.0,0.3025891875561915,0.3025891875561915,0.0,0.42799863154449547,0.42799863154449547,0.0,0,0,25,0,0,0,0
zalesak,linear,1.28,0.2,0,128,area_error,25,25,25,7.289382348844541e-13,7.289382348844541e-13,0.0,1.0,2.1786524710026328e-12,2.1786524710026328e-12,0.0,3.173702955150558e-12,3.173702955150558e-12,0.0,0,0,25,,,,
zalesak,linear,1.28,0.2,0,128,facet_gap,25,25,25,0.013656317787069565,0.013656317787069565,0.0,1.0,0.017358829200680742,0.0173588292006807,-4.163336342344337e-17,0.026526743687339895,0.026526743687339895,0.0,0,0,25,,,,
zalesak,linear,1.28,0.2,0,128,hausdorff,25,25,25,0.29772297448347695,0.29772297448347695,0.0,1.0,0.40108183576591594,0.40108183576591594,0.0,0.4751420014362883,0.4751420014362883,0.0,0,0,25,0,0,0,0
zalesak,linear,1.28,0.3,0,128,area_error,25,25,25,8.853485017321497e-13,8.853485017321497e-13,0.0,1.0,3.050488375399125e-12,3.050488375399125e-12,0.0,3.699366423757295e-12,3.699366423757295e-12,0.0,0,0,25,,,,
zalesak,linear,1.28,0.3,0,128,facet_gap,25,25,25,0.014267905165363321,0.014267905165363321,0.0,1.0,0.016537344747055392,0.016537344747055392,0.0,0.030499711137983537,0.030499711137983537,0.0,0,0,25,,,,
zalesak,linear,1.28,0.3,0,128,hausdorff,25,25,25,0.31308411468779807,0.31308411468779807,0.0,1.0,0.3995779885225722,0.3995779885225722,0.0,0.4856459502374982,0.4856459502374982,0.0,0,0,25,0,0,0,0
zalesak,linear,1.5,0,0,150,area_error,25,25,25,1.5625405184959554e-12,1.5625405184959554e-12,0.0,1.0,3.5521337880479784e-12,3.5521337880479784e-12,0.0,5.200592555498973e-12,5.200592555498973e-12,0.0,0,0,25,,,,
zalesak,linear,1.5,0,0,150,facet_gap,25,25,25,0.009586386673213912,0.009586386673213912,0.0,1.0,0.010864040034781848,0.010864040034781848,0.0,0.011042347402415255,0.011042347402415255,0.0,0,0,25,,,,
zalesak,linear,1.5,0,0,150,hausdorff,25,25,25,0.22634995785425183,0.22634995785425183,0.0,1.0,0.2539323935087479,0.2539323935087479,0.0,0.3001482843209984,0.3001482843209984,0.0,0,0,25,0,0,0,0
zalesak,linear,1.5,0.05,0,150,area_error,25,25,25,6.80121047978182e-13,6.80121047978182e-13,0.0,1.0,3.3089460897556926e-12,3.3089460897556926e-12,0.0,3.5005828386749556e-12,3.5005828386749556e-12,0.0,0,0,25,,,,
zalesak,linear,1.5,0.05,0,150,facet_gap,25,25,25,0.009445598098498995,0.009445598098498995,0.0,1.0,0.010975608271763741,0.010975608271763741,0.0,0.011276272779123367,0.011276272779123367,0.0,0,0,25,,,,
zalesak,linear,1.5,0.05,0,150,hausdorff,25,25,25,0.22795232052330935,0.22795232052330935,0.0,1.0,0.2568923577780511,0.2568923577780511,0.0,0.264203381974514,0.264203381974514,0.0,0,0,25,0,0,0,0
zalesak,linear,1.5,0.1,0,150,area_error,25,25,25,1.233707947495307e-12,1.233707947495307e-12,0.0,1.0,3.0341639080976683e-12,3.0341639080976683e-12,0.0,3.1305485619254134e-12,3.1305485619254134e-12,0.0,0,0,25,,,,
zalesak,linear,1.5,0.1,0,150,facet_gap,25,25,25,0.009549347067815078,0.009549347067815078,0.0,1.0,0.010925294994310834,0.010925294994310834,0.0,0.011333401096156576,0.011333401096156576,0.0,0,0,25,,,,
zalesak,linear,1.5,0.1,0,150,hausdorff,25,25,25,0.23255606279342372,0.23255606279342372,0.0,1.0,0.2687171662864956,0.2687171662864956,0.0,0.2843301133152523,0.2843301133152523,0.0,0,0,25,0,0,0,0
zalesak,linear,1.5,0.2,0,150,area_error,25,25,25,1.0040719002882032e-12,1.0040719002882032e-12,0.0,1.0,3.031195823133767e-12,3.031195823133767e-12,0.0,3.431262433268049e-12,3.431262433268049e-12,0.0,0,0,25,,,,
zalesak,linear,1.5,0.2,0,150,facet_gap,25,25,25,0.009859858235468468,0.009859858235468468,0.0,1.0,0.01224343283543648,0.01224343283543648,0.0,0.012404046694909928,0.012404046694909928,0.0,0,0,25,,,,
zalesak,linear,1.5,0.2,0,150,hausdorff,25,25,25,0.23660430490903087,0.23660430490903087,0.0,1.0,0.30103336061361785,0.30103336061361785,0.0,0.3256697058339114,0.3256697058339114,0.0,0,0,25,0,0,0,0
zalesak,linear,1.5,0.3,0,150,area_error,25,25,25,1.2409328911574353e-12,1.2409328911574353e-12,0.0,1.0,2.928874999378222e-12,2.928874999378222e-12,0.0,3.3840073963427776e-12,3.3840073963427776e-12,0.0,0,0,25,,,,
zalesak,linear,1.5,0.3,0,150,facet_gap,25,25,25,0.009985729369413533,0.009985729369413533,0.0,1.0,0.012100544336290847,0.012100544336290847,0.0,0.013971786413212296,0.013971786413212296,0.0,0,0,25,,,,
zalesak,linear,1.5,0.3,0,150,hausdorff,25,25,25,0.2570605065237194,0.2570605065237194,0.0,1.0,0.32861245835770464,0.32861245835770464,0.0,0.47265743724941783,0.47265743724941783,0.0,0,0,25,0,0,0,0
