benchmark,sweep,cases,max_update_displacement_median,max_update_displacement_q25,max_update_displacement_q75,max_net_endpoint_displacement_median,max_net_endpoint_displacement_q25,max_net_endpoint_displacement_q75,max_two_sweep_endpoint_displacement_median,max_two_sweep_endpoint_displacement_q25,max_two_sweep_endpoint_displacement_q75,max_c1_mismatch_after_median,max_c1_mismatch_after_q25,max_c1_mismatch_after_q75,max_area_residual_median,max_area_residual_q25,max_area_residual_q75,misses_median,misses_total,root_branch_switches_median,root_branch_switches_total,multiple_root_updates_median,multiple_root_updates_total
circles,1,5,0.08396382889276355,0.05739627069335227,0.5474881237938432,0.0839638288927631,0.05739627069335285,0.5474881237938405,0.0,0.0,0.0,0.4171125528222192,0.37359328516716905,0.5485599512093247,0.0,0.0,6.938893903907228e-18,2.0,8,0.0,0,17.0,82
circles,2,5,0.13402910250593872,0.02173376797991438,0.2588159813370441,0.13402910250594147,0.021733767979917218,0.25881598133704387,0.5663192401003627,0.055221392721250595,0.725210513906255,0.5190717439163944,0.18759891941900766,0.6297823362579638,0.0,0.0,3.469446951953614e-18,1.0,7,1.0,3,17.0,89
circles,3,5,0.027238132142399715,0.004020593616138428,0.07303228311760432,0.027238132142400673,0.004020593616139934,0.07303228311760535,0.13402910250594147,0.022636380940113554,0.2529336657406063,0.18692670737111097,0.15868354077523605,0.2523906211419315,0.0,0.0,3.469446951953614e-18,3.0,10,0.0,1,17.0,91
circles,4,5,0.02263697782901187,0.0026153308079026813,0.027176374676769234,0.022636977829009197,0.002615330807905991,0.027176374676770365,0.029853462950306664,0.022636977829009197,0.07353100279603808,0.18683251474836265,0.15905431593134556,0.2522279087794138,0.0,0.0,3.469446951953614e-18,1.0,8,0.0,0,17.0,91
circles,5,5,0.005255340543282869,0.0003118837976876128,0.015237473542141977,0.0052553405432860245,0.00031188379768565255,0.01523747354214322,0.027973746375224096,0.0028126648858659564,0.03144215743071754,0.113170407200002,0.07019643991227413,0.15999013256144495,0.0,0.0,3.469446951953614e-18,1.0,6,0.0,0,17.0,91
circles,6,5,0.0026053704760458166,0.0009490096580999294,0.0029083018696603245,0.002605370476047142,0.0009490096581004082,0.002908301869659624,0.0046583429393294296,0.003136807041130396,0.018145775411802845,0.11319040558724357,0.016218387568299804,0.16001671448362867,0.0,0.0,0.0,1.0,6,0.0,0,17.0,91
circles,7,5,0.0009107652433948399,0.00032775719077947655,0.004063398502878075,0.0009107652433968383,0.0003277571907815968,0.0040633985028790676,0.0035663032816870555,0.003136807041130396,0.0040633985028790676,0.05661649702183298,0.00810126076777718,0.08465453009252036,0.0,0.0,0.0,2.0,9,0.0,0,18.0,92
circles,8,5,0.0007508214373877845,0.0003240890080546434,0.0014227414728980282,0.0007508214373856958,0.00032408900805336316,0.0014227414729006682,0.0012348542514502014,0.0007508214373856958,0.0040633985028790676,0.026263689407265,0.008166624823098895,0.04226464075611567,0.0,0.0,3.469446951953614e-18,2.0,10,0.0,0,18.0,92
circles,9,5,0.0004813837351031608,0.00016741810123024892,0.9612197275122166,0.0004813837351065331,0.00016741810122766765,0.9612197275122156,0.003184459398177353,0.0009182395386133635,0.9612191273873236,0.16002583609511556,0.02651644696427821,0.29052885464806166,1.734723475976807e-18,0.0,2.7755575615628914e-17,1.0,7,0.0,2,18.0,91
circles,10,5,0.0009606052506343568,0.0003110341090625107,0.14108119508717681,0.0009606052506327956,0.0003110341090604152,0.14108119508717465,0.0009606052506327956,0.0003110341090604152,0.8956084253331937,0.04756244309773592,0.01251252622978625,0.152352423326662,1.734723475976807e-18,0.0,3.469446951953614e-18,1.0,7,0.0,1,18.0,94
circles,11,5,0.0001514957034816941,0.00010141054280089074,0.01670375982380009,0.00015149570348427233,0.00010141054280410344,0.016703759823798237,0.0009606052506327956,0.0003814834065636319,0.15283396444750252,0.01654060442572478,0.012515647658480702,0.03996504977278903,0.0,0.0,1.734723475976807e-18,2.0,9,0.0,0,18.0,94
circles,12,5,3.477263857782839e-05,2.336807420769485e-05,0.0032084055385036767,3.477263857831758e-05,2.336807420988407e-05,0.0032084055385013244,0.0001862683420625899,0.00012477861701398751,0.01612633698267274,0.009906408653446514,0.0032568885160960933,0.012538587092634996,1.734723475976807e-18,0.0,3.469446951953614e-18,1.0,6,0.0,0,18.0,94
circles,13,5,0.0007062992740560284,0.0006758209281018668,0.0020502177205374006,0.0007062992740571872,0.0006758209281017002,0.002050217720537262,0.0020677218898796923,0.0006758209281017002,0.0037329682681530585,0.0024276451600979024,0.0009776430070987036,0.006033773508609096,0.0,0.0,2.7755575615628914e-17,1.0,7,0.0,0,18.0,94
circles,14,5,0.00024422427954626236,0.0002131205263218583,0.00028195142821917443,0.0002442242795481775,0.00021312052632538325,0.0002819514282208502,0.0008554773663149717,0.0006817867777542119,0.0020677218898796923,0.0008948164095898935,0.00036507038399455057,0.006033773508609096,3.469446951953614e-18,0.0,2.6020852139652106e-17,2.0,8,0.0,0,18.0,94
circles,15,5,7.140636528752548e-05,3.982175076867531e-05,0.00014825466085523903,7.140636528646382e-05,3.9821750767998765e-05,0.0001482546608571056,0.0003156306448346413,0.00021312052632538325,0.00032177317898884894,0.0003650720984875434,0.00032065064417176266,0.006033773508609096,3.469446951953614e-18,0.0,2.6020852139652106e-17,2.0,9,0.0,0,18.0,94
circles,16,5,1.8287842865408188e-05,5.988981795213011e-06,4.7556265040868406e-05,1.8287842863173864e-05,5.98898179759999e-06,4.755626503794019e-05,8.969420814963769e-05,4.5810732565598755e-05,0.000149591732295562,0.0003650719491206761,8.761034226467377e-05,0.006033773508609096,0.0,0.0,1.734723475976807e-18,3.0,9,0.0,0,18.0,94
circles,17,5,4.643168175638701e-06,9.663643848675796e-07,4.761571203125425e-06,4.643168175277879e-06,9.6636438229325e-07,4.7615712048809655e-06,2.2698439472890186e-05,6.95534617989324e-06,4.763820361119997e-05,0.0003650719677614667,2.1903186124057773e-05,0.006033773508609096,0.0,0.0,2.6020852139652106e-17,3.0,10,0.0,0,18.0,94
circles,18,5,1.366170131189559e-06,1.6827414253683948e-07,5.5008746254262e-06,1.3661701316891595e-06,1.6827414128783857e-07,5.500874628694419e-06,6.009338306967038e-06,1.1346385235810885e-06,1.0262445833575384e-05,0.0003650719598577142,7.804170404862179e-06,0.006033773508609096,0.0,0.0,1.734723475976807e-18,3.0,11,0.0,0,18.0,94
circles,19,5,4.235135523528166e-07,3.156085314967583e-08,1.252699580352179e-06,4.235135548924518e-07,3.156085170985534e-08,1.2526995831763088e-06,1.7501323981150563e-06,1.9983499299769392e-07,6.753574211870728e-06,0.0003650719691262367,3.089248042817796e-06,0.006033773508609096,0.0,0.0,1.734723475976807e-18,3.0,10,0.0,0,18.0,94
circles,20,5,1.3295474773217242e-07,6.297687371592531e-09,2.634804181257666e-07,1.3295474587948775e-07,6.2976894810162776e-09,2.634804161516513e-07,5.444631057116567e-07,3.785854119087162e-08,1.51617999932796e-06,0.0003650719599146091,1.0208045758798305e-06,0.006033773508609096,0.0,0.0,2.6020852139652106e-17,3.0,10,0.0,0,18.0,94
circles,21,5,4.1812968365473324e-08,1.2925837483690472e-09,5.5856957167227383e-08,4.181296731076145e-08,1.2925838177579863e-09,5.585695816989755e-08,1.7313396938334336e-07,7.590273298774264e-09,3.1933737432154885e-07,0.0003650719691262367,3.0563597545768566e-07,0.006033773508609096,0.0,0.0,2.7755575615628914e-17,3.0,11,0.0,0,18.0,94
circles,22,5,1.1944470499486437e-08,2.8120292552835657e-10,1.3231121580303817e-08,1.19444720780848e-08,2.8120439310441725e-10,1.323112286399919e-08,5.504409017476064e-08,1.5737882108624035e-09,6.780143024798235e-08,0.0003650719599146091,8.611261917465645e-08,0.006033773508609096,0.0,0.0,1.734723475976807e-18,3.0,11,0.0,0,18.0,94
circles,23,5,3.097927470108175e-09,6.715513561905695e-11,4.017709255565993e-09,3.097930800777249e-09,6.715339395668707e-11,4.017707055936626e-09,1.460487908389041e-08,3.483577870611043e-10,1.70626961448761e-08,0.0003650719691262367,2.3332257858092735e-08,0.006033773508609096,0.0,0.0,2.7755575615628914e-17,3.0,11,0.0,0,18.0,94
circles,24,5,6.394954010779941e-10,5.915979511827985e-11,1.4457923573629738e-09,6.394955676114478e-10,5.915978817938594e-11,1.445791042442579e-09,3.7374263683886966e-09,9.247713705917704e-11,5.223313337410218e-09,0.0003650719599146091,7.327084743448959e-09,0.006033773508609096,0.0,0.0,2.7755575615628914e-17,3.0,11,0.0,0,18.0,94
circles,25,5,1.3974368537339465e-10,5.91630910928842e-11,5.556783765764406e-10,1.397424398419389e-10,5.915978817938594e-11,5.556799465011864e-10,7.180389616223692e-10,2.361133510930813e-11,2.0014709889437654e-09,0.0003650719691262367,7.323733053015115e-09,0.006033773508609096,0.0,0.0,2.7755575615628914e-17,3.0,11,0.0,0,18.0,94
circles,26,5,5.915979511827985e-11,1.3467178761050747e-11,1.8465268376843813e-10,5.915978817938594e-11,1.3464784842653899e-11,1.8465584616933484e-10,1.397424398419389e-10,1.9106494164589094e-11,7.403357926705212e-10,0.0003650719599146091,7.317985542202556e-09,0.006033773508609096,0.0,0.0,2.7755575615628914e-17,3.0,11,0.0,0,18.0,94
circles,27,4,1.0361850266704664e-10,5.644164606175006e-11,3.4763632944523337e-10,1.0361844715589541e-10,5.643840950142476e-11,3.476383625411472e-10,1.9050361288464046e-10,1.1105782959930366e-10,8.592753175662438e-10,0.00018253964330821088,6.413695291184868e-09,0.0017822473539969516,0.0,0.0,2.7755575615628914e-17,1.5,8,0.0,0,18.5,77
circles,28,4,1.511999293130062e-10,5.3401337171687935e-11,2.824224578160117e-10,1.5119994145607052e-10,5.340083930605033e-11,2.824229738962458e-10,1.9158363784299581e-10,6.183320522268332e-11,5.621156873303335e-10,0.00018253963870239708,6.412604659728522e-09,0.0017822473470882308,0.0,0.0,2.7755575615628914e-17,1.5,8,0.0,0,18.5,77
circles,29,4,2.5044853343980655e-11,1.3863286603757463e-11,4.188303349972333e-11,2.504663143554353e-11,1.3864465131518955e-11,4.1882941559379105e-11,1.411386563177075e-10,2.589395364793745e-11,2.885478522784979e-10,0.00018253964330821088,6.4123514688404415e-09,0.0017822473539969516,0.0,0.0,2.7755575615628914e-17,1.5,8,0.0,0,18.5,77
circles,30,4,3.140736368895114e-11,2.5760177411321417e-11,4.1884421278504114e-11,3.140598892059643e-11,2.5758950528143032e-11,4.1882941559379105e-11,1.2320811038080137e-11,8.627765168967017e-12,1.56141766183282e-11,0.00018253963870239708,6.417940503016769e-09,0.0017822473470882308,0.0,0.0,2.7755575615628914e-17,1.5,8,0.0,0,18.5,77
circles,31,4,2.6055112928302648e-11,1.5357203356214377e-11,4.188303349972333e-11,2.6055602120322874e-11,1.5356604876615165e-11,4.1882941559379105e-11,6.362910198731697e-12,2.957634137601417e-12,1.6624923659946944e-11,0.00018253964330821088,6.4180347597639914e-09,0.0017822473539969516,0.0,0.0,2.7755575615628914e-17,1.5,8,0.0,0,18.5,77
circles,32,4,2.1554025925185627e-11,6.754622902671592e-12,4.1884421278504114e-11,2.155431388928264e-11,6.757261417078553e-12,4.1882941559379105e-11,7.087663789206999e-12,0.0,1.637445734559151e-11,0.00018253963870239708,6.4180347597639914e-09,0.0017822473470882308,0.0,0.0,2.7755575615628914e-17,1.5,8,0.0,0,18.5,77
circles,33,2,4.764305269744362e-11,4.188303349972333e-11,5.340307189516391e-11,4.764189043271472e-11,4.1882941559379105e-11,5.340083930605033e-11,0.0,0.0,0.0,0.00018253964330821088,9.1273480399198e-05,0.0002738058062172238,0.0,0.0,0.0,1.5,3,0.0,0,18.5,37
circles,34,2,4.7642879225096024e-11,4.1884421278504114e-11,5.3401337171687935e-11,4.764189043271472e-11,4.1882941559379105e-11,5.340083930605033e-11,0.0,0.0,0.0,0.00018253963870239708,9.12734780962911e-05,0.0002738057993085031,0.0,0.0,0.0,1.5,3,0.0,0,18.5,37
circles,35,2,4.764305269744362e-11,4.188303349972333e-11,5.340307189516391e-11,4.764189043271472e-11,4.1882941559379105e-11,5.340083930605033e-11,0.0,0.0,0.0,0.00018253964330821088,9.1273480399198e-05,0.0002738058062172238,0.0,0.0,0.0,1.5,3,0.0,0,18.5,37
circles,36,2,4.7642879225096024e-11,4.1884421278504114e-11,5.3401337171687935e-11,4.764189043271472e-11,4.1882941559379105e-11,5.340083930605033e-11,0.0,0.0,0.0,0.00018253963870239708,9.12734780962911e-05,0.0002738057993085031,0.0,0.0,0.0,1.5,3,0.0,0,18.5,37
circles,37,2,4.764305269744362e-11,4.188303349972333e-11,5.340307189516391e-11,4.764189043271472e-11,4.1882941559379105e-11,5.340083930605033e-11,0.0,0.0,0.0,0.00018253964330821088,9.1273480399198e-05,0.0002738058062172238,0.0,0.0,0.0,1.5,3,0.0,0,18.5,37
circles,38,2,4.7642879225096024e-11,4.1884421278504114e-11,5.3401337171687935e-11,4.764189043271472e-11,4.1882941559379105e-11,5.340083930605033e-11,0.0,0.0,0.0,0.00018253963870239708,9.12734780962911e-05,0.0002738057993085031,0.0,0.0,0.0,1.5,3,0.0,0,18.5,37
circles,39,2,4.764305269744362e-11,4.188303349972333e-11,5.340307189516391e-11,4.764189043271472e-11,4.1882941559379105e-11,5.340083930605033e-11,0.0,0.0,0.0,0.00018253964330821088,9.1273480399198e-05,0.0002738058062172238,0.0,0.0,0.0,1.5,3,0.0,0,18.5,37
circles,40,2,4.7642879225096024e-11,4.1884421278504114e-11,5.3401337171687935e-11,4.764189043271472e-11,4.1882941559379105e-11,5.340083930605033e-11,0.0,0.0,0.0,0.00018253963870239708,9.12734780962911e-05,0.0002738057993085031,0.0,0.0,0.0,1.5,3,0.0,0,18.5,37
circles,41,2,4.764305269744362e-11,4.188303349972333e-11,5.340307189516391e-11,4.764189043271472e-11,4.1882941559379105e-11,5.340083930605033e-11,0.0,0.0,0.0,0.00018253964330821088,9.1273480399198e-05,0.0002738058062172238,0.0,0.0,0.0,1.5,3,0.0,0,18.5,37
circles,42,2,4.7642879225096024e-11,4.1884421278504114e-11,5.3401337171687935e-11,4.764189043271472e-11,4.1882941559379105e-11,5.340083930605033e-11,0.0,0.0,0.0,0.00018253963870239708,9.12734780962911e-05,0.0002738057993085031,0.0,0.0,0.0,1.5,3,0.0,0,18.5,37
circles,43,2,4.764305269744362e-11,4.188303349972333e-11,5.340307189516391e-11,4.764189043271472e-11,4.1882941559379105e-11,5.340083930605033e-11,0.0,0.0,0.0,0.00018253964330821088,9.1273480399198e-05,0.0002738058062172238,0.0,0.0,0.0,1.5,3,0.0,0,18.5,37
circles,44,2,4.7642879225096024e-11,4.1884421278504114e-11,5.3401337171687935e-11,4.764189043271472e-11,4.1882941559379105e-11,5.340083930605033e-11,0.0,0.0,0.0,0.00018253963870239708,9.12734780962911e-05,0.0002738057993085031,0.0,0.0,0.0,1.5,3,0.0,0,18.5,37
circles,45,2,4.764305269744362e-11,4.188303349972333e-11,5.340307189516391e-11,4.764189043271472e-11,4.1882941559379105e-11,5.340083930605033e-11,0.0,0.0,0.0,0.00018253964330821088,9.1273480399198e-05,0.0002738058062172238,0.0,0.0,0.0,1.5,3,0.0,0,18.5,37
circles,46,2,4.7642879225096024e-11,4.1884421278504114e-11,5.3401337171687935e-11,4.764189043271472e-11,4.1882941559379105e-11,5.340083930605033e-11,0.0,0.0,0.0,0.00018253963870239708,9.12734780962911e-05,0.0002738057993085031,0.0,0.0,0.0,1.5,3,0.0,0,18.5,37
circles,47,2,4.764305269744362e-11,4.188303349972333e-11,5.340307189516391e-11,4.764189043271472e-11,4.1882941559379105e-11,5.340083930605033e-11,0.0,0.0,0.0,0.00018253964330821088,9.1273480399198e-05,0.0002738058062172238,0.0,0.0,0.0,1.5,3,0.0,0,18.5,37
circles,48,2,4.7642879225096024e-11,4.1884421278504114e-11,5.3401337171687935e-11,4.764189043271472e-11,4.1882941559379105e-11,5.340083930605033e-11,0.0,0.0,0.0,0.00018253963870239708,9.12734780962911e-05,0.0002738057993085031,0.0,0.0,0.0,1.5,3,0.0,0,18.5,37
circles,49,2,4.764305269744362e-11,4.188303349972333e-11,5.340307189516391e-11,4.764189043271472e-11,4.1882941559379105e-11,5.340083930605033e-11,0.0,0.0,0.0,0.00018253964330821088,9.1273480399198e-05,0.0002738058062172238,0.0,0.0,0.0,1.5,3,0.0,0,18.5,37
circles,50,2,4.7642879225096024e-11,4.1884421278504114e-11,5.3401337171687935e-11,4.764189043271472e-11,4.1882941559379105e-11,5.340083930605033e-11,0.0,0.0,0.0,0.00018253963870239708,9.12734780962911e-05,0.0002738057993085031,0.0,0.0,0.0,1.5,3,0.0,0,18.5,37
circles,51,2,4.764305269744362e-11,4.188303349972333e-11,5.340307189516391e-11,4.764189043271472e-11,4.1882941559379105e-11,5.340083930605033e-11,0.0,0.0,0.0,0.00018253964330821088,9.1273480399198e-05,0.0002738058062172238,0.0,0.0,0.0,1.5,3,0.0,0,18.5,37
circles,52,2,4.7642879225096024e-11,4.1884421278504114e-11,5.3401337171687935e-11,4.764189043271472e-11,4.1882941559379105e-11,5.340083930605033e-11,0.0,0.0,0.0,0.00018253963870239708,9.12734780962911e-05,0.0002738057993085031,0.0,0.0,0.0,1.5,3,0.0,0,18.5,37
circles,53,2,4.764305269744362e-11,4.188303349972333e-11,5.340307189516391e-11,4.764189043271472e-11,4.1882941559379105e-11,5.340083930605033e-11,0.0,0.0,0.0,0.00018253964330821088,9.1273480399198e-05,0.0002738058062172238,0.0,0.0,0.0,1.5,3,0.0,0,18.5,37
circles,54,2,4.7642879225096024e-11,4.1884421278504114e-11,5.3401337171687935e-11,4.764189043271472e-11,4.1882941559379105e-11,5.340083930605033e-11,0.0,0.0,0.0,0.00018253963870239708,9.12734780962911e-05,0.0002738057993085031,0.0,0.0,0.0,1.5,3,0.0,0,18.5,37
circles,55,2,4.764305269744362e-11,4.188303349972333e-11,5.340307189516391e-11,4.764189043271472e-11,4.1882941559379105e-11,5.340083930605033e-11,0.0,0.0,0.0,0.00018253964330821088,9.1273480399198e-05,0.0002738058062172238,0.0,0.0,0.0,1.5,3,0.0,0,18.5,37
circles,56,2,4.7642879225096024e-11,4.1884421278504114e-11,5.3401337171687935e-11,4.764189043271472e-11,4.1882941559379105e-11,5.340083930605033e-11,0.0,0.0,0.0,0.00018253963870239708,9.12734780962911e-05,0.0002738057993085031,0.0,0.0,0.0,1.5,3,0.0,0,18.5,37
circles,57,2,4.764305269744362e-11,4.188303349972333e-11,5.340307189516391e-11,4.764189043271472e-11,4.1882941559379105e-11,5.340083930605033e-11,0.0,0.0,0.0,0.00018253964330821088,9.1273480399198e-05,0.0002738058062172238,0.0,0.0,0.0,1.5,3,0.0,0,18.5,37
circles,58,2,4.7642879225096024e-11,4.1884421278504114e-11,5.3401337171687935e-11,4.764189043271472e-11,4.1882941559379105e-11,5.340083930605033e-11,0.0,0.0,0.0,0.00018253963870239708,9.12734780962911e-05,0.0002738057993085031,0.0,0.0,0.0,1.5,3,0.0,0,18.5,37
circles,59,2,4.764305269744362e-11,4.188303349972333e-11,5.340307189516391e-11,4.764189043271472e-11,4.1882941559379105e-11,5.340083930605033e-11,0.0,0.0,0.0,0.00018253964330821088,9.1273480399198e-05,0.0002738058062172238,0.0,0.0,0.0,1.5,3,0.0,0,18.5,37
circles,60,2,4.7642879225096024e-11,4.1884421278504114e-11,5.3401337171687935e-11,4.764189043271472e-11,4.1882941559379105e-11,5.340083930605033e-11,0.0,0.0,0.0,0.00018253963870239708,9.12734780962911e-05,0.0002738057993085031,0.0,0.0,0.0,1.5,3,0.0,0,18.5,37
circles,61,2,4.764305269744362e-11,4.188303349972333e-11,5.340307189516391e-11,4.764189043271472e-11,4.1882941559379105e-11,5.340083930605033e-11,0.0,0.0,0.0,0.00018253964330821088,9.1273480399198e-05,0.0002738058062172238,0.0,0.0,0.0,1.5,3,0.0,0,18.5,37
circles,62,2,4.7642879225096024e-11,4.1884421278504114e-11,5.3401337171687935e-11,4.764189043271472e-11,4.1882941559379105e-11,5.340083930605033e-11,0.0,0.0,0.0,0.00018253963870239708,9.12734780962911e-05,0.0002738057993085031,0.0,0.0,0.0,1.5,3,0.0,0,18.5,37
circles,63,2,4.764305269744362e-11,4.188303349972333e-11,5.340307189516391e-11,4.764189043271472e-11,4.1882941559379105e-11,5.340083930605033e-11,0.0,0.0,0.0,0.00018253964330821088,9.1273480399198e-05,0.0002738058062172238,0.0,0.0,0.0,1.5,3,0.0,0,18.5,37
circles,64,2,4.7642879225096024e-11,4.1884421278504114e-11,5.3401337171687935e-11,4.764189043271472e-11,4.1882941559379105e-11,5.340083930605033e-11,0.0,0.0,0.0,0.00018253963870239708,9.12734780962911e-05,0.0002738057993085031,0.0,0.0,0.0,1.5,3,0.0,0,18.5,37
circles,65,2,4.764305269744362e-11,4.188303349972333e-11,5.340307189516391e-11,4.764189043271472e-11,4.1882941559379105e-11,5.340083930605033e-11,0.0,0.0,0.0,0.00018253964330821088,9.1273480399198e-05,0.0002738058062172238,0.0,0.0,0.0,1.5,3,0.0,0,18.5,37
circles,66,2,4.7642879225096024e-11,4.1884421278504114e-11,5.3401337171687935e-11,4.764189043271472e-11,4.1882941559379105e-11,5.340083930605033e-11,0.0,0.0,0.0,0.00018253963870239708,9.12734780962911e-05,0.0002738057993085031,0.0,0.0,0.0,1.5,3,0.0,0,18.5,37
circles,67,2,4.764305269744362e-11,4.188303349972333e-11,5.340307189516391e-11,4.764189043271472e-11,4.1882941559379105e-11,5.340083930605033e-11,0.0,0.0,0.0,0.00018253964330821088,9.1273480399198e-05,0.0002738058062172238,0.0,0.0,0.0,1.5,3,0.0,0,18.5,37
circles,68,2,4.7642879225096024e-11,4.1884421278504114e-11,5.3401337171687935e-11,4.764189043271472e-11,4.1882941559379105e-11,5.340083930605033e-11,0.0,0.0,0.0,0.00018253963870239708,9.12734780962911e-05,0.0002738057993085031,0.0,0.0,0.0,1.5,3,0.0,0,18.5,37
circles,69,2,4.764305269744362e-11,4.188303349972333e-11,5.340307189516391e-11,4.764189043271472e-11,4.1882941559379105e-11,5.340083930605033e-11,0.0,0.0,0.0,0.00018253964330821088,9.1273480399198e-05,0.0002738058062172238,0.0,0.0,0.0,1.5,3,0.0,0,18.5,37
circles,70,2,4.7642879225096024e-11,4.1884421278504114e-11,5.3401337171687935e-11,4.764189043271472e-11,4.1882941559379105e-11,5.340083930605033e-11,0.0,0.0,0.0,0.00018253963870239708,9.12734780962911e-05,0.0002738057993085031,0.0,0.0,0.0,1.5,3,0.0,0,18.5,37
circles,71,2,4.764305269744362e-11,4.188303349972333e-11,5.340307189516391e-11,4.764189043271472e-11,4.1882941559379105e-11,5.340083930605033e-11,0.0,0.0,0.0,0.00018253964330821088,9.1273480399198e-05,0.0002738058062172238,0.0,0.0,0.0,1.5,3,0.0,0,18.5,37
circles,72,2,4.7642879225096024e-11,4.1884421278504114e-11,5.3401337171687935e-11,4.764189043271472e-11,4.1882941559379105e-11,5.340083930605033e-11,0.0,0.0,0.0,0.00018253963870239708,9.12734780962911e-05,0.0002738057993085031,0.0,0.0,0.0,1.5,3,0.0,0,18.5,37
circles,73,2,4.764305269744362e-11,4.188303349972333e-11,5.340307189516391e-11,4.764189043271472e-11,4.1882941559379105e-11,5.340083930605033e-11,0.0,0.0,0.0,0.00018253964330821088,9.1273480399198e-05,0.0002738058062172238,0.0,0.0,0.0,1.5,3,0.0,0,18.5,37
circles,74,2,4.7642879225096024e-11,4.1884421278504114e-11,5.3401337171687935e-11,4.764189043271472e-11,4.1882941559379105e-11,5.340083930605033e-11,0.0,0.0,0.0,0.00018253963870239708,9.12734780962911e-05,0.0002738057993085031,0.0,0.0,0.0,1.5,3,0.0,0,18.5,37
circles,75,2,4.764305269744362e-11,4.188303349972333e-11,5.340307189516391e-11,4.764189043271472e-11,4.1882941559379105e-11,5.340083930605033e-11,0.0,0.0,0.0,0.00018253964330821088,9.1273480399198e-05,0.0002738058062172238,0.0,0.0,0.0,1.5,3,0.0,0,18.5,37
circles,76,2,4.7642879225096024e-11,4.1884421278504114e-11,5.3401337171687935e-11,4.764189043271472e-11,4.1882941559379105e-11,5.340083930605033e-11,0.0,0.0,0.0,0.00018253963870239708,9.12734780962911e-05,0.0002738057993085031,0.0,0.0,0.0,1.5,3,0.0,0,18.5,37
circles,77,2,4.764305269744362e-11,4.188303349972333e-11,5.340307189516391e-11,4.764189043271472e-11,4.1882941559379105e-11,5.340083930605033e-11,0.0,0.0,0.0,0.00018253964330821088,9.1273480399198e-05,0.0002738058062172238,0.0,0.0,0.0,1.5,3,0.0,0,18.5,37
circles,78,2,4.7642879225096024e-11,4.1884421278504114e-11,5.3401337171687935e-11,4.764189043271472e-11,4.1882941559379105e-11,5.340083930605033e-11,0.0,0.0,0.0,0.00018253963870239708,9.12734780962911e-05,0.0002738057993085031,0.0,0.0,0.0,1.5,3,0.0,0,18.5,37
circles,79,2,4.764305269744362e-11,4.188303349972333e-11,5.340307189516391e-11,4.764189043271472e-11,4.1882941559379105e-11,5.340083930605033e-11,0.0,0.0,0.0,0.00018253964330821088,9.1273480399198e-05,0.0002738058062172238,0.0,0.0,0.0,1.5,3,0.0,0,18.5,37
circles,80,2,4.7642879225096024e-11,4.1884421278504114e-11,5.3401337171687935e-11,4.764189043271472e-11,4.1882941559379105e-11,5.340083930605033e-11,0.0,0.0,0.0,0.00018253963870239708,9.12734780962911e-05,0.0002738057993085031,0.0,0.0,0.0,1.5,3,0.0,0,18.5,37
circles,81,2,4.764305269744362e-11,4.188303349972333e-11,5.340307189516391e-11,4.764189043271472e-11,4.1882941559379105e-11,5.340083930605033e-11,0.0,0.0,0.0,0.00018253964330821088,9.1273480399198e-05,0.0002738058062172238,0.0,0.0,0.0,1.5,3,0.0,0,18.5,37
circles,82,2,4.7642879225096024e-11,4.1884421278504114e-11,5.3401337171687935e-11,4.764189043271472e-11,4.1882941559379105e-11,5.340083930605033e-11,0.0,0.0,0.0,0.00018253963870239708,9.12734780962911e-05,0.0002738057993085031,0.0,0.0,0.0,1.5,3,0.0,0,18.5,37
circles,83,2,4.764305269744362e-11,4.188303349972333e-11,5.340307189516391e-11,4.764189043271472e-11,4.1882941559379105e-11,5.340083930605033e-11,0.0,0.0,0.0,0.00018253964330821088,9.1273480399198e-05,0.0002738058062172238,0.0,0.0,0.0,1.5,3,0.0,0,18.5,37
circles,84,2,4.7642879225096024e-11,4.1884421278504114e-11,5.3401337171687935e-11,4.764189043271472e-11,4.1882941559379105e-11,5.340083930605033e-11,0.0,0.0,0.0,0.00018253963870239708,9.12734780962911e-05,0.0002738057993085031,0.0,0.0,0.0,1.5,3,0.0,0,18.5,37
circles,85,2,4.764305269744362e-11,4.188303349972333e-11,5.340307189516391e-11,4.764189043271472e-11,4.1882941559379105e-11,5.340083930605033e-11,0.0,0.0,0.0,0.00018253964330821088,9.1273480399198e-05,0.0002738058062172238,0.0,0.0,0.0,1.5,3,0.0,0,18.5,37
circles,86,2,4.7642879225096024e-11,4.1884421278504114e-11,5.3401337171687935e-11,4.764189043271472e-11,4.1882941559379105e-11,5.340083930605033e-11,0.0,0.0,0.0,0.00018253963870239708,9.12734780962911e-05,0.0002738057993085031,0.0,0.0,0.0,1.5,3,0.0,0,18.5,37
circles,87,2,4.764305269744362e-11,4.188303349972333e-11,5.340307189516391e-11,4.764189043271472e-11,4.1882941559379105e-11,5.340083930605033e-11,0.0,0.0,0.0,0.00018253964330821088,9.1273480399198e-05,0.0002738058062172238,0.0,0.0,0.0,1.5,3,0.0,0,18.5,37
circles,88,2,4.7642879225096024e-11,4.1884421278504114e-11,5.3401337171687935e-11,4.764189043271472e-11,4.1882941559379105e-11,5.340083930605033e-11,0.0,0.0,0.0,0.00018253963870239708,9.12734780962911e-05,0.0002738057993085031,0.0,0.0,0.0,1.5,3,0.0,0,18.5,37
circles,89,2,4.764305269744362e-11,4.188303349972333e-11,5.340307189516391e-11,4.764189043271472e-11,4.1882941559379105e-11,5.340083930605033e-11,0.0,0.0,0.0,0.00018253964330821088,9.1273480399198e-05,0.0002738058062172238,0.0,0.0,0.0,1.5,3,0.0,0,18.5,37
circles,90,2,4.7642879225096024e-11,4.1884421278504114e-11,5.3401337171687935e-11,4.764189043271472e-11,4.1882941559379105e-11,5.340083930605033e-11,0.0,0.0,0.0,0.00018253963870239708,9.12734780962911e-05,0.0002738057993085031,0.0,0.0,0.0,1.5,3,0.0,0,18.5,37
circles,91,2,4.764305269744362e-11,4.188303349972333e-11,5.340307189516391e-11,4.764189043271472e-11,4.1882941559379105e-11,5.340083930605033e-11,0.0,0.0,0.0,0.00018253964330821088,9.1273480399198e-05,0.0002738058062172238,0.0,0.0,0.0,1.5,3,0.0,0,18.5,37
circles,92,2,4.7642879225096024e-11,4.1884421278504114e-11,5.3401337171687935e-11,4.764189043271472e-11,4.1882941559379105e-11,5.340083930605033e-11,0.0,0.0,0.0,0.00018253963870239708,9.12734780962911e-05,0.0002738057993085031,0.0,0.0,0.0,1.5,3,0.0,0,18.5,37
circles,93,2,4.764305269744362e-11,4.188303349972333e-11,5.340307189516391e-11,4.764189043271472e-11,4.1882941559379105e-11,5.340083930605033e-11,0.0,0.0,0.0,0.00018253964330821088,9.1273480399198e-05,0.0002738058062172238,0.0,0.0,0.0,1.5,3,0.0,0,18.5,37
circles,94,2,4.7642879225096024e-11,4.1884421278504114e-11,5.3401337171687935e-11,4.764189043271472e-11,4.1882941559379105e-11,5.340083930605033e-11,0.0,0.0,0.0,0.00018253963870239708,9.12734780962911e-05,0.0002738057993085031,0.0,0.0,0.0,1.5,3,0.0,0,18.5,37
circles,95,2,4.764305269744362e-11,4.188303349972333e-11,5.340307189516391e-11,4.764189043271472e-11,4.1882941559379105e-11,5.340083930605033e-11,0.0,0.0,0.0,0.00018253964330821088,9.1273480399198e-05,0.0002738058062172238,0.0,0.0,0.0,1.5,3,0.0,0,18.5,37
circles,96,2,4.7642879225096024e-11,4.1884421278504114e-11,5.3401337171687935e-11,4.764189043271472e-11,4.1882941559379105e-11,5.340083930605033e-11,0.0,0.0,0.0,0.00018253963870239708,9.12734780962911e-05,0.0002738057993085031,0.0,0.0,0.0,1.5,3,0.0,0,18.5,37
circles,97,2,4.764305269744362e-11,4.188303349972333e-11,5.340307189516391e-11,4.764189043271472e-11,4.1882941559379105e-11,5.340083930605033e-11,0.0,0.0,0.0,0.00018253964330821088,9.1273480399198e-05,0.0002738058062172238,0.0,0.0,0.0,1.5,3,0.0,0,18.5,37
circles,98,2,4.7642879225096024e-11,4.1884421278504114e-11,5.3401337171687935e-11,4.764189043271472e-11,4.1882941559379105e-11,5.340083930605033e-11,0.0,0.0,0.0,0.00018253963870239708,9.12734780962911e-05,0.0002738057993085031,0.0,0.0,0.0,1.5,3,0.0,0,18.5,37
circles,99,2,4.764305269744362e-11,4.188303349972333e-11,5.340307189516391e-11,4.764189043271472e-11,4.1882941559379105e-11,5.340083930605033e-11,0.0,0.0,0.0,0.00018253964330821088,9.1273480399198e-05,0.0002738058062172238,0.0,0.0,0.0,1.5,3,0.0,0,18.5,37
circles,100,2,4.7642879225096024e-11,4.1884421278504114e-11,5.3401337171687935e-11,4.764189043271472e-11,4.1882941559379105e-11,5.340083930605033e-11,0.0,0.0,0.0,0.00018253963870239708,9.12734780962911e-05,0.0002738057993085031,0.0,0.0,0.0,1.5,3,0.0,0,18.5,37
ellipses,1,5,1.1662568359521286,1.160442878747224,1.3965015234181706,1.166256835952126,1.1604428787472258,1.39650152341817,0.0,0.0,0.0,0.8790966400017293,0.8647887230118199,0.9230474127394372,1.1102230246251565e-16,0.0,1.1102230246251565e-16,4.0,19,0.0,0,35.0,186
ellipses,2,5,0.42829396318120483,0.42241308935911087,1.1820380880348453,0.42829396318120416,0.4224130893591109,1.1820380880348438,1.0213192510228595,0.9999560508856042,1.1754285333256718,0.8578978318834654,0.40148244157780766,0.9232328914836718,1.1102230246251565e-16,3.577867169202165e-18,1.1102230246251565e-16,2.0,17,2.0,8,42.0,207
ellipses,3,5,0.3442005020629189,0.27535587713450127,1.1141787389952311,0.3442005020629182,0.27535587713450127,1.114178738995232,0.9965023015826091,0.8378375859719256,1.111468979802737,0.7219661570459,0.49051310226296413,0.8573863222238166,1.1102230246251565e-16,1.1102230246251565e-16,2.220446049250313e-16,1.0,15,1.0,4,42.0,212
ellipses,4,5,0.03150390346419443,0.02930343378222209,0.13757511980739376,0.0315039034641984,0.02930343378221778,0.13757511980739423,0.32675599667085464,0.26356834942194496,0.9766036191878378,0.33914210689540575,0.09551950604144441,0.8572857369628524,2.220446049250313e-16,1.1102230246251565e-16,2.220446049250313e-16,1.0,16,0.0,2,42.0,217
ellipses,5,5,0.010627569627577431,0.01010442211843085,0.018850311829301386,0.010627569627580158,0.010104422118430989,0.018850311829300637,0.03836225112296887,0.03059381159421548,0.12680052078489368,0.13589855627788722,0.07048170373279161,0.8572659332764055,2.220446049250313e-16,3.3176586478056436e-17,2.220446049250313e-16,2.0,14,0.0,1,43.0,219
ellipses,6,5,0.005421637633020587,0.002339249699681231,0.032064586156006075,0.005421637633020282,0.0023392496996876844,0.03206458615600383,0.01778200673420116,0.011966844988847924,0.2809717790720967,0.07045529185950236,0.05658692392563298,0.8541392820050413,1.1102230246251565e-16,1.0299920638612292e-17,1.1102230246251565e-16,2.0,14,0.0,1,43.0,218
ellipses,7,5,0.01094029842914103,0.010676132439464778,0.13717924910773413,0.010940298429140682,0.01067613243946397,0.1371792491077315,0.03511024363228188,0.010940298429140682,0.7284452776859283,0.5045333892299475,0.010052603306573276,0.8541392110522535,1.1102230246251565e-16,1.1102230246251565e-16,2.220446049250313e-16,2.0,12,0.0,1,43.0,219
ellipses,8,5,0.005008154602649181,0.0019792480256944703,0.027240754511498322,0.005008154602649029,0.0019792480256910494,0.02724075451149588,0.011874872137649817,0.010940298429140682,0.15609792568395875,0.07862961042916032,0.01005916284566926,0.8572609568771014,2.7755575615628914e-17,1.0299920638612292e-17,1.1102230246251565e-16,2.0,15,0.0,0,43.0,221
ellipses,9,5,0.00696231124337433,0.0006550845141567105,0.013669063812569732,0.006962311243377428,0.0006550845141575223,0.01366906381257138,0.02675372750215388,0.0023413043245525955,0.031006092104938432,0.01726309946750744,0.010060360270584625,0.8932353858592709,1.0299920638612292e-17,5.421010862427522e-18,2.220446049250313e-16,2.0,14,0.0,0,43.0,221
ellipses,10,5,0.8519731336835529,0.003386395017244276,0.9246845823189619,0.8519731336835576,0.003386395017244581,0.9246845823189602,0.8519730939064658,0.013660891590348001,0.9246845213927415,0.4828126617279813,0.43739129422579637,0.8932353858592709,1.9081958235744878e-17,2.117582368135751e-21,2.220446049250313e-16,2.0,18,1.0,3,42.0,218
ellipses,11,5,0.11475479266136995,0.0008565941471614952,0.12022490342768516,0.11475479266137256,0.0008565941471658789,0.12022490342768322,0.8262665675130023,0.0035967807726677847,0.8651771155008703,0.08790251758705696,0.07507213689100038,0.8932353858592709,2.220446049250313e-16,1.1102230246251565e-16,2.220446049250313e-16,2.0,17,0.0,2,44.0,224
ellipses,12,5,0.012461984978210609,0.0002499015557714396,0.015914006336167776,0.012461984978216378,0.0002499015557688722,0.015914006336167574,0.11453430298627865,0.0009205118974762172,0.11488022142042809,0.019565248687526734,0.01658758974864915,0.8932353858592709,1.1102230246251565e-16,2.117582368135751e-21,2.220446049250313e-16,2.0,16,0.0,0,44.0,224
ellipses,13,5,0.0008243192220074719,0.0002908681412528216,0.0028792728489327596,0.0008243192220049878,0.00029086814125633964,0.0028792728489364094,0.012933444168496067,0.00029086814125633964,0.01566401209536039,0.01614470345179092,0.0077656599440734135,0.8932353858592709,1.1102230246251565e-16,1.1102230246251565e-16,2.220446049250313e-16,2.0,13,0.0,0,44.0,224
ellipses,14,5,0.0005963488952964377,0.0002810544878816229,0.0009645108427503053,0.0005963488953000251,0.00028105448788195986,0.0009645108427491778,0.0008243192220049878,0.0005963488953000251,0.0028792728489364094,0.0161447036319841,0.003049603223574905,0.8932353858592709,1.1102230246251565e-16,1.1102230246251565e-16,2.220446049250313e-16,2.0,14,0.0,0,44.0,224
ellipses,15,5,0.00021511821391394237,1.8778615423070688e-05,0.0002463995677846019,0.00021511821391584363,1.8778615423542533e-05,0.0002463995677857156,0.0005963488953000251,0.00028154189245555017,0.0010704593959260933,0.016144703701973896,0.003067574526618194,0.8932353858592709,2.220446049250313e-16,1.1102230246251565e-16,2.220446049250313e-16,2.0,14,0.0,0,44.0,224
ellipses,16,5,1.657340663995671e-05,8.595010776539513e-06,5.212422020187124e-05,1.657340663996365e-05,8.59501077599134e-06,5.212422020406393e-05,0.00026724243411990756,2.241876769915052e-05,0.0002779313456926502,0.3610218007897639,0.016144703735816,0.8932353858592709,1.1102230246251565e-16,6.245004513516506e-17,2.220446049250313e-16,2.0,18,0.0,1,43.0,223
ellipses,17,5,6.029018427642502e-05,1.3650819374010081e-05,0.0001514377617233692,6.029018427966548e-05,1.365081937620971e-05,0.00015143776172266143,6.414113499886298e-05,6.029018427966548e-05,0.00015143776172266143,0.05044967024877799,0.01614462285737975,0.8932353858592709,2.220446049250313e-16,1.1102230246251565e-16,2.220446049250313e-16,2.0,13,0.0,0,45.0,225
ellipses,18,5,5.2210110017411e-05,3.2717510851086075e-05,0.0006308145613156957,5.221011001665943e-05,3.27175108516542e-05,0.0006308145613189708,0.00015143776172266143,7.387440762585129e-05,0.0006308145613189708,0.010899596884372592,0.007649716251784746,0.8932353858592709,1.1102230246251565e-16,2.7755575615628914e-17,1.1102230246251565e-16,2.0,13,0.0,0,45.0,225
ellipses,19,5,9.528394715550143e-05,7.481963780020355e-06,0.0002443368070046206,9.528394715374588e-05,7.48196378097532e-06,0.0002443368070004226,9.528394715374588e-05,4.019947463262952e-05,0.0006308145613189708,0.0037251498281580973,0.0026917487716245194,0.8932353858592709,1.1102230246251565e-16,8.673617379884035e-18,2.220446049250313e-16,1.0,12,0.0,0,45.0,225
ellipses,20,5,5.404104691931859e-06,1.7627077438311933e-06,3.6746489240715476e-05,5.404104697959156e-06,1.762707743324654e-06,3.674648924345547e-05,9.528394715374588e-05,7.520736335919764e-06,0.0002444504740708453,0.003727833902711052,0.0011518289858555189,0.8932353858592709,1.1102230246251565e-16,5.551115123125783e-17,1.1102230246251565e-16,2.0,16,0.0,0,45.0,225
ellipses,21,5,2.171409633697219e-06,6.675869120530142e-07,2.540590664777166e-06,2.171409633433541e-06,6.675869101968601e-07,2.5405906640685316e-06,6.650220598203305e-06,2.430294653521514e-06,3.687029384025209e-05,0.0037280171184120763,0.0005132379632013358,0.8932353858592709,2.220446049250313e-16,1.1102230246251565e-16,2.220446049250313e-16,2.0,16,0.0,0,45.0,225
ellipses,22,5,2.151445418520359e-05,1.400062955327075e-07,6.136531816151349e-05,2.1514454186188914e-05,1.4000629278143606e-07,6.136531816025581e-05,2.1514454186188914e-05,7.699786053194657e-07,0.000144621719790905,0.0017653427341019696,0.000243176089852718,0.8932353858592709,5.551115123125783e-17,5.551115123125783e-17,5.551115123125783e-17,1.0,15,0.0,0,45.0,225
ellipses,23,5,1.6112588386782423e-06,2.15331212062575e-08,8.31163991673288e-06,1.6112588383521143e-06,2.1533118399474915e-08,8.311639916769309e-06,2.1514454186188914e-05,1.6153941118091097e-07,7.752829459306554e-05,0.001773055125189391,0.00016239954377038438,0.8932353858592709,5.551115123125783e-17,2.117582368135751e-21,2.220446049250313e-16,2.0,15,0.0,0,45.0,225
ellipses,24,5,2.6070407464773293e-07,3.2891899273690406e-09,5.041383161624724e-07,2.607040698876517e-07,3.289187588961795e-09,5.041383168702396e-07,1.871962908239766e-06,2.482230598843671e-08,8.340076469437463e-06,0.0017730652488148898,0.00016239553798306933,0.8932353858592709,5.551115123125783e-17,2.117582368135751e-21,5.551115123125783e-17,2.0,16,0.0,0,45.0,225
ellipses,25,5,9.125573621412975e-08,7.506505833587696e-10,8.706218260646353e-07,9.12557354126875e-08,7.506457677664002e-10,8.706218252996223e-07,5.940368019707876e-07,3.795086911395629e-09,4.727571784712836e-06,0.0008471042041497477,0.0001623942703614636,0.8932353858592709,1.1102230246251565e-16,2.117582368135751e-21,2.220446049250313e-16,2.0,16,0.0,0,45.0,225
ellipses,26,5,1.8023960449142784e-08,7.50660297810235e-10,1.9098142694032316e-07,1.802396099037651e-08,7.506599786211154e-10,1.9098142800544338e-07,1.0927969640306401e-07,6.164313504086749e-10,1.0616032533050657e-06,0.0004018571251477652,0.00016239446188777266,0.8932353858592709,3.3176586478056436e-17,2.117582368135751e-21,5.551115123125783e-17,2.0,15,0.0,0,45.0,225
ellipses,27,5,4.128913300670278e-08,7.506648080912726e-10,7.990985935457662e-06,4.128913388967703e-08,7.506599786211154e-10,7.990985935180106e-06,2.322705618951204e-07,2.0050094917678507e-10,7.990985935180106e-06,9.248057938635735e-05,7.616803685949117e-05,0.8932353858592709,2.220446049250313e-16,1.1102230246251565e-16,2.220446049250313e-16,0.0,12,0.0,0,45.0,225
ellipses,28,5,8.934072362118406e-09,7.50660297810235e-10,2.760634716777923e-06,8.934073036925838e-09,7.506599786211154e-10,2.760634718157462e-06,5.022320692660287e-08,8.970602038971265e-11,9.822261262115717e-06,2.1479365681118804e-05,1.7455122522223193e-05,0.8932353858592709,5.551115123125783e-17,2.117582368135751e-21,1.1102230246251565e-16,0.0,12,0.0,0,45.0,225
ellipses,29,5,1.6563454600937444e-09,7.506648080912726e-10,1.655150055749656e-07,1.6563461713303695e-09,7.506599786211154e-10,1.655150043688991e-07,1.0590419208256208e-08,6.230038707144558e-11,2.967485613680765e-06,2.1576188605684962e-05,8.673754528877378e-06,0.8932353858592709,2.220446049250313e-16,1.1102230246251565e-16,2.220446049250313e-16,2.0,16,0.0,0,45.0,225
ellipses,30,5,7.50660297810235e-10,4.028400443084612e-10,6.908152980862267e-08,7.506599786211154e-10,4.0283865132551e-10,6.908152982987303e-08,2.0591848226558795e-09,1.978150976356119e-11,2.3459653419877213e-07,2.1598469875541276e-05,6.019570150270407e-06,0.8932353858592709,5.551115123125783e-17,2.117582368135751e-21,1.1102230246251565e-16,2.0,15,0.0,0,45.0,225
ellipses,31,5,7.506648080912726e-10,6.479192182773374e-11,1.5859787983775464e-08,7.506599786211154e-10,6.479083936028474e-11,1.5859789925798395e-08,4.676294906857947e-10,3.1164404390437994e-11,8.494131975567143e-08,2.1603591138627072e-05,2.8504313695318253e-06,0.8932353858592709,2.220446049250313e-16,1.1102230246251565e-16,2.220446049250313e-16,2.0,15,0.0,0,45.0,225
ellipses,32,5,7.50660297810235e-10,3.1166779226876606e-11,3.77351846601523e-09,7.506599786211154e-10,3.1164404390437994e-11,3.77352193936531e-09,6.660272333647299e-11,4.18651779909851e-11,1.9633311865163705e-08,2.1604751839366648e-05,1.3401130528476293e-06,0.8932353858592709,1.1102230246251565e-16,2.117582368135751e-21,1.1102230246251565e-16,2.0,15,0.0,0,45.0,225
ellipses,33,5,7.506648080912726e-10,4.1870933803478394e-11,1.0626064264607216e-09,7.506599786211154e-10,4.18651779909851e-11,1.0626024504745146e-09,1.432454155292362e-11,1.0700773600547109e-11,4.548645904378645e-09,2.1605006949180012e-05,1.3395373095437022e-06,0.8932353858592709,2.220446049250313e-16,1.1102230246251565e-16,2.220446049250313e-16,2.0,15,0.0,0,45.0,225
ellipses,34,5,3.5828173110610817e-10,2.8436801524645006e-11,7.50660297810235e-10,3.582840690796729e-10,2.843592028511921e-11,7.506599786211154e-10,3.1164404390437994e-11,6.760814130757353e-12,1.1334080340930086e-09,2.1605133495969152e-05,1.3404832288702987e-06,0.8932353858592709,5.551115123125783e-17,2.117582368135751e-21,1.1102230246251565e-16,2.0,16,0.0,0,45.0,225
ellipses,35,5,8.958910002743181e-11,3.1166779226876606e-11,7.506648080912726e-10,8.958522812463343e-11,3.1164404390437994e-11,7.506599786211154e-10,4.18651779909851e-11,1.099209612220875e-11,3.700648676385754e-10,2.1605134117644125e-05,1.339520437318427e-06,0.8932353858592709,2.220446049250313e-16,1.1102230246251565e-16,2.220446049250313e-16,2.0,16,0.0,0,45.0,225
ellipses,36,5,4.1870933803478394e-11,2.8436801524645006e-11,5.54490307835831e-10,4.18651779909851e-11,2.843592028511921e-11,5.54493340132467e-10,1.0700773600547109e-11,6.760814130757353e-12,1.1471001926111057e-10,2.1605134117644125e-05,1.3391401322427382e-06,0.8932353858592709,5.551115123125783e-17,2.117582368135751e-21,1.1102230246251565e-16,2.0,16,0.0,0,45.0,225
ellipses,37,5,2.8438189303425787e-11,2.063522963613451e-11,1.0580147868921586e-10,2.843592028511921e-11,2.063416104647331e-11,1.0579981335467892e-10,3.1164404390437994e-11,1.099209612220875e-11,3.299760464869905e-11,2.1605134117644125e-05,1.3390928450519413e-06,0.8932353858592709,2.220446049250313e-16,1.1102230246251565e-16,2.220446049250313e-16,2.0,16,0.0,0,45.0,225
ellipses,38,5,3.1166779226876606e-11,2.8436801524645006e-11,5.402713866564657e-11,3.1164404390437994e-11,2.843592028511921e-11,5.402966962719802e-11,7.87281351222191e-12,6.760814130757353e-12,4.18651779909851e-11,2.1605134117644125e-05,1.3390298214806534e-06,0.8932353858592709,5.551115123125783e-17,2.117582368135751e-21,1.1102230246251565e-16,2.0,16,0.0,0,45.0,225
ellipses,39,5,4.1870933803478394e-11,2.8438189303425787e-11,2.154340941751265e-10,4.18651779909851e-11,2.843592028511921e-11,2.1543300476878358e-10,1.0700773600547109e-11,6.316724920907291e-12,1.099209612220875e-11,2.1605134117644125e-05,1.3390200423854191e-06,0.8932353858592709,2.220446049250313e-16,1.1102230246251565e-16,2.220446049250313e-16,2.0,16,0.0,0,45.0,225
ellipses,40,5,2.8436801524645006e-11,2.0629158103968592e-11,1.0615189283136317e-10,2.843592028511921e-11,2.063416104647331e-11,1.0615153200888017e-10,6.760814130757353e-12,0.0,3.1164404390437994e-11,2.1605134117644125e-05,1.3390896526968133e-06,0.8932353858592709,5.551115123125783e-17,2.117582368135751e-21,1.1102230246251565e-16,2.0,16,0.0,0,45.0,225
ellipses,41,5,3.1166779226876606e-11,2.8438189303425787e-11,1.0185966653475376e-10,3.1164404390437994e-11,2.843592028511921e-11,1.0185985388488916e-10,1.099209612220875e-11,0.0,4.18651779909851e-11,2.1605134117644125e-05,1.3390525324050605e-06,0.8932353858592709,2.220446049250313e-16,1.1102230246251565e-16,2.220446049250313e-16,2.0,16,0.0,0,45.0,225
ellipses,42,5,4.1870933803478394e-11,2.8436801524645006e-11,2.0932439809273617e-10,4.18651779909851e-11,2.843592028511921e-11,2.0932233724124671e-10,6.760814130757353e-12,0.0,1.0700773600547109e-11,2.1605134117644125e-05,1.3390209444328459e-06,0.8932353858592709,5.551115123125783e-17,2.117582368135751e-21,1.1102230246251565e-16,2.0,16,0.0,0,45.0,225
ellipses,43,5,2.8438189303425787e-11,2.063522963613451e-11,1.0746299683450644e-10,2.843592028511921e-11,2.063416104647331e-11,1.0746248335635755e-10,1.099209612220875e-11,0.0,3.1164404390437994e-11,2.1605134117644125e-05,1.3390897071742292e-06,0.8932353858592709,2.220446049250313e-16,1.1102230246251565e-16,2.220446049250313e-16,2.0,16,0.0,0,45.0,225
ellipses,44,5,3.1166779226876606e-11,2.8436801524645006e-11,1.0185966653475376e-10,3.1164404390437994e-11,2.843592028511921e-11,1.0185985388488916e-10,6.760814130757353e-12,0.0,4.18651779909851e-11,2.1605134117644125e-05,1.3390524837139354e-06,0.8932353858592709,5.551115123125783e-17,2.117582368135751e-21,1.1102230246251565e-16,2.0,16,0.0,0,45.0,225
ellipses,45,5,4.1870933803478394e-11,2.8438189303425787e-11,2.0932439809273617e-10,4.18651779909851e-11,2.843592028511921e-11,2.0932233724124671e-10,1.0700773600547109e-11,0.0,1.099209612220875e-11,2.1605134117644125e-05,1.3390209931239711e-06,0.8932353858592709,2.220446049250313e-16,1.1102230246251565e-16,2.220446049250313e-16,2.0,16,0.0,0,45.0,225
ellipses,46,5,2.8436801524645006e-11,2.0629158103968592e-11,1.0746299683450644e-10,2.843592028511921e-11,2.063416104647331e-11,1.0746248335635755e-10,6.760814130757353e-12,0.0,3.1164404390437994e-11,2.1605134117644125e-05,1.3390896584215475e-06,0.8932353858592709,5.551115123125783e-17,2.117582368135751e-21,1.1102230246251565e-16,2.0,16,0.0,0,45.0,225
ellipses,47,5,3.1166779226876606e-11,2.8438189303425787e-11,1.0185966653475376e-10,3.1164404390437994e-11,2.843592028511921e-11,1.0185985388488916e-10,1.099209612220875e-11,0.0,4.18651779909851e-11,2.1605134117644125e-05,1.3390525324050605e-06,0.8932353858592709,2.220446049250313e-16,1.1102230246251565e-16,2.220446049250313e-16,2.0,16,0.0,0,45.0,225
ellipses,48,5,4.1870933803478394e-11,2.8436801524645006e-11,2.0932439809273617e-10,4.18651779909851e-11,2.843592028511921e-11,2.0932233724124671e-10,6.760814130757353e-12,0.0,1.0700773600547109e-11,2.1605134117644125e-05,1.3390209444328459e-06,0.8932353858592709,5.551115123125783e-17,2.117582368135751e-21,1.1102230246251565e-16,2.0,16,0.0,0,45.0,225
ellipses,49,5,2.8438189303425787e-11,2.063522963613451e-11,1.0746299683450644e-10,2.843592028511921e-11,2.063416104647331e-11,1.0746248335635755e-10,1.099209612220875e-11,0.0,3.1164404390437994e-11,2.1605134117644125e-05,1.3390897071742292e-06,0.8932353858592709,2.220446049250313e-16,1.1102230246251565e-16,2.220446049250313e-16,2.0,16,0.0,0,45.0,225
ellipses,50,5,3.1166779226876606e-11,2.8436801524645006e-11,1.0185966653475376e-10,3.1164404390437994e-11,2.843592028511921e-11,1.0185985388488916e-10,6.760814130757353e-12,0.0,4.18651779909851e-11,2.1605134117644125e-05,1.3390524837139354e-06,0.8932353858592709,5.551115123125783e-17,2.117582368135751e-21,1.1102230246251565e-16,2.0,16,0.0,0,45.0,225
ellipses,51,5,4.1870933803478394e-11,2.8438189303425787e-11,2.0932439809273617e-10,4.18651779909851e-11,2.843592028511921e-11,2.0932233724124671e-10,1.0700773600547109e-11,0.0,1.099209612220875e-11,2.1605134117644125e-05,1.3390209931239711e-06,0.8932353858592709,2.220446049250313e-16,1.1102230246251565e-16,2.220446049250313e-16,2.0,16,0.0,0,45.0,225
ellipses,52,5,2.8436801524645006e-11,2.0629158103968592e-11,1.0746299683450644e-10,2.843592028511921e-11,2.063416104647331e-11,1.0746248335635755e-10,6.760814130757353e-12,0.0,3.1164404390437994e-11,2.1605134117644125e-05,1.3390896584215475e-06,0.8932353858592709,5.551115123125783e-17,2.117582368135751e-21,1.1102230246251565e-16,2.0,16,0.0,0,45.0,225
ellipses,53,5,3.1166779226876606e-11,2.8438189303425787e-11,1.0185966653475376e-10,3.1164404390437994e-11,2.843592028511921e-11,1.0185985388488916e-10,1.099209612220875e-11,0.0,4.18651779909851e-11,2.1605134117644125e-05,1.3390525324050605e-06,0.8932353858592709,2.220446049250313e-16,1.1102230246251565e-16,2.220446049250313e-16,2.0,16,0.0,0,45.0,225
ellipses,54,5,4.1870933803478394e-11,2.8436801524645006e-11,2.0932439809273617e-10,4.18651779909851e-11,2.843592028511921e-11,2.0932233724124671e-10,6.760814130757353e-12,0.0,1.0700773600547109e-11,2.1605134117644125e-05,1.3390209444328459e-06,0.8932353858592709,5.551115123125783e-17,2.117582368135751e-21,1.1102230246251565e-16,2.0,16,0.0,0,45.0,225
ellipses,55,5,2.8438189303425787e-11,2.063522963613451e-11,1.0746299683450644e-10,2.843592028511921e-11,2.063416104647331e-11,1.0746248335635755e-10,1.099209612220875e-11,0.0,3.1164404390437994e-11,2.1605134117644125e-05,1.3390897071742292e-06,0.8932353858592709,2.220446049250313e-16,1.1102230246251565e-16,2.220446049250313e-16,2.0,16,0.0,0,45.0,225
ellipses,56,5,3.1166779226876606e-11,2.8436801524645006e-11,1.0185966653475376e-10,3.1164404390437994e-11,2.843592028511921e-11,1.0185985388488916e-10,6.760814130757353e-12,0.0,4.18651779909851e-11,2.1605134117644125e-05,1.3390524837139354e-06,0.8932353858592709,5.551115123125783e-17,2.117582368135751e-21,1.1102230246251565e-16,2.0,16,0.0,0,45.0,225
ellipses,57,5,4.1870933803478394e-11,2.8438189303425787e-11,2.0932439809273617e-10,4.18651779909851e-11,2.843592028511921e-11,2.0932233724124671e-10,1.0700773600547109e-11,0.0,1.099209612220875e-11,2.1605134117644125e-05,1.3390209931239711e-06,0.8932353858592709,2.220446049250313e-16,1.1102230246251565e-16,2.220446049250313e-16,2.0,16,0.0,0,45.0,225
ellipses,58,5,2.8436801524645006e-11,2.0629158103968592e-11,1.0746299683450644e-10,2.843592028511921e-11,2.063416104647331e-11,1.0746248335635755e-10,6.760814130757353e-12,0.0,3.1164404390437994e-11,2.1605134117644125e-05,1.3390896584215475e-06,0.8932353858592709,5.551115123125783e-17,2.117582368135751e-21,1.1102230246251565e-16,2.0,16,0.0,0,45.0,225
ellipses,59,5,3.1166779226876606e-11,2.8438189303425787e-11,1.0185966653475376e-10,3.1164404390437994e-11,2.843592028511921e-11,1.0185985388488916e-10,1.099209612220875e-11,0.0,4.18651779909851e-11,2.1605134117644125e-05,1.3390525324050605e-06,0.8932353858592709,2.220446049250313e-16,1.1102230246251565e-16,2.220446049250313e-16,2.0,16,0.0,0,45.0,225
ellipses,60,5,4.1870933803478394e-11,2.8436801524645006e-11,2.0932439809273617e-10,4.18651779909851e-11,2.843592028511921e-11,2.0932233724124671e-10,6.760814130757353e-12,0.0,1.0700773600547109e-11,2.1605134117644125e-05,1.3390209444328459e-06,0.8932353858592709,5.551115123125783e-17,2.117582368135751e-21,1.1102230246251565e-16,2.0,16,0.0,0,45.0,225
ellipses,61,5,2.8438189303425787e-11,2.063522963613451e-11,1.0746299683450644e-10,2.843592028511921e-11,2.063416104647331e-11,1.0746248335635755e-10,1.099209612220875e-11,0.0,3.1164404390437994e-11,2.1605134117644125e-05,1.3390897071742292e-06,0.8932353858592709,2.220446049250313e-16,1.1102230246251565e-16,2.220446049250313e-16,2.0,16,0.0,0,45.0,225
ellipses,62,5,3.1166779226876606e-11,2.8436801524645006e-11,1.0185966653475376e-10,3.1164404390437994e-11,2.843592028511921e-11,1.0185985388488916e-10,6.760814130757353e-12,0.0,4.18651779909851e-11,2.1605134117644125e-05,1.3390524837139354e-06,0.8932353858592709,5.551115123125783e-17,2.117582368135751e-21,1.1102230246251565e-16,2.0,16,0.0,0,45.0,225
ellipses,63,5,4.1870933803478394e-11,2.8438189303425787e-11,2.0932439809273617e-10,4.18651779909851e-11,2.843592028511921e-11,2.0932233724124671e-10,1.0700773600547109e-11,0.0,1.099209612220875e-11,2.1605134117644125e-05,1.3390209931239711e-06,0.8932353858592709,2.220446049250313e-16,1.1102230246251565e-16,2.220446049250313e-16,2.0,16,0.0,0,45.0,225
ellipses,64,5,2.8436801524645006e-11,2.0629158103968592e-11,1.0746299683450644e-10,2.843592028511921e-11,2.063416104647331e-11,1.0746248335635755e-10,6.760814130757353e-12,0.0,3.1164404390437994e-11,2.1605134117644125e-05,1.3390896584215475e-06,0.8932353858592709,5.551115123125783e-17,2.117582368135751e-21,1.1102230246251565e-16,2.0,16,0.0,0,45.0,225
ellipses,65,5,3.1166779226876606e-11,2.8438189303425787e-11,1.0185966653475376e-10,3.1164404390437994e-11,2.843592028511921e-11,1.0185985388488916e-10,1.099209612220875e-11,0.0,4.18651779909851e-11,2.1605134117644125e-05,1.3390525324050605e-06,0.8932353858592709,2.220446049250313e-16,1.1102230246251565e-16,2.220446049250313e-16,2.0,16,0.0,0,45.0,225
ellipses,66,5,4.1870933803478394e-11,2.8436801524645006e-11,2.0932439809273617e-10,4.18651779909851e-11,2.843592028511921e-11,2.0932233724124671e-10,6.760814130757353e-12,0.0,1.0700773600547109e-11,2.1605134117644125e-05,1.3390209444328459e-06,0.8932353858592709,5.551115123125783e-17,2.117582368135751e-21,1.1102230246251565e-16,2.0,16,0.0,0,45.0,225
ellipses,67,5,2.8438189303425787e-11,2.063522963613451e-11,1.0746299683450644e-10,2.843592028511921e-11,2.063416104647331e-11,1.0746248335635755e-10,1.099209612220875e-11,0.0,3.1164404390437994e-11,2.1605134117644125e-05,1.3390897071742292e-06,0.8932353858592709,2.220446049250313e-16,1.1102230246251565e-16,2.220446049250313e-16,2.0,16,0.0,0,45.0,225
ellipses,68,5,3.1166779226876606e-11,2.8436801524645006e-11,1.0185966653475376e-10,3.1164404390437994e-11,2.843592028511921e-11,1.0185985388488916e-10,6.760814130757353e-12,0.0,4.18651779909851e-11,2.1605134117644125e-05,1.3390524837139354e-06,0.8932353858592709,5.551115123125783e-17,2.117582368135751e-21,1.1102230246251565e-16,2.0,16,0.0,0,45.0,225
ellipses,69,5,4.1870933803478394e-11,2.8438189303425787e-11,2.0932439809273617e-10,4.18651779909851e-11,2.843592028511921e-11,2.0932233724124671e-10,1.0700773600547109e-11,0.0,1.099209612220875e-11,2.1605134117644125e-05,1.3390209931239711e-06,0.8932353858592709,2.220446049250313e-16,1.1102230246251565e-16,2.220446049250313e-16,2.0,16,0.0,0,45.0,225
ellipses,70,5,2.8436801524645006e-11,2.0629158103968592e-11,1.0746299683450644e-10,2.843592028511921e-11,2.063416104647331e-11,1.0746248335635755e-10,6.760814130757353e-12,0.0,3.1164404390437994e-11,2.1605134117644125e-05,1.3390896584215475e-06,0.8932353858592709,5.551115123125783e-17,2.117582368135751e-21,1.1102230246251565e-16,2.0,16,0.0,0,45.0,225
ellipses,71,5,3.1166779226876606e-11,2.8438189303425787e-11,1.0185966653475376e-10,3.1164404390437994e-11,2.843592028511921e-11,1.0185985388488916e-10,1.099209612220875e-11,0.0,4.18651779909851e-11,2.1605134117644125e-05,1.3390525324050605e-06,0.8932353858592709,2.220446049250313e-16,1.1102230246251565e-16,2.220446049250313e-16,2.0,16,0.0,0,45.0,225
ellipses,72,5,4.1870933803478394e-11,2.8436801524645006e-11,2.0932439809273617e-10,4.18651779909851e-11,2.843592028511921e-11,2.0932233724124671e-10,6.760814130757353e-12,0.0,1.0700773600547109e-11,2.1605134117644125e-05,1.3390209444328459e-06,0.8932353858592709,5.551115123125783e-17,2.117582368135751e-21,1.1102230246251565e-16,2.0,16,0.0,0,45.0,225
ellipses,73,5,2.8438189303425787e-11,2.063522963613451e-11,1.0746299683450644e-10,2.843592028511921e-11,2.063416104647331e-11,1.0746248335635755e-10,1.099209612220875e-11,0.0,3.1164404390437994e-11,2.1605134117644125e-05,1.3390897071742292e-06,0.8932353858592709,2.220446049250313e-16,1.1102230246251565e-16,2.220446049250313e-16,2.0,16,0.0,0,45.0,225
ellipses,74,5,3.1166779226876606e-11,2.8436801524645006e-11,1.0185966653475376e-10,3.1164404390437994e-11,2.843592028511921e-11,1.0185985388488916e-10,6.760814130757353e-12,0.0,4.18651779909851e-11,2.1605134117644125e-05,1.3390524837139354e-06,0.8932353858592709,5.551115123125783e-17,2.117582368135751e-21,1.1102230246251565e-16,2.0,16,0.0,0,45.0,225
ellipses,75,5,4.1870933803478394e-11,2.8438189303425787e-11,2.0932439809273617e-10,4.18651779909851e-11,2.843592028511921e-11,2.0932233724124671e-10,1.0700773600547109e-11,0.0,1.099209612220875e-11,2.1605134117644125e-05,1.3390209931239711e-06,0.8932353858592709,2.220446049250313e-16,1.1102230246251565e-16,2.220446049250313e-16,2.0,16,0.0,0,45.0,225
ellipses,76,5,2.8436801524645006e-11,2.0629158103968592e-11,1.0746299683450644e-10,2.843592028511921e-11,2.063416104647331e-11,1.0746248335635755e-10,6.760814130757353e-12,0.0,3.1164404390437994e-11,2.1605134117644125e-05,1.3390896584215475e-06,0.8932353858592709,5.551115123125783e-17,2.117582368135751e-21,1.1102230246251565e-16,2.0,16,0.0,0,45.0,225
ellipses,77,5,3.1166779226876606e-11,2.8438189303425787e-11,1.0185966653475376e-10,3.1164404390437994e-11,2.843592028511921e-11,1.0185985388488916e-10,1.099209612220875e-11,0.0,4.18651779909851e-11,2.1605134117644125e-05,1.3390525324050605e-06,0.8932353858592709,2.220446049250313e-16,1.1102230246251565e-16,2.220446049250313e-16,2.0,16,0.0,0,45.0,225
ellipses,78,5,4.1870933803478394e-11,2.8436801524645006e-11,2.0932439809273617e-10,4.18651779909851e-11,2.843592028511921e-11,2.0932233724124671e-10,6.760814130757353e-12,0.0,1.0700773600547109e-11,2.1605134117644125e-05,1.3390209444328459e-06,0.8932353858592709,5.551115123125783e-17,2.117582368135751e-21,1.1102230246251565e-16,2.0,16,0.0,0,45.0,225
ellipses,79,5,2.8438189303425787e-11,2.063522963613451e-11,1.0746299683450644e-10,2.843592028511921e-11,2.063416104647331e-11,1.0746248335635755e-10,1.099209612220875e-11,0.0,3.1164404390437994e-11,2.1605134117644125e-05,1.3390897071742292e-06,0.8932353858592709,2.220446049250313e-16,1.1102230246251565e-16,2.220446049250313e-16,2.0,16,0.0,0,45.0,225
ellipses,80,5,3.1166779226876606e-11,2.8436801524645006e-11,1.0185966653475376e-10,3.1164404390437994e-11,2.843592028511921e-11,1.0185985388488916e-10,6.760814130757353e-12,0.0,4.18651779909851e-11,2.1605134117644125e-05,1.3390524837139354e-06,0.8932353858592709,5.551115123125783e-17,2.117582368135751e-21,1.1102230246251565e-16,2.0,16,0.0,0,45.0,225
ellipses,81,5,4.1870933803478394e-11,2.8438189303425787e-11,2.0932439809273617e-10,4.18651779909851e-11,2.843592028511921e-11,2.0932233724124671e-10,1.0700773600547109e-11,0.0,1.099209612220875e-11,2.1605134117644125e-05,1.3390209931239711e-06,0.8932353858592709,2.220446049250313e-16,1.1102230246251565e-16,2.220446049250313e-16,2.0,16,0.0,0,45.0,225
ellipses,82,5,2.8436801524645006e-11,2.0629158103968592e-11,1.0746299683450644e-10,2.843592028511921e-11,2.063416104647331e-11,1.0746248335635755e-10,6.760814130757353e-12,0.0,3.1164404390437994e-11,2.1605134117644125e-05,1.3390896584215475e-06,0.8932353858592709,5.551115123125783e-17,2.117582368135751e-21,1.1102230246251565e-16,2.0,16,0.0,0,45.0,225
ellipses,83,5,3.1166779226876606e-11,2.8438189303425787e-11,1.0185966653475376e-10,3.1164404390437994e-11,2.843592028511921e-11,1.0185985388488916e-10,1.099209612220875e-11,0.0,4.18651779909851e-11,2.1605134117644125e-05,1.3390525324050605e-06,0.8932353858592709,2.220446049250313e-16,1.1102230246251565e-16,2.220446049250313e-16,2.0,16,0.0,0,45.0,225
ellipses,84,5,4.1870933803478394e-11,2.8436801524645006e-11,2.0932439809273617e-10,4.18651779909851e-11,2.843592028511921e-11,2.0932233724124671e-10,6.760814130757353e-12,0.0,1.0700773600547109e-11,2.1605134117644125e-05,1.3390209444328459e-06,0.8932353858592709,5.551115123125783e-17,2.117582368135751e-21,1.1102230246251565e-16,2.0,16,0.0,0,45.0,225
ellipses,85,5,2.8438189303425787e-11,2.063522963613451e-11,1.0746299683450644e-10,2.843592028511921e-11,2.063416104647331e-11,1.0746248335635755e-10,1.099209612220875e-11,0.0,3.1164404390437994e-11,2.1605134117644125e-05,1.3390897071742292e-06,0.8932353858592709,2.220446049250313e-16,1.1102230246251565e-16,2.220446049250313e-16,2.0,16,0.0,0,45.0,225
ellipses,86,5,3.1166779226876606e-11,2.8436801524645006e-11,1.0185966653475376e-10,3.1164404390437994e-11,2.843592028511921e-11,1.0185985388488916e-10,6.760814130757353e-12,0.0,4.18651779909851e-11,2.1605134117644125e-05,1.3390524837139354e-06,0.8932353858592709,5.551115123125783e-17,2.117582368135751e-21,1.1102230246251565e-16,2.0,16,0.0,0,45.0,225
ellipses,87,5,4.1870933803478394e-11,2.8438189303425787e-11,2.0932439809273617e-10,4.18651779909851e-11,2.843592028511921e-11,2.0932233724124671e-10,1.0700773600547109e-11,0.0,1.099209612220875e-11,2.1605134117644125e-05,1.3390209931239711e-06,0.8932353858592709,2.220446049250313e-16,1.1102230246251565e-16,2.220446049250313e-16,2.0,16,0.0,0,45.0,225
ellipses,88,5,2.8436801524645006e-11,2.0629158103968592e-11,1.0746299683450644e-10,2.843592028511921e-11,2.063416104647331e-11,1.0746248335635755e-10,6.760814130757353e-12,0.0,3.1164404390437994e-11,2.1605134117644125e-05,1.3390896584215475e-06,0.8932353858592709,5.551115123125783e-17,2.117582368135751e-21,1.1102230246251565e-16,2.0,16,0.0,0,45.0,225
ellipses,89,5,3.1166779226876606e-11,2.8438189303425787e-11,1.0185966653475376e-10,3.1164404390437994e-11,2.843592028511921e-11,1.0185985388488916e-10,1.099209612220875e-11,0.0,4.18651779909851e-11,2.1605134117644125e-05,1.3390525324050605e-06,0.8932353858592709,2.220446049250313e-16,1.1102230246251565e-16,2.220446049250313e-16,2.0,16,0.0,0,45.0,225
ellipses,90,5,4.1870933803478394e-11,2.8436801524645006e-11,2.0932439809273617e-10,4.18651779909851e-11,2.843592028511921e-11,2.0932233724124671e-10,6.760814130757353e-12,0.0,1.0700773600547109e-11,2.1605134117644125e-05,1.3390209444328459e-06,0.8932353858592709,5.551115123125783e-17,2.117582368135751e-21,1.1102230246251565e-16,2.0,16,0.0,0,45.0,225
ellipses,91,5,2.8438189303425787e-11,2.063522963613451e-11,1.0746299683450644e-10,2.843592028511921e-11,2.063416104647331e-11,1.0746248335635755e-10,1.099209612220875e-11,0.0,3.1164404390437994e-11,2.1605134117644125e-05,1.3390897071742292e-06,0.8932353858592709,2.220446049250313e-16,1.1102230246251565e-16,2.220446049250313e-16,2.0,16,0.0,0,45.0,225
ellipses,92,5,3.1166779226876606e-11,2.8436801524645006e-11,1.0185966653475376e-10,3.1164404390437994e-11,2.843592028511921e-11,1.0185985388488916e-10,6.760814130757353e-12,0.0,4.18651779909851e-11,2.1605134117644125e-05,1.3390524837139354e-06,0.8932353858592709,5.551115123125783e-17,2.117582368135751e-21,1.1102230246251565e-16,2.0,16,0.0,0,45.0,225
ellipses,93,5,4.1870933803478394e-11,2.8438189303425787e-11,2.0932439809273617e-10,4.18651779909851e-11,2.843592028511921e-11,2.0932233724124671e-10,1.0700773600547109e-11,0.0,1.099209612220875e-11,2.1605134117644125e-05,1.3390209931239711e-06,0.8932353858592709,2.220446049250313e-16,1.1102230246251565e-16,2.220446049250313e-16,2.0,16,0.0,0,45.0,225
ellipses,94,5,2.8436801524645006e-11,2.0629158103968592e-11,1.0746299683450644e-10,2.843592028511921e-11,2.063416104647331e-11,1.0746248335635755e-10,6.760814130757353e-12,0.0,3.1164404390437994e-11,2.1605134117644125e-05,1.3390896584215475e-06,0.8932353858592709,5.551115123125783e-17,2.117582368135751e-21,1.1102230246251565e-16,2.0,16,0.0,0,45.0,225
ellipses,95,5,3.1166779226876606e-11,2.8438189303425787e-11,1.0185966653475376e-10,3.1164404390437994e-11,2.843592028511921e-11,1.0185985388488916e-10,1.099209612220875e-11,0.0,4.18651779909851e-11,2.1605134117644125e-05,1.3390525324050605e-06,0.8932353858592709,2.220446049250313e-16,1.1102230246251565e-16,2.220446049250313e-16,2.0,16,0.0,0,45.0,225
ellipses,96,5,4.1870933803478394e-11,2.8436801524645006e-11,2.0932439809273617e-10,4.18651779909851e-11,2.843592028511921e-11,2.0932233724124671e-10,6.760814130757353e-12,0.0,1.0700773600547109e-11,2.1605134117644125e-05,1.3390209444328459e-06,0.8932353858592709,5.551115123125783e-17,2.117582368135751e-21,1.1102230246251565e-16,2.0,16,0.0,0,45.0,225
ellipses,97,5,2.8438189303425787e-11,2.063522963613451e-11,1.0746299683450644e-10,2.843592028511921e-11,2.063416104647331e-11,1.0746248335635755e-10,1.099209612220875e-11,0.0,3.1164404390437994e-11,2.1605134117644125e-05,1.3390897071742292e-06,0.8932353858592709,2.220446049250313e-16,1.1102230246251565e-16,2.220446049250313e-16,2.0,16,0.0,0,45.0,225
ellipses,98,5,3.1166779226876606e-11,2.8436801524645006e-11,1.0185966653475376e-10,3.1164404390437994e-11,2.843592028511921e-11,1.0185985388488916e-10,6.760814130757353e-12,0.0,4.18651779909851e-11,2.1605134117644125e-05,1.3390524837139354e-06,0.8932353858592709,5.551115123125783e-17,2.117582368135751e-21,1.1102230246251565e-16,2.0,16,0.0,0,45.0,225
ellipses,99,5,4.1870933803478394e-11,2.8438189303425787e-11,2.0932439809273617e-10,4.18651779909851e-11,2.843592028511921e-11,2.0932233724124671e-10,1.0700773600547109e-11,0.0,1.099209612220875e-11,2.1605134117644125e-05,1.3390209931239711e-06,0.8932353858592709,2.220446049250313e-16,1.1102230246251565e-16,2.220446049250313e-16,2.0,16,0.0,0,45.0,225
ellipses,100,5,2.8436801524645006e-11,2.0629158103968592e-11,1.0746299683450644e-10,2.843592028511921e-11,2.063416104647331e-11,1.0746248335635755e-10,6.760814130757353e-12,0.0,3.1164404390437994e-11,2.1605134117644125e-05,1.3390896584215475e-06,0.8932353858592709,5.551115123125783e-17,2.117582368135751e-21,1.1102230246251565e-16,2.0,16,0.0,0,45.0,225
lines,1,5,1.1329142487682693,0.10089036385715903,1.4441198943445288,1.132914248768266,0.10089036385716099,1.4441198943445315,0.0,0.0,0.0,0.7907312683744302,0.38153550270074105,0.8980789663121368,0.0,0.0,2.220446049250313e-16,1.0,12,0.0,0,35.0,158
lines,2,5,0.37551571488746804,0.04414884487607272,1.204602350841246,0.37551571488747015,0.04414884487607651,1.204602350841249,0.8107991253696056,0.10820065552653801,1.2021023099639052,0.3198686169818272,0.2033671095501173,0.4041243422654059,1.3877787807814457e-17,0.0,5.4643789493269423e-17,0.0,9,1.0,8,35.0,166
lines,3,5,0.04867176835461882,0.009631306132297946,0.20788373868803434,0.04867176835462317,0.009631306132291684,0.20788373868803234,0.36802996147394396,0.05378015100836819,0.9967186121532166,0.13855429828786064,0.03598801643090869,0.6240009767019224,0.0,0.0,2.7755575615628914e-17,0.0,11,0.0,5,37.0,170
lines,4,5,0.007516628224972597,0.005241433386735838,0.028876453797051227,0.007516628224969679,0.005241433386736105,0.028876453797053614,0.04960364479011048,0.011431337142298048,0.195905833752839,0.04788811598946554,0.008995951293635255,0.7143784068367859,5.551115123125783e-17,0.0,1.1102230246251565e-16,0.0,8,0.0,2,37.0,171
lines,5,5,0.00219502303943353,0.0006483141735179852,0.008860850911545683,0.0021950230394338632,0.0006483141735174058,0.008860850911545981,0.00825002808045383,0.005241433386736105,0.037737304708599595,0.012960661759770327,0.003699168620663781,0.15995521841030133,1.3877787807814457e-17,0.0,1.1102230246251565e-16,0.0,9,0.0,1,37.0,173
lines,6,5,0.0016472628712245474,0.000906881639875165,0.005085815468478319,0.0016472628712236315,0.0009068816398780655,0.005085815468476085,0.005085815468476085,0.0031019046793119287,0.010181164527729436,0.0018698263092616686,0.0017837267198871542,0.04754847582832857,1.3877787807814457e-17,0.0,2.7755575615628914e-17,0.0,8,0.0,0,37.0,173
lines,7,5,0.0021349384370756294,0.0004191186573307762,0.00942689738269364,0.0021349384370772384,0.0004191186573336836,0.009426897382695643,0.005085815468476085,0.0019101429580530294,0.029658181785180204,0.015131985169577238,0.0006641990543127045,0.4422862647793851,5.551115123125783e-17,0.0,1.1102230246251565e-16,0.0,9,0.0,2,37.0,173
lines,8,5,0.0022264204140199674,0.00019093934487523362,0.0023261789971569177,0.0022264204140185484,0.00019093934487557362,0.0023261789971513736,0.0023261789971513736,0.0006100580022092572,0.009444275404788982,0.002034772370280967,0.00022121798506158697,0.13821902532430574,5.4643789493269423e-17,0.0,1.1102230246251565e-16,0.0,9,0.0,1,39.0,175
lines,9,5,0.001082584141496104,0.00019027289102774292,0.029393911902980772,0.001082584141499865,0.00019027289103235034,0.029393911902978687,0.00286162946242996,0.0022561809945074174,0.13462079841797703,0.03562667000469452,0.0008474872173133742,0.41865464249280354,0.0,0.0,1.1102230246251565e-16,0.0,8,0.0,2,39.0,175
lines,10,5,0.00024134236965289713,0.00011922664354731966,0.006445773223697849,0.00024134236964812317,0.0001192266435481315,0.006445773223695994,0.001323926511147988,0.00022419921758398687,0.033135297870494185,0.010047590673417083,0.00015106277644629385,0.1436065510383171,1.1102230246251565e-16,0.0,1.1102230246251565e-16,0.0,9,0.0,0,39.0,176
lines,11,5,0.00012218002710413095,2.4255359316015246e-05,0.002939775196379203,0.00012218002710540077,2.4255359321045944e-05,0.0029397751963777807,0.00024134236964812317,0.00014348200286917745,0.007479016283440387,0.0038294164374423297,3.968910930840741e-05,0.04892578237906571,2.7755575615628914e-17,0.0,2.7755575615628914e-17,0.0,10,0.0,0,39.0,176
lines,12,5,6.276612160571737e-06,2.5233848201721906e-06,0.0009347674937350628,6.276612154465511e-06,2.5233848184313956e-06,0.0009347674937352224,0.00012218002710540077,3.0531971475511455e-05,0.003874542690113003,0.001195060372928031,8.874617975413844e-06,0.012045252810945003,2.7755575615628914e-17,0.0,1.1102230246251565e-16,0.0,11,0.0,0,39.0,176
lines,13,5,1.4389936207892529e-06,5.452361407417422e-07,0.00023727238351242685,1.4389936211500753e-06,5.452361406810269e-07,0.00023727238351156643,7.715605775615586e-06,3.0686209591124225e-06,0.0011720398772467888,0.00030170610268844125,3.348502771863771e-06,0.0018983050542162733,5.551115123125783e-17,0.0,1.1102230246251565e-16,0.0,12,0.0,0,39.0,176
lines,14,5,5.650692375108041e-05,4.1497132405657333e-07,0.0002529802674607691,5.650692375169797e-05,4.149713248580156e-07,0.00025298026746156665,0.00025298026746156665,1.7773579514823723e-06,0.0002937793072632644,7.175740768620946e-05,1.0947008672646298e-06,0.0006547332999850637,1.1102230246251565e-16,0.0,1.1102230246251565e-16,0.0,10,0.0,0,39.0,176
lines,15,5,1.3176395678542174e-05,1.2018910242050929e-07,0.00018979972089324532,1.3176395679437292e-05,1.20189099561685e-07,0.00018979972089994135,6.968331943113526e-05,5.351604244197006e-07,0.0006276263326441267,1.6728666497623408e-05,3.1708480802473786e-07,0.00021578374583929827,1.1102230246251565e-16,0.0,1.1102230246251565e-16,0.0,7,0.0,0,39.0,176
lines,16,5,3.0520238667938737e-06,3.3289162008551254e-08,5.133825748959708e-05,3.0520238674114353e-06,3.328916875489085e-08,5.133825749226162e-05,1.6228419546848727e-05,1.5317969825900946e-07,0.00024113797839220297,3.875006092964141e-06,8.705460096354971e-08,5.839353838031691e-05,2.7755575615628914e-17,0.0,5.551115123125783e-17,0.0,8,0.0,0,39.0,176
lines,17,5,1.5418034538319803e-06,1.3051468759905926e-08,1.2546204177649178e-05,1.5418034529091074e-06,1.3051462133262248e-08,1.2546204175123421e-05,4.015534685208877e-06,4.5399289660963404e-08,5.479847884259925e-05,1.4087647201473046e-06,2.3068235357413302e-08,1.723066962638224e-05,2.7755575615628914e-17,0.0,5.551115123125783e-17,0.0,7,0.0,0,39.0,176
lines,18,5,6.284865013833629e-07,4.497778018086596e-09,1.3398078842338443e-06,6.284865001759954e-07,4.49777814992558e-09,1.3398078841930783e-06,2.1702899530851028e-06,1.7549240283187828e-08,1.5471799841293432e-05,5.74718722745266e-07,6.039384959283013e-09,6.159474952088218e-06,1.1102230246251565e-16,0.0,1.1102230246251565e-16,0.0,10,0.0,0,39.0,176
lines,19,5,2.133220693839588e-07,1.4231723438618005e-09,6.561315497215572e-07,2.133220675659686e-07,1.423174467163335e-09,6.561315508690768e-07,8.41808567741964e-07,5.920952617088915e-09,1.7517201946759542e-06,1.9395644049107736e-07,2.7522708457580395e-09,1.8590021742896742e-06,5.551115123125783e-17,0.0,1.1102230246251565e-16,0.0,10,0.0,0,39.0,176
lines,20,5,6.542975865969636e-08,3.639999759941226e-10,1.4075371259150704e-07,6.542975938828022e-08,3.639968326751841e-10,1.407537126851821e-07,2.7875182695424883e-07,1.7871712998385192e-09,7.968852635542589e-07,5.860387892753118e-08,2.511022891985088e-09,5.129564081633486e-07,1.1102230246251565e-16,0.0,1.1102230246251565e-16,0.0,11,0.0,0,39.0,176
lines,21,5,1.872041081180109e-08,1.8323727951630175e-10,3.047313560343434e-08,1.8720410110972807e-08,1.8323831341149344e-10,3.0473135126385387e-08,8.415016949925302e-08,5.06020114698913e-10,1.712268478115675e-07,1.7644007109290813e-08,2.511022891985088e-09,1.7950540202921043e-07,2.7755575615628914e-17,0.0,5.551115123125783e-17,0.0,11,0.0,0,39.0,176
lines,22,4,7.46809246388036e-09,3.916028352285439e-09,1.6219870043431006e-08,7.468091922646636e-09,3.916027502270936e-09,1.621987166799954e-08,3.124133129972506e-08,1.7957662912237993e-08,7.106298038905834e-08,3.7848027209428295e-08,4.51782230165664e-09,0.24566080910536228,4.163336342344337e-17,2.0816681711721685e-17,6.938893903907228e-17,0.0,11,0.0,0,37.0,115
lines,23,4,2.1784141547923075e-09,1.1507069602734177e-09,4.411536056164039e-09,2.1784138937164244e-09,1.150707085173508e-09,4.411536913551117e-09,9.64650581636306e-09,5.063100161351031e-09,2.063140858155066e-08,1.3385440004888164e-08,2.4404229242359922e-09,0.24566077441828088,4.163336342344337e-17,2.0816681711721685e-17,6.938893903907228e-17,0.0,11,0.0,0,37.0,115
lines,24,4,5.921294054037074e-10,3.642002064513372e-10,1.351393552184027e-09,5.921290124888401e-10,3.6420022553329545e-10,1.3513927754615906e-09,2.674847010553094e-09,1.3624994465999407e-09,5.704807293227532e-09,5.072713290030725e-09,2.4404229242359922e-09,0.24566076194919081,8.326672684688674e-17,4.163336342344337e-17,1.3877787807814457e-16,0.0,11,0.0,0,37.0,115
lines,25,4,3.783387665656779e-10,2.9751596151983417e-10,5.586280895329698e-10,3.7833736143966235e-10,2.9751667796062975e-10,5.586269224977514e-10,8.559783992723169e-10,5.789617674167857e-10,1.7382877359750637e-09,2.3943295106237124e-09,2.265382852193929e-09,0.2456607581066552,2.7755575615628914e-17,2.0816681711721685e-17,3.469446951953614e-17,0.0,11,0.0,0,37.0,115
lines,26,4,1.6689781067585896e-10,4.060796837679348e-11,3.203824033327918e-10,1.6689583048901113e-10,4.0605740991850325e-11,3.2038194319738977e-10,3.411226856542271e-10,2.7850610706536827e-10,5.964260196833493e-10,2.369822956486897e-09,2.134176272409403e-09,0.2456607581066552,4.163336342344337e-17,2.0816681711721685e-17,6.938893903907228e-17,0.0,11,0.0,0,37.0,115
lines,27,4,1.3499383902382256e-10,6.917405016848566e-11,2.4182353168533677e-10,1.3499779072390083e-10,6.917932893202305e-11,2.418234501533334e-10,1.6063150809486615e-10,1.236961644224266e-10,2.2326940296579778e-10,2.369822956486897e-09,2.134176272409403e-09,0.2456607581066552,2.7755575615628914e-17,2.0816681711721685e-17,3.469446951953614e-17,0.0,11,0.0,0,37.0,115
lines,28,4,1.056631344920067e-10,2.981443217309199e-11,2.3397798455671026e-10,1.056630338780451e-10,2.9814373192493804e-11,2.339790583505419e-10,3.7633895999533706e-11,2.2859047987822123e-11,6.777511885047716e-11,2.369822956486897e-09,2.134176272409403e-09,0.2456607581066552,2.7755575615628914e-17,2.0816681711721685e-17,3.469446951953614e-17,0.0,11,0.0,0,37.0,115
lines,29,3,2.4997018344130595e-11,2.1764187674300217e-11,2.212896532682862e-10,2.4996893444040325e-11,2.176392399633187e-11,2.212878769114468e-10,9.821299329360045e-11,6.837996835429294e-11,1.4072565335254694e-10,2.511022891985088e-09,2.1809294593282916e-09,0.49132151370228755,2.7755575615628914e-17,1.3877787807814457e-17,6.938893903907228e-17,0.0,11,0.0,0,35.0,76
lines,30,3,1.8323727951630175e-10,1.0088696371368666e-10,3.004074419776792e-10,1.8323831341149344e-10,1.0088463398005842e-10,3.0040858689517336e-10,1.4848389184862754e-10,7.697398274331135e-11,1.6063150809486615e-10,2.511022891985088e-09,2.1809294593282916e-09,0.49132151370228755,2.7755575615628914e-17,1.3877787807814457e-17,6.938893903907228e-17,0.0,11,0.0,0,35.0,76
lines,31,3,1.727781112625948e-10,9.565473413353232e-11,2.951801997275183e-10,1.7277912434110476e-10,9.565503944486409e-11,2.95178992359979e-10,2.4996893444040325e-11,1.255173742720217e-11,3.7633895999533706e-11,2.511022891985088e-09,2.1809294593282916e-09,0.49132151370228755,2.7755575615628914e-17,1.3877787807814457e-17,6.938893903907228e-17,0.0,11,0.0,0,35.0,76
lines,32,3,2.4997018344130595e-11,2.1766833127601082e-11,2.2128731139159363e-10,2.4996893444040325e-11,2.176392399633187e-11,2.212878769114468e-10,9.821299329360045e-11,4.9106496646800224e-11,1.4072565335254694e-10,2.511022891985088e-09,2.1809294593282916e-09,0.49132151370228755,2.7755575615628914e-17,1.3877787807814457e-17,6.938893903907228e-17,0.0,11,0.0,0,35.0,76
lines,33,3,1.8323727951630175e-10,1.008843182603858e-10,3.004097838543718e-10,1.8323831341149344e-10,1.0088463398005842e-10,3.0040858689517336e-10,1.4848389184862754e-10,7.424194592431377e-11,1.6063150809486615e-10,2.511022891985088e-09,2.1809294593282916e-09,0.49132151370228755,2.7755575615628914e-17,1.3877787807814457e-17,6.938893903907228e-17,0.0,11,0.0,0,35.0,76
lines,34,3,1.727781112625948e-10,9.565737958683318e-11,2.9517785785082573e-10,1.7277912434110476e-10,9.565503944486409e-11,2.95178992359979e-10,2.4996893444040325e-11,1.2498446722020162e-11,3.7633895999533706e-11,2.511022891985088e-09,2.1809294593282916e-09,0.49132151370228755,2.7755575615628914e-17,1.3877787807814457e-17,6.938893903907228e-17,0.0,11,0.0,0,35.0,76
lines,35,3,2.4997018344130595e-11,2.1764187674300217e-11,2.212896532682862e-10,2.4996893444040325e-11,2.176392399633187e-11,2.212878769114468e-10,9.821299329360045e-11,4.9106496646800224e-11,1.4072565335254694e-10,2.511022891985088e-09,2.1809294593282916e-09,0.49132151370228755,2.7755575615628914e-17,1.3877787807814457e-17,6.938893903907228e-17,0.0,11,0.0,0,35.0,76
lines,36,3,1.8323727951630175e-10,1.0088696371368666e-10,3.004074419776792e-10,1.8323831341149344e-10,1.0088463398005842e-10,3.0040858689517336e-10,1.4848389184862754e-10,7.424194592431377e-11,1.6063150809486615e-10,2.511022891985088e-09,2.1809294593282916e-09,0.49132151370228755,2.7755575615628914e-17,1.3877787807814457e-17,6.938893903907228e-17,0.0,11,0.0,0,35.0,76
lines,37,3,1.727781112625948e-10,9.565473413353232e-11,2.951801997275183e-10,1.7277912434110476e-10,9.565503944486409e-11,2.95178992359979e-10,2.4996893444040325e-11,1.2498446722020162e-11,3.7633895999533706e-11,2.511022891985088e-09,2.1809294593282916e-09,0.49132151370228755,2.7755575615628914e-17,1.3877787807814457e-17,6.938893903907228e-17,0.0,11,0.0,0,35.0,76
lines,38,3,2.4997018344130595e-11,2.1766833127601082e-11,2.2128731139159363e-10,2.4996893444040325e-11,2.176392399633187e-11,2.212878769114468e-10,9.821299329360045e-11,4.9106496646800224e-11,1.4072565335254694e-10,2.511022891985088e-09,2.1809294593282916e-09,0.49132151370228755,2.7755575615628914e-17,1.3877787807814457e-17,6.938893903907228e-17,0.0,11,0.0,0,35.0,76
lines,39,3,1.8323727951630175e-10,1.008843182603858e-10,3.004097838543718e-10,1.8323831341149344e-10,1.0088463398005842e-10,3.0040858689517336e-10,1.4848389184862754e-10,7.424194592431377e-11,1.6063150809486615e-10,2.511022891985088e-09,2.1809294593282916e-09,0.49132151370228755,2.7755575615628914e-17,1.3877787807814457e-17,6.938893903907228e-17,0.0,11,0.0,0,35.0,76
lines,40,3,1.727781112625948e-10,9.565737958683318e-11,2.9517785785082573e-10,1.7277912434110476e-10,9.565503944486409e-11,2.95178992359979e-10,2.4996893444040325e-11,1.2498446722020162e-11,3.7633895999533706e-11,2.511022891985088e-09,2.1809294593282916e-09,0.49132151370228755,2.7755575615628914e-17,1.3877787807814457e-17,6.938893903907228e-17,0.0,11,0.0,0,35.0,76
lines,41,3,2.4997018344130595e-11,2.1764187674300217e-11,2.212896532682862e-10,2.4996893444040325e-11,2.176392399633187e-11,2.212878769114468e-10,9.821299329360045e-11,4.9106496646800224e-11,1.4072565335254694e-10,2.511022891985088e-09,2.1809294593282916e-09,0.49132151370228755,2.7755575615628914e-17,1.3877787807814457e-17,6.938893903907228e-17,0.0,11,0.0,0,35.0,76
lines,42,3,1.8323727951630175e-10,1.0088696371368666e-10,3.004074419776792e-10,1.8323831341149344e-10,1.0088463398005842e-10,3.0040858689517336e-10,1.4848389184862754e-10,7.424194592431377e-11,1.6063150809486615e-10,2.511022891985088e-09,2.1809294593282916e-09,0.49132151370228755,2.7755575615628914e-17,1.3877787807814457e-17,6.938893903907228e-17,0.0,11,0.0,0,35.0,76
lines,43,3,1.727781112625948e-10,9.565473413353232e-11,2.951801997275183e-10,1.7277912434110476e-10,9.565503944486409e-11,2.95178992359979e-10,2.4996893444040325e-11,1.2498446722020162e-11,3.7633895999533706e-11,2.511022891985088e-09,2.1809294593282916e-09,0.49132151370228755,2.7755575615628914e-17,1.3877787807814457e-17,6.938893903907228e-17,0.0,11,0.0,0,35.0,76
lines,44,3,2.4997018344130595e-11,2.1766833127601082e-11,2.2128731139159363e-10,2.4996893444040325e-11,2.176392399633187e-11,2.212878769114468e-10,9.821299329360045e-11,4.9106496646800224e-11,1.4072565335254694e-10,2.511022891985088e-09,2.1809294593282916e-09,0.49132151370228755,2.7755575615628914e-17,1.3877787807814457e-17,6.938893903907228e-17,0.0,11,0.0,0,35.0,76
lines,45,3,1.8323727951630175e-10,1.008843182603858e-10,3.004097838543718e-10,1.8323831341149344e-10,1.0088463398005842e-10,3.0040858689517336e-10,1.4848389184862754e-10,7.424194592431377e-11,1.6063150809486615e-10,2.511022891985088e-09,2.1809294593282916e-09,0.49132151370228755,2.7755575615628914e-17,1.3877787807814457e-17,6.938893903907228e-17,0.0,11,0.0,0,35.0,76
lines,46,3,1.727781112625948e-10,9.565737958683318e-11,2.9517785785082573e-10,1.7277912434110476e-10,9.565503944486409e-11,2.95178992359979e-10,2.4996893444040325e-11,1.2498446722020162e-11,3.7633895999533706e-11,2.511022891985088e-09,2.1809294593282916e-09,0.49132151370228755,2.7755575615628914e-17,1.3877787807814457e-17,6.938893903907228e-17,0.0,11,0.0,0,35.0,76
lines,47,3,2.4997018344130595e-11,2.1764187674300217e-11,2.212896532682862e-10,2.4996893444040325e-11,2.176392399633187e-11,2.212878769114468e-10,9.821299329360045e-11,4.9106496646800224e-11,1.4072565335254694e-10,2.511022891985088e-09,2.1809294593282916e-09,0.49132151370228755,2.7755575615628914e-17,1.3877787807814457e-17,6.938893903907228e-17,0.0,11,0.0,0,35.0,76
lines,48,3,1.8323727951630175e-10,1.0088696371368666e-10,3.004074419776792e-10,1.8323831341149344e-10,1.0088463398005842e-10,3.0040858689517336e-10,1.4848389184862754e-10,7.424194592431377e-11,1.6063150809486615e-10,2.511022891985088e-09,2.1809294593282916e-09,0.49132151370228755,2.7755575615628914e-17,1.3877787807814457e-17,6.938893903907228e-17,0.0,11,0.0,0,35.0,76
lines,49,3,1.727781112625948e-10,9.565473413353232e-11,2.951801997275183e-10,1.7277912434110476e-10,9.565503944486409e-11,2.95178992359979e-10,2.4996893444040325e-11,1.2498446722020162e-11,3.7633895999533706e-11,2.511022891985088e-09,2.1809294593282916e-09,0.49132151370228755,2.7755575615628914e-17,1.3877787807814457e-17,6.938893903907228e-17,0.0,11,0.0,0,35.0,76
lines,50,3,2.4997018344130595e-11,2.1766833127601082e-11,2.2128731139159363e-10,2.4996893444040325e-11,2.176392399633187e-11,2.212878769114468e-10,9.821299329360045e-11,4.9106496646800224e-11,1.4072565335254694e-10,2.511022891985088e-09,2.1809294593282916e-09,0.49132151370228755,2.7755575615628914e-17,1.3877787807814457e-17,6.938893903907228e-17,0.0,11,0.0,0,35.0,76
lines,51,3,1.8323727951630175e-10,1.008843182603858e-10,3.004097838543718e-10,1.8323831341149344e-10,1.0088463398005842e-10,3.0040858689517336e-10,1.4848389184862754e-10,7.424194592431377e-11,1.6063150809486615e-10,2.511022891985088e-09,2.1809294593282916e-09,0.49132151370228755,2.7755575615628914e-17,1.3877787807814457e-17,6.938893903907228e-17,0.0,11,0.0,0,35.0,76
lines,52,3,1.727781112625948e-10,9.565737958683318e-11,2.9517785785082573e-10,1.7277912434110476e-10,9.565503944486409e-11,2.95178992359979e-10,2.4996893444040325e-11,1.2498446722020162e-11,3.7633895999533706e-11,2.511022891985088e-09,2.1809294593282916e-09,0.49132151370228755,2.7755575615628914e-17,1.3877787807814457e-17,6.938893903907228e-17,0.0,11,0.0,0,35.0,76
lines,53,3,2.4997018344130595e-11,2.1764187674300217e-11,2.212896532682862e-10,2.4996893444040325e-11,2.176392399633187e-11,2.212878769114468e-10,9.821299329360045e-11,4.9106496646800224e-11,1.4072565335254694e-10,2.511022891985088e-09,2.1809294593282916e-09,0.49132151370228755,2.7755575615628914e-17,1.3877787807814457e-17,6.938893903907228e-17,0.0,11,0.0,0,35.0,76
lines,54,3,1.8323727951630175e-10,1.0088696371368666e-10,3.004074419776792e-10,1.8323831341149344e-10,1.0088463398005842e-10,3.0040858689517336e-10,1.4848389184862754e-10,7.424194592431377e-11,1.6063150809486615e-10,2.511022891985088e-09,2.1809294593282916e-09,0.49132151370228755,2.7755575615628914e-17,1.3877787807814457e-17,6.938893903907228e-17,0.0,11,0.0,0,35.0,76
lines,55,3,1.727781112625948e-10,9.565473413353232e-11,2.951801997275183e-10,1.7277912434110476e-10,9.565503944486409e-11,2.95178992359979e-10,2.4996893444040325e-11,1.2498446722020162e-11,3.7633895999533706e-11,2.511022891985088e-09,2.1809294593282916e-09,0.49132151370228755,2.7755575615628914e-17,1.3877787807814457e-17,6.938893903907228e-17,0.0,11,0.0,0,35.0,76
lines,56,3,2.4997018344130595e-11,2.1766833127601082e-11,2.2128731139159363e-10,2.4996893444040325e-11,2.176392399633187e-11,2.212878769114468e-10,9.821299329360045e-11,4.9106496646800224e-11,1.4072565335254694e-10,2.511022891985088e-09,2.1809294593282916e-09,0.49132151370228755,2.7755575615628914e-17,1.3877787807814457e-17,6.938893903907228e-17,0.0,11,0.0,0,35.0,76
lines,57,3,1.8323727951630175e-10,1.008843182603858e-10,3.004097838543718e-10,1.8323831341149344e-10,1.0088463398005842e-10,3.0040858689517336e-10,1.4848389184862754e-10,7.424194592431377e-11,1.6063150809486615e-10,2.511022891985088e-09,2.1809294593282916e-09,0.49132151370228755,2.7755575615628914e-17,1.3877787807814457e-17,6.938893903907228e-17,0.0,11,0.0,0,35.0,76
lines,58,3,1.727781112625948e-10,9.565737958683318e-11,2.9517785785082573e-10,1.7277912434110476e-10,9.565503944486409e-11,2.95178992359979e-10,2.4996893444040325e-11,1.2498446722020162e-11,3.7633895999533706e-11,2.511022891985088e-09,2.1809294593282916e-09,0.49132151370228755,2.7755575615628914e-17,1.3877787807814457e-17,6.938893903907228e-17,0.0,11,0.0,0,35.0,76
lines,59,3,2.4997018344130595e-11,2.1764187674300217e-11,2.212896532682862e-10,2.4996893444040325e-11,2.176392399633187e-11,2.212878769114468e-10,9.821299329360045e-11,4.9106496646800224e-11,1.4072565335254694e-10,2.511022891985088e-09,2.1809294593282916e-09,0.49132151370228755,2.7755575615628914e-17,1.3877787807814457e-17,6.938893903907228e-17,0.0,11,0.0,0,35.0,76
lines,60,3,1.8323727951630175e-10,1.0088696371368666e-10,3.004074419776792e-10,1.8323831341149344e-10,1.0088463398005842e-10,3.0040858689517336e-10,1.4848389184862754e-10,7.424194592431377e-11,1.6063150809486615e-10,2.511022891985088e-09,2.1809294593282916e-09,0.49132151370228755,2.7755575615628914e-17,1.3877787807814457e-17,6.938893903907228e-17,0.0,11,0.0,0,35.0,76
lines,61,3,1.727781112625948e-10,9.565473413353232e-11,2.951801997275183e-10,1.7277912434110476e-10,9.565503944486409e-11,2.95178992359979e-10,2.4996893444040325e-11,1.2498446722020162e-11,3.7633895999533706e-11,2.511022891985088e-09,2.1809294593282916e-09,0.49132151370228755,2.7755575615628914e-17,1.3877787807814457e-17,6.938893903907228e-17,0.0,11,0.0,0,35.0,76
lines,62,3,2.4997018344130595e-11,2.1766833127601082e-11,2.2128731139159363e-10,2.4996893444040325e-11,2.176392399633187e-11,2.212878769114468e-10,9.821299329360045e-11,4.9106496646800224e-11,1.4072565335254694e-10,2.511022891985088e-09,2.1809294593282916e-09,0.49132151370228755,2.7755575615628914e-17,1.3877787807814457e-17,6.938893903907228e-17,0.0,11,0.0,0,35.0,76
lines,63,3,1.8323727951630175e-10,1.008843182603858e-10,3.004097838543718e-10,1.8323831341149344e-10,1.0088463398005842e-10,3.0040858689517336e-10,1.4848389184862754e-10,7.424194592431377e-11,1.6063150809486615e-10,2.511022891985088e-09,2.1809294593282916e-09,0.49132151370228755,2.7755575615628914e-17,1.3877787807814457e-17,6.938893903907228e-17,0.0,11,0.0,0,35.0,76
lines,64,3,1.727781112625948e-10,9.565737958683318e-11,2.9517785785082573e-10,1.7277912434110476e-10,9.565503944486409e-11,2.95178992359979e-10,2.4996893444040325e-11,1.2498446722020162e-11,3.7633895999533706e-11,2.511022891985088e-09,2.1809294593282916e-09,0.49132151370228755,2.7755575615628914e-17,1.3877787807814457e-17,6.938893903907228e-17,0.0,11,0.0,0,35.0,76
lines,65,3,2.4997018344130595e-11,2.1764187674300217e-11,2.212896532682862e-10,2.4996893444040325e-11,2.176392399633187e-11,2.212878769114468e-10,9.821299329360045e-11,4.9106496646800224e-11,1.4072565335254694e-10,2.511022891985088e-09,2.1809294593282916e-09,0.49132151370228755,2.7755575615628914e-17,1.3877787807814457e-17,6.938893903907228e-17,0.0,11,0.0,0,35.0,76
lines,66,3,1.8323727951630175e-10,1.0088696371368666e-10,3.004074419776792e-10,1.8323831341149344e-10,1.0088463398005842e-10,3.0040858689517336e-10,1.4848389184862754e-10,7.424194592431377e-11,1.6063150809486615e-10,2.511022891985088e-09,2.1809294593282916e-09,0.49132151370228755,2.7755575615628914e-17,1.3877787807814457e-17,6.938893903907228e-17,0.0,11,0.0,0,35.0,76
lines,67,3,1.727781112625948e-10,9.565473413353232e-11,2.951801997275183e-10,1.7277912434110476e-10,9.565503944486409e-11,2.95178992359979e-10,2.4996893444040325e-11,1.2498446722020162e-11,3.7633895999533706e-11,2.511022891985088e-09,2.1809294593282916e-09,0.49132151370228755,2.7755575615628914e-17,1.3877787807814457e-17,6.938893903907228e-17,0.0,11,0.0,0,35.0,76
lines,68,3,2.4997018344130595e-11,2.1766833127601082e-11,2.2128731139159363e-10,2.4996893444040325e-11,2.176392399633187e-11,2.212878769114468e-10,9.821299329360045e-11,4.9106496646800224e-11,1.4072565335254694e-10,2.511022891985088e-09,2.1809294593282916e-09,0.49132151370228755,2.7755575615628914e-17,1.3877787807814457e-17,6.938893903907228e-17,0.0,11,0.0,0,35.0,76
lines,69,3,1.8323727951630175e-10,1.008843182603858e-10,3.004097838543718e-10,1.8323831341149344e-10,1.0088463398005842e-10,3.0040858689517336e-10,1.4848389184862754e-10,7.424194592431377e-11,1.6063150809486615e-10,2.511022891985088e-09,2.1809294593282916e-09,0.49132151370228755,2.7755575615628914e-17,1.3877787807814457e-17,6.938893903907228e-17,0.0,11,0.0,0,35.0,76
lines,70,3,1.727781112625948e-10,9.565737958683318e-11,2.9517785785082573e-10,1.7277912434110476e-10,9.565503944486409e-11,2.95178992359979e-10,2.4996893444040325e-11,1.2498446722020162e-11,3.7633895999533706e-11,2.511022891985088e-09,2.1809294593282916e-09,0.49132151370228755,2.7755575615628914e-17,1.3877787807814457e-17,6.938893903907228e-17,0.0,11,0.0,0,35.0,76
lines,71,3,2.4997018344130595e-11,2.1764187674300217e-11,2.212896532682862e-10,2.4996893444040325e-11,2.176392399633187e-11,2.212878769114468e-10,9.821299329360045e-11,4.9106496646800224e-11,1.4072565335254694e-10,2.511022891985088e-09,2.1809294593282916e-09,0.49132151370228755,2.7755575615628914e-17,1.3877787807814457e-17,6.938893903907228e-17,0.0,11,0.0,0,35.0,76
lines,72,3,1.8323727951630175e-10,1.0088696371368666e-10,3.004074419776792e-10,1.8323831341149344e-10,1.0088463398005842e-10,3.0040858689517336e-10,1.4848389184862754e-10,7.424194592431377e-11,1.6063150809486615e-10,2.511022891985088e-09,2.1809294593282916e-09,0.49132151370228755,2.7755575615628914e-17,1.3877787807814457e-17,6.938893903907228e-17,0.0,11,0.0,0,35.0,76
lines,73,3,1.727781112625948e-10,9.565473413353232e-11,2.951801997275183e-10,1.7277912434110476e-10,9.565503944486409e-11,2.95178992359979e-10,2.4996893444040325e-11,1.2498446722020162e-11,3.7633895999533706e-11,2.511022891985088e-09,2.1809294593282916e-09,0.49132151370228755,2.7755575615628914e-17,1.3877787807814457e-17,6.938893903907228e-17,0.0,11,0.0,0,35.0,76
lines,74,3,2.4997018344130595e-11,2.1766833127601082e-11,2.2128731139159363e-10,2.4996893444040325e-11,2.176392399633187e-11,2.212878769114468e-10,9.821299329360045e-11,4.9106496646800224e-11,1.4072565335254694e-10,2.511022891985088e-09,2.1809294593282916e-09,0.49132151370228755,2.7755575615628914e-17,1.3877787807814457e-17,6.938893903907228e-17,0.0,11,0.0,0,35.0,76
lines,75,3,1.8323727951630175e-10,1.008843182603858e-10,3.004097838543718e-10,1.8323831341149344e-10,1.0088463398005842e-10,3.0040858689517336e-10,1.4848389184862754e-10,7.424194592431377e-11,1.6063150809486615e-10,2.511022891985088e-09,2.1809294593282916e-09,0.49132151370228755,2.7755575615628914e-17,1.3877787807814457e-17,6.938893903907228e-17,0.0,11,0.0,0,35.0,76
lines,76,3,1.727781112625948e-10,9.565737958683318e-11,2.9517785785082573e-10,1.7277912434110476e-10,9.565503944486409e-11,2.95178992359979e-10,2.4996893444040325e-11,1.2498446722020162e-11,3.7633895999533706e-11,2.511022891985088e-09,2.1809294593282916e-09,0.49132151370228755,2.7755575615628914e-17,1.3877787807814457e-17,6.938893903907228e-17,0.0,11,0.0,0,35.0,76
lines,77,3,2.4997018344130595e-11,2.1764187674300217e-11,2.212896532682862e-10,2.4996893444040325e-11,2.176392399633187e-11,2.212878769114468e-10,9.821299329360045e-11,4.9106496646800224e-11,1.4072565335254694e-10,2.511022891985088e-09,2.1809294593282916e-09,0.49132151370228755,2.7755575615628914e-17,1.3877787807814457e-17,6.938893903907228e-17,0.0,11,0.0,0,35.0,76
lines,78,3,1.8323727951630175e-10,1.0088696371368666e-10,3.004074419776792e-10,1.8323831341149344e-10,1.0088463398005842e-10,3.0040858689517336e-10,1.4848389184862754e-10,7.424194592431377e-11,1.6063150809486615e-10,2.511022891985088e-09,2.1809294593282916e-09,0.49132151370228755,2.7755575615628914e-17,1.3877787807814457e-17,6.938893903907228e-17,0.0,11,0.0,0,35.0,76
lines,79,3,1.727781112625948e-10,9.565473413353232e-11,2.951801997275183e-10,1.7277912434110476e-10,9.565503944486409e-11,2.95178992359979e-10,2.4996893444040325e-11,1.2498446722020162e-11,3.7633895999533706e-11,2.511022891985088e-09,2.1809294593282916e-09,0.49132151370228755,2.7755575615628914e-17,1.3877787807814457e-17,6.938893903907228e-17,0.0,11,0.0,0,35.0,76
lines,80,3,2.4997018344130595e-11,2.1766833127601082e-11,2.2128731139159363e-10,2.4996893444040325e-11,2.176392399633187e-11,2.212878769114468e-10,9.821299329360045e-11,4.9106496646800224e-11,1.4072565335254694e-10,2.511022891985088e-09,2.1809294593282916e-09,0.49132151370228755,2.7755575615628914e-17,1.3877787807814457e-17,6.938893903907228e-17,0.0,11,0.0,0,35.0,76
lines,81,3,1.8323727951630175e-10,1.008843182603858e-10,3.004097838543718e-10,1.8323831341149344e-10,1.0088463398005842e-10,3.0040858689517336e-10,1.4848389184862754e-10,7.424194592431377e-11,1.6063150809486615e-10,2.511022891985088e-09,2.1809294593282916e-09,0.49132151370228755,2.7755575615628914e-17,1.3877787807814457e-17,6.938893903907228e-17,0.0,11,0.0,0,35.0,76
lines,82,3,1.727781112625948e-10,9.565737958683318e-11,2.9517785785082573e-10,1.7277912434110476e-10,9.565503944486409e-11,2.95178992359979e-10,2.4996893444040325e-11,1.2498446722020162e-11,3.7633895999533706e-11,2.511022891985088e-09,2.1809294593282916e-09,0.49132151370228755,2.7755575615628914e-17,1.3877787807814457e-17,6.938893903907228e-17,0.0,11,0.0,0,35.0,76
lines,83,3,2.4997018344130595e-11,2.1764187674300217e-11,2.212896532682862e-10,2.4996893444040325e-11,2.176392399633187e-11,2.212878769114468e-10,9.821299329360045e-11,4.9106496646800224e-11,1.4072565335254694e-10,2.511022891985088e-09,2.1809294593282916e-09,0.49132151370228755,2.7755575615628914e-17,1.3877787807814457e-17,6.938893903907228e-17,0.0,11,0.0,0,35.0,76
lines,84,3,1.8323727951630175e-10,1.0088696371368666e-10,3.004074419776792e-10,1.8323831341149344e-10,1.0088463398005842e-10,3.0040858689517336e-10,1.4848389184862754e-10,7.424194592431377e-11,1.6063150809486615e-10,2.511022891985088e-09,2.1809294593282916e-09,0.49132151370228755,2.7755575615628914e-17,1.3877787807814457e-17,6.938893903907228e-17,0.0,11,0.0,0,35.0,76
lines,85,3,1.727781112625948e-10,9.565473413353232e-11,2.951801997275183e-10,1.7277912434110476e-10,9.565503944486409e-11,2.95178992359979e-10,2.4996893444040325e-11,1.2498446722020162e-11,3.7633895999533706e-11,2.511022891985088e-09,2.1809294593282916e-09,0.49132151370228755,2.7755575615628914e-17,1.3877787807814457e-17,6.938893903907228e-17,0.0,11,0.0,0,35.0,76
lines,86,3,2.4997018344130595e-11,2.1766833127601082e-11,2.2128731139159363e-10,2.4996893444040325e-11,2.176392399633187e-11,2.212878769114468e-10,9.821299329360045e-11,4.9106496646800224e-11,1.4072565335254694e-10,2.511022891985088e-09,2.1809294593282916e-09,0.49132151370228755,2.7755575615628914e-17,1.3877787807814457e-17,6.938893903907228e-17,0.0,11,0.0,0,35.0,76
lines,87,3,1.8323727951630175e-10,1.008843182603858e-10,3.004097838543718e-10,1.8323831341149344e-10,1.0088463398005842e-10,3.0040858689517336e-10,1.4848389184862754e-10,7.424194592431377e-11,1.6063150809486615e-10,2.511022891985088e-09,2.1809294593282916e-09,0.49132151370228755,2.7755575615628914e-17,1.3877787807814457e-17,6.938893903907228e-17,0.0,11,0.0,0,35.0,76
lines,88,3,1.727781112625948e-10,9.565737958683318e-11,2.9517785785082573e-10,1.7277912434110476e-10,9.565503944486409e-11,2.95178992359979e-10,2.4996893444040325e-11,1.2498446722020162e-11,3.7633895999533706e-11,2.511022891985088e-09,2.1809294593282916e-09,0.49132151370228755,2.7755575615628914e-17,1.3877787807814457e-17,6.938893903907228e-17,0.0,11,0.0,0,35.0,76
lines,89,3,2.4997018344130595e-11,2.1764187674300217e-11,2.212896532682862e-10,2.4996893444040325e-11,2.176392399633187e-11,2.212878769114468e-10,9.821299329360045e-11,4.9106496646800224e-11,1.4072565335254694e-10,2.511022891985088e-09,2.1809294593282916e-09,0.49132151370228755,2.7755575615628914e-17,1.3877787807814457e-17,6.938893903907228e-17,0.0,11,0.0,0,35.0,76
lines,90,3,1.8323727951630175e-10,1.0088696371368666e-10,3.004074419776792e-10,1.8323831341149344e-10,1.0088463398005842e-10,3.0040858689517336e-10,1.4848389184862754e-10,7.424194592431377e-11,1.6063150809486615e-10,2.511022891985088e-09,2.1809294593282916e-09,0.49132151370228755,2.7755575615628914e-17,1.3877787807814457e-17,6.938893903907228e-17,0.0,11,0.0,0,35.0,76
lines,91,3,1.727781112625948e-10,9.565473413353232e-11,2.951801997275183e-10,1.7277912434110476e-10,9.565503944486409e-11,2.95178992359979e-10,2.4996893444040325e-11,1.2498446722020162e-11,3.7633895999533706e-11,2.511022891985088e-09,2.1809294593282916e-09,0.49132151370228755,2.7755575615628914e-17,1.3877787807814457e-17,6.938893903907228e-17,0.0,11,0.0,0,35.0,76
lines,92,3,2.4997018344130595e-11,2.1766833127601082e-11,2.2128731139159363e-10,2.4996893444040325e-11,2.176392399633187e-11,2.212878769114468e-10,9.821299329360045e-11,4.9106496646800224e-11,1.4072565335254694e-10,2.511022891985088e-09,2.1809294593282916e-09,0.49132151370228755,2.7755575615628914e-17,1.3877787807814457e-17,6.938893903907228e-17,0.0,11,0.0,0,35.0,76
lines,93,3,1.8323727951630175e-10,1.008843182603858e-10,3.004097838543718e-10,1.8323831341149344e-10,1.0088463398005842e-10,3.0040858689517336e-10,1.4848389184862754e-10,7.424194592431377e-11,1.6063150809486615e-10,2.511022891985088e-09,2.1809294593282916e-09,0.49132151370228755,2.7755575615628914e-17,1.3877787807814457e-17,6.938893903907228e-17,0.0,11,0.0,0,35.0,76
lines,94,3,1.727781112625948e-10,9.565737958683318e-11,2.9517785785082573e-10,1.7277912434110476e-10,9.565503944486409e-11,2.95178992359979e-10,2.4996893444040325e-11,1.2498446722020162e-11,3.7633895999533706e-11,2.511022891985088e-09,2.1809294593282916e-09,0.49132151370228755,2.7755575615628914e-17,1.3877787807814457e-17,6.938893903907228e-17,0.0,11,0.0,0,35.0,76
lines,95,3,2.4997018344130595e-11,2.1764187674300217e-11,2.212896532682862e-10,2.4996893444040325e-11,2.176392399633187e-11,2.212878769114468e-10,9.821299329360045e-11,4.9106496646800224e-11,1.4072565335254694e-10,2.511022891985088e-09,2.1809294593282916e-09,0.49132151370228755,2.7755575615628914e-17,1.3877787807814457e-17,6.938893903907228e-17,0.0,11,0.0,0,35.0,76
lines,96,3,1.8323727951630175e-10,1.0088696371368666e-10,3.004074419776792e-10,1.8323831341149344e-10,1.0088463398005842e-10,3.0040858689517336e-10,1.4848389184862754e-10,7.424194592431377e-11,1.6063150809486615e-10,2.511022891985088e-09,2.1809294593282916e-09,0.49132151370228755,2.7755575615628914e-17,1.3877787807814457e-17,6.938893903907228e-17,0.0,11,0.0,0,35.0,76
lines,97,3,1.727781112625948e-10,9.565473413353232e-11,2.951801997275183e-10,1.7277912434110476e-10,9.565503944486409e-11,2.95178992359979e-10,2.4996893444040325e-11,1.2498446722020162e-11,3.7633895999533706e-11,2.511022891985088e-09,2.1809294593282916e-09,0.49132151370228755,2.7755575615628914e-17,1.3877787807814457e-17,6.938893903907228e-17,0.0,11,0.0,0,35.0,76
lines,98,3,2.4997018344130595e-11,2.1766833127601082e-11,2.2128731139159363e-10,2.4996893444040325e-11,2.176392399633187e-11,2.212878769114468e-10,9.821299329360045e-11,4.9106496646800224e-11,1.4072565335254694e-10,2.511022891985088e-09,2.1809294593282916e-09,0.49132151370228755,2.7755575615628914e-17,1.3877787807814457e-17,6.938893903907228e-17,0.0,11,0.0,0,35.0,76
lines,99,3,1.8323727951630175e-10,1.008843182603858e-10,3.004097838543718e-10,1.8323831341149344e-10,1.0088463398005842e-10,3.0040858689517336e-10,1.4848389184862754e-10,7.424194592431377e-11,1.6063150809486615e-10,2.511022891985088e-09,2.1809294593282916e-09,0.49132151370228755,2.7755575615628914e-17,1.3877787807814457e-17,6.938893903907228e-17,0.0,11,0.0,0,35.0,76
lines,100,3,1.727781112625948e-10,9.565737958683318e-11,2.9517785785082573e-10,1.7277912434110476e-10,9.565503944486409e-11,2.95178992359979e-10,2.4996893444040325e-11,1.2498446722020162e-11,3.7633895999533706e-11,2.511022891985088e-09,2.1809294593282916e-09,0.49132151370228755,2.7755575615628914e-17,1.3877787807814457e-17,6.938893903907228e-17,0.0,11,0.0,0,35.0,76
squares,1,5,0.7108795161657642,0.39609438552894494,1.1295601740545491,0.7108795161657611,0.39609438552894716,1.1295601740545465,0.0,0.0,0.0,0.44037875173482083,0.23422015701290974,0.9413085565810956,3.469446951953614e-18,0.0,6.938893903907228e-18,1.0,4,0.0,0,14.0,62
squares,2,5,0.4567466568821937,0.0639160968550944,0.8483019611621262,0.4567466568821956,0.06391609685509536,0.8483019611621287,0.74534685176328,0.6737369137076499,0.8219639493353839,0.3470226648892426,0.33320725924253164,0.35466834065225555,3.469446951953614e-18,0.0,2.7755575615628914e-17,0.0,3,2.0,11,15.0,70
squares,3,5,0.09305749709059216,0.060476025283680554,0.09440491253112039,0.09305749709059086,0.06047602528368401,0.09440491253111816,0.4580316002128768,0.0729239873212677,0.7790133601777498,0.05864697586453782,0.05115026861943452,0.28944950144606507,1.3877787807814457e-17,0.0,2.7755575615628914e-17,0.0,4,1.0,3,15.0,71
squares,4,5,0.011040123271359795,0.00890735954067242,0.01869350929929155,0.01104012327135706,0.008907359540671678,0.0186935092992897,0.08384640793317288,0.07916953458297371,0.09884088591184081,0.022639974354718727,0.009580494481486524,0.10213982768143565,3.469446951953614e-18,0.0,1.3877787807814457e-17,0.0,3,0.0,2,15.0,72
squares,5,5,0.0020406089142769278,0.001951946801494707,0.004227253412185557,0.0020406089142781525,0.0019519468014976837,0.004227253412182108,0.01024468249949706,0.009752701102961225,0.02292076271147181,0.004721852000299727,0.0023133176832987466,0.025795696945839643,0.0,0.0,0.0,0.0,3,0.0,0,15.0,72
squares,6,5,0.0009837846896164695,0.00094249652553835,0.003328009018179791,0.0009837846896161295,0.0009424965255391271,0.0033280090181762034,0.0033280090181762034,0.0020410857242367797,0.005169749937721235,0.002308894264947451,0.0006142124459794249,0.0064515991703542695,2.7755575615628914e-17,2.7755575615628914e-17,5.551115123125783e-17,0.0,3,0.0,0,15.0,70
squares,7,5,0.0004200721214688008,0.00021082590093805809,0.0021183513754383793,0.0004200721214715486,0.00021082590093612907,0.002118351375436589,0.0011533224264752562,0.0010650556045561643,0.009469279245813311,0.0010247724510740967,0.00010261879081129553,0.0013318846635474715,0.0,0.0,0.0,0.0,1,0.0,0,15.0,71
squares,8,5,9.465487992733196e-05,4.737681755196885e-05,0.00033017466618999935,9.465487993054467e-05,4.737681755528911e-05,0.00033017466618900926,0.0005147270014020933,0.0002582027184914182,0.0025802436736128698,0.00025957955065086986,2.668639229701841e-05,0.0003835770465857106,3.469446951953614e-18,0.0,5.551115123125783e-17,0.0,3,0.0,0,15.0,70
squares,9,5,1.2694615916103436e-05,8.353687696216385e-06,9.615699360261687e-05,1.269461591846266e-05,8.353687697137957e-06,9.615699359954988e-05,9.465487993054467e-05,5.807154196446618e-05,0.0003310082549035087,0.00011850764360089078,7.98921073358315e-06,0.00012432034022389932,2.7755575615628914e-17,0.0,5.551115123125783e-17,0.0,3,0.0,0,15.0,71
squares,10,5,2.2752019460461903e-05,4.681354182078934e-06,3.0222919238532403e-05,2.2752019461336204e-05,4.68135418429938e-06,3.0222919235711743e-05,2.2752019461336204e-05,1.737597010276204e-05,0.00011813386736037046,3.858511066971352e-05,2.4594044632943426e-06,5.39549819718298e-05,3.469446951953614e-18,0.0,1.3877787807814457e-17,0.0,3,0.0,0,15.0,71
squares,11,5,3.3766370313107613e-06,1.5228975362019392e-06,4.635389445027671e-06,3.376637032204144e-06,1.5228975343006823e-06,4.635389444729299e-06,2.7387408906065502e-05,6.204251718600062e-06,3.917987281454316e-05,1.1435214464318158e-05,7.652335930962849e-07,1.1471691915442572e-05,0.0,0.0,5.551115123125783e-17,0.0,3,0.0,0,15.0,72
squares,12,5,6.856861764579364e-07,4.638477027821275e-07,1.00061040651106e-06,6.856861745063725e-07,4.6384770513441254e-07,1.0006104034232521e-06,4.062323206710516e-06,1.986745239435095e-06,5.635999848152551e-06,2.5031351880867078e-06,2.4313392045693104e-07,3.0847943216728713e-06,1.3877787807814457e-17,3.469446951953614e-18,2.7755575615628914e-17,0.0,3,0.0,0,15.0,71
squares,13,5,2.1891156526399058e-07,1.3611881968800255e-07,2.306189387894786e-07,2.1891156620768015e-07,1.361188211035369e-07,2.3061893728026917e-07,8.298283091789926e-07,5.999665262379494e-07,1.2195219696309323e-06,5.524328482940718e-07,6.290615006938474e-08,7.804834919295116e-07,1.3877787807814457e-17,3.469446951953614e-18,2.7755575615628914e-17,0.0,3,0.0,0,15.0,71
squares,14,5,5.1661643539480107e-08,3.8704136770539854e-08,7.353642703447627e-08,5.166164385173033e-08,3.870413678441764e-08,7.353642672569549e-08,2.705732100594105e-07,1.7482295788795454e-07,3.0415536400596466e-07,1.320499243388412e-07,1.9611289791851314e-08,2.3226511843554217e-07,2.7755575615628914e-17,3.469446951953614e-18,1.1102230246251565e-16,0.0,3,0.0,0,15.0,71
squares,15,5,1.202115438442286e-08,1.2007016041148955e-08,2.0266254820155982e-08,1.202115385012803e-08,1.2007014049686404e-08,2.0266256228751445e-08,6.366865790141674e-08,4.938115694130829e-08,9.380268295444694e-08,2.922447936095793e-08,6.342621746195841e-09,7.441827393852881e-08,0.0,0.0,0.0,0.0,3,0.0,0,15.0,72
squares,16,5,4.0647065574495045e-09,1.6991541854083358e-09,5.238137180951785e-09,4.064709457907156e-09,1.6991563711599156e-09,5.238135258878174e-09,1.6085863308035186e-08,1.370617042084632e-08,2.550439148762962e-08,2.9149886822124724e-09,2.035746293322168e-09,2.3461914354288267e-08,0.0,0.0,3.469446951953614e-18,0.0,3,0.0,0,15.0,72
squares,17,5,8.976755103140555e-10,3.9353294928323734e-10,1.3018254009511399e-09,8.976783760772378e-10,3.935340942007315e-10,1.3018279787502252e-09,4.962387833984394e-09,1.7145040942523337e-09,6.5396861259614525e-09,1.6198372817334301e-09,7.714631601733274e-10,7.2015850175045254e-09,0.0,0.0,3.469446951953614e-18,0.0,3,0.0,0,15.0,72
squares,18,5,3.218370882296373e-10,1.134498744947976e-10,6.617423622956586e-10,3.218403321625374e-10,1.134523586188152e-10,6.617426606680965e-10,1.4414140991902968e-09,5.069864528195467e-10,1.6236683109127625e-09,1.5460801971632293e-09,6.262454459272964e-10,2.3428274532353407e-09,0.0,0.0,0.0,0.0,3,0.0,0,15.0,72
squares,19,5,6.506774286041406e-11,1.249529993363474e-11,7.543410340815626e-11,6.506439831355237e-11,1.2498446722020162e-11,7.543121682829224e-11,3.972715489908296e-10,1.1927170362469042e-10,6.812470587647113e-10,7.436556749312245e-10,6.226094570577449e-10,1.6140074554511255e-09,0.0,0.0,0.0,0.0,3,0.0,0,15.0,72
squares,20,4,4.102612347067769e-11,2.6819952508860823e-11,8.351258053151955e-11,4.1026737562788185e-11,2.681943556126498e-11,8.351364044756338e-11,9.425349389857729e-11,7.699085813328566e-11,9.194138783641392e-10,5.739542845119002e-10,4.5990507263964467e-10,0.0826674953142552,0.0,0.0,1.1102230246251565e-16,0.0,3,0.0,0,16.0,57
squares,21,4,3.5475745605029196e-11,1.8880882100835716e-11,6.530973678531282e-11,3.5473846082823e-11,1.8879120489145862e-11,6.530775920055021e-11,2.788169695122633e-11,1.887023870494886e-11,8.486900071602577e-11,5.664470108610468e-10,4.291530922350871e-10,0.08266749530224118,0.0,0.0,8.673617379884035e-19,0.0,3,0.0,0,16.0,57
squares,22,3,2.729518000510467e-11,2.5275463146068322e-11,3.806703216535645e-11,2.7291946480545448e-11,2.5274005110986764e-11,3.806377435466857e-11,9.386269539390923e-12,8.768097359279636e-12,6.377121053446899e-11,5.053129748896781e-10,4.123960171305997e-10,0.1653349899172735,0.0,0.0,1.734723475976807e-18,0.0,3,0.0,0,13.0,38
squares,23,3,9.144551435524839e-12,8.019951890092525e-12,1.6200951170886047e-11,9.14468500923249e-12,8.01847477305273e-12,1.6200374375330284e-11,3.12283532366564e-11,1.7408297026122455e-11,4.2373216047053575e-11,5.053129748896781e-10,4.2422184009737957e-10,0.16533498991576728,0.0,0.0,1.734723475976807e-18,0.0,3,0.0,0,13.0,38
squares,24,1,2.3255746287031975e-11,2.3255746287031975e-11,2.3255746287031975e-11,2.325606374142808e-11,2.325606374142808e-11,2.325606374142808e-11,1.6342482922482304e-13,1.6342482922482304e-13,1.6342482922482304e-13,0.33066997932923403,0.33066997932923403,0.33066997932923403,0.0,0.0,0.0,3.0,3,0.0,0,6.0,6
squares,25,1,2.3257350906247254e-11,2.3257350906247254e-11,2.3257350906247254e-11,2.325606374142808e-11,2.325606374142808e-11,2.325606374142808e-11,0.0,0.0,0.0,0.3306699793262216,0.3306699793262216,0.3306699793262216,0.0,0.0,0.0,3.0,3,0.0,0,6.0,6
squares,26,1,2.3255746287031975e-11,2.3255746287031975e-11,2.3255746287031975e-11,2.325606374142808e-11,2.325606374142808e-11,2.325606374142808e-11,0.0,0.0,0.0,0.33066997932923403,0.33066997932923403,0.33066997932923403,0.0,0.0,0.0,3.0,3,0.0,0,6.0,6
squares,27,1,2.3257350906247254e-11,2.3257350906247254e-11,2.3257350906247254e-11,2.325606374142808e-11,2.325606374142808e-11,2.325606374142808e-11,0.0,0.0,0.0,0.3306699793262216,0.3306699793262216,0.3306699793262216,0.0,0.0,0.0,3.0,3,0.0,0,6.0,6
squares,28,1,2.3255746287031975e-11,2.3255746287031975e-11,2.3255746287031975e-11,2.325606374142808e-11,2.325606374142808e-11,2.325606374142808e-11,0.0,0.0,0.0,0.33066997932923403,0.33066997932923403,0.33066997932923403,0.0,0.0,0.0,3.0,3,0.0,0,6.0,6
squares,29,1,2.3257350906247254e-11,2.3257350906247254e-11,2.3257350906247254e-11,2.325606374142808e-11,2.325606374142808e-11,2.325606374142808e-11,0.0,0.0,0.0,0.3306699793262216,0.3306699793262216,0.3306699793262216,0.0,0.0,0.0,3.0,3,0.0,0,6.0,6
squares,30,1,2.3255746287031975e-11,2.3255746287031975e-11,2.3255746287031975e-11,2.325606374142808e-11,2.325606374142808e-11,2.325606374142808e-11,0.0,0.0,0.0,0.33066997932923403,0.33066997932923403,0.33066997932923403,0.0,0.0,0.0,3.0,3,0.0,0,6.0,6
squares,31,1,2.3257350906247254e-11,2.3257350906247254e-11,2.3257350906247254e-11,2.325606374142808e-11,2.325606374142808e-11,2.325606374142808e-11,0.0,0.0,0.0,0.3306699793262216,0.3306699793262216,0.3306699793262216,0.0,0.0,0.0,3.0,3,0.0,0,6.0,6
squares,32,1,2.3255746287031975e-11,2.3255746287031975e-11,2.3255746287031975e-11,2.325606374142808e-11,2.325606374142808e-11,2.325606374142808e-11,0.0,0.0,0.0,0.33066997932923403,0.33066997932923403,0.33066997932923403,0.0,0.0,0.0,3.0,3,0.0,0,6.0,6
squares,33,1,2.3257350906247254e-11,2.3257350906247254e-11,2.3257350906247254e-11,2.325606374142808e-11,2.325606374142808e-11,2.325606374142808e-11,0.0,0.0,0.0,0.3306699793262216,0.3306699793262216,0.3306699793262216,0.0,0.0,0.0,3.0,3,0.0,0,6.0,6
squares,34,1,2.3255746287031975e-11,2.3255746287031975e-11,2.3255746287031975e-11,2.325606374142808e-11,2.325606374142808e-11,2.325606374142808e-11,0.0,0.0,0.0,0.33066997932923403,0.33066997932923403,0.33066997932923403,0.0,0.0,0.0,3.0,3,0.0,0,6.0,6
squares,35,1,2.3257350906247254e-11,2.3257350906247254e-11,2.3257350906247254e-11,2.325606374142808e-11,2.325606374142808e-11,2.325606374142808e-11,0.0,0.0,0.0,0.3306699793262216,0.3306699793262216,0.3306699793262216,0.0,0.0,0.0,3.0,3,0.0,0,6.0,6
squares,36,1,2.3255746287031975e-11,2.3255746287031975e-11,2.3255746287031975e-11,2.325606374142808e-11,2.325606374142808e-11,2.325606374142808e-11,0.0,0.0,0.0,0.33066997932923403,0.33066997932923403,0.33066997932923403,0.0,0.0,0.0,3.0,3,0.0,0,6.0,6
squares,37,1,2.3257350906247254e-11,2.3257350906247254e-11,2.3257350906247254e-11,2.325606374142808e-11,2.325606374142808e-11,2.325606374142808e-11,0.0,0.0,0.0,0.3306699793262216,0.3306699793262216,0.3306699793262216,0.0,0.0,0.0,3.0,3,0.0,0,6.0,6
squares,38,1,2.3255746287031975e-11,2.3255746287031975e-11,2.3255746287031975e-11,2.325606374142808e-11,2.325606374142808e-11,2.325606374142808e-11,0.0,0.0,0.0,0.33066997932923403,0.33066997932923403,0.33066997932923403,0.0,0.0,0.0,3.0,3,0.0,0,6.0,6
squares,39,1,2.3257350906247254e-11,2.3257350906247254e-11,2.3257350906247254e-11,2.325606374142808e-11,2.325606374142808e-11,2.325606374142808e-11,0.0,0.0,0.0,0.3306699793262216,0.3306699793262216,0.3306699793262216,0.0,0.0,0.0,3.0,3,0.0,0,6.0,6
squares,40,1,2.3255746287031975e-11,2.3255746287031975e-11,2.3255746287031975e-11,2.325606374142808e-11,2.325606374142808e-11,2.325606374142808e-11,0.0,0.0,0.0,0.33066997932923403,0.33066997932923403,0.33066997932923403,0.0,0.0,0.0,3.0,3,0.0,0,6.0,6
squares,41,1,2.3257350906247254e-11,2.3257350906247254e-11,2.3257350906247254e-11,2.325606374142808e-11,2.325606374142808e-11,2.325606374142808e-11,0.0,0.0,0.0,0.3306699793262216,0.3306699793262216,0.3306699793262216,0.0,0.0,0.0,3.0,3,0.0,0,6.0,6
squares,42,1,2.3255746287031975e-11,2.3255746287031975e-11,2.3255746287031975e-11,2.325606374142808e-11,2.325606374142808e-11,2.325606374142808e-11,0.0,0.0,0.0,0.33066997932923403,0.33066997932923403,0.33066997932923403,0.0,0.0,0.0,3.0,3,0.0,0,6.0,6
squares,43,1,2.3257350906247254e-11,2.3257350906247254e-11,2.3257350906247254e-11,2.325606374142808e-11,2.325606374142808e-11,2.325606374142808e-11,0.0,0.0,0.0,0.3306699793262216,0.3306699793262216,0.3306699793262216,0.0,0.0,0.0,3.0,3,0.0,0,6.0,6
squares,44,1,2.3255746287031975e-11,2.3255746287031975e-11,2.3255746287031975e-11,2.325606374142808e-11,2.325606374142808e-11,2.325606374142808e-11,0.0,0.0,0.0,0.33066997932923403,0.33066997932923403,0.33066997932923403,0.0,0.0,0.0,3.0,3,0.0,0,6.0,6
squares,45,1,2.3257350906247254e-11,2.3257350906247254e-11,2.3257350906247254e-11,2.325606374142808e-11,2.325606374142808e-11,2.325606374142808e-11,0.0,0.0,0.0,0.3306699793262216,0.3306699793262216,0.3306699793262216,0.0,0.0,0.0,3.0,3,0.0,0,6.0,6
squares,46,1,2.3255746287031975e-11,2.3255746287031975e-11,2.3255746287031975e-11,2.325606374142808e-11,2.325606374142808e-11,2.325606374142808e-11,0.0,0.0,0.0,0.33066997932923403,0.33066997932923403,0.33066997932923403,0.0,0.0,0.0,3.0,3,0.0,0,6.0,6
squares,47,1,2.3257350906247254e-11,2.3257350906247254e-11,2.3257350906247254e-11,2.325606374142808e-11,2.325606374142808e-11,2.325606374142808e-11,0.0,0.0,0.0,0.3306699793262216,0.3306699793262216,0.3306699793262216,0.0,0.0,0.0,3.0,3,0.0,0,6.0,6
squares,48,1,2.3255746287031975e-11,2.3255746287031975e-11,2.3255746287031975e-11,2.325606374142808e-11,2.325606374142808e-11,2.325606374142808e-11,0.0,0.0,0.0,0.33066997932923403,0.33066997932923403,0.33066997932923403,0.0,0.0,0.0,3.0,3,0.0,0,6.0,6
squares,49,1,2.3257350906247254e-11,2.3257350906247254e-11,2.3257350906247254e-11,2.325606374142808e-11,2.325606374142808e-11,2.325606374142808e-11,0.0,0.0,0.0,0.3306699793262216,0.3306699793262216,0.3306699793262216,0.0,0.0,0.0,3.0,3,0.0,0,6.0,6
squares,50,1,2.3255746287031975e-11,2.3255746287031975e-11,2.3255746287031975e-11,2.325606374142808e-11,2.325606374142808e-11,2.325606374142808e-11,0.0,0.0,0.0,0.33066997932923403,0.33066997932923403,0.33066997932923403,0.0,0.0,0.0,3.0,3,0.0,0,6.0,6
squares,51,1,2.3257350906247254e-11,2.3257350906247254e-11,2.3257350906247254e-11,2.325606374142808e-11,2.325606374142808e-11,2.325606374142808e-11,0.0,0.0,0.0,0.3306699793262216,0.3306699793262216,0.3306699793262216,0.0,0.0,0.0,3.0,3,0.0,0,6.0,6
squares,52,1,2.3255746287031975e-11,2.3255746287031975e-11,2.3255746287031975e-11,2.325606374142808e-11,2.325606374142808e-11,2.325606374142808e-11,0.0,0.0,0.0,0.33066997932923403,0.33066997932923403,0.33066997932923403,0.0,0.0,0.0,3.0,3,0.0,0,6.0,6
squares,53,1,2.3257350906247254e-11,2.3257350906247254e-11,2.3257350906247254e-11,2.325606374142808e-11,2.325606374142808e-11,2.325606374142808e-11,0.0,0.0,0.0,0.3306699793262216,0.3306699793262216,0.3306699793262216,0.0,0.0,0.0,3.0,3,0.0,0,6.0,6
squares,54,1,2.3255746287031975e-11,2.3255746287031975e-11,2.3255746287031975e-11,2.325606374142808e-11,2.325606374142808e-11,2.325606374142808e-11,0.0,0.0,0.0,0.33066997932923403,0.33066997932923403,0.33066997932923403,0.0,0.0,0.0,3.0,3,0.0,0,6.0,6
squares,55,1,2.3257350906247254e-11,2.3257350906247254e-11,2.3257350906247254e-11,2.325606374142808e-11,2.325606374142808e-11,2.325606374142808e-11,0.0,0.0,0.0,0.3306699793262216,0.3306699793262216,0.3306699793262216,0.0,0.0,0.0,3.0,3,0.0,0,6.0,6
squares,56,1,2.3255746287031975e-11,2.3255746287031975e-11,2.3255746287031975e-11,2.325606374142808e-11,2.325606374142808e-11,2.325606374142808e-11,0.0,0.0,0.0,0.33066997932923403,0.33066997932923403,0.33066997932923403,0.0,0.0,0.0,3.0,3,0.0,0,6.0,6
squares,57,1,2.3257350906247254e-11,2.3257350906247254e-11,2.3257350906247254e-11,2.325606374142808e-11,2.325606374142808e-11,2.325606374142808e-11,0.0,0.0,0.0,0.3306699793262216,0.3306699793262216,0.3306699793262216,0.0,0.0,0.0,3.0,3,0.0,0,6.0,6
squares,58,1,2.3255746287031975e-11,2.3255746287031975e-11,2.3255746287031975e-11,2.325606374142808e-11,2.325606374142808e-11,2.325606374142808e-11,0.0,0.0,0.0,0.33066997932923403,0.33066997932923403,0.33066997932923403,0.0,0.0,0.0,3.0,3,0.0,0,6.0,6
squares,59,1,2.3257350906247254e-11,2.3257350906247254e-11,2.3257350906247254e-11,2.325606374142808e-11,2.325606374142808e-11,2.325606374142808e-11,0.0,0.0,0.0,0.3306699793262216,0.3306699793262216,0.3306699793262216,0.0,0.0,0.0,3.0,3,0.0,0,6.0,6
squares,60,1,2.3255746287031975e-11,2.3255746287031975e-11,2.3255746287031975e-11,2.325606374142808e-11,2.325606374142808e-11,2.325606374142808e-11,0.0,0.0,0.0,0.33066997932923403,0.33066997932923403,0.33066997932923403,0.0,0.0,0.0,3.0,3,0.0,0,6.0,6
squares,61,1,2.3257350906247254e-11,2.3257350906247254e-11,2.3257350906247254e-11,2.325606374142808e-11,2.325606374142808e-11,2.325606374142808e-11,0.0,0.0,0.0,0.3306699793262216,0.3306699793262216,0.3306699793262216,0.0,0.0,0.0,3.0,3,0.0,0,6.0,6
squares,62,1,2.3255746287031975e-11,2.3255746287031975e-11,2.3255746287031975e-11,2.325606374142808e-11,2.325606374142808e-11,2.325606374142808e-11,0.0,0.0,0.0,0.33066997932923403,0.33066997932923403,0.33066997932923403,0.0,0.0,0.0,3.0,3,0.0,0,6.0,6
squares,63,1,2.3257350906247254e-11,2.3257350906247254e-11,2.3257350906247254e-11,2.325606374142808e-11,2.325606374142808e-11,2.325606374142808e-11,0.0,0.0,0.0,0.3306699793262216,0.3306699793262216,0.3306699793262216,0.0,0.0,0.0,3.0,3,0.0,0,6.0,6
squares,64,1,2.3255746287031975e-11,2.3255746287031975e-11,2.3255746287031975e-11,2.325606374142808e-11,2.325606374142808e-11,2.325606374142808e-11,0.0,0.0,0.0,0.33066997932923403,0.33066997932923403,0.33066997932923403,0.0,0.0,0.0,3.0,3,0.0,0,6.0,6
squares,65,1,2.3257350906247254e-11,2.3257350906247254e-11,2.3257350906247254e-11,2.325606374142808e-11,2.325606374142808e-11,2.325606374142808e-11,0.0,0.0,0.0,0.3306699793262216,0.3306699793262216,0.3306699793262216,0.0,0.0,0.0,3.0,3,0.0,0,6.0,6
squares,66,1,2.3255746287031975e-11,2.3255746287031975e-11,2.3255746287031975e-11,2.325606374142808e-11,2.325606374142808e-11,2.325606374142808e-11,0.0,0.0,0.0,0.33066997932923403,0.33066997932923403,0.33066997932923403,0.0,0.0,0.0,3.0,3,0.0,0,6.0,6
squares,67,1,2.3257350906247254e-11,2.3257350906247254e-11,2.3257350906247254e-11,2.325606374142808e-11,2.325606374142808e-11,2.325606374142808e-11,0.0,0.0,0.0,0.3306699793262216,0.3306699793262216,0.3306699793262216,0.0,0.0,0.0,3.0,3,0.0,0,6.0,6
squares,68,1,2.3255746287031975e-11,2.3255746287031975e-11,2.3255746287031975e-11,2.325606374142808e-11,2.325606374142808e-11,2.325606374142808e-11,0.0,0.0,0.0,0.33066997932923403,0.33066997932923403,0.33066997932923403,0.0,0.0,0.0,3.0,3,0.0,0,6.0,6
squares,69,1,2.3257350906247254e-11,2.3257350906247254e-11,2.3257350906247254e-11,2.325606374142808e-11,2.325606374142808e-11,2.325606374142808e-11,0.0,0.0,0.0,0.3306699793262216,0.3306699793262216,0.3306699793262216,0.0,0.0,0.0,3.0,3,0.0,0,6.0,6
squares,70,1,2.3255746287031975e-11,2.3255746287031975e-11,2.3255746287031975e-11,2.325606374142808e-11,2.325606374142808e-11,2.325606374142808e-11,0.0,0.0,0.0,0.33066997932923403,0.33066997932923403,0.33066997932923403,0.0,0.0,0.0,3.0,3,0.0,0,6.0,6
squares,71,1,2.3257350906247254e-11,2.3257350906247254e-11,2.3257350906247254e-11,2.325606374142808e-11,2.325606374142808e-11,2.325606374142808e-11,0.0,0.0,0.0,0.3306699793262216,0.3306699793262216,0.3306699793262216,0.0,0.0,0.0,3.0,3,0.0,0,6.0,6
squares,72,1,2.3255746287031975e-11,2.3255746287031975e-11,2.3255746287031975e-11,2.325606374142808e-11,2.325606374142808e-11,2.325606374142808e-11,0.0,0.0,0.0,0.33066997932923403,0.33066997932923403,0.33066997932923403,0.0,0.0,0.0,3.0,3,0.0,0,6.0,6
squares,73,1,2.3257350906247254e-11,2.3257350906247254e-11,2.3257350906247254e-11,2.325606374142808e-11,2.325606374142808e-11,2.325606374142808e-11,0.0,0.0,0.0,0.3306699793262216,0.3306699793262216,0.3306699793262216,0.0,0.0,0.0,3.0,3,0.0,0,6.0,6
squares,74,1,2.3255746287031975e-11,2.3255746287031975e-11,2.3255746287031975e-11,2.325606374142808e-11,2.325606374142808e-11,2.325606374142808e-11,0.0,0.0,0.0,0.33066997932923403,0.33066997932923403,0.33066997932923403,0.0,0.0,0.0,3.0,3,0.0,0,6.0,6
squares,75,1,2.3257350906247254e-11,2.3257350906247254e-11,2.3257350906247254e-11,2.325606374142808e-11,2.325606374142808e-11,2.325606374142808e-11,0.0,0.0,0.0,0.3306699793262216,0.3306699793262216,0.3306699793262216,0.0,0.0,0.0,3.0,3,0.0,0,6.0,6
squares,76,1,2.3255746287031975e-11,2.3255746287031975e-11,2.3255746287031975e-11,2.325606374142808e-11,2.325606374142808e-11,2.325606374142808e-11,0.0,0.0,0.0,0.33066997932923403,0.33066997932923403,0.33066997932923403,0.0,0.0,0.0,3.0,3,0.0,0,6.0,6
squares,77,1,2.3257350906247254e-11,2.3257350906247254e-11,2.3257350906247254e-11,2.325606374142808e-11,2.325606374142808e-11,2.325606374142808e-11,0.0,0.0,0.0,0.3306699793262216,0.3306699793262216,0.3306699793262216,0.0,0.0,0.0,3.0,3,0.0,0,6.0,6
squares,78,1,2.3255746287031975e-11,2.3255746287031975e-11,2.3255746287031975e-11,2.325606374142808e-11,2.325606374142808e-11,2.325606374142808e-11,0.0,0.0,0.0,0.33066997932923403,0.33066997932923403,0.33066997932923403,0.0,0.0,0.0,3.0,3,0.0,0,6.0,6
squares,79,1,2.3257350906247254e-11,2.3257350906247254e-11,2.3257350906247254e-11,2.325606374142808e-11,2.325606374142808e-11,2.325606374142808e-11,0.0,0.0,0.0,0.3306699793262216,0.3306699793262216,0.3306699793262216,0.0,0.0,0.0,3.0,3,0.0,0,6.0,6
squares,80,1,2.3255746287031975e-11,2.3255746287031975e-11,2.3255746287031975e-11,2.325606374142808e-11,2.325606374142808e-11,2.325606374142808e-11,0.0,0.0,0.0,0.33066997932923403,0.33066997932923403,0.33066997932923403,0.0,0.0,0.0,3.0,3,0.0,0,6.0,6
squares,81,1,2.3257350906247254e-11,2.3257350906247254e-11,2.3257350906247254e-11,2.325606374142808e-11,2.325606374142808e-11,2.325606374142808e-11,0.0,0.0,0.0,0.3306699793262216,0.3306699793262216,0.3306699793262216,0.0,0.0,0.0,3.0,3,0.0,0,6.0,6
squares,82,1,2.3255746287031975e-11,2.3255746287031975e-11,2.3255746287031975e-11,2.325606374142808e-11,2.325606374142808e-11,2.325606374142808e-11,0.0,0.0,0.0,0.33066997932923403,0.33066997932923403,0.33066997932923403,0.0,0.0,0.0,3.0,3,0.0,0,6.0,6
squares,83,1,2.3257350906247254e-11,2.3257350906247254e-11,2.3257350906247254e-11,2.325606374142808e-11,2.325606374142808e-11,2.325606374142808e-11,0.0,0.0,0.0,0.3306699793262216,0.3306699793262216,0.3306699793262216,0.0,0.0,0.0,3.0,3,0.0,0,6.0,6
squares,84,1,2.3255746287031975e-11,2.3255746287031975e-11,2.3255746287031975e-11,2.325606374142808e-11,2.325606374142808e-11,2.325606374142808e-11,0.0,0.0,0.0,0.33066997932923403,0.33066997932923403,0.33066997932923403,0.0,0.0,0.0,3.0,3,0.0,0,6.0,6
squares,85,1,2.3257350906247254e-11,2.3257350906247254e-11,2.3257350906247254e-11,2.325606374142808e-11,2.325606374142808e-11,2.325606374142808e-11,0.0,0.0,0.0,0.3306699793262216,0.3306699793262216,0.3306699793262216,0.0,0.0,0.0,3.0,3,0.0,0,6.0,6
squares,86,1,2.3255746287031975e-11,2.3255746287031975e-11,2.3255746287031975e-11,2.325606374142808e-11,2.325606374142808e-11,2.325606374142808e-11,0.0,0.0,0.0,0.33066997932923403,0.33066997932923403,0.33066997932923403,0.0,0.0,0.0,3.0,3,0.0,0,6.0,6
squares,87,1,2.3257350906247254e-11,2.3257350906247254e-11,2.3257350906247254e-11,2.325606374142808e-11,2.325606374142808e-11,2.325606374142808e-11,0.0,0.0,0.0,0.3306699793262216,0.3306699793262216,0.3306699793262216,0.0,0.0,0.0,3.0,3,0.0,0,6.0,6
squares,88,1,2.3255746287031975e-11,2.3255746287031975e-11,2.3255746287031975e-11,2.325606374142808e-11,2.325606374142808e-11,2.325606374142808e-11,0.0,0.0,0.0,0.33066997932923403,0.33066997932923403,0.33066997932923403,0.0,0.0,0.0,3.0,3,0.0,0,6.0,6
squares,89,1,2.3257350906247254e-11,2.3257350906247254e-11,2.3257350906247254e-11,2.325606374142808e-11,2.325606374142808e-11,2.325606374142808e-11,0.0,0.0,0.0,0.3306699793262216,0.3306699793262216,0.3306699793262216,0.0,0.0,0.0,3.0,3,0.0,0,6.0,6
squares,90,1,2.3255746287031975e-11,2.3255746287031975e-11,2.3255746287031975e-11,2.325606374142808e-11,2.325606374142808e-11,2.325606374142808e-11,0.0,0.0,0.0,0.33066997932923403,0.33066997932923403,0.33066997932923403,0.0,0.0,0.0,3.0,3,0.0,0,6.0,6
squares,91,1,2.3257350906247254e-11,2.3257350906247254e-11,2.3257350906247254e-11,2.325606374142808e-11,2.325606374142808e-11,2.325606374142808e-11,0.0,0.0,0.0,0.3306699793262216,0.3306699793262216,0.3306699793262216,0.0,0.0,0.0,3.0,3,0.0,0,6.0,6
squares,92,1,2.3255746287031975e-11,2.3255746287031975e-11,2.3255746287031975e-11,2.325606374142808e-11,2.325606374142808e-11,2.325606374142808e-11,0.0,0.0,0.0,0.33066997932923403,0.33066997932923403,0.33066997932923403,0.0,0.0,0.0,3.0,3,0.0,0,6.0,6
squares,93,1,2.3257350906247254e-11,2.3257350906247254e-11,2.3257350906247254e-11,2.325606374142808e-11,2.325606374142808e-11,2.325606374142808e-11,0.0,0.0,0.0,0.3306699793262216,0.3306699793262216,0.3306699793262216,0.0,0.0,0.0,3.0,3,0.0,0,6.0,6
squares,94,1,2.3255746287031975e-11,2.3255746287031975e-11,2.3255746287031975e-11,2.325606374142808e-11,2.325606374142808e-11,2.325606374142808e-11,0.0,0.0,0.0,0.33066997932923403,0.33066997932923403,0.33066997932923403,0.0,0.0,0.0,3.0,3,0.0,0,6.0,6
squares,95,1,2.3257350906247254e-11,2.3257350906247254e-11,2.3257350906247254e-11,2.325606374142808e-11,2.325606374142808e-11,2.325606374142808e-11,0.0,0.0,0.0,0.3306699793262216,0.3306699793262216,0.3306699793262216,0.0,0.0,0.0,3.0,3,0.0,0,6.0,6
squares,96,1,2.3255746287031975e-11,2.3255746287031975e-11,2.3255746287031975e-11,2.325606374142808e-11,2.325606374142808e-11,2.325606374142808e-11,0.0,0.0,0.0,0.33066997932923403,0.33066997932923403,0.33066997932923403,0.0,0.0,0.0,3.0,3,0.0,0,6.0,6
squares,97,1,2.3257350906247254e-11,2.3257350906247254e-11,2.3257350906247254e-11,2.325606374142808e-11,2.325606374142808e-11,2.325606374142808e-11,0.0,0.0,0.0,0.3306699793262216,0.3306699793262216,0.3306699793262216,0.0,0.0,0.0,3.0,3,0.0,0,6.0,6
squares,98,1,2.3255746287031975e-11,2.3255746287031975e-11,2.3255746287031975e-11,2.325606374142808e-11,2.325606374142808e-11,2.325606374142808e-11,0.0,0.0,0.0,0.33066997932923403,0.33066997932923403,0.33066997932923403,0.0,0.0,0.0,3.0,3,0.0,0,6.0,6
squares,99,1,2.3257350906247254e-11,2.3257350906247254e-11,2.3257350906247254e-11,2.325606374142808e-11,2.325606374142808e-11,2.325606374142808e-11,0.0,0.0,0.0,0.3306699793262216,0.3306699793262216,0.3306699793262216,0.0,0.0,0.0,3.0,3,0.0,0,6.0,6
squares,100,1,2.3255746287031975e-11,2.3255746287031975e-11,2.3255746287031975e-11,2.325606374142808e-11,2.325606374142808e-11,2.325606374142808e-11,0.0,0.0,0.0,0.33066997932923403,0.33066997932923403,0.33066997932923403,0.0,0.0,0.0,3.0,3,0.0,0,6.0,6
zalesak,1,5,1.3374082043036604,0.8904456319498408,1.3426794140795064,1.3374082043036566,0.890445631949845,1.3426794140795053,0.0,0.0,0.0,0.8535788522260284,0.8017873751412997,0.9420603419246731,0.0,0.0,2.7755575615628914e-17,3.0,18,0.0,0,50.0,206
zalesak,2,5,0.43635214798592986,0.3251064646232482,0.4789532493412716,0.4363521479859287,0.32510646462324644,0.4789532493412736,0.9010560563177279,0.77260936393116,0.9200664228693611,0.6662074202051443,0.40788091127380044,0.9061732158887694,5.551115123125783e-17,0.0,1.1102230246251565e-16,2.0,14,3.0,15,52.0,227
zalesak,3,5,0.07600774412629616,0.05182745077726113,0.31726434045020735,0.07600774412629363,0.05182745077726025,0.31726434045020824,0.45456527816146775,0.4305586472636378,0.7589499372804198,0.6670916327224724,0.14666348102453072,0.9063669115548547,5.551115123125783e-17,5.551115123125783e-17,1.1102230246251565e-16,3.0,12,0.0,2,53.0,228
zalesak,4,5,0.00967391114048196,0.006821563830471285,0.027039128651462283,0.00967391114048155,0.006821563830470723,0.02703912865145952,0.07595684317309548,0.0496772290879548,0.3097426996536541,0.6672711257422215,0.08613717280330101,0.9064033685925638,1.3877787807814457e-17,0.0,5.551115123125783e-17,2.0,14,0.0,2,53.0,231
zalesak,5,5,0.006871259724081959,0.0067699804758038044,0.012208942802193791,0.006871259724078982,0.006769980475802129,0.012208942802196532,0.012208942802196532,0.008770769483078311,0.03272612290892596,0.6672953330259177,0.07997162731562175,0.9064011362406236,5.551115123125783e-17,0.0,5.551115123125783e-17,2.0,13,0.0,0,54.0,233
zalesak,6,5,0.0018070071301559514,0.001696588021748817,0.01479394800084164,0.0018070071301536927,0.0016965880217512108,0.014793948000843216,0.008576987605955821,0.008567847745830193,0.018879834623625413,0.27468513433193936,0.0799854220432843,0.9063980061158335,1.1102230246251565e-16,1.3877787807814457e-17,1.1102230246251565e-16,3.0,11,0.0,0,54.0,233
zalesak,7,5,0.0004508903840757302,0.00031077019224369723,0.001999761441962228,0.0004508903840729772,0.0003107701922431261,0.00199976144196512,0.0021345411702426986,0.0016965880217512108,0.016662403215384813,0.14318013626471748,0.07998673368787372,0.9063959702228304,5.551115123125783e-17,5.551115123125783e-17,1.1102230246251565e-16,2.0,13,0.0,0,54.0,233
zalesak,8,5,0.0005367063641103717,0.0004130976024249028,0.0070915912826577734,0.0005367063641159575,0.0004130976024256938,0.0070915912826592375,0.0022956747488933615,0.0004130976024256938,0.0070915912826592375,0.13812102830828657,0.0355110401824675,0.9063951284865323,2.7755575615628914e-17,0.0,1.1102230246251565e-16,2.0,11,0.0,0,54.0,233
zalesak,9,5,0.00014578139611275132,0.00013802706687175183,0.0014789199328411372,0.00014578139611387542,0.000138027066874713,0.0014789199328433256,0.0014789199328433256,0.000641152344172724,0.0071532573166877,0.39876703404943453,0.13814184955259196,0.889784700062962,5.551115123125783e-17,0.0,5.551115123125783e-17,3.0,11,0.0,1,54.0,233
zalesak,10,5,3.979290680265757e-05,2.6072970805372103e-05,0.00012953013076369424,3.979290680433678e-05,2.6072970804591478e-05,0.00012953013076355546,0.00018123271158287935,0.00016410003767930448,0.0014789199328433256,0.1381464651572327,0.13058932423032582,0.8897846053433246,1.3877787807814457e-17,0.0,5.551115123125783e-17,3.0,12,0.0,1,54.0,234
zalesak,11,5,2.2263697752045175e-05,1.1473439805696761e-05,7.251848867032007e-05,2.2263697751156997e-05,1.1473439812448305e-05,7.251848867184663e-05,5.1266346616785086e-05,3.1071186683107044e-05,0.00014726067685444377,0.1381474956687543,0.033396834820358635,0.8897845780340568,5.551115123125783e-17,5.551115123125783e-17,1.1102230246251565e-16,4.0,12,0.0,0,54.0,234
zalesak,12,5,3.0054009285884406e-05,4.996890940085763e-06,0.0023144187641115435,3.005400928657309e-05,4.996890936581622e-06,0.002314418764107984,7.251848867184663e-05,2.726058868773862e-05,0.002314418764107984,0.13825944555226194,0.008335067902590112,0.8897845706750412,5.551115123125783e-17,1.3877787807814457e-17,5.551115123125783e-17,3.0,12,0.0,0,54.0,234
zalesak,13,5,4.2826333708501085e-06,1.1756052320857635e-06,0.0013399081227671167,4.28263336971213e-06,1.1756052344935597e-06,0.0013399081227660758,3.005400928657309e-05,6.172496171075181e-06,0.002314418764107984,0.13825949772102059,0.002085168578617681,0.88978456873205,0.0,0.0,5.421010862427522e-20,4.0,13,0.0,0,54.0,234
zalesak,14,5,1.3808033639747808e-05,2.7996873673552525e-07,0.00022942844029229942,1.3808033642703776e-05,2.7996873797064836e-07,0.00022942844029216758,1.3808033642703776e-05,1.455573972464208e-06,0.0013439427460610887,0.13825950961336364,0.0006144499667333397,0.8897845681888036,5.551115123125783e-17,0.0,1.1102230246251565e-16,3.0,13,0.0,0,54.0,234
zalesak,15,5,5.716789813520369e-06,1.2610715775449033e-06,8.539053317701498e-05,5.7167898148691165e-06,1.2610715742766843e-06,8.539053317946355e-05,1.6428201583096325e-05,1.2610715742766843e-06,0.00022942844029216758,0.13825951241354656,0.0002284296013766002,0.8897845680226814,0.0,0.0,9.215718466126788e-19,4.0,13,0.0,0,54.0,234
zalesak,16,5,1.0845982147122957e-06,4.808107576361256e-07,1.2920156027777102e-05,1.0845982174600977e-06,4.808107547660256e-07,1.2920156031270835e-05,6.801388032329214e-06,1.540294391588759e-06,8.557657329788526e-05,0.13825951286751076,0.00011079761470715747,0.8897845679803196,5.551115123125783e-17,2.7755575615628914e-17,1.1102230246251565e-16,4.0,13,0.0,0,54.0,234
zalesak,17,5,2.0897849056702306e-07,1.0876506382822768e-07,3.749380171041289e-05,2.0897849140055769e-07,1.0876506451040768e-07,3.7493801713139874e-05,1.2935767088606553e-06,5.895758192764333e-07,5.333491888137587e-05,0.13825951299298925,0.00010487471261975854,0.8897845679545736,1.3877787807814457e-17,0.0,5.551115123125783e-17,3.0,12,0.0,0,54.0,234
zalesak,18,5,4.070073121847234e-08,2.4646874894739684e-08,1.0683835032290756e-05,4.070073345019409e-08,2.464687298697754e-08,1.0683835029112743e-05,2.496792248507518e-07,1.3341193749738522e-07,4.8177636742252616e-05,0.13825951308346673,0.00010487430016030416,0.8897845679534228,5.551115123125783e-17,5.551115123125783e-17,1.1102230246251565e-16,3.0,13,0.0,0,54.0,234
zalesak,19,5,1.4662638291029761e-08,8.001042623578813e-09,2.845957211561334e-06,1.4662639102880348e-08,8.001045159744535e-09,2.8459572121164456e-06,4.870177860993863e-08,2.4957699906735797e-08,1.3529792241229188e-05,0.13825951308475448,0.00010487424999133267,0.8897845679498005,5.551115123125783e-17,5.551115123125783e-17,1.1102230246251565e-16,3.0,13,0.0,0,54.0,234
zalesak,20,5,5.5600318403167814e-09,1.6764523796952702e-10,7.30539430338073e-07,5.560032434459572e-09,1.6764545307523804e-10,7.305394333911863e-07,1.7965056997581996e-08,8.001045159744535e-09,3.576496645507632e-06,0.13825951308496193,0.00010487425890363859,0.889784567949083,5.551115123125783e-17,1.3877787807814457e-17,5.551115123125783e-17,2.0,12,0.0,0,54.0,234
zalesak,21,5,1.3379710100264175e-09,5.870425673348834e-11,1.831859169562633e-07,1.3379732877183415e-09,5.870504082849948e-11,1.8318591799015849e-07,6.898005722177913e-09,2.1100277081131935e-10,9.137253513813448e-07,0.13825951308496193,0.00010487426115169632,0.8897845679507809,5.551115123125783e-17,1.3877787807814457e-17,5.551115123125783e-17,4.0,15,0.0,0,54.0,234
zalesak,22,5,1.8008242466671653e-10,5.87071190272237e-11,4.546174652009238e-08,1.800799509510398e-10,5.870504082849948e-11,4.546174636743672e-08,1.3319478853190958e-09,4.815348120246199e-11,2.286476643575952e-07,0.13825951308496193,0.00010487426115169632,0.889784567949083,1.3877787807814457e-17,0.0,5.551115123125783e-17,4.0,15,0.0,0,54.0,234
zalesak,23,5,1.753730841103085e-10,5.870425673348834e-11,1.1220844219061998e-08,1.7537615804030793e-10,5.870504082849948e-11,1.1220841145131999e-08,3.455156161180639e-10,1.1162626378791174e-11,5.6682587512568716e-08,0.13825951308496193,0.00010487426115169632,0.8897845679507809,5.551115123125783e-17,1.3877787807814457e-17,5.551115123125783e-17,4.0,15,0.0,0,54.0,234
zalesak,24,5,1.704478355332717e-10,5.87071190272237e-11,4.1982337745105625e-09,1.7044499145413283e-10,5.870504082849948e-11,4.198234648811194e-09,8.135714324453147e-11,1.2036593943776097e-11,1.3850680602445209e-08,0.13825951308496193,0.00010487426115169632,0.889784567949083,5.551115123125783e-17,1.3877787807814457e-17,5.551115123125783e-17,4.0,15,0.0,0,54.0,234
zalesak,25,5,1.750731504213121e-10,5.870425673348834e-11,1.6061603436146044e-09,1.7507062466393108e-10,5.870504082849948e-11,1.6061605379036337e-09,3.455156161180639e-10,1.2505552149377763e-11,5.804395186714828e-09,0.13825951308496193,0.00010487426115169632,0.8897845679507809,5.551115123125783e-17,1.3877787807814457e-17,5.551115123125783e-17,4.0,15,0.0,0,54.0,234
zalesak,26,5,1.7014047505939378e-10,5.87071190272237e-11,5.248856904671584e-10,1.70139458077756e-10,5.870504082849948e-11,5.248850243333436e-10,8.135714324453147e-11,1.1162626378791174e-11,2.1310455622369773e-09,0.13825951308496193,0.00010487426115169632,0.889784567949083,5.551115123125783e-17,1.3877787807814457e-17,5.551115123125783e-17,4.0,15,0.0,0,54.0,234
zalesak,27,5,1.753730841103085e-10,5.870425673348834e-11,2.110046512515673e-10,1.7537615804030793e-10,5.870504082849948e-11,2.1100277081131935e-10,3.455156161180639e-10,7.005951374594588e-12,7.35887795144663e-10,0.13825951308496193,0.00010487426115169632,0.8897845679507809,5.551115123125783e-17,1.3877787807814457e-17,5.551115123125783e-17,4.0,15,0.0,0,54.0,234
zalesak,28,5,8.91632254140795e-11,5.87071190272237e-11,1.704478355332717e-10,8.916600791053497e-11,5.870504082849948e-11,1.7044499145413283e-10,8.135714324453147e-11,1.2505552149377763e-11,2.1888268975089886e-10,0.13825951308496193,0.00010487426115169632,0.889784567949083,5.551115123125783e-17,1.3877787807814457e-17,5.551115123125783e-17,4.0,15,0.0,0,54.0,234
zalesak,29,5,5.870425673348834e-11,3.527594882868357e-11,1.750731504213121e-10,5.870504082849948e-11,3.5278446830488974e-11,1.7507062466393108e-10,8.772360615694197e-11,1.1162626378791174e-11,3.455156161180639e-10,0.13825951308496193,0.00010487426115169632,0.8897845679507809,5.551115123125783e-17,1.3877787807814457e-17,5.551115123125783e-17,4.0,15,0.0,0,54.0,234
zalesak,30,5,5.87071190272237e-11,3.527577535633597e-11,7.05246624987943e-11,5.870504082849948e-11,3.5278446830488974e-11,7.052136652418994e-11,2.7682744985213503e-11,7.005951374594588e-12,8.135714324453147e-11,0.13825951308496193,0.00010487426115169632,0.889784567949083,5.551115123125783e-17,1.3877787807814457e-17,5.551115123125783e-17,4.0,15,0.0,0,54.0,234
zalesak,31,5,3.527594882868357e-11,2.457630453311932e-11,5.870425673348834e-11,3.5278446830488974e-11,2.4577673229941865e-11,5.870504082849948e-11,1.2505552149377763e-11,2.1316282072803006e-12,8.548539653929765e-11,0.13825951308496193,0.00010487426115169632,0.8897845679507809,5.551115123125783e-17,1.3877787807814457e-17,5.551115123125783e-17,4.0,15,0.0,0,54.0,234
zalesak,32,5,3.527577535633597e-11,2.4577909152334598e-11,5.87071190272237e-11,3.5278446830488974e-11,2.4577673229941865e-11,5.870504082849948e-11,1.1162626378791174e-11,0.0,1.972466634470038e-11,0.13825951308496193,0.00010487426115169632,0.889784567949083,5.551115123125783e-17,1.3877787807814457e-17,5.551115123125783e-17,4.0,15,0.0,0,54.0,234
zalesak,33,5,3.527594882868357e-11,2.457630453311932e-11,5.870425673348834e-11,3.5278446830488974e-11,2.4577673229941865e-11,5.870504082849948e-11,7.005951374594588e-12,0.0,1.2043699371133698e-11,0.13825951308496193,0.00010487426115169632,0.8897845679507809,5.551115123125783e-17,1.3877787807814457e-17,5.551115123125783e-17,4.0,15,0.0,0,54.0,234
zalesak,34,5,3.527577535633597e-11,2.4577909152334598e-11,5.87071190272237e-11,3.5278446830488974e-11,2.4577673229941865e-11,5.870504082849948e-11,1.2505552149377763e-11,0.0,1.5056400570756523e-11,0.13825951308496193,0.00010487426115169632,0.889784567949083,5.551115123125783e-17,1.3877787807814457e-17,5.551115123125783e-17,4.0,15,0.0,0,54.0,234
zalesak,35,5,3.527594882868357e-11,2.457630453311932e-11,5.870425673348834e-11,3.5278446830488974e-11,2.4577673229941865e-11,5.870504082849948e-11,7.531752999057062e-12,0.0,1.1162626378791174e-11,0.13825951308496193,0.00010487426115169632,0.8897845679507809,5.551115123125783e-17,1.3877787807814457e-17,5.551115123125783e-17,4.0,15,0.0,0,54.0,234
zalesak,36,5,3.527577535633597e-11,2.4577909152334598e-11,5.87071190272237e-11,3.5278446830488974e-11,2.4577673229941865e-11,5.870504082849948e-11,7.005951374594588e-12,0.0,1.2043699371133698e-11,0.13825951308496193,0.00010487426115169632,0.889784567949083,5.551115123125783e-17,1.3877787807814457e-17,5.551115123125783e-17,4.0,15,0.0,0,54.0,234
zalesak,37,5,3.527594882868357e-11,2.457630453311932e-11,5.870425673348834e-11,3.5278446830488974e-11,2.4577673229941865e-11,5.870504082849948e-11,1.2505552149377763e-11,0.0,1.5056400570756523e-11,0.13825951308496193,0.00010487426115169632,0.8897845679507809,5.551115123125783e-17,1.3877787807814457e-17,5.551115123125783e-17,4.0,15,0.0,0,54.0,234
zalesak,38,5,3.527577535633597e-11,2.4577909152334598e-11,5.87071190272237e-11,3.5278446830488974e-11,2.4577673229941865e-11,5.870504082849948e-11,7.531752999057062e-12,0.0,1.1162626378791174e-11,0.13825951308496193,0.00010487426115169632,0.889784567949083,5.551115123125783e-17,1.3877787807814457e-17,5.551115123125783e-17,4.0,15,0.0,0,54.0,234
zalesak,39,5,3.527594882868357e-11,2.457630453311932e-11,5.870425673348834e-11,3.5278446830488974e-11,2.4577673229941865e-11,5.870504082849948e-11,7.005951374594588e-12,0.0,1.2043699371133698e-11,0.13825951308496193,0.00010487426115169632,0.8897845679507809,5.551115123125783e-17,1.3877787807814457e-17,5.551115123125783e-17,4.0,15,0.0,0,54.0,234
zalesak,40,5,3.527577535633597e-11,2.4577909152334598e-11,5.87071190272237e-11,3.5278446830488974e-11,2.4577673229941865e-11,5.870504082849948e-11,1.2505552149377763e-11,0.0,1.5056400570756523e-11,0.13825951308496193,0.00010487426115169632,0.889784567949083,5.551115123125783e-17,1.3877787807814457e-17,5.551115123125783e-17,4.0,15,0.0,0,54.0,234
zalesak,41,5,3.527594882868357e-11,2.457630453311932e-11,5.870425673348834e-11,3.5278446830488974e-11,2.4577673229941865e-11,5.870504082849948e-11,7.531752999057062e-12,0.0,1.1162626378791174e-11,0.13825951308496193,0.00010487426115169632,0.8897845679507809,5.551115123125783e-17,1.3877787807814457e-17,5.551115123125783e-17,4.0,15,0.0,0,54.0,234
zalesak,42,5,3.527577535633597e-11,2.4577909152334598e-11,5.87071190272237e-11,3.5278446830488974e-11,2.4577673229941865e-11,5.870504082849948e-11,7.005951374594588e-12,0.0,1.2043699371133698e-11,0.13825951308496193,0.00010487426115169632,0.889784567949083,5.551115123125783e-17,1.3877787807814457e-17,5.551115123125783e-17,4.0,15,0.0,0,54.0,234
zalesak,43,5,3.527594882868357e-11,2.457630453311932e-11,5.870425673348834e-11,3.5278446830488974e-11,2.4577673229941865e-11,5.870504082849948e-11,1.2505552149377763e-11,0.0,1.5056400570756523e-11,0.13825951308496193,0.00010487426115169632,0.8897845679507809,5.551115123125783e-17,1.3877787807814457e-17,5.551115123125783e-17,4.0,15,0.0,0,54.0,234
zalesak,44,5,3.527577535633597e-11,2.4577909152334598e-11,5.87071190272237e-11,3.5278446830488974e-11,2.4577673229941865e-11,5.870504082849948e-11,7.531752999057062e-12,0.0,1.1162626378791174e-11,0.13825951308496193,0.00010487426115169632,0.889784567949083,5.551115123125783e-17,1.3877787807814457e-17,5.551115123125783e-17,4.0,15,0.0,0,54.0,234
zalesak,45,5,3.527594882868357e-11,2.457630453311932e-11,5.870425673348834e-11,3.5278446830488974e-11,2.4577673229941865e-11,5.870504082849948e-11,7.005951374594588e-12,0.0,1.2043699371133698e-11,0.13825951308496193,0.00010487426115169632,0.8897845679507809,5.551115123125783e-17,1.3877787807814457e-17,5.551115123125783e-17,4.0,15,0.0,0,54.0,234
zalesak,46,5,3.527577535633597e-11,2.4577909152334598e-11,5.87071190272237e-11,3.5278446830488974e-11,2.4577673229941865e-11,5.870504082849948e-11,1.2505552149377763e-11,0.0,1.5056400570756523e-11,0.13825951308496193,0.00010487426115169632,0.889784567949083,5.551115123125783e-17,1.3877787807814457e-17,5.551115123125783e-17,4.0,15,0.0,0,54.0,234
zalesak,47,5,3.527594882868357e-11,2.457630453311932e-11,5.870425673348834e-11,3.5278446830488974e-11,2.4577673229941865e-11,5.870504082849948e-11,7.531752999057062e-12,0.0,1.1162626378791174e-11,0.13825951308496193,0.00010487426115169632,0.8897845679507809,5.551115123125783e-17,1.3877787807814457e-17,5.551115123125783e-17,4.0,15,0.0,0,54.0,234
zalesak,48,5,3.527577535633597e-11,2.4577909152334598e-11,5.87071190272237e-11,3.5278446830488974e-11,2.4577673229941865e-11,5.870504082849948e-11,7.005951374594588e-12,0.0,1.2043699371133698e-11,0.13825951308496193,0.00010487426115169632,0.889784567949083,5.551115123125783e-17,1.3877787807814457e-17,5.551115123125783e-17,4.0,15,0.0,0,54.0,234
zalesak,49,5,3.527594882868357e-11,2.457630453311932e-11,5.870425673348834e-11,3.5278446830488974e-11,2.4577673229941865e-11,5.870504082849948e-11,1.2505552149377763e-11,0.0,1.5056400570756523e-11,0.13825951308496193,0.00010487426115169632,0.8897845679507809,5.551115123125783e-17,1.3877787807814457e-17,5.551115123125783e-17,4.0,15,0.0,0,54.0,234
zalesak,50,5,3.527577535633597e-11,2.4577909152334598e-11,5.87071190272237e-11,3.5278446830488974e-11,2.4577673229941865e-11,5.870504082849948e-11,7.531752999057062e-12,0.0,1.1162626378791174e-11,0.13825951308496193,0.00010487426115169632,0.889784567949083,5.551115123125783e-17,1.3877787807814457e-17,5.551115123125783e-17,4.0,15,0.0,0,54.0,234
zalesak,51,5,3.527594882868357e-11,2.457630453311932e-11,5.870425673348834e-11,3.5278446830488974e-11,2.4577673229941865e-11,5.870504082849948e-11,7.005951374594588e-12,0.0,1.2043699371133698e-11,0.13825951308496193,0.00010487426115169632,0.8897845679507809,5.551115123125783e-17,1.3877787807814457e-17,5.551115123125783e-17,4.0,15,0.0,0,54.0,234
zalesak,52,5,3.527577535633597e-11,2.4577909152334598e-11,5.87071190272237e-11,3.5278446830488974e-11,2.4577673229941865e-11,5.870504082849948e-11,1.2505552149377763e-11,0.0,1.5056400570756523e-11,0.13825951308496193,0.00010487426115169632,0.889784567949083,5.551115123125783e-17,1.3877787807814457e-17,5.551115123125783e-17,4.0,15,0.0,0,54.0,234
zalesak,53,5,3.527594882868357e-11,2.457630453311932e-11,5.870425673348834e-11,3.5278446830488974e-11,2.4577673229941865e-11,5.870504082849948e-11,7.531752999057062e-12,0.0,1.1162626378791174e-11,0.13825951308496193,0.00010487426115169632,0.8897845679507809,5.551115123125783e-17,1.3877787807814457e-17,5.551115123125783e-17,4.0,15,0.0,0,54.0,234
zalesak,54,5,3.527577535633597e-11,2.4577909152334598e-11,5.87071190272237e-11,3.5278446830488974e-11,2.4577673229941865e-11,5.870504082849948e-11,7.005951374594588e-12,0.0,1.2043699371133698e-11,0.13825951308496193,0.00010487426115169632,0.889784567949083,5.551115123125783e-17,1.3877787807814457e-17,5.551115123125783e-17,4.0,15,0.0,0,54.0,234
zalesak,55,5,3.527594882868357e-11,2.457630453311932e-11,5.870425673348834e-11,3.5278446830488974e-11,2.4577673229941865e-11,5.870504082849948e-11,1.2505552149377763e-11,0.0,1.5056400570756523e-11,0.13825951308496193,0.00010487426115169632,0.8897845679507809,5.551115123125783e-17,1.3877787807814457e-17,5.551115123125783e-17,4.0,15,0.0,0,54.0,234
zalesak,56,5,3.527577535633597e-11,2.4577909152334598e-11,5.87071190272237e-11,3.5278446830488974e-11,2.4577673229941865e-11,5.870504082849948e-11,7.531752999057062e-12,0.0,1.1162626378791174e-11,0.13825951308496193,0.00010487426115169632,0.889784567949083,5.551115123125783e-17,1.3877787807814457e-17,5.551115123125783e-17,4.0,15,0.0,0,54.0,234
zalesak,57,5,3.527594882868357e-11,2.457630453311932e-11,5.870425673348834e-11,3.5278446830488974e-11,2.4577673229941865e-11,5.870504082849948e-11,7.005951374594588e-12,0.0,1.2043699371133698e-11,0.13825951308496193,0.00010487426115169632,0.8897845679507809,5.551115123125783e-17,1.3877787807814457e-17,5.551115123125783e-17,4.0,15,0.0,0,54.0,234
zalesak,58,5,3.527577535633597e-11,2.4577909152334598e-11,5.87071190272237e-11,3.5278446830488974e-11,2.4577673229941865e-11,5.870504082849948e-11,1.2505552149377763e-11,0.0,1.5056400570756523e-11,0.13825951308496193,0.00010487426115169632,0.889784567949083,5.551115123125783e-17,1.3877787807814457e-17,5.551115123125783e-17,4.0,15,0.0,0,54.0,234
zalesak,59,5,3.527594882868357e-11,2.457630453311932e-11,5.870425673348834e-11,3.5278446830488974e-11,2.4577673229941865e-11,5.870504082849948e-11,7.531752999057062e-12,0.0,1.1162626378791174e-11,0.13825951308496193,0.00010487426115169632,0.8897845679507809,5.551115123125783e-17,1.3877787807814457e-17,5.551115123125783e-17,4.0,15,0.0,0,54.0,234
zalesak,60,5,3.527577535633597e-11,2.4577909152334598e-11,5.87071190272237e-11,3.5278446830488974e-11,2.4577673229941865e-11,5.870504082849948e-11,7.005951374594588e-12,0.0,1.2043699371133698e-11,0.13825951308496193,0.00010487426115169632,0.889784567949083,5.551115123125783e-17,1.3877787807814457e-17,5.551115123125783e-17,4.0,15,0.0,0,54.0,234
zalesak,61,5,3.527594882868357e-11,2.457630453311932e-11,5.870425673348834e-11,3.5278446830488974e-11,2.4577673229941865e-11,5.870504082849948e-11,1.2505552149377763e-11,0.0,1.5056400570756523e-11,0.13825951308496193,0.00010487426115169632,0.8897845679507809,5.551115123125783e-17,1.3877787807814457e-17,5.551115123125783e-17,4.0,15,0.0,0,54.0,234
zalesak,62,5,3.527577535633597e-11,2.4577909152334598e-11,5.87071190272237e-11,3.5278446830488974e-11,2.4577673229941865e-11,5.870504082849948e-11,7.531752999057062e-12,0.0,1.1162626378791174e-11,0.13825951308496193,0.00010487426115169632,0.889784567949083,5.551115123125783e-17,1.3877787807814457e-17,5.551115123125783e-17,4.0,15,0.0,0,54.0,234
zalesak,63,5,3.527594882868357e-11,2.457630453311932e-11,5.870425673348834e-11,3.5278446830488974e-11,2.4577673229941865e-11,5.870504082849948e-11,7.005951374594588e-12,0.0,1.2043699371133698e-11,0.13825951308496193,0.00010487426115169632,0.8897845679507809,5.551115123125783e-17,1.3877787807814457e-17,5.551115123125783e-17,4.0,15,0.0,0,54.0,234
zalesak,64,5,3.527577535633597e-11,2.4577909152334598e-11,5.87071190272237e-11,3.5278446830488974e-11,2.4577673229941865e-11,5.870504082849948e-11,1.2505552149377763e-11,0.0,1.5056400570756523e-11,0.13825951308496193,0.00010487426115169632,0.889784567949083,5.551115123125783e-17,1.3877787807814457e-17,5.551115123125783e-17,4.0,15,0.0,0,54.0,234
zalesak,65,5,3.527594882868357e-11,2.457630453311932e-11,5.870425673348834e-11,3.5278446830488974e-11,2.4577673229941865e-11,5.870504082849948e-11,7.531752999057062e-12,0.0,1.1162626378791174e-11,0.13825951308496193,0.00010487426115169632,0.8897845679507809,5.551115123125783e-17,1.3877787807814457e-17,5.551115123125783e-17,4.0,15,0.0,0,54.0,234
zalesak,66,5,3.527577535633597e-11,2.4577909152334598e-11,5.87071190272237e-11,3.5278446830488974e-11,2.4577673229941865e-11,5.870504082849948e-11,7.005951374594588e-12,0.0,1.2043699371133698e-11,0.13825951308496193,0.00010487426115169632,0.889784567949083,5.551115123125783e-17,1.3877787807814457e-17,5.551115123125783e-17,4.0,15,0.0,0,54.0,234
zalesak,67,5,3.527594882868357e-11,2.457630453311932e-11,5.870425673348834e-11,3.5278446830488974e-11,2.4577673229941865e-11,5.870504082849948e-11,1.2505552149377763e-11,0.0,1.5056400570756523e-11,0.13825951308496193,0.00010487426115169632,0.8897845679507809,5.551115123125783e-17,1.3877787807814457e-17,5.551115123125783e-17,4.0,15,0.0,0,54.0,234
zalesak,68,5,3.527577535633597e-11,2.4577909152334598e-11,5.87071190272237e-11,3.5278446830488974e-11,2.4577673229941865e-11,5.870504082849948e-11,7.531752999057062e-12,0.0,1.1162626378791174e-11,0.13825951308496193,0.00010487426115169632,0.889784567949083,5.551115123125783e-17,1.3877787807814457e-17,5.551115123125783e-17,4.0,15,0.0,0,54.0,234
zalesak,69,5,3.527594882868357e-11,2.457630453311932e-11,5.870425673348834e-11,3.5278446830488974e-11,2.4577673229941865e-11,5.870504082849948e-11,7.005951374594588e-12,0.0,1.2043699371133698e-11,0.13825951308496193,0.00010487426115169632,0.8897845679507809,5.551115123125783e-17,1.3877787807814457e-17,5.551115123125783e-17,4.0,15,0.0,0,54.0,234
zalesak,70,5,3.527577535633597e-11,2.4577909152334598e-11,5.87071190272237e-11,3.5278446830488974e-11,2.4577673229941865e-11,5.870504082849948e-11,1.2505552149377763e-11,0.0,1.5056400570756523e-11,0.13825951308496193,0.00010487426115169632,0.889784567949083,5.551115123125783e-17,1.3877787807814457e-17,5.551115123125783e-17,4.0,15,0.0,0,54.0,234
zalesak,71,5,3.527594882868357e-11,2.457630453311932e-11,5.870425673348834e-11,3.5278446830488974e-11,2.4577673229941865e-11,5.870504082849948e-11,7.531752999057062e-12,0.0,1.1162626378791174e-11,0.13825951308496193,0.00010487426115169632,0.8897845679507809,5.551115123125783e-17,1.3877787807814457e-17,5.551115123125783e-17,4.0,15,0.0,0,54.0,234
zalesak,72,5,3.527577535633597e-11,2.4577909152334598e-11,5.87071190272237e-11,3.5278446830488974e-11,2.4577673229941865e-11,5.870504082849948e-11,7.005951374594588e-12,0.0,1.2043699371133698e-11,0.13825951308496193,0.00010487426115169632,0.889784567949083,5.551115123125783e-17,1.3877787807814457e-17,5.551115123125783e-17,4.0,15,0.0,0,54.0,234
zalesak,73,5,3.527594882868357e-11,2.457630453311932e-11,5.870425673348834e-11,3.5278446830488974e-11,2.4577673229941865e-11,5.870504082849948e-11,1.2505552149377763e-11,0.0,1.5056400570756523e-11,0.13825951308496193,0.00010487426115169632,0.8897845679507809,5.551115123125783e-17,1.3877787807814457e-17,5.551115123125783e-17,4.0,15,0.0,0,54.0,234
zalesak,74,5,3.527577535633597e-11,2.4577909152334598e-11,5.87071190272237e-11,3.5278446830488974e-11,2.4577673229941865e-11,5.870504082849948e-11,7.531752999057062e-12,0.0,1.1162626378791174e-11,0.13825951308496193,0.00010487426115169632,0.889784567949083,5.551115123125783e-17,1.3877787807814457e-17,5.551115123125783e-17,4.0,15,0.0,0,54.0,234
zalesak,75,5,3.527594882868357e-11,2.457630453311932e-11,5.870425673348834e-11,3.5278446830488974e-11,2.4577673229941865e-11,5.870504082849948e-11,7.005951374594588e-12,0.0,1.2043699371133698e-11,0.13825951308496193,0.00010487426115169632,0.8897845679507809,5.551115123125783e-17,1.3877787807814457e-17,5.551115123125783e-17,4.0,15,0.0,0,54.0,234
zalesak,76,5,3.527577535633597e-11,2.4577909152334598e-11,5.87071190272237e-11,3.5278446830488974e-11,2.4577673229941865e-11,5.870504082849948e-11,1.2505552149377763e-11,0.0,1.5056400570756523e-11,0.13825951308496193,0.00010487426115169632,0.889784567949083,5.551115123125783e-17,1.3877787807814457e-17,5.551115123125783e-17,4.0,15,0.0,0,54.0,234
zalesak,77,5,3.527594882868357e-11,2.457630453311932e-11,5.870425673348834e-11,3.5278446830488974e-11,2.4577673229941865e-11,5.870504082849948e-11,7.531752999057062e-12,0.0,1.1162626378791174e-11,0.13825951308496193,0.00010487426115169632,0.8897845679507809,5.551115123125783e-17,1.3877787807814457e-17,5.551115123125783e-17,4.0,15,0.0,0,54.0,234
zalesak,78,5,3.527577535633597e-11,2.4577909152334598e-11,5.87071190272237e-11,3.5278446830488974e-11,2.4577673229941865e-11,5.870504082849948e-11,7.005951374594588e-12,0.0,1.2043699371133698e-11,0.13825951308496193,0.00010487426115169632,0.889784567949083,5.551115123125783e-17,1.3877787807814457e-17,5.551115123125783e-17,4.0,15,0.0,0,54.0,234
zalesak,79,5,3.527594882868357e-11,2.457630453311932e-11,5.870425673348834e-11,3.5278446830488974e-11,2.4577673229941865e-11,5.870504082849948e-11,1.2505552149377763e-11,0.0,1.5056400570756523e-11,0.13825951308496193,0.00010487426115169632,0.8897845679507809,5.551115123125783e-17,1.3877787807814457e-17,5.551115123125783e-17,4.0,15,0.0,0,54.0,234
zalesak,80,5,3.527577535633597e-11,2.4577909152334598e-11,5.87071190272237e-11,3.5278446830488974e-11,2.4577673229941865e-11,5.870504082849948e-11,7.531752999057062e-12,0.0,1.1162626378791174e-11,0.13825951308496193,0.00010487426115169632,0.889784567949083,5.551115123125783e-17,1.3877787807814457e-17,5.551115123125783e-17,4.0,15,0.0,0,54.0,234
zalesak,81,5,3.527594882868357e-11,2.457630453311932e-11,5.870425673348834e-11,3.5278446830488974e-11,2.4577673229941865e-11,5.870504082849948e-11,7.005951374594588e-12,0.0,1.2043699371133698e-11,0.13825951308496193,0.00010487426115169632,0.8897845679507809,5.551115123125783e-17,1.3877787807814457e-17,5.551115123125783e-17,4.0,15,0.0,0,54.0,234
zalesak,82,5,3.527577535633597e-11,2.4577909152334598e-11,5.87071190272237e-11,3.5278446830488974e-11,2.4577673229941865e-11,5.870504082849948e-11,1.2505552149377763e-11,0.0,1.5056400570756523e-11,0.13825951308496193,0.00010487426115169632,0.889784567949083,5.551115123125783e-17,1.3877787807814457e-17,5.551115123125783e-17,4.0,15,0.0,0,54.0,234
zalesak,83,5,3.527594882868357e-11,2.457630453311932e-11,5.870425673348834e-11,3.5278446830488974e-11,2.4577673229941865e-11,5.870504082849948e-11,7.531752999057062e-12,0.0,1.1162626378791174e-11,0.13825951308496193,0.00010487426115169632,0.8897845679507809,5.551115123125783e-17,1.3877787807814457e-17,5.551115123125783e-17,4.0,15,0.0,0,54.0,234
zalesak,84,5,3.527577535633597e-11,2.4577909152334598e-11,5.87071190272237e-11,3.5278446830488974e-11,2.4577673229941865e-11,5.870504082849948e-11,7.005951374594588e-12,0.0,1.2043699371133698e-11,0.13825951308496193,0.00010487426115169632,0.889784567949083,5.551115123125783e-17,1.3877787807814457e-17,5.551115123125783e-17,4.0,15,0.0,0,54.0,234
zalesak,85,5,3.527594882868357e-11,2.457630453311932e-11,5.870425673348834e-11,3.5278446830488974e-11,2.4577673229941865e-11,5.870504082849948e-11,1.2505552149377763e-11,0.0,1.5056400570756523e-11,0.13825951308496193,0.00010487426115169632,0.8897845679507809,5.551115123125783e-17,1.3877787807814457e-17,5.551115123125783e-17,4.0,15,0.0,0,54.0,234
zalesak,86,5,3.527577535633597e-11,2.4577909152334598e-11,5.87071190272237e-11,3.5278446830488974e-11,2.4577673229941865e-11,5.870504082849948e-11,7.531752999057062e-12,0.0,1.1162626378791174e-11,0.13825951308496193,0.00010487426115169632,0.889784567949083,5.551115123125783e-17,1.3877787807814457e-17,5.551115123125783e-17,4.0,15,0.0,0,54.0,234
zalesak,87,5,3.527594882868357e-11,2.457630453311932e-11,5.870425673348834e-11,3.5278446830488974e-11,2.4577673229941865e-11,5.870504082849948e-11,7.005951374594588e-12,0.0,1.2043699371133698e-11,0.13825951308496193,0.00010487426115169632,0.8897845679507809,5.551115123125783e-17,1.3877787807814457e-17,5.551115123125783e-17,4.0,15,0.0,0,54.0,234
zalesak,88,5,3.527577535633597e-11,2.4577909152334598e-11,5.87071190272237e-11,3.5278446830488974e-11,2.4577673229941865e-11,5.870504082849948e-11,1.2505552149377763e-11,0.0,1.5056400570756523e-11,0.13825951308496193,0.00010487426115169632,0.889784567949083,5.551115123125783e-17,1.3877787807814457e-17,5.551115123125783e-17,4.0,15,0.0,0,54.0,234
zalesak,89,5,3.527594882868357e-11,2.457630453311932e-11,5.870425673348834e-11,3.5278446830488974e-11,2.4577673229941865e-11,5.870504082849948e-11,7.531752999057062e-12,0.0,1.1162626378791174e-11,0.13825951308496193,0.00010487426115169632,0.8897845679507809,5.551115123125783e-17,1.3877787807814457e-17,5.551115123125783e-17,4.0,15,0.0,0,54.0,234
zalesak,90,5,3.527577535633597e-11,2.4577909152334598e-11,5.87071190272237e-11,3.5278446830488974e-11,2.4577673229941865e-11,5.870504082849948e-11,7.005951374594588e-12,0.0,1.2043699371133698e-11,0.13825951308496193,0.00010487426115169632,0.889784567949083,5.551115123125783e-17,1.3877787807814457e-17,5.551115123125783e-17,4.0,15,0.0,0,54.0,234
zalesak,91,5,3.527594882868357e-11,2.457630453311932e-11,5.870425673348834e-11,3.5278446830488974e-11,2.4577673229941865e-11,5.870504082849948e-11,1.2505552149377763e-11,0.0,1.5056400570756523e-11,0.13825951308496193,0.00010487426115169632,0.8897845679507809,5.551115123125783e-17,1.3877787807814457e-17,5.551115123125783e-17,4.0,15,0.0,0,54.0,234
zalesak,92,5,3.527577535633597e-11,2.4577909152334598e-11,5.87071190272237e-11,3.5278446830488974e-11,2.4577673229941865e-11,5.870504082849948e-11,7.531752999057062e-12,0.0,1.1162626378791174e-11,0.13825951308496193,0.00010487426115169632,0.889784567949083,5.551115123125783e-17,1.3877787807814457e-17,5.551115123125783e-17,4.0,15,0.0,0,54.0,234
zalesak,93,5,3.527594882868357e-11,2.457630453311932e-11,5.870425673348834e-11,3.5278446830488974e-11,2.4577673229941865e-11,5.870504082849948e-11,7.005951374594588e-12,0.0,1.2043699371133698e-11,0.13825951308496193,0.00010487426115169632,0.8897845679507809,5.551115123125783e-17,1.3877787807814457e-17,5.551115123125783e-17,4.0,15,0.0,0,54.0,234
zalesak,94,5,3.527577535633597e-11,2.4577909152334598e-11,5.87071190272237e-11,3.5278446830488974e-11,2.4577673229941865e-11,5.870504082849948e-11,1.2505552149377763e-11,0.0,1.5056400570756523e-11,0.13825951308496193,0.00010487426115169632,0.889784567949083,5.551115123125783e-17,1.3877787807814457e-17,5.551115123125783e-17,4.0,15,0.0,0,54.0,234
zalesak,95,5,3.527594882868357e-11,2.457630453311932e-11,5.870425673348834e-11,3.5278446830488974e-11,2.4577673229941865e-11,5.870504082849948e-11,7.531752999057062e-12,0.0,1.1162626378791174e-11,0.13825951308496193,0.00010487426115169632,0.8897845679507809,5.551115123125783e-17,1.3877787807814457e-17,5.551115123125783e-17,4.0,15,0.0,0,54.0,234
zalesak,96,5,3.527577535633597e-11,2.4577909152334598e-11,5.87071190272237e-11,3.5278446830488974e-11,2.4577673229941865e-11,5.870504082849948e-11,7.005951374594588e-12,0.0,1.2043699371133698e-11,0.13825951308496193,0.00010487426115169632,0.889784567949083,5.551115123125783e-17,1.3877787807814457e-17,5.551115123125783e-17,4.0,15,0.0,0,54.0,234
zalesak,97,5,3.527594882868357e-11,2.457630453311932e-11,5.870425673348834e-11,3.5278446830488974e-11,2.4577673229941865e-11,5.870504082849948e-11,1.2505552149377763e-11,0.0,1.5056400570756523e-11,0.13825951308496193,0.00010487426115169632,0.8897845679507809,5.551115123125783e-17,1.3877787807814457e-17,5.551115123125783e-17,4.0,15,0.0,0,54.0,234
zalesak,98,5,3.527577535633597e-11,2.4577909152334598e-11,5.87071190272237e-11,3.5278446830488974e-11,2.4577673229941865e-11,5.870504082849948e-11,7.531752999057062e-12,0.0,1.1162626378791174e-11,0.13825951308496193,0.00010487426115169632,0.889784567949083,5.551115123125783e-17,1.3877787807814457e-17,5.551115123125783e-17,4.0,15,0.0,0,54.0,234
zalesak,99,5,3.527594882868357e-11,2.457630453311932e-11,5.870425673348834e-11,3.5278446830488974e-11,2.4577673229941865e-11,5.870504082849948e-11,7.005951374594588e-12,0.0,1.2043699371133698e-11,0.13825951308496193,0.00010487426115169632,0.8897845679507809,5.551115123125783e-17,1.3877787807814457e-17,5.551115123125783e-17,4.0,15,0.0,0,54.0,234
zalesak,100,5,3.527577535633597e-11,2.4577909152334598e-11,5.87071190272237e-11,3.5278446830488974e-11,2.4577673229941865e-11,5.870504082849948e-11,1.2505552149377763e-11,0.0,1.5056400570756523e-11,0.13825951308496193,0.00010487426115169632,0.889784567949083,5.551115123125783e-17,1.3877787807814457e-17,5.551115123125783e-17,4.0,15,0.0,0,54.0,234
