benchmark,case_index,cells_per_side,sweep,updates,misses,multiple_root_updates,root_branch_switches,max_update_displacement,mean_update_displacement,max_net_endpoint_displacement,max_two_sweep_endpoint_displacement,mean_c1_mismatch_before,max_c1_mismatch_before,mean_c1_mismatch_after,max_c1_mismatch_after,max_area_residual
circles,0,64,1,46,2,17,0,0.05739627069335227,0.02381710890703194,0.05739627069335285,0.0,0.2876907005498599,0.9401819199809751,0.0538751618493176,0.630202188054827,0.0
circles,0,64,2,47,1,17,0,0.015675415555000197,0.005048554838729311,0.015675415555001848,0.04911728152725914,0.0538751618493176,0.630202188054827,0.021455926667940457,0.6297823362579638,0.0
circles,0,64,3,45,3,17,0,0.003352760577964454,0.0009671202022467655,0.003352760577961078,0.01693508266028232,0.021455926667940457,0.6297823362579638,0.015282374250005814,0.6289984881854928,0.0
circles,0,64,4,48,0,17,0,0.02263697782901187,0.0007804755287809335,0.022636977829009197,0.022636977829009197,0.015282374250005814,0.6289984881854928,0.007483919555294182,0.31876413825180183,0.0
circles,0,64,5,47,1,17,0,0.015237473542141977,0.0005375531963536539,0.01523747354214322,0.027973746375224096,0.007483919555294182,0.31876413825180183,0.0019897243953181476,0.07019643991227413,0.0
circles,0,64,6,48,0,17,0,0.0029083018696603245,0.00015916196724967283,0.002908301869659624,0.018145775411802845,0.0019897243953181476,0.07019643991227413,0.000577768950938248,0.016218387568299804,0.0
circles,0,64,7,46,2,18,0,0.0009107652433948399,5.5253005780488285e-05,0.0009107652433968383,0.0035663032816870555,0.000577768950938248,0.016218387568299804,0.000264939951200094,0.00810126076777718,0.0
circles,0,64,8,45,3,18,0,0.0003240890080546434,1.648400511215278e-05,0.00032408900805336316,0.0012348542514502014,0.000264939951200094,0.00810126076777718,0.0002215156800233673,0.008166624823098895,0.0
circles,0,64,9,47,1,18,0,9.583972857231046e-05,6.547935619486406e-06,9.583972857285517e-05,0.0004199287366262183,0.0002215156800233673,0.008166624823098895,0.00019068667208744765,0.008175826967003287,0.0
circles,0,64,10,47,1,18,0,0.0003110341090625107,9.477819634312984e-06,0.0003110341090604152,0.0003110341090604152,0.00019068667208744765,0.008175826967003287,9.060275059658627e-05,0.0038626378762700443,0.0
circles,0,64,11,46,2,18,0,0.0001514957034816941,5.558743434758678e-06,0.00015149570348427233,0.0003814834065636319,9.060275059658627e-05,0.0038626378762700443,2.894727610786528e-05,0.0008721981828898677,0.0
circles,0,64,12,47,1,18,0,3.477263857782839e-05,1.6695672886892222e-06,3.477263857831758e-05,0.0001862683420625899,2.894727610786528e-05,0.0008721981828898677,1.3413785134535325e-05,0.00036504113856685675,0.0
circles,0,64,13,45,3,18,0,9.024017012804197e-06,5.499851230522344e-07,9.02401701097233e-06,4.288703271271288e-05,1.3413785134535325e-05,0.00036504113856685675,1.0341662689815229e-05,0.00036506421454920865,0.0
circles,0,64,14,46,2,18,0,3.5648833401728808e-06,1.659310708398771e-07,3.56488334318783e-06,1.258890035416016e-05,1.0341662689815229e-05,0.00036506421454920865,9.898318717451598e-06,0.00036507038399455057,0.0
circles,0,64,15,46,2,18,0,1.1046627945709986e-06,5.048710161617546e-08,1.104662793238731e-06,4.669546136426561e-06,9.898318717451598e-06,0.00036507038399455057,9.769189825494576e-06,0.0003650720984875434,0.0
circles,0,64,16,45,3,18,0,2.1241416715833683e-07,1.2607640434155681e-08,2.1241416447992378e-07,1.3081280272331242e-06,9.769189825494576e-06,0.0003650720984875434,9.738008693541989e-06,0.0003650719491206761,0.0
circles,0,64,17,45,3,18,0,4.508258271904153e-08,2.6973567075071857e-09,4.5082579447353055e-08,2.5749674392727684e-07,9.738008693541989e-06,0.0003650719491206761,9.731295277780204e-06,0.0003650719677614667,0.0
circles,0,64,18,45,3,18,0,9.434250602957661e-09,5.715218871318333e-10,9.434252490336803e-09,5.451683193768986e-08,9.731295277780204e-06,0.0003650719677614667,9.729852274245967e-06,0.0003650719598577142,0.0
circles,0,64,19,45,3,18,0,1.9873481332810528e-09,1.2630878090168063e-10,1.9873453993568546e-09,1.1421597889693658e-08,9.729852274245967e-06,0.0003650719598577142,9.729602913135019e-06,0.0003650719691262367,0.0
circles,0,64,20,45,3,18,0,4.148755991528752e-10,2.8042203614163836e-11,4.148787979829649e-10,2.4022241973398195e-09,9.729602913135019e-06,0.0003650719691262367,9.72952473021786e-06,0.0003650719599146091,0.0
circles,0,64,21,45,3,18,0,9.501956513280341e-11,6.7527832525187004e-12,9.50208800531982e-11,5.098996780361631e-10,9.72952473021786e-06,0.0003650719599146091,9.72952582455563e-06,0.0003650719691262367,0.0
circles,0,64,22,45,3,18,0,5.915979511827985e-11,2.547703921864591e-12,5.915978817938594e-11,1.1677059319481486e-10,9.72952582455563e-06,0.0003650719691262367,9.729509455521172e-06,0.0003650719599146091,0.0
circles,0,64,23,45,3,18,0,5.91630910928842e-11,2.5291038312610617e-12,5.915978817938594e-11,3.037570195374428e-11,9.729509455521172e-06,0.0003650719599146091,9.729523367213526e-06,0.0003650719691262367,0.0
circles,0,64,24,45,3,18,0,5.915979511827985e-11,1.9799997627193175e-12,5.915978817938594e-11,2.0818902157770935e-11,9.729523367213526e-06,0.0003650719691262367,9.729507623392547e-06,0.0003650719599146091,0.0
circles,0,64,25,45,3,18,0,5.91630910928842e-11,1.7785405430425444e-12,5.915978817938594e-11,8.476774837617995e-12,9.729507623392547e-06,0.0003650719599146091,9.729522623971704e-06,0.0003650719691262367,0.0
circles,0,64,26,45,3,18,0,5.915979511827985e-11,1.7784962112203805e-12,5.915978817938594e-11,0.0,9.729522623971704e-06,0.0003650719691262367,9.729507623392547e-06,0.0003650719599146091,0.0
circles,0,64,27,45,3,18,0,5.91630910928842e-11,1.7785405430425444e-12,5.915978817938594e-11,0.0,9.729507623392547e-06,0.0003650719599146091,9.729522623971704e-06,0.0003650719691262367,0.0
circles,0,64,28,45,3,18,0,5.915979511827985e-11,1.7784962112203805e-12,5.915978817938594e-11,0.0,9.729522623971704e-06,0.0003650719691262367,9.729507623392547e-06,0.0003650719599146091,0.0
circles,0,64,29,45,3,18,0,5.91630910928842e-11,1.7785405430425444e-12,5.915978817938594e-11,0.0,9.729507623392547e-06,0.0003650719599146091,9.729522623971704e-06,0.0003650719691262367,0.0
circles,0,64,30,45,3,18,0,5.915979511827985e-11,1.7784962112203805e-12,5.915978817938594e-11,0.0,9.729522623971704e-06,0.0003650719691262367,9.729507623392547e-06,0.0003650719599146091,0.0
circles,0,64,31,45,3,18,0,5.91630910928842e-11,1.7785405430425444e-12,5.915978817938594e-11,0.0,9.729507623392547e-06,0.0003650719599146091,9.729522623971704e-06,0.0003650719691262367,0.0
circles,0,64,32,45,3,18,0,5.915979511827985e-11,1.7784962112203805e-12,5.915978817938594e-11,0.0,9.729522623971704e-06,0.0003650719691262367,9.729507623392547e-06,0.0003650719599146091,0.0
circles,0,64,33,45,3,18,0,5.91630910928842e-11,1.7785405430425444e-12,5.915978817938594e-11,0.0,9.729507623392547e-06,0.0003650719599146091,9.729522623971704e-06,0.0003650719691262367,0.0
circles,0,64,34,45,3,18,0,5.915979511827985e-11,1.7784962112203805e-12,5.915978817938594e-11,0.0,9.729522623971704e-06,0.0003650719691262367,9.729507623392547e-06,0.0003650719599146091,0.0
circles,0,64,35,45,3,18,0,5.91630910928842e-11,1.7785405430425444e-12,5.915978817938594e-11,0.0,9.729507623392547e-06,0.0003650719599146091,9.729522623971704e-06,0.0003650719691262367,0.0
circles,0,64,36,45,3,18,0,5.915979511827985e-11,1.7784962112203805e-12,5.915978817938594e-11,0.0,9.729522623971704e-06,0.0003650719691262367,9.729507623392547e-06,0.0003650719599146091,0.0
circles,0,64,37,45,3,18,0,5.91630910928842e-11,1.7785405430425444e-12,5.915978817938594e-11,0.0,9.729507623392547e-06,0.0003650719599146091,9.729522623971704e-06,0.0003650719691262367,0.0
circles,0,64,38,45,3,18,0,5.915979511827985e-11,1.7784962112203805e-12,5.915978817938594e-11,0.0,9.729522623971704e-06,0.0003650719691262367,9.729507623392547e-06,0.0003650719599146091,0.0
circles,0,64,39,45,3,18,0,5.91630910928842e-11,1.7785405430425444e-12,5.915978817938594e-11,0.0,9.729507623392547e-06,0.0003650719599146091,9.729522623971704e-06,0.0003650719691262367,0.0
circles,0,64,40,45,3,18,0,5.915979511827985e-11,1.7784962112203805e-12,5.915978817938594e-11,0.0,9.729522623971704e-06,0.0003650719691262367,9.729507623392547e-06,0.0003650719599146091,0.0
circles,0,64,41,45,3,18,0,5.91630910928842e-11,1.7785405430425444e-12,5.915978817938594e-11,0.0,9.729507623392547e-06,0.0003650719599146091,9.729522623971704e-06,0.0003650719691262367,0.0
circles,0,64,42,45,3,18,0,5.915979511827985e-11,1.7784962112203805e-12,5.915978817938594e-11,0.0,9.729522623971704e-06,0.0003650719691262367,9.729507623392547e-06,0.0003650719599146091,0.0
circles,0,64,43,45,3,18,0,5.91630910928842e-11,1.7785405430425444e-12,5.915978817938594e-11,0.0,9.729507623392547e-06,0.0003650719599146091,9.729522623971704e-06,0.0003650719691262367,0.0
circles,0,64,44,45,3,18,0,5.915979511827985e-11,1.7784962112203805e-12,5.915978817938594e-11,0.0,9.729522623971704e-06,0.0003650719691262367,9.729507623392547e-06,0.0003650719599146091,0.0
circles,0,64,45,45,3,18,0,5.91630910928842e-11,1.7785405430425444e-12,5.915978817938594e-11,0.0,9.729507623392547e-06,0.0003650719599146091,9.729522623971704e-06,0.0003650719691262367,0.0
circles,0,64,46,45,3,18,0,5.915979511827985e-11,1.7784962112203805e-12,5.915978817938594e-11,0.0,9.729522623971704e-06,0.0003650719691262367,9.729507623392547e-06,0.0003650719599146091,0.0
circles,0,64,47,45,3,18,0,5.91630910928842e-11,1.7785405430425444e-12,5.915978817938594e-11,0.0,9.729507623392547e-06,0.0003650719599146091,9.729522623971704e-06,0.0003650719691262367,0.0
circles,0,64,48,45,3,18,0,5.915979511827985e-11,1.7784962112203805e-12,5.915978817938594e-11,0.0,9.729522623971704e-06,0.0003650719691262367,9.729507623392547e-06,0.0003650719599146091,0.0
circles,0,64,49,45,3,18,0,5.91630910928842e-11,1.7785405430425444e-12,5.915978817938594e-11,0.0,9.729507623392547e-06,0.0003650719599146091,9.729522623971704e-06,0.0003650719691262367,0.0
circles,0,64,50,45,3,18,0,5.915979511827985e-11,1.7784962112203805e-12,5.915978817938594e-11,0.0,9.729522623971704e-06,0.0003650719691262367,9.729507623392547e-06,0.0003650719599146091,0.0
circles,0,64,51,45,3,18,0,5.91630910928842e-11,1.7785405430425444e-12,5.915978817938594e-11,0.0,9.729507623392547e-06,0.0003650719599146091,9.729522623971704e-06,0.0003650719691262367,0.0
circles,0,64,52,45,3,18,0,5.915979511827985e-11,1.7784962112203805e-12,5.915978817938594e-11,0.0,9.729522623971704e-06,0.0003650719691262367,9.729507623392547e-06,0.0003650719599146091,0.0
circles,0,64,53,45,3,18,0,5.91630910928842e-11,1.7785405430425444e-12,5.915978817938594e-11,0.0,9.729507623392547e-06,0.0003650719599146091,9.729522623971704e-06,0.0003650719691262367,0.0
circles,0,64,54,45,3,18,0,5.915979511827985e-11,1.7784962112203805e-12,5.915978817938594e-11,0.0,9.729522623971704e-06,0.0003650719691262367,9.729507623392547e-06,0.0003650719599146091,0.0
circles,0,64,55,45,3,18,0,5.91630910928842e-11,1.7785405430425444e-12,5.915978817938594e-11,0.0,9.729507623392547e-06,0.0003650719599146091,9.729522623971704e-06,0.0003650719691262367,0.0
circles,0,64,56,45,3,18,0,5.915979511827985e-11,1.7784962112203805e-12,5.915978817938594e-11,0.0,9.729522623971704e-06,0.0003650719691262367,9.729507623392547e-06,0.0003650719599146091,0.0
circles,0,64,57,45,3,18,0,5.91630910928842e-11,1.7785405430425444e-12,5.915978817938594e-11,0.0,9.729507623392547e-06,0.0003650719599146091,9.729522623971704e-06,0.0003650719691262367,0.0
circles,0,64,58,45,3,18,0,5.915979511827985e-11,1.7784962112203805e-12,5.915978817938594e-11,0.0,9.729522623971704e-06,0.0003650719691262367,9.729507623392547e-06,0.0003650719599146091,0.0
circles,0,64,59,45,3,18,0,5.91630910928842e-11,1.7785405430425444e-12,5.915978817938594e-11,0.0,9.729507623392547e-06,0.0003650719599146091,9.729522623971704e-06,0.0003650719691262367,0.0
circles,0,64,60,45,3,18,0,5.915979511827985e-11,1.7784962112203805e-12,5.915978817938594e-11,0.0,9.729522623971704e-06,0.0003650719691262367,9.729507623392547e-06,0.0003650719599146091,0.0
circles,0,64,61,45,3,18,0,5.91630910928842e-11,1.7785405430425444e-12,5.915978817938594e-11,0.0,9.729507623392547e-06,0.0003650719599146091,9.729522623971704e-06,0.0003650719691262367,0.0
circles,0,64,62,45,3,18,0,5.915979511827985e-11,1.7784962112203805e-12,5.915978817938594e-11,0.0,9.729522623971704e-06,0.0003650719691262367,9.729507623392547e-06,0.0003650719599146091,0.0
circles,0,64,63,45,3,18,0,5.91630910928842e-11,1.7785405430425444e-12,5.915978817938594e-11,0.0,9.729507623392547e-06,0.0003650719599146091,9.729522623971704e-06,0.0003650719691262367,0.0
circles,0,64,64,45,3,18,0,5.915979511827985e-11,1.7784962112203805e-12,5.915978817938594e-11,0.0,9.729522623971704e-06,0.0003650719691262367,9.729507623392547e-06,0.0003650719599146091,0.0
circles,0,64,65,45,3,18,0,5.91630910928842e-11,1.7785405430425444e-12,5.915978817938594e-11,0.0,9.729507623392547e-06,0.0003650719599146091,9.729522623971704e-06,0.0003650719691262367,0.0
circles,0,64,66,45,3,18,0,5.915979511827985e-11,1.7784962112203805e-12,5.915978817938594e-11,0.0,9.729522623971704e-06,0.0003650719691262367,9.729507623392547e-06,0.0003650719599146091,0.0
circles,0,64,67,45,3,18,0,5.91630910928842e-11,1.7785405430425444e-12,5.915978817938594e-11,0.0,9.729507623392547e-06,0.0003650719599146091,9.729522623971704e-06,0.0003650719691262367,0.0
circles,0,64,68,45,3,18,0,5.915979511827985e-11,1.7784962112203805e-12,5.915978817938594e-11,0.0,9.729522623971704e-06,0.0003650719691262367,9.729507623392547e-06,0.0003650719599146091,0.0
circles,0,64,69,45,3,18,0,5.91630910928842e-11,1.7785405430425444e-12,5.915978817938594e-11,0.0,9.729507623392547e-06,0.0003650719599146091,9.729522623971704e-06,0.0003650719691262367,0.0
circles,0,64,70,45,3,18,0,5.915979511827985e-11,1.7784962112203805e-12,5.915978817938594e-11,0.0,9.729522623971704e-06,0.0003650719691262367,9.729507623392547e-06,0.0003650719599146091,0.0
circles,0,64,71,45,3,18,0,5.91630910928842e-11,1.7785405430425444e-12,5.915978817938594e-11,0.0,9.729507623392547e-06,0.0003650719599146091,9.729522623971704e-06,0.0003650719691262367,0.0
circles,0,64,72,45,3,18,0,5.915979511827985e-11,1.7784962112203805e-12,5.915978817938594e-11,0.0,9.729522623971704e-06,0.0003650719691262367,9.729507623392547e-06,0.0003650719599146091,0.0
circles,0,64,73,45,3,18,0,5.91630910928842e-11,1.7785405430425444e-12,5.915978817938594e-11,0.0,9.729507623392547e-06,0.0003650719599146091,9.729522623971704e-06,0.0003650719691262367,0.0
circles,0,64,74,45,3,18,0,5.915979511827985e-11,1.7784962112203805e-12,5.915978817938594e-11,0.0,9.729522623971704e-06,0.0003650719691262367,9.729507623392547e-06,0.0003650719599146091,0.0
circles,0,64,75,45,3,18,0,5.91630910928842e-11,1.7785405430425444e-12,5.915978817938594e-11,0.0,9.729507623392547e-06,0.0003650719599146091,9.729522623971704e-06,0.0003650719691262367,0.0
circles,0,64,76,45,3,18,0,5.915979511827985e-11,1.7784962112203805e-12,5.915978817938594e-11,0.0,9.729522623971704e-06,0.0003650719691262367,9.729507623392547e-06,0.0003650719599146091,0.0
circles,0,64,77,45,3,18,0,5.91630910928842e-11,1.7785405430425444e-12,5.915978817938594e-11,0.0,9.729507623392547e-06,0.0003650719599146091,9.729522623971704e-06,0.0003650719691262367,0.0
circles,0,64,78,45,3,18,0,5.915979511827985e-11,1.7784962112203805e-12,5.915978817938594e-11,0.0,9.729522623971704e-06,0.0003650719691262367,9.729507623392547e-06,0.0003650719599146091,0.0
circles,0,64,79,45,3,18,0,5.91630910928842e-11,1.7785405430425444e-12,5.915978817938594e-11,0.0,9.729507623392547e-06,0.0003650719599146091,9.729522623971704e-06,0.0003650719691262367,0.0
circles,0,64,80,45,3,18,0,5.915979511827985e-11,1.7784962112203805e-12,5.915978817938594e-11,0.0,9.729522623971704e-06,0.0003650719691262367,9.729507623392547e-06,0.0003650719599146091,0.0
circles,0,64,81,45,3,18,0,5.91630910928842e-11,1.7785405430425444e-12,5.915978817938594e-11,0.0,9.729507623392547e-06,0.0003650719599146091,9.729522623971704e-06,0.0003650719691262367,0.0
circles,0,64,82,45,3,18,0,5.915979511827985e-11,1.7784962112203805e-12,5.915978817938594e-11,0.0,9.729522623971704e-06,0.0003650719691262367,9.729507623392547e-06,0.0003650719599146091,0.0
circles,0,64,83,45,3,18,0,5.91630910928842e-11,1.7785405430425444e-12,5.915978817938594e-11,0.0,9.729507623392547e-06,0.0003650719599146091,9.729522623971704e-06,0.0003650719691262367,0.0
circles,0,64,84,45,3,18,0,5.915979511827985e-11,1.7784962112203805e-12,5.915978817938594e-11,0.0,9.729522623971704e-06,0.0003650719691262367,9.729507623392547e-06,0.0003650719599146091,0.0
circles,0,64,85,45,3,18,0,5.91630910928842e-11,1.7785405430425444e-12,5.915978817938594e-11,0.0,9.729507623392547e-06,0.0003650719599146091,9.729522623971704e-06,0.0003650719691262367,0.0
circles,0,64,86,45,3,18,0,5.915979511827985e-11,1.7784962112203805e-12,5.915978817938594e-11,0.0,9.729522623971704e-06,0.0003650719691262367,9.729507623392547e-06,0.0003650719599146091,0.0
circles,0,64,87,45,3,18,0,5.91630910928842e-11,1.7785405430425444e-12,5.915978817938594e-11,0.0,9.729507623392547e-06,0.0003650719599146091,9.729522623971704e-06,0.0003650719691262367,0.0
circles,0,64,88,45,3,18,0,5.915979511827985e-11,1.7784962112203805e-12,5.915978817938594e-11,0.0,9.729522623971704e-06,0.0003650719691262367,9.729507623392547e-06,0.0003650719599146091,0.0
circles,0,64,89,45,3,18,0,5.91630910928842e-11,1.7785405430425444e-12,5.915978817938594e-11,0.0,9.729507623392547e-06,0.0003650719599146091,9.729522623971704e-06,0.0003650719691262367,0.0
circles,0,64,90,45,3,18,0,5.915979511827985e-11,1.7784962112203805e-12,5.915978817938594e-11,0.0,9.729522623971704e-06,0.0003650719691262367,9.729507623392547e-06,0.0003650719599146091,0.0
circles,0,64,91,45,3,18,0,5.91630910928842e-11,1.7785405430425444e-12,5.915978817938594e-11,0.0,9.729507623392547e-06,0.0003650719599146091,9.729522623971704e-06,0.0003650719691262367,0.0
circles,0,64,92,45,3,18,0,5.915979511827985e-11,1.7784962112203805e-12,5.915978817938594e-11,0.0,9.729522623971704e-06,0.0003650719691262367,9.729507623392547e-06,0.0003650719599146091,0.0
circles,0,64,93,45,3,18,0,5.91630910928842e-11,1.7785405430425444e-12,5.915978817938594e-11,0.0,9.729507623392547e-06,0.0003650719599146091,9.729522623971704e-06,0.0003650719691262367,0.0
circles,0,64,94,45,3,18,0,5.915979511827985e-11,1.7784962112203805e-12,5.915978817938594e-11,0.0,9.729522623971704e-06,0.0003650719691262367,9.729507623392547e-06,0.0003650719599146091,0.0
circles,0,64,95,45,3,18,0,5.91630910928842e-11,1.7785405430425444e-12,5.915978817938594e-11,0.0,9.729507623392547e-06,0.0003650719599146091,9.729522623971704e-06,0.0003650719691262367,0.0
circles,0,64,96,45,3,18,0,5.915979511827985e-11,1.7784962112203805e-12,5.915978817938594e-11,0.0,9.729522623971704e-06,0.0003650719691262367,9.729507623392547e-06,0.0003650719599146091,0.0
circles,0,64,97,45,3,18,0,5.91630910928842e-11,1.7785405430425444e-12,5.915978817938594e-11,0.0,9.729507623392547e-06,0.0003650719599146091,9.729522623971704e-06,0.0003650719691262367,0.0
circles,0,64,98,45,3,18,0,5.915979511827985e-11,1.7784962112203805e-12,5.915978817938594e-11,0.0,9.729522623971704e-06,0.0003650719691262367,9.729507623392547e-06,0.0003650719599146091,0.0
circles,0,64,99,45,3,18,0,5.91630910928842e-11,1.7785405430425444e-12,5.915978817938594e-11,0.0,9.729507623392547e-06,0.0003650719599146091,9.729522623971704e-06,0.0003650719691262367,0.0
circles,0,64,100,45,3,18,0,5.915979511827985e-11,1.7784962112203805e-12,5.915978817938594e-11,0.0,9.729522623971704e-06,0.0003650719691262367,9.729507623392547e-06,0.0003650719599146091,0.0
circles,1,64,1,49,1,17,0,0.04288778824943233,0.020942472496092625,0.042887788249430514,0.0,0.17544097769647687,0.9057038648190665,0.03979687052884376,0.37359328516716905,0.0
circles,1,64,2,49,1,18,1,0.02173376797991438,0.005303480042325207,0.021733767979917218,0.055221392721250595,0.03979687052884376,0.37359328516716905,0.01103446786771027,0.18759891941900766,0.0
circles,1,64,3,49,1,18,0,0.004020593616138428,0.0011367481086222483,0.004020593616139934,0.022636380940113554,0.01103446786771027,0.18759891941900766,0.005479223501726789,0.18692670737111097,0.0
circles,1,64,4,49,1,18,0,0.0008593933803021335,0.0003124421082751244,0.0008593933803027198,0.004859725571598972,0.005479223501726789,0.18692670737111097,0.004166533236888762,0.18683251474836265,0.0
circles,1,64,5,49,1,18,0,0.0003118837976876128,8.420659042375676e-05,0.00031188379768565255,0.0011712771779883724,0.004166533236888762,0.18683251474836265,0.0038520931678748494,0.1868164832359466,0.0
circles,1,64,6,49,1,18,0,0.00010211400471782026,2.453164778010963e-05,0.00010211400471860088,0.00041399780240425343,0.0038520931678748494,0.1868164832359466,0.0037691131512167402,0.18681360091952637,0.0
circles,1,64,7,50,0,18,0,0.010147305434938213,0.00023024316616403938,0.010147305434941245,0.010147305434941245,0.0037691131512167402,0.18681360091952637,0.0017522446687459458,0.08465453009252036,0.0
circles,1,64,8,49,1,18,0,0.0014227414728980282,4.403995581177438e-05,0.0014227414729006682,0.010147305434941245,0.0017522446687459458,0.08465453009252036,0.0008707973786221414,0.04226464075611567,0.0
circles,1,64,9,50,0,18,1,1.3190467126164784,0.0343153552288092,1.3190467126164762,1.3204694540893769,0.0008707973786221414,0.04226464075611567,0.009799455996061985,0.29052885464806166,2.220446049250313e-16
circles,1,64,10,50,0,19,1,0.3956712172468851,0.010545851078724841,0.3956712172468855,0.9233754953695907,0.009799455996061985,0.29052885464806166,0.002429709787022038,0.04756244309773592,0.0
circles,1,64,11,50,0,19,0,0.01670375982380009,0.0008032135715731306,0.016703759823798237,0.37896745742308724,0.002429709787022038,0.04756244309773592,0.0005810002520462501,0.01654060442572478,0.0
circles,1,64,12,50,0,19,0,0.0032084055385036767,0.0001550894327073016,0.0032084055385013244,0.01612633698267274,0.0005810002520462501,0.01654060442572478,0.0001689429977020377,0.0032568885160960933,0.0
circles,1,64,13,50,0,19,0,0.0007062992740560284,4.179270320748716e-05,0.0007062992740571872,0.0037329682681530585,0.0001689429977020377,0.0032568885160960933,5.654222627099516e-05,0.0009776430070987036,0.0
circles,1,64,14,50,0,19,0,0.00024422427954626236,1.3149507680400817e-05,0.0002442242795481775,0.0008554773663149717,5.654222627099516e-05,0.0009776430070987036,1.776827727694581e-05,0.00035108661339185,0.0
circles,1,64,15,50,0,19,0,7.140636528752548e-05,4.226594860287734e-06,7.140636528646382e-05,0.0003156306448346413,1.776827727694581e-05,0.00035108661339185,5.469585731601172e-06,0.00010258306616133583,0.0
circles,1,64,16,50,0,19,0,1.8287842865408188e-05,1.340965682196599e-06,1.8287842863173864e-05,8.969420814963769e-05,5.469585731601172e-06,0.00010258306616133583,1.6937140724448797e-06,2.6267780904595427e-05,0.0
circles,1,64,17,50,0,19,0,4.643168175638701e-06,4.2626062597738226e-07,4.643168175277879e-06,2.2698439472890186e-05,1.6937140724448797e-06,2.6267780904595427e-05,5.322742095883278e-07,6.334889996518396e-06,0.0
circles,1,64,18,50,0,19,0,1.366170131189559e-06,1.3633538092873085e-07,1.3661701316891595e-06,6.009338306967038e-06,5.322742095883278e-07,6.334889996518396e-06,1.696250833312779e-07,1.6663490570997932e-06,0.0
circles,1,64,19,50,0,19,0,4.235135523528166e-07,4.4079294711464254e-08,4.235135548924518e-07,1.7501323981150563e-06,1.696250833312779e-07,1.6663490570997932e-06,5.4789614712459885e-08,5.320621297202248e-07,0.0
circles,1,64,20,50,0,19,0,1.3295474773217242e-07,1.4205140933106972e-08,1.3295474587948775e-07,5.444631057116567e-07,5.4789614712459885e-08,5.320621297202248e-07,1.8003250764342937e-08,1.6840052278950997e-07,0.0
circles,1,64,21,50,0,19,0,4.1812968365473324e-08,4.5172387100420736e-09,4.181296731076145e-08,1.7313396938334336e-07,1.8003250764342937e-08,1.6840052278950997e-07,6.1275458301206375e-09,5.0934581134051396e-08,0.0
circles,1,64,22,50,0,19,0,1.3231121580303817e-08,1.4478661557442568e-09,1.323112286399919e-08,5.504409017476064e-08,6.1275458301206375e-09,5.0934581134051396e-08,2.17229831041094e-09,1.9412680232589282e-08,0.0
circles,1,64,23,50,0,19,0,4.017709255565993e-09,4.705534297714392e-10,4.017707055936626e-09,1.70626961448761e-08,2.17229831041094e-09,1.9412680232589282e-08,8.483381062246696e-10,8.501836637529063e-09,0.0
circles,1,64,24,50,0,19,0,1.4457923573629738e-09,1.549363380648483e-10,1.445791042442579e-09,5.223313337410218e-09,8.483381062246696e-10,8.501836637529063e-09,4.193688301912376e-10,7.327084743448959e-09,0.0
circles,1,64,25,50,0,19,0,5.556783765764406e-10,5.0996894424351624e-11,5.556799465011864e-10,2.0014709889437654e-09,4.193688301912376e-10,7.327084743448959e-09,2.755954082843662e-10,7.323733053015115e-09,0.0
circles,1,64,26,50,0,19,0,1.8465268376843813e-10,1.616609992573237e-11,1.8465584616933484e-10,7.403357926705212e-10,2.755954082843662e-10,7.323733053015115e-09,2.3159228929906908e-10,7.317985542202556e-09,0.0
circles,1,64,27,50,0,19,0,4.827731096834764e-11,5.338963863024682e-12,4.8274273467541207e-11,2.3293011963687604e-10,2.3159228929906908e-10,7.317985542202556e-09,2.2101344114750193e-10,7.31749018510023e-09,0.0
circles,1,64,28,50,0,19,0,3.61259633319122e-11,3.1245702639820516e-12,3.6123992686043493e-11,8.244427363024442e-11,2.2101344114750193e-10,7.31749018510023e-09,2.1289667098374666e-10,7.31749018510023e-09,0.0
circles,1,64,29,50,0,19,0,3.612301430200304e-11,1.3436094684765587e-12,3.6123992686043493e-11,3.452527153058327e-11,2.1289667098374666e-10,7.31749018510023e-09,2.128228848220134e-10,7.31749018510023e-09,0.0
circles,1,64,30,50,0,19,0,3.61259633319122e-11,9.91080698412028e-13,3.6123992686043493e-11,1.1503686891956022e-11,2.128228848220134e-10,7.31749018510023e-09,2.118854969705933e-10,7.31749018510023e-09,0.0
circles,1,64,31,50,0,19,0,3.612301430200304e-11,9.12161188595939e-13,3.6123992686043493e-11,3.943512183468556e-12,2.118854969705933e-10,7.31749018510023e-09,2.1244400064303253e-10,7.31749018510023e-09,0.0
circles,1,64,32,50,0,19,0,3.61259633319122e-11,9.122097608532664e-13,3.6123992686043493e-11,0.0,2.1244400064303253e-10,7.31749018510023e-09,2.118854969705933e-10,7.31749018510023e-09,0.0
circles,1,64,33,50,0,19,0,3.612301430200304e-11,9.12161188595939e-13,3.6123992686043493e-11,0.0,2.118854969705933e-10,7.31749018510023e-09,2.1244400064303253e-10,7.31749018510023e-09,0.0
circles,1,64,34,50,0,19,0,3.61259633319122e-11,9.122097608532664e-13,3.6123992686043493e-11,0.0,2.1244400064303253e-10,7.31749018510023e-09,2.118854969705933e-10,7.31749018510023e-09,0.0
circles,1,64,35,50,0,19,0,3.612301430200304e-11,9.12161188595939e-13,3.6123992686043493e-11,0.0,2.118854969705933e-10,7.31749018510023e-09,2.1244400064303253e-10,7.31749018510023e-09,0.0
circles,1,64,36,50,0,19,0,3.61259633319122e-11,9.122097608532664e-13,3.6123992686043493e-11,0.0,2.1244400064303253e-10,7.31749018510023e-09,2.118854969705933e-10,7.31749018510023e-09,0.0
circles,1,64,37,50,0,19,0,3.612301430200304e-11,9.12161188595939e-13,3.6123992686043493e-11,0.0,2.118854969705933e-10,7.31749018510023e-09,2.1244400064303253e-10,7.31749018510023e-09,0.0
circles,1,64,38,50,0,19,0,3.61259633319122e-11,9.122097608532664e-13,3.6123992686043493e-11,0.0,2.1244400064303253e-10,7.31749018510023e-09,2.118854969705933e-10,7.31749018510023e-09,0.0
circles,1,64,39,50,0,19,0,3.612301430200304e-11,9.12161188595939e-13,3.6123992686043493e-11,0.0,2.118854969705933e-10,7.31749018510023e-09,2.1244400064303253e-10,7.31749018510023e-09,0.0
circles,1,64,40,50,0,19,0,3.61259633319122e-11,9.122097608532664e-13,3.6123992686043493e-11,0.0,2.1244400064303253e-10,7.31749018510023e-09,2.118854969705933e-10,7.31749018510023e-09,0.0
circles,1,64,41,50,0,19,0,3.612301430200304e-11,9.12161188595939e-13,3.6123992686043493e-11,0.0,2.118854969705933e-10,7.31749018510023e-09,2.1244400064303253e-10,7.31749018510023e-09,0.0
circles,1,64,42,50,0,19,0,3.61259633319122e-11,9.122097608532664e-13,3.6123992686043493e-11,0.0,2.1244400064303253e-10,7.31749018510023e-09,2.118854969705933e-10,7.31749018510023e-09,0.0
circles,1,64,43,50,0,19,0,3.612301430200304e-11,9.12161188595939e-13,3.6123992686043493e-11,0.0,2.118854969705933e-10,7.31749018510023e-09,2.1244400064303253e-10,7.31749018510023e-09,0.0
circles,1,64,44,50,0,19,0,3.61259633319122e-11,9.122097608532664e-13,3.6123992686043493e-11,0.0,2.1244400064303253e-10,7.31749018510023e-09,2.118854969705933e-10,7.31749018510023e-09,0.0
circles,1,64,45,50,0,19,0,3.612301430200304e-11,9.12161188595939e-13,3.6123992686043493e-11,0.0,2.118854969705933e-10,7.31749018510023e-09,2.1244400064303253e-10,7.31749018510023e-09,0.0
circles,1,64,46,50,0,19,0,3.61259633319122e-11,9.122097608532664e-13,3.6123992686043493e-11,0.0,2.1244400064303253e-10,7.31749018510023e-09,2.118854969705933e-10,7.31749018510023e-09,0.0
circles,1,64,47,50,0,19,0,3.612301430200304e-11,9.12161188595939e-13,3.6123992686043493e-11,0.0,2.118854969705933e-10,7.31749018510023e-09,2.1244400064303253e-10,7.31749018510023e-09,0.0
circles,1,64,48,50,0,19,0,3.61259633319122e-11,9.122097608532664e-13,3.6123992686043493e-11,0.0,2.1244400064303253e-10,7.31749018510023e-09,2.118854969705933e-10,7.31749018510023e-09,0.0
circles,1,64,49,50,0,19,0,3.612301430200304e-11,9.12161188595939e-13,3.6123992686043493e-11,0.0,2.118854969705933e-10,7.31749018510023e-09,2.1244400064303253e-10,7.31749018510023e-09,0.0
circles,1,64,50,50,0,19,0,3.61259633319122e-11,9.122097608532664e-13,3.6123992686043493e-11,0.0,2.1244400064303253e-10,7.31749018510023e-09,2.118854969705933e-10,7.31749018510023e-09,0.0
circles,1,64,51,50,0,19,0,3.612301430200304e-11,9.12161188595939e-13,3.6123992686043493e-11,0.0,2.118854969705933e-10,7.31749018510023e-09,2.1244400064303253e-10,7.31749018510023e-09,0.0
circles,1,64,52,50,0,19,0,3.61259633319122e-11,9.122097608532664e-13,3.6123992686043493e-11,0.0,2.1244400064303253e-10,7.31749018510023e-09,2.118854969705933e-10,7.31749018510023e-09,0.0
circles,1,64,53,50,0,19,0,3.612301430200304e-11,9.12161188595939e-13,3.6123992686043493e-11,0.0,2.118854969705933e-10,7.31749018510023e-09,2.1244400064303253e-10,7.31749018510023e-09,0.0
circles,1,64,54,50,0,19,0,3.61259633319122e-11,9.122097608532664e-13,3.6123992686043493e-11,0.0,2.1244400064303253e-10,7.31749018510023e-09,2.118854969705933e-10,7.31749018510023e-09,0.0
circles,1,64,55,50,0,19,0,3.612301430200304e-11,9.12161188595939e-13,3.6123992686043493e-11,0.0,2.118854969705933e-10,7.31749018510023e-09,2.1244400064303253e-10,7.31749018510023e-09,0.0
circles,1,64,56,50,0,19,0,3.61259633319122e-11,9.122097608532664e-13,3.6123992686043493e-11,0.0,2.1244400064303253e-10,7.31749018510023e-09,2.118854969705933e-10,7.31749018510023e-09,0.0
circles,1,64,57,50,0,19,0,3.612301430200304e-11,9.12161188595939e-13,3.6123992686043493e-11,0.0,2.118854969705933e-10,7.31749018510023e-09,2.1244400064303253e-10,7.31749018510023e-09,0.0
circles,1,64,58,50,0,19,0,3.61259633319122e-11,9.122097608532664e-13,3.6123992686043493e-11,0.0,2.1244400064303253e-10,7.31749018510023e-09,2.118854969705933e-10,7.31749018510023e-09,0.0
circles,1,64,59,50,0,19,0,3.612301430200304e-11,9.12161188595939e-13,3.6123992686043493e-11,0.0,2.118854969705933e-10,7.31749018510023e-09,2.1244400064303253e-10,7.31749018510023e-09,0.0
circles,1,64,60,50,0,19,0,3.61259633319122e-11,9.122097608532664e-13,3.6123992686043493e-11,0.0,2.1244400064303253e-10,7.31749018510023e-09,2.118854969705933e-10,7.31749018510023e-09,0.0
circles,1,64,61,50,0,19,0,3.612301430200304e-11,9.12161188595939e-13,3.6123992686043493e-11,0.0,2.118854969705933e-10,7.31749018510023e-09,2.1244400064303253e-10,7.31749018510023e-09,0.0
circles,1,64,62,50,0,19,0,3.61259633319122e-11,9.122097608532664e-13,3.6123992686043493e-11,0.0,2.1244400064303253e-10,7.31749018510023e-09,2.118854969705933e-10,7.31749018510023e-09,0.0
circles,1,64,63,50,0,19,0,3.612301430200304e-11,9.12161188595939e-13,3.6123992686043493e-11,0.0,2.118854969705933e-10,7.31749018510023e-09,2.1244400064303253e-10,7.31749018510023e-09,0.0
circles,1,64,64,50,0,19,0,3.61259633319122e-11,9.122097608532664e-13,3.6123992686043493e-11,0.0,2.1244400064303253e-10,7.31749018510023e-09,2.118854969705933e-10,7.31749018510023e-09,0.0
circles,1,64,65,50,0,19,0,3.612301430200304e-11,9.12161188595939e-13,3.6123992686043493e-11,0.0,2.118854969705933e-10,7.31749018510023e-09,2.1244400064303253e-10,7.31749018510023e-09,0.0
circles,1,64,66,50,0,19,0,3.61259633319122e-11,9.122097608532664e-13,3.6123992686043493e-11,0.0,2.1244400064303253e-10,7.31749018510023e-09,2.118854969705933e-10,7.31749018510023e-09,0.0
circles,1,64,67,50,0,19,0,3.612301430200304e-11,9.12161188595939e-13,3.6123992686043493e-11,0.0,2.118854969705933e-10,7.31749018510023e-09,2.1244400064303253e-10,7.31749018510023e-09,0.0
circles,1,64,68,50,0,19,0,3.61259633319122e-11,9.122097608532664e-13,3.6123992686043493e-11,0.0,2.1244400064303253e-10,7.31749018510023e-09,2.118854969705933e-10,7.31749018510023e-09,0.0
circles,1,64,69,50,0,19,0,3.612301430200304e-11,9.12161188595939e-13,3.6123992686043493e-11,0.0,2.118854969705933e-10,7.31749018510023e-09,2.1244400064303253e-10,7.31749018510023e-09,0.0
circles,1,64,70,50,0,19,0,3.61259633319122e-11,9.122097608532664e-13,3.6123992686043493e-11,0.0,2.1244400064303253e-10,7.31749018510023e-09,2.118854969705933e-10,7.31749018510023e-09,0.0
circles,1,64,71,50,0,19,0,3.612301430200304e-11,9.12161188595939e-13,3.6123992686043493e-11,0.0,2.118854969705933e-10,7.31749018510023e-09,2.1244400064303253e-10,7.31749018510023e-09,0.0
circles,1,64,72,50,0,19,0,3.61259633319122e-11,9.122097608532664e-13,3.6123992686043493e-11,0.0,2.1244400064303253e-10,7.31749018510023e-09,2.118854969705933e-10,7.31749018510023e-09,0.0
circles,1,64,73,50,0,19,0,3.612301430200304e-11,9.12161188595939e-13,3.6123992686043493e-11,0.0,2.118854969705933e-10,7.31749018510023e-09,2.1244400064303253e-10,7.31749018510023e-09,0.0
circles,1,64,74,50,0,19,0,3.61259633319122e-11,9.122097608532664e-13,3.6123992686043493e-11,0.0,2.1244400064303253e-10,7.31749018510023e-09,2.118854969705933e-10,7.31749018510023e-09,0.0
circles,1,64,75,50,0,19,0,3.612301430200304e-11,9.12161188595939e-13,3.6123992686043493e-11,0.0,2.118854969705933e-10,7.31749018510023e-09,2.1244400064303253e-10,7.31749018510023e-09,0.0
circles,1,64,76,50,0,19,0,3.61259633319122e-11,9.122097608532664e-13,3.6123992686043493e-11,0.0,2.1244400064303253e-10,7.31749018510023e-09,2.118854969705933e-10,7.31749018510023e-09,0.0
circles,1,64,77,50,0,19,0,3.612301430200304e-11,9.12161188595939e-13,3.6123992686043493e-11,0.0,2.118854969705933e-10,7.31749018510023e-09,2.1244400064303253e-10,7.31749018510023e-09,0.0
circles,1,64,78,50,0,19,0,3.61259633319122e-11,9.122097608532664e-13,3.6123992686043493e-11,0.0,2.1244400064303253e-10,7.31749018510023e-09,2.118854969705933e-10,7.31749018510023e-09,0.0
circles,1,64,79,50,0,19,0,3.612301430200304e-11,9.12161188595939e-13,3.6123992686043493e-11,0.0,2.118854969705933e-10,7.31749018510023e-09,2.1244400064303253e-10,7.31749018510023e-09,0.0
circles,1,64,80,50,0,19,0,3.61259633319122e-11,9.122097608532664e-13,3.6123992686043493e-11,0.0,2.1244400064303253e-10,7.31749018510023e-09,2.118854969705933e-10,7.31749018510023e-09,0.0
circles,1,64,81,50,0,19,0,3.612301430200304e-11,9.12161188595939e-13,3.6123992686043493e-11,0.0,2.118854969705933e-10,7.31749018510023e-09,2.1244400064303253e-10,7.31749018510023e-09,0.0
circles,1,64,82,50,0,19,0,3.61259633319122e-11,9.122097608532664e-13,3.6123992686043493e-11,0.0,2.1244400064303253e-10,7.31749018510023e-09,2.118854969705933e-10,7.31749018510023e-09,0.0
circles,1,64,83,50,0,19,0,3.612301430200304e-11,9.12161188595939e-13,3.6123992686043493e-11,0.0,2.118854969705933e-10,7.31749018510023e-09,2.1244400064303253e-10,7.31749018510023e-09,0.0
circles,1,64,84,50,0,19,0,3.61259633319122e-11,9.122097608532664e-13,3.6123992686043493e-11,0.0,2.1244400064303253e-10,7.31749018510023e-09,2.118854969705933e-10,7.31749018510023e-09,0.0
circles,1,64,85,50,0,19,0,3.612301430200304e-11,9.12161188595939e-13,3.6123992686043493e-11,0.0,2.118854969705933e-10,7.31749018510023e-09,2.1244400064303253e-10,7.31749018510023e-09,0.0
circles,1,64,86,50,0,19,0,3.61259633319122e-11,9.122097608532664e-13,3.6123992686043493e-11,0.0,2.1244400064303253e-10,7.31749018510023e-09,2.118854969705933e-10,7.31749018510023e-09,0.0
circles,1,64,87,50,0,19,0,3.612301430200304e-11,9.12161188595939e-13,3.6123992686043493e-11,0.0,2.118854969705933e-10,7.31749018510023e-09,2.1244400064303253e-10,7.31749018510023e-09,0.0
circles,1,64,88,50,0,19,0,3.61259633319122e-11,9.122097608532664e-13,3.6123992686043493e-11,0.0,2.1244400064303253e-10,7.31749018510023e-09,2.118854969705933e-10,7.31749018510023e-09,0.0
circles,1,64,89,50,0,19,0,3.612301430200304e-11,9.12161188595939e-13,3.6123992686043493e-11,0.0,2.118854969705933e-10,7.31749018510023e-09,2.1244400064303253e-10,7.31749018510023e-09,0.0
circles,1,64,90,50,0,19,0,3.61259633319122e-11,9.122097608532664e-13,3.6123992686043493e-11,0.0,2.1244400064303253e-10,7.31749018510023e-09,2.118854969705933e-10,7.31749018510023e-09,0.0
circles,1,64,91,50,0,19,0,3.612301430200304e-11,9.12161188595939e-13,3.6123992686043493e-11,0.0,2.118854969705933e-10,7.31749018510023e-09,2.1244400064303253e-10,7.31749018510023e-09,0.0
circles,1,64,92,50,0,19,0,3.61259633319122e-11,9.122097608532664e-13,3.6123992686043493e-11,0.0,2.1244400064303253e-10,7.31749018510023e-09,2.118854969705933e-10,7.31749018510023e-09,0.0
circles,1,64,93,50,0,19,0,3.612301430200304e-11,9.12161188595939e-13,3.6123992686043493e-11,0.0,2.118854969705933e-10,7.31749018510023e-09,2.1244400064303253e-10,7.31749018510023e-09,0.0
circles,1,64,94,50,0,19,0,3.61259633319122e-11,9.122097608532664e-13,3.6123992686043493e-11,0.0,2.1244400064303253e-10,7.31749018510023e-09,2.118854969705933e-10,7.31749018510023e-09,0.0
circles,1,64,95,50,0,19,0,3.612301430200304e-11,9.12161188595939e-13,3.6123992686043493e-11,0.0,2.118854969705933e-10,7.31749018510023e-09,2.1244400064303253e-10,7.31749018510023e-09,0.0
circles,1,64,96,50,0,19,0,3.61259633319122e-11,9.122097608532664e-13,3.6123992686043493e-11,0.0,2.1244400064303253e-10,7.31749018510023e-09,2.118854969705933e-10,7.31749018510023e-09,0.0
circles,1,64,97,50,0,19,0,3.612301430200304e-11,9.12161188595939e-13,3.6123992686043493e-11,0.0,2.118854969705933e-10,7.31749018510023e-09,2.1244400064303253e-10,7.31749018510023e-09,0.0
circles,1,64,98,50,0,19,0,3.61259633319122e-11,9.122097608532664e-13,3.6123992686043493e-11,0.0,2.1244400064303253e-10,7.31749018510023e-09,2.118854969705933e-10,7.31749018510023e-09,0.0
circles,1,64,99,50,0,19,0,3.612301430200304e-11,9.12161188595939e-13,3.6123992686043493e-11,0.0,2.118854969705933e-10,7.31749018510023e-09,2.1244400064303253e-10,7.31749018510023e-09,0.0
circles,1,64,100,50,0,19,0,3.61259633319122e-11,9.122097608532664e-13,3.6123992686043493e-11,0.0,2.1244400064303253e-10,7.31749018510023e-09,2.118854969705933e-10,7.31749018510023e-09,0.0
circles,2,64,1,48,2,15,0,0.9840264952433009,0.0469934711984879,0.9840264952432989,0.0,0.18566676945678232,0.8317209313690563,0.050010936305243545,0.4171125528222192,8.326672684688674e-17
circles,2,64,2,49,1,17,1,0.2588159813370441,0.012874128250724157,0.25881598133704387,0.725210513906255,0.050010936305243545,0.4171125528222192,0.012014042580035618,0.15854223323423847,2.7755575615628914e-17
circles,2,64,3,47,3,17,0,0.027238132142399715,0.0018574689264219183,0.027238132142400673,0.2529336657406063,0.012014042580035618,0.15854223323423847,0.0053065396353607795,0.15868354077523605,2.7755575615628914e-17
circles,2,64,4,47,3,17,0,0.0026153308079026813,0.0003314966021845859,0.002615330807905991,0.029853462950306664,0.0053065396353607795,0.15868354077523605,0.004204539035204563,0.15905431593134556,2.7755575615628914e-17
circles,2,64,5,48,2,17,0,0.00019733407796221347,6.937172000924356e-05,0.00019733407795996527,0.0028126648858659564,0.004204539035204563,0.15905431593134556,0.003958086631609166,0.15999013256144495,2.7755575615628914e-17
circles,2,64,6,49,1,17,0,0.00313680704113143,8.759869332428395e-05,0.003136807041130396,0.003136807041130396,0.003958086631609166,0.15999013256144495,0.0035360786384936653,0.16001671448362867,2.7755575615628914e-17
circles,2,64,7,47,3,17,0,0.00032775719077947655,1.2990206460772297e-05,0.0003277571907815968,0.003136807041130396,0.0035360786384936653,0.16001671448362867,0.003364894407891502,0.16002353590089002,2.7755575615628914e-17
circles,2,64,8,48,2,17,0,0.0007508214373877845,2.040102736949926e-05,0.0007508214373856958,0.0007508214373856958,0.003364894407891502,0.16002353590089002,0.003273406648796609,0.16002538093160695,8.326672684688674e-17
circles,2,64,9,48,2,17,0,0.00016741810123024892,6.01519528019765e-06,0.00016741810122766765,0.0009182395386133635,0.003273406648796609,0.16002538093160695,0.003218912113317078,0.16002583609511556,2.7755575615628914e-17
circles,2,64,10,47,3,17,0,2.030816262941007e-05,1.066701169148754e-06,2.030816263243196e-05,0.00016741810122766765,0.003218912113317078,0.16002583609511556,0.003209354622327401,0.16002594350826171,2.7755575615628914e-17
circles,2,64,11,48,2,17,0,3.851457309692746e-05,1.0740261995018635e-06,3.851457309878015e-05,3.851457309878015e-05,0.003209354622327401,0.16002594350826171,0.0032044875897632597,0.16002596827399895,2.7755575615628914e-17
circles,2,64,12,49,1,17,0,8.442636266654813e-06,3.2617972871998604e-07,8.442636264760495e-06,4.695720936354064e-05,0.0032044875897632597,0.16002596827399895,0.003201423778429489,0.16002268361464106,2.7755575615628914e-17
circles,2,64,13,49,1,17,0,0.0020677218898786445,4.225759645383468e-05,0.0020677218898796923,0.0020677218898796923,0.003201423778429489,0.16002268361464106,0.0016117444843979792,0.07873045455936599,2.7755575615628914e-17
circles,2,64,14,47,3,17,0,0.00028195142821917443,8.647699177122442e-06,0.0002819514282208502,0.0020677218898796923,0.0016117444843979792,0.07873045455936599,0.0015849768316663594,0.07873045367478754,2.7755575615628914e-17
circles,2,64,15,47,3,17,0,3.982175076867531e-05,1.2981030391978466e-06,3.9821750767998765e-05,0.00032177317898884894,0.0015849768316663594,0.07873045367478754,0.001580891645589916,0.0787304540114896,2.7755575615628914e-17
circles,2,64,16,47,3,17,0,5.988981795213011e-06,2.1002643948605496e-07,5.98898179759999e-06,4.5810732565598755e-05,0.001580891645589916,0.0787304540114896,0.001580214347526099,0.07873045422510253,2.7755575615628914e-17
circles,2,64,17,47,3,17,0,9.663643848675796e-07,3.673525605920718e-08,9.6636438229325e-07,6.95534617989324e-06,0.001580214347526099,0.07873045422510253,0.0015800928837053831,0.07873045430774477,2.780978572425319e-17
circles,2,64,18,47,3,17,0,1.6827414253683948e-07,6.912295413071614e-09,1.6827414128783857e-07,1.1346385235810885e-06,0.0015800928837053831,0.07873045430774477,0.00158006942037947,0.07873045434056314,2.7755575615628914e-17
circles,2,64,19,47,3,17,0,3.156085314967583e-08,1.3857314358558896e-09,3.156085170985534e-08,1.9983499299769392e-07,0.00158006942037947,0.07873045434056314,0.0015800646485502326,0.07873045435029226,2.7755575615628914e-17
circles,2,64,20,47,3,17,0,6.297687371592531e-09,2.95378395460209e-10,6.2976894810162776e-09,3.785854119087162e-08,0.0015800646485502326,0.07873045435029226,0.0015800636936337366,0.07873045435695636,2.7755575615628914e-17
circles,2,64,21,47,3,17,0,1.2925837483690472e-09,6.359988248501905e-11,1.2925838177579863e-09,7.590273298774264e-09,0.0015800636936337366,0.07873045435695636,0.0015800634418075643,0.07873045435447928,2.7755575615628914e-17
circles,2,64,22,47,3,17,0,2.8120292552835657e-10,1.4142509839786903e-11,2.8120439310441725e-10,1.5737882108624035e-09,0.0015800634418075643,0.07873045435447928,0.0015800633870615382,0.07873045435447928,2.7755575615628914e-17
circles,2,64,23,47,3,17,0,6.715513561905695e-11,2.958800819877471e-12,6.715339395668707e-11,3.483577870611043e-10,0.0015800633870615382,0.07873045435447928,0.0015800633794058982,0.07873045435447928,2.7755575615628914e-17
circles,2,64,24,47,3,17,0,2.5324360664047418e-11,1.5982701158224057e-12,2.532374310248997e-11,9.247713705917704e-11,0.0015800633794058982,0.07873045435447928,0.0015800633796672198,0.07873045435447928,2.7755575615628914e-17
circles,2,64,25,47,3,17,0,1.6413433112649756e-11,5.340892358803826e-13,1.6413537196058314e-11,2.361133510930813e-11,0.0015800633796672198,0.07873045435447928,0.0015800633781221643,0.07873045435447928,2.7755575615628914e-17
circles,2,64,26,47,3,17,0,4.621823757045007e-12,2.6016348087010025e-13,4.618527782440651e-12,1.9106494164589094e-11,0.0015800633781221643,0.07873045435447928,0.0015800633783037582,0.07873045435447928,2.7755575615628914e-17
circles,3,64,1,49,3,18,0,0.5474881237938432,0.0424121724434305,0.5474881237938405,0.0,0.19765014131750694,0.9442030824616816,0.05903637809256827,0.5485599512093247,6.938893903907228e-18
circles,3,64,2,48,4,22,0,0.13402910250593872,0.01133503043593742,0.13402910250594147,0.5663192401003627,0.05903637809256827,0.5485599512093247,0.021251349289305894,0.5190717439163944,3.469446951953614e-18
circles,3,64,3,49,3,22,0,0.07303228311760432,0.0031099312670596455,0.07303228311760535,0.13402910250594147,0.021251349289305894,0.5190717439163944,0.009343896120375705,0.2523906211419315,3.469446951953614e-18
circles,3,64,4,48,4,22,0,0.027176374676769234,0.0009616726123373989,0.027176374676770365,0.07353100279603808,0.009343896120375705,0.2523906211419315,0.00688628015913557,0.2522279087794138,3.469446951953614e-18
circles,3,64,5,50,2,22,0,0.016880591593086865,0.0008324852568958883,0.01688059159308608,0.03144215743071754,0.00688628015913557,0.2522279087794138,0.002985143847160292,0.113170407200002,3.469446951953614e-18
circles,3,64,6,48,4,22,0,0.0026053704760458166,0.0001505091131079827,0.002605370476047142,0.018218911763902668,0.002985143847160292,0.113170407200002,0.0025890744342957975,0.11319040558724357,0.0
circles,3,64,7,48,4,22,0,0.004063398502878075,0.00012068057565373096,0.0040633985028790676,0.0040633985028790676,0.0025890744342957975,0.11319040558724357,0.001378241466514512,0.05661649702183298,0.0
circles,3,64,8,48,4,22,0,0.0031562029188933124,8.1649268806682e-05,0.003156202918894735,0.0040633985028790676,0.001378241466514512,0.05661649702183298,0.0008027077626552864,0.026263689407265,3.469446951953614e-18
circles,3,64,9,48,4,22,0,0.0004813837351031608,1.4742600257937704e-05,0.0004813837351065331,0.003184459398177353,0.0008027077626552864,0.026263689407265,0.0007681911011582597,0.02651644696427821,0.0
circles,3,64,10,49,3,22,0,0.0009606052506343568,2.4880934783494753e-05,0.0009606052506327956,0.0009606052506327956,0.0007681911011582597,0.02651644696427821,0.000493175212124734,0.01251252622978625,3.469446951953614e-18
circles,3,64,11,47,5,22,0,0.00010141054280089074,3.0152352122005035e-06,0.00010141054280410344,0.0009606052506327956,0.000493175212124734,0.01251252622978625,0.0004879768372831229,0.012515647658480702,0.0
circles,3,64,12,48,4,22,0,2.336807420769485e-05,8.171702213490946e-07,2.336807420988407e-05,0.00012477861701398751,0.0004879768372831229,0.012515647658480702,0.00048586482727838026,0.012538587092634996,3.469446951953614e-18
circles,3,64,13,49,3,22,0,0.0006758209281018668,1.6836820915028513e-05,0.0006758209281017002,0.0006758209281017002,0.00048586482727838026,0.012538587092634996,0.0002457126097131135,0.006033773508609096,0.0
circles,3,64,14,49,3,22,0,0.0002131205263218583,7.05728700400164e-06,0.00021312052632538325,0.0006817867777542119,0.0002457126097131135,0.006033773508609096,0.0001812279554258871,0.006033773508609096,3.469446951953614e-18
circles,3,64,15,48,4,22,0,0.00014825466085523903,3.703927184723165e-06,0.0001482546608571056,0.00021312052632538325,0.0001812279554258871,0.006033773508609096,0.00015270005542151137,0.006033773508609096,3.469446951953614e-18
circles,3,64,16,49,3,22,0,4.7556265040868406e-05,2.035874708276257e-06,4.755626503794019e-05,0.000149591732295562,0.00015270005542151137,0.006033773508609096,0.00013780154856499833,0.006033773508609096,0.0
circles,3,64,17,48,4,22,0,4.761571203125425e-06,2.682279396425302e-07,4.7615712048809655e-06,4.763820361119997e-05,0.00013780154856499833,0.006033773508609096,0.00013714373678273622,0.006033773508609096,0.0
circles,3,64,18,47,5,22,0,5.5008746254262e-06,1.5327611224045027e-07,5.500874628694419e-06,1.0262445833575384e-05,0.00013714373678273622,0.006033773508609096,0.00013694308228008118,0.006033773508609096,0.0
circles,3,64,19,48,4,22,0,1.252699580352179e-06,4.0750878289054936e-08,1.2526995831763088e-06,6.753574211870728e-06,0.00013694308228008118,0.006033773508609096,0.00013686806465361596,0.006033773508609096,0.0
circles,3,64,20,48,4,22,0,2.634804181257666e-07,1.1495881833341087e-08,2.634804161516513e-07,1.51617999932796e-06,0.00013686806465361596,0.006033773508609096,0.0001368472866085499,0.006033773508609096,0.0
circles,3,64,21,47,5,22,0,5.5856957167227383e-08,3.024746115860954e-09,5.585695816989755e-08,3.1933737432154885e-07,0.0001368472866085499,0.006033773508609096,0.00013684205197470723,0.006033773508609096,0.0
circles,3,64,22,47,5,22,0,1.1944470499486437e-08,7.598483745419743e-10,1.19444720780848e-08,6.780143024798235e-08,0.00013684205197470723,0.006033773508609096,0.00013684076247008438,0.006033773508609096,0.0
circles,3,64,23,47,5,22,0,3.097927470108175e-09,1.8624882740624425e-10,3.097930800777249e-09,1.460487908389041e-08,0.00013684076247008438,0.006033773508609096,0.00013684045124189313,0.006033773508609096,0.0
circles,3,64,24,47,5,22,0,6.394954010779941e-10,4.065975044925467e-11,6.394955676114478e-10,3.7374263683886966e-09,0.00013684045124189313,0.006033773508609096,0.00013684037857271373,0.006033773508609096,0.0
circles,3,64,25,47,5,22,0,1.3974368537339465e-10,8.115321196700766e-12,1.397424398419389e-10,7.180389616223692e-10,0.00013684037857271373,0.006033773508609096,0.00013684036654974325,0.006033773508609096,0.0
circles,3,64,26,47,5,22,0,1.3467178761050747e-11,8.237038000188284e-13,1.3464784842653899e-11,1.397424398419389e-10,0.00013684036654974325,0.006033773508609096,0.0001368403691716907,0.006033773508609096,0.0
circles,3,64,27,47,5,22,0,1.4807391424120908e-10,4.7810147398772645e-12,1.4807710613240488e-10,1.4807710613240488e-10,0.0001368403691716907,0.006033773508609096,0.00013684037385969757,0.006033773508609096,0.0
circles,3,64,28,47,5,22,0,2.4324006350773253e-10,6.988478044815347e-12,2.432400947327551e-10,3.007230020557472e-10,0.00013684037385969757,0.006033773508609096,0.00013684035466537107,0.006033773508609096,0.0
circles,3,64,29,47,5,22,0,1.3553069257155048e-11,8.807762023784654e-13,1.355004997094511e-11,2.4775204110483173e-10,0.00013684035466537107,0.006033773508609096,0.00013684035651656413,0.006033773508609096,0.0
circles,3,64,30,47,5,22,0,2.6688764045990077e-11,8.39338456708696e-13,2.6687985155149363e-11,1.3137935184204252e-11,0.00013684035651656413,0.006033773508609096,0.000136840356190753,0.006033773508609096,0.0
circles,3,64,31,47,5,22,0,1.3467178761050747e-11,4.970147695812558e-13,1.3464784842653899e-11,4.015276999780326e-11,0.000136840356190753,0.006033773508609096,0.00013684036089393973,0.006033773508609096,0.0
circles,3,64,32,47,5,22,0,6.0722260553092156e-12,1.9032811581947424e-13,6.0751403907488566e-12,1.4175327578413999e-11,0.00013684036089393973,0.006033773508609096,0.0001368403616233186,0.006033773508609096,0.0
circles,4,64,1,50,0,15,0,0.08396382889276355,0.02259493531758762,0.0839638288927631,0.0,0.19609082344473167,0.627725001127553,0.03812276868409073,0.1796999289705744,0.0
circles,4,64,2,50,0,15,1,0.9850942423476036,0.030702906471964303,0.985094242347607,0.9965835626946102,0.03812276868409073,0.1796999289705744,0.021425186856655135,0.751187631041808,0.0
circles,4,64,3,50,0,17,1,0.25304961428873185,0.010879498684208212,0.2530496142887344,0.8018419818062696,0.021425186856655135,0.751187631041808,0.006784131586395337,0.13878842841836053,0.0
circles,4,64,4,50,0,17,0,0.03659769286849142,0.001490064075493675,0.03659769286849013,0.21645192142024428,0.006784131586395337,0.13878842841836053,0.001371576771537351,0.02668878252115055,0.0
circles,4,64,5,50,0,17,0,0.005255340543282869,0.000275236140427213,0.0052553405432860245,0.03803146694366433,0.001371576771537351,0.02668878252115055,0.00031755298474794955,0.00637907841840326,0.0
circles,4,64,6,50,0,17,0,0.0009490096580999294,7.560623550704147e-05,0.0009490096581004082,0.0046583429393294296,0.00031755298474794955,0.00637907841840326,4.734552697854133e-05,0.0004818265754341458,0.0
circles,4,64,7,50,0,17,0,0.00013232693448859273,1.1703318038547923e-05,0.000132326934490834,0.0010813365925912422,4.734552697854133e-05,0.0004818265754341458,1.008375161719094e-05,3.2946897886555315e-05,0.0
circles,4,64,8,50,0,17,0,5.823323791665641e-05,3.1274301752543714e-06,5.8233237915317204e-05,0.0001905601724061512,1.008375161719094e-05,3.2946897886555315e-05,2.722298267124402e-06,1.1159557655849767e-05,0.0
circles,4,64,9,50,0,16,1,0.9612197275122166,0.01922525027926147,0.9612197275122156,0.9612191273873236,2.722298267124402e-06,1.1159557655849767e-05,0.018177440942586873,0.48744763662784385,1.734723475976807e-18
circles,4,64,10,50,0,18,0,0.14108119508717681,0.006396851931899365,0.14108119508717465,0.8956084253331937,0.018177440942586873,0.48744763662784385,0.005505773975280053,0.152352423326662,1.734723475976807e-18
circles,4,64,11,50,0,18,0,0.03136868550300646,0.001416888522118952,0.0313686855030042,0.15283396444750252,0.005505773975280053,0.152352423326662,0.0016027747556692173,0.03996504977278903,1.734723475976807e-18
circles,4,64,12,50,0,18,0,0.007884156030304752,0.0003668175417853313,0.007884156030307565,0.03576032173764787,0.0016027747556692173,0.03996504977278903,0.000480787861898116,0.009906408653446514,1.734723475976807e-18
circles,4,64,13,50,0,18,0,0.0020502177205374006,0.0001251180576749613,0.002050217720537262,0.009486579640189063,0.000480787861898116,0.009906408653446514,0.00015047687381674073,0.0024276451600979024,1.1102230246251565e-16
circles,4,64,14,50,0,18,0,0.00048274136265052253,3.448596512840667e-05,0.00048274136265291645,0.0025329590831901783,0.00015047687381674073,0.0024276451600979024,5.342227024598952e-05,0.0008948164095898935,2.6020852139652106e-17
circles,4,64,15,50,0,18,0,0.000204125682872619,1.2967143338986093e-05,0.00020412568287042632,0.000580835572009164,5.342227024598952e-05,0.0008948164095898935,1.8410773700761036e-05,0.00032065064417176266,2.6020852139652106e-17
circles,4,64,16,50,0,18,0,8.315888576325425e-05,4.6191757921538144e-06,8.315888576504449e-05,0.0002872845686354708,1.8410773700761036e-05,0.00032065064417176266,5.931510545752972e-06,8.761034226467377e-05,1.734723475976807e-18
circles,4,64,17,50,0,18,0,2.4226324176444824e-05,1.4338601101232182e-06,2.4226324178755476e-05,0.00010738520994379996,5.931510545752972e-06,8.761034226467377e-05,1.9578303376261733e-06,2.1903186124057773e-05,2.6020852139652106e-17
circles,4,64,18,50,0,18,0,6.2819495541197035e-06,4.385724824676387e-07,6.2819495525445745e-06,3.050827373130005e-05,1.9578303376261733e-06,2.1903186124057773e-05,6.359662546482204e-07,7.804170404862179e-06,1.734723475976807e-18
circles,4,64,19,50,0,18,0,1.5433944780193776e-06,1.3352963056339866e-07,1.5433944753340256e-06,7.8253440278786e-06,6.359662546482204e-07,7.804170404862179e-06,2.03700323036945e-07,3.089248042817796e-06,1.734723475976807e-18
circles,4,64,20,50,0,18,0,3.6922338103595465e-07,4.1439141217633826e-08,3.6922337898204205e-07,1.9126178543160677e-06,2.03700323036945e-07,3.089248042817796e-06,6.473874697047555e-08,1.0208045758798305e-06,2.6020852139652106e-17
circles,4,64,21,50,0,18,0,9.65862867984002e-08,1.3150494051995462e-08,9.658628385977863e-08,4.562551652043112e-07,6.473874697047555e-08,1.0208045758798305e-06,2.0539643046506347e-08,3.0563597545768566e-07,1.1102230246251565e-16
circles,4,64,22,50,0,18,0,2.921600908249722e-08,4.201523034867705e-09,2.9216010943855508e-08,1.2580229480363414e-07,2.0539643046506347e-08,3.0563597545768566e-07,6.349806186383242e-09,8.611261917465645e-08,1.734723475976807e-18
circles,4,64,23,50,0,18,0,1.0091819133833946e-08,1.330764390827452e-09,1.009181715971863e-08,3.752945332280433e-08,6.349806186383242e-09,8.611261917465645e-08,1.998020830812152e-09,2.3332257858092735e-08,1.1102230246251565e-16
circles,4,64,24,50,0,18,0,5.0880331198266404e-09,5.190017350348991e-10,5.088033105948853e-09,1.3570854662248166e-08,1.998020830812152e-09,2.3332257858092735e-08,7.221785509918253e-10,6.019306605072637e-09,1.1102230246251565e-16
circles,4,64,25,50,0,18,0,4.176792592347489e-09,2.1046392796944535e-10,4.1767904690459545e-09,9.264823574994807e-09,7.221785509918253e-10,6.019306605072637e-09,3.5722977016055625e-10,3.883957261633687e-09,1.1102230246251565e-16
circles,4,64,26,50,0,18,0,1.7919924225062722e-09,7.248053849814862e-11,1.7919887795869727e-09,5.968779248632927e-09,3.5722977016055625e-10,3.883957261633687e-09,2.455505101616456e-10,3.72003438968073e-09,1.1102230246251565e-16
circles,4,64,27,50,0,18,0,9.463235750573062e-10,2.9933243167121204e-11,9.463221317673742e-10,2.738310911354347e-09,2.455505101616456e-10,3.72003438968073e-09,2.1106609266898624e-10,3.7023106094387814e-09,1.1102230246251565e-16
circles,4,64,28,50,0,18,0,3.999696407408493e-10,1.210476207116895e-11,3.99971611386718e-10,1.3462937431540922e-09,2.1106609266898624e-10,3.7023106094387814e-09,2.0561675597226848e-10,3.6979480836133997e-09,1.1102230246251565e-16
circles,4,64,29,50,0,18,0,1.3966692385958268e-11,1.401668277972723e-12,1.396927018504357e-11,4.1093528579949634e-10,2.0561675597226848e-10,3.6979480836133997e-09,2.0537779664738372e-10,3.696935320061078e-09,1.1102230246251565e-16
circles,4,64,30,50,0,18,0,2.2974417507315437e-11,1.2727765889841702e-12,2.297184664712404e-11,2.304290092070005e-11,2.0537779664738372e-10,3.696935320061078e-09,2.055103973911171e-10,3.719291456766387e-09,1.1102230246251565e-16
circles,4,64,31,50,0,18,0,1.5987211554602254e-11,6.514489468700813e-13,1.5987211554602254e-11,8.782308213994838e-12,2.055103973911171e-10,3.719291456766387e-09,2.0539069317220753e-10,3.7196684837552756e-09,1.1102230246251565e-16
circles,4,64,32,50,0,18,0,6.982088518459051e-12,2.4220556116283376e-13,6.984635092521785e-12,2.297184664712404e-11,2.0539069317220753e-10,3.7196684837552756e-09,2.0575395238400882e-10,3.7196684837552756e-09,1.1102230246251565e-16
ellipses,0,64,1,127,1,32,0,1.160442878747224,0.021411507857642998,1.1604428787472258,0.0,0.11142663190984385,0.8389715049708497,0.028990575259829014,0.6355790283730081,0.0
ellipses,0,64,2,128,0,36,3,1.2718581787171155,0.02829399008947911,1.2718581787171104,1.2852870008443489,0.028990575259829014,0.6355790283730081,0.01675340478721076,0.40148244157780766,3.577867169202165e-18
ellipses,0,64,3,127,1,38,1,0.27535587713450127,0.007536777041973365,0.27535587713450127,0.9965023015826091,0.01675340478721076,0.40148244157780766,0.00498064006301917,0.1314001488973288,5.551115123125783e-17
ellipses,0,64,4,127,1,38,0,0.03150390346419443,0.001157686719840084,0.0315039034641984,0.26356834942194496,0.00498064006301917,0.1314001488973288,0.0016799503993698128,0.04368100044765962,2.220446049250313e-16
ellipses,0,64,5,127,1,38,0,0.010627569627577431,0.0003479848174337477,0.010627569627580158,0.03836225112296887,0.0016799503993698128,0.04368100044765962,0.0005432775923969757,0.020595558739613443,2.220446049250313e-16
ellipses,0,64,6,126,2,38,0,0.002339249699681231,9.688107152403052e-05,0.0023392496996876844,0.011966844988847924,0.0005432775923969757,0.020595558739613443,0.0002031633644275663,0.010007363574391071,1.0299920638612292e-17
ellipses,0,64,7,127,1,38,0,0.00052176876847599,2.714990948885713e-05,0.000521768768475539,0.0026708690314620753,0.0002031633644275663,0.010007363574391071,0.00011943530589459387,0.010052603306573276,5.551115123125783e-17
ellipses,0,64,8,126,2,38,0,0.00015585271862759986,8.457585556807839e-06,0.00015585271862761374,0.0006416082697882075,0.00011943530589459387,0.010052603306573276,9.207223721880957e-05,0.01005916284566926,1.0299920638612292e-17
ellipses,0,64,9,126,2,38,0,4.534544256092066e-05,2.5858615823365523e-06,4.5345442561739446e-05,0.00019709172347504023,9.207223721880957e-05,0.01005916284566926,8.39427014866059e-05,0.010060360270584625,1.0299920638612292e-17
ellipses,0,64,10,126,2,37,1,0.9246845823189619,0.008752833844632369,0.9246845823189602,0.9246845213927415,8.39427014866059e-05,0.010060360270584625,0.004043631397453518,0.43739129422579637,2.220446049250313e-16
ellipses,0,64,11,126,2,39,0,0.12022490342768516,0.0015668094264217774,0.12022490342768322,0.8651771155008703,0.004043631397453518,0.43739129422579637,0.0010705518449751301,0.07507213689100038,2.220446049250313e-16
ellipses,0,64,12,126,2,39,0,0.016415626162120077,0.00023069992919456272,0.016415626162121555,0.11488022142042809,0.0010705518449751301,0.07507213689100038,0.00027838095506661396,0.01658758974864915,2.220446049250313e-16
ellipses,0,64,13,128,0,39,0,0.0008243192220074719,2.569507001567296e-05,0.0008243192220049878,0.015705949339970715,0.00027838095506661396,0.01658758974864915,0.00011146209449973448,0.0077656599440734135,2.220446049250313e-16
ellipses,0,64,14,126,2,39,0,0.0002810544878816229,6.1168252327536735e-06,0.00028105448788195986,0.0008243192220049878,0.00011146209449973448,0.0077656599440734135,4.501060885312036e-05,0.003049603223574905,1.1102230246251565e-16
ellipses,0,64,15,126,2,39,0,1.8778615423070688e-05,6.29631515846915e-07,1.8778615423542533e-05,0.00028154189245555017,4.501060885312036e-05,0.003049603223574905,4.285458233463132e-05,0.003067574526618194,2.220446049250313e-16
ellipses,0,64,16,126,2,39,0,8.595010776539513e-06,1.9940728533844277e-07,8.59501077599134e-06,2.241876769915052e-05,4.285458233463132e-05,0.003067574526618194,4.196433143403512e-05,0.0030707246165883996,6.245004513516506e-17
ellipses,0,64,17,127,1,39,0,0.0001514377617233692,1.4908141788321863e-06,0.00015143776172266143,0.00015143776172266143,4.196433143403512e-05,0.0030707246165883996,2.928698894965837e-05,0.0022719508984766724,2.220446049250313e-16
ellipses,0,64,18,126,2,39,0,5.2210110017411e-05,4.324981208223304e-07,5.221011001665943e-05,0.00015143776172266143,2.928698894965837e-05,0.0022719508984766724,2.3594122110027874e-05,0.0022717586726882294,1.1102230246251565e-16
ellipses,0,64,19,128,0,39,0,9.528394715550143e-05,1.1289693718916662e-06,9.528394715374588e-05,9.528394715374588e-05,2.3594122110027874e-05,0.0022717586726882294,1.1127417527955485e-05,0.0010753543300291112,1.1102230246251565e-16
ellipses,0,64,20,126,2,39,0,3.6746489240715476e-05,4.2996861264277384e-07,3.674648924345547e-05,9.528394715374588e-05,1.1127417527955485e-05,0.0010753543300291112,5.464570048222377e-06,0.0005116077318767204,1.1102230246251565e-16
ellipses,0,64,21,126,2,39,0,2.171409633697219e-06,3.050563410681292e-08,2.171409633433541e-06,3.687029384025209e-05,5.464570048222377e-06,0.0005116077318767204,5.344116251318315e-06,0.0005132379632013358,2.220446049250313e-16
ellipses,0,64,22,127,1,39,0,2.151445418520359e-05,1.8587268231407886e-07,2.1514454186188914e-05,2.1514454186188914e-05,5.344116251318315e-06,0.0005132379632013358,3.1931975887982027e-06,0.000243176089852718,5.551115123125783e-17
ellipses,0,64,23,126,2,39,0,8.31163991673288e-06,7.697422909770809e-08,8.311639916769309e-06,2.1514454186188914e-05,3.1931975887982027e-06,0.000243176089852718,2.202499369829962e-06,0.00016239954377038438,2.220446049250313e-16
ellipses,0,64,24,126,2,39,0,5.041383161624724e-07,5.8403238217612495e-09,5.041383168702396e-07,8.340076469437463e-06,2.202499369829962e-06,0.00016239954377038438,2.1830634389680393e-06,0.00016239553798306933,5.551115123125783e-17
ellipses,0,64,25,126,2,39,0,9.125573621412975e-08,1.8384356797840373e-09,9.12557354126875e-08,5.940368019707876e-07,2.1830634389680393e-06,0.00016239553798306933,2.1776498311576897e-06,0.0001623942703614636,2.220446049250313e-16
ellipses,0,64,26,126,2,39,0,1.8023960449142784e-08,4.3074969942278147e-10,1.802396099037651e-08,1.0927969640306401e-07,2.1776498311576897e-06,0.0001623942703614636,2.1763910686899357e-06,0.00016239446188777266,5.551115123125783e-17
ellipses,0,64,27,128,0,39,0,7.990985935457662e-06,1.1738832900125471e-07,7.990985935180106e-06,7.990985935180106e-06,2.1763910686899357e-06,0.00016239446188777266,1.0437623446905883e-06,7.616803685949117e-05,2.220446049250313e-16
ellipses,0,64,28,128,0,39,0,2.760634716777923e-06,6.575766381056026e-08,2.760634718157462e-06,9.822261262115717e-06,1.0437623446905883e-06,7.616803685949117e-05,2.624898135355716e-07,1.7455122522223193e-05,5.551115123125783e-17
ellipses,0,64,29,126,2,39,0,6.375815052674962e-07,1.1684301409920595e-08,6.375815040371435e-07,3.3982162221946055e-06,2.624898135355716e-07,1.7455122522223193e-05,1.2918645578042123e-07,8.673754528877378e-06,2.220446049250313e-16
ellipses,0,64,30,127,1,39,0,4.278132173171634e-07,6.016094014617432e-09,4.2781321951679274e-07,6.3957772411527e-07,1.2918645578042123e-07,8.673754528877378e-06,8.366780940327472e-08,6.019570150270407e-06,5.551115123125783e-17
ellipses,0,64,31,127,1,39,0,2.519647200951991e-07,3.5898766405326757e-09,2.5196472108746093e-07,4.2781321951679274e-07,8.366780940327472e-08,6.019570150270407e-06,3.96293901347493e-08,2.8504313695318253e-06,2.220446049250313e-16
ellipses,0,64,32,127,1,39,0,9.889270461554966e-08,1.9767537580160764e-09,9.889270558005592e-08,2.5196472108746093e-07,3.96293901347493e-08,2.8504313695318253e-06,1.9020393699512704e-08,1.3401130528476293e-06,1.1102230246251565e-16
ellipses,0,64,33,127,1,39,0,3.4246631572254493e-08,6.256115658124241e-10,3.4246632196754945e-08,1.2168995766614898e-07,1.9020393699512704e-08,1.3401130528476293e-06,1.2837916956850294e-08,1.3395373095437022e-06,2.220446049250313e-16
ellipses,0,64,34,126,2,39,0,8.005297705108994e-09,1.1982946971481168e-10,8.00529775801806e-09,4.2251929954773004e-08,1.2837916956850294e-08,1.3395373095437022e-06,1.1692902450350288e-08,1.3404832288702987e-06,5.551115123125783e-17
ellipses,0,64,35,126,2,39,0,1.2753299284684605e-09,2.5577012124206133e-11,1.275331840133731e-09,8.052992939155956e-09,1.1692902450350288e-08,1.3404832288702987e-06,1.1581340190217928e-08,1.339520437318427e-06,2.220446049250313e-16
ellipses,0,64,36,126,2,39,0,5.54490307835831e-10,7.613126020528458e-12,5.54493340132467e-10,1.829825180266198e-09,1.1581340190217928e-08,1.339520437318427e-06,1.1527876018518398e-08,1.3391401322427382e-06,5.551115123125783e-17
ellipses,0,64,37,126,2,39,0,1.0580147868921586e-10,3.348376504690319e-12,1.0579981335467892e-10,6.289582188401255e-10,1.1527876018518398e-08,1.3391401322427382e-06,1.1528620529762162e-08,1.3390928450519413e-06,2.220446049250313e-16
ellipses,0,64,38,126,2,39,0,5.402713866564657e-11,2.2100003636529556e-12,5.402966962719802e-11,1.2849454833485652e-10,1.1528620529762162e-08,1.3390928450519413e-06,1.1524174205471674e-08,1.3390298214806534e-06,5.551115123125783e-17
ellipses,0,64,39,126,2,39,0,2.154340941751265e-10,3.304124190685783e-12,2.1543300476878358e-10,2.0312640458541864e-10,1.1524174205471674e-08,1.3390298214806534e-06,1.1532844038899933e-08,1.3390200423854191e-06,2.220446049250313e-16
ellipses,0,64,40,126,2,39,0,1.0615189283136317e-10,3.3607840799331263e-12,1.0615153200888017e-10,1.0928147275990341e-10,1.1532844038899933e-08,1.3390200423854191e-06,1.1521614826826217e-08,1.3390896526968133e-06,5.551115123125783e-17
ellipses,0,64,41,126,2,39,0,1.0185966653475376e-10,2.939646483548876e-12,1.0185985388488916e-10,2.0801138589376933e-10,1.1521614826826217e-08,1.3390896526968133e-06,1.1527293026515771e-08,1.3390525324050605e-06,2.220446049250313e-16
ellipses,0,64,42,126,2,39,0,2.0932439809273617e-10,3.503021337371623e-12,2.0932233724124671e-10,1.0746248335635755e-10,1.1527293026515771e-08,1.3390525324050605e-06,1.1533082345037451e-08,1.3390209444328459e-06,5.551115123125783e-17
ellipses,0,64,43,126,2,39,0,1.0746299683450644e-10,3.359739459744716e-12,1.0746248335635755e-10,1.0185985388488916e-10,1.1533082345037451e-08,1.3390209444328459e-06,1.1521393292786698e-08,1.3390897071742292e-06,2.220446049250313e-16
ellipses,0,64,44,126,2,39,0,1.0185966653475376e-10,2.9396161947262795e-12,1.0185985388488916e-10,2.0932233724124671e-10,1.1521393292786698e-08,1.3390897071742292e-06,1.1527514558563158e-08,1.3390524837139354e-06,5.551115123125783e-17
ellipses,0,64,45,126,2,39,0,2.0932439809273617e-10,3.5029390756829805e-12,2.0932233724124671e-10,1.0746248335635755e-10,1.1527514558563158e-08,1.3390524837139354e-06,1.1532860812990066e-08,1.3390209931239711e-06,2.220446049250313e-16
ellipses,0,64,46,126,2,39,0,1.0746299683450644e-10,3.3598217214333583e-12,1.0746248335635755e-10,1.0185985388488916e-10,1.1532860812990066e-08,1.3390209931239711e-06,1.1521614824353172e-08,1.3390896584215475e-06,5.551115123125783e-17
ellipses,0,64,47,126,2,39,0,1.0185966653475376e-10,2.939533933037637e-12,1.0185985388488916e-10,2.0932233724124671e-10,1.1521614824353172e-08,1.3390896584215475e-06,1.1527293026515771e-08,1.3390525324050605e-06,2.220446049250313e-16
ellipses,0,64,48,126,2,39,0,2.0932439809273617e-10,3.503021337371623e-12,2.0932233724124671e-10,1.0746248335635755e-10,1.1527293026515771e-08,1.3390525324050605e-06,1.1533082345037451e-08,1.3390209444328459e-06,5.551115123125783e-17
ellipses,0,64,49,126,2,39,0,1.0746299683450644e-10,3.359739459744716e-12,1.0746248335635755e-10,1.0185985388488916e-10,1.1533082345037451e-08,1.3390209444328459e-06,1.1521393292786698e-08,1.3390897071742292e-06,2.220446049250313e-16
ellipses,0,64,50,126,2,39,0,1.0185966653475376e-10,2.9396161947262795e-12,1.0185985388488916e-10,2.0932233724124671e-10,1.1521393292786698e-08,1.3390897071742292e-06,1.1527514558563158e-08,1.3390524837139354e-06,5.551115123125783e-17
ellipses,0,64,51,126,2,39,0,2.0932439809273617e-10,3.5029390756829805e-12,2.0932233724124671e-10,1.0746248335635755e-10,1.1527514558563158e-08,1.3390524837139354e-06,1.1532860812990066e-08,1.3390209931239711e-06,2.220446049250313e-16
ellipses,0,64,52,126,2,39,0,1.0746299683450644e-10,3.3598217214333583e-12,1.0746248335635755e-10,1.0185985388488916e-10,1.1532860812990066e-08,1.3390209931239711e-06,1.1521614824353172e-08,1.3390896584215475e-06,5.551115123125783e-17
ellipses,0,64,53,126,2,39,0,1.0185966653475376e-10,2.939533933037637e-12,1.0185985388488916e-10,2.0932233724124671e-10,1.1521614824353172e-08,1.3390896584215475e-06,1.1527293026515771e-08,1.3390525324050605e-06,2.220446049250313e-16
ellipses,0,64,54,126,2,39,0,2.0932439809273617e-10,3.503021337371623e-12,2.0932233724124671e-10,1.0746248335635755e-10,1.1527293026515771e-08,1.3390525324050605e-06,1.1533082345037451e-08,1.3390209444328459e-06,5.551115123125783e-17
ellipses,0,64,55,126,2,39,0,1.0746299683450644e-10,3.359739459744716e-12,1.0746248335635755e-10,1.0185985388488916e-10,1.1533082345037451e-08,1.3390209444328459e-06,1.1521393292786698e-08,1.3390897071742292e-06,2.220446049250313e-16
ellipses,0,64,56,126,2,39,0,1.0185966653475376e-10,2.9396161947262795e-12,1.0185985388488916e-10,2.0932233724124671e-10,1.1521393292786698e-08,1.3390897071742292e-06,1.1527514558563158e-08,1.3390524837139354e-06,5.551115123125783e-17
ellipses,0,64,57,126,2,39,0,2.0932439809273617e-10,3.5029390756829805e-12,2.0932233724124671e-10,1.0746248335635755e-10,1.1527514558563158e-08,1.3390524837139354e-06,1.1532860812990066e-08,1.3390209931239711e-06,2.220446049250313e-16
ellipses,0,64,58,126,2,39,0,1.0746299683450644e-10,3.3598217214333583e-12,1.0746248335635755e-10,1.0185985388488916e-10,1.1532860812990066e-08,1.3390209931239711e-06,1.1521614824353172e-08,1.3390896584215475e-06,5.551115123125783e-17
ellipses,0,64,59,126,2,39,0,1.0185966653475376e-10,2.939533933037637e-12,1.0185985388488916e-10,2.0932233724124671e-10,1.1521614824353172e-08,1.3390896584215475e-06,1.1527293026515771e-08,1.3390525324050605e-06,2.220446049250313e-16
ellipses,0,64,60,126,2,39,0,2.0932439809273617e-10,3.503021337371623e-12,2.0932233724124671e-10,1.0746248335635755e-10,1.1527293026515771e-08,1.3390525324050605e-06,1.1533082345037451e-08,1.3390209444328459e-06,5.551115123125783e-17
ellipses,0,64,61,126,2,39,0,1.0746299683450644e-10,3.359739459744716e-12,1.0746248335635755e-10,1.0185985388488916e-10,1.1533082345037451e-08,1.3390209444328459e-06,1.1521393292786698e-08,1.3390897071742292e-06,2.220446049250313e-16
ellipses,0,64,62,126,2,39,0,1.0185966653475376e-10,2.9396161947262795e-12,1.0185985388488916e-10,2.0932233724124671e-10,1.1521393292786698e-08,1.3390897071742292e-06,1.1527514558563158e-08,1.3390524837139354e-06,5.551115123125783e-17
ellipses,0,64,63,126,2,39,0,2.0932439809273617e-10,3.5029390756829805e-12,2.0932233724124671e-10,1.0746248335635755e-10,1.1527514558563158e-08,1.3390524837139354e-06,1.1532860812990066e-08,1.3390209931239711e-06,2.220446049250313e-16
ellipses,0,64,64,126,2,39,0,1.0746299683450644e-10,3.3598217214333583e-12,1.0746248335635755e-10,1.0185985388488916e-10,1.1532860812990066e-08,1.3390209931239711e-06,1.1521614824353172e-08,1.3390896584215475e-06,5.551115123125783e-17
ellipses,0,64,65,126,2,39,0,1.0185966653475376e-10,2.939533933037637e-12,1.0185985388488916e-10,2.0932233724124671e-10,1.1521614824353172e-08,1.3390896584215475e-06,1.1527293026515771e-08,1.3390525324050605e-06,2.220446049250313e-16
ellipses,0,64,66,126,2,39,0,2.0932439809273617e-10,3.503021337371623e-12,2.0932233724124671e-10,1.0746248335635755e-10,1.1527293026515771e-08,1.3390525324050605e-06,1.1533082345037451e-08,1.3390209444328459e-06,5.551115123125783e-17
ellipses,0,64,67,126,2,39,0,1.0746299683450644e-10,3.359739459744716e-12,1.0746248335635755e-10,1.0185985388488916e-10,1.1533082345037451e-08,1.3390209444328459e-06,1.1521393292786698e-08,1.3390897071742292e-06,2.220446049250313e-16
ellipses,0,64,68,126,2,39,0,1.0185966653475376e-10,2.9396161947262795e-12,1.0185985388488916e-10,2.0932233724124671e-10,1.1521393292786698e-08,1.3390897071742292e-06,1.1527514558563158e-08,1.3390524837139354e-06,5.551115123125783e-17
ellipses,0,64,69,126,2,39,0,2.0932439809273617e-10,3.5029390756829805e-12,2.0932233724124671e-10,1.0746248335635755e-10,1.1527514558563158e-08,1.3390524837139354e-06,1.1532860812990066e-08,1.3390209931239711e-06,2.220446049250313e-16
ellipses,0,64,70,126,2,39,0,1.0746299683450644e-10,3.3598217214333583e-12,1.0746248335635755e-10,1.0185985388488916e-10,1.1532860812990066e-08,1.3390209931239711e-06,1.1521614824353172e-08,1.3390896584215475e-06,5.551115123125783e-17
ellipses,0,64,71,126,2,39,0,1.0185966653475376e-10,2.939533933037637e-12,1.0185985388488916e-10,2.0932233724124671e-10,1.1521614824353172e-08,1.3390896584215475e-06,1.1527293026515771e-08,1.3390525324050605e-06,2.220446049250313e-16
ellipses,0,64,72,126,2,39,0,2.0932439809273617e-10,3.503021337371623e-12,2.0932233724124671e-10,1.0746248335635755e-10,1.1527293026515771e-08,1.3390525324050605e-06,1.1533082345037451e-08,1.3390209444328459e-06,5.551115123125783e-17
ellipses,0,64,73,126,2,39,0,1.0746299683450644e-10,3.359739459744716e-12,1.0746248335635755e-10,1.0185985388488916e-10,1.1533082345037451e-08,1.3390209444328459e-06,1.1521393292786698e-08,1.3390897071742292e-06,2.220446049250313e-16
ellipses,0,64,74,126,2,39,0,1.0185966653475376e-10,2.9396161947262795e-12,1.0185985388488916e-10,2.0932233724124671e-10,1.1521393292786698e-08,1.3390897071742292e-06,1.1527514558563158e-08,1.3390524837139354e-06,5.551115123125783e-17
ellipses,0,64,75,126,2,39,0,2.0932439809273617e-10,3.5029390756829805e-12,2.0932233724124671e-10,1.0746248335635755e-10,1.1527514558563158e-08,1.3390524837139354e-06,1.1532860812990066e-08,1.3390209931239711e-06,2.220446049250313e-16
ellipses,0,64,76,126,2,39,0,1.0746299683450644e-10,3.3598217214333583e-12,1.0746248335635755e-10,1.0185985388488916e-10,1.1532860812990066e-08,1.3390209931239711e-06,1.1521614824353172e-08,1.3390896584215475e-06,5.551115123125783e-17
ellipses,0,64,77,126,2,39,0,1.0185966653475376e-10,2.939533933037637e-12,1.0185985388488916e-10,2.0932233724124671e-10,1.1521614824353172e-08,1.3390896584215475e-06,1.1527293026515771e-08,1.3390525324050605e-06,2.220446049250313e-16
ellipses,0,64,78,126,2,39,0,2.0932439809273617e-10,3.503021337371623e-12,2.0932233724124671e-10,1.0746248335635755e-10,1.1527293026515771e-08,1.3390525324050605e-06,1.1533082345037451e-08,1.3390209444328459e-06,5.551115123125783e-17
ellipses,0,64,79,126,2,39,0,1.0746299683450644e-10,3.359739459744716e-12,1.0746248335635755e-10,1.0185985388488916e-10,1.1533082345037451e-08,1.3390209444328459e-06,1.1521393292786698e-08,1.3390897071742292e-06,2.220446049250313e-16
ellipses,0,64,80,126,2,39,0,1.0185966653475376e-10,2.9396161947262795e-12,1.0185985388488916e-10,2.0932233724124671e-10,1.1521393292786698e-08,1.3390897071742292e-06,1.1527514558563158e-08,1.3390524837139354e-06,5.551115123125783e-17
ellipses,0,64,81,126,2,39,0,2.0932439809273617e-10,3.5029390756829805e-12,2.0932233724124671e-10,1.0746248335635755e-10,1.1527514558563158e-08,1.3390524837139354e-06,1.1532860812990066e-08,1.3390209931239711e-06,2.220446049250313e-16
ellipses,0,64,82,126,2,39,0,1.0746299683450644e-10,3.3598217214333583e-12,1.0746248335635755e-10,1.0185985388488916e-10,1.1532860812990066e-08,1.3390209931239711e-06,1.1521614824353172e-08,1.3390896584215475e-06,5.551115123125783e-17
ellipses,0,64,83,126,2,39,0,1.0185966653475376e-10,2.939533933037637e-12,1.0185985388488916e-10,2.0932233724124671e-10,1.1521614824353172e-08,1.3390896584215475e-06,1.1527293026515771e-08,1.3390525324050605e-06,2.220446049250313e-16
ellipses,0,64,84,126,2,39,0,2.0932439809273617e-10,3.503021337371623e-12,2.0932233724124671e-10,1.0746248335635755e-10,1.1527293026515771e-08,1.3390525324050605e-06,1.1533082345037451e-08,1.3390209444328459e-06,5.551115123125783e-17
ellipses,0,64,85,126,2,39,0,1.0746299683450644e-10,3.359739459744716e-12,1.0746248335635755e-10,1.0185985388488916e-10,1.1533082345037451e-08,1.3390209444328459e-06,1.1521393292786698e-08,1.3390897071742292e-06,2.220446049250313e-16
ellipses,0,64,86,126,2,39,0,1.0185966653475376e-10,2.9396161947262795e-12,1.0185985388488916e-10,2.0932233724124671e-10,1.1521393292786698e-08,1.3390897071742292e-06,1.1527514558563158e-08,1.3390524837139354e-06,5.551115123125783e-17
ellipses,0,64,87,126,2,39,0,2.0932439809273617e-10,3.5029390756829805e-12,2.0932233724124671e-10,1.0746248335635755e-10,1.1527514558563158e-08,1.3390524837139354e-06,1.1532860812990066e-08,1.3390209931239711e-06,2.220446049250313e-16
ellipses,0,64,88,126,2,39,0,1.0746299683450644e-10,3.3598217214333583e-12,1.0746248335635755e-10,1.0185985388488916e-10,1.1532860812990066e-08,1.3390209931239711e-06,1.1521614824353172e-08,1.3390896584215475e-06,5.551115123125783e-17
ellipses,0,64,89,126,2,39,0,1.0185966653475376e-10,2.939533933037637e-12,1.0185985388488916e-10,2.0932233724124671e-10,1.1521614824353172e-08,1.3390896584215475e-06,1.1527293026515771e-08,1.3390525324050605e-06,2.220446049250313e-16
ellipses,0,64,90,126,2,39,0,2.0932439809273617e-10,3.503021337371623e-12,2.0932233724124671e-10,1.0746248335635755e-10,1.1527293026515771e-08,1.3390525324050605e-06,1.1533082345037451e-08,1.3390209444328459e-06,5.551115123125783e-17
ellipses,0,64,91,126,2,39,0,1.0746299683450644e-10,3.359739459744716e-12,1.0746248335635755e-10,1.0185985388488916e-10,1.1533082345037451e-08,1.3390209444328459e-06,1.1521393292786698e-08,1.3390897071742292e-06,2.220446049250313e-16
ellipses,0,64,92,126,2,39,0,1.0185966653475376e-10,2.9396161947262795e-12,1.0185985388488916e-10,2.0932233724124671e-10,1.1521393292786698e-08,1.3390897071742292e-06,1.1527514558563158e-08,1.3390524837139354e-06,5.551115123125783e-17
ellipses,0,64,93,126,2,39,0,2.0932439809273617e-10,3.5029390756829805e-12,2.0932233724124671e-10,1.0746248335635755e-10,1.1527514558563158e-08,1.3390524837139354e-06,1.1532860812990066e-08,1.3390209931239711e-06,2.220446049250313e-16
ellipses,0,64,94,126,2,39,0,1.0746299683450644e-10,3.3598217214333583e-12,1.0746248335635755e-10,1.0185985388488916e-10,1.1532860812990066e-08,1.3390209931239711e-06,1.1521614824353172e-08,1.3390896584215475e-06,5.551115123125783e-17
ellipses,0,64,95,126,2,39,0,1.0185966653475376e-10,2.939533933037637e-12,1.0185985388488916e-10,2.0932233724124671e-10,1.1521614824353172e-08,1.3390896584215475e-06,1.1527293026515771e-08,1.3390525324050605e-06,2.220446049250313e-16
ellipses,0,64,96,126,2,39,0,2.0932439809273617e-10,3.503021337371623e-12,2.0932233724124671e-10,1.0746248335635755e-10,1.1527293026515771e-08,1.3390525324050605e-06,1.1533082345037451e-08,1.3390209444328459e-06,5.551115123125783e-17
ellipses,0,64,97,126,2,39,0,1.0746299683450644e-10,3.359739459744716e-12,1.0746248335635755e-10,1.0185985388488916e-10,1.1533082345037451e-08,1.3390209444328459e-06,1.1521393292786698e-08,1.3390897071742292e-06,2.220446049250313e-16
ellipses,0,64,98,126,2,39,0,1.0185966653475376e-10,2.9396161947262795e-12,1.0185985388488916e-10,2.0932233724124671e-10,1.1521393292786698e-08,1.3390897071742292e-06,1.1527514558563158e-08,1.3390524837139354e-06,5.551115123125783e-17
ellipses,0,64,99,126,2,39,0,2.0932439809273617e-10,3.5029390756829805e-12,2.0932233724124671e-10,1.0746248335635755e-10,1.1527514558563158e-08,1.3390524837139354e-06,1.1532860812990066e-08,1.3390209931239711e-06,2.220446049250313e-16
ellipses,0,64,100,126,2,39,0,1.0746299683450644e-10,3.3598217214333583e-12,1.0746248335635755e-10,1.0185985388488916e-10,1.1532860812990066e-08,1.3390209931239711e-06,1.1521614824353172e-08,1.3390896584215475e-06,5.551115123125783e-17
ellipses,1,64,1,124,2,45,0,0.08246615464479937,0.010590153395718609,0.08246615464479845,0.0,0.10217260903447191,0.8855138147623542,0.029429925996231173,0.8790966400017293,0.0
ellipses,1,64,2,125,1,45,0,0.033840591088237816,0.003147304772273432,0.03384059108823578,0.06727526730141165,0.029429925996231173,0.8790966400017293,0.004893741127974866,0.1513156704480647,0.0
ellipses,1,64,3,125,1,45,1,1.1141787389952311,0.011099924273787799,1.114178738995232,1.111468979802737,0.004893741127974866,0.1513156704480647,0.005659885790468772,0.49051310226296413,1.1102230246251565e-16
ellipses,1,64,4,125,1,49,0,0.13757511980739376,0.0025377843467742672,0.13757511980739423,0.9766036191878378,0.005659885790468772,0.49051310226296413,0.00222787588299792,0.09551950604144441,2.7755575615628914e-17
ellipses,1,64,5,124,2,49,0,0.018850311829301386,0.0004249723210767486,0.018850311829300637,0.12680052078489368,0.00222787588299792,0.09551950604144441,0.0009986293141627958,0.07048170373279161,0.0
ellipses,1,64,6,125,1,49,0,0.005421637633020587,8.687650859544369e-05,0.005421637633020282,0.01778200673420116,0.0009986293141627958,0.07048170373279161,0.000666534818248801,0.07045529185950236,1.1102230246251565e-16
ellipses,1,64,7,124,2,48,1,0.8730726491531701,0.008313120010321187,0.8730726491531726,0.8730848351586928,0.000666534818248801,0.07045529185950236,0.004661120342890259,0.5045333892299475,1.1102230246251565e-16
ellipses,1,64,8,124,2,50,0,0.16547501604115186,0.001888986298439306,0.16547501604114956,0.8154239572857023,0.004661120342890259,0.5045333892299475,0.0013195470328856318,0.07862961042916032,2.7755575615628914e-17
ellipses,1,64,9,125,1,50,0,0.013669063812569732,0.00020319220165030262,0.01366906381257138,0.1578216202501821,0.0013195470328856318,0.07862961042916032,0.00032987188495759085,0.01726309946750744,0.0
ellipses,1,64,10,124,2,50,0,0.003386395017244276,3.470390780313961e-05,0.003386395017244581,0.013660891590348001,0.00032987188495759085,0.01726309946750744,0.00017179507617319124,0.016144612671344358,0.0
ellipses,1,64,11,124,2,50,0,0.0008565941471614952,1.1143669740834809e-05,0.0008565941471658789,0.0035967807726677847,0.00017179507617319124,0.016144612671344358,0.00014195881755348249,0.016144691821674755,2.7755575615628914e-17
ellipses,1,64,12,124,2,50,0,6.39177503147792e-05,1.7282362656829266e-06,6.39177503103383e-05,0.0009205118974762172,0.00014195881755348249,0.016144691821674755,0.00013380954891272488,0.016144702224052166,0.0
ellipses,1,64,13,124,2,50,0,7.756047656882169e-05,1.0060746493072835e-06,7.756047656926057e-05,7.754071748422575e-05,0.00013380954891272488,0.016144702224052166,0.00012990462682044765,0.01614470345179092,0.0
ellipses,1,64,14,124,2,50,0,2.2495355847963056e-05,3.1483445744947395e-07,2.2495355850082888e-05,0.00010005583241934346,0.00012990462682044765,0.01614470345179092,0.00012875278182346558,0.0161447036319841,0.0
ellipses,1,64,15,124,2,50,0,5.93223445401192e-06,9.195187794364445e-08,5.9322344512224845e-06,2.8427590301305372e-05,0.00012875278182346558,0.0161447036319841,0.0001284262230764991,0.016144703701973896,1.1102230246251565e-16
ellipses,1,64,16,124,2,50,0,1.5182094557008793e-06,2.8454068792455984e-08,1.5182094585952655e-06,7.45044390981775e-06,0.0001284262230764991,0.016144703701973896,0.00012833121974325823,0.016144703735816,2.7755575615628914e-17
ellipses,1,64,17,124,2,50,0,3.825458495983203e-07,9.03306944624897e-09,3.8254584922015056e-07,1.900755307815416e-06,0.00012833121974325823,0.016144703735816,0.00012830146256477995,0.01614462285737975,0.0
ellipses,1,64,18,125,1,50,0,0.0006308145613156957,5.990587313306353e-06,0.0006308145613189708,0.0006308145613189708,0.00012830146256477995,0.01614462285737975,6.166990323994528e-05,0.007649716251784746,2.7755575615628914e-17
ellipses,1,64,19,125,1,50,0,0.0002443368070046206,2.06389386150016e-06,0.0002443368070004226,0.0006308145613189708,6.166990323994528e-05,0.007649716251784746,3.1041766165587276e-05,0.0037251498281580973,0.0
ellipses,1,64,20,125,1,50,0,5.404104691931859e-06,6.350422680659155e-08,5.404104697959156e-06,0.0002444504740708453,3.1041766165587276e-05,0.0037251498281580973,3.0274878532329294e-05,0.003727833902711052,0.0
ellipses,1,64,21,124,2,50,0,2.540590664777166e-06,3.422430663294326e-08,2.5405906640685316e-06,6.650220598203305e-06,3.0274878532329294e-05,0.003727833902711052,2.9766108387513882e-05,0.0037280171184120763,0.0
ellipses,1,64,22,125,1,50,0,0.00014462171979371524,1.382219140624993e-06,0.000144621719790905,0.000144621719790905,2.9766108387513882e-05,0.0037280171184120763,1.4277111758854386e-05,0.0017653427341019696,0.0
ellipses,1,64,23,125,1,50,0,1.6112588386782423e-06,3.3584104711841326e-08,1.6112588383521143e-06,0.000145248598109049,1.4277111758854386e-05,0.0017653427341019696,1.4112566200064757e-05,0.001773055125189391,0.0
ellipses,1,64,24,124,2,50,0,2.6070407464773293e-07,5.366589496441606e-09,2.607040698876517e-07,1.871962908239766e-06,1.4112566200064757e-05,0.001773055125189391,1.4091899413386761e-05,0.0017730652488148898,0.0
ellipses,1,64,25,124,2,50,0,5.672865344853034e-05,4.585117471074543e-07,5.6728653447635224e-05,5.6728653447635224e-05,1.4091899413386761e-05,0.0017730652488148898,7.051842183971334e-06,0.0008471042041497477,0.0
ellipses,1,64,26,125,1,50,0,3.280826373578544e-05,3.2198393325713787e-07,3.280826373242007e-05,5.6728653447635224e-05,7.051842183971334e-06,0.0008471042041497477,3.3965884980530245e-06,0.0004018571251477652,0.0
ellipses,1,64,27,126,0,50,0,1.2868580652643236e-05,1.861110925390338e-07,1.2868580654412654e-05,4.037092610076343e-05,3.3965884980530245e-06,0.0004018571251477652,8.652290062479469e-07,9.248057938635735e-05,0.0
ellipses,1,64,28,126,0,50,0,2.967485619037591e-06,4.646032297378852e-08,2.967485613680765e-06,1.583606626809342e-05,8.652290062479469e-07,9.248057938635735e-05,2.3899318973762676e-07,2.1479365681118804e-05,0.0
ellipses,1,64,29,124,2,50,0,1.655150055749656e-07,3.420635034927437e-09,1.655150043688991e-07,2.967485613680765e-06,2.3899318973762676e-07,2.1479365681118804e-05,1.9467661052751378e-07,2.1576188605684962e-05,0.0
ellipses,1,64,30,124,2,50,0,6.908152980862267e-08,1.089129175590194e-09,6.908152982987303e-08,2.3459653419877213e-07,1.9467661052751378e-07,2.1576188605684962e-05,1.7970416596813004e-07,2.1598469875541276e-05,0.0
ellipses,1,64,31,124,2,50,0,1.5859787983775464e-08,2.900286702004388e-10,1.5859789925798395e-08,8.494131975567143e-08,1.7970416596813004e-07,2.1598469875541276e-05,1.7594940646223612e-07,2.1603591138627072e-05,0.0
ellipses,1,64,32,124,2,50,0,3.77351846601523e-09,9.47070924708109e-11,3.77352193936531e-09,1.9633311865163705e-08,1.7594940646223612e-07,2.1603591138627072e-05,1.7492105924854452e-07,2.1604751839366648e-05,0.0
ellipses,1,64,33,124,2,50,0,1.0626064264607216e-09,2.4703108316276782e-11,1.0626024504745146e-09,4.548645904378645e-09,1.7492105924854452e-07,2.1604751839366648e-05,1.746309844166154e-07,2.1605006949180012e-05,0.0
ellipses,1,64,34,124,2,50,0,3.5828173110610817e-10,8.204908867791406e-12,3.582840690796729e-10,1.1334080340930086e-09,1.746309844166154e-07,2.1605006949180012e-05,1.7456933914791172e-07,2.1605133495969152e-05,0.0
ellipses,1,64,35,124,2,50,0,8.958910002743181e-11,1.560428577416412e-12,8.958522812463343e-11,3.700648676385754e-10,1.7456933914791172e-07,2.1605133495969152e-05,1.7457318321869418e-07,2.1605134117644125e-05,0.0
ellipses,1,64,36,124,2,50,0,2.537440743632935e-11,8.154841067233469e-13,2.5373481093993178e-11,1.1471001926111057e-10,1.7457318321869418e-07,2.1605134117644125e-05,1.7457191632732315e-07,2.1605134117644125e-05,0.0
ellipses,1,64,37,124,2,50,0,2.063522963613451e-11,3.230967503371225e-13,2.063416104647331e-11,3.299760464869905e-11,1.7457191632732315e-07,2.1605134117644125e-05,1.7457305643690875e-07,2.1605134117644125e-05,0.0
ellipses,1,64,38,124,2,50,0,2.0629158103968592e-11,2.676999649479301e-13,2.063416104647331e-11,7.87281351222191e-12,1.7457305643690875e-07,2.1605134117644125e-05,1.7457284398595733e-07,2.1605134117644125e-05,0.0
ellipses,1,64,39,124,2,50,0,2.063522963613451e-11,2.1681346059627736e-13,2.063416104647331e-11,6.316724920907291e-12,1.7457284398595733e-07,2.1605134117644125e-05,1.7457276603188924e-07,2.1605134117644125e-05,0.0
ellipses,1,64,40,124,2,50,0,2.0629158103968592e-11,2.167585510023805e-13,2.063416104647331e-11,0.0,1.7457276603188924e-07,2.1605134117644125e-05,1.7457284398595733e-07,2.1605134117644125e-05,0.0
ellipses,1,64,41,124,2,50,0,2.063522963613451e-11,2.1681346059627736e-13,2.063416104647331e-11,0.0,1.7457284398595733e-07,2.1605134117644125e-05,1.7457276603188924e-07,2.1605134117644125e-05,0.0
ellipses,1,64,42,124,2,50,0,2.0629158103968592e-11,2.167585510023805e-13,2.063416104647331e-11,0.0,1.7457276603188924e-07,2.1605134117644125e-05,1.7457284398595733e-07,2.1605134117644125e-05,0.0
ellipses,1,64,43,124,2,50,0,2.063522963613451e-11,2.1681346059627736e-13,2.063416104647331e-11,0.0,1.7457284398595733e-07,2.1605134117644125e-05,1.7457276603188924e-07,2.1605134117644125e-05,0.0
ellipses,1,64,44,124,2,50,0,2.0629158103968592e-11,2.167585510023805e-13,2.063416104647331e-11,0.0,1.7457276603188924e-07,2.1605134117644125e-05,1.7457284398595733e-07,2.1605134117644125e-05,0.0
ellipses,1,64,45,124,2,50,0,2.063522963613451e-11,2.1681346059627736e-13,2.063416104647331e-11,0.0,1.7457284398595733e-07,2.1605134117644125e-05,1.7457276603188924e-07,2.1605134117644125e-05,0.0
ellipses,1,64,46,124,2,50,0,2.0629158103968592e-11,2.167585510023805e-13,2.063416104647331e-11,0.0,1.7457276603188924e-07,2.1605134117644125e-05,1.7457284398595733e-07,2.1605134117644125e-05,0.0
ellipses,1,64,47,124,2,50,0,2.063522963613451e-11,2.1681346059627736e-13,2.063416104647331e-11,0.0,1.7457284398595733e-07,2.1605134117644125e-05,1.7457276603188924e-07,2.1605134117644125e-05,0.0
ellipses,1,64,48,124,2,50,0,2.0629158103968592e-11,2.167585510023805e-13,2.063416104647331e-11,0.0,1.7457276603188924e-07,2.1605134117644125e-05,1.7457284398595733e-07,2.1605134117644125e-05,0.0
ellipses,1,64,49,124,2,50,0,2.063522963613451e-11,2.1681346059627736e-13,2.063416104647331e-11,0.0,1.7457284398595733e-07,2.1605134117644125e-05,1.7457276603188924e-07,2.1605134117644125e-05,0.0
ellipses,1,64,50,124,2,50,0,2.0629158103968592e-11,2.167585510023805e-13,2.063416104647331e-11,0.0,1.7457276603188924e-07,2.1605134117644125e-05,1.7457284398595733e-07,2.1605134117644125e-05,0.0
ellipses,1,64,51,124,2,50,0,2.063522963613451e-11,2.1681346059627736e-13,2.063416104647331e-11,0.0,1.7457284398595733e-07,2.1605134117644125e-05,1.7457276603188924e-07,2.1605134117644125e-05,0.0
ellipses,1,64,52,124,2,50,0,2.0629158103968592e-11,2.167585510023805e-13,2.063416104647331e-11,0.0,1.7457276603188924e-07,2.1605134117644125e-05,1.7457284398595733e-07,2.1605134117644125e-05,0.0
ellipses,1,64,53,124,2,50,0,2.063522963613451e-11,2.1681346059627736e-13,2.063416104647331e-11,0.0,1.7457284398595733e-07,2.1605134117644125e-05,1.7457276603188924e-07,2.1605134117644125e-05,0.0
ellipses,1,64,54,124,2,50,0,2.0629158103968592e-11,2.167585510023805e-13,2.063416104647331e-11,0.0,1.7457276603188924e-07,2.1605134117644125e-05,1.7457284398595733e-07,2.1605134117644125e-05,0.0
ellipses,1,64,55,124,2,50,0,2.063522963613451e-11,2.1681346059627736e-13,2.063416104647331e-11,0.0,1.7457284398595733e-07,2.1605134117644125e-05,1.7457276603188924e-07,2.1605134117644125e-05,0.0
ellipses,1,64,56,124,2,50,0,2.0629158103968592e-11,2.167585510023805e-13,2.063416104647331e-11,0.0,1.7457276603188924e-07,2.1605134117644125e-05,1.7457284398595733e-07,2.1605134117644125e-05,0.0
ellipses,1,64,57,124,2,50,0,2.063522963613451e-11,2.1681346059627736e-13,2.063416104647331e-11,0.0,1.7457284398595733e-07,2.1605134117644125e-05,1.7457276603188924e-07,2.1605134117644125e-05,0.0
ellipses,1,64,58,124,2,50,0,2.0629158103968592e-11,2.167585510023805e-13,2.063416104647331e-11,0.0,1.7457276603188924e-07,2.1605134117644125e-05,1.7457284398595733e-07,2.1605134117644125e-05,0.0
ellipses,1,64,59,124,2,50,0,2.063522963613451e-11,2.1681346059627736e-13,2.063416104647331e-11,0.0,1.7457284398595733e-07,2.1605134117644125e-05,1.7457276603188924e-07,2.1605134117644125e-05,0.0
ellipses,1,64,60,124,2,50,0,2.0629158103968592e-11,2.167585510023805e-13,2.063416104647331e-11,0.0,1.7457276603188924e-07,2.1605134117644125e-05,1.7457284398595733e-07,2.1605134117644125e-05,0.0
ellipses,1,64,61,124,2,50,0,2.063522963613451e-11,2.1681346059627736e-13,2.063416104647331e-11,0.0,1.7457284398595733e-07,2.1605134117644125e-05,1.7457276603188924e-07,2.1605134117644125e-05,0.0
ellipses,1,64,62,124,2,50,0,2.0629158103968592e-11,2.167585510023805e-13,2.063416104647331e-11,0.0,1.7457276603188924e-07,2.1605134117644125e-05,1.7457284398595733e-07,2.1605134117644125e-05,0.0
ellipses,1,64,63,124,2,50,0,2.063522963613451e-11,2.1681346059627736e-13,2.063416104647331e-11,0.0,1.7457284398595733e-07,2.1605134117644125e-05,1.7457276603188924e-07,2.1605134117644125e-05,0.0
ellipses,1,64,64,124,2,50,0,2.0629158103968592e-11,2.167585510023805e-13,2.063416104647331e-11,0.0,1.7457276603188924e-07,2.1605134117644125e-05,1.7457284398595733e-07,2.1605134117644125e-05,0.0
ellipses,1,64,65,124,2,50,0,2.063522963613451e-11,2.1681346059627736e-13,2.063416104647331e-11,0.0,1.7457284398595733e-07,2.1605134117644125e-05,1.7457276603188924e-07,2.1605134117644125e-05,0.0
ellipses,1,64,66,124,2,50,0,2.0629158103968592e-11,2.167585510023805e-13,2.063416104647331e-11,0.0,1.7457276603188924e-07,2.1605134117644125e-05,1.7457284398595733e-07,2.1605134117644125e-05,0.0
ellipses,1,64,67,124,2,50,0,2.063522963613451e-11,2.1681346059627736e-13,2.063416104647331e-11,0.0,1.7457284398595733e-07,2.1605134117644125e-05,1.7457276603188924e-07,2.1605134117644125e-05,0.0
ellipses,1,64,68,124,2,50,0,2.0629158103968592e-11,2.167585510023805e-13,2.063416104647331e-11,0.0,1.7457276603188924e-07,2.1605134117644125e-05,1.7457284398595733e-07,2.1605134117644125e-05,0.0
ellipses,1,64,69,124,2,50,0,2.063522963613451e-11,2.1681346059627736e-13,2.063416104647331e-11,0.0,1.7457284398595733e-07,2.1605134117644125e-05,1.7457276603188924e-07,2.1605134117644125e-05,0.0
ellipses,1,64,70,124,2,50,0,2.0629158103968592e-11,2.167585510023805e-13,2.063416104647331e-11,0.0,1.7457276603188924e-07,2.1605134117644125e-05,1.7457284398595733e-07,2.1605134117644125e-05,0.0
ellipses,1,64,71,124,2,50,0,2.063522963613451e-11,2.1681346059627736e-13,2.063416104647331e-11,0.0,1.7457284398595733e-07,2.1605134117644125e-05,1.7457276603188924e-07,2.1605134117644125e-05,0.0
ellipses,1,64,72,124,2,50,0,2.0629158103968592e-11,2.167585510023805e-13,2.063416104647331e-11,0.0,1.7457276603188924e-07,2.1605134117644125e-05,1.7457284398595733e-07,2.1605134117644125e-05,0.0
ellipses,1,64,73,124,2,50,0,2.063522963613451e-11,2.1681346059627736e-13,2.063416104647331e-11,0.0,1.7457284398595733e-07,2.1605134117644125e-05,1.7457276603188924e-07,2.1605134117644125e-05,0.0
ellipses,1,64,74,124,2,50,0,2.0629158103968592e-11,2.167585510023805e-13,2.063416104647331e-11,0.0,1.7457276603188924e-07,2.1605134117644125e-05,1.7457284398595733e-07,2.1605134117644125e-05,0.0
ellipses,1,64,75,124,2,50,0,2.063522963613451e-11,2.1681346059627736e-13,2.063416104647331e-11,0.0,1.7457284398595733e-07,2.1605134117644125e-05,1.7457276603188924e-07,2.1605134117644125e-05,0.0
ellipses,1,64,76,124,2,50,0,2.0629158103968592e-11,2.167585510023805e-13,2.063416104647331e-11,0.0,1.7457276603188924e-07,2.1605134117644125e-05,1.7457284398595733e-07,2.1605134117644125e-05,0.0
ellipses,1,64,77,124,2,50,0,2.063522963613451e-11,2.1681346059627736e-13,2.063416104647331e-11,0.0,1.7457284398595733e-07,2.1605134117644125e-05,1.7457276603188924e-07,2.1605134117644125e-05,0.0
ellipses,1,64,78,124,2,50,0,2.0629158103968592e-11,2.167585510023805e-13,2.063416104647331e-11,0.0,1.7457276603188924e-07,2.1605134117644125e-05,1.7457284398595733e-07,2.1605134117644125e-05,0.0
ellipses,1,64,79,124,2,50,0,2.063522963613451e-11,2.1681346059627736e-13,2.063416104647331e-11,0.0,1.7457284398595733e-07,2.1605134117644125e-05,1.7457276603188924e-07,2.1605134117644125e-05,0.0
ellipses,1,64,80,124,2,50,0,2.0629158103968592e-11,2.167585510023805e-13,2.063416104647331e-11,0.0,1.7457276603188924e-07,2.1605134117644125e-05,1.7457284398595733e-07,2.1605134117644125e-05,0.0
ellipses,1,64,81,124,2,50,0,2.063522963613451e-11,2.1681346059627736e-13,2.063416104647331e-11,0.0,1.7457284398595733e-07,2.1605134117644125e-05,1.7457276603188924e-07,2.1605134117644125e-05,0.0
ellipses,1,64,82,124,2,50,0,2.0629158103968592e-11,2.167585510023805e-13,2.063416104647331e-11,0.0,1.7457276603188924e-07,2.1605134117644125e-05,1.7457284398595733e-07,2.1605134117644125e-05,0.0
ellipses,1,64,83,124,2,50,0,2.063522963613451e-11,2.1681346059627736e-13,2.063416104647331e-11,0.0,1.7457284398595733e-07,2.1605134117644125e-05,1.7457276603188924e-07,2.1605134117644125e-05,0.0
ellipses,1,64,84,124,2,50,0,2.0629158103968592e-11,2.167585510023805e-13,2.063416104647331e-11,0.0,1.7457276603188924e-07,2.1605134117644125e-05,1.7457284398595733e-07,2.1605134117644125e-05,0.0
ellipses,1,64,85,124,2,50,0,2.063522963613451e-11,2.1681346059627736e-13,2.063416104647331e-11,0.0,1.7457284398595733e-07,2.1605134117644125e-05,1.7457276603188924e-07,2.1605134117644125e-05,0.0
ellipses,1,64,86,124,2,50,0,2.0629158103968592e-11,2.167585510023805e-13,2.063416104647331e-11,0.0,1.7457276603188924e-07,2.1605134117644125e-05,1.7457284398595733e-07,2.1605134117644125e-05,0.0
ellipses,1,64,87,124,2,50,0,2.063522963613451e-11,2.1681346059627736e-13,2.063416104647331e-11,0.0,1.7457284398595733e-07,2.1605134117644125e-05,1.7457276603188924e-07,2.1605134117644125e-05,0.0
ellipses,1,64,88,124,2,50,0,2.0629158103968592e-11,2.167585510023805e-13,2.063416104647331e-11,0.0,1.7457276603188924e-07,2.1605134117644125e-05,1.7457284398595733e-07,2.1605134117644125e-05,0.0
ellipses,1,64,89,124,2,50,0,2.063522963613451e-11,2.1681346059627736e-13,2.063416104647331e-11,0.0,1.7457284398595733e-07,2.1605134117644125e-05,1.7457276603188924e-07,2.1605134117644125e-05,0.0
ellipses,1,64,90,124,2,50,0,2.0629158103968592e-11,2.167585510023805e-13,2.063416104647331e-11,0.0,1.7457276603188924e-07,2.1605134117644125e-05,1.7457284398595733e-07,2.1605134117644125e-05,0.0
ellipses,1,64,91,124,2,50,0,2.063522963613451e-11,2.1681346059627736e-13,2.063416104647331e-11,0.0,1.7457284398595733e-07,2.1605134117644125e-05,1.7457276603188924e-07,2.1605134117644125e-05,0.0
ellipses,1,64,92,124,2,50,0,2.0629158103968592e-11,2.167585510023805e-13,2.063416104647331e-11,0.0,1.7457276603188924e-07,2.1605134117644125e-05,1.7457284398595733e-07,2.1605134117644125e-05,0.0
ellipses,1,64,93,124,2,50,0,2.063522963613451e-11,2.1681346059627736e-13,2.063416104647331e-11,0.0,1.7457284398595733e-07,2.1605134117644125e-05,1.7457276603188924e-07,2.1605134117644125e-05,0.0
ellipses,1,64,94,124,2,50,0,2.0629158103968592e-11,2.167585510023805e-13,2.063416104647331e-11,0.0,1.7457276603188924e-07,2.1605134117644125e-05,1.7457284398595733e-07,2.1605134117644125e-05,0.0
ellipses,1,64,95,124,2,50,0,2.063522963613451e-11,2.1681346059627736e-13,2.063416104647331e-11,0.0,1.7457284398595733e-07,2.1605134117644125e-05,1.7457276603188924e-07,2.1605134117644125e-05,0.0
ellipses,1,64,96,124,2,50,0,2.0629158103968592e-11,2.167585510023805e-13,2.063416104647331e-11,0.0,1.7457276603188924e-07,2.1605134117644125e-05,1.7457284398595733e-07,2.1605134117644125e-05,0.0
ellipses,1,64,97,124,2,50,0,2.063522963613451e-11,2.1681346059627736e-13,2.063416104647331e-11,0.0,1.7457284398595733e-07,2.1605134117644125e-05,1.7457276603188924e-07,2.1605134117644125e-05,0.0
ellipses,1,64,98,124,2,50,0,2.0629158103968592e-11,2.167585510023805e-13,2.063416104647331e-11,0.0,1.7457276603188924e-07,2.1605134117644125e-05,1.7457284398595733e-07,2.1605134117644125e-05,0.0
ellipses,1,64,99,124,2,50,0,2.063522963613451e-11,2.1681346059627736e-13,2.063416104647331e-11,0.0,1.7457284398595733e-07,2.1605134117644125e-05,1.7457276603188924e-07,2.1605134117644125e-05,0.0
ellipses,1,64,100,124,2,50,0,2.0629158103968592e-11,2.167585510023805e-13,2.063416104647331e-11,0.0,1.7457276603188924e-07,2.1605134117644125e-05,1.7457284398595733e-07,2.1605134117644125e-05,0.0
ellipses,2,64,1,120,4,35,0,1.4437323403819662,0.03755458067953892,1.4437323403819704,0.0,0.1065937603667747,0.9353193517246365,0.04327463578018637,0.9306689965247197,1.1102230246251565e-16
ellipses,2,64,2,122,2,38,2,0.42241308935911087,0.01302959723356687,0.4224130893591109,1.0213192510228595,0.04327463578018637,0.9306689965247197,0.021885409574275132,0.9307136148691849,1.1102230246251565e-16
ellipses,2,64,3,123,1,40,1,1.4713791044115723,0.015330293314750868,1.4713791044115716,1.4713791044115716,0.021885409574275132,0.9307136148691849,0.009817208800090356,0.7219661570459,2.220446049250313e-16
ellipses,2,64,4,124,0,41,2,1.4718208551817067,0.019266810104872283,1.4718208551817042,1.4632332437420956,0.009817208800090356,0.7219661570459,0.008176954461841544,0.33914210689540575,2.220446049250313e-16
ellipses,2,64,5,124,0,43,1,0.29094669484425234,0.0038524988624706108,0.2909466948442514,1.1808741603374528,0.008176954461841544,0.33914210689540575,0.003031375430808969,0.13589855627788722,2.220446049250313e-16
ellipses,2,64,6,124,0,43,0,0.032064586156006075,0.0006494602497746083,0.03206458615600383,0.2809717790720967,0.003031375430808969,0.13589855627788722,0.0008978634014670345,0.05658692392563298,2.220446049250313e-16
ellipses,2,64,7,124,0,43,0,0.010676132439464778,0.0001898157287514205,0.01067613243946397,0.03511024363228188,0.0008978634014670345,0.05658692392563298,0.0001939493140203766,0.008553750044119998,2.220446049250313e-16
ellipses,2,64,8,124,0,43,0,0.0019792480256944703,4.69850129085583e-05,0.0019792480256910494,0.011874872137649817,0.0001939493140203766,0.008553750044119998,5.928780114776649e-05,0.0030424165734661947,2.220446049250313e-16
ellipses,2,64,9,124,0,43,0,0.0006550845141567105,1.487694929374096e-05,0.0006550845141575223,0.0023413043245525955,5.928780114776649e-05,0.0030424165734661947,1.84587108990243e-05,0.0007518804336268825,2.220446049250313e-16
ellipses,2,64,10,124,0,42,1,0.9597425057053213,0.009444198373087563,0.9597425057053215,0.9597485249754953,1.84587108990243e-05,0.0007518804336268825,0.004332257792477068,0.4828126617279813,2.220446049250313e-16
ellipses,2,64,11,124,0,44,1,0.14902254519903008,0.0019525192559942286,0.14902254519903124,0.8810023051759863,0.004332257792477068,0.4828126617279813,0.0011690266712172125,0.08790251758705696,2.220446049250313e-16
ellipses,2,64,12,124,0,44,0,0.015914006336167776,0.00023419540818391414,0.015914006336167574,0.13997974419740444,0.0011690266712172125,0.08790251758705696,0.000229631376851305,0.019565248687526734,2.220446049250313e-16
ellipses,2,64,13,124,0,44,0,0.00388352119210884,4.0409887521490835e-05,0.003883521192108219,0.01566401209536039,0.000229631376851305,0.019565248687526734,4.693946414883635e-05,0.004907575847293211,1.1102230246251565e-16
ellipses,2,64,14,124,0,44,0,0.0009645108427503053,1.0461365446269876e-05,0.0009645108427491778,0.00406563825352535,4.693946414883635e-05,0.004907575847293211,1.3114737998238277e-05,0.0012241744110989157,2.220446049250313e-16
ellipses,2,64,15,124,0,44,0,0.0002463995677846019,3.4938011225378663e-06,0.0002463995677857156,0.0010704593959260933,1.3114737998238277e-05,0.0012241744110989157,4.303126706008807e-06,0.0003022701005083679,2.220446049250313e-16
ellipses,2,64,16,124,0,43,1,0.7731443181043761,0.007539972583632369,0.7731443181043751,0.7731443180813109,4.303126706008807e-06,0.0003022701005083679,0.003587783069552157,0.3610218007897639,2.220446049250313e-16
ellipses,2,64,17,124,0,45,0,0.11439814665108383,0.0010861160763323834,0.11439814665108372,0.7785285222409044,0.003587783069552157,0.3610218007897639,0.000530253072965524,0.05044967024877799,2.220446049250313e-16
ellipses,2,64,18,124,0,45,0,0.009304023534650744,0.00017073206561777802,0.009304023534653538,0.12077190795530157,0.000530253072965524,0.05044967024877799,0.0001502334320851179,0.010899596884372592,1.1102230246251565e-16
ellipses,2,64,19,124,0,45,0,0.0024027355315031987,4.7277577261814e-05,0.002402735531504163,0.01042151346150888,0.0001502334320851179,0.010899596884372592,4.426500939091769e-05,0.0026917487716245194,2.220446049250313e-16
ellipses,2,64,20,124,0,45,0,0.0003283013859213882,8.817793093517465e-06,0.00032830138592032654,0.0027310369174244897,4.426500939091769e-05,0.0026917487716245194,1.6303314588939245e-05,0.0011518289858555189,5.551115123125783e-17
ellipses,2,64,21,124,0,45,0,0.00019714299345418781,3.3715702472443413e-06,0.00019714299345352515,0.0003948194335379185,1.6303314588939245e-05,0.0011518289858555189,4.593842722327499e-06,0.000341294060950753,2.220446049250313e-16
ellipses,2,64,22,124,0,45,0,6.136531816151349e-05,1.0186816154046664e-06,6.136531816025581e-05,0.00025850831161378096,4.593842722327499e-06,0.000341294060950753,1.1297468658156464e-06,8.907430541104501e-05,5.551115123125783e-17
ellipses,2,64,23,124,0,45,0,1.616297643329545e-05,2.5774993319232297e-07,1.6162976432809728e-05,7.752829459306554e-05,1.1297468658156464e-06,8.907430541104501e-05,2.6291070106720345e-07,2.1122231991842348e-05,2.220446049250313e-16
ellipses,2,64,24,124,0,45,0,3.856949961147937e-06,6.063754311661067e-08,3.856949959413214e-06,2.0019926392222942e-05,2.6291070106720345e-07,2.1122231991842348e-05,5.885149351499836e-08,4.7500037442133255e-06,2.220446049250313e-16
ellipses,2,64,25,124,0,45,0,8.706218260646353e-07,1.3696179822993087e-08,8.706218252996223e-07,4.727571784712836e-06,5.885149351499836e-08,4.7500037442133255e-06,1.3048885613594012e-08,1.0399358111867447e-06,2.220446049250313e-16
ellipses,2,64,26,124,0,45,0,1.9098142694032316e-07,3.032257389375221e-09,1.9098142800544338e-07,1.0616032533050657e-06,1.3048885613594012e-08,1.0399358111867447e-06,2.932714815579792e-09,2.2472313221141955e-07,2.220446049250313e-16
ellipses,2,64,27,124,0,45,0,4.128913300670278e-08,6.67382836749791e-10,4.128913388967703e-08,2.322705618951204e-07,2.932714815579792e-09,2.2472313221141955e-07,7.21951073842429e-10,4.835606313883139e-08,2.220446049250313e-16
ellipses,2,64,28,124,0,45,0,8.934072362118406e-09,1.474762496297753e-10,8.934073036925838e-09,5.022320692660287e-08,7.21951073842429e-10,4.835606313883139e-08,2.441130116596041e-10,9.064426594740176e-09,2.220446049250313e-16
ellipses,2,64,29,124,0,45,0,1.6563454600937444e-09,3.122575781403966e-11,1.6563461713303695e-09,1.0590419208256208e-08,2.441130116596041e-10,9.064426594740176e-09,1.5131941343654218e-10,5.1825664453145784e-09,2.220446049250313e-16
ellipses,2,64,30,124,0,45,0,4.028400443084612e-10,8.150799091585915e-12,4.0283865132551e-10,2.0591848226558795e-09,1.5131941343654218e-10,5.1825664453145784e-09,1.3029240851697653e-10,5.178518562244651e-09,2.220446049250313e-16
ellipses,2,64,31,124,0,45,0,6.479192182773374e-11,3.0536422160209035e-12,6.479083936028474e-11,4.676294906857947e-10,1.3029240851697653e-10,5.178518562244651e-09,1.2877238990468688e-10,5.1825664453145784e-09,2.220446049250313e-16
ellipses,2,64,32,124,0,45,0,2.8436801524645006e-11,1.6236725820537752e-12,2.843592028511921e-11,6.660272333647299e-11,1.2877238990468688e-10,5.1825664453145784e-09,1.2876728723696874e-10,5.178518562244651e-09,2.220446049250313e-16
ellipses,2,64,33,124,0,45,0,2.8438189303425787e-11,1.2797020982373869e-12,2.843592028511921e-11,1.432454155292362e-11,1.2876728723696874e-10,5.178518562244651e-09,1.2881414000421475e-10,5.1825664453145784e-09,2.220446049250313e-16
ellipses,2,64,34,124,0,45,0,2.8436801524645006e-11,1.1549695346898375e-12,2.843592028511921e-11,6.760814130757353e-12,1.2881414000421475e-10,5.1825664453145784e-09,1.2808621476664192e-10,5.178518562244651e-09,2.220446049250313e-16
ellipses,2,64,35,124,0,45,0,2.8438189303425787e-11,1.1262080992522512e-12,2.843592028511921e-11,1.099209612220875e-11,1.2808621476664192e-10,5.178518562244651e-09,1.2881514205626994e-10,5.1825664453145784e-09,2.220446049250313e-16
ellipses,2,64,36,124,0,45,0,2.8436801524645006e-11,1.2554561899768843e-12,2.843592028511921e-11,6.760814130757353e-12,1.2881514205626994e-10,5.1825664453145784e-09,1.2883530125434924e-10,5.178518562244651e-09,2.220446049250313e-16
ellipses,2,64,37,124,0,45,0,2.8438189303425787e-11,1.2448331071423441e-12,2.843592028511921e-11,1.099209612220875e-11,1.2883530125434924e-10,5.178518562244651e-09,1.2881414000421475e-10,5.1825664453145784e-09,2.220446049250313e-16
ellipses,2,64,38,124,0,45,0,2.8436801524645006e-11,1.1549695346898375e-12,2.843592028511921e-11,6.760814130757353e-12,1.2881414000421475e-10,5.1825664453145784e-09,1.2808621476664192e-10,5.178518562244651e-09,2.220446049250313e-16
ellipses,2,64,39,124,0,45,0,2.8438189303425787e-11,1.1262080992522512e-12,2.843592028511921e-11,1.099209612220875e-11,1.2808621476664192e-10,5.178518562244651e-09,1.2881514205626994e-10,5.1825664453145784e-09,2.220446049250313e-16
ellipses,2,64,40,124,0,45,0,2.8436801524645006e-11,1.2554561899768843e-12,2.843592028511921e-11,6.760814130757353e-12,1.2881514205626994e-10,5.1825664453145784e-09,1.2883530125434924e-10,5.178518562244651e-09,2.220446049250313e-16
ellipses,2,64,41,124,0,45,0,2.8438189303425787e-11,1.2448331071423441e-12,2.843592028511921e-11,1.099209612220875e-11,1.2883530125434924e-10,5.178518562244651e-09,1.2881414000421475e-10,5.1825664453145784e-09,2.220446049250313e-16
ellipses,2,64,42,124,0,45,0,2.8436801524645006e-11,1.1549695346898375e-12,2.843592028511921e-11,6.760814130757353e-12,1.2881414000421475e-10,5.1825664453145784e-09,1.2808621476664192e-10,5.178518562244651e-09,2.220446049250313e-16
ellipses,2,64,43,124,0,45,0,2.8438189303425787e-11,1.1262080992522512e-12,2.843592028511921e-11,1.099209612220875e-11,1.2808621476664192e-10,5.178518562244651e-09,1.2881514205626994e-10,5.1825664453145784e-09,2.220446049250313e-16
ellipses,2,64,44,124,0,45,0,2.8436801524645006e-11,1.2554561899768843e-12,2.843592028511921e-11,6.760814130757353e-12,1.2881514205626994e-10,5.1825664453145784e-09,1.2883530125434924e-10,5.178518562244651e-09,2.220446049250313e-16
ellipses,2,64,45,124,0,45,0,2.8438189303425787e-11,1.2448331071423441e-12,2.843592028511921e-11,1.099209612220875e-11,1.2883530125434924e-10,5.178518562244651e-09,1.2881414000421475e-10,5.1825664453145784e-09,2.220446049250313e-16
ellipses,2,64,46,124,0,45,0,2.8436801524645006e-11,1.1549695346898375e-12,2.843592028511921e-11,6.760814130757353e-12,1.2881414000421475e-10,5.1825664453145784e-09,1.2808621476664192e-10,5.178518562244651e-09,2.220446049250313e-16
ellipses,2,64,47,124,0,45,0,2.8438189303425787e-11,1.1262080992522512e-12,2.843592028511921e-11,1.099209612220875e-11,1.2808621476664192e-10,5.178518562244651e-09,1.2881514205626994e-10,5.1825664453145784e-09,2.220446049250313e-16
ellipses,2,64,48,124,0,45,0,2.8436801524645006e-11,1.2554561899768843e-12,2.843592028511921e-11,6.760814130757353e-12,1.2881514205626994e-10,5.1825664453145784e-09,1.2883530125434924e-10,5.178518562244651e-09,2.220446049250313e-16
ellipses,2,64,49,124,0,45,0,2.8438189303425787e-11,1.2448331071423441e-12,2.843592028511921e-11,1.099209612220875e-11,1.2883530125434924e-10,5.178518562244651e-09,1.2881414000421475e-10,5.1825664453145784e-09,2.220446049250313e-16
ellipses,2,64,50,124,0,45,0,2.8436801524645006e-11,1.1549695346898375e-12,2.843592028511921e-11,6.760814130757353e-12,1.2881414000421475e-10,5.1825664453145784e-09,1.2808621476664192e-10,5.178518562244651e-09,2.220446049250313e-16
ellipses,2,64,51,124,0,45,0,2.8438189303425787e-11,1.1262080992522512e-12,2.843592028511921e-11,1.099209612220875e-11,1.2808621476664192e-10,5.178518562244651e-09,1.2881514205626994e-10,5.1825664453145784e-09,2.220446049250313e-16
ellipses,2,64,52,124,0,45,0,2.8436801524645006e-11,1.2554561899768843e-12,2.843592028511921e-11,6.760814130757353e-12,1.2881514205626994e-10,5.1825664453145784e-09,1.2883530125434924e-10,5.178518562244651e-09,2.220446049250313e-16
ellipses,2,64,53,124,0,45,0,2.8438189303425787e-11,1.2448331071423441e-12,2.843592028511921e-11,1.099209612220875e-11,1.2883530125434924e-10,5.178518562244651e-09,1.2881414000421475e-10,5.1825664453145784e-09,2.220446049250313e-16
ellipses,2,64,54,124,0,45,0,2.8436801524645006e-11,1.1549695346898375e-12,2.843592028511921e-11,6.760814130757353e-12,1.2881414000421475e-10,5.1825664453145784e-09,1.2808621476664192e-10,5.178518562244651e-09,2.220446049250313e-16
ellipses,2,64,55,124,0,45,0,2.8438189303425787e-11,1.1262080992522512e-12,2.843592028511921e-11,1.099209612220875e-11,1.2808621476664192e-10,5.178518562244651e-09,1.2881514205626994e-10,5.1825664453145784e-09,2.220446049250313e-16
ellipses,2,64,56,124,0,45,0,2.8436801524645006e-11,1.2554561899768843e-12,2.843592028511921e-11,6.760814130757353e-12,1.2881514205626994e-10,5.1825664453145784e-09,1.2883530125434924e-10,5.178518562244651e-09,2.220446049250313e-16
ellipses,2,64,57,124,0,45,0,2.8438189303425787e-11,1.2448331071423441e-12,2.843592028511921e-11,1.099209612220875e-11,1.2883530125434924e-10,5.178518562244651e-09,1.2881414000421475e-10,5.1825664453145784e-09,2.220446049250313e-16
ellipses,2,64,58,124,0,45,0,2.8436801524645006e-11,1.1549695346898375e-12,2.843592028511921e-11,6.760814130757353e-12,1.2881414000421475e-10,5.1825664453145784e-09,1.2808621476664192e-10,5.178518562244651e-09,2.220446049250313e-16
ellipses,2,64,59,124,0,45,0,2.8438189303425787e-11,1.1262080992522512e-12,2.843592028511921e-11,1.099209612220875e-11,1.2808621476664192e-10,5.178518562244651e-09,1.2881514205626994e-10,5.1825664453145784e-09,2.220446049250313e-16
ellipses,2,64,60,124,0,45,0,2.8436801524645006e-11,1.2554561899768843e-12,2.843592028511921e-11,6.760814130757353e-12,1.2881514205626994e-10,5.1825664453145784e-09,1.2883530125434924e-10,5.178518562244651e-09,2.220446049250313e-16
ellipses,2,64,61,124,0,45,0,2.8438189303425787e-11,1.2448331071423441e-12,2.843592028511921e-11,1.099209612220875e-11,1.2883530125434924e-10,5.178518562244651e-09,1.2881414000421475e-10,5.1825664453145784e-09,2.220446049250313e-16
ellipses,2,64,62,124,0,45,0,2.8436801524645006e-11,1.1549695346898375e-12,2.843592028511921e-11,6.760814130757353e-12,1.2881414000421475e-10,5.1825664453145784e-09,1.2808621476664192e-10,5.178518562244651e-09,2.220446049250313e-16
ellipses,2,64,63,124,0,45,0,2.8438189303425787e-11,1.1262080992522512e-12,2.843592028511921e-11,1.099209612220875e-11,1.2808621476664192e-10,5.178518562244651e-09,1.2881514205626994e-10,5.1825664453145784e-09,2.220446049250313e-16
ellipses,2,64,64,124,0,45,0,2.8436801524645006e-11,1.2554561899768843e-12,2.843592028511921e-11,6.760814130757353e-12,1.2881514205626994e-10,5.1825664453145784e-09,1.2883530125434924e-10,5.178518562244651e-09,2.220446049250313e-16
ellipses,2,64,65,124,0,45,0,2.8438189303425787e-11,1.2448331071423441e-12,2.843592028511921e-11,1.099209612220875e-11,1.2883530125434924e-10,5.178518562244651e-09,1.2881414000421475e-10,5.1825664453145784e-09,2.220446049250313e-16
ellipses,2,64,66,124,0,45,0,2.8436801524645006e-11,1.1549695346898375e-12,2.843592028511921e-11,6.760814130757353e-12,1.2881414000421475e-10,5.1825664453145784e-09,1.2808621476664192e-10,5.178518562244651e-09,2.220446049250313e-16
ellipses,2,64,67,124,0,45,0,2.8438189303425787e-11,1.1262080992522512e-12,2.843592028511921e-11,1.099209612220875e-11,1.2808621476664192e-10,5.178518562244651e-09,1.2881514205626994e-10,5.1825664453145784e-09,2.220446049250313e-16
ellipses,2,64,68,124,0,45,0,2.8436801524645006e-11,1.2554561899768843e-12,2.843592028511921e-11,6.760814130757353e-12,1.2881514205626994e-10,5.1825664453145784e-09,1.2883530125434924e-10,5.178518562244651e-09,2.220446049250313e-16
ellipses,2,64,69,124,0,45,0,2.8438189303425787e-11,1.2448331071423441e-12,2.843592028511921e-11,1.099209612220875e-11,1.2883530125434924e-10,5.178518562244651e-09,1.2881414000421475e-10,5.1825664453145784e-09,2.220446049250313e-16
ellipses,2,64,70,124,0,45,0,2.8436801524645006e-11,1.1549695346898375e-12,2.843592028511921e-11,6.760814130757353e-12,1.2881414000421475e-10,5.1825664453145784e-09,1.2808621476664192e-10,5.178518562244651e-09,2.220446049250313e-16
ellipses,2,64,71,124,0,45,0,2.8438189303425787e-11,1.1262080992522512e-12,2.843592028511921e-11,1.099209612220875e-11,1.2808621476664192e-10,5.178518562244651e-09,1.2881514205626994e-10,5.1825664453145784e-09,2.220446049250313e-16
ellipses,2,64,72,124,0,45,0,2.8436801524645006e-11,1.2554561899768843e-12,2.843592028511921e-11,6.760814130757353e-12,1.2881514205626994e-10,5.1825664453145784e-09,1.2883530125434924e-10,5.178518562244651e-09,2.220446049250313e-16
ellipses,2,64,73,124,0,45,0,2.8438189303425787e-11,1.2448331071423441e-12,2.843592028511921e-11,1.099209612220875e-11,1.2883530125434924e-10,5.178518562244651e-09,1.2881414000421475e-10,5.1825664453145784e-09,2.220446049250313e-16
ellipses,2,64,74,124,0,45,0,2.8436801524645006e-11,1.1549695346898375e-12,2.843592028511921e-11,6.760814130757353e-12,1.2881414000421475e-10,5.1825664453145784e-09,1.2808621476664192e-10,5.178518562244651e-09,2.220446049250313e-16
ellipses,2,64,75,124,0,45,0,2.8438189303425787e-11,1.1262080992522512e-12,2.843592028511921e-11,1.099209612220875e-11,1.2808621476664192e-10,5.178518562244651e-09,1.2881514205626994e-10,5.1825664453145784e-09,2.220446049250313e-16
ellipses,2,64,76,124,0,45,0,2.8436801524645006e-11,1.2554561899768843e-12,2.843592028511921e-11,6.760814130757353e-12,1.2881514205626994e-10,5.1825664453145784e-09,1.2883530125434924e-10,5.178518562244651e-09,2.220446049250313e-16
ellipses,2,64,77,124,0,45,0,2.8438189303425787e-11,1.2448331071423441e-12,2.843592028511921e-11,1.099209612220875e-11,1.2883530125434924e-10,5.178518562244651e-09,1.2881414000421475e-10,5.1825664453145784e-09,2.220446049250313e-16
ellipses,2,64,78,124,0,45,0,2.8436801524645006e-11,1.1549695346898375e-12,2.843592028511921e-11,6.760814130757353e-12,1.2881414000421475e-10,5.1825664453145784e-09,1.2808621476664192e-10,5.178518562244651e-09,2.220446049250313e-16
ellipses,2,64,79,124,0,45,0,2.8438189303425787e-11,1.1262080992522512e-12,2.843592028511921e-11,1.099209612220875e-11,1.2808621476664192e-10,5.178518562244651e-09,1.2881514205626994e-10,5.1825664453145784e-09,2.220446049250313e-16
ellipses,2,64,80,124,0,45,0,2.8436801524645006e-11,1.2554561899768843e-12,2.843592028511921e-11,6.760814130757353e-12,1.2881514205626994e-10,5.1825664453145784e-09,1.2883530125434924e-10,5.178518562244651e-09,2.220446049250313e-16
ellipses,2,64,81,124,0,45,0,2.8438189303425787e-11,1.2448331071423441e-12,2.843592028511921e-11,1.099209612220875e-11,1.2883530125434924e-10,5.178518562244651e-09,1.2881414000421475e-10,5.1825664453145784e-09,2.220446049250313e-16
ellipses,2,64,82,124,0,45,0,2.8436801524645006e-11,1.1549695346898375e-12,2.843592028511921e-11,6.760814130757353e-12,1.2881414000421475e-10,5.1825664453145784e-09,1.2808621476664192e-10,5.178518562244651e-09,2.220446049250313e-16
ellipses,2,64,83,124,0,45,0,2.8438189303425787e-11,1.1262080992522512e-12,2.843592028511921e-11,1.099209612220875e-11,1.2808621476664192e-10,5.178518562244651e-09,1.2881514205626994e-10,5.1825664453145784e-09,2.220446049250313e-16
ellipses,2,64,84,124,0,45,0,2.8436801524645006e-11,1.2554561899768843e-12,2.843592028511921e-11,6.760814130757353e-12,1.2881514205626994e-10,5.1825664453145784e-09,1.2883530125434924e-10,5.178518562244651e-09,2.220446049250313e-16
ellipses,2,64,85,124,0,45,0,2.8438189303425787e-11,1.2448331071423441e-12,2.843592028511921e-11,1.099209612220875e-11,1.2883530125434924e-10,5.178518562244651e-09,1.2881414000421475e-10,5.1825664453145784e-09,2.220446049250313e-16
ellipses,2,64,86,124,0,45,0,2.8436801524645006e-11,1.1549695346898375e-12,2.843592028511921e-11,6.760814130757353e-12,1.2881414000421475e-10,5.1825664453145784e-09,1.2808621476664192e-10,5.178518562244651e-09,2.220446049250313e-16
ellipses,2,64,87,124,0,45,0,2.8438189303425787e-11,1.1262080992522512e-12,2.843592028511921e-11,1.099209612220875e-11,1.2808621476664192e-10,5.178518562244651e-09,1.2881514205626994e-10,5.1825664453145784e-09,2.220446049250313e-16
ellipses,2,64,88,124,0,45,0,2.8436801524645006e-11,1.2554561899768843e-12,2.843592028511921e-11,6.760814130757353e-12,1.2881514205626994e-10,5.1825664453145784e-09,1.2883530125434924e-10,5.178518562244651e-09,2.220446049250313e-16
ellipses,2,64,89,124,0,45,0,2.8438189303425787e-11,1.2448331071423441e-12,2.843592028511921e-11,1.099209612220875e-11,1.2883530125434924e-10,5.178518562244651e-09,1.2881414000421475e-10,5.1825664453145784e-09,2.220446049250313e-16
ellipses,2,64,90,124,0,45,0,2.8436801524645006e-11,1.1549695346898375e-12,2.843592028511921e-11,6.760814130757353e-12,1.2881414000421475e-10,5.1825664453145784e-09,1.2808621476664192e-10,5.178518562244651e-09,2.220446049250313e-16
ellipses,2,64,91,124,0,45,0,2.8438189303425787e-11,1.1262080992522512e-12,2.843592028511921e-11,1.099209612220875e-11,1.2808621476664192e-10,5.178518562244651e-09,1.2881514205626994e-10,5.1825664453145784e-09,2.220446049250313e-16
ellipses,2,64,92,124,0,45,0,2.8436801524645006e-11,1.2554561899768843e-12,2.843592028511921e-11,6.760814130757353e-12,1.2881514205626994e-10,5.1825664453145784e-09,1.2883530125434924e-10,5.178518562244651e-09,2.220446049250313e-16
ellipses,2,64,93,124,0,45,0,2.8438189303425787e-11,1.2448331071423441e-12,2.843592028511921e-11,1.099209612220875e-11,1.2883530125434924e-10,5.178518562244651e-09,1.2881414000421475e-10,5.1825664453145784e-09,2.220446049250313e-16
ellipses,2,64,94,124,0,45,0,2.8436801524645006e-11,1.1549695346898375e-12,2.843592028511921e-11,6.760814130757353e-12,1.2881414000421475e-10,5.1825664453145784e-09,1.2808621476664192e-10,5.178518562244651e-09,2.220446049250313e-16
ellipses,2,64,95,124,0,45,0,2.8438189303425787e-11,1.1262080992522512e-12,2.843592028511921e-11,1.099209612220875e-11,1.2808621476664192e-10,5.178518562244651e-09,1.2881514205626994e-10,5.1825664453145784e-09,2.220446049250313e-16
ellipses,2,64,96,124,0,45,0,2.8436801524645006e-11,1.2554561899768843e-12,2.843592028511921e-11,6.760814130757353e-12,1.2881514205626994e-10,5.1825664453145784e-09,1.2883530125434924e-10,5.178518562244651e-09,2.220446049250313e-16
ellipses,2,64,97,124,0,45,0,2.8438189303425787e-11,1.2448331071423441e-12,2.843592028511921e-11,1.099209612220875e-11,1.2883530125434924e-10,5.178518562244651e-09,1.2881414000421475e-10,5.1825664453145784e-09,2.220446049250313e-16
ellipses,2,64,98,124,0,45,0,2.8436801524645006e-11,1.1549695346898375e-12,2.843592028511921e-11,6.760814130757353e-12,1.2881414000421475e-10,5.1825664453145784e-09,1.2808621476664192e-10,5.178518562244651e-09,2.220446049250313e-16
ellipses,2,64,99,124,0,45,0,2.8438189303425787e-11,1.1262080992522512e-12,2.843592028511921e-11,1.099209612220875e-11,1.2808621476664192e-10,5.178518562244651e-09,1.2881514205626994e-10,5.1825664453145784e-09,2.220446049250313e-16
ellipses,2,64,100,124,0,45,0,2.8436801524645006e-11,1.2554561899768843e-12,2.843592028511921e-11,6.760814130757353e-12,1.2881514205626994e-10,5.1825664453145784e-09,1.2883530125434924e-10,5.178518562244651e-09,2.220446049250313e-16
ellipses,3,64,1,116,6,41,0,1.1662568359521286,0.03104642337253001,1.166256835952126,0.0,0.16585839582293332,0.9275338985854771,0.06279806950108907,0.9230474127394372,2.220446049250313e-16
ellipses,3,64,2,113,9,46,1,1.1820380880348453,0.02234830924636787,1.1820380880348438,1.1754285333256718,0.06279806950108907,0.9230474127394372,0.047385310149027124,0.9232328914836718,2.220446049250313e-16
ellipses,3,64,3,115,7,47,1,0.3442005020629189,0.006258259069473387,0.3442005020629182,0.8378375859719256,0.047385310149027124,0.9232328914836718,0.034846409517277306,0.9228551266891895,2.220446049250313e-16
ellipses,3,64,4,114,8,47,0,0.02930343378222209,0.0009116817216035788,0.02930343378221778,0.32675599667085464,0.034846409517277306,0.9228551266891895,0.031249600820203716,0.9229018571137071,2.220446049250313e-16
ellipses,3,64,5,115,7,47,0,0.01010442211843085,0.00023051314855199558,0.010104422118430989,0.03059381159421548,0.031249600820203716,0.9229018571137071,0.0302307217938395,0.9229120636823411,2.220446049250313e-16
ellipses,3,64,6,116,6,46,1,0.6919613333569772,0.006477649337605063,0.6919613333569785,0.6919650075305057,0.0302307217938395,0.9229120636823411,0.0240011047626877,0.8541392820050413,8.893845946170154e-21
ellipses,3,64,7,117,5,48,0,0.13717924910773413,0.0025223062218797695,0.1371792491077315,0.7284452776859283,0.0240011047626877,0.8541392820050413,0.01853153170178492,0.8541392110522535,2.220446049250313e-16
ellipses,3,64,8,116,6,48,0,0.027240754511498322,0.0007849600877698594,0.02724075451149588,0.15609792568395875,0.01853153170178492,0.8541392110522535,0.010351233210803746,0.8932353858592709,2.117582368135751e-21
ellipses,3,64,9,115,7,48,0,0.00696231124337433,0.00019940140307050117,0.006962311243377428,0.031006092104938432,0.010351233210803746,0.8932353858592709,0.009647988839877228,0.8932353858592709,2.220446049250313e-16
ellipses,3,64,10,113,9,48,0,0.001217900004701379,5.741139842051151e-05,0.00121790000470412,0.008180211248081548,0.009647988839877228,0.8932353858592709,0.009501229255655927,0.8932353858592709,2.117582368135751e-21
ellipses,3,64,11,114,8,48,0,0.00032474349908485217,1.4747386634710677e-05,0.00032474349908540034,0.0014378474473630831,0.009501229255655927,0.8932353858592709,0.009458147249399794,0.8932353858592709,2.220446049250313e-16
ellipses,3,64,12,115,7,48,0,0.0002499015557714396,5.838750707014017e-06,0.0002499015557688722,0.00041188222772348126,0.009458147249399794,0.8932353858592709,0.00941758057436064,0.8932353858592709,2.117582368135751e-21
ellipses,3,64,13,115,7,48,0,0.0002908681412528216,5.837487838947272e-06,0.00029086814125633964,0.00029086814125633964,0.00941758057436064,0.8932353858592709,0.009364965474362276,0.8932353858592709,2.220446049250313e-16
ellipses,3,64,14,116,6,48,0,0.0005963488952964377,7.291638664034807e-06,0.0005963488953000251,0.0005963488953000251,0.009364965474362276,0.8932353858592709,0.009248505228933016,0.8932353858592709,2.220446049250313e-16
ellipses,3,64,15,116,6,48,0,0.0002776153900712068,3.5975540808498857e-06,0.00027761539007542524,0.0005963488953000251,0.009248505228933016,0.8932353858592709,0.009191075084687894,0.8932353858592709,2.220446049250313e-16
ellipses,3,64,16,113,9,48,0,1.657340663995671e-05,3.328270253778532e-07,1.657340663996365e-05,0.0002779313456926502,0.009191075084687894,0.8932353858592709,0.009188859834721775,0.8932353858592709,2.220446049250313e-16
ellipses,3,64,17,116,6,48,0,6.029018427642502e-05,7.233202505821666e-07,6.029018427966548e-05,6.029018427966548e-05,0.009188859834721775,0.8932353858592709,0.00918025424522974,0.8932353858592709,2.220446049250313e-16
ellipses,3,64,18,116,6,48,0,3.2717510851086075e-05,6.381029149889745e-07,3.27175108516542e-05,7.387440762585129e-05,0.00918025424522974,0.8932353858592709,0.00917286866614194,0.8932353858592709,2.117582368135751e-21
ellipses,3,64,19,114,8,48,0,7.481963780020355e-06,1.2298307136316636e-07,7.48196378097532e-06,4.019947463262952e-05,0.00917286866614194,0.8932353858592709,0.009171813860574612,0.8932353858592709,2.220446049250313e-16
ellipses,3,64,20,113,9,48,0,1.7627077438311933e-06,3.5010774616817613e-08,1.762707743324654e-06,7.520736335919764e-06,0.009171813860574612,0.8932353858592709,0.00917169070677817,0.8932353858592709,2.220446049250313e-16
ellipses,3,64,21,114,8,48,0,6.675869120530142e-07,1.2394857337884988e-08,6.675869101968601e-07,2.430294653521514e-06,0.00917169070677817,0.8932353858592709,0.009171652550198688,0.8932353858592709,2.220446049250313e-16
ellipses,3,64,22,113,9,48,0,1.400062955327075e-07,2.8112224571748795e-09,1.4000629278143606e-07,7.699786053194657e-07,0.009171652550198688,0.8932353858592709,0.009171644063794612,0.8932353858592709,2.220446049250313e-16
ellipses,3,64,23,114,8,48,0,2.15331212062575e-08,5.00899187065493e-10,2.1533118399474915e-08,1.6153941118091097e-07,0.009171644063794612,0.8932353858592709,0.009171642394405962,0.8932353858592709,2.117582368135751e-21
ellipses,3,64,24,114,8,48,0,3.2891899273690406e-09,1.056784586435548e-10,3.289187588961795e-09,2.482230598843671e-08,0.009171642394405962,0.8932353858592709,0.009171642062295178,0.8932353858592709,2.117582368135751e-21
ellipses,3,64,25,114,8,48,0,7.506505833587696e-10,2.8677820713748524e-11,7.506457677664002e-10,3.795086911395629e-09,0.009171642062295178,0.8932353858592709,0.009171641975095509,0.8932353858592709,2.117582368135751e-21
ellipses,3,64,26,114,8,48,0,7.50660297810235e-10,1.557799675379018e-11,7.506599786211154e-10,5.833200589222542e-10,0.009171641975095509,0.8932353858592709,0.009171641972833834,0.8932353858592709,2.117582368135751e-21
ellipses,3,64,27,114,8,48,0,7.506648080912726e-10,1.1972142332087107e-11,7.506599786211154e-10,1.5642598327758606e-10,0.009171641972833834,0.8932353858592709,0.009171641963998346,0.8932353858592709,2.220446049250313e-16
ellipses,3,64,28,114,8,48,0,7.50660297810235e-10,1.1181166251157549e-11,7.506599786211154e-10,2.8769875370926457e-11,0.009171641963998346,0.8932353858592709,0.009171641966941532,0.8932353858592709,2.117582368135751e-21
ellipses,3,64,29,114,8,48,0,7.506648080912726e-10,1.1138345971671595e-11,7.506599786211154e-10,1.0800249583553523e-11,0.009171641966941532,0.8932353858592709,0.00917164196330804,0.8932353858592709,2.220446049250313e-16
ellipses,3,64,30,114,8,48,0,7.50660297810235e-10,1.1050883477522643e-11,7.506599786211154e-10,6.863842827442568e-12,0.00917164196330804,0.8932353858592709,0.00917164196692129,0.8932353858592709,2.117582368135751e-21
ellipses,3,64,31,114,8,48,0,7.506648080912726e-10,1.1019113405599752e-11,7.506599786211154e-10,4.099831585335778e-12,0.00917164196692129,0.8932353858592709,0.009171641963597797,0.8932353858592709,2.220446049250313e-16
ellipses,3,64,32,114,8,48,0,7.50660297810235e-10,1.1014935898544802e-11,7.506599786211154e-10,4.973799150320701e-13,0.009171641963597797,0.8932353858592709,0.009171641966904169,0.8932353858592709,2.117582368135751e-21
ellipses,3,64,33,114,8,48,0,7.506648080912726e-10,1.1014749967382767e-11,7.506599786211154e-10,0.0,0.009171641966904169,0.8932353858592709,0.009171641963597797,0.8932353858592709,2.220446049250313e-16
ellipses,3,64,34,114,8,48,0,7.50660297810235e-10,1.1014935898544802e-11,7.506599786211154e-10,0.0,0.009171641963597797,0.8932353858592709,0.009171641966904169,0.8932353858592709,2.117582368135751e-21
ellipses,3,64,35,114,8,48,0,7.506648080912726e-10,1.1014749967382767e-11,7.506599786211154e-10,0.0,0.009171641966904169,0.8932353858592709,0.009171641963597797,0.8932353858592709,2.220446049250313e-16
ellipses,3,64,36,114,8,48,0,7.50660297810235e-10,1.1014935898544802e-11,7.506599786211154e-10,0.0,0.009171641963597797,0.8932353858592709,0.009171641966904169,0.8932353858592709,2.117582368135751e-21
ellipses,3,64,37,114,8,48,0,7.506648080912726e-10,1.1014749967382767e-11,7.506599786211154e-10,0.0,0.009171641966904169,0.8932353858592709,0.009171641963597797,0.8932353858592709,2.220446049250313e-16
ellipses,3,64,38,114,8,48,0,7.50660297810235e-10,1.1014935898544802e-11,7.506599786211154e-10,0.0,0.009171641963597797,0.8932353858592709,0.009171641966904169,0.8932353858592709,2.117582368135751e-21
ellipses,3,64,39,114,8,48,0,7.506648080912726e-10,1.1014749967382767e-11,7.506599786211154e-10,0.0,0.009171641966904169,0.8932353858592709,0.009171641963597797,0.8932353858592709,2.220446049250313e-16
ellipses,3,64,40,114,8,48,0,7.50660297810235e-10,1.1014935898544802e-11,7.506599786211154e-10,0.0,0.009171641963597797,0.8932353858592709,0.009171641966904169,0.8932353858592709,2.117582368135751e-21
ellipses,3,64,41,114,8,48,0,7.506648080912726e-10,1.1014749967382767e-11,7.506599786211154e-10,0.0,0.009171641966904169,0.8932353858592709,0.009171641963597797,0.8932353858592709,2.220446049250313e-16
ellipses,3,64,42,114,8,48,0,7.50660297810235e-10,1.1014935898544802e-11,7.506599786211154e-10,0.0,0.009171641963597797,0.8932353858592709,0.009171641966904169,0.8932353858592709,2.117582368135751e-21
ellipses,3,64,43,114,8,48,0,7.506648080912726e-10,1.1014749967382767e-11,7.506599786211154e-10,0.0,0.009171641966904169,0.8932353858592709,0.009171641963597797,0.8932353858592709,2.220446049250313e-16
ellipses,3,64,44,114,8,48,0,7.50660297810235e-10,1.1014935898544802e-11,7.506599786211154e-10,0.0,0.009171641963597797,0.8932353858592709,0.009171641966904169,0.8932353858592709,2.117582368135751e-21
ellipses,3,64,45,114,8,48,0,7.506648080912726e-10,1.1014749967382767e-11,7.506599786211154e-10,0.0,0.009171641966904169,0.8932353858592709,0.009171641963597797,0.8932353858592709,2.220446049250313e-16
ellipses,3,64,46,114,8,48,0,7.50660297810235e-10,1.1014935898544802e-11,7.506599786211154e-10,0.0,0.009171641963597797,0.8932353858592709,0.009171641966904169,0.8932353858592709,2.117582368135751e-21
ellipses,3,64,47,114,8,48,0,7.506648080912726e-10,1.1014749967382767e-11,7.506599786211154e-10,0.0,0.009171641966904169,0.8932353858592709,0.009171641963597797,0.8932353858592709,2.220446049250313e-16
ellipses,3,64,48,114,8,48,0,7.50660297810235e-10,1.1014935898544802e-11,7.506599786211154e-10,0.0,0.009171641963597797,0.8932353858592709,0.009171641966904169,0.8932353858592709,2.117582368135751e-21
ellipses,3,64,49,114,8,48,0,7.506648080912726e-10,1.1014749967382767e-11,7.506599786211154e-10,0.0,0.009171641966904169,0.8932353858592709,0.009171641963597797,0.8932353858592709,2.220446049250313e-16
ellipses,3,64,50,114,8,48,0,7.50660297810235e-10,1.1014935898544802e-11,7.506599786211154e-10,0.0,0.009171641963597797,0.8932353858592709,0.009171641966904169,0.8932353858592709,2.117582368135751e-21
ellipses,3,64,51,114,8,48,0,7.506648080912726e-10,1.1014749967382767e-11,7.506599786211154e-10,0.0,0.009171641966904169,0.8932353858592709,0.009171641963597797,0.8932353858592709,2.220446049250313e-16
ellipses,3,64,52,114,8,48,0,7.50660297810235e-10,1.1014935898544802e-11,7.506599786211154e-10,0.0,0.009171641963597797,0.8932353858592709,0.009171641966904169,0.8932353858592709,2.117582368135751e-21
ellipses,3,64,53,114,8,48,0,7.506648080912726e-10,1.1014749967382767e-11,7.506599786211154e-10,0.0,0.009171641966904169,0.8932353858592709,0.009171641963597797,0.8932353858592709,2.220446049250313e-16
ellipses,3,64,54,114,8,48,0,7.50660297810235e-10,1.1014935898544802e-11,7.506599786211154e-10,0.0,0.009171641963597797,0.8932353858592709,0.009171641966904169,0.8932353858592709,2.117582368135751e-21
ellipses,3,64,55,114,8,48,0,7.506648080912726e-10,1.1014749967382767e-11,7.506599786211154e-10,0.0,0.009171641966904169,0.8932353858592709,0.009171641963597797,0.8932353858592709,2.220446049250313e-16
ellipses,3,64,56,114,8,48,0,7.50660297810235e-10,1.1014935898544802e-11,7.506599786211154e-10,0.0,0.009171641963597797,0.8932353858592709,0.009171641966904169,0.8932353858592709,2.117582368135751e-21
ellipses,3,64,57,114,8,48,0,7.506648080912726e-10,1.1014749967382767e-11,7.506599786211154e-10,0.0,0.009171641966904169,0.8932353858592709,0.009171641963597797,0.8932353858592709,2.220446049250313e-16
ellipses,3,64,58,114,8,48,0,7.50660297810235e-10,1.1014935898544802e-11,7.506599786211154e-10,0.0,0.009171641963597797,0.8932353858592709,0.009171641966904169,0.8932353858592709,2.117582368135751e-21
ellipses,3,64,59,114,8,48,0,7.506648080912726e-10,1.1014749967382767e-11,7.506599786211154e-10,0.0,0.009171641966904169,0.8932353858592709,0.009171641963597797,0.8932353858592709,2.220446049250313e-16
ellipses,3,64,60,114,8,48,0,7.50660297810235e-10,1.1014935898544802e-11,7.506599786211154e-10,0.0,0.009171641963597797,0.8932353858592709,0.009171641966904169,0.8932353858592709,2.117582368135751e-21
ellipses,3,64,61,114,8,48,0,7.506648080912726e-10,1.1014749967382767e-11,7.506599786211154e-10,0.0,0.009171641966904169,0.8932353858592709,0.009171641963597797,0.8932353858592709,2.220446049250313e-16
ellipses,3,64,62,114,8,48,0,7.50660297810235e-10,1.1014935898544802e-11,7.506599786211154e-10,0.0,0.009171641963597797,0.8932353858592709,0.009171641966904169,0.8932353858592709,2.117582368135751e-21
ellipses,3,64,63,114,8,48,0,7.506648080912726e-10,1.1014749967382767e-11,7.506599786211154e-10,0.0,0.009171641966904169,0.8932353858592709,0.009171641963597797,0.8932353858592709,2.220446049250313e-16
ellipses,3,64,64,114,8,48,0,7.50660297810235e-10,1.1014935898544802e-11,7.506599786211154e-10,0.0,0.009171641963597797,0.8932353858592709,0.009171641966904169,0.8932353858592709,2.117582368135751e-21
ellipses,3,64,65,114,8,48,0,7.506648080912726e-10,1.1014749967382767e-11,7.506599786211154e-10,0.0,0.009171641966904169,0.8932353858592709,0.009171641963597797,0.8932353858592709,2.220446049250313e-16
ellipses,3,64,66,114,8,48,0,7.50660297810235e-10,1.1014935898544802e-11,7.506599786211154e-10,0.0,0.009171641963597797,0.8932353858592709,0.009171641966904169,0.8932353858592709,2.117582368135751e-21
ellipses,3,64,67,114,8,48,0,7.506648080912726e-10,1.1014749967382767e-11,7.506599786211154e-10,0.0,0.009171641966904169,0.8932353858592709,0.009171641963597797,0.8932353858592709,2.220446049250313e-16
ellipses,3,64,68,114,8,48,0,7.50660297810235e-10,1.1014935898544802e-11,7.506599786211154e-10,0.0,0.009171641963597797,0.8932353858592709,0.009171641966904169,0.8932353858592709,2.117582368135751e-21
ellipses,3,64,69,114,8,48,0,7.506648080912726e-10,1.1014749967382767e-11,7.506599786211154e-10,0.0,0.009171641966904169,0.8932353858592709,0.009171641963597797,0.8932353858592709,2.220446049250313e-16
ellipses,3,64,70,114,8,48,0,7.50660297810235e-10,1.1014935898544802e-11,7.506599786211154e-10,0.0,0.009171641963597797,0.8932353858592709,0.009171641966904169,0.8932353858592709,2.117582368135751e-21
ellipses,3,64,71,114,8,48,0,7.506648080912726e-10,1.1014749967382767e-11,7.506599786211154e-10,0.0,0.009171641966904169,0.8932353858592709,0.009171641963597797,0.8932353858592709,2.220446049250313e-16
ellipses,3,64,72,114,8,48,0,7.50660297810235e-10,1.1014935898544802e-11,7.506599786211154e-10,0.0,0.009171641963597797,0.8932353858592709,0.009171641966904169,0.8932353858592709,2.117582368135751e-21
ellipses,3,64,73,114,8,48,0,7.506648080912726e-10,1.1014749967382767e-11,7.506599786211154e-10,0.0,0.009171641966904169,0.8932353858592709,0.009171641963597797,0.8932353858592709,2.220446049250313e-16
ellipses,3,64,74,114,8,48,0,7.50660297810235e-10,1.1014935898544802e-11,7.506599786211154e-10,0.0,0.009171641963597797,0.8932353858592709,0.009171641966904169,0.8932353858592709,2.117582368135751e-21
ellipses,3,64,75,114,8,48,0,7.506648080912726e-10,1.1014749967382767e-11,7.506599786211154e-10,0.0,0.009171641966904169,0.8932353858592709,0.009171641963597797,0.8932353858592709,2.220446049250313e-16
ellipses,3,64,76,114,8,48,0,7.50660297810235e-10,1.1014935898544802e-11,7.506599786211154e-10,0.0,0.009171641963597797,0.8932353858592709,0.009171641966904169,0.8932353858592709,2.117582368135751e-21
ellipses,3,64,77,114,8,48,0,7.506648080912726e-10,1.1014749967382767e-11,7.506599786211154e-10,0.0,0.009171641966904169,0.8932353858592709,0.009171641963597797,0.8932353858592709,2.220446049250313e-16
ellipses,3,64,78,114,8,48,0,7.50660297810235e-10,1.1014935898544802e-11,7.506599786211154e-10,0.0,0.009171641963597797,0.8932353858592709,0.009171641966904169,0.8932353858592709,2.117582368135751e-21
ellipses,3,64,79,114,8,48,0,7.506648080912726e-10,1.1014749967382767e-11,7.506599786211154e-10,0.0,0.009171641966904169,0.8932353858592709,0.009171641963597797,0.8932353858592709,2.220446049250313e-16
ellipses,3,64,80,114,8,48,0,7.50660297810235e-10,1.1014935898544802e-11,7.506599786211154e-10,0.0,0.009171641963597797,0.8932353858592709,0.009171641966904169,0.8932353858592709,2.117582368135751e-21
ellipses,3,64,81,114,8,48,0,7.506648080912726e-10,1.1014749967382767e-11,7.506599786211154e-10,0.0,0.009171641966904169,0.8932353858592709,0.009171641963597797,0.8932353858592709,2.220446049250313e-16
ellipses,3,64,82,114,8,48,0,7.50660297810235e-10,1.1014935898544802e-11,7.506599786211154e-10,0.0,0.009171641963597797,0.8932353858592709,0.009171641966904169,0.8932353858592709,2.117582368135751e-21
ellipses,3,64,83,114,8,48,0,7.506648080912726e-10,1.1014749967382767e-11,7.506599786211154e-10,0.0,0.009171641966904169,0.8932353858592709,0.009171641963597797,0.8932353858592709,2.220446049250313e-16
ellipses,3,64,84,114,8,48,0,7.50660297810235e-10,1.1014935898544802e-11,7.506599786211154e-10,0.0,0.009171641963597797,0.8932353858592709,0.009171641966904169,0.8932353858592709,2.117582368135751e-21
ellipses,3,64,85,114,8,48,0,7.506648080912726e-10,1.1014749967382767e-11,7.506599786211154e-10,0.0,0.009171641966904169,0.8932353858592709,0.009171641963597797,0.8932353858592709,2.220446049250313e-16
ellipses,3,64,86,114,8,48,0,7.50660297810235e-10,1.1014935898544802e-11,7.506599786211154e-10,0.0,0.009171641963597797,0.8932353858592709,0.009171641966904169,0.8932353858592709,2.117582368135751e-21
ellipses,3,64,87,114,8,48,0,7.506648080912726e-10,1.1014749967382767e-11,7.506599786211154e-10,0.0,0.009171641966904169,0.8932353858592709,0.009171641963597797,0.8932353858592709,2.220446049250313e-16
ellipses,3,64,88,114,8,48,0,7.50660297810235e-10,1.1014935898544802e-11,7.506599786211154e-10,0.0,0.009171641963597797,0.8932353858592709,0.009171641966904169,0.8932353858592709,2.117582368135751e-21
ellipses,3,64,89,114,8,48,0,7.506648080912726e-10,1.1014749967382767e-11,7.506599786211154e-10,0.0,0.009171641966904169,0.8932353858592709,0.009171641963597797,0.8932353858592709,2.220446049250313e-16
ellipses,3,64,90,114,8,48,0,7.50660297810235e-10,1.1014935898544802e-11,7.506599786211154e-10,0.0,0.009171641963597797,0.8932353858592709,0.009171641966904169,0.8932353858592709,2.117582368135751e-21
ellipses,3,64,91,114,8,48,0,7.506648080912726e-10,1.1014749967382767e-11,7.506599786211154e-10,0.0,0.009171641966904169,0.8932353858592709,0.009171641963597797,0.8932353858592709,2.220446049250313e-16
ellipses,3,64,92,114,8,48,0,7.50660297810235e-10,1.1014935898544802e-11,7.506599786211154e-10,0.0,0.009171641963597797,0.8932353858592709,0.009171641966904169,0.8932353858592709,2.117582368135751e-21
ellipses,3,64,93,114,8,48,0,7.506648080912726e-10,1.1014749967382767e-11,7.506599786211154e-10,0.0,0.009171641966904169,0.8932353858592709,0.009171641963597797,0.8932353858592709,2.220446049250313e-16
ellipses,3,64,94,114,8,48,0,7.50660297810235e-10,1.1014935898544802e-11,7.506599786211154e-10,0.0,0.009171641963597797,0.8932353858592709,0.009171641966904169,0.8932353858592709,2.117582368135751e-21
ellipses,3,64,95,114,8,48,0,7.506648080912726e-10,1.1014749967382767e-11,7.506599786211154e-10,0.0,0.009171641966904169,0.8932353858592709,0.009171641963597797,0.8932353858592709,2.220446049250313e-16
ellipses,3,64,96,114,8,48,0,7.50660297810235e-10,1.1014935898544802e-11,7.506599786211154e-10,0.0,0.009171641963597797,0.8932353858592709,0.009171641966904169,0.8932353858592709,2.117582368135751e-21
ellipses,3,64,97,114,8,48,0,7.506648080912726e-10,1.1014749967382767e-11,7.506599786211154e-10,0.0,0.009171641966904169,0.8932353858592709,0.009171641963597797,0.8932353858592709,2.220446049250313e-16
ellipses,3,64,98,114,8,48,0,7.50660297810235e-10,1.1014935898544802e-11,7.506599786211154e-10,0.0,0.009171641963597797,0.8932353858592709,0.009171641966904169,0.8932353858592709,2.117582368135751e-21
ellipses,3,64,99,114,8,48,0,7.506648080912726e-10,1.1014749967382767e-11,7.506599786211154e-10,0.0,0.009171641966904169,0.8932353858592709,0.009171641963597797,0.8932353858592709,2.220446049250313e-16
ellipses,3,64,100,114,8,48,0,7.50660297810235e-10,1.1014935898544802e-11,7.506599786211154e-10,0.0,0.009171641963597797,0.8932353858592709,0.009171641966904169,0.8932353858592709,2.117582368135751e-21
ellipses,4,64,1,118,6,33,0,1.3965015234181706,0.04649627322471542,1.39650152341817,0.0,0.11407318099526466,0.8727665850798025,0.05497129837227982,0.8647887230118199,1.1102230246251565e-16
ellipses,4,64,2,119,5,42,2,0.42829396318120483,0.018098513027531984,0.42829396318120416,0.9999560508856042,0.05497129837227982,0.8647887230118199,0.030662772347762754,0.8578978318834654,1.1102230246251565e-16
ellipses,4,64,3,119,5,42,0,0.04912322164382331,0.003138575763250626,0.04912322164382488,0.3998916584991967,0.030662772347762754,0.8578978318834654,0.02011693755423619,0.8573863222238166,1.1102230246251565e-16
ellipses,4,64,4,118,6,42,0,0.011294701152410325,0.0005898706032851682,0.011294701152408493,0.05085658133062765,0.02011693755423619,0.8573863222238166,0.01785791019069007,0.8572857369628524,1.1102230246251565e-16
ellipses,4,64,5,120,4,42,0,0.00447033824308371,0.00015767382460591536,0.004470338243081073,0.013029601080148723,0.01785791019069007,0.8572857369628524,0.017224562907051103,0.8572659332764055,3.3176586478056436e-17
ellipses,4,64,6,119,5,42,0,0.0006524126366834471,3.677971661314388e-05,0.0006524126366826977,0.004448609040515805,0.017224562907051103,0.8572659332764055,0.017081727950412393,0.8572619463850492,1.1102230246251565e-16
ellipses,4,64,7,120,4,42,0,0.01094029842914103,0.00011376569808775254,0.010940298429140682,0.010940298429140682,0.017081727950412393,0.8572619463850492,0.01567618956861432,0.857261127719627,1.1102230246251565e-16
ellipses,4,64,8,119,5,42,0,0.005008154602649181,4.679774835562865e-05,0.005008154602649029,0.010940298429140682,0.01567618956861432,0.857261127719627,0.014977553029085404,0.8572609568771014,1.1102230246251565e-16
ellipses,4,64,9,120,4,42,0,0.026753727502158813,0.00022938637711805322,0.02675372750215388,0.02675372750215388,0.014977553029085404,0.8572609568771014,0.008986414321699684,0.916354632067196,5.421010862427522e-18
ellipses,4,64,10,119,5,41,1,0.8519731336835529,0.00860966516369876,0.8519731336835576,0.8519730939064658,0.008986414321699684,0.916354632067196,0.012657346422125225,0.916354626056378,1.9081958235744878e-17
ellipses,4,64,11,119,5,43,1,0.11475479266136995,0.0013233253434785086,0.11475479266137256,0.8262665675130023,0.012657346422125225,0.916354626056378,0.009599155721890797,0.9162228571819375,1.1102230246251565e-16
ellipses,4,64,12,119,5,43,0,0.012461984978210609,0.00015434709505916504,0.012461984978216378,0.11453430298627865,0.009599155721890797,0.9162228571819375,0.008982151936253038,0.9162221339216238,1.1102230246251565e-16
ellipses,4,64,13,120,4,43,0,0.0028792728489327596,6.506856071178278e-05,0.0028792728489364094,0.012933444168496067,0.008982151936253038,0.9162221339216238,0.008549649210390057,0.9162217508872728,1.1102230246251565e-16
ellipses,4,64,14,120,4,43,0,0.0010456246107222109,1.5087061327164504e-05,0.0010456246107253264,0.0028792728489364094,0.008549649210390057,0.9162217508872728,0.008515379537911648,0.9162158876241387,1.1102230246251565e-16
ellipses,4,64,15,120,4,43,0,0.00021511821391394237,4.774202913489131e-06,0.00021511821391584363,0.00126074282464117,0.008515379537911648,0.9162158876241387,0.008502146119039598,0.9162158472374213,9.974659986866641e-18
ellipses,4,64,16,119,5,43,0,5.212422020187124e-05,1.3029323256397865e-06,5.212422020406393e-05,0.00026724243411990756,0.008502146119039598,0.9162158472374213,0.008498658538577692,0.9162158362366426,1.1102230246251565e-16
ellipses,4,64,17,120,4,43,0,1.3650819374010081e-05,4.3865008431117567e-07,1.365081937620971e-05,6.414113499886298e-05,0.008498658538577692,0.9162158362366426,0.008497497903451433,0.9162157734897003,1.1102230246251565e-16
ellipses,4,64,18,120,4,43,0,5.381785854463583e-06,1.4623597958914473e-07,5.38178585429705e-06,1.903260523050676e-05,0.008497497903451433,0.9162157734897003,0.008497119840335356,0.9162157725901194,1.1102230246251565e-16
ellipses,4,64,19,121,3,43,0,1.6854405003596806e-06,4.533252078307188e-08,1.6854405018307261e-06,7.067226356127776e-06,0.008497119840335356,0.9162157725901194,0.008496973969723915,0.916215772377177,8.673617379884035e-18
ellipses,4,64,20,120,4,43,0,4.7222864611728976e-07,1.2618663298920611e-08,4.7222864907325857e-07,2.1576691509039847e-06,0.008496973969723915,0.916215772377177,0.008496934208922415,0.9162157723220355,1.1102230246251565e-16
ellipses,4,64,21,120,4,43,0,1.2424930442150872e-07,3.598710072885529e-09,1.2424930417864744e-07,5.96477953251906e-07,0.008496934208922415,0.9162157723220355,0.008496921138604188,0.9162157723122744,1.1102230246251565e-16
ellipses,4,64,22,120,4,43,0,3.1512765834296186e-08,1.037403327823967e-09,3.1512769282926456e-08,1.557620734615739e-07,0.008496921138604188,0.9162157723122744,0.008496916916142265,0.9162157723083213,5.551115123125783e-17
ellipses,4,64,23,120,4,43,0,7.766541749998357e-09,3.0155749630877943e-10,7.76654474066163e-09,3.9279314023588086e-08,0.008496916916142265,0.9162157723083213,0.00849691559408765,0.9162157728821423,5.551115123125783e-17
ellipses,4,64,24,120,4,43,0,1.899948601224999e-09,9.05891304127194e-11,1.8999486428583623e-09,9.666493383519992e-09,0.00849691559408765,0.9162157728821423,0.008496915186468784,0.9162157728823282,5.551115123125783e-17
ellipses,4,64,25,120,4,43,0,5.094364925566086e-10,2.967189482398075e-11,5.094307198305614e-10,2.388127029462339e-09,0.008496915186468784,0.9162157728823282,0.008496915052243656,0.9162157728823282,1.1102230246251565e-16
ellipses,4,64,26,120,4,43,0,1.3583769525871148e-10,6.833436811196081e-12,1.3583445479525835e-10,6.164313504086749e-10,0.008496915052243656,0.9162157728823282,0.008496915033482617,0.9162157728823282,3.3176586478056436e-17
ellipses,4,64,27,120,4,43,0,8.702921196201974e-11,4.456796260168816e-12,8.702727427589707e-11,2.0050094917678507e-10,0.008496915033482617,0.9162157728823282,0.008496915015596294,0.9162157728823282,1.1102230246251565e-16
ellipses,4,64,28,120,4,43,0,5.879550318832472e-11,1.5191447817579362e-12,5.879030595679069e-11,8.970602038971265e-11,0.008496915015596294,0.9162157728823282,0.00849691501916545,0.9162157728823282,1.1102230246251565e-16
ellipses,4,64,29,120,4,43,0,3.1166779226876606e-11,1.046012054461513e-12,3.1164404390437994e-11,6.230038707144558e-11,0.00849691501916545,0.9162157728823282,0.008496915016163216,0.9162157728823282,1.1102230246251565e-16
ellipses,4,64,30,120,4,43,0,4.1870933803478394e-11,8.720474790775238e-13,4.18651779909851e-11,1.978150976356119e-11,0.008496915016163216,0.9162157728823282,0.008496915017734677,0.9162157728823282,1.1102230246251565e-16
ellipses,4,64,31,120,4,43,0,1.2168044349891716e-11,3.8944948611494e-13,1.2171597063570516e-11,3.1164404390437994e-11,0.008496915017734677,0.9162157728823282,0.008496915016048698,0.9162157728823282,1.1102230246251565e-16
ellipses,4,64,32,120,4,43,0,3.1166779226876606e-11,5.94144236124953e-13,3.1164404390437994e-11,4.18651779909851e-11,0.008496915016048698,0.9162157728823282,0.008496915017603683,0.9162157728823282,1.1102230246251565e-16
ellipses,4,64,33,120,4,43,0,4.1870933803478394e-11,7.459273903126044e-13,4.18651779909851e-11,1.0700773600547109e-11,0.008496915017603683,0.9162157728823282,0.008496915016589711,0.9162157728823282,1.1102230246251565e-16
ellipses,4,64,34,120,4,43,0,1.0703417319124497e-11,3.0763251827302846e-13,1.0700773600547109e-11,3.1164404390437994e-11,0.008496915016589711,0.9162157728823282,0.008496915016948348,0.9162157728823282,1.1102230246251565e-16
ellipses,4,64,35,120,4,43,0,3.1166779226876606e-11,4.457006053289192e-13,3.1164404390437994e-11,4.18651779909851e-11,0.008496915016948348,0.9162157728823282,0.00849691501662869,0.9162157728823282,1.1102230246251565e-16
ellipses,4,64,36,120,4,43,0,4.1870933803478394e-11,5.251440739148979e-13,4.18651779909851e-11,1.0700773600547109e-11,0.00849691501662869,0.9162157728823282,0.008496915017365561,0.9162157728823282,1.1102230246251565e-16
ellipses,4,64,37,120,4,43,0,1.0703417319124497e-11,1.8061028295042006e-13,1.0700773600547109e-11,3.1164404390437994e-11,0.008496915017365561,0.9162157728823282,0.00849691501654148,0.9162157728823282,1.1102230246251565e-16
ellipses,4,64,38,120,4,43,0,3.1166779226876606e-11,3.9298886410701894e-13,3.1164404390437994e-11,4.18651779909851e-11,0.00849691501654148,0.9162157728823282,0.008496915017045343,0.9162157728823282,1.1102230246251565e-16
ellipses,4,64,39,120,4,43,0,4.1870933803478394e-11,5.251621439511059e-13,4.18651779909851e-11,1.0700773600547109e-11,0.008496915017045343,0.9162157728823282,0.008496915016948907,0.9162157728823282,1.1102230246251565e-16
ellipses,4,64,40,120,4,43,0,1.0703417319124497e-11,1.8059221291421199e-13,1.0700773600547109e-11,3.1164404390437994e-11,0.008496915016948907,0.9162157728823282,0.008496915016958135,0.9162157728823282,1.1102230246251565e-16
ellipses,4,64,41,120,4,43,0,3.1166779226876606e-11,3.93006934143227e-13,3.1164404390437994e-11,4.18651779909851e-11,0.008496915016958135,0.9162157728823282,0.00849691501662869,0.9162157728823282,1.1102230246251565e-16
ellipses,4,64,42,120,4,43,0,4.1870933803478394e-11,5.251440739148979e-13,4.18651779909851e-11,1.0700773600547109e-11,0.00849691501662869,0.9162157728823282,0.008496915017365561,0.9162157728823282,1.1102230246251565e-16
ellipses,4,64,43,120,4,43,0,1.0703417319124497e-11,1.8061028295042006e-13,1.0700773600547109e-11,3.1164404390437994e-11,0.008496915017365561,0.9162157728823282,0.00849691501654148,0.9162157728823282,1.1102230246251565e-16
ellipses,4,64,44,120,4,43,0,3.1166779226876606e-11,3.9298886410701894e-13,3.1164404390437994e-11,4.18651779909851e-11,0.00849691501654148,0.9162157728823282,0.008496915017045343,0.9162157728823282,1.1102230246251565e-16
ellipses,4,64,45,120,4,43,0,4.1870933803478394e-11,5.251621439511059e-13,4.18651779909851e-11,1.0700773600547109e-11,0.008496915017045343,0.9162157728823282,0.008496915016948907,0.9162157728823282,1.1102230246251565e-16
ellipses,4,64,46,120,4,43,0,1.0703417319124497e-11,1.8059221291421199e-13,1.0700773600547109e-11,3.1164404390437994e-11,0.008496915016948907,0.9162157728823282,0.008496915016958135,0.9162157728823282,1.1102230246251565e-16
ellipses,4,64,47,120,4,43,0,3.1166779226876606e-11,3.93006934143227e-13,3.1164404390437994e-11,4.18651779909851e-11,0.008496915016958135,0.9162157728823282,0.00849691501662869,0.9162157728823282,1.1102230246251565e-16
ellipses,4,64,48,120,4,43,0,4.1870933803478394e-11,5.251440739148979e-13,4.18651779909851e-11,1.0700773600547109e-11,0.00849691501662869,0.9162157728823282,0.008496915017365561,0.9162157728823282,1.1102230246251565e-16
ellipses,4,64,49,120,4,43,0,1.0703417319124497e-11,1.8061028295042006e-13,1.0700773600547109e-11,3.1164404390437994e-11,0.008496915017365561,0.9162157728823282,0.00849691501654148,0.9162157728823282,1.1102230246251565e-16
ellipses,4,64,50,120,4,43,0,3.1166779226876606e-11,3.9298886410701894e-13,3.1164404390437994e-11,4.18651779909851e-11,0.00849691501654148,0.9162157728823282,0.008496915017045343,0.9162157728823282,1.1102230246251565e-16
ellipses,4,64,51,120,4,43,0,4.1870933803478394e-11,5.251621439511059e-13,4.18651779909851e-11,1.0700773600547109e-11,0.008496915017045343,0.9162157728823282,0.008496915016948907,0.9162157728823282,1.1102230246251565e-16
ellipses,4,64,52,120,4,43,0,1.0703417319124497e-11,1.8059221291421199e-13,1.0700773600547109e-11,3.1164404390437994e-11,0.008496915016948907,0.9162157728823282,0.008496915016958135,0.9162157728823282,1.1102230246251565e-16
ellipses,4,64,53,120,4,43,0,3.1166779226876606e-11,3.93006934143227e-13,3.1164404390437994e-11,4.18651779909851e-11,0.008496915016958135,0.9162157728823282,0.00849691501662869,0.9162157728823282,1.1102230246251565e-16
ellipses,4,64,54,120,4,43,0,4.1870933803478394e-11,5.251440739148979e-13,4.18651779909851e-11,1.0700773600547109e-11,0.00849691501662869,0.9162157728823282,0.008496915017365561,0.9162157728823282,1.1102230246251565e-16
ellipses,4,64,55,120,4,43,0,1.0703417319124497e-11,1.8061028295042006e-13,1.0700773600547109e-11,3.1164404390437994e-11,0.008496915017365561,0.9162157728823282,0.00849691501654148,0.9162157728823282,1.1102230246251565e-16
ellipses,4,64,56,120,4,43,0,3.1166779226876606e-11,3.9298886410701894e-13,3.1164404390437994e-11,4.18651779909851e-11,0.00849691501654148,0.9162157728823282,0.008496915017045343,0.9162157728823282,1.1102230246251565e-16
ellipses,4,64,57,120,4,43,0,4.1870933803478394e-11,5.251621439511059e-13,4.18651779909851e-11,1.0700773600547109e-11,0.008496915017045343,0.9162157728823282,0.008496915016948907,0.9162157728823282,1.1102230246251565e-16
ellipses,4,64,58,120,4,43,0,1.0703417319124497e-11,1.8059221291421199e-13,1.0700773600547109e-11,3.1164404390437994e-11,0.008496915016948907,0.9162157728823282,0.008496915016958135,0.9162157728823282,1.1102230246251565e-16
ellipses,4,64,59,120,4,43,0,3.1166779226876606e-11,3.93006934143227e-13,3.1164404390437994e-11,4.18651779909851e-11,0.008496915016958135,0.9162157728823282,0.00849691501662869,0.9162157728823282,1.1102230246251565e-16
ellipses,4,64,60,120,4,43,0,4.1870933803478394e-11,5.251440739148979e-13,4.18651779909851e-11,1.0700773600547109e-11,0.00849691501662869,0.9162157728823282,0.008496915017365561,0.9162157728823282,1.1102230246251565e-16
ellipses,4,64,61,120,4,43,0,1.0703417319124497e-11,1.8061028295042006e-13,1.0700773600547109e-11,3.1164404390437994e-11,0.008496915017365561,0.9162157728823282,0.00849691501654148,0.9162157728823282,1.1102230246251565e-16
ellipses,4,64,62,120,4,43,0,3.1166779226876606e-11,3.9298886410701894e-13,3.1164404390437994e-11,4.18651779909851e-11,0.00849691501654148,0.9162157728823282,0.008496915017045343,0.9162157728823282,1.1102230246251565e-16
ellipses,4,64,63,120,4,43,0,4.1870933803478394e-11,5.251621439511059e-13,4.18651779909851e-11,1.0700773600547109e-11,0.008496915017045343,0.9162157728823282,0.008496915016948907,0.9162157728823282,1.1102230246251565e-16
ellipses,4,64,64,120,4,43,0,1.0703417319124497e-11,1.8059221291421199e-13,1.0700773600547109e-11,3.1164404390437994e-11,0.008496915016948907,0.9162157728823282,0.008496915016958135,0.9162157728823282,1.1102230246251565e-16
ellipses,4,64,65,120,4,43,0,3.1166779226876606e-11,3.93006934143227e-13,3.1164404390437994e-11,4.18651779909851e-11,0.008496915016958135,0.9162157728823282,0.00849691501662869,0.9162157728823282,1.1102230246251565e-16
ellipses,4,64,66,120,4,43,0,4.1870933803478394e-11,5.251440739148979e-13,4.18651779909851e-11,1.0700773600547109e-11,0.00849691501662869,0.9162157728823282,0.008496915017365561,0.9162157728823282,1.1102230246251565e-16
ellipses,4,64,67,120,4,43,0,1.0703417319124497e-11,1.8061028295042006e-13,1.0700773600547109e-11,3.1164404390437994e-11,0.008496915017365561,0.9162157728823282,0.00849691501654148,0.9162157728823282,1.1102230246251565e-16
ellipses,4,64,68,120,4,43,0,3.1166779226876606e-11,3.9298886410701894e-13,3.1164404390437994e-11,4.18651779909851e-11,0.00849691501654148,0.9162157728823282,0.008496915017045343,0.9162157728823282,1.1102230246251565e-16
ellipses,4,64,69,120,4,43,0,4.1870933803478394e-11,5.251621439511059e-13,4.18651779909851e-11,1.0700773600547109e-11,0.008496915017045343,0.9162157728823282,0.008496915016948907,0.9162157728823282,1.1102230246251565e-16
ellipses,4,64,70,120,4,43,0,1.0703417319124497e-11,1.8059221291421199e-13,1.0700773600547109e-11,3.1164404390437994e-11,0.008496915016948907,0.9162157728823282,0.008496915016958135,0.9162157728823282,1.1102230246251565e-16
ellipses,4,64,71,120,4,43,0,3.1166779226876606e-11,3.93006934143227e-13,3.1164404390437994e-11,4.18651779909851e-11,0.008496915016958135,0.9162157728823282,0.00849691501662869,0.9162157728823282,1.1102230246251565e-16
ellipses,4,64,72,120,4,43,0,4.1870933803478394e-11,5.251440739148979e-13,4.18651779909851e-11,1.0700773600547109e-11,0.00849691501662869,0.9162157728823282,0.008496915017365561,0.9162157728823282,1.1102230246251565e-16
ellipses,4,64,73,120,4,43,0,1.0703417319124497e-11,1.8061028295042006e-13,1.0700773600547109e-11,3.1164404390437994e-11,0.008496915017365561,0.9162157728823282,0.00849691501654148,0.9162157728823282,1.1102230246251565e-16
ellipses,4,64,74,120,4,43,0,3.1166779226876606e-11,3.9298886410701894e-13,3.1164404390437994e-11,4.18651779909851e-11,0.00849691501654148,0.9162157728823282,0.008496915017045343,0.9162157728823282,1.1102230246251565e-16
ellipses,4,64,75,120,4,43,0,4.1870933803478394e-11,5.251621439511059e-13,4.18651779909851e-11,1.0700773600547109e-11,0.008496915017045343,0.9162157728823282,0.008496915016948907,0.9162157728823282,1.1102230246251565e-16
ellipses,4,64,76,120,4,43,0,1.0703417319124497e-11,1.8059221291421199e-13,1.0700773600547109e-11,3.1164404390437994e-11,0.008496915016948907,0.9162157728823282,0.008496915016958135,0.9162157728823282,1.1102230246251565e-16
ellipses,4,64,77,120,4,43,0,3.1166779226876606e-11,3.93006934143227e-13,3.1164404390437994e-11,4.18651779909851e-11,0.008496915016958135,0.9162157728823282,0.00849691501662869,0.9162157728823282,1.1102230246251565e-16
ellipses,4,64,78,120,4,43,0,4.1870933803478394e-11,5.251440739148979e-13,4.18651779909851e-11,1.0700773600547109e-11,0.00849691501662869,0.9162157728823282,0.008496915017365561,0.9162157728823282,1.1102230246251565e-16
ellipses,4,64,79,120,4,43,0,1.0703417319124497e-11,1.8061028295042006e-13,1.0700773600547109e-11,3.1164404390437994e-11,0.008496915017365561,0.9162157728823282,0.00849691501654148,0.9162157728823282,1.1102230246251565e-16
ellipses,4,64,80,120,4,43,0,3.1166779226876606e-11,3.9298886410701894e-13,3.1164404390437994e-11,4.18651779909851e-11,0.00849691501654148,0.9162157728823282,0.008496915017045343,0.9162157728823282,1.1102230246251565e-16
ellipses,4,64,81,120,4,43,0,4.1870933803478394e-11,5.251621439511059e-13,4.18651779909851e-11,1.0700773600547109e-11,0.008496915017045343,0.9162157728823282,0.008496915016948907,0.9162157728823282,1.1102230246251565e-16
ellipses,4,64,82,120,4,43,0,1.0703417319124497e-11,1.8059221291421199e-13,1.0700773600547109e-11,3.1164404390437994e-11,0.008496915016948907,0.9162157728823282,0.008496915016958135,0.9162157728823282,1.1102230246251565e-16
ellipses,4,64,83,120,4,43,0,3.1166779226876606e-11,3.93006934143227e-13,3.1164404390437994e-11,4.18651779909851e-11,0.008496915016958135,0.9162157728823282,0.00849691501662869,0.9162157728823282,1.1102230246251565e-16
ellipses,4,64,84,120,4,43,0,4.1870933803478394e-11,5.251440739148979e-13,4.18651779909851e-11,1.0700773600547109e-11,0.00849691501662869,0.9162157728823282,0.008496915017365561,0.9162157728823282,1.1102230246251565e-16
ellipses,4,64,85,120,4,43,0,1.0703417319124497e-11,1.8061028295042006e-13,1.0700773600547109e-11,3.1164404390437994e-11,0.008496915017365561,0.9162157728823282,0.00849691501654148,0.9162157728823282,1.1102230246251565e-16
ellipses,4,64,86,120,4,43,0,3.1166779226876606e-11,3.9298886410701894e-13,3.1164404390437994e-11,4.18651779909851e-11,0.00849691501654148,0.9162157728823282,0.008496915017045343,0.9162157728823282,1.1102230246251565e-16
ellipses,4,64,87,120,4,43,0,4.1870933803478394e-11,5.251621439511059e-13,4.18651779909851e-11,1.0700773600547109e-11,0.008496915017045343,0.9162157728823282,0.008496915016948907,0.9162157728823282,1.1102230246251565e-16
ellipses,4,64,88,120,4,43,0,1.0703417319124497e-11,1.8059221291421199e-13,1.0700773600547109e-11,3.1164404390437994e-11,0.008496915016948907,0.9162157728823282,0.008496915016958135,0.9162157728823282,1.1102230246251565e-16
ellipses,4,64,89,120,4,43,0,3.1166779226876606e-11,3.93006934143227e-13,3.1164404390437994e-11,4.18651779909851e-11,0.008496915016958135,0.9162157728823282,0.00849691501662869,0.9162157728823282,1.1102230246251565e-16
ellipses,4,64,90,120,4,43,0,4.1870933803478394e-11,5.251440739148979e-13,4.18651779909851e-11,1.0700773600547109e-11,0.00849691501662869,0.9162157728823282,0.008496915017365561,0.9162157728823282,1.1102230246251565e-16
ellipses,4,64,91,120,4,43,0,1.0703417319124497e-11,1.8061028295042006e-13,1.0700773600547109e-11,3.1164404390437994e-11,0.008496915017365561,0.9162157728823282,0.00849691501654148,0.9162157728823282,1.1102230246251565e-16
ellipses,4,64,92,120,4,43,0,3.1166779226876606e-11,3.9298886410701894e-13,3.1164404390437994e-11,4.18651779909851e-11,0.00849691501654148,0.9162157728823282,0.008496915017045343,0.9162157728823282,1.1102230246251565e-16
ellipses,4,64,93,120,4,43,0,4.1870933803478394e-11,5.251621439511059e-13,4.18651779909851e-11,1.0700773600547109e-11,0.008496915017045343,0.9162157728823282,0.008496915016948907,0.9162157728823282,1.1102230246251565e-16
ellipses,4,64,94,120,4,43,0,1.0703417319124497e-11,1.8059221291421199e-13,1.0700773600547109e-11,3.1164404390437994e-11,0.008496915016948907,0.9162157728823282,0.008496915016958135,0.9162157728823282,1.1102230246251565e-16
ellipses,4,64,95,120,4,43,0,3.1166779226876606e-11,3.93006934143227e-13,3.1164404390437994e-11,4.18651779909851e-11,0.008496915016958135,0.9162157728823282,0.00849691501662869,0.9162157728823282,1.1102230246251565e-16
ellipses,4,64,96,120,4,43,0,4.1870933803478394e-11,5.251440739148979e-13,4.18651779909851e-11,1.0700773600547109e-11,0.00849691501662869,0.9162157728823282,0.008496915017365561,0.9162157728823282,1.1102230246251565e-16
ellipses,4,64,97,120,4,43,0,1.0703417319124497e-11,1.8061028295042006e-13,1.0700773600547109e-11,3.1164404390437994e-11,0.008496915017365561,0.9162157728823282,0.00849691501654148,0.9162157728823282,1.1102230246251565e-16
ellipses,4,64,98,120,4,43,0,3.1166779226876606e-11,3.9298886410701894e-13,3.1164404390437994e-11,4.18651779909851e-11,0.00849691501654148,0.9162157728823282,0.008496915017045343,0.9162157728823282,1.1102230246251565e-16
ellipses,4,64,99,120,4,43,0,4.1870933803478394e-11,5.251621439511059e-13,4.18651779909851e-11,1.0700773600547109e-11,0.008496915017045343,0.9162157728823282,0.008496915016948907,0.9162157728823282,1.1102230246251565e-16
ellipses,4,64,100,120,4,43,0,1.0703417319124497e-11,1.8059221291421199e-13,1.0700773600547109e-11,3.1164404390437994e-11,0.008496915016948907,0.9162157728823282,0.008496915016958135,0.9162157728823282,1.1102230246251565e-16
lines,0,64,1,63,0,62,0,0.10089036385715903,0.0037294612483026904,0.10089036385716099,0.0,0.012990421670231199,0.40919827996569247,0.0026519586587248367,0.12575032830184876,0.0
lines,0,64,2,63,0,61,0,0.024886679587388712,0.0007081966016036987,0.024886679587389438,0.10820065552653801,0.0026519586587248367,0.12575032830184876,0.0007472633944548804,0.03180252698881582,0.0
lines,0,64,3,63,0,61,0,0.006216568846230137,0.00019688165515013305,0.006216568846227233,0.02820267137034449,0.0007472633944548804,0.03180252698881582,0.00023043962841081883,0.007956389501591563,0.0
lines,0,64,4,63,0,61,0,0.0015540626482986666,6.038543736237872e-05,0.0015540626482959397,0.007431966405917478,0.00023043962841081883,0.007956389501591563,7.376356964568006e-05,0.001989187387728255,0.0
lines,0,64,5,63,0,61,0,0.0004009251629025039,1.927730730147552e-05,0.0004009251629000232,0.001954987811195963,7.376356964568006e-05,0.001989187387728255,2.4037825619885715e-05,0.0005131760455341203,0.0
lines,0,64,6,63,0,61,0,0.00012451227272064144,6.2729373372884875e-06,0.00012451227271981224,0.000513026686263629,2.4037825619885715e-05,0.0005131760455341203,7.90718084523109e-06,0.0001593755223588374,0.0
lines,0,64,7,63,0,61,0,3.719857742442295e-05,2.0617802753473814e-06,3.719857742368049e-05,0.0001562721097130293,7.90718084523109e-06,0.0001593755223588374,2.6146684026085746e-06,4.7614168334362314e-05,0.0
lines,0,64,8,63,0,61,0,1.0817278743146391e-05,6.814413645864193e-07,1.0817278742081271e-05,4.7842846889523116e-05,2.6146684026085746e-06,4.7614168334362314e-05,8.672251171066401e-07,1.3846112227303559e-05,0.0
lines,0,64,9,63,0,61,0,3.432000432457283e-06,2.2595180155503645e-07,3.4320004331789278e-06,1.4249279175260199e-05,8.672251171066401e-07,1.3846112227303559e-05,2.881673397017985e-07,4.392962898870189e-06,0.0
lines,0,64,10,63,0,61,0,1.074445290204229e-06,7.506573059629448e-08,1.0744452936251037e-06,4.387960359508725e-06,2.881673397017985e-07,4.392962898870189e-06,9.586602597156298e-08,1.3753013256944004e-06,0.0
lines,0,64,11,63,0,61,0,3.286512418980425e-07,2.4968235883808952e-08,3.286512395561658e-07,1.3956002504755816e-06,9.586602597156298e-08,1.3753013256944004e-06,3.1918567206389934e-08,4.2068693870563054e-07,0.0
lines,0,64,12,63,0,61,0,1.0495109043981432e-07,8.311093700377968e-09,1.0495109137309555e-07,4.3360233092926137e-07,3.1918567206389934e-08,4.2068693870563054e-07,1.0636018382987955e-08,1.3435312353837373e-07,0.0
lines,0,64,13,63,0,61,0,3.352591355573753e-08,2.76750525054034e-09,3.352591448901876e-08,1.3551053257288004e-07,1.0636018382987955e-08,1.3435312353837373e-07,3.5495104967566697e-09,4.292257835841696e-08,0.0
lines,0,64,14,63,0,61,0,1.0510559610155124e-08,9.223253141171166e-10,1.051056131018413e-08,4.379443652169357e-08,3.5495104967566697e-09,4.292257835841696e-08,1.1882246003734796e-09,1.3438993482836659e-08,0.0
lines,0,64,15,63,0,61,0,3.381151955639261e-09,3.0746342145562687e-10,3.3811531352512247e-09,1.3891714445435355e-08,1.1882246003734796e-09,1.3438993482836659e-08,4.0103399644633737e-10,4.311177144686171e-09,0.0
lines,0,64,16,63,0,61,0,1.0911096678944965e-09,1.0247146633208487e-10,1.0911094250332098e-09,4.388134300370439e-09,4.0103399644633737e-10,4.311177144686171e-09,1.3937567063559548e-10,1.4066350559002744e-09,0.0
lines,0,64,17,63,0,61,0,3.499003170537307e-10,3.43390659822484e-11,3.4989966479770374e-10,1.425526363618701e-09,1.3937567063559548e-10,1.4066350559002744e-09,5.199663449609629e-11,4.307630661060019e-10,0.0
lines,0,64,18,63,0,61,0,1.0880792794543126e-10,1.1580574049311184e-11,1.0880540912694414e-10,4.587050739246479e-10,5.199663449609629e-11,4.307630661060019e-10,2.271058953248341e-11,1.4407160051631584e-10,0.0
lines,0,64,19,63,0,61,0,3.6181301010795863e-11,3.791160369543825e-12,3.61808361049043e-11,1.433519969396002e-10,2.271058953248341e-11,1.4407160051631584e-10,1.3385792276721625e-11,5.7552642829250546e-11,0.0
lines,0,64,20,63,0,61,0,1.4092633310314184e-11,1.4260342521030564e-12,1.4090062450122787e-11,4.4650505515164696e-11,1.3385792276721625e-11,5.7552642829250546e-11,1.0265549825631069e-11,2.571141521910983e-11,0.0
lines,0,64,21,63,0,61,0,4.93424745506843e-12,4.2677157553055923e-13,4.931166586175095e-12,1.504218971604132e-11,1.0265549825631069e-11,2.571141521910983e-11,9.39718738260501e-12,1.9028084352612158e-11,0.0
lines,1,64,1,78,1,35,0,1.1329142487682693,0.06136115300805548,1.132914248768266,0.0,0.07357254485418806,0.6691217697235722,0.03922325514403994,0.8980789663121368,0.0
lines,1,64,2,79,0,35,5,0.37551571488746804,0.021788967610843004,0.37551571488747015,0.8107991253696056,0.03922325514403994,0.8980789663121368,0.011583004270399684,0.2033671095501173,1.3877787807814457e-17
lines,1,64,3,79,0,37,2,0.04867176835461882,0.0028889993599412953,0.04867176835462317,0.36802996147394396,0.011583004270399684,0.2033671095501173,0.0028940111896300354,0.03598801643090869,1.1102230246251565e-16
lines,1,64,4,79,0,37,0,0.007516628224972597,0.0006565639033279325,0.007516628224969679,0.04960364479011048,0.0028940111896300354,0.03598801643090869,0.000784692675993039,0.008995951293635255,5.551115123125783e-17
lines,1,64,5,79,0,37,0,0.00219502303943353,0.00017944094505879048,0.0021950230394338632,0.00825002808045383,0.000784692675993039,0.008995951293635255,0.0002622613228721231,0.003699168620663781,1.3877787807814457e-17
lines,1,64,6,79,0,37,0,0.000906881639875165,5.618673970112005e-05,0.0009068816398780655,0.0031019046793119287,0.0002622613228721231,0.003699168620663781,7.369241131817899e-05,0.0017837267198871542,1.3877787807814457e-17
lines,1,64,7,79,0,37,2,0.8303477590470618,0.012816302047408233,0.8303477590470649,0.8301742060832851,7.369241131817899e-05,0.0017837267198871542,0.006962509803519459,0.4422862647793851,5.551115123125783e-17
lines,1,64,8,79,0,39,1,0.12484853939495437,0.002252733318438464,0.12484853939495366,0.7835749549662765,0.006962509803519459,0.4422862647793851,0.00178885770302523,0.13821902532430574,1.1102230246251565e-16
lines,1,64,9,79,0,39,0,0.029393911902980772,0.0005487028955220607,0.029393911902978687,0.13462079841797703,0.00178885770302523,0.13821902532430574,0.0005823437819653318,0.03562667000469452,0.0
lines,1,64,10,79,0,39,0,0.006445773223697849,0.0001515801343540556,0.006445773223695994,0.033135297870494185,0.0005823437819653318,0.03562667000469452,0.00020129400556328448,0.010047590673417083,1.1102230246251565e-16
lines,1,64,11,79,0,39,0,0.002939775196379203,6.00267272320466e-05,0.0029397751963777807,0.007479016283440387,0.00020129400556328448,0.010047590673417083,7.909042594312814e-05,0.0038294164374423297,2.7755575615628914e-17
lines,1,64,12,79,0,39,0,0.0009347674937350628,1.9460719772736435e-05,0.0009347674937352224,0.003874542690113003,7.909042594312814e-05,0.0038294164374423297,2.4865821683962878e-05,0.001195060372928031,2.7755575615628914e-17
lines,1,64,13,79,0,39,0,0.00023727238351242685,5.9554207886827266e-06,0.00023727238351156643,0.0011720398772467888,2.4865821683962878e-05,0.001195060372928031,7.478177157081403e-06,0.00030170610268844125,5.551115123125783e-17
lines,1,64,14,79,0,39,0,5.650692375108041e-05,1.8181319859862658e-06,5.650692375169797e-05,0.0002937793072632644,7.478177157081403e-06,0.00030170610268844125,2.2567156033454047e-06,7.175740768620946e-05,1.1102230246251565e-16
lines,1,64,15,79,0,39,0,1.3176395678542174e-05,5.465094988954679e-07,1.3176395679437292e-05,6.968331943113526e-05,2.2567156033454047e-06,7.175740768620946e-05,7.022323248430142e-07,1.6728666497623408e-05,1.1102230246251565e-16
lines,1,64,16,79,0,39,0,3.0520238667938737e-06,1.8302925660080994e-07,3.0520238674114353e-06,1.6228419546848727e-05,7.022323248430142e-07,1.6728666497623408e-05,2.292631222224279e-07,3.875006092964141e-06,5.551115123125783e-17
lines,1,64,17,79,0,39,0,1.5418034538319803e-06,6.237080825178768e-08,1.5418034529091074e-06,4.015534685208877e-06,2.292631222224279e-07,3.875006092964141e-06,7.532741033878351e-08,1.4087647201473046e-06,5.551115123125783e-17
lines,1,64,18,79,0,39,0,6.284865013833629e-07,2.081327179735034e-08,6.284865001759954e-07,2.1702899530851028e-06,7.532741033878351e-08,1.4087647201473046e-06,2.453729065219723e-08,5.74718722745266e-07,1.1102230246251565e-16
lines,1,64,19,79,0,39,0,2.133220693839588e-07,6.7999931411196875e-09,2.133220675659686e-07,8.41808567741964e-07,2.453729065219723e-08,5.74718722745266e-07,7.926752283148998e-09,1.9395644049107736e-07,5.551115123125783e-17
lines,1,64,20,79,0,39,0,6.542975865969636e-08,2.172548270320344e-09,6.542975938828022e-08,2.7875182695424883e-07,7.926752283148998e-09,1.9395644049107736e-07,2.5661056528220224e-09,5.860387892753118e-08,1.1102230246251565e-16
lines,1,64,21,79,0,39,0,1.872041081180109e-08,6.935909227763729e-10,1.8720410110972807e-08,8.415016949925302e-08,2.5661056528220224e-09,5.860387892753118e-08,8.782630771610725e-10,1.7644007109290813e-08,5.551115123125783e-17
lines,1,64,22,79,0,39,0,5.163778432626387e-09,2.2225057458585986e-10,5.163776961580879e-09,2.3884187072553686e-08,8.782630771610725e-10,1.7644007109290813e-08,3.5230384842207755e-10,5.186755438213824e-09,5.551115123125783e-17
lines,1,64,23,79,0,39,0,1.52594360758318e-09,7.954552629773145e-11,1.5259438157499972e-09,6.6897207773308764e-09,3.5230384842207755e-10,5.186755438213824e-09,1.6569511035256564e-10,2.2286230209887057e-09,5.551115123125783e-17
lines,1,64,24,79,0,39,0,4.2452118209634904e-10,1.8437827755097253e-11,4.2452086290722946e-10,1.759072887352886e-09,1.6569511035256564e-10,2.2286230209887057e-09,1.2853384622595628e-10,2.2286230209887057e-09,5.551115123125783e-17
lines,1,64,25,79,0,39,0,3.3909524493891396e-10,9.29468221413633e-12,3.390958625004714e-10,7.636167254077009e-10,1.2853384622595628e-10,2.2286230209887057e-09,1.1597650651210869e-10,2.2286230209887057e-09,5.551115123125783e-17
lines,1,64,26,79,0,39,0,4.581161838768111e-11,1.5430102502717456e-12,4.580869017445366e-11,3.7198333302512765e-10,1.1597650651210869e-10,2.2286230209887057e-09,1.1072187178115585e-10,2.2286230209887057e-09,5.551115123125783e-17
lines,1,64,27,79,0,39,0,1.6445005079912534e-11,3.512955710653895e-13,1.644551161916752e-11,4.9332982143823756e-11,1.1072187178115585e-10,2.2286230209887057e-09,1.0952161114060262e-10,2.2286230209887057e-09,5.551115123125783e-17
lines,1,64,28,79,0,39,0,3.6132555281120915e-12,4.758062406187034e-14,3.61666252501891e-12,1.644551161916752e-11,1.0952161114060262e-10,2.2286230209887057e-09,1.0994893005234127e-10,2.2286230209887057e-09,5.551115123125783e-17
lines,2,64,1,98,0,35,0,1.4441198943445288,0.07610157541906402,1.4441198943445315,0.0,0.09058119652782365,0.9162279617391296,0.0390699315268211,0.38153550270074105,2.220446049250313e-16
lines,2,64,2,98,0,39,2,1.204602350841246,0.03806418176212662,1.204602350841249,1.2021023099639052,0.0390699315268211,0.38153550270074105,0.020603129545566447,0.4041243422654059,5.4643789493269423e-17
lines,2,64,3,98,0,40,0,0.20788373868803434,0.007807794603295519,0.20788373868803234,0.9967186121532166,0.020603129545566447,0.4041243422654059,0.006646612263949145,0.13855429828786064,2.7755575615628914e-17
lines,2,64,4,98,0,40,0,0.028876453797051227,0.0014584567326367131,0.028876453797053614,0.195905833752839,0.006646612263949145,0.13855429828786064,0.0019803539891096746,0.04788811598946554,1.1102230246251565e-16
lines,2,64,5,98,0,40,0,0.008860850911545683,0.00039685292932750563,0.008860850911545981,0.037737304708599595,0.0019803539891096746,0.04788811598946554,0.0005135659063869451,0.012960661759770327,1.1102230246251565e-16
lines,2,64,6,98,0,40,0,0.0016472628712245474,0.00010949178341360325,0.0016472628712236315,0.010181164527729436,0.0005135659063869451,0.012960661759770327,0.0001505413490641391,0.0018698263092616686,2.7755575615628914e-17
lines,2,64,7,98,0,40,0,0.0004191186573307762,3.472367301615844e-05,0.0004191186573336836,0.0019101429580530294,0.0001505413490641391,0.0018698263092616686,4.703773527388467e-05,0.0006641990543127045,1.1102230246251565e-16
lines,2,64,8,98,0,40,0,0.00019093934487523362,1.1141506939271479e-05,0.00019093934487557362,0.0006100580022092572,4.703773527388467e-05,0.0006641990543127045,1.4648023452018914e-05,0.00022121798506158697,5.4643789493269423e-17
lines,2,64,9,98,0,40,2,1.1861655989043773,0.01391538634280299,1.1861655989043811,1.1861659936505191,1.4648023452018914e-05,0.00022121798506158697,0.005988489933620477,0.41865464249280354,1.1102230246251565e-16
lines,2,64,10,98,0,41,0,0.1789673114919688,0.003262504710059302,0.17896731149197365,1.0071982874124075,0.005988489933620477,0.41865464249280354,0.0021284448921103753,0.1436065510383171,1.1102230246251565e-16
lines,2,64,11,98,0,41,0,0.030421359228524278,0.0006126031512095937,0.030421359228526512,0.1693636603510953,0.0021284448921103753,0.1436065510383171,0.0007252188411848716,0.04892578237906571,1.1102230246251565e-16
lines,2,64,12,98,0,41,0,0.008486453698273132,0.0001580356081296596,0.008486453698267837,0.03890781292679435,0.0007252188411848716,0.04892578237906571,0.00019083280547230663,0.012045252810945003,1.1102230246251565e-16
lines,2,64,13,98,0,41,0,0.0015784664672323714,4.191127318144933e-05,0.001578466467229589,0.009765100458778875,0.00019083280547230663,0.012045252810945003,5.5491112534443496e-05,0.0018983050542162733,1.1102230246251565e-16
lines,2,64,14,98,0,41,0,0.0004378266117387869,1.337209855822018e-05,0.00043782661174418536,0.0018330298377193799,5.5491112534443496e-05,0.0018983050542162733,1.7915954095024815e-05,0.0006547332999850637,1.1102230246251565e-16
lines,2,64,15,98,0,41,0,0.00018979972089324532,4.54764771625894e-06,0.00018979972089994135,0.0006276263326441267,1.7915954095024815e-05,0.0006547332999850637,5.644929303923869e-06,0.00021578374583929827,1.1102230246251565e-16
lines,2,64,16,98,0,41,0,5.133825748959708e-05,1.3724841977776181e-06,5.133825749226162e-05,0.00024113797839220297,5.644929303923869e-06,0.00021578374583929827,1.8208250355058422e-06,5.839353838031691e-05,2.7755575615628914e-17
lines,2,64,17,98,0,41,0,1.2546204177649178e-05,4.3581583356239607e-07,1.2546204175123421e-05,6.388446166738504e-05,1.8208250355058422e-06,5.839353838031691e-05,5.945555609624354e-07,1.723066962638224e-05,1.1102230246251565e-16
lines,2,64,18,98,0,41,0,3.913310360221384e-06,1.454588012781679e-07,3.913310365533107e-06,1.5471799841293432e-05,5.945555609624354e-07,1.723066962638224e-05,1.9140018831243083e-07,6.159474952088218e-06,1.1102230246251565e-16
lines,2,64,19,98,0,41,0,1.4904347036930055e-06,4.6126957192034045e-08,1.490434698325771e-06,5.403745063858878e-06,1.9140018831243083e-07,6.159474952088218e-06,6.219995716217287e-08,1.8590021742896742e-06,1.1102230246251565e-16
lines,2,64,20,98,0,41,0,4.681118907431947e-07,1.4213334308028951e-08,4.68111892359957e-07,1.958546590685728e-06,6.219995716217287e-08,1.8590021742896742e-06,2.0396697608977537e-08,5.129564081633486e-07,1.1102230246251565e-16
lines,2,64,21,98,0,41,0,1.3289423554663227e-07,4.386478037950495e-09,1.3289422895468306e-07,6.0100612131464e-07,2.0396697608977537e-08,5.129564081633486e-07,6.677854138285147e-09,1.7950540202921043e-07,1.1102230246251565e-16
lines,2,64,22,98,0,41,0,3.5562260688321023e-08,1.3686316356645102e-09,3.556226602086099e-08,1.6845649497554405e-07,6.677854138285147e-09,1.7950540202921043e-07,2.2125292686993597e-09,7.050929898064277e-08,1.1102230246251565e-16
lines,2,64,23,98,0,41,0,9.153490118651852e-09,4.4232443162606727e-10,9.153495739155915e-09,4.47157617600169e-08,2.2125292686993597e-09,7.050929898064277e-08,7.806808547811578e-10,2.425985711779124e-08,1.1102230246251565e-16
lines,2,64,24,98,0,41,0,3.1263613226029108e-09,1.4358858113818977e-10,3.1263596156350104e-09,1.204736577165022e-08,7.806808547811578e-10,2.425985711779124e-08,3.268836852624567e-10,7.63440368807636e-09,1.1102230246251565e-16
lines,2,64,25,98,0,41,0,9.817654935545539e-10,4.48206394582379e-11,9.817711088544456e-10,4.108130724489456e-09,3.268836852624567e-10,7.63440368807636e-09,1.8851058382026648e-10,2.277636129262337e-09,2.7755575615628914e-17
lines,2,64,26,98,0,41,0,2.879840029640368e-10,1.3723493558420674e-11,2.879829708035686e-10,1.2697540796580142e-09,1.8851058382026648e-10,2.277636129262337e-09,1.5080266045168835e-10,1.850836026671495e-09,1.1102230246251565e-16
lines,2,64,27,98,0,41,0,8.675039853134336e-11,3.942116394867643e-12,8.675726803630823e-11,3.7474023883987684e-10,1.5080266045168835e-10,1.850836026671495e-09,1.3829953951884739e-10,1.850836026671495e-09,2.7755575615628914e-17
lines,2,64,28,98,0,41,0,3.854815772141862e-11,1.4059663828577647e-12,3.8546943414985435e-11,1.2028777973682736e-10,1.3829953951884739e-10,1.850836026671495e-09,1.381965170490578e-10,1.850836026671495e-09,2.7755575615628914e-17
lines,2,64,29,98,0,41,0,1.853135700446984e-11,4.601765574322526e-13,1.8530954548623413e-11,3.8546943414985435e-11,1.381965170490578e-10,1.850836026671495e-09,1.375541882827383e-10,1.850836026671495e-09,1.1102230246251565e-16
lines,2,64,30,98,0,41,0,1.853664791107157e-11,3.9110358588344757e-13,1.8530954548623413e-11,5.4640736379951704e-12,1.375541882827383e-10,1.850836026671495e-09,1.3797482539910392e-10,1.850836026671495e-09,1.1102230246251565e-16
lines,2,64,31,98,0,41,0,1.853135700446984e-11,3.8987511844229665e-13,1.8530954548623413e-11,1.0658141036401503e-13,1.3797482539910392e-10,1.850836026671495e-09,1.3755401934657005e-10,1.850836026671495e-09,1.1102230246251565e-16
lines,2,64,32,98,0,41,0,1.853664791107157e-11,3.900167285219682e-13,1.8530954548623413e-11,0.0,1.3755401934657005e-10,1.850836026671495e-09,1.3797482539910392e-10,1.850836026671495e-09,1.1102230246251565e-16
lines,2,64,33,98,0,41,0,1.853135700446984e-11,3.8987511844229665e-13,1.8530954548623413e-11,0.0,1.3797482539910392e-10,1.850836026671495e-09,1.3755401934657005e-10,1.850836026671495e-09,1.1102230246251565e-16
lines,2,64,34,98,0,41,0,1.853664791107157e-11,3.900167285219682e-13,1.8530954548623413e-11,0.0,1.3755401934657005e-10,1.850836026671495e-09,1.3797482539910392e-10,1.850836026671495e-09,1.1102230246251565e-16
lines,2,64,35,98,0,41,0,1.853135700446984e-11,3.8987511844229665e-13,1.8530954548623413e-11,0.0,1.3797482539910392e-10,1.850836026671495e-09,1.3755401934657005e-10,1.850836026671495e-09,1.1102230246251565e-16
lines,2,64,36,98,0,41,0,1.853664791107157e-11,3.900167285219682e-13,1.8530954548623413e-11,0.0,1.3755401934657005e-10,1.850836026671495e-09,1.3797482539910392e-10,1.850836026671495e-09,1.1102230246251565e-16
lines,2,64,37,98,0,41,0,1.853135700446984e-11,3.8987511844229665e-13,1.8530954548623413e-11,0.0,1.3797482539910392e-10,1.850836026671495e-09,1.3755401934657005e-10,1.850836026671495e-09,1.1102230246251565e-16
lines,2,64,38,98,0,41,0,1.853664791107157e-11,3.900167285219682e-13,1.8530954548623413e-11,0.0,1.3755401934657005e-10,1.850836026671495e-09,1.3797482539910392e-10,1.850836026671495e-09,1.1102230246251565e-16
lines,2,64,39,98,0,41,0,1.853135700446984e-11,3.8987511844229665e-13,1.8530954548623413e-11,0.0,1.3797482539910392e-10,1.850836026671495e-09,1.3755401934657005e-10,1.850836026671495e-09,1.1102230246251565e-16
lines,2,64,40,98,0,41,0,1.853664791107157e-11,3.900167285219682e-13,1.8530954548623413e-11,0.0,1.3755401934657005e-10,1.850836026671495e-09,1.3797482539910392e-10,1.850836026671495e-09,1.1102230246251565e-16
lines,2,64,41,98,0,41,0,1.853135700446984e-11,3.8987511844229665e-13,1.8530954548623413e-11,0.0,1.3797482539910392e-10,1.850836026671495e-09,1.3755401934657005e-10,1.850836026671495e-09,1.1102230246251565e-16
lines,2,64,42,98,0,41,0,1.853664791107157e-11,3.900167285219682e-13,1.8530954548623413e-11,0.0,1.3755401934657005e-10,1.850836026671495e-09,1.3797482539910392e-10,1.850836026671495e-09,1.1102230246251565e-16
lines,2,64,43,98,0,41,0,1.853135700446984e-11,3.8987511844229665e-13,1.8530954548623413e-11,0.0,1.3797482539910392e-10,1.850836026671495e-09,1.3755401934657005e-10,1.850836026671495e-09,1.1102230246251565e-16
lines,2,64,44,98,0,41,0,1.853664791107157e-11,3.900167285219682e-13,1.8530954548623413e-11,0.0,1.3755401934657005e-10,1.850836026671495e-09,1.3797482539910392e-10,1.850836026671495e-09,1.1102230246251565e-16
lines,2,64,45,98,0,41,0,1.853135700446984e-11,3.8987511844229665e-13,1.8530954548623413e-11,0.0,1.3797482539910392e-10,1.850836026671495e-09,1.3755401934657005e-10,1.850836026671495e-09,1.1102230246251565e-16
lines,2,64,46,98,0,41,0,1.853664791107157e-11,3.900167285219682e-13,1.8530954548623413e-11,0.0,1.3755401934657005e-10,1.850836026671495e-09,1.3797482539910392e-10,1.850836026671495e-09,1.1102230246251565e-16
lines,2,64,47,98,0,41,0,1.853135700446984e-11,3.8987511844229665e-13,1.8530954548623413e-11,0.0,1.3797482539910392e-10,1.850836026671495e-09,1.3755401934657005e-10,1.850836026671495e-09,1.1102230246251565e-16
lines,2,64,48,98,0,41,0,1.853664791107157e-11,3.900167285219682e-13,1.8530954548623413e-11,0.0,1.3755401934657005e-10,1.850836026671495e-09,1.3797482539910392e-10,1.850836026671495e-09,1.1102230246251565e-16
lines,2,64,49,98,0,41,0,1.853135700446984e-11,3.8987511844229665e-13,1.8530954548623413e-11,0.0,1.3797482539910392e-10,1.850836026671495e-09,1.3755401934657005e-10,1.850836026671495e-09,1.1102230246251565e-16
lines,2,64,50,98,0,41,0,1.853664791107157e-11,3.900167285219682e-13,1.8530954548623413e-11,0.0,1.3755401934657005e-10,1.850836026671495e-09,1.3797482539910392e-10,1.850836026671495e-09,1.1102230246251565e-16
lines,2,64,51,98,0,41,0,1.853135700446984e-11,3.8987511844229665e-13,1.8530954548623413e-11,0.0,1.3797482539910392e-10,1.850836026671495e-09,1.3755401934657005e-10,1.850836026671495e-09,1.1102230246251565e-16
lines,2,64,52,98,0,41,0,1.853664791107157e-11,3.900167285219682e-13,1.8530954548623413e-11,0.0,1.3755401934657005e-10,1.850836026671495e-09,1.3797482539910392e-10,1.850836026671495e-09,1.1102230246251565e-16
lines,2,64,53,98,0,41,0,1.853135700446984e-11,3.8987511844229665e-13,1.8530954548623413e-11,0.0,1.3797482539910392e-10,1.850836026671495e-09,1.3755401934657005e-10,1.850836026671495e-09,1.1102230246251565e-16
lines,2,64,54,98,0,41,0,1.853664791107157e-11,3.900167285219682e-13,1.8530954548623413e-11,0.0,1.3755401934657005e-10,1.850836026671495e-09,1.3797482539910392e-10,1.850836026671495e-09,1.1102230246251565e-16
lines,2,64,55,98,0,41,0,1.853135700446984e-11,3.8987511844229665e-13,1.8530954548623413e-11,0.0,1.3797482539910392e-10,1.850836026671495e-09,1.3755401934657005e-10,1.850836026671495e-09,1.1102230246251565e-16
lines,2,64,56,98,0,41,0,1.853664791107157e-11,3.900167285219682e-13,1.8530954548623413e-11,0.0,1.3755401934657005e-10,1.850836026671495e-09,1.3797482539910392e-10,1.850836026671495e-09,1.1102230246251565e-16
lines,2,64,57,98,0,41,0,1.853135700446984e-11,3.8987511844229665e-13,1.8530954548623413e-11,0.0,1.3797482539910392e-10,1.850836026671495e-09,1.3755401934657005e-10,1.850836026671495e-09,1.1102230246251565e-16
lines,2,64,58,98,0,41,0,1.853664791107157e-11,3.900167285219682e-13,1.8530954548623413e-11,0.0,1.3755401934657005e-10,1.850836026671495e-09,1.3797482539910392e-10,1.850836026671495e-09,1.1102230246251565e-16
lines,2,64,59,98,0,41,0,1.853135700446984e-11,3.8987511844229665e-13,1.8530954548623413e-11,0.0,1.3797482539910392e-10,1.850836026671495e-09,1.3755401934657005e-10,1.850836026671495e-09,1.1102230246251565e-16
lines,2,64,60,98,0,41,0,1.853664791107157e-11,3.900167285219682e-13,1.8530954548623413e-11,0.0,1.3755401934657005e-10,1.850836026671495e-09,1.3797482539910392e-10,1.850836026671495e-09,1.1102230246251565e-16
lines,2,64,61,98,0,41,0,1.853135700446984e-11,3.8987511844229665e-13,1.8530954548623413e-11,0.0,1.3797482539910392e-10,1.850836026671495e-09,1.3755401934657005e-10,1.850836026671495e-09,1.1102230246251565e-16
lines,2,64,62,98,0,41,0,1.853664791107157e-11,3.900167285219682e-13,1.8530954548623413e-11,0.0,1.3755401934657005e-10,1.850836026671495e-09,1.3797482539910392e-10,1.850836026671495e-09,1.1102230246251565e-16
lines,2,64,63,98,0,41,0,1.853135700446984e-11,3.8987511844229665e-13,1.8530954548623413e-11,0.0,1.3797482539910392e-10,1.850836026671495e-09,1.3755401934657005e-10,1.850836026671495e-09,1.1102230246251565e-16
lines,2,64,64,98,0,41,0,1.853664791107157e-11,3.900167285219682e-13,1.8530954548623413e-11,0.0,1.3755401934657005e-10,1.850836026671495e-09,1.3797482539910392e-10,1.850836026671495e-09,1.1102230246251565e-16
lines,2,64,65,98,0,41,0,1.853135700446984e-11,3.8987511844229665e-13,1.8530954548623413e-11,0.0,1.3797482539910392e-10,1.850836026671495e-09,1.3755401934657005e-10,1.850836026671495e-09,1.1102230246251565e-16
lines,2,64,66,98,0,41,0,1.853664791107157e-11,3.900167285219682e-13,1.8530954548623413e-11,0.0,1.3755401934657005e-10,1.850836026671495e-09,1.3797482539910392e-10,1.850836026671495e-09,1.1102230246251565e-16
lines,2,64,67,98,0,41,0,1.853135700446984e-11,3.8987511844229665e-13,1.8530954548623413e-11,0.0,1.3797482539910392e-10,1.850836026671495e-09,1.3755401934657005e-10,1.850836026671495e-09,1.1102230246251565e-16
lines,2,64,68,98,0,41,0,1.853664791107157e-11,3.900167285219682e-13,1.8530954548623413e-11,0.0,1.3755401934657005e-10,1.850836026671495e-09,1.3797482539910392e-10,1.850836026671495e-09,1.1102230246251565e-16
lines,2,64,69,98,0,41,0,1.853135700446984e-11,3.8987511844229665e-13,1.8530954548623413e-11,0.0,1.3797482539910392e-10,1.850836026671495e-09,1.3755401934657005e-10,1.850836026671495e-09,1.1102230246251565e-16
lines,2,64,70,98,0,41,0,1.853664791107157e-11,3.900167285219682e-13,1.8530954548623413e-11,0.0,1.3755401934657005e-10,1.850836026671495e-09,1.3797482539910392e-10,1.850836026671495e-09,1.1102230246251565e-16
lines,2,64,71,98,0,41,0,1.853135700446984e-11,3.8987511844229665e-13,1.8530954548623413e-11,0.0,1.3797482539910392e-10,1.850836026671495e-09,1.3755401934657005e-10,1.850836026671495e-09,1.1102230246251565e-16
lines,2,64,72,98,0,41,0,1.853664791107157e-11,3.900167285219682e-13,1.8530954548623413e-11,0.0,1.3755401934657005e-10,1.850836026671495e-09,1.3797482539910392e-10,1.850836026671495e-09,1.1102230246251565e-16
lines,2,64,73,98,0,41,0,1.853135700446984e-11,3.8987511844229665e-13,1.8530954548623413e-11,0.0,1.3797482539910392e-10,1.850836026671495e-09,1.3755401934657005e-10,1.850836026671495e-09,1.1102230246251565e-16
lines,2,64,74,98,0,41,0,1.853664791107157e-11,3.900167285219682e-13,1.8530954548623413e-11,0.0,1.3755401934657005e-10,1.850836026671495e-09,1.3797482539910392e-10,1.850836026671495e-09,1.1102230246251565e-16
lines,2,64,75,98,0,41,0,1.853135700446984e-11,3.8987511844229665e-13,1.8530954548623413e-11,0.0,1.3797482539910392e-10,1.850836026671495e-09,1.3755401934657005e-10,1.850836026671495e-09,1.1102230246251565e-16
lines,2,64,76,98,0,41,0,1.853664791107157e-11,3.900167285219682e-13,1.8530954548623413e-11,0.0,1.3755401934657005e-10,1.850836026671495e-09,1.3797482539910392e-10,1.850836026671495e-09,1.1102230246251565e-16
lines,2,64,77,98,0,41,0,1.853135700446984e-11,3.8987511844229665e-13,1.8530954548623413e-11,0.0,1.3797482539910392e-10,1.850836026671495e-09,1.3755401934657005e-10,1.850836026671495e-09,1.1102230246251565e-16
lines,2,64,78,98,0,41,0,1.853664791107157e-11,3.900167285219682e-13,1.8530954548623413e-11,0.0,1.3755401934657005e-10,1.850836026671495e-09,1.3797482539910392e-10,1.850836026671495e-09,1.1102230246251565e-16
lines,2,64,79,98,0,41,0,1.853135700446984e-11,3.8987511844229665e-13,1.8530954548623413e-11,0.0,1.3797482539910392e-10,1.850836026671495e-09,1.3755401934657005e-10,1.850836026671495e-09,1.1102230246251565e-16
lines,2,64,80,98,0,41,0,1.853664791107157e-11,3.900167285219682e-13,1.8530954548623413e-11,0.0,1.3755401934657005e-10,1.850836026671495e-09,1.3797482539910392e-10,1.850836026671495e-09,1.1102230246251565e-16
lines,2,64,81,98,0,41,0,1.853135700446984e-11,3.8987511844229665e-13,1.8530954548623413e-11,0.0,1.3797482539910392e-10,1.850836026671495e-09,1.3755401934657005e-10,1.850836026671495e-09,1.1102230246251565e-16
lines,2,64,82,98,0,41,0,1.853664791107157e-11,3.900167285219682e-13,1.8530954548623413e-11,0.0,1.3755401934657005e-10,1.850836026671495e-09,1.3797482539910392e-10,1.850836026671495e-09,1.1102230246251565e-16
lines,2,64,83,98,0,41,0,1.853135700446984e-11,3.8987511844229665e-13,1.8530954548623413e-11,0.0,1.3797482539910392e-10,1.850836026671495e-09,1.3755401934657005e-10,1.850836026671495e-09,1.1102230246251565e-16
lines,2,64,84,98,0,41,0,1.853664791107157e-11,3.900167285219682e-13,1.8530954548623413e-11,0.0,1.3755401934657005e-10,1.850836026671495e-09,1.3797482539910392e-10,1.850836026671495e-09,1.1102230246251565e-16
lines,2,64,85,98,0,41,0,1.853135700446984e-11,3.8987511844229665e-13,1.8530954548623413e-11,0.0,1.3797482539910392e-10,1.850836026671495e-09,1.3755401934657005e-10,1.850836026671495e-09,1.1102230246251565e-16
lines,2,64,86,98,0,41,0,1.853664791107157e-11,3.900167285219682e-13,1.8530954548623413e-11,0.0,1.3755401934657005e-10,1.850836026671495e-09,1.3797482539910392e-10,1.850836026671495e-09,1.1102230246251565e-16
lines,2,64,87,98,0,41,0,1.853135700446984e-11,3.8987511844229665e-13,1.8530954548623413e-11,0.0,1.3797482539910392e-10,1.850836026671495e-09,1.3755401934657005e-10,1.850836026671495e-09,1.1102230246251565e-16
lines,2,64,88,98,0,41,0,1.853664791107157e-11,3.900167285219682e-13,1.8530954548623413e-11,0.0,1.3755401934657005e-10,1.850836026671495e-09,1.3797482539910392e-10,1.850836026671495e-09,1.1102230246251565e-16
lines,2,64,89,98,0,41,0,1.853135700446984e-11,3.8987511844229665e-13,1.8530954548623413e-11,0.0,1.3797482539910392e-10,1.850836026671495e-09,1.3755401934657005e-10,1.850836026671495e-09,1.1102230246251565e-16
lines,2,64,90,98,0,41,0,1.853664791107157e-11,3.900167285219682e-13,1.8530954548623413e-11,0.0,1.3755401934657005e-10,1.850836026671495e-09,1.3797482539910392e-10,1.850836026671495e-09,1.1102230246251565e-16
lines,2,64,91,98,0,41,0,1.853135700446984e-11,3.8987511844229665e-13,1.8530954548623413e-11,0.0,1.3797482539910392e-10,1.850836026671495e-09,1.3755401934657005e-10,1.850836026671495e-09,1.1102230246251565e-16
lines,2,64,92,98,0,41,0,1.853664791107157e-11,3.900167285219682e-13,1.8530954548623413e-11,0.0,1.3755401934657005e-10,1.850836026671495e-09,1.3797482539910392e-10,1.850836026671495e-09,1.1102230246251565e-16
lines,2,64,93,98,0,41,0,1.853135700446984e-11,3.8987511844229665e-13,1.8530954548623413e-11,0.0,1.3797482539910392e-10,1.850836026671495e-09,1.3755401934657005e-10,1.850836026671495e-09,1.1102230246251565e-16
lines,2,64,94,98,0,41,0,1.853664791107157e-11,3.900167285219682e-13,1.8530954548623413e-11,0.0,1.3755401934657005e-10,1.850836026671495e-09,1.3797482539910392e-10,1.850836026671495e-09,1.1102230246251565e-16
lines,2,64,95,98,0,41,0,1.853135700446984e-11,3.8987511844229665e-13,1.8530954548623413e-11,0.0,1.3797482539910392e-10,1.850836026671495e-09,1.3755401934657005e-10,1.850836026671495e-09,1.1102230246251565e-16
lines,2,64,96,98,0,41,0,1.853664791107157e-11,3.900167285219682e-13,1.8530954548623413e-11,0.0,1.3755401934657005e-10,1.850836026671495e-09,1.3797482539910392e-10,1.850836026671495e-09,1.1102230246251565e-16
lines,2,64,97,98,0,41,0,1.853135700446984e-11,3.8987511844229665e-13,1.8530954548623413e-11,0.0,1.3797482539910392e-10,1.850836026671495e-09,1.3755401934657005e-10,1.850836026671495e-09,1.1102230246251565e-16
lines,2,64,98,98,0,41,0,1.853664791107157e-11,3.900167285219682e-13,1.8530954548623413e-11,0.0,1.3755401934657005e-10,1.850836026671495e-09,1.3797482539910392e-10,1.850836026671495e-09,1.1102230246251565e-16
lines,2,64,99,98,0,41,0,1.853135700446984e-11,3.8987511844229665e-13,1.8530954548623413e-11,0.0,1.3797482539910392e-10,1.850836026671495e-09,1.3755401934657005e-10,1.850836026671495e-09,1.1102230246251565e-16
lines,2,64,100,98,0,41,0,1.853664791107157e-11,3.900167285219682e-13,1.8530954548623413e-11,0.0,1.3755401934657005e-10,1.850836026671495e-09,1.3797482539910392e-10,1.850836026671495e-09,1.1102230246251565e-16
lines,3,64,1,114,9,0,0,0.07790476825976655,0.0038529554185049294,0.07790476825977066,0.0,0.05551833430877211,0.9826430248935522,0.031088744326727275,0.9826430248935522,0.0
lines,3,64,2,115,8,0,0,0.04414884487607272,0.0013712270370572297,0.04414884487607651,0.09543226024840124,0.031088744326727275,0.9826430248935522,0.023646925328608032,0.9826430248935522,0.0
lines,3,64,3,114,9,0,0,0.009631306132297946,0.00037171700002721573,0.009631306132291684,0.05378015100836819,0.023646925328608032,0.9826430248935522,0.021886779448370322,0.9826430248935522,0.0
lines,3,64,4,115,8,0,0,0.005241433386735838,0.00015771426723969138,0.005241433386736105,0.011431337142298048,0.021886779448370322,0.9826430248935522,0.020246351595633417,0.9826430248935522,0.0
lines,3,64,5,114,9,0,0,0.0006483141735179852,3.454243643757195e-05,0.0006483141735174058,0.005241433386736105,0.020246351595633417,0.9826430248935522,0.020105175757053787,0.9826430248935522,0.0
lines,3,64,6,115,8,0,0,0.005085815468478319,0.00010189636702725825,0.005085815468476085,0.005085815468476085,0.020105175757053787,0.9826430248935522,0.01884862750318019,0.9826430248935522,0.0
lines,3,64,7,114,9,0,0,0.0021349384370756294,3.220100253071403e-05,0.0021349384370772384,0.005085815468476085,0.01884862750318019,0.9826430248935522,0.018019844876431886,0.9826430248935522,0.0
lines,3,64,8,114,9,0,0,0.0023261789971569177,2.3931348555013352e-05,0.0023261789971513736,0.0023261789971513736,0.018019844876431886,0.9826430248935522,0.017760797760871843,0.9826430248935522,0.0
lines,3,64,9,115,8,0,0,0.001082584141496104,2.028908241164483e-05,0.001082584141499865,0.00286162946242996,0.017760797760871843,0.9826430248935522,0.01745080644632733,0.9826430248935522,0.0
lines,3,64,10,114,9,0,0,0.00024134236965289713,2.6868735246171073e-06,0.00024134236964812317,0.001323926511147988,0.01745080644632733,0.9826430248935522,0.017421337860687985,0.9826430248935522,0.0
lines,3,64,11,113,10,0,0,0.00012218002710413095,1.404134623365238e-06,0.00012218002710540077,0.00024134236964812317,0.017421337860687985,0.9826430248935522,0.017407006373684177,0.9826430248935522,0.0
lines,3,64,12,112,11,0,0,2.5233848201721906e-06,8.241604778058123e-08,2.5233848184313956e-06,0.00012218002710540077,0.017407006373684177,0.9826430248935522,0.01740652956827394,0.9826430248935522,0.0
lines,3,64,13,111,12,0,0,5.452361407417422e-07,2.4155780866652454e-08,5.452361406810269e-07,3.0686209591124225e-06,0.01740652956827394,0.9826430248935522,0.017406402135598655,0.9826430248935522,0.0
lines,3,64,14,113,10,0,0,0.0002529802674607691,2.246303747804473e-06,0.00025298026746156665,0.00025298026746156665,0.017406402135598655,0.9826430248935522,0.01734173667931867,0.9826430248935522,0.0
lines,3,64,15,116,7,0,0,0.002701381585058088,3.695771234775043e-05,0.0027013815850587264,0.0027013815850587264,0.01734173667931867,0.9826430248935522,0.01677091196859623,0.9826430248935522,0.0
lines,3,64,16,115,8,0,0,5.4798478842273124e-05,1.3547123228131975e-06,5.479847884259925e-05,0.0027013815850587264,0.01677091196859623,0.9826430248935522,0.016744684318233838,0.9826430248935522,0.0
lines,3,64,17,116,7,0,0,2.742114538038798e-05,5.297667508633143e-07,2.742114537568341e-05,5.479847884259925e-05,0.016744684318233838,0.9826430248935522,0.01673575220367189,0.9826430248935522,0.0
lines,3,64,18,113,10,0,0,1.3398078842338443e-06,3.5208101723623465e-08,1.3398078841930783e-06,2.742114537568341e-05,0.01673575220367189,0.9826430248935522,0.01673550550653869,0.9826430248935522,0.0
lines,3,64,19,113,10,0,0,6.561315497215572e-07,1.2956132547579928e-08,6.561315508690768e-07,1.7517201946759542e-06,0.01673550550653869,0.9826430248935522,0.016735414885156945,0.9826430248935522,0.0
lines,3,64,20,112,11,0,0,1.4075371259150704e-07,3.4277563429458747e-09,1.407537126851821e-07,7.968852635542589e-07,0.016735414885156945,0.9826430248935522,0.016735393424210415,0.9826430248935522,0.0
lines,3,64,21,112,11,0,0,3.047313560343434e-08,1.0492345028952363e-09,3.0473135126385387e-08,1.712268478115675e-07,0.016735393424210415,0.9826430248935522,0.01673538742520037,0.9826430248935522,0.0
lines,3,64,22,112,11,0,0,9.772406495134334e-09,3.251211065041249e-10,9.772406883712392e-09,3.8598475526896436e-08,0.01673538742520037,0.9826430248935522,0.016735385861148908,0.9826430248935522,0.0
lines,3,64,23,112,11,0,0,2.830884702001435e-09,1.1157938828762357e-10,2.8308839716828516e-09,1.2603290855395244e-08,0.016735385861148908,0.9826430248935522,0.01673538531045719,0.9826430248935522,0.0
lines,3,64,24,112,11,0,0,7.597376287110658e-10,4.0346727636846495e-11,7.597371620704507e-10,3.5906211337533023e-09,0.01673538531045719,0.9826430248935522,0.016735385257965307,0.9826430248935522,0.0
lines,3,64,25,112,11,0,0,4.175822881924418e-10,2.1689702694639166e-11,4.175788603788533e-10,9.48340073136933e-10,0.016735385257965307,0.9826430248935522,0.016735385172151687,0.9826430248935522,0.0
lines,3,64,26,112,11,0,0,4.1757760443905667e-10,1.500585728421755e-11,4.175788603788533e-10,3.1026203828332655e-10,0.016735385172151687,0.9826430248935522,0.016735385209313922,0.9826430248935522,0.0
lines,3,64,27,112,11,0,0,4.175822881924418e-10,1.3877547250457437e-11,4.175788603788533e-10,1.4848389184862754e-10,0.016735385209313922,0.9826430248935522,0.016735385158719043,0.9826430248935522,0.0
lines,3,64,28,112,11,0,0,4.1757760443905667e-10,1.3226129350490994e-11,4.175788603788533e-10,5.027089855502709e-11,0.016735385158719043,0.9826430248935522,0.016735385211461895,0.9826430248935522,0.0
lines,3,64,29,112,11,0,0,4.175822881924418e-10,1.1966924556484358e-11,4.175788603788533e-10,9.821299329360045e-11,0.016735385211461895,0.9826430248935522,0.016735385155248122,0.9826430248935522,0.0
lines,3,64,30,112,11,0,0,4.1757760443905667e-10,1.3030531921488439e-11,4.175788603788533e-10,1.4848389184862754e-10,0.016735385155248122,0.9826430248935522,0.016735385210068482,0.9826430248935522,0.0
lines,3,64,31,112,11,0,0,4.175822881924418e-10,1.3276417357756303e-11,4.175788603788533e-10,5.027089855502709e-11,0.016735385210068482,0.9826430248935522,0.016735385158783256,0.9826430248935522,0.0
lines,3,64,32,112,11,0,0,4.1757760443905667e-10,1.2037070500968863e-11,4.175788603788533e-10,9.821299329360045e-11,0.016735385158783256,0.9826430248935522,0.01673538520626096,0.9826430248935522,0.0
lines,3,64,33,112,11,0,0,4.175822881924418e-10,1.3022476686561933e-11,4.175788603788533e-10,1.4848389184862754e-10,0.01673538520626096,0.9826430248935522,0.016735385157947397,0.9826430248935522,0.0
lines,3,64,34,112,11,0,0,4.1757760443905667e-10,1.3139763354291046e-11,4.175788603788533e-10,5.027089855502709e-11,0.016735385157947397,0.9826430248935522,0.016735385211439704,0.9826430248935522,0.0
lines,3,64,35,112,11,0,0,4.175822881924418e-10,1.2014407577843423e-11,4.175788603788533e-10,9.821299329360045e-11,0.016735385211439704,0.9826430248935522,0.016735385154343693,0.9826430248935522,0.0
lines,3,64,36,112,11,0,0,4.1757760443905667e-10,1.29980651002183e-11,4.175788603788533e-10,1.4848389184862754e-10,0.016735385154343693,0.9826430248935522,0.01673538521037306,0.9826430248935522,0.0
lines,3,64,37,112,11,0,0,4.175822881924418e-10,1.3204373672254889e-11,4.175788603788533e-10,5.027089855502709e-11,0.01673538521037306,0.9826430248935522,0.016735385159006518,0.9826430248935522,0.0
lines,3,64,38,112,11,0,0,4.1757760443905667e-10,1.1988109092504602e-11,4.175788603788533e-10,9.821299329360045e-11,0.016735385159006518,0.9826430248935522,0.01673538520662019,0.9826430248935522,0.0
lines,3,64,39,112,11,0,0,4.175822881924418e-10,1.2972105040843319e-11,4.175788603788533e-10,1.4848389184862754e-10,0.01673538520662019,0.9826430248935522,0.01673538515822788,0.9826430248935522,0.0
lines,3,64,40,112,11,0,0,4.1757760443905667e-10,1.3150254171955027e-11,4.175788603788533e-10,5.027089855502709e-11,0.01673538515822788,0.9826430248935522,0.016735385211122094,0.9826430248935522,0.0
lines,3,64,41,112,11,0,0,4.175822881924418e-10,1.1983687483716169e-11,4.175788603788533e-10,9.821299329360045e-11,0.016735385211122094,0.9826430248935522,0.016735385154669626,0.9826430248935522,0.0
lines,3,64,42,112,11,0,0,4.1757760443905667e-10,1.3068526237762947e-11,4.175788603788533e-10,1.4848389184862754e-10,0.016735385154669626,0.9826430248935522,0.016735385209849053,0.9826430248935522,0.0
lines,3,64,43,112,11,0,0,4.175822881924418e-10,1.3141612693425256e-11,4.175788603788533e-10,5.027089855502709e-11,0.016735385209849053,0.9826430248935522,0.01673538515899763,0.9826430248935522,0.0
lines,3,64,44,112,11,0,0,4.1757760443905667e-10,1.1986176114917084e-11,4.175788603788533e-10,9.821299329360045e-11,0.01673538515899763,0.9826430248935522,0.01673538520687339,0.9826430248935522,0.0
lines,3,64,45,112,11,0,0,4.175822881924418e-10,1.3017981506911795e-11,4.175788603788533e-10,1.4848389184862754e-10,0.01673538520687339,0.9826430248935522,0.01673538515785978,0.9826430248935522,0.0
lines,3,64,46,112,11,0,0,4.1757760443905667e-10,1.3148078410523886e-11,4.175788603788533e-10,5.027089855502709e-11,0.01673538515785978,0.9826430248935522,0.0167353852113777,0.9826430248935522,0.0
lines,3,64,47,112,11,0,0,4.175822881924418e-10,1.2050786432880927e-11,4.175788603788533e-10,9.821299329360045e-11,0.0167353852113777,0.9826430248935522,0.016735385154440202,0.9826430248935522,0.0
lines,3,64,48,112,11,0,0,4.1757760443905667e-10,1.2991683021572976e-11,4.175788603788533e-10,1.4848389184862754e-10,0.016735385154440202,0.9826430248935522,0.01673538521013628,0.9826430248935522,0.0
lines,3,64,49,112,11,0,0,4.175822881924418e-10,1.3122118351148906e-11,4.175788603788533e-10,5.027089855502709e-11,0.01673538521013628,0.9826430248935522,0.016735385159278113,0.9826430248935522,0.0
lines,3,64,50,112,11,0,0,4.1757760443905667e-10,1.1996666932581067e-11,4.175788603788533e-10,9.821299329360045e-11,0.016735385159278113,0.9826430248935522,0.016735385206555778,0.9826430248935522,0.0
lines,3,64,51,112,11,0,0,4.175822881924418e-10,1.2987261412784543e-11,4.175788603788533e-10,1.4848389184862754e-10,0.016735385206555778,0.9826430248935522,0.016735385158231305,0.9826430248935522,0.0
lines,3,64,52,112,11,0,0,4.1757760443905667e-10,1.3218539548068534e-11,4.175788603788533e-10,5.027089855502709e-11,0.016735385158231305,0.9826430248935522,0.016735385210899283,0.9826430248935522,0.0
lines,3,64,53,112,11,0,0,4.175822881924418e-10,1.1988025454051296e-11,4.175788603788533e-10,9.821299329360045e-11,0.016735385210899283,0.9826430248935522,0.01673538515443131,0.9826430248935522,0.0
lines,3,64,54,112,11,0,0,4.1757760443905667e-10,1.2989750043985458e-11,4.175788603788533e-10,1.4848389184862754e-10,0.01673538515443131,0.9826430248935522,0.01673538521038947,0.9826430248935522,0.0
lines,3,64,55,112,11,0,0,4.175822881924418e-10,1.3167994817217384e-11,4.175788603788533e-10,5.027089855502709e-11,0.01673538521038947,0.9826430248935522,0.016735385158910012,0.9826430248935522,0.0
lines,3,64,56,112,11,0,0,4.1757760443905667e-10,1.1994491171149926e-11,4.175788603788533e-10,9.821299329360045e-11,0.016735385158910012,0.9826430248935522,0.01673538520681138,0.9826430248935522,0.0
lines,3,64,57,112,11,0,0,4.175822881924418e-10,1.30543603619493e-11,4.175788603788533e-10,1.4848389184862754e-10,0.01673538520681138,0.9826430248935522,0.01673538515795629,0.9826430248935522,0.0
lines,3,64,58,112,11,0,0,4.1757760443905667e-10,1.3141696331878563e-11,4.175788603788533e-10,5.027089855502709e-11,0.01673538515795629,0.9826430248935522,0.016735385211186508,0.9826430248935522,0.0
lines,3,64,59,112,11,0,0,4.175822881924418e-10,1.1968531111774945e-11,4.175788603788533e-10,9.821299329360045e-11,0.016735385211186508,0.9826430248935522,0.016735385154711797,0.9826430248935522,0.0
lines,3,64,60,112,11,0,0,4.1757760443905667e-10,1.300024086164944e-11,4.175788603788533e-10,1.4848389184862754e-10,0.016735385154711797,0.9826430248935522,0.016735385210071858,0.9826430248935522,0.0
lines,3,64,61,112,11,0,0,4.175822881924418e-10,1.313727472309013e-11,4.175788603788533e-10,5.027089855502709e-11,0.016735385210071858,0.9826430248935522,0.016735385159235942,0.9826430248935522,0.0
lines,3,64,62,112,11,0,0,4.1757760443905667e-10,1.2064952308694574e-11,4.175788603788533e-10,9.821299329360045e-11,0.016735385159235942,0.9826430248935522,0.016735385206332967,0.9826430248935522,0.0
lines,3,64,63,112,11,0,0,4.175822881924418e-10,1.299159938311967e-11,4.175788603788533e-10,1.4848389184862754e-10,0.016735385206332967,0.9826430248935522,0.016735385157947397,0.9826430248935522,0.0
lines,3,64,64,112,11,0,0,4.1757760443905667e-10,1.3139763354291046e-11,4.175788603788533e-10,5.027089855502709e-11,0.016735385157947397,0.9826430248935522,0.016735385211439704,0.9826430248935522,0.0
lines,3,64,65,112,11,0,0,4.175822881924418e-10,1.2014407577843423e-11,4.175788603788533e-10,9.821299329360045e-11,0.016735385211439704,0.9826430248935522,0.016735385154343693,0.9826430248935522,0.0
lines,3,64,66,112,11,0,0,4.1757760443905667e-10,1.29980651002183e-11,4.175788603788533e-10,1.4848389184862754e-10,0.016735385154343693,0.9826430248935522,0.01673538521037306,0.9826430248935522,0.0
lines,3,64,67,112,11,0,0,4.175822881924418e-10,1.3204373672254889e-11,4.175788603788533e-10,5.027089855502709e-11,0.01673538521037306,0.9826430248935522,0.016735385159006518,0.9826430248935522,0.0
lines,3,64,68,112,11,0,0,4.1757760443905667e-10,1.1988109092504602e-11,4.175788603788533e-10,9.821299329360045e-11,0.016735385159006518,0.9826430248935522,0.01673538520662019,0.9826430248935522,0.0
lines,3,64,69,112,11,0,0,4.175822881924418e-10,1.2972105040843319e-11,4.175788603788533e-10,1.4848389184862754e-10,0.01673538520662019,0.9826430248935522,0.01673538515822788,0.9826430248935522,0.0
lines,3,64,70,112,11,0,0,4.1757760443905667e-10,1.3150254171955027e-11,4.175788603788533e-10,5.027089855502709e-11,0.01673538515822788,0.9826430248935522,0.016735385211122094,0.9826430248935522,0.0
lines,3,64,71,112,11,0,0,4.175822881924418e-10,1.1983687483716169e-11,4.175788603788533e-10,9.821299329360045e-11,0.016735385211122094,0.9826430248935522,0.016735385154669626,0.9826430248935522,0.0
lines,3,64,72,112,11,0,0,4.1757760443905667e-10,1.3068526237762947e-11,4.175788603788533e-10,1.4848389184862754e-10,0.016735385154669626,0.9826430248935522,0.016735385209849053,0.9826430248935522,0.0
lines,3,64,73,112,11,0,0,4.175822881924418e-10,1.3141612693425256e-11,4.175788603788533e-10,5.027089855502709e-11,0.016735385209849053,0.9826430248935522,0.01673538515899763,0.9826430248935522,0.0
lines,3,64,74,112,11,0,0,4.1757760443905667e-10,1.1986176114917084e-11,4.175788603788533e-10,9.821299329360045e-11,0.01673538515899763,0.9826430248935522,0.01673538520687339,0.9826430248935522,0.0
lines,3,64,75,112,11,0,0,4.175822881924418e-10,1.3017981506911795e-11,4.175788603788533e-10,1.4848389184862754e-10,0.01673538520687339,0.9826430248935522,0.01673538515785978,0.9826430248935522,0.0
lines,3,64,76,112,11,0,0,4.1757760443905667e-10,1.3148078410523886e-11,4.175788603788533e-10,5.027089855502709e-11,0.01673538515785978,0.9826430248935522,0.0167353852113777,0.9826430248935522,0.0
lines,3,64,77,112,11,0,0,4.175822881924418e-10,1.2050786432880927e-11,4.175788603788533e-10,9.821299329360045e-11,0.0167353852113777,0.9826430248935522,0.016735385154440202,0.9826430248935522,0.0
lines,3,64,78,112,11,0,0,4.1757760443905667e-10,1.2991683021572976e-11,4.175788603788533e-10,1.4848389184862754e-10,0.016735385154440202,0.9826430248935522,0.01673538521013628,0.9826430248935522,0.0
lines,3,64,79,112,11,0,0,4.175822881924418e-10,1.3122118351148906e-11,4.175788603788533e-10,5.027089855502709e-11,0.01673538521013628,0.9826430248935522,0.016735385159278113,0.9826430248935522,0.0
lines,3,64,80,112,11,0,0,4.1757760443905667e-10,1.1996666932581067e-11,4.175788603788533e-10,9.821299329360045e-11,0.016735385159278113,0.9826430248935522,0.016735385206555778,0.9826430248935522,0.0
lines,3,64,81,112,11,0,0,4.175822881924418e-10,1.2987261412784543e-11,4.175788603788533e-10,1.4848389184862754e-10,0.016735385206555778,0.9826430248935522,0.016735385158231305,0.9826430248935522,0.0
lines,3,64,82,112,11,0,0,4.1757760443905667e-10,1.3218539548068534e-11,4.175788603788533e-10,5.027089855502709e-11,0.016735385158231305,0.9826430248935522,0.016735385210899283,0.9826430248935522,0.0
lines,3,64,83,112,11,0,0,4.175822881924418e-10,1.1988025454051296e-11,4.175788603788533e-10,9.821299329360045e-11,0.016735385210899283,0.9826430248935522,0.01673538515443131,0.9826430248935522,0.0
lines,3,64,84,112,11,0,0,4.1757760443905667e-10,1.2989750043985458e-11,4.175788603788533e-10,1.4848389184862754e-10,0.01673538515443131,0.9826430248935522,0.01673538521038947,0.9826430248935522,0.0
lines,3,64,85,112,11,0,0,4.175822881924418e-10,1.3167994817217384e-11,4.175788603788533e-10,5.027089855502709e-11,0.01673538521038947,0.9826430248935522,0.016735385158910012,0.9826430248935522,0.0
lines,3,64,86,112,11,0,0,4.1757760443905667e-10,1.1994491171149926e-11,4.175788603788533e-10,9.821299329360045e-11,0.016735385158910012,0.9826430248935522,0.01673538520681138,0.9826430248935522,0.0
lines,3,64,87,112,11,0,0,4.175822881924418e-10,1.30543603619493e-11,4.175788603788533e-10,1.4848389184862754e-10,0.01673538520681138,0.9826430248935522,0.01673538515795629,0.9826430248935522,0.0
lines,3,64,88,112,11,0,0,4.1757760443905667e-10,1.3141696331878563e-11,4.175788603788533e-10,5.027089855502709e-11,0.01673538515795629,0.9826430248935522,0.016735385211186508,0.9826430248935522,0.0
lines,3,64,89,112,11,0,0,4.175822881924418e-10,1.1968531111774945e-11,4.175788603788533e-10,9.821299329360045e-11,0.016735385211186508,0.9826430248935522,0.016735385154711797,0.9826430248935522,0.0
lines,3,64,90,112,11,0,0,4.1757760443905667e-10,1.300024086164944e-11,4.175788603788533e-10,1.4848389184862754e-10,0.016735385154711797,0.9826430248935522,0.016735385210071858,0.9826430248935522,0.0
lines,3,64,91,112,11,0,0,4.175822881924418e-10,1.313727472309013e-11,4.175788603788533e-10,5.027089855502709e-11,0.016735385210071858,0.9826430248935522,0.016735385159235942,0.9826430248935522,0.0
lines,3,64,92,112,11,0,0,4.1757760443905667e-10,1.2064952308694574e-11,4.175788603788533e-10,9.821299329360045e-11,0.016735385159235942,0.9826430248935522,0.016735385206332967,0.9826430248935522,0.0
lines,3,64,93,112,11,0,0,4.175822881924418e-10,1.299159938311967e-11,4.175788603788533e-10,1.4848389184862754e-10,0.016735385206332967,0.9826430248935522,0.016735385157947397,0.9826430248935522,0.0
lines,3,64,94,112,11,0,0,4.1757760443905667e-10,1.3139763354291046e-11,4.175788603788533e-10,5.027089855502709e-11,0.016735385157947397,0.9826430248935522,0.016735385211439704,0.9826430248935522,0.0
lines,3,64,95,112,11,0,0,4.175822881924418e-10,1.2014407577843423e-11,4.175788603788533e-10,9.821299329360045e-11,0.016735385211439704,0.9826430248935522,0.016735385154343693,0.9826430248935522,0.0
lines,3,64,96,112,11,0,0,4.1757760443905667e-10,1.29980651002183e-11,4.175788603788533e-10,1.4848389184862754e-10,0.016735385154343693,0.9826430248935522,0.01673538521037306,0.9826430248935522,0.0
lines,3,64,97,112,11,0,0,4.175822881924418e-10,1.3204373672254889e-11,4.175788603788533e-10,5.027089855502709e-11,0.01673538521037306,0.9826430248935522,0.016735385159006518,0.9826430248935522,0.0
lines,3,64,98,112,11,0,0,4.1757760443905667e-10,1.1988109092504602e-11,4.175788603788533e-10,9.821299329360045e-11,0.016735385159006518,0.9826430248935522,0.01673538520662019,0.9826430248935522,0.0
lines,3,64,99,112,11,0,0,4.175822881924418e-10,1.2972105040843319e-11,4.175788603788533e-10,1.4848389184862754e-10,0.01673538520662019,0.9826430248935522,0.01673538515822788,0.9826430248935522,0.0
lines,3,64,100,112,11,0,0,4.1757760443905667e-10,1.3150254171955027e-11,4.175788603788533e-10,5.027089855502709e-11,0.01673538515822788,0.9826430248935522,0.016735385211122094,0.9826430248935522,0.0
lines,4,64,1,101,2,26,0,1.5403522236900016,0.059224121976486424,1.5403522236900002,0.0,0.09719949823213704,0.9415152675007975,0.045480992559622416,0.7907312683744302,3.3306690738754696e-16
lines,4,64,2,102,1,31,1,1.4684436121664783,0.03904271030725929,1.4684436121664817,1.4656868483809689,0.045480992559622416,0.7907312683744302,0.023108302607968787,0.3198686169818272,2.220446049250313e-16
lines,4,64,3,101,2,32,3,1.3550913670644262,0.023515939138244138,1.355091367064432,1.3528253160437629,0.023108302607968787,0.3198686169818272,0.015336211773982514,0.6240009767019224,0.0
lines,4,64,4,103,0,33,2,1.4257437491618101,0.021620156374072476,1.4257437491618106,1.4257402139178197,0.015336211773982514,0.6240009767019224,0.012243556561734667,0.7143784068367859,1.1102230246251565e-16
lines,4,64,5,103,0,35,1,0.3383607856314884,0.006976697282550766,0.33836078563149385,1.0873829635303167,0.012243556561734667,0.7143784068367859,0.004456815542406307,0.15995521841030133,2.220446049250313e-16
lines,4,64,6,103,0,35,0,0.03172443043919747,0.0010663214845638422,0.031724430439197704,0.3180947468824371,0.004456815542406307,0.15995521841030133,0.0011841188831853396,0.04754847582832857,2.7755575615628914e-17
lines,4,64,7,103,0,35,0,0.00942689738269364,0.00021684398014740948,0.009426897382695643,0.029658181785180204,0.0011841188831853396,0.04754847582832857,0.00029483311647755215,0.015131985169577238,1.1102230246251565e-16
lines,4,64,8,103,0,35,0,0.0022264204140199674,3.8590109341222615e-05,0.0022264204140185484,0.009444275404788982,0.00029483311647755215,0.015131985169577238,4.824786661056508e-05,0.002034772370280967,2.220446049250313e-16
lines,4,64,9,103,0,35,0,0.00019027289102774292,7.500126032264268e-06,0.00019027289103235034,0.0022561809945074174,4.824786661056508e-05,0.002034772370280967,1.6728300185393913e-05,0.0008474872173133742,2.220446049250313e-16
lines,4,64,10,103,0,35,0,0.00011922664354731966,3.139647718445008e-06,0.0001192266435481315,0.00022419921758398687,1.6728300185393913e-05,0.0008474872173133742,4.697465344293159e-06,0.00015106277644629385,1.1102230246251565e-16
lines,4,64,11,103,0,35,0,2.4255359316015246e-05,9.313012863661371e-07,2.4255359321045944e-05,0.00014348200286917745,4.697465344293159e-06,0.00015106277644629385,1.4456323458375812e-06,3.968910930840741e-05,2.7755575615628914e-17
lines,4,64,12,103,0,35,0,6.276612160571737e-06,2.797651457584141e-07,6.276612154465511e-06,3.0531971475511455e-05,1.4456323458375812e-06,3.968910930840741e-05,4.634253265254618e-07,8.874617975413844e-06,2.220446049250313e-16
lines,4,64,13,103,0,35,0,1.4389936207892529e-06,8.772424450349716e-08,1.4389936211500753e-06,7.715605775615586e-06,4.634253265254618e-07,8.874617975413844e-06,1.4374240525742324e-07,3.348502771863771e-06,1.1102230246251565e-16
lines,4,64,14,103,0,35,0,4.1497132405657333e-07,2.694011024093441e-08,4.149713248580156e-07,1.7773579514823723e-06,1.4374240525742324e-07,3.348502771863771e-06,4.495645829797577e-08,1.0947008672646298e-06,1.1102230246251565e-16
lines,4,64,15,103,0,35,0,1.2018910242050929e-07,8.625560816688499e-09,1.20189099561685e-07,5.351604244197006e-07,4.495645829797577e-08,1.0947008672646298e-06,1.4152282704173362e-08,3.1708480802473786e-07,2.220446049250313e-16
lines,4,64,16,103,0,35,0,3.3289162008551254e-08,2.782761820264255e-09,3.328916875489085e-08,1.5317969825900946e-07,1.4152282704173362e-08,3.1708480802473786e-07,4.414941149042745e-09,8.705460096354971e-08,1.1102230246251565e-16
lines,4,64,17,103,0,35,0,1.3051468759905926e-08,8.891804661898348e-10,1.3051462133262248e-08,4.5399289660963404e-08,4.414941149042745e-09,8.705460096354971e-08,1.4291552749040247e-09,2.3068235357413302e-08,2.7755575615628914e-17
lines,4,64,18,103,0,35,0,4.497778018086596e-09,2.8068649698114776e-10,4.49777814992558e-09,1.7549240283187828e-08,1.4291552749040247e-09,2.3068235357413302e-08,5.168070217730048e-10,6.039384959283013e-09,1.1102230246251565e-16
lines,4,64,19,103,0,35,0,1.4231723438618005e-09,8.444530145012283e-11,1.423174467163335e-09,5.920952617088915e-09,5.168070217730048e-10,6.039384959283013e-09,2.4653723640588744e-10,2.7522708457580395e-09,2.220446049250313e-16
lines,4,64,20,103,0,35,0,3.639999759941226e-10,2.7251214764911606e-11,3.639968326751841e-10,1.7871712998385192e-09,2.4653723640588744e-10,2.7522708457580395e-09,1.40594234982739e-10,2.511022891985088e-09,2.220446049250313e-16
lines,4,64,21,103,0,35,0,1.8323727951630175e-10,1.1202330317080931e-11,1.8323831341149344e-10,5.06020114698913e-10,1.40594234982739e-10,2.511022891985088e-09,1.267972583073075e-10,2.511022891985088e-09,2.7755575615628914e-17
lines,4,64,22,103,0,35,0,1.727781112625948e-10,4.603067269985702e-12,1.7277912434110476e-10,1.780904312909115e-10,1.267972583073075e-10,2.511022891985088e-09,1.1217231264202509e-10,2.511022891985088e-09,2.7755575615628914e-17
lines,4,64,23,103,0,35,0,2.4997018344130595e-11,1.4450486553037605e-12,2.4996893444040325e-11,1.8323831341149344e-10,1.1217231264202509e-10,2.511022891985088e-09,1.113667285987519e-10,2.511022891985088e-09,2.7755575615628914e-17
lines,4,64,24,103,0,35,0,1.8323727951630175e-10,2.7738766271461516e-12,1.8323831341149344e-10,1.7277912434110476e-10,1.113667285987519e-10,2.511022891985088e-09,1.2224697223571502e-10,2.511022891985088e-09,2.220446049250313e-16
lines,4,64,25,103,0,35,0,1.727781112625948e-10,2.6844021586565305e-12,1.7277912434110476e-10,2.4996893444040325e-11,1.2224697223571502e-10,2.511022891985088e-09,1.1157809350792575e-10,2.511022891985088e-09,2.7755575615628914e-17
lines,4,64,26,103,0,35,0,2.4997018344130595e-11,6.323163911294558e-13,2.4996893444040325e-11,1.8323831341149344e-10,1.1157809350792575e-10,2.511022891985088e-09,1.1112034494594802e-10,2.511022891985088e-09,2.7755575615628914e-17
lines,4,64,27,103,0,35,0,1.8323727951630175e-10,2.6349662237733314e-12,1.8323831341149344e-10,1.7277912434110476e-10,1.1112034494594802e-10,2.511022891985088e-09,1.2313825198866041e-10,2.511022891985088e-09,2.7755575615628914e-17
lines,4,64,28,103,0,35,0,1.727781112625948e-10,2.67374739864671e-12,1.7277912434110476e-10,2.4996893444040325e-11,1.2313825198866041e-10,2.511022891985088e-09,1.1125193518880236e-10,2.511022891985088e-09,2.7755575615628914e-17
lines,4,64,29,103,0,35,0,2.4997018344130595e-11,6.322944965613123e-13,2.4996893444040325e-11,1.8323831341149344e-10,1.1125193518880236e-10,2.511022891985088e-09,1.1144650326507141e-10,2.511022891985088e-09,2.7755575615628914e-17
lines,4,64,30,103,0,35,0,1.8323727951630175e-10,2.6349881183414747e-12,1.8323831341149344e-10,1.7277912434110476e-10,1.1144650326507141e-10,2.511022891985088e-09,1.2281209366953702e-10,2.511022891985088e-09,2.7755575615628914e-17
lines,4,64,31,103,0,35,0,1.727781112625948e-10,2.6737255040785663e-12,1.7277912434110476e-10,2.4996893444040325e-11,1.2281209366953702e-10,2.511022891985088e-09,1.1157809350792575e-10,2.511022891985088e-09,2.7755575615628914e-17
lines,4,64,32,103,0,35,0,2.4997018344130595e-11,6.323163911294558e-13,2.4996893444040325e-11,1.8323831341149344e-10,1.1157809350792575e-10,2.511022891985088e-09,1.1112034494594802e-10,2.511022891985088e-09,2.7755575615628914e-17
lines,4,64,33,103,0,35,0,1.8323727951630175e-10,2.6349662237733314e-12,1.8323831341149344e-10,1.7277912434110476e-10,1.1112034494594802e-10,2.511022891985088e-09,1.2313825198866041e-10,2.511022891985088e-09,2.7755575615628914e-17
lines,4,64,34,103,0,35,0,1.727781112625948e-10,2.67374739864671e-12,1.7277912434110476e-10,2.4996893444040325e-11,1.2313825198866041e-10,2.511022891985088e-09,1.1125193518880236e-10,2.511022891985088e-09,2.7755575615628914e-17
lines,4,64,35,103,0,35,0,2.4997018344130595e-11,6.322944965613123e-13,2.4996893444040325e-11,1.8323831341149344e-10,1.1125193518880236e-10,2.511022891985088e-09,1.1144650326507141e-10,2.511022891985088e-09,2.7755575615628914e-17
lines,4,64,36,103,0,35,0,1.8323727951630175e-10,2.6349881183414747e-12,1.8323831341149344e-10,1.7277912434110476e-10,1.1144650326507141e-10,2.511022891985088e-09,1.2281209366953702e-10,2.511022891985088e-09,2.7755575615628914e-17
lines,4,64,37,103,0,35,0,1.727781112625948e-10,2.6737255040785663e-12,1.7277912434110476e-10,2.4996893444040325e-11,1.2281209366953702e-10,2.511022891985088e-09,1.1157809350792575e-10,2.511022891985088e-09,2.7755575615628914e-17
lines,4,64,38,103,0,35,0,2.4997018344130595e-11,6.323163911294558e-13,2.4996893444040325e-11,1.8323831341149344e-10,1.1157809350792575e-10,2.511022891985088e-09,1.1112034494594802e-10,2.511022891985088e-09,2.7755575615628914e-17
lines,4,64,39,103,0,35,0,1.8323727951630175e-10,2.6349662237733314e-12,1.8323831341149344e-10,1.7277912434110476e-10,1.1112034494594802e-10,2.511022891985088e-09,1.2313825198866041e-10,2.511022891985088e-09,2.7755575615628914e-17
lines,4,64,40,103,0,35,0,1.727781112625948e-10,2.67374739864671e-12,1.7277912434110476e-10,2.4996893444040325e-11,1.2313825198866041e-10,2.511022891985088e-09,1.1125193518880236e-10,2.511022891985088e-09,2.7755575615628914e-17
lines,4,64,41,103,0,35,0,2.4997018344130595e-11,6.322944965613123e-13,2.4996893444040325e-11,1.8323831341149344e-10,1.1125193518880236e-10,2.511022891985088e-09,1.1144650326507141e-10,2.511022891985088e-09,2.7755575615628914e-17
lines,4,64,42,103,0,35,0,1.8323727951630175e-10,2.6349881183414747e-12,1.8323831341149344e-10,1.7277912434110476e-10,1.1144650326507141e-10,2.511022891985088e-09,1.2281209366953702e-10,2.511022891985088e-09,2.7755575615628914e-17
lines,4,64,43,103,0,35,0,1.727781112625948e-10,2.6737255040785663e-12,1.7277912434110476e-10,2.4996893444040325e-11,1.2281209366953702e-10,2.511022891985088e-09,1.1157809350792575e-10,2.511022891985088e-09,2.7755575615628914e-17
lines,4,64,44,103,0,35,0,2.4997018344130595e-11,6.323163911294558e-13,2.4996893444040325e-11,1.8323831341149344e-10,1.1157809350792575e-10,2.511022891985088e-09,1.1112034494594802e-10,2.511022891985088e-09,2.7755575615628914e-17
lines,4,64,45,103,0,35,0,1.8323727951630175e-10,2.6349662237733314e-12,1.8323831341149344e-10,1.7277912434110476e-10,1.1112034494594802e-10,2.511022891985088e-09,1.2313825198866041e-10,2.511022891985088e-09,2.7755575615628914e-17
lines,4,64,46,103,0,35,0,1.727781112625948e-10,2.67374739864671e-12,1.7277912434110476e-10,2.4996893444040325e-11,1.2313825198866041e-10,2.511022891985088e-09,1.1125193518880236e-10,2.511022891985088e-09,2.7755575615628914e-17
lines,4,64,47,103,0,35,0,2.4997018344130595e-11,6.322944965613123e-13,2.4996893444040325e-11,1.8323831341149344e-10,1.1125193518880236e-10,2.511022891985088e-09,1.1144650326507141e-10,2.511022891985088e-09,2.7755575615628914e-17
lines,4,64,48,103,0,35,0,1.8323727951630175e-10,2.6349881183414747e-12,1.8323831341149344e-10,1.7277912434110476e-10,1.1144650326507141e-10,2.511022891985088e-09,1.2281209366953702e-10,2.511022891985088e-09,2.7755575615628914e-17
lines,4,64,49,103,0,35,0,1.727781112625948e-10,2.6737255040785663e-12,1.7277912434110476e-10,2.4996893444040325e-11,1.2281209366953702e-10,2.511022891985088e-09,1.1157809350792575e-10,2.511022891985088e-09,2.7755575615628914e-17
lines,4,64,50,103,0,35,0,2.4997018344130595e-11,6.323163911294558e-13,2.4996893444040325e-11,1.8323831341149344e-10,1.1157809350792575e-10,2.511022891985088e-09,1.1112034494594802e-10,2.511022891985088e-09,2.7755575615628914e-17
lines,4,64,51,103,0,35,0,1.8323727951630175e-10,2.6349662237733314e-12,1.8323831341149344e-10,1.7277912434110476e-10,1.1112034494594802e-10,2.511022891985088e-09,1.2313825198866041e-10,2.511022891985088e-09,2.7755575615628914e-17
lines,4,64,52,103,0,35,0,1.727781112625948e-10,2.67374739864671e-12,1.7277912434110476e-10,2.4996893444040325e-11,1.2313825198866041e-10,2.511022891985088e-09,1.1125193518880236e-10,2.511022891985088e-09,2.7755575615628914e-17
lines,4,64,53,103,0,35,0,2.4997018344130595e-11,6.322944965613123e-13,2.4996893444040325e-11,1.8323831341149344e-10,1.1125193518880236e-10,2.511022891985088e-09,1.1144650326507141e-10,2.511022891985088e-09,2.7755575615628914e-17
lines,4,64,54,103,0,35,0,1.8323727951630175e-10,2.6349881183414747e-12,1.8323831341149344e-10,1.7277912434110476e-10,1.1144650326507141e-10,2.511022891985088e-09,1.2281209366953702e-10,2.511022891985088e-09,2.7755575615628914e-17
lines,4,64,55,103,0,35,0,1.727781112625948e-10,2.6737255040785663e-12,1.7277912434110476e-10,2.4996893444040325e-11,1.2281209366953702e-10,2.511022891985088e-09,1.1157809350792575e-10,2.511022891985088e-09,2.7755575615628914e-17
lines,4,64,56,103,0,35,0,2.4997018344130595e-11,6.323163911294558e-13,2.4996893444040325e-11,1.8323831341149344e-10,1.1157809350792575e-10,2.511022891985088e-09,1.1112034494594802e-10,2.511022891985088e-09,2.7755575615628914e-17
lines,4,64,57,103,0,35,0,1.8323727951630175e-10,2.6349662237733314e-12,1.8323831341149344e-10,1.7277912434110476e-10,1.1112034494594802e-10,2.511022891985088e-09,1.2313825198866041e-10,2.511022891985088e-09,2.7755575615628914e-17
lines,4,64,58,103,0,35,0,1.727781112625948e-10,2.67374739864671e-12,1.7277912434110476e-10,2.4996893444040325e-11,1.2313825198866041e-10,2.511022891985088e-09,1.1125193518880236e-10,2.511022891985088e-09,2.7755575615628914e-17
lines,4,64,59,103,0,35,0,2.4997018344130595e-11,6.322944965613123e-13,2.4996893444040325e-11,1.8323831341149344e-10,1.1125193518880236e-10,2.511022891985088e-09,1.1144650326507141e-10,2.511022891985088e-09,2.7755575615628914e-17
lines,4,64,60,103,0,35,0,1.8323727951630175e-10,2.6349881183414747e-12,1.8323831341149344e-10,1.7277912434110476e-10,1.1144650326507141e-10,2.511022891985088e-09,1.2281209366953702e-10,2.511022891985088e-09,2.7755575615628914e-17
lines,4,64,61,103,0,35,0,1.727781112625948e-10,2.6737255040785663e-12,1.7277912434110476e-10,2.4996893444040325e-11,1.2281209366953702e-10,2.511022891985088e-09,1.1157809350792575e-10,2.511022891985088e-09,2.7755575615628914e-17
lines,4,64,62,103,0,35,0,2.4997018344130595e-11,6.323163911294558e-13,2.4996893444040325e-11,1.8323831341149344e-10,1.1157809350792575e-10,2.511022891985088e-09,1.1112034494594802e-10,2.511022891985088e-09,2.7755575615628914e-17
lines,4,64,63,103,0,35,0,1.8323727951630175e-10,2.6349662237733314e-12,1.8323831341149344e-10,1.7277912434110476e-10,1.1112034494594802e-10,2.511022891985088e-09,1.2313825198866041e-10,2.511022891985088e-09,2.7755575615628914e-17
lines,4,64,64,103,0,35,0,1.727781112625948e-10,2.67374739864671e-12,1.7277912434110476e-10,2.4996893444040325e-11,1.2313825198866041e-10,2.511022891985088e-09,1.1125193518880236e-10,2.511022891985088e-09,2.7755575615628914e-17
lines,4,64,65,103,0,35,0,2.4997018344130595e-11,6.322944965613123e-13,2.4996893444040325e-11,1.8323831341149344e-10,1.1125193518880236e-10,2.511022891985088e-09,1.1144650326507141e-10,2.511022891985088e-09,2.7755575615628914e-17
lines,4,64,66,103,0,35,0,1.8323727951630175e-10,2.6349881183414747e-12,1.8323831341149344e-10,1.7277912434110476e-10,1.1144650326507141e-10,2.511022891985088e-09,1.2281209366953702e-10,2.511022891985088e-09,2.7755575615628914e-17
lines,4,64,67,103,0,35,0,1.727781112625948e-10,2.6737255040785663e-12,1.7277912434110476e-10,2.4996893444040325e-11,1.2281209366953702e-10,2.511022891985088e-09,1.1157809350792575e-10,2.511022891985088e-09,2.7755575615628914e-17
lines,4,64,68,103,0,35,0,2.4997018344130595e-11,6.323163911294558e-13,2.4996893444040325e-11,1.8323831341149344e-10,1.1157809350792575e-10,2.511022891985088e-09,1.1112034494594802e-10,2.511022891985088e-09,2.7755575615628914e-17
lines,4,64,69,103,0,35,0,1.8323727951630175e-10,2.6349662237733314e-12,1.8323831341149344e-10,1.7277912434110476e-10,1.1112034494594802e-10,2.511022891985088e-09,1.2313825198866041e-10,2.511022891985088e-09,2.7755575615628914e-17
lines,4,64,70,103,0,35,0,1.727781112625948e-10,2.67374739864671e-12,1.7277912434110476e-10,2.4996893444040325e-11,1.2313825198866041e-10,2.511022891985088e-09,1.1125193518880236e-10,2.511022891985088e-09,2.7755575615628914e-17
lines,4,64,71,103,0,35,0,2.4997018344130595e-11,6.322944965613123e-13,2.4996893444040325e-11,1.8323831341149344e-10,1.1125193518880236e-10,2.511022891985088e-09,1.1144650326507141e-10,2.511022891985088e-09,2.7755575615628914e-17
lines,4,64,72,103,0,35,0,1.8323727951630175e-10,2.6349881183414747e-12,1.8323831341149344e-10,1.7277912434110476e-10,1.1144650326507141e-10,2.511022891985088e-09,1.2281209366953702e-10,2.511022891985088e-09,2.7755575615628914e-17
lines,4,64,73,103,0,35,0,1.727781112625948e-10,2.6737255040785663e-12,1.7277912434110476e-10,2.4996893444040325e-11,1.2281209366953702e-10,2.511022891985088e-09,1.1157809350792575e-10,2.511022891985088e-09,2.7755575615628914e-17
lines,4,64,74,103,0,35,0,2.4997018344130595e-11,6.323163911294558e-13,2.4996893444040325e-11,1.8323831341149344e-10,1.1157809350792575e-10,2.511022891985088e-09,1.1112034494594802e-10,2.511022891985088e-09,2.7755575615628914e-17
lines,4,64,75,103,0,35,0,1.8323727951630175e-10,2.6349662237733314e-12,1.8323831341149344e-10,1.7277912434110476e-10,1.1112034494594802e-10,2.511022891985088e-09,1.2313825198866041e-10,2.511022891985088e-09,2.7755575615628914e-17
lines,4,64,76,103,0,35,0,1.727781112625948e-10,2.67374739864671e-12,1.7277912434110476e-10,2.4996893444040325e-11,1.2313825198866041e-10,2.511022891985088e-09,1.1125193518880236e-10,2.511022891985088e-09,2.7755575615628914e-17
lines,4,64,77,103,0,35,0,2.4997018344130595e-11,6.322944965613123e-13,2.4996893444040325e-11,1.8323831341149344e-10,1.1125193518880236e-10,2.511022891985088e-09,1.1144650326507141e-10,2.511022891985088e-09,2.7755575615628914e-17
lines,4,64,78,103,0,35,0,1.8323727951630175e-10,2.6349881183414747e-12,1.8323831341149344e-10,1.7277912434110476e-10,1.1144650326507141e-10,2.511022891985088e-09,1.2281209366953702e-10,2.511022891985088e-09,2.7755575615628914e-17
lines,4,64,79,103,0,35,0,1.727781112625948e-10,2.6737255040785663e-12,1.7277912434110476e-10,2.4996893444040325e-11,1.2281209366953702e-10,2.511022891985088e-09,1.1157809350792575e-10,2.511022891985088e-09,2.7755575615628914e-17
lines,4,64,80,103,0,35,0,2.4997018344130595e-11,6.323163911294558e-13,2.4996893444040325e-11,1.8323831341149344e-10,1.1157809350792575e-10,2.511022891985088e-09,1.1112034494594802e-10,2.511022891985088e-09,2.7755575615628914e-17
lines,4,64,81,103,0,35,0,1.8323727951630175e-10,2.6349662237733314e-12,1.8323831341149344e-10,1.7277912434110476e-10,1.1112034494594802e-10,2.511022891985088e-09,1.2313825198866041e-10,2.511022891985088e-09,2.7755575615628914e-17
lines,4,64,82,103,0,35,0,1.727781112625948e-10,2.67374739864671e-12,1.7277912434110476e-10,2.4996893444040325e-11,1.2313825198866041e-10,2.511022891985088e-09,1.1125193518880236e-10,2.511022891985088e-09,2.7755575615628914e-17
lines,4,64,83,103,0,35,0,2.4997018344130595e-11,6.322944965613123e-13,2.4996893444040325e-11,1.8323831341149344e-10,1.1125193518880236e-10,2.511022891985088e-09,1.1144650326507141e-10,2.511022891985088e-09,2.7755575615628914e-17
lines,4,64,84,103,0,35,0,1.8323727951630175e-10,2.6349881183414747e-12,1.8323831341149344e-10,1.7277912434110476e-10,1.1144650326507141e-10,2.511022891985088e-09,1.2281209366953702e-10,2.511022891985088e-09,2.7755575615628914e-17
lines,4,64,85,103,0,35,0,1.727781112625948e-10,2.6737255040785663e-12,1.7277912434110476e-10,2.4996893444040325e-11,1.2281209366953702e-10,2.511022891985088e-09,1.1157809350792575e-10,2.511022891985088e-09,2.7755575615628914e-17
lines,4,64,86,103,0,35,0,2.4997018344130595e-11,6.323163911294558e-13,2.4996893444040325e-11,1.8323831341149344e-10,1.1157809350792575e-10,2.511022891985088e-09,1.1112034494594802e-10,2.511022891985088e-09,2.7755575615628914e-17
lines,4,64,87,103,0,35,0,1.8323727951630175e-10,2.6349662237733314e-12,1.8323831341149344e-10,1.7277912434110476e-10,1.1112034494594802e-10,2.511022891985088e-09,1.2313825198866041e-10,2.511022891985088e-09,2.7755575615628914e-17
lines,4,64,88,103,0,35,0,1.727781112625948e-10,2.67374739864671e-12,1.7277912434110476e-10,2.4996893444040325e-11,1.2313825198866041e-10,2.511022891985088e-09,1.1125193518880236e-10,2.511022891985088e-09,2.7755575615628914e-17
lines,4,64,89,103,0,35,0,2.4997018344130595e-11,6.322944965613123e-13,2.4996893444040325e-11,1.8323831341149344e-10,1.1125193518880236e-10,2.511022891985088e-09,1.1144650326507141e-10,2.511022891985088e-09,2.7755575615628914e-17
lines,4,64,90,103,0,35,0,1.8323727951630175e-10,2.6349881183414747e-12,1.8323831341149344e-10,1.7277912434110476e-10,1.1144650326507141e-10,2.511022891985088e-09,1.2281209366953702e-10,2.511022891985088e-09,2.7755575615628914e-17
lines,4,64,91,103,0,35,0,1.727781112625948e-10,2.6737255040785663e-12,1.7277912434110476e-10,2.4996893444040325e-11,1.2281209366953702e-10,2.511022891985088e-09,1.1157809350792575e-10,2.511022891985088e-09,2.7755575615628914e-17
lines,4,64,92,103,0,35,0,2.4997018344130595e-11,6.323163911294558e-13,2.4996893444040325e-11,1.8323831341149344e-10,1.1157809350792575e-10,2.511022891985088e-09,1.1112034494594802e-10,2.511022891985088e-09,2.7755575615628914e-17
lines,4,64,93,103,0,35,0,1.8323727951630175e-10,2.6349662237733314e-12,1.8323831341149344e-10,1.7277912434110476e-10,1.1112034494594802e-10,2.511022891985088e-09,1.2313825198866041e-10,2.511022891985088e-09,2.7755575615628914e-17
lines,4,64,94,103,0,35,0,1.727781112625948e-10,2.67374739864671e-12,1.7277912434110476e-10,2.4996893444040325e-11,1.2313825198866041e-10,2.511022891985088e-09,1.1125193518880236e-10,2.511022891985088e-09,2.7755575615628914e-17
lines,4,64,95,103,0,35,0,2.4997018344130595e-11,6.322944965613123e-13,2.4996893444040325e-11,1.8323831341149344e-10,1.1125193518880236e-10,2.511022891985088e-09,1.1144650326507141e-10,2.511022891985088e-09,2.7755575615628914e-17
lines,4,64,96,103,0,35,0,1.8323727951630175e-10,2.6349881183414747e-12,1.8323831341149344e-10,1.7277912434110476e-10,1.1144650326507141e-10,2.511022891985088e-09,1.2281209366953702e-10,2.511022891985088e-09,2.7755575615628914e-17
lines,4,64,97,103,0,35,0,1.727781112625948e-10,2.6737255040785663e-12,1.7277912434110476e-10,2.4996893444040325e-11,1.2281209366953702e-10,2.511022891985088e-09,1.1157809350792575e-10,2.511022891985088e-09,2.7755575615628914e-17
lines,4,64,98,103,0,35,0,2.4997018344130595e-11,6.323163911294558e-13,2.4996893444040325e-11,1.8323831341149344e-10,1.1157809350792575e-10,2.511022891985088e-09,1.1112034494594802e-10,2.511022891985088e-09,2.7755575615628914e-17
lines,4,64,99,103,0,35,0,1.8323727951630175e-10,2.6349662237733314e-12,1.8323831341149344e-10,1.7277912434110476e-10,1.1112034494594802e-10,2.511022891985088e-09,1.2313825198866041e-10,2.511022891985088e-09,2.7755575615628914e-17
lines,4,64,100,103,0,35,0,1.727781112625948e-10,2.67374739864671e-12,1.7277912434110476e-10,2.4996893444040325e-11,1.2313825198866041e-10,2.511022891985088e-09,1.1125193518880236e-10,2.511022891985088e-09,2.7755575615628914e-17
squares,0,64,1,29,1,16,0,1.1295601740545491,0.08513345606474841,1.1295601740545465,0.0,0.24365772770930522,0.8559886517625597,0.07134643856529409,0.9413085565810956,0.0
squares,0,64,2,30,0,18,4,0.8483019611621262,0.0672766973521686,0.8483019611621287,0.8219639493353839,0.07134643856529409,0.9413085565810956,0.03856212277993707,0.40448175428123306,0.0
squares,0,64,3,30,0,20,1,0.09305749709059216,0.011360410410686087,0.09305749709059086,0.7790133601777498,0.03856212277993707,0.40448175428123306,0.007163131243985848,0.05115026861943452,1.3877787807814457e-17
squares,0,64,4,30,0,19,1,0.011040123271359795,0.0019974336198889204,0.01104012327135706,0.08384640793317288,0.007163131243985848,0.05115026861943452,0.0017069413650701757,0.009580494481486524,1.3877787807814457e-17
squares,0,64,5,30,0,19,0,0.001951946801494707,0.0003762540285657186,0.0019519468014976837,0.01024468249949706,0.0017069413650701757,0.009580494481486524,0.0003876581244429327,0.0023133176832987466,0.0
squares,0,64,6,30,0,18,0,0.0009837846896164695,0.0001045759223756378,0.0009837846896161295,0.0017279858096159728,0.0003876581244429327,0.0023133176832987466,8.493390034366617e-05,0.0006142124459794249,5.551115123125783e-17
squares,0,64,7,30,0,19,0,0.0001070060277197013,2.2872216969700406e-05,0.00010700602771862577,0.0010650556045561643,8.493390034366617e-05,0.0006142124459794249,2.187879550782209e-05,0.00010261879081129553,0.0
squares,0,64,8,30,0,18,0,4.0451633694961464e-05,6.113077943822919e-06,4.0451633694260636e-05,0.00012172254863429544,2.187879550782209e-05,0.00010261879081129553,5.7231203783373685e-06,2.668639229701841e-05,1.1102230246251565e-16
squares,0,64,9,30,0,19,0,7.781435801962333e-06,1.666064524389153e-06,7.781435805043202e-06,4.823306949930384e-05,5.7231203783373685e-06,2.668639229701841e-05,1.6385228482804858e-06,6.83888886016885e-06,0.0
squares,0,64,10,30,0,19,0,2.054527517385274e-06,4.626228815712378e-07,2.0545275205563485e-06,9.83596332559955e-06,1.6385228482804858e-06,6.83888886016885e-06,4.753516731435765e-07,2.4594044632943426e-06,1.3877787807814457e-17
squares,0,64,11,30,0,19,0,4.293855311240935e-07,1.2682811399913665e-07,4.2938552979876476e-07,2.4839130503551132e-06,4.753516731435765e-07,2.4594044632943426e-06,1.2717033310192663e-07,7.652335930962849e-07,0.0
squares,0,64,12,30,0,19,0,1.1092864109912837e-07,3.026739091746151e-08,1.1092863871908776e-07,5.214777090145617e-07,1.2717033310192663e-07,7.652335930962849e-07,3.0755938203256555e-08,2.4313392045693104e-07,1.3877787807814457e-17
squares,0,64,13,30,0,19,0,3.5247399660445766e-08,7.510693555082501e-09,3.5247403218363615e-08,1.4617604193745137e-07,3.0755938203256555e-08,2.4313392045693104e-07,7.465396646867977e-09,5.497965576609837e-08,1.3877787807814457e-17
squares,0,64,14,30,0,19,0,7.971964408048926e-09,1.7571510276907325e-09,7.971962645569874e-09,4.321936586393349e-08,7.465396646867977e-09,5.497965576609837e-08,1.8465435282221322e-09,1.3232994784501843e-08,1.1102230246251565e-16
squares,0,64,15,30,0,19,0,2.3917435740261617e-09,4.951045458305667e-10,2.391743691987358e-09,9.894591812553699e-09,1.8465435282221322e-09,1.3232994784501843e-08,5.108455627973408e-10,3.6994654039711386e-09,0.0
squares,0,64,16,30,0,19,0,1.0913148856817045e-09,1.4233025167886362e-10,1.0913154824265803e-09,3.4830591744139383e-09,5.108455627973408e-10,3.6994654039711386e-09,1.3923722662770636e-10,1.0787419164767536e-09,0.0
squares,0,64,17,30,0,19,0,3.9353294928323734e-10,3.775115419921149e-11,3.935340942007315e-10,1.4848495766273118e-09,1.3923722662770636e-10,1.0787419164767536e-09,5.2018207708244045e-11,3.0544439942919873e-10,0.0
squares,0,64,18,30,0,19,0,1.134498744947976e-10,7.739343743419965e-12,1.134523586188152e-10,5.069864528195467e-10,5.2018207708244045e-11,3.0544439942919873e-10,2.9696324608451527e-11,2.0067344427131427e-10,0.0
squares,0,64,19,30,0,19,0,1.249529993363474e-11,2.147314444311821e-12,1.2498446722020162e-11,1.1927170362469042e-10,2.9696324608451527e-11,2.0067344427131427e-10,2.3027576434637313e-11,2.0067344427131427e-10,0.0
squares,0,64,20,30,0,19,0,5.35235050724836e-11,2.7274052518770167e-12,5.352518428480835e-11,4.7691628424217924e-11,2.3027576434637313e-11,2.0067344427131427e-10,3.587459265528571e-11,3.236813658895444e-10,0.0
squares,0,64,21,30,0,19,0,4.769414030381114e-11,2.448765293548242e-12,4.7691628424217924e-11,1.0402345651527867e-11,3.587459265528571e-11,3.236813658895444e-10,2.505733634225626e-11,2.0067344427131427e-10,0.0
squares,0,64,22,30,0,19,0,4.8838884325608234e-11,2.5685118094920245e-12,4.8835602228791686e-11,8.149925179168349e-12,2.505733634225626e-11,2.0067344427131427e-10,3.56414246656338e-11,3.194790593715213e-10,0.0
squares,0,64,23,30,0,19,0,9.144551435524839e-12,6.442372676995767e-13,9.14468500923249e-12,5.3518078857450746e-11,3.56414246656338e-11,3.194790593715213e-10,3.415665713333037e-11,3.43130705305081e-10,0.0
squares,1,64,1,29,0,14,0,0.2638289044688664,0.055358144791276154,0.2638289044688662,0.0,0.2728290770936753,0.855642747873225,0.04382248651576601,0.18825853234660725,3.469446951953614e-18
squares,1,64,2,29,0,14,2,1.0955889751241326,0.04858500925437272,1.0955889751241301,1.0808622007894115,0.04382248651576601,0.18825853234660725,0.02488553213867998,0.35466834065225555,3.469446951953614e-18
squares,1,64,3,29,0,13,0,1.2565840865141087,0.0591383737109313,1.2565840865141098,1.3991704309426751,0.02488553213867998,0.35466834065225555,0.019996217896939835,0.28944950144606507,4.440892098500626e-16
squares,1,64,4,29,0,14,1,0.16376256691906682,0.013431025084631934,0.16376256691906832,1.4203466534331781,0.019996217896939835,0.28944950144606507,0.008226377188517577,0.10213982768143565,3.469446951953614e-18
squares,1,64,5,29,0,14,0,0.039512581604704035,0.00386609683352404,0.03951258160470417,0.2032751485237725,0.008226377188517577,0.10213982768143565,0.0024664916740271626,0.025795696945839643,3.469446951953614e-18
squares,1,64,6,29,0,13,0,0.009317487513267088,0.0010488982040272811,0.009317487513264666,0.04883006911796883,0.0024664916740271626,0.025795696945839643,0.0007432494965095405,0.0064515991703542695,4.440892098500626e-16
squares,1,64,7,29,0,13,0,0.0021183513754383793,0.00031622364568165975,0.002118351375436589,0.011435838888701255,0.0007432494965095405,0.0064515991703542695,0.000230364314527,0.0013318846635474715,3.469446951953614e-18
squares,1,64,8,29,0,13,0,0.0004618922981744489,8.485011646104002e-05,0.00046189229817628075,0.0025802436736128698,0.000230364314527,0.0013318846635474715,7.35434163814461e-05,0.0003835770465857106,3.469446951953614e-18
squares,1,64,9,29,0,13,0,9.615699360261687e-05,2.5179574659338853e-05,9.615699359954988e-05,0.0005580492917758306,7.35434163814461e-05,0.0003835770465857106,2.3990473347822417e-05,0.00011850764360089078,2.220446049250313e-16
squares,1,64,10,29,0,13,0,3.0222919238532403e-05,7.460447304120295e-06,3.0222919235711743e-05,0.00011813386736037046,2.3990473347822417e-05,0.00011850764360089078,7.296899361391589e-06,3.858511066971352e-05,3.469446951953614e-18
squares,1,64,11,29,0,13,0,1.0327940865766452e-05,2.1963491790285304e-06,1.0327940863419371e-05,3.917987281454316e-05,7.296899361391589e-06,3.858511066971352e-05,2.208914202815119e-06,1.1435214464318158e-05,4.440892098500626e-16
squares,1,64,12,29,0,13,0,3.1397307329993768e-06,6.372856569627622e-07,3.139730729628809e-06,1.346767159304818e-05,2.208914202815119e-06,1.1435214464318158e-05,6.793213166428836e-07,3.0847943216728713e-06,3.469446951953614e-18
squares,1,64,13,29,0,13,0,8.636342508326622e-07,1.913170897071741e-07,8.636342485601745e-07,4.0033649781889835e-06,6.793213166428836e-07,3.0847943216728713e-06,2.0870143995842846e-07,7.804834919295116e-07,3.469446951953614e-18
squares,1,64,14,29,0,13,0,2.2221492059631975e-07,6.05778778380471e-08,2.22214922018793e-07,1.0858491705789675e-06,2.0870143995842846e-07,7.804834919295116e-07,6.477876986311883e-08,2.3226511843554217e-07,3.469446951953614e-18
squares,1,64,15,29,0,13,0,1.170431451411047e-07,2.052007866357253e-08,1.1704314317739772e-07,2.765471691645871e-07,6.477876986311883e-08,2.3226511843554217e-07,1.982961971352344e-08,7.441827393852881e-08,3.469446951953614e-18
squares,1,64,16,29,0,13,0,6.0674732425825e-08,7.09390367740785e-09,6.06747292408727e-08,1.7771787241827042e-07,1.982961971352344e-08,7.441827393852881e-08,6.109991247105542e-09,2.3461914354288267e-08,3.469446951953614e-18
squares,1,64,17,29,0,13,0,2.466298883868623e-08,2.3592431395778853e-09,2.466298809622458e-08,8.533771733709727e-08,6.109991247105542e-09,2.3461914354288267e-08,1.8343561145302067e-09,7.2015850175045254e-09,3.469446951953614e-18
squares,1,64,18,29,0,13,0,1.0484876508676244e-08,8.014419378383227e-10,1.0484875190286402e-08,3.514786328651098e-08,1.8343561145302067e-09,7.2015850175045254e-09,6.083465580872157e-10,2.3428274532353407e-09,3.469446951953614e-18
squares,1,64,19,29,0,13,0,3.412544899439318e-09,2.484150859079813e-10,3.412544913317106e-09,1.3897420103603508e-08,6.083465580872157e-10,2.3428274532353407e-09,1.8865694565527556e-10,7.436556749312245e-10,4.440892098500626e-16
squares,1,64,20,29,0,13,0,1.734798069086274e-10,4.0798878620884316e-11,1.7347900893582846e-10,3.372406354174018e-09,1.8865694565527556e-10,7.436556749312245e-10,7.037195366322514e-11,5.053129748896781e-10,4.440892098500626e-16
squares,1,64,21,29,0,13,0,1.1815652622981787e-10,1.8284571092900098e-11,1.1815615152954706e-10,2.3726443032501265e-10,7.037195366322514e-11,5.053129748896781e-10,5.445313904580946e-11,5.053129748896781e-10,3.469446951953614e-18
squares,1,64,22,29,0,13,0,2.729518000510467e-11,4.011550655236093e-12,2.7291946480545448e-11,1.1815615152954706e-10,5.445313904580946e-11,5.053129748896781e-10,4.674625825172087e-11,5.053129748896781e-10,3.469446951953614e-18
squares,1,64,23,29,0,13,0,6.8953523446602105e-12,6.840633408740504e-13,6.892264536872972e-12,3.12283532366564e-11,4.674625825172087e-11,5.053129748896781e-10,4.535453076514728e-11,5.053129748896781e-10,3.469446951953614e-18
squares,2,64,1,31,1,9,0,1.178974124621413,0.16728604266761918,1.178974124621412,0.0,0.3527316098165865,0.9506488170912847,0.12345987103395029,0.9700227214152781,6.938893903907228e-18
squares,2,64,2,32,0,15,3,0.4567466568821937,0.06982760417668263,0.4567466568821956,0.74534685176328,0.12345987103395029,0.9700227214152781,0.0379967527874234,0.33320725924253164,5.551115123125783e-17
squares,2,64,3,31,1,15,0,0.09440491253112039,0.008963440137556556,0.09440491253111816,0.4580316002128768,0.0379967527874234,0.33320725924253164,0.008351628530023827,0.05864697586453782,2.7755575615628914e-17
squares,2,64,4,32,0,15,0,0.00890735954067242,0.0018259553858986674,0.008907359540671678,0.09884088591184081,0.008351628530023827,0.05864697586453782,0.0021307689832242883,0.022639974354718727,5.551115123125783e-17
squares,2,64,5,32,0,15,0,0.0020406089142769278,0.00042102296043945085,0.0020406089142781525,0.009752701102961225,0.0021307689832242883,0.022639974354718727,0.0004959186165003341,0.004721852000299727,0.0
squares,2,64,6,31,1,15,0,0.0006238543852630455,8.86944639956249e-05,0.0006238543852603584,0.0020410857242367797,0.0004959186165003341,0.004721852000299727,0.00014688723745021035,0.002308894264947451,2.7755575615628914e-17
squares,2,64,7,32,0,15,0,0.0004200721214688008,3.2766322679367544e-05,0.0004200721214715486,0.0005539614581735464,0.00014688723745021035,0.002308894264947451,4.709941800408265e-05,0.0010247724510740967,0.0
squares,2,64,8,32,0,15,0,9.465487992733196e-05,8.310662731835617e-06,9.465487993054467e-05,0.0005147270014020933,4.709941800408265e-05,0.0010247724510740967,1.1074761784953123e-05,0.00025957955065086986,5.551115123125783e-17
squares,2,64,9,31,1,15,0,8.353687696216385e-06,1.1904911221334664e-06,8.353687697137957e-06,9.465487993054467e-05,1.1074761784953123e-05,0.00025957955065086986,4.615170085523072e-06,0.00012432034022389932,5.551115123125783e-17
squares,2,64,10,32,0,15,0,2.2752019460461903e-05,9.205807882955877e-07,2.2752019461336204e-05,2.2752019461336204e-05,4.615170085523072e-06,0.00012432034022389932,1.8179768155578441e-06,5.39549819718298e-05,5.551115123125783e-17
squares,2,64,11,32,0,15,0,4.635389445027671e-06,2.440420393640618e-07,4.635389444729299e-06,2.7387408906065502e-05,1.8179768155578441e-06,5.39549819718298e-05,3.91956586969935e-07,1.1471691915442572e-05,5.551115123125783e-17
squares,2,64,12,32,0,15,0,1.00061040651106e-06,5.558528987010977e-08,1.0006104034232521e-06,5.635999848152551e-06,3.91956586969935e-07,1.1471691915442572e-05,8.80508165799587e-08,2.5031351880867078e-06,5.551115123125783e-17
squares,2,64,13,32,0,15,0,2.1891156526399058e-07,1.2791164280857316e-08,2.1891156620768015e-07,1.2195219696309323e-06,8.80508165799587e-08,2.5031351880867078e-06,2.0235337269306112e-08,5.524328482940718e-07,5.551115123125783e-17
squares,2,64,14,32,0,15,0,5.1661643539480107e-08,3.1069212520507808e-09,5.166164385173033e-08,2.705732100594105e-07,2.0235337269306112e-08,5.524328482940718e-07,4.874450749484918e-09,1.320499243388412e-07,1.1102230246251565e-16
squares,2,64,15,32,0,15,0,1.2007016041148955e-08,7.591039147435336e-10,1.2007014049686404e-08,6.366865790141674e-08,4.874450749484918e-09,1.320499243388412e-07,1.3366810283181067e-09,2.922447936095793e-08,0.0
squares,2,64,16,32,0,15,0,1.6991541854083358e-09,1.5056044400178466e-10,1.6991563711599156e-09,1.370617042084632e-08,1.3366810283181067e-09,2.922447936095793e-08,2.2407586967086806e-10,2.9149886822124724e-09,5.551115123125783e-17
squares,2,64,17,32,0,15,0,1.433481480218879e-10,1.892124728653053e-11,1.433448915122426e-10,1.7145040942523337e-09,2.2407586967086806e-10,2.9149886822124724e-09,9.983750219878717e-11,1.6198372817334301e-09,0.0
squares,2,64,18,32,0,15,0,2.1087385310147866e-11,2.97394758558972e-12,2.1088908397359774e-11,1.454338871553773e-10,9.983750219878717e-11,1.6198372817334301e-09,9.254445629357768e-11,1.5460801971632293e-09,0.0
squares,2,64,19,32,0,15,0,8.29709564942327e-12,6.810932636565521e-13,8.29913915367797e-12,2.9388047551037744e-11,9.254445629357768e-11,1.5460801971632293e-09,9.264790304690773e-11,1.6140074554511255e-09,0.0
squares,3,64,1,35,0,18,0,0.7108795161657642,0.05665729461193706,0.7108795161657611,0.0,0.18500782907673338,0.715762003275446,0.04473358801267618,0.23422015701290974,1.3877787807814457e-17
squares,3,64,2,35,0,18,1,0.0419580643712723,0.010749341071369106,0.04195806437127203,0.6737369137076499,0.04473358801267618,0.23422015701290974,0.011717583354130798,0.0741242046213824,2.7755575615628914e-17
squares,3,64,3,35,0,17,1,0.060476025283680554,0.003942613232782698,0.06047602528368401,0.03956519583587692,0.011717583354130798,0.0741242046213824,0.0031129056871284037,0.017832389112845348,0.0
squares,3,64,4,35,0,18,0,0.01869350929929155,0.0011865631047020546,0.0186935092992897,0.07916953458297371,0.0031129056871284037,0.017832389112845348,0.000868997462544346,0.00460779673085279,0.0
squares,3,64,5,35,0,18,0,0.004227253412185557,0.00031336010979175815,0.004227253412182108,0.02292076271147181,0.000868997462544346,0.00460779673085279,0.00024838084696117484,0.0009927868321861972,0.0
squares,3,64,6,35,0,18,0,0.00094249652553835,8.687419746452765e-05,0.0009424965255391271,0.005169749937721235,0.00024838084696117484,0.0009927868321861972,6.875221159553457e-05,0.00028935048056509815,2.7755575615628914e-17
squares,3,64,7,35,0,18,0,0.00021082590093805809,2.1522431798826073e-05,0.00021082590093612907,0.0011533224264752562,6.875221159553457e-05,0.00028935048056509815,1.9274146596766968e-05,8.26830533315526e-05,0.0
squares,3,64,8,35,0,18,0,4.737681755196885e-05,6.469793014718488e-06,4.737681755528911e-05,0.0002582027184914182,1.9274146596766968e-05,8.26830533315526e-05,5.795092333993735e-06,2.5730995651161028e-05,0.0
squares,3,64,9,35,0,18,0,1.2694615916103436e-05,2.027924391219844e-06,1.269461591846266e-05,5.807154196446618e-05,5.795092333993735e-06,2.5730995651161028e-05,1.8492014067829585e-06,7.98921073358315e-06,2.7755575615628914e-17
squares,3,64,10,35,0,18,0,4.681354182078934e-06,6.431893378471842e-07,4.68135418429938e-06,1.737597010276204e-05,1.8492014067829585e-06,7.98921073358315e-06,5.788273127408065e-07,2.360790326669652e-06,0.0
squares,3,64,11,35,0,19,0,1.5228975362019392e-06,1.9447090613001913e-07,1.5228975343006823e-06,6.204251718600062e-06,5.788273127408065e-07,2.360790326669652e-06,1.8275152383798958e-07,7.359402848990543e-07,0.0
squares,3,64,12,35,0,18,0,4.638477027821275e-07,6.306987178742404e-08,4.6384770513441254e-07,1.986745239435095e-06,1.8275152383798958e-07,7.359402848990543e-07,5.69038623275682e-08,2.1075181961640582e-07,2.7755575615628914e-17
squares,3,64,13,35,0,18,0,1.3611881968800255e-07,2.0299398519219768e-08,1.361188211035369e-07,5.999665262379494e-07,5.69038623275682e-08,2.1075181961640582e-07,1.750089681111463e-08,6.290615006938474e-08,2.7755575615628914e-17
squares,3,64,14,35,0,18,0,3.8704136770539854e-08,6.315093573088183e-09,3.870413678441764e-08,1.7482295788795454e-07,1.750089681111463e-08,6.290615006938474e-08,5.401629696609875e-09,1.9611289791851314e-08,2.7755575615628914e-17
squares,3,64,15,35,0,19,0,1.202115438442286e-08,1.93319302886605e-09,1.202115385012803e-08,4.938115694130829e-08,5.401629696609875e-09,1.9611289791851314e-08,1.6894050231878234e-09,6.342621746195841e-09,0.0
squares,3,64,16,35,0,19,0,4.0647065574495045e-09,5.872791292520119e-10,4.064709457907156e-09,1.6085863308035186e-08,1.6894050231878234e-09,6.342621746195841e-09,5.574638541261324e-10,2.035746293322168e-09,0.0
squares,3,64,17,35,0,19,0,8.976755103140555e-10,1.7667446762143135e-10,8.976783760772378e-10,4.962387833984394e-09,5.574638541261324e-10,2.035746293322168e-09,2.2019073394359982e-10,7.714631601733274e-10,5.551115123125783e-17
squares,3,64,18,35,0,19,0,6.617423622956586e-10,5.807586949479134e-11,6.617426606680965e-10,1.4414140991902968e-09,2.2019073394359982e-10,7.714631601733274e-10,9.888125777198703e-11,6.262454459272964e-10,0.0
squares,3,64,19,35,0,19,0,6.506774286041406e-11,1.1812064765663995e-11,6.506439831355237e-11,6.812470587647113e-10,9.888125777198703e-11,6.262454459272964e-10,6.634732038635134e-11,6.226094570577449e-10,0.0
squares,3,64,20,35,0,19,0,2.169358442882796e-11,2.565162554095192e-12,2.169286972275586e-11,8.675726803630823e-11,6.634732038635134e-11,6.226094570577449e-10,6.32790660056633e-11,6.425955941341224e-10,0.0
squares,3,64,21,35,0,19,0,5.751475684601104e-12,4.4682844663884724e-13,5.7482907322992105e-12,2.169286972275586e-11,6.32790660056633e-11,6.425955941341224e-10,6.203039722608378e-11,6.275810468324154e-10,0.0
squares,4,64,1,46,2,5,0,0.39609438552894494,0.04841032819687579,0.39609438552894716,0.0,0.2603649801070138,0.9969557524302017,0.07304187330292933,0.44037875173482083,0.0
squares,4,64,2,45,3,5,1,0.0639160968550944,0.011160040755787486,0.06391609685509536,0.4175838760405526,0.07304187330292933,0.44037875173482083,0.027146926915366718,0.3470226648892426,0.0
squares,4,64,3,45,3,6,1,0.01668548683679688,0.0027601524544076015,0.016685486836799157,0.0729239873212677,0.027146926915366718,0.3470226648892426,0.016434601110643255,0.34055755456079867,0.0
squares,4,64,4,45,3,6,0,0.003153305743292152,0.0006529164913237121,0.003153305743289536,0.019838792580088693,0.016434601110643255,0.34055755456079867,0.013751778031173037,0.3395530019176049,0.0
squares,4,64,5,45,3,6,0,0.000918148057616093,0.00016361205414943485,0.0009181480576145873,0.003801404033872302,0.013751778031173037,0.3395530019176049,0.013087007442936421,0.3393775531983069,0.0
squares,4,64,6,46,2,6,0,0.003328009018179791,0.00011857861666809729,0.0033280090181762034,0.0033280090181762034,0.013087007442936421,0.3393775531983069,0.011798434592138342,0.33934453463422076,0.0
squares,4,64,7,47,1,6,0,0.009469279245809606,0.0002884294332484328,0.009469279245813311,0.009469279245813311,0.011798434592138342,0.33934453463422076,0.007198515892815948,0.33066986447998054,0.0
squares,4,64,8,45,3,6,0,0.00033017466618999935,1.6735766863730816e-05,0.00033017466618900926,0.009469279245813311,0.007198515892815948,0.33066986447998054,0.007036919342331779,0.33066995454235215,0.0
squares,4,64,9,46,2,6,0,0.00019034129627604895,6.893289785765633e-06,0.00019034129627470975,0.0003310082549035087,0.007036919342331779,0.33066995454235215,0.006964998101841733,0.3306699739264127,0.0
squares,4,64,10,45,3,6,0,7.680558130609364e-05,2.4912313955951135e-06,7.68055813082924e-05,0.00019034129627470975,0.006964998101841733,0.3306699739264127,0.006933165955987148,0.33066997813100407,0.0
squares,4,64,11,45,3,6,0,3.3766370313107613e-06,2.6923888968825126e-07,3.376637032204144e-06,7.694505717381617e-05,0.006933165955987148,0.33066997813100407,0.006931988544385117,0.33066997905791784,0.0
squares,4,64,12,45,3,6,0,6.856861764579364e-07,7.728494116209617e-08,6.856861745063725e-07,4.062323206710516e-06,0.006931988544385117,0.33066997905791784,0.006931676731530143,0.3306699792666765,0.0
squares,4,64,13,45,3,6,0,2.306189387894786e-07,2.3128606585150125e-08,2.3061893728026917e-07,8.298283091789926e-07,0.006931676731530143,0.3306699792666765,0.006931589585589541,0.3306699793228962,0.0
squares,4,64,14,45,3,6,0,7.353642703447627e-08,6.952788951731761e-09,7.353642672569549e-08,3.0415536400596466e-07,0.006931589585589541,0.3306699793228962,0.006931564328090827,0.3306699793287929,0.0
squares,4,64,15,45,3,6,0,2.0266254820155982e-08,1.9049450469493647e-09,2.0266256228751445e-08,9.380268295444694e-08,0.006931564328090827,0.3306699793287929,0.006931557601291531,0.3306699793262216,0.0
squares,4,64,16,45,3,6,0,5.238137180951785e-09,5.063550928860769e-10,5.238135258878174e-09,2.550439148762962e-08,0.006931557601291531,0.3306699793262216,0.006931555929817953,0.33066997932923403,0.0
squares,4,64,17,45,3,6,0,1.3018254009511399e-09,1.3915932497767422e-10,1.3018279787502252e-09,6.5396861259614525e-09,0.006931555929817953,0.33066997932923403,0.006931555466956525,0.3306699793262216,0.0
squares,4,64,18,45,3,6,0,3.218370882296373e-10,3.5080911940808965e-11,3.218403321625374e-10,1.6236683109127625e-09,0.006931555466956525,0.3306699793262216,0.00693155535049688,0.33066997932923403,0.0
squares,4,64,19,45,3,6,0,7.543410340815626e-11,1.0296666104624307e-11,7.543121682829224e-11,3.972715489908296e-10,0.00693155535049688,0.33066997932923403,0.006931555322987897,0.3306699793262216,0.0
squares,4,64,20,45,3,6,0,2.8528741868871776e-11,3.0005858908666028e-12,2.8528290840768022e-11,1.0174971976084635e-10,0.006931555322987897,0.3306699793262216,0.006931555315065859,0.33066997932923403,0.0
squares,4,64,21,45,3,6,0,2.3257350906247254e-11,1.4934060932336735e-12,2.325606374142808e-11,3.4070524179696804e-11,0.006931555315065859,0.33066997932923403,0.006931555315704205,0.3306699793262216,0.0
squares,4,64,22,45,3,6,0,2.3255746287031975e-11,1.0451443915562545e-12,2.325606374142808e-11,9.386269539390923e-12,0.006931555315704205,0.3306699793262216,0.006931555313970818,0.33066997932923403,0.0
squares,4,64,23,45,3,6,0,2.3257350906247254e-11,8.440272978983544e-13,2.325606374142808e-11,3.588240815588506e-12,0.006931555313970818,0.33066997932923403,0.006931555315408371,0.3306699793262216,0.0
squares,4,64,24,45,3,6,0,2.3255746287031975e-11,8.400475531238843e-13,2.325606374142808e-11,1.6342482922482304e-13,0.006931555315408371,0.3306699793262216,0.006931555312891591,0.33066997932923403,0.0
squares,4,64,25,45,3,6,0,2.3257350906247254e-11,8.403116165863386e-13,2.325606374142808e-11,0.0,0.006931555312891591,0.33066997932923403,0.006931555315408371,0.3306699793262216,0.0
squares,4,64,26,45,3,6,0,2.3255746287031975e-11,8.400475531238843e-13,2.325606374142808e-11,0.0,0.006931555315408371,0.3306699793262216,0.006931555312891591,0.33066997932923403,0.0
squares,4,64,27,45,3,6,0,2.3257350906247254e-11,8.403116165863386e-13,2.325606374142808e-11,0.0,0.006931555312891591,0.33066997932923403,0.006931555315408371,0.3306699793262216,0.0
squares,4,64,28,45,3,6,0,2.3255746287031975e-11,8.400475531238843e-13,2.325606374142808e-11,0.0,0.006931555315408371,0.3306699793262216,0.006931555312891591,0.33066997932923403,0.0
squares,4,64,29,45,3,6,0,2.3257350906247254e-11,8.403116165863386e-13,2.325606374142808e-11,0.0,0.006931555312891591,0.33066997932923403,0.006931555315408371,0.3306699793262216,0.0
squares,4,64,30,45,3,6,0,2.3255746287031975e-11,8.400475531238843e-13,2.325606374142808e-11,0.0,0.006931555315408371,0.3306699793262216,0.006931555312891591,0.33066997932923403,0.0
squares,4,64,31,45,3,6,0,2.3257350906247254e-11,8.403116165863386e-13,2.325606374142808e-11,0.0,0.006931555312891591,0.33066997932923403,0.006931555315408371,0.3306699793262216,0.0
squares,4,64,32,45,3,6,0,2.3255746287031975e-11,8.400475531238843e-13,2.325606374142808e-11,0.0,0.006931555315408371,0.3306699793262216,0.006931555312891591,0.33066997932923403,0.0
squares,4,64,33,45,3,6,0,2.3257350906247254e-11,8.403116165863386e-13,2.325606374142808e-11,0.0,0.006931555312891591,0.33066997932923403,0.006931555315408371,0.3306699793262216,0.0
squares,4,64,34,45,3,6,0,2.3255746287031975e-11,8.400475531238843e-13,2.325606374142808e-11,0.0,0.006931555315408371,0.3306699793262216,0.006931555312891591,0.33066997932923403,0.0
squares,4,64,35,45,3,6,0,2.3257350906247254e-11,8.403116165863386e-13,2.325606374142808e-11,0.0,0.006931555312891591,0.33066997932923403,0.006931555315408371,0.3306699793262216,0.0
squares,4,64,36,45,3,6,0,2.3255746287031975e-11,8.400475531238843e-13,2.325606374142808e-11,0.0,0.006931555315408371,0.3306699793262216,0.006931555312891591,0.33066997932923403,0.0
squares,4,64,37,45,3,6,0,2.3257350906247254e-11,8.403116165863386e-13,2.325606374142808e-11,0.0,0.006931555312891591,0.33066997932923403,0.006931555315408371,0.3306699793262216,0.0
squares,4,64,38,45,3,6,0,2.3255746287031975e-11,8.400475531238843e-13,2.325606374142808e-11,0.0,0.006931555315408371,0.3306699793262216,0.006931555312891591,0.33066997932923403,0.0
squares,4,64,39,45,3,6,0,2.3257350906247254e-11,8.403116165863386e-13,2.325606374142808e-11,0.0,0.006931555312891591,0.33066997932923403,0.006931555315408371,0.3306699793262216,0.0
squares,4,64,40,45,3,6,0,2.3255746287031975e-11,8.400475531238843e-13,2.325606374142808e-11,0.0,0.006931555315408371,0.3306699793262216,0.006931555312891591,0.33066997932923403,0.0
squares,4,64,41,45,3,6,0,2.3257350906247254e-11,8.403116165863386e-13,2.325606374142808e-11,0.0,0.006931555312891591,0.33066997932923403,0.006931555315408371,0.3306699793262216,0.0
squares,4,64,42,45,3,6,0,2.3255746287031975e-11,8.400475531238843e-13,2.325606374142808e-11,0.0,0.006931555315408371,0.3306699793262216,0.006931555312891591,0.33066997932923403,0.0
squares,4,64,43,45,3,6,0,2.3257350906247254e-11,8.403116165863386e-13,2.325606374142808e-11,0.0,0.006931555312891591,0.33066997932923403,0.006931555315408371,0.3306699793262216,0.0
squares,4,64,44,45,3,6,0,2.3255746287031975e-11,8.400475531238843e-13,2.325606374142808e-11,0.0,0.006931555315408371,0.3306699793262216,0.006931555312891591,0.33066997932923403,0.0
squares,4,64,45,45,3,6,0,2.3257350906247254e-11,8.403116165863386e-13,2.325606374142808e-11,0.0,0.006931555312891591,0.33066997932923403,0.006931555315408371,0.3306699793262216,0.0
squares,4,64,46,45,3,6,0,2.3255746287031975e-11,8.400475531238843e-13,2.325606374142808e-11,0.0,0.006931555315408371,0.3306699793262216,0.006931555312891591,0.33066997932923403,0.0
squares,4,64,47,45,3,6,0,2.3257350906247254e-11,8.403116165863386e-13,2.325606374142808e-11,0.0,0.006931555312891591,0.33066997932923403,0.006931555315408371,0.3306699793262216,0.0
squares,4,64,48,45,3,6,0,2.3255746287031975e-11,8.400475531238843e-13,2.325606374142808e-11,0.0,0.006931555315408371,0.3306699793262216,0.006931555312891591,0.33066997932923403,0.0
squares,4,64,49,45,3,6,0,2.3257350906247254e-11,8.403116165863386e-13,2.325606374142808e-11,0.0,0.006931555312891591,0.33066997932923403,0.006931555315408371,0.3306699793262216,0.0
squares,4,64,50,45,3,6,0,2.3255746287031975e-11,8.400475531238843e-13,2.325606374142808e-11,0.0,0.006931555315408371,0.3306699793262216,0.006931555312891591,0.33066997932923403,0.0
squares,4,64,51,45,3,6,0,2.3257350906247254e-11,8.403116165863386e-13,2.325606374142808e-11,0.0,0.006931555312891591,0.33066997932923403,0.006931555315408371,0.3306699793262216,0.0
squares,4,64,52,45,3,6,0,2.3255746287031975e-11,8.400475531238843e-13,2.325606374142808e-11,0.0,0.006931555315408371,0.3306699793262216,0.006931555312891591,0.33066997932923403,0.0
squares,4,64,53,45,3,6,0,2.3257350906247254e-11,8.403116165863386e-13,2.325606374142808e-11,0.0,0.006931555312891591,0.33066997932923403,0.006931555315408371,0.3306699793262216,0.0
squares,4,64,54,45,3,6,0,2.3255746287031975e-11,8.400475531238843e-13,2.325606374142808e-11,0.0,0.006931555315408371,0.3306699793262216,0.006931555312891591,0.33066997932923403,0.0
squares,4,64,55,45,3,6,0,2.3257350906247254e-11,8.403116165863386e-13,2.325606374142808e-11,0.0,0.006931555312891591,0.33066997932923403,0.006931555315408371,0.3306699793262216,0.0
squares,4,64,56,45,3,6,0,2.3255746287031975e-11,8.400475531238843e-13,2.325606374142808e-11,0.0,0.006931555315408371,0.3306699793262216,0.006931555312891591,0.33066997932923403,0.0
squares,4,64,57,45,3,6,0,2.3257350906247254e-11,8.403116165863386e-13,2.325606374142808e-11,0.0,0.006931555312891591,0.33066997932923403,0.006931555315408371,0.3306699793262216,0.0
squares,4,64,58,45,3,6,0,2.3255746287031975e-11,8.400475531238843e-13,2.325606374142808e-11,0.0,0.006931555315408371,0.3306699793262216,0.006931555312891591,0.33066997932923403,0.0
squares,4,64,59,45,3,6,0,2.3257350906247254e-11,8.403116165863386e-13,2.325606374142808e-11,0.0,0.006931555312891591,0.33066997932923403,0.006931555315408371,0.3306699793262216,0.0
squares,4,64,60,45,3,6,0,2.3255746287031975e-11,8.400475531238843e-13,2.325606374142808e-11,0.0,0.006931555315408371,0.3306699793262216,0.006931555312891591,0.33066997932923403,0.0
squares,4,64,61,45,3,6,0,2.3257350906247254e-11,8.403116165863386e-13,2.325606374142808e-11,0.0,0.006931555312891591,0.33066997932923403,0.006931555315408371,0.3306699793262216,0.0
squares,4,64,62,45,3,6,0,2.3255746287031975e-11,8.400475531238843e-13,2.325606374142808e-11,0.0,0.006931555315408371,0.3306699793262216,0.006931555312891591,0.33066997932923403,0.0
squares,4,64,63,45,3,6,0,2.3257350906247254e-11,8.403116165863386e-13,2.325606374142808e-11,0.0,0.006931555312891591,0.33066997932923403,0.006931555315408371,0.3306699793262216,0.0
squares,4,64,64,45,3,6,0,2.3255746287031975e-11,8.400475531238843e-13,2.325606374142808e-11,0.0,0.006931555315408371,0.3306699793262216,0.006931555312891591,0.33066997932923403,0.0
squares,4,64,65,45,3,6,0,2.3257350906247254e-11,8.403116165863386e-13,2.325606374142808e-11,0.0,0.006931555312891591,0.33066997932923403,0.006931555315408371,0.3306699793262216,0.0
squares,4,64,66,45,3,6,0,2.3255746287031975e-11,8.400475531238843e-13,2.325606374142808e-11,0.0,0.006931555315408371,0.3306699793262216,0.006931555312891591,0.33066997932923403,0.0
squares,4,64,67,45,3,6,0,2.3257350906247254e-11,8.403116165863386e-13,2.325606374142808e-11,0.0,0.006931555312891591,0.33066997932923403,0.006931555315408371,0.3306699793262216,0.0
squares,4,64,68,45,3,6,0,2.3255746287031975e-11,8.400475531238843e-13,2.325606374142808e-11,0.0,0.006931555315408371,0.3306699793262216,0.006931555312891591,0.33066997932923403,0.0
squares,4,64,69,45,3,6,0,2.3257350906247254e-11,8.403116165863386e-13,2.325606374142808e-11,0.0,0.006931555312891591,0.33066997932923403,0.006931555315408371,0.3306699793262216,0.0
squares,4,64,70,45,3,6,0,2.3255746287031975e-11,8.400475531238843e-13,2.325606374142808e-11,0.0,0.006931555315408371,0.3306699793262216,0.006931555312891591,0.33066997932923403,0.0
squares,4,64,71,45,3,6,0,2.3257350906247254e-11,8.403116165863386e-13,2.325606374142808e-11,0.0,0.006931555312891591,0.33066997932923403,0.006931555315408371,0.3306699793262216,0.0
squares,4,64,72,45,3,6,0,2.3255746287031975e-11,8.400475531238843e-13,2.325606374142808e-11,0.0,0.006931555315408371,0.3306699793262216,0.006931555312891591,0.33066997932923403,0.0
squares,4,64,73,45,3,6,0,2.3257350906247254e-11,8.403116165863386e-13,2.325606374142808e-11,0.0,0.006931555312891591,0.33066997932923403,0.006931555315408371,0.3306699793262216,0.0
squares,4,64,74,45,3,6,0,2.3255746287031975e-11,8.400475531238843e-13,2.325606374142808e-11,0.0,0.006931555315408371,0.3306699793262216,0.006931555312891591,0.33066997932923403,0.0
squares,4,64,75,45,3,6,0,2.3257350906247254e-11,8.403116165863386e-13,2.325606374142808e-11,0.0,0.006931555312891591,0.33066997932923403,0.006931555315408371,0.3306699793262216,0.0
squares,4,64,76,45,3,6,0,2.3255746287031975e-11,8.400475531238843e-13,2.325606374142808e-11,0.0,0.006931555315408371,0.3306699793262216,0.006931555312891591,0.33066997932923403,0.0
squares,4,64,77,45,3,6,0,2.3257350906247254e-11,8.403116165863386e-13,2.325606374142808e-11,0.0,0.006931555312891591,0.33066997932923403,0.006931555315408371,0.3306699793262216,0.0
squares,4,64,78,45,3,6,0,2.3255746287031975e-11,8.400475531238843e-13,2.325606374142808e-11,0.0,0.006931555315408371,0.3306699793262216,0.006931555312891591,0.33066997932923403,0.0
squares,4,64,79,45,3,6,0,2.3257350906247254e-11,8.403116165863386e-13,2.325606374142808e-11,0.0,0.006931555312891591,0.33066997932923403,0.006931555315408371,0.3306699793262216,0.0
squares,4,64,80,45,3,6,0,2.3255746287031975e-11,8.400475531238843e-13,2.325606374142808e-11,0.0,0.006931555315408371,0.3306699793262216,0.006931555312891591,0.33066997932923403,0.0
squares,4,64,81,45,3,6,0,2.3257350906247254e-11,8.403116165863386e-13,2.325606374142808e-11,0.0,0.006931555312891591,0.33066997932923403,0.006931555315408371,0.3306699793262216,0.0
squares,4,64,82,45,3,6,0,2.3255746287031975e-11,8.400475531238843e-13,2.325606374142808e-11,0.0,0.006931555315408371,0.3306699793262216,0.006931555312891591,0.33066997932923403,0.0
squares,4,64,83,45,3,6,0,2.3257350906247254e-11,8.403116165863386e-13,2.325606374142808e-11,0.0,0.006931555312891591,0.33066997932923403,0.006931555315408371,0.3306699793262216,0.0
squares,4,64,84,45,3,6,0,2.3255746287031975e-11,8.400475531238843e-13,2.325606374142808e-11,0.0,0.006931555315408371,0.3306699793262216,0.006931555312891591,0.33066997932923403,0.0
squares,4,64,85,45,3,6,0,2.3257350906247254e-11,8.403116165863386e-13,2.325606374142808e-11,0.0,0.006931555312891591,0.33066997932923403,0.006931555315408371,0.3306699793262216,0.0
squares,4,64,86,45,3,6,0,2.3255746287031975e-11,8.400475531238843e-13,2.325606374142808e-11,0.0,0.006931555315408371,0.3306699793262216,0.006931555312891591,0.33066997932923403,0.0
squares,4,64,87,45,3,6,0,2.3257350906247254e-11,8.403116165863386e-13,2.325606374142808e-11,0.0,0.006931555312891591,0.33066997932923403,0.006931555315408371,0.3306699793262216,0.0
squares,4,64,88,45,3,6,0,2.3255746287031975e-11,8.400475531238843e-13,2.325606374142808e-11,0.0,0.006931555315408371,0.3306699793262216,0.006931555312891591,0.33066997932923403,0.0
squares,4,64,89,45,3,6,0,2.3257350906247254e-11,8.403116165863386e-13,2.325606374142808e-11,0.0,0.006931555312891591,0.33066997932923403,0.006931555315408371,0.3306699793262216,0.0
squares,4,64,90,45,3,6,0,2.3255746287031975e-11,8.400475531238843e-13,2.325606374142808e-11,0.0,0.006931555315408371,0.3306699793262216,0.006931555312891591,0.33066997932923403,0.0
squares,4,64,91,45,3,6,0,2.3257350906247254e-11,8.403116165863386e-13,2.325606374142808e-11,0.0,0.006931555312891591,0.33066997932923403,0.006931555315408371,0.3306699793262216,0.0
squares,4,64,92,45,3,6,0,2.3255746287031975e-11,8.400475531238843e-13,2.325606374142808e-11,0.0,0.006931555315408371,0.3306699793262216,0.006931555312891591,0.33066997932923403,0.0
squares,4,64,93,45,3,6,0,2.3257350906247254e-11,8.403116165863386e-13,2.325606374142808e-11,0.0,0.006931555312891591,0.33066997932923403,0.006931555315408371,0.3306699793262216,0.0
squares,4,64,94,45,3,6,0,2.3255746287031975e-11,8.400475531238843e-13,2.325606374142808e-11,0.0,0.006931555315408371,0.3306699793262216,0.006931555312891591,0.33066997932923403,0.0
squares,4,64,95,45,3,6,0,2.3257350906247254e-11,8.403116165863386e-13,2.325606374142808e-11,0.0,0.006931555312891591,0.33066997932923403,0.006931555315408371,0.3306699793262216,0.0
squares,4,64,96,45,3,6,0,2.3255746287031975e-11,8.400475531238843e-13,2.325606374142808e-11,0.0,0.006931555315408371,0.3306699793262216,0.006931555312891591,0.33066997932923403,0.0
squares,4,64,97,45,3,6,0,2.3257350906247254e-11,8.403116165863386e-13,2.325606374142808e-11,0.0,0.006931555312891591,0.33066997932923403,0.006931555315408371,0.3306699793262216,0.0
squares,4,64,98,45,3,6,0,2.3255746287031975e-11,8.400475531238843e-13,2.325606374142808e-11,0.0,0.006931555315408371,0.3306699793262216,0.006931555312891591,0.33066997932923403,0.0
squares,4,64,99,45,3,6,0,2.3257350906247254e-11,8.403116165863386e-13,2.325606374142808e-11,0.0,0.006931555312891591,0.33066997932923403,0.006931555315408371,0.3306699793262216,0.0
squares,4,64,100,45,3,6,0,2.3255746287031975e-11,8.400475531238843e-13,2.325606374142808e-11,0.0,0.006931555315408371,0.3306699793262216,0.006931555312891591,0.33066997932923403,0.0
zalesak,0,64,1,107,3,52,0,0.8261679018494558,0.03225191678849037,0.826167901849459,0.0,0.20380727204511134,0.9430987420713692,0.06058143791482696,0.8017873751412997,0.0
zalesak,0,64,2,108,2,52,3,0.18973441941869743,0.008859029951032136,0.1897344194186985,0.77260936393116,0.06058143791482696,0.8017873751412997,0.017206038336292424,0.6662074202051443,0.0
zalesak,0,64,3,107,3,53,1,0.012781187376798573,0.0016241604497354608,0.012781187376795344,0.1807757406609909,0.017206038336292424,0.6662074202051443,0.01097814777743568,0.6670916327224724,0.0
zalesak,0,64,4,105,5,53,0,0.003126708962220134,0.00040721325735381064,0.003126708962220448,0.013013170486772196,0.01097814777743568,0.6670916327224724,0.009415311647855723,0.6672711257422215,0.0
zalesak,0,64,5,106,4,54,0,0.012208942802193791,0.00023186688216868744,0.012208942802196532,0.012208942802196532,0.009415311647855723,0.6672711257422215,0.00765955994613479,0.6672953330259177,0.0
zalesak,0,64,6,107,3,54,0,0.01887983462362866,0.00021661041328859248,0.018879834623625413,0.018879834623625413,0.00765955994613479,0.6672953330259177,0.004068840636550021,0.27468513433193936,0.0
zalesak,0,64,7,108,2,54,0,0.0031131568167506694,5.940277164279292e-05,0.0031131568167523938,0.018879834623625413,0.004068840636550021,0.27468513433193936,0.0026596672019753927,0.14318013626471748,0.0
zalesak,0,64,8,108,2,54,0,0.0070915912826577734,8.771564352372954e-05,0.0070915912826592375,0.0070915912826592375,0.0026596672019753927,0.14318013626471748,0.0019142311767406039,0.13812102830828657,0.0
zalesak,0,64,9,107,3,54,0,0.00013802706687175183,4.942538212482947e-06,0.000138027066874713,0.0071532573166877,0.0019142311767406039,0.13812102830828657,0.0018875853232298804,0.13814184955259196,0.0
zalesak,0,64,10,107,3,54,0,2.6072970805372103e-05,1.2667676435938958e-06,2.6072970804591478e-05,0.00016410003767930448,0.0018875853232298804,0.13814184955259196,0.0018821065469422262,0.1381464651572327,0.0
zalesak,0,64,11,106,4,54,0,4.9982158786821e-06,3.1046000980733486e-07,4.998215878515566e-06,3.1071186683107044e-05,0.0018821065469422262,0.1381464651572327,0.0018808285915579285,0.1381474956687543,0.0
zalesak,0,64,12,106,4,54,0,2.9098560882812605e-06,1.2047542432274835e-07,2.9098560858642486e-06,5.970137372912632e-06,0.0018808285915579285,0.1381474956687543,0.0018793858946290856,0.13825944555226194,0.0
zalesak,0,64,13,105,5,54,0,7.016428587441892e-07,3.139750853411616e-08,7.016428611450465e-07,2.9098560858642486e-06,0.0018793858946290856,0.13825944555226194,0.0018792833975862509,0.13825949772102059,0.0
zalesak,0,64,14,105,5,54,0,2.1609810022145404e-07,1.0545146886929157e-08,2.1609810119116446e-07,9.177409623362109e-07,0.0018792833975862509,0.13825949772102059,0.0018792514263549667,0.13825950961336364,0.0
zalesak,0,64,15,106,4,54,0,1.2610715775449033e-06,1.5947119344829967e-08,1.2610715742766843e-06,1.2610715742766843e-06,0.0018792514263549667,0.13825950961336364,0.0018791207589390372,0.13825951241354656,0.0
zalesak,0,64,16,106,4,54,0,4.808107576361256e-07,9.04342244574375e-09,4.808107547660256e-07,1.540294391588759e-06,0.0018791207589390372,0.13825951241354656,0.0018790339392257323,0.13825951286751076,0.0
zalesak,0,64,17,106,4,54,0,1.0876506382822768e-07,2.5280051151871936e-09,1.0876506451040768e-07,5.895758192764333e-07,0.0018790339392257323,0.13825951286751076,0.0018790130855101965,0.13825951299298925,0.0
zalesak,0,64,18,105,5,54,0,2.4646874894739684e-08,5.834499115706055e-10,2.464687298697754e-08,1.3341193749738522e-07,0.0018790130855101965,0.13825951299298925,0.0018790092511906365,0.13825951308346673,0.0
zalesak,0,64,19,106,4,54,0,1.4662638291029761e-08,2.59987562118884e-10,1.4662639102880348e-08,2.4957699906735797e-08,0.0018790092511906365,0.13825951308346673,0.0018790075647468442,0.13825951308475448,0.0
zalesak,0,64,20,106,4,54,0,5.5600318403167814e-09,1.2359518736662654e-10,5.560032434459572e-09,1.7965056997581996e-08,0.0018790075647468442,0.13825951308475448,0.0018790064630169032,0.13825951308496193,0.0
zalesak,0,64,21,105,5,54,0,1.3379710100264175e-09,2.875965372452183e-11,1.3379732877183415e-09,6.898005722177913e-09,0.0018790064630169032,0.13825951308496193,0.0018790063205346805,0.13825951308496193,0.0
zalesak,0,64,22,105,5,54,0,1.8008242466671653e-10,7.54205124176374e-12,1.800799509510398e-10,1.3319478853190958e-09,0.0018790063205346805,0.13825951308496193,0.001879006281418786,0.13825951308496193,0.0
zalesak,0,64,23,105,5,54,0,1.753730841103085e-10,6.027405369827702e-12,1.7537615804030793e-10,3.455156161180639e-10,0.001879006281418786,0.13825951308496193,0.0018790063084933582,0.13825951308496193,0.0
zalesak,0,64,24,105,5,54,0,1.704478355332717e-10,3.221480441244339e-12,1.7044499145413283e-10,8.135714324453147e-11,0.0018790063084933582,0.13825951308496193,0.0018790062738044755,0.13825951308496193,0.0
zalesak,0,64,25,105,5,54,0,1.750731504213121e-10,4.0944095057597804e-12,1.7507062466393108e-10,3.455156161180639e-10,0.0018790062738044755,0.13825951308496193,0.0018790063052409023,0.13825951308496193,0.0
zalesak,0,64,26,105,5,54,0,1.7014047505939378e-10,3.5210258826056293e-12,1.70139458077756e-10,8.135714324453147e-11,0.0018790063052409023,0.13825951308496193,0.001879006278137018,0.13825951308496193,0.0
zalesak,0,64,27,105,5,54,0,1.753730841103085e-10,4.531374371505766e-12,1.7537615804030793e-10,3.455156161180639e-10,0.001879006278137018,0.13825951308496193,0.0018790063108587675,0.13825951308496193,0.0
zalesak,0,64,28,105,5,54,0,1.704478355332717e-10,3.1518318099706188e-12,1.7044499145413283e-10,8.135714324453147e-11,0.0018790063108587675,0.13825951308496193,0.0018790062729321078,0.13825951308496193,0.0
zalesak,0,64,29,105,5,54,0,1.750731504213121e-10,4.115612576474306e-12,1.7507062466393108e-10,3.455156161180639e-10,0.0018790062729321078,0.13825951308496193,0.0018790063049378431,0.13825951308496193,0.0
zalesak,0,64,30,105,5,54,0,1.7014047505939378e-10,3.4248420743331e-12,1.70139458077756e-10,8.135714324453147e-11,0.0018790063049378431,0.13825951308496193,0.0018790062776479924,0.13825951308496193,0.0
zalesak,0,64,31,105,5,54,0,1.753730841103085e-10,4.339592430648549e-12,1.7537615804030793e-10,3.455156161180639e-10,0.0018790062776479924,0.13825951308496193,0.0018790063103290993,0.13825951308496193,0.0
zalesak,0,64,32,105,5,54,0,1.704478355332717e-10,3.401994630323638e-12,1.7044499145413283e-10,8.135714324453147e-11,0.0018790063103290993,0.13825951308496193,0.0018790062751262288,0.13825951308496193,0.0
zalesak,0,64,33,105,5,54,0,1.750731504213121e-10,4.1322124345365075e-12,1.7507062466393108e-10,3.455156161180639e-10,0.0018790062751262288,0.13825951308496193,0.0018790063040654754,0.13825951308496193,0.0
zalesak,0,64,34,105,5,54,0,1.7014047505939378e-10,3.4460451450476255e-12,1.70139458077756e-10,8.135714324453147e-11,0.0018790063040654754,0.13825951308496193,0.0018790062773449336,0.13825951308496193,0.0
zalesak,0,64,35,105,5,54,0,1.753730841103085e-10,4.2434086223760195e-12,1.7537615804030793e-10,3.455156161180639e-10,0.0018790062773449336,0.13825951308496193,0.0018790063098400739,0.13825951308496193,0.0
zalesak,0,64,36,105,5,54,0,1.704478355332717e-10,3.210212689466421e-12,1.7044499145413283e-10,8.135714324453147e-11,0.0018790063098400739,0.13825951308496193,0.00187900627459656,0.13825951308496193,0.0
zalesak,0,64,37,105,5,54,0,1.750731504213121e-10,4.382375254889527e-12,1.7507062466393108e-10,3.455156161180639e-10,0.00187900627459656,0.13825951308496193,0.0018790063062595964,0.13825951308496193,0.0
zalesak,0,64,38,105,5,54,0,1.7014047505939378e-10,3.462645003109827e-12,1.70139458077756e-10,8.135714324453147e-11,0.0018790063062595964,0.13825951308496193,0.0018790062764725654,0.13825951308496193,0.0
zalesak,0,64,39,105,5,54,0,1.753730841103085e-10,4.2646116930905455e-12,1.7537615804030793e-10,3.455156161180639e-10,0.0018790062764725654,0.13825951308496193,0.0018790063095370146,0.13825951308496193,0.0
zalesak,0,64,40,105,5,54,0,1.704478355332717e-10,3.1140288811938916e-12,1.7044499145413283e-10,8.135714324453147e-11,0.0018790063095370146,0.13825951308496193,0.0018790062741075343,0.13825951308496193,0.0
zalesak,0,64,41,105,5,54,0,1.750731504213121e-10,4.19059331403231e-12,1.7507062466393108e-10,3.455156161180639e-10,0.0018790062741075343,0.13825951308496193,0.0018790063057299278,0.13825951308496193,0.0
zalesak,0,64,42,105,5,54,0,1.7014047505939378e-10,3.712807823462846e-12,1.70139458077756e-10,8.135714324453147e-11,0.0018790063057299278,0.13825951308496193,0.0018790062786666866,0.13825951308496193,0.0
zalesak,0,64,43,105,5,54,0,1.753730841103085e-10,4.281211551152747e-12,1.7537615804030793e-10,3.455156161180639e-10,0.0018790062786666866,0.13825951308496193,0.001879006308664647,0.13825951308496193,0.0
zalesak,0,64,44,105,5,54,0,1.704478355332717e-10,3.1352319519084172e-12,1.7044499145413283e-10,8.135714324453147e-11,0.001879006308664647,0.13825951308496193,0.0018790062738044755,0.13825951308496193,0.0
zalesak,0,64,45,105,5,54,0,1.750731504213121e-10,4.0944095057597804e-12,1.7507062466393108e-10,3.455156161180639e-10,0.0018790062738044755,0.13825951308496193,0.0018790063052409023,0.13825951308496193,0.0
zalesak,0,64,46,105,5,54,0,1.7014047505939378e-10,3.5210258826056293e-12,1.70139458077756e-10,8.135714324453147e-11,0.0018790063052409023,0.13825951308496193,0.001879006278137018,0.13825951308496193,0.0
zalesak,0,64,47,105,5,54,0,1.753730841103085e-10,4.531374371505766e-12,1.7537615804030793e-10,3.455156161180639e-10,0.001879006278137018,0.13825951308496193,0.0018790063108587675,0.13825951308496193,0.0
zalesak,0,64,48,105,5,54,0,1.704478355332717e-10,3.1518318099706188e-12,1.7044499145413283e-10,8.135714324453147e-11,0.0018790063108587675,0.13825951308496193,0.0018790062729321078,0.13825951308496193,0.0
zalesak,0,64,49,105,5,54,0,1.750731504213121e-10,4.115612576474306e-12,1.7507062466393108e-10,3.455156161180639e-10,0.0018790062729321078,0.13825951308496193,0.0018790063049378431,0.13825951308496193,0.0
zalesak,0,64,50,105,5,54,0,1.7014047505939378e-10,3.4248420743331e-12,1.70139458077756e-10,8.135714324453147e-11,0.0018790063049378431,0.13825951308496193,0.0018790062776479924,0.13825951308496193,0.0
zalesak,0,64,51,105,5,54,0,1.753730841103085e-10,4.339592430648549e-12,1.7537615804030793e-10,3.455156161180639e-10,0.0018790062776479924,0.13825951308496193,0.0018790063103290993,0.13825951308496193,0.0
zalesak,0,64,52,105,5,54,0,1.704478355332717e-10,3.401994630323638e-12,1.7044499145413283e-10,8.135714324453147e-11,0.0018790063103290993,0.13825951308496193,0.0018790062751262288,0.13825951308496193,0.0
zalesak,0,64,53,105,5,54,0,1.750731504213121e-10,4.1322124345365075e-12,1.7507062466393108e-10,3.455156161180639e-10,0.0018790062751262288,0.13825951308496193,0.0018790063040654754,0.13825951308496193,0.0
zalesak,0,64,54,105,5,54,0,1.7014047505939378e-10,3.4460451450476255e-12,1.70139458077756e-10,8.135714324453147e-11,0.0018790063040654754,0.13825951308496193,0.0018790062773449336,0.13825951308496193,0.0
zalesak,0,64,55,105,5,54,0,1.753730841103085e-10,4.2434086223760195e-12,1.7537615804030793e-10,3.455156161180639e-10,0.0018790062773449336,0.13825951308496193,0.0018790063098400739,0.13825951308496193,0.0
zalesak,0,64,56,105,5,54,0,1.704478355332717e-10,3.210212689466421e-12,1.7044499145413283e-10,8.135714324453147e-11,0.0018790063098400739,0.13825951308496193,0.00187900627459656,0.13825951308496193,0.0
zalesak,0,64,57,105,5,54,0,1.750731504213121e-10,4.382375254889527e-12,1.7507062466393108e-10,3.455156161180639e-10,0.00187900627459656,0.13825951308496193,0.0018790063062595964,0.13825951308496193,0.0
zalesak,0,64,58,105,5,54,0,1.7014047505939378e-10,3.462645003109827e-12,1.70139458077756e-10,8.135714324453147e-11,0.0018790063062595964,0.13825951308496193,0.0018790062764725654,0.13825951308496193,0.0
zalesak,0,64,59,105,5,54,0,1.753730841103085e-10,4.2646116930905455e-12,1.7537615804030793e-10,3.455156161180639e-10,0.0018790062764725654,0.13825951308496193,0.0018790063095370146,0.13825951308496193,0.0
zalesak,0,64,60,105,5,54,0,1.704478355332717e-10,3.1140288811938916e-12,1.7044499145413283e-10,8.135714324453147e-11,0.0018790063095370146,0.13825951308496193,0.0018790062741075343,0.13825951308496193,0.0
zalesak,0,64,61,105,5,54,0,1.750731504213121e-10,4.19059331403231e-12,1.7507062466393108e-10,3.455156161180639e-10,0.0018790062741075343,0.13825951308496193,0.0018790063057299278,0.13825951308496193,0.0
zalesak,0,64,62,105,5,54,0,1.7014047505939378e-10,3.712807823462846e-12,1.70139458077756e-10,8.135714324453147e-11,0.0018790063057299278,0.13825951308496193,0.0018790062786666866,0.13825951308496193,0.0
zalesak,0,64,63,105,5,54,0,1.753730841103085e-10,4.281211551152747e-12,1.7537615804030793e-10,3.455156161180639e-10,0.0018790062786666866,0.13825951308496193,0.001879006308664647,0.13825951308496193,0.0
zalesak,0,64,64,105,5,54,0,1.704478355332717e-10,3.1352319519084172e-12,1.7044499145413283e-10,8.135714324453147e-11,0.001879006308664647,0.13825951308496193,0.0018790062738044755,0.13825951308496193,0.0
zalesak,0,64,65,105,5,54,0,1.750731504213121e-10,4.0944095057597804e-12,1.7507062466393108e-10,3.455156161180639e-10,0.0018790062738044755,0.13825951308496193,0.0018790063052409023,0.13825951308496193,0.0
zalesak,0,64,66,105,5,54,0,1.7014047505939378e-10,3.5210258826056293e-12,1.70139458077756e-10,8.135714324453147e-11,0.0018790063052409023,0.13825951308496193,0.001879006278137018,0.13825951308496193,0.0
zalesak,0,64,67,105,5,54,0,1.753730841103085e-10,4.531374371505766e-12,1.7537615804030793e-10,3.455156161180639e-10,0.001879006278137018,0.13825951308496193,0.0018790063108587675,0.13825951308496193,0.0
zalesak,0,64,68,105,5,54,0,1.704478355332717e-10,3.1518318099706188e-12,1.7044499145413283e-10,8.135714324453147e-11,0.0018790063108587675,0.13825951308496193,0.0018790062729321078,0.13825951308496193,0.0
zalesak,0,64,69,105,5,54,0,1.750731504213121e-10,4.115612576474306e-12,1.7507062466393108e-10,3.455156161180639e-10,0.0018790062729321078,0.13825951308496193,0.0018790063049378431,0.13825951308496193,0.0
zalesak,0,64,70,105,5,54,0,1.7014047505939378e-10,3.4248420743331e-12,1.70139458077756e-10,8.135714324453147e-11,0.0018790063049378431,0.13825951308496193,0.0018790062776479924,0.13825951308496193,0.0
zalesak,0,64,71,105,5,54,0,1.753730841103085e-10,4.339592430648549e-12,1.7537615804030793e-10,3.455156161180639e-10,0.0018790062776479924,0.13825951308496193,0.0018790063103290993,0.13825951308496193,0.0
zalesak,0,64,72,105,5,54,0,1.704478355332717e-10,3.401994630323638e-12,1.7044499145413283e-10,8.135714324453147e-11,0.0018790063103290993,0.13825951308496193,0.0018790062751262288,0.13825951308496193,0.0
zalesak,0,64,73,105,5,54,0,1.750731504213121e-10,4.1322124345365075e-12,1.7507062466393108e-10,3.455156161180639e-10,0.0018790062751262288,0.13825951308496193,0.0018790063040654754,0.13825951308496193,0.0
zalesak,0,64,74,105,5,54,0,1.7014047505939378e-10,3.4460451450476255e-12,1.70139458077756e-10,8.135714324453147e-11,0.0018790063040654754,0.13825951308496193,0.0018790062773449336,0.13825951308496193,0.0
zalesak,0,64,75,105,5,54,0,1.753730841103085e-10,4.2434086223760195e-12,1.7537615804030793e-10,3.455156161180639e-10,0.0018790062773449336,0.13825951308496193,0.0018790063098400739,0.13825951308496193,0.0
zalesak,0,64,76,105,5,54,0,1.704478355332717e-10,3.210212689466421e-12,1.7044499145413283e-10,8.135714324453147e-11,0.0018790063098400739,0.13825951308496193,0.00187900627459656,0.13825951308496193,0.0
zalesak,0,64,77,105,5,54,0,1.750731504213121e-10,4.382375254889527e-12,1.7507062466393108e-10,3.455156161180639e-10,0.00187900627459656,0.13825951308496193,0.0018790063062595964,0.13825951308496193,0.0
zalesak,0,64,78,105,5,54,0,1.7014047505939378e-10,3.462645003109827e-12,1.70139458077756e-10,8.135714324453147e-11,0.0018790063062595964,0.13825951308496193,0.0018790062764725654,0.13825951308496193,0.0
zalesak,0,64,79,105,5,54,0,1.753730841103085e-10,4.2646116930905455e-12,1.7537615804030793e-10,3.455156161180639e-10,0.0018790062764725654,0.13825951308496193,0.0018790063095370146,0.13825951308496193,0.0
zalesak,0,64,80,105,5,54,0,1.704478355332717e-10,3.1140288811938916e-12,1.7044499145413283e-10,8.135714324453147e-11,0.0018790063095370146,0.13825951308496193,0.0018790062741075343,0.13825951308496193,0.0
zalesak,0,64,81,105,5,54,0,1.750731504213121e-10,4.19059331403231e-12,1.7507062466393108e-10,3.455156161180639e-10,0.0018790062741075343,0.13825951308496193,0.0018790063057299278,0.13825951308496193,0.0
zalesak,0,64,82,105,5,54,0,1.7014047505939378e-10,3.712807823462846e-12,1.70139458077756e-10,8.135714324453147e-11,0.0018790063057299278,0.13825951308496193,0.0018790062786666866,0.13825951308496193,0.0
zalesak,0,64,83,105,5,54,0,1.753730841103085e-10,4.281211551152747e-12,1.7537615804030793e-10,3.455156161180639e-10,0.0018790062786666866,0.13825951308496193,0.001879006308664647,0.13825951308496193,0.0
zalesak,0,64,84,105,5,54,0,1.704478355332717e-10,3.1352319519084172e-12,1.7044499145413283e-10,8.135714324453147e-11,0.001879006308664647,0.13825951308496193,0.0018790062738044755,0.13825951308496193,0.0
zalesak,0,64,85,105,5,54,0,1.750731504213121e-10,4.0944095057597804e-12,1.7507062466393108e-10,3.455156161180639e-10,0.0018790062738044755,0.13825951308496193,0.0018790063052409023,0.13825951308496193,0.0
zalesak,0,64,86,105,5,54,0,1.7014047505939378e-10,3.5210258826056293e-12,1.70139458077756e-10,8.135714324453147e-11,0.0018790063052409023,0.13825951308496193,0.001879006278137018,0.13825951308496193,0.0
zalesak,0,64,87,105,5,54,0,1.753730841103085e-10,4.531374371505766e-12,1.7537615804030793e-10,3.455156161180639e-10,0.001879006278137018,0.13825951308496193,0.0018790063108587675,0.13825951308496193,0.0
zalesak,0,64,88,105,5,54,0,1.704478355332717e-10,3.1518318099706188e-12,1.7044499145413283e-10,8.135714324453147e-11,0.0018790063108587675,0.13825951308496193,0.0018790062729321078,0.13825951308496193,0.0
zalesak,0,64,89,105,5,54,0,1.750731504213121e-10,4.115612576474306e-12,1.7507062466393108e-10,3.455156161180639e-10,0.0018790062729321078,0.13825951308496193,0.0018790063049378431,0.13825951308496193,0.0
zalesak,0,64,90,105,5,54,0,1.7014047505939378e-10,3.4248420743331e-12,1.70139458077756e-10,8.135714324453147e-11,0.0018790063049378431,0.13825951308496193,0.0018790062776479924,0.13825951308496193,0.0
zalesak,0,64,91,105,5,54,0,1.753730841103085e-10,4.339592430648549e-12,1.7537615804030793e-10,3.455156161180639e-10,0.0018790062776479924,0.13825951308496193,0.0018790063103290993,0.13825951308496193,0.0
zalesak,0,64,92,105,5,54,0,1.704478355332717e-10,3.401994630323638e-12,1.7044499145413283e-10,8.135714324453147e-11,0.0018790063103290993,0.13825951308496193,0.0018790062751262288,0.13825951308496193,0.0
zalesak,0,64,93,105,5,54,0,1.750731504213121e-10,4.1322124345365075e-12,1.7507062466393108e-10,3.455156161180639e-10,0.0018790062751262288,0.13825951308496193,0.0018790063040654754,0.13825951308496193,0.0
zalesak,0,64,94,105,5,54,0,1.7014047505939378e-10,3.4460451450476255e-12,1.70139458077756e-10,8.135714324453147e-11,0.0018790063040654754,0.13825951308496193,0.0018790062773449336,0.13825951308496193,0.0
zalesak,0,64,95,105,5,54,0,1.753730841103085e-10,4.2434086223760195e-12,1.7537615804030793e-10,3.455156161180639e-10,0.0018790062773449336,0.13825951308496193,0.0018790063098400739,0.13825951308496193,0.0
zalesak,0,64,96,105,5,54,0,1.704478355332717e-10,3.210212689466421e-12,1.7044499145413283e-10,8.135714324453147e-11,0.0018790063098400739,0.13825951308496193,0.00187900627459656,0.13825951308496193,0.0
zalesak,0,64,97,105,5,54,0,1.750731504213121e-10,4.382375254889527e-12,1.7507062466393108e-10,3.455156161180639e-10,0.00187900627459656,0.13825951308496193,0.0018790063062595964,0.13825951308496193,0.0
zalesak,0,64,98,105,5,54,0,1.7014047505939378e-10,3.462645003109827e-12,1.70139458077756e-10,8.135714324453147e-11,0.0018790063062595964,0.13825951308496193,0.0018790062764725654,0.13825951308496193,0.0
zalesak,0,64,99,105,5,54,0,1.753730841103085e-10,4.2646116930905455e-12,1.7537615804030793e-10,3.455156161180639e-10,0.0018790062764725654,0.13825951308496193,0.0018790063095370146,0.13825951308496193,0.0
zalesak,0,64,100,105,5,54,0,1.704478355332717e-10,3.1140288811938916e-12,1.7044499145413283e-10,8.135714324453147e-11,0.0018790063095370146,0.13825951308496193,0.0018790062741075343,0.13825951308496193,0.0
zalesak,1,64,1,112,2,50,0,1.3374082043036604,0.06287820127403579,1.3374082043036566,0.0,0.14901839599094538,0.9647839988050357,0.045104281389025114,0.8535788522260284,2.7755575615628914e-17
zalesak,1,64,2,114,0,57,5,0.43635214798592986,0.020898344865803477,0.4363521479859287,0.9010560563177279,0.045104281389025114,0.8535788522260284,0.01259819748144988,0.23868171325251905,1.1102230246251565e-16
zalesak,1,64,3,113,1,58,0,0.05182745077726113,0.0032907421515450774,0.05182745077726025,0.4305586472636378,0.01259819748144988,0.23868171325251905,0.0027598156054197036,0.08520576382293445,1.1102230246251565e-16
zalesak,1,64,4,113,1,58,0,0.006821563830471285,0.000524313694013135,0.006821563830470723,0.0496772290879548,0.0027598156054197036,0.08520576382293445,0.0011276524075123462,0.08613717280330101,1.3877787807814457e-17
zalesak,1,64,5,114,0,58,0,0.006871259724081959,0.00015229818305067516,0.006871259724078982,0.007312511628214224,0.0011276524075123462,0.08613717280330101,0.0004509264855827891,0.04059894486709795,0.0
zalesak,1,64,6,114,0,58,0,0.001696588021748817,5.3105690335528834e-05,0.0016965880217512108,0.008567847745830193,0.0004509264855827891,0.04059894486709795,0.00010954033537574352,0.00943668060462969,1.3877787807814457e-17
zalesak,1,64,7,113,1,58,0,0.00031077019224369723,9.893637006718436e-06,0.0003107701922431261,0.0016965880217512108,0.00010954033537574352,0.00943668060462969,4.862637882082357e-05,0.004623804114534408,1.1102230246251565e-16
zalesak,1,64,8,114,0,58,0,0.0004130976024249028,5.78935521832575e-06,0.0004130976024256938,0.0004130976024256938,4.862637882082357e-05,0.004623804114534408,2.1778603080310338e-05,0.0021592845357566886,1.1102230246251565e-16
zalesak,1,64,9,114,0,58,0,9.320888063150956e-05,2.321111705467046e-06,9.320888062802624e-05,0.0005063064830537201,2.1778603080310338e-05,0.0021592845357566886,5.32933911440347e-06,0.0005035640865439044,0.0
zalesak,1,64,10,113,1,58,0,1.660829991680969e-05,4.0092244992455135e-07,1.660829991578794e-05,9.320888062802624e-05,5.32933911440347e-06,0.0005035640865439044,2.4513580456331327e-06,0.000247659995625366,1.3877787807814457e-17
zalesak,1,64,11,114,0,58,0,2.2263697752045175e-05,2.753381965832379e-07,2.2263697751156997e-05,2.2263697751156997e-05,2.4513580456331327e-06,0.000247659995625366,1.1202000703342114e-06,0.00011554464426734248,1.1102230246251565e-16
zalesak,1,64,12,114,0,58,0,4.996890940085763e-06,1.1369994010681341e-07,4.996890936581622e-06,2.726058868773862e-05,1.1202000703342114e-06,0.00011554464426734248,2.718762475367232e-07,2.6954113009129486e-05,1.3877787807814457e-17
zalesak,1,64,13,114,0,58,0,1.1756052320857635e-06,2.9309456532225242e-08,1.1756052344935597e-06,6.172496171075181e-06,2.718762475367232e-07,2.6954113009129486e-05,6.721525484643822e-08,6.387062117495463e-06,0.0
zalesak,1,64,14,114,0,58,0,2.7996873673552525e-07,7.651100181371359e-09,2.7996873797064836e-07,1.455573972464208e-06,6.721525484643822e-08,6.387062117495463e-06,1.6759382741957872e-08,1.526370380197519e-06,0.0
zalesak,1,64,15,114,0,58,0,6.574557391558766e-08,1.982948317037806e-09,6.574557431804351e-08,3.4571431228869187e-07,1.6759382741957872e-08,1.526370380197519e-06,4.390501732914698e-09,3.6137981223409744e-07,0.0
zalesak,1,64,16,114,0,58,0,1.7555453965534262e-08,5.379584791802076e-10,1.755545042669837e-08,8.330102474474188e-08,4.390501732914698e-09,3.6137981223409744e-07,1.343532962372857e-09,9.458883356662801e-08,1.1102230246251565e-16
zalesak,1,64,17,114,0,58,0,3.486776666006275e-09,1.328417057954024e-10,3.4867753129219636e-09,2.1042225739620335e-08,1.343532962372857e-09,9.458883356662801e-08,4.817226225681628e-10,1.9463820858101173e-08,1.3877787807814457e-17
zalesak,1,64,18,114,0,58,0,8.544118537678891e-10,3.098320520595861e-11,8.544134288968053e-10,4.341188741818769e-09,4.817226225681628e-10,1.9463820858101173e-08,3.441933716406174e-10,6.981985192517061e-09,1.1102230246251565e-16
zalesak,1,64,19,114,0,58,0,2.8910382117788846e-10,8.24148292556743e-12,2.8910562832606956e-10,8.798366479823017e-10,3.441933716406174e-10,6.981985192517061e-09,2.9009162623784723e-10,6.984050423615336e-09,1.1102230246251565e-16
zalesak,1,64,20,114,0,58,0,2.826731904104207e-11,1.474140381750783e-12,2.8265390028536785e-11,2.915641061917995e-10,2.9009162623784723e-10,6.984050423615336e-09,2.893404535151136e-10,6.981985192517061e-09,1.3877787807814457e-17
zalesak,1,64,21,114,0,58,0,1.8226479353566916e-11,7.728335743657265e-13,1.822542117224657e-11,2.8265390028536785e-11,2.893404535151136e-10,6.981985192517061e-09,2.8834324264697834e-10,6.984050423615336e-09,1.3877787807814457e-17
zalesak,1,64,22,114,0,58,0,1.822830081321669e-11,6.790166093260187e-13,1.822542117224657e-11,1.2505552149377763e-11,2.8834324264697834e-10,6.984050423615336e-09,2.878099153787341e-10,6.981985192517061e-09,1.3877787807814457e-17
zalesak,1,64,23,114,0,58,0,1.8226479353566916e-11,7.810417456550716e-13,1.822542117224657e-11,1.1162626378791174e-11,2.878099153787341e-10,6.981985192517061e-09,2.889126636021328e-10,6.984050423615336e-09,1.3877787807814457e-17
zalesak,1,64,24,114,0,58,0,1.822830081321669e-11,7.809023210599082e-13,1.822542117224657e-11,7.005951374594588e-12,2.889126636021328e-10,6.984050423615336e-09,2.885270243248678e-10,6.981985192517061e-09,1.3877787807814457e-17
zalesak,1,64,25,114,0,58,0,1.8226479353566916e-11,7.275319935920406e-13,1.822542117224657e-11,1.2505552149377763e-11,2.885270243248678e-10,6.981985192517061e-09,2.879835431990407e-10,6.984050423615336e-09,1.3877787807814457e-17
zalesak,1,64,26,114,0,58,0,1.822830081321669e-11,7.860996438951702e-13,1.822542117224657e-11,1.1162626378791174e-11,2.879835431990407e-10,6.984050423615336e-09,2.8872050277825557e-10,6.981985192517061e-09,1.3877787807814457e-17
zalesak,1,64,27,114,0,58,0,1.8226479353566916e-11,7.807838196645646e-13,1.822542117224657e-11,7.005951374594588e-12,2.8872050277825557e-10,6.981985192517061e-09,2.887191851487449e-10,6.984050423615336e-09,1.3877787807814457e-17
zalesak,1,64,28,114,0,58,0,1.822830081321669e-11,7.276504949873842e-13,1.822542117224657e-11,1.2505552149377763e-11,2.887191851487449e-10,6.984050423615336e-09,2.877913823751635e-10,6.981985192517061e-09,1.3877787807814457e-17
zalesak,1,64,29,114,0,58,0,1.8226479353566916e-11,7.859811424998267e-13,1.822542117224657e-11,1.1162626378791174e-11,2.877913823751635e-10,6.981985192517061e-09,2.889126636021328e-10,6.984050423615336e-09,1.3877787807814457e-17
zalesak,1,64,30,114,0,58,0,1.822830081321669e-11,7.809023210599082e-13,1.822542117224657e-11,7.005951374594588e-12,2.889126636021328e-10,6.984050423615336e-09,2.885270243248678e-10,6.981985192517061e-09,1.3877787807814457e-17
zalesak,1,64,31,114,0,58,0,1.8226479353566916e-11,7.275319935920406e-13,1.822542117224657e-11,1.2505552149377763e-11,2.885270243248678e-10,6.981985192517061e-09,2.879835431990407e-10,6.984050423615336e-09,1.3877787807814457e-17
zalesak,1,64,32,114,0,58,0,1.822830081321669e-11,7.860996438951702e-13,1.822542117224657e-11,1.1162626378791174e-11,2.879835431990407e-10,6.984050423615336e-09,2.8872050277825557e-10,6.981985192517061e-09,1.3877787807814457e-17
zalesak,1,64,33,114,0,58,0,1.8226479353566916e-11,7.807838196645646e-13,1.822542117224657e-11,7.005951374594588e-12,2.8872050277825557e-10,6.981985192517061e-09,2.887191851487449e-10,6.984050423615336e-09,1.3877787807814457e-17
zalesak,1,64,34,114,0,58,0,1.822830081321669e-11,7.276504949873842e-13,1.822542117224657e-11,1.2505552149377763e-11,2.887191851487449e-10,6.984050423615336e-09,2.877913823751635e-10,6.981985192517061e-09,1.3877787807814457e-17
zalesak,1,64,35,114,0,58,0,1.8226479353566916e-11,7.859811424998267e-13,1.822542117224657e-11,1.1162626378791174e-11,2.877913823751635e-10,6.981985192517061e-09,2.889126636021328e-10,6.984050423615336e-09,1.3877787807814457e-17
zalesak,1,64,36,114,0,58,0,1.822830081321669e-11,7.809023210599082e-13,1.822542117224657e-11,7.005951374594588e-12,2.889126636021328e-10,6.984050423615336e-09,2.885270243248678e-10,6.981985192517061e-09,1.3877787807814457e-17
zalesak,1,64,37,114,0,58,0,1.8226479353566916e-11,7.275319935920406e-13,1.822542117224657e-11,1.2505552149377763e-11,2.885270243248678e-10,6.981985192517061e-09,2.879835431990407e-10,6.984050423615336e-09,1.3877787807814457e-17
zalesak,1,64,38,114,0,58,0,1.822830081321669e-11,7.860996438951702e-13,1.822542117224657e-11,1.1162626378791174e-11,2.879835431990407e-10,6.984050423615336e-09,2.8872050277825557e-10,6.981985192517061e-09,1.3877787807814457e-17
zalesak,1,64,39,114,0,58,0,1.8226479353566916e-11,7.807838196645646e-13,1.822542117224657e-11,7.005951374594588e-12,2.8872050277825557e-10,6.981985192517061e-09,2.887191851487449e-10,6.984050423615336e-09,1.3877787807814457e-17
zalesak,1,64,40,114,0,58,0,1.822830081321669e-11,7.276504949873842e-13,1.822542117224657e-11,1.2505552149377763e-11,2.887191851487449e-10,6.984050423615336e-09,2.877913823751635e-10,6.981985192517061e-09,1.3877787807814457e-17
zalesak,1,64,41,114,0,58,0,1.8226479353566916e-11,7.859811424998267e-13,1.822542117224657e-11,1.1162626378791174e-11,2.877913823751635e-10,6.981985192517061e-09,2.889126636021328e-10,6.984050423615336e-09,1.3877787807814457e-17
zalesak,1,64,42,114,0,58,0,1.822830081321669e-11,7.809023210599082e-13,1.822542117224657e-11,7.005951374594588e-12,2.889126636021328e-10,6.984050423615336e-09,2.885270243248678e-10,6.981985192517061e-09,1.3877787807814457e-17
zalesak,1,64,43,114,0,58,0,1.8226479353566916e-11,7.275319935920406e-13,1.822542117224657e-11,1.2505552149377763e-11,2.885270243248678e-10,6.981985192517061e-09,2.879835431990407e-10,6.984050423615336e-09,1.3877787807814457e-17
zalesak,1,64,44,114,0,58,0,1.822830081321669e-11,7.860996438951702e-13,1.822542117224657e-11,1.1162626378791174e-11,2.879835431990407e-10,6.984050423615336e-09,2.8872050277825557e-10,6.981985192517061e-09,1.3877787807814457e-17
zalesak,1,64,45,114,0,58,0,1.8226479353566916e-11,7.807838196645646e-13,1.822542117224657e-11,7.005951374594588e-12,2.8872050277825557e-10,6.981985192517061e-09,2.887191851487449e-10,6.984050423615336e-09,1.3877787807814457e-17
zalesak,1,64,46,114,0,58,0,1.822830081321669e-11,7.276504949873842e-13,1.822542117224657e-11,1.2505552149377763e-11,2.887191851487449e-10,6.984050423615336e-09,2.877913823751635e-10,6.981985192517061e-09,1.3877787807814457e-17
zalesak,1,64,47,114,0,58,0,1.8226479353566916e-11,7.859811424998267e-13,1.822542117224657e-11,1.1162626378791174e-11,2.877913823751635e-10,6.981985192517061e-09,2.889126636021328e-10,6.984050423615336e-09,1.3877787807814457e-17
zalesak,1,64,48,114,0,58,0,1.822830081321669e-11,7.809023210599082e-13,1.822542117224657e-11,7.005951374594588e-12,2.889126636021328e-10,6.984050423615336e-09,2.885270243248678e-10,6.981985192517061e-09,1.3877787807814457e-17
zalesak,1,64,49,114,0,58,0,1.8226479353566916e-11,7.275319935920406e-13,1.822542117224657e-11,1.2505552149377763e-11,2.885270243248678e-10,6.981985192517061e-09,2.879835431990407e-10,6.984050423615336e-09,1.3877787807814457e-17
zalesak,1,64,50,114,0,58,0,1.822830081321669e-11,7.860996438951702e-13,1.822542117224657e-11,1.1162626378791174e-11,2.879835431990407e-10,6.984050423615336e-09,2.8872050277825557e-10,6.981985192517061e-09,1.3877787807814457e-17
zalesak,1,64,51,114,0,58,0,1.8226479353566916e-11,7.807838196645646e-13,1.822542117224657e-11,7.005951374594588e-12,2.8872050277825557e-10,6.981985192517061e-09,2.887191851487449e-10,6.984050423615336e-09,1.3877787807814457e-17
zalesak,1,64,52,114,0,58,0,1.822830081321669e-11,7.276504949873842e-13,1.822542117224657e-11,1.2505552149377763e-11,2.887191851487449e-10,6.984050423615336e-09,2.877913823751635e-10,6.981985192517061e-09,1.3877787807814457e-17
zalesak,1,64,53,114,0,58,0,1.8226479353566916e-11,7.859811424998267e-13,1.822542117224657e-11,1.1162626378791174e-11,2.877913823751635e-10,6.981985192517061e-09,2.889126636021328e-10,6.984050423615336e-09,1.3877787807814457e-17
zalesak,1,64,54,114,0,58,0,1.822830081321669e-11,7.809023210599082e-13,1.822542117224657e-11,7.005951374594588e-12,2.889126636021328e-10,6.984050423615336e-09,2.885270243248678e-10,6.981985192517061e-09,1.3877787807814457e-17
zalesak,1,64,55,114,0,58,0,1.8226479353566916e-11,7.275319935920406e-13,1.822542117224657e-11,1.2505552149377763e-11,2.885270243248678e-10,6.981985192517061e-09,2.879835431990407e-10,6.984050423615336e-09,1.3877787807814457e-17
zalesak,1,64,56,114,0,58,0,1.822830081321669e-11,7.860996438951702e-13,1.822542117224657e-11,1.1162626378791174e-11,2.879835431990407e-10,6.984050423615336e-09,2.8872050277825557e-10,6.981985192517061e-09,1.3877787807814457e-17
zalesak,1,64,57,114,0,58,0,1.8226479353566916e-11,7.807838196645646e-13,1.822542117224657e-11,7.005951374594588e-12,2.8872050277825557e-10,6.981985192517061e-09,2.887191851487449e-10,6.984050423615336e-09,1.3877787807814457e-17
zalesak,1,64,58,114,0,58,0,1.822830081321669e-11,7.276504949873842e-13,1.822542117224657e-11,1.2505552149377763e-11,2.887191851487449e-10,6.984050423615336e-09,2.877913823751635e-10,6.981985192517061e-09,1.3877787807814457e-17
zalesak,1,64,59,114,0,58,0,1.8226479353566916e-11,7.859811424998267e-13,1.822542117224657e-11,1.1162626378791174e-11,2.877913823751635e-10,6.981985192517061e-09,2.889126636021328e-10,6.984050423615336e-09,1.3877787807814457e-17
zalesak,1,64,60,114,0,58,0,1.822830081321669e-11,7.809023210599082e-13,1.822542117224657e-11,7.005951374594588e-12,2.889126636021328e-10,6.984050423615336e-09,2.885270243248678e-10,6.981985192517061e-09,1.3877787807814457e-17
zalesak,1,64,61,114,0,58,0,1.8226479353566916e-11,7.275319935920406e-13,1.822542117224657e-11,1.2505552149377763e-11,2.885270243248678e-10,6.981985192517061e-09,2.879835431990407e-10,6.984050423615336e-09,1.3877787807814457e-17
zalesak,1,64,62,114,0,58,0,1.822830081321669e-11,7.860996438951702e-13,1.822542117224657e-11,1.1162626378791174e-11,2.879835431990407e-10,6.984050423615336e-09,2.8872050277825557e-10,6.981985192517061e-09,1.3877787807814457e-17
zalesak,1,64,63,114,0,58,0,1.8226479353566916e-11,7.807838196645646e-13,1.822542117224657e-11,7.005951374594588e-12,2.8872050277825557e-10,6.981985192517061e-09,2.887191851487449e-10,6.984050423615336e-09,1.3877787807814457e-17
zalesak,1,64,64,114,0,58,0,1.822830081321669e-11,7.276504949873842e-13,1.822542117224657e-11,1.2505552149377763e-11,2.887191851487449e-10,6.984050423615336e-09,2.877913823751635e-10,6.981985192517061e-09,1.3877787807814457e-17
zalesak,1,64,65,114,0,58,0,1.8226479353566916e-11,7.859811424998267e-13,1.822542117224657e-11,1.1162626378791174e-11,2.877913823751635e-10,6.981985192517061e-09,2.889126636021328e-10,6.984050423615336e-09,1.3877787807814457e-17
zalesak,1,64,66,114,0,58,0,1.822830081321669e-11,7.809023210599082e-13,1.822542117224657e-11,7.005951374594588e-12,2.889126636021328e-10,6.984050423615336e-09,2.885270243248678e-10,6.981985192517061e-09,1.3877787807814457e-17
zalesak,1,64,67,114,0,58,0,1.8226479353566916e-11,7.275319935920406e-13,1.822542117224657e-11,1.2505552149377763e-11,2.885270243248678e-10,6.981985192517061e-09,2.879835431990407e-10,6.984050423615336e-09,1.3877787807814457e-17
zalesak,1,64,68,114,0,58,0,1.822830081321669e-11,7.860996438951702e-13,1.822542117224657e-11,1.1162626378791174e-11,2.879835431990407e-10,6.984050423615336e-09,2.8872050277825557e-10,6.981985192517061e-09,1.3877787807814457e-17
zalesak,1,64,69,114,0,58,0,1.8226479353566916e-11,7.807838196645646e-13,1.822542117224657e-11,7.005951374594588e-12,2.8872050277825557e-10,6.981985192517061e-09,2.887191851487449e-10,6.984050423615336e-09,1.3877787807814457e-17
zalesak,1,64,70,114,0,58,0,1.822830081321669e-11,7.276504949873842e-13,1.822542117224657e-11,1.2505552149377763e-11,2.887191851487449e-10,6.984050423615336e-09,2.877913823751635e-10,6.981985192517061e-09,1.3877787807814457e-17
zalesak,1,64,71,114,0,58,0,1.8226479353566916e-11,7.859811424998267e-13,1.822542117224657e-11,1.1162626378791174e-11,2.877913823751635e-10,6.981985192517061e-09,2.889126636021328e-10,6.984050423615336e-09,1.3877787807814457e-17
zalesak,1,64,72,114,0,58,0,1.822830081321669e-11,7.809023210599082e-13,1.822542117224657e-11,7.005951374594588e-12,2.889126636021328e-10,6.984050423615336e-09,2.885270243248678e-10,6.981985192517061e-09,1.3877787807814457e-17
zalesak,1,64,73,114,0,58,0,1.8226479353566916e-11,7.275319935920406e-13,1.822542117224657e-11,1.2505552149377763e-11,2.885270243248678e-10,6.981985192517061e-09,2.879835431990407e-10,6.984050423615336e-09,1.3877787807814457e-17
zalesak,1,64,74,114,0,58,0,1.822830081321669e-11,7.860996438951702e-13,1.822542117224657e-11,1.1162626378791174e-11,2.879835431990407e-10,6.984050423615336e-09,2.8872050277825557e-10,6.981985192517061e-09,1.3877787807814457e-17
zalesak,1,64,75,114,0,58,0,1.8226479353566916e-11,7.807838196645646e-13,1.822542117224657e-11,7.005951374594588e-12,2.8872050277825557e-10,6.981985192517061e-09,2.887191851487449e-10,6.984050423615336e-09,1.3877787807814457e-17
zalesak,1,64,76,114,0,58,0,1.822830081321669e-11,7.276504949873842e-13,1.822542117224657e-11,1.2505552149377763e-11,2.887191851487449e-10,6.984050423615336e-09,2.877913823751635e-10,6.981985192517061e-09,1.3877787807814457e-17
zalesak,1,64,77,114,0,58,0,1.8226479353566916e-11,7.859811424998267e-13,1.822542117224657e-11,1.1162626378791174e-11,2.877913823751635e-10,6.981985192517061e-09,2.889126636021328e-10,6.984050423615336e-09,1.3877787807814457e-17
zalesak,1,64,78,114,0,58,0,1.822830081321669e-11,7.809023210599082e-13,1.822542117224657e-11,7.005951374594588e-12,2.889126636021328e-10,6.984050423615336e-09,2.885270243248678e-10,6.981985192517061e-09,1.3877787807814457e-17
zalesak,1,64,79,114,0,58,0,1.8226479353566916e-11,7.275319935920406e-13,1.822542117224657e-11,1.2505552149377763e-11,2.885270243248678e-10,6.981985192517061e-09,2.879835431990407e-10,6.984050423615336e-09,1.3877787807814457e-17
zalesak,1,64,80,114,0,58,0,1.822830081321669e-11,7.860996438951702e-13,1.822542117224657e-11,1.1162626378791174e-11,2.879835431990407e-10,6.984050423615336e-09,2.8872050277825557e-10,6.981985192517061e-09,1.3877787807814457e-17
zalesak,1,64,81,114,0,58,0,1.8226479353566916e-11,7.807838196645646e-13,1.822542117224657e-11,7.005951374594588e-12,2.8872050277825557e-10,6.981985192517061e-09,2.887191851487449e-10,6.984050423615336e-09,1.3877787807814457e-17
zalesak,1,64,82,114,0,58,0,1.822830081321669e-11,7.276504949873842e-13,1.822542117224657e-11,1.2505552149377763e-11,2.887191851487449e-10,6.984050423615336e-09,2.877913823751635e-10,6.981985192517061e-09,1.3877787807814457e-17
zalesak,1,64,83,114,0,58,0,1.8226479353566916e-11,7.859811424998267e-13,1.822542117224657e-11,1.1162626378791174e-11,2.877913823751635e-10,6.981985192517061e-09,2.889126636021328e-10,6.984050423615336e-09,1.3877787807814457e-17
zalesak,1,64,84,114,0,58,0,1.822830081321669e-11,7.809023210599082e-13,1.822542117224657e-11,7.005951374594588e-12,2.889126636021328e-10,6.984050423615336e-09,2.885270243248678e-10,6.981985192517061e-09,1.3877787807814457e-17
zalesak,1,64,85,114,0,58,0,1.8226479353566916e-11,7.275319935920406e-13,1.822542117224657e-11,1.2505552149377763e-11,2.885270243248678e-10,6.981985192517061e-09,2.879835431990407e-10,6.984050423615336e-09,1.3877787807814457e-17
zalesak,1,64,86,114,0,58,0,1.822830081321669e-11,7.860996438951702e-13,1.822542117224657e-11,1.1162626378791174e-11,2.879835431990407e-10,6.984050423615336e-09,2.8872050277825557e-10,6.981985192517061e-09,1.3877787807814457e-17
zalesak,1,64,87,114,0,58,0,1.8226479353566916e-11,7.807838196645646e-13,1.822542117224657e-11,7.005951374594588e-12,2.8872050277825557e-10,6.981985192517061e-09,2.887191851487449e-10,6.984050423615336e-09,1.3877787807814457e-17
zalesak,1,64,88,114,0,58,0,1.822830081321669e-11,7.276504949873842e-13,1.822542117224657e-11,1.2505552149377763e-11,2.887191851487449e-10,6.984050423615336e-09,2.877913823751635e-10,6.981985192517061e-09,1.3877787807814457e-17
zalesak,1,64,89,114,0,58,0,1.8226479353566916e-11,7.859811424998267e-13,1.822542117224657e-11,1.1162626378791174e-11,2.877913823751635e-10,6.981985192517061e-09,2.889126636021328e-10,6.984050423615336e-09,1.3877787807814457e-17
zalesak,1,64,90,114,0,58,0,1.822830081321669e-11,7.809023210599082e-13,1.822542117224657e-11,7.005951374594588e-12,2.889126636021328e-10,6.984050423615336e-09,2.885270243248678e-10,6.981985192517061e-09,1.3877787807814457e-17
zalesak,1,64,91,114,0,58,0,1.8226479353566916e-11,7.275319935920406e-13,1.822542117224657e-11,1.2505552149377763e-11,2.885270243248678e-10,6.981985192517061e-09,2.879835431990407e-10,6.984050423615336e-09,1.3877787807814457e-17
zalesak,1,64,92,114,0,58,0,1.822830081321669e-11,7.860996438951702e-13,1.822542117224657e-11,1.1162626378791174e-11,2.879835431990407e-10,6.984050423615336e-09,2.8872050277825557e-10,6.981985192517061e-09,1.3877787807814457e-17
zalesak,1,64,93,114,0,58,0,1.8226479353566916e-11,7.807838196645646e-13,1.822542117224657e-11,7.005951374594588e-12,2.8872050277825557e-10,6.981985192517061e-09,2.887191851487449e-10,6.984050423615336e-09,1.3877787807814457e-17
zalesak,1,64,94,114,0,58,0,1.822830081321669e-11,7.276504949873842e-13,1.822542117224657e-11,1.2505552149377763e-11,2.887191851487449e-10,6.984050423615336e-09,2.877913823751635e-10,6.981985192517061e-09,1.3877787807814457e-17
zalesak,1,64,95,114,0,58,0,1.8226479353566916e-11,7.859811424998267e-13,1.822542117224657e-11,1.1162626378791174e-11,2.877913823751635e-10,6.981985192517061e-09,2.889126636021328e-10,6.984050423615336e-09,1.3877787807814457e-17
zalesak,1,64,96,114,0,58,0,1.822830081321669e-11,7.809023210599082e-13,1.822542117224657e-11,7.005951374594588e-12,2.889126636021328e-10,6.984050423615336e-09,2.885270243248678e-10,6.981985192517061e-09,1.3877787807814457e-17
zalesak,1,64,97,114,0,58,0,1.8226479353566916e-11,7.275319935920406e-13,1.822542117224657e-11,1.2505552149377763e-11,2.885270243248678e-10,6.981985192517061e-09,2.879835431990407e-10,6.984050423615336e-09,1.3877787807814457e-17
zalesak,1,64,98,114,0,58,0,1.822830081321669e-11,7.860996438951702e-13,1.822542117224657e-11,1.1162626378791174e-11,2.879835431990407e-10,6.984050423615336e-09,2.8872050277825557e-10,6.981985192517061e-09,1.3877787807814457e-17
zalesak,1,64,99,114,0,58,0,1.8226479353566916e-11,7.807838196645646e-13,1.822542117224657e-11,7.005951374594588e-12,2.8872050277825557e-10,6.981985192517061e-09,2.887191851487449e-10,6.984050423615336e-09,1.3877787807814457e-17
zalesak,1,64,100,114,0,58,0,1.822830081321669e-11,7.276504949873842e-13,1.822542117224657e-11,1.2505552149377763e-11,2.887191851487449e-10,6.984050423615336e-09,2.877913823751635e-10,6.981985192517061e-09,1.3877787807814457e-17
zalesak,2,64,1,114,4,28,0,0.8904456319498408,0.0320719652661339,0.890445631949845,0.0,0.17815515118993738,0.9404408414312277,0.05425028459811166,0.9420603419246731,2.7755575615628914e-17
zalesak,2,64,2,113,5,31,2,0.3251064646232482,0.009888479627450656,0.32510646462324644,0.709409637971703,0.05425028459811166,0.9420603419246731,0.025510352334335597,0.9422804691281209,5.551115123125783e-17
zalesak,2,64,3,115,3,30,0,1.4724107696612652,0.016771565972692228,1.4724107696612663,1.4735198293879748,0.025510352334335597,0.9422804691281209,0.022612798423317513,0.9423139609483542,5.551115123125783e-17
zalesak,2,64,4,116,2,32,2,0.37065771791082913,0.005046670732180271,0.3706577179108308,1.1017530517504355,0.022612798423317513,0.9423139609483542,0.015301943733791974,0.9423198812548407,5.551115123125783e-17
zalesak,2,64,5,116,2,32,0,0.04293724262576515,0.0012402830632336325,0.04293724262576859,0.33686644662802934,0.015301943733791974,0.9423198812548407,0.009851075183674205,0.9423209874117485,5.551115123125783e-17
zalesak,2,64,6,115,3,32,0,0.01479394800084164,0.00026612960920691184,0.014793948000843216,0.043559229093084184,0.009851075183674205,0.9423209874117485,0.00902329409610312,0.9423212023920162,1.1102230246251565e-16
zalesak,2,64,7,114,4,32,0,0.001999761441962228,6.870308769848165e-05,0.00199976144196512,0.016662403215384813,0.00902329409610312,0.9423212023920162,0.008806824389190698,0.942321245330282,5.551115123125783e-17
zalesak,2,64,8,114,4,32,0,0.0005367063641103717,1.853205003320143e-05,0.0005367063641159575,0.0022956747488933615,0.008806824389190698,0.942321245330282,0.008753206958536684,0.9423212540404255,1.1102230246251565e-16
zalesak,2,64,9,114,4,32,0,0.00014578139611275132,5.355690957074376e-06,0.00014578139611387542,0.000641152344172724,0.008753206958536684,0.9423212540404255,0.008738595317454315,0.9423212558507905,5.551115123125783e-17
zalesak,2,64,10,114,4,32,0,3.979290680265757e-05,1.619703924848119e-06,3.979290680433678e-05,0.00018123271158287935,0.008738595317454315,0.9423212558507905,0.008734320169460276,0.942321256237409,5.551115123125783e-17
zalesak,2,64,11,114,4,32,0,1.1473439805696761e-05,5.123689167842099e-07,1.1473439812448305e-05,5.1266346616785086e-05,0.008734320169460276,0.942321256237409,0.00873300169548781,0.942321256352826,5.551115123125783e-17
zalesak,2,64,12,115,3,32,0,0.0023144187641115435,2.028884838017403e-05,0.002314418764107984,0.002314418764107984,0.00873300169548781,0.942321256352826,0.008386127312868478,0.9423212563606551,5.551115123125783e-17
zalesak,2,64,13,114,4,32,0,0.0013399081227671167,1.4982522855266122e-05,0.0013399081227660758,0.002314418764107984,0.008386127312868478,0.9423212563606551,0.008210674695732896,0.9423212563582314,5.421010862427522e-20
zalesak,2,64,14,115,3,32,0,0.00022942844029229942,4.059370991074557e-06,0.00022942844029216758,0.0013439427460610887,0.008210674695732896,0.9423212563582314,0.008176502642948641,0.9423212563582162,1.1102230246251565e-16
zalesak,2,64,15,114,4,32,0,8.539053317701498e-05,1.6227302177075586e-06,8.539053317946355e-05,0.00022942844029216758,0.008176502642948641,0.9423212563582162,0.008160859195659335,0.942321256358201,9.215718466126788e-19
zalesak,2,64,16,114,4,32,0,1.2920156027777102e-05,3.297524805541143e-07,1.2920156031270835e-05,8.557657329788526e-05,0.008160859195659335,0.942321256358201,0.008159887389012853,0.9423212563651642,2.7755575615628914e-17
zalesak,2,64,17,115,3,32,0,5.333491888363101e-05,6.085926299635528e-07,5.333491888137587e-05,5.333491888137587e-05,0.008159887389012853,0.9423212563651642,0.00815316696225128,0.9423212563651795,5.551115123125783e-17
zalesak,2,64,18,115,3,32,0,0.0005270253371717631,4.798715995055874e-06,0.000527025337170528,0.000527025337170528,0.00815316696225128,0.9423212563651795,0.008069794003760358,0.9423212563651795,1.1102230246251565e-16
zalesak,2,64,19,115,3,32,0,0.00031775295919989847,3.620203454973616e-06,0.0003177529591980033,0.000527025337170528,0.008069794003760358,0.9423212563651795,0.008027350306692105,0.9423212563651795,1.1102230246251565e-16
zalesak,2,64,20,116,2,32,0,0.00012184154791414215,1.5326379032606222e-06,0.00012184154791583524,0.00031871394966032085,0.008027350306692105,0.9423212563651795,0.008006241910626528,0.9423212563651795,1.1102230246251565e-16
zalesak,2,64,21,114,4,32,0,7.425927535224548e-05,1.0095460028300345e-06,7.425927535109622e-05,0.00012184154791583524,0.008006241910626528,0.9423212563651795,0.00799603121421468,0.9423212563567223,1.1102230246251565e-16
zalesak,2,64,22,114,4,32,0,8.314222733202259e-06,1.618680764223455e-07,8.31422273250837e-06,7.450910477047046e-05,0.00799603121421468,0.9423212563567223,0.007995515615812984,0.9423212563651795,1.1102230246251565e-16
zalesak,2,64,23,114,4,32,0,3.543261788314933e-06,5.5335242589506704e-08,3.5432617906394626e-06,9.507456468327291e-06,0.007995515615812984,0.9423212563651795,0.007995352316048407,0.9423212563567223,1.1102230246251565e-16
zalesak,2,64,24,114,4,32,0,8.437831387590744e-07,1.8019455997118504e-08,8.437831411356456e-07,4.228473514444886e-06,0.007995352316048407,0.9423212563567223,0.007995302137965827,0.9423212563651795,1.1102230246251565e-16
zalesak,2,64,25,114,4,32,0,1.7212080077183556e-07,3.791542034364369e-09,1.7212079939099567e-07,1.0159039405266412e-06,0.007995302137965827,0.9423212563651795,0.007995291588844742,0.9423212563567223,1.1102230246251565e-16
zalesak,2,64,26,114,4,32,0,3.527940231617954e-08,8.047328611231124e-10,3.527939895775489e-08,2.0740019834875056e-07,0.007995291588844742,0.9423212563567223,0.007995289348957843,0.9423212563651795,1.1102230246251565e-16
zalesak,2,64,27,114,4,32,0,7.322826980210584e-09,1.7486825456606492e-10,7.322825013034162e-09,4.2602223970789055e-08,0.007995289348957843,0.9423212563651795,0.0079952888293193,0.9423212563567223,1.1102230246251565e-16
zalesak,2,64,28,114,4,32,0,1.5380354108363026e-09,4.085753317133617e-11,1.5380337003989553e-09,8.860858713433117e-09,0.0079952888293193,0.9423212563567223,0.007995288716121846,0.9423212563651795,1.1102230246251565e-16
zalesak,2,64,29,114,4,32,0,3.217771535335423e-10,8.742853389353515e-12,3.2177638331631897e-10,1.8598100837152742e-09,0.007995288716121846,0.9423212563651795,0.007995288692251329,0.9423212563567223,1.1102230246251565e-16
zalesak,2,64,30,114,4,32,0,7.05246624987943e-11,2.6049271551334747e-12,7.052136652418994e-11,3.922977498405089e-10,0.007995288692251329,0.9423212563567223,0.007995288688328293,0.9423212563651795,1.1102230246251565e-16
zalesak,2,64,31,114,4,32,0,2.457630453311932e-11,1.607397055370999e-12,2.4577673229941865e-11,8.548539653929765e-11,0.007995288688328293,0.9423212563651795,0.007995288688095663,0.9423212563567223,1.1102230246251565e-16
zalesak,2,64,32,114,4,32,0,2.4577909152334598e-11,1.3089663178598536e-12,2.4577673229941865e-11,1.972466634470038e-11,0.007995288688095663,0.9423212563567223,0.007995288687862624,0.9423212563651795,1.1102230246251565e-16
zalesak,2,64,33,114,4,32,0,2.457630453311932e-11,1.1569097212269196e-12,2.4577673229941865e-11,1.2043699371133698e-11,0.007995288687862624,0.9423212563651795,0.007995288687949386,0.9423212563567223,1.1102230246251565e-16
zalesak,2,64,34,114,4,32,0,2.4577909152334598e-11,1.256241376000976e-12,2.4577673229941865e-11,1.5056400570756523e-11,0.007995288687949386,0.9423212563567223,0.0079952886879022,0.9423212563651795,1.1102230246251565e-16
zalesak,2,64,35,114,4,32,0,2.457630453311932e-11,1.2165864913314113e-12,2.4577673229941865e-11,7.531752999057062e-12,0.0079952886879022,0.9423212563651795,0.007995288688135366,0.9423212563567223,1.1102230246251565e-16
zalesak,2,64,36,114,4,32,0,2.4577909152334598e-11,1.1490232916875323e-12,2.4577673229941865e-11,1.2043699371133698e-11,0.007995288688135366,0.9423212563567223,0.00799528868771693,0.9423212563651795,1.1102230246251565e-16
zalesak,2,64,37,114,4,32,0,2.457630453311932e-11,1.2562119884157745e-12,2.4577673229941865e-11,1.5056400570756523e-11,0.00799528868771693,0.9423212563651795,0.007995288688134657,0.9423212563567223,1.1102230246251565e-16
zalesak,2,64,38,114,4,32,0,2.4577909152334598e-11,1.2166158789166127e-12,2.4577673229941865e-11,7.531752999057062e-12,0.007995288688134657,0.9423212563567223,0.00799528868790291,0.9423212563651795,1.1102230246251565e-16
zalesak,2,64,39,114,4,32,0,2.457630453311932e-11,1.1489939041023307e-12,2.4577673229941865e-11,1.2043699371133698e-11,0.00799528868790291,0.9423212563651795,0.007995288687949386,0.9423212563567223,1.1102230246251565e-16
zalesak,2,64,40,114,4,32,0,2.4577909152334598e-11,1.256241376000976e-12,2.4577673229941865e-11,1.5056400570756523e-11,0.007995288687949386,0.9423212563567223,0.0079952886879022,0.9423212563651795,1.1102230246251565e-16
zalesak,2,64,41,114,4,32,0,2.457630453311932e-11,1.2165864913314113e-12,2.4577673229941865e-11,7.531752999057062e-12,0.0079952886879022,0.9423212563651795,0.007995288688135366,0.9423212563567223,1.1102230246251565e-16
zalesak,2,64,42,114,4,32,0,2.4577909152334598e-11,1.1490232916875323e-12,2.4577673229941865e-11,1.2043699371133698e-11,0.007995288688135366,0.9423212563567223,0.00799528868771693,0.9423212563651795,1.1102230246251565e-16
zalesak,2,64,43,114,4,32,0,2.457630453311932e-11,1.2562119884157745e-12,2.4577673229941865e-11,1.5056400570756523e-11,0.00799528868771693,0.9423212563651795,0.007995288688134657,0.9423212563567223,1.1102230246251565e-16
zalesak,2,64,44,114,4,32,0,2.4577909152334598e-11,1.2166158789166127e-12,2.4577673229941865e-11,7.531752999057062e-12,0.007995288688134657,0.9423212563567223,0.00799528868790291,0.9423212563651795,1.1102230246251565e-16
zalesak,2,64,45,114,4,32,0,2.457630453311932e-11,1.1489939041023307e-12,2.4577673229941865e-11,1.2043699371133698e-11,0.00799528868790291,0.9423212563651795,0.007995288687949386,0.9423212563567223,1.1102230246251565e-16
zalesak,2,64,46,114,4,32,0,2.4577909152334598e-11,1.256241376000976e-12,2.4577673229941865e-11,1.5056400570756523e-11,0.007995288687949386,0.9423212563567223,0.0079952886879022,0.9423212563651795,1.1102230246251565e-16
zalesak,2,64,47,114,4,32,0,2.457630453311932e-11,1.2165864913314113e-12,2.4577673229941865e-11,7.531752999057062e-12,0.0079952886879022,0.9423212563651795,0.007995288688135366,0.9423212563567223,1.1102230246251565e-16
zalesak,2,64,48,114,4,32,0,2.4577909152334598e-11,1.1490232916875323e-12,2.4577673229941865e-11,1.2043699371133698e-11,0.007995288688135366,0.9423212563567223,0.00799528868771693,0.9423212563651795,1.1102230246251565e-16
zalesak,2,64,49,114,4,32,0,2.457630453311932e-11,1.2562119884157745e-12,2.4577673229941865e-11,1.5056400570756523e-11,0.00799528868771693,0.9423212563651795,0.007995288688134657,0.9423212563567223,1.1102230246251565e-16
zalesak,2,64,50,114,4,32,0,2.4577909152334598e-11,1.2166158789166127e-12,2.4577673229941865e-11,7.531752999057062e-12,0.007995288688134657,0.9423212563567223,0.00799528868790291,0.9423212563651795,1.1102230246251565e-16
zalesak,2,64,51,114,4,32,0,2.457630453311932e-11,1.1489939041023307e-12,2.4577673229941865e-11,1.2043699371133698e-11,0.00799528868790291,0.9423212563651795,0.007995288687949386,0.9423212563567223,1.1102230246251565e-16
zalesak,2,64,52,114,4,32,0,2.4577909152334598e-11,1.256241376000976e-12,2.4577673229941865e-11,1.5056400570756523e-11,0.007995288687949386,0.9423212563567223,0.0079952886879022,0.9423212563651795,1.1102230246251565e-16
zalesak,2,64,53,114,4,32,0,2.457630453311932e-11,1.2165864913314113e-12,2.4577673229941865e-11,7.531752999057062e-12,0.0079952886879022,0.9423212563651795,0.007995288688135366,0.9423212563567223,1.1102230246251565e-16
zalesak,2,64,54,114,4,32,0,2.4577909152334598e-11,1.1490232916875323e-12,2.4577673229941865e-11,1.2043699371133698e-11,0.007995288688135366,0.9423212563567223,0.00799528868771693,0.9423212563651795,1.1102230246251565e-16
zalesak,2,64,55,114,4,32,0,2.457630453311932e-11,1.2562119884157745e-12,2.4577673229941865e-11,1.5056400570756523e-11,0.00799528868771693,0.9423212563651795,0.007995288688134657,0.9423212563567223,1.1102230246251565e-16
zalesak,2,64,56,114,4,32,0,2.4577909152334598e-11,1.2166158789166127e-12,2.4577673229941865e-11,7.531752999057062e-12,0.007995288688134657,0.9423212563567223,0.00799528868790291,0.9423212563651795,1.1102230246251565e-16
zalesak,2,64,57,114,4,32,0,2.457630453311932e-11,1.1489939041023307e-12,2.4577673229941865e-11,1.2043699371133698e-11,0.00799528868790291,0.9423212563651795,0.007995288687949386,0.9423212563567223,1.1102230246251565e-16
zalesak,2,64,58,114,4,32,0,2.4577909152334598e-11,1.256241376000976e-12,2.4577673229941865e-11,1.5056400570756523e-11,0.007995288687949386,0.9423212563567223,0.0079952886879022,0.9423212563651795,1.1102230246251565e-16
zalesak,2,64,59,114,4,32,0,2.457630453311932e-11,1.2165864913314113e-12,2.4577673229941865e-11,7.531752999057062e-12,0.0079952886879022,0.9423212563651795,0.007995288688135366,0.9423212563567223,1.1102230246251565e-16
zalesak,2,64,60,114,4,32,0,2.4577909152334598e-11,1.1490232916875323e-12,2.4577673229941865e-11,1.2043699371133698e-11,0.007995288688135366,0.9423212563567223,0.00799528868771693,0.9423212563651795,1.1102230246251565e-16
zalesak,2,64,61,114,4,32,0,2.457630453311932e-11,1.2562119884157745e-12,2.4577673229941865e-11,1.5056400570756523e-11,0.00799528868771693,0.9423212563651795,0.007995288688134657,0.9423212563567223,1.1102230246251565e-16
zalesak,2,64,62,114,4,32,0,2.4577909152334598e-11,1.2166158789166127e-12,2.4577673229941865e-11,7.531752999057062e-12,0.007995288688134657,0.9423212563567223,0.00799528868790291,0.9423212563651795,1.1102230246251565e-16
zalesak,2,64,63,114,4,32,0,2.457630453311932e-11,1.1489939041023307e-12,2.4577673229941865e-11,1.2043699371133698e-11,0.00799528868790291,0.9423212563651795,0.007995288687949386,0.9423212563567223,1.1102230246251565e-16
zalesak,2,64,64,114,4,32,0,2.4577909152334598e-11,1.256241376000976e-12,2.4577673229941865e-11,1.5056400570756523e-11,0.007995288687949386,0.9423212563567223,0.0079952886879022,0.9423212563651795,1.1102230246251565e-16
zalesak,2,64,65,114,4,32,0,2.457630453311932e-11,1.2165864913314113e-12,2.4577673229941865e-11,7.531752999057062e-12,0.0079952886879022,0.9423212563651795,0.007995288688135366,0.9423212563567223,1.1102230246251565e-16
zalesak,2,64,66,114,4,32,0,2.4577909152334598e-11,1.1490232916875323e-12,2.4577673229941865e-11,1.2043699371133698e-11,0.007995288688135366,0.9423212563567223,0.00799528868771693,0.9423212563651795,1.1102230246251565e-16
zalesak,2,64,67,114,4,32,0,2.457630453311932e-11,1.2562119884157745e-12,2.4577673229941865e-11,1.5056400570756523e-11,0.00799528868771693,0.9423212563651795,0.007995288688134657,0.9423212563567223,1.1102230246251565e-16
zalesak,2,64,68,114,4,32,0,2.4577909152334598e-11,1.2166158789166127e-12,2.4577673229941865e-11,7.531752999057062e-12,0.007995288688134657,0.9423212563567223,0.00799528868790291,0.9423212563651795,1.1102230246251565e-16
zalesak,2,64,69,114,4,32,0,2.457630453311932e-11,1.1489939041023307e-12,2.4577673229941865e-11,1.2043699371133698e-11,0.00799528868790291,0.9423212563651795,0.007995288687949386,0.9423212563567223,1.1102230246251565e-16
zalesak,2,64,70,114,4,32,0,2.4577909152334598e-11,1.256241376000976e-12,2.4577673229941865e-11,1.5056400570756523e-11,0.007995288687949386,0.9423212563567223,0.0079952886879022,0.9423212563651795,1.1102230246251565e-16
zalesak,2,64,71,114,4,32,0,2.457630453311932e-11,1.2165864913314113e-12,2.4577673229941865e-11,7.531752999057062e-12,0.0079952886879022,0.9423212563651795,0.007995288688135366,0.9423212563567223,1.1102230246251565e-16
zalesak,2,64,72,114,4,32,0,2.4577909152334598e-11,1.1490232916875323e-12,2.4577673229941865e-11,1.2043699371133698e-11,0.007995288688135366,0.9423212563567223,0.00799528868771693,0.9423212563651795,1.1102230246251565e-16
zalesak,2,64,73,114,4,32,0,2.457630453311932e-11,1.2562119884157745e-12,2.4577673229941865e-11,1.5056400570756523e-11,0.00799528868771693,0.9423212563651795,0.007995288688134657,0.9423212563567223,1.1102230246251565e-16
zalesak,2,64,74,114,4,32,0,2.4577909152334598e-11,1.2166158789166127e-12,2.4577673229941865e-11,7.531752999057062e-12,0.007995288688134657,0.9423212563567223,0.00799528868790291,0.9423212563651795,1.1102230246251565e-16
zalesak,2,64,75,114,4,32,0,2.457630453311932e-11,1.1489939041023307e-12,2.4577673229941865e-11,1.2043699371133698e-11,0.00799528868790291,0.9423212563651795,0.007995288687949386,0.9423212563567223,1.1102230246251565e-16
zalesak,2,64,76,114,4,32,0,2.4577909152334598e-11,1.256241376000976e-12,2.4577673229941865e-11,1.5056400570756523e-11,0.007995288687949386,0.9423212563567223,0.0079952886879022,0.9423212563651795,1.1102230246251565e-16
zalesak,2,64,77,114,4,32,0,2.457630453311932e-11,1.2165864913314113e-12,2.4577673229941865e-11,7.531752999057062e-12,0.0079952886879022,0.9423212563651795,0.007995288688135366,0.9423212563567223,1.1102230246251565e-16
zalesak,2,64,78,114,4,32,0,2.4577909152334598e-11,1.1490232916875323e-12,2.4577673229941865e-11,1.2043699371133698e-11,0.007995288688135366,0.9423212563567223,0.00799528868771693,0.9423212563651795,1.1102230246251565e-16
zalesak,2,64,79,114,4,32,0,2.457630453311932e-11,1.2562119884157745e-12,2.4577673229941865e-11,1.5056400570756523e-11,0.00799528868771693,0.9423212563651795,0.007995288688134657,0.9423212563567223,1.1102230246251565e-16
zalesak,2,64,80,114,4,32,0,2.4577909152334598e-11,1.2166158789166127e-12,2.4577673229941865e-11,7.531752999057062e-12,0.007995288688134657,0.9423212563567223,0.00799528868790291,0.9423212563651795,1.1102230246251565e-16
zalesak,2,64,81,114,4,32,0,2.457630453311932e-11,1.1489939041023307e-12,2.4577673229941865e-11,1.2043699371133698e-11,0.00799528868790291,0.9423212563651795,0.007995288687949386,0.9423212563567223,1.1102230246251565e-16
zalesak,2,64,82,114,4,32,0,2.4577909152334598e-11,1.256241376000976e-12,2.4577673229941865e-11,1.5056400570756523e-11,0.007995288687949386,0.9423212563567223,0.0079952886879022,0.9423212563651795,1.1102230246251565e-16
zalesak,2,64,83,114,4,32,0,2.457630453311932e-11,1.2165864913314113e-12,2.4577673229941865e-11,7.531752999057062e-12,0.0079952886879022,0.9423212563651795,0.007995288688135366,0.9423212563567223,1.1102230246251565e-16
zalesak,2,64,84,114,4,32,0,2.4577909152334598e-11,1.1490232916875323e-12,2.4577673229941865e-11,1.2043699371133698e-11,0.007995288688135366,0.9423212563567223,0.00799528868771693,0.9423212563651795,1.1102230246251565e-16
zalesak,2,64,85,114,4,32,0,2.457630453311932e-11,1.2562119884157745e-12,2.4577673229941865e-11,1.5056400570756523e-11,0.00799528868771693,0.9423212563651795,0.007995288688134657,0.9423212563567223,1.1102230246251565e-16
zalesak,2,64,86,114,4,32,0,2.4577909152334598e-11,1.2166158789166127e-12,2.4577673229941865e-11,7.531752999057062e-12,0.007995288688134657,0.9423212563567223,0.00799528868790291,0.9423212563651795,1.1102230246251565e-16
zalesak,2,64,87,114,4,32,0,2.457630453311932e-11,1.1489939041023307e-12,2.4577673229941865e-11,1.2043699371133698e-11,0.00799528868790291,0.9423212563651795,0.007995288687949386,0.9423212563567223,1.1102230246251565e-16
zalesak,2,64,88,114,4,32,0,2.4577909152334598e-11,1.256241376000976e-12,2.4577673229941865e-11,1.5056400570756523e-11,0.007995288687949386,0.9423212563567223,0.0079952886879022,0.9423212563651795,1.1102230246251565e-16
zalesak,2,64,89,114,4,32,0,2.457630453311932e-11,1.2165864913314113e-12,2.4577673229941865e-11,7.531752999057062e-12,0.0079952886879022,0.9423212563651795,0.007995288688135366,0.9423212563567223,1.1102230246251565e-16
zalesak,2,64,90,114,4,32,0,2.4577909152334598e-11,1.1490232916875323e-12,2.4577673229941865e-11,1.2043699371133698e-11,0.007995288688135366,0.9423212563567223,0.00799528868771693,0.9423212563651795,1.1102230246251565e-16
zalesak,2,64,91,114,4,32,0,2.457630453311932e-11,1.2562119884157745e-12,2.4577673229941865e-11,1.5056400570756523e-11,0.00799528868771693,0.9423212563651795,0.007995288688134657,0.9423212563567223,1.1102230246251565e-16
zalesak,2,64,92,114,4,32,0,2.4577909152334598e-11,1.2166158789166127e-12,2.4577673229941865e-11,7.531752999057062e-12,0.007995288688134657,0.9423212563567223,0.00799528868790291,0.9423212563651795,1.1102230246251565e-16
zalesak,2,64,93,114,4,32,0,2.457630453311932e-11,1.1489939041023307e-12,2.4577673229941865e-11,1.2043699371133698e-11,0.00799528868790291,0.9423212563651795,0.007995288687949386,0.9423212563567223,1.1102230246251565e-16
zalesak,2,64,94,114,4,32,0,2.4577909152334598e-11,1.256241376000976e-12,2.4577673229941865e-11,1.5056400570756523e-11,0.007995288687949386,0.9423212563567223,0.0079952886879022,0.9423212563651795,1.1102230246251565e-16
zalesak,2,64,95,114,4,32,0,2.457630453311932e-11,1.2165864913314113e-12,2.4577673229941865e-11,7.531752999057062e-12,0.0079952886879022,0.9423212563651795,0.007995288688135366,0.9423212563567223,1.1102230246251565e-16
zalesak,2,64,96,114,4,32,0,2.4577909152334598e-11,1.1490232916875323e-12,2.4577673229941865e-11,1.2043699371133698e-11,0.007995288688135366,0.9423212563567223,0.00799528868771693,0.9423212563651795,1.1102230246251565e-16
zalesak,2,64,97,114,4,32,0,2.457630453311932e-11,1.2562119884157745e-12,2.4577673229941865e-11,1.5056400570756523e-11,0.00799528868771693,0.9423212563651795,0.007995288688134657,0.9423212563567223,1.1102230246251565e-16
zalesak,2,64,98,114,4,32,0,2.4577909152334598e-11,1.2166158789166127e-12,2.4577673229941865e-11,7.531752999057062e-12,0.007995288688134657,0.9423212563567223,0.00799528868790291,0.9423212563651795,1.1102230246251565e-16
zalesak,2,64,99,114,4,32,0,2.457630453311932e-11,1.1489939041023307e-12,2.4577673229941865e-11,1.2043699371133698e-11,0.00799528868790291,0.9423212563651795,0.007995288687949386,0.9423212563567223,1.1102230246251565e-16
zalesak,2,64,100,114,4,32,0,2.4577909152334598e-11,1.256241376000976e-12,2.4577673229941865e-11,1.5056400570756523e-11,0.007995288687949386,0.9423212563567223,0.0079952886879022,0.9423212563651795,1.1102230246251565e-16
zalesak,3,64,1,112,2,53,0,1.438084111791354,0.04196856654407515,1.4380841117913548,0.0,0.15275687712862182,0.9765368238926444,0.03802992213169298,0.7696976392023942,0.0
zalesak,3,64,2,112,2,56,1,1.076214277730627,0.024552634576878368,1.076214277730628,1.0730738640583866,0.03802992213169298,0.7696976392023942,0.017623239725303986,0.40788091127380044,0.0
zalesak,3,64,3,112,2,56,1,0.31726434045020735,0.006320890695427039,0.31726434045020824,0.7589499372804198,0.017623239725303986,0.40788091127380044,0.005685661328396422,0.14666348102453072,1.1102230246251565e-16
zalesak,3,64,4,113,1,57,0,0.027039128651462283,0.0009514443158722577,0.02703912865145952,0.3097426996536541,0.005685661328396422,0.14666348102453072,0.0023068035065642004,0.07984407268261737,0.0
zalesak,3,64,5,112,2,58,0,0.0067699804758038044,0.00027476444440245623,0.006769980475802129,0.03272612290892596,0.0023068035065642004,0.07984407268261737,0.0013060146371406476,0.07997162731562175,5.551115123125783e-17
zalesak,3,64,6,113,1,58,0,0.0018070071301559514,8.966870130273294e-05,0.0018070071301536927,0.008576987605955821,0.0013060146371406476,0.07997162731562175,0.0009176445361406052,0.0799854220432843,1.1102230246251565e-16
zalesak,3,64,7,112,2,58,0,0.0004508903840757302,2.284523328017299e-05,0.0004508903840729772,0.0021345411702426986,0.0009176445361406052,0.0799854220432843,0.0007924464049178364,0.07998673368787372,5.551115123125783e-17
zalesak,3,64,8,113,1,58,0,0.012303955052703035,0.0001209685920530514,0.012303955052701099,0.012303955052701099,0.0007924464049178364,0.07998673368787372,0.0003949596071359101,0.0355110401824675,2.7755575615628914e-17
zalesak,3,64,9,113,1,58,1,0.9574659740367533,0.011468221412289379,0.9574659740367508,0.9574659733090201,0.0003949596071359101,0.0355110401824675,0.006193120320576639,0.39876703404943453,5.551115123125783e-17
zalesak,3,64,10,114,0,59,1,0.2212470993490331,0.0034232902938702995,0.22124709934903564,0.7362188746877152,0.006193120320576639,0.39876703404943453,0.0015286767781622244,0.13058932423032582,5.551115123125783e-17
zalesak,3,64,11,114,0,59,0,0.026716414400688223,0.00044071274086518393,0.026716414400688393,0.22671168645882034,0.0015286767781622244,0.13058932423032582,0.00044720365872964496,0.033396834820358635,1.1102230246251565e-16
zalesak,3,64,12,113,1,59,0,0.006715886979617898,0.00011720337801995999,0.0067158869796202225,0.031441265440903976,0.00044720365872964496,0.033396834820358635,0.00014414716766908105,0.008335067902590112,5.551115123125783e-17
zalesak,3,64,13,114,0,59,0,0.0016761914089358579,3.808821751053962e-05,0.0016761914089329366,0.00832899367244977,0.00014414716766908105,0.008335067902590112,4.806274969505898e-05,0.002085168578617681,1.1102230246251565e-16
zalesak,3,64,14,113,1,59,0,0.0004936736738651512,1.2029590637754347e-05,0.0004936736738656577,0.0021698650827985944,4.806274969505898e-05,0.002085168578617681,1.664121217929856e-05,0.0006144499667333397,1.1102230246251565e-16
zalesak,3,64,15,113,1,59,0,0.00023503386747565636,4.922786269486481e-06,0.00023503386747592003,0.0005994246036209461,1.664121217929856e-05,0.0006144499667333397,6.7482195449837625e-06,0.0002284296013766002,5.551115123125783e-17
zalesak,3,64,16,113,1,59,0,0.00011422045828428373,1.7717107149089953e-06,0.0001142204582862405,0.00034925432576216053,6.7482195449837625e-06,0.0002284296013766002,2.908287562491517e-06,0.00011079761470715747,5.551115123125783e-17
zalesak,3,64,17,113,1,59,0,3.749380171041289e-05,5.749410828086089e-07,3.7493801713139874e-05,0.00015171425999938037,2.908287562491517e-06,0.00011079761470715747,1.5566585429181162e-06,0.00010487471261975854,5.551115123125783e-17
zalesak,3,64,18,113,1,59,0,1.0683835032290756e-05,1.784979017756498e-07,1.0683835029112743e-05,4.8177636742252616e-05,1.5566585429181162e-06,0.00010487471261975854,1.1186419882163322e-06,0.00010487430016030416,5.551115123125783e-17
zalesak,3,64,19,113,1,59,0,2.845957211561334e-06,5.4699843473009826e-08,2.8459572121164456e-06,1.3529792241229188e-05,1.1186419882163322e-06,0.00010487430016030416,9.81727901346462e-07,0.00010487424999133267,5.551115123125783e-17
zalesak,3,64,20,113,1,59,0,7.30539430338073e-07,1.6798537765347576e-08,7.305394333911863e-07,3.576496645507632e-06,9.81727901346462e-07,0.00010487424999133267,9.393466382864564e-07,0.00010487425890363859,5.551115123125783e-17
zalesak,3,64,21,113,1,59,0,1.831859169562633e-07,5.1669759613376665e-09,1.8318591799015849e-07,9.137253513813448e-07,9.393466382864564e-07,0.00010487425890363859,9.26227835871664e-07,0.00010487426115169632,5.551115123125783e-17
zalesak,3,64,22,113,1,59,0,4.546174652009238e-08,1.649617115277374e-09,4.546174636743672e-08,2.286476643575952e-07,9.26227835871664e-07,0.00010487426115169632,9.220869360263788e-07,0.00010487426115169632,5.551115123125783e-17
zalesak,3,64,23,113,1,59,0,1.1220844219061998e-08,5.337846603240116e-10,1.1220841145131999e-08,5.6682587512568716e-08,9.220869360263788e-07,0.00010487426115169632,9.207740451544017e-07,0.00010487426115169632,5.551115123125783e-17
zalesak,3,64,24,113,1,59,0,4.1982337745105625e-09,1.690808220065591e-10,4.198234648811194e-09,1.3850680602445209e-08,9.207740451544017e-07,0.00010487426115169632,9.203613512237263e-07,0.00010487426115169632,5.551115123125783e-17
zalesak,3,64,25,113,1,59,0,1.6061603436146044e-09,5.4620536522923744e-11,1.6061605379036337e-09,5.804395186714828e-09,9.203613512237263e-07,0.00010487426115169632,9.202412079071171e-07,0.00010487426115169632,5.551115123125783e-17
zalesak,3,64,26,113,1,59,0,5.248856904671584e-10,1.4469178355919014e-11,5.248850243333436e-10,2.1310455622369773e-09,9.202412079071171e-07,0.00010487426115169632,9.202006320522023e-07,0.00010487426115169632,5.551115123125783e-17
zalesak,3,64,27,113,1,59,0,2.110046512515673e-10,4.816323294280643e-12,2.1100277081131935e-10,7.35887795144663e-10,9.202006320522023e-07,0.00010487426115169632,9.201957525063571e-07,0.00010487426115169632,5.551115123125783e-17
zalesak,3,64,28,113,1,59,0,8.91632254140795e-11,2.378348102285963e-12,8.916600791053497e-11,2.1888268975089886e-10,9.201957525063571e-07,0.00010487426115169632,9.201925895837878e-07,0.00010487426115169632,5.551115123125783e-17
zalesak,3,64,29,113,1,59,0,3.527594882868357e-11,1.2979203925671317e-12,3.5278446830488974e-11,8.772360615694197e-11,9.201925895837878e-07,0.00010487426115169632,9.201935296322124e-07,0.00010487426115169632,5.551115123125783e-17
zalesak,3,64,30,113,1,59,0,3.527577535633597e-11,9.567515205911758e-13,3.5278446830488974e-11,2.7682744985213503e-11,9.201935296322124e-07,0.00010487426115169632,9.201919518121403e-07,0.00010487426115169632,5.551115123125783e-17
zalesak,3,64,31,113,1,59,0,3.527594882868357e-11,9.380545021002108e-13,3.5278446830488974e-11,2.1316282072803006e-12,9.201919518121403e-07,0.00010487426115169632,9.201934541869964e-07,0.00010487426115169632,5.551115123125783e-17
zalesak,3,64,32,113,1,59,0,3.527577535633597e-11,9.379355277025222e-13,3.5278446830488974e-11,0.0,9.201934541869964e-07,0.00010487426115169632,9.201919518121403e-07,0.00010487426115169632,5.551115123125783e-17
zalesak,3,64,33,113,1,59,0,3.527594882868357e-11,9.380545021002108e-13,3.5278446830488974e-11,0.0,9.201919518121403e-07,0.00010487426115169632,9.201934541869964e-07,0.00010487426115169632,5.551115123125783e-17
zalesak,3,64,34,113,1,59,0,3.527577535633597e-11,9.379355277025222e-13,3.5278446830488974e-11,0.0,9.201934541869964e-07,0.00010487426115169632,9.201919518121403e-07,0.00010487426115169632,5.551115123125783e-17
zalesak,3,64,35,113,1,59,0,3.527594882868357e-11,9.380545021002108e-13,3.5278446830488974e-11,0.0,9.201919518121403e-07,0.00010487426115169632,9.201934541869964e-07,0.00010487426115169632,5.551115123125783e-17
zalesak,3,64,36,113,1,59,0,3.527577535633597e-11,9.379355277025222e-13,3.5278446830488974e-11,0.0,9.201934541869964e-07,0.00010487426115169632,9.201919518121403e-07,0.00010487426115169632,5.551115123125783e-17
zalesak,3,64,37,113,1,59,0,3.527594882868357e-11,9.380545021002108e-13,3.5278446830488974e-11,0.0,9.201919518121403e-07,0.00010487426115169632,9.201934541869964e-07,0.00010487426115169632,5.551115123125783e-17
zalesak,3,64,38,113,1,59,0,3.527577535633597e-11,9.379355277025222e-13,3.5278446830488974e-11,0.0,9.201934541869964e-07,0.00010487426115169632,9.201919518121403e-07,0.00010487426115169632,5.551115123125783e-17
zalesak,3,64,39,113,1,59,0,3.527594882868357e-11,9.380545021002108e-13,3.5278446830488974e-11,0.0,9.201919518121403e-07,0.00010487426115169632,9.201934541869964e-07,0.00010487426115169632,5.551115123125783e-17
zalesak,3,64,40,113,1,59,0,3.527577535633597e-11,9.379355277025222e-13,3.5278446830488974e-11,0.0,9.201934541869964e-07,0.00010487426115169632,9.201919518121403e-07,0.00010487426115169632,5.551115123125783e-17
zalesak,3,64,41,113,1,59,0,3.527594882868357e-11,9.380545021002108e-13,3.5278446830488974e-11,0.0,9.201919518121403e-07,0.00010487426115169632,9.201934541869964e-07,0.00010487426115169632,5.551115123125783e-17
zalesak,3,64,42,113,1,59,0,3.527577535633597e-11,9.379355277025222e-13,3.5278446830488974e-11,0.0,9.201934541869964e-07,0.00010487426115169632,9.201919518121403e-07,0.00010487426115169632,5.551115123125783e-17
zalesak,3,64,43,113,1,59,0,3.527594882868357e-11,9.380545021002108e-13,3.5278446830488974e-11,0.0,9.201919518121403e-07,0.00010487426115169632,9.201934541869964e-07,0.00010487426115169632,5.551115123125783e-17
zalesak,3,64,44,113,1,59,0,3.527577535633597e-11,9.379355277025222e-13,3.5278446830488974e-11,0.0,9.201934541869964e-07,0.00010487426115169632,9.201919518121403e-07,0.00010487426115169632,5.551115123125783e-17
zalesak,3,64,45,113,1,59,0,3.527594882868357e-11,9.380545021002108e-13,3.5278446830488974e-11,0.0,9.201919518121403e-07,0.00010487426115169632,9.201934541869964e-07,0.00010487426115169632,5.551115123125783e-17
zalesak,3,64,46,113,1,59,0,3.527577535633597e-11,9.379355277025222e-13,3.5278446830488974e-11,0.0,9.201934541869964e-07,0.00010487426115169632,9.201919518121403e-07,0.00010487426115169632,5.551115123125783e-17
zalesak,3,64,47,113,1,59,0,3.527594882868357e-11,9.380545021002108e-13,3.5278446830488974e-11,0.0,9.201919518121403e-07,0.00010487426115169632,9.201934541869964e-07,0.00010487426115169632,5.551115123125783e-17
zalesak,3,64,48,113,1,59,0,3.527577535633597e-11,9.379355277025222e-13,3.5278446830488974e-11,0.0,9.201934541869964e-07,0.00010487426115169632,9.201919518121403e-07,0.00010487426115169632,5.551115123125783e-17
zalesak,3,64,49,113,1,59,0,3.527594882868357e-11,9.380545021002108e-13,3.5278446830488974e-11,0.0,9.201919518121403e-07,0.00010487426115169632,9.201934541869964e-07,0.00010487426115169632,5.551115123125783e-17
zalesak,3,64,50,113,1,59,0,3.527577535633597e-11,9.379355277025222e-13,3.5278446830488974e-11,0.0,9.201934541869964e-07,0.00010487426115169632,9.201919518121403e-07,0.00010487426115169632,5.551115123125783e-17
zalesak,3,64,51,113,1,59,0,3.527594882868357e-11,9.380545021002108e-13,3.5278446830488974e-11,0.0,9.201919518121403e-07,0.00010487426115169632,9.201934541869964e-07,0.00010487426115169632,5.551115123125783e-17
zalesak,3,64,52,113,1,59,0,3.527577535633597e-11,9.379355277025222e-13,3.5278446830488974e-11,0.0,9.201934541869964e-07,0.00010487426115169632,9.201919518121403e-07,0.00010487426115169632,5.551115123125783e-17
zalesak,3,64,53,113,1,59,0,3.527594882868357e-11,9.380545021002108e-13,3.5278446830488974e-11,0.0,9.201919518121403e-07,0.00010487426115169632,9.201934541869964e-07,0.00010487426115169632,5.551115123125783e-17
zalesak,3,64,54,113,1,59,0,3.527577535633597e-11,9.379355277025222e-13,3.5278446830488974e-11,0.0,9.201934541869964e-07,0.00010487426115169632,9.201919518121403e-07,0.00010487426115169632,5.551115123125783e-17
zalesak,3,64,55,113,1,59,0,3.527594882868357e-11,9.380545021002108e-13,3.5278446830488974e-11,0.0,9.201919518121403e-07,0.00010487426115169632,9.201934541869964e-07,0.00010487426115169632,5.551115123125783e-17
zalesak,3,64,56,113,1,59,0,3.527577535633597e-11,9.379355277025222e-13,3.5278446830488974e-11,0.0,9.201934541869964e-07,0.00010487426115169632,9.201919518121403e-07,0.00010487426115169632,5.551115123125783e-17
zalesak,3,64,57,113,1,59,0,3.527594882868357e-11,9.380545021002108e-13,3.5278446830488974e-11,0.0,9.201919518121403e-07,0.00010487426115169632,9.201934541869964e-07,0.00010487426115169632,5.551115123125783e-17
zalesak,3,64,58,113,1,59,0,3.527577535633597e-11,9.379355277025222e-13,3.5278446830488974e-11,0.0,9.201934541869964e-07,0.00010487426115169632,9.201919518121403e-07,0.00010487426115169632,5.551115123125783e-17
zalesak,3,64,59,113,1,59,0,3.527594882868357e-11,9.380545021002108e-13,3.5278446830488974e-11,0.0,9.201919518121403e-07,0.00010487426115169632,9.201934541869964e-07,0.00010487426115169632,5.551115123125783e-17
zalesak,3,64,60,113,1,59,0,3.527577535633597e-11,9.379355277025222e-13,3.5278446830488974e-11,0.0,9.201934541869964e-07,0.00010487426115169632,9.201919518121403e-07,0.00010487426115169632,5.551115123125783e-17
zalesak,3,64,61,113,1,59,0,3.527594882868357e-11,9.380545021002108e-13,3.5278446830488974e-11,0.0,9.201919518121403e-07,0.00010487426115169632,9.201934541869964e-07,0.00010487426115169632,5.551115123125783e-17
zalesak,3,64,62,113,1,59,0,3.527577535633597e-11,9.379355277025222e-13,3.5278446830488974e-11,0.0,9.201934541869964e-07,0.00010487426115169632,9.201919518121403e-07,0.00010487426115169632,5.551115123125783e-17
zalesak,3,64,63,113,1,59,0,3.527594882868357e-11,9.380545021002108e-13,3.5278446830488974e-11,0.0,9.201919518121403e-07,0.00010487426115169632,9.201934541869964e-07,0.00010487426115169632,5.551115123125783e-17
zalesak,3,64,64,113,1,59,0,3.527577535633597e-11,9.379355277025222e-13,3.5278446830488974e-11,0.0,9.201934541869964e-07,0.00010487426115169632,9.201919518121403e-07,0.00010487426115169632,5.551115123125783e-17
zalesak,3,64,65,113,1,59,0,3.527594882868357e-11,9.380545021002108e-13,3.5278446830488974e-11,0.0,9.201919518121403e-07,0.00010487426115169632,9.201934541869964e-07,0.00010487426115169632,5.551115123125783e-17
zalesak,3,64,66,113,1,59,0,3.527577535633597e-11,9.379355277025222e-13,3.5278446830488974e-11,0.0,9.201934541869964e-07,0.00010487426115169632,9.201919518121403e-07,0.00010487426115169632,5.551115123125783e-17
zalesak,3,64,67,113,1,59,0,3.527594882868357e-11,9.380545021002108e-13,3.5278446830488974e-11,0.0,9.201919518121403e-07,0.00010487426115169632,9.201934541869964e-07,0.00010487426115169632,5.551115123125783e-17
zalesak,3,64,68,113,1,59,0,3.527577535633597e-11,9.379355277025222e-13,3.5278446830488974e-11,0.0,9.201934541869964e-07,0.00010487426115169632,9.201919518121403e-07,0.00010487426115169632,5.551115123125783e-17
zalesak,3,64,69,113,1,59,0,3.527594882868357e-11,9.380545021002108e-13,3.5278446830488974e-11,0.0,9.201919518121403e-07,0.00010487426115169632,9.201934541869964e-07,0.00010487426115169632,5.551115123125783e-17
zalesak,3,64,70,113,1,59,0,3.527577535633597e-11,9.379355277025222e-13,3.5278446830488974e-11,0.0,9.201934541869964e-07,0.00010487426115169632,9.201919518121403e-07,0.00010487426115169632,5.551115123125783e-17
zalesak,3,64,71,113,1,59,0,3.527594882868357e-11,9.380545021002108e-13,3.5278446830488974e-11,0.0,9.201919518121403e-07,0.00010487426115169632,9.201934541869964e-07,0.00010487426115169632,5.551115123125783e-17
zalesak,3,64,72,113,1,59,0,3.527577535633597e-11,9.379355277025222e-13,3.5278446830488974e-11,0.0,9.201934541869964e-07,0.00010487426115169632,9.201919518121403e-07,0.00010487426115169632,5.551115123125783e-17
zalesak,3,64,73,113,1,59,0,3.527594882868357e-11,9.380545021002108e-13,3.5278446830488974e-11,0.0,9.201919518121403e-07,0.00010487426115169632,9.201934541869964e-07,0.00010487426115169632,5.551115123125783e-17
zalesak,3,64,74,113,1,59,0,3.527577535633597e-11,9.379355277025222e-13,3.5278446830488974e-11,0.0,9.201934541869964e-07,0.00010487426115169632,9.201919518121403e-07,0.00010487426115169632,5.551115123125783e-17
zalesak,3,64,75,113,1,59,0,3.527594882868357e-11,9.380545021002108e-13,3.5278446830488974e-11,0.0,9.201919518121403e-07,0.00010487426115169632,9.201934541869964e-07,0.00010487426115169632,5.551115123125783e-17
zalesak,3,64,76,113,1,59,0,3.527577535633597e-11,9.379355277025222e-13,3.5278446830488974e-11,0.0,9.201934541869964e-07,0.00010487426115169632,9.201919518121403e-07,0.00010487426115169632,5.551115123125783e-17
zalesak,3,64,77,113,1,59,0,3.527594882868357e-11,9.380545021002108e-13,3.5278446830488974e-11,0.0,9.201919518121403e-07,0.00010487426115169632,9.201934541869964e-07,0.00010487426115169632,5.551115123125783e-17
zalesak,3,64,78,113,1,59,0,3.527577535633597e-11,9.379355277025222e-13,3.5278446830488974e-11,0.0,9.201934541869964e-07,0.00010487426115169632,9.201919518121403e-07,0.00010487426115169632,5.551115123125783e-17
zalesak,3,64,79,113,1,59,0,3.527594882868357e-11,9.380545021002108e-13,3.5278446830488974e-11,0.0,9.201919518121403e-07,0.00010487426115169632,9.201934541869964e-07,0.00010487426115169632,5.551115123125783e-17
zalesak,3,64,80,113,1,59,0,3.527577535633597e-11,9.379355277025222e-13,3.5278446830488974e-11,0.0,9.201934541869964e-07,0.00010487426115169632,9.201919518121403e-07,0.00010487426115169632,5.551115123125783e-17
zalesak,3,64,81,113,1,59,0,3.527594882868357e-11,9.380545021002108e-13,3.5278446830488974e-11,0.0,9.201919518121403e-07,0.00010487426115169632,9.201934541869964e-07,0.00010487426115169632,5.551115123125783e-17
zalesak,3,64,82,113,1,59,0,3.527577535633597e-11,9.379355277025222e-13,3.5278446830488974e-11,0.0,9.201934541869964e-07,0.00010487426115169632,9.201919518121403e-07,0.00010487426115169632,5.551115123125783e-17
zalesak,3,64,83,113,1,59,0,3.527594882868357e-11,9.380545021002108e-13,3.5278446830488974e-11,0.0,9.201919518121403e-07,0.00010487426115169632,9.201934541869964e-07,0.00010487426115169632,5.551115123125783e-17
zalesak,3,64,84,113,1,59,0,3.527577535633597e-11,9.379355277025222e-13,3.5278446830488974e-11,0.0,9.201934541869964e-07,0.00010487426115169632,9.201919518121403e-07,0.00010487426115169632,5.551115123125783e-17
zalesak,3,64,85,113,1,59,0,3.527594882868357e-11,9.380545021002108e-13,3.5278446830488974e-11,0.0,9.201919518121403e-07,0.00010487426115169632,9.201934541869964e-07,0.00010487426115169632,5.551115123125783e-17
zalesak,3,64,86,113,1,59,0,3.527577535633597e-11,9.379355277025222e-13,3.5278446830488974e-11,0.0,9.201934541869964e-07,0.00010487426115169632,9.201919518121403e-07,0.00010487426115169632,5.551115123125783e-17
zalesak,3,64,87,113,1,59,0,3.527594882868357e-11,9.380545021002108e-13,3.5278446830488974e-11,0.0,9.201919518121403e-07,0.00010487426115169632,9.201934541869964e-07,0.00010487426115169632,5.551115123125783e-17
zalesak,3,64,88,113,1,59,0,3.527577535633597e-11,9.379355277025222e-13,3.5278446830488974e-11,0.0,9.201934541869964e-07,0.00010487426115169632,9.201919518121403e-07,0.00010487426115169632,5.551115123125783e-17
zalesak,3,64,89,113,1,59,0,3.527594882868357e-11,9.380545021002108e-13,3.5278446830488974e-11,0.0,9.201919518121403e-07,0.00010487426115169632,9.201934541869964e-07,0.00010487426115169632,5.551115123125783e-17
zalesak,3,64,90,113,1,59,0,3.527577535633597e-11,9.379355277025222e-13,3.5278446830488974e-11,0.0,9.201934541869964e-07,0.00010487426115169632,9.201919518121403e-07,0.00010487426115169632,5.551115123125783e-17
zalesak,3,64,91,113,1,59,0,3.527594882868357e-11,9.380545021002108e-13,3.5278446830488974e-11,0.0,9.201919518121403e-07,0.00010487426115169632,9.201934541869964e-07,0.00010487426115169632,5.551115123125783e-17
zalesak,3,64,92,113,1,59,0,3.527577535633597e-11,9.379355277025222e-13,3.5278446830488974e-11,0.0,9.201934541869964e-07,0.00010487426115169632,9.201919518121403e-07,0.00010487426115169632,5.551115123125783e-17
zalesak,3,64,93,113,1,59,0,3.527594882868357e-11,9.380545021002108e-13,3.5278446830488974e-11,0.0,9.201919518121403e-07,0.00010487426115169632,9.201934541869964e-07,0.00010487426115169632,5.551115123125783e-17
zalesak,3,64,94,113,1,59,0,3.527577535633597e-11,9.379355277025222e-13,3.5278446830488974e-11,0.0,9.201934541869964e-07,0.00010487426115169632,9.201919518121403e-07,0.00010487426115169632,5.551115123125783e-17
zalesak,3,64,95,113,1,59,0,3.527594882868357e-11,9.380545021002108e-13,3.5278446830488974e-11,0.0,9.201919518121403e-07,0.00010487426115169632,9.201934541869964e-07,0.00010487426115169632,5.551115123125783e-17
zalesak,3,64,96,113,1,59,0,3.527577535633597e-11,9.379355277025222e-13,3.5278446830488974e-11,0.0,9.201934541869964e-07,0.00010487426115169632,9.201919518121403e-07,0.00010487426115169632,5.551115123125783e-17
zalesak,3,64,97,113,1,59,0,3.527594882868357e-11,9.380545021002108e-13,3.5278446830488974e-11,0.0,9.201919518121403e-07,0.00010487426115169632,9.201934541869964e-07,0.00010487426115169632,5.551115123125783e-17
zalesak,3,64,98,113,1,59,0,3.527577535633597e-11,9.379355277025222e-13,3.5278446830488974e-11,0.0,9.201934541869964e-07,0.00010487426115169632,9.201919518121403e-07,0.00010487426115169632,5.551115123125783e-17
zalesak,3,64,99,113,1,59,0,3.527594882868357e-11,9.380545021002108e-13,3.5278446830488974e-11,0.0,9.201919518121403e-07,0.00010487426115169632,9.201934541869964e-07,0.00010487426115169632,5.551115123125783e-17
zalesak,3,64,100,113,1,59,0,3.527577535633597e-11,9.379355277025222e-13,3.5278446830488974e-11,0.0,9.201934541869964e-07,0.00010487426115169632,9.201919518121403e-07,0.00010487426115169632,5.551115123125783e-17
zalesak,4,64,1,109,7,23,0,1.3426794140795064,0.07978916811367986,1.3426794140795053,0.0,0.16979886076886538,0.9626002172506083,0.07042443751908714,0.9424940656019939,0.0
zalesak,4,64,2,111,5,31,4,0.4789532493412716,0.030397990886325683,0.4789532493412736,0.9200664228693611,0.07042443751908714,0.9424940656019939,0.034502263692668,0.9061732158887694,1.1102230246251565e-16
zalesak,4,64,3,113,3,31,0,0.07600774412629616,0.004636755060045784,0.07600774412629363,0.45456527816146775,0.034502263692668,0.9061732158887694,0.019113838601699698,0.9063669115548547,5.551115123125783e-17
zalesak,4,64,4,111,5,31,0,0.00967391114048196,0.0008270974871437244,0.00967391114048155,0.07595684317309548,0.019113838601699698,0.9063669115548547,0.015374064164866624,0.9064033685925638,5.551115123125783e-17
zalesak,4,64,5,111,5,31,0,0.002410200640457459,0.00018074536057723737,0.0024102006404547183,0.008770769483078311,0.015374064164866624,0.9064033685925638,0.01462123051385648,0.9064011362406236,5.551115123125783e-17
zalesak,4,64,6,112,4,31,0,0.0006115770765204379,4.7587826904994493e-05,0.0006115770765191542,0.002204985090486389,0.01462123051385648,0.9064011362406236,0.014403150003191183,0.9063980061158335,2.220446049250313e-16
zalesak,4,64,7,112,4,31,0,0.00023041728240565627,1.380868828737172e-05,0.00023041728240258408,0.0006045599333504015,0.014403150003191183,0.9063980061158335,0.014331355880461675,0.9063959702228304,2.220446049250313e-16
zalesak,4,64,8,112,4,31,0,0.00038052485646505874,7.572474491909495e-06,0.0003805248564674457,0.0003805248564674457,0.014331355880461675,0.9063959702228304,0.014278651963153859,0.9063951284865323,0.0
zalesak,4,64,9,113,3,31,0,0.0014789199328411372,1.5565844506451607e-05,0.0014789199328433256,0.0014789199328433256,0.014278651963153859,0.9063951284865323,0.012843719692602536,0.889784700062962,5.551115123125783e-17
zalesak,4,64,10,112,4,31,0,0.00012953013076369424,1.4859631705428785e-06,0.00012953013076355546,0.0014789199328433256,0.012843719692602536,0.889784700062962,0.012838467734808338,0.8897846053433246,0.0
zalesak,4,64,11,112,4,31,0,7.251848867032007e-05,1.5270444545753336e-06,7.251848867184663e-05,0.00014726067685444377,0.012838467734808338,0.8897846053433246,0.012829173278202462,0.8897845780340568,5.551115123125783e-17
zalesak,4,64,12,112,4,31,0,3.0054009285884406e-05,5.157728300007331e-07,3.005400928657309e-05,7.251848867184663e-05,0.012829173278202462,0.8897845780340568,0.012825451318952463,0.8897845706750412,2.220446049250313e-16
zalesak,4,64,13,112,4,31,0,4.2826333708501085e-06,9.10554759550047e-08,4.28263336971213e-06,3.005400928657309e-05,0.012825451318952463,0.8897845706750412,0.012825218968797047,0.88978456873205,0.0
zalesak,4,64,14,112,4,31,0,1.3808033639747808e-05,1.642240126475967e-07,1.3808033642703776e-05,1.3808033642703776e-05,0.012825218968797047,0.88978456873205,0.01282386284085749,0.8897845681888036,5.551115123125783e-17
zalesak,4,64,15,112,4,31,0,5.716789813520369e-06,8.528478378900888e-08,5.7167898148691165e-06,1.6428201583096325e-05,0.01282386284085749,0.8897845681888036,0.012823023450782449,0.8897845680226814,0.0
zalesak,4,64,16,112,4,31,0,1.0845982147122957e-06,1.6821339000807223e-08,1.0845982174600977e-06,6.801388032329214e-06,0.012823023450782449,0.8897845680226814,0.012822861608552534,0.8897845679803196,2.220446049250313e-16
zalesak,4,64,17,112,4,31,0,2.0897849056702306e-07,3.3608466141652697e-09,2.0897849140055769e-07,1.2935767088606553e-06,0.012822861608552534,0.8897845679803196,0.012822830000829767,0.8897845679545736,0.0
zalesak,4,64,18,112,4,31,0,4.070073121847234e-08,6.750114152101583e-10,4.070073345019409e-08,2.496792248507518e-07,0.012822830000829767,0.8897845679545736,0.01282282373393384,0.8897845679534228,5.551115123125783e-17
zalesak,4,64,19,111,5,31,0,8.001042623578813e-09,9.886250469109408e-11,8.001045159744535e-09,4.870177860993863e-08,0.01282282373393384,0.8897845679534228,0.012822822868814011,0.8897845679498005,5.551115123125783e-17
zalesak,4,64,20,111,5,31,0,1.6764523796952702e-10,7.379839611188182e-12,1.6764545307523804e-10,8.001045159744535e-09,0.012822822868814011,0.8897845679498005,0.012822822856089983,0.889784567949083,5.551115123125783e-17
zalesak,4,64,21,111,5,31,0,5.870425673348834e-11,3.9241222727454766e-12,5.870504082849948e-11,2.1100277081131935e-10,0.012822822856089983,0.889784567949083,0.012822822855086824,0.8897845679507809,5.551115123125783e-17
zalesak,4,64,22,111,5,31,0,5.87071190272237e-11,2.7703807403789514e-12,5.870504082849948e-11,4.815348120246199e-11,0.012822822855086824,0.8897845679507809,0.012822822855230103,0.889784567949083,0.0
zalesak,4,64,23,111,5,31,0,5.870425673348834e-11,2.4680348480625886e-12,5.870504082849948e-11,6.508571459562518e-12,0.012822822855230103,0.889784567949083,0.012822822854745175,0.8897845679507809,5.551115123125783e-17
zalesak,4,64,24,111,5,31,0,5.87071190272237e-11,2.3114676542307416e-12,5.870504082849948e-11,1.2036593943776097e-11,0.012822822854745175,0.8897845679507809,0.012822822854778912,0.889784567949083,5.551115123125783e-17
zalesak,4,64,25,111,5,31,0,5.870425673348834e-11,2.234677423712578e-12,5.870504082849948e-11,4.384048679639818e-12,0.012822822854778912,0.889784567949083,0.012822822854661287,0.8897845679507809,5.551115123125783e-17
zalesak,4,64,26,111,5,31,0,5.87071190272237e-11,2.226651397360043e-12,5.870504082849948e-11,8.739675649849232e-13,0.012822822854661287,0.8897845679507809,0.012822822854750207,0.889784567949083,5.551115123125783e-17
zalesak,4,64,27,111,5,31,0,5.870425673348834e-11,2.2255611392835314e-12,5.870504082849948e-11,1.4210854715202004e-13,0.012822822854750207,0.889784567949083,0.0128228228546672,0.8897845679507809,5.551115123125783e-17
zalesak,4,64,28,111,5,31,0,5.87071190272237e-11,2.2254136487177246e-12,5.870504082849948e-11,0.0,0.0128228228546672,0.8897845679507809,0.012822822854750207,0.889784567949083,5.551115123125783e-17
zalesak,4,64,29,111,5,31,0,5.870425673348834e-11,2.2255611392835314e-12,5.870504082849948e-11,0.0,0.012822822854750207,0.889784567949083,0.0128228228546672,0.8897845679507809,5.551115123125783e-17
zalesak,4,64,30,111,5,31,0,5.87071190272237e-11,2.2254136487177246e-12,5.870504082849948e-11,0.0,0.0128228228546672,0.8897845679507809,0.012822822854750207,0.889784567949083,5.551115123125783e-17
zalesak,4,64,31,111,5,31,0,5.870425673348834e-11,2.2255611392835314e-12,5.870504082849948e-11,0.0,0.012822822854750207,0.889784567949083,0.0128228228546672,0.8897845679507809,5.551115123125783e-17
zalesak,4,64,32,111,5,31,0,5.87071190272237e-11,2.2254136487177246e-12,5.870504082849948e-11,0.0,0.0128228228546672,0.8897845679507809,0.012822822854750207,0.889784567949083,5.551115123125783e-17
zalesak,4,64,33,111,5,31,0,5.870425673348834e-11,2.2255611392835314e-12,5.870504082849948e-11,0.0,0.012822822854750207,0.889784567949083,0.0128228228546672,0.8897845679507809,5.551115123125783e-17
zalesak,4,64,34,111,5,31,0,5.87071190272237e-11,2.2254136487177246e-12,5.870504082849948e-11,0.0,0.0128228228546672,0.8897845679507809,0.012822822854750207,0.889784567949083,5.551115123125783e-17
zalesak,4,64,35,111,5,31,0,5.870425673348834e-11,2.2255611392835314e-12,5.870504082849948e-11,0.0,0.012822822854750207,0.889784567949083,0.0128228228546672,0.8897845679507809,5.551115123125783e-17
zalesak,4,64,36,111,5,31,0,5.87071190272237e-11,2.2254136487177246e-12,5.870504082849948e-11,0.0,0.0128228228546672,0.8897845679507809,0.012822822854750207,0.889784567949083,5.551115123125783e-17
zalesak,4,64,37,111,5,31,0,5.870425673348834e-11,2.2255611392835314e-12,5.870504082849948e-11,0.0,0.012822822854750207,0.889784567949083,0.0128228228546672,0.8897845679507809,5.551115123125783e-17
zalesak,4,64,38,111,5,31,0,5.87071190272237e-11,2.2254136487177246e-12,5.870504082849948e-11,0.0,0.0128228228546672,0.8897845679507809,0.012822822854750207,0.889784567949083,5.551115123125783e-17
zalesak,4,64,39,111,5,31,0,5.870425673348834e-11,2.2255611392835314e-12,5.870504082849948e-11,0.0,0.012822822854750207,0.889784567949083,0.0128228228546672,0.8897845679507809,5.551115123125783e-17
zalesak,4,64,40,111,5,31,0,5.87071190272237e-11,2.2254136487177246e-12,5.870504082849948e-11,0.0,0.0128228228546672,0.8897845679507809,0.012822822854750207,0.889784567949083,5.551115123125783e-17
zalesak,4,64,41,111,5,31,0,5.870425673348834e-11,2.2255611392835314e-12,5.870504082849948e-11,0.0,0.012822822854750207,0.889784567949083,0.0128228228546672,0.8897845679507809,5.551115123125783e-17
zalesak,4,64,42,111,5,31,0,5.87071190272237e-11,2.2254136487177246e-12,5.870504082849948e-11,0.0,0.0128228228546672,0.8897845679507809,0.012822822854750207,0.889784567949083,5.551115123125783e-17
zalesak,4,64,43,111,5,31,0,5.870425673348834e-11,2.2255611392835314e-12,5.870504082849948e-11,0.0,0.012822822854750207,0.889784567949083,0.0128228228546672,0.8897845679507809,5.551115123125783e-17
zalesak,4,64,44,111,5,31,0,5.87071190272237e-11,2.2254136487177246e-12,5.870504082849948e-11,0.0,0.0128228228546672,0.8897845679507809,0.012822822854750207,0.889784567949083,5.551115123125783e-17
zalesak,4,64,45,111,5,31,0,5.870425673348834e-11,2.2255611392835314e-12,5.870504082849948e-11,0.0,0.012822822854750207,0.889784567949083,0.0128228228546672,0.8897845679507809,5.551115123125783e-17
zalesak,4,64,46,111,5,31,0,5.87071190272237e-11,2.2254136487177246e-12,5.870504082849948e-11,0.0,0.0128228228546672,0.8897845679507809,0.012822822854750207,0.889784567949083,5.551115123125783e-17
zalesak,4,64,47,111,5,31,0,5.870425673348834e-11,2.2255611392835314e-12,5.870504082849948e-11,0.0,0.012822822854750207,0.889784567949083,0.0128228228546672,0.8897845679507809,5.551115123125783e-17
zalesak,4,64,48,111,5,31,0,5.87071190272237e-11,2.2254136487177246e-12,5.870504082849948e-11,0.0,0.0128228228546672,0.8897845679507809,0.012822822854750207,0.889784567949083,5.551115123125783e-17
zalesak,4,64,49,111,5,31,0,5.870425673348834e-11,2.2255611392835314e-12,5.870504082849948e-11,0.0,0.012822822854750207,0.889784567949083,0.0128228228546672,0.8897845679507809,5.551115123125783e-17
zalesak,4,64,50,111,5,31,0,5.87071190272237e-11,2.2254136487177246e-12,5.870504082849948e-11,0.0,0.0128228228546672,0.8897845679507809,0.012822822854750207,0.889784567949083,5.551115123125783e-17
zalesak,4,64,51,111,5,31,0,5.870425673348834e-11,2.2255611392835314e-12,5.870504082849948e-11,0.0,0.012822822854750207,0.889784567949083,0.0128228228546672,0.8897845679507809,5.551115123125783e-17
zalesak,4,64,52,111,5,31,0,5.87071190272237e-11,2.2254136487177246e-12,5.870504082849948e-11,0.0,0.0128228228546672,0.8897845679507809,0.012822822854750207,0.889784567949083,5.551115123125783e-17
zalesak,4,64,53,111,5,31,0,5.870425673348834e-11,2.2255611392835314e-12,5.870504082849948e-11,0.0,0.012822822854750207,0.889784567949083,0.0128228228546672,0.8897845679507809,5.551115123125783e-17
zalesak,4,64,54,111,5,31,0,5.87071190272237e-11,2.2254136487177246e-12,5.870504082849948e-11,0.0,0.0128228228546672,0.8897845679507809,0.012822822854750207,0.889784567949083,5.551115123125783e-17
zalesak,4,64,55,111,5,31,0,5.870425673348834e-11,2.2255611392835314e-12,5.870504082849948e-11,0.0,0.012822822854750207,0.889784567949083,0.0128228228546672,0.8897845679507809,5.551115123125783e-17
zalesak,4,64,56,111,5,31,0,5.87071190272237e-11,2.2254136487177246e-12,5.870504082849948e-11,0.0,0.0128228228546672,0.8897845679507809,0.012822822854750207,0.889784567949083,5.551115123125783e-17
zalesak,4,64,57,111,5,31,0,5.870425673348834e-11,2.2255611392835314e-12,5.870504082849948e-11,0.0,0.012822822854750207,0.889784567949083,0.0128228228546672,0.8897845679507809,5.551115123125783e-17
zalesak,4,64,58,111,5,31,0,5.87071190272237e-11,2.2254136487177246e-12,5.870504082849948e-11,0.0,0.0128228228546672,0.8897845679507809,0.012822822854750207,0.889784567949083,5.551115123125783e-17
zalesak,4,64,59,111,5,31,0,5.870425673348834e-11,2.2255611392835314e-12,5.870504082849948e-11,0.0,0.012822822854750207,0.889784567949083,0.0128228228546672,0.8897845679507809,5.551115123125783e-17
zalesak,4,64,60,111,5,31,0,5.87071190272237e-11,2.2254136487177246e-12,5.870504082849948e-11,0.0,0.0128228228546672,0.8897845679507809,0.012822822854750207,0.889784567949083,5.551115123125783e-17
zalesak,4,64,61,111,5,31,0,5.870425673348834e-11,2.2255611392835314e-12,5.870504082849948e-11,0.0,0.012822822854750207,0.889784567949083,0.0128228228546672,0.8897845679507809,5.551115123125783e-17
zalesak,4,64,62,111,5,31,0,5.87071190272237e-11,2.2254136487177246e-12,5.870504082849948e-11,0.0,0.0128228228546672,0.8897845679507809,0.012822822854750207,0.889784567949083,5.551115123125783e-17
zalesak,4,64,63,111,5,31,0,5.870425673348834e-11,2.2255611392835314e-12,5.870504082849948e-11,0.0,0.012822822854750207,0.889784567949083,0.0128228228546672,0.8897845679507809,5.551115123125783e-17
zalesak,4,64,64,111,5,31,0,5.87071190272237e-11,2.2254136487177246e-12,5.870504082849948e-11,0.0,0.0128228228546672,0.8897845679507809,0.012822822854750207,0.889784567949083,5.551115123125783e-17
zalesak,4,64,65,111,5,31,0,5.870425673348834e-11,2.2255611392835314e-12,5.870504082849948e-11,0.0,0.012822822854750207,0.889784567949083,0.0128228228546672,0.8897845679507809,5.551115123125783e-17
zalesak,4,64,66,111,5,31,0,5.87071190272237e-11,2.2254136487177246e-12,5.870504082849948e-11,0.0,0.0128228228546672,0.8897845679507809,0.012822822854750207,0.889784567949083,5.551115123125783e-17
zalesak,4,64,67,111,5,31,0,5.870425673348834e-11,2.2255611392835314e-12,5.870504082849948e-11,0.0,0.012822822854750207,0.889784567949083,0.0128228228546672,0.8897845679507809,5.551115123125783e-17
zalesak,4,64,68,111,5,31,0,5.87071190272237e-11,2.2254136487177246e-12,5.870504082849948e-11,0.0,0.0128228228546672,0.8897845679507809,0.012822822854750207,0.889784567949083,5.551115123125783e-17
zalesak,4,64,69,111,5,31,0,5.870425673348834e-11,2.2255611392835314e-12,5.870504082849948e-11,0.0,0.012822822854750207,0.889784567949083,0.0128228228546672,0.8897845679507809,5.551115123125783e-17
zalesak,4,64,70,111,5,31,0,5.87071190272237e-11,2.2254136487177246e-12,5.870504082849948e-11,0.0,0.0128228228546672,0.8897845679507809,0.012822822854750207,0.889784567949083,5.551115123125783e-17
zalesak,4,64,71,111,5,31,0,5.870425673348834e-11,2.2255611392835314e-12,5.870504082849948e-11,0.0,0.012822822854750207,0.889784567949083,0.0128228228546672,0.8897845679507809,5.551115123125783e-17
zalesak,4,64,72,111,5,31,0,5.87071190272237e-11,2.2254136487177246e-12,5.870504082849948e-11,0.0,0.0128228228546672,0.8897845679507809,0.012822822854750207,0.889784567949083,5.551115123125783e-17
zalesak,4,64,73,111,5,31,0,5.870425673348834e-11,2.2255611392835314e-12,5.870504082849948e-11,0.0,0.012822822854750207,0.889784567949083,0.0128228228546672,0.8897845679507809,5.551115123125783e-17
zalesak,4,64,74,111,5,31,0,5.87071190272237e-11,2.2254136487177246e-12,5.870504082849948e-11,0.0,0.0128228228546672,0.8897845679507809,0.012822822854750207,0.889784567949083,5.551115123125783e-17
zalesak,4,64,75,111,5,31,0,5.870425673348834e-11,2.2255611392835314e-12,5.870504082849948e-11,0.0,0.012822822854750207,0.889784567949083,0.0128228228546672,0.8897845679507809,5.551115123125783e-17
zalesak,4,64,76,111,5,31,0,5.87071190272237e-11,2.2254136487177246e-12,5.870504082849948e-11,0.0,0.0128228228546672,0.8897845679507809,0.012822822854750207,0.889784567949083,5.551115123125783e-17
zalesak,4,64,77,111,5,31,0,5.870425673348834e-11,2.2255611392835314e-12,5.870504082849948e-11,0.0,0.012822822854750207,0.889784567949083,0.0128228228546672,0.8897845679507809,5.551115123125783e-17
zalesak,4,64,78,111,5,31,0,5.87071190272237e-11,2.2254136487177246e-12,5.870504082849948e-11,0.0,0.0128228228546672,0.8897845679507809,0.012822822854750207,0.889784567949083,5.551115123125783e-17
zalesak,4,64,79,111,5,31,0,5.870425673348834e-11,2.2255611392835314e-12,5.870504082849948e-11,0.0,0.012822822854750207,0.889784567949083,0.0128228228546672,0.8897845679507809,5.551115123125783e-17
zalesak,4,64,80,111,5,31,0,5.87071190272237e-11,2.2254136487177246e-12,5.870504082849948e-11,0.0,0.0128228228546672,0.8897845679507809,0.012822822854750207,0.889784567949083,5.551115123125783e-17
zalesak,4,64,81,111,5,31,0,5.870425673348834e-11,2.2255611392835314e-12,5.870504082849948e-11,0.0,0.012822822854750207,0.889784567949083,0.0128228228546672,0.8897845679507809,5.551115123125783e-17
zalesak,4,64,82,111,5,31,0,5.87071190272237e-11,2.2254136487177246e-12,5.870504082849948e-11,0.0,0.0128228228546672,0.8897845679507809,0.012822822854750207,0.889784567949083,5.551115123125783e-17
zalesak,4,64,83,111,5,31,0,5.870425673348834e-11,2.2255611392835314e-12,5.870504082849948e-11,0.0,0.012822822854750207,0.889784567949083,0.0128228228546672,0.8897845679507809,5.551115123125783e-17
zalesak,4,64,84,111,5,31,0,5.87071190272237e-11,2.2254136487177246e-12,5.870504082849948e-11,0.0,0.0128228228546672,0.8897845679507809,0.012822822854750207,0.889784567949083,5.551115123125783e-17
zalesak,4,64,85,111,5,31,0,5.870425673348834e-11,2.2255611392835314e-12,5.870504082849948e-11,0.0,0.012822822854750207,0.889784567949083,0.0128228228546672,0.8897845679507809,5.551115123125783e-17
zalesak,4,64,86,111,5,31,0,5.87071190272237e-11,2.2254136487177246e-12,5.870504082849948e-11,0.0,0.0128228228546672,0.8897845679507809,0.012822822854750207,0.889784567949083,5.551115123125783e-17
zalesak,4,64,87,111,5,31,0,5.870425673348834e-11,2.2255611392835314e-12,5.870504082849948e-11,0.0,0.012822822854750207,0.889784567949083,0.0128228228546672,0.8897845679507809,5.551115123125783e-17
zalesak,4,64,88,111,5,31,0,5.87071190272237e-11,2.2254136487177246e-12,5.870504082849948e-11,0.0,0.0128228228546672,0.8897845679507809,0.012822822854750207,0.889784567949083,5.551115123125783e-17
zalesak,4,64,89,111,5,31,0,5.870425673348834e-11,2.2255611392835314e-12,5.870504082849948e-11,0.0,0.012822822854750207,0.889784567949083,0.0128228228546672,0.8897845679507809,5.551115123125783e-17
zalesak,4,64,90,111,5,31,0,5.87071190272237e-11,2.2254136487177246e-12,5.870504082849948e-11,0.0,0.0128228228546672,0.8897845679507809,0.012822822854750207,0.889784567949083,5.551115123125783e-17
zalesak,4,64,91,111,5,31,0,5.870425673348834e-11,2.2255611392835314e-12,5.870504082849948e-11,0.0,0.012822822854750207,0.889784567949083,0.0128228228546672,0.8897845679507809,5.551115123125783e-17
zalesak,4,64,92,111,5,31,0,5.87071190272237e-11,2.2254136487177246e-12,5.870504082849948e-11,0.0,0.0128228228546672,0.8897845679507809,0.012822822854750207,0.889784567949083,5.551115123125783e-17
zalesak,4,64,93,111,5,31,0,5.870425673348834e-11,2.2255611392835314e-12,5.870504082849948e-11,0.0,0.012822822854750207,0.889784567949083,0.0128228228546672,0.8897845679507809,5.551115123125783e-17
zalesak,4,64,94,111,5,31,0,5.87071190272237e-11,2.2254136487177246e-12,5.870504082849948e-11,0.0,0.0128228228546672,0.8897845679507809,0.012822822854750207,0.889784567949083,5.551115123125783e-17
zalesak,4,64,95,111,5,31,0,5.870425673348834e-11,2.2255611392835314e-12,5.870504082849948e-11,0.0,0.012822822854750207,0.889784567949083,0.0128228228546672,0.8897845679507809,5.551115123125783e-17
zalesak,4,64,96,111,5,31,0,5.87071190272237e-11,2.2254136487177246e-12,5.870504082849948e-11,0.0,0.0128228228546672,0.8897845679507809,0.012822822854750207,0.889784567949083,5.551115123125783e-17
zalesak,4,64,97,111,5,31,0,5.870425673348834e-11,2.2255611392835314e-12,5.870504082849948e-11,0.0,0.012822822854750207,0.889784567949083,0.0128228228546672,0.8897845679507809,5.551115123125783e-17
zalesak,4,64,98,111,5,31,0,5.87071190272237e-11,2.2254136487177246e-12,5.870504082849948e-11,0.0,0.0128228228546672,0.8897845679507809,0.012822822854750207,0.889784567949083,5.551115123125783e-17
zalesak,4,64,99,111,5,31,0,5.870425673348834e-11,2.2255611392835314e-12,5.870504082849948e-11,0.0,0.012822822854750207,0.889784567949083,0.0128228228546672,0.8897845679507809,5.551115123125783e-17
zalesak,4,64,100,111,5,31,0,5.87071190272237e-11,2.2254136487177246e-12,5.870504082849948e-11,0.0,0.0128228228546672,0.8897845679507809,0.012822822854750207,0.889784567949083,5.551115123125783e-17
