experiment,algo,resolution,wiggle,seed,case_index,hausdorff_complex,facet_gap_complex,area_error_complex,num_plic_fallback_cells_complex,num_final_missing_cells_complex,hausdorff_final,facet_gap_final,area_error_final,num_plic_fallback_cells_final,num_final_missing_cells_final,N,hausdorff_delta_final_minus_complex,facet_gap_delta_final_minus_complex,area_error_delta_final_minus_complex,hausdorff_material_change
squares,linear+corner,0.5,0.0,0,0,0.5134354849391917,0.0571269189850725,0.0577557106035396,0,0,2.7222142104706596e-08,3.1482251877730733e-09,1.0023148371891051e-09,0,0,50,-0.5134354577170496,-0.057126915836847314,-0.05775570960122477,improved
squares,linear+corner,0.5,0.0,0,1,2.7595687434540016e-10,1.6358333491203106e-10,0.1250735316824576,0,0,2.7595687434540016e-10,3.113431081574698e-12,1.9584065732434585e-11,0,0,50,0.0,-1.6046990383045637e-10,-0.12507353166287355,stable
squares,linear+corner,0.5,0.0,0,2,0.6062093898899218,0.0567831594871365,0.1919731755368489,0,0,1.5690662263993609e-10,6.344751893755121e-12,1.773171030660576e-12,0,0,50,-0.6062093897330152,-0.056783159480791746,-0.19197317553507573,improved
squares,linear+corner,0.5,0.0,0,3,0.181996039960535,0.0174264114439238,0.0871401999807869,0,0,2.650217406490453e-10,6.459188741890248e-11,5.194910415211445e-12,0,0,50,-0.18199603969551328,-0.017426411379331912,-0.08714019997559198,improved
squares,linear+corner,0.5,0.0,0,4,0.5237679250618308,0.0311305910726265,0.0554296154596842,0,0,0.0128647414763696,0.0008184776511505,3.9487801563629776e-10,0,0,50,-0.5109031835854612,-0.030312113421476,-0.05542961506480619,improved
squares,linear+corner,0.5,0.0,0,5,0.2054968988734644,0.0214838932795485,0.0818044138736337,0,0,6.729554117817918e-10,1.5535847770506354e-11,2.940506437069659e-11,0,0,50,-0.20549689820050898,-0.021483893264012652,-0.08180441384422864,improved
squares,linear+corner,0.5,0.0,0,6,2.2185928855109833,0.2335103793827296,0.0420839112171731,0,0,1.4508443459229914e-09,2.0121720256181023e-11,3.276690895527045e-11,0,0,50,-2.218592884060139,-0.23351037936260788,-0.04208391118440619,improved
squares,linear+corner,0.5,0.0,0,7,0.5671364689970892,0.0869577519487358,0.0012261147149481,0,0,1.4227207276237928e-10,1.3911148305354409e-11,7.979609900152394e-12,0,0,50,-0.5671364688548172,-0.08695775193482465,-0.0012261147069684902,improved
squares,linear+corner,0.5,0.0,0,8,0.2094722507969047,0.0028905862570867,0.0584212412971667,0,0,1.9775338359974618e-10,1.4251282181983452e-11,7.135857122588994e-12,0,0,50,-0.2094722505991513,-0.002890586242835418,-0.058421241290030845,improved
squares,linear+corner,0.5,0.0,0,9,0.4816226864180262,0.1166270089548404,1.6830115020460494e-10,0,0,8.516736221373457e-09,3.6832467236298095e-10,1.652349227087073e-10,0,0,50,-0.48162267790129,-0.11662700858651573,-3.066227495897642e-12,improved
squares,linear+corner,0.5,0.0,0,10,0.7626358071003584,0.0850665674029223,0.0166640241285208,0,0,2.5503789815780646e-10,2.885206173523331e-11,4.1175664034456606e-12,0,0,50,-0.7626358068453205,-0.08506656737407024,-0.016664024124403234,improved
squares,linear+corner,0.5,0.0,0,11,0.6904757444298799,0.0469926782075436,0.0392618630064185,0,0,5.97188627741797e-10,6.215571321512004e-11,1.4011583015759805e-12,0,0,50,-0.6904757438326913,-0.04699267814538789,-0.03926186300501734,improved
squares,linear+corner,0.5,0.0,0,12,0.4187753444009428,0.022100048558367,0.0659151745558799,0,0,1.2431254072735757e-08,1.1371694410696226e-09,3.8325372505217844e-10,0,0,50,-0.4187753319696887,-0.022100047421197557,-0.06591517417262618,improved
squares,linear+corner,0.5,0.0,0,13,0.6236173887956118,0.0319470871570038,0.0310542558220244,0,0,3.0761323891397446e-10,2.7697301033872905e-11,8.143134615652329e-12,0,0,50,-0.6236173884879985,-0.031947087129306495,-0.031054255813881264,improved
squares,linear+corner,0.5,0.0,0,14,0.6545389678628648,0.0597101715310596,0.0336324361373839,0,0,1.221647902720459e-09,1.0393486345981676e-10,2.693405817647775e-11,0,0,50,-0.6545389666412169,-0.05971017142712474,-0.03363243611044984,improved
squares,linear+corner,0.5,0.0,0,15,0.4867356789483263,0.0242754125480386,0.0574377483061305,0,0,3.986573187659116e-06,2.0392339473012242e-08,6.340402235843352e-08,0,0,50,-0.48673169237513864,-0.024275392155699127,-0.05743768490210814,improved
squares,linear+corner,0.5,0.0,0,16,0.3276672117780768,0.0134729411563395,0.0476908069895575,0,0,1.4747964533381286e-10,2.1510564821682467e-11,1.4624367290931133e-12,0,0,50,-0.32766721163059714,-0.013472941134828937,-0.047690806988095066,improved
squares,linear+corner,0.5,0.0,0,17,0.7803018224455366,0.0452921121571883,0.0421874388142063,0,0,5.824852597777882e-09,2.5332941750646724e-10,5.2010110173741696e-11,0,0,50,-0.780301816620684,-0.04529211190385888,-0.04218743876219619,improved
squares,linear+corner,0.5,0.0,0,18,9.64506611057884e-09,5.776439444504465e-10,0.0106410033818247,0,0,9.64506611057884e-09,3.8379103077185165e-10,7.114057599296657e-11,0,0,50,0.0,-1.9385291367859486e-10,-0.010641003310684124,stable
squares,linear+corner,0.5,0.0,0,19,0.2488298192715014,0.0142073780307743,0.0271752737076438,0,0,7.814460165457276e-09,8.880800324941362e-10,9.445594126263816e-11,0,0,50,-0.24882981145704125,-0.014207377142694266,-0.02717527361318786,improved
squares,linear+corner,0.5,0.0,0,20,0.5618046689389625,0.019936517781497,0.0495191025888026,0,0,1.660690357505601e-09,6.942129412703768e-11,1.7194666743068328e-11,0,0,50,-0.5618046672782722,-0.019936517712075705,-0.04951910257160793,improved
squares,linear+corner,0.5,0.0,0,21,0.6187395213052082,0.0602306138624961,0.0001392127105259,0,0,7.498974113604896e-10,2.4845283467915808e-11,8.553506064420823e-12,0,0,50,-0.6187395205553108,-0.06023061383765081,-0.00013921270197239392,improved
squares,linear+corner,0.5,0.0,0,22,0.4153610303062836,0.0065475768975732,0.0388920438024577,0,0,4.40476266523342e-09,1.328835609608378e-09,4.3447756926821335e-11,0,0,50,-0.4153610259015209,-0.006547575568737591,-0.03889204375900994,improved
squares,linear+corner,0.5,0.0,0,23,0.6013578820743438,0.0567231810829902,0.0045878190150141,0,0,4.48395805024777e-10,3.751618309050272e-11,1.0872694818208559e-11,0,0,50,-0.601357881625948,-0.05672318104547402,-0.004587819004141405,improved
squares,linear+corner,0.5,0.0,0,24,3.4229621916582543e-10,1.9316073846776408e-10,0.0337526109860019,0,0,1.3704830421763307e-10,3.4236773202855196e-11,3.3395508580724593e-13,0,0,50,-2.0524791494819237e-10,-1.5892396526490887e-10,-0.033752610985667945,improved
squares,linear+corner,0.5,0.05,0,0,0.5102962596852635,0.0599734093921487,0.0640023343872022,0,0,1.5553970918190923e-09,1.6843995145916206e-10,4.7729966278735826e-11,0,0,50,-0.5102962581298663,-0.05997340922370875,-0.06400233433947222,improved
squares,linear+corner,0.5,0.05,0,1,4.5884899087140355e-11,1.4599106119524698e-11,0.1224556441719354,0,0,2.787365963411981e-11,1.4721687567979069e-12,6.635163728358243e-13,0,0,50,-1.8011239453020545e-11,-1.3126937362726791e-11,-0.12245564417127189,stable
squares,linear+corner,0.5,0.05,0,2,0.6682284097850818,0.1296880896750453,0.1225639913111304,0,0,1.7076497679003572e-10,8.828712593723594e-12,2.41185606221131e-12,0,0,50,-0.6682284096143168,-0.1296880896662166,-0.12256399130871853,improved
squares,linear+corner,0.5,0.05,0,3,0.31309375026455,0.0520788193114962,0.076730290796696,0,0,3.1485487615733327e-10,2.0409227125992135e-11,1.9710087059153696e-11,0,0,50,-0.31309374994969513,-0.05207881929108697,-0.07673029077698591,improved
squares,linear+corner,0.5,0.05,0,4,0.4501394123048076,0.0290657814065725,0.0519885961197605,0,0,0.0281913226905979,0.0017514875453045,3.451896021158197e-11,0,0,50,-0.4219480896142097,-0.027314293861268,-0.05198859608524154,improved
squares,linear+corner,0.5,0.05,0,5,0.2235646272835584,0.0230213175575436,0.0881215399645429,0,0,3.0798914228050617e-10,4.4996918130049566e-11,1.2984811034979287e-11,0,0,50,-0.22356462697556925,-0.02302131751254668,-0.0881215399515581,improved
squares,linear+corner,0.5,0.05,0,6,2.261615329166174,0.2229746810590775,0.0421761565152392,0,0,3.192866679746641e-09,1.1388648556395747e-10,7.406503802065965e-11,0,0,50,-2.261615325973307,-0.22297468094519102,-0.04217615644117416,improved
squares,linear+corner,0.5,0.05,0,7,0.5674606109593052,0.0896144426835622,0.0309691015931171,0,0,0.0273127686537642,0.0055749180834174,3.0437626522209697e-12,0,0,50,-0.540147842305541,-0.0840395246001448,-0.030969101590073336,improved
squares,linear+corner,0.5,0.05,0,8,1.6712609860163803,0.1175453503440349,0.0463089713795637,0,0,6.49423289947164e-10,5.206420233113193e-11,2.1819591269346595e-11,0,0,50,-1.671260985366957,-0.1175453502919707,-0.04630897135774411,improved
squares,linear+corner,0.5,0.05,0,9,0.4783002942181085,0.1127668244810461,8.706968470366635e-12,0,0,7.342113105049066e-10,9.220375410442624e-11,5.383443265631945e-12,0,0,50,-0.4783002934838972,-0.11276682438884233,-3.3235252047346903e-12,improved
squares,linear+corner,0.5,0.05,0,10,0.6850228711893698,0.0830447087165682,0.0180487507595988,0,0,1.4333542131526e-08,8.565411387214558e-10,6.169561738000725e-11,0,0,50,-0.6850228568558276,-0.08304470786002706,-0.018048750697903182,improved
squares,linear+corner,0.5,0.05,0,11,0.7634104634485167,0.0498847254849837,0.0391187572447852,0,0,1.150686189189677e-09,4.5409762710448e-11,1.4128743045021722e-11,0,0,50,-0.7634104622978305,-0.04988472543957394,-0.03911875723065646,improved
squares,linear+corner,0.5,0.05,0,12,0.4482200785425845,0.0280262298521422,0.0571955692086455,0,0,1.931893130372143e-09,1.860594485645887e-10,4.564721841194172e-12,0,0,50,-0.44822007661069135,-0.02802622966608275,-0.057195569204080775,improved
squares,linear+corner,0.5,0.05,0,13,0.6277391027228482,0.0344683714359946,0.0284290747270496,0,0,1.4846899045938114e-09,1.0860759522188395e-10,9.838038035400624e-12,0,0,50,-0.6277391012381582,-0.034468371327387004,-0.028429074717211563,improved
squares,linear+corner,0.5,0.05,0,14,0.6717715010540286,0.0600376255570499,0.0319050624238034,0,0,1.7727800397254134e-10,1.7934419709809003e-11,6.490387945083316e-12,0,0,50,-0.6717715008767506,-0.060037625539115486,-0.031905062417313015,improved
squares,linear+corner,0.5,0.05,0,15,0.405267370888199,0.0139342045601316,0.0482170653531704,0,0,2.427859628077111e-10,3.0194791672079725e-11,2.778403093318232e-12,0,0,50,-0.405267370645413,-0.013934204529936808,-0.048217065350392,improved
squares,linear+corner,0.5,0.05,0,16,0.5601687256235178,0.0368431782102813,0.0300739737290146,0,0,3.3503230095151024e-10,2.8253059497086445e-11,1.1383667544037791e-11,0,0,50,-0.5601687252884855,-0.03684317818202824,-0.03007397371763093,improved
squares,linear+corner,0.5,0.05,0,17,0.7246581746549745,0.064581869902027,0.030421167380694,0,0,4.3155504717140676e-10,5.2648684296144906e-11,5.843449348995499e-12,0,0,50,-0.7246581742234195,-0.0645818698493783,-0.03042116737485055,improved
squares,linear+corner,0.5,0.05,0,18,0.4236683955038892,0.012186058639339,0.0103693359581119,0,0,4.0081060288263145e-08,7.277508448962625e-10,4.2215741369042837e-10,0,0,50,-0.4236683554228289,-0.012186057911588154,-0.010369335535954486,improved
squares,linear+corner,0.5,0.05,0,19,0.212398252501499,0.0130456460856639,0.0274062206749027,0,0,3.5617318704151824e-10,6.411919402833623e-11,9.17806934973705e-12,0,0,50,-0.21239825214532582,-0.013045646021544706,-0.027406220665724634,improved
squares,linear+corner,0.5,0.05,0,20,0.5585207259489423,0.0197806051376373,0.0452800278570079,0,0,2.3090900444932593e-09,1.1420142809065363e-10,2.0474524499080087e-11,0,0,50,-0.5585207236398523,-0.01978060502343587,-0.04528002783653338,improved
squares,linear+corner,0.5,0.05,0,21,0.5245974615441827,0.0452644231061213,0.0009914000224525,0,0,0.0139123517117885,0.0004875026127084,4.6555577255239255e-12,0,0,50,-0.5106851098323942,-0.0447769204934129,-0.0009914000177969424,improved
squares,linear+corner,0.5,0.05,0,22,0.4502343357423021,0.0230382374794574,0.2377214383169133,2,0,2.7387972980689544e-10,1.4203693541482322e-10,2.205009795172877e-13,0,0,50,-0.45023433546842234,-0.023038237337420466,-0.23772143831669282,improved
squares,linear+corner,0.5,0.05,0,23,0.6054794667446207,0.057185190520252,0.0043984755649434,0,0,1.1824491625257014e-08,2.763679461746869e-10,8.781663367925659e-11,0,0,50,-0.6054794549201291,-0.05718519024388405,-0.004398475477126767,improved
squares,linear+corner,0.5,0.05,0,24,1.0682949422000551e-10,6.111465205379366e-11,0.0451365920984217,0,0,1.0682949422000551e-10,2.7159915042060624e-11,3.2872277546511205e-12,0,0,50,0.0,-3.395473701173303e-11,-0.04513659209513447,stable
squares,linear+corner,0.5,0.1,0,0,0.5065989943082759,0.0630461233117123,0.0646537712355889,0,0,9.011698032220307e-09,3.7735970222003736e-10,2.8208110675894377e-10,0,0,50,-0.5065989852965779,-0.0630461229343526,-0.06465377095350779,improved
squares,linear+corner,0.5,0.1,0,1,7.132674770202085e-11,2.333199068673203e-11,0.1227039968283711,0,0,6.423722150372201e-11,2.331583385867477e-12,3.1011381642089378e-12,0,0,50,-7.089526198298841e-12,-2.1000407300864553e-11,-0.12270399682526996,stable
squares,linear+corner,0.5,0.1,0,2,0.678336853929907,0.0704997848767813,0.180988926089632,0,0,9.198907249422708e-11,6.567109380194826e-12,4.278426510109145e-12,0,0,50,-0.6783368538379179,-0.07049978487021419,-0.18098892608535355,improved
squares,linear+corner,0.5,0.1,0,3,0.3201062811943586,0.0498524211552276,0.0692374754462418,0,0,5.108104392894172e-10,2.930449916356041e-11,7.829960531441938e-12,0,0,50,-0.32010628068354813,-0.049852421125923106,-0.06923747543841184,improved
squares,linear+corner,0.5,0.1,0,4,0.3956376244473648,0.0284834141969429,0.0485993893642162,0,0,0.0384439275641151,0.0023334313956149,3.548979773089852e-11,0,0,50,-0.3571936968832497,-0.026149982801328003,-0.0485993893287264,improved
squares,linear+corner,0.5,0.1,0,5,0.5850502255748826,0.1064570687099792,0.0240462028038652,0,0,8.435273199709737e-11,1.0886398428560856e-11,5.852606144344169e-12,0,0,50,-0.5850502254905299,-0.1064570686990928,-0.024046202798012593,improved
squares,linear+corner,0.5,0.1,0,6,2.2927023775599547,0.2186000550742594,0.0442367284074106,0,0,6.79416032324276e-10,2.6011016270722315e-11,1.3616462725219539e-11,0,0,50,-2.2927023768805386,-0.21860005504824837,-0.04423672839379414,improved
squares,linear+corner,0.5,0.1,0,7,0.5667841856436985,0.0878446265541653,0.0313913831706149,0,0,0.0098710380728478,0.002154322137663,4.987077914893251e-12,0,0,50,-0.5569131475708506,-0.0856903044165023,-0.03139138316562782,improved
squares,linear+corner,0.5,0.1,0,8,1.888935479047667,0.102931745032446,0.0694290147807787,0,0,4.2638774198016924e-10,2.5594943455108785e-11,1.9668106553630475e-11,0,0,50,-1.888935478621279,-0.10293174500685105,-0.0694290147611106,improved
squares,linear+corner,0.5,0.1,0,9,0.4853273463795773,0.1076729643662282,1.3143256577763188e-11,0,0,4.533371292938687e-10,5.0252270918691836e-11,1.2464577659996556e-11,0,0,50,-0.48532734592624016,-0.10767296431597592,-6.786789177666322e-13,improved
squares,linear+corner,0.5,0.1,0,10,0.7386906250196936,0.0830030000188428,0.011372634738642,0,0,4.2689639956723046e-10,3.2715490501451775e-11,6.465314392155981e-12,0,0,50,-0.7386906245927972,-0.0830029999861273,-0.011372634732176685,improved
squares,linear+corner,0.5,0.1,0,11,0.7220392699702983,0.0494802489867392,0.0388047511503235,0,0,5.46516714578166e-10,4.3414030191117446e-11,1.6794247690295146e-11,0,0,50,-0.7220392694237816,-0.04948024894332517,-0.038804751133529256,improved
squares,linear+corner,0.5,0.1,0,12,0.4778199566612598,0.0286169220361545,0.0528382852805889,0,0,3.0676490025245764e-10,2.6881227824844757e-11,4.643281049235566e-12,0,0,50,-0.4778199563544949,-0.028616922009273273,-0.05283828527594562,improved
squares,linear+corner,0.5,0.1,0,13,0.6622112352361966,0.0335535201491621,0.0282888301147243,0,0,4.750776942026342e-10,2.959668867237601e-11,9.923483363281342e-12,0,0,50,-0.662211234761119,-0.033553520119565416,-0.028288830104800818,improved
squares,linear+corner,0.5,0.1,0,14,0.684311541452556,0.059275651341836,0.0316127953833047,0,0,1.9958081970168187e-10,3.777028556041928e-11,4.305427274603162e-12,0,0,50,-0.6843115412529752,-0.059275651304065716,-0.031612795378999275,improved
squares,linear+corner,0.5,0.1,0,15,0.3500605268621863,0.0151872978719315,0.0471996291908431,0,0,1.240782767707804e-10,1.9500343804083e-11,3.0118226752438514e-13,0,0,50,-0.350060526738108,-0.015187297852431156,-0.047199629190541915,improved
squares,linear+corner,0.5,0.1,0,16,0.6007751518660057,0.0379650953766948,0.0298148359262221,0,0,3.3490424698806666e-10,7.650245320339002e-11,1.6189545002460065e-12,0,0,50,-0.6007751515311015,-0.03796509530019235,-0.029814835924603145,improved
squares,linear+corner,0.5,0.1,0,17,0.7278072426435843,0.0623560272385098,0.0299061344578483,0,0,9.837457299035183e-10,1.1021748723444427e-10,2.194285097030776e-12,0,0,50,-0.7278072416598386,-0.06235602712829231,-0.029906134455654012,improved
squares,linear+corner,0.5,0.1,0,18,0.4494663323034404,0.0123711585505221,0.0112284773925875,0,0,2.8663451319574766e-08,1.265157323839616e-09,1.3604971274872687e-10,0,0,50,-0.4494663036399891,-0.012371157285364776,-0.011228477256537786,improved
squares,linear+corner,0.5,0.1,0,19,0.1843577466444113,0.0120730664228809,0.0273280760950708,0,0,8.709203288605803e-10,6.165839164948083e-11,1.492203048499542e-11,0,0,50,-0.18435774577349096,-0.012073066361222509,-0.027328076080148773,improved
squares,linear+corner,0.5,0.1,0,20,0.5593552342871648,0.0200014890119799,0.0462857809769965,0,0,3.0700628197775598e-09,1.927069974401905e-10,2.961105847239999e-11,0,0,50,-0.559355231217102,-0.020001488819272904,-0.046285780947385446,improved
squares,linear+corner,0.5,0.1,0,21,0.5457630985095646,0.0443115756450955,0.0021453659732937,0,0,2.134626428624991e-09,8.786935871241107e-11,2.8044761202155636e-11,0,0,50,-0.5457630963749381,-0.04431157555722614,-0.002145365945248939,improved
squares,linear+corner,0.5,0.1,0,22,0.4392728699427329,0.0442980087553905,0.1963097945571159,2,0,2.680679868436576e-10,4.709077516460827e-11,4.096686095434554e-12,0,0,50,-0.4392728696746649,-0.044298008708299724,-0.1963097945530192,improved
squares,linear+corner,0.5,0.1,0,23,0.612449455764664,0.0575415589319434,0.0040206747320864,0,0,2.756182620073992e-09,1.0858356570525733e-10,4.028051579533868e-11,0,0,50,-0.6124494530084814,-0.05754155882335983,-0.004020674691805884,improved
squares,linear+corner,0.5,0.1,0,24,1.1022938089721054e-09,3.5149341545475346e-10,0.0431577133958801,0,0,1.1022938089721054e-09,1.98335665467502e-10,4.664788445144091e-12,0,0,50,0.0,-1.5315774998725146e-10,-0.04315771339121531,stable
squares,linear+corner,0.5,0.2,0,0,0.6975673656253049,0.1503996107335642,0.0522828134032116,0,0,2.934735600330175e-10,9.080062869961077e-12,1.7003648853663984e-11,0,0,50,-0.6975673653318313,-0.15039961072448413,-0.05228281338620795,improved
squares,linear+corner,0.5,0.2,0,1,3.23233243648429e-10,3.4258981979482057e-11,0.1226150331006487,0,0,3.23233243648429e-10,7.112165348244517e-12,3.000449740531765e-11,0,0,50,0.0,-2.714681663123754e-11,-0.1226150330706442,stable
squares,linear+corner,0.5,0.2,0,2,0.0607058525612683,0.0021599038519393,0.138744313265947,0,0,2.0949587966429167e-10,2.1153053885252715e-11,8.498419072006783e-12,0,0,50,-0.06070585235177242,-0.002159903830786246,-0.13874431325744857,improved
squares,linear+corner,0.5,0.2,0,3,0.380407835582656,0.11303653597158,0.0606140440516389,0,0,0.3079462153467391,1.9260123202759168e-11,1.1002546390007517e-11,2,0,50,-0.0724616202359169,-0.11303653595231988,-0.060614044040636354,improved
squares,linear+corner,0.5,0.2,0,4,4.0896905934933294e-10,8.088563584612112e-11,0.0144472190310275,0,0,3.7582383409328424e-10,3.5472520435331445e-11,2.703513699538595e-12,0,0,50,-3.3145225256048705e-11,-4.5413115410789676e-11,-0.014447219028323986,stable
squares,linear+corner,0.5,0.2,0,5,0.6710515891151673,0.0820512962151995,0.3690735003432892,0,0,5.554484735081227e-10,3.831412080229638e-11,2.976254531852463e-11,0,0,50,-0.6710515885597188,-0.08205129617688539,-0.36907350031352665,improved
squares,linear+corner,0.5,0.2,0,6,0.4480196939258494,0.0314198361574054,0.0723876533340087,0,0,3.3521553396682316e-10,4.5003463565716565e-11,6.9619102466046234e-12,0,0,50,-0.44801969359063387,-0.031419836112401935,-0.07238765332704679,improved
squares,linear+corner,0.5,0.2,0,7,0.5579505561586338,0.039227135389788,0.0642303633116459,0,0,5.22825455844503e-10,1.4046303580976846e-11,2.0511873073189665e-11,0,0,50,-0.5579505556358083,-0.03922713537574169,-0.06423036329113403,improved
squares,linear+corner,0.5,0.2,0,8,0.6645383260312813,0.0364073714810604,0.0788935338847214,0,0,3.047285855350438e-10,2.087829133153619e-11,1.5136145490052328e-12,0,0,50,-0.6645383257265527,-0.03640737146018211,-0.07889353388320779,improved
squares,linear+corner,0.5,0.2,0,9,0.4953356838632717,0.0708315949218144,0.0266286471307445,0,0,4.6459869142363215e-10,6.707928427570545e-11,6.937364175572647e-12,0,0,50,-0.495335683398673,-0.07083159485473511,-0.026628647123807136,improved
squares,linear+corner,0.5,0.2,0,10,0.8365871929161809,0.0871681403965495,0.0114881031391522,0,0,4.1072901200428936e-10,3.1224380513917425e-11,8.992214362754412e-12,0,0,50,-0.8365871925054519,-0.08716814036532512,-0.011488103130159985,improved
squares,linear+corner,0.5,0.2,0,11,0.6837055310043566,0.0576249364030828,0.0482673060002617,0,0,3.3346582140652542e-09,1.671192373520579e-10,3.844892008972095e-11,0,0,50,-0.6837055276696984,-0.05762493623596356,-0.048267305961812786,improved
squares,linear+corner,0.5,0.2,0,12,0.5461312086891814,0.0237181937493245,0.0503375239992205,0,0,5.259683298650447e-10,3.2626906011205705e-11,1.1926199679092355e-11,0,0,50,-0.546131208163213,-0.023718193716697596,-0.0503375239872943,improved
squares,linear+corner,0.5,0.2,0,13,0.648315736637891,0.0298225814898873,0.0242397052288847,0,0,3.0005519628908917e-10,3.009058390129666e-11,3.9928948374695946e-12,0,0,50,-0.6483157363378358,-0.02982258145979672,-0.024239705224891803,improved
squares,linear+corner,0.5,0.2,0,14,0.5515473329974092,0.0242262910513524,0.068803748482164,0,0,3.4910084074393603e-10,4.1568206068403045e-11,1.2255194229617959e-11,0,0,50,-0.5515473326483084,-0.02422629100978419,-0.0688037484699088,improved
squares,linear+corner,0.5,0.2,0,15,0.3414054273652007,0.0176157523446334,0.0443315398032821,0,0,4.2655655037233437e-10,5.3114711391294335e-11,4.381345180835251e-12,0,0,50,-0.3414054269386441,-0.01761575229151869,-0.044331539798900754,improved
squares,linear+corner,0.5,0.2,0,16,2.3305317267732852,0.1296758776880235,0.0253382157572075,0,0,4.967444310429152e-10,6.742381863558457e-11,4.095257359478114e-12,0,0,50,-2.330531726276541,-0.12967587762059968,-0.02533821575311224,improved
squares,linear+corner,0.5,0.2,0,17,0.7440741814224969,0.0371083503459244,0.0059846277404769,0,0,3.0724420975901934e-09,2.348724379148819e-10,8.211165777945185e-11,0,0,50,-0.7440741783500548,-0.03710835011105196,-0.005984627658365242,improved
squares,linear+corner,0.5,0.2,0,18,0.4824592897636022,0.0121035604982057,0.0125209310574932,0,0,1.5142176427294066e-08,9.259833391645627e-11,1.457601722538145e-10,0,0,50,-0.4824592746214258,-0.012103560405607366,-0.012520930911733027,improved
squares,linear+corner,0.5,0.2,0,19,1.6759687388766051e-09,1.6869852340577475e-10,0.0257438366275269,0,0,1.6759687388766051e-09,1.4477101446146875e-10,9.449554007498284e-12,0,0,50,0.0,-2.3927508944306e-11,-0.025743836618077345,stable
squares,linear+corner,0.5,0.2,0,20,0.7468384672684157,0.0178115088085113,0.0460117211577936,0,0,1.2772407058869476e-08,4.490953401703221e-11,2.3462750399166435e-10,0,0,50,-0.7468384544960087,-0.017811508763601765,-0.0460117209231661,improved
squares,linear+corner,0.5,0.2,0,21,0.5925706508488575,0.0594248911835642,1.2548540481667869e-11,0,0,6.068469559113564e-10,5.754309848603608e-11,1.156569414140038e-11,0,0,50,-0.5925706502420106,-0.059424891126021104,-9.828463402674894e-13,improved
squares,linear+corner,0.5,0.2,0,22,0.9320158765553616,0.0927337693262895,0.2940585933864194,2,0,6.843865362083008e-10,5.185697954767455e-11,7.622621872468269e-12,0,0,50,-0.932015875870975,-0.09273376927443253,-0.29405859337879675,improved
squares,linear+corner,0.5,0.2,0,23,0.7664178391880707,0.0334831808742581,0.0076980278088837,0,0,3.865472339309509e-09,2.1558698374134692e-10,1.3020452565357854e-11,0,0,50,-0.7664178353225983,-0.03348318065867111,-0.007698027795863247,improved
squares,linear+corner,0.5,0.2,0,24,2.5114717939554096,0.0708567976860658,0.030961001124909,0,0,1.4129160884030255e-09,1.9333273469739464e-10,1.2974259855286962e-11,0,0,50,-2.5114717925424936,-0.07085679749273306,-0.03096100111193474,improved
squares,linear+corner,0.5,0.3,0,0,0.7121346265087146,0.0682305616649314,0.0995636716129338,0,0,1.6055848151695944e-09,2.7832626668209035e-10,6.374782005364306e-11,0,0,50,-0.7121346249031298,-0.06823056138660513,-0.09956367154918597,improved
squares,linear+corner,0.5,0.3,0,1,0.145093625364893,0.0158371094001676,0.4724253428113927,0,0,5.435942521165907e-10,5.381781580297685e-11,7.499892085283894e-12,0,0,50,-0.14509362482129876,-0.015837109346349784,-0.4724253428038928,improved
squares,linear+corner,0.5,0.3,0,2,0.4251585883224916,0.0431505908794766,0.3622261336753604,1,0,0.6459553810477648,0.0138633473630529,7.362620980407438e-10,1,0,50,0.22079679272527325,-0.0292872435164237,-0.3622261329390983,worsened
squares,linear+corner,0.5,0.3,0,3,0.3397955801244053,0.0456053572488111,0.242299919972837,2,0,0.3397955801244053,3.3439903421976827e-12,4.996309555103409e-12,2,0,50,0.0,-0.04560535724546711,-0.2422999199678407,stable
squares,linear+corner,0.5,0.3,0,4,0.5741987977972826,0.028173614167846,0.013811542887765,0,0,1.2263805154818827e-06,5.866338412022162e-09,2.558976313639963e-08,0,0,50,-0.5741975714167671,-0.02817360830150759,-0.013811517298001863,improved
squares,linear+corner,0.5,0.3,0,5,0.7387959244994035,0.0500733077761712,0.0565880953946678,0,0,9.166547544965251e-10,1.047869816167558e-10,1.8464791840830343e-11,0,0,50,-0.7387959235827487,-0.050073307671384217,-0.05658809537620301,improved
squares,linear+corner,0.5,0.3,0,6,4.305883110662747e-09,4.1047907907063973e-10,0.0983322603740162,0,0,4.305883110662747e-09,1.3083673645337114e-10,1.8172658675262634e-10,0,0,50,0.0,-2.796423426172686e-10,-0.0983322601922896,stable
squares,linear+corner,0.5,0.3,0,7,0.6490460168265387,0.1094315245455141,0.4233694992190287,0,0,1.5764723688873428e-10,0.0129083021932777,3.900064835909292e-12,0,0,50,-0.6490460166688915,-0.0965232223522364,-0.4233694992151287,improved
squares,linear+corner,0.5,0.3,0,8,8.683256488668046e-09,2.92716600415092e-10,0.088385875820651,0,0,8.683256488668046e-09,7.493887421410391e-11,3.3443360896886364e-10,0,0,50,0.0,-2.1777772620098808e-10,-0.08838587548621739,stable
squares,linear+corner,0.5,0.3,0,9,0.4991431549336011,0.0620950049176502,0.0229014231418318,0,0,1.4526829245249008e-10,1.6144489806885935e-11,9.82158482303762e-13,0,0,50,-0.4991431547883328,-0.06209500490150571,-0.02290142314084964,improved
squares,linear+corner,0.5,0.3,0,10,0.9369621126901004,0.0891807912390128,0.0096821475198066,0,0,4.875973257594086e-09,8.278238621998737e-11,1.0457270913001064e-10,0,0,50,-0.9369621078141271,-0.08918079115623041,-0.009682147415233891,improved
squares,linear+corner,0.5,0.3,0,11,0.7261458249743221,0.0557295865785382,0.0169532968322448,0,0,4.077852343906225e-09,1.5641897194056629e-10,5.222238367139159e-11,0,0,50,-0.7261458208964697,-0.055729586422119226,-0.016953296780022418,improved
squares,linear+corner,0.5,0.3,0,12,0.6314005905923845,0.0296740464184219,0.0337576871435026,0,0,7.738688080854573e-10,5.90787165173675e-11,2.8385256479155193e-12,0,0,50,-0.6314005898185157,-0.029674046359343183,-0.03375768714066407,improved
squares,linear+corner,0.5,0.3,0,13,5.444144575705535e-05,0.0353272910701479,0.192827651419679,0,0,3.669467431922954e-09,6.504107881061482e-10,2.789894317337621e-11,0,0,50,-5.4437776289623425e-05,-0.03532729041973711,-0.19282765139178007,improved
squares,linear+corner,0.5,0.3,0,14,0.7472095778127561,0.0430230382571939,0.0392572002286255,0,0,3.9344886859479804e-10,4.713964498145873e-11,6.430725211648617e-12,0,0,50,-0.7472095774193073,-0.04302303821005425,-0.039257200222194776,improved
squares,linear+corner,0.5,0.3,0,15,0.3105343307020745,0.0196126273193725,0.0411883386720382,0,0,2.20026397382873e-10,3.701147225333735e-11,6.983513503919217e-13,0,0,50,-0.3105343304820481,-0.019612627282361027,-0.04118833867133985,improved
squares,linear+corner,0.5,0.3,0,16,0.7395036279910419,0.0581758874642199,0.0209504326397324,0,0,2.9220221203483052e-09,1.9495946596797077e-10,6.963213873052093e-11,0,0,50,-0.7395036250690198,-0.058175887269260436,-0.02095043257010026,improved
squares,linear+corner,0.5,0.3,0,17,0.693094090554479,0.0378042740207361,0.0038281734930325,0,0,2.1649449030060902e-09,1.0566724324883909e-10,4.607773289264244e-11,0,0,50,-0.6930940883895341,-0.03780427391506885,-0.0038281734469547673,improved
squares,linear+corner,0.5,0.3,0,18,0.501534206943475,0.0120355925795341,0.0107647909538622,0,0,8.805903846526542e-07,3.766417073151872e-09,1.1253657888112064e-08,0,0,50,-0.5015333263530903,-0.012035588813117028,-0.010764779700204313,improved
squares,linear+corner,0.5,0.3,0,19,0.4710186949990695,0.0427278079951035,0.0059438235597221,0,0,6.035050861595977e-10,6.617114968730627e-11,5.902818314819605e-12,0,0,50,-0.47101869439556443,-0.04272780792893235,-0.005943823553819282,improved
squares,linear+corner,0.5,0.3,0,20,1.548279259091397e-09,1.2389482405149472e-10,0.0527180790444951,0,0,1.548279259091397e-09,7.818694372382369e-11,1.2536338847962112e-11,0,0,50,0.0,-4.570788032767104e-11,-0.05271807903195876,stable
squares,linear+corner,0.5,0.3,0,21,0.629559857717823,0.0588310273554931,1.1338307876659122e-11,0,0,5.872130646480304e-10,8.972010904095987e-11,1.1336150801154651e-11,0,0,50,-0.6295598571306099,-0.058831027265772995,-2.1570755044707082e-15,improved
squares,linear+corner,0.5,0.3,0,22,2.0365796386387904,0.1227027526139349,0.0342769899735786,0,0,3.859343310144776e-09,3.1390599135119615e-10,4.5733808728011274e-11,0,0,50,-2.036579634779447,-0.12270275230002892,-0.034276989927844795,improved
squares,linear+corner,0.5,0.3,0,23,3.215933042556729,0.1477342005980133,0.0037000151638868,0,0,1.37979660988315e-09,1.1158184432465232e-10,7.1431455070408416e-12,0,0,50,-3.2159330411769322,-0.14773420048643143,-0.0037000151567436546,improved
squares,linear+corner,0.5,0.3,0,24,0.2788150335835961,0.0135084180053295,0.0258182718805822,0,0,1.2434669295288311e-09,1.7983053672457507e-10,1.959810865102258e-11,0,0,50,-0.27881503234012917,-0.013508417825498964,-0.025818271860984093,improved
squares,linear+corner,0.64,0.0,0,0,0.3829277718781627,0.0466612789993547,0.0894765096181806,0,0,6.295129205286321e-10,1.516771904767804e-11,3.9901434948246256e-11,0,0,64,-0.38292777124864974,-0.046661278984186975,-0.08947650957827917,improved
squares,linear+corner,0.64,0.0,0,1,0.1728146914817548,0.0120996434890178,0.0680734035882858,0,0,1.9926157312929194e-10,6.011022367688599e-12,1.4154194348578007e-11,0,0,64,-0.17281469128249322,-0.012099643483006779,-0.06807340357413161,improved
squares,linear+corner,0.64,0.0,0,2,7.287190068194921e-09,6.47499436926798e-10,0.1046920230933119,0,0,7.287190068194921e-09,5.169049834729231e-10,8.809171186087269e-11,0,0,64,0.0,-1.305944534538749e-10,-0.10469202300522018,stable
squares,linear+corner,0.64,0.0,0,3,0.4496190942763526,0.0796515257042645,0.0096956703744543,0,0,6.088418431218365e-11,9.404033194589642e-12,1.960951420995914e-12,0,0,64,-0.4496190942154684,-0.07965152569486046,-0.009695670372493347,improved
squares,linear+corner,0.64,0.0,0,4,0.5182998922998,0.0270969584402179,0.0233306523366187,0,0,5.95272065228237e-10,4.7060903380894126e-11,1.3843202274038354e-11,0,0,64,-0.518299891704528,-0.027096958393156997,-0.023330652322775498,improved
squares,linear+corner,0.64,0.0,0,5,3.676708135715019e-09,4.355547856569691e-10,0.0524552589122921,0,0,3.676708135715019e-09,2.667591971687605e-10,4.6184364067434156e-11,0,0,64,0.0,-1.687955884882086e-10,-0.05245525886610774,stable
squares,linear+corner,0.64,0.0,0,6,0.5485017833086199,0.0481682248712519,0.0261918178141281,0,0,1.6349426580136236e-09,8.797075660519719e-11,1.7084526699899905e-11,0,0,64,-0.5485017816736772,-0.048168224783281144,-0.026191817797043573,improved
squares,linear+corner,0.64,0.0,0,7,0.1933749619021667,0.0154779161508463,0.0655453617536683,0,0,7.654089493558182e-08,3.77740689333139e-10,1.990367400424943e-09,0,0,64,-0.19337488536127176,-0.01547791577310561,-0.0655453597633009,improved
squares,linear+corner,0.64,0.0,0,8,0.445491186117423,0.0186314058489546,0.0406291341876454,0,0,9.005077290581153e-09,3.7891305332596914e-10,9.366372262188743e-11,0,0,64,-0.4454911771123457,-0.018631405470041548,-0.04062913409398168,improved
squares,linear+corner,0.64,0.0,0,9,0.6510640631488542,0.0786529934305817,2.8746359495688993e-11,0,0,1.5601448154916211e-09,9.378227414547639e-11,2.6879918194659337e-11,0,0,64,-0.6510640615887094,-0.07865299333679943,-1.8664413010296555e-12,improved
squares,linear+corner,0.64,0.0,0,10,6.769907976291312e-10,1.5629087849426646e-10,0.0647243526375311,0,0,4.94442551806728e-10,5.4461089637365546e-11,1.5469671128269705e-11,0,0,64,-1.8254824582240322e-10,-1.0182978885690091e-10,-0.06472435262206143,improved
squares,linear+corner,0.64,0.0,0,11,0.5074853667150334,0.0343328236827581,0.0295566337655338,0,0,2.4190120303887854e-10,2.1782111961429343e-11,4.41600424663527e-12,0,0,64,-0.5074853664731322,-0.03433282366097599,-0.029556633761117793,improved
squares,linear+corner,0.64,0.0,0,12,0.6230297787376681,0.0241304263905882,0.0240592014536306,0,0,6.9636359150438876e-09,2.062437743174788e-10,1.2555641596883223e-10,0,0,64,-0.6230297717740322,-0.024130426184344425,-0.024059201328074185,improved
squares,linear+corner,0.64,0.0,0,13,0.5674611542263348,0.0269699299166671,0.0118618438080513,0,0,4.2288547429001127e-10,6.424961467081729e-11,6.882541069915606e-12,0,0,64,-0.5674611538034493,-0.026969929852417484,-0.011861843801168758,improved
squares,linear+corner,0.64,0.0,0,14,0.5644052273499462,0.0308599357395952,0.0278285828079575,0,0,2.5493627931349083e-10,4.5507529501259006e-11,5.794806205186916e-12,0,0,64,-0.56440522709501,-0.03085993569408767,-0.027828582802162695,improved
squares,linear+corner,0.64,0.0,0,15,0.3482124468280941,0.0118372458596866,0.0506241545514518,0,0,1.3662749800743894e-08,4.727392019916621e-10,1.9418048575884803e-10,0,0,64,-0.3482124331653443,-0.011837245386947397,-0.050624154357271314,improved
squares,linear+corner,0.64,0.0,0,16,0.379640190414645,0.0119237172469322,0.0392373994668433,0,0,3.278973904595805e-09,1.77499938588424e-10,4.951955138746706e-11,0,0,64,-0.37964018713567105,-0.011923717069432262,-0.03923739941732375,improved
squares,linear+corner,0.64,0.0,0,17,0.3854276826844686,0.0242678328461251,0.0122748395944272,0,0,1.2081527236872487e-08,3.572648254162097e-10,1.0073672159357944e-10,0,0,64,-0.38542767060294136,-0.024267832488860275,-0.012274839493690478,improved
squares,linear+corner,0.64,0.0,0,18,1.3305906962723777,0.0647537812261165,0.0220553149021503,0,0,4.657802693865388e-09,1.5205480133008017e-10,1.906275587237392e-11,0,0,64,-1.330590691614575,-0.0647537810740617,-0.022055314883087544,improved
squares,linear+corner,0.64,0.0,0,19,0.4872102617678007,0.0335367771846794,0.0176632903120268,0,0,4.690532605573346e-10,6.041535113515114e-11,5.7423616742191366e-12,0,0,64,-0.48721026129874745,-0.03353677712426405,-0.017663290306284437,improved
squares,linear+corner,0.64,0.0,0,20,0.3933924221835044,0.0141317845508871,0.0105761972551075,0,0,2.246318817922863e-09,8.373062590496052e-11,4.703814451630834e-12,0,0,64,-0.3933924199371856,-0.014131784467156473,-0.010576197250403686,improved
squares,linear+corner,0.64,0.0,0,21,7.403635695418679e-09,2.1758850893036952e-10,0.054322752150206,0,0,7.403635695418679e-09,1.9297577686822959e-10,5.0392039307397855e-11,0,0,64,0.0,-2.4612732062139934e-11,-0.054322752099813965,stable
squares,linear+corner,0.64,0.0,0,22,1.926875788693858e-09,7.484430990205887e-11,0.0295231768441665,0,0,1.926875788693858e-09,5.741169280292839e-11,1.1882770037825507e-11,0,0,64,0.0,-1.7432617099130485e-11,-0.02952317683228373,stable
squares,linear+corner,0.64,0.0,0,23,0.5023556647215291,0.0169449468602329,0.014466762727979,0,0,1.4620886773835418e-08,2.6836124146476955e-10,9.488468186570926e-11,0,0,64,-0.5023556501006424,-0.016944946591871658,-0.014466762633094318,improved
squares,linear+corner,0.64,0.0,0,24,0.4706562112866686,0.0178203667049987,0.0187789981891886,0,0,1.278098151727775e-07,2.2488302667830348e-09,1.3545339722205231e-09,0,0,64,-0.47065608347685345,-0.01782036445616843,-0.01877899683465463,improved
squares,linear+corner,0.64,0.05,0,0,0.3724457338504701,0.064164285560711,0.0632898279043581,0,0,2.3387937522700057e-10,4.9142038635137e-11,3.58344282739084e-12,0,0,64,-0.3724457336165907,-0.06416428551156897,-0.06328982790077466,improved
squares,linear+corner,0.64,0.05,0,1,6.818461870614273e-11,2.213861800129776e-11,0.073372929709189,0,0,6.818461870614273e-11,7.421393819457558e-12,5.509106860338195e-12,0,0,64,0.0,-1.4717224181840202e-11,-0.0733729297036799,stable
squares,linear+corner,0.64,0.05,0,2,1.511674786814104e-09,1.8746631717678438e-10,0.1020943774184418,0,0,1.511674786814104e-09,1.3232116159879918e-10,1.1446527201840816e-11,0,0,64,0.0,-5.51451555779852e-11,-0.10209437740699527,stable
squares,linear+corner,0.64,0.05,0,3,0.1538920265056458,0.0115120457112527,0.0480722830356288,0,0,1.9822272582574696e-10,3.1715789366034355e-11,6.538269461489198e-12,0,0,64,-0.15389202630742307,-0.01151204567953691,-0.04807228302909053,improved
squares,linear+corner,0.64,0.05,0,4,0.1216449847178563,0.0026134971085546,0.0260516349189643,0,0,1.4227944803897736e-09,5.169093343007292e-11,3.874659084266023e-11,0,0,64,-0.12164498329506182,-0.0026134970568636668,-0.026051634880217712,improved
squares,linear+corner,0.64,0.05,0,5,0.3560294660833089,0.0333351360428546,0.0265423734993448,0,0,1.9893466519444887e-10,7.115680613707937e-12,6.335647396045993e-12,0,0,64,-0.35602946588437423,-0.03333513603573892,-0.026542373493009152,improved
squares,linear+corner,0.64,0.05,0,6,0.539449910417503,0.0443463214531036,0.0293047969017686,0,0,2.911522801235935e-10,7.695474127627289e-11,7.387666540787035e-12,0,0,64,-0.5394499101263507,-0.044346321376148856,-0.02930479689438093,improved
squares,linear+corner,0.64,0.05,0,7,0.225984506076189,0.0159980506991661,0.0701052001115589,0,0,5.582128367070408e-10,7.918920174708576e-11,1.8775544377241203e-11,0,0,64,-0.22598450551797616,-0.0159980506199769,-0.07010520009278334,improved
squares,linear+corner,0.64,0.05,0,8,0.4387885019590314,0.0184992230799159,0.0441633476468125,0,0,3.145566839298456e-09,1.344221350039482e-10,9.645840008549656e-12,0,0,64,-0.43878849881346454,-0.018499222945493762,-0.04416334763716666,improved
squares,linear+corner,0.64,0.05,0,9,0.6415679704914704,0.0835547537371068,2.0285937935731048e-11,0,0,1.1793831347910603e-09,6.741791514995619e-11,3.215216697882797e-11,0,0,64,-0.6415679693120873,-0.08355475366968888,1.1866229043096919e-11,improved
squares,linear+corner,0.64,0.05,0,10,1.3619366096727843,0.034060502839346,0.0276392360009119,0,0,1.5247079477568273e-08,1.4982051294665402e-10,3.495976865300096e-10,0,0,64,-1.361936594425705,-0.03406050268952549,-0.027639235651314212,improved
squares,linear+corner,0.64,0.05,0,11,0.4846991061493199,0.033189988549088,0.0295150309122658,0,0,5.339931817174146e-10,3.410620209355024e-11,1.507053766835077e-12,0,0,64,-0.4846991056153267,-0.0331899885149818,-0.029515030910758744,improved
squares,linear+corner,0.64,0.05,0,12,0.5651380209219892,0.0334674121165393,0.0067571433388473,0,0,2.66630862370583e-09,1.6372584062175146e-10,2.754880480540613e-11,0,0,64,-0.5651380182556806,-0.03346741195281346,-0.006757143311298496,improved
squares,linear+corner,0.64,0.05,0,13,0.5372085750531119,0.0260604348497437,0.0113447404137548,0,0,4.726601026824429e-09,1.5061466804108e-10,6.696069480763239e-11,0,0,64,-0.5372085703265109,-0.026060434699129033,-0.011344740346794105,improved
squares,linear+corner,0.64,0.05,0,14,0.5875205808326757,0.0322479818461272,0.025929768531296,0,0,4.4021458109802375e-09,3.80396238975139e-10,3.3087558157892705e-11,0,0,64,-0.5875205764305299,-0.032247981465730956,-0.025929768498208442,improved
squares,linear+corner,0.64,0.05,0,15,0.3590937769300956,0.0119371747139873,0.050216037698066,0,0,1.3229167271090672e-09,9.157693754505216e-11,2.1364741218630438e-11,0,0,64,-0.35909377560717887,-0.011937174622410363,-0.050216037676701256,improved
squares,linear+corner,0.64,0.05,0,16,0.3913841482342524,0.0257701763552851,0.0374098446066361,0,0,1.4507579840146983e-09,1.0607949156302874e-10,3.360279329071239e-11,0,0,64,-0.3913841467834944,-0.025770176249205606,-0.037409844573033306,improved
squares,linear+corner,0.64,0.05,0,17,0.6025273380539984,0.039320429409884,0.0056296052931374,0,0,5.003566671774998e-09,2.1035302809977064e-10,5.074038628214261e-11,0,0,64,-0.6025273330504317,-0.03932042919953097,-0.005629605242397014,improved
squares,linear+corner,0.64,0.05,0,18,7.167417089409736e-09,3.65417572974839e-10,0.0456388300394929,0,0,1.464692248640479e-09,8.965468345190351e-11,2.9022335138371543e-11,0,0,64,-5.702724840769257e-09,-2.757628895229355e-10,-0.04563883001047057,improved
squares,linear+corner,0.64,0.05,0,19,0.4629180824215611,0.0304198705935943,0.0173504604472143,0,0,2.1718332983539942e-10,3.6352501334219714e-11,5.727446270385702e-12,0,0,64,-0.46291808220437775,-0.0304198705572418,-0.017350460441486852,improved
squares,linear+corner,0.64,0.05,0,20,1.188033916114946,0.0241525689507905,0.0117469337029614,0,0,1.2999144733098057e-08,5.213426642087759e-10,8.517489314742998e-11,0,0,64,-1.1880339031158014,-0.024152568429447838,-0.011746933617786507,improved
squares,linear+corner,0.64,0.05,0,21,6.754525126226709e-09,2.1713111975298723e-10,0.0552117006465931,0,0,6.754525126226709e-09,1.8387939420736675e-10,4.873512187460943e-11,0,0,64,0.0,-3.325172554562048e-11,-0.05521170059785798,stable
squares,linear+corner,0.64,0.05,0,22,9.42367105927897e-10,1.1880152190168962e-10,0.0290902416880597,0,0,9.42367105927897e-10,9.636258280211886e-11,4.260820139235078e-12,0,0,64,0.0,-2.2438939099570758e-11,-0.029090241683798878,stable
squares,linear+corner,0.64,0.05,0,23,0.4780721537938056,0.0287466693889034,0.0141580953650362,0,0,5.8896032153735625e-06,1.3726183441733e-08,7.534977081884996e-08,0,0,64,-0.47806626419059023,-0.028746655662719958,-0.014158020015265381,improved
squares,linear+corner,0.64,0.05,0,24,0.4499946967873166,0.0171890959338966,0.0182733679716833,0,0,8.84195426935002e-10,3.8301378794043505e-11,1.0283752825016522e-11,0,0,64,-0.44999469590312113,-0.01718909589559522,-0.018273367961399545,improved
squares,linear+corner,0.64,0.1,0,0,0.3580646286568946,0.0616863211752269,0.0707792452627831,0,0,2.823500180483417e-10,5.494690339847814e-11,1.4552499924735229e-12,0,0,64,-0.35806462837454456,-0.06168632112028,-0.07077924526132785,improved
squares,linear+corner,0.64,0.1,0,1,1.550297421547263,0.1252847012167934,0.0694899005579151,0,0,1.6576320803644942e-10,5.029444737621703e-11,2.555422551695737e-12,0,0,64,-1.5502974213814997,-0.12528470116649895,-0.06948990055535967,improved
squares,linear+corner,0.64,0.1,0,2,7.564833688678135e-10,1.0478413055593852e-10,0.09948325225519,0,0,7.564833688678135e-10,6.687721391570608e-11,1.4735070771636223e-11,0,0,64,0.0,-3.7906916640232435e-11,-0.09948325224045493,stable
squares,linear+corner,0.64,0.1,0,3,0.1397393308383906,0.0116887100632598,0.047056957033758,0,0,8.496023788910207e-11,1.0212634284310332e-11,2.504715750697528e-12,0,0,64,-0.13973933075343037,-0.011688710053047165,-0.04705695703125328,improved
squares,linear+corner,0.64,0.1,0,4,0.0988053676186127,0.0026492463458638,0.0271637658008613,0,0,2.942231648938119e-09,2.4974579689386804e-10,1.010499076393518e-11,0,0,64,-0.09880536467638104,-0.002649246096118003,-0.02716376579075631,improved
squares,linear+corner,0.64,0.1,0,5,0.3903512322001128,0.0358320480208043,0.0265132971716441,0,0,1.546752024220989e-09,2.7495183046967483e-11,5.1377392124951914e-11,0,0,64,-0.3903512306533608,-0.03583204799330912,-0.026513297120266708,improved
squares,linear+corner,0.64,0.1,0,6,0.5312687687703268,0.0408316777375567,0.0327463378651172,0,0,3.8674645489016537e-10,4.756738999474809e-11,2.1486490320313668e-12,0,0,64,-0.5312687683835804,-0.04083167768998931,-0.03274633786296855,improved
squares,linear+corner,0.64,0.1,0,7,0.2685972845038952,0.016855583527338,0.0753374395230059,0,0,2.936203132883046e-09,2.4364733615702907e-10,6.756032896012082e-11,0,0,64,-0.2685972815676921,-0.016855583283690665,-0.07533743945544556,improved
squares,linear+corner,0.64,0.1,0,8,0.4323365564375298,0.0185541237075177,0.0414832656530413,0,0,1.0233195059964171e-09,6.858571671262413e-11,3.5541353530476174e-11,0,0,64,-0.4323365554142103,-0.018554123638931982,-0.041483265617499945,improved
squares,linear+corner,0.64,0.1,0,9,0.647870650862012,0.0867870674453656,1.8346000308162507e-11,0,0,6.515124261536525e-10,4.371625443349776e-11,1.5853311286841893e-11,0,0,64,-0.6478706502104996,-0.08678706740164935,-2.492689021320613e-12,improved
squares,linear+corner,0.64,0.1,0,10,1.5128948379858094,0.0749658761902337,0.0156892811770143,0,0,2.42199902887796e-09,9.132820509328343e-11,4.3620410603174905e-11,0,0,64,-1.5128948355638103,-0.0749658760989055,-0.01568928113339389,improved
squares,linear+corner,0.64,0.1,0,11,0.4145388720851954,0.0158405180507884,0.0427123480191794,0,0,8.776064924320967e-10,4.9016955126257865e-11,2.112312392843195e-11,0,0,64,-0.4145388712075889,-0.015840518001771445,-0.042712347998056274,improved
squares,linear+corner,0.64,0.1,0,12,1.713706395610575,0.0661312181013645,0.0030671122110202,0,0,1.797894401309358e-08,1.2758104597889915e-10,1.3888637696632451e-06,0,0,64,-1.7137063776316308,-0.06613121797378346,-0.0030657233472505367,improved
squares,linear+corner,0.64,0.1,0,13,0.5088371680125086,0.025121297291319,0.0107570339199273,0,0,4.2538571657122465e-09,2.7537965997309535e-10,6.949141892671658e-11,0,0,64,-0.5088371637586514,-0.02512129701593934,-0.01075703385043588,improved
squares,linear+corner,0.64,0.1,0,14,0.3436671443022498,0.0143645401013615,0.0502813561388852,0,0,3.67212597355194e-10,4.418643271570859e-11,7.199832290716077e-12,0,0,64,-0.3436671439350372,-0.014364540057175067,-0.05028135613168537,improved
squares,linear+corner,0.64,0.1,0,15,0.3699756538065095,0.0120205781963694,0.0481770911178184,0,0,1.2811571347800875e-06,4.4404647494096364e-08,2.7835906790600193e-08,0,0,64,-0.3699743726493747,-0.012020533791721907,-0.04817706328191161,improved
squares,linear+corner,0.64,0.1,0,16,0.4036434842129942,0.0254459706051806,0.0374282538998201,0,0,1.0382697914678188e-08,6.608410712289765e-10,1.9463847411336957e-10,0,0,64,-0.40364347383029625,-0.025445969944339526,-0.03742825370518163,improved
squares,linear+corner,0.64,0.1,0,17,0.6224757117755466,0.0399768428644478,0.0054003977928366,0,0,3.146637115996474e-09,1.0717676023146535e-10,3.373697772954908e-11,0,0,64,-0.6224757086289096,-0.039976842757271036,-0.005400397759099622,improved
squares,linear+corner,0.64,0.1,0,18,1.4282008315030563,0.0621643118367928,0.0235886647920348,0,0,8.963473067705541e-09,1.5974471659780737e-10,1.2643415023699934e-10,0,0,64,-1.4282008225395832,-0.062164311677048084,-0.02358866466560065,improved
squares,linear+corner,0.64,0.1,0,19,0.4360143860382236,0.0289107852014,0.0166677534180347,0,0,6.631221309361234e-10,1.1799330873369772e-10,8.459525720878916e-12,0,0,64,-0.4360143853751015,-0.02891078508340669,-0.016667753409575176,improved
squares,linear+corner,0.64,0.1,0,20,1.1801326467583453,0.0364195716785405,0.0121898030744413,0,0,2.7481456868670947e-09,1.5813512455887968e-10,4.7184730936305325e-11,0,0,64,-1.1801326440101996,-0.036419571520405376,-0.01218980302725657,improved
squares,linear+corner,0.64,0.1,0,21,1.4535252077463056e-08,3.6622374997384337e-10,0.0558896273569416,0,0,1.4535252077463056e-08,3.2859154073118717e-10,9.212569715577734e-11,0,0,64,0.0,-3.7632209242656204e-11,-0.0558896272648159,stable
squares,linear+corner,0.64,0.1,0,22,0.0292660603718911,0.0003661238328347,0.0300707896210624,0,0,1.2866650708518212e-10,2.561073039341972e-11,1.3746054408587212e-12,0,0,64,-0.029266060243224593,-0.0003661238072239696,-0.030070789619687795,improved
squares,linear+corner,0.64,0.1,0,23,0.3779183647520499,0.0178151758024418,0.0235438392203029,0,0,1.797840841109464e-09,1.3109507158415996e-10,2.022347436025747e-11,0,0,64,-0.37791836295420905,-0.017815175671346727,-0.023543839200079426,improved
squares,linear+corner,0.64,0.1,0,24,0.4231459106979599,0.017147839349586,0.0186235883894042,0,0,2.8184509723943867e-10,2.5846074216628636e-11,2.308616890848715e-12,0,0,64,-0.4231459104161148,-0.017147839323739925,-0.01862358838709558,improved
squares,linear+corner,0.64,0.2,0,0,0.3211502594853611,0.0840006474156304,0.0619795495971133,0,0,2.3804777388618547e-10,2.2682402154207488e-11,4.3950169209590416e-12,0,0,64,-0.32115025924731333,-0.084000647392948,-0.06197954959271828,improved
squares,linear+corner,0.64,0.2,0,1,0.0400138992486021,0.0011797982392486,0.0518120231739766,0,0,4.033870579073093e-10,1.2999821956043452e-11,1.4775121609977004e-11,0,0,64,-0.04001389884521504,-0.001179798226248778,-0.051812023159201484,improved
squares,linear+corner,0.64,0.2,0,2,6.686149038825505e-11,2.1888781416524037e-11,0.094196622478034,0,0,4.742634896396054e-11,5.717749696066679e-12,2.5384404458861066e-13,0,0,64,-1.9435141424294514e-11,-1.6171031720457358e-11,-0.09419662247778016,stable
squares,linear+corner,0.64,0.2,0,3,2.0681110872946854e-09,7.842232295324915e-10,0.0557576720993944,0,0,6.675829222312052e-10,5.412460780536342e-11,9.674644311386829e-12,0,0,64,-1.4005281650634802e-09,-7.30098621727128e-10,-0.055757672089719754,improved
squares,linear+corner,0.64,0.2,0,4,0.5717604363427221,0.0272885455995406,0.0212615130040848,0,0,5.473168895877643e-10,4.526675027718001e-11,1.0983248685791134e-11,0,0,64,-0.5717604357954053,-0.02728854555427385,-0.021261512993101552,improved
squares,linear+corner,0.64,0.2,0,5,0.4307445418864107,0.0296858036209528,0.0666474816386824,0,0,8.012548224235949e-11,1.0125279333390264e-11,1.1425142989827122e-12,0,0,64,-0.43074454180628524,-0.02968580361082752,-0.06664748163753988,improved
squares,linear+corner,0.64,0.2,0,6,0.5167496787074471,0.0184954213665019,0.0299318486043982,0,0,0.0028175488757599,0.0001481680213641,7.827762686113353e-09,0,0,64,-0.5139321298316872,-0.0183472533451378,-0.029931840776635514,improved
squares,linear+corner,0.64,0.2,0,7,0.4157547955708638,0.020040226543729,0.0759873976009166,0,0,1.8331545860430576e-10,1.6855913929861156e-11,1.2613000497996274e-11,0,0,64,-0.41575479538754834,-0.020040226526873088,-0.07598739758830361,improved
squares,linear+corner,0.64,0.2,0,8,0.422061180030238,0.0177832378580137,0.0407648411252242,0,0,8.220877906839693e-10,4.5215097187343465e-11,4.7556238587820834e-11,0,0,64,-0.42206117920815023,-0.017783237812798603,-0.040764841077667965,improved
squares,linear+corner,0.64,0.2,0,9,0.748842675632372,0.0882267204322253,8.700217875650535e-11,0,0,7.690802716387797e-09,2.1566887080003334e-10,9.626984483031949e-11,0,0,64,-0.7488426679415693,-0.08822672021655643,9.267666073814141e-12,improved
squares,linear+corner,0.64,0.2,0,10,1.5506226059455815e-09,2.083419511509089e-10,0.0444448899066617,0,0,1.5506226059455815e-09,1.0995386515548379e-10,4.404657822498439e-11,0,0,64,0.0,-9.83880859954251e-11,-0.04444488986261512,stable
squares,linear+corner,0.64,0.2,0,11,0.3748266566525386,0.0151961419597868,0.069223363671555,0,0,2.1954420298275657e-07,6.081804023135554e-09,2.250777649953792e-09,0,0,64,-0.37482643710833563,-0.015196135877982776,-0.06922336142077735,improved
squares,linear+corner,0.64,0.2,0,12,0.4131210712669144,0.0267082986905537,0.0453284898267757,0,0,2.2623345390541863e-09,1.0809019919953335e-10,4.271458068771129e-11,0,0,64,-0.41312106900457984,-0.0267082985824635,-0.04532848978406112,improved
squares,linear+corner,0.64,0.2,0,13,0.4559577155169925,0.0124607535039229,0.0258814432398753,0,0,1.5774624393732355e-09,5.0454284954019165e-11,1.6900254774760987e-11,0,0,64,-0.45595771393953005,-0.012460753453468615,-0.025881443222975045,improved
squares,linear+corner,0.64,0.2,0,14,1.0581665261311797,0.059853673692862,0.0633788764403092,0,0,1.1407049649777395e-10,1.997120130934116e-11,1.0367599422933564e-12,0,0,64,-1.0581665260171091,-0.0598536736728908,-0.06337887643927245,improved
squares,linear+corner,0.64,0.2,0,15,0.3925503894311502,0.0122073676463548,0.0455633302752749,0,0,5.723361617083076e-10,4.399334600140184e-11,5.50150685047984e-12,0,0,64,-0.39255038885881405,-0.012207367602361454,-0.04556333026977339,improved
squares,linear+corner,0.64,0.2,0,16,0.4295252247643847,0.0251468324209447,0.0334108783470929,0,0,1.798088096266579e-09,1.8817372079220763e-10,6.615954297311518e-11,0,0,64,-0.4295252229662966,-0.02514683223277098,-0.03341087828093336,improved
squares,linear+corner,0.64,0.2,0,17,0.654635934899434,0.0576794229018735,1.2160202143931244e-10,0,0,5.1128356111432335e-09,2.7495736192852267e-10,1.2321552076646203e-10,0,0,64,-0.6546359297865983,-0.05767942262691614,1.6134993271495883e-12,improved
squares,linear+corner,0.64,0.2,0,18,6.882030889707912e-09,3.58279725155063e-10,0.0517192687203048,0,0,6.882030889707912e-09,2.7512867392340665e-10,4.610066260520724e-11,0,0,64,0.0,-8.315105123165636e-11,-0.051719268674204136,stable
squares,linear+corner,0.64,0.2,0,19,0.435352053468666,0.0224212829730091,0.0170824224941275,0,0,1.6492695409369072e-09,1.192414204911256e-10,1.5117844396607724e-11,0,0,64,-0.43535205181939646,-0.022421282853767682,-0.017082422479009655,improved
squares,linear+corner,0.64,0.2,0,20,0.3915251381500205,0.0145283880146299,0.0176352630757898,0,0,6.885649038890093e-09,2.7544563815934067e-10,2.475142324843643e-11,0,0,64,-0.39152513126437144,-0.014528387739184261,-0.017635263051038377,improved
squares,linear+corner,0.64,0.2,0,21,0.2953886764735072,0.0099293214647258,0.0461541038879953,0,0,2.806546954278564e-09,1.0498079068498762e-10,5.019880952728101e-11,0,0,64,-0.29538867366696026,-0.009929321359745008,-0.04615410383779649,improved
squares,linear+corner,0.64,0.2,0,22,2.172540671645673e-10,4.069660252380949e-11,0.0177137745116441,0,0,2.172540671645673e-10,2.9347964684195615e-11,5.8858579783632495e-12,0,0,64,0.0,-1.1348637839613874e-11,-0.017713774505758242,stable
squares,linear+corner,0.64,0.2,0,23,0.3615188168942773,0.0167305599218654,0.022288460293449,0,0,2.1272660190998355e-09,1.0584701109385938e-10,9.217955636870198e-12,0,0,64,-0.36151881476701125,-0.016730559816018387,-0.022288460284231044,improved
squares,linear+corner,0.64,0.2,0,24,0.3372274655504956,0.0179600919068051,0.0177274117357968,0,0,2.506747995146915e-09,1.2195365644168022e-10,2.366057573166563e-12,0,0,64,-0.3372274630437476,-0.017960091784851445,-0.01772741173343074,improved
squares,linear+corner,0.64,0.3,0,0,0.324158565100977,0.0873584893358105,0.0596321110199162,0,0,2.6849921239685063e-09,2.187727577328148e-11,1.22781309566503e-10,0,0,64,-0.3241585624159849,-0.08735848931393322,-0.05963211089713489,improved
squares,linear+corner,0.64,0.3,0,1,0.6600753703073121,0.0361216471531003,0.0264534298747086,0,0,2.396875826179488e-09,1.8887080506526572e-10,9.111830742887198e-11,0,0,64,-0.6600753679104363,-0.036121646964229495,-0.026453429783590294,improved
squares,linear+corner,0.64,0.3,0,2,7.512326555831927e-10,1.6537391614131187e-10,0.0770180561931105,0,0,7.512326555831927e-10,4.5428761974811356e-11,5.775310299202494e-12,0,0,64,0.0,-1.1994515416650051e-10,-0.07701805618733519,stable
squares,linear+corner,0.64,0.3,0,3,0.1668181981475704,0.0888458658865512,0.0190023811588882,1,0,0.5413839290376966,0.0513298460681499,2.445127740827936e-12,1,0,64,0.37456573089012624,-0.0375160198184013,-0.019002381156443073,worsened
squares,linear+corner,0.64,0.3,0,4,0.6141744535870398,0.0305674890944465,0.0280684866328194,0,0,1.9570615851191303e-05,8.542228937807159e-08,5.139478895703447e-07,0,0,64,-0.6141548829711886,-0.03056740367215712,-0.02806797268492983,improved
squares,linear+corner,0.64,0.3,0,5,0.4683230308792174,0.0288390974867917,0.0622238008583533,0,0,1.0395490811311464e-09,2.2138631044305874e-10,8.062915775896898e-12,0,0,64,-0.46832302983966834,-0.028839097265405386,-0.06222380085029038,improved
squares,linear+corner,0.64,0.3,0,6,0.5894543133308255,0.0466839855092053,0.0333690233004354,0,0,4.3533765468438615e-10,4.7383356109563705e-11,1.5648497944219841e-12,0,0,64,-0.5894543128954879,-0.046683985461821946,-0.03336902329887055,improved
squares,linear+corner,0.64,0.3,0,7,1.5297524620380225,0.1050961811043026,0.0830966464565186,0,0,1.8031245201991643e-10,2.5428964144075714e-11,5.501034531302549e-12,0,0,64,-1.52975246185771,-0.10509618107887364,-0.08309664645101757,improved
squares,linear+corner,0.64,0.3,0,8,0.2432198942997171,0.0048681219756975,0.0368009152829041,0,0,0.0126630463530356,0.0005846213829875,2.222905040458807e-11,0,0,64,-0.2305568479466815,-0.00428350059271,-0.03680091526067505,improved
squares,linear+corner,0.64,0.3,0,9,0.8573349354990635,0.0675727255295108,0.0348571611281992,0,0,5.176288052457551e-09,7.492823985383526e-11,1.5208355400583307e-10,0,0,64,-0.8573349303227754,-0.06757272545458255,-0.034857160976115645,improved
squares,linear+corner,0.64,0.3,0,10,0.1385715996865845,0.0021446094213166,0.037321882582304,0,0,2.2769239640864377e-08,1.7538085751856655e-10,5.547379199873624e-10,0,0,64,-0.13857157691734487,-0.0021446092459357427,-0.037321882027566075,improved
squares,linear+corner,0.64,0.3,0,11,7.305671597028175e-10,7.830078074676385e-11,0.055221120056523,0,0,7.305671597028175e-10,6.319739188699385e-11,6.0570286849371616e-12,0,0,64,0.0,-1.510338885977e-11,-0.05522112005046597,stable
squares,linear+corner,0.64,0.3,0,12,0.3279217188055089,0.0239755896340127,0.0440238393518059,0,0,9.222240592201753e-10,8.086687545649694e-11,5.6923463686272955e-12,0,0,64,-0.32792171788328484,-0.023975589553145823,-0.04402383934611355,improved
squares,linear+corner,0.64,0.3,0,13,0.4173034800220076,0.0122552578630297,0.0245942303788402,0,0,1.152861951143362e-09,9.300966588343089e-11,1.9046166619609142e-11,0,0,64,-0.41730347886914565,-0.012255257770020034,-0.024594230359794033,improved
squares,linear+corner,0.64,0.3,0,14,7.16687366263604e-10,0.0215232843511839,0.1834760822183371,0,0,1.3592302752702708e-08,1.0587242201973546e-09,1.658526516790314e-10,0,0,64,1.2875615386439104e-08,-0.021523283292459682,-0.18347608205248445,worsened
squares,linear+corner,0.64,0.3,0,15,0.4938766601133594,0.0188603660201298,0.0543129740525646,0,0,3.3749159401059817e-10,3.713055408384999e-11,8.33260980048306e-12,0,0,64,-0.4938766597758678,-0.018860365982999245,-0.054312974044231986,improved
squares,linear+corner,0.64,0.3,0,16,0.4557435135349069,0.0249462322657776,0.0188146869097539,0,0,2.3393861016420442e-09,7.89317840541218e-11,2.8070819134197017e-11,0,0,64,-0.45574351119552076,-0.024946232186845815,-0.01881468688168308,improved
squares,linear+corner,0.64,0.3,0,17,0.6807181129229247,0.0403129950593649,0.0014803175334901,0,0,5.987617252937395e-10,9.19289931297972e-11,2.1897475463023e-11,0,0,64,-0.680718112324163,-0.04031299496743591,-0.0014803175115926247,improved
squares,linear+corner,0.64,0.3,0,18,6.574963734908871e-10,8.28692187770952e-11,0.0499053999455279,0,0,6.574963734908871e-10,5.707427980699491e-11,1.1204653396273708e-11,0,0,64,0.0,-2.5794938970100287e-11,-0.04990539993432325,stable
squares,linear+corner,0.64,0.3,0,19,0.4771271896398788,0.0200747837565787,0.0162858148814965,0,0,7.195907664155765e-10,5.265748511286149e-11,3.0108037445707187e-12,0,0,64,-0.47712718892028805,-0.020074783703921215,-0.016285814878485697,improved
squares,linear+corner,0.64,0.3,0,20,0.1571593107502421,0.0017866030719893,0.0229519987219082,0,0,3.365099271343402e-09,1.672294007331232e-10,2.0020447484530823e-11,0,0,64,-0.1571593073851428,-0.0017866029047598994,-0.022951998701887754,improved
squares,linear+corner,0.64,0.3,0,21,0.216493099742562,0.0084299514993943,0.0451180024868581,0,0,3.730223153920405e-08,7.249102234501422e-10,3.3838166744758256e-10,0,0,64,-0.21649306244033048,-0.008429950774484076,-0.04511800214847643,improved
squares,linear+corner,0.64,0.3,0,22,0.2392095885301124,0.005839482850076,0.0050002292512877,0,0,5.066277344576354e-10,5.3269633767135884e-11,5.897433217429338e-12,0,0,64,-0.23920958802348466,-0.0058394827968063666,-0.005000229245390266,improved
squares,linear+corner,0.64,0.3,0,23,0.3503284842705565,0.0107713960631621,0.02239216689523,0,0,4.269560056538608e-09,1.2594397141605358e-10,2.945373624455276e-11,0,0,64,-0.3503284800009965,-0.010771395937218127,-0.022392166865776265,improved
squares,linear+corner,0.64,0.3,0,24,0.2027515059548323,0.0404593437197835,0.321418578471666,0,0,0.1848986088898202,3.9088267238736805e-10,6.134335226980696e-11,2,0,64,-0.017852897065012086,-0.040459343328900825,-0.3214185784103226,improved
squares,linear+corner,1.0,0.0,0,0,1.981189872698721e-08,1.9170149281192254e-09,0.0259561145909947,0,0,1.981189872698721e-08,1.636281514834651e-09,5.898073140997498e-10,0,0,100,0.0,-2.8073341328457437e-10,-0.025956114001187386,stable
squares,linear+corner,1.0,0.0,0,1,1.456315823885714e-09,7.133050368489416e-11,0.0513702228116537,0,0,1.456315823885714e-09,4.466015426974209e-11,3.7900989304714095e-11,0,0,100,0.0,-2.6670349415152073e-11,-0.051370222773752715,stable
squares,linear+corner,1.0,0.0,0,2,8.133436968813898e-10,1.4534935934144252e-10,0.0568153299800076,0,0,4.6425124357773706e-10,6.516323034359488e-11,2.130394584147588e-11,0,0,100,-3.490924533036527e-10,-8.018612899784764e-11,-0.056815329958703656,improved
squares,linear+corner,1.0,0.0,0,3,0.1675232107030773,0.0142392282188323,0.0203125421676155,0,0,9.3353216297594e-09,7.856709482979986e-10,3.7900144420322537e-10,0,0,100,-0.16752320136775567,-0.014239227433161352,-0.020312541788614056,improved
squares,linear+corner,1.0,0.0,0,4,0.2535375586307267,0.0109304913566885,0.0208420402182138,0,0,0.0128625153957251,0.0004717463221007,5.5614656649907343e-11,0,0,100,-0.24067504323500158,-0.0104587450345878,-0.020842040162599145,improved
squares,linear+corner,1.0,0.0,0,5,0.3043632975030636,0.0123579229059861,0.020717317240481,0,0,3.6823260765815085e-10,7.024954043787291e-11,1.3407844970028349e-12,0,0,100,-0.304363297134831,-0.01235792283573656,-0.020717317239140214,improved
squares,linear+corner,1.0,0.0,0,6,0.3640710703434345,0.0107278505374544,0.0180882901185817,0,0,1.2728421329047778e-10,1.9181733998542577e-11,4.4337866711430655e-12,0,0,100,-0.36407107021615026,-0.010727850518272665,-0.018088290114147913,improved
squares,linear+corner,1.0,0.0,0,7,0.1433329794790917,0.010345965202824,0.0184267577801387,0,0,1.3704868419017514e-09,8.141654820347932e-11,3.969466623103759e-11,0,0,100,-0.14333297810860487,-0.01034596512140745,-0.01842675774044403,improved
squares,linear+corner,1.0,0.0,0,8,0.8160577649419676,0.0158797587922004,0.0372716741483474,0,0,2.5954237345732843e-09,1.0014573862556469e-10,1.4418481297244624e-11,0,0,100,-0.8160577623465438,-0.01587975869205466,-0.03727167413392892,improved
squares,linear+corner,1.0,0.0,0,9,0.9863587022982934,0.033313944592716,0.0141694251509388,0,0,2.792323802301569e-09,9.915077393245818e-11,8.461818109312684e-12,0,0,100,-0.9863586995059695,-0.03331394449356523,-0.014169425142476983,improved
squares,linear+corner,1.0,0.0,0,10,0.4366336136321567,0.0161286751004576,0.0236407467258904,0,0,6.076537288888734e-10,6.776446139150147e-11,2.2982595041856573e-11,0,0,100,-0.436633613024503,-0.01612867503269314,-0.023640746702907806,improved
squares,linear+corner,1.0,0.0,0,11,0.9609461060629054,0.0352141018036004,2.435282413114523e-11,0,0,1.830415319495905e-09,6.317942284694364e-11,3.3288650446107796e-11,0,0,100,-0.96094610423249,-0.03521410174042098,8.935826314962565e-12,improved
squares,linear+corner,1.0,0.0,0,12,0.3626747116201703,0.0165831002958932,0.0041556186801262,0,0,1.0581097642681994e-08,5.434594842430355e-10,1.7130823121702998e-10,0,0,100,-0.3626747010390726,-0.016583099752433713,-0.0041556185088179685,improved
squares,linear+corner,1.0,0.0,0,13,0.2627376604226168,0.0172780267918265,0.0156527426420474,0,0,2.2354666370344027e-10,3.1337615104426956e-11,1.963417768180538e-12,0,0,100,-0.26273766019907013,-0.017278026760488882,-0.01565274264008398,improved
squares,linear+corner,1.0,0.0,0,14,0.3205037945554983,0.0108037154745869,0.0180424368695841,0,0,2.069224998803351e-09,7.237778840784453e-11,3.552185759359692e-11,0,0,100,-0.3205037924862733,-0.010803715402209112,-0.018042436834062245,improved
squares,linear+corner,1.0,0.0,0,15,0.3390487899777937,0.0141412018823473,0.0158066329507676,0,0,9.129023810733663e-06,2.6569089488978905e-08,1.291633348198461e-07,0,0,100,-0.33903966095398297,-0.014141175313257811,-0.01580650378743278,improved
squares,linear+corner,1.0,0.0,0,16,0.891991948103925,0.0295188951119375,0.0159015171101014,0,0,1.2933331527190127e-09,7.2507944404736e-11,8.621499775778442e-12,0,0,100,-0.8919919468105919,-0.029518895039429557,-0.0159015171014799,improved
squares,linear+corner,1.0,0.0,0,17,0.4054796936290322,0.0168386144577823,0.0043153085981272,0,0,8.089321136094371e-10,6.60503762332942e-11,2.114723147137518e-12,0,0,100,-0.4054796928201001,-0.016838614391731923,-0.004315308596012477,improved
squares,linear+corner,1.0,0.0,0,18,6.532194599886889e-09,2.2637220523488966e-10,0.0210001018335637,0,0,6.532194599886889e-09,1.7297143862858596e-10,1.3221946413550029e-10,0,0,100,0.0,-5.34007666063037e-11,-0.021000101701344236,stable
squares,linear+corner,1.0,0.0,0,19,2.601792396427787e-09,1.9898446799327855e-10,0.0310531800454012,0,0,2.601792396427787e-09,1.3931502423588486e-10,6.549491919812798e-11,0,0,100,0.0,-5.966944375739369e-11,-0.03105317997990628,stable
squares,linear+corner,1.0,0.0,0,20,0.2589108892677647,0.0102901680123637,0.0018228324209425,0,0,1.8109091639940873e-07,2.0559586922099302e-09,1.7655872449732396e-09,0,0,100,-0.2589107081768483,-0.010290165956405008,-0.001822830655355255,improved
squares,linear+corner,1.0,0.0,0,21,0.2820932866057631,0.0049288592501149,0.0175202964088656,0,0,8.348999377142868e-09,1.7778101931329079e-10,1.1359956297750824e-10,0,0,100,-0.2820932782567637,-0.004928859072333881,-0.017520296295266035,improved
squares,linear+corner,1.0,0.0,0,22,0.2559863922414317,0.0012178689403156,0.0151489232392707,0,0,6.780908148716086e-09,8.846989619110403e-11,8.12084105141056e-11,0,0,100,-0.25598638546052355,-0.0012178688518457038,-0.01514892315806229,improved
squares,linear+corner,1.0,0.0,0,23,0.3242860174388018,0.0086778786505167,0.0119995147383299,0,0,4.3084111087996127e-10,4.260780003067815e-11,1.0195965630601364e-11,0,0,100,-0.3242860170079607,-0.0086778786079089,-0.011999514728133934,improved
squares,linear+corner,1.0,0.0,0,24,8.356647714935206e-09,8.165892539490656e-10,0.0101147496368044,0,0,8.356647714935206e-09,7.120811596742367e-10,6.03414754060884e-11,0,0,100,0.0,-1.0450809427482893e-10,-0.010114749576462925,stable
squares,linear+corner,1.0,0.05,0,0,0.3161389687805838,0.0138926672141832,0.0117626477166902,0,0,1.2091401425789507e-09,1.3220825543765788e-10,2.2957365712174485e-11,0,0,100,-0.31613896757144366,-0.013892667081974945,-0.011762647693732834,improved
squares,linear+corner,1.0,0.05,0,1,7.619774196510083e-11,2.5629801384428795e-11,0.0543054333649158,0,0,5.6067373085749286e-11,1.2542766618116396e-11,6.261111036460376e-13,0,0,100,-2.0130368879351545e-11,-1.3087034766312398e-11,-0.05430543336428969,stable
squares,linear+corner,1.0,0.05,0,2,5.55812512756715e-10,8.909734203928317e-11,0.0552602484945357,0,0,2.247756034534917e-10,4.588446428493513e-11,1.76975089168285e-11,0,0,100,-3.3103690930322334e-10,-4.321287775434804e-11,-0.05526024847683819,improved
squares,linear+corner,1.0,0.05,0,3,1.2058035166835275e-10,5.276687252893157e-11,0.0376967010859007,0,0,8.650444019913532e-11,1.7679685796698596e-11,1.0543944953343042e-12,0,0,100,-3.4075911469217425e-11,-3.508718673223297e-11,-0.03769670108484631,stable
squares,linear+corner,1.0,0.05,0,4,0.3116086262089836,0.0182057390736039,0.0211651754093959,0,0,1.4647980076829502e-09,5.265385377316764e-11,4.2224021300278206e-11,0,0,100,-0.3116086247441856,-0.018205739020950046,-0.021165175367171878,improved
squares,linear+corner,1.0,0.05,0,5,0.3002753543183594,0.0123071856874146,0.0222995068966258,0,0,6.987020460738261e-11,2.653832579567076e-11,6.083464629491837e-13,0,0,100,-0.30027535424848917,-0.012307185660876274,-0.022299506896017455,improved
squares,linear+corner,1.0,0.05,0,6,0.3385401999742977,0.017902676939428,0.0072089847892438,0,0,6.531283325746293e-10,5.155330831839231e-11,3.5490135759740886e-11,0,0,100,-0.33854019932116935,-0.017902676887874693,-0.007208984753753664,improved
squares,linear+corner,1.0,0.05,0,7,1.48609659670533e-09,2.9090615525751427e-10,0.0399224009644634,0,0,3.2243059974845104e-10,7.421070957392297e-11,2.1028491811365706e-12,0,0,100,-1.163665996956879e-09,-2.166954456835913e-10,-0.03992240096236055,improved
squares,linear+corner,1.0,0.05,0,8,0.7043201827090347,0.0158047894528884,0.0365500441159396,0,0,1.4252434927047764e-08,2.2746346822081715e-10,2.0800683803967932e-10,0,0,100,-0.7043201684565998,-0.015804789225424932,-0.03655004390793276,improved
squares,linear+corner,1.0,0.05,0,9,0.3050369562678258,0.0308874902792113,1.3544203040879255e-11,0,0,7.14930746835997e-10,6.01919453948531e-11,1.1721584903456078e-11,0,0,100,-0.30503695555289506,-0.030887490219019355,-1.8226181374231767e-12,improved
squares,linear+corner,1.0,0.05,0,10,0.8612589231072205,0.0273967003728236,0.023529771736613,0,0,8.023222955037325e-10,5.7850839051940065e-11,2.989425884124555e-11,0,0,100,-0.8612589223048982,-0.027396700314972763,-0.023529771706718744,improved
squares,linear+corner,1.0,0.05,0,11,0.1823019055542134,0.0117540219947813,0.0040534550487472,0,0,2.6061015115145526e-09,7.6022418811911e-11,1.2961877484033491e-11,0,0,100,-0.1823019029481119,-0.011754021918758881,-0.004053455035785323,improved
squares,linear+corner,1.0,0.05,0,12,0.3937806163502373,0.0108416849008527,0.0150306250142658,0,0,3.113773607704057e-09,2.0605157172327976e-10,9.762985487468536e-11,0,0,100,-0.3937806132364637,-0.010841684694801129,-0.015030624916635944,improved
squares,linear+corner,1.0,0.05,0,13,0.262347180777253,0.0170226736929614,0.016346763690253,0,0,8.934163615589827e-10,5.2662370312982694e-11,2.1890531038428124e-11,0,0,100,-0.26234717988383666,-0.017022673640299028,-0.01634676366836247,improved
squares,linear+corner,1.0,0.05,0,14,0.1741497974824963,0.0041579995453593,0.0264112270597824,0,0,7.235474261068797e-10,2.9294306310460375e-11,2.4060778893606236e-11,0,0,100,-0.17414979675894887,-0.004157999516064994,-0.026411227035721623,improved
squares,linear+corner,1.0,0.05,0,15,0.3399687970954857,0.0147058324626719,0.015683743004198,0,0,1.452987544660672e-06,2.7814474038534347e-09,2.6808667744391422e-08,0,0,100,-0.33996734410794105,-0.014705829681224495,-0.015683716195530256,improved
squares,linear+corner,1.0,0.05,0,16,0.850979747723452,0.0214299619513797,0.016960524947707,0,0,2.2933108955381218e-10,2.702811047296635e-11,1.1325547599834086e-12,0,0,100,-0.8509797474941209,-0.021429961924351593,-0.016960524946574445,improved
squares,linear+corner,1.0,0.05,0,17,0.4120433008792827,0.0163908111996944,0.0040102844318209,0,0,6.798167606766266e-09,2.3525527141753527e-10,5.871490010634917e-11,0,0,100,-0.4120432940811151,-0.01639081096443913,-0.0040102843731059995,improved
squares,linear+corner,1.0,0.05,0,18,1.2180509063826706e-08,2.2939287435976862e-10,0.0214184220448281,0,0,1.2180509063826706e-08,1.9792998470221539e-10,1.6406719855209734e-10,0,0,100,0.0,-3.146288965755324e-11,-0.0214184218807609,stable
squares,linear+corner,1.0,0.05,0,19,1.101771696612765e-09,4.6146366734594616e-11,0.0318287669424485,0,0,1.101771696612765e-09,3.7843970458089495e-11,2.1391519980366094e-11,0,0,100,0.0,-8.30239627650512e-12,-0.03182876692105698,stable
squares,linear+corner,1.0,0.05,0,20,0.2685489723568885,0.0156732687243406,0.0018656334045428,0,0,1.284086068894443e-07,1.816778994844066e-09,8.357488721733644e-10,0,0,100,-0.2685488439482816,-0.015673266907561604,-0.0018656325687939279,improved
squares,linear+corner,1.0,0.05,0,21,0.2916319049740339,0.0052531091368938,0.0169864084354128,0,0,8.786128192549058e-10,6.14997204480592e-11,1.9576999256250238e-11,0,0,100,-0.2916319040954211,-0.00525310907539408,-0.0169864084158358,improved
squares,linear+corner,1.0,0.05,0,22,2.263174384052819e-10,4.4805466892564017e-11,0.015736657749872,0,0,2.263174384052819e-10,1.457320665996547e-11,2.563089058637038e-12,0,0,100,0.0,-3.023226023259854e-11,-0.01573665774730891,stable
squares,linear+corner,1.0,0.05,0,23,0.3145465235492376,0.0086477589023425,0.0120756732248896,0,0,1.013991574939764e-09,5.966396951594071e-11,1.8693605860581063e-11,0,0,100,-0.31454652253524606,-0.00864775884267853,-0.012075673206195995,improved
squares,linear+corner,1.0,0.05,0,24,0.1122157560257901,0.0030599020694275,0.020379707347402,0,0,1.9455183948156248e-10,2.9830450584512494e-11,5.376806705543298e-13,0,0,100,-0.11221575583123827,-0.0030599020395970494,-0.02037970734686432,improved
squares,linear+corner,1.0,0.1,0,0,0.3023351483335738,0.0153130220599876,0.0103273902982082,0,0,3.879428907653255e-10,3.9440028880449304e-11,6.028339836801204e-12,0,0,100,-0.3023351479456309,-0.015313022020547571,-0.01032739029217986,improved
squares,linear+corner,1.0,0.1,0,1,1.0990911353507739e-10,1.7862012353068175e-11,0.0545443693704432,0,0,5.716953907351568e-11,5.733299961775744e-12,2.2994047828447778e-12,0,0,100,-5.273957446156171e-11,-1.212871239129243e-11,-0.054544369368143795,stable
squares,linear+corner,1.0,0.1,0,2,3.4136968745619405e-10,6.020978769800119e-11,0.0514271666974079,0,0,1.1515040800147807e-10,2.2873897641030225e-11,5.625286764178321e-12,0,0,100,-2.26219279454716e-10,-3.733589005697097e-11,-0.051427166691782614,improved
squares,linear+corner,1.0,0.1,0,3,8.42252202630204e-10,6.514445765707922e-10,0.0396840071065475,0,0,9.419423748705688e-11,2.1769455526995115e-11,4.614047310931889e-12,0,0,100,-7.480579651431472e-10,-6.296751210437971e-10,-0.039684007101933455,improved
squares,linear+corner,1.0,0.1,0,4,0.3128113142610487,0.0178901917557403,0.0200145348999696,0,0,9.427623941678259e-10,6.132424565920157e-11,7.053240680035439e-11,0,0,100,-0.3128113133182863,-0.017890191694416056,-0.020014534829437193,improved
squares,linear+corner,1.0,0.1,0,5,0.2953138616726187,0.0121506250689513,0.0223150091841218,0,0,2.477880954481614e-10,2.7456157012069253e-11,5.606960216916504e-12,0,0,100,-0.2953138614248306,-0.012150625041495142,-0.022315009178514842,improved
squares,linear+corner,1.0,0.1,0,6,0.3127976727279368,0.0183313433449088,0.0066458933427618,0,0,8.038757678408358e-10,6.552032156347264e-11,1.1158692953170966e-11,0,0,100,-0.31279767192406105,-0.018331343279388478,-0.006645893331603107,improved
squares,linear+corner,1.0,0.1,0,7,2.8876043329527823e-10,7.200802500436429e-11,0.0481890916971031,0,0,2.1828483572318142e-10,3.610145017942027e-11,5.9824442655324515e-12,0,0,100,-7.047559757209681e-11,-3.590657482494402e-11,-0.04818909169112066,stable
squares,linear+corner,1.0,0.1,0,8,7.37790473561217e-10,8.89796204364971e-11,0.0405990969824829,0,0,3.2137088137287336e-10,4.866644711673826e-11,4.644087746676286e-12,0,0,100,-4.164195921883436e-10,-4.031317331975884e-11,-0.04059909697783881,improved
squares,linear+corner,1.0,0.1,0,9,0.2945276911627226,0.0222887222690848,0.0099552363922636,0,0,5.411328826036607e-10,4.4618587353636076e-11,8.393666599688571e-12,0,0,100,-0.29452769062158973,-0.022288722224466213,-0.009955236383869933,improved
squares,linear+corner,1.0,0.1,0,10,0.3629699417363403,0.015277280910856,0.021927431955486,0,0,4.049994023133137e-10,4.329456351447115e-11,6.310583845891514e-12,0,0,100,-0.36296994133134086,-0.015277280867561437,-0.021927431949175416,improved
squares,linear+corner,1.0,0.1,0,11,0.1719064565111092,0.011167070685778,0.0007828061389355,0,0,5.236339543012809e-10,5.143530953944271e-11,2.1086914263906828e-11,0,0,100,-0.17190645598747525,-0.01116707063434269,-0.0007828061178485857,improved
squares,linear+corner,1.0,0.1,0,12,0.4263368215912866,0.0114323894772796,0.0153220243121249,0,0,1.270894775546031e-09,5.5256330455230746e-11,2.439951426967771e-11,0,0,100,-0.42633682032039183,-0.01143238942202327,-0.015322024287725387,improved
squares,linear+corner,1.0,0.1,0,13,0.1892891484977591,0.0159798620261054,0.0164388488926307,0,0,5.578773393660714e-10,3.3034838707588664e-11,1.5330596773302848e-11,0,0,100,-0.18928914793988177,-0.01597986199307056,-0.016438848877300103,improved
squares,linear+corner,1.0,0.1,0,14,0.1783139718981989,0.0041330552036767,0.0257253929079841,0,0,7.628164797700075e-10,6.14355345658097e-11,4.600635776832839e-12,0,0,100,-0.17831397113538242,-0.004133055142241165,-0.025725392903383465,improved
squares,linear+corner,1.0,0.1,0,15,0.3412280016918291,0.0147027195823567,0.0151815999846949,0,0,1.0071112414591229e-07,3.955813061020971e-09,2.940989536631379e-09,0,0,100,-0.34122790098070493,-0.01470271562654364,-0.015181597043705364,improved
squares,linear+corner,1.0,0.1,0,16,0.8098681646805062,0.0243828119597126,0.0179508119487114,0,0,3.9995177714549454e-10,3.280070848601498e-11,6.929164313867829e-12,0,0,100,-0.8098681642805544,-0.02438281192691189,-0.017950811941782236,improved
squares,linear+corner,1.0,0.1,0,17,0.358711364338386,0.0112305447649122,0.015494986990696,0,0,2.2357937390042857e-08,5.507118379945836e-10,4.4722275518877725e-10,0,0,100,-0.35871134198044863,-0.011230544214200363,-0.015494986543473244,improved
squares,linear+corner,1.0,0.1,0,18,0.2944687404166727,0.0044333812990572,0.0134781335555931,0,0,4.244764929786873e-09,1.1783311812863305e-10,2.166480840948456e-11,0,0,100,-0.2944687361719078,-0.004433381181224082,-0.013478133533928292,improved
squares,linear+corner,1.0,0.1,0,19,2.1158213596987046e-10,4.8151520475387336e-11,0.0311033360095458,0,0,2.1158213596987046e-10,3.7530771802683896e-11,2.4417883110921593e-12,0,0,100,0.0,-1.0620748672703441e-11,-0.03110333600710401,stable
squares,linear+corner,1.0,0.1,0,20,0.2683154875167048,0.0157901272643721,0.0026380223580861,0,0,2.5406583584720542e-09,7.791604951927363e-11,3.7059176573494505e-11,0,0,100,-0.26831548497604646,-0.015790127186456053,-0.0026380223210269236,improved
squares,linear+corner,1.0,0.1,0,21,0.302087154103653,0.0101827158614989,0.0084343239969555,0,0,2.35130797762221e-09,3.7067434440966165e-11,1.985613147748544e-11,0,0,100,-0.302087151752345,-0.010182715824431466,-0.008434323977099369,improved
squares,linear+corner,1.0,0.1,0,22,2.9863575744756687e-10,6.702155981107311e-11,0.0156690117674018,0,0,2.9863575744756687e-10,4.5547480353784295e-11,2.150372754994876e-12,0,0,100,0.0,-2.1474079457288817e-11,-0.015669011765251425,stable
squares,linear+corner,1.0,0.1,0,23,0.3054526780620871,0.0086546574842187,0.0116432519626292,0,0,8.196427633757257e-09,1.8708487377838867e-10,1.3306202105757635e-10,0,0,100,-0.30545266986565944,-0.008654657297133826,-0.01164325182956718,improved
squares,linear+corner,1.0,0.1,0,24,1.1202936866086004,0.028131629693994,0.0142185066167975,0,0,7.24135802699176e-10,8.757448204532568e-11,4.372023908903576e-12,0,0,100,-1.1202936858844645,-0.028131629606419517,-0.014218506612425477,improved
squares,linear+corner,1.0,0.2,0,0,0.3365774675273129,0.0324396142747654,0.0065934589680988,0,0,1.4095959133015048e-10,2.2794397324388372e-11,1.8473216886604793e-11,0,0,100,-0.3365774673863533,-0.032439614251971005,-0.006593458949625583,improved
squares,linear+corner,1.0,0.2,0,1,0.2974475803324127,0.0469415087328906,0.0215956667744212,0,0,6.64406020046964e-11,2.3766115869437068e-11,2.5257142301701807e-12,0,0,100,-0.2974475802659721,-0.04694150870912449,-0.021595666771895485,improved
squares,linear+corner,1.0,0.2,0,2,0.1888980251012475,0.0086612486753472,0.045349437741287,0,0,1.933466251652699e-10,1.5857071593094554e-11,1.1679927640174088e-11,0,0,100,-0.1888980249079009,-0.008661248659490129,-0.045349437729607076,improved
squares,linear+corner,1.0,0.2,0,3,1.1083849515957118,0.0566331234448394,0.0335432731464114,0,0,0.0243640074933941,2.854983162274259e-11,1.3670196417847758e-11,2,0,100,-1.0840209441023176,-0.05663312341628957,-0.033543273132741205,improved
squares,linear+corner,1.0,0.2,0,4,0.2330369627882457,0.0090802035656063,0.0261007176656872,0,0,4.2506540536618005e-10,2.705685293445009e-11,9.028657297039188e-12,0,0,100,-0.2330369623631803,-0.009080203538549447,-0.026100717656658542,improved
squares,linear+corner,1.0,0.2,0,5,0.920109963842056,0.0382309590595777,0.0367603543215401,0,0,5.036672886280553e-10,2.8035626787244574e-11,6.814873254086661e-12,0,0,100,-0.9201099633383887,-0.03823095903154207,-0.03676035431472523,improved
squares,linear+corner,1.0,0.2,0,6,0.2604157274656073,0.015560778493569,0.0026222338835841,0,0,2.2937616663741e-09,4.235714671793711e-11,4.636308434391183e-11,0,0,100,-0.26041572517184564,-0.015560778451211853,-0.0026222338372210155,improved
squares,linear+corner,1.0,0.2,0,7,2.1393939798076747e-10,0.0127703671423234,0.2644326156427491,0,0,2.6698183136613296e-10,4.6064439218919873e-11,1.658922344810769e-12,0,0,100,5.304243338536549e-11,-0.012770367096258962,-0.2644326156410902,stable
squares,linear+corner,1.0,0.2,0,8,0.2876200443513262,0.008777168988221,0.0328450483045394,0,0,9.018721321215107e-10,5.7338048070125196e-11,3.2756879268990534e-11,0,0,100,-0.2876200434494541,-0.008777168930882952,-0.03284504827178252,improved
squares,linear+corner,1.0,0.2,0,9,0.271410578923072,0.0153959158765605,0.0190468868228608,0,0,4.654572400972218e-10,4.158545534741857e-11,7.474108196607491e-12,0,0,100,-0.2714105784576148,-0.015395915834975044,-0.01904688681538669,improved
squares,linear+corner,1.0,0.2,0,10,0.2517534755013044,0.007464037684612,0.0228230286968576,0,0,3.539070588502292e-10,2.687528267448023e-11,3.916898147771174e-12,0,0,100,-0.2517534751473973,-0.007464037657736717,-0.022823028692940703,improved
squares,linear+corner,1.0,0.2,0,11,0.1638890252394185,0.0086735155863147,0.002299413857436,0,0,7.969361953537384e-10,4.562783079543581e-11,2.8695092024363093e-12,0,0,100,-0.16388902444248232,-0.008673515540686868,-0.0022994138545664906,improved
squares,linear+corner,1.0,0.2,0,12,0.9829672184589954,0.040687644006603,0.009831714175954,0,0,2.9387920602923823e-09,1.28900257281357e-10,4.4940193263118246e-11,0,0,100,-0.9829672155202033,-0.04068764387770274,-0.009831714131013806,improved
squares,linear+corner,1.0,0.2,0,13,0.2017381963173895,0.0053553645295603,0.026249441480894,0,0,1.694780605556612e-09,3.205394086346705e-11,2.1574243496234347e-11,0,0,100,-0.20173819462260892,-0.005355364497506359,-0.026249441459319758,improved
squares,linear+corner,1.0,0.2,0,14,0.2942287389561018,0.0105508837476337,0.0229863592903988,0,0,4.063117608196835e-09,7.208490183987984e-11,5.0424364588354594e-11,0,0,100,-0.2942287348929842,-0.010550883675548798,-0.022986359239974434,improved
squares,linear+corner,1.0,0.2,0,15,0.3461395939363125,0.0116010295286707,0.0155778557274509,0,0,6.330772051221191e-10,4.391988690504363e-11,4.338834932112146e-12,0,0,100,-0.3461395933032353,-0.011601029484750813,-0.015577855723112065,improved
squares,linear+corner,1.0,0.2,0,16,0.2159213192348939,0.0089529807866139,0.018796620792559,0,0,7.99759953154682e-08,6.31790238360499e-09,1.17259512056054e-09,0,0,100,-0.21592123925889858,-0.008952974468711516,-0.01879661961996388,improved
squares,linear+corner,1.0,0.2,0,17,0.3798393143825597,0.0116978745029322,0.0291000591930458,0,0,3.6416664691216236e-09,1.1162040835654888e-10,4.849477938207802e-11,0,0,100,-0.3798393107408932,-0.01169787439131179,-0.029100059144551018,improved
squares,linear+corner,1.0,0.2,0,18,0.2907057540262486,0.0041773947480065,0.0141327120616541,0,0,1.0544407660639017e-05,2.5095528703883413e-08,1.5771140977545472e-07,0,0,100,-0.29069520961858797,-0.004177369652477796,-0.014132554350244325,improved
squares,linear+corner,1.0,0.2,0,19,1.187867223561662,0.0176207621139018,0.0290466509664618,0,0,1.1560871604304272e-09,8.358103430789261e-11,1.6222105291028264e-11,0,0,100,-1.1878672224055749,-0.017620762030320765,-0.029046650950239693,improved
squares,linear+corner,1.0,0.2,0,20,0.2925391211536885,0.0159463565704635,0.0036852363126097,0,0,4.645909675354174e-09,1.5560660405412728e-10,1.2154748775757196e-10,0,0,100,-0.29253911650777886,-0.015946356414856897,-0.003685236191062212,improved
squares,linear+corner,1.0,0.2,0,21,0.3248621239304531,0.0090177096178194,0.0122906696703734,0,0,7.679387297539667e-09,1.181610250144111e-10,1.3056474596476011e-10,0,0,100,-0.3248621162510658,-0.009017709499658376,-0.012290669539808653,improved
squares,linear+corner,1.0,0.2,0,22,0.1219705945734085,0.01497194774851,0.2537279102440447,2,0,2.1326330864137508e-10,4.8826907173535254e-11,1.118311259843413e-11,0,0,100,-0.1219705943601452,-0.014971947699683092,-0.25372791023286156,improved
squares,linear+corner,1.0,0.2,0,23,0.3027719783002126,0.0050347615446112,0.0177253495665642,0,0,3.3854686899914602e-09,6.676799934209618e-11,3.215444414550458e-11,0,0,100,-0.3027719749147439,-0.005034761477843201,-0.017725349534409754,improved
squares,linear+corner,1.0,0.2,0,24,1.1377935484731978,0.0248954978423368,0.013487424757536,0,0,1.279963648105863e-09,1.0714996262652444e-10,3.833087906700151e-12,0,0,100,-1.1377935471932341,-0.024895497735186838,-0.013487424753702912,improved
squares,linear+corner,1.0,0.3,0,0,0.3558848238407973,0.0206428043403719,0.0190794586166856,0,0,2.0665067673503446e-10,1.974188086246705e-11,2.381979517253352e-12,0,0,100,-0.3558848236341466,-0.02064280432063002,-0.01907945861430362,improved
squares,linear+corner,1.0,0.3,0,1,0.3321095060728267,0.0348718628166249,0.0216294633119216,0,0,7.189384778776223e-11,8.719364267423574e-12,8.379105858235584e-13,0,0,100,-0.33210950600093286,-0.03487186280790554,-0.02162946331108369,improved
squares,linear+corner,1.0,0.3,0,2,0.2490272142741628,0.0092890918797484,0.0442912725657968,0,0,1.6885726701195912e-10,1.1641186346407903e-11,9.741321727372778e-13,0,0,100,-0.24902721410530554,-0.009289091868107214,-0.04429127256482267,improved
squares,linear+corner,1.0,0.3,0,3,1.6618661877028918e-08,0.0246922580379679,0.3926331529446078,0,0,2.981246516501653e-10,0.0114854370078378,1.4904176951485788e-11,0,0,100,-1.6320537225378754e-08,-0.013206821030130102,-0.39263315292970363,improved
squares,linear+corner,1.0,0.3,0,4,0.2564237988492516,0.0097285922642807,0.0213289135384687,0,0,1.9859020966083978e-10,2.086149602046591e-11,3.335700870101135e-12,0,0,100,-0.2564237986506614,-0.009728592243419203,-0.021328913535133002,improved
squares,linear+corner,1.0,0.3,0,5,0.7734993849859235,0.0406405083961808,0.3074088508293324,2,0,7.679048498646879e-11,1.3731847975779604e-11,1.1918169906704158e-12,0,0,100,-0.7734993849091331,-0.04064050838244895,-0.30740885082814057,improved
squares,linear+corner,1.0,0.3,0,6,0.2217466939635881,0.0151446819873005,0.1078176886693838,0,0,3.4492532853906917e-10,3.3874401900543096e-11,6.178398829384039e-12,0,0,100,-0.22174669361866275,-0.015144681953426099,-0.10781768866320539,improved
squares,linear+corner,1.0,0.3,0,7,0.2829054476751316,0.0372595954003557,0.1143804601286449,0,0,0.2402308456709674,0.0095876267299435,1.0812964267076064e-11,1,0,100,-0.0426746020041642,-0.0276719686704122,-0.11438046011783194,improved
squares,linear+corner,1.0,0.3,0,8,0.3101328679508766,0.0094522029827359,0.0257031311484917,0,0,2.205015150529537e-09,1.1373382984469359e-10,5.4058147084875285e-11,0,0,100,-0.3101328657458614,-0.00945220286900207,-0.025703131094433552,improved
squares,linear+corner,1.0,0.3,0,9,0.2853626723348046,0.0152885758550876,0.017009589347435,0,0,2.7480476156930465e-10,4.4997201350116026e-11,9.508391794026856e-12,0,0,100,-0.2853626720599999,-0.015288575810090398,-0.01700958933792661,improved
squares,linear+corner,1.0,0.3,0,10,0.2417616415192804,0.0062574799803186,0.0240012588445863,0,0,1.1525170830449427e-09,6.527398175917785e-11,2.0201452392406886e-11,0,0,100,-0.24176164036676331,-0.006257479915044619,-0.02400125882438485,improved
squares,linear+corner,1.0,0.3,0,11,1.0613294410706495,0.0339252126826242,0.0223140586688975,0,0,2.8477835720370297e-10,5.0065867653350093e-11,1.3308065939624117e-11,0,0,100,-1.061329440785871,-0.033925212632558335,-0.022314058655589435,improved
squares,linear+corner,1.0,0.3,0,12,0.5640662908002653,0.0089126170593331,0.0159226658644542,0,0,1.2374448785603614e-08,3.2760797780991635e-10,2.746422559339801e-10,0,0,100,-0.5640662784258165,-0.008912616731725123,-0.015922665589811945,improved
squares,linear+corner,1.0,0.3,0,13,0.204470026332786,0.005335557897445,0.024499958953056,0,0,3.1934231096522336e-10,2.4564831693173118e-11,5.856272370032072e-12,0,0,100,-0.2044700260134437,-0.005335557872880168,-0.024499958947199727,improved
squares,linear+corner,1.0,0.3,0,14,0.309276937157543,0.017702930387322,0.0070421379356549,0,0,1.8047726183766734e-09,6.216216119133221e-11,2.822404348028292e-11,0,0,100,-0.3092769353527704,-0.01770293032515984,-0.0070421379074308565,improved
squares,linear+corner,1.0,0.3,0,15,0.299758571951826,0.0115207586989494,0.0130929955590361,0,0,3.703979509866907e-10,3.729931661715333e-11,3.981698639186567e-12,0,0,100,-0.29975857158142805,-0.011520758661650084,-0.013092995555054401,improved
squares,linear+corner,1.0,0.3,0,16,0.2109619169933513,0.0042068760764027,0.0261893844036481,0,0,3.9107920421143955e-10,4.0835580779794866e-11,4.961539091861334e-12,0,0,100,-0.2109619166022721,-0.00420687603556712,-0.026189384398686563,improved
squares,linear+corner,1.0,0.3,0,17,0.4269673729789184,0.0062160997764136,0.0340952977365183,0,0,2.622465255598568e-09,8.220808775675896e-11,5.862664973216547e-11,0,0,100,-0.42696737035645316,-0.006216099694205513,-0.03409529767789165,improved
squares,linear+corner,1.0,0.3,0,18,0.8160939270221204,0.0101263783832065,0.0150736788185911,0,0,3.758304831995103e-09,9.596351522558107e-11,4.534361993876893e-11,0,0,100,-0.8160939232638156,-0.010126378287242985,-0.01507367877324748,improved
squares,linear+corner,1.0,0.3,0,19,1.171752308619001e-09,1.8836706842187988e-10,0.0263841021021797,0,0,1.171752308619001e-09,1.7215656046475208e-10,1.5113093494166783e-11,0,0,100,0.0,-1.6210507957127795e-11,-0.026384102087066603,stable
squares,linear+corner,1.0,0.3,0,20,0.2998505804896613,0.0103717516257987,0.0114993772230229,0,0,1.6552780677215473e-08,2.36840758629578e-10,1.0743124016038066e-10,0,0,100,-0.2998505639368806,-0.01037175138895794,-0.01149937711559166,improved
squares,linear+corner,1.0,0.3,0,21,0.6980439384299937,0.0210877447107911,0.0043653249823067,0,0,3.3727396226167843e-09,1.1672708628978689e-10,2.553286735539338e-11,0,0,100,-0.698043935057254,-0.021087744594064015,-0.004365324956773832,improved
squares,linear+corner,1.0,0.3,0,22,1.3902125235536409,0.0202598075255232,0.0204410567997165,0,0,1.2634025296391087e-10,4.021017326597179e-11,6.542699629509432e-12,0,0,100,-1.3902125234273006,-0.020259807485313027,-0.0204410567931738,improved
squares,linear+corner,1.0,0.3,0,23,0.3295562028014885,0.0053352640883681,0.0189603316438971,0,0,1.1038725272209746e-09,7.218521447748409e-11,2.3738654049861493e-11,0,0,100,-0.32955620169761596,-0.005335264016182886,-0.018960331620158446,improved
squares,linear+corner,1.0,0.3,0,24,1.1820339484947089,0.0310464420194529,0.0168802654922629,0,0,2.9888253013967865e-08,3.078037601678888e-10,2.985656576004911e-10,0,0,100,-1.182033918606456,-0.03104644171164914,-0.01688026519369724,improved
squares,linear+corner,1.28,0.0,0,0,2.4031661732414902e-09,2.4464374974918374e-10,0.0474271310537655,0,0,2.4031661732414902e-09,1.8828385768206774e-10,8.890836728263993e-11,0,0,128,0.0,-5.6359892067116e-11,-0.047427130964857137,stable
squares,linear+corner,1.28,0.0,0,1,0.1177455785766373,0.0033845825823372,0.0138734741587742,0,0,1.3702906190541736e-10,5.862639767614042e-11,6.796449570535164e-12,0,0,128,-0.11774557843960823,-0.0033845825237108023,-0.013873474151977752,improved
squares,linear+corner,1.28,0.0,0,2,2.924262778662826e-08,4.293219521047592e-09,0.0736747352973892,0,0,1.3570536814484251e-09,1.3470256568469176e-10,5.922389020523753e-11,0,0,128,-2.7885574105179835e-08,-4.158516955362901e-09,-0.07367473523816531,improved
squares,linear+corner,1.28,0.0,0,3,9.248387809792795e-11,2.365378391216047e-11,0.0205327850790116,0,0,9.248387809792795e-11,1.6915487764580295e-11,1.7591648631624977e-12,0,0,128,0.0,-6.738296147580175e-12,-0.020532785077252435,stable
squares,linear+corner,1.28,0.0,0,4,0.2563735908460353,0.0203795103232996,5.87111495185873e-12,0,0,1.054945585621815e-09,5.5817422119029686e-11,1.4973313300042398e-13,0,0,128,-0.2563735897910897,-0.020379510267482175,-5.721381818858306e-12,improved
squares,linear+corner,1.28,0.0,0,5,0.2015922432320139,0.0167842892085022,0.0088756518024652,0,0,7.203438450582718e-11,1.724958621957591e-11,7.0776981239751456e-12,0,0,128,-0.20159224315997953,-0.016784289191252612,-0.008875651795387502,improved
squares,linear+corner,1.28,0.0,0,6,0.2669186673701783,0.0163507360263463,0.0017365070951845,0,0,2.373713057233947e-09,1.2200723107599958e-10,6.350744155952354e-11,0,0,128,-0.2669186649964652,-0.01635073590433907,-0.0017365070316770585,improved
squares,linear+corner,1.28,0.0,0,7,0.163381668711867,0.0071090988083889,0.015845477412383,0,0,8.623469951389318e-10,4.9032906893282155e-11,2.003463046962388e-11,0,0,128,-0.16338166784952,-0.007109098759355993,-0.01584547739234837,improved
squares,linear+corner,1.28,0.0,0,8,0.0353201382494074,0.0008284074913362,0.0239716055684012,0,0,0.0140101687128687,0.0003196320567223,8.165423191131649e-11,0,0,128,-0.0213099695365387,-0.0005087754346138999,-0.02397160548674697,improved
squares,linear+corner,1.28,0.0,0,9,0.213524170251687,0.0048885456169972,0.027883383755522,0,0,9.22755282965101e-09,3.0433272460326367e-10,1.5901765829642657e-10,0,0,128,-0.21352416102413416,-0.004888545312664475,-0.027883383596504344,improved
squares,linear+corner,1.28,0.0,0,10,0.6261644159731743,0.0177646610185806,0.0196677804098135,0,0,3.2837623031729134e-08,6.727943733461012e-10,5.800839854692164e-10,0,0,128,-0.6261643831355512,-0.017764660345786228,-0.019667779829729514,improved
squares,linear+corner,1.28,0.0,0,11,0.2333081332571025,0.004425989978285,0.0290486454737174,0,0,2.852134179787952e-09,6.593912104805327e-11,5.7798375254876095e-11,0,0,128,-0.23330813040496834,-0.0044259899123458785,-0.029048645415919026,improved
squares,linear+corner,1.28,0.0,0,12,0.2624198795177018,0.0066442541970788,0.0127175633784072,0,0,1.908546800448636e-09,6.336410128340438e-11,2.6217685529651232e-11,0,0,128,-0.262419877609155,-0.006644254133714699,-0.012717563352189515,improved
squares,linear+corner,1.28,0.0,0,13,0.7179640698731824,0.0215446784261992,0.0055838810477417,0,0,5.009781309097216e-10,4.7597966188956555e-11,9.076279205507104e-12,0,0,128,-0.7179640693722042,-0.02154467837860123,-0.005583881038665421,improved
squares,linear+corner,1.28,0.0,0,14,0.8039438205614395,0.0150925217723511,0.0100450421136277,0,0,1.4814431729969863e-09,9.342701278647067e-11,8.470127890477103e-12,0,0,128,-0.8039438190799963,-0.015092521678924088,-0.010045042105157572,improved
squares,linear+corner,1.28,0.0,0,15,0.5924839673545811,0.015559003639647,0.0014781043144851,0,0,6.310591764766901e-10,5.123150129109123e-11,1.9381841335666395e-11,0,0,128,-0.5924839667235219,-0.015559003588415499,-0.0014781042951032585,improved
squares,linear+corner,1.28,0.0,0,16,0.2804892859421446,0.010494713771509,0.0089470221239701,0,0,6.577941571733298e-09,2.2355122422002487e-10,9.790882271378615e-11,0,0,128,-0.28048927936420304,-0.010494713547957776,-0.008947022026061277,improved
squares,linear+corner,1.28,0.0,0,17,0.2028461579529088,0.0143430674982738,6.40120589637991e-11,0,0,7.322922023324322e-09,1.1229365335271955e-10,5.4900305475385125e-11,0,0,128,-0.2028461506299868,-0.014343067385980146,-9.111753488413974e-12,improved
squares,linear+corner,1.28,0.0,0,18,5.218304095445582e-09,1.4081597073189887e-10,0.0145691216507047,0,0,5.218304095445582e-09,9.344961854892854e-11,4.1262822204761377e-11,0,0,128,0.0,-4.7366352182970323e-11,-0.014569121609441876,stable
squares,linear+corner,1.28,0.0,0,19,0.2505616794571688,0.0049474105689961,0.0099273732730721,0,0,2.6591285270731545e-10,2.988581901681132e-11,1.0530666675311096e-12,0,0,128,-0.25056167919125594,-0.004947410539110282,-0.009927373272019032,improved
squares,linear+corner,1.28,0.0,0,20,0.2539860307210293,0.0052144732117225,0.0044726156636716,0,0,4.235476991878706e-09,9.623893645824784e-11,3.1468267492941946e-11,0,0,128,-0.25398602648555235,-0.0052144731154835635,-0.004472615632203333,improved
squares,linear+corner,1.28,0.0,0,21,0.5357162504541656,0.0099945652765047,0.0067375316550576,0,0,2.6559935918322403e-09,6.876127072606975e-11,4.331072253426162e-11,0,0,128,-0.535716247798172,-0.009994565207743429,-0.006737531611746878,improved
squares,linear+corner,1.28,0.0,0,22,1.3265598368824906e-09,7.028757425955367e-11,0.0192366790103707,0,0,1.3265598368824906e-09,4.1878222496948175e-11,1.2624205735128064e-11,0,0,128,0.0,-2.8409351762605494e-11,-0.019236678997746493,stable
squares,linear+corner,1.28,0.0,0,23,0.2663739840738749,0.0052633555915951,0.0044775912259583,0,0,2.109360307273991e-09,6.608546475167384e-11,3.4439391446572935e-11,0,0,128,-0.2663739819645146,-0.005263355525509636,-0.004477591191518909,improved
squares,linear+corner,1.28,0.0,0,24,1.4032823571205542e-08,1.0119030157746911e-09,0.0105604690270046,0,0,1.4032823571205542e-08,9.617158050857032e-10,1.0041949563017412e-11,0,0,128,0.0,-5.018721068898788e-11,-0.01056046901696265,stable
squares,linear+corner,1.28,0.05,0,0,5.976534550978497e-10,1.6471222173515258e-10,0.0448445431765948,0,0,2.8043328174255493e-10,3.4785104540877073e-11,5.391768824754918e-12,0,0,128,-3.1722017335529473e-10,-1.299271171942755e-10,-0.04484454317120303,improved
squares,linear+corner,1.28,0.05,0,1,0.7795755860131757,0.0556447396992946,0.012311338001427,0,0,2.9639282457404455e-10,1.0200665673540103e-10,1.4555395509963284e-11,0,0,128,-0.7795755857167829,-0.05564473959728794,-0.012311337986871606,improved
squares,linear+corner,1.28,0.05,0,2,7.8630898703926e-09,3.35045163045188e-10,0.0730182579118244,0,0,1.7866039838609707e-09,5.401137493458123e-11,5.062507267884341e-11,0,0,128,-6.076485886531629e-09,-2.810337881106068e-10,-0.07301825786119932,improved
squares,linear+corner,1.28,0.05,0,3,1.0259803708439544e-10,2.103236779287414e-11,0.0207923757299092,0,0,7.063442722953526e-11,1.216260599932933e-11,4.204681995533755e-12,0,0,128,-3.196360985486018e-11,-8.86976179354481e-12,-0.02079237572570452,stable
squares,linear+corner,1.28,0.05,0,4,0.2545991210620493,0.020293241045026,1.0672613427427702e-10,0,0,1.0439337775391953e-08,4.7070615136988914e-11,3.734940873963995e-10,0,0,128,-0.2545991106227115,-0.020293240997955386,2.6676795312212247e-10,improved
squares,linear+corner,1.28,0.05,0,5,0.2027500692170569,0.0216969703895832,0.0065084016217078,0,0,5.092018144961693e-10,1.7011387886938711e-10,2.2700344039558664e-11,0,0,128,-0.20275006870785509,-0.02169697021946932,-0.006508401599007456,improved
squares,linear+corner,1.28,0.05,0,6,0.2399736191813992,0.0093064970977335,0.0056095993487544,0,0,3.771131881058244e-10,3.4225089954920056e-11,2.9339494868935697e-12,0,0,128,-0.239973618804286,-0.00930649706350841,-0.005609599345820451,improved
squares,linear+corner,1.28,0.05,0,7,0.1820353670536627,0.0073464168050551,0.0156393258549604,0,0,1.3517990968896395e-09,3.054409515278913e-11,2.4584154279600425e-11,0,0,128,-0.1820353657018636,-0.007346416774511005,-0.015639325830376246,improved
squares,linear+corner,1.28,0.05,0,8,0.0434088906913008,0.0009077297884682,0.0249831480591793,0,0,0.0344000034079948,0.0006355206189559,2.550239899215895e-10,0,0,128,-0.009008887283305997,-0.00027220916951230007,-0.02498314780415531,improved
squares,linear+corner,1.28,0.05,0,9,0.2147726725262758,0.0047545482048924,0.0290302217785232,0,0,7.61812575145714e-10,4.223635622808498e-11,1.7522475462028496e-11,0,0,128,-0.2147726717644632,-0.004754548162656044,-0.029030221761000723,improved
squares,linear+corner,1.28,0.05,0,10,0.2233251831769501,0.0086859091914359,0.018673341378898,0,0,2.303150745856156e-09,1.1451286419201227e-10,1.8540858893519337e-11,0,0,128,-0.22332518087379935,-0.008685909076923036,-0.01867334136035714,improved
squares,linear+corner,1.28,0.05,0,11,0.2307625506380011,0.0042229792671675,0.0295494301656279,0,0,1.2282549944182792e-09,6.311845807659338e-11,1.9587794015146462e-11,0,0,128,-0.2307625494097461,-0.0042229792040490415,-0.029549430146040105,improved
squares,linear+corner,1.28,0.05,0,12,0.2493658764825102,0.0102348355092261,0.0111763021200714,0,0,1.106268689955101e-09,5.023566028862757e-11,2.7102369950340715e-12,0,0,128,-0.24936587537624152,-0.010234835458990439,-0.011176302117361163,improved
squares,linear+corner,1.28,0.05,0,13,0.717853086395979,0.021583850276536,0.0167790020166761,0,0,7.86508615277268e-10,5.7677374910701567e-11,4.549965605514747e-12,0,0,128,-0.7178530856094704,-0.021583850218858627,-0.016779002012126135,improved
squares,linear+corner,1.28,0.05,0,14,0.8105521859045952,0.0197966676589029,0.0088346224507613,0,0,2.876765912795343e-09,1.0648545305705082e-10,6.88067164092128e-12,0,0,128,-0.8105521830278293,-0.01979666755241745,-0.008834622443880629,improved
squares,linear+corner,1.28,0.05,0,15,0.5627508941221576,0.0141554682943993,0.0014088499952016,0,0,2.049873253067323e-09,1.0283439306125927e-10,2.3837738683251805e-11,0,0,128,-0.5627508920722843,-0.014155468191564905,-0.0014088499713638613,improved
squares,linear+corner,1.28,0.05,0,16,0.2822302471503459,0.0103072949703014,0.0087943260308254,0,0,1.8341479949542515e-09,5.873236603703873e-11,2.4124951031264133e-11,0,0,128,-0.2822302453161979,-0.010307294911569034,-0.008794326006700449,improved
squares,linear+corner,1.28,0.05,0,17,0.2120546140030264,0.010844619474535,0.0096936814629763,0,0,2.00399092900086e-08,2.409433586864804e-10,2.0387640975126731e-10,0,0,128,-0.2120545939631171,-0.01084461923359164,-0.00969368125909989,improved
squares,linear+corner,1.28,0.05,0,18,0.5813362894152817,0.0062420516745039,0.0128333116084704,0,0,3.992819315037336e-09,6.00685156646557e-11,3.366311400368223e-11,0,0,128,-0.5813362854224624,-0.006242051614435385,-0.012833311574807287,improved
squares,linear+corner,1.28,0.05,0,19,0.2468841340929731,0.0047054700188126,0.0098826063535693,0,0,1.9249530145697231e-10,1.6816683211535733e-11,4.684022923754572e-12,0,0,128,-0.2468841339004778,-0.004705470001995916,-0.009882606348885277,improved
squares,linear+corner,1.28,0.05,0,20,0.2532340733917518,0.0052021337934194,0.0037912492768554,0,0,2.580342958692823e-09,7.335246773485404e-11,2.5260647053438753e-12,0,0,128,-0.25323407081140886,-0.005202133720066933,-0.0037912492743293353,improved
squares,linear+corner,1.28,0.05,0,21,0.5264953091846114,0.0091130856214381,0.006631235841778,0,0,1.6707443950956115e-09,4.9337453525308006e-11,2.2264492750830227e-11,0,0,128,-0.526495307513867,-0.009113085572100646,-0.0066312358195135075,improved
squares,linear+corner,1.28,0.05,0,22,4.870023782456282e-09,2.549110630950976e-10,0.0180010988999864,0,0,4.870023782456282e-09,2.366369102665236e-10,7.031433319779883e-11,0,0,128,0.0,-1.8274152828573996e-11,-0.018001098829672067,stable
squares,linear+corner,1.28,0.05,0,23,0.2640968350787529,0.0053962859902035,0.0049077438675547,0,0,2.3786459296615615e-08,3.0825673125110576e-10,3.7023678246994035e-10,0,0,128,-0.2640968112922936,-0.005396285681946769,-0.004907743497317918,improved
squares,linear+corner,1.28,0.05,0,24,2.07787193170834e-09,9.666598161750544e-11,0.0100774108412716,0,0,2.07787193170834e-09,8.59741472376755e-11,3.7337025067365026e-11,0,0,128,0.0,-1.069183437982994e-11,-0.010077410803934574,stable
squares,linear+corner,1.28,0.1,0,0,4.955903724370053e-09,6.134144779233921e-10,0.0427053685434552,0,0,4.955903724370053e-09,1.2673786759485847e-10,1.149639194412838e-10,0,0,128,0.0,-4.866766103285336e-10,-0.04270536842849128,stable
squares,linear+corner,1.28,0.1,0,1,0.7914530197627981,0.0301634987451253,0.0281601565451072,0,0,1.8174936743883198e-09,1.1255828300481743e-10,4.73291894210567e-11,0,0,128,-0.7914530179453044,-0.030163498632567017,-0.028160156497778012,improved
squares,linear+corner,1.28,0.1,0,2,1.16593245776351e-09,1.445883512461892e-10,0.073903059461901,0,0,1.2108937737879194e-10,7.655922883994032e-12,6.012265931704781e-12,0,0,128,-1.044843080384718e-09,-1.3693242836219516e-10,-0.07390305945588874,improved
squares,linear+corner,1.28,0.1,0,3,1.82014562340279e-10,1.3752912369828895e-10,0.0205457065252362,0,0,1.82014562340279e-10,1.1527804220686117e-10,7.159154083891965e-12,0,0,128,0.0,-2.225108149142778e-11,-0.020545706518077043,stable
squares,linear+corner,1.28,0.1,0,4,0.2531234858381642,0.0140163877882334,0.0001775637916105,0,0,0.0090932718696241,0.0002211217201039,1.2120190804305775e-11,0,0,128,-0.24403021396854008,-0.0137952660681295,-0.00017756377949030918,improved
squares,linear+corner,1.28,0.1,0,5,0.20401241614079,0.0217785952239579,0.0060311114427058,0,0,1.3005467911120024e-10,1.6268238339859973e-11,6.665169336038109e-12,0,0,128,-0.2040124160107353,-0.021778595207689662,-0.006031111436040631,improved
squares,linear+corner,1.28,0.1,0,6,0.2194955077944785,0.0190990766044859,1.5167963351148395e-11,0,0,2.903332962215849e-10,2.4759692253893948e-11,1.4917190409972094e-11,0,0,128,-0.2194955075041452,-0.019099076579726208,-2.5077294117630066e-13,improved
squares,linear+corner,1.28,0.1,0,7,0.2387780636905895,0.0152224244993674,0.0146900015984187,0,0,1.663241012978979e-10,2.6249189006302425e-11,5.5364433909331115e-12,0,0,128,-0.2387780635242654,-0.015222424473118211,-0.014690001592882257,improved
squares,linear+corner,1.28,0.1,0,8,0.0523419897060983,0.0011687217482066,0.0237584091896436,0,0,1.3925870828833292e-09,4.548635309622623e-11,1.614745137221635e-11,0,0,128,-0.05234198831351122,-0.0011687217027202467,-0.02375840917349615,improved
squares,linear+corner,1.28,0.1,0,9,7.489229462990626e-10,8.107135312473585e-11,0.0390584640190686,0,0,3.2989274518596877e-10,3.106647943024414e-11,3.3013414878166965e-12,0,0,128,-4.190302011130938e-10,-5.000487369449171e-11,-0.039058464015767264,improved
squares,linear+corner,1.28,0.1,0,10,0.2303471946620266,0.008543078476678,0.0182643894065971,0,0,5.852059539488994e-10,5.976044282869296e-11,4.784320997662966e-12,0,0,128,-0.23034719407682064,-0.008543078416917557,-0.018264389401812776,improved
squares,linear+corner,1.28,0.1,0,11,0.2326407279676585,0.004015903084816,0.0306070831085186,0,0,1.023380573551752e-09,8.800472471325244e-11,1.540109879567438e-11,0,0,128,-0.23264072694427793,-0.004015902996811275,-0.030607083093117503,improved
squares,linear+corner,1.28,0.1,0,12,0.2359191857711109,0.0102668690735154,0.0106232624426443,0,0,1.6729635866636887e-08,4.142314361121804e-10,2.3856035180619117e-10,0,0,128,-0.23591916904147503,-0.010266868659283964,-0.010623262204083947,improved
squares,linear+corner,1.28,0.1,0,13,0.7159558099324843,0.0215781725853022,0.0168896619291695,0,0,9.283362596790527e-10,5.92671803294381e-11,6.172722155398774e-12,0,0,128,-0.715955809004148,-0.021578172526035017,-0.016889661922996776,improved
squares,linear+corner,1.28,0.1,0,14,0.8190591313192033,0.0203746032753666,0.0080811450197788,0,0,5.595438580280138e-10,4.5928841935177985e-11,1.3372845162141384e-11,0,0,128,-0.8190591307596594,-0.02037460322943776,-0.008081145006405955,improved
squares,linear+corner,1.28,0.1,0,15,0.5337037760370799,0.0123311802137784,0.0014187843904989,0,0,3.0360832530099435e-09,9.008558441138931e-11,5.128131788737513e-11,0,0,128,-0.5337037730009966,-0.012331180123692815,-0.001418784339217582,improved
squares,linear+corner,1.28,0.1,0,16,0.2577173400592314,0.0066127749799465,0.0158164126851321,0,0,1.979901942764046e-09,5.2506129451509076e-11,4.025866829910922e-12,0,0,128,-0.25771733807932945,-0.00661277492744037,-0.015816412681106232,improved
squares,linear+corner,1.28,0.1,0,17,0.2208588449079177,0.0072808557412782,0.0190446450916797,0,0,1.8215436430616374e-09,9.31811167257636e-11,3.2201821137331595e-11,0,0,128,-0.22085884308637407,-0.007280855648097084,-0.01904464505947788,improved
squares,linear+corner,1.28,0.1,0,18,0.562331138605614,0.0059137182997755,0.013439003629052,0,0,4.61391934456193e-09,8.521406362955769e-11,2.9537434477912156e-11,0,0,128,-0.5623311339916947,-0.005913718214561436,-0.013439003599514564,improved
squares,linear+corner,1.28,0.1,0,19,0.0604317339360781,0.0003924344096398,0.0105993270011061,0,0,4.885678063892503e-10,5.280444542010358e-11,8.940056481270378e-12,0,0,128,-0.060431733447510294,-0.00039243435683535455,-0.010599326992166043,improved
squares,linear+corner,1.28,0.1,0,20,0.2517899873354844,0.0022872640013395,0.0120305266693221,0,0,7.257284793881621e-09,1.1961530538397674e-10,4.043773307667794e-11,0,0,128,-0.25178998007819964,-0.0022872638817241944,-0.012030526628884366,improved
squares,linear+corner,1.28,0.1,0,21,0.5155130658894603,0.0089144176446349,0.0063627217519851,0,0,6.565479692058475e-10,3.723774695934057e-11,1.2207771935181933e-12,0,0,128,-0.5155130652329124,-0.008914417607397153,-0.006362721750764323,improved
squares,linear+corner,1.28,0.1,0,22,1.6370920658952268e-07,0.0075447315320958,0.0178467261436072,2,0,3.13133693676622e-10,1.0641537085984823e-10,6.950260017128162e-12,0,0,128,-1.6339607289584607e-07,-0.00754473142568043,-0.01784672613665694,improved
squares,linear+corner,1.28,0.1,0,23,0.2650140235682046,0.0024064385163327,0.0091293391837893,0,0,1.812070187847091e-09,3.921244300421391e-11,2.292285537039489e-11,0,0,128,-0.2650140217561344,-0.002406438477120257,-0.009129339160866445,improved
squares,linear+corner,1.28,0.1,0,24,0.1053760193114133,0.002317721718818,0.0079935725693075,0,0,2.535182297045287e-10,3.1409202059198456e-11,3.713849505932628e-12,0,0,128,-0.10537601905789507,-0.002317721687408798,-0.007993572565593651,improved
squares,linear+corner,1.28,0.2,0,0,2.7709386368767795e-08,0.0067379962479717,0.3727627998008238,2,0,6.068664433541175e-09,3.515200874556708e-10,7.127130710783247e-14,0,0,128,-2.1640721935226622e-08,-0.006737995896451613,-0.3727627998007525,improved
squares,linear+corner,1.28,0.2,0,1,2.7353216357195685e-10,6.793086339670206e-11,0.0281605067700272,0,0,9.573060428748109e-11,1.3904869107156991e-11,4.2419221447116536e-12,0,0,128,-1.7780155928447576e-10,-5.402599428954507e-11,-0.028160506765785277,improved
squares,linear+corner,1.28,0.2,0,2,1.2059119603563784e-09,7.10921976566894e-11,0.0740572229468606,0,0,1.2059119603563784e-09,3.213853879426319e-11,5.801248286214029e-11,0,0,128,0.0,-3.8953658862426213e-11,-0.07405722288884811,stable
squares,linear+corner,1.28,0.2,0,3,1.003431016313778,0.0190871107059043,0.0180068149954038,0,0,8.281971823788923e-10,5.3677389763326335e-11,2.0410269859204668e-11,0,0,128,-1.0034310154855808,-0.019087110652226912,-0.01800681497499353,improved
squares,linear+corner,1.28,0.2,0,4,0.2628198145377972,0.0103354871316082,0.0012957807519331,0,0,3.8635065487243726e-10,3.2133232627470586e-11,1.0657868873300558e-11,0,0,128,-0.2628198141514465,-0.010335487099474967,-0.0012957807412752312,improved
squares,linear+corner,1.28,0.2,0,5,0.125880570124444,0.0187549281106575,0.2589388449404468,0,0,6.78919717108521e-11,9.821418067826774e-12,2.623258775150988e-12,0,0,128,-0.12588057005655204,-0.018754928100836083,-0.25893884493782354,improved
squares,linear+corner,1.28,0.2,0,6,0.2119082009166225,0.0112074811751815,0.0012648603553959,0,0,1.930553735863408e-09,9.316969757041482e-11,2.0890276690307996e-11,0,0,128,-0.21190819898606875,-0.011207481082011802,-0.0012648603345056233,improved
squares,linear+corner,1.28,0.2,0,7,0.2526318906551513,0.0146482079589807,0.014628234119104,0,0,9.42527423245594e-10,9.727878878475984e-11,2.3977363906380287e-11,0,0,128,-0.25263188971262385,-0.014648207861701911,-0.014628234095126636,improved
squares,linear+corner,1.28,0.2,0,8,7.332674630051179e-10,7.071417866656314e-11,0.0203966127375394,0,0,5.053006541315105e-10,3.1167299913317417e-11,1.199293792052529e-11,0,0,128,-2.2796680887360732e-10,-3.9546878753245726e-11,-0.02039661272554646,improved
squares,linear+corner,1.28,0.2,0,9,0.2579454258680126,0.0040889356890662,0.0376440663238946,0,0,3.4120533728544146e-10,2.732601776898688e-11,6.940455634523278e-12,0,0,128,-0.25794542552680727,-0.004088935661740182,-0.03764406631695415,improved
squares,linear+corner,1.28,0.2,0,10,0.2663412532490026,0.0085152105167873,0.0182541021038662,0,0,5.247193388826344e-10,3.933291246218306e-11,6.4866814120325775e-12,0,0,128,-0.2663412527242833,-0.008515210477454387,-0.01825410209737952,improved
squares,linear+corner,1.28,0.2,0,11,1.1946225421729142,0.0250649262927343,0.0227090241524521,0,0,6.842802854956413e-10,5.439281709194854e-11,9.191121501606922e-12,0,0,128,-1.194622541488634,-0.025064926238341483,-0.02270902414326098,improved
squares,linear+corner,1.28,0.2,0,12,0.2332775393250223,0.0071488177125318,0.0120630262214853,0,0,5.537189754705535e-10,3.9698055241166185e-11,7.1043050835919295e-12,0,0,128,-0.2332775387713033,-0.0071488176728337445,-0.012063026214380995,improved
squares,linear+corner,1.28,0.2,0,13,1.7559181344319039e-09,9.574444093953535e-11,0.0286052389850863,0,0,1.7559181344319039e-09,7.857564663139453e-11,1.9874805884248598e-11,0,0,128,0.0,-1.7168794308140823e-11,-0.028605238965211492,stable
squares,linear+corner,1.28,0.2,0,14,0.2379929277223236,0.0124198576099929,0.008438922469084,0,0,7.325568624879053e-10,5.1489767389692486e-11,6.035700853723767e-12,0,0,128,-0.23799292698976673,-0.012419857558503132,-0.008438922463048299,improved
squares,linear+corner,1.28,0.2,0,15,0.2174646529820234,0.0131794237922261,4.102530923732459e-12,0,0,1.0531572720270656e-09,7.239367350352812e-11,1.8906463491917074e-12,0,0,128,-0.2174646519288661,-0.013179423719832427,-2.211884574540752e-12,improved
squares,linear+corner,1.28,0.2,0,16,0.1367176348367181,0.0026240445812737,0.0207843149773516,0,0,4.5655907744957036e-10,4.8220454564670496e-11,8.097234639650458e-12,0,0,128,-0.13671763438015902,-0.0026240445330532455,-0.020784314969254366,improved
squares,linear+corner,1.28,0.2,0,17,0.2366370480483172,0.0074446625267156,0.0184295975897225,0,0,2.502609599436676e-09,1.2288995673882056e-10,4.1259986384473154e-11,0,0,128,-0.2366370455457076,-0.007444662403825643,-0.018429597548462514,improved
squares,linear+corner,1.28,0.2,0,18,0.5521243998484735,0.0052531969043604,0.0136664684845796,0,0,2.2843742823983524e-09,8.71398998400704e-11,1.5767722675567354e-11,0,0,128,-0.5521243975640993,-0.0052531968172205,-0.013666468468811878,improved
squares,linear+corner,1.28,0.2,0,19,0.0268106096271819,0.0001722647098581,0.0118792519864096,0,0,6.5977524604748464e-09,2.7263987999643887e-10,5.273041214333819e-11,0,0,128,-0.02681060302942944,-0.00017226443721822,-0.011879251933679188,improved
squares,linear+corner,1.28,0.2,0,20,0.9553032574934543,0.0150545454054755,0.0045526192139074,0,0,3.107200332839446e-10,3.0629128023499e-11,8.357523529855718e-13,0,0,128,-0.9553032571827343,-0.015054545374846372,-0.004552619213071648,improved
squares,linear+corner,1.28,0.2,0,21,0.4867787067556295,0.012196242689825,0.0024110426766564,0,0,5.09410538770514e-09,4.430625870401031e-11,8.937367884235762e-11,0,0,128,-0.4867787016615241,-0.012196242645518742,-0.002411042587282721,improved
squares,linear+corner,1.28,0.2,0,22,2.051056463870601e-07,0.0134325099420386,0.2937225542062147,4,0,5.492976011426679e-09,3.258358300236838e-10,1.0965653263176668e-10,0,0,128,-1.996126703756334e-07,-0.01343250961620277,-0.2937225540965582,improved
squares,linear+corner,1.28,0.2,0,23,0.277884617812266,0.0024333152260298,0.0102493267417836,0,0,2.1761866856340172e-08,2.4593359373818223e-10,1.96260033335705e-10,0,0,128,-0.2778845960503991,-0.0024333149800962062,-0.010249326545523567,improved
squares,linear+corner,1.28,0.2,0,24,0.845424213165663,0.0204747898849834,0.1073047168891378,2,0,1.2144832537921906e-09,1.195437589143829e-10,9.908655862922249e-12,0,0,128,-0.8454242119511797,-0.02047478976543964,-0.10730471687922914,improved
squares,linear+corner,1.28,0.3,0,0,7.541915372681673e-08,0.0287470954677386,0.3235482949205965,2,0,1.4474202082701206e-09,0.0091461472945437,4.139657507752339e-11,0,0,128,-7.397173351854662e-08,-0.019600948173194903,-0.32354829487919995,improved
squares,linear+corner,1.28,0.3,0,1,5.7962025393286905e-09,9.445021350507846e-10,0.0288012446487655,0,0,5.7962025393286905e-09,5.617564556529206e-11,2.1778341489018287e-10,0,0,128,0.0,-8.883264894854926e-10,-0.028801244430982084,stable
squares,linear+corner,1.28,0.3,0,2,0.6987595179159595,0.027668835754548,0.0554919042875121,0,0,6.32506517093989e-10,4.2568215496979985e-11,3.748291566898014e-12,0,0,128,-0.698759517283453,-0.027668835711979783,-0.055491904283763806,improved
squares,linear+corner,1.28,0.3,0,3,0.827527091714175,0.042742107009671,0.4515710945405992,0,0,0.3498739991156631,1.3265951359803938e-08,1.2577468549013864e-11,2,0,128,-0.47765309259851196,-0.04274209374371964,-0.4515710945280217,improved
squares,linear+corner,1.28,0.3,0,4,0.2680107644028316,0.0121720233300889,0.0032354312776802,0,0,6.58465550797102e-08,1.9831493026036344e-09,3.8778374066526176e-10,0,0,128,-0.2680106985562765,-0.012172021346939597,-0.0032354308898964595,improved
squares,linear+corner,1.28,0.3,0,5,0.2097949420030433,0.0203157432957988,0.2314514379656171,2,0,1.630952688081415e-10,6.121283545846403e-11,2.253294435634629e-13,0,0,128,-0.20979494183994804,-0.020315743234585962,-0.23145143796539178,improved
squares,linear+corner,1.28,0.3,0,6,0.1878678962683882,0.0085431164115925,0.0133855170832187,0,0,6.738431529217812e-10,3.4439438377889267e-11,3.3520520150249837e-11,0,0,128,-0.18786789559454506,-0.00854311637715306,-0.013385517049698181,improved
squares,linear+corner,1.28,0.3,0,7,0.8358711162292395,0.0436050857343883,0.0135803292823842,0,0,1.966649858425368e-09,2.8355577149733006e-10,7.421752904751079e-12,0,0,128,-0.8358711142625896,-0.04360508545083253,-0.013580329274962447,improved
squares,linear+corner,1.28,0.3,0,8,0.0581374436064043,0.0005397220057705,0.0110066420488341,0,0,5.124142055805694e-10,2.4831487529632303e-11,1.5485397044011516e-11,0,0,128,-0.05813744309399009,-0.0005397219809390125,-0.011006642033348703,improved
squares,linear+corner,1.28,0.3,0,9,0.2896855128427467,0.0067211941412333,0.0159736468926475,0,0,8.988530516676513e-09,1.8455098692753718e-10,1.8198719065431018e-10,0,0,128,-0.28968550385421615,-0.006721193956682313,-0.01597364671066031,improved
squares,linear+corner,1.28,0.3,0,10,0.3135273181306598,0.0092408348042267,0.0078074055773436,0,0,0.0048958089532463,8.539562207647367e-05,1.909796025721912e-11,0,0,128,-0.3086315091774135,-0.009155439182150227,-0.00780740555824564,improved
squares,linear+corner,1.28,0.3,0,11,1.17533738337492,0.0292405718069473,0.0106329974575671,0,0,1.0933547013131908e-09,3.844406366982421e-11,2.6346163380459735e-11,0,0,128,-1.1753373822815654,-0.029240571768503237,-0.010632997431220937,improved
squares,linear+corner,1.28,0.3,0,12,0.2383578017103305,0.0061123813060971,0.0126543857436769,0,0,2.222256640751944e-09,8.270754935878431e-11,2.0955756094211203e-11,0,0,128,-0.23835779948807387,-0.006112381223389551,-0.012654385722721144,improved
squares,linear+corner,1.28,0.3,0,13,1.7161870405209527e-08,0.0123886529207369,0.5564973991017609,0,0,1.4697182964897962e-08,4.529113104101892e-10,2.4753799294387097e-10,0,0,128,-2.4646874403115657e-09,-0.012388652467825589,-0.5564973988542229,improved
squares,linear+corner,1.28,0.3,0,14,0.2797929495441968,0.01254036908457,0.0084762290873258,0,0,1.2915697739414194e-09,6.082266818722281e-11,3.0376292000291854e-11,0,0,128,-0.279792948252627,-0.012540369023747331,-0.008476229056949508,improved
squares,linear+corner,1.28,0.3,0,15,0.196982783046369,0.0100714933644545,0.0125462303529919,0,0,4.756571569243966e-09,1.5749842622642418e-10,2.3970292504083942e-11,0,0,128,-0.1969827782897974,-0.010071493206956075,-0.012546230329021607,improved
squares,linear+corner,1.28,0.3,0,16,0.1188806445015551,0.0094600741143276,0.0202184600250572,0,0,7.1161701493149715e-09,3.857636817157651e-10,4.534671680016189e-11,0,0,128,-0.11888063738538494,-0.009460073728563919,-0.020218459979710484,improved
squares,linear+corner,1.28,0.3,0,17,0.2506411764990869,0.0076167212696565,0.0171957838812591,0,0,3.068118213390591e-09,1.5946144264523518e-10,4.2069793574706045e-11,0,0,128,-0.2506411734309687,-0.007616721110195058,-0.017195783839189308,improved
squares,linear+corner,1.28,0.3,0,18,0.4749960731955981,0.00521069060281,0.0137183898535456,0,0,3.4558988330056984e-08,5.53982473449056e-10,2.4183199458081183e-10,0,0,128,-0.4749960386366098,-0.005210690048827527,-0.013718389611713604,improved
squares,linear+corner,1.28,0.3,0,19,0.6266070751134263,0.0177835891481073,0.0056262967606585,0,0,5.739875794516583e-05,3.040472780207515e-09,6.454131299232606e-07,0,0,128,-0.6265496763554811,-0.01778358610763452,-0.005625651347528577,improved
squares,linear+corner,1.28,0.3,0,20,0.9484257399642864,0.011376246050404,0.0023393155695138,0,0,2.2588182259254685e-08,2.6839215360014227e-10,3.8953797385533786e-10,0,0,128,-0.9484257173761041,-0.011376245782011846,-0.002339315179975826,improved
squares,linear+corner,1.28,0.3,0,21,0.2580422024014047,0.0029192235406061,0.012153354269865,0,0,7.997735804309103e-09,6.414951150366053e-11,1.1169222580834523e-10,0,0,128,-0.2580421944036689,-0.0029192234764565885,-0.012153354158172773,improved
squares,linear+corner,1.28,0.3,0,22,0.9273929156406824,0.0864245095041489,0.1840017750290309,0,0,8.903672777134795e-08,0.0034011500874828,7.647988069636546e-12,2,0,128,-0.9273928266039546,-0.0830233594166661,-0.1840017750213829,improved
squares,linear+corner,1.28,0.3,0,23,0.2945845525596182,0.0024805266705372,0.0107304823362135,0,0,1.6046453837201475e-09,5.1556409735073537e-11,2.0552755361875944e-11,0,0,128,-0.2945845509549728,-0.00248052661898079,-0.010730482315660744,improved
squares,linear+corner,1.28,0.3,0,24,0.5753935729454704,0.0162682857732091,0.017016636790085,0,0,1.8265589228304174e-09,4.0134517274343477e-10,8.811930511771427e-12,0,0,128,-0.5753935711189115,-0.01626828537186393,-0.01701663678127307,improved
squares,linear+corner,1.5,0.0,0,0,1.6961532270220411e-09,1.3796552431815589e-10,0.0179805949765229,0,0,1.6961532270220411e-09,5.1822928933993966e-11,6.242869078830243e-11,0,0,150,0.0,-8.614259538416191e-11,-0.01798059491409421,stable
squares,linear+corner,1.5,0.0,0,1,0.1211632564523847,0.0098468668301056,0.032610573405835,0,0,1.0659551536192427e-10,3.2176623550753894e-11,5.6058498600362824e-12,0,0,150,-0.12116325634578919,-0.009846866797928976,-0.03261057340022915,improved
squares,linear+corner,1.5,0.0,0,2,0.181243123353841,0.0070387922668726,0.0103827757701845,0,0,1.6233706797346463e-10,2.3223501333861708e-11,3.249376525425031e-12,0,0,150,-0.18124312319150393,-0.007038792243649099,-0.010382775766935123,improved
squares,linear+corner,1.5,0.0,0,3,0.2235638875019569,0.0092681598673657,0.0416860882658322,0,0,8.08159481409661e-10,2.217713658286899e-11,3.8392745538823794e-11,0,0,150,-0.22356388669379743,-0.009268159845188563,-0.04168608822743945,improved
squares,linear+corner,1.5,0.0,0,4,0.1691998118272336,0.0051563875371876,0.0080579468058729,0,0,0.0128542918148433,0.000325795201415,6.599094604098761e-10,0,0,150,-0.1563455200123903,-0.0048305923357726,-0.008057946145963439,improved
squares,linear+corner,1.5,0.0,0,5,0.1370900117037785,0.0068407908695508,0.0203839432796411,0,0,8.116726260198114e-11,1.6815625024053402e-11,6.7735991312576145e-12,0,0,150,-0.13709001162261122,-0.006840790852735174,-0.0203839432728675,improved
squares,linear+corner,1.5,0.0,0,6,0.2218679144815506,0.0119095619527803,0.0014256038524442,0,0,5.922196524139574e-10,3.705874605420184e-11,2.4907663914217015e-11,0,0,150,-0.22186791388933094,-0.011909561915721553,-0.0014256038275365362,improved
squares,linear+corner,1.5,0.0,0,7,0.0836694221369482,0.0047358227058332,0.0012043292943605,0,0,3.5752704153797355e-10,5.959626875311393e-11,1.022020152957138e-11,0,0,150,-0.08366942177942116,-0.004735822646236931,-0.0012043292841402986,improved
squares,linear+corner,1.5,0.0,0,8,0.2164071985023145,0.0029430173089843,0.0104797112657299,0,0,2.33460806235872e-09,5.1753553102891146e-11,1.575483405707655e-11,0,0,150,-0.21640719616770643,-0.0029430172572307467,-0.010479711249975068,improved
squares,linear+corner,1.5,0.0,0,9,0.1941029972332409,0.0058300701721448,0.0103884771987471,0,0,2.576769343284662e-09,1.1156825572708592e-10,1.1303007058416053e-10,0,0,150,-0.19410299465647154,-0.005830070060576544,-0.010388477085717029,improved
squares,linear+corner,1.5,0.0,0,10,0.1504597284935557,0.0054797827098111,0.0147470019409194,0,0,6.60151868952773e-10,4.2031047277551594e-11,6.748041571891288e-12,0,0,150,-0.15045972783340383,-0.005479782667780053,-0.01474700193417136,improved
squares,linear+corner,1.5,0.0,0,11,0.6558114890288171,0.012066831451184,0.0074418150890764,0,0,4.675050390508294e-10,2.633417750064522e-11,5.9451469433866775e-12,0,0,150,-0.6558114885613121,-0.012066831424849822,-0.007441815083131253,improved
squares,linear+corner,1.5,0.0,0,12,0.1633544886922789,0.0048815414857681,0.0120003346083269,0,0,2.1438838502866886e-09,5.827555548594358e-11,3.0991630314689754e-11,0,0,150,-0.16335448654839504,-0.0048815414274925445,-0.01200033457733527,improved
squares,linear+corner,1.5,0.0,0,13,0.0773225057629886,0.0005116147211667,0.0160061195634702,0,0,1.4876631410559971e-09,9.029850485997635e-11,5.291092626071198e-12,0,0,150,-0.07732250427532546,-0.0005116146308681951,-0.016006119558179106,improved
squares,linear+corner,1.5,0.0,0,14,0.2410528526887005,0.0062216195802487,0.0101279359053352,0,0,8.500988075539013e-08,8.05516455400634e-10,1.089286258637279e-09,0,0,150,-0.24105276767881975,-0.0062216187747322444,-0.010127934816048942,improved
squares,linear+corner,1.5,0.0,0,15,0.2796627844339338,0.0060430265272681,0.0073776072604121,0,0,4.118568788533463e-09,9.758038997115275e-11,4.602302517362553e-11,0,0,150,-0.279662780315365,-0.00604302642968771,-0.0073776072143890755,improved
squares,linear+corner,1.5,0.0,0,16,0.2146563919063975,0.0026716052661553,0.0040736622273056,0,0,1.0447137819258627e-09,7.487477750377116e-11,1.941428835876211e-11,0,0,150,-0.2146563908616837,-0.0026716051912805227,-0.004073662207891311,improved
squares,linear+corner,1.5,0.0,0,17,0.2048916779990859,0.0046569356389155,0.0094134270010871,0,0,2.7528846311503632e-09,1.1345352595434751e-10,6.757823873469778e-11,0,0,150,-0.20489167524620125,-0.0046569355254619735,-0.009413426933508861,improved
squares,linear+corner,1.5,0.0,0,18,0.6447017829133643,0.0170142856747529,0.001259918398035,0,0,3.0036470579238447e-09,6.448698023265039e-11,5.2967264778485624e-11,0,0,150,-0.6447017799097172,-0.017014285610265918,-0.0012599183450677353,improved
squares,linear+corner,1.5,0.0,0,19,0.1422639903838331,0.0031607349819109,0.0118420806696312,0,0,1.2649881885611896e-09,9.599392998019643e-11,4.5458181116561304e-11,0,0,150,-0.1422639891188449,-0.00316073488591697,-0.01184208062417302,improved
squares,linear+corner,1.5,0.0,0,20,0.1992209748254461,0.0044267626423995,0.0079612628237782,0,0,5.320513124428582e-09,1.1891859176154573e-10,4.473603139308538e-11,0,0,150,-0.19922096950493298,-0.004426762523480908,-0.00796126277904217,improved
squares,linear+corner,1.5,0.0,0,21,0.1908601449134677,0.0066422200740327,0.0058972622852299,0,0,5.02141924861917e-09,8.931347725241372e-11,1.6700413400878137e-11,0,0,150,-0.19086013989204845,-0.006642219984719222,-0.005897262268529486,improved
squares,linear+corner,1.5,0.0,0,22,0.1186353058407209,0.0015343198903393,0.0067954095901336,0,0,1.6162474960491568e-10,4.9664796356589745e-11,4.750692757030218e-12,0,0,150,-0.11863530567909615,-0.0015343198406745037,-0.006795409585382907,improved
squares,linear+corner,1.5,0.0,0,23,0.2145131290597882,0.0052241115913503,0.0057207565236536,0,0,8.561350183642512e-09,1.290723157882829e-10,1.2219828776065715e-10,0,0,150,-0.21451312049843801,-0.005224111462277984,-0.005720756401455312,improved
squares,linear+corner,1.5,0.0,0,24,0.0958066288794043,0.002604647240333,0.0056927844165118,0,0,8.477488877383412e-10,1.3835408974307027e-10,1.7183587885937835e-11,0,0,150,-0.09580662803165542,-0.00260464710197891,-0.005692784399328212,improved
squares,linear+corner,1.5,0.05,0,0,3.3847597944013276e-10,5.5383123695388065e-11,0.0166271533192875,0,0,3.3847597944013276e-10,2.605473777313101e-11,1.8251414639149823e-11,0,0,150,0.0,-2.932838592225706e-11,-0.016627153301036087,stable
squares,linear+corner,1.5,0.05,0,1,3.1136081819560086e-10,1.2185865207629795e-10,0.0447994093530859,0,0,5.715631780173725e-11,9.556907802642411e-12,3.9807112231807994e-12,0,0,150,-2.542045003938636e-10,-1.1230174427365554e-10,-0.04479940934910519,improved
squares,linear+corner,1.5,0.05,0,2,0.1046100535727096,0.0039331864157328,0.0098854687045655,0,0,8.119780236325714e-11,1.9170209060622498e-11,8.404564327771839e-12,0,0,150,-0.1046100534915118,-0.003933186396562591,-0.009885468696160936,improved
squares,linear+corner,1.5,0.05,0,3,0.2261967055208482,0.0091750877641562,0.0402316275789084,0,0,1.6272423704105498e-10,3.463027423940285e-11,5.508748989131654e-13,0,0,150,-0.22619670535812395,-0.009175087729525926,-0.04023162757835753,improved
squares,linear+corner,1.5,0.05,0,4,0.4546127301398031,0.0172604304564477,0.0025150718385431,0,0,0.0155124516995826,0.0003785560421645,5.1009287828655536e-11,0,0,150,-0.4391002784402205,-0.0168818744142832,-0.0025150717875338123,improved
squares,linear+corner,1.5,0.05,0,5,0.1298896384041466,0.0065199852848641,0.0200822597482591,0,0,2.3642633935955775e-10,1.8473177906207484e-11,1.935883456086945e-12,0,0,150,-0.12988963816772026,-0.006519985266390922,-0.020082259746323217,improved
squares,linear+corner,1.5,0.05,0,6,0.2674892362763764,0.0122688829775055,0.001654159258692,0,0,6.557087034660675e-10,4.5823427397805294e-11,1.701059044631412e-11,0,0,150,-0.2674892356206677,-0.012268882931682074,-0.0016541592416814096,improved
squares,linear+corner,1.5,0.05,0,7,0.0973628117711234,0.0073450867778484,0.000516962429682,0,0,6.370043366124549e-11,1.4442404670226412e-11,2.589193817192159e-13,0,0,150,-0.09736281170742296,-0.007345086763405995,-0.0005169624294230806,improved
squares,linear+corner,1.5,0.05,0,8,0.2234586845498675,0.00267913778896,0.0098999926548907,0,0,2.2175178612404603e-09,5.987604556510452e-11,3.259833014263931e-11,0,0,150,-0.22345868233234964,-0.0026791377290839545,-0.00989999262229237,improved
squares,linear+corner,1.5,0.05,0,9,0.1921619161106572,0.0059939855761073,0.0101825380086425,0,0,3.754124045195894e-09,1.3538090754978163e-10,3.8927139268873725e-11,0,0,150,-0.19216191235653315,-0.005993985440726392,-0.01018253796971536,improved
squares,linear+corner,1.5,0.05,0,10,0.1512142776487655,0.0055624008016583,0.0146708279483228,0,0,1.9049623940676872e-09,7.955412965203361e-11,3.442374485989378e-13,0,0,150,-0.1512142757438031,-0.00556240072210417,-0.014670827947978563,improved
squares,linear+corner,1.5,0.05,0,11,0.1644859916610867,0.0059353925970418,0.0058338407803654,0,0,6.835813131368247e-10,4.351404104303163e-11,1.5678700594745675e-11,0,0,150,-0.1644859909775054,-0.005935392553527759,-0.005833840764686699,improved
squares,linear+corner,1.5,0.05,0,12,0.1656917398797311,0.0027559046461287,0.0107450757073206,0,0,0.0037875849760382,8.7849625879714e-05,7.261152216742983e-10,0,0,150,-0.1619041549036929,-0.002668055020248986,-0.010745074981205378,improved
squares,linear+corner,1.5,0.05,0,13,0.0344133331922987,0.0002235122116552,0.0174826585782839,0,0,3.775247845536043e-09,1.1181357769569878e-10,5.853952886077537e-12,0,0,150,-0.03441332941705086,-0.0002235120998416223,-0.01748265857242995,improved
squares,linear+corner,1.5,0.05,0,14,0.2475625980763358,0.0062795370686501,0.0109082034544985,0,0,7.201778295756223e-10,6.942880293128683e-11,1.2249572914041096e-11,0,0,150,-0.24756259735615796,-0.006279536999221297,-0.010908203442248927,improved
squares,linear+corner,1.5,0.05,0,15,0.2803606811539438,0.0086325830518763,0.0001784567573736,0,0,7.198849246451285e-09,1.5186674284419896e-10,5.394537245047967e-11,0,0,150,-0.28036067395509456,-0.008632582900009556,-0.00017845670342822755,improved
squares,linear+corner,1.5,0.05,0,16,0.2128283290260057,0.0028416260784087,0.0041263268079994,0,0,4.630153822049963e-09,1.3392598946255338e-10,5.370392573900977e-11,0,0,150,-0.2128283243958519,-0.0028416259444827103,-0.004126326754295474,improved
squares,linear+corner,1.5,0.05,0,17,0.2044034261731291,0.0047639688108995,0.0096930353352354,0,0,4.881641641814691e-09,1.1821806469302546e-10,8.094585118319373e-11,0,0,150,-0.20440342129148745,-0.004763968692681435,-0.009693035254289549,improved
squares,linear+corner,1.5,0.05,0,18,0.6778380369377618,0.0124327903560045,0.0036057917790526,0,0,1.2240095698303086e-09,5.2042352276680873e-11,2.9328510925277166e-11,0,0,150,-0.6778380357137522,-0.012432790303962146,-0.003605791749724089,improved
squares,linear+corner,1.5,0.05,0,19,0.1597900935829415,0.0031938920000714,0.011708343940949,0,0,2.331610696984845e-09,1.260620369458864e-10,5.7317827296937666e-11,0,0,150,-0.15979009125133078,-0.003193891874009363,-0.011708343883631173,improved
squares,linear+corner,1.5,0.05,0,20,0.196561467871682,0.0042762326443278,0.0072071708290233,0,0,1.2796030476012407e-09,6.059164937666413e-11,4.563338622937039e-12,0,0,150,-0.19656146659207896,-0.00427623258373615,-0.007207170824459962,improved
squares,linear+corner,1.5,0.05,0,21,0.1878788684195994,0.0064047192789543,0.0056069011286499,0,0,4.360450580969248e-09,1.3789347257989535e-10,9.237189749187907e-12,0,0,150,-0.1878788640591488,-0.006404719141060828,-0.00560690111941271,improved
squares,linear+corner,1.5,0.05,0,22,0.7155269644819401,0.0225947851449467,0.012250698769301,0,0,4.843544410819878e-10,6.475082333387287e-11,8.696461910364122e-13,0,0,150,-0.7155269639975856,-0.022594785080195877,-0.012250698768431354,improved
squares,linear+corner,1.5,0.05,0,23,0.2043550898862553,0.0030900292161007,0.0049292519206305,0,0,1.4841794856024002e-08,1.9465377952310792e-10,8.463585290904782e-11,0,0,150,-0.20435507504446046,-0.0030900290214469204,-0.004929251835994647,improved
squares,linear+corner,1.5,0.05,0,24,0.0981478702221618,0.0026118133384965,0.0058282104476288,0,0,2.0776641385916256e-10,1.920300521561005e-11,2.3472873016529608e-12,0,0,150,-0.09814787001439539,-0.002611813319293495,-0.0058282104452815125,improved
squares,linear+corner,1.5,0.1,0,0,0.610199045641397,0.013605036291786,0.0119162608783326,0,0,1.2220316643789528e-10,1.583943331672706e-11,4.072450403602268e-13,0,0,150,-0.6101990455191939,-0.013605036275946567,-0.011916260877925355,improved
squares,linear+corner,1.5,0.1,0,1,1.6169950311336027e-09,8.941210233315072e-11,0.040560059654327,0,0,1.6169950311336027e-09,3.5186149503424955e-11,6.210122844817872e-11,0,0,150,0.0,-5.422595282972576e-11,-0.04056005959222577,stable
squares,linear+corner,1.5,0.1,0,2,0.0776702985662481,0.0023588031388656,0.0105895188420633,0,0,6.657052454104802e-10,6.932795797646765e-11,1.5045134876527104e-11,0,0,150,-0.07767029790054286,-0.002358803069537642,-0.010589518827018165,improved
squares,linear+corner,1.5,0.1,0,3,0.2279165511060063,0.0088023365569787,0.0398144008903807,0,0,1.4259583767595263e-10,1.489990294828762e-11,2.8815088413965228e-12,0,0,150,-0.22791655096341049,-0.008802336542078798,-0.03981440088749919,improved
squares,linear+corner,1.5,0.1,0,4,0.4737786897720784,0.0174901486317522,0.0035881926801462,0,0,0.018019916359246,0.0004152316754342,1.1537549202628704e-10,0,0,150,-0.4557587734128324,-0.017074916956318,-0.0035881925647707077,improved
squares,linear+corner,1.5,0.1,0,5,0.1221182505836215,0.0059876379783332,0.0189566359572447,0,0,4.720742533322844e-10,3.8232534534800586e-11,9.557589957046917e-12,0,0,150,-0.12211825011154724,-0.005987637940100665,-0.01895663594768711,improved
squares,linear+corner,1.5,0.1,0,6,0.3428127161311127,0.0119712627058645,0.0017649452042768,0,0,6.383421673802809e-10,6.59950794295239e-11,1.8484253083023452e-11,0,0,150,-0.34281271549277054,-0.011971262639869421,-0.001764945185792547,improved
squares,linear+corner,1.5,0.1,0,7,0.1075663218812252,0.0052804694775726,0.0011207342599507,0,0,2.0106195564862951e-10,2.0724985478529816e-11,9.947404715474366e-12,0,0,150,-0.10756632168016324,-0.005280469456847615,-0.0011207342500032954,improved
squares,linear+corner,1.5,0.1,0,8,0.0099119393510924,0.0001485289197241,0.009070841574925,0,0,0.3385013668007888,0.0077464309387662,2.096350235133825e-10,0,0,150,0.3285894274496964,0.0075979020190421,-0.009070841365289977,worsened
squares,linear+corner,1.5,0.1,0,9,0.1893451421000263,0.0060498685867819,0.003481484176498,0,0,1.3365843842101903e-09,8.102600633429579e-11,5.807079441495514e-11,0,0,150,-0.18934514076344192,-0.006049868505755894,-0.003481484118427206,improved
squares,linear+corner,1.5,0.1,0,10,0.1775202049812761,0.0082585570658155,0.0052734073601151,0,0,4.95788349099797e-10,3.2944662748108105e-11,1.2794191854391045e-11,0,0,150,-0.17752020448548775,-0.008258557032870838,-0.005273407347320908,improved
squares,linear+corner,1.5,0.1,0,11,0.1903416028471481,0.0056602564818102,0.0061068611481656,0,0,3.004840480864692e-09,1.7003882481929842e-10,5.700088661635146e-11,0,0,150,-0.1903415998423076,-0.005660256311771375,-0.006106861091164714,improved
squares,linear+corner,1.5,0.1,0,12,0.1681719261339189,0.0051006146709054,0.0114486701575999,0,0,1.190390524132915e-09,5.404491324968085e-11,4.3206543727487306e-11,0,0,150,-0.16817192494352837,-0.005100614616860486,-0.011448670114393355,improved
squares,linear+corner,1.5,0.1,0,13,0.1064992297317273,0.0016586334065353,0.0139723054093902,0,0,1.0827891439587543e-09,6.702759321390645e-11,3.6342229881098295e-11,0,0,150,-0.10649922864893815,-0.001658633339507707,-0.01397230537304797,improved
squares,linear+corner,1.5,0.1,0,14,0.2546688135830799,0.0064045326434377,0.0107644621872786,0,0,1.429059099999346e-09,8.575312008162977e-11,9.332448813119947e-12,0,0,150,-0.2546688121540208,-0.00640453255768458,-0.010764462177946152,improved
squares,linear+corner,1.5,0.1,0,15,0.2796325175780121,0.0106061471202045,1.0196353430193786e-10,0,0,5.928417530808442e-09,1.478374098063485e-10,1.0384114963760547e-10,0,0,150,-0.2796325116495946,-0.010606146972367092,1.877615335667615e-12,improved
squares,linear+corner,1.5,0.1,0,16,0.2109843618658502,0.0027228324556271,0.0047836420038196,0,0,0.0571881069974783,0.0007476940126436,2.618164733081547e-13,0,0,150,-0.1537962548683719,-0.0019751384429835,-0.004783642003557784,improved
squares,linear+corner,1.5,0.1,0,17,0.203047537971375,0.0048753415100421,0.0100959507803193,0,0,1.461238122541971e-09,5.361070025317541e-11,2.16732793550894e-11,0,0,150,-0.20304753651013688,-0.0048753414564314,-0.01009595075864602,improved
squares,linear+corner,1.5,0.1,0,18,0.7129802403884175,0.0128495593526397,0.0033290872279296,0,0,5.939878239043138e-09,7.076454617831898e-11,6.855008609673719e-11,0,0,150,-0.7129802344485392,-0.012849559281875153,-0.003329087159379514,improved
squares,linear+corner,1.5,0.1,0,19,0.1774398297063945,0.0054177527934703,0.0106359712845434,0,0,2.511250331975647e-08,2.606454942844571e-10,3.024672868010858e-10,0,0,150,-0.17743980459389116,-0.0054177525328248065,-0.010635970982076113,improved
squares,linear+corner,1.5,0.1,0,20,0.194054310253837,0.002364208846027,0.0101867077969834,0,0,1.2259481834976388e-09,5.4086496344942604e-11,7.174480091828933e-12,0,0,150,-0.1940543090278888,-0.002364208791940504,-0.010186707789808921,improved
squares,linear+corner,1.5,0.1,0,21,0.1847574932428613,0.0043804927919565,0.0112285404412766,0,0,1.8438027144080183e-08,2.0994849817765659e-10,1.6081639011793534e-10,0,0,150,-0.18475747480483418,-0.004380492582008002,-0.011228540280460211,improved
squares,linear+corner,1.5,0.1,0,22,0.1357134965424135,0.0013959582517319,0.0122262397392637,0,0,4.697500482976603e-10,2.4615221892327208e-11,4.5852819440767446e-12,0,0,150,-0.13571349607266345,-0.001395958227116678,-0.012226239734678419,improved
squares,linear+corner,1.5,0.1,0,23,0.1931676267757612,0.0016386172445956,0.0081339657758855,0,0,2.2905748694627592e-08,1.8523725163776607e-10,2.1537550601732063e-10,0,0,150,-0.1931676038700125,-0.0016386170593583485,-0.008133965560509994,improved
squares,linear+corner,1.5,0.1,0,24,0.1004806206292683,0.0017921077162654,0.005899541917659,0,0,1.2515312247543577e-10,1.7463882000221557e-11,3.511028139925584e-12,0,0,150,-0.10048062050411517,-0.0017921076988015182,-0.005899541914147972,improved
squares,linear+corner,1.5,0.2,0,0,2.6271821711492942e-09,1.9582725576708057e-10,0.0119567886688419,0,0,1.9734474704505175e-09,6.668680729003103e-11,7.408684934842919e-11,0,0,150,-6.537347006987768e-10,-1.2914044847704954e-10,-0.01195678859475505,improved
squares,linear+corner,1.5,0.2,0,1,1.3661250042967053e-07,0.0191851294420689,0.414725789334347,2,0,4.3960095303392054e-10,1.3380675699218876e-10,2.3615587560811576e-12,0,0,150,-1.361728994766366e-07,-0.019185129308262144,-0.41472578933198545,improved
squares,linear+corner,1.5,0.2,0,2,0.1739670515428553,0.0136516580453344,0.0011955047540065,0,0,0.0031545633321009,1.8781773213454543e-11,3.7977945381230386e-12,2,0,150,-0.1708124882107544,-0.013651658026552627,-0.0011955047502087055,improved
squares,linear+corner,1.5,0.2,0,3,0.6945168452691937,0.0336191033892044,0.0238519975244284,0,0,4.318463496686932e-09,6.614403334395624e-11,7.077067505693886e-11,0,0,150,-0.6945168409507302,-0.03361910332306037,-0.023851997453657726,improved
squares,linear+corner,1.5,0.2,0,4,0.5097936305284252,0.0289216731330009,3.9311404462751783e-11,0,0,0.0229993207131296,0.0004368180332245,1.5593435171161399e-12,0,0,150,-0.4867943098152956,-0.0284848550997764,-3.775206094563564e-11,improved
squares,linear+corner,1.5,0.2,0,5,7.66837944890216e-10,9.200397585916371e-11,0.0203823718032523,0,0,7.66837944890216e-10,5.6270546811290274e-11,9.27823954226096e-12,0,0,150,0.0,-3.573342904787344e-11,-0.020382371793974063,stable
squares,linear+corner,1.5,0.2,0,6,0.4047371564792413,0.0144728213983885,0.0019429435453296,0,0,4.640303029026216e-10,3.3967879199584875e-11,4.999664275070211e-12,0,0,150,-0.404737156015211,-0.01447282136442062,-0.0019429435403299357,improved
squares,linear+corner,1.5,0.2,0,7,0.1735981168666402,0.0227487381267494,0.2460969706785022,2,0,3.327790512355897e-10,2.5351480779027224e-11,7.398649472042273e-12,0,0,150,-0.17359811653386115,-0.02274873810139792,-0.24609697067110356,improved
squares,linear+corner,1.5,0.2,0,8,0.3695286787511038,0.0146056742705529,0.0077662187012389,0,0,0.3695286787511038,0.0072077574352721,6.696135599418769e-11,0,0,150,0.0,-0.0073979168352808,-0.007766218634277545,stable
squares,linear+corner,1.5,0.2,0,9,0.1810616971176102,0.0065021529852771,0.0034996846665465,0,0,8.185348683690866e-10,3.439322489079907e-11,1.0432829124293872e-11,0,0,150,-0.18106169629907531,-0.006502152950883875,-0.003499684656113671,improved
squares,linear+corner,1.5,0.2,0,10,0.1968566401811745,0.0079825678238443,0.005266216274077,0,0,9.07085023089314e-08,1.6904885425528303e-09,1.4602444122790506e-09,0,0,150,-0.19685654947267217,-0.007982566133355757,-0.005266214813832587,improved
squares,linear+corner,1.5,0.2,0,11,0.10056286313567,0.0025830128584078,0.0079080630162155,0,0,2.8275865188524974e-06,6.273562024489511e-09,3.899713116768713e-08,0,0,150,-0.10056003554915115,-0.0025830065848457756,-0.007908024019084331,improved
squares,linear+corner,1.5,0.2,0,12,0.1759408647555511,0.005410882612719,0.0127444764658093,0,0,1.0366596192105235e-09,5.954441415054003e-11,2.59040760943413e-11,0,0,150,-0.17594086371889148,-0.005410882553174586,-0.012744476439905224,improved
squares,linear+corner,1.5,0.2,0,13,0.103141819819261,0.0070333256510247,0.1858344736444769,0,0,0.3008271042909233,7.666052329045555e-11,3.651267859462109e-11,2,0,150,0.19768528447166228,-0.007033325574364177,-0.1858344736079642,worsened
squares,linear+corner,1.5,0.2,0,14,0.1478748923225634,0.0030340879254582,0.0127490980024841,0,0,5.622516219312408e-10,4.148747120215633e-11,1.606504219531706e-11,0,0,150,-0.14787489176031177,-0.003034087883970729,-0.012749097986419058,improved
squares,linear+corner,1.5,0.2,0,15,0.2744468499759495,0.009992257861976,1.7148952780578575e-11,0,0,1.250786402741167e-09,7.645808914836494e-11,2.182964927371406e-11,0,0,150,-0.27444684872516306,-0.00999225778551791,4.680696493135485e-12,improved
squares,linear+corner,1.5,0.2,0,16,0.2991098409544372,0.0059173042302714,0.0124278520770705,0,0,2.8057016630617163e-09,9.426244289554001e-11,1.2150393560163986e-11,0,0,150,-0.29910983814873554,-0.0059173041360089575,-0.012427852064920107,improved
squares,linear+corner,1.5,0.2,0,17,0.1971070073335898,0.0051656067737232,0.0103966812709581,0,0,2.95961239940328e-10,3.2407498073757625e-11,6.695262419610274e-12,0,0,150,-0.19710700703762857,-0.005165606741315702,-0.010396681264262837,improved
squares,linear+corner,1.5,0.2,0,18,0.7879717454365305,0.013865982534768,0.0033210045992417,0,0,1.5052039357361973e-08,5.4705875969677286e-11,2.2865523808800976e-10,0,0,150,-0.7879717303844911,-0.013865982480062124,-0.003321004370586462,improved
squares,linear+corner,1.5,0.2,0,19,0.2118206631139609,0.0054288445404861,0.0111046866140197,0,0,2.604369465158696e-09,8.2600705074316e-11,4.552836515593716e-11,0,0,150,-0.21182066050959142,-0.005428844457885395,-0.011104686568491335,improved
squares,linear+corner,1.5,0.2,0,20,0.1285821796556193,0.0018352867734799,0.0144994540028716,0,0,1.1855241383656534e-08,2.32815729827724e-10,1.4619656781794686e-10,0,0,150,-0.12858216780037793,-0.0018352865406641701,-0.014499453856675034,improved
squares,linear+corner,1.5,0.2,0,21,0.178415661647937,0.0067635790854746,0.0043723134571528,0,0,4.543903308939908e-09,8.999171790875428e-11,3.013101444787459e-11,0,0,150,-0.1784156571040337,-0.006763578995482882,-0.004372313427021785,improved
squares,linear+corner,1.5,0.2,0,22,0.6797528430645429,0.0165160062524721,0.2202096892181095,4,0,2.8674155007447325e-10,4.7872959545598503e-11,6.627264890265163e-12,0,0,150,-0.6797528427778013,-0.01651600620459914,-0.22020968921148223,improved
squares,linear+corner,1.5,0.2,0,23,0.0529162429859572,0.000299431984092,0.0076921782986838,0,0,6.750465148760772e-10,3.6204757317760845e-11,8.548608661645196e-12,0,0,150,-0.05291624231091069,-0.0002994319478872427,-0.007692178290135191,improved
squares,linear+corner,1.5,0.2,0,24,0.1037105332917712,0.0015743894593746,0.0117493185318334,0,0,4.3588348601326835e-10,3.9475844291572294e-11,1.2682943431811998e-11,0,0,150,-0.10371053285588772,-0.0015743894198987558,-0.011749318519150457,improved
squares,linear+corner,1.5,0.3,0,0,0.8354452752252028,0.0521335774679568,0.3900231207705497,0,0,1.6702300011273203e-10,3.3263159996904456e-11,4.541075080309507e-12,0,0,150,-0.8354452750581799,-0.052133577434693636,-0.3900231207660086,improved
squares,linear+corner,1.5,0.3,0,1,1.0407698554236194e-07,0.016875238846576,0.2935588660622985,2,0,2.3979138181892612e-09,2.2223005935375088e-10,5.503732979222502e-11,0,0,150,-1.0167907172417268e-07,-0.01687523862434594,-0.29355886600726117,improved
squares,linear+corner,1.5,0.3,0,2,0.1715470625232307,0.0117136854306752,0.0059644999835967,0,0,1.3194626870516892e-10,1.3297472911277068e-11,1.632578485786509e-12,0,0,150,-0.17154706239128445,-0.011713685417377728,-0.005964499981964121,improved
squares,linear+corner,1.5,0.3,0,3,0.22451410480626,0.0191263901398112,0.2193139229281925,2,0,1.4913372605773183e-10,1.2862169573111746e-11,1.5637066100505872e-12,0,0,150,-0.22451410465712626,-0.01912639012694903,-0.2193139229266288,improved
squares,linear+corner,1.5,0.3,0,4,0.542578199561668,0.0326241151434066,0.003574211805047,0,0,0.1557701255538819,0.0078553990537675,1.8093565081879854e-10,0,0,150,-0.38680807400778605,-0.0247687160896391,-0.003574211624111349,improved
squares,linear+corner,1.5,0.3,0,5,4.263203851245567e-10,6.689578938596718e-11,0.0187577404889126,0,0,1.1338212567213595e-10,2.0576846115572402e-11,2.676101433983778e-12,0,0,150,-3.1293825945242077e-10,-4.6318943270394775e-11,-0.018757740486236497,improved
squares,linear+corner,1.5,0.3,0,6,0.4449311816033037,0.0215429793428399,0.0020712133619426,0,0,0.1656736841107909,0.007263779896016,7.612462062628487e-12,0,0,150,-0.27925749749251283,-0.0142791994468239,-0.0020712133543301383,improved
squares,linear+corner,1.5,0.3,0,7,0.651499363788509,0.0217861430102599,0.2001035693588445,0,0,2.486770243949328e-08,3.27574953957986e-09,5.596520578368142e-10,0,0,150,-0.6514993389208066,-0.021786139734510362,-0.20010356879919244,improved
squares,linear+corner,1.5,0.3,0,8,0.6474615901500432,0.0205065513415225,0.0020329731536023,0,0,0.4068325675653083,0.0070852768399456,5.7060708950425544e-11,0,0,150,-0.24062902258473495,-0.013421274501576898,-0.002032973096541591,improved
squares,linear+corner,1.5,0.3,0,9,0.5243651240179311,0.0120332474806006,0.0036575899175027,0,0,1.3420118607741927e-09,2.3172797887982696e-10,1.7339808636137683e-11,0,0,150,-0.5243651226759193,-0.01203324724887262,-0.003657589900162891,improved
squares,linear+corner,1.5,0.3,0,10,0.1492338122672878,0.0045890161949769,0.0007894181613634,0,0,1.2727917513437084e-08,2.100898441969959e-10,2.667361459087266e-10,0,0,150,-0.14923379953937027,-0.004589015984887056,-0.0007894178946272542,improved
squares,linear+corner,1.5,0.3,0,11,0.276294376580127,0.006757853759301,0.0048868526712684,0,0,8.168699939341063e-10,5.007237856527349e-11,2.655774930663798e-12,0,0,150,-0.276294375763257,-0.0067578537092286214,-0.004886852668612625,improved
squares,linear+corner,1.5,0.3,0,12,0.1699289351222444,0.0027346374783135,0.0082770249665851,0,0,5.223665440781381e-10,5.3689935852422894e-11,1.058167985060068e-11,0,0,150,-0.16992893459987787,-0.0027346374246235644,-0.00827702495600342,improved
squares,linear+corner,1.5,0.3,0,13,0.3174110128597274,0.0043011929394648,0.153743971503501,2,0,0.3172852008419115,2.7314584647557577e-11,1.8721247746959878e-11,2,0,150,-0.00012581201781591833,-0.004301192912150215,-0.15374397148477975,stable
squares,linear+corner,1.5,0.3,0,14,0.6849997387215548,0.0182073507388786,0.010550452701838,0,0,5.63993936522544e-06,7.685010187007796e-08,1.6260792123093818e-08,0,0,150,-0.6849940987821896,-0.018207273888776732,-0.010550436441045877,improved
squares,linear+corner,1.5,0.3,0,15,0.1955801105939692,0.0067451924485302,0.0080994940440091,0,0,7.1701312601484915e-09,1.3321797417783774e-10,1.2980983508861067e-10,0,0,150,-0.19558010342383794,-0.006745192315312226,-0.008099493914199266,improved
squares,linear+corner,1.5,0.3,0,16,0.2656040108772844,0.005602413251026,0.0121679788131423,0,0,3.0583701300779085e-10,3.9975179782482295e-11,8.619493747197654e-12,0,0,150,-0.2656040105714474,-0.005602413211050821,-0.012167978804522805,improved
squares,linear+corner,1.5,0.3,0,17,0.2298725681915185,0.0078366298088825,0.0063575815601456,0,0,2.9749919851564436e-10,3.3399565627589954e-11,5.792450272774355e-13,0,0,150,-0.2298725678940193,-0.007836629775482934,-0.006357581559566355,improved
squares,linear+corner,1.5,0.3,0,18,0.8108596427471533,0.0115572814303019,0.0094677905095939,0,0,2.9325909481363335e-09,1.0501880998087219e-10,4.752182984054339e-11,0,0,150,-0.8108596398145623,-0.011557281325283091,-0.00946779046207207,improved
squares,linear+corner,1.5,0.3,0,19,0.125005071410536,0.0024139427886699,0.4478513195056835,0,0,4.6164299527366684e-10,4.802246889681805e-11,6.027525493185141e-12,0,0,150,-0.125005070948893,-0.002413942740647431,-0.447851319499656,improved
squares,linear+corner,1.5,0.3,0,20,0.0579478358871545,0.0010384749876868,0.0076147625160359,0,0,3.131692177103993e-09,7.257089239470005e-11,6.501135528242415e-11,0,0,150,-0.05794783275546232,-0.0010384749151159075,-0.007614762451024545,improved
squares,linear+corner,1.5,0.3,0,21,0.1860981943157549,0.0022287597256182,0.0120535571903079,0,0,1.4604423518619731e-09,6.252257731646514e-11,2.3225092525893207e-11,0,0,150,-0.18609819285531254,-0.0022287596630956225,-0.012053557167082809,improved
squares,linear+corner,1.5,0.3,0,22,0.6845590917946346,0.0229416407787724,0.0410206498894262,2,0,5.15235515725915e-10,3.754098849696984e-11,3.6901895953642846e-12,0,0,150,-0.6845590912793991,-0.022941640741231412,-0.04102064988573601,improved
squares,linear+corner,1.5,0.3,0,23,0.5905281017744622,0.0084854368331351,0.0027917191669802,2,0,0.0156375158853,0.0001466817587629,4.811232596461275e-11,0,0,150,-0.5748905858891622,-0.0083387550743722,-0.002791719118867874,improved
squares,linear+corner,1.5,0.3,0,24,0.6955753914412078,0.0187148407862495,0.4819157675273356,1,0,0.1860007085276653,0.0006428256446884,6.178366313697074e-11,1,0,150,-0.5095746829135426,-0.0180720151415611,-0.4819157674655519,improved
zalesak,circular+corner,0.5,0.0,0,0,2.2062706569095453e-08,6.834488895517139e-10,0.0142261662592388,0,0,2.2062706569095453e-08,6.406638647495486e-10,5.0340868943990594e-11,0,0,50,0.0,-4.278502480216526e-11,-0.014226166208897932,stable
zalesak,circular+corner,0.5,0.0,0,1,0.4002586817373674,0.0079701742730821,0.0368644811731799,0,0,0.4002586817373716,0.007970174273082,5.2602081041489115e-11,0,0,50,4.218847493575595e-15,-1.0061396160665481e-16,-0.036864481120577816,stable
zalesak,circular+corner,0.5,0.0,0,2,1.078925275739705,0.0396553009965316,0.0291816262492542,0,0,0.867654080005658,0.0099953823784688,0.0014437680472789,0,0,50,-0.21127119573404696,-0.029659918618062796,-0.027737858201975298,improved
zalesak,circular+corner,0.5,0.0,0,3,46.8387280253244,0.0453555759328372,0.027183425896685,0,0,0.5081952988464276,0.0108273339327979,2.882928263062039e-11,0,0,50,-46.33053272647797,-0.0345282420000393,-0.02718342586785572,improved
zalesak,circular+corner,0.5,0.0,0,4,0.6028395650183023,0.0098547499665526,0.0164945574882886,0,0,0.6028395650183023,0.0098547499671853,2.964218642698363e-11,0,0,50,0.0,6.327004892225929e-13,-0.016494557458646412,stable
zalesak,circular+corner,0.5,0.0,0,5,0.4904786718729199,0.0143007757721318,0.0059351930844333,0,0,0.4904786718729199,0.0143007757721391,1.028968665610402e-11,0,0,50,0.0,7.301451110386381e-15,-0.005935193074143613,stable
zalesak,circular+corner,0.5,0.0,0,6,0.5703828454875867,0.0212992982150945,0.0431275211408317,0,0,0.5703828454875867,0.0212992982150945,6.163658018785908e-12,0,0,50,0.0,0.0,-0.04312752113466804,stable
zalesak,circular+corner,0.5,0.0,0,7,0.5374684650153245,0.0191474359502839,0.0331796292332515,0,0,0.5374684650153245,0.0106718521968232,3.511185931670998e-11,0,0,50,0.0,-0.0084755837534607,-0.03317962919813964,stable
zalesak,circular+corner,0.5,0.0,0,8,0.4272133731366907,0.0085547573008302,0.0269816580902984,0,0,0.4272133731366907,0.0085547573008301,1.1641044024043444e-10,0,0,50,0.0,-1.0061396160665481e-16,-0.02698165797388796,stable
zalesak,circular+corner,0.5,0.0,0,9,1.368241311392314,0.026373964119084,0.0129449947390378,0,0,0.4498769628763051,0.0136317364623197,1.1706361420124037e-12,0,0,50,-0.9183643485160089,-0.0127422276567643,-0.012944994737867163,improved
zalesak,circular+corner,0.5,0.0,0,10,0.301006126827541,0.0090035385769504,0.0294834612624124,0,0,0.3010061268275408,0.0090035385769535,6.346624835310615e-12,0,0,50,-2.220446049250313e-16,3.0999508515705543e-15,-0.029483461256065775,stable
zalesak,circular+corner,0.5,0.0,0,11,0.5379440987160273,0.0114641503525554,0.0345203897517253,0,0,0.5379440987160273,0.0114641503525538,2.436797755363e-11,0,0,50,0.0,-1.5994150448506161e-15,-0.03452038972735732,stable
zalesak,circular+corner,0.5,0.0,0,12,0.3183161368571888,0.0094807621526741,0.0234132160266154,0,0,0.3183161368571888,0.0094807621526741,3.927830858478649e-12,0,0,50,0.0,0.0,-0.02341321602268757,stable
zalesak,circular+corner,0.5,0.0,0,13,2.2575636122604816,0.075501091631977,0.0341033120833961,0,0,0.5327561491920316,0.0089229290287642,3.027759093175567e-11,0,0,50,-1.72480746306845,-0.06657816260321281,-0.034103312053118506,improved
zalesak,circular+corner,0.5,0.0,0,14,0.5409832689527168,0.0113766469036885,0.0200319618357195,0,0,0.5409832689527561,0.0113766469036885,1.3675256202427799e-11,0,0,50,3.930189507173054e-14,0.0,-0.020031961822044246,stable
zalesak,circular+corner,0.5,0.0,0,15,0.4711536926994748,0.0126680950884763,0.015778914612544,0,0,0.4711536926994748,0.0126680950884763,4.9222955363836975e-11,0,0,50,0.0,0.0,-0.015778914563321044,stable
zalesak,circular+corner,0.5,0.0,0,16,0.489152607850291,0.012899409280366,0.0244812007758511,0,0,0.489152607850291,0.012899409280366,4.4269377774083736e-12,0,0,50,0.0,0.0,-0.024481200771424162,stable
zalesak,circular+corner,0.5,0.0,0,17,0.8305408210078653,0.0404004714209043,0.0123331839270108,0,0,0.5023721445712401,0.0135846037664217,3.3630882554097016e-10,0,0,50,-0.3281686764366252,-0.0268158676544826,-0.012333183590701974,improved
zalesak,circular+corner,0.5,0.0,0,18,0.426337925034401,0.0094127616295545,0.0066103053290299,0,0,0.426337925034401,0.009412761629492,2.7310482311592456e-11,0,0,50,0.0,-6.24986173924924e-14,-0.006610305301719418,stable
zalesak,circular+corner,0.5,0.0,0,19,0.3871069911223961,0.0092992533273587,0.0309978762341644,0,0,0.3871069911223961,0.0092992533273587,2.2826916597372804e-13,0,0,50,0.0,0.0,-0.03099787623393613,stable
zalesak,circular+corner,0.5,0.0,0,20,0.3158215616343344,0.0177348970292415,0.0384202035697413,0,0,9.8706021134376e-09,7.365203111015421e-10,6.7025997622311505e-12,0,0,50,-0.3158215517637323,-0.01773489629272119,-0.038420203563038706,improved
zalesak,circular+corner,0.5,0.0,0,21,0.4490465654483231,0.0079795074092656,0.0094940163789063,0,0,0.4490465654483231,0.0079795074092656,3.9086945212113886e-12,0,0,50,0.0,0.0,-0.009494016374997605,stable
zalesak,circular+corner,0.5,0.0,0,22,0.4903884962860227,0.0122083354584596,0.0279624165372234,0,0,0.4903884962860227,0.0122083354584589,1.7946369519231353e-11,0,0,50,0.0,-7.008282842946301e-16,-0.02796241651927703,stable
zalesak,circular+corner,0.5,0.0,0,23,0.5025359708555831,0.0150700082371965,0.0322699933282871,0,0,0.5025359708555831,0.0150700082371965,3.473850547125081e-11,0,0,50,0.0,0.0,-0.0322699932935486,stable
zalesak,circular+corner,0.5,0.0,0,24,0.5777452155093217,0.0114243151318833,0.0217298874346258,0,0,0.5777452155093217,0.0114243151318858,2.7779908380883167e-11,0,0,50,0.0,2.499736528882579e-15,-0.021729887406845894,stable
zalesak,circular+corner,0.5,0.05,0,0,5.539316560998486e-09,4.983779357773089e-10,0.0086510733543159,0,0,5.539316560998486e-09,3.5543548991659645e-10,1.0460742079023595e-11,0,0,50,0.0,-1.429424458607124e-10,-0.008651073343855158,stable
zalesak,circular+corner,0.5,0.05,0,1,0.3935478325759767,0.008956972983852,0.0392280134125022,0,0,0.3935478325755279,0.0089569729838377,1.5824579307537144e-12,0,0,50,-4.4880765770471953e-13,-1.4301060335952798e-14,-0.03922801341091974,stable
zalesak,circular+corner,0.5,0.05,0,2,1.059742869797646,0.0407271149675544,0.0225506855002846,0,0,0.6627682088101493,0.0187579861620644,5.1897282477891265e-05,0,0,50,-0.3969746609874968,-0.02196912880549,-0.02249878821780671,improved
zalesak,circular+corner,0.5,0.05,0,3,0.5006008876127006,0.0173622976980024,0.0257589215193787,0,0,0.5006008876127006,0.0173622976980024,1.2525200663920712e-07,0,0,50,0.0,0.0,-0.025758796267372062,stable
zalesak,circular+corner,0.5,0.05,0,4,0.6403099645768809,0.0213450024130049,0.0142994807823143,0,0,0.6403099645768809,0.0213450024130049,1.6530260312085085e-07,0,0,50,0.0,0.0,-0.014299315479711179,stable
zalesak,circular+corner,0.5,0.05,0,5,0.5735979219096117,0.0208333444993209,0.020478090183217,0,0,0.5735979219095366,0.0208333444993215,1.3984757167413563e-11,0,0,50,-7.505107646466058e-14,6.002143226879753e-16,-0.020478090169232244,stable
zalesak,circular+corner,0.5,0.05,0,6,0.6131329980078526,0.0208842738174743,0.0446797926023943,0,0,0.637386719817623,0.031774701493795,1.200939898956341e-10,0,0,50,0.024253721809770368,0.010890427676320702,-0.04467979248230031,worsened
zalesak,circular+corner,0.5,0.05,0,7,0.5445222744501126,0.010740921587607,0.0412258835633278,0,0,0.5445222744501126,0.010740921587607,1.3760588645139962e-12,0,0,50,0.0,0.0,-0.04122588356195174,stable
zalesak,circular+corner,0.5,0.05,0,8,2.1350443891823936,0.0325720534972556,0.0165059038161676,0,0,0.4329355448785998,0.0092042206731591,7.248336858093747e-11,0,0,50,-1.7021088443037937,-0.0233678328240965,-0.01650590374368423,improved
zalesak,circular+corner,0.5,0.05,0,9,0.4688002474662012,0.0130242469574,0.0158950674766197,0,0,0.4688002474662012,0.0130242469574074,4.016287601152813e-12,0,0,50,0.0,7.400330348517059e-15,-0.015895067472603414,stable
zalesak,circular+corner,0.5,0.05,0,10,0.3123124868484376,0.0093148761969591,0.0304909366597889,0,0,0.3123124868484376,0.0093148761979337,3.342805690593884e-12,0,0,50,0.0,9.746006085498138e-13,-0.030490936656446095,stable
zalesak,circular+corner,0.5,0.05,0,11,0.5433586963142338,0.0112706997664818,0.0276530594150356,0,0,0.5433586963142334,0.0112706997664817,2.1896851552434512e-11,0,0,50,-4.440892098500626e-16,-1.0061396160665481e-16,-0.027653059393138748,stable
zalesak,circular+corner,0.5,0.05,0,12,0.2824342289721406,0.0089431317748351,0.0310517453006837,0,0,0.2824342289721406,0.0089431317748351,7.152303688011729e-12,0,0,50,0.0,0.0,-0.031051745293531396,stable
zalesak,circular+corner,0.5,0.05,0,13,2.197316449220647,0.0731433453871398,0.0257598660017937,0,0,0.5383508114952882,0.0089831054492072,2.3576943857000768e-11,0,0,50,-1.658965637725359,-0.0641602399379326,-0.025759865978216757,improved
zalesak,circular+corner,0.5,0.05,0,14,0.5323631190420433,0.0115068063210292,0.0205055178055446,0,0,0.5323631190420077,0.0115068063210283,1.2002974647766543e-11,0,0,50,-3.552713678800501e-14,-8.98586760555986e-16,-0.020505517793541626,stable
zalesak,circular+corner,0.5,0.05,0,15,0.4689525913989329,0.0102703501610021,0.0172598831040587,0,0,0.4689525913989329,0.0102703501610021,2.2690228474035246e-13,0,0,50,0.0,0.0,-0.017259883103831797,stable
zalesak,circular+corner,0.5,0.05,0,16,0.4895471325592928,0.0120885499971119,0.0288515714318723,0,0,0.4895471325592928,0.0120885499971119,5.336890141341284e-12,0,0,50,0.0,0.0,-0.02885157142653541,stable
zalesak,circular+corner,0.5,0.05,0,17,0.8923460037823637,0.0300791621087422,0.0133271816277652,0,0,0.5094634207983066,0.0135420606335086,2.9452385204292047e-12,0,0,50,-0.3828825829840571,-0.0165371014752336,-0.013327181624819962,improved
zalesak,circular+corner,0.5,0.05,0,18,0.4354114477274571,0.0090068769051365,0.0054344247289783,0,0,0.4354114477276165,0.0090068769051337,9.843497567780694e-13,0,0,50,1.5937251518494122e-13,-2.7998436902265667e-15,-0.00543442472799395,stable
zalesak,circular+corner,0.5,0.05,0,19,0.3934364032439109,0.0142878910793464,0.0295637011655038,0,0,0.3934364032439109,0.0142878910793464,4.0811168253643425e-13,0,0,50,0.0,0.0,-0.02956370116509569,stable
zalesak,circular+corner,0.5,0.05,0,20,1.8207365747925903e-08,7.265096715925012e-10,0.0335801004247765,0,0,1.8207365747925903e-08,6.99601642813988e-10,8.865826002171403e-11,0,0,50,0.0,-2.690802877851322e-11,-0.03358010033611824,stable
zalesak,circular+corner,0.5,0.05,0,21,0.5810150843374755,0.0133110880767636,0.0091892218945846,0,0,0.5810150843374755,0.0133110880767695,6.370642891268501e-12,0,0,50,0.0,5.899794541797121e-15,-0.009189221888213956,stable
zalesak,circular+corner,0.5,0.05,0,22,0.4843852887892834,0.012598157840852,0.0276670762742424,0,0,0.4843852887892366,0.0125981578408533,1.7324829095540696e-11,0,0,50,-4.679590048795035e-14,1.3010426069826053e-15,-0.02766707625691757,stable
zalesak,circular+corner,0.5,0.05,0,23,0.4586132249096475,0.010367541568306,0.0383993380902906,0,0,0.4586132249096475,0.0103675415683062,8.986853571949432e-12,0,0,50,0.0,1.9949319973733282e-16,-0.03839933808130375,stable
zalesak,circular+corner,0.5,0.05,0,24,0.5704426738628969,0.0117172880003916,0.0217128484853785,0,0,0.5704426738628969,0.0117172880003915,2.4207271374334555e-11,0,0,50,0.0,-9.8879238130678e-17,-0.02171284846117123,stable
zalesak,circular+corner,0.5,0.1,0,0,2.183517366916021e-09,4.1476010082431847e-10,0.0096205791440367,0,0,2.183517366916021e-09,3.891570861270983e-10,7.76486174931163e-12,0,0,50,0.0,-2.5603014697220188e-11,-0.009620579136271838,stable
zalesak,circular+corner,0.5,0.1,0,1,0.3722265491938135,0.0100583437572641,0.0405468588477156,0,0,0.3722265491938135,0.0100583437572641,2.6219906356106335e-11,0,0,50,0.0,0.0,-0.04054685882149569,stable
zalesak,circular+corner,0.5,0.1,0,2,0.4249546742531187,0.0076080608398079,0.0216707469401976,0,0,0.4249546742531187,0.0076080608398079,4.148945800100963e-05,0,0,50,0.0,0.0,-0.02162925748219659,stable
zalesak,circular+corner,0.5,0.1,0,3,0.4854184052528301,0.0186216147912159,0.0261177886183433,0,0,0.4854184052528298,0.0186216147912159,1.1136176677058777e-12,0,0,50,-2.7755575615628914e-16,0.0,-0.026117788617229683,stable
zalesak,circular+corner,0.5,0.1,0,4,0.6687443105578236,0.0148400905754962,0.0244514626682779,0,0,0.6687443105578236,0.0148400905755011,9.863024442543202e-13,0,0,50,0.0,4.90059381963448e-15,-0.024451462667291597,stable
zalesak,circular+corner,0.5,0.1,0,5,5.0655858588095885e-09,2.6949494906474286e-10,0.0136321695853946,0,0,0.490433774373933,0.0394917555521459,9.34790548630822e-12,0,0,50,0.49043376930834714,0.039491755282650955,-0.013632169576046694,worsened
zalesak,circular+corner,0.5,0.1,0,6,0.6595672540991192,0.0170996251243043,0.047390784197095,0,0,0.6595672540991192,0.0170996251243106,0.0004305147814366,0,0,50,0.0,6.300515664747763e-15,-0.046960269415658396,stable
zalesak,circular+corner,0.5,0.1,0,7,0.551437550686892,0.0105070870189484,0.0446672705980646,0,0,0.551437550686892,0.0105070870189484,2.6199598406353327e-11,0,0,50,0.0,0.0,-0.044667270571865,stable
zalesak,circular+corner,0.5,0.1,0,8,0.4374136217709667,0.0092396330810937,0.0045963525881064,0,0,0.4374136217710362,0.0092396330810513,1.2384920318121216e-11,0,0,50,6.94999613415348e-14,-4.240011119982512e-14,-0.00459635257572148,stable
zalesak,circular+corner,0.5,0.1,0,9,0.489879971231604,0.0125251821843522,0.0298997246478746,0,0,0.489879971231604,0.0125251821843522,8.260649099531729e-12,0,0,50,0.0,0.0,-0.02989972463961395,stable
zalesak,circular+corner,0.5,0.1,0,10,0.2806299085142756,0.010203968553062,0.0312477011983271,0,0,0.2806299085142756,0.0102039685531417,1.7161584422526124e-11,0,0,50,0.0,7.970013538027843e-14,-0.031247701181165516,stable
zalesak,circular+corner,0.5,0.1,0,11,0.5482798830832905,0.0112728083115427,0.0318717476066227,0,0,0.5482798830832905,0.0112728083115426,1.956065625584795e-11,0,0,50,0.0,-1.0061396160665481e-16,-0.031871747587062044,stable
zalesak,circular+corner,0.5,0.1,0,12,0.2938897289023123,0.0049990848973731,0.0282126260949696,0,0,0.2938897289023123,0.0049990848973731,7.2094528492471715e-06,0,0,50,0.0,0.0,-0.02820541664212035,stable
zalesak,circular+corner,0.5,0.1,0,13,2.1376177006808694,0.0721824236025797,0.0267218959536359,0,0,0.5429015926446423,0.0089820438623053,1.1080915621480878e-11,0,0,50,-1.594716108036227,-0.0632003797402744,-0.026721895942554984,improved
zalesak,circular+corner,0.5,0.1,0,14,0.5265134264939271,0.0115986944647628,0.0132697711692585,0,0,0.5265134264939271,0.0115986944647628,5.815103304275125e-12,0,0,50,0.0,0.0,-0.013269771163443396,stable
zalesak,circular+corner,0.5,0.1,0,15,0.556953218407975,0.0245984606974284,0.0114494044401353,0,0,0.556953218407975,0.0245984606974275,2.241587588362199e-11,0,0,50,0.0,-8.98586760555986e-16,-0.011449404417719423,stable
zalesak,circular+corner,0.5,0.1,0,16,0.4481071909684238,0.0078427617260447,0.0129449864476132,0,0,0.4481071909683092,0.0078427617260439,2.6386665866578164e-12,0,0,50,-1.1457501614131615e-13,-7.997075224253081e-16,-0.012944986444974533,stable
zalesak,circular+corner,0.5,0.1,0,17,0.5166388721167783,0.0133949085880402,0.0182602498818521,0,0,0.5166388721167783,0.0133949085880389,5.167592137150333e-12,0,0,50,0.0,-1.3010426069826053e-15,-0.01826024987668451,stable
zalesak,circular+corner,0.5,0.1,0,18,0.6330805945731142,0.0817844590082864,0.0073750027579034,0,0,0.4446768558700871,0.0083443273641046,2.2776146722990282e-12,0,0,50,-0.18840373870302707,-0.07344013164418181,-0.007375002755625785,improved
zalesak,circular+corner,0.5,0.1,0,19,0.5596254539514023,0.0137550279563412,0.0256548546046314,0,0,0.5596254539514023,0.0137550279563412,1.2811191994186783e-11,0,0,50,0.0,0.0,-0.025654854591820205,stable
zalesak,circular+corner,0.5,0.1,0,20,4.427441524512687e-09,0.012376774087747,0.0338584744754304,0,0,4.427441524512687e-09,4.85313335366408e-10,8.722654956412688e-13,0,0,50,0.0,-0.012376773602433666,-0.033858474474558135,stable
zalesak,circular+corner,0.5,0.1,0,21,0.4926400684903174,0.0055149740800804,0.0071305647614299,0,0,0.4926400684836396,0.005514974079863,1.5739617875445468e-10,0,0,50,-6.6777694485153916e-12,-2.174007501798414e-13,-0.007130564604033721,stable
zalesak,circular+corner,0.5,0.1,0,22,0.4782757400405837,0.0491368251160632,0.026923199660448,0,0,0.4782757400405837,0.0130173682700471,1.4947627361952872e-11,0,0,50,0.0,-0.0361194568460161,-0.026923199645500374,stable
zalesak,circular+corner,0.5,0.1,0,23,0.4664690428304154,0.0108695348702279,0.0324272556747982,0,0,0.4664690428305076,0.010869534870225,1.7068831767404205e-11,0,0,50,9.220402219511925e-14,-2.9004576518332215e-15,-0.032427255657729366,stable
zalesak,circular+corner,0.5,0.1,0,24,0.5549856334975846,0.0601314838173064,0.0312310392937106,0,0,0.5549856334975846,0.0115574636215656,1.4253154061024248e-10,0,0,50,0.0,-0.0485740201957408,-0.031231039151179057,stable
zalesak,circular+corner,0.5,0.2,0,0,2.9569905635185023e-08,2.340218858791478e-09,0.0107359743437314,0,0,2.9569905635185023e-08,2.248836878070948e-09,1.1410919804967276e-11,0,0,50,0.0,-9.138198072053002e-11,-0.01073597433232048,stable
zalesak,circular+corner,0.5,0.2,0,1,0.2143684880309972,0.0021270842320619,0.0331922911721805,0,0,7.800716894001786e-09,4.2673735425663126e-10,4.504264201467909e-12,0,0,50,-0.2143684802302803,-0.002127083805324546,-0.03319229116767623,improved
zalesak,circular+corner,0.5,0.2,0,2,0.4086121804502076,0.0078947842449784,0.0390707562861583,0,0,0.4086121804502074,0.0078947842449637,1.0857528174197776e-11,0,0,50,-1.6653345369377348e-16,-1.4700046735427463e-14,-0.039070756275300766,stable
zalesak,circular+corner,0.5,0.2,0,3,0.4585862647454029,0.0870138303382862,0.0356589866116705,0,0,0.4585862647454029,0.026768142808642,6.727008355684287e-13,0,0,50,0.0,-0.06024568752964421,-0.035658986610997805,stable
zalesak,circular+corner,0.5,0.2,0,4,0.4812846508138133,0.0078953662505264,0.0215573156009528,0,0,0.4812846508138133,0.0078953662505264,5.663379487370432e-12,0,0,50,0.0,0.0,-0.02155731559528942,stable
zalesak,circular+corner,0.5,0.2,0,5,0.4956401298364123,0.0327911716547642,0.0171572151434166,0,0,0.4956401298364123,0.0327911716547642,3.9989086826141806e-12,0,0,50,0.0,0.0,-0.017157215139417693,stable
zalesak,circular+corner,0.5,0.2,0,6,0.6220772662407708,0.005050457781249,0.031398257030203,0,0,0.6220772662407708,0.005050457781249,9.159666413597636e-12,0,0,50,0.0,0.0,-0.03139825702104333,stable
zalesak,circular+corner,0.5,0.2,0,7,0.3837305663387522,0.0254974423229204,0.0321326280503658,1,0,0.3837305663388299,0.0254974423229194,1.897016356302969e-11,1,0,50,7.771561172376096e-14,-9.992007221626409e-16,-0.03213262803139563,stable
zalesak,circular+corner,0.5,0.2,0,8,0.4416807927897668,0.0090133680981237,0.0080444284269295,0,0,0.4416807927897668,0.0090133680981358,4.456169508927849e-11,0,0,50,0.0,1.2101430968414206e-14,-0.008044428382367805,stable
zalesak,circular+corner,0.5,0.2,0,9,0.4525409505193891,0.0097527088196297,0.0150391963321725,0,0,0.4525409505193891,0.0097527088196297,3.346320528051136e-12,0,0,50,0.0,0.0,-0.015039196328826181,stable
zalesak,circular+corner,0.5,0.2,0,10,0.3015848074798786,0.0104622000154232,0.0218649289349697,0,0,0.3015848074798786,0.0104622000154233,1.2893595405684569e-11,0,0,50,0.0,9.8879238130678e-17,-0.021864928922076105,stable
zalesak,circular+corner,0.5,0.2,0,11,0.5562710861802938,0.0105871484842746,0.0400595553950711,0,0,0.5562710861802427,0.0105871484842817,1.7635111135516963e-11,0,0,50,-5.10702591327572e-14,7.098488463697095e-15,-0.04005955537743599,stable
zalesak,circular+corner,0.5,0.2,0,12,0.623751556073973,0.0118163906429481,0.0281642641624667,0,0,0.623751556073973,0.0118163906429481,1.193677854232164e-12,0,0,50,0.0,0.0,-0.028164264161273024,stable
zalesak,circular+corner,0.5,0.2,0,13,0.5487840215818214,0.0147120688680971,0.0227021941029728,0,0,0.5487840215818214,0.0147120688680971,5.6848590496091914e-12,0,0,50,0.0,0.0,-0.02270219409728794,stable
zalesak,circular+corner,0.5,0.2,0,14,0.5189410793875606,0.0117527367298938,0.009858405226576,0,0,0.5189410793875606,0.0117527367298938,1.892622809481405e-11,0,0,50,0.0,0.0,-0.009858405207649771,stable
zalesak,circular+corner,0.5,0.2,0,15,4.0293350878073406e-09,0.003325835229869,0.0099977780542239,0,0,4.0293350878073406e-09,5.422738368582333e-10,9.710129013152758e-12,0,0,50,0.0,-0.0033258346875951633,-0.009997778044513772,stable
zalesak,circular+corner,0.5,0.2,0,16,0.409544734617667,0.0082348799072461,0.0131417697423366,0,0,0.40954473461786,0.0082348799072452,9.87864594235321e-13,0,0,50,1.9301227283108346e-13,-9.003214840319629e-16,-0.013141769741348735,stable
zalesak,circular+corner,0.5,0.2,0,17,0.5318074349066326,0.012922764813077,0.0375612738339128,0,0,0.5318074349066326,0.0129227648130742,1.4551231804273943e-11,0,0,50,0.0,-2.7998436902265667e-15,-0.037561273819361564,stable
zalesak,circular+corner,0.5,0.2,0,18,0.6072447347279843,0.0793483280516749,0.0179410861498589,0,0,0.464574179958618,0.0056172601583159,7.043558522459318e-11,0,0,50,-0.14267055476936635,-0.073731067893359,-0.017941086079423317,improved
zalesak,circular+corner,0.5,0.2,0,19,2.3656737584677643,0.1761766521863099,0.0247448921104556,0,0,0.572125862042681,0.0118847807312917,9.618157433021342e-12,0,0,50,-1.7935478964250833,-0.1642918714550182,-0.024744892100837444,improved
zalesak,circular+corner,0.5,0.2,0,20,2.1569537267396303e-09,0.0017570617149141,0.0318056174899284,0,0,2.1569537267396303e-09,4.510806794805445e-10,1.1897724792796621e-12,0,0,50,0.0,-0.0017570612638334205,-0.03180561748873863,stable
zalesak,circular+corner,0.5,0.2,0,21,1.2257692989925972,0.0113159672631822,0.0088516967417289,0,0,0.6355584843499347,0.0193650415382788,7.91756190995445e-12,0,0,50,-0.5902108146426626,0.0080490742750966,-0.008851696733811337,improved
zalesak,circular+corner,0.5,0.2,0,22,0.4655105268410739,0.0136656850779483,0.0346133782567962,0,0,0.4655105268408763,0.0136656850779498,2.308273818363643e-10,0,0,50,-1.9761969838327786e-13,1.5005358067199381e-15,-0.03461337802596882,stable
zalesak,circular+corner,0.5,0.2,0,23,0.4814234177268499,0.0104623965932938,0.0125169925007915,0,0,0.4814234177268499,0.0104623965932938,6.517875526977817e-11,0,0,50,0.0,0.0,-0.012516992435612745,stable
zalesak,circular+corner,0.5,0.2,0,24,1.8178475091999025,0.0682814572996596,0.0278721854572542,0,0,0.4973724130616792,0.0118574867634521,2.9389899205052017e-12,0,0,50,-1.3204750961382232,-0.056423970536207506,-0.02787218545431521,improved
zalesak,circular+corner,0.5,0.3,0,0,1.919731227488074e-07,0.0253111308198703,0.0077303272798292,2,0,0.3879358554068788,0.0040432122933036,4.945962108595858e-12,3,0,50,0.3879356634337561,-0.0212679185265667,-0.007730327274883238,worsened
zalesak,circular+corner,0.5,0.3,0,1,2.941125707422998e-07,0.0028133186696808,0.0216703165503056,0,0,2.941125707422998e-07,2.0653049453987232e-08,7.103486501105457e-12,0,0,50,0.0,-0.002813298016631346,-0.021670316543202114,stable
zalesak,circular+corner,0.5,0.3,0,2,0.4004457787705182,0.0078124465612837,0.0329843779547201,0,0,0.4004457787705182,0.0078124465612837,2.2623837099842716e-12,0,0,50,0.0,0.0,-0.03298437795245771,stable
zalesak,circular+corner,0.5,0.3,0,3,0.571596987545476,0.0917762270135665,0.0276535066203511,3,0,0.5082813693419475,0.0524416599338056,1.2539963703735536e-11,3,0,50,-0.0633156182035286,-0.0393345670797609,-0.02765350660781114,improved
zalesak,circular+corner,0.5,0.3,0,4,0.5144301253761911,0.0072902012938946,0.0240933658909559,0,0,0.5144301253761911,0.0072902012938944,1.8958642706919808e-12,0,0,50,0.0,-2.0036056147532122e-16,-0.024093365889060036,stable
zalesak,circular+corner,0.5,0.3,0,5,0.5281625110232346,0.0327999625758851,0.0137951145761356,0,0,0.5281625110232346,0.0327999625758852,7.525462264723272e-12,0,0,50,0.0,1.0408340855860843e-16,-0.013795114568610137,stable
zalesak,circular+corner,0.5,0.3,0,6,0.627684552654757,0.0047809747042097,0.022089624580638,0,0,0.627684552654757,0.0047809747042097,1.2918980342875832e-12,0,0,50,0.0,0.0,-0.022089624579346104,stable
zalesak,circular+corner,0.5,0.3,0,7,0.4655080790432691,0.0251651390168298,0.0204462206683381,1,0,0.4655080790432691,0.0251651390167058,1.3405785330705176e-11,1,0,50,0.0,-1.2400150350977412e-13,-0.020446220654932314,stable
zalesak,circular+corner,0.5,0.3,0,8,0.4632718692437071,0.0230050939557682,0.0112009673955956,2,0,1.4982578166193056e-08,7.011513132389238e-10,1.9116615123748503e-11,0,0,50,-0.46327185426112893,-0.023005093254616887,-0.011200967376478986,improved
zalesak,circular+corner,0.5,0.3,0,9,0.4145553315360655,0.009500020488555,0.0026724234517359,0,0,0.4145553315360655,0.009500020488555,1.7220946121804148e-11,0,0,50,0.0,0.0,-0.002672423434514954,stable
zalesak,circular+corner,0.5,0.3,0,10,0.2750271486458207,0.010650268274759,0.0269866599474524,0,0,0.2750271486458207,0.010650268274759,4.3039184664045676e-12,0,0,50,0.0,0.0,-0.026986659943148483,stable
zalesak,circular+corner,0.5,0.3,0,11,0.5616958681727011,0.009552574908289,0.0368458331585694,0,0,0.5616958681727011,0.009552574908289,9.61503313305934e-13,0,0,50,0.0,0.0,-0.0368458331576079,stable
zalesak,circular+corner,0.5,0.3,0,12,0.582767953131162,0.0088577177899306,0.0261675090403325,0,0,0.582767953131162,0.0088577177899306,1.4885531900208096e-11,0,0,50,0.0,0.0,-0.02616750902544697,stable
zalesak,circular+corner,0.5,0.3,0,13,0.5501494497953185,0.0448510448808509,0.0277635576353282,2,0,0.5501494497953352,0.0156171195326197,3.3517880529846384e-12,0,0,50,1.6653345369377348e-14,-0.029233925348231198,-0.027763557631976413,stable
zalesak,circular+corner,0.5,0.3,0,14,0.5139955348597625,0.0119625493451249,0.0003461683325032,0,0,0.5139955348597625,0.0119625493451419,3.813149522998434e-11,0,0,50,0.0,1.700029006457271e-14,-0.00034616829437170474,stable
zalesak,circular+corner,0.5,0.3,0,15,5.141489100618143e-07,3.637872141698447e-10,0.0134740869311965,2,0,2.594437809024502e-09,3.71671187846957e-10,5.63721347518867e-12,0,0,50,-5.115544722527898e-07,7.883973677112332e-12,-0.013474086925559287,improved
zalesak,circular+corner,0.5,0.3,0,16,0.3726216729924148,0.0137900562069403,0.0163764954554872,0,0,0.5880694673689517,0.0289512645596167,4.1116959112424306e-11,0,0,50,0.21544779437653694,0.015161208352676401,-0.01637649541437024,worsened
zalesak,circular+corner,0.5,0.3,0,17,0.5490442895266416,0.0120483147167542,0.0356845232462781,0,0,0.5490442895266359,0.0120483147167587,2.8636161839219177e-12,0,0,50,-5.773159728050814e-15,4.4998726966838376e-15,-0.03568452324341448,stable
zalesak,circular+corner,0.5,0.3,0,18,1.5258679157131478,0.1001597884788493,0.0131915060590476,0,0,0.7130667888026715,0.0149680410561095,1.3857637212709632e-11,0,0,50,-0.8128011269104763,-0.0851917474227398,-0.013191506045189963,improved
zalesak,circular+corner,0.5,0.3,0,19,2.3441510667806926,0.0944038498682389,0.0335971028529162,0,0,0.5859497592072529,0.0187139214151018,4.924351716296189e-10,0,0,50,-1.7582013075734397,-0.0756899284531371,-0.03359710236048103,improved
zalesak,circular+corner,0.5,0.3,0,20,0.888283599601511,0.0117353831481738,0.020773604086521,0,0,2.5412913144360162e-08,4.2374827721036823e-10,6.228448189247912e-11,0,0,50,-0.8882835741885979,-0.011735382724425522,-0.020773604024236517,improved
zalesak,circular+corner,0.5,0.3,0,21,1.2971437094043792,0.0603399751023746,0.0061922518788525,0,0,0.6953965136902228,0.0256951579911468,9.247927887524174e-13,0,0,50,-0.6017471957141564,-0.0346448171112278,-0.006192251877927707,improved
zalesak,circular+corner,0.5,0.3,0,22,0.4516496536690209,0.0407044920125825,0.0393410520913178,0,0,0.4516496536690209,0.0140002741198619,6.367479537556973e-11,0,0,50,0.0,-0.0267042178927206,-0.03934105202764301,stable
zalesak,circular+corner,0.5,0.3,0,23,0.4957505937752344,0.0101608240847177,0.0199480750972001,0,0,0.4957505937752344,0.0101608240847221,4.6753196243874846e-12,0,0,50,0.0,4.399258735077183e-15,-0.019948075092524782,stable
zalesak,circular+corner,0.5,0.3,0,24,1.7716701551838738,0.0791619457295522,0.0298929450620849,0,0,0.4933223184584951,0.0119162351234161,3.028989286285605e-11,0,0,50,-1.2783478367253787,-0.0672457106061361,-0.029892945031795008,improved
zalesak,circular+corner,0.64,0.0,0,0,0.3470853517741801,0.0064076131503556,0.0178786967213234,0,0,0.3470853517742851,0.0064076131503549,1.5173748571702726e-11,0,0,64,1.0502709812953981e-13,-6.999609225566417e-16,-0.017878696706149652,stable
zalesak,circular+corner,0.64,0.0,0,1,0.3797716535298467,0.0084194127090406,0.0239727127917938,0,0,0.3797716535298472,0.0084194127090423,3.0659146064615093e-12,0,0,64,4.996003610813204e-16,1.700029006457271e-15,-0.023972712788727885,stable
zalesak,circular+corner,0.64,0.0,0,2,0.3966392415852755,0.0066508675994296,0.0253347417377499,0,0,0.3966392415852755,0.0066508675994296,1.837068850782067e-11,0,0,64,0.0,0.0,-0.025334741719379213,stable
zalesak,circular+corner,0.64,0.0,0,3,1.9847838927944395e-09,0.0024475457523916,0.008552422532397,0,0,1.9847838927944395e-09,2.8030429943320657e-10,6.320849360624105e-13,0,0,64,0.0,-0.002447545472087301,-0.008552422531764916,stable
zalesak,circular+corner,0.64,0.0,0,4,0.3783205485446705,0.0058591276920251,0.0168284688108442,0,0,0.3783205485446705,0.0058591276920251,1.5610955297635298e-11,0,0,64,0.0,0.0,-0.016828468795233243,stable
zalesak,circular+corner,0.64,0.0,0,5,0.2995465047785198,0.0100043165719086,0.0128012818013591,0,0,0.2995465047785198,0.0100043165719086,2.046416475110924e-12,0,0,64,0.0,0.0,-0.012801281799312683,stable
zalesak,circular+corner,0.64,0.0,0,6,2.8490010350878947e-09,0.0023193024837955,0.0254355184407588,0,0,2.8490010350878947e-09,3.826800314555635e-10,1.209494622789796e-12,0,0,64,0.0,-0.0023193021011154685,-0.025435518439549307,stable
zalesak,circular+corner,0.64,0.0,0,7,1.5258094449333568,0.0063285071539011,0.0224321421424193,0,0,1.5258094449331423,0.006328507153899,9.231134775228418e-12,0,0,64,-2.1449508835758024e-13,-2.099882767669925e-15,-0.022432142133188167,stable
zalesak,circular+corner,0.64,0.0,0,8,0.1985888093785243,0.0018365573876334,0.0117189481919371,0,0,1.1525721918468724e-08,4.228245120641155e-10,2.8791400493581123e-11,0,0,64,-0.1985887978528024,-0.0018365569648088878,-0.0117189481631457,improved
zalesak,circular+corner,0.64,0.0,0,9,2.008328792157954e-08,0.0026496626535804,0.0147935413073572,0,0,2.008328792157954e-08,5.112917057648279e-10,6.3882170785547585e-12,0,0,64,0.0,-0.0026496621422886944,-0.014793541300968984,stable
zalesak,circular+corner,0.64,0.0,0,10,0.3847932082488867,0.0080659926652422,0.0143364774716088,0,0,0.3847932082488867,0.0080659926652426,4.5421463385071755e-12,0,0,64,0.0,3.9898639947466563e-16,-0.014336477467066653,stable
zalesak,circular+corner,0.64,0.0,0,11,0.404697235314748,0.007482483721752,0.0150906070745641,0,0,0.404697235314748,0.007482483721752,6.073912502377417e-11,0,0,64,0.0,0.0,-0.015090607013824975,stable
zalesak,circular+corner,0.64,0.0,0,12,0.1564497134709211,0.0141113900319642,0.0232925937487601,0,0,5.675066816479558e-08,2.416485805924656e-09,1.1269740500434338e-11,0,0,64,-0.15644965672025293,-0.014111387615478393,-0.023292593737490357,improved
zalesak,circular+corner,0.64,0.0,0,13,0.3975391629814921,0.0070830363745298,0.0218962431426083,0,0,0.3975391629814924,0.0070830363745298,3.61051914358788e-13,0,0,64,2.7755575615628914e-16,0.0,-0.021896243142247248,stable
zalesak,circular+corner,0.64,0.0,0,14,9.751350482645195e-08,0.0017568902463772,0.0218056235606999,0,0,9.751350482645195e-08,3.1909236422977283e-09,3.110045343424779e-12,0,0,64,0.0,-0.0017568870554535577,-0.021805623557589852,stable
zalesak,circular+corner,0.64,0.0,0,15,0.258196037387349,0.004170817427442,0.0095020484133462,0,0,1.2870935655102608e-08,7.641628048366456e-10,1.9533709168675693e-11,0,0,64,-0.2581960245164133,-0.0041708166632791945,-0.00950204839381249,improved
zalesak,circular+corner,0.64,0.0,0,16,1.3656286768082282e-08,6.528300693378872e-10,0.0153992608198315,0,0,1.3656286768082282e-08,6.214363619050101e-10,2.163968261181227e-12,0,0,64,0.0,-3.139370743287714e-11,-0.01539926081766753,stable
zalesak,circular+corner,0.64,0.0,0,17,0.4386817847527564,0.0086388925260683,0.0152297947601851,0,0,0.4386817847526201,0.0086388925260693,1.679955616442921e-11,0,0,64,-1.3627987627273797e-13,9.992007221626409e-16,-0.015229794743385544,stable
zalesak,circular+corner,0.64,0.0,0,18,6.21543080979713e-09,0.0002390838990312,0.0164494663517478,0,0,6.21543080979713e-09,6.479589040399295e-10,1.0520299047049247e-11,0,0,64,0.0,-0.00023908325107229597,-0.0164494663412275,stable
zalesak,circular+corner,0.64,0.0,0,19,0.4342728756835624,0.0123791172246825,0.020173999645323,0,0,0.4342728756835624,0.0123791172246825,1.6734531671470057e-12,0,0,64,0.0,0.0,-0.02017399964364955,stable
zalesak,circular+corner,0.64,0.0,0,20,3.126909230490214e-09,4.320054871447108e-10,0.0230200501591817,0,0,3.126909230490214e-09,4.1457633305889324e-10,2.9987421572784788e-12,0,0,64,0.0,-1.7429154085817534e-11,-0.023020050156182956,stable
zalesak,circular+corner,0.64,0.0,0,21,1.2482562260366764e-08,0.003751425131371,0.0174917645058156,0,0,1.2482562260366764e-08,3.1862581562744724e-10,1.8582359830246264e-11,0,0,64,0.0,-0.0037514248127451843,-0.01749176448723324,stable
zalesak,circular+corner,0.64,0.0,0,22,3.5360123717964598e-09,2.6858293371171496e-10,0.0162872126332831,0,0,3.5360123717964598e-09,2.5469140605166707e-10,1.4002721892195073e-12,0,0,64,0.0,-1.389152766004789e-11,-0.016287212631882826,stable
zalesak,circular+corner,0.64,0.0,0,23,0.4562808238360973,0.0109629675119203,0.0189626728611456,0,0,0.4562808238360973,0.0109629675119203,2.5441565128072737e-12,0,0,64,0.0,0.0,-0.018962672858601443,stable
zalesak,circular+corner,0.64,0.0,0,24,1.6956719415360515,0.0551149637465792,0.0112479039619256,0,0,0.3712502827229609,0.0067524324239205,2.706815379578972e-12,0,0,64,-1.3244216588130906,-0.0483625313226587,-0.011247903959218784,improved
zalesak,circular+corner,0.64,0.05,0,0,0.3445414091540955,0.0214136312964153,0.0265720528096174,0,0,0.3445414091540955,0.0064162257501682,2.8434449222922463e-11,0,0,64,0.0,-0.014997405546247101,-0.02657205278118295,stable
zalesak,circular+corner,0.64,0.05,0,1,0.8002768601241351,0.0333148508188957,0.02022724639433,0,0,0.3881592831791218,0.0088935862543137,1.780814454688442e-06,0,0,64,-0.41211757694501333,-0.024421264564582,-0.020225465579875312,improved
zalesak,circular+corner,0.64,0.05,0,2,0.3974507938411733,0.0061137187729107,0.0222803063150802,0,0,0.3974507938411733,0.0061137187729107,1.1433961517187036e-11,0,0,64,0.0,0.0,-0.02228030630364624,stable
zalesak,circular+corner,0.64,0.05,0,3,0.3824382684512039,0.0069770312006944,0.0085111027837106,0,0,6.422887111057207e-09,7.951659239060153e-10,2.7611000914187464e-13,0,0,64,-0.38243826202831677,-0.006977030405528477,-0.008511102783434489,improved
zalesak,circular+corner,0.64,0.05,0,4,0.3977319249634647,0.0056646420215454,0.0145350304739358,0,0,0.3977319249634647,0.0056646420215444,8.05307842080626e-12,0,0,64,0.0,-1.0000680839006293e-15,-0.01453503046588272,stable
zalesak,circular+corner,0.64,0.05,0,5,0.2814588971540528,0.0096646671070368,0.0126921395728861,0,0,0.2814588971540528,0.0096646671070368,5.022116920169642e-12,0,0,64,0.0,0.0,-0.012692139567863983,stable
zalesak,circular+corner,0.64,0.05,0,6,2.734193473123786e-09,0.0051521479898237,0.0223134830028941,0,0,2.734193473123786e-09,3.0347776362255066e-10,1.2854346387411928e-11,0,0,64,0.0,-0.005152147686345936,-0.022313482990039754,stable
zalesak,circular+corner,0.64,0.05,0,7,0.3826359522608453,0.0087682485554942,0.0136714606969174,0,0,0.3826359522607849,0.0087682485554949,1.3854903450242879e-11,0,0,64,-6.039613253960852e-14,6.990935608186533e-16,-0.013671460683062497,stable
zalesak,circular+corner,0.64,0.05,0,8,0.1442801996305831,0.0023782968350797,0.0116076325917588,0,0,4.4634181009308025e-09,3.4072013472317085e-10,1.048807970369111e-11,0,0,64,-0.144280195167165,-0.0023782964943595652,-0.01160763258127072,improved
zalesak,circular+corner,0.64,0.05,0,9,6.0581424321526364e-09,0.0037802802006058,0.0146845749293824,0,0,6.0581424321526364e-09,4.791609786470635e-10,7.472349165369249e-12,0,0,64,0.0,-0.0037802797214448215,-0.01468457492191005,stable
zalesak,circular+corner,0.64,0.05,0,10,0.3849021413091746,0.008055597193607,0.0168237354100236,0,0,0.3849021413093163,0.008055597193605,7.885147297848686e-12,0,0,64,1.4171996909340123e-13,-2.0001361678012586e-15,-0.016823735402138454,stable
zalesak,circular+corner,0.64,0.05,0,11,1.1237357097037377,0.0333963960677285,0.0176273182319181,0,0,0.4130463435255067,0.0073034989458464,6.940046559343258e-12,0,0,64,-0.710689366178231,-0.0260928971218821,-0.017627318224978053,improved
zalesak,circular+corner,0.64,0.05,0,12,0.2112420728315151,0.0060184294186198,0.0253809859519385,0,0,1.1620082673857723e-08,1.2392793189327463e-09,5.5208333016041176e-12,0,0,64,-0.21124206121143244,-0.006018428179340481,-0.025380985946417665,improved
zalesak,circular+corner,0.64,0.05,0,13,0.4039497475016151,0.0065511257602056,0.0219958367930376,0,0,0.4039497475016151,0.0065511257602056,6.3737671912305016e-12,0,0,64,0.0,0.0,-0.021995836786663833,stable
zalesak,circular+corner,0.64,0.05,0,14,1.0173835107707419e-09,2.639049355903247e-10,0.0197317091492714,0,0,1.0173835107707419e-09,2.5391656537476295e-10,6.46730092134292e-13,0,0,64,0.0,-9.988370215561728e-12,-0.01973170914862467,stable
zalesak,circular+corner,0.64,0.05,0,15,8.38693121924822e-09,3.3176740698677916e-10,0.0081597379098087,0,0,8.38693121924822e-09,3.1913665685486995e-10,1.6967877824882036e-11,0,0,64,0.0,-1.2630750131909218e-11,-0.008159737892840822,stable
zalesak,circular+corner,0.64,0.05,0,16,4.4656314202029534e-09,3.912768156906601e-10,0.0194988063378694,0,0,4.4656314202029534e-09,3.7135659490882446e-10,5.930702402869178e-12,0,0,64,0.0,-1.9920220781835623e-11,-0.019498806331938696,stable
zalesak,circular+corner,0.64,0.05,0,17,0.4453224328562084,0.0085090228003903,0.0188728239996526,0,0,0.4453224328563592,0.008509022800388,4.2812868185548205e-11,0,0,64,1.5082379789532752e-13,-2.3002433291452462e-15,-0.018872823956839733,stable
zalesak,circular+corner,0.64,0.05,0,18,0.3784384921723811,0.023562020925118,0.0104386741698624,0,0,1.1285248291414972e-08,9.32335334217448e-10,2.9221968082094444e-12,0,0,64,-0.37843848088713283,-0.023562019992782665,-0.010438674166940203,improved
zalesak,circular+corner,0.64,0.05,0,19,0.051794276615369,0.0004509500121123,0.0208024471212558,0,0,1.514956714081584e-09,3.3609509293000443e-10,3.782941447740833e-12,0,0,64,-0.05179427510041228,-0.0004509496760172071,-0.020802447117472856,improved
zalesak,circular+corner,0.64,0.05,0,20,1.0503151407121152e-08,4.1842133827784415e-10,0.022565568378734,0,0,1.0503151407121152e-08,4.042850601821632e-10,2.000411158170453e-11,0,0,64,0.0,-1.4136278095680963e-11,-0.022565568358729887,stable
zalesak,circular+corner,0.64,0.05,0,21,7.496311768465932e-08,0.002643434996367,0.0156080367568087,0,0,7.496311768465932e-08,1.205359952575073e-09,1.492552293972171e-10,0,0,64,0.0,-0.0026434337910070473,-0.01560803660755347,stable
zalesak,circular+corner,0.64,0.05,0,22,3.850191276910664e-09,4.80164856767344e-10,0.0162092741689808,0,0,3.850191276910664e-09,4.5932341643139824e-10,1.3649285458993665e-13,0,0,64,0.0,-2.0841440335945764e-11,-0.01620927416884431,stable
zalesak,circular+corner,0.64,0.05,0,23,0.3135994202476295,0.0082535129193813,0.0211060260874673,0,0,0.3135994202476295,0.0082535129193813,2.5593093676229803e-11,0,0,64,0.0,0.0,-0.021106026061874207,stable
zalesak,circular+corner,0.64,0.05,0,24,0.3878731639076053,0.020656268347843,0.0173841285693316,0,0,0.3878731639076053,0.0063302251902979,1.0192833357281976e-11,0,0,64,0.0,-0.014326043157545099,-0.01738412855913877,stable
zalesak,circular+corner,0.64,0.1,0,0,0.3419246330769918,0.022801929001758,0.0241257904262162,2,0,0.3419246330769556,0.0062970909309692,1.1166248064193039e-11,0,0,64,-3.6193270602780103e-14,-0.0165048380707888,-0.02412579041504995,stable
zalesak,circular+corner,0.64,0.1,0,1,1.0934643055619055,0.0449458908650079,0.0174373575295166,0,0,0.3989583409962844,0.0090820164305471,4.21878129244003e-12,0,0,64,-0.6945059645656211,-0.035863874434460805,-0.01743735752529782,improved
zalesak,circular+corner,0.64,0.1,0,2,1.5545718074961528,0.0413102368566677,0.0226871016606764,0,0,0.3993282864910934,0.0055687880584088,1.4148470485422437e-10,0,0,64,-1.1552435210050593,-0.0357414487982589,-0.022687101519191694,improved
zalesak,circular+corner,0.64,0.1,0,3,0.4326786352508036,0.0074534324270007,0.0083736963990869,0,0,2.0541053302736145e-08,2.233888825701331e-09,4.953968127248487e-13,0,0,64,-0.4326786147097503,-0.007453430193111874,-0.008373696398591503,improved
zalesak,circular+corner,0.64,0.1,0,4,0.4607724847266206,0.011633826820106,0.0182758721398795,0,0,0.4607724847266206,0.011633826820106,5.881240829095743e-11,0,0,64,0.0,0.0,-0.01827587208106709,stable
zalesak,circular+corner,0.64,0.1,0,5,0.2633459315718631,0.0094094846874575,0.0147760875869712,0,0,0.2633459315718631,0.0094094846874575,1.6720862859136298e-12,0,0,64,0.0,0.0,-0.014776087585299113,stable
zalesak,circular+corner,0.64,0.1,0,6,1.3164854085715706e-09,2.6008063683183126e-10,0.0221924640770771,0,0,1.316466225116143e-09,2.5244275993252564e-10,3.84152207202836e-12,0,0,64,-1.9183455427722392e-14,-7.637876899305619e-12,-0.02219246407323558,stable
zalesak,circular+corner,0.64,0.1,0,7,0.5446291885119052,0.0529373504888377,0.0146027389808665,0,0,0.3778209916396284,0.0087851973640626,9.042700433770208e-12,0,0,64,-0.16680819687227683,-0.0441521531247751,-0.014602738971823799,improved
zalesak,circular+corner,0.64,0.1,0,8,0.0732925684126676,0.0008703142062094,0.0097384732356819,0,0,6.580368250297397e-09,4.6042954203277526e-10,3.076849656328514e-12,0,0,64,-0.07329256183229935,-0.000870313745779858,-0.00973847323260505,improved
zalesak,circular+corner,0.64,0.1,0,9,1.6415558690141552e-08,0.0047974310685763,0.0127348056434701,0,0,1.6415558690141552e-08,6.938848136261337e-10,2.649796905272447e-13,0,0,64,0.0,-0.004797430374691486,-0.012734805643205121,stable
zalesak,circular+corner,0.64,0.1,0,10,0.3889539121969527,0.035725459788322,0.0172044927903913,0,0,0.388953912196998,0.0079151324724941,3.012489077111285e-11,0,0,64,4.529709940470639e-14,-0.0278103273158279,-0.017204492760266407,stable
zalesak,circular+corner,0.64,0.1,0,11,1.1183387124932835,0.0379646058267538,0.0233674313506341,0,0,0.5248343720983804,0.0112310615743637,4.126809712308613e-12,0,0,64,-0.5935043403949032,-0.026733544252390103,-0.02336743134650729,improved
zalesak,circular+corner,0.64,0.1,0,12,0.2850819778185753,0.0056753056078075,0.0253558364116628,0,0,8.985967525632077e-09,7.900691224280157e-10,2.4484748264709807e-12,0,0,64,-0.2850819688326078,-0.005675304817738378,-0.025355836409214325,improved
zalesak,circular+corner,0.64,0.1,0,13,0.3014645470090307,0.0127648009674661,0.022136273721204,0,0,0.3014239045087761,0.0127652399192727,2.3194998186646096e-11,0,0,64,-4.064250025459515e-05,4.3895180660072364e-07,-0.022136273698009003,stable
zalesak,circular+corner,0.64,0.1,0,14,1.4873231142548553,0.0356446851194284,0.0167699084806937,0,0,1.547932256860561e-09,2.8436412275085937e-10,5.168959018383709e-12,0,0,64,-1.487323112706923,-0.03564468483506428,-0.01676990847552474,improved
zalesak,circular+corner,0.64,0.1,0,15,1.0175873963670078e-08,0.0040647971562969,0.0080009392356403,0,0,1.0175873963670078e-08,3.98377541563281e-10,2.3576748588253145e-11,0,0,64,0.0,-0.004064796757919358,-0.008000939212063551,stable
zalesak,circular+corner,0.64,0.1,0,16,0.436457919185737,0.004360858278991,0.0210392920719384,0,0,0.436457919185737,0.004223508405169,3.445907589339931e-12,0,0,64,0.0,-0.00013734987382200015,-0.021039292068492494,stable
zalesak,circular+corner,0.64,0.1,0,17,0.4523899536008562,0.0082999950425416,0.0211873222473612,0,0,0.4523899536008562,0.0082999950425409,3.1401167305590425e-12,0,0,64,0.0,-6.990935608186533e-16,-0.021187322244221082,stable
zalesak,circular+corner,0.64,0.1,0,18,0.3757610984039417,0.0335167519867176,0.0049710838647105,0,0,5.171186145958018e-09,6.492261775257166e-10,3.756384898063821e-12,0,0,64,-0.3757610932327555,-0.03351675133749142,-0.004971083860954115,improved
zalesak,circular+corner,0.64,0.1,0,19,0.1243655668753005,0.0012469920543777,0.0207727255892227,0,0,1.6762070842446523e-08,9.640667053610479e-10,2.0957218338862588e-11,0,0,64,-0.12436555011322965,-0.0012469910903109946,-0.020772725568265482,improved
zalesak,circular+corner,0.64,0.1,0,20,2.497129791834141e-08,1.4572800710516992e-09,0.0198309008726551,0,0,2.497129791834141e-08,1.412413107444571e-09,2.4025085632800348e-11,0,0,64,0.0,-4.486696360712824e-11,-0.019830900848630015,stable
zalesak,circular+corner,0.64,0.1,0,21,0.4318188036342709,0.006567248065502,0.023223964090565,0,0,0.4318188036337578,0.0065672480654776,6.904117109780242e-12,0,0,64,-5.130895708305161e-13,-2.439975305135178e-14,-0.023223964083660883,stable
zalesak,circular+corner,0.64,0.1,0,22,1.1717125936172581e-07,8.006815504223587e-09,0.0163583044745625,0,0,1.1717125936172581e-07,7.760151066342012e-09,1.6404000262365068e-10,0,0,64,0.0,-2.466644378815743e-10,-0.016358304310522497,stable
zalesak,circular+corner,0.64,0.1,0,23,1.2814662726304364e-08,4.5077140818432326e-10,0.0229542512940283,0,0,1.2814662726304364e-08,4.3922776151362817e-10,2.6100401882559784e-11,0,0,64,0.0,-1.1543646670695092e-11,-0.022954251267927897,stable
zalesak,circular+corner,0.64,0.1,0,24,0.4045691090546754,0.0165049846809577,0.0106769977203278,0,0,0.4045691090546754,0.0057477999290985,6.154089850152278e-12,0,0,64,0.0,-0.0107571847518592,-0.01067699771417371,stable
zalesak,circular+corner,0.64,0.2,0,0,0.3366302242995815,0.0248434265634544,0.0172112678213615,2,0,0.336630224299502,0.0059957067260821,2.0607101474370805e-11,0,0,64,-7.949196856316121e-14,-0.0188477198373723,-0.017211267800754396,stable
zalesak,circular+corner,0.64,0.2,0,1,4.3602759688676855e-09,2.3223601552169823e-10,0.0283254414890968,0,0,4.3602759688676855e-09,2.2188330433951678e-10,1.447585806769066e-11,0,0,64,0.0,-1.0352711182181453e-11,-0.028325441474620943,stable
zalesak,circular+corner,0.64,0.2,0,2,0.4059155832634999,0.004958145602743,0.0211020397800169,0,0,0.4059155832634999,0.0049581456027436,7.453329989350565e-11,0,0,64,0.0,6.002143226879753e-16,-0.0211020397054836,stable
zalesak,circular+corner,0.64,0.2,0,3,0.5407725222819805,0.0251942205705476,0.0092715130260833,0,0,0.5407725222819805,0.0251942205705498,1.0544512371754761e-13,0,0,64,0.0,2.203098814490545e-15,-0.009271513025977856,stable
zalesak,circular+corner,0.64,0.2,0,4,0.4618419243442036,0.0116132932307922,0.0201622813868744,0,0,0.4618419243442036,0.0116132932307896,1.9449353069701656e-11,0,0,64,0.0,-2.600350490489234e-15,-0.02016228136742505,stable
zalesak,circular+corner,0.64,0.2,0,5,0.2265286454981598,0.0089069580272691,0.01786125635494,0,0,0.2265286454981598,0.0089069580272691,8.083735614183399e-12,0,0,64,0.0,0.0,-0.017861256346856265,stable
zalesak,circular+corner,0.64,0.2,0,6,1.202477975491813,0.0180936557825168,0.0306999252970216,0,0,2.311333346938227e-09,2.9464096169006727e-10,1.1784468919174073e-12,0,0,64,-1.2024779731804796,-0.01809365548787584,-0.030699925295843155,improved
zalesak,circular+corner,0.64,0.2,0,7,0.6272881716876828,0.0343040806975939,0.019988167765376,0,0,0.3680649604755144,0.0089583774406712,6.153113506414153e-12,0,0,64,-0.2592232112121684,-0.025345703256922703,-0.019988167759222887,improved
zalesak,circular+corner,0.64,0.2,0,8,0.2578018441869815,0.0283155139892442,0.0107729328903035,0,0,0.2578018441869815,0.0080248828484261,9.41273471051975e-12,0,0,64,0.0,-0.0202906311408181,-0.010772932880890766,stable
zalesak,circular+corner,0.64,0.2,0,9,0.8738987706379004,0.0773159337127594,0.0230616442211543,0,0,7.795275536182089e-09,5.088104058623541e-10,2.7474312790849904e-13,0,0,64,-0.8738987628426249,-0.07731593320394899,-0.023061644220879557,improved
zalesak,circular+corner,0.64,0.2,0,10,0.5564210805051685,0.0109612472185654,0.0256894571467773,0,0,0.3966406177244115,0.0106190531659865,3.4610409172808745e-11,0,0,64,-0.15978046278075697,-0.0003421940525789001,-0.025689457112166893,improved
zalesak,circular+corner,0.64,0.2,0,11,0.5354981302005528,0.0120538716721752,0.0291546528715211,0,0,0.5354981302005528,0.0120538716721752,1.5353786357013054e-11,0,0,64,0.0,0.0,-0.029154652856167314,stable
zalesak,circular+corner,0.64,0.2,0,12,0.4152243006507641,0.0150509356614026,0.025214755903061,0,0,1.3823289179981655e-09,2.1015704564925419e-10,5.095733238024301e-12,0,0,64,-0.4152242992684352,-0.015050935451245554,-0.025214755897965267,improved
zalesak,circular+corner,0.64,0.2,0,13,1.015370409146989,0.0513860698352543,0.0213783015887136,0,0,0.4416137201797093,0.0148075978465836,9.415292731113637e-11,0,0,64,-0.5737566889672798,-0.0365784719886707,-0.021378301494560673,improved
zalesak,circular+corner,0.64,0.2,0,14,1.7037097066463502e-08,5.6657863461795e-10,0.015220145364841,0,0,1.7037097066463502e-08,5.453981179265931e-10,3.256887441638846e-12,0,0,64,0.0,-2.118051669135692e-11,-0.015220145361584113,stable
zalesak,circular+corner,0.64,0.2,0,15,0.4512656173879766,0.0213479794829669,0.0063390243946662,0,0,0.4512656173879766,0.0213479794829669,1.4942159837019368e-11,0,0,64,0.0,0.0,-0.006339024379724041,stable
zalesak,circular+corner,0.64,0.2,0,16,1.8330986024535103e-08,5.57355811137004e-10,0.0247291823176272,0,0,1.8330986024535103e-08,5.371681555131621e-10,1.0888771173817789e-11,0,0,64,0.0,-2.018765562384184e-11,-0.02472918230673843,stable
zalesak,circular+corner,0.64,0.2,0,17,3.2949163397688604e-09,4.4030366053633164e-10,0.0331282817370064,0,0,3.2949163397688604e-09,4.2857802103762095e-10,4.223663011130657e-13,0,0,64,0.0,-1.1725639498710698e-11,-0.03312828173658404,stable
zalesak,circular+corner,0.64,0.2,0,18,1.4029177819452345e-08,1.1052859153272427e-09,0.0096769555278489,0,0,1.4029177819452345e-08,1.0727774321662082e-09,5.554419526195633e-12,0,0,64,0.0,-3.2508483161034497e-11,-0.00967695552229448,stable
zalesak,circular+corner,0.64,0.2,0,19,1.906466669176879,0.0392915736232505,0.0172602771825709,0,0,1.5526120833442292e-08,4.739168009287302e-10,1.1442748610830165e-12,0,0,64,-1.9064666536507582,-0.0392915731493337,-0.017260277181426625,improved
zalesak,circular+corner,0.64,0.2,0,20,6.377285470379229e-08,0.003481548455184,0.0148115440834755,0,0,6.377275632098905e-08,5.43928870720191e-10,8.236474828575744e-11,0,0,64,-9.838280323759969e-14,-0.0034815479112551293,-0.014811544001110752,stable
zalesak,circular+corner,0.64,0.2,0,21,0.5393263014979073,0.0108301454967538,0.0190061854347849,0,0,0.5393263014979073,0.0108301454967342,1.1226586107209194e-11,0,0,64,0.0,-1.9600640555061943e-14,-0.019006185423558315,stable
zalesak,circular+corner,0.64,0.2,0,22,1.4000853270890836,0.0515862045556387,0.0179579482760518,0,0,4.6892828633578004e-08,1.397238508631217e-09,5.79973565383703e-11,0,0,64,-1.4000852801962549,-0.05158620315840019,-0.017957948218054444,improved
zalesak,circular+corner,0.64,0.2,0,23,7.242694240212667e-09,3.996975457874955e-10,0.0203262060416161,0,0,7.242694240212667e-09,3.861385467199003e-10,4.002814057566682e-12,0,0,64,0.0,-1.3558999067595184e-11,-0.020326206037613283,stable
zalesak,circular+corner,0.64,0.2,0,24,0.4381374863133876,0.0061850780667663,0.0167140776067469,0,0,0.4381374863133876,0.0061850780667654,1.6158488865976045e-12,0,0,64,0.0,-9.003214840319629e-16,-0.01671407760513105,stable
zalesak,circular+corner,0.64,0.3,0,0,1.3120378025186124,0.0354595648015214,0.011001697095456,0,0,0.3226936432490435,0.0056970226028899,3.6685139616325314e-12,0,0,64,-0.9893441592695689,-0.029762542198631496,-0.011001697091787487,improved
zalesak,circular+corner,0.64,0.3,0,1,0.1823795411691329,0.0014064578306326,0.0256810948294414,0,0,9.182844706856486e-09,4.2447011639189545e-10,6.510845852063315e-12,0,0,64,-0.1823795319862882,-0.0014064574061624837,-0.02568109482293055,improved
zalesak,circular+corner,0.64,0.3,0,2,0.4157928540181395,0.0052376854126393,0.0230036809274201,0,0,0.4157928540181368,0.005237685412639,2.566612418784159e-12,0,0,64,-2.6645352591003757e-15,-3.0010716134398763e-16,-0.023003680924853488,stable
zalesak,circular+corner,0.64,0.3,0,3,0.6324376183022948,0.0254918196708072,0.0057287358782924,0,0,0.6324376183022948,0.0254918196707897,2.011268100538408e-12,0,0,64,0.0,-1.749989042565403e-14,-0.005728735876281132,stable
zalesak,circular+corner,0.64,0.3,0,4,0.457726540822633,0.0069452955590947,0.0246080129137652,0,0,0.457726540822633,0.0069452955590946,3.2770001226442295e-12,0,0,64,0.0,-9.974659986866641e-17,-0.0246080129104882,stable
zalesak,circular+corner,0.64,0.3,0,5,0.4553073859821355,0.0081351171360861,0.0160310528587383,0,0,0.4553073859821355,0.0081351171360861,2.2143475980684997e-12,0,0,64,0.0,0.0,-0.016031052856523953,stable
zalesak,circular+corner,0.64,0.3,0,6,1.119787958420602,0.0126328517844711,0.0183340722755743,0,0,3.2660416593444093e-09,4.548009711248165e-10,1.5316880563711914e-12,0,0,64,-1.1197879551545604,-0.012632851329670128,-0.01833407227404261,improved
zalesak,circular+corner,0.64,0.3,0,7,0.3958456386096997,0.0084662997386029,0.0201798573675878,0,0,0.3958456386096997,0.0088160704604554,1.891373089496604e-12,0,0,64,0.0,0.00034977072185250063,-0.020179857365696427,stable
zalesak,circular+corner,0.64,0.3,0,8,0.4599657932691756,0.0074544825252811,0.0097582037998703,0,0,0.4599657932691756,0.0074544825252811,3.888386571458381e-12,0,0,64,0.0,0.0,-0.009758203795981914,stable
zalesak,circular+corner,0.64,0.3,0,9,2.088922973770922e-09,3.8501701131113943e-10,0.0216564825836612,0,0,2.088922973770922e-09,3.6694713264294374e-10,4.738000892375139e-12,0,0,64,0.0,-1.8069878668195687e-11,-0.0216564825789232,stable
zalesak,circular+corner,0.64,0.3,0,10,5.2862745292259206e-09,5.487430001513175e-10,0.0227300977204084,0,0,5.2862745292259206e-09,5.321139765948694e-10,2.0475880875966746e-12,0,0,64,0.0,-1.6629023556448104e-11,-0.022730097718360813,stable
zalesak,circular+corner,0.64,0.3,0,11,0.43783176627689,0.0260191773503964,0.0357161902853672,0,0,1.0677731587804828e-07,3.6954924398386883e-09,1.2981856879611109e-11,0,0,64,-0.43783165949957414,-0.02601917365490396,-0.03571619027238534,improved
zalesak,circular+corner,0.64,0.3,0,12,0.4795632226131089,0.0125150229027825,0.023751689206451,0,0,2.475309906369263e-08,5.860303935633623e-10,8.289568401055005e-11,0,0,64,-0.47956319786000984,-0.012515022316752106,-0.023751689123555318,improved
zalesak,circular+corner,0.64,0.3,0,13,0.6999923360485489,0.0393516266958303,0.0238463886516856,0,0,0.450738254336769,0.0166152099886473,2.4831916571112446e-10,0,0,64,-0.24925408171177993,-0.022736416707183,-0.023846388403366434,improved
zalesak,circular+corner,0.64,0.3,0,14,1.8625308489693992,0.0626259245308971,0.0186000701356314,0,0,3.502398525308746e-09,4.4776786464925505e-10,2.7718398725381267e-12,0,0,64,-1.8625308454670007,-0.06262592408312924,-0.01860007013285956,improved
zalesak,circular+corner,0.64,0.3,0,15,0.55054543670467,0.0261263930538783,0.0026887656500858,0,0,0.55054543670467,0.0261263930538783,3.0717726688902617e-12,0,0,64,0.0,0.0,-0.002688765647014027,stable
zalesak,circular+corner,0.64,0.3,0,16,0.5878760970632413,0.006359790648229,0.0192359639929837,0,0,6.6406962203114204e-09,2.998517905622299e-10,1.8710456128688318e-11,0,0,64,-0.5878760904225451,-0.006359790348377209,-0.019235963974273244,improved
zalesak,circular+corner,0.64,0.3,0,17,3.6489911745047734e-09,2.5424346214036964e-10,0.0328031816093596,0,0,3.6489911745047734e-09,2.4512731687087176e-10,1.1391783467700018e-11,0,0,64,0.0,-9.11614526949788e-12,-0.032803181597967815,stable
zalesak,circular+corner,0.64,0.3,0,18,3.714363927542763e-09,0.0064062638662007,0.0114534145963535,0,0,3.714363927542763e-09,4.5737353573813893e-10,3.3369476281651316e-12,0,0,64,0.0,-0.0064062634088271645,-0.011453414593016553,stable
zalesak,circular+corner,0.64,0.3,0,19,1.637391910946917e-08,2.687193795245185e-09,0.0194252848176888,0,0,1.637391910946917e-08,2.547826895980991e-09,2.7181214400664646e-11,0,0,64,0.0,-1.3936689926419426e-10,-0.019425284790507584,stable
zalesak,circular+corner,0.64,0.3,0,20,0.4319788898081924,0.0113822380461682,0.0164458851617764,0,0,0.4319788898078325,0.0113822380461731,3.61737704956746e-06,0,0,64,-3.598787934322445e-13,4.898859096158503e-15,-0.016442267784726836,stable
zalesak,circular+corner,0.64,0.3,0,21,0.4712588198013885,0.0056944055681874,0.0111584907722333,0,0,0.4712588198013885,0.0056944055681876,2.2316679359828448e-11,0,0,64,0.0,1.9949319973733282e-16,-0.01115849074991662,stable
zalesak,circular+corner,0.64,0.3,0,22,4.609667573720649e-09,0.0130578478692636,0.0163153516723178,0,0,4.609667573720649e-09,3.353677011110475e-10,6.487413602348304e-12,0,0,64,0.0,-0.013057847533895899,-0.016315351665830386,stable
zalesak,circular+corner,0.64,0.3,0,23,0.0009377397620749,8.951154007011628e-06,0.0225205958522562,0,0,3.500608437277253e-07,2.1176184679289982e-09,7.773523870956278e-10,0,0,64,-0.0009373897012311723,-8.949036388543698e-06,-0.022520595074903813,improved
zalesak,circular+corner,0.64,0.3,0,24,0.4548446019332741,0.0072560064292688,0.0181655680041092,0,0,0.4548446019332741,0.0072560064292837,7.1062202635722076e-12,0,0,64,0.0,1.4900407296902785e-14,-0.018165567997002977,stable
zalesak,circular+corner,1.0,0.0,0,0,3.333520126602707e-09,2.0590385472952692e-10,0.0112107756166646,0,0,3.333520126602707e-09,1.9993055002147164e-10,1.415698420281889e-13,0,0,100,0.0,-5.973304708055283e-12,-0.011210775616523031,stable
zalesak,circular+corner,1.0,0.0,0,1,1.4084820421089717e-08,4.857030334609801e-10,0.0093738220008908,0,0,1.4084820421089717e-08,4.741131570078325e-10,4.151413574509374e-13,0,0,100,0.0,-1.1589876453147597e-11,-0.009373822000475658,stable
zalesak,circular+corner,1.0,0.0,0,2,2.3140380777691223e-08,4.678989586357041e-10,0.0091858404040181,0,0,2.3140380777691223e-08,4.492491219518826e-10,3.610148132967392e-11,0,0,100,0.0,-1.864983668382144e-11,-0.009185840367916618,stable
zalesak,circular+corner,1.0,0.0,0,3,0.0173293599411462,0.0001346627417947,0.0066947842236467,0,0,4.233028150224527e-09,3.08139154557892e-10,4.547809132188303e-13,0,0,100,-0.01732935570811805,-0.00013466243365554547,-0.006694784223191919,improved
zalesak,circular+corner,1.0,0.0,0,4,1.7684287174137042e-09,0.0034286587850661,0.0038232754357788,0,0,1.7684287174137042e-09,1.2626330489951327e-10,3.231697773195209e-13,0,0,100,0.0,-0.003428658658802795,-0.00382327543545563,stable
zalesak,circular+corner,1.0,0.0,0,5,1.0947507078640228e-07,3.389378402740914e-09,0.0085378083527974,0,0,1.0947507078640228e-07,3.315248294960067e-09,1.571308085264322e-11,0,0,100,0.0,-7.413010778084679e-11,-0.00853780833708432,stable
zalesak,circular+corner,1.0,0.0,0,6,0.2651376562677685,0.002870173720731,0.0107209830816688,0,0,1.9891029530354536e-09,1.8010057749925682e-10,2.85678177775504e-13,0,0,100,-0.26513765427866554,-0.002870173540630422,-0.010720983081383122,improved
zalesak,circular+corner,1.0,0.0,0,7,5.046365103567041e-09,0.0042675786707547,0.013083594394446,0,0,5.046365103567041e-09,2.6018362244141843e-10,1.2569449284626925e-12,0,0,100,0.0,-0.004267578410571078,-0.013083594393189056,stable
zalesak,circular+corner,1.0,0.0,0,8,1.2024393925003096e-08,0.0013385160383047,0.0171685141798086,0,0,1.2024393925003096e-08,9.78499391520925e-10,3.5447135756382258e-12,0,0,100,0.0,-0.0013385150598053085,-0.017168514176263888,stable
zalesak,circular+corner,1.0,0.0,0,9,6.877860059262275e-09,0.0007022498637323,0.0159779603621328,0,0,6.877860059262275e-09,2.55206664790125e-10,2.4006339833028338e-12,0,0,100,0.0,-0.0007022496085256352,-0.015977960359732164,stable
zalesak,circular+corner,1.0,0.0,0,10,5.031564498381158e-09,3.2190074802002076e-10,0.0087269461672183,0,0,5.0315449584559255e-09,3.1261779480869556e-10,7.0363140519224266e-12,0,0,100,-1.9539925232575574e-14,-9.282953211325193e-12,-0.008726946160181985,stable
zalesak,circular+corner,1.0,0.0,0,11,6.009161168663013e-09,4.694471200387705e-10,0.0102667617737791,0,0,6.009161168663013e-09,4.579580424102582e-10,4.5407794572737994e-12,0,0,100,0.0,-1.1489077628512335e-11,-0.010266761769238322,stable
zalesak,circular+corner,1.0,0.0,0,12,5.6312922153178395e-08,7.237904788705007e-10,0.0070860681633845,0,0,5.6312922153178395e-08,6.951542631121278e-10,7.81762336491993e-11,0,0,100,0.0,-2.8636215758372947e-11,-0.007086068085208267,stable
zalesak,circular+corner,1.0,0.0,0,13,1.2541414484701366e-07,2.488758551882898e-09,0.0087296723193387,0,0,1.2541414484701366e-07,2.430223652331045e-09,7.109735101029459e-12,0,0,100,0.0,-5.85348995518531e-11,-0.008729672312228966,stable
zalesak,circular+corner,1.0,0.0,0,14,3.540343226350219e-09,2.4862999210525697e-10,0.0088252886332833,0,0,3.540343226350219e-09,2.4175734690293103e-10,5.8291626541041314e-12,0,0,100,0.0,-6.872645202325941e-12,-0.008825288627454138,stable
zalesak,circular+corner,1.0,0.0,0,15,0.1195202550100536,0.0009437133397401,0.0064806783064993,0,0,8.145017623952247e-09,1.6511871369456735e-10,1.3409495436910054e-11,0,0,100,-0.11952024686503598,-0.0009437131746213862,-0.006480678293089804,improved
zalesak,circular+corner,1.0,0.0,0,16,3.086678059815995e-07,1.0048390761444118e-08,0.0062461966844822,0,0,3.086678059815995e-07,9.849412726564035e-09,1.9107046955114876e-12,0,0,100,0.0,-1.989780348800825e-10,-0.006246196682571495,stable
zalesak,circular+corner,1.0,0.0,0,17,3.939717885259597e-09,0.0040151870663761,0.0088034058020357,0,0,3.939717885259597e-09,4.429317944368997e-10,3.254153679172094e-12,0,0,100,0.0,-0.004015186623444305,-0.008803405798781546,stable
zalesak,circular+corner,1.0,0.0,0,18,0.3486947691107034,0.003678520263676,0.007044867183382,0,0,0.3486947691107034,0.0026248739464305,2.4424214952946025e-12,0,0,100,0.0,-0.0010536463172455,-0.007044867180939579,stable
zalesak,circular+corner,1.0,0.0,0,19,8.084844793643242e-09,0.0014882826606277,0.0114396201829235,0,0,8.084844793643242e-09,5.763807566860526e-10,9.419178579191376e-12,0,0,100,0.0,-0.0014882820842469432,-0.011439620173504321,stable
zalesak,circular+corner,1.0,0.0,0,20,3.2258302695709062e-09,3.411219218279386e-10,0.0144481946221166,0,0,3.2258302695709062e-09,3.352613244689465e-10,3.6782773990137855e-12,0,0,100,0.0,-5.860597358992116e-12,-0.014448194618438322,stable
zalesak,circular+corner,1.0,0.0,0,21,3.049582944727977e-09,0.0002416935624522,0.0046291952342014,0,0,2.026744994054752e-09,4.889303316607984e-10,2.529120819240142e-12,0,0,100,-1.0228379506732249e-09,-0.00024169307352186835,-0.004629195231672279,improved
zalesak,circular+corner,1.0,0.0,0,22,1.3979750690396031e-09,0.0021824927459975,0.0093275084744083,0,0,1.3979750690396031e-09,1.5426186836348734e-10,1.063238330818605e-12,0,0,100,0.0,-0.0021824925917356317,-0.009327508473345063,stable
zalesak,circular+corner,1.0,0.0,0,23,2.7414708068948886e-09,1.9531270884471026e-10,5.0340943399964074e-05,0,0,2.7414708068948886e-09,1.9148308271749709e-10,6.6119950633331095e-12,0,0,100,0.0,-3.829626127213171e-12,-5.034093678796901e-05,stable
zalesak,circular+corner,1.0,0.0,0,24,7.792609224566151e-09,5.680338444614901e-10,0.0110319164910221,0,0,7.792609224566151e-09,5.428955591236546e-10,1.7988157031223121e-12,0,0,100,0.0,-2.5138285337835544e-11,-0.011031916489223284,stable
zalesak,circular+corner,1.0,0.05,0,0,1.749766520502894e-07,0.005237119533666,0.011449856508223,0,0,1.749766520502894e-07,5.919392954560706e-10,2.1454860742185123e-10,0,0,100,0.0,-0.005237118941726705,-0.011449856293674392,stable
zalesak,circular+corner,1.0,0.05,0,1,3.1498430530518813e-09,2.9316177718686774e-10,0.0083959239152352,0,0,3.1498430530518813e-09,2.8558663881734117e-10,5.916643053040172e-13,0,0,100,0.0,-7.575138369526562e-12,-0.008395923914643536,stable
zalesak,circular+corner,1.0,0.05,0,2,2.9888127528465702e-09,3.1639980451676235e-10,0.0102408638476087,0,0,2.9888127528465702e-09,3.088192261897667e-10,2.11573688051783e-12,0,0,100,0.0,-7.580578326995662e-12,-0.010240863845492963,stable
zalesak,circular+corner,1.0,0.05,0,3,0.0194385288912551,0.000154897367211,0.0061367080403571,0,0,7.058377446695734e-09,3.236819941807804e-10,1.2047495922225064e-11,0,0,100,-0.019438521832877656,-0.00015489704352900582,-0.006136708028309604,improved
zalesak,circular+corner,1.0,0.05,0,4,2.2733377681651448e-09,1.6944319700376451e-10,0.0031361270520635,0,0,2.2733377681651448e-09,1.6268931819094828e-10,1.0193028626029599e-12,0,0,100,0.0,-6.753878812816239e-12,-0.0031361270510441974,stable
zalesak,circular+corner,1.0,0.05,0,5,7.867812867565551e-09,2.8594601901090647e-10,0.0080424799129225,0,0,7.867812867565551e-09,2.7802172586594687e-10,9.784526405997915e-12,0,0,100,0.0,-7.924293144959603e-12,-0.008042479903137974,stable
zalesak,circular+corner,1.0,0.05,0,6,0.0043562882850031,3.2456408862692464e-05,0.0089602120163672,0,0,1.250708448737943e-05,2.6318336520144082e-08,1.9327815653223577e-08,0,0,100,-0.004343781200515721,-3.243009052617232e-05,-0.008960192688551546,improved
zalesak,circular+corner,1.0,0.05,0,7,9.827929253418493e-08,7.06091771459923e-10,0.013028015744785,0,0,9.827929253418493e-08,6.9079769208965e-10,4.479269801771897e-12,0,0,100,0.0,-1.5294079370273018e-11,-0.01302801574030573,stable
zalesak,circular+corner,1.0,0.05,0,8,0.0140843704620952,0.0048393478832924,0.0187286307528322,0,0,6.015115516788683e-09,3.8396681580758677e-10,8.050930464582385e-13,0,0,100,-0.014084364446979683,-0.004839347499325584,-0.018728630752027107,improved
zalesak,circular+corner,1.0,0.05,0,9,3.2397446503296123e-08,0.0007291020369535,0.0101880971926164,0,0,3.2397446503296123e-08,6.050920254462756e-10,4.030542219729445e-12,0,0,100,0.0,-0.0007291014318614745,-0.010188097188585859,stable
zalesak,circular+corner,1.0,0.05,0,10,2.7411672931521025e-08,0.0001206513035209,0.0080220602637699,0,0,2.7411672931521025e-08,7.08133193953637e-10,2.795076853505512e-12,0,0,100,0.0,-0.00012065059538770605,-0.008022060260974823,stable
zalesak,circular+corner,1.0,0.05,0,11,7.380316979777035e-08,1.5168942554192844e-09,0.0090139555004592,0,0,7.380316979777035e-08,1.4829296066267743e-09,4.878399121917577e-12,0,0,100,0.0,-3.396464879251006e-11,-0.009013955495580801,stable
zalesak,circular+corner,1.0,0.05,0,12,0.582225406569119,0.0066258942705589,0.0043818290485965,0,0,1.2098287719202706e-08,2.5275959154436037e-10,1.6717543290426672e-11,0,0,100,-0.5822253944708313,-0.006625894017799308,-0.004381829031878957,improved
zalesak,circular+corner,1.0,0.05,0,13,9.741903284066213e-09,4.325005655964663e-10,0.0075576909234945,0,0,9.741903284066213e-09,4.1112967990467956e-10,3.1791704800840604e-12,0,0,100,0.0,-2.137088569178672e-11,-0.00755769092031533,stable
zalesak,circular+corner,1.0,0.05,0,14,2.3165855012052816e-08,0.0017436397120741,0.0066604888635526,0,0,2.3165855012052816e-08,6.474546033105198e-10,2.3100292844047933e-13,0,0,100,0.0,-0.0017436390646194966,-0.006660488863321597,stable
zalesak,circular+corner,1.0,0.05,0,15,0.1269862578005769,0.0010477116269301,0.0060911715412312,0,0,6.762972636247473e-08,3.1179079312373216e-10,8.501376411603938e-11,0,0,100,-0.12698619017085053,-0.001047711315139307,-0.006091171456217436,improved
zalesak,circular+corner,1.0,0.05,0,16,1.5080861004435062e-09,0.001379320492076,0.007759510359167,0,0,1.5080861004435062e-09,2.5827914530571476e-10,1.931793720254997e-12,0,0,100,0.0,-0.0013793202337968548,-0.007759510357235206,stable
zalesak,circular+corner,1.0,0.05,0,17,1.9679031737496192e-08,0.0046494566696113,0.0058151201575247,0,0,1.9679031737496192e-08,6.883514860528954e-10,4.911009002770967e-13,0,0,100,0.0,-0.004649455981259814,-0.005815120157033599,stable
zalesak,circular+corner,1.0,0.05,0,18,4.647356277587278e-09,0.0005595167063922,0.0089019107876527,0,0,4.647356277587278e-09,1.779962426234187e-09,4.160395936900128e-12,0,0,100,0.0,-0.0005595149264297737,-0.008901910783492305,stable
zalesak,circular+corner,1.0,0.05,0,19,1.1119407616888566e-09,1.352199282341357e-10,0.0089919886553195,0,0,1.1119407616888566e-09,1.3251547942649436e-10,8.519575458882596e-13,0,0,100,0.0,-2.7044488076413495e-12,-0.008991988654467542,stable
zalesak,circular+corner,1.0,0.05,0,20,4.169645961837887e-09,5.27265862510086e-10,0.0145758643502231,0,0,4.1691929908438405e-09,5.181521925118234e-10,5.0574605634897834e-14,0,0,100,-4.529709940462367e-13,-9.113669998262604e-12,-0.014575864350172526,stable
zalesak,circular+corner,1.0,0.05,0,21,7.666271173434325e-09,2.7117321423267894e-10,0.0048378092668591,0,0,7.666271173434325e-09,2.4330654142747236e-10,4.854576334707317e-12,0,0,100,0.0,-2.786667280520658e-11,-0.004837809262004524,stable
zalesak,circular+corner,1.0,0.05,0,22,2.0058639194076022e-09,0.0021534604607351,0.0091868665123453,0,0,2.0058639194076022e-09,1.4183507429341592e-10,1.542037299995321e-12,0,0,100,0.0,-0.0021534603189000256,-0.009186866510803263,stable
zalesak,circular+corner,1.0,0.05,0,23,2.5516700918645655e-09,1.921759669512868e-10,0.0013020053087802,0,0,2.5516700918645655e-09,1.8840760772937167e-10,5.600893488130403e-12,0,0,100,0.0,-3.768359221915129e-12,-0.0013020053031793065,stable
zalesak,circular+corner,1.0,0.05,0,24,5.6618366883753886e-08,1.227226227546172e-09,0.0100769575548811,0,0,5.6618366883753886e-08,1.201817903200208e-09,2.0227889566482884e-12,0,0,100,0.0,-2.540832434596411e-11,-0.010076957552858312,stable
zalesak,circular+corner,1.0,0.1,0,0,7.370169551738356e-09,5.743961558841644e-10,0.0122750181160993,0,0,7.370169551738356e-09,5.619181597407334e-10,7.168315725316986e-12,0,0,100,0.0,-1.2477996143430997e-11,-0.012275018108930984,stable
zalesak,circular+corner,1.0,0.1,0,1,1.790468218132446e-09,1.9668748821967528e-10,0.0126311566045689,0,0,1.790468218132446e-09,1.8053733821424028e-10,2.311981971881044e-13,0,0,100,0.0,-1.6150150005435003e-11,-0.0126311566043377,stable
zalesak,circular+corner,1.0,0.1,0,2,1.076391598076043e-08,5.04307895121162e-10,0.0112319065021222,0,0,1.076391598076043e-08,4.918114567430802e-10,1.870459806625957e-11,0,0,100,0.0,-1.2496438378081802e-11,-0.011231906483417601,stable
zalesak,circular+corner,1.0,0.1,0,3,0.0216102921771478,0.0065659844689124,0.0061299897787086,0,0,5.102416921282536e-09,3.200101311046983e-10,1.1732917969801048e-11,0,0,100,-0.021610287074730877,-0.0065659841489022685,-0.006129989766975682,improved
zalesak,circular+corner,1.0,0.1,0,4,3.211180654716372e-09,2.431617596400884e-10,0.0002488601048663,0,0,3.211180654716372e-09,2.368842757851094e-10,2.4867475010054977e-12,0,0,100,0.0,-6.277483854978978e-12,-0.0002488601023795525,stable
zalesak,circular+corner,1.0,0.1,0,5,3.0427319330783575e-08,0.0067403516880322,0.0076909461142431,0,0,3.0427319330783575e-08,6.546713682170063e-10,4.644857699757972e-12,0,0,100,0.0,-0.006740351033360832,-0.0076909461095982425,stable
zalesak,circular+corner,1.0,0.1,0,6,0.2394551451636005,0.0027915950572317,0.010709238687634,0,0,1.2552680936416482e-08,3.3963763898092875e-10,1.5328010882326542e-11,0,0,100,-0.23945513261091955,-0.0027915947175940607,-0.010709238672305988,improved
zalesak,circular+corner,1.0,0.1,0,7,2.7755806542018036e-09,0.0001405370805533,0.0098362112927834,0,0,2.7755806542018036e-09,2.184233853350964e-10,8.845674267416493e-13,0,0,100,0.0,-0.00014053686212991466,-0.009836211291898832,stable
zalesak,circular+corner,1.0,0.1,0,8,8.798927158013144e-09,5.388738660244013e-10,0.0167352343560994,0,0,8.798927158013144e-09,5.280378617138201e-10,8.464509672052321e-12,0,0,100,0.0,-1.0836004310581277e-11,-0.01673523434763489,stable
zalesak,circular+corner,1.0,0.1,0,9,4.947985132730537e-09,0.0007543259846097,0.0110630396470373,0,0,4.947985132730537e-09,2.913881038496968e-10,1.9216397453784924e-12,0,0,100,0.0,-0.0007543256932215961,-0.01106303964511566,stable
zalesak,circular+corner,1.0,0.1,0,10,4.032921463254323e-09,2.503764143545083e-10,0.0058643995122301,0,0,4.032921463254323e-09,2.4283934426010983e-10,5.23847469253824e-12,0,0,100,0.0,-7.537070094398455e-12,-0.005864399506991625,stable
zalesak,circular+corner,1.0,0.1,0,11,4.019700128310433e-09,3.6092218154481477e-10,0.0077822179382509,0,0,4.019700128310433e-09,3.4944593514495927e-10,8.341880898543767e-13,0,0,100,0.0,-1.1476246399855502e-11,-0.007782217937416712,stable
zalesak,circular+corner,1.0,0.1,0,12,1.152662164907448e-08,4.907981532905364e-10,0.003106140381854,0,0,1.152662164907448e-08,4.796844106718984e-10,2.330259126658752e-11,0,0,100,0.0,-1.1113742618638017e-11,-0.003106140358551409,stable
zalesak,circular+corner,1.0,0.1,0,13,7.084945252699981e-08,2.2993737240256503e-09,0.0082650655522783,0,0,7.084945252699981e-08,2.1945766882940935e-09,5.568283607277014e-12,0,0,100,0.0,-1.047970357315569e-10,-0.008265065546710016,stable
zalesak,circular+corner,1.0,0.1,0,14,1.5118304830252782e-08,1.22799119181125e-09,0.0071136235121329,0,0,1.5118304830252782e-08,1.207260652016958e-09,7.476840346564625e-13,0,0,100,0.0,-2.073053979429209e-11,-0.007113623511385216,stable
zalesak,circular+corner,1.0,0.1,0,15,0.6011207443020155,0.0078842150205947,0.0045325649564142,0,0,2.0751400065745212e-08,1.9962340118506974e-10,4.565637168846474e-11,0,0,100,-0.6011207235506154,-0.007884214820971298,-0.004532564910757828,improved
zalesak,circular+corner,1.0,0.1,0,16,1.0980916312537623,0.0297479829539345,0.0107235450213547,0,0,9.63536774212794e-09,5.94634076836303e-10,1.0419540373274703e-11,0,0,100,-1.0980916216183945,-0.029747982359300422,-0.01072354501093516,improved
zalesak,circular+corner,1.0,0.1,0,17,2.2051481821234095e-08,7.871173433507471e-10,0.004590805581852,0,0,2.2051481821234095e-08,7.701579823508163e-10,3.3394665950094946e-11,0,0,100,0.0,-1.6959360999930722e-11,-0.004590805548457333,stable
zalesak,circular+corner,1.0,0.1,0,18,1.0198967004271252e-08,5.259518657502268e-10,0.0122184124609594,0,0,1.0198967004271252e-08,5.10618452453143e-10,5.524152870313744e-12,0,0,100,0.0,-1.533341329708379e-11,-0.012218412455435248,stable
zalesak,circular+corner,1.0,0.1,0,19,1.4480132648486688e-09,0.0025875533223374,0.0071103379188061,0,0,1.4480132648486688e-09,1.5693995096217896e-10,1.0083678127359553e-12,0,0,100,0.0,-0.002587553165397449,-0.007110337917797732,stable
zalesak,circular+corner,1.0,0.1,0,20,4.244762763505605e-09,3.0403378427046345e-10,0.0128933629578253,0,0,4.244762763505605e-09,2.9710222903235615e-10,2.597074343413673e-14,0,0,100,0.0,-6.931555238107295e-12,-0.01289336295779933,stable
zalesak,circular+corner,1.0,0.1,0,21,0.7133564729901603,0.0019261253341587,0.0043836616322179,0,0,6.204494695793983e-09,2.436049371189574e-10,4.233035911016661e-12,0,0,100,-0.7133564667856656,-0.0019261250905537627,-0.004383661627984864,improved
zalesak,circular+corner,1.0,0.1,0,22,1.777234359678914e-09,1.7424968591694988e-10,0.0089335499555784,0,0,1.777234359678914e-09,1.7054605699034974e-10,1.2061750540801697e-12,0,0,100,0.0,-3.703628926600146e-12,-0.008933549954372224,stable
zalesak,circular+corner,1.0,0.1,0,23,1.6893940514805363e-08,3.4875330241188095e-10,0.0023801342455402,0,0,1.6893940514805363e-08,3.4303712293578443e-10,1.7416800675672112e-11,0,0,100,0.0,-5.7161794760965245e-12,-0.0023801342281233994,stable
zalesak,circular+corner,1.0,0.1,0,24,9.088005015200906e-09,0.0042788093203207,0.0085519870799306,0,0,9.088005015200906e-09,4.08378832379453e-10,5.998655927042709e-13,0,0,100,0.0,-0.004278808911941868,-0.008551987079330735,stable
zalesak,circular+corner,1.0,0.2,0,0,1.1236039650619318,0.0406350372640088,0.0117142499789973,2,0,6.0003575441669454e-09,2.986343352634679e-10,4.645443506000848e-12,0,0,100,-1.1236039590615743,-0.04063503696537447,-0.011714249974351856,improved
zalesak,circular+corner,1.0,0.2,0,1,1.7871416215185155e-09,2.7628492167854576e-10,0.0123174529389859,0,0,0.128616394496003,2.7159593754045303e-10,6.945709353024387e-13,2,0,100,0.12861639270886138,-4.688984138092731e-12,-0.01231745293829133,worsened
zalesak,circular+corner,1.0,0.2,0,2,4.069626413638616e-09,3.3819247684905505e-10,0.012936043568407,0,0,4.069626413638616e-09,3.2662102577322974e-10,2.6833831298639618e-12,0,0,100,0.0,-1.1571451075825303e-11,-0.012936043565723617,stable
zalesak,circular+corner,1.0,0.2,0,3,0.2239390627676076,0.0142931252639521,0.0023459951260844,0,0,2.6706713938406223e-08,3.06648191556058e-10,4.811734371478372e-11,0,0,100,-0.22393903606089366,-0.014293124957303909,-0.002345995077967056,improved
zalesak,circular+corner,1.0,0.2,0,4,3.720053598499362e-09,2.214331564851264e-10,0.0036929054029024,0,0,3.720053598499362e-09,2.1416160613964951e-10,1.5758187933344617e-12,0,0,100,0.0,-7.271550345476889e-12,-0.003692905401326581,stable
zalesak,circular+corner,1.0,0.2,0,5,0.9472856648445624,0.0280653832293947,0.0084196960922226,0,0,9.340832918927073e-08,3.249747136359575e-10,1.4538793185050227e-10,0,0,100,-0.9472855714362333,-0.028065382904419987,-0.008419695946834668,improved
zalesak,circular+corner,1.0,0.2,0,6,0.2439329866982668,0.0025126509116438,0.0135684245680313,0,0,4.00833419466479e-09,1.821641186032738e-10,5.113502694058184e-12,0,0,100,-0.2439329826899326,-0.0025126507294796815,-0.013568424562917797,improved
zalesak,circular+corner,1.0,0.2,0,7,3.1188083227107204e-09,0.0016984235883983,0.0127995965458632,0,0,3.1188083227107204e-09,2.0718804457184406e-10,3.43282458324905e-13,0,0,100,0.0,-0.0016984233812102555,-0.012799596545519917,stable
zalesak,circular+corner,1.0,0.2,0,8,4.899406064777639e-09,0.0038085111419692,0.0174093889130895,0,0,0.1910607831856731,0.0019652221627874,5.015087245255139e-12,1,0,100,0.19106077828626702,-0.0018432889791818,-0.017409388908074416,worsened
zalesak,circular+corner,1.0,0.2,0,9,0.9929898851936888,0.0149142711719441,0.0126610444727485,0,0,2.458005354810666e-09,4.1222306071092506e-10,2.3551363651061883e-12,0,0,100,-0.9929898827356834,-0.014914270759721038,-0.012661044470393363,improved
zalesak,circular+corner,1.0,0.2,0,10,3.853648067320137e-09,0.0098582208590463,0.0055404931956295,0,0,3.853648067320137e-09,3.7338918682438585e-10,1.2952176029972098e-12,0,0,100,0.0,-0.009858220485657113,-0.005540493194334283,stable
zalesak,circular+corner,1.0,0.2,0,11,1.8225957632012072e-08,5.223800328524889e-10,0.0051301166367264,0,0,1.8225957632012072e-08,4.938889558898171e-10,1.3893371393525025e-12,0,0,100,0.0,-2.849107696267171e-11,-0.005130116635337062,stable
zalesak,circular+corner,1.0,0.2,0,12,5.1223201165373685e-09,3.173633383971206e-10,0.0037107175660026,0,0,5.1223201165373685e-09,3.061355502910564e-10,7.0497875955085565e-12,0,0,100,0.0,-1.1227788106064212e-11,-0.0037107175589528125,stable
zalesak,circular+corner,1.0,0.2,0,13,2.746096683381438e-09,2.4825086421128977e-10,0.0012311195076588,0,0,2.746096683381438e-09,2.2280913022547398e-10,1.0261372687698383e-12,0,0,100,0.0,-2.544173398581579e-11,-0.0012311195066326626,stable
zalesak,circular+corner,1.0,0.2,0,14,0.2005786432020961,0.0146445856373526,0.0084287848406577,0,0,6.079524439428496e-09,4.78111546146723e-10,6.68795460615927e-13,0,0,100,-0.20057863712257165,-0.014644585159241053,-0.008428784839988905,improved
zalesak,circular+corner,1.0,0.2,0,15,0.1541557206272958,0.0014174244587972,0.0005964653559513,0,0,6.266112653298064e-09,1.987456903640304e-10,4.488056895415026e-12,0,0,100,-0.15415571436118314,-0.0014174242600515097,-0.0005964653514632432,improved
zalesak,circular+corner,1.0,0.2,0,16,1.1195887116233365,0.0344567061213939,0.0116457271142907,0,0,4.712616075153164e-09,2.7382729584082803e-10,2.877284996255674e-12,0,0,100,-1.1195887069107204,-0.034456705847566604,-0.011645727111413415,improved
zalesak,circular+corner,1.0,0.2,0,17,8.615028690428517e-09,7.620375077084553e-10,0.0033058880680727,0,0,8.615028690428517e-09,7.452165322574704e-10,4.514808713839663e-12,0,0,100,0.0,-1.682097545098492e-11,-0.0033058880635578915,stable
zalesak,circular+corner,1.0,0.2,0,18,0.3117233387889172,0.0025400519132435,0.0148195386444754,0,0,4.8830636899910645e-08,2.976041890698945e-10,4.6996110565920465e-11,0,0,100,-0.3117232899582803,-0.002540051615639311,-0.01481953859747929,improved
zalesak,circular+corner,1.0,0.2,0,19,2.2552431033773246e-09,0.0029960946722697,0.0056521958502571,0,0,2.2552431033773246e-09,2.0342402151381368e-10,1.6627133860276256e-12,0,0,100,0.0,-0.0029960944688456784,-0.005652195848594386,stable
zalesak,circular+corner,1.0,0.2,0,20,0.0096820098355578,1.0937830126309508e-05,0.0134115905918986,0,0,4.451990776033199e-09,4.307716928480253e-10,2.9544161515675836e-12,0,0,100,-0.009682005383567024,-1.093739935461666e-05,-0.013411590588944184,improved
zalesak,circular+corner,1.0,0.2,0,21,0.5361541211600436,0.0044908108237966,0.0023917324545383,0,0,4.444997380687802,0.0508164740046945,6.553016090800427e-10,0,0,100,3.9088432595277585,0.046325663180897904,-0.002391731799236691,worsened
zalesak,circular+corner,1.0,0.2,0,22,3.3321168046995812e-09,0.0020040835044238,0.0057660985397877,0,0,3.3321168046995812e-09,2.4385504719466767e-10,2.3465445402106842e-12,0,0,100,0.0,-0.0020040832605687526,-0.005766098537441155,stable
zalesak,circular+corner,1.0,0.2,0,23,1.0910103272274636,0.0158472990177911,0.0051404596419013,0,0,2.284786419508881e-08,5.30265384801198e-10,5.596128930688352e-11,0,0,100,-1.0910103043795993,-0.015847298487525717,-0.005140459585940011,improved
zalesak,circular+corner,1.0,0.2,0,24,3.073749255122493e-09,0.0003602168658277,0.0095282204239783,0,0,3.073749255122493e-09,3.0832565114940015e-10,4.992240801783004e-12,0,0,100,0.0,-0.0003602165575020489,-0.00952822041898606,stable
zalesak,circular+corner,1.0,0.3,0,0,0.495366744934113,0.0230167050929336,0.0182569687397683,2,0,3.282752056716695e-09,2.0752817251519304e-10,7.758808418135253e-12,0,0,100,-0.4953667416513609,-0.02301670488540543,-0.018256968732009493,improved
zalesak,circular+corner,1.0,0.3,0,1,0.1247116856229038,0.0060988333218508,0.0134538011062353,2,0,0.1247116856229038,1.7314974810352814e-10,1.852319339971586e-12,2,0,100,0.0,-0.006098833148701052,-0.013453801104382981,stable
zalesak,circular+corner,1.0,0.3,0,2,5.1419415814764485e-09,3.7764600622647726e-10,0.0127214118954823,0,0,5.1419415814764485e-09,3.7041217454285635e-10,8.281152318032364e-12,0,0,100,0.0,-7.233831683620915e-12,-0.012721411887201148,stable
zalesak,circular+corner,1.0,0.3,0,3,0.5174955837834698,0.0071110553665149,0.0040737842179882,1,0,0.5174955837834698,0.0070283686526563,2.529413722361579e-11,1,0,100,0.0,-8.268671385860005e-05,-0.0040737841926940625,stable
zalesak,circular+corner,1.0,0.3,0,4,4.469974196878078e-06,6.584432917134882e-09,0.0044147855485331,0,0,4.469974196878078e-06,6.444717608294841e-09,1.4086164133430223e-09,0,0,100,0.0,-1.3971530884004132e-10,-0.0044147841399166865,stable
zalesak,circular+corner,1.0,0.3,0,5,1.780736192750929e-07,0.0116680445422673,0.0086691236147842,2,0,1.0656435752341173e-08,2.9244524426572244e-10,1.4492065373743542e-11,0,0,100,-1.6741718352275173e-07,-0.011668044249822054,-0.008669123600292135,improved
zalesak,circular+corner,1.0,0.3,0,6,0.7815706305021803,0.0090646342226835,0.0127055740462244,0,0,1.1478341832571461e-08,5.130501241368586e-10,4.881718690627204e-15,0,0,100,-0.7815706190238385,-0.009064633709633375,-0.012705574046219519,improved
zalesak,circular+corner,1.0,0.3,0,7,0.837638746764366,0.0059553589373163,0.0112922548501419,0,0,1.261499349425321e-09,2.19165705415729e-10,4.215852261225653e-13,0,0,100,-0.8376387455028667,-0.0059553587181505946,-0.011292254849720315,improved
zalesak,circular+corner,1.0,0.3,0,8,0.7728401689205189,0.0242549350311308,0.015402632957109,0,0,0.2740842157873988,0.0017714522268217,1.452994751078281e-12,1,0,100,-0.4987559531331201,-0.0224834828043091,-0.015402632955656007,improved
zalesak,circular+corner,1.0,0.3,0,9,0.4012296819734031,0.0274781772799393,0.0130674547951101,0,0,9.214954133085485e-09,7.62520332351765e-10,1.7783124846216778e-12,0,0,100,-0.40122967275844895,-0.02747817651741897,-0.013067454793331788,improved
zalesak,circular+corner,1.0,0.3,0,10,1.1688447064127867,0.0192812496910484,0.0012399707100305,0,0,1.2480962597930851e-08,3.4356561932748356e-10,1.3765665632578216e-11,0,0,100,-1.168844693931824,-0.01928124934748278,-0.0012399706962648344,improved
zalesak,circular+corner,1.0,0.3,0,11,2.836259187029001e-07,6.95201230916584e-10,0.0068552245596131,0,0,2.836259187029001e-07,6.72321967766939e-10,3.6449938409810893e-10,0,0,100,0.0,-2.287926314964501e-11,-0.006855224195113716,stable
zalesak,circular+corner,1.0,0.3,0,12,4.0302296993859664e-09,2.0783584750927183e-10,0.0007530769955442,0,0,4.0302296993859664e-09,2.0065972328960869e-10,4.664970380763357e-13,0,0,100,0.0,-7.176124219663143e-12,-0.000753076995077703,stable
zalesak,circular+corner,1.0,0.3,0,13,4.580270408778792e-09,2.404936993896131e-10,0.0003168656510784,0,0,4.580270408778792e-09,2.3214931325701394e-10,2.713063979502975e-12,0,0,100,0.0,-8.344386132599152e-12,-0.000316865648365336,stable
zalesak,circular+corner,1.0,0.3,0,14,1.267072025277606e-09,1.956654756621779e-10,0.008890401735258,0,0,1.267072025277606e-09,1.9071474486870234e-10,3.445517051844681e-12,0,0,100,0.0,-4.95073079347555e-12,-0.008890401731812483,stable
zalesak,circular+corner,1.0,0.3,0,15,6.945776367466589e-09,0.0064597764094223,0.0020341477791249,0,0,6.945776367466589e-09,3.6222759329312877e-10,6.5780183012463436e-12,0,0,100,0.0,-0.006459776047194707,-0.0020341477725468815,stable
zalesak,circular+corner,1.0,0.3,0,16,5.128871549686664e-09,0.0019566832000188,0.0108854937264818,0,0,5.128871549686664e-09,2.8416565526967085e-10,1.1690739920314029e-12,0,0,100,0.0,-0.0019566829158531446,-0.010885493725312726,stable
zalesak,circular+corner,1.0,0.3,0,17,3.703094719753608e-09,0.0007762915817003,0.0033427469061726,0,0,3.703094719753608e-09,2.4967353866879087e-10,2.736886766713236e-12,0,0,100,0.0,-0.0007762913320267614,-0.003342746903435713,stable
zalesak,circular+corner,1.0,0.3,0,18,1.2548452664731526,0.0220508063601074,0.0191233850659913,0,0,1.7897971105185206e-08,6.819665437042405e-10,7.487189590188755e-12,0,0,100,-1.2548452485751815,-0.02205080567814086,-0.01912338505850411,improved
zalesak,circular+corner,1.0,0.3,0,19,0.5286273563361096,0.013608904251178,0.005694250568487,0,0,0.001100514816875,6.379740963543187e-08,1.2034473449445946e-06,0,0,100,-0.5275268415192346,-0.013608840453768365,-0.005693047121142055,improved
zalesak,circular+corner,1.0,0.3,0,20,0.0034688155088247,2.9477261722255177e-06,0.0141119952320292,0,0,4.008574805425269e-09,5.124423660967458e-10,1.5533628873575765e-12,0,0,100,-0.0034688115002498945,-2.947213729859421e-06,-0.014111995230475837,improved
zalesak,circular+corner,1.0,0.3,0,21,0.0439390388958308,3.472782186469928e-05,0.0038629201362953,0,0,2.5811546677800834e-08,7.548264848442914e-10,7.377839091518705e-12,0,0,100,-0.04393901308428412,-3.472706703821443e-05,-0.0038629201289174606,improved
zalesak,circular+corner,1.0,0.3,0,22,0.8230468778122688,0.0288859164302667,0.0016846757554236,2,0,2.4851722457697182e-08,7.987784928048963e-10,4.758894648371024e-12,0,0,100,-0.8230468529605464,-0.028885915631488207,-0.0016846757506647054,improved
zalesak,circular+corner,1.0,0.3,0,23,0.2902747919821866,0.0038203252411066,0.0077936869789222,0,0,7.640274191089702e-09,2.7117580642283845e-10,5.586638869553772e-13,0,0,100,-0.2902747843419124,-0.003820324969930793,-0.007793686978363535,improved
zalesak,circular+corner,1.0,0.3,0,24,8.210492321580887e-07,1.0230404536362502e-08,0.0152509998230146,0,0,8.210492321580887e-07,1.0033628429475294e-08,6.024626670476845e-12,0,0,100,0.0,-1.9677610688720816e-10,-0.015250999816989973,stable
zalesak,circular+corner,1.28,0.0,0,0,3.2227784885208166e-09,3.5070495816766136e-10,0.006326458026327,0,0,3.2227784885208166e-09,3.4158671081417825e-10,3.6827685802091627e-13,0,0,128,0.0,-9.118247353483117e-12,-0.006326458025958723,stable
zalesak,circular+corner,1.28,0.0,0,1,8.033931482594713e-09,2.1648281956577708e-10,0.0038352633670165,0,0,8.033931482594713e-09,1.9936422521740018e-10,1.2224799945068644e-11,0,0,128,0.0,-1.7118594348376903e-11,-0.0038352633547917,stable
zalesak,circular+corner,1.28,0.0,0,2,4.725114521875184e-09,0.0006895686970555,0.0071019510967247,0,0,4.725114521875184e-09,2.0020540790009955e-10,6.820737354544329e-13,0,0,128,0.0,-0.0006895684968500921,-0.0071019510960426266,stable
zalesak,circular+corner,1.28,0.0,0,3,0.3039323254334825,0.0037119035458241,0.0030344262971661,0,0,7.713875760373412e-09,2.073991650855674e-10,3.7940717663554633e-13,0,0,128,-0.3039323177196067,-0.0037119033384249347,-0.003034426296786693,improved
zalesak,circular+corner,1.28,0.0,0,4,0.0025831681855865,1.3056764776913024e-05,0.0066674100147324,0,0,2.3841213447894916e-09,2.1776055993149352e-10,1.5908544869015932e-12,0,0,128,-0.002583165801465155,-1.3056547016353092e-05,-0.0066674100131415455,improved
zalesak,circular+corner,1.28,0.0,0,5,5.7420148635856094e-08,0.003761746924882,0.0090670322744711,0,0,5.7420148635856094e-08,1.152643600767465e-09,1.895473733196731e-12,0,0,128,0.0,-0.003761745772238399,-0.009067032272575626,stable
zalesak,circular+corner,1.28,0.0,0,6,1.7669490759431028e-08,0.0025538038275031,0.005830312976179,0,0,1.7669490759431028e-08,3.4327332657180097e-10,1.1313871237397609e-12,0,0,128,0.0,-0.0025538034842297734,-0.005830312975047613,stable
zalesak,circular+corner,1.28,0.0,0,7,0.0669596780601654,0.00032025128145,0.0091806808372374,0,0,7.427511050650537e-09,2.230677868374045e-10,3.114341255872531e-12,0,0,128,-0.06695967063265434,-0.00032025105838221315,-0.009180680834123057,improved
zalesak,circular+corner,1.28,0.0,0,8,0.0727795123483626,0.0009998631691569,0.0026623108075352,0,0,4.631075532564506e-09,1.208059804728413e-10,5.6313554127599166e-12,0,0,128,-0.07277950771728706,-0.0009998630483509195,-0.0026623108019038443,improved
zalesak,circular+corner,1.28,0.0,0,9,1.3153957318835185e-08,0.0020773288649679,0.0089577672153543,0,0,1.3153957318835185e-08,1.6472176617794935e-10,1.724633105899541e-11,0,0,128,0.0,-0.002077328700246134,-0.00895776719810797,stable
zalesak,circular+corner,1.28,0.0,0,10,9.8398587056181e-09,4.53810397257899e-10,0.010136445583266,0,0,9.8398587056181e-09,4.4443103364503007e-10,8.594363389223004e-12,0,0,128,0.0,-9.379363612868919e-12,-0.010136445574671638,stable
zalesak,circular+corner,1.28,0.0,0,11,1.9772276460234583e-08,0.0010934792706751,0.0112790315839618,0,0,1.9772276460234583e-08,2.9961930254476395e-10,2.5085394932404576e-11,0,0,128,0.0,-0.0010934789710557976,-0.011279031558876404,stable
zalesak,circular+corner,1.28,0.0,0,12,4.481680804246935e-09,4.127407866882668e-10,0.0100752739752948,0,0,4.481680804246935e-09,3.488380857685337e-10,3.616181937269008e-12,0,0,128,0.0,-6.390270091973306e-11,-0.010075273971678619,stable
zalesak,circular+corner,1.28,0.0,0,13,3.5678464627153512e-09,0.0011896074811626,0.0075650248136771,0,0,3.5678464627153512e-09,2.4305789993418924e-10,2.4115690331698386e-12,0,0,128,0.0,-0.0011896072381047,-0.0075650248112655305,stable
zalesak,circular+corner,1.28,0.0,0,14,1.1442573111253296e-08,3.2012203613848905e-10,0.0048430867627891,0,0,1.1442573111253296e-08,3.0838201199553004e-10,4.5302349449020454e-14,0,0,128,0.0,-1.1740024142959005e-11,-0.004843086762743798,stable
zalesak,circular+corner,1.28,0.0,0,15,1.7548380526477556e-09,0.0018488144884225,0.0065265928875177,0,0,1.7548380526477556e-09,1.4900209335834083e-10,3.714011579829177e-13,0,0,128,0.0,-0.0018488143394204066,-0.0065265928871462995,stable
zalesak,circular+corner,1.28,0.0,0,16,1.5256667040830507e-09,1.786841498930111e-10,0.0051089061749336,0,0,1.5256667040830507e-09,1.6588799885612323e-10,8.511764708977593e-13,0,0,128,0.0,-1.2796151036887866e-11,-0.005108906174082423,stable
zalesak,circular+corner,1.28,0.0,0,17,3.563105366310992e-09,2.5341724702900556e-10,0.010350856929623,0,0,3.563105366310992e-09,2.4446924649091047e-10,4.0088673887430596e-12,0,0,128,0.0,-8.94800053809509e-12,-0.010350856925614133,stable
zalesak,circular+corner,1.28,0.0,0,18,5.92902260621031e-09,2.553518551547165e-10,0.0060701705923364,0,0,5.92902260621031e-09,2.4940008715388355e-10,1.5123564503563078e-12,0,0,128,0.0,-5.9517680008329214e-12,-0.006070170590824044,stable
zalesak,circular+corner,1.28,0.0,0,19,1.4328276631617366e-09,1.925023874303739e-10,0.0050970230861854,0,0,1.4328276631617366e-09,1.8348212606607578e-10,2.741768485403863e-12,0,0,128,0.0,-9.020261364298123e-12,-0.005097023083443631,stable
zalesak,circular+corner,1.28,0.0,0,20,2.1234125568980744e-09,2.2671319127560223e-10,0.0095822027006814,0,0,2.1234125568980744e-09,2.2042952434205042e-10,2.59121628098492e-13,0,0,128,0.0,-6.283666933551813e-12,-0.009582202700422279,stable
zalesak,circular+corner,1.28,0.0,0,21,0.9528244538957304,0.0084340325992173,0.0099236300206739,0,0,1.6620901860613842e-08,2.9797192499587526e-10,7.999379515209362e-12,0,0,128,-0.9528244372748286,-0.008434032301245375,-0.00992363001267452,improved
zalesak,circular+corner,1.28,0.0,0,22,5.342956299614343e-09,0.0006737114160285,0.0025698145069171,0,0,5.342956299614343e-09,3.4598443032268064e-10,7.590096220187177e-13,0,0,128,0.0,-0.0006737110700440696,-0.0025698145061580904,stable
zalesak,circular+corner,1.28,0.0,0,23,0.4323954099039049,0.0045249053339692,0.0038956867257164,0,0,3.4626683742544632e-09,2.356260234714587e-10,9.808349193208178e-13,0,0,128,-0.43239540644123653,-0.004524905098343176,-0.003895686724735565,improved
zalesak,circular+corner,1.28,0.0,0,24,5.96565357113832e-08,1.2338993669228382e-09,0.0055004628858307,0,0,5.96565357113832e-08,1.2078842604744943e-09,8.123179901203669e-14,0,0,128,0.0,-2.601510644834392e-11,-0.005500462885749468,stable
zalesak,circular+corner,1.28,0.05,0,0,0.8057554457926396,0.0093413963521421,0.0062358467577595,0,0,2.357017692133922e-09,3.2968090582164687e-10,3.768686829164201e-14,0,0,128,-0.8057554434356219,-0.009341396022461194,-0.006235846757721813,improved
zalesak,circular+corner,1.28,0.05,0,1,1.1915142650309464e-08,4.279901326754671e-10,0.0047626686482157,0,0,1.1915142650309464e-08,4.1222226108132285e-10,6.477064358724175e-13,0,0,128,0.0,-1.5767871594144246e-11,-0.0047626686475679934,stable
zalesak,circular+corner,1.28,0.05,0,2,1.7031016597002235e-09,0.0012834894040151,0.006723116440462,0,0,1.7031016597002235e-09,1.2727644725098924e-10,1.9118763079972383e-12,0,0,128,0.0,-0.001283489276738653,-0.006723116438550124,stable
zalesak,circular+corner,1.28,0.05,0,3,6.769486304847305e-09,0.0009419120225849,0.0021587895649119,0,0,6.769486304847305e-09,2.2408118607703155e-10,1.641233823788866e-12,0,0,128,0.0,-0.0009419117985037139,-0.002158789563270666,stable
zalesak,circular+corner,1.28,0.05,0,4,8.176765931011687e-09,0.0004983075312039,0.0055489358504662,0,0,8.176765931011687e-09,3.745066900973563e-10,3.671052455351658e-13,0,0,128,0.0,-0.0004983071566972099,-0.005548935850099094,stable
zalesak,circular+corner,1.28,0.05,0,5,1.4399358150285481e-08,0.0028648496556235,0.0067084382349343,0,0,1.4399358150285481e-08,3.088811823748155e-10,1.4795513007552929e-12,0,0,128,0.0,-0.0028648493467423176,-0.006708438233454748,stable
zalesak,circular+corner,1.28,0.05,0,6,0.3146657845885912,0.0081052446773853,0.0060158567357556,0,0,3.0857254529337293e-09,1.7059964450284517e-10,1.0812030556001133e-12,0,0,128,-0.3146657815028657,-0.008105244506785656,-0.006015856734674397,improved
zalesak,circular+corner,1.28,0.05,0,7,0.0620788296868866,0.0003041481423956,0.0083202410207379,0,0,3.182643482091407e-09,2.6827138987053334e-10,1.5394988062761949e-12,0,0,128,-0.062078826504243116,-0.00030414787412421014,-0.0083202410191984,improved
zalesak,circular+corner,1.28,0.05,0,8,0.077806754530588,0.0005215224217249,0.0021282753843611,0,0,3.0775060470675252e-09,1.3565236272845883e-10,1.2057845165849193e-12,0,0,128,-0.07780675145308195,-0.0005215222860725373,-0.0021282753831553154,improved
zalesak,circular+corner,1.28,0.05,0,9,1.0070127842709551e-08,0.0015779528037142,0.0079396544661687,0,0,1.0070127842709551e-08,3.87446736932696e-10,3.703271798709797e-12,0,0,128,0.0,-0.001577952416267463,-0.007939654462465428,stable
zalesak,circular+corner,1.28,0.05,0,10,1.6556468333873474e-08,3.828361825917126e-10,0.0105959346335795,0,0,1.6556468333873474e-08,3.7534596050961005e-10,2.1458082676520935e-11,0,0,128,0.0,-7.490222082102565e-12,-0.010595934612121417,stable
zalesak,circular+corner,1.28,0.05,0,11,0.2581178702894584,0.0017832716383463,0.0103181634568945,0,0,7.63325935793091e-09,3.7636403797517047e-10,3.327184190783877e-12,0,0,128,-0.258117862656199,-0.001783271261982262,-0.010318163453567316,improved
zalesak,circular+corner,1.28,0.05,0,12,5.982105477642108e-09,2.8708444793981076e-10,0.0111394266863235,0,0,5.982105477642108e-09,2.5878952063000947e-10,4.91686706519972e-13,0,0,128,0.0,-2.8294927309801287e-11,-0.011139426685831814,stable
zalesak,circular+corner,1.28,0.05,0,13,3.6387621804578885e-09,2.367529863677964e-10,0.0047470867768568,0,0,3.6387621804578885e-09,2.2337723744104188e-10,9.0799967645666e-14,0,0,128,0.0,-1.3375748926754506e-11,-0.004747086776766001,stable
zalesak,circular+corner,1.28,0.05,0,14,1.729216902218205e-08,2.4640942944520663e-10,0.0046625452169133,0,0,1.729216902218205e-08,2.3453052153998247e-10,1.5639464534788562e-11,0,0,128,0.0,-1.1878907905224158e-11,-0.004662545201273836,stable
zalesak,circular+corner,1.28,0.05,0,15,8.795531919690233e-09,4.731556880850889e-10,0.0064419233168268,0,0,8.795531919690233e-09,4.13659169865556e-10,4.8662924595648216e-12,0,0,128,0.0,-5.949651821953288e-11,-0.006441923311960507,stable
zalesak,circular+corner,1.28,0.05,0,16,1.0835192298941363e-08,4.728429665663743e-10,0.0069340735697909,0,0,1.0835192298941363e-08,4.6195254460792136e-10,4.842664941102186e-14,0,0,128,0.0,-1.089042195845294e-11,-0.0069340735697424735,stable
zalesak,circular+corner,1.28,0.05,0,17,9.626682048681196e-09,3.670831010927496e-10,0.0110093675394811,0,0,9.626682048681196e-09,4.370091710403582e-10,1.1797161387769699e-11,0,0,128,0.0,6.992606994760861e-11,-0.011009367527683937,stable
zalesak,circular+corner,1.28,0.05,0,18,1.5590025270739716e-08,5.164214974953049e-10,0.006440171826795,0,0,1.5590025270739716e-08,5.04936242193297e-10,6.06973375117824e-12,0,0,128,0.0,-1.1485255302007866e-11,-0.006440171820725266,stable
zalesak,circular+corner,1.28,0.05,0,19,9.297432157495678e-09,2.0967469201855372e-10,0.0044783175002251,0,0,9.297432157495678e-09,2.0450832114959412e-10,5.055507876013532e-13,0,0,128,0.0,-5.166370868959597e-12,-0.0044783174997195495,stable
zalesak,circular+corner,1.28,0.05,0,20,8.766587533392793e-09,1.572363195964551e-10,0.0096662420044604,0,0,8.766587533392793e-09,1.3826696969567074e-10,9.43655749773001e-12,0,0,128,0.0,-1.896934990078435e-11,-0.009666241995023842,stable
zalesak,circular+corner,1.28,0.05,0,21,0.9832304846568272,0.0118543725134607,0.0105888996845304,0,0,6.400581594274233e-09,2.6744900291901686e-10,3.136797161849416e-12,0,0,128,-0.9832304782562455,-0.011854372246011697,-0.010588899681393604,improved
zalesak,circular+corner,1.28,0.05,0,22,2.998056558567441e-08,6.664134676545869e-10,0.0029608450718174,0,0,2.998056558567441e-08,6.480431115467524e-10,1.6617370422895002e-12,0,0,128,0.0,-1.8370356107834453e-11,-0.0029608450701556627,stable
zalesak,circular+corner,1.28,0.05,0,23,0.2512390813945734,0.0009484881330848,0.0051816938197457,0,0,7.370225318936718e-09,6.010604450255679e-10,5.609290044278282e-12,0,0,128,-0.2512390740243481,-0.0009484875320243549,-0.00518169381413641,improved
zalesak,circular+corner,1.28,0.05,0,24,0.8187926187831209,0.0112119144858924,0.0039338881761791,0,0,2.84966539254583e-09,2.8180726793041176e-10,4.171330986767133e-12,0,0,128,-0.8187926159334555,-0.01121191420408513,-0.003933888172007769,improved
zalesak,circular+corner,1.28,0.1,0,0,5.689253512741743e-09,4.0779619204705086e-10,0.0074753899270181,0,0,5.689253512741743e-09,3.9961684968502476e-10,1.0651910182948558e-12,0,0,128,0.0,-8.179342362026102e-12,-0.007475389925952909,stable
zalesak,circular+corner,1.28,0.1,0,1,4.223762672950215e-09,2.8722245807253503e-10,0.0052787705078124,0,0,4.223762672950215e-09,2.727315819983806e-10,1.3083006090880906e-13,0,0,128,0.0,-1.449087607415445e-11,-0.00527877050768157,stable
zalesak,circular+corner,1.28,0.1,0,2,0.5482539945930417,0.0026422889384345,0.0062651911738564,0,0,1.3981208014565374e-09,1.2492233604427743e-10,3.209046598470699e-12,0,0,128,-0.5482539931949209,-0.002642288813512164,-0.006265191170647353,improved
zalesak,circular+corner,1.28,0.1,0,3,3.279894630122791e-09,2.0659419077765582e-10,0.002680848106533,0,0,3.279894630122791e-09,1.8387169187186988e-10,4.3072380351141944e-12,0,0,128,0.0,-2.272249890578594e-11,-0.0026808481022257617,stable
zalesak,circular+corner,1.28,0.1,0,4,6.19075083936289e-09,2.4873987784847577e-10,0.0050017243546629,0,0,6.19075083936289e-09,2.4121474306009316e-10,8.475054184424077e-12,0,0,128,0.0,-7.525134788382605e-12,-0.005001724346187846,stable
zalesak,circular+corner,1.28,0.1,0,5,0.2126633598090865,0.0053855374294497,0.0065150063868403,0,0,1.6494627885776934e-09,1.9469619537879575e-10,1.8886393270298527e-12,0,0,128,-0.2126633581596237,-0.005385537234753504,-0.00651500638495166,improved
zalesak,circular+corner,1.28,0.1,0,6,0.3097115051423902,0.0063238261103943,0.007050054624451,0,0,1.4995347186186334e-09,1.3063916595018188e-10,1.572108687129585e-12,0,0,128,-0.3097115036428555,-0.006323825979755134,-0.007050054622878891,improved
zalesak,circular+corner,1.28,0.1,0,7,0.0573832755336831,0.0002813727342145,0.0076578420230624,0,0,4.130029651605582e-09,2.1212279458595108e-10,4.5567914945790566e-12,0,0,128,-0.05738327140365345,-0.00028137252209170543,-0.007657842018505608,improved
zalesak,circular+corner,1.28,0.1,0,8,0.0833416408285591,0.0004102167974405,0.0037750535628632,0,0,2.1315729370444276e-09,1.3910635795408856e-10,2.7630527788949976e-13,0,0,128,-0.08334163869698617,-0.00041021665833414206,-0.0037750535625868946,improved
zalesak,circular+corner,1.28,0.1,0,9,0.4606450217883253,0.004521879560916,0.0075836686650411,0,0,1.2072733923673697e-08,5.078171500621161e-10,8.92651552893328e-12,0,0,128,-0.46064500971559136,-0.0045218790530988495,-0.0075836686561145845,improved
zalesak,circular+corner,1.28,0.1,0,10,7.926542482368976e-09,0.0037914207580465,0.0113116275068767,0,0,1.070476717830818e-08,1.612559908662992e-08,7.717801981133984e-12,0,0,128,2.778224695939204e-09,-0.0037914046324474134,-0.011311627499158898,worsened
zalesak,circular+corner,1.28,0.1,0,11,0.2646998527019952,0.0017869720772853,0.0106604562317048,0,0,1.9581634846270093e-09,1.3600658240083659e-10,1.4610007697309098e-12,0,0,128,-0.26469985074383173,-0.0017869719412787178,-0.010660456230243798,improved
zalesak,circular+corner,1.28,0.1,0,12,2.1409245931636175e-08,6.726222210408459e-10,0.0116763263638007,0,0,2.1409245931636175e-08,6.514845692028703e-10,2.0589136749589296e-12,0,0,128,0.0,-2.1137651837975538e-11,-0.011676326361741787,stable
zalesak,circular+corner,1.28,0.1,0,13,0.1860525533677437,0.0019264826772452,0.0049906713129383,0,0,1.0752617356531948e-08,5.192104636900193e-10,6.612580869575985e-12,0,0,128,-0.18605254261512635,-0.0019264821580347363,-0.004990671306325719,improved
zalesak,circular+corner,1.28,0.1,0,14,1.8050858585638707e-09,1.570722681687885e-10,0.0058363581986148,0,0,1.8050858585638707e-09,1.4721380068188292e-10,1.5764045995773366e-12,0,0,128,0.0,-9.858467486905579e-12,-0.005836358197038395,stable
zalesak,circular+corner,1.28,0.1,0,15,1.1662302633154316e-08,3.3231519263835747e-10,0.0065928525961037,0,0,1.1662302633154316e-08,3.0926980191013575e-10,1.3627220090512029e-11,0,0,128,0.0,-2.3045390728221715e-11,-0.00659285258247648,stable
zalesak,circular+corner,1.28,0.1,0,16,3.958318117724957e-09,2.3250828341083306e-10,0.0076903149740759,0,0,3.958318117724957e-09,2.26477505234675e-10,6.73286641811304e-13,0,0,128,0.0,-6.030778176158064e-12,-0.007690314973402613,stable
zalesak,circular+corner,1.28,0.1,0,17,0.0564519791325075,1.7865339341076604e-10,0.0131647185206661,0,0,1.5392256159191714e-09,1.971176225771601e-10,2.9212204644713186e-12,0,0,128,-0.05645197759328188,1.846422916639406e-11,-0.013164718517744879,improved
zalesak,circular+corner,1.28,0.1,0,18,1.6294745170943957e-08,6.028103264774974e-10,0.0070886695270832,0,0,1.6294745170943957e-08,5.906260332378388e-10,3.972937939180044e-12,0,0,128,0.0,-1.2184293239658593e-11,-0.007088669523110261,stable
zalesak,circular+corner,1.28,0.1,0,19,2.437065660387816e-09,2.1394323622315347e-10,0.0048548608809252,0,0,2.437065660387816e-09,2.0754693257689128e-10,5.649124868793802e-13,0,0,128,0.0,-6.396303646262193e-12,-0.004854860880360287,stable
zalesak,circular+corner,1.28,0.1,0,20,1.6286390376411995e-08,3.8486081110887365e-10,0.009463122620499,0,0,1.6286390376411995e-08,1.53836965483301e-10,1.7393758963452352e-11,0,0,128,0.0,-2.3102384562557264e-10,-0.009463122603105242,stable
zalesak,circular+corner,1.28,0.1,0,21,5.9579114974894765e-09,0.0007141385781525,0.0104575995871736,0,0,5.9579114974894765e-09,3.3995755298637324e-10,1.9712380072752648e-12,0,0,128,0.0,-0.000714138238194947,-0.010457599585202362,stable
zalesak,circular+corner,1.28,0.1,0,22,3.248574341351003e-09,5.952868082456645e-10,0.0052350775536609,0,0,3.248574341351003e-09,4.751562189050244e-10,1.88239072710585e-12,0,0,128,0.0,-1.2013058934064009e-10,-0.0052350775517785095,stable
zalesak,circular+corner,1.28,0.1,0,23,0.244365848379343,0.0007665727498791,0.0061122232721705,0,0,1.6289213533582373e-08,4.2153455310368205e-10,2.140145473970966e-13,0,0,128,-0.24436583209012946,-0.0007665723283445468,-0.006112223271956485,improved
zalesak,circular+corner,1.28,0.1,0,24,0.7223138854172824,0.0171750731806042,0.0041781463986344,0,0,0.000678665696812,0.0001974385024241,4.1080639125366036e-12,2,0,128,-0.7216352197204704,-0.0169776346781801,-0.004178146394526337,improved
zalesak,circular+corner,1.28,0.2,0,0,0.8754131036718359,0.0071734152596551,0.0054366909695237,0,0,6.993649823177108e-09,3.387016815331595e-10,4.9184292151807195e-12,0,0,128,-0.8754130966781861,-0.007173414920953419,-0.005436690964605271,improved
zalesak,circular+corner,1.28,0.2,0,1,0.2224811739512683,0.0016739300900493,0.0069192768720347,0,0,4.9040682625900445e-09,7.688646936584555e-10,2.274880909832277e-13,0,0,128,-0.22248116904720003,-0.0016739293211846063,-0.006919276871807212,improved
zalesak,circular+corner,1.28,0.2,0,2,1.727318732491767e-09,1.6626087057475427e-10,0.0064931488817004,0,0,1.727318732491767e-09,1.4192477399528343e-10,8.197382025301201e-13,0,0,128,0.0,-2.4336096579470843e-11,-0.006493148880880662,stable
zalesak,circular+corner,1.28,0.2,0,3,0.2587723825008368,0.0114876892236975,0.0035923089989336,0,0,3.8972469695863765e-09,2.863657481641887e-10,2.309248209414293e-12,0,0,128,-0.2587723786035898,-0.011487688937331752,-0.003592308996624352,improved
zalesak,circular+corner,1.28,0.2,0,4,8.292277087207367e-09,0.0003070753536372,0.0073294294232456,0,0,8.292277087207367e-09,2.2954433507715834e-10,1.7771408721359273e-12,0,0,128,0.0,-0.0003070751240928649,-0.007329429421468459,stable
zalesak,circular+corner,1.28,0.2,0,5,2.244530854511595e-07,3.4805395571198404e-09,0.0073856290256363,0,0,2.244530854511595e-07,2.286404233541649e-09,3.8176992848180985e-12,0,0,128,0.0,-1.1941353235781914e-09,-0.0073856290218186,stable
zalesak,circular+corner,1.28,0.2,0,6,4.425132444041027e-09,0.0021049808977958,0.0076261404529464,0,0,4.425132444041027e-09,2.1344577631006435e-10,3.33343279070788e-12,0,0,128,0.0,-0.002104980684350024,-0.0076261404496129675,stable
zalesak,circular+corner,1.28,0.2,0,7,8.055277334051425e-09,0.0049971505320503,0.00975984108228,0,0,8.055277334051425e-09,0.0049357101555967,2.132139455318338e-12,0,0,128,0.0,-6.144037645360034e-05,-0.00975984108014786,stable
zalesak,circular+corner,1.28,0.2,0,8,1.5718988777280174e-08,4.5307480424564956e-10,0.0056757072216221,0,0,1.5718988777280174e-08,4.4443837419939093e-10,1.304395234135589e-12,0,0,128,0.0,-8.63643004625863e-12,-0.005675707220317705,stable
zalesak,circular+corner,1.28,0.2,0,9,0.2561790229852918,0.0015382805739331,0.007956185175728,0,0,5.468768549121705e-09,4.4656358442705707e-10,7.861519779386049e-13,0,0,128,-0.2561790175165233,-0.0015382801273695155,-0.007956185174941847,improved
zalesak,circular+corner,1.28,0.2,0,10,3.959848517730901e-09,7.411921339554028e-05,0.0150415309440983,0,0,3.959848517730901e-09,3.0746016782181546e-10,6.121284700551263e-12,0,0,128,0.0,-7.411890593537245e-05,-0.015041530937977016,stable
zalesak,circular+corner,1.28,0.2,0,11,0.0899062070872622,0.0036106016410315,0.0098150875003529,2,0,1.2075661779024068e-08,6.543683585534389e-10,1.1902020705244373e-11,0,0,128,-0.08990619501160042,-0.0036106009866631416,-0.009815087488450879,improved
zalesak,circular+corner,1.28,0.2,0,12,6.961839105201761e-09,2.82947077086333e-10,0.0102055361138324,0,0,6.961839105201761e-09,2.690682618745792e-10,3.3363618219222564e-12,0,0,128,0.0,-1.3878815211753845e-11,-0.010205536110496037,stable
zalesak,circular+corner,1.28,0.2,0,13,4.637476663219526e-09,2.3572726013238697e-10,0.0063430099783758,0,0,4.637476663219526e-09,2.263416073802988e-10,5.011181870302637e-12,0,0,128,0.0,-9.385652752088178e-12,-0.006343009973364618,stable
zalesak,circular+corner,1.28,0.2,0,14,2.7019083763951383e-09,2.0052639941988507e-10,0.0063365405627799,0,0,2.7019083763951383e-09,1.8725341075298659e-10,1.8527098774668364e-12,0,0,128,0.0,-1.3272988666898487e-11,-0.00633654056092719,stable
zalesak,circular+corner,1.28,0.2,0,15,0.009214638691585,0.0011487337698142,0.0064466670205884,0,0,2.1785785395827233,0.0276379198737559,1.502309873290997e-09,0,0,128,2.1693639008911383,0.0264891861039417,-0.006446665518278526,worsened
zalesak,circular+corner,1.28,0.2,0,16,5.0696371545200244e-09,2.5363086731087344e-10,0.0077768084609103,0,0,5.0696371545200244e-09,2.461479357597108e-10,6.796133492343568e-12,0,0,128,0.0,-7.48293155116267e-12,-0.007776808454114167,stable
zalesak,circular+corner,1.28,0.2,0,17,0.1333300375573216,0.0032004945396021,0.0114902649378246,0,0,7.161359505403197e-09,3.7511173959644785e-10,2.2092706106302474e-12,0,0,128,-0.13333003039596208,-0.0032004941644903605,-0.011490264935615328,improved
zalesak,circular+corner,1.28,0.2,0,18,9.730568351073998e-09,5.13839428906434e-10,0.0077978515831816,0,0,9.730568351073998e-09,5.018522757751979e-10,2.064576468640057e-12,0,0,128,0.0,-1.1987153131236166e-11,-0.007797851581117023,stable
zalesak,circular+corner,1.28,0.2,0,19,0.0775124910650788,0.0009495234291558,0.0064098597098707,0,0,0.0775124910650788,0.0009343915727452,2.275466716075152e-11,0,0,128,0.0,-1.5131856410599922e-05,-0.006409859687116033,stable
zalesak,circular+corner,1.28,0.2,0,20,8.292943221022142e-09,5.119773789736002e-10,0.0048453741100532,0,0,8.292943221022142e-09,4.984832798847736e-10,2.6406192741340672e-12,0,0,128,0.0,-1.3494099088826626e-11,-0.00484537410741258,stable
zalesak,circular+corner,1.28,0.2,0,21,0.4581148212299706,0.0017907678933445,0.0059033898121368,0,0,3.158325156960018e-09,2.0891940795621824e-10,1.6558789798607477e-13,0,0,128,-0.45811481807164545,-0.0017907676844250919,-0.005903389811971212,improved
zalesak,circular+corner,1.28,0.2,0,22,0.2115693984812038,0.0014859802317143,0.0065784025739339,1,0,0.0675514835581605,0.0003862051050979,2.655459698953574e-12,1,0,128,-0.14401791492304328,-0.0010997751266164,-0.00657840257127844,improved
zalesak,circular+corner,1.28,0.2,0,23,5.719671847259633e-09,2.4502589100332596e-10,0.0058842639732141,0,0,5.719671847259633e-09,2.335279334263351e-10,2.4404688078183517e-12,0,0,128,0.0,-1.1497957576990882e-11,-0.0058842639707736314,stable
zalesak,circular+corner,1.28,0.2,0,24,1.2168953243373686,0.0572070683050808,0.0028290028165675,2,0,3.5538132436840893e-09,2.513435810784627e-10,5.40113355930994e-13,0,0,128,-1.2168953207835553,-0.05720706805373722,-0.0028290028160273865,improved
zalesak,circular+corner,1.28,0.3,0,0,0.0069690238584261,0.0039271556570426,0.0064280701234526,2,0,3.80236819808033e-09,3.9832603149415465e-10,3.96434611428454e-12,0,0,128,-0.006969020056057902,-0.003927155258716568,-0.006428070119488254,improved
zalesak,circular+corner,1.28,0.3,0,1,0.3424427975929073,0.0060652384400799,0.0073268481188298,2,0,0.3424427975929073,3.5301448001344857e-10,1.8005731218509378e-12,2,0,128,0.0,-0.0060652380870654206,-0.007326848117029227,stable
zalesak,circular+corner,1.28,0.3,0,2,6.469773939526856e-07,6.641455235049107e-09,0.0076036888360434,0,0,6.469773939526856e-07,6.532231710260381e-09,1.2908679916438606e-09,0,0,128,0.0,-1.0922352478872571e-10,-0.007603687545175409,stable
zalesak,circular+corner,1.28,0.3,0,3,0.2420783953776357,0.0048769786179036,0.0042699477635175,0,0,6.832082216683661e-09,2.5826978127920455e-10,6.419264809427148e-12,0,0,128,-0.2420783885455535,-0.004876978359633819,-0.004269947757098235,improved
zalesak,circular+corner,1.28,0.3,0,4,1.9798044093022327e-08,8.718124494498752e-10,0.0089260296129577,0,0,1.9798044093022327e-08,8.563891980625542e-10,2.2498865101362658e-12,0,0,128,0.0,-1.5423251387320995e-11,-0.008926029610707814,stable
zalesak,circular+corner,1.28,0.3,0,5,0.125822773653411,0.0051829750990467,0.0086487341441548,0,0,2.797183695273969e-09,2.0531340832537942e-10,2.157524392509599e-12,0,0,128,-0.12582277085622728,-0.005182974893733291,-0.008648734141997275,improved
zalesak,circular+corner,1.28,0.3,0,6,0.012711395262773,7.403132438143668e-05,0.0072817810211153,0,0,1.684171595323782,0.0186680621142662,1.587732139627068e-10,0,0,128,1.6714602000610088,0.018594030789884763,-0.007281780862342086,worsened
zalesak,circular+corner,1.28,0.3,0,7,0.1412346178034198,0.0109044054884121,0.0113185481604564,0,0,2.041274222600681e-09,0.0053623260086963,8.142706775966176e-13,0,0,128,-0.14123461576214558,-0.005542079479715799,-0.011318548159642129,improved
zalesak,circular+corner,1.28,0.3,0,8,0.5761853805983197,0.0113850916103398,0.0049621254933179,0,0,2.0597559213797467e-08,6.018946523518109e-10,5.694036680747572e-13,0,0,128,-0.5761853600007605,-0.011385091008445147,-0.004962125492748496,improved
zalesak,circular+corner,1.28,0.3,0,9,0.2682457888597823,0.0016126733777751,0.006399482346831,0,0,1.860574077028332e-07,1.6719993609003975e-09,1.3852364956523753e-12,0,0,128,-0.2682456028023746,-0.0016126717057757393,-0.006399482345445764,improved
zalesak,circular+corner,1.28,0.3,0,10,7.797854806312898e-09,5.353087672762921e-10,0.0158670649043557,0,0,7.797854806312898e-09,5.115369166490829e-10,3.406072764824413e-12,0,0,128,0.0,-2.3771850627209267e-11,-0.015867064900949628,stable
zalesak,circular+corner,1.28,0.3,0,11,5.444535558605432e-09,1.913018694548608e-10,0.0073828363267184,0,0,5.444535558605432e-09,1.7690385951123328e-10,6.912708934675746e-12,0,0,128,0.0,-1.439800994362751e-11,-0.007382836319805691,stable
zalesak,circular+corner,1.28,0.3,0,12,3.674818671584034e-09,2.5545909544986467e-10,0.0098270327252021,0,0,3.674818671584034e-09,2.4558044612707227e-10,9.8552136926382e-13,0,0,128,0.0,-9.878649322792407e-12,-0.009827032724216579,stable
zalesak,circular+corner,1.28,0.3,0,13,1.1755290592096045e-07,0.0056792973238105,0.0057708538988763,2,0,1.4354061020271297e-08,6.067088168656025e-10,1.0366232005173057e-11,0,0,128,-1.0319884490068916e-07,-0.005679296717101683,-0.005770853888510068,improved
zalesak,circular+corner,1.28,0.3,0,14,1.03021222801805e-08,0.0010589046069269,0.007526820768586,0,0,1.03021222801805e-08,3.5496794273585665e-10,8.887852316903512e-12,0,0,128,0.0,-0.0010589042519589572,-0.007526820759698147,stable
zalesak,circular+corner,1.28,0.3,0,15,3.755067189169662e-09,0.0042694063684597,0.0090593236264198,0,0,3.734352896506822e-09,2.140945885633268e-10,2.969451845134716e-12,0,0,128,-2.071429266283988e-11,-0.004269406154365112,-0.00905932362345035,stable
zalesak,circular+corner,1.28,0.3,0,16,1.2940812865736007e-09,0.0009437586972281,0.0094674814334976,0,0,1.2940812865736007e-09,1.244523954206243e-10,2.9757004450587185e-12,0,0,128,0.0,-0.0009437585727757045,-0.0094674814305219,stable
zalesak,circular+corner,1.28,0.3,0,17,1.4127934377938802e-09,0.0013624656350799,0.009565642529515,0,0,1.4127934377938802e-09,1.2733083905961707e-10,1.357117795994363e-13,0,0,128,0.0,-0.0013624655077490609,-0.009565642529379288,stable
zalesak,circular+corner,1.28,0.3,0,18,1.4412435689337142e-09,1.666974822810045e-10,0.0085135346011934,0,0,1.4412435689337142e-09,1.6110781808428696e-10,9.003841952992816e-13,0,0,128,0.0,-5.5896641967175505e-12,-0.008513534600293016,stable
zalesak,circular+corner,1.28,0.3,0,19,4.752651362450923e-09,2.3520860968927495e-10,0.0049226833663346,0,0,4.752651362450923e-09,2.2224203640664852e-10,8.147197957161554e-12,0,0,128,0.0,-1.2966573282626432e-11,-0.004922683358187402,stable
zalesak,circular+corner,1.28,0.3,0,20,1.8031940385299094e-09,1.6570358820261568e-10,0.0046935746542247,0,0,1.8031940385299094e-09,1.6135237327008702e-10,5.709658180557577e-13,0,0,128,0.0,-4.351214932528661e-12,-0.004693574653653734,stable
zalesak,circular+corner,1.28,0.3,0,21,0.321226981164326,0.0074747443729431,0.0051806031103045,0,0,3.475923548990067e-09,2.4614509473392215e-10,1.5713276121390845e-12,0,0,128,-0.32122697768840247,-0.0074747441267980054,-0.005180603108733172,improved
zalesak,circular+corner,1.28,0.3,0,22,0.8817731371572378,0.0211399122608377,0.007759218608178,3,0,0.0737195072674357,0.0005215399483562,2.2450047914456384e-12,1,0,128,-0.8080536298898021,-0.0206183723124815,-0.007759218605932996,improved
zalesak,circular+corner,1.28,0.3,0,23,7.1776316324633085e-09,2.7631947197555685e-10,0.0057243191634496,0,0,7.1776316324633085e-09,2.6704623399996036e-10,7.179641312679241e-12,0,0,128,0.0,-9.273237975596497e-12,-0.005724319156269958,stable
zalesak,circular+corner,1.28,0.3,0,24,1.27050444959693e-08,2.3061857410214444e-10,0.0065218176296834,0,0,1.27050444959693e-08,2.2002379261768091e-10,9.436752766477636e-12,0,0,128,0.0,-1.0594781484463528e-11,-0.0065218176202466475,stable
zalesak,circular+corner,1.5,0.0,0,0,6.6119909547524e-09,2.5227979589963527e-10,0.0010656577822567,0,0,6.6119909547524e-09,2.4671528235933895e-10,8.390698085450038e-13,0,0,150,0.0,-5.564513540296326e-12,-0.00106565778141763,stable
zalesak,circular+corner,1.5,0.0,0,1,3.936158652240684e-09,0.0014613834302832,0.0077853712084206,0,0,3.936158652240684e-09,2.4839126354802935e-10,2.2645316662081473e-12,0,0,150,0.0,-0.0014613831818919365,-0.007785371206156069,stable
zalesak,circular+corner,1.5,0.0,0,2,0.5849263074031175,0.0034128388003979,0.0063622364894174,0,0,3.1324542959509927e-09,2.589823130826684e-10,1.058747149623228e-12,0,0,150,-0.5849263042706632,-0.003412838541415587,-0.006362236488358653,improved
zalesak,circular+corner,1.5,0.0,0,3,5.968641636491891e-09,2.991021932069228e-10,0.0067485385558469,0,0,5.968641636491891e-09,2.9423083321937733e-10,6.645386019177e-12,0,0,150,0.0,-4.871359987545466e-12,-0.006748538549201514,stable
zalesak,circular+corner,1.5,0.0,0,4,1.6368164009722284e-09,1.634505686954952e-10,0.0064762103677536,0,0,1.6368164009722284e-09,1.4698906704217234e-10,3.613252906054631e-12,0,0,150,0.0,-1.6461501653322855e-11,-0.006476210364140347,stable
zalesak,circular+corner,1.5,0.0,0,5,1.0742660094820167e-09,1.2620927115894839e-10,0.0086143319915994,0,0,1.0742660094820167e-09,1.2185911476744028e-10,7.793175717717268e-13,0,0,150,0.0,-4.350156391508102e-12,-0.008614331990820082,stable
zalesak,circular+corner,1.5,0.0,0,6,0.1863424122587172,0.0029256518218337,0.0079309036382836,0,0,5.2690347365854915e-09,2.48691559251328e-10,3.355107621694265e-12,0,0,150,-0.18634240698968246,-0.002925651573142141,-0.007930903634928491,improved
zalesak,circular+corner,1.5,0.0,0,7,2.388073738757157e-09,2.1795604195061878e-10,0.0056281198362917,0,0,2.388073738757157e-09,2.131545656646195e-10,4.645443506000847e-13,0,0,150,0.0,-4.8014762859992716e-12,-0.005628119835827156,stable
zalesak,circular+corner,1.5,0.0,0,8,0.0161756962697037,0.0008131242208484,0.0068850446427208,0,0,2.2492716416564e-09,1.668545736017968e-10,5.80143449194137e-12,0,0,150,-0.01617569402043206,-0.0008131240539938265,-0.006885044636919365,improved
zalesak,circular+corner,1.5,0.0,0,9,2.0983493366530853e-07,0.0009157293498252,0.0071763124004166,0,0,2.0983493366530853e-07,1.2279250360574915e-09,1.7089374039654364e-10,0,0,150,0.0,-0.0009157281219001639,-0.00717631222952286,stable
zalesak,circular+corner,1.5,0.0,0,10,4.620501314889225e-09,3.1118620621504916e-10,0.0070828598038414,0,0,4.620501314889225e-09,2.98309873221735e-10,2.792343091038761e-12,0,0,150,0.0,-1.287633299331414e-11,-0.007082859801049057,stable
zalesak,circular+corner,1.5,0.0,0,11,2.476635785342296e-09,2.1886306945168972e-10,0.0036247521235355,0,0,2.476635785342296e-09,2.098128701534889e-10,1.0599187621089785e-12,0,0,150,0.0,-9.05019929820081e-12,-0.0036247521224755815,stable
zalesak,circular+corner,1.5,0.0,0,12,0.0164177059643417,0.0046490431627126,0.0052647254647606,0,0,9.477183482431428e-09,5.906305849438494e-10,6.029898926662722e-13,0,0,150,-0.01641769648715822,-0.0046490425720820145,-0.00526472546415761,improved
zalesak,circular+corner,1.5,0.0,0,13,9.995064331747017e-09,0.0006685818905561,0.0067552978683818,0,0,9.995064331747017e-09,4.2761786707098777e-10,2.2313359791118827e-12,0,0,150,0.0,-0.0006685814629382329,-0.006755297866150464,stable
zalesak,circular+corner,1.5,0.0,0,14,2.594704895386712e-09,2.4212781258757904e-10,0.0030342077146961,0,0,2.594704895386712e-09,2.3883349828700275e-10,1.1597010921453985e-12,0,0,150,0.0,-3.2943143005762815e-12,-0.003034207713536399,stable
zalesak,circular+corner,1.5,0.0,0,15,8.726672717784821e-10,1.4699766936999355e-10,0.0048309012958828,0,0,8.726672717784821e-10,1.449272296223362e-10,2.7435259041324885e-13,0,0,150,0.0,-2.070439747657356e-12,-0.004830901295608448,stable
zalesak,circular+corner,1.5,0.0,0,16,1.4683231519541098e-07,1.3517145030819543e-09,0.0094458204040335,0,0,1.4683231519541098e-07,1.321948330385286e-09,7.451455409373365e-13,0,0,150,0.0,-2.976617269666824e-11,-0.009445820403288355,stable
zalesak,circular+corner,1.5,0.0,0,17,3.605257252570342e-09,0.000933845670485,0.0047361689337728,0,0,3.605257252570342e-09,2.1998555521973904e-10,2.3893083959405788e-12,0,0,150,0.0,-0.0009338454504994447,-0.004736168931383492,stable
zalesak,circular+corner,1.5,0.0,0,18,0.2253490121933771,0.0010536267580804,0.0024349697200381,0,0,0.2253490121933771,0.0010490118296108,9.08194945204285e-13,0,0,150,0.0,-4.6149284696000385e-06,-0.002434969719129905,stable
zalesak,circular+corner,1.5,0.0,0,19,0.1412246227365174,0.0002901968947193,0.0050389159286642,0,0,3.478024444308051e-09,1.6230106932490247e-10,2.1616250362097258e-12,0,0,150,-0.14122461925849294,-0.00029019673241823066,-0.005038915926502575,improved
zalesak,circular+corner,1.5,0.0,0,20,0.0527339134319309,0.0002609453350326,0.0062552492604675,0,0,0.0527339134319309,0.00025732108636,1.3431619386015976e-10,0,0,150,0.0,-3.624248672599959e-06,-0.0062552491261513065,stable
zalesak,circular+corner,1.5,0.0,0,21,8.871414686106992e-09,4.9529117081825185e-05,0.0039595002943515,0,0,8.871414686106992e-09,2.6442040323414025e-10,8.916556822804401e-12,0,0,150,0.0,-4.952885266142195e-05,-0.003959500285434943,stable
zalesak,circular+corner,1.5,0.0,0,22,1.4388793167565588e-07,1.985319415170007e-09,0.0066990946365564,0,0,1.4388793167565588e-07,1.9526898047838743e-09,1.2637871453794756e-10,0,0,150,0.0,-3.262961038613271e-11,-0.006699094510177685,stable
zalesak,circular+corner,1.5,0.0,0,23,1.0000773542628847e-08,3.7336800878318666e-10,0.005912009411989,0,0,1.0000773542628847e-08,3.6298961724713544e-10,6.853933041640594e-14,0,0,150,0.0,-1.0378391536051219e-11,-0.0059120094119204615,stable
zalesak,circular+corner,1.5,0.0,0,24,7.981752148111811e-09,3.4406616002590816e-10,0.0072288371360139,0,0,7.981752148111811e-09,3.345249721405397e-10,7.424117784705853e-13,0,0,150,0.0,-9.541187885368472e-12,-0.007228837135271488,stable
zalesak,circular+corner,1.5,0.05,0,0,3.351382282801296e-08,0.0024134353227479,0.000475532811972,0,0,3.351382282801296e-08,6.732967606867262e-10,1.1930920479892888e-13,0,0,150,0.0,-0.002413434649451139,-0.00047553281185269084,stable
zalesak,circular+corner,1.5,0.05,0,1,4.0741063855875845e-09,0.0014206477795299,0.0079402229970624,0,0,4.0741063855875845e-09,1.6128932364378908e-10,2.4863569635102474e-12,0,0,150,0.0,-0.0014206476182405763,-0.007940222994576043,stable
zalesak,circular+corner,1.5,0.05,0,2,0.568023436673851,0.0036388779927946,0.0062750580464742,0,0,5.027080973718512e-09,1.8007954736072224e-10,5.16095299973108e-13,0,0,150,-0.56802343164677,-0.003638877812715053,-0.006275058045958105,improved
zalesak,circular+corner,1.5,0.05,0,3,2.6987042520271392e-08,0.0023595332611393,0.0076028066393916,0,0,2.6987042520271392e-08,2.5341263066880565e-10,2.3810485279160376e-11,0,0,150,0.0,-0.002359533007726669,-0.007602806615581114,stable
zalesak,circular+corner,1.5,0.05,0,4,2.2547578026888007e-07,1.3961031400491086e-09,0.0077088785929189,0,0,2.2547578026888007e-07,1.2307157890990098e-09,3.1791704800840604e-12,0,0,150,0.0,-1.653873509500988e-10,-0.00770887858973973,stable
zalesak,circular+corner,1.5,0.05,0,5,1.766777395647634e-09,1.4867249042597782e-10,0.0090373275961563,0,0,1.766777395647634e-09,1.4404197286051274e-10,1.9927175695140245e-12,0,0,150,0.0,-4.630517565465083e-12,-0.009037327594163582,stable
zalesak,circular+corner,1.5,0.05,0,6,1.5755109451195967e-09,0.0013916578781116,0.0093264260406495,0,0,1.5755109451195967e-09,1.0929038933893349e-10,1.3409104899414804e-12,0,0,150,0.0,-0.0013916577688212108,-0.00932642603930859,stable
zalesak,circular+corner,1.5,0.05,0,7,3.6482745713328772e-09,2.6957496262930757e-10,0.006789247490665,0,0,3.6482745713328772e-09,2.6280480133332043e-10,7.853709029481045e-13,0,0,150,0.0,-6.7701612959871456e-12,-0.006789247489879629,stable
zalesak,circular+corner,1.5,0.05,0,8,2.271656640573383e-09,1.34370998306436e-10,0.0065929396539917,0,0,2.271656640573383e-09,1.3060140784552576e-10,9.490061134579285e-14,0,0,150,0.0,-3.7695904609102455e-12,-0.0065929396538967995,stable
zalesak,circular+corner,1.5,0.05,0,9,1.3032677235115828e-08,0.0007655554291098,0.0056752698361319,0,0,1.3032677235115828e-08,1.938399479758456e-10,1.4317104575871464e-12,0,0,150,0.0,-0.000765555235269852,-0.005675269834700189,stable
zalesak,circular+corner,1.5,0.05,0,10,0.0876075753781089,0.0010184609757378,0.0055553086811124,0,0,1.534889570629553e-08,2.5561039991198037e-10,8.605493707837634e-12,0,0,150,-0.08760756002921319,-0.0010184607201274,-0.005555308672506906,improved
zalesak,circular+corner,1.5,0.05,0,11,0.264203381974514,0.0012435224034864,0.0046189795791117,0,0,3.7088589976974613e-09,2.028884306561031e-10,8.59182489550388e-13,0,0,150,-0.264203378265655,-0.0012435222005979694,-0.0046189795782525175,improved
zalesak,circular+corner,1.5,0.05,0,12,2.4781403258749932e-08,4.577589774056695e-10,0.0034605258208297,0,0,2.4781403258749932e-08,8.131411623677614e-10,1.7066879079927956e-11,0,0,150,0.0,3.5538218496209195e-10,-0.003460525803762821,stable
zalesak,circular+corner,1.5,0.05,0,13,1.2585960718070057e-08,0.0008010699039106,0.0054590055534152,0,0,1.2585960718070057e-08,3.5743175916478116e-10,1.9808061759088943e-12,0,0,150,0.0,-0.0008010695464788408,-0.005459005551434394,stable
zalesak,circular+corner,1.5,0.05,0,14,0.3453328155066919,0.0021156559895426,0.0035337957496258,0,0,6.612863145960546e-09,1.5029171912745883e-10,2.9055989646613116e-13,0,0,150,-0.3453328088938288,-0.0021156558392508807,-0.00353379574933524,improved
zalesak,circular+corner,1.5,0.05,0,15,1.112647094136971e-09,1.4677787313523689e-10,0.0058568895806736,0,0,1.112647094136971e-09,1.4470322400663032e-10,9.25964401238168e-13,0,0,150,0.0,-2.0746491286065658e-12,-0.005856889579747636,stable
zalesak,circular+corner,1.5,0.05,0,16,9.823803992503601e-10,1.8148013798934896e-10,0.0073802159994485,0,0,9.823803992503601e-10,1.6988954750481664e-10,9.913794316925726e-13,0,0,150,0.0,-1.1590590484532314e-11,-0.007380215998457121,stable
zalesak,circular+corner,1.5,0.05,0,17,5.508631772954686e-09,2.2766418031347504e-10,0.0045171910943318,0,0,5.508631772954686e-09,2.2447996049868795e-10,5.399180871833687e-13,0,0,150,0.0,-3.1842198147870896e-12,-0.004517191093791882,stable
zalesak,circular+corner,1.5,0.05,0,18,0.2262790516966937,0.0010871278118196,0.003757578019124,0,0,0.2262790516966937,0.0010759968097359,2.39204215840733e-12,0,0,150,0.0,-1.1131002083700128e-05,-0.0037575780167319575,stable
zalesak,circular+corner,1.5,0.05,0,19,0.1485832460223552,0.000287935119945,0.0050095445057984,0,0,1.339020485602305e-07,9.400903227194942e-10,2.2102469543683728e-12,0,0,150,-0.14858311212030664,-0.0002879341798546773,-0.005009544503588153,improved
zalesak,circular+corner,1.5,0.05,0,20,0.0498941175714211,0.0051028524290902,0.0059219008900443,0,0,2.1815957513750503e-09,1.7217539638324578e-10,3.697218467533419e-12,0,0,150,-0.04989411538982535,-0.005102852256914803,-0.005921900886347082,improved
zalesak,circular+corner,1.5,0.05,0,21,2.9668076745447875e-05,4.097061898473461e-08,0.0029630622101242,0,0,1.2152556294608985e-08,4.232437136860875e-10,5.749688273820721e-12,0,0,150,-2.9655924189153266e-05,-4.054737527104852e-08,-0.0029630622043745115,improved
zalesak,circular+corner,1.5,0.05,0,22,4.278923881884111e-09,2.1641431814363992e-10,0.0069419123077442,0,0,4.278923881884111e-09,2.069911860735099e-10,1.1485707735307686e-12,0,0,150,0.0,-9.423132070130004e-12,-0.006941912306595629,stable
zalesak,circular+corner,1.5,0.05,0,23,4.382380680567621e-09,3.177224211402323e-10,0.0073494005231327,0,0,4.382380680567621e-09,3.0785647644025516e-10,1.264755678367696e-12,0,0,150,0.0,-9.865944699977113e-12,-0.0073494005218679445,stable
zalesak,circular+corner,1.5,0.05,0,24,6.792392426291371e-09,0.0003888648177829,0.007389548793344,0,0,6.792392426291371e-09,1.8137053246043356e-10,4.473216470595519e-12,0,0,150,0.0,-0.0003888646364123675,-0.007389548788870784,stable
zalesak,circular+corner,1.5,0.1,0,0,4.266906614702748e-07,0.0042916433118746,2.801642949360942e-05,0,0,4.266906614702748e-07,4.994936102537631e-09,4.94029931491473e-14,0,0,150,0.0,-0.0042916383169384975,-2.8016429444206427e-05,stable
zalesak,circular+corner,1.5,0.1,0,1,1.784529857218331e-09,1.616226499003399e-10,0.008693952837588,0,0,1.784529857218331e-09,1.3581658169192667e-10,1.1120555177248769e-12,0,0,150,0.0,-2.580606820841324e-11,-0.008693952836475945,stable
zalesak,circular+corner,1.5,0.1,0,2,4.758685889783011e-09,0.0042365624905408,0.0085880660828185,0,0,4.758685889783011e-09,2.4684674788157016e-10,3.307852584768994e-13,0,0,150,0.0,-0.004236562243694052,-0.008588066082487715,stable
zalesak,circular+corner,1.5,0.1,0,3,1.6671384643183591e-09,0.0024577770709778,0.007586117040012,0,0,1.6671384643183591e-09,1.1426657488873368e-10,1.5221198877375621e-12,0,0,150,0.0,-0.002457776956711225,-0.0075861170384898795,stable
zalesak,circular+corner,1.5,0.1,0,4,3.997215003437304e-09,2.2315882018371526e-10,0.009636065328952,0,0,3.997215003437304e-09,2.1844385698208784e-10,5.051602501061032e-13,0,0,150,0.0,-4.714963201627424e-12,-0.00963606532844684,stable
zalesak,circular+corner,1.5,0.1,0,5,3.751532717137823e-09,0.0034793258602317,0.009805005409789,0,0,3.751532717137823e-09,1.4603019917842183e-10,6.646948169158001e-13,0,0,150,0.0,-0.0034793257142015006,-0.009805005409124306,stable
zalesak,circular+corner,1.5,0.1,0,6,3.80100662056293e-08,0.001563252843629,0.0090071833827762,0,0,3.80100662056293e-08,7.188099946741243e-10,7.187842600079495e-13,0,0,150,0.0,-0.0015632521248190054,-0.009007183382057415,stable
zalesak,circular+corner,1.5,0.1,0,7,9.25735109520075e-08,0.0021097929680365,0.006106546180174,2,0,3.955504368491347e-09,2.9666394938827937e-10,2.4271905329798456e-13,0,0,150,-8.861800658351616e-08,-0.0021097926713725505,-0.006106546179931281,improved
zalesak,circular+corner,1.5,0.1,0,8,2.2199948546131054e-09,1.5087535929875198e-10,0.0059264472208534,0,0,2.2199948546131054e-09,1.4566705753863055e-10,2.744697516618239e-12,0,0,150,0.0,-5.208301760121438e-12,-0.005926447218108703,stable
zalesak,circular+corner,1.5,0.1,0,9,9.761486144616104e-09,0.00013231900838,0.0045462594061182,0,0,9.761486144616104e-09,2.352581330246062e-10,9.643737638960227e-12,0,0,150,0.0,-0.00013231877312186698,-0.004546259396474462,stable
zalesak,circular+corner,1.5,0.1,0,10,0.0380675698690424,0.0027855195108146,0.0060799056143948,0,0,9.990968052875361e-09,1.9303047506495635e-08,1.1460322798116424e-12,0,0,150,-0.03806755987807435,-0.0027855002077670937,-0.006079905613248768,improved
zalesak,circular+corner,1.5,0.1,0,11,0.2843301133152523,0.0012446746379236,0.0041519934988211,0,0,5.444139361543421e-09,1.85791087038548e-10,1.4459650761637778e-12,0,0,150,-0.28433010787111296,-0.0012446744521325132,-0.0041519934973751355,improved
zalesak,circular+corner,1.5,0.1,0,12,5.921872595579326e-09,0.0017813397701368,0.0032946451564033,0,0,5.921872595579326e-09,3.3083627663283444e-10,2.520333725597013e-12,0,0,150,0.0,-0.0017813394393005235,-0.0032946451538829664,stable
zalesak,circular+corner,1.5,0.1,0,13,3.338141212338997e-07,0.0003243213555747,0.0064393024268344,0,0,3.338141212338997e-07,3.628202413589228e-09,7.791223030241019e-14,0,0,150,0.0,-0.0003243177273722864,-0.006439302426756488,stable
zalesak,circular+corner,1.5,0.1,0,14,7.1208088314733695e-09,0.0024241876137129,0.0029005420617666,0,0,7.1208088314733695e-09,2.103849579128691e-10,4.082483706597718e-12,0,0,150,0.0,-0.002424187403327942,-0.002900542057684116,stable
zalesak,circular+corner,1.5,0.1,0,15,3.268743231643612e-07,0.0019811749537834,0.005479233149028,0,0,3.268743231643612e-07,4.644719371979283e-09,4.948110064819734e-13,0,0,150,0.0,-0.001981170309064028,-0.005479233148533189,stable
zalesak,circular+corner,1.5,0.1,0,16,0.8710220416630605,0.0117496607977875,0.0061823124845884,0,0,1.8906135650391483e-08,2.4085123081305433e-10,2.0514153550501262e-11,0,0,150,-0.8710220227569249,-0.011749660556936268,-0.006182312464074247,improved
zalesak,circular+corner,1.5,0.1,0,17,0.481438098720174,0.0054535115721346,0.0044155098105864,0,0,5.9119966800699815e-09,1.6168983192272527e-10,6.981834071335027e-12,0,0,150,-0.48143809280817734,-0.005453511410444769,-0.0044155098036045655,improved
zalesak,circular+corner,1.5,0.1,0,18,1.9223913128030293e-08,0.0001864887957237,0.0026436611809049,0,0,1.9223913128030293e-08,4.890782817069007e-10,1.0929191804576184e-12,0,0,150,0.0,-0.0001864883066454183,-0.0026436611798119807,stable
zalesak,circular+corner,1.5,0.1,0,19,0.8044079586472229,0.010033116239989,0.0057866729554664,0,0,2.019668566966264e-09,1.2091725687947378e-10,8.382887335545034e-13,0,0,150,-0.8044079566275544,-0.010033116119071744,-0.0057866729546281115,improved
zalesak,circular+corner,1.5,0.1,0,20,1.214431606902416e-09,2.0472438589373423e-10,0.007167090250958,0,0,1.214431606902416e-09,1.983017600704531e-10,1.1155703551821289e-12,0,0,150,0.0,-6.422625823281127e-12,-0.00716709024984243,stable
zalesak,circular+corner,1.5,0.1,0,21,0.0029556030315802,4.028129521829533e-06,0.0040961605720233,0,0,3.1076523499977944e-08,3.8629522147462254e-10,3.5800376920836036e-11,0,0,150,-0.0029555719550567,-4.027743226608058e-06,-0.0040961605362229234,improved
zalesak,circular+corner,1.5,0.1,0,22,3.198910817373838e-09,1.6314037761164653e-10,0.0058465664140001,0,0,3.198910817373838e-09,1.430973447703456e-10,1.255773315976942e-12,0,0,150,0.0,-2.004303284130093e-11,-0.005846566412744327,stable
zalesak,circular+corner,1.5,0.1,0,23,2.3361137024835443e-08,9.447429788253992e-10,0.0081346175101141,0,0,2.3361137024835443e-08,9.287871472261111e-10,1.9038702893446096e-13,0,0,150,0.0,-1.5955831599288108e-11,-0.008134617509923713,stable
zalesak,circular+corner,1.5,0.1,0,24,2.217592703770899e-09,0.0002311069407991,0.0071134149161474,0,0,2.217592703770899e-09,1.3783009564660356e-10,1.608038136692601e-12,0,0,150,0.0,-0.00023110680296900435,-0.007113414914539362,stable
zalesak,circular+corner,1.5,0.2,0,0,1.8781851994862367e-07,0.0048958832710521,0.0006854127214623,2,0,6.452087752961688e-08,1.028580871813063e-09,5.3443103537510376e-12,0,0,150,-1.2329764241900679e-07,-0.004895882242471229,-0.0006854127161179896,improved
zalesak,circular+corner,1.5,0.2,0,1,2.620648348714254e-09,1.599634653742133e-10,0.0084348700994818,0,0,2.620648348714254e-09,1.5197017758621e-10,4.5548388071028066e-12,0,0,150,0.0,-7.993287788003278e-12,-0.008434870094926961,stable
zalesak,circular+corner,1.5,0.2,0,2,1.8621726383116766e-09,1.789023953407318e-10,0.0064722544427167,0,0,1.8621726383116766e-09,1.7366428656067223e-10,7.900573528911068e-13,0,0,150,0.0,-5.238108780059564e-12,-0.006472254441926643,stable
zalesak,circular+corner,1.5,0.2,0,3,4.2498644603483635e-09,0.0021317107973139,0.0074974598366752,0,0,4.2498644603483635e-09,2.0951133703179002e-10,2.0524698062873016e-12,0,0,150,0.0,-0.002131710587802563,-0.00749745983462273,stable
zalesak,circular+corner,1.5,0.2,0,4,1.5657857233009052e-09,1.5995914804230838e-10,0.0074826092692139,0,0,1.5657857233009052e-09,1.5298764921842894e-10,3.319568709626499e-15,0,0,150,0.0,-6.97149882387944e-12,-0.00748260926921058,stable
zalesak,circular+corner,1.5,0.2,0,5,0.666825707558857,0.0053853623935149,0.0109672078473553,0,0,1.7470373592232136e-08,3.7256599879495657e-10,1.2223823601330517e-13,0,0,150,-0.6668256900884834,-0.005385362020948901,-0.010967207847233061,improved
zalesak,circular+corner,1.5,0.2,0,6,1.439397724558603e-09,1.1414135468991039e-10,0.0061852209500049,0,0,1.439397724558603e-09,1.12609174561702e-10,2.7435259041324885e-13,0,0,150,0.0,-1.5321801282083922e-12,-0.006185220949730548,stable
zalesak,circular+corner,1.5,0.2,0,7,3.629716971431662e-09,2.520626459060675e-10,0.0062541838766295,0,0,3.629716971431662e-09,2.4725521408475005e-10,1.6285413551932354e-13,0,0,150,0.0,-4.807431821317431e-12,-0.006254183876466646,stable
zalesak,circular+corner,1.5,0.2,0,8,1.197675381092722e-07,3.172838300590163e-09,0.0069665388401898,0,0,1.197675381092722e-07,3.12602269403133e-09,1.8542329736983118e-11,0,0,150,0.0,-4.681560655883284e-11,-0.00696653882164747,stable
zalesak,circular+corner,1.5,0.2,0,9,2.9374609411547684e-08,0.0002992197991572,0.0059764084405963,0,0,2.9374609411547684e-08,4.2087361347196424e-10,3.062595037751883e-12,0,0,150,0.0,-0.0002992193782835865,-0.0059764084375337045,stable
zalesak,circular+corner,1.5,0.2,0,10,1.1821278803535058e-07,0.0112063778250162,0.0058197508391017,2,0,4.920551788245575e-08,1.0630475847567583e-09,4.2217103236544063e-13,0,0,150,-6.900727015289482e-08,-0.011206376761968615,-0.005819750838679529,improved
zalesak,circular+corner,1.5,0.2,0,11,0.1952969187335664,0.0042865152632266,0.0036332150556437,0,0,3.78116205013157e-09,3.3742822444741703e-10,3.9912932014568023e-13,0,0,150,-0.19529691495240434,-0.004286514925798375,-0.0036332150552445706,improved
zalesak,circular+corner,1.5,0.2,0,12,0.0047994971833578,0.0052245319765201,0.0029533176216972,0,0,2.518964414832681e-08,1.3343004667998583e-09,1.5766389220744866e-11,0,0,150,-0.004799471993713652,-0.005224530642219633,-0.0029533176059308107,improved
zalesak,circular+corner,1.5,0.2,0,13,0.1241363463858099,0.0011423947694052,0.0061853882404326,0,0,7.970804460910585e-09,2.23649471812616e-10,1.468420982140663e-13,0,0,150,-0.12413633841500545,-0.0011423945457557283,-0.006185388240285758,improved
zalesak,circular+corner,1.5,0.2,0,14,1.37099025465659e-08,0.0008685953497798,0.0039996880199485,0,0,1.37099025465659e-08,2.823916340617627e-10,1.5961267430874709e-12,0,0,150,0.0,-0.0008685950673881659,-0.003999688018352373,stable
zalesak,circular+corner,1.5,0.2,0,15,0.2150444429990544,0.0017253780818829,0.0079821549358834,0,0,1.157877349555747e-09,1.4733705711869954e-10,1.1067832615389996e-12,0,0,150,-0.21504444184117705,-0.001725377934545843,-0.007982154934776617,improved
zalesak,circular+corner,1.5,0.2,0,16,5.5324840616336865e-09,1.749914616056016e-10,0.0059585505678887,0,0,5.5324840616336865e-09,1.6802534197268324e-10,5.110183125348557e-12,0,0,150,0.0,-6.966119632918349e-12,-0.005958550562778517,stable
zalesak,circular+corner,1.5,0.2,0,17,4.593490032789305e-09,2.1947408321540319e-10,0.0053817701409335,0,0,4.593490032789305e-09,2.1524390657772315e-10,5.229297061399861e-13,0,0,150,0.0,-4.230176637680041e-12,-0.0053817701404105705,stable
zalesak,circular+corner,1.5,0.2,0,18,0.0933846370165348,0.0003386964821743,0.0040071709652873,0,0,1.6341083916975443e-08,2.6000081664955907e-10,1.6613660316690124e-11,0,0,150,-0.09338462067545088,-0.0003386962221734833,-0.00400717094867364,improved
zalesak,circular+corner,1.5,0.2,0,19,0.0487850445990444,3.509781769240431e-05,0.006186025844459,0,0,3.6084714376064216e-08,0.0020311439353151,3.3671361765479694e-11,0,0,150,-0.04878500851433002,0.001996046117622696,-0.006186025810787638,improved
zalesak,circular+corner,1.5,0.2,0,20,1.6609670083767014e-08,4.067741175829606e-10,0.0075870566849837,0,0,1.6609670083767014e-08,3.97637719507635e-10,6.072858051140242e-14,0,0,150,0.0,-9.136398075325582e-12,-0.007587056684922972,stable
zalesak,circular+corner,1.5,0.2,0,21,0.0636066027304082,0.0002619822531634,0.0060802895592973,0,0,1.0196860462995341e-08,2.9989830536154846e-10,2.2260637229260052e-13,0,0,150,-0.06360659253354774,-0.0002619819532650946,-0.006080289559074694,improved
zalesak,circular+corner,1.5,0.2,0,22,2.0246067608008553e-09,1.2980475995287923e-10,0.0059404384696103,0,0,2.0246067608008553e-09,1.2506053326886347e-10,1.9931081070092748e-12,0,0,150,0.0,-4.744226684015757e-12,-0.005940438467617192,stable
zalesak,circular+corner,1.5,0.2,0,23,0.5608470340493719,0.0009299346547995,0.0093022683848141,0,0,5.10848039779284,0.0282334552417934,2.6696147304689167e-10,0,0,150,4.547633363743468,0.0273035205869939,-0.009302268117852626,worsened
zalesak,circular+corner,1.5,0.2,0,24,0.4298634662136233,0.0017001557164834,0.0056242701424538,0,0,0.000147369962485,3.2442763369511733e-09,1.0361160817216609e-07,0,0,150,-0.4297160962511383,-0.001700152472207063,-0.005624166530845628,improved
zalesak,circular+corner,1.5,0.3,0,0,0.550582949543103,0.0194462758543397,0.0019218934828795,4,0,6.698041408783366e-08,0.0017092756005351,2.918681970752193e-12,4,0,150,-0.550582882562689,-0.017737000253804598,-0.001921893479960818,improved
zalesak,circular+corner,1.5,0.3,0,1,5.384267254271435e-09,1.8883777526276416e-10,0.0052718326845643,0,0,5.384267254271435e-09,1.7627286943079923e-10,3.3195687096264987e-14,0,0,150,0.0,-1.2564905831964936e-11,-0.005271832684531104,stable
zalesak,circular+corner,1.5,0.3,0,2,1.3545967902928169e-08,4.4939111095298286e-10,0.0085064827679357,0,0,1.3545967902928169e-08,4.4005088890844003e-10,6.338228279162736e-12,0,0,150,0.0,-9.340222044542825e-12,-0.008506482761597472,stable
zalesak,circular+corner,1.5,0.3,0,3,1.981807999474559e-07,0.0024833227860901,0.0085489154453633,2,0,2.286117314875184e-09,1.4051527222283848e-10,3.1553476928737996e-12,0,0,150,-1.9589468263258073e-07,-0.002483322645574828,-0.008548915442207953,improved
zalesak,circular+corner,1.5,0.3,0,4,0.1749515353310741,0.0020325050947046,0.0071014668246814,0,0,5.421446752084142e-09,1.808329681625368e-10,5.310333591664273e-12,0,0,150,-0.17495152990962734,-0.002032504913871632,-0.0071014668193710665,improved
zalesak,circular+corner,1.5,0.3,0,5,0.1946323090933432,0.0052255085941578,0.0114097510153119,0,0,0.0218751685910749,2.1250037201326066e-10,3.4478602768161816e-12,2,0,150,-0.17275714050226829,-0.005225508381657427,-0.01140975101186404,improved
zalesak,circular+corner,1.5,0.3,0,6,2.7575575640520695e-08,0.0019640658576188,0.0046976297842444,0,0,2.7575575640520695e-08,4.01767729149003e-10,2.259923323764195e-11,0,0,150,0.0,-0.0019640654558510705,-0.004697629761645167,stable
zalesak,circular+corner,1.5,0.3,0,7,0.1716632818360966,0.0073754952757251,0.0061119847526466,1,0,8.665787477725974e-05,2.9165908622353176e-10,6.717244918303033e-13,1,0,150,-0.17157662396131934,-0.007375494984066013,-0.006111984751974876,improved
zalesak,circular+corner,1.5,0.3,0,8,1.2561038298723804e-08,1.4165921812942803e-10,0.0076186565817166,0,0,1.2561038298723804e-08,1.378006717498508e-10,1.3691658777228309e-11,0,0,150,0.0,-3.858546379577235e-12,-0.007618656568024941,stable
zalesak,circular+corner,1.5,0.3,0,9,4.101314843296677e-09,0.000457380423268,0.0061172833815794,0,0,4.101314843296677e-09,2.399061102636723e-10,2.0895708683360682e-12,0,0,150,0.0,-0.0004573801833618897,-0.00611728337948983,stable
zalesak,circular+corner,1.5,0.3,0,10,1.0981970888224166e-09,0.002687112318468,0.0045315585681531,0,0,1.0981970888224166e-09,1.3969252780386234e-10,6.572746045060467e-13,0,0,150,0.0,-0.002687112178775472,-0.004531558567495825,stable
zalesak,circular+corner,1.5,0.3,0,11,0.7607965901052367,0.0072325622155492,0.0029178726080436,0,0,4.936847375347497e-09,1.8757655248835266e-10,2.0540319562683018e-12,0,0,150,-0.7607965851683893,-0.007232562027972647,-0.002917872605989568,improved
zalesak,circular+corner,1.5,0.3,0,12,0.004466958292145,0.0035935091159167,0.0033780459108018,0,0,2.0626469421358703e-08,6.333359380111412e-10,8.533244271216352e-14,0,0,150,-0.004466937665675579,-0.003593508482580762,-0.0033780459107164676,improved
zalesak,circular+corner,1.5,0.3,0,13,1.3256721942411788e-08,2.7592484868962887e-10,0.0050356760350553,0,0,1.3256721942411788e-08,2.6257150939809413e-10,3.446493395582806e-13,0,0,150,0.0,-1.3353339291534746e-11,-0.00503567603471065,stable
zalesak,circular+corner,1.5,0.3,0,14,0.7774642652471524,0.0074221551969106,0.0045129781700344,0,0,2.336877358288802e-09,1.9588129821569702e-10,3.0692341751711357e-12,0,0,150,-0.777464262910275,-0.007422155001029302,-0.004512978166965166,improved
zalesak,circular+corner,1.5,0.3,0,15,0.2075779264625817,0.0072802236615279,0.008732192604659,0,0,1.14227720615645e-08,2.7897476706065776e-10,1.0538654309326008e-12,0,0,150,-0.20757791503980963,-0.007280223382553133,-0.008732192603605134,improved
zalesak,circular+corner,1.5,0.3,0,16,2.935266252279689e-09,0.0018698373959312,0.0049952431149462,0,0,2.935266252279689e-09,2.1204601949225543e-10,9.105381701757862e-13,0,0,150,0.0,-0.0018698371838851806,-0.004995243114035662,stable
zalesak,circular+corner,1.5,0.3,0,17,1.7458676282444685e-08,3.528126198985983e-10,0.0073608015839944,0,0,1.7458676282444685e-08,3.4747867913439104e-10,3.3527643967227643e-13,0,0,150,0.0,-5.333940764207245e-12,-0.007360801583659124,stable
zalesak,circular+corner,1.5,0.3,0,18,0.6978635251424923,0.0030655519444408,0.003411484525763,0,0,1.0654845894464417e-08,4.148298916223603e-10,3.127228993215787e-12,0,0,150,-0.6978635144876464,-0.003065551529610908,-0.0034114845226357713,improved
zalesak,circular+corner,1.5,0.3,0,19,0.0725930373863855,0.0042599409546094,0.006499731349399,0,0,7.58116236454498e-09,0.0018668587628919,7.535420970852152e-13,0,0,150,-0.07259302980522314,-0.0023930821917175,-0.006499731348645458,improved
zalesak,circular+corner,1.5,0.3,0,20,4.547272402527107e-09,2.4255361109100786e-10,0.007197869533486,0,0,4.547272402527107e-09,2.3767284693087873e-10,5.6393614314125456e-12,0,0,150,0.0,-4.880764160129127e-12,-0.007197869527846639,stable
zalesak,circular+corner,1.5,0.3,0,21,3.791809533026935e-09,0.0003427461834028,0.0092417952113881,0,0,3.791809533026935e-09,2.0479638735905488e-10,1.8585679398955892e-12,0,0,150,0.0,-0.00034274597860641263,-0.009241795209529533,stable
zalesak,circular+corner,1.5,0.3,0,22,5.8632021565613585e-08,0.0066699232439175,0.0070031285632264,2,0,7.084990276063278e-09,3.078855404701657e-10,1.9587408074272594e-12,0,0,150,-5.154703128955031e-08,-0.006669922936031959,-0.00700312856126766,improved
zalesak,circular+corner,1.5,0.3,0,23,3.874747648666467e-09,1.611114158838558e-10,0.0079676884667698,0,0,3.874747648666467e-09,1.4219337749982278e-10,2.0227889566482884e-12,0,0,150,0.0,-1.8918038384033013e-11,-0.007967688464747012,stable
zalesak,circular+corner,1.5,0.3,0,24,4.7639378664143806e-08,2.5412563943937694e-10,0.0060286033320266,0,0,4.7639378664143806e-08,7.320618015030782e-10,9.32603538657421e-13,0,0,150,0.0,4.779361620637012e-10,-0.006028603331093996,stable
