experiment,algo,resolution,wiggle,seed,case_index,hausdorff_july17,facet_gap_july17,area_error_july17,hausdorff_final,facet_gap_final,area_error_final
squares,linear+corner,0.5,0.0,0,0,2.7222142104706596e-08,3.1482251877730733e-09,0.2891525397485285,2.7222142104706596e-08,3.1482251877730733e-09,1.0023148371891051e-09
squares,linear+corner,0.5,0.0,0,1,2.7595687434540016e-10,3.113431081574698e-12,0.3895778712220463,2.7595687434540016e-10,3.113431081574698e-12,1.9584065732434585e-11
squares,linear+corner,0.5,0.0,0,2,1.5690662263993609e-10,6.344751893755121e-12,0.4248801614170409,1.5690662263993609e-10,6.344751893755121e-12,1.773171030660576e-12
squares,linear+corner,0.5,0.0,0,3,2.650217406490453e-10,6.459188741890248e-11,0.258179515471358,2.650217406490453e-10,6.459188741890248e-11,5.194910415211445e-12
squares,linear+corner,0.5,0.0,0,4,0.0128647414763696,0.0008184776511505,0.0876553731613523,0.0128647414763696,0.0008184776511505,3.9487801563629776e-10
squares,linear+corner,0.5,0.0,0,5,6.729554117817918e-10,1.5535847770506354e-11,0.2317960616855053,6.729554117817918e-10,1.5535847770506354e-11,2.940506437069659e-11
squares,linear+corner,0.5,0.0,0,6,1.4508443459229914e-09,2.0121720256181023e-11,0.13892932167108,1.4508443459229914e-09,2.0121720256181023e-11,3.276690895527045e-11
squares,linear+corner,0.5,0.0,0,7,1.4227207276237928e-10,1.3911148305354409e-11,0.0934067911127293,1.4227207276237928e-10,1.3911148305354409e-11,7.979609900152394e-12
squares,linear+corner,0.5,0.0,0,8,1.9775338359974618e-10,1.4251282181983452e-11,0.0931512064674996,1.9775338359974618e-10,1.4251282181983452e-11,7.135857122588994e-12
squares,linear+corner,0.5,0.0,0,9,8.516736221373457e-09,3.6832467236298095e-10,0.1733155785637977,8.516736221373457e-09,3.6832467236298095e-10,1.652349227087073e-10
squares,linear+corner,0.5,0.0,0,10,2.5503789815780646e-10,2.885206173523331e-11,0.1569632205852396,2.5503789815780646e-10,2.885206173523331e-11,4.1175664034456606e-12
squares,linear+corner,0.5,0.0,0,11,5.97188627741797e-10,6.215571321512004e-11,0.1580035756592014,5.97188627741797e-10,6.215571321512004e-11,1.4011583015759805e-12
squares,linear+corner,0.5,0.0,0,12,1.2431254072735757e-08,1.1371694410696226e-09,0.1316354908408875,1.2431254072735757e-08,1.1371694410696226e-09,3.8325372505217844e-10
squares,linear+corner,0.5,0.0,0,13,3.0761323891397446e-10,2.7697301033872905e-11,0.1441932101616904,3.0761323891397446e-10,2.7697301033872905e-11,8.143134615652329e-12
squares,linear+corner,0.5,0.0,0,14,1.221647902720459e-09,1.0393486345981676e-10,0.1498391449726352,1.221647902720459e-09,1.0393486345981676e-10,2.693405817647775e-11
squares,linear+corner,0.5,0.0,0,15,3.986573187659116e-06,2.0392339473012242e-08,0.1047658177219151,3.986573187659116e-06,2.0392339473012242e-08,6.340402235843352e-08
squares,linear+corner,0.5,0.0,0,16,1.4747964533381286e-10,2.1510564821682467e-11,0.1072360267162087,1.4747964533381286e-10,2.1510564821682467e-11,1.4624367290931133e-12
squares,linear+corner,0.5,0.0,0,17,5.824852597777882e-09,2.5332941750646724e-10,0.159649922593582,5.824852597777882e-09,2.5332941750646724e-10,5.2010110173741696e-11
squares,linear+corner,0.5,0.0,0,18,9.64506611057884e-09,3.8379103077185165e-10,0.0104332010783917,9.64506611057884e-09,3.8379103077185165e-10,7.114057599296657e-11
squares,linear+corner,0.5,0.0,0,19,7.814460165457276e-09,8.880800324941362e-10,0.1020615916743787,7.814460165457276e-09,8.880800324941362e-10,9.445594126263816e-11
squares,linear+corner,0.5,0.0,0,20,1.660690357505601e-09,6.942129412703768e-11,0.100761288371486,1.660690357505601e-09,6.942129412703768e-11,1.7194666743068328e-11
squares,linear+corner,0.5,0.0,0,21,7.498974113604896e-10,2.4845283467915808e-11,0.1096097296252101,7.498974113604896e-10,2.4845283467915808e-11,8.553506064420823e-12
squares,linear+corner,0.5,0.0,0,22,4.40476266523342e-09,1.328835609608378e-09,0.1209187201131958,4.40476266523342e-09,1.328835609608378e-09,4.3447756926821335e-11
squares,linear+corner,0.5,0.0,0,23,4.48395805024777e-10,3.751618309050272e-11,0.1083274886000805,4.48395805024777e-10,3.751618309050272e-11,1.0872694818208559e-11
squares,linear+corner,0.5,0.0,0,24,1.3704830421763307e-10,3.4236773202855196e-11,0.0715922170492786,1.3704830421763307e-10,3.4236773202855196e-11,3.3395508580724593e-13
squares,linear+corner,0.5,0.05,0,0,1.5553970918190923e-09,1.6843995145916206e-10,0.3114996580779198,1.5553970918190923e-09,1.6843995145916206e-10,4.7729966278735826e-11
squares,linear+corner,0.5,0.05,0,1,2.787365963411981e-11,1.4721687567979069e-12,0.3831802832100853,2.787365963411981e-11,1.4721687567979069e-12,6.635163728358243e-13
squares,linear+corner,0.5,0.05,0,2,1.7076497679003572e-10,8.828712593723594e-12,0.4271871235756354,1.7076497679003572e-10,8.828712593723594e-12,2.41185606221131e-12
squares,linear+corner,0.5,0.05,0,3,3.1485487615733327e-10,2.0409227125992135e-11,0.2558912981901567,3.1485487615733327e-10,2.0409227125992135e-11,1.9710087059153696e-11
squares,linear+corner,0.5,0.05,0,4,0.0281913226905979,0.0017514875453045,0.0899238598464268,0.0281913226905979,0.0017514875453045,3.451896021158197e-11
squares,linear+corner,0.5,0.05,0,5,3.0798914228050617e-10,4.4996918130049566e-11,0.2487595582688204,3.0798914228050617e-10,4.4996918130049566e-11,1.2984811034979287e-11
squares,linear+corner,0.5,0.05,0,6,3.192866679746641e-09,1.1388648556395747e-10,0.1339379528385605,3.192866679746641e-09,1.1388648556395747e-10,7.406503802065965e-11
squares,linear+corner,0.5,0.05,0,7,0.0273127686537642,0.0055749180834174,0.2224801277486499,0.0273127686537642,0.0055749180834174,3.0437626522209697e-12
squares,linear+corner,0.5,0.05,0,8,6.49423289947164e-10,5.206420233113193e-11,0.1575801949583056,6.49423289947164e-10,5.206420233113193e-11,2.1819591269346595e-11
squares,linear+corner,0.5,0.05,0,9,7.342113105049066e-10,9.220375410442624e-11,0.1684614830256231,7.342113105049066e-10,9.220375410442624e-11,5.383443265631945e-12
squares,linear+corner,0.5,0.05,0,10,1.4333542131526e-08,8.565411387214558e-10,0.1648547354022472,1.4333542131526e-08,8.565411387214558e-10,6.169561738000725e-11
squares,linear+corner,0.5,0.05,0,11,1.150686189189677e-09,4.5409762710448e-11,0.1499071835667194,1.150686189189677e-09,4.5409762710448e-11,1.4128743045021722e-11
squares,linear+corner,0.5,0.05,0,12,1.931893130372143e-09,1.860594485645887e-10,0.1313311569128382,1.931893130372143e-09,1.860594485645887e-10,4.564721841194172e-12
squares,linear+corner,0.5,0.05,0,13,1.4846899045938114e-09,1.0860759522188395e-10,0.1417613051326369,1.4846899045938114e-09,1.0860759522188395e-10,9.838038035400624e-12
squares,linear+corner,0.5,0.05,0,14,1.7727800397254134e-10,1.7934419709809003e-11,0.1342849202521946,1.7727800397254134e-10,1.7934419709809003e-11,6.490387945083316e-12
squares,linear+corner,0.5,0.05,0,15,2.427859628077111e-10,3.0194791672079725e-11,0.1201708273832694,2.427859628077111e-10,3.0194791672079725e-11,2.778403093318232e-12
squares,linear+corner,0.5,0.05,0,16,3.3503230095151024e-10,2.8253059497086445e-11,0.1114626716119729,3.3503230095151024e-10,2.8253059497086445e-11,1.1383667544037791e-11
squares,linear+corner,0.5,0.05,0,17,4.3155504717140676e-10,5.2648684296144906e-11,0.1694949748746428,4.3155504717140676e-10,5.2648684296144906e-11,5.843449348995499e-12
squares,linear+corner,0.5,0.05,0,18,4.0081060288263145e-08,7.277508448962625e-10,0.0166390010106438,4.0081060288263145e-08,7.277508448962625e-10,4.2215741369042837e-10
squares,linear+corner,0.5,0.05,0,19,3.5617318704151824e-10,6.411919402833623e-11,0.109642921064618,3.5617318704151824e-10,6.411919402833623e-11,9.17806934973705e-12
squares,linear+corner,0.5,0.05,0,20,2.3090900444932593e-09,1.1420142809065363e-10,0.0901130978440295,2.3090900444932593e-09,1.1420142809065363e-10,2.0474524499080087e-11
squares,linear+corner,0.5,0.05,0,21,0.0139123517117885,0.0004875026127084,0.0802247908757757,0.0139123517117885,0.0004875026127084,4.6555577255239255e-12
squares,linear+corner,0.5,0.05,0,22,2.7387972980689544e-10,1.4203693541482322e-10,0.1178190950575974,2.7387972980689544e-10,1.4203693541482322e-10,2.205009795172877e-13
squares,linear+corner,0.5,0.05,0,23,1.1824491625257014e-08,2.763679461746869e-10,0.1083187409307344,1.1824491625257014e-08,2.763679461746869e-10,8.781663367925659e-11
squares,linear+corner,0.5,0.05,0,24,1.0682949422000551e-10,2.7159915042060624e-11,0.1258177028641651,1.0682949422000551e-10,2.7159915042060624e-11,3.2872277546511205e-12
squares,linear+corner,0.5,0.1,0,0,9.011698032220307e-09,3.7735970222003736e-10,0.2992015014055464,9.011698032220307e-09,3.7735970222003736e-10,2.8208110675894377e-10
squares,linear+corner,0.5,0.1,0,1,6.423722150372201e-11,2.331583385867477e-12,0.3880552359052316,6.423722150372201e-11,2.331583385867477e-12,3.1011381642089378e-12
squares,linear+corner,0.5,0.1,0,2,9.198907249422708e-11,6.567109380194826e-12,0.4243824121423787,9.198907249422708e-11,6.567109380194826e-12,4.278426510109145e-12
squares,linear+corner,0.5,0.1,0,3,5.108104392894172e-10,2.930449916356041e-11,0.2269153268715289,5.108104392894172e-10,2.930449916356041e-11,7.829960531441938e-12
squares,linear+corner,0.5,0.1,0,4,0.0384439275641151,0.0023334313956149,0.0916897282748456,0.0384439275641151,0.0023334313956149,3.548979773089852e-11
squares,linear+corner,0.5,0.1,0,5,8.435273199709737e-11,1.0886398428560856e-11,0.2713021181000942,8.435273199709737e-11,1.0886398428560856e-11,5.852606144344169e-12
squares,linear+corner,0.5,0.1,0,6,6.79416032324276e-10,2.6011016270722315e-11,0.1334040336932697,6.79416032324276e-10,2.6011016270722315e-11,1.3616462725219539e-11
squares,linear+corner,0.5,0.1,0,7,0.0098710380728478,0.002154322137663,0.215085766394818,0.0098710380728478,0.002154322137663,4.987077914893251e-12
squares,linear+corner,0.5,0.1,0,8,4.2638774198016924e-10,2.5594943455108785e-11,0.1614580518676612,4.2638774198016924e-10,2.5594943455108785e-11,1.9668106553630475e-11
squares,linear+corner,0.5,0.1,0,9,4.533371292938687e-10,5.0252270918691836e-11,0.1696847010424093,4.533371292938687e-10,5.0252270918691836e-11,1.2464577659996556e-11
squares,linear+corner,0.5,0.1,0,10,4.2689639956723046e-10,3.2715490501451775e-11,0.1661251553170075,4.2689639956723046e-10,3.2715490501451775e-11,6.465314392155981e-12
squares,linear+corner,0.5,0.1,0,11,5.46516714578166e-10,4.3414030191117446e-11,0.1378282106151044,5.46516714578166e-10,4.3414030191117446e-11,1.6794247690295146e-11
squares,linear+corner,0.5,0.1,0,12,3.0676490025245764e-10,2.6881227824844757e-11,0.1305765445813372,3.0676490025245764e-10,2.6881227824844757e-11,4.643281049235566e-12
squares,linear+corner,0.5,0.1,0,13,4.750776942026342e-10,2.959668867237601e-11,0.149646674880745,4.750776942026342e-10,2.959668867237601e-11,9.923483363281342e-12
squares,linear+corner,0.5,0.1,0,14,1.9958081970168187e-10,3.777028556041928e-11,0.1213745049064495,1.9958081970168187e-10,3.777028556041928e-11,4.305427274603162e-12
squares,linear+corner,0.5,0.1,0,15,1.240782767707804e-10,1.9500343804083e-11,0.1190256323656957,1.240782767707804e-10,1.9500343804083e-11,3.0118226752438514e-13
squares,linear+corner,0.5,0.1,0,16,3.3490424698806666e-10,7.650245320339002e-11,0.1148803378693158,3.3490424698806666e-10,7.650245320339002e-11,1.6189545002460065e-12
squares,linear+corner,0.5,0.1,0,17,9.837457299035183e-10,1.1021748723444427e-10,0.172754622714405,9.837457299035183e-10,1.1021748723444427e-10,2.194285097030776e-12
squares,linear+corner,0.5,0.1,0,18,2.8663451319574766e-08,1.265157323839616e-09,0.0220288219100067,2.8663451319574766e-08,1.265157323839616e-09,1.3604971274872687e-10
squares,linear+corner,0.5,0.1,0,19,8.709203288605803e-10,6.165839164948083e-11,0.1164646268619981,8.709203288605803e-10,6.165839164948083e-11,1.492203048499542e-11
squares,linear+corner,0.5,0.1,0,20,3.0700628197775598e-09,1.927069974401905e-10,0.0902036320965066,3.0700628197775598e-09,1.927069974401905e-10,2.961105847239999e-11
squares,linear+corner,0.5,0.1,0,21,2.134626428624991e-09,8.786935871241107e-11,0.0670608060338544,2.134626428624991e-09,8.786935871241107e-11,2.8044761202155636e-11
squares,linear+corner,0.5,0.1,0,22,2.680679868436576e-10,4.709077516460827e-11,0.1188044749104316,2.680679868436576e-10,4.709077516460827e-11,4.096686095434554e-12
squares,linear+corner,0.5,0.1,0,23,2.756182620073992e-09,1.0858356570525733e-10,0.1008101414172402,2.756182620073992e-09,1.0858356570525733e-10,4.028051579533868e-11
squares,linear+corner,0.5,0.1,0,24,1.1022938089721054e-09,1.98335665467502e-10,0.1206580304220828,1.1022938089721054e-09,1.98335665467502e-10,4.664788445144091e-12
squares,linear+corner,0.5,0.2,0,0,2.934735600330175e-10,9.080062869961077e-12,0.411624675400809,2.934735600330175e-10,9.080062869961077e-12,1.7003648853663984e-11
squares,linear+corner,0.5,0.2,0,1,3.23233243648429e-10,7.112165348244517e-12,0.3976737776729629,3.23233243648429e-10,7.112165348244517e-12,3.000449740531765e-11
squares,linear+corner,0.5,0.2,0,2,2.0949587966429167e-10,2.1153053885252715e-11,0.2697891965427836,2.0949587966429167e-10,2.1153053885252715e-11,8.498419072006783e-12
squares,linear+corner,0.5,0.2,0,3,0.3079462153467391,1.9260123202759168e-11,0.1720748408682191,0.3079462153467391,1.9260123202759168e-11,1.1002546390007517e-11
squares,linear+corner,0.5,0.2,0,4,3.7582383409328424e-10,3.5472520435331445e-11,0.0213675972750381,3.7582383409328424e-10,3.5472520435331445e-11,2.703513699538595e-12
squares,linear+corner,0.5,0.2,0,5,5.554484735081227e-10,3.831412080229638e-11,0.2763288833906124,5.554484735081227e-10,3.831412080229638e-11,2.976254531852463e-11
squares,linear+corner,0.5,0.2,0,6,3.3521553396682316e-10,4.5003463565716565e-11,0.110229531872714,3.3521553396682316e-10,4.5003463565716565e-11,6.9619102466046234e-12
squares,linear+corner,0.5,0.2,0,7,5.22825455844503e-10,1.4046303580976846e-11,0.2576662500959521,5.22825455844503e-10,1.4046303580976846e-11,2.0511873073189665e-11
squares,linear+corner,0.5,0.2,0,8,3.047285855350438e-10,2.087829133153619e-11,0.1541516483923378,3.047285855350438e-10,2.087829133153619e-11,1.5136145490052328e-12
squares,linear+corner,0.5,0.2,0,9,4.6459869142363215e-10,6.707928427570545e-11,0.1586567108770925,4.6459869142363215e-10,6.707928427570545e-11,6.937364175572647e-12
squares,linear+corner,0.5,0.2,0,10,4.1072901200428936e-10,3.1224380513917425e-11,0.1684473036709564,4.1072901200428936e-10,3.1224380513917425e-11,8.992214362754412e-12
squares,linear+corner,0.5,0.2,0,11,3.3346582140652542e-09,1.671192373520579e-10,0.2057203515958225,3.3346582140652542e-09,1.671192373520579e-10,3.844892008972095e-11
squares,linear+corner,0.5,0.2,0,12,5.259683298650447e-10,3.2626906011205705e-11,0.1272245230666763,5.259683298650447e-10,3.2626906011205705e-11,1.1926199679092355e-11
squares,linear+corner,0.5,0.2,0,13,3.0005519628908917e-10,3.009058390129666e-11,0.1461351490897229,3.0005519628908917e-10,3.009058390129666e-11,3.9928948374695946e-12
squares,linear+corner,0.5,0.2,0,14,3.4910084074393603e-10,4.1568206068403045e-11,0.1792469494706127,3.4910084074393603e-10,4.1568206068403045e-11,1.2255194229617959e-11
squares,linear+corner,0.5,0.2,0,15,4.2655655037233437e-10,5.3114711391294335e-11,0.1156338348559544,4.2655655037233437e-10,5.3114711391294335e-11,4.381345180835251e-12
squares,linear+corner,0.5,0.2,0,16,4.967444310429152e-10,6.742381863558457e-11,0.1203209324038069,4.967444310429152e-10,6.742381863558457e-11,4.095257359478114e-12
squares,linear+corner,0.5,0.2,0,17,3.0724420975901934e-09,2.348724379148819e-10,0.0802689826930904,3.0724420975901934e-09,2.348724379148819e-10,8.211165777945185e-11
squares,linear+corner,0.5,0.2,0,18,1.5142176427294066e-08,9.259833391645627e-11,0.0281043429190488,1.5142176427294066e-08,9.259833391645627e-11,1.457601722538145e-10
squares,linear+corner,0.5,0.2,0,19,1.6759687388766051e-09,1.4477101446146875e-10,0.1202629619760396,1.6759687388766051e-09,1.4477101446146875e-10,9.449554007498284e-12
squares,linear+corner,0.5,0.2,0,20,1.2772407058869476e-08,4.490953401703221e-11,0.0784223547250224,1.2772407058869476e-08,4.490953401703221e-11,2.3462750399166435e-10
squares,linear+corner,0.5,0.2,0,21,6.068469559113564e-10,5.754309848603608e-11,0.0723653812557724,6.068469559113564e-10,5.754309848603608e-11,1.156569414140038e-11
squares,linear+corner,0.5,0.2,0,22,6.843865362083008e-10,5.185697954767455e-11,0.1326315168549995,6.843865362083008e-10,5.185697954767455e-11,7.622621872468269e-12
squares,linear+corner,0.5,0.2,0,23,3.865472339309509e-09,2.1558698374134692e-10,0.0317677970550175,3.865472339309509e-09,2.1558698374134692e-10,1.3020452565357854e-11
squares,linear+corner,0.5,0.2,0,24,1.4129160884030255e-09,1.9333273469739464e-10,0.1191173029875982,1.4129160884030255e-09,1.9333273469739464e-10,1.2974259855286962e-11
squares,linear+corner,0.5,0.3,0,0,1.6055848151695944e-09,2.7832626668209035e-10,0.4064159276003133,1.6055848151695944e-09,2.7832626668209035e-10,6.374782005364306e-11
squares,linear+corner,0.5,0.3,0,1,5.435942521165907e-10,5.381781580297685e-11,0.4225723659376729,5.435942521165907e-10,5.381781580297685e-11,7.499892085283894e-12
squares,linear+corner,0.5,0.3,0,2,0.6459553810477648,0.0138633473630529,0.3496138454519772,0.6459553810477648,0.0138633473630529,7.362620980407438e-10
squares,linear+corner,0.5,0.3,0,3,0.3397955801244053,3.3439903421976827e-12,0.1741332597430886,0.3397955801244053,3.3439903421976827e-12,4.996309555103409e-12
squares,linear+corner,0.5,0.3,0,4,1.2263805154818827e-06,5.866338412022162e-09,0.0429439475798094,1.2263805154818827e-06,5.866338412022162e-09,2.558976313639963e-08
squares,linear+corner,0.5,0.3,0,5,9.166547544965251e-10,1.047869816167558e-10,0.2567126532549373,9.166547544965251e-10,1.047869816167558e-10,1.8464791840830343e-11
squares,linear+corner,0.5,0.3,0,6,4.305883110662747e-09,1.3083673645337114e-10,0.1713807974009388,4.305883110662747e-09,1.3083673645337114e-10,1.8172658675262634e-10
squares,linear+corner,0.5,0.3,0,7,1.5764723688873428e-10,0.0129083021932777,0.3371653022162907,1.5764723688873428e-10,0.0129083021932777,3.900064835909292e-12
squares,linear+corner,0.5,0.3,0,8,8.683256488668046e-09,7.493887421410391e-11,0.0796643229054668,8.683256488668046e-09,7.493887421410391e-11,3.3443360896886364e-10
squares,linear+corner,0.5,0.3,0,9,1.4526829245249008e-10,1.6144489806885935e-11,0.149403716734486,1.4526829245249008e-10,1.6144489806885935e-11,9.82158482303762e-13
squares,linear+corner,0.5,0.3,0,10,4.875973257594086e-09,8.278238621998737e-11,0.1668545188713617,4.875973257594086e-09,8.278238621998737e-11,1.0457270913001064e-10
squares,linear+corner,0.5,0.3,0,11,4.077852343906225e-09,1.5641897194056629e-10,0.1594581619172374,4.077852343906225e-09,1.5641897194056629e-10,5.222238367139159e-11
squares,linear+corner,0.5,0.3,0,12,7.738688080854573e-10,5.90787165173675e-11,0.1201339797249779,7.738688080854573e-10,5.90787165173675e-11,2.8385256479155193e-12
squares,linear+corner,0.5,0.3,0,13,3.669467431922954e-09,6.504107881061482e-10,0.0438633036354381,3.669467431922954e-09,6.504107881061482e-10,2.789894317337621e-11
squares,linear+corner,0.5,0.3,0,14,3.9344886859479804e-10,4.713964498145873e-11,0.1817811604711441,3.9344886859479804e-10,4.713964498145873e-11,6.430725211648617e-12
squares,linear+corner,0.5,0.3,0,15,2.20026397382873e-10,3.701147225333735e-11,0.113831716719208,2.20026397382873e-10,3.701147225333735e-11,6.983513503919217e-13
squares,linear+corner,0.5,0.3,0,16,2.9220221203483052e-09,1.9495946596797077e-10,0.1084054361416119,2.9220221203483052e-09,1.9495946596797077e-10,6.963213873052093e-11
squares,linear+corner,0.5,0.3,0,17,2.1649449030060902e-09,1.0566724324883909e-10,0.0811120767311662,2.1649449030060902e-09,1.0566724324883909e-10,4.607773289264244e-11
squares,linear+corner,0.5,0.3,0,18,8.805903846526542e-07,3.766417073151872e-09,0.0311073767629303,8.805903846526542e-07,3.766417073151872e-09,1.1253657888112064e-08
squares,linear+corner,0.5,0.3,0,19,6.035050861595977e-10,6.617114968730627e-11,0.109382710574558,6.035050861595977e-10,6.617114968730627e-11,5.902818314819605e-12
squares,linear+corner,0.5,0.3,0,20,1.548279259091397e-09,7.818694372382369e-11,0.0655941503617933,1.548279259091397e-09,7.818694372382369e-11,1.2536338847962112e-11
squares,linear+corner,0.5,0.3,0,21,5.872130646480304e-10,8.972010904095987e-11,0.0657084223619766,5.872130646480304e-10,8.972010904095987e-11,1.1336150801154651e-11
squares,linear+corner,0.5,0.3,0,22,3.859343310144776e-09,3.1390599135119615e-10,0.1204401277823439,3.859343310144776e-09,3.1390599135119615e-10,4.5733808728011274e-11
squares,linear+corner,0.5,0.3,0,23,1.37979660988315e-09,1.1158184432465232e-10,0.033519767585896,1.37979660988315e-09,1.1158184432465232e-10,7.1431455070408416e-12
squares,linear+corner,0.5,0.3,0,24,1.2434669295288311e-09,1.7983053672457507e-10,0.1014216778679096,1.2434669295288311e-09,1.7983053672457507e-10,1.959810865102258e-11
squares,linear+corner,0.64,0.0,0,0,6.295129205286321e-10,1.516771904767804e-11,0.2128173600251514,6.295129205286321e-10,1.516771904767804e-11,3.9901434948246256e-11
squares,linear+corner,0.64,0.0,0,1,1.9926157312929194e-10,6.011022367688599e-12,0.2366939762928567,1.9926157312929194e-10,6.011022367688599e-12,1.4154194348578007e-11
squares,linear+corner,0.64,0.0,0,2,7.287190068194921e-09,5.169049834729231e-10,0.3237774552911861,7.287190068194921e-09,5.169049834729231e-10,8.809171186087269e-11
squares,linear+corner,0.64,0.0,0,3,6.088418431218365e-11,9.404033194589642e-12,0.1982836695224476,6.088418431218365e-11,9.404033194589642e-12,1.960951420995914e-12
squares,linear+corner,0.64,0.0,0,4,5.95272065228237e-10,4.7060903380894126e-11,0.0814576978362169,5.95272065228237e-10,4.7060903380894126e-11,1.3843202274038354e-11
squares,linear+corner,0.64,0.0,0,5,3.676708135715019e-09,2.667591971687605e-10,0.1562931741743142,3.676708135715019e-09,2.667591971687605e-10,4.6184364067434156e-11
squares,linear+corner,0.64,0.0,0,6,1.6349426580136236e-09,8.797075660519719e-11,0.1753428948677166,1.6349426580136236e-09,8.797075660519719e-11,1.7084526699899905e-11
squares,linear+corner,0.64,0.0,0,7,7.654089493558182e-08,3.77740689333139e-10,0.1494210047358667,7.654089493558182e-08,3.77740689333139e-10,1.990367400424943e-09
squares,linear+corner,0.64,0.0,0,8,9.005077290581153e-09,3.7891305332596914e-10,0.100153475296956,9.005077290581153e-09,3.7891305332596914e-10,9.366372262188743e-11
squares,linear+corner,0.64,0.0,0,9,1.5601448154916211e-09,9.378227414547639e-11,0.1103638963467732,1.5601448154916211e-09,9.378227414547639e-11,2.6879918194659337e-11
squares,linear+corner,0.64,0.0,0,10,4.94442551806728e-10,5.4461089637365546e-11,0.0888196757193916,4.94442551806728e-10,5.4461089637365546e-11,1.5469671128269705e-11
squares,linear+corner,0.64,0.0,0,11,2.4190120303887854e-10,2.1782111961429343e-11,0.1172944159741033,2.4190120303887854e-10,2.1782111961429343e-11,4.41600424663527e-12
squares,linear+corner,0.64,0.0,0,12,6.9636359150438876e-09,2.062437743174788e-10,0.0544192621787201,6.9636359150438876e-09,2.062437743174788e-10,1.2555641596883223e-10
squares,linear+corner,0.64,0.0,0,13,4.2288547429001127e-10,6.424961467081729e-11,0.1205878545674548,4.2288547429001127e-10,6.424961467081729e-11,6.882541069915606e-12
squares,linear+corner,0.64,0.0,0,14,2.5493627931349083e-10,4.5507529501259006e-11,0.1164905329306029,2.5493627931349083e-10,4.5507529501259006e-11,5.794806205186916e-12
squares,linear+corner,0.64,0.0,0,15,1.3662749800743894e-08,4.727392019916621e-10,0.0987264381980155,1.3662749800743894e-08,4.727392019916621e-10,1.9418048575884803e-10
squares,linear+corner,0.64,0.0,0,16,3.278973904595805e-09,1.77499938588424e-10,0.0883870178454055,3.278973904595805e-09,1.77499938588424e-10,4.951955138746706e-11
squares,linear+corner,0.64,0.0,0,17,1.2081527236872487e-08,3.572648254162097e-10,0.1008117425977101,1.2081527236872487e-08,3.572648254162097e-10,1.0073672159357944e-10
squares,linear+corner,0.64,0.0,0,18,4.657802693865388e-09,1.5205480133008017e-10,0.0594820527073995,4.657802693865388e-09,1.5205480133008017e-10,1.906275587237392e-11
squares,linear+corner,0.64,0.0,0,19,4.690532605573346e-10,6.041535113515114e-11,0.1032659263153539,4.690532605573346e-10,6.041535113515114e-11,5.7423616742191366e-12
squares,linear+corner,0.64,0.0,0,20,2.246318817922863e-09,8.373062590496052e-11,0.0619259590759325,2.246318817922863e-09,8.373062590496052e-11,4.703814451630834e-12
squares,linear+corner,0.64,0.0,0,21,7.403635695418679e-09,1.9297577686822959e-10,0.0693473674989958,7.403635695418679e-09,1.9297577686822959e-10,5.0392039307397855e-11
squares,linear+corner,0.64,0.0,0,22,1.926875788693858e-09,5.741169280292839e-11,0.0920289285257598,1.926875788693858e-09,5.741169280292839e-11,1.1882770037825507e-11
squares,linear+corner,0.64,0.0,0,23,1.4620886773835418e-08,2.6836124146476955e-10,0.0372481973481117,1.4620886773835418e-08,2.6836124146476955e-10,9.488468186570926e-11
squares,linear+corner,0.64,0.0,0,24,1.278098151727775e-07,2.2488302667830348e-09,0.1120484585504493,1.278098151727775e-07,2.2488302667830348e-09,1.3545339722205231e-09
squares,linear+corner,0.64,0.05,0,0,2.3387937522700057e-10,4.9142038635137e-11,0.2240872624613822,2.3387937522700057e-10,4.9142038635137e-11,3.58344282739084e-12
squares,linear+corner,0.64,0.05,0,1,6.818461870614273e-11,7.421393819457558e-12,0.256199419400731,6.818461870614273e-11,7.421393819457558e-12,5.509106860338195e-12
squares,linear+corner,0.64,0.05,0,2,1.511674786814104e-09,1.3232116159879918e-10,0.3227796184468341,1.511674786814104e-09,1.3232116159879918e-10,1.1446527201840816e-11
squares,linear+corner,0.64,0.05,0,3,1.9822272582574696e-10,3.1715789366034355e-11,0.2000768656359865,1.9822272582574696e-10,3.1715789366034355e-11,6.538269461489198e-12
squares,linear+corner,0.64,0.05,0,4,1.4227944803897736e-09,5.169093343007292e-11,0.0780536476657803,1.4227944803897736e-09,5.169093343007292e-11,3.874659084266023e-11
squares,linear+corner,0.64,0.05,0,5,1.9893466519444887e-10,7.115680613707937e-12,0.1685544384171687,1.9893466519444887e-10,7.115680613707937e-12,6.335647396045993e-12
squares,linear+corner,0.64,0.05,0,6,2.911522801235935e-10,7.695474127627289e-11,0.1857059726553459,2.911522801235935e-10,7.695474127627289e-11,7.387666540787035e-12
squares,linear+corner,0.64,0.05,0,7,5.582128367070408e-10,7.918920174708576e-11,0.1579194861166477,5.582128367070408e-10,7.918920174708576e-11,1.8775544377241203e-11
squares,linear+corner,0.64,0.05,0,8,3.145566839298456e-09,1.344221350039482e-10,0.1071146062466825,3.145566839298456e-09,1.344221350039482e-10,9.645840008549656e-12
squares,linear+corner,0.64,0.05,0,9,1.1793831347910603e-09,6.741791514995619e-11,0.1151656964372486,1.1793831347910603e-09,6.741791514995619e-11,3.215216697882797e-11
squares,linear+corner,0.64,0.05,0,10,1.5247079477568273e-08,1.4982051294665402e-10,0.0401408759554596,1.5247079477568273e-08,1.4982051294665402e-10,3.495976865300096e-10
squares,linear+corner,0.64,0.05,0,11,5.339931817174146e-10,3.410620209355024e-11,0.1159112837768702,5.339931817174146e-10,3.410620209355024e-11,1.507053766835077e-12
squares,linear+corner,0.64,0.05,0,12,2.66630862370583e-09,1.6372584062175146e-10,0.0446130603762029,2.66630862370583e-09,1.6372584062175146e-10,2.754880480540613e-11
squares,linear+corner,0.64,0.05,0,13,4.726601026824429e-09,1.5061466804108e-10,0.1148463679117514,4.726601026824429e-09,1.5061466804108e-10,6.696069480763239e-11
squares,linear+corner,0.64,0.05,0,14,4.4021458109802375e-09,3.80396238975139e-10,0.1148792824748235,4.4021458109802375e-09,3.80396238975139e-10,3.3087558157892705e-11
squares,linear+corner,0.64,0.05,0,15,1.3229167271090672e-09,9.157693754505216e-11,0.0948705405308983,1.3229167271090672e-09,9.157693754505216e-11,2.1364741218630438e-11
squares,linear+corner,0.64,0.05,0,16,1.4507579840146983e-09,1.0607949156302874e-10,0.0931729436387792,1.4507579840146983e-09,1.0607949156302874e-10,3.360279329071239e-11
squares,linear+corner,0.64,0.05,0,17,5.003566671774998e-09,2.1035302809977064e-10,0.0966431235629866,5.003566671774998e-09,2.1035302809977064e-10,5.074038628214261e-11
squares,linear+corner,0.64,0.05,0,18,1.464692248640479e-09,8.965468345190351e-11,0.0592495766500613,1.464692248640479e-09,8.965468345190351e-11,2.9022335138371543e-11
squares,linear+corner,0.64,0.05,0,19,2.1718332983539942e-10,3.6352501334219714e-11,0.1032941467376229,2.1718332983539942e-10,3.6352501334219714e-11,5.727446270385702e-12
squares,linear+corner,0.64,0.05,0,20,1.2999144733098057e-08,5.213426642087759e-10,0.0266262269018818,1.2999144733098057e-08,5.213426642087759e-10,8.517489314742998e-11
squares,linear+corner,0.64,0.05,0,21,6.754525126226709e-09,1.8387939420736675e-10,0.0697949559741883,6.754525126226709e-09,1.8387939420736675e-10,4.873512187460943e-11
squares,linear+corner,0.64,0.05,0,22,9.42367105927897e-10,9.636258280211886e-11,0.0912964259358339,9.42367105927897e-10,9.636258280211886e-11,4.260820139235078e-12
squares,linear+corner,0.64,0.05,0,23,5.8896032153735625e-06,1.3726183441733e-08,0.0690168082095188,5.8896032153735625e-06,1.3726183441733e-08,7.534977081884996e-08
squares,linear+corner,0.64,0.05,0,24,8.84195426935002e-10,3.8301378794043505e-11,0.104830219101598,8.84195426935002e-10,3.8301378794043505e-11,1.0283752825016522e-11
squares,linear+corner,0.64,0.1,0,0,2.823500180483417e-10,5.494690339847814e-11,0.2500625788917493,2.823500180483417e-10,5.494690339847814e-11,1.4552499924735229e-12
squares,linear+corner,0.64,0.1,0,1,1.6576320803644942e-10,5.029444737621703e-11,0.091711878560062,1.6576320803644942e-10,5.029444737621703e-11,2.555422551695737e-12
squares,linear+corner,0.64,0.1,0,2,7.564833688678135e-10,6.687721391570608e-11,0.3213138798527489,7.564833688678135e-10,6.687721391570608e-11,1.4735070771636223e-11
squares,linear+corner,0.64,0.1,0,3,8.496023788910207e-11,1.0212634284310332e-11,0.1840452610062473,8.496023788910207e-11,1.0212634284310332e-11,2.504715750697528e-12
squares,linear+corner,0.64,0.1,0,4,2.942231648938119e-09,2.4974579689386804e-10,0.0761298667780881,2.942231648938119e-09,2.4974579689386804e-10,1.010499076393518e-11
squares,linear+corner,0.64,0.1,0,5,1.546752024220989e-09,2.7495183046967483e-11,0.1642552462836133,1.546752024220989e-09,2.7495183046967483e-11,5.1377392124951914e-11
squares,linear+corner,0.64,0.1,0,6,3.8674645489016537e-10,4.756738999474809e-11,0.1957010484101433,3.8674645489016537e-10,4.756738999474809e-11,2.1486490320313668e-12
squares,linear+corner,0.64,0.1,0,7,2.936203132883046e-09,2.4364733615702907e-10,0.1704182610076455,2.936203132883046e-09,2.4364733615702907e-10,6.756032896012082e-11
squares,linear+corner,0.64,0.1,0,8,1.0233195059964171e-09,6.858571671262413e-11,0.0986338425251897,1.0233195059964171e-09,6.858571671262413e-11,3.5541353530476174e-11
squares,linear+corner,0.64,0.1,0,9,6.515124261536525e-10,4.371625443349776e-11,0.1114112015569422,6.515124261536525e-10,4.371625443349776e-11,1.5853311286841893e-11
squares,linear+corner,0.64,0.1,0,10,2.42199902887796e-09,9.132820509328343e-11,0.0400358665369072,2.42199902887796e-09,9.132820509328343e-11,4.3620410603174905e-11
squares,linear+corner,0.64,0.1,0,11,8.776064924320967e-10,4.9016955126257865e-11,0.1090010454510526,8.776064924320967e-10,4.9016955126257865e-11,2.112312392843195e-11
squares,linear+corner,0.64,0.1,0,12,1.797894401309358e-08,1.2758104597889915e-10,0.0403744441054457,1.797894401309358e-08,1.2758104597889915e-10,1.3888637696632451e-06
squares,linear+corner,0.64,0.1,0,13,4.2538571657122465e-09,2.7537965997309535e-10,0.1090646173647566,4.2538571657122465e-09,2.7537965997309535e-10,6.949141892671658e-11
squares,linear+corner,0.64,0.1,0,14,3.67212597355194e-10,4.418643271570859e-11,0.1223009785453764,3.67212597355194e-10,4.418643271570859e-11,7.199832290716077e-12
squares,linear+corner,0.64,0.1,0,15,1.2811571347800875e-06,4.4404647494096364e-08,0.0878634775175395,1.2811571347800875e-06,4.4404647494096364e-08,2.7835906790600193e-08
squares,linear+corner,0.64,0.1,0,16,1.0382697914678188e-08,6.608410712289765e-10,0.0951112701384788,1.0382697914678188e-08,6.608410712289765e-10,1.9463847411336957e-10
squares,linear+corner,0.64,0.1,0,17,3.146637115996474e-09,1.0717676023146535e-10,0.0946894231378529,3.146637115996474e-09,1.0717676023146535e-10,3.373697772954908e-11
squares,linear+corner,0.64,0.1,0,18,8.963473067705541e-09,1.5974471659780737e-10,0.0573979589460103,8.963473067705541e-09,1.5974471659780737e-10,1.2643415023699934e-10
squares,linear+corner,0.64,0.1,0,19,6.631221309361234e-10,1.1799330873369772e-10,0.103002375065246,6.631221309361234e-10,1.1799330873369772e-10,8.459525720878916e-12
squares,linear+corner,0.64,0.1,0,20,2.7481456868670947e-09,1.5813512455887968e-10,0.0644104482443747,2.7481456868670947e-09,1.5813512455887968e-10,4.7184730936305325e-11
squares,linear+corner,0.64,0.1,0,21,1.4535252077463056e-08,3.2859154073118717e-10,0.0703673071379266,1.4535252077463056e-08,3.2859154073118717e-10,9.212569715577734e-11
squares,linear+corner,0.64,0.1,0,22,1.2866650708518212e-10,2.561073039341972e-11,0.0908387372216512,1.2866650708518212e-10,2.561073039341972e-11,1.3746054408587212e-12
squares,linear+corner,0.64,0.1,0,23,1.797840841109464e-09,1.3109507158415996e-10,0.0712875150934164,1.797840841109464e-09,1.3109507158415996e-10,2.022347436025747e-11
squares,linear+corner,0.64,0.1,0,24,2.8184509723943867e-10,2.5846074216628636e-11,0.1030670765389109,2.8184509723943867e-10,2.5846074216628636e-11,2.308616890848715e-12
squares,linear+corner,0.64,0.2,0,0,2.3804777388618547e-10,2.2682402154207488e-11,0.2456071713259937,2.3804777388618547e-10,2.2682402154207488e-11,4.3950169209590416e-12
squares,linear+corner,0.64,0.2,0,1,4.033870579073093e-10,1.2999821956043452e-11,0.19301115842815,4.033870579073093e-10,1.2999821956043452e-11,1.4775121609977004e-11
squares,linear+corner,0.64,0.2,0,2,4.742634896396054e-11,5.717749696066679e-12,0.317243916856777,4.742634896396054e-11,5.717749696066679e-12,2.5384404458861066e-13
squares,linear+corner,0.64,0.2,0,3,6.675829222312052e-10,5.412460780536342e-11,0.1392687187594508,6.675829222312052e-10,5.412460780536342e-11,9.674644311386829e-12
squares,linear+corner,0.64,0.2,0,4,5.473168895877643e-10,4.526675027718001e-11,0.080074415871974,5.473168895877643e-10,4.526675027718001e-11,1.0983248685791134e-11
squares,linear+corner,0.64,0.2,0,5,8.012548224235949e-11,1.0125279333390264e-11,0.2323919310574558,8.012548224235949e-11,1.0125279333390264e-11,1.1425142989827122e-12
squares,linear+corner,0.64,0.2,0,6,0.0028175488757599,0.0001481680213641,0.1241576464737724,0.0028175488757599,0.0001481680213641,7.827762686113353e-09
squares,linear+corner,0.64,0.2,0,7,1.8331545860430576e-10,1.6855913929861156e-11,0.1724225014646672,1.8331545860430576e-10,1.6855913929861156e-11,1.2613000497996274e-11
squares,linear+corner,0.64,0.2,0,8,8.220877906839693e-10,4.5215097187343465e-11,0.0920026317197845,8.220877906839693e-10,4.5215097187343465e-11,4.7556238587820834e-11
squares,linear+corner,0.64,0.2,0,9,7.690802716387797e-09,2.1566887080003334e-10,0.1094842434293676,7.690802716387797e-09,2.1566887080003334e-10,9.626984483031949e-11
squares,linear+corner,0.64,0.2,0,10,1.5506226059455815e-09,1.0995386515548379e-10,0.0502782105163735,1.5506226059455815e-09,1.0995386515548379e-10,4.404657822498439e-11
squares,linear+corner,0.64,0.2,0,11,2.1954420298275657e-07,6.081804023135554e-09,0.141132148964184,2.1954420298275657e-07,6.081804023135554e-09,2.250777649953792e-09
squares,linear+corner,0.64,0.2,0,12,2.2623345390541863e-09,1.0809019919953335e-10,0.1064565589632464,2.2623345390541863e-09,1.0809019919953335e-10,4.271458068771129e-11
squares,linear+corner,0.64,0.2,0,13,1.5774624393732355e-09,5.0454284954019165e-11,0.106577715861018,1.5774624393732355e-09,5.0454284954019165e-11,1.6900254774760987e-11
squares,linear+corner,0.64,0.2,0,14,1.1407049649777395e-10,1.997120130934116e-11,0.006193450665036,1.1407049649777395e-10,1.997120130934116e-11,1.0367599422933564e-12
squares,linear+corner,0.64,0.2,0,15,5.723361617083076e-10,4.399334600140184e-11,0.0765650103938606,5.723361617083076e-10,4.399334600140184e-11,5.50150685047984e-12
squares,linear+corner,0.64,0.2,0,16,1.798088096266579e-09,1.8817372079220763e-10,0.0869042005878051,1.798088096266579e-09,1.8817372079220763e-10,6.615954297311518e-11
squares,linear+corner,0.64,0.2,0,17,5.1128356111432335e-09,2.7495736192852267e-10,0.0968487051741334,5.1128356111432335e-09,2.7495736192852267e-10,1.2321552076646203e-10
squares,linear+corner,0.64,0.2,0,18,6.882030889707912e-09,2.7512867392340665e-10,0.057974310216309,6.882030889707912e-09,2.7512867392340665e-10,4.610066260520724e-11
squares,linear+corner,0.64,0.2,0,19,1.6492695409369072e-09,1.192414204911256e-10,0.0789194885736241,1.6492695409369072e-09,1.192414204911256e-10,1.5117844396607724e-11
squares,linear+corner,0.64,0.2,0,20,6.885649038890093e-09,2.7544563815934067e-10,0.0609127137077802,6.885649038890093e-09,2.7544563815934067e-10,2.475142324843643e-11
squares,linear+corner,0.64,0.2,0,21,2.806546954278564e-09,1.0498079068498762e-10,0.0744710189876344,2.806546954278564e-09,1.0498079068498762e-10,5.019880952728101e-11
squares,linear+corner,0.64,0.2,0,22,2.172540671645673e-10,2.9347964684195615e-11,0.0905301619873167,2.172540671645673e-10,2.9347964684195615e-11,5.8858579783632495e-12
squares,linear+corner,0.64,0.2,0,23,2.1272660190998355e-09,1.0584701109385938e-10,0.0672262215821834,2.1272660190998355e-09,1.0584701109385938e-10,9.217955636870198e-12
squares,linear+corner,0.64,0.2,0,24,2.506747995146915e-09,1.2195365644168022e-10,0.0921438830088323,2.506747995146915e-09,1.2195365644168022e-10,2.366057573166563e-12
squares,linear+corner,0.64,0.3,0,0,2.6849921239685063e-09,2.187727577328148e-11,0.2460604388626172,2.6849921239685063e-09,2.187727577328148e-11,1.22781309566503e-10
squares,linear+corner,0.64,0.3,0,1,2.396875826179488e-09,1.8887080506526572e-10,0.1868804425013821,2.396875826179488e-09,1.8887080506526572e-10,9.111830742887198e-11
squares,linear+corner,0.64,0.3,0,2,7.512326555831927e-10,4.5428761974811356e-11,0.2143820197368133,7.512326555831927e-10,4.5428761974811356e-11,5.775310299202494e-12
squares,linear+corner,0.64,0.3,0,3,0.5413839290376966,0.0513298460681499,0.076777646014824,0.5413839290376966,0.0513298460681499,2.445127740827936e-12
squares,linear+corner,0.64,0.3,0,4,1.9570615851191303e-05,8.542228937807159e-08,0.0773262904310471,1.9570615851191303e-05,8.542228937807159e-08,5.139478895703447e-07
squares,linear+corner,0.64,0.3,0,5,1.0395490811311464e-09,2.2138631044305874e-10,0.197262014670105,1.0395490811311464e-09,2.2138631044305874e-10,8.062915775896898e-12
squares,linear+corner,0.64,0.3,0,6,4.3533765468438615e-10,4.7383356109563705e-11,0.1664929931764468,4.3533765468438615e-10,4.7383356109563705e-11,1.5648497944219841e-12
squares,linear+corner,0.64,0.3,0,7,1.8031245201991643e-10,2.5428964144075714e-11,0.0881301555483482,1.8031245201991643e-10,2.5428964144075714e-11,5.501034531302549e-12
squares,linear+corner,0.64,0.3,0,8,0.0126630463530356,0.0005846213829875,0.0580837752954161,0.0126630463530356,0.0005846213829875,2.222905040458807e-11
squares,linear+corner,0.64,0.3,0,9,5.176288052457551e-09,7.492823985383526e-11,0.1425860742749773,5.176288052457551e-09,7.492823985383526e-11,1.5208355400583307e-10
squares,linear+corner,0.64,0.3,0,10,2.2769239640864377e-08,1.7538085751856655e-10,0.052107677218909,2.2769239640864377e-08,1.7538085751856655e-10,5.547379199873624e-10
squares,linear+corner,0.64,0.3,0,11,7.305671597028175e-10,6.319739188699385e-11,0.1151248470638204,7.305671597028175e-10,6.319739188699385e-11,6.0570286849371616e-12
squares,linear+corner,0.64,0.3,0,12,9.222240592201753e-10,8.086687545649694e-11,0.1089854160295887,9.222240592201753e-10,8.086687545649694e-11,5.6923463686272955e-12
squares,linear+corner,0.64,0.3,0,13,1.152861951143362e-09,9.300966588343089e-11,0.0942011633036839,1.152861951143362e-09,9.300966588343089e-11,1.9046166619609142e-11
squares,linear+corner,0.64,0.3,0,14,1.3592302752702708e-08,1.0587242201973546e-09,0.0134513725275536,1.3592302752702708e-08,1.0587242201973546e-09,1.658526516790314e-10
squares,linear+corner,0.64,0.3,0,15,3.3749159401059817e-10,3.713055408384999e-11,0.1142605867974367,3.3749159401059817e-10,3.713055408384999e-11,8.33260980048306e-12
squares,linear+corner,0.64,0.3,0,16,2.3393861016420442e-09,7.89317840541218e-11,0.0638125110173707,2.3393861016420442e-09,7.89317840541218e-11,2.8070819134197017e-11
squares,linear+corner,0.64,0.3,0,17,5.987617252937395e-10,9.19289931297972e-11,0.0734475948057387,5.987617252937395e-10,9.19289931297972e-11,2.1897475463023e-11
squares,linear+corner,0.64,0.3,0,18,6.574963734908871e-10,5.707427980699491e-11,0.0533159051765458,6.574963734908871e-10,5.707427980699491e-11,1.1204653396273708e-11
squares,linear+corner,0.64,0.3,0,19,7.195907664155765e-10,5.265748511286149e-11,0.0746759567782745,7.195907664155765e-10,5.265748511286149e-11,3.0108037445707187e-12
squares,linear+corner,0.64,0.3,0,20,3.365099271343402e-09,1.672294007331232e-10,0.0285287092271633,3.365099271343402e-09,1.672294007331232e-10,2.0020447484530823e-11
squares,linear+corner,0.64,0.3,0,21,3.730223153920405e-08,7.249102234501422e-10,0.0744729747240233,3.730223153920405e-08,7.249102234501422e-10,3.3838166744758256e-10
squares,linear+corner,0.64,0.3,0,22,5.066277344576354e-10,5.3269633767135884e-11,0.0384668787580374,5.066277344576354e-10,5.3269633767135884e-11,5.897433217429338e-12
squares,linear+corner,0.64,0.3,0,23,4.269560056538608e-09,1.2594397141605358e-10,0.0677279166670963,4.269560056538608e-09,1.2594397141605358e-10,2.945373624455276e-11
squares,linear+corner,0.64,0.3,0,24,0.1848986088898202,3.9088267238736805e-10,0.3548093042023635,0.1848986088898202,3.9088267238736805e-10,6.134335226980696e-11
squares,linear+corner,1.0,0.0,0,0,1.981189872698721e-08,1.636281514834651e-09,0.1277744293715557,1.981189872698721e-08,1.636281514834651e-09,5.898073140997498e-10
squares,linear+corner,1.0,0.0,0,1,1.456315823885714e-09,4.466015426974209e-11,0.2036895855783558,1.456315823885714e-09,4.466015426974209e-11,3.7900989304714095e-11
squares,linear+corner,1.0,0.0,0,2,4.6425124357773706e-10,6.516323034359488e-11,0.1169684006287676,4.6425124357773706e-10,6.516323034359488e-11,2.130394584147588e-11
squares,linear+corner,1.0,0.0,0,3,9.3353216297594e-09,7.856709482979986e-10,0.103851547783619,9.3353216297594e-09,7.856709482979986e-10,3.7900144420322537e-10
squares,linear+corner,1.0,0.0,0,4,0.0128625153957251,0.0004717463221007,0.0744547011257231,0.0128625153957251,0.0004717463221007,5.5614656649907343e-11
squares,linear+corner,1.0,0.0,0,5,3.6823260765815085e-10,7.024954043787291e-11,0.1282347470936133,3.6823260765815085e-10,7.024954043787291e-11,1.3407844970028349e-12
squares,linear+corner,1.0,0.0,0,6,1.2728421329047778e-10,1.9181733998542577e-11,0.0500698700888517,1.2728421329047778e-10,1.9181733998542577e-11,4.4337866711430655e-12
squares,linear+corner,1.0,0.0,0,7,1.3704868419017514e-09,8.141654820347932e-11,0.0677328359916809,1.3704868419017514e-09,8.141654820347932e-11,3.969466623103759e-11
squares,linear+corner,1.0,0.0,0,8,2.5954237345732843e-09,1.0014573862556469e-10,0.0590878277955603,2.5954237345732843e-09,1.0014573862556469e-10,1.4418481297244624e-11
squares,linear+corner,1.0,0.0,0,9,2.792323802301569e-09,9.915077393245818e-11,0.0801332177479498,2.792323802301569e-09,9.915077393245818e-11,8.461818109312684e-12
squares,linear+corner,1.0,0.0,0,10,6.076537288888734e-10,6.776446139150147e-11,0.059848135128553,6.076537288888734e-10,6.776446139150147e-11,2.2982595041856573e-11
squares,linear+corner,1.0,0.0,0,11,1.830415319495905e-09,6.317942284694364e-11,0.041151665156831,1.830415319495905e-09,6.317942284694364e-11,3.3288650446107796e-11
squares,linear+corner,1.0,0.0,0,12,1.0581097642681994e-08,5.434594842430355e-10,0.0629542456618394,1.0581097642681994e-08,5.434594842430355e-10,1.7130823121702998e-10
squares,linear+corner,1.0,0.0,0,13,2.2354666370344027e-10,3.1337615104426956e-11,0.0442069422110548,2.2354666370344027e-10,3.1337615104426956e-11,1.963417768180538e-12
squares,linear+corner,1.0,0.0,0,14,2.069224998803351e-09,7.237778840784453e-11,0.0773934666065027,2.069224998803351e-09,7.237778840784453e-11,3.552185759359692e-11
squares,linear+corner,1.0,0.0,0,15,9.129023810733663e-06,2.6569089488978905e-08,0.062004616183451,9.129023810733663e-06,2.6569089488978905e-08,1.291633348198461e-07
squares,linear+corner,1.0,0.0,0,16,1.2933331527190127e-09,7.2507944404736e-11,0.0566624764235953,1.2933331527190127e-09,7.2507944404736e-11,8.621499775778442e-12
squares,linear+corner,1.0,0.0,0,17,8.089321136094371e-10,6.60503762332942e-11,0.031886666894538,8.089321136094371e-10,6.60503762332942e-11,2.114723147137518e-12
squares,linear+corner,1.0,0.0,0,18,6.532194599886889e-09,1.7297143862858596e-10,0.0285129587868315,6.532194599886889e-09,1.7297143862858596e-10,1.3221946413550029e-10
squares,linear+corner,1.0,0.0,0,19,2.601792396427787e-09,1.3931502423588486e-10,0.0649701350967556,2.601792396427787e-09,1.3931502423588486e-10,6.549491919812798e-11
squares,linear+corner,1.0,0.0,0,20,1.8109091639940873e-07,2.0559586922099302e-09,0.0416591754218778,1.8109091639940873e-07,2.0559586922099302e-09,1.7655872449732396e-09
squares,linear+corner,1.0,0.0,0,21,8.348999377142868e-09,1.7778101931329079e-10,0.0433176918177524,8.348999377142868e-09,1.7778101931329079e-10,1.1359956297750824e-10
squares,linear+corner,1.0,0.0,0,22,6.780908148716086e-09,8.846989619110403e-11,0.0554391818474146,6.780908148716086e-09,8.846989619110403e-11,8.12084105141056e-11
squares,linear+corner,1.0,0.0,0,23,4.3084111087996127e-10,4.260780003067815e-11,0.0473136491995548,4.3084111087996127e-10,4.260780003067815e-11,1.0195965630601364e-11
squares,linear+corner,1.0,0.0,0,24,8.356647714935206e-09,7.120811596742367e-10,0.0406186725515435,8.356647714935206e-09,7.120811596742367e-10,6.03414754060884e-11
squares,linear+corner,1.0,0.05,0,0,1.2091401425789507e-09,1.3220825543765788e-10,0.1226191803997285,1.2091401425789507e-09,1.3220825543765788e-10,2.2957365712174485e-11
squares,linear+corner,1.0,0.05,0,1,5.6067373085749286e-11,1.2542766618116396e-11,0.2152734107452558,5.6067373085749286e-11,1.2542766618116396e-11,6.261111036460376e-13
squares,linear+corner,1.0,0.05,0,2,2.247756034534917e-10,4.588446428493513e-11,0.1195020808640081,2.247756034534917e-10,4.588446428493513e-11,1.76975089168285e-11
squares,linear+corner,1.0,0.05,0,3,8.650444019913532e-11,1.7679685796698596e-11,0.1081710143110946,8.650444019913532e-11,1.7679685796698596e-11,1.0543944953343042e-12
squares,linear+corner,1.0,0.05,0,4,1.4647980076829502e-09,5.265385377316764e-11,0.1079176352650705,1.4647980076829502e-09,5.265385377316764e-11,4.2224021300278206e-11
squares,linear+corner,1.0,0.05,0,5,6.987020460738261e-11,2.653832579567076e-11,0.1206119842456315,6.987020460738261e-11,2.653832579567076e-11,6.083464629491837e-13
squares,linear+corner,1.0,0.05,0,6,6.531283325746293e-10,5.155330831839231e-11,0.0488342249228034,6.531283325746293e-10,5.155330831839231e-11,3.5490135759740886e-11
squares,linear+corner,1.0,0.05,0,7,3.2243059974845104e-10,7.421070957392297e-11,0.081136726041543,3.2243059974845104e-10,7.421070957392297e-11,2.1028491811365706e-12
squares,linear+corner,1.0,0.05,0,8,1.4252434927047764e-08,2.2746346822081715e-10,0.0567275012054307,1.4252434927047764e-08,2.2746346822081715e-10,2.0800683803967932e-10
squares,linear+corner,1.0,0.05,0,9,7.14930746835997e-10,6.01919453948531e-11,0.0804719772260423,7.14930746835997e-10,6.01919453948531e-11,1.1721584903456078e-11
squares,linear+corner,1.0,0.05,0,10,8.023222955037325e-10,5.7850839051940065e-11,0.0580252598805085,8.023222955037325e-10,5.7850839051940065e-11,2.989425884124555e-11
squares,linear+corner,1.0,0.05,0,11,2.6061015115145526e-09,7.6022418811911e-11,0.03825112263406,2.6061015115145526e-09,7.6022418811911e-11,1.2961877484033491e-11
squares,linear+corner,1.0,0.05,0,12,3.113773607704057e-09,2.0605157172327976e-10,0.061890257732028,3.113773607704057e-09,2.0605157172327976e-10,9.762985487468536e-11
squares,linear+corner,1.0,0.05,0,13,8.934163615589827e-10,5.2662370312982694e-11,0.0476761229302898,8.934163615589827e-10,5.2662370312982694e-11,2.1890531038428124e-11
squares,linear+corner,1.0,0.05,0,14,7.235474261068797e-10,2.9294306310460375e-11,0.0776020625454873,7.235474261068797e-10,2.9294306310460375e-11,2.4060778893606236e-11
squares,linear+corner,1.0,0.05,0,15,1.452987544660672e-06,2.7814474038534347e-09,0.0616431118063577,1.452987544660672e-06,2.7814474038534347e-09,2.6808667744391422e-08
squares,linear+corner,1.0,0.05,0,16,2.2933108955381218e-10,2.702811047296635e-11,0.0588733939145637,2.2933108955381218e-10,2.702811047296635e-11,1.1325547599834086e-12
squares,linear+corner,1.0,0.05,0,17,6.798167606766266e-09,2.3525527141753527e-10,0.0285399904225213,6.798167606766266e-09,2.3525527141753527e-10,5.871490010634917e-11
squares,linear+corner,1.0,0.05,0,18,1.2180509063826706e-08,1.9792998470221539e-10,0.0298024506905348,1.2180509063826706e-08,1.9792998470221539e-10,1.6406719855209734e-10
squares,linear+corner,1.0,0.05,0,19,1.101771696612765e-09,3.7843970458089495e-11,0.0670820730117265,1.101771696612765e-09,3.7843970458089495e-11,2.1391519980366094e-11
squares,linear+corner,1.0,0.05,0,20,1.284086068894443e-07,1.816778994844066e-09,0.0586830682589852,1.284086068894443e-07,1.816778994844066e-09,8.357488721733644e-10
squares,linear+corner,1.0,0.05,0,21,8.786128192549058e-10,6.14997204480592e-11,0.0447627129794088,8.786128192549058e-10,6.14997204480592e-11,1.9576999256250238e-11
squares,linear+corner,1.0,0.05,0,22,2.263174384052819e-10,1.457320665996547e-11,0.0586486922774432,2.263174384052819e-10,1.457320665996547e-11,2.563089058637038e-12
squares,linear+corner,1.0,0.05,0,23,1.013991574939764e-09,5.966396951594071e-11,0.0465768874688349,1.013991574939764e-09,5.966396951594071e-11,1.8693605860581063e-11
squares,linear+corner,1.0,0.05,0,24,1.9455183948156248e-10,2.9830450584512494e-11,0.0665114348128192,1.9455183948156248e-10,2.9830450584512494e-11,5.376806705543298e-13
squares,linear+corner,1.0,0.1,0,0,3.879428907653255e-10,3.9440028880449304e-11,0.1107951586261571,3.879428907653255e-10,3.9440028880449304e-11,6.028339836801204e-12
squares,linear+corner,1.0,0.1,0,1,5.716953907351568e-11,5.733299961775744e-12,0.2161533428006284,5.716953907351568e-11,5.733299961775744e-12,2.2994047828447778e-12
squares,linear+corner,1.0,0.1,0,2,1.1515040800147807e-10,2.2873897641030225e-11,0.1152012658929027,1.1515040800147807e-10,2.2873897641030225e-11,5.625286764178321e-12
squares,linear+corner,1.0,0.1,0,3,9.419423748705688e-11,2.1769455526995115e-11,0.0959900933356911,9.419423748705688e-11,2.1769455526995115e-11,4.614047310931889e-12
squares,linear+corner,1.0,0.1,0,4,9.427623941678259e-10,6.132424565920157e-11,0.1066191024622655,9.427623941678259e-10,6.132424565920157e-11,7.053240680035439e-11
squares,linear+corner,1.0,0.1,0,5,2.477880954481614e-10,2.7456157012069253e-11,0.1115341482532527,2.477880954481614e-10,2.7456157012069253e-11,5.606960216916504e-12
squares,linear+corner,1.0,0.1,0,6,8.038757678408358e-10,6.552032156347264e-11,0.046885436041365,8.038757678408358e-10,6.552032156347264e-11,1.1158692953170966e-11
squares,linear+corner,1.0,0.1,0,7,2.1828483572318142e-10,3.610145017942027e-11,0.1232945389491907,2.1828483572318142e-10,3.610145017942027e-11,5.9824442655324515e-12
squares,linear+corner,1.0,0.1,0,8,3.2137088137287336e-10,4.866644711673826e-11,0.0528275541458747,3.2137088137287336e-10,4.866644711673826e-11,4.644087746676286e-12
squares,linear+corner,1.0,0.1,0,9,5.411328826036607e-10,4.4618587353636076e-11,0.0805865314295082,5.411328826036607e-10,4.4618587353636076e-11,8.393666599688571e-12
squares,linear+corner,1.0,0.1,0,10,4.049994023133137e-10,4.329456351447115e-11,0.0543194711848298,4.049994023133137e-10,4.329456351447115e-11,6.310583845891514e-12
squares,linear+corner,1.0,0.1,0,11,5.236339543012809e-10,5.143530953944271e-11,0.0328388672812484,5.236339543012809e-10,5.143530953944271e-11,2.1086914263906828e-11
squares,linear+corner,1.0,0.1,0,12,1.270894775546031e-09,5.5256330455230746e-11,0.0619606220828343,1.270894775546031e-09,5.5256330455230746e-11,2.439951426967771e-11
squares,linear+corner,1.0,0.1,0,13,5.578773393660714e-10,3.3034838707588664e-11,0.047486807935405,5.578773393660714e-10,3.3034838707588664e-11,1.5330596773302848e-11
squares,linear+corner,1.0,0.1,0,14,7.628164797700075e-10,6.14355345658097e-11,0.0761282923854795,7.628164797700075e-10,6.14355345658097e-11,4.600635776832839e-12
squares,linear+corner,1.0,0.1,0,15,1.0071112414591229e-07,3.955813061020971e-09,0.0680223754336284,1.0071112414591229e-07,3.955813061020971e-09,2.940989536631379e-09
squares,linear+corner,1.0,0.1,0,16,3.9995177714549454e-10,3.280070848601498e-11,0.060811339502848,3.9995177714549454e-10,3.280070848601498e-11,6.929164313867829e-12
squares,linear+corner,1.0,0.1,0,17,2.2357937390042857e-08,5.507118379945836e-10,0.0458271740900591,2.2357937390042857e-08,5.507118379945836e-10,4.4722275518877725e-10
squares,linear+corner,1.0,0.1,0,18,4.244764929786873e-09,1.1783311812863305e-10,0.0317529865020849,4.244764929786873e-09,1.1783311812863305e-10,2.166480840948456e-11
squares,linear+corner,1.0,0.1,0,19,2.1158213596987046e-10,3.7530771802683896e-11,0.065689716054843,2.1158213596987046e-10,3.7530771802683896e-11,2.4417883110921593e-12
squares,linear+corner,1.0,0.1,0,20,2.5406583584720542e-09,7.791604951927363e-11,0.0591189769234173,2.5406583584720542e-09,7.791604951927363e-11,3.7059176573494505e-11
squares,linear+corner,1.0,0.1,0,21,2.35130797762221e-09,3.7067434440966165e-11,0.0446925961555599,2.35130797762221e-09,3.7067434440966165e-11,1.985613147748544e-11
squares,linear+corner,1.0,0.1,0,22,2.9863575744756687e-10,4.5547480353784295e-11,0.0603344492329163,2.9863575744756687e-10,4.5547480353784295e-11,2.150372754994876e-12
squares,linear+corner,1.0,0.1,0,23,8.196427633757257e-09,1.8708487377838867e-10,0.0439543581044708,8.196427633757257e-09,1.8708487377838867e-10,1.3306202105757635e-10
squares,linear+corner,1.0,0.1,0,24,7.24135802699176e-10,8.757448204532568e-11,0.0658990272622346,7.24135802699176e-10,8.757448204532568e-11,4.372023908903576e-12
squares,linear+corner,1.0,0.2,0,0,1.4095959133015048e-10,2.2794397324388372e-11,0.1823727895600009,1.4095959133015048e-10,2.2794397324388372e-11,1.8473216886604793e-11
squares,linear+corner,1.0,0.2,0,1,6.64406020046964e-11,2.3766115869437068e-11,0.2350701145632,6.64406020046964e-11,2.3766115869437068e-11,2.5257142301701807e-12
squares,linear+corner,1.0,0.2,0,2,1.933466251652699e-10,1.5857071593094554e-11,0.1131673053607072,1.933466251652699e-10,1.5857071593094554e-11,1.1679927640174088e-11
squares,linear+corner,1.0,0.2,0,3,0.0243640074933941,2.854983162274259e-11,0.2100569646083686,0.0243640074933941,2.854983162274259e-11,1.3670196417847758e-11
squares,linear+corner,1.0,0.2,0,4,4.2506540536618005e-10,2.705685293445009e-11,0.096406447449587,4.2506540536618005e-10,2.705685293445009e-11,9.028657297039188e-12
squares,linear+corner,1.0,0.2,0,5,5.036672886280553e-10,2.8035626787244574e-11,0.070414762295792,5.036672886280553e-10,2.8035626787244574e-11,6.814873254086661e-12
squares,linear+corner,1.0,0.2,0,6,2.2937616663741e-09,4.235714671793711e-11,0.0421552855712589,2.2937616663741e-09,4.235714671793711e-11,4.636308434391183e-11
squares,linear+corner,1.0,0.2,0,7,2.6698183136613296e-10,4.6064439218919873e-11,0.123840191125382,2.6698183136613296e-10,4.6064439218919873e-11,1.658922344810769e-12
squares,linear+corner,1.0,0.2,0,8,9.018721321215107e-10,5.7338048070125196e-11,0.082847150965872,9.018721321215107e-10,5.7338048070125196e-11,3.2756879268990534e-11
squares,linear+corner,1.0,0.2,0,9,4.654572400972218e-10,4.158545534741857e-11,0.0797879213895566,4.654572400972218e-10,4.158545534741857e-11,7.474108196607491e-12
squares,linear+corner,1.0,0.2,0,10,3.539070588502292e-10,2.687528267448023e-11,0.0513437568455541,3.539070588502292e-10,2.687528267448023e-11,3.916898147771174e-12
squares,linear+corner,1.0,0.2,0,11,7.969361953537384e-10,4.562783079543581e-11,0.0204304903309691,7.969361953537384e-10,4.562783079543581e-11,2.8695092024363093e-12
squares,linear+corner,1.0,0.2,0,12,2.9387920602923823e-09,1.28900257281357e-10,0.0561753007688243,2.9387920602923823e-09,1.28900257281357e-10,4.4940193263118246e-11
squares,linear+corner,1.0,0.2,0,13,1.694780605556612e-09,3.205394086346705e-11,0.0453516969393203,1.694780605556612e-09,3.205394086346705e-11,2.1574243496234347e-11
squares,linear+corner,1.0,0.2,0,14,4.063117608196835e-09,7.208490183987984e-11,0.0770029301653138,4.063117608196835e-09,7.208490183987984e-11,5.0424364588354594e-11
squares,linear+corner,1.0,0.2,0,15,6.330772051221191e-10,4.391988690504363e-11,0.0629597776974421,6.330772051221191e-10,4.391988690504363e-11,4.338834932112146e-12
squares,linear+corner,1.0,0.2,0,16,7.99759953154682e-08,6.31790238360499e-09,0.0606347843289682,7.99759953154682e-08,6.31790238360499e-09,1.17259512056054e-09
squares,linear+corner,1.0,0.2,0,17,3.6416664691216236e-09,1.1162040835654888e-10,0.0668896637922574,3.6416664691216236e-09,1.1162040835654888e-10,4.849477938207802e-11
squares,linear+corner,1.0,0.2,0,18,1.0544407660639017e-05,2.5095528703883413e-08,0.0304137657250189,1.0544407660639017e-05,2.5095528703883413e-08,1.5771140977545472e-07
squares,linear+corner,1.0,0.2,0,19,1.1560871604304272e-09,8.358103430789261e-11,0.0614811662051648,1.1560871604304272e-09,8.358103430789261e-11,1.6222105291028264e-11
squares,linear+corner,1.0,0.2,0,20,4.645909675354174e-09,1.5560660405412728e-10,0.0567837336647835,4.645909675354174e-09,1.5560660405412728e-10,1.2154748775757196e-10
squares,linear+corner,1.0,0.2,0,21,7.679387297539667e-09,1.181610250144111e-10,0.0430774741158383,7.679387297539667e-09,1.181610250144111e-10,1.3056474596476011e-10
squares,linear+corner,1.0,0.2,0,22,2.1326330864137508e-10,4.8826907173535254e-11,0.0551301459334651,2.1326330864137508e-10,4.8826907173535254e-11,1.118311259843413e-11
squares,linear+corner,1.0,0.2,0,23,3.3854686899914602e-09,6.676799934209618e-11,0.0427169478179736,3.3854686899914602e-09,6.676799934209618e-11,3.215444414550458e-11
squares,linear+corner,1.0,0.2,0,24,1.279963648105863e-09,1.0714996262652444e-10,0.0624791174861333,1.279963648105863e-09,1.0714996262652444e-10,3.833087906700151e-12
squares,linear+corner,1.0,0.3,0,0,2.0665067673503446e-10,1.974188086246705e-11,0.1891342308399969,2.0665067673503446e-10,1.974188086246705e-11,2.381979517253352e-12
squares,linear+corner,1.0,0.3,0,1,7.189384778776223e-11,8.719364267423574e-12,0.1754923709923508,7.189384778776223e-11,8.719364267423574e-12,8.379105858235584e-13
squares,linear+corner,1.0,0.3,0,2,1.6885726701195912e-10,1.1641186346407903e-11,0.1144826144203244,1.6885726701195912e-10,1.1641186346407903e-11,9.741321727372778e-13
squares,linear+corner,1.0,0.3,0,3,2.981246516501653e-10,0.0114854370078378,0.2182225816368514,2.981246516501653e-10,0.0114854370078378,1.4904176951485788e-11
squares,linear+corner,1.0,0.3,0,4,1.9859020966083978e-10,2.086149602046591e-11,0.0985289936278422,1.9859020966083978e-10,2.086149602046591e-11,3.335700870101135e-12
squares,linear+corner,1.0,0.3,0,5,7.679048498646879e-11,1.3731847975779604e-11,0.4033413387117466,7.679048498646879e-11,1.3731847975779604e-11,1.1918169906704158e-12
squares,linear+corner,1.0,0.3,0,6,3.4492532853906917e-10,3.3874401900543096e-11,0.1093580355026872,3.4492532853906917e-10,3.3874401900543096e-11,6.178398829384039e-12
squares,linear+corner,1.0,0.3,0,7,0.2402308456709674,0.0095876267299435,0.0265532300782882,0.2402308456709674,0.0095876267299435,1.0812964267076064e-11
squares,linear+corner,1.0,0.3,0,8,2.205015150529537e-09,1.1373382984469359e-10,0.0702357828975185,2.205015150529537e-09,1.1373382984469359e-10,5.4058147084875285e-11
squares,linear+corner,1.0,0.3,0,9,2.7480476156930465e-10,4.4997201350116026e-11,0.0736591231214801,2.7480476156930465e-10,4.4997201350116026e-11,9.508391794026856e-12
squares,linear+corner,1.0,0.3,0,10,1.1525170830449427e-09,6.527398175917785e-11,0.0506065059986366,1.1525170830449427e-09,6.527398175917785e-11,2.0201452392406886e-11
squares,linear+corner,1.0,0.3,0,11,2.8477835720370297e-10,5.0065867653350093e-11,0.0429562045236948,2.8477835720370297e-10,5.0065867653350093e-11,1.3308065939624117e-11
squares,linear+corner,1.0,0.3,0,12,1.2374448785603614e-08,3.2760797780991635e-10,0.0546749909538718,1.2374448785603614e-08,3.2760797780991635e-10,2.746422559339801e-10
squares,linear+corner,1.0,0.3,0,13,3.1934231096522336e-10,2.4564831693173118e-11,0.0414799722245205,3.1934231096522336e-10,2.4564831693173118e-11,5.856272370032072e-12
squares,linear+corner,1.0,0.3,0,14,1.8047726183766734e-09,6.216216119133221e-11,0.0624694736875945,1.8047726183766734e-09,6.216216119133221e-11,2.822404348028292e-11
squares,linear+corner,1.0,0.3,0,15,3.703979509866907e-10,3.729931661715333e-11,0.0575232362710238,3.703979509866907e-10,3.729931661715333e-11,3.981698639186567e-12
squares,linear+corner,1.0,0.3,0,16,3.9107920421143955e-10,4.0835580779794866e-11,0.0598421636632439,3.9107920421143955e-10,4.0835580779794866e-11,4.961539091861334e-12
squares,linear+corner,1.0,0.3,0,17,2.622465255598568e-09,8.220808775675896e-11,0.0718835710815722,2.622465255598568e-09,8.220808775675896e-11,5.862664973216547e-11
squares,linear+corner,1.0,0.3,0,18,3.758304831995103e-09,9.596351522558107e-11,0.0348337474763564,3.758304831995103e-09,9.596351522558107e-11,4.534361993876893e-11
squares,linear+corner,1.0,0.3,0,19,1.171752308619001e-09,1.7215656046475208e-10,0.0557417038076238,1.171752308619001e-09,1.7215656046475208e-10,1.5113093494166783e-11
squares,linear+corner,1.0,0.3,0,20,1.6552780677215473e-08,2.36840758629578e-10,0.0525745387245923,1.6552780677215473e-08,2.36840758629578e-10,1.0743124016038066e-10
squares,linear+corner,1.0,0.3,0,21,3.3727396226167843e-09,1.1672708628978689e-10,0.0427051556429244,3.3727396226167843e-09,1.1672708628978689e-10,2.553286735539338e-11
squares,linear+corner,1.0,0.3,0,22,1.2634025296391087e-10,4.021017326597179e-11,0.0517447208136897,1.2634025296391087e-10,4.021017326597179e-11,6.542699629509432e-12
squares,linear+corner,1.0,0.3,0,23,1.1038725272209746e-09,7.218521447748409e-11,0.0410262431230793,1.1038725272209746e-09,7.218521447748409e-11,2.3738654049861493e-11
squares,linear+corner,1.0,0.3,0,24,2.9888253013967865e-08,3.078037601678888e-10,0.0510126200546244,2.9888253013967865e-08,3.078037601678888e-10,2.985656576004911e-10
squares,linear+corner,1.28,0.0,0,0,2.4031661732414902e-09,1.8828385768206774e-10,0.1139191512135858,2.4031661732414902e-09,1.8828385768206774e-10,8.890836728263993e-11
squares,linear+corner,1.28,0.0,0,1,1.3702906190541736e-10,5.862639767614042e-11,0.0955416169789483,1.3702906190541736e-10,5.862639767614042e-11,6.796449570535164e-12
squares,linear+corner,1.28,0.0,0,2,1.3570536814484251e-09,1.3470256568469176e-10,0.1044823961726964,1.3570536814484251e-09,1.3470256568469176e-10,5.922389020523753e-11
squares,linear+corner,1.28,0.0,0,3,9.248387809792795e-11,1.6915487764580295e-11,0.0962973442904352,9.248387809792795e-11,1.6915487764580295e-11,1.7591648631624977e-12
squares,linear+corner,1.28,0.0,0,4,1.054945585621815e-09,5.5817422119029686e-11,0.062357701535881,1.054945585621815e-09,5.5817422119029686e-11,1.4973313300042398e-13
squares,linear+corner,1.28,0.0,0,5,7.203438450582718e-11,1.724958621957591e-11,0.1000592039017077,7.203438450582718e-11,1.724958621957591e-11,7.0776981239751456e-12
squares,linear+corner,1.28,0.0,0,6,2.373713057233947e-09,1.2200723107599958e-10,0.0578718110534204,2.373713057233947e-09,1.2200723107599958e-10,6.350744155952354e-11
squares,linear+corner,1.28,0.0,0,7,8.623469951389318e-10,4.9032906893282155e-11,0.0557857212859425,8.623469951389318e-10,4.9032906893282155e-11,2.003463046962388e-11
squares,linear+corner,1.28,0.0,0,8,0.0140101687128687,0.0003196320567223,0.0326931877355692,0.0140101687128687,0.0003196320567223,8.165423191131649e-11
squares,linear+corner,1.28,0.0,0,9,9.22755282965101e-09,3.0433272460326367e-10,0.0620340714151156,9.22755282965101e-09,3.0433272460326367e-10,1.5901765829642657e-10
squares,linear+corner,1.28,0.0,0,10,3.2837623031729134e-08,6.727943733461012e-10,0.0664424645599114,3.2837623031729134e-08,6.727943733461012e-10,5.800839854692164e-10
squares,linear+corner,1.28,0.0,0,11,2.852134179787952e-09,6.593912104805327e-11,0.071483631806497,2.852134179787952e-09,6.593912104805327e-11,5.7798375254876095e-11
squares,linear+corner,1.28,0.0,0,12,1.908546800448636e-09,6.336410128340438e-11,0.050968162489062,1.908546800448636e-09,6.336410128340438e-11,2.6217685529651232e-11
squares,linear+corner,1.28,0.0,0,13,5.009781309097216e-10,4.7597966188956555e-11,0.0479400720390694,5.009781309097216e-10,4.7597966188956555e-11,9.076279205507104e-12
squares,linear+corner,1.28,0.0,0,14,1.4814431729969863e-09,9.342701278647067e-11,0.030745223053839,1.4814431729969863e-09,9.342701278647067e-11,8.470127890477103e-12
squares,linear+corner,1.28,0.0,0,15,6.310591764766901e-10,5.123150129109123e-11,0.0229848631620407,6.310591764766901e-10,5.123150129109123e-11,1.9381841335666395e-11
squares,linear+corner,1.28,0.0,0,16,6.577941571733298e-09,2.2355122422002487e-10,0.0574637765182071,6.577941571733298e-09,2.2355122422002487e-10,9.790882271378615e-11
squares,linear+corner,1.28,0.0,0,17,7.322922023324322e-09,1.1229365335271955e-10,0.0598460341899656,7.322922023324322e-09,1.1229365335271955e-10,5.4900305475385125e-11
squares,linear+corner,1.28,0.0,0,18,5.218304095445582e-09,9.344961854892854e-11,0.0162240437899057,5.218304095445582e-09,9.344961854892854e-11,4.1262822204761377e-11
squares,linear+corner,1.28,0.0,0,19,2.6591285270731545e-10,2.988581901681132e-11,0.0569673069513099,2.6591285270731545e-10,2.988581901681132e-11,1.0530666675311096e-12
squares,linear+corner,1.28,0.0,0,20,4.235476991878706e-09,9.623893645824784e-11,0.0308060045574218,4.235476991878706e-09,9.623893645824784e-11,3.1468267492941946e-11
squares,linear+corner,1.28,0.0,0,21,2.6559935918322403e-09,6.876127072606975e-11,0.0300677537815362,2.6559935918322403e-09,6.876127072606975e-11,4.331072253426162e-11
squares,linear+corner,1.28,0.0,0,22,1.3265598368824906e-09,4.1878222496948175e-11,0.0612181719567869,1.3265598368824906e-09,4.1878222496948175e-11,1.2624205735128064e-11
squares,linear+corner,1.28,0.0,0,23,2.109360307273991e-09,6.608546475167384e-11,0.0215459318379818,2.109360307273991e-09,6.608546475167384e-11,3.4439391446572935e-11
squares,linear+corner,1.28,0.0,0,24,1.4032823571205542e-08,9.617158050857032e-10,0.0460396825539002,1.4032823571205542e-08,9.617158050857032e-10,1.0041949563017412e-11
squares,linear+corner,1.28,0.05,0,0,2.8043328174255493e-10,3.4785104540877073e-11,0.1096331816067368,2.8043328174255493e-10,3.4785104540877073e-11,5.391768824754918e-12
squares,linear+corner,1.28,0.05,0,1,2.9639282457404455e-10,1.0200665673540103e-10,0.0862158363901951,2.9639282457404455e-10,1.0200665673540103e-10,1.4555395509963284e-11
squares,linear+corner,1.28,0.05,0,2,1.7866039838609707e-09,5.401137493458123e-11,0.1006208275067665,1.7866039838609707e-09,5.401137493458123e-11,5.062507267884341e-11
squares,linear+corner,1.28,0.05,0,3,7.063442722953526e-11,1.216260599932933e-11,0.1002996235650094,7.063442722953526e-11,1.216260599932933e-11,4.204681995533755e-12
squares,linear+corner,1.28,0.05,0,4,1.0439337775391953e-08,4.7070615136988914e-11,0.0661230101162643,1.0439337775391953e-08,4.7070615136988914e-11,3.734940873963995e-10
squares,linear+corner,1.28,0.05,0,5,5.092018144961693e-10,1.7011387886938711e-10,0.1009743355733275,5.092018144961693e-10,1.7011387886938711e-10,2.2700344039558664e-11
squares,linear+corner,1.28,0.05,0,6,3.771131881058244e-10,3.4225089954920056e-11,0.0531252596244798,3.771131881058244e-10,3.4225089954920056e-11,2.9339494868935697e-12
squares,linear+corner,1.28,0.05,0,7,1.3517990968896395e-09,3.054409515278913e-11,0.048986868434609,1.3517990968896395e-09,3.054409515278913e-11,2.4584154279600425e-11
squares,linear+corner,1.28,0.05,0,8,0.0344000034079948,0.0006355206189559,0.0314461706479939,0.0344000034079948,0.0006355206189559,2.550239899215895e-10
squares,linear+corner,1.28,0.05,0,9,7.61812575145714e-10,4.223635622808498e-11,0.0636310028942071,7.61812575145714e-10,4.223635622808498e-11,1.7522475462028496e-11
squares,linear+corner,1.28,0.05,0,10,2.303150745856156e-09,1.1451286419201227e-10,0.0642196388564685,2.303150745856156e-09,1.1451286419201227e-10,1.8540858893519337e-11
squares,linear+corner,1.28,0.05,0,11,1.2282549944182792e-09,6.311845807659338e-11,0.0737198942515619,1.2282549944182792e-09,6.311845807659338e-11,1.9587794015146462e-11
squares,linear+corner,1.28,0.05,0,12,1.106268689955101e-09,5.023566028862757e-11,0.0529085542372278,1.106268689955101e-09,5.023566028862757e-11,2.7102369950340715e-12
squares,linear+corner,1.28,0.05,0,13,7.86508615277268e-10,5.7677374910701567e-11,0.0644906370411346,7.86508615277268e-10,5.7677374910701567e-11,4.549965605514747e-12
squares,linear+corner,1.28,0.05,0,14,2.876765912795343e-09,1.0648545305705082e-10,0.0596836272284251,2.876765912795343e-09,1.0648545305705082e-10,6.88067164092128e-12
squares,linear+corner,1.28,0.05,0,15,2.049873253067323e-09,1.0283439306125927e-10,0.0240921201839526,2.049873253067323e-09,1.0283439306125927e-10,2.3837738683251805e-11
squares,linear+corner,1.28,0.05,0,16,1.8341479949542515e-09,5.873236603703873e-11,0.0564060780889476,1.8341479949542515e-09,5.873236603703873e-11,2.4124951031264133e-11
squares,linear+corner,1.28,0.05,0,17,2.00399092900086e-08,2.409433586864804e-10,0.0567897464509449,2.00399092900086e-08,2.409433586864804e-10,2.0387640975126731e-10
squares,linear+corner,1.28,0.05,0,18,3.992819315037336e-09,6.00685156646557e-11,0.0173914902186632,3.992819315037336e-09,6.00685156646557e-11,3.366311400368223e-11
squares,linear+corner,1.28,0.05,0,19,1.9249530145697231e-10,1.6816683211535733e-11,0.05630470287754,1.9249530145697231e-10,1.6816683211535733e-11,4.684022923754572e-12
squares,linear+corner,1.28,0.05,0,20,2.580342958692823e-09,7.335246773485404e-11,0.0298866301388866,2.580342958692823e-09,7.335246773485404e-11,2.5260647053438753e-12
squares,linear+corner,1.28,0.05,0,21,1.6707443950956115e-09,4.9337453525308006e-11,0.0307288948278912,1.6707443950956115e-09,4.9337453525308006e-11,2.2264492750830227e-11
squares,linear+corner,1.28,0.05,0,22,4.870023782456282e-09,2.366369102665236e-10,0.0523521329397958,4.870023782456282e-09,2.366369102665236e-10,7.031433319779883e-11
squares,linear+corner,1.28,0.05,0,23,2.3786459296615615e-08,3.0825673125110576e-10,0.0225890984271126,2.3786459296615615e-08,3.0825673125110576e-10,3.7023678246994035e-10
squares,linear+corner,1.28,0.05,0,24,2.07787193170834e-09,8.59741472376755e-11,0.0464181108185229,2.07787193170834e-09,8.59741472376755e-11,3.7337025067365026e-11
squares,linear+corner,1.28,0.1,0,0,4.955903724370053e-09,1.2673786759485847e-10,0.1038698347486603,4.955903724370053e-09,1.2673786759485847e-10,1.149639194412838e-10
squares,linear+corner,1.28,0.1,0,1,1.8174936743883198e-09,1.1255828300481743e-10,0.1003868492285132,1.8174936743883198e-09,1.1255828300481743e-10,4.73291894210567e-11
squares,linear+corner,1.28,0.1,0,2,1.2108937737879194e-10,7.655922883994032e-12,0.1018224941572427,1.2108937737879194e-10,7.655922883994032e-12,6.012265931704781e-12
squares,linear+corner,1.28,0.1,0,3,1.82014562340279e-10,1.1527804220686117e-10,0.1009088496427717,1.82014562340279e-10,1.1527804220686117e-10,7.159154083891965e-12
squares,linear+corner,1.28,0.1,0,4,0.0090932718696241,0.0002211217201039,0.0442846062412713,0.0090932718696241,0.0002211217201039,1.2120190804305775e-11
squares,linear+corner,1.28,0.1,0,5,1.3005467911120024e-10,1.6268238339859973e-11,0.0977594371753355,1.3005467911120024e-10,1.6268238339859973e-11,6.665169336038109e-12
squares,linear+corner,1.28,0.1,0,6,2.903332962215849e-10,2.4759692253893948e-11,0.0481388759980216,2.903332962215849e-10,2.4759692253893948e-11,1.4917190409972094e-11
squares,linear+corner,1.28,0.1,0,7,1.663241012978979e-10,2.6249189006302425e-11,0.0890145746822856,1.663241012978979e-10,2.6249189006302425e-11,5.5364433909331115e-12
squares,linear+corner,1.28,0.1,0,8,1.3925870828833292e-09,4.548635309622623e-11,0.0262823688110979,1.3925870828833292e-09,4.548635309622623e-11,1.614745137221635e-11
squares,linear+corner,1.28,0.1,0,9,3.2989274518596877e-10,3.106647943024414e-11,0.0616414702454375,3.2989274518596877e-10,3.106647943024414e-11,3.3013414878166965e-12
squares,linear+corner,1.28,0.1,0,10,5.852059539488994e-10,5.976044282869296e-11,0.0636212095353459,5.852059539488994e-10,5.976044282869296e-11,4.784320997662966e-12
squares,linear+corner,1.28,0.1,0,11,1.023380573551752e-09,8.800472471325244e-11,0.0784548041041998,1.023380573551752e-09,8.800472471325244e-11,1.540109879567438e-11
squares,linear+corner,1.28,0.1,0,12,1.6729635866636887e-08,4.142314361121804e-10,0.0508288156682628,1.6729635866636887e-08,4.142314361121804e-10,2.3856035180619117e-10
squares,linear+corner,1.28,0.1,0,13,9.283362596790527e-10,5.92671803294381e-11,0.0655600863570617,9.283362596790527e-10,5.92671803294381e-11,6.172722155398774e-12
squares,linear+corner,1.28,0.1,0,14,5.595438580280138e-10,4.5928841935177985e-11,0.0599891470916067,5.595438580280138e-10,4.5928841935177985e-11,1.3372845162141384e-11
squares,linear+corner,1.28,0.1,0,15,3.0360832530099435e-09,9.008558441138931e-11,0.0257250289091177,3.0360832530099435e-09,9.008558441138931e-11,5.128131788737513e-11
squares,linear+corner,1.28,0.1,0,16,1.979901942764046e-09,5.2506129451509076e-11,0.0528198482536739,1.979901942764046e-09,5.2506129451509076e-11,4.025866829910922e-12
squares,linear+corner,1.28,0.1,0,17,1.8215436430616374e-09,9.31811167257636e-11,0.0555009616979987,1.8215436430616374e-09,9.31811167257636e-11,3.2201821137331595e-11
squares,linear+corner,1.28,0.1,0,18,4.61391934456193e-09,8.521406362955769e-11,0.0183424723033092,4.61391934456193e-09,8.521406362955769e-11,2.9537434477912156e-11
squares,linear+corner,1.28,0.1,0,19,4.885678063892503e-10,5.280444542010358e-11,0.0338835702000725,4.885678063892503e-10,5.280444542010358e-11,8.940056481270378e-12
squares,linear+corner,1.28,0.1,0,20,7.257284793881621e-09,1.1961530538397674e-10,0.028613478476898,7.257284793881621e-09,1.1961530538397674e-10,4.043773307667794e-11
squares,linear+corner,1.28,0.1,0,21,6.565479692058475e-10,3.723774695934057e-11,0.030513391281462,6.565479692058475e-10,3.723774695934057e-11,1.2207771935181933e-12
squares,linear+corner,1.28,0.1,0,22,3.13133693676622e-10,1.0641537085984823e-10,0.0529537206283249,3.13133693676622e-10,1.0641537085984823e-10,6.950260017128162e-12
squares,linear+corner,1.28,0.1,0,23,1.812070187847091e-09,3.921244300421391e-11,0.0235868292943148,1.812070187847091e-09,3.921244300421391e-11,2.292285537039489e-11
squares,linear+corner,1.28,0.1,0,24,2.535182297045287e-10,3.1409202059198456e-11,0.0433521800396453,2.535182297045287e-10,3.1409202059198456e-11,3.713849505932628e-12
squares,linear+corner,1.28,0.2,0,0,6.068664433541175e-09,3.515200874556708e-10,0.089739844325703,6.068664433541175e-09,3.515200874556708e-10,7.127130710783247e-14
squares,linear+corner,1.28,0.2,0,1,9.573060428748109e-11,1.3904869107156991e-11,0.0891210032359525,9.573060428748109e-11,1.3904869107156991e-11,4.2419221447116536e-12
squares,linear+corner,1.28,0.2,0,2,1.2059119603563784e-09,3.213853879426319e-11,0.1026098530904184,1.2059119603563784e-09,3.213853879426319e-11,5.801248286214029e-11
squares,linear+corner,1.28,0.2,0,3,8.281971823788923e-10,5.3677389763326335e-11,0.0885134069102291,8.281971823788923e-10,5.3677389763326335e-11,2.0410269859204668e-11
squares,linear+corner,1.28,0.2,0,4,3.8635065487243726e-10,3.2133232627470586e-11,0.0413550054631856,3.8635065487243726e-10,3.2133232627470586e-11,1.0657868873300558e-11
squares,linear+corner,1.28,0.2,0,5,6.78919717108521e-11,9.821418067826774e-12,0.0894793577192301,6.78919717108521e-11,9.821418067826774e-12,2.623258775150988e-12
squares,linear+corner,1.28,0.2,0,6,1.930553735863408e-09,9.316969757041482e-11,0.0360478643133689,1.930553735863408e-09,9.316969757041482e-11,2.0890276690307996e-11
squares,linear+corner,1.28,0.2,0,7,9.42527423245594e-10,9.727878878475984e-11,0.0895655020510749,9.42527423245594e-10,9.727878878475984e-11,2.3977363906380287e-11
squares,linear+corner,1.28,0.2,0,8,5.053006541315105e-10,3.1167299913317417e-11,0.0245912349687075,5.053006541315105e-10,3.1167299913317417e-11,1.199293792052529e-11
squares,linear+corner,1.28,0.2,0,9,3.4120533728544146e-10,2.732601776898688e-11,0.0733342036128988,3.4120533728544146e-10,2.732601776898688e-11,6.940455634523278e-12
squares,linear+corner,1.28,0.2,0,10,5.247193388826344e-10,3.933291246218306e-11,0.0618873744523516,5.247193388826344e-10,3.933291246218306e-11,6.4866814120325775e-12
squares,linear+corner,1.28,0.2,0,11,6.842802854956413e-10,5.439281709194854e-11,0.0820901957216045,6.842802854956413e-10,5.439281709194854e-11,9.191121501606922e-12
squares,linear+corner,1.28,0.2,0,12,5.537189754705535e-10,3.9698055241166185e-11,0.056379857991144,5.537189754705535e-10,3.9698055241166185e-11,7.1043050835919295e-12
squares,linear+corner,1.28,0.2,0,13,1.7559181344319039e-09,7.857564663139453e-11,0.0606804143091288,1.7559181344319039e-09,7.857564663139453e-11,1.9874805884248598e-11
squares,linear+corner,1.28,0.2,0,14,7.325568624879053e-10,5.1489767389692486e-11,0.0603694940311242,7.325568624879053e-10,5.1489767389692486e-11,6.035700853723767e-12
squares,linear+corner,1.28,0.2,0,15,1.0531572720270656e-09,7.239367350352812e-11,0.0273114874352756,1.0531572720270656e-09,7.239367350352812e-11,1.8906463491917074e-12
squares,linear+corner,1.28,0.2,0,16,4.5655907744957036e-10,4.8220454564670496e-11,0.0551324413943382,4.5655907744957036e-10,4.8220454564670496e-11,8.097234639650458e-12
squares,linear+corner,1.28,0.2,0,17,2.502609599436676e-09,1.2288995673882056e-10,0.0522626440166577,2.502609599436676e-09,1.2288995673882056e-10,4.1259986384473154e-11
squares,linear+corner,1.28,0.2,0,18,2.2843742823983524e-09,8.71398998400704e-11,0.0186983589427914,2.2843742823983524e-09,8.71398998400704e-11,1.5767722675567354e-11
squares,linear+corner,1.28,0.2,0,19,6.5977524604748464e-09,2.7263987999643887e-10,0.0399856556071334,6.5977524604748464e-09,2.7263987999643887e-10,5.273041214333819e-11
squares,linear+corner,1.28,0.2,0,20,3.107200332839446e-10,3.0629128023499e-11,0.0115092526290505,3.107200332839446e-10,3.0629128023499e-11,8.357523529855718e-13
squares,linear+corner,1.28,0.2,0,21,5.09410538770514e-09,4.430625870401031e-11,0.0305674692197163,5.09410538770514e-09,4.430625870401031e-11,8.937367884235762e-11
squares,linear+corner,1.28,0.2,0,22,5.492976011426679e-09,3.258358300236838e-10,0.0460134220836749,5.492976011426679e-09,3.258358300236838e-10,1.0965653263176668e-10
squares,linear+corner,1.28,0.2,0,23,2.1761866856340172e-08,2.4593359373818223e-10,0.0242120299572855,2.1761866856340172e-08,2.4593359373818223e-10,1.96260033335705e-10
squares,linear+corner,1.28,0.2,0,24,1.2144832537921906e-09,1.195437589143829e-10,0.0421528330997093,1.2144832537921906e-09,1.195437589143829e-10,9.908655862922249e-12
squares,linear+corner,1.28,0.3,0,0,1.4474202082701206e-09,0.0091461472945437,0.2794038439285471,1.4474202082701206e-09,0.0091461472945437,4.139657507752339e-11
squares,linear+corner,1.28,0.3,0,1,5.7962025393286905e-09,5.617564556529206e-11,0.0847239697622677,5.7962025393286905e-09,5.617564556529206e-11,2.1778341489018287e-10
squares,linear+corner,1.28,0.3,0,2,6.32506517093989e-10,4.2568215496979985e-11,0.0922840566921056,6.32506517093989e-10,4.2568215496979985e-11,3.748291566898014e-12
squares,linear+corner,1.28,0.3,0,3,0.3498739991156631,1.3265951359803938e-08,0.4288149209997053,0.3498739991156631,1.3265951359803938e-08,1.2577468549013864e-11
squares,linear+corner,1.28,0.3,0,4,6.58465550797102e-08,1.9831493026036344e-09,0.0454266379255222,6.58465550797102e-08,1.9831493026036344e-09,3.8778374066526176e-10
squares,linear+corner,1.28,0.3,0,5,1.630952688081415e-10,6.121283545846403e-11,0.0718535292871146,1.630952688081415e-10,6.121283545846403e-11,2.253294435634629e-13
squares,linear+corner,1.28,0.3,0,6,6.738431529217812e-10,3.4439438377889267e-11,0.0612739488083906,6.738431529217812e-10,3.4439438377889267e-11,3.3520520150249837e-11
squares,linear+corner,1.28,0.3,0,7,1.966649858425368e-09,2.8355577149733006e-10,0.0878659914104882,1.966649858425368e-09,2.8355577149733006e-10,7.421752904751079e-12
squares,linear+corner,1.28,0.3,0,8,5.124142055805694e-10,2.4831487529632303e-11,0.0234609649947603,5.124142055805694e-10,2.4831487529632303e-11,1.5485397044011516e-11
squares,linear+corner,1.28,0.3,0,9,8.988530516676513e-09,1.8455098692753718e-10,0.0425772509339312,8.988530516676513e-09,1.8455098692753718e-10,1.8198719065431018e-10
squares,linear+corner,1.28,0.3,0,10,0.0048958089532463,8.539562207647367e-05,0.0428477499783221,0.0048958089532463,8.539562207647367e-05,1.909796025721912e-11
squares,linear+corner,1.28,0.3,0,11,1.0933547013131908e-09,3.844406366982421e-11,0.0835905865920147,1.0933547013131908e-09,3.844406366982421e-11,2.6346163380459735e-11
squares,linear+corner,1.28,0.3,0,12,2.222256640751944e-09,8.270754935878431e-11,0.0335815796919704,2.222256640751944e-09,8.270754935878431e-11,2.0955756094211203e-11
squares,linear+corner,1.28,0.3,0,13,1.4697182964897962e-08,4.529113104101892e-10,0.0557743629329536,1.4697182964897962e-08,4.529113104101892e-10,2.4753799294387097e-10
squares,linear+corner,1.28,0.3,0,14,1.2915697739414194e-09,6.082266818722281e-11,0.0575061222302516,1.2915697739414194e-09,6.082266818722281e-11,3.0376292000291854e-11
squares,linear+corner,1.28,0.3,0,15,4.756571569243966e-09,1.5749842622642418e-10,0.0254092152712097,4.756571569243966e-09,1.5749842622642418e-10,2.3970292504083942e-11
squares,linear+corner,1.28,0.3,0,16,7.1161701493149715e-09,3.857636817157651e-10,0.0593500791077338,7.1161701493149715e-09,3.857636817157651e-10,4.534671680016189e-11
squares,linear+corner,1.28,0.3,0,17,3.068118213390591e-09,1.5946144264523518e-10,0.0471005383490412,3.068118213390591e-09,1.5946144264523518e-10,4.2069793574706045e-11
squares,linear+corner,1.28,0.3,0,18,3.4558988330056984e-08,5.53982473449056e-10,0.0192697860977422,3.4558988330056984e-08,5.53982473449056e-10,2.4183199458081183e-10
squares,linear+corner,1.28,0.3,0,19,5.739875794516583e-05,3.040472780207515e-09,0.0329471595616798,5.739875794516583e-05,3.040472780207515e-09,6.454131299232606e-07
squares,linear+corner,1.28,0.3,0,20,2.2588182259254685e-08,2.6839215360014227e-10,0.0099295007629015,2.2588182259254685e-08,2.6839215360014227e-10,3.8953797385533786e-10
squares,linear+corner,1.28,0.3,0,21,7.997735804309103e-09,6.414951150366053e-11,0.0300221816017463,7.997735804309103e-09,6.414951150366053e-11,1.1169222580834523e-10
squares,linear+corner,1.28,0.3,0,22,8.903672777134795e-08,0.0034011500874828,0.2124278367492301,8.903672777134795e-08,0.0034011500874828,7.647988069636546e-12
squares,linear+corner,1.28,0.3,0,23,1.6046453837201475e-09,5.1556409735073537e-11,0.0240796027178584,1.6046453837201475e-09,5.1556409735073537e-11,2.0552755361875944e-11
squares,linear+corner,1.28,0.3,0,24,1.8265589228304174e-09,4.0134517274343477e-10,0.0497402069986005,1.8265589228304174e-09,4.0134517274343477e-10,8.811930511771427e-12
squares,linear+corner,1.5,0.0,0,0,1.6961532270220411e-09,5.1822928933993966e-11,0.0695783036146,1.6961532270220411e-09,5.1822928933993966e-11,6.242869078830243e-11
squares,linear+corner,1.5,0.0,0,1,1.0659551536192427e-10,3.2176623550753894e-11,0.1660063116813711,1.0659551536192427e-10,3.2176623550753894e-11,5.6058498600362824e-12
squares,linear+corner,1.5,0.0,0,2,1.6233706797346463e-10,2.3223501333861708e-11,0.0409949675557994,1.6233706797346463e-10,2.3223501333861708e-11,3.249376525425031e-12
squares,linear+corner,1.5,0.0,0,3,8.08159481409661e-10,2.217713658286899e-11,0.1353534179048061,8.08159481409661e-10,2.217713658286899e-11,3.8392745538823794e-11
squares,linear+corner,1.5,0.0,0,4,0.0128542918148433,0.000325795201415,0.0403571130569632,0.0128542918148433,0.000325795201415,6.599094604098761e-10
squares,linear+corner,1.5,0.0,0,5,8.116726260198114e-11,1.6815625024053402e-11,0.0964240557268339,8.116726260198114e-11,1.6815625024053402e-11,6.7735991312576145e-12
squares,linear+corner,1.5,0.0,0,6,5.922196524139574e-10,3.705874605420184e-11,0.0605558642184892,5.922196524139574e-10,3.705874605420184e-11,2.4907663914217015e-11
squares,linear+corner,1.5,0.0,0,7,3.5752704153797355e-10,5.959626875311393e-11,0.0261595138568205,3.5752704153797355e-10,5.959626875311393e-11,1.022020152957138e-11
squares,linear+corner,1.5,0.0,0,8,2.33460806235872e-09,5.1753553102891146e-11,0.0294114457235399,2.33460806235872e-09,5.1753553102891146e-11,1.575483405707655e-11
squares,linear+corner,1.5,0.0,0,9,2.576769343284662e-09,1.1156825572708592e-10,0.0538508600373558,2.576769343284662e-09,1.1156825572708592e-10,1.1303007058416053e-10
squares,linear+corner,1.5,0.0,0,10,6.60151868952773e-10,4.2031047277551594e-11,0.0344106825612126,6.60151868952773e-10,4.2031047277551594e-11,6.748041571891288e-12
squares,linear+corner,1.5,0.0,0,11,4.675050390508294e-10,2.633417750064522e-11,0.0301336195527264,4.675050390508294e-10,2.633417750064522e-11,5.9451469433866775e-12
squares,linear+corner,1.5,0.0,0,12,2.1438838502866886e-09,5.827555548594358e-11,0.0483653116324551,2.1438838502866886e-09,5.827555548594358e-11,3.0991630314689754e-11
squares,linear+corner,1.5,0.0,0,13,1.4876631410559971e-09,9.029850485997635e-11,0.0319663393545062,1.4876631410559971e-09,9.029850485997635e-11,5.291092626071198e-12
squares,linear+corner,1.5,0.0,0,14,8.500988075539013e-08,8.05516455400634e-10,0.046668200177289,8.500988075539013e-08,8.05516455400634e-10,1.089286258637279e-09
squares,linear+corner,1.5,0.0,0,15,4.118568788533463e-09,9.758038997115275e-11,0.0259282138316738,4.118568788533463e-09,9.758038997115275e-11,4.602302517362553e-11
squares,linear+corner,1.5,0.0,0,16,1.0447137819258627e-09,7.487477750377116e-11,0.0278087667521342,1.0447137819258627e-09,7.487477750377116e-11,1.941428835876211e-11
squares,linear+corner,1.5,0.0,0,17,2.7528846311503632e-09,1.1345352595434751e-10,0.031225059469273,2.7528846311503632e-09,1.1345352595434751e-10,6.757823873469778e-11
squares,linear+corner,1.5,0.0,0,18,3.0036470579238447e-09,6.448698023265039e-11,0.0246191558896435,3.0036470579238447e-09,6.448698023265039e-11,5.2967264778485624e-11
squares,linear+corner,1.5,0.0,0,19,1.2649881885611896e-09,9.599392998019643e-11,0.0447787964467905,1.2649881885611896e-09,9.599392998019643e-11,4.5458181116561304e-11
squares,linear+corner,1.5,0.0,0,20,5.320513124428582e-09,1.1891859176154573e-10,0.031285546843196,5.320513124428582e-09,1.1891859176154573e-10,4.473603139308538e-11
squares,linear+corner,1.5,0.0,0,21,5.02141924861917e-09,8.931347725241372e-11,0.0410169966680537,5.02141924861917e-09,8.931347725241372e-11,1.6700413400878137e-11
squares,linear+corner,1.5,0.0,0,22,1.6162474960491568e-10,4.9664796356589745e-11,0.0398514804911962,1.6162474960491568e-10,4.9664796356589745e-11,4.750692757030218e-12
squares,linear+corner,1.5,0.0,0,23,8.561350183642512e-09,1.290723157882829e-10,0.0310079417259127,8.561350183642512e-09,1.290723157882829e-10,1.2219828776065715e-10
squares,linear+corner,1.5,0.0,0,24,8.477488877383412e-10,1.3835408974307027e-10,0.0326757285814264,8.477488877383412e-10,1.3835408974307027e-10,1.7183587885937835e-11
squares,linear+corner,1.5,0.05,0,0,3.3847597944013276e-10,2.605473777313101e-11,0.0667843620525602,3.3847597944013276e-10,2.605473777313101e-11,1.8251414639149823e-11
squares,linear+corner,1.5,0.05,0,1,5.715631780173725e-11,9.556907802642411e-12,0.1439779603165828,5.715631780173725e-11,9.556907802642411e-12,3.9807112231807994e-12
squares,linear+corner,1.5,0.05,0,2,8.119780236325714e-11,1.9170209060622498e-11,0.0440261852198304,8.119780236325714e-11,1.9170209060622498e-11,8.404564327771839e-12
squares,linear+corner,1.5,0.05,0,3,1.6272423704105498e-10,3.463027423940285e-11,0.1312540624700936,1.6272423704105498e-10,3.463027423940285e-11,5.508748989131654e-13
squares,linear+corner,1.5,0.05,0,4,0.0155124516995826,0.0003785560421645,0.0387357874009553,0.0155124516995826,0.0003785560421645,5.1009287828655536e-11
squares,linear+corner,1.5,0.05,0,5,2.3642633935955775e-10,1.8473177906207484e-11,0.0927082867362539,2.3642633935955775e-10,1.8473177906207484e-11,1.935883456086945e-12
squares,linear+corner,1.5,0.05,0,6,6.557087034660675e-10,4.5823427397805294e-11,0.0620873261638627,6.557087034660675e-10,4.5823427397805294e-11,1.701059044631412e-11
squares,linear+corner,1.5,0.05,0,7,6.370043366124549e-11,1.4442404670226412e-11,0.0258774591841005,6.370043366124549e-11,1.4442404670226412e-11,2.589193817192159e-13
squares,linear+corner,1.5,0.05,0,8,2.2175178612404603e-09,5.987604556510452e-11,0.028449968767883,2.2175178612404603e-09,5.987604556510452e-11,3.259833014263931e-11
squares,linear+corner,1.5,0.05,0,9,3.754124045195894e-09,1.3538090754978163e-10,0.0532017379474699,3.754124045195894e-09,1.3538090754978163e-10,3.8927139268873725e-11
squares,linear+corner,1.5,0.05,0,10,1.9049623940676872e-09,7.955412965203361e-11,0.0349449615573445,1.9049623940676872e-09,7.955412965203361e-11,3.442374485989378e-13
squares,linear+corner,1.5,0.05,0,11,6.835813131368247e-10,4.351404104303163e-11,0.0285296516120768,6.835813131368247e-10,4.351404104303163e-11,1.5678700594745675e-11
squares,linear+corner,1.5,0.05,0,12,0.0037875849760382,8.7849625879714e-05,0.0341370984995716,0.0037875849760382,8.7849625879714e-05,7.261152216742983e-10
squares,linear+corner,1.5,0.05,0,13,3.775247845536043e-09,1.1181357769569878e-10,0.0338140020136804,3.775247845536043e-09,1.1181357769569878e-10,5.853952886077537e-12
squares,linear+corner,1.5,0.05,0,14,7.201778295756223e-10,6.942880293128683e-11,0.0469327068937918,7.201778295756223e-10,6.942880293128683e-11,1.2249572914041096e-11
squares,linear+corner,1.5,0.05,0,15,7.198849246451285e-09,1.5186674284419896e-10,0.0246544677025039,7.198849246451285e-09,1.5186674284419896e-10,5.394537245047967e-11
squares,linear+corner,1.5,0.05,0,16,4.630153822049963e-09,1.3392598946255338e-10,0.0272134345518967,4.630153822049963e-09,1.3392598946255338e-10,5.370392573900977e-11
squares,linear+corner,1.5,0.05,0,17,4.881641641814691e-09,1.1821806469302546e-10,0.0320508678220669,4.881641641814691e-09,1.1821806469302546e-10,8.094585118319373e-11
squares,linear+corner,1.5,0.05,0,18,1.2240095698303086e-09,5.2042352276680873e-11,0.0238065736039997,1.2240095698303086e-09,5.2042352276680873e-11,2.9328510925277166e-11
squares,linear+corner,1.5,0.05,0,19,2.331610696984845e-09,1.260620369458864e-10,0.0431818412484235,2.331610696984845e-09,1.260620369458864e-10,5.7317827296937666e-11
squares,linear+corner,1.5,0.05,0,20,1.2796030476012407e-09,6.059164937666413e-11,0.0294248989860524,1.2796030476012407e-09,6.059164937666413e-11,4.563338622937039e-12
squares,linear+corner,1.5,0.05,0,21,4.360450580969248e-09,1.3789347257989535e-10,0.0384819692093577,4.360450580969248e-09,1.3789347257989535e-10,9.237189749187907e-12
squares,linear+corner,1.5,0.05,0,22,4.843544410819878e-10,6.475082333387287e-11,0.0388347281887895,4.843544410819878e-10,6.475082333387287e-11,8.696461910364122e-13
squares,linear+corner,1.5,0.05,0,23,1.4841794856024002e-08,1.9465377952310792e-10,0.0168729668723589,1.4841794856024002e-08,1.9465377952310792e-10,8.463585290904782e-11
squares,linear+corner,1.5,0.05,0,24,2.0776641385916256e-10,1.920300521561005e-11,0.0337096710678648,2.0776641385916256e-10,1.920300521561005e-11,2.3472873016529608e-12
squares,linear+corner,1.5,0.1,0,0,1.2220316643789528e-10,1.583943331672706e-11,0.0620093982796199,1.2220316643789528e-10,1.583943331672706e-11,4.072450403602268e-13
squares,linear+corner,1.5,0.1,0,1,1.6169950311336027e-09,3.5186149503424955e-11,0.1321231953760758,1.6169950311336027e-09,3.5186149503424955e-11,6.210122844817872e-11
squares,linear+corner,1.5,0.1,0,2,6.657052454104802e-10,6.932795797646765e-11,0.0472306584483527,6.657052454104802e-10,6.932795797646765e-11,1.5045134876527104e-11
squares,linear+corner,1.5,0.1,0,3,1.4259583767595263e-10,1.489990294828762e-11,0.1294362506029903,1.4259583767595263e-10,1.489990294828762e-11,2.8815088413965228e-12
squares,linear+corner,1.5,0.1,0,4,0.018019916359246,0.0004152316754342,0.0370657171505491,0.018019916359246,0.0004152316754342,1.1537549202628704e-10
squares,linear+corner,1.5,0.1,0,5,4.720742533322844e-10,3.8232534534800586e-11,0.0846179431782574,4.720742533322844e-10,3.8232534534800586e-11,9.557589957046917e-12
squares,linear+corner,1.5,0.1,0,6,6.383421673802809e-10,6.59950794295239e-11,0.0588895153219563,6.383421673802809e-10,6.59950794295239e-11,1.8484253083023452e-11
squares,linear+corner,1.5,0.1,0,7,2.0106195564862951e-10,2.0724985478529816e-11,0.0250938831641889,2.0106195564862951e-10,2.0724985478529816e-11,9.947404715474366e-12
squares,linear+corner,1.5,0.1,0,8,0.3385013668007888,0.0077464309387662,0.0173871633398989,0.3385013668007888,0.0077464309387662,2.096350235133825e-10
squares,linear+corner,1.5,0.1,0,9,1.3365843842101903e-09,8.102600633429579e-11,0.0316442119658179,1.3365843842101903e-09,8.102600633429579e-11,5.807079441495514e-11
squares,linear+corner,1.5,0.1,0,10,4.95788349099797e-10,3.2944662748108105e-11,0.0188426044897688,4.95788349099797e-10,3.2944662748108105e-11,1.2794191854391045e-11
squares,linear+corner,1.5,0.1,0,11,3.004840480864692e-09,1.7003882481929842e-10,0.0282148794128873,3.004840480864692e-09,1.7003882481929842e-10,5.700088661635146e-11
squares,linear+corner,1.5,0.1,0,12,1.190390524132915e-09,5.404491324968085e-11,0.0500055703038466,1.190390524132915e-09,5.404491324968085e-11,4.3206543727487306e-11
squares,linear+corner,1.5,0.1,0,13,1.0827891439587543e-09,6.702759321390645e-11,0.0331268106182464,1.0827891439587543e-09,6.702759321390645e-11,3.6342229881098295e-11
squares,linear+corner,1.5,0.1,0,14,1.429059099999346e-09,8.575312008162977e-11,0.0439064616610084,1.429059099999346e-09,8.575312008162977e-11,9.332448813119947e-12
squares,linear+corner,1.5,0.1,0,15,5.928417530808442e-09,1.478374098063485e-10,0.0398867962037631,5.928417530808442e-09,1.478374098063485e-10,1.0384114963760547e-10
squares,linear+corner,1.5,0.1,0,16,0.0571881069974783,0.0007476940126436,0.0345941611878086,0.0571881069974783,0.0007476940126436,2.618164733081547e-13
squares,linear+corner,1.5,0.1,0,17,1.461238122541971e-09,5.361070025317541e-11,0.0327904843973217,1.461238122541971e-09,5.361070025317541e-11,2.16732793550894e-11
squares,linear+corner,1.5,0.1,0,18,5.939878239043138e-09,7.076454617831898e-11,0.0221937984809525,5.939878239043138e-09,7.076454617831898e-11,6.855008609673719e-11
squares,linear+corner,1.5,0.1,0,19,2.511250331975647e-08,2.606454942844571e-10,0.0443587331323937,2.511250331975647e-08,2.606454942844571e-10,3.024672868010858e-10
squares,linear+corner,1.5,0.1,0,20,1.2259481834976388e-09,5.4086496344942604e-11,0.0283245062646868,1.2259481834976388e-09,5.4086496344942604e-11,7.174480091828933e-12
squares,linear+corner,1.5,0.1,0,21,1.8438027144080183e-08,2.0994849817765659e-10,0.0366338569597225,1.8438027144080183e-08,2.0994849817765659e-10,1.6081639011793534e-10
squares,linear+corner,1.5,0.1,0,22,4.697500482976603e-10,2.4615221892327208e-11,0.0400055339879716,4.697500482976603e-10,2.4615221892327208e-11,4.5852819440767446e-12
squares,linear+corner,1.5,0.1,0,23,2.2905748694627592e-08,1.8523725163776607e-10,0.0163608124800777,2.2905748694627592e-08,1.8523725163776607e-10,2.1537550601732063e-10
squares,linear+corner,1.5,0.1,0,24,1.2515312247543577e-10,1.7463882000221557e-11,0.0330245780688579,1.2515312247543577e-10,1.7463882000221557e-11,3.511028139925584e-12
squares,linear+corner,1.5,0.2,0,0,1.9734474704505175e-09,6.668680729003103e-11,0.0602456495019627,1.9734474704505175e-09,6.668680729003103e-11,7.408684934842919e-11
squares,linear+corner,1.5,0.2,0,1,4.3960095303392054e-10,1.3380675699218876e-10,0.0870404261680676,4.3960095303392054e-10,1.3380675699218876e-10,2.3615587560811576e-12
squares,linear+corner,1.5,0.2,0,2,0.0031545633321009,1.8781773213454543e-11,0.0036035310917422,0.0031545633321009,1.8781773213454543e-11,3.7977945381230386e-12
squares,linear+corner,1.5,0.2,0,3,4.318463496686932e-09,6.614403334395624e-11,0.1193357856894799,4.318463496686932e-09,6.614403334395624e-11,7.077067505693886e-11
squares,linear+corner,1.5,0.2,0,4,0.0229993207131296,0.0004368180332245,0.0331553539912345,0.0229993207131296,0.0004368180332245,1.5593435171161399e-12
squares,linear+corner,1.5,0.2,0,5,7.66837944890216e-10,5.6270546811290274e-11,0.0555720154723975,7.66837944890216e-10,5.6270546811290274e-11,9.27823954226096e-12
squares,linear+corner,1.5,0.2,0,6,4.640303029026216e-10,3.3967879199584875e-11,0.0504720521448531,4.640303029026216e-10,3.3967879199584875e-11,4.999664275070211e-12
squares,linear+corner,1.5,0.2,0,7,3.327790512355897e-10,2.5351480779027224e-11,8.629451674399464e-05,3.327790512355897e-10,2.5351480779027224e-11,7.398649472042273e-12
squares,linear+corner,1.5,0.2,0,8,0.3695286787511038,0.0072077574352721,0.016494058549122,0.3695286787511038,0.0072077574352721,6.696135599418769e-11
squares,linear+corner,1.5,0.2,0,9,8.185348683690866e-10,3.439322489079907e-11,0.0339445382286757,8.185348683690866e-10,3.439322489079907e-11,1.0432829124293872e-11
squares,linear+corner,1.5,0.2,0,10,9.07085023089314e-08,1.6904885425528303e-09,0.0217584014791405,9.07085023089314e-08,1.6904885425528303e-09,1.4602444122790506e-09
squares,linear+corner,1.5,0.2,0,11,2.8275865188524974e-06,6.273562024489511e-09,0.0241218204588367,2.8275865188524974e-06,6.273562024489511e-09,3.899713116768713e-08
squares,linear+corner,1.5,0.2,0,12,1.0366596192105235e-09,5.954441415054003e-11,0.0505419523871861,1.0366596192105235e-09,5.954441415054003e-11,2.59040760943413e-11
squares,linear+corner,1.5,0.2,0,13,0.3008271042909233,7.666052329045555e-11,0.1587613123998366,0.3008271042909233,7.666052329045555e-11,3.651267859462109e-11
squares,linear+corner,1.5,0.2,0,14,5.622516219312408e-10,4.148747120215633e-11,0.0396897867821399,5.622516219312408e-10,4.148747120215633e-11,1.606504219531706e-11
squares,linear+corner,1.5,0.2,0,15,1.250786402741167e-09,7.645808914836494e-11,0.0382841574744257,1.250786402741167e-09,7.645808914836494e-11,2.182964927371406e-11
squares,linear+corner,1.5,0.2,0,16,2.8057016630617163e-09,9.426244289554001e-11,0.0471539605453898,2.8057016630617163e-09,9.426244289554001e-11,1.2150393560163986e-11
squares,linear+corner,1.5,0.2,0,17,2.95961239940328e-10,3.2407498073757625e-11,0.0324022713221636,2.95961239940328e-10,3.2407498073757625e-11,6.695262419610274e-12
squares,linear+corner,1.5,0.2,0,18,1.5052039357361973e-08,5.4705875969677286e-11,0.0219903403579332,1.5052039357361973e-08,5.4705875969677286e-11,2.2865523808800976e-10
squares,linear+corner,1.5,0.2,0,19,2.604369465158696e-09,8.2600705074316e-11,0.0430778688069366,2.604369465158696e-09,8.2600705074316e-11,4.552836515593716e-11
squares,linear+corner,1.5,0.2,0,20,1.1855241383656534e-08,2.32815729827724e-10,0.0273222217646386,1.1855241383656534e-08,2.32815729827724e-10,1.4619656781794686e-10
squares,linear+corner,1.5,0.2,0,21,4.543903308939908e-09,8.999171790875428e-11,0.0341565949827594,4.543903308939908e-09,8.999171790875428e-11,3.013101444787459e-11
squares,linear+corner,1.5,0.2,0,22,2.8674155007447325e-10,4.7872959545598503e-11,0.0413065547483838,2.8674155007447325e-10,4.7872959545598503e-11,6.627264890265163e-12
squares,linear+corner,1.5,0.2,0,23,6.750465148760772e-10,3.6204757317760845e-11,0.0136576224754159,6.750465148760772e-10,3.6204757317760845e-11,8.548608661645196e-12
squares,linear+corner,1.5,0.2,0,24,4.3588348601326835e-10,3.9475844291572294e-11,0.0313609095307324,4.3588348601326835e-10,3.9475844291572294e-11,1.2682943431811998e-11
squares,linear+corner,1.5,0.3,0,0,1.6702300011273203e-10,3.3263159996904456e-11,0.3104099811240581,1.6702300011273203e-10,3.3263159996904456e-11,4.541075080309507e-12
squares,linear+corner,1.5,0.3,0,1,2.3979138181892612e-09,2.2223005935375088e-10,0.1040267645849589,2.3979138181892612e-09,2.2223005935375088e-10,5.503732979222502e-11
squares,linear+corner,1.5,0.3,0,2,1.3194626870516892e-10,1.3297472911277068e-11,0.056756250516022,1.3194626870516892e-10,1.3297472911277068e-11,1.632578485786509e-12
squares,linear+corner,1.5,0.3,0,3,1.4913372605773183e-10,1.2862169573111746e-11,0.1010493906463961,1.4913372605773183e-10,1.2862169573111746e-11,1.5637066100505872e-12
squares,linear+corner,1.5,0.3,0,4,0.1557701255538819,0.0078553990537675,0.0348361867259653,0.1557701255538819,0.0078553990537675,1.8093565081879854e-10
squares,linear+corner,1.5,0.3,0,5,1.1338212567213595e-10,2.0576846115572402e-11,0.0469437025366272,1.1338212567213595e-10,2.0576846115572402e-11,2.676101433983778e-12
squares,linear+corner,1.5,0.3,0,6,0.1656736841107909,0.007263779896016,0.0493875892299467,0.1656736841107909,0.007263779896016,7.612462062628487e-12
squares,linear+corner,1.5,0.3,0,7,2.486770243949328e-08,3.27574953957986e-09,0.0053624990522636,2.486770243949328e-08,3.27574953957986e-09,5.596520578368142e-10
squares,linear+corner,1.5,0.3,0,8,0.4068325675653083,0.0070852768399456,0.0210306228701993,0.4068325675653083,0.0070852768399456,5.7060708950425544e-11
squares,linear+corner,1.5,0.3,0,9,1.3420118607741927e-09,2.3172797887982696e-10,0.0355238484479905,1.3420118607741927e-09,2.3172797887982696e-10,1.7339808636137683e-11
squares,linear+corner,1.5,0.3,0,10,1.2727917513437084e-08,2.100898441969959e-10,0.0223491045544858,1.2727917513437084e-08,2.100898441969959e-10,2.667361459087266e-10
squares,linear+corner,1.5,0.3,0,11,8.168699939341063e-10,5.007237856527349e-11,0.0203364652706565,8.168699939341063e-10,5.007237856527349e-11,2.655774930663798e-12
squares,linear+corner,1.5,0.3,0,12,5.223665440781381e-10,5.3689935852422894e-11,0.0381331863652713,5.223665440781381e-10,5.3689935852422894e-11,1.058167985060068e-11
squares,linear+corner,1.5,0.3,0,13,0.3172852008419115,2.7314584647557577e-11,0.1498329662006653,0.3172852008419115,2.7314584647557577e-11,1.8721247746959878e-11
squares,linear+corner,1.5,0.3,0,14,5.63993936522544e-06,7.685010187007796e-08,0.0248808857920496,5.63993936522544e-06,7.685010187007796e-08,1.6260792123093818e-08
squares,linear+corner,1.5,0.3,0,15,7.1701312601484915e-09,1.3321797417783774e-10,0.0455231973929578,7.1701312601484915e-09,1.3321797417783774e-10,1.2980983508861067e-10
squares,linear+corner,1.5,0.3,0,16,3.0583701300779085e-10,3.9975179782482295e-11,0.0445315634408289,3.0583701300779085e-10,3.9975179782482295e-11,8.619493747197654e-12
squares,linear+corner,1.5,0.3,0,17,2.9749919851564436e-10,3.3399565627589954e-11,0.0333160874343032,2.9749919851564436e-10,3.3399565627589954e-11,5.792450272774355e-13
squares,linear+corner,1.5,0.3,0,18,2.9325909481363335e-09,1.0501880998087219e-10,0.0204212497623064,2.9325909481363335e-09,1.0501880998087219e-10,4.752182984054339e-11
squares,linear+corner,1.5,0.3,0,19,4.6164299527366684e-10,4.802246889681805e-11,0.4410222282729374,4.6164299527366684e-10,4.802246889681805e-11,6.027525493185141e-12
squares,linear+corner,1.5,0.3,0,20,3.131692177103993e-09,7.257089239470005e-11,0.0153013485638433,3.131692177103993e-09,7.257089239470005e-11,6.501135528242415e-11
squares,linear+corner,1.5,0.3,0,21,1.4604423518619731e-09,6.252257731646514e-11,0.024826793792475,1.4604423518619731e-09,6.252257731646514e-11,2.3225092525893207e-11
squares,linear+corner,1.5,0.3,0,22,5.15235515725915e-10,3.754098849696984e-11,0.0292394471449889,5.15235515725915e-10,3.754098849696984e-11,3.6901895953642846e-12
squares,linear+corner,1.5,0.3,0,23,0.0156375158853,0.0001466817587629,0.0151426719831926,0.0156375158853,0.0001466817587629,4.811232596461275e-11
squares,linear+corner,1.5,0.3,0,24,0.1860007085276653,0.0006428256446884,0.449215449955612,0.1860007085276653,0.0006428256446884,6.178366313697074e-11
zalesak,circular+corner,0.5,0.0,0,0,2.2062706569095453e-08,6.40662225035543e-10,0.0142261662593157,2.2062706569095453e-08,6.406638647495486e-10,5.0340868943990594e-11
zalesak,circular+corner,0.5,0.0,0,1,0.4002586817373674,0.0079701742730821,0.0368644811731799,0.4002586817373716,0.007970174273082,5.2602081041489115e-11
zalesak,circular+corner,0.5,0.0,0,2,0.867654080005658,0.0099953823784688,0.0307994538832316,0.867654080005658,0.0099953823784688,0.0014437680472789
zalesak,circular+corner,0.5,0.0,0,3,0.5081952988464276,0.0108273339327979,0.0272755090780344,0.5081952988464276,0.0108273339327979,2.882928263062039e-11
zalesak,circular+corner,0.5,0.0,0,4,0.6028395650183023,0.0098547499665526,0.0164945574882886,0.6028395650183023,0.0098547499671853,2.964218642698363e-11
zalesak,circular+corner,0.5,0.0,0,5,0.4904786718729199,0.0143007757721318,0.0059351930844333,0.4904786718729199,0.0143007757721391,1.028968665610402e-11
zalesak,circular+corner,0.5,0.0,0,6,0.5703828454875867,0.0212992982150945,0.0431275211408317,0.5703828454875867,0.0212992982150945,6.163658018785908e-12
zalesak,circular+corner,0.5,0.0,0,7,0.5374684650153245,0.0106718521968231,0.0364777069003686,0.5374684650153245,0.0106718521968232,3.511185931670998e-11
zalesak,circular+corner,0.5,0.0,0,8,0.4272133731366907,0.0085547573008302,0.0269816580902984,0.4272133731366907,0.0085547573008301,1.1641044024043444e-10
zalesak,circular+corner,0.5,0.0,0,9,0.4498769628763055,0.0136317364623197,0.0147838101912767,0.4498769628763051,0.0136317364623197,1.1706361420124037e-12
zalesak,circular+corner,0.5,0.0,0,10,0.301006126827541,0.0090035385769504,0.0294834612624124,0.3010061268275408,0.0090035385769535,6.346624835310615e-12
zalesak,circular+corner,0.5,0.0,0,11,0.5379440987160273,0.0114641503525554,0.0345203897517253,0.5379440987160273,0.0114641503525538,2.436797755363e-11
zalesak,circular+corner,0.5,0.0,0,12,0.3183161368571888,0.0094807621526741,0.0234132160266154,0.3183161368571888,0.0094807621526741,3.927830858478649e-12
zalesak,circular+corner,0.5,0.0,0,13,0.5327561491920316,0.0089229290287641,0.0357574341767882,0.5327561491920316,0.0089229290287642,3.027759093175567e-11
zalesak,circular+corner,0.5,0.0,0,14,0.5409832689527168,0.0113766469036885,0.0200319618357195,0.5409832689527561,0.0113766469036885,1.3675256202427799e-11
zalesak,circular+corner,0.5,0.0,0,15,0.4711536926994748,0.0126680950884763,0.015778914612544,0.4711536926994748,0.0126680950884763,4.9222955363836975e-11
zalesak,circular+corner,0.5,0.0,0,16,0.489152607850291,0.012899409280366,0.0244812007758511,0.489152607850291,0.012899409280366,4.4269377774083736e-12
zalesak,circular+corner,0.5,0.0,0,17,0.5023721445712397,0.0135846037664218,0.0179737929308977,0.5023721445712401,0.0135846037664217,3.3630882554097016e-10
zalesak,circular+corner,0.5,0.0,0,18,0.426337925034401,0.0094127616295545,0.0066103053290299,0.426337925034401,0.009412761629492,2.7310482311592456e-11
zalesak,circular+corner,0.5,0.0,0,19,0.3871069911223961,0.0092992533273587,0.0309978762341644,0.3871069911223961,0.0092992533273587,2.2826916597372804e-13
zalesak,circular+corner,0.5,0.0,0,20,9.8706021134376e-09,7.365203111015421e-10,0.0384202035699237,9.8706021134376e-09,7.365203111015421e-10,6.7025997622311505e-12
zalesak,circular+corner,0.5,0.0,0,21,0.4490465654483231,0.0079795074092656,0.0094940163789063,0.4490465654483231,0.0079795074092656,3.9086945212113886e-12
zalesak,circular+corner,0.5,0.0,0,22,0.4903884962860227,0.0122083354584596,0.0279624165372234,0.4903884962860227,0.0122083354584589,1.7946369519231353e-11
zalesak,circular+corner,0.5,0.0,0,23,0.5025359708555831,0.0150700082371965,0.0322699933282871,0.5025359708555831,0.0150700082371965,3.473850547125081e-11
zalesak,circular+corner,0.5,0.0,0,24,0.5777452155093217,0.0114243151318833,0.0217298874346258,0.5777452155093217,0.0114243151318858,2.7779908380883167e-11
zalesak,circular+corner,0.5,0.05,0,0,5.539316560998486e-09,3.5543548991659645e-10,0.0086510733546319,5.539316560998486e-09,3.5543548991659645e-10,1.0460742079023595e-11
zalesak,circular+corner,0.5,0.05,0,1,0.3935478325759767,0.008956972983852,0.0392280134125022,0.3935478325755279,0.0089569729838377,1.5824579307537144e-12
zalesak,circular+corner,0.5,0.05,0,2,0.6627682088101493,0.0187579861619216,0.0225506855007403,0.6627682088101493,0.0187579861620644,5.1897282477891265e-05
zalesak,circular+corner,0.5,0.05,0,3,0.5006008876127006,0.0173622976980024,0.0257589215193787,0.5006008876127006,0.0173622976980024,1.2525200663920712e-07
zalesak,circular+corner,0.5,0.05,0,4,0.6403099645768809,0.0213450024130049,0.0142994807823143,0.6403099645768809,0.0213450024130049,1.6530260312085085e-07
zalesak,circular+corner,0.5,0.05,0,5,0.5735979219096117,0.0208333444993209,0.020478090183217,0.5735979219095366,0.0208333444993215,1.3984757167413563e-11
zalesak,circular+corner,0.5,0.05,0,6,0.6131329980078526,0.0208842738174743,0.0446797926023943,0.637386719817623,0.031774701493795,1.200939898956341e-10
zalesak,circular+corner,0.5,0.05,0,7,0.5445222744501126,0.010740921587607,0.0412258835633278,0.5445222744501126,0.010740921587607,1.3760588645139962e-12
zalesak,circular+corner,0.5,0.05,0,8,0.4329355448785998,0.0092042206734178,0.0164743822951369,0.4329355448785998,0.0092042206731591,7.248336858093747e-11
zalesak,circular+corner,0.5,0.05,0,9,0.4688002474662012,0.0130242469574,0.0158950674766197,0.4688002474662012,0.0130242469574074,4.016287601152813e-12
zalesak,circular+corner,0.5,0.05,0,10,0.3123124868484376,0.0093148761969591,0.0304909366597889,0.3123124868484376,0.0093148761979337,3.342805690593884e-12
zalesak,circular+corner,0.5,0.05,0,11,0.5433586963142338,0.0112706997664818,0.0276530594150356,0.5433586963142334,0.0112706997664817,2.1896851552434512e-11
zalesak,circular+corner,0.5,0.05,0,12,0.2824342289721406,0.0089431317748351,0.0310517453006837,0.2824342289721406,0.0089431317748351,7.152303688011729e-12
zalesak,circular+corner,0.5,0.05,0,13,0.5383508114952882,0.0089831054492071,0.030099787146714,0.5383508114952882,0.0089831054492072,2.3576943857000768e-11
zalesak,circular+corner,0.5,0.05,0,14,0.5323631190420433,0.0115068063210292,0.0205055178055446,0.5323631190420077,0.0115068063210283,1.2002974647766543e-11
zalesak,circular+corner,0.5,0.05,0,15,0.4689525913989329,0.0102703501610021,0.0172598831040587,0.4689525913989329,0.0102703501610021,2.2690228474035246e-13
zalesak,circular+corner,0.5,0.05,0,16,0.4895471325592928,0.0120885499971119,0.0288515714318723,0.4895471325592928,0.0120885499971119,5.336890141341284e-12
zalesak,circular+corner,0.5,0.05,0,17,0.5094634207983066,0.013542060633511,0.017604002546949,0.5094634207983066,0.0135420606335086,2.9452385204292047e-12
zalesak,circular+corner,0.5,0.05,0,18,0.4354114477274571,0.0090068769051365,0.0054344247289783,0.4354114477276165,0.0090068769051337,9.843497567780694e-13
zalesak,circular+corner,0.5,0.05,0,19,0.3934364032439109,0.0142878910793464,0.0295637011655038,0.3934364032439109,0.0142878910793464,4.0811168253643425e-13
zalesak,circular+corner,0.5,0.05,0,20,1.8207365747925903e-08,6.99601642813988e-10,0.0335801004247761,1.8207365747925903e-08,6.99601642813988e-10,8.865826002171403e-11
zalesak,circular+corner,0.5,0.05,0,21,0.5810150843374755,0.0133110880767636,0.0091892218945846,0.5810150843374755,0.0133110880767695,6.370642891268501e-12
zalesak,circular+corner,0.5,0.05,0,22,0.4843852887892834,0.012598157840852,0.0276670762742424,0.4843852887892366,0.0125981578408533,1.7324829095540696e-11
zalesak,circular+corner,0.5,0.05,0,23,0.4586132249096475,0.010367541568306,0.0383993380902906,0.4586132249096475,0.0103675415683062,8.986853571949432e-12
zalesak,circular+corner,0.5,0.05,0,24,0.5704426738628969,0.0117172880003916,0.0217128484853785,0.5704426738628969,0.0117172880003915,2.4207271374334555e-11
zalesak,circular+corner,0.5,0.1,0,0,2.183517366916021e-09,3.891570861270983e-10,0.0096205791444187,2.183517366916021e-09,3.891570861270983e-10,7.76486174931163e-12
zalesak,circular+corner,0.5,0.1,0,1,0.3722265491938135,0.0100583437572641,0.0405468588477156,0.3722265491938135,0.0100583437572641,2.6219906356106335e-11
zalesak,circular+corner,0.5,0.1,0,2,0.4249546742531187,0.0076080608398079,0.0216707469401976,0.4249546742531187,0.0076080608398079,4.148945800100963e-05
zalesak,circular+corner,0.5,0.1,0,3,0.4854184052528301,0.0186216147912159,0.0261177886183433,0.4854184052528298,0.0186216147912159,1.1136176677058777e-12
zalesak,circular+corner,0.5,0.1,0,4,0.6687443105578236,0.0148400905754962,0.0244514626682779,0.6687443105578236,0.0148400905755011,9.863024442543202e-13
zalesak,circular+corner,0.5,0.1,0,5,0.490433774373933,0.039491755552146,0.013632169585084,0.490433774373933,0.0394917555521459,9.34790548630822e-12
zalesak,circular+corner,0.5,0.1,0,6,0.6595672540991192,0.0170996251243043,0.047390784197095,0.6595672540991192,0.0170996251243106,0.0004305147814366
zalesak,circular+corner,0.5,0.1,0,7,0.551437550686892,0.0105070870189484,0.0446672705980646,0.551437550686892,0.0105070870189484,2.6199598406353327e-11
zalesak,circular+corner,0.5,0.1,0,8,0.4374136217709667,0.0092396330810937,0.0045963525881064,0.4374136217710362,0.0092396330810513,1.2384920318121216e-11
zalesak,circular+corner,0.5,0.1,0,9,0.489879971231604,0.0125251821843522,0.0298997246478746,0.489879971231604,0.0125251821843522,8.260649099531729e-12
zalesak,circular+corner,0.5,0.1,0,10,0.2806299085142756,0.010203968553062,0.0312477011983271,0.2806299085142756,0.0102039685531417,1.7161584422526124e-11
zalesak,circular+corner,0.5,0.1,0,11,0.5482798830832905,0.0112728083115427,0.0318717476066227,0.5482798830832905,0.0112728083115426,1.956065625584795e-11
zalesak,circular+corner,0.5,0.1,0,12,0.2938897289023123,0.0049990848973731,0.0282126260949696,0.2938897289023123,0.0049990848973731,7.2094528492471715e-06
zalesak,circular+corner,0.5,0.1,0,13,0.5429015926446423,0.0089820438623053,0.0308953403991489,0.5429015926446423,0.0089820438623053,1.1080915621480878e-11
zalesak,circular+corner,0.5,0.1,0,14,0.5265134264939271,0.0115986944647628,0.0132697711692585,0.5265134264939271,0.0115986944647628,5.815103304275125e-12
zalesak,circular+corner,0.5,0.1,0,15,0.556953218407975,0.0245984606974284,0.0114494044401353,0.556953218407975,0.0245984606974275,2.241587588362199e-11
zalesak,circular+corner,0.5,0.1,0,16,0.4481071909684238,0.0078427617260447,0.0129449864476132,0.4481071909683092,0.0078427617260439,2.6386665866578164e-12
zalesak,circular+corner,0.5,0.1,0,17,0.5166388721167783,0.0133949085880402,0.0182602498818521,0.5166388721167783,0.0133949085880389,5.167592137150333e-12
zalesak,circular+corner,0.5,0.1,0,18,0.4446768558700871,0.0083443273641841,0.0044392963100594,0.4446768558700871,0.0083443273641046,2.2776146722990282e-12
zalesak,circular+corner,0.5,0.1,0,19,0.5596254539514023,0.0137550279563412,0.0256548546046314,0.5596254539514023,0.0137550279563412,1.2811191994186783e-11
zalesak,circular+corner,0.5,0.1,0,20,4.427441524512687e-09,4.85313335366408e-10,0.0338584744738054,4.427441524512687e-09,4.85313335366408e-10,8.722654956412688e-13
zalesak,circular+corner,0.5,0.1,0,21,0.4926400684903174,0.0055149740800804,0.0071305647614299,0.4926400684836396,0.005514974079863,1.5739617875445468e-10
zalesak,circular+corner,0.5,0.1,0,22,0.4782757400405837,0.0130173682700455,0.0271022674933824,0.4782757400405837,0.0130173682700471,1.4947627361952872e-11
zalesak,circular+corner,0.5,0.1,0,23,0.4664690428304154,0.0108695348702279,0.0324272556747982,0.4664690428305076,0.010869534870225,1.7068831767404205e-11
zalesak,circular+corner,0.5,0.1,0,24,0.5549856334975846,0.0115574636215656,0.0301956516837395,0.5549856334975846,0.0115574636215656,1.4253154061024248e-10
zalesak,circular+corner,0.5,0.2,0,0,2.9569905635185023e-08,2.248836878070948e-09,0.0107359743435822,2.9569905635185023e-08,2.248836878070948e-09,1.1410919804967276e-11
zalesak,circular+corner,0.5,0.2,0,1,7.800716894001786e-09,4.2673735425663126e-10,0.0331922911721863,7.800716894001786e-09,4.2673735425663126e-10,4.504264201467909e-12
zalesak,circular+corner,0.5,0.2,0,2,0.4086121804502076,0.0078947842449784,0.0390707562861583,0.4086121804502074,0.0078947842449637,1.0857528174197776e-11
zalesak,circular+corner,0.5,0.2,0,3,0.4585862647454029,0.0267681428086431,0.0356589866119101,0.4585862647454029,0.026768142808642,6.727008355684287e-13
zalesak,circular+corner,0.5,0.2,0,4,0.4812846508138133,0.0078953662505264,0.0215573156009528,0.4812846508138133,0.0078953662505264,5.663379487370432e-12
zalesak,circular+corner,0.5,0.2,0,5,0.4956401298364123,0.0327911716547642,0.0171572151434166,0.4956401298364123,0.0327911716547642,3.9989086826141806e-12
zalesak,circular+corner,0.5,0.2,0,6,0.6220772662407708,0.005050457781249,0.031398257030203,0.6220772662407708,0.005050457781249,9.159666413597636e-12
zalesak,circular+corner,0.5,0.2,0,7,0.3837305663387522,0.0254974423229204,0.0321326280503658,0.3837305663388299,0.0254974423229194,1.897016356302969e-11
zalesak,circular+corner,0.5,0.2,0,8,0.4416807927897668,0.0090133680981237,0.0080444284269295,0.4416807927897668,0.0090133680981358,4.456169508927849e-11
zalesak,circular+corner,0.5,0.2,0,9,0.4525409505193891,0.0097527088196297,0.0150391963321725,0.4525409505193891,0.0097527088196297,3.346320528051136e-12
zalesak,circular+corner,0.5,0.2,0,10,0.3015848074798786,0.0104622000154232,0.0218649289349697,0.3015848074798786,0.0104622000154233,1.2893595405684569e-11
zalesak,circular+corner,0.5,0.2,0,11,0.5562710861802938,0.0105871484842746,0.0400595553950711,0.5562710861802427,0.0105871484842817,1.7635111135516963e-11
zalesak,circular+corner,0.5,0.2,0,12,0.623751556073973,0.0118163906429481,0.0281642641624667,0.623751556073973,0.0118163906429481,1.193677854232164e-12
zalesak,circular+corner,0.5,0.2,0,13,0.5487840215818214,0.0147120688680971,0.0227021941029728,0.5487840215818214,0.0147120688680971,5.6848590496091914e-12
zalesak,circular+corner,0.5,0.2,0,14,0.5189410793875606,0.0117527367298938,0.009858405226576,0.5189410793875606,0.0117527367298938,1.892622809481405e-11
zalesak,circular+corner,0.5,0.2,0,15,4.0293350878073406e-09,5.422738368582333e-10,0.0099977780542243,4.0293350878073406e-09,5.422738368582333e-10,9.710129013152758e-12
zalesak,circular+corner,0.5,0.2,0,16,0.409544734617667,0.0082348799072461,0.0131417697423366,0.40954473461786,0.0082348799072452,9.87864594235321e-13
zalesak,circular+corner,0.5,0.2,0,17,0.5318074349066326,0.012922764813077,0.0375612738339128,0.5318074349066326,0.0129227648130742,1.4551231804273943e-11
zalesak,circular+corner,0.5,0.2,0,18,0.4645741799589546,0.0056172601583271,0.0134646322638455,0.464574179958618,0.0056172601583159,7.043558522459318e-11
zalesak,circular+corner,0.5,0.2,0,19,0.5721258620426801,0.0118847807312917,0.0237659605886932,0.572125862042681,0.0118847807312917,9.618157433021342e-12
zalesak,circular+corner,0.5,0.2,0,20,2.1569537267396303e-09,4.510804825376465e-10,0.0318056174899284,2.1569537267396303e-09,4.510806794805445e-10,1.1897724792796621e-12
zalesak,circular+corner,0.5,0.2,0,21,0.6355584843499347,0.0193650415382776,0.0066386915626159,0.6355584843499347,0.0193650415382788,7.91756190995445e-12
zalesak,circular+corner,0.5,0.2,0,22,0.4655105268410739,0.0136656850779483,0.0346133782567962,0.4655105268408763,0.0136656850779498,2.308273818363643e-10
zalesak,circular+corner,0.5,0.2,0,23,0.4814234177268499,0.0104623965932938,0.0125169925007915,0.4814234177268499,0.0104623965932938,6.517875526977817e-11
zalesak,circular+corner,0.5,0.2,0,24,0.4973724130616792,0.0118574867634529,0.0278469834858845,0.4973724130616792,0.0118574867634521,2.9389899205052017e-12
zalesak,circular+corner,0.5,0.3,0,0,0.3879358554068788,0.0040432122933036,0.0079978470196335,0.3879358554068788,0.0040432122933036,4.945962108595858e-12
zalesak,circular+corner,0.5,0.3,0,1,2.941125707422998e-07,2.0653049453987232e-08,0.021670316550288,2.941125707422998e-07,2.0653049453987232e-08,7.103486501105457e-12
zalesak,circular+corner,0.5,0.3,0,2,0.4004457787705182,0.0078124465612837,0.0329843779547201,0.4004457787705182,0.0078124465612837,2.2623837099842716e-12
zalesak,circular+corner,0.5,0.3,0,3,0.5082813693419475,0.0524416599338133,0.0341877266348891,0.5082813693419475,0.0524416599338056,1.2539963703735536e-11
zalesak,circular+corner,0.5,0.3,0,4,0.5144301253761911,0.0072902012938946,0.0240933658909559,0.5144301253761911,0.0072902012938944,1.8958642706919808e-12
zalesak,circular+corner,0.5,0.3,0,5,0.5281625110232346,0.0327999625758851,0.0137951145761356,0.5281625110232346,0.0327999625758852,7.525462264723272e-12
zalesak,circular+corner,0.5,0.3,0,6,0.627684552654757,0.0047809747042097,0.022089624580638,0.627684552654757,0.0047809747042097,1.2918980342875832e-12
zalesak,circular+corner,0.5,0.3,0,7,0.4655080790432691,0.0251651390168298,0.0204462206683381,0.4655080790432691,0.0251651390167058,1.3405785330705176e-11
zalesak,circular+corner,0.5,0.3,0,8,1.4982578166193056e-08,7.010509032194511e-10,0.0153229301881903,1.4982578166193056e-08,7.011513132389238e-10,1.9116615123748503e-11
zalesak,circular+corner,0.5,0.3,0,9,0.4145553315360655,0.009500020488555,0.0026724234517359,0.4145553315360655,0.009500020488555,1.7220946121804148e-11
zalesak,circular+corner,0.5,0.3,0,10,0.2750271486458207,0.010650268274759,0.0269866599474524,0.2750271486458207,0.010650268274759,4.3039184664045676e-12
zalesak,circular+corner,0.5,0.3,0,11,0.5616958681727011,0.009552574908289,0.0368458331585694,0.5616958681727011,0.009552574908289,9.61503313305934e-13
zalesak,circular+corner,0.5,0.3,0,12,0.582767953131162,0.0088577177899306,0.0261675090403325,0.582767953131162,0.0088577177899306,1.4885531900208096e-11
zalesak,circular+corner,0.5,0.3,0,13,0.5501494497953185,0.0156171195326241,0.027763557633647,0.5501494497953352,0.0156171195326197,3.3517880529846384e-12
zalesak,circular+corner,0.5,0.3,0,14,0.5139955348597625,0.0119625493451249,0.0003461683325032,0.5139955348597625,0.0119625493451419,3.813149522998434e-11
zalesak,circular+corner,0.5,0.3,0,15,2.594437809024502e-09,3.71671187846957e-10,0.0134740869307315,2.594437809024502e-09,3.71671187846957e-10,5.63721347518867e-12
zalesak,circular+corner,0.5,0.3,0,16,0.5880694673689517,0.0289512645596135,0.0163764954566467,0.5880694673689517,0.0289512645596167,4.1116959112424306e-11
zalesak,circular+corner,0.5,0.3,0,17,0.5490442895266416,0.0120483147167542,0.0356845232462781,0.5490442895266359,0.0120483147167587,2.8636161839219177e-12
zalesak,circular+corner,0.5,0.3,0,18,0.7130667888026715,0.0149680410561266,0.0196793425008418,0.7130667888026715,0.0149680410561095,1.3857637212709632e-11
zalesak,circular+corner,0.5,0.3,0,19,0.5859497592072529,0.0187139214151031,0.0241438136733651,0.5859497592072529,0.0187139214151018,4.924351716296189e-10
zalesak,circular+corner,0.5,0.3,0,20,2.5412913144360162e-08,4.2374777064171705e-10,0.0207736040865284,2.5412913144360162e-08,4.2374827721036823e-10,6.228448189247912e-11
zalesak,circular+corner,0.5,0.3,0,21,0.6953965136902228,0.0256951579911602,0.0133166914075005,0.6953965136902228,0.0256951579911468,9.247927887524174e-13
zalesak,circular+corner,0.5,0.3,0,22,0.4516496536690209,0.0140002741198618,0.0393410520886333,0.4516496536690209,0.0140002741198619,6.367479537556973e-11
zalesak,circular+corner,0.5,0.3,0,23,0.4957505937752344,0.0101608240847177,0.0199480750972001,0.4957505937752344,0.0101608240847221,4.6753196243874846e-12
zalesak,circular+corner,0.5,0.3,0,24,0.4933223184584951,0.0119162351234016,0.0298861151969255,0.4933223184584951,0.0119162351234161,3.028989286285605e-11
zalesak,circular+corner,0.64,0.0,0,0,0.3470853517741801,0.0064076131503556,0.0178786967213234,0.3470853517742851,0.0064076131503549,1.5173748571702726e-11
zalesak,circular+corner,0.64,0.0,0,1,0.3797716535298467,0.0084194127090406,0.0239727127917938,0.3797716535298472,0.0084194127090423,3.0659146064615093e-12
zalesak,circular+corner,0.64,0.0,0,2,0.3966392415852755,0.0066508675994296,0.0253347417377499,0.3966392415852755,0.0066508675994296,1.837068850782067e-11
zalesak,circular+corner,0.64,0.0,0,3,1.9847838927944395e-09,2.8030429943320657e-10,0.0085524225323957,1.9847838927944395e-09,2.8030429943320657e-10,6.320849360624105e-13
zalesak,circular+corner,0.64,0.0,0,4,0.3783205485446705,0.0058591276920251,0.0168284688108442,0.3783205485446705,0.0058591276920251,1.5610955297635298e-11
zalesak,circular+corner,0.64,0.0,0,5,0.2995465047785198,0.0100043165719086,0.0128012818013591,0.2995465047785198,0.0100043165719086,2.046416475110924e-12
zalesak,circular+corner,0.64,0.0,0,6,2.8490010350878947e-09,3.8262324028169835e-10,0.0254355184407592,2.8490010350878947e-09,3.826800314555635e-10,1.209494622789796e-12
zalesak,circular+corner,0.64,0.0,0,7,1.5258094449333568,0.0063285071539011,0.0224321421424193,1.5258094449331423,0.006328507153899,9.231134775228418e-12
zalesak,circular+corner,0.64,0.0,0,8,1.1525721918468724e-08,4.228245120641155e-10,0.0117189481916375,1.1525721918468724e-08,4.228245120641155e-10,2.8791400493581123e-11
zalesak,circular+corner,0.64,0.0,0,9,2.008328792157954e-08,5.11291546688096e-10,0.0147935413072529,2.008328792157954e-08,5.112917057648279e-10,6.3882170785547585e-12
zalesak,circular+corner,0.64,0.0,0,10,0.3847932082488867,0.0080659926652422,0.0143364774716088,0.3847932082488867,0.0080659926652426,4.5421463385071755e-12
zalesak,circular+corner,0.64,0.0,0,11,0.404697235314748,0.007482483721752,0.0150906070745641,0.404697235314748,0.007482483721752,6.073912502377417e-11
zalesak,circular+corner,0.64,0.0,0,12,5.675066816479558e-08,2.4164871415428712e-09,0.0232925937467094,5.675066816479558e-08,2.416485805924656e-09,1.1269740500434338e-11
zalesak,circular+corner,0.64,0.0,0,13,0.3975391629814921,0.0070830363745298,0.0218962431426083,0.3975391629814924,0.0070830363745298,3.61051914358788e-13
zalesak,circular+corner,0.64,0.0,0,14,9.751350482645195e-08,3.1909236422977283e-09,0.0218056235607214,9.751350482645195e-08,3.1909236422977283e-09,3.110045343424779e-12
zalesak,circular+corner,0.64,0.0,0,15,1.2870935655102608e-08,7.641628048366456e-10,0.0095020484133827,1.2870935655102608e-08,7.641628048366456e-10,1.9533709168675693e-11
zalesak,circular+corner,0.64,0.0,0,16,1.3656286768082282e-08,6.214363619050101e-10,0.0153992608198705,1.3656286768082282e-08,6.214363619050101e-10,2.163968261181227e-12
zalesak,circular+corner,0.64,0.0,0,17,0.4386817847527564,0.0086388925260683,0.0152297947601851,0.4386817847526201,0.0086388925260693,1.679955616442921e-11
zalesak,circular+corner,0.64,0.0,0,18,6.21543080979713e-09,6.479589040399295e-10,0.0164494663517372,6.21543080979713e-09,6.479589040399295e-10,1.0520299047049247e-11
zalesak,circular+corner,0.64,0.0,0,19,0.4342728756835624,0.0123791172246825,0.020173999645323,0.4342728756835624,0.0123791172246825,1.6734531671470057e-12
zalesak,circular+corner,0.64,0.0,0,20,3.126909230490214e-09,4.1457633305889324e-10,0.0230200501591169,3.126909230490214e-09,4.1457633305889324e-10,2.9987421572784788e-12
zalesak,circular+corner,0.64,0.0,0,21,1.2482562260366764e-08,3.1862602772975645e-10,0.0174917645057941,1.2482562260366764e-08,3.1862581562744724e-10,1.8582359830246264e-11
zalesak,circular+corner,0.64,0.0,0,22,3.5360123717964598e-09,2.5469140605166707e-10,0.0162872126332503,3.5360123717964598e-09,2.5469140605166707e-10,1.4002721892195073e-12
zalesak,circular+corner,0.64,0.0,0,23,0.4562808238360973,0.0109629675119203,0.0189626728611456,0.4562808238360973,0.0109629675119203,2.5441565128072737e-12
zalesak,circular+corner,0.64,0.0,0,24,0.3712502827229609,0.0067524324240161,0.0152379103348597,0.3712502827229609,0.0067524324239205,2.706815379578972e-12
zalesak,circular+corner,0.64,0.05,0,0,0.3445414091540955,0.0064162257501682,0.026572052809965,0.3445414091540955,0.0064162257501682,2.8434449222922463e-11
zalesak,circular+corner,0.64,0.05,0,1,0.3881592831791218,0.0088935862543137,0.0200642326236992,0.3881592831791218,0.0088935862543137,1.780814454688442e-06
zalesak,circular+corner,0.64,0.05,0,2,0.3974507938411733,0.0061137187729107,0.0222803063150802,0.3974507938411733,0.0061137187729107,1.1433961517187036e-11
zalesak,circular+corner,0.64,0.05,0,3,6.422887111057207e-09,7.951659239060153e-10,0.0085111027838254,6.422887111057207e-09,7.951659239060153e-10,2.7611000914187464e-13
zalesak,circular+corner,0.64,0.05,0,4,0.3977319249634647,0.0056646420215454,0.0145350304739358,0.3977319249634647,0.0056646420215444,8.05307842080626e-12
zalesak,circular+corner,0.64,0.05,0,5,0.2814588971540528,0.0096646671070368,0.0126921395728861,0.2814588971540528,0.0096646671070368,5.022116920169642e-12
zalesak,circular+corner,0.64,0.05,0,6,2.734193473123786e-09,3.0347776362255066e-10,0.0223134830028929,2.734193473123786e-09,3.0347776362255066e-10,1.2854346387411928e-11
zalesak,circular+corner,0.64,0.05,0,7,0.3826359522608453,0.0087682485554942,0.0136714606969174,0.3826359522607849,0.0087682485554949,1.3854903450242879e-11
zalesak,circular+corner,0.64,0.05,0,8,4.4634181009308025e-09,3.4072007876280016e-10,0.0116076325919224,4.4634181009308025e-09,3.4072013472317085e-10,1.048807970369111e-11
zalesak,circular+corner,0.64,0.05,0,9,6.0581424321526364e-09,4.791609786470635e-10,0.0146845749294336,6.0581424321526364e-09,4.791609786470635e-10,7.472349165369249e-12
zalesak,circular+corner,0.64,0.05,0,10,0.3849021413091746,0.008055597193607,0.0168237354100236,0.3849021413093163,0.008055597193605,7.885147297848686e-12
zalesak,circular+corner,0.64,0.05,0,11,0.4130463435255067,0.0073034989458419,0.0172582785651528,0.4130463435255067,0.0073034989458464,6.940046559343258e-12
zalesak,circular+corner,0.64,0.05,0,12,1.1620082673857723e-08,1.2392793189327463e-09,0.0253809859519518,1.1620082673857723e-08,1.2392793189327463e-09,5.5208333016041176e-12
zalesak,circular+corner,0.64,0.05,0,13,0.4039497475016151,0.0065511257602056,0.0219958367930376,0.4039497475016151,0.0065511257602056,6.3737671912305016e-12
zalesak,circular+corner,0.64,0.05,0,14,1.0173835107707419e-09,2.5392062605276676e-10,0.0197317091494061,1.0173835107707419e-09,2.5391656537476295e-10,6.46730092134292e-13
zalesak,circular+corner,0.64,0.05,0,15,8.38693121924822e-09,3.1913638283467775e-10,0.0081597379098716,8.38693121924822e-09,3.1913665685486995e-10,1.6967877824882036e-11
zalesak,circular+corner,0.64,0.05,0,16,4.4656314202029534e-09,3.7135659490882446e-10,0.019498806338133,4.4656314202029534e-09,3.7135659490882446e-10,5.930702402869178e-12
zalesak,circular+corner,0.64,0.05,0,17,0.4453224328562084,0.0085090228003903,0.0188728239996526,0.4453224328563592,0.008509022800388,4.2812868185548205e-11
zalesak,circular+corner,0.64,0.05,0,18,1.1285248291414972e-08,9.323320396278142e-10,0.0156455840006171,1.1285248291414972e-08,9.32335334217448e-10,2.9221968082094444e-12
zalesak,circular+corner,0.64,0.05,0,19,1.514956714081584e-09,3.3609509293000443e-10,0.0208024471183952,1.514956714081584e-09,3.3609509293000443e-10,3.782941447740833e-12
zalesak,circular+corner,0.64,0.05,0,20,1.0503151407121152e-08,4.042850601821632e-10,0.0225655683785778,1.0503151407121152e-08,4.042850601821632e-10,2.000411158170453e-11
zalesak,circular+corner,0.64,0.05,0,21,7.496311768465932e-08,1.205359952575073e-09,0.0156080367568083,7.496311768465932e-08,1.205359952575073e-09,1.492552293972171e-10
zalesak,circular+corner,0.64,0.05,0,22,3.850191276910664e-09,4.5932325498776413e-10,0.0162092741693269,3.850191276910664e-09,4.5932341643139824e-10,1.3649285458993665e-13
zalesak,circular+corner,0.64,0.05,0,23,0.3135994202476295,0.0082535129193813,0.0211060260874673,0.3135994202476295,0.0082535129193813,2.5593093676229803e-11
zalesak,circular+corner,0.64,0.05,0,24,0.3878731639076053,0.0063302251902979,0.021537560393715,0.3878731639076053,0.0063302251902979,1.0192833357281976e-11
zalesak,circular+corner,0.64,0.1,0,0,0.3419246330769918,0.0062970909309687,0.0241257904261392,0.3419246330769556,0.0062970909309692,1.1166248064193039e-11
zalesak,circular+corner,0.64,0.1,0,1,0.3989583409962844,0.0090820164305478,0.0172931789343287,0.3989583409962844,0.0090820164305471,4.21878129244003e-12
zalesak,circular+corner,0.64,0.1,0,2,0.3993282864910934,0.0055687880584088,0.0223949560013604,0.3993282864910934,0.0055687880584088,1.4148470485422437e-10
zalesak,circular+corner,0.64,0.1,0,3,2.0541053302736145e-08,2.233888826247476e-09,0.0083736963990365,2.0541053302736145e-08,2.233888825701331e-09,4.953968127248487e-13
zalesak,circular+corner,0.64,0.1,0,4,0.4607724847266206,0.011633826820106,0.0182758721398795,0.4607724847266206,0.011633826820106,5.881240829095743e-11
zalesak,circular+corner,0.64,0.1,0,5,0.2633459315718631,0.0094094846874575,0.0147760875869712,0.2633459315718631,0.0094094846874575,1.6720862859136298e-12
zalesak,circular+corner,0.64,0.1,0,6,1.316466225116143e-09,2.5243108020428407e-10,0.0221924640770779,1.316466225116143e-09,2.5244275993252564e-10,3.84152207202836e-12
zalesak,circular+corner,0.64,0.1,0,7,0.3778209916396284,0.008785197362656,0.0184783658125381,0.3778209916396284,0.0087851973640626,9.042700433770208e-12
zalesak,circular+corner,0.64,0.1,0,8,6.580368250297397e-09,4.6042959703007487e-10,0.0097384732357686,6.580368250297397e-09,4.6042954203277526e-10,3.076849656328514e-12
zalesak,circular+corner,0.64,0.1,0,9,1.6415558690141552e-08,6.938848136261337e-10,0.0127348056437493,1.6415558690141552e-08,6.938848136261337e-10,2.649796905272447e-13
zalesak,circular+corner,0.64,0.1,0,10,0.3889539121969527,0.0079151324724906,0.0172044927890275,0.388953912196998,0.0079151324724941,3.012489077111285e-11
zalesak,circular+corner,0.64,0.1,0,11,0.5248343720983804,0.0112310615743643,0.0229459074553805,0.5248343720983804,0.0112310615743637,4.126809712308613e-12
zalesak,circular+corner,0.64,0.1,0,12,8.985967525632077e-09,7.900691224280157e-10,0.0253558364119483,8.985967525632077e-09,7.900691224280157e-10,2.4484748264709807e-12
zalesak,circular+corner,0.64,0.1,0,13,0.3014645470090307,0.0127648009674661,0.022136273721204,0.3014239045087761,0.0127652399192727,2.3194998186646096e-11
zalesak,circular+corner,0.64,0.1,0,14,1.547932256860561e-09,2.8436412275085937e-10,0.0197141659658785,1.547932256860561e-09,2.8436412275085937e-10,5.168959018383709e-12
zalesak,circular+corner,0.64,0.1,0,15,1.0175873963670078e-08,3.9837748692722437e-10,0.0080009392356388,1.0175873963670078e-08,3.98377541563281e-10,2.3576748588253145e-11
zalesak,circular+corner,0.64,0.1,0,16,0.436457919185737,0.004223508405169,0.0210392920720708,0.436457919185737,0.004223508405169,3.445907589339931e-12
zalesak,circular+corner,0.64,0.1,0,17,0.4523899536008562,0.0082999950425416,0.0211873222473612,0.4523899536008562,0.0082999950425409,3.1401167305590425e-12
zalesak,circular+corner,0.64,0.1,0,18,5.171186145958018e-09,6.492261775257166e-10,0.0097832202907403,5.171186145958018e-09,6.492261775257166e-10,3.756384898063821e-12
zalesak,circular+corner,0.64,0.1,0,19,1.6762070842446523e-08,9.640667053610479e-10,0.020772725588433,1.6762070842446523e-08,9.640667053610479e-10,2.0957218338862588e-11
zalesak,circular+corner,0.64,0.1,0,20,2.497129791834141e-08,1.412413107444571e-09,0.0198309008725431,2.497129791834141e-08,1.412413107444571e-09,2.4025085632800348e-11
zalesak,circular+corner,0.64,0.1,0,21,0.4318188036342709,0.006567248065502,0.023223964090565,0.4318188036337578,0.0065672480654776,6.904117109780242e-12
zalesak,circular+corner,0.64,0.1,0,22,1.1717125936172581e-07,7.760151066342012e-09,0.0163583044744512,1.1717125936172581e-07,7.760151066342012e-09,1.6404000262365068e-10
zalesak,circular+corner,0.64,0.1,0,23,1.2814662726304364e-08,4.3922776151362817e-10,0.0229542512938389,1.2814662726304364e-08,4.3922776151362817e-10,2.6100401882559784e-11
zalesak,circular+corner,0.64,0.1,0,24,0.4045691090546754,0.0057477999290985,0.0150333681256002,0.4045691090546754,0.0057477999290985,6.154089850152278e-12
zalesak,circular+corner,0.64,0.2,0,0,0.3366302242995815,0.0059957067260805,0.0169125092025028,0.336630224299502,0.0059957067260821,2.0607101474370805e-11
zalesak,circular+corner,0.64,0.2,0,1,4.3602759688676855e-09,2.2188330433951678e-10,0.0283254414889999,4.3602759688676855e-09,2.2188330433951678e-10,1.447585806769066e-11
zalesak,circular+corner,0.64,0.2,0,2,0.4059155832634999,0.004958145602743,0.0211020397800169,0.4059155832634999,0.0049581456027436,7.453329989350565e-11
zalesak,circular+corner,0.64,0.2,0,3,0.5407725222819805,0.0251942205705476,0.0092715130260833,0.5407725222819805,0.0251942205705498,1.0544512371754761e-13
zalesak,circular+corner,0.64,0.2,0,4,0.4618419243442036,0.0116132932307922,0.0201622813868744,0.4618419243442036,0.0116132932307896,1.9449353069701656e-11
zalesak,circular+corner,0.64,0.2,0,5,0.2265286454981598,0.0089069580272691,0.01786125635494,0.2265286454981598,0.0089069580272691,8.083735614183399e-12
zalesak,circular+corner,0.64,0.2,0,6,2.311333346938227e-09,2.9462558240955986e-10,0.0252816329014472,2.311333346938227e-09,2.9464096169006727e-10,1.1784468919174073e-12
zalesak,circular+corner,0.64,0.2,0,7,0.3680649604753743,0.0089583774406704,0.0218005829938637,0.3680649604755144,0.0089583774406712,6.153113506414153e-12
zalesak,circular+corner,0.64,0.2,0,8,0.2578018441869815,0.0080248828484261,0.0107729328926553,0.2578018441869815,0.0080248828484261,9.41273471051975e-12
zalesak,circular+corner,0.64,0.2,0,9,7.795275536182089e-09,5.088184740067848e-10,0.0229220007463386,7.795275536182089e-09,5.088104058623541e-10,2.7474312790849904e-13
zalesak,circular+corner,0.64,0.2,0,10,0.3966406177244115,0.010619053165965,0.0256894571606553,0.3966406177244115,0.0106190531659865,3.4610409172808745e-11
zalesak,circular+corner,0.64,0.2,0,11,0.5354981302005528,0.0120538716721752,0.0291546528715211,0.5354981302005528,0.0120538716721752,1.5353786357013054e-11
zalesak,circular+corner,0.64,0.2,0,12,1.3823289179981655e-09,2.1015704564925419e-10,0.025214755904135,1.3823289179981655e-09,2.1015704564925419e-10,5.095733238024301e-12
zalesak,circular+corner,0.64,0.2,0,13,0.4416137201797093,0.014807597846579,0.0213207738322215,0.4416137201797093,0.0148075978465836,9.415292731113637e-11
zalesak,circular+corner,0.64,0.2,0,14,1.7037097066463502e-08,5.453973377652127e-10,0.0152201453649819,1.7037097066463502e-08,5.453981179265931e-10,3.256887441638846e-12
zalesak,circular+corner,0.64,0.2,0,15,0.4512656173879766,0.0213479794829669,0.0063390243946662,0.4512656173879766,0.0213479794829669,1.4942159837019368e-11
zalesak,circular+corner,0.64,0.2,0,16,1.8330986024535103e-08,5.371681555131621e-10,0.0247291823178705,1.8330986024535103e-08,5.371681555131621e-10,1.0888771173817789e-11
zalesak,circular+corner,0.64,0.2,0,17,3.2949163397688604e-09,4.2857802103762095e-10,0.0331282817368541,3.2949163397688604e-09,4.2857802103762095e-10,4.223663011130657e-13
zalesak,circular+corner,0.64,0.2,0,18,1.4029177819452345e-08,1.0727774321662082e-09,0.0096769555278492,1.4029177819452345e-08,1.0727774321662082e-09,5.554419526195633e-12
zalesak,circular+corner,0.64,0.2,0,19,1.5526120833442292e-08,4.739177058697049e-10,0.0172022971003311,1.5526120833442292e-08,4.739168009287302e-10,1.1442748610830165e-12
zalesak,circular+corner,0.64,0.2,0,20,6.377285470379229e-08,5.439288159715085e-10,0.0148115440835231,6.377275632098905e-08,5.43928870720191e-10,8.236474828575744e-11
zalesak,circular+corner,0.64,0.2,0,21,0.5393263014979073,0.0108301454967538,0.0190061854347849,0.5393263014979073,0.0108301454967342,1.1226586107209194e-11
zalesak,circular+corner,0.64,0.2,0,22,4.6892828633578004e-08,1.397238508631217e-09,0.0179915705269985,4.6892828633578004e-08,1.397238508631217e-09,5.79973565383703e-11
zalesak,circular+corner,0.64,0.2,0,23,7.242694240212667e-09,3.861385467199003e-10,0.0203262060418207,7.242694240212667e-09,3.861385467199003e-10,4.002814057566682e-12
zalesak,circular+corner,0.64,0.2,0,24,0.4381374863133876,0.0061850780667663,0.0167140776067469,0.4381374863133876,0.0061850780667654,1.6158488865976045e-12
zalesak,circular+corner,0.64,0.3,0,0,0.3226936432490435,0.0056970226028899,0.011001697095171,0.3226936432490435,0.0056970226028899,3.6685139616325314e-12
zalesak,circular+corner,0.64,0.3,0,1,9.182844706856486e-09,4.2449210729749717e-10,0.0256810948297222,9.182844706856486e-09,4.2447011639189545e-10,6.510845852063315e-12
zalesak,circular+corner,0.64,0.3,0,2,0.4157928540181395,0.0052376854126393,0.0230036809274201,0.4157928540181368,0.005237685412639,2.566612418784159e-12
zalesak,circular+corner,0.64,0.3,0,3,0.6324376183022948,0.0254918196708072,0.0057287358782924,0.6324376183022948,0.0254918196707897,2.011268100538408e-12
zalesak,circular+corner,0.64,0.3,0,4,0.457726540822633,0.0069452955590947,0.0246080129137652,0.457726540822633,0.0069452955590946,3.2770001226442295e-12
zalesak,circular+corner,0.64,0.3,0,5,0.4553073859821355,0.0081351171360861,0.0160310528587383,0.4553073859821355,0.0081351171360861,2.2143475980684997e-12
zalesak,circular+corner,0.64,0.3,0,6,3.2660416593444093e-09,4.548009711248165e-10,0.0193252446201255,3.2660416593444093e-09,4.548009711248165e-10,1.5316880563711914e-12
zalesak,circular+corner,0.64,0.3,0,7,0.3958456386096997,0.0088160704604538,0.0201798573188237,0.3958456386096997,0.0088160704604554,1.891373089496604e-12
zalesak,circular+corner,0.64,0.3,0,8,0.4599657932691756,0.0074544825252811,0.0097582037998703,0.4599657932691756,0.0074544825252811,3.888386571458381e-12
zalesak,circular+corner,0.64,0.3,0,9,2.088922973770922e-09,3.6694713264294374e-10,0.0216564825834074,2.088922973770922e-09,3.6694713264294374e-10,4.738000892375139e-12
zalesak,circular+corner,0.64,0.3,0,10,5.2862745292259206e-09,5.321139765948694e-10,0.0227300977204072,5.2862745292259206e-09,5.321139765948694e-10,2.0475880875966746e-12
zalesak,circular+corner,0.64,0.3,0,11,1.0677731587804828e-07,3.695492754696103e-09,0.0357161902854292,1.0677731587804828e-07,3.6954924398386883e-09,1.2981856879611109e-11
zalesak,circular+corner,0.64,0.3,0,12,2.475309906369263e-08,5.86030068410398e-10,0.0237516892645122,2.475309906369263e-08,5.860303935633623e-10,8.289568401055005e-11
zalesak,circular+corner,0.64,0.3,0,13,0.450738254336769,0.0166152099886473,0.0259683415963887,0.450738254336769,0.0166152099886473,2.4831916571112446e-10
zalesak,circular+corner,0.64,0.3,0,14,3.502398525308746e-09,4.4776791651293564e-10,0.0186666007252587,3.502398525308746e-09,4.4776786464925505e-10,2.7718398725381267e-12
zalesak,circular+corner,0.64,0.3,0,15,0.55054543670467,0.0261263930538783,0.0026887656500858,0.55054543670467,0.0261263930538783,3.0717726688902617e-12
zalesak,circular+corner,0.64,0.3,0,16,6.6406962203114204e-09,2.9985178354709256e-10,0.0192359639927525,6.6406962203114204e-09,2.998517905622299e-10,1.8710456128688318e-11
zalesak,circular+corner,0.64,0.3,0,17,3.6489911745047734e-09,2.4512731687087176e-10,0.0328031816087828,3.6489911745047734e-09,2.4512731687087176e-10,1.1391783467700018e-11
zalesak,circular+corner,0.64,0.3,0,18,3.714363927542763e-09,4.5737353573813893e-10,0.0114534145963699,3.714363927542763e-09,4.5737353573813893e-10,3.3369476281651316e-12
zalesak,circular+corner,0.64,0.3,0,19,1.637391910946917e-08,2.547826895980991e-09,0.0194252848182305,1.637391910946917e-08,2.547826895980991e-09,2.7181214400664646e-11
zalesak,circular+corner,0.64,0.3,0,20,0.4319788898081924,0.0113822380461682,0.0164458851617764,0.4319788898078325,0.0113822380461731,3.61737704956746e-06
zalesak,circular+corner,0.64,0.3,0,21,0.4712588198013885,0.0056944055681874,0.0111584907722333,0.4712588198013885,0.0056944055681876,2.2316679359828448e-11
zalesak,circular+corner,0.64,0.3,0,22,4.609667573720649e-09,3.353677011110475e-10,0.016315351676,4.609667573720649e-09,3.353677011110475e-10,6.487413602348304e-12
zalesak,circular+corner,0.64,0.3,0,23,3.500608437277253e-07,2.1176177856361572e-09,0.0225205964770299,3.500608437277253e-07,2.1176184679289982e-09,7.773523870956278e-10
zalesak,circular+corner,0.64,0.3,0,24,0.4548446019332741,0.0072560064292688,0.0181655680041092,0.4548446019332741,0.0072560064292837,7.1062202635722076e-12
zalesak,circular+corner,1.0,0.0,0,0,3.333520126602707e-09,1.9993055002147164e-10,0.0112107756166333,3.333520126602707e-09,1.9993055002147164e-10,1.415698420281889e-13
zalesak,circular+corner,1.0,0.0,0,1,1.4084820421089717e-08,4.741131570078325e-10,0.0093738220009053,1.4084820421089717e-08,4.741131570078325e-10,4.151413574509374e-13
zalesak,circular+corner,1.0,0.0,0,2,2.3140380777691223e-08,4.492491219518826e-10,0.0091858404043481,2.3140380777691223e-08,4.492491219518826e-10,3.610148132967392e-11
zalesak,circular+corner,1.0,0.0,0,3,4.233028150224527e-09,3.081393018206351e-10,0.0066947842237947,4.233028150224527e-09,3.08139154557892e-10,4.547809132188303e-13
zalesak,circular+corner,1.0,0.0,0,4,1.7684287174137042e-09,1.2626330489951327e-10,0.0038232754357616,1.7684287174137042e-09,1.2626330489951327e-10,3.231697773195209e-13
zalesak,circular+corner,1.0,0.0,0,5,1.0947507078640228e-07,3.315248294960067e-09,0.0085378083531086,1.0947507078640228e-07,3.315248294960067e-09,1.571308085264322e-11
zalesak,circular+corner,1.0,0.0,0,6,1.9891029530354536e-09,1.8010057749925682e-10,0.0107209830817699,1.9891029530354536e-09,1.8010057749925682e-10,2.85678177775504e-13
zalesak,circular+corner,1.0,0.0,0,7,5.046365103567041e-09,2.6018362244141843e-10,0.0130835943946278,5.046365103567041e-09,2.6018362244141843e-10,1.2569449284626925e-12
zalesak,circular+corner,1.0,0.0,0,8,1.2024393925003096e-08,9.78499391520925e-10,0.017168514179811,1.2024393925003096e-08,9.78499391520925e-10,3.5447135756382258e-12
zalesak,circular+corner,1.0,0.0,0,9,6.877860059262275e-09,2.55206664790125e-10,0.0159779603626659,6.877860059262275e-09,2.55206664790125e-10,2.4006339833028338e-12
zalesak,circular+corner,1.0,0.0,0,10,5.031564498381158e-09,3.1261814047813463e-10,0.008726946167355,5.0315449584559255e-09,3.1261779480869556e-10,7.0363140519224266e-12
zalesak,circular+corner,1.0,0.0,0,11,6.009161168663013e-09,4.579580424102582e-10,0.0102667617735206,6.009161168663013e-09,4.579580424102582e-10,4.5407794572737994e-12
zalesak,circular+corner,1.0,0.0,0,12,5.6312922153178395e-08,6.951542631121278e-10,0.0070860681633935,5.6312922153178395e-08,6.951542631121278e-10,7.81762336491993e-11
zalesak,circular+corner,1.0,0.0,0,13,1.2541414484701366e-07,2.430230387684061e-09,0.0087296723189583,1.2541414484701366e-07,2.430223652331045e-09,7.109735101029459e-12
zalesak,circular+corner,1.0,0.0,0,14,3.540343226350219e-09,2.4175734690293103e-10,0.008825288633202,3.540343226350219e-09,2.4175734690293103e-10,5.8291626541041314e-12
zalesak,circular+corner,1.0,0.0,0,15,8.145017623952247e-09,1.6511871369456735e-10,0.0064806783063519,8.145017623952247e-09,1.6511871369456735e-10,1.3409495436910054e-11
zalesak,circular+corner,1.0,0.0,0,16,3.086678059815995e-07,9.849412726564035e-09,0.0062461966844818,3.086678059815995e-07,9.849412726564035e-09,1.9107046955114876e-12
zalesak,circular+corner,1.0,0.0,0,17,3.939717885259597e-09,4.429317944368997e-10,0.0088034058020494,3.939717885259597e-09,4.429317944368997e-10,3.254153679172094e-12
zalesak,circular+corner,1.0,0.0,0,18,0.3486947691107034,0.0026248739464305,0.0070448671834858,0.3486947691107034,0.0026248739464305,2.4424214952946025e-12
zalesak,circular+corner,1.0,0.0,0,19,8.084844793643242e-09,5.763807566860526e-10,0.0114396201829532,8.084844793643242e-09,5.763807566860526e-10,9.419178579191376e-12
zalesak,circular+corner,1.0,0.0,0,20,3.2258302695709062e-09,3.352613244689465e-10,0.0144481946222243,3.2258302695709062e-09,3.352613244689465e-10,3.6782773990137855e-12
zalesak,circular+corner,1.0,0.0,0,21,2.026744994054752e-09,4.889303316607984e-10,0.0046291952340483,2.026744994054752e-09,4.889303316607984e-10,2.529120819240142e-12
zalesak,circular+corner,1.0,0.0,0,22,1.3979750690396031e-09,1.5426186836348734e-10,0.0093275084742946,1.3979750690396031e-09,1.5426186836348734e-10,1.063238330818605e-12
zalesak,circular+corner,1.0,0.0,0,23,2.7414708068948886e-09,1.9148304788697088e-10,5.0340943399964074e-05,2.7414708068948886e-09,1.9148308271749709e-10,6.6119950633331095e-12
zalesak,circular+corner,1.0,0.0,0,24,7.792609224566151e-09,5.443534028703664e-10,0.0110319164910557,7.792609224566151e-09,5.428955591236546e-10,1.7988157031223121e-12
zalesak,circular+corner,1.0,0.05,0,0,1.749766520502894e-07,5.919392954560706e-10,0.0114498565079461,1.749766520502894e-07,5.919392954560706e-10,2.1454860742185123e-10
zalesak,circular+corner,1.0,0.05,0,1,3.1498430530518813e-09,2.8558663881734117e-10,0.0083959239152719,3.1498430530518813e-09,2.8558663881734117e-10,5.916643053040172e-13
zalesak,circular+corner,1.0,0.05,0,2,2.9888127528465702e-09,3.088192261897667e-10,0.0102408638476469,2.9888127528465702e-09,3.088192261897667e-10,2.11573688051783e-12
zalesak,circular+corner,1.0,0.05,0,3,7.058377446695734e-09,3.236819941807804e-10,0.0061367080389883,7.058377446695734e-09,3.236819941807804e-10,1.2047495922225064e-11
zalesak,circular+corner,1.0,0.05,0,4,2.2733377681651448e-09,1.6268931819094828e-10,0.0031361270521248,2.2733377681651448e-09,1.6268931819094828e-10,1.0193028626029599e-12
zalesak,circular+corner,1.0,0.05,0,5,7.867812867565551e-09,2.7802172586594687e-10,0.0080424799130197,7.867812867565551e-09,2.7802172586594687e-10,9.784526405997915e-12
zalesak,circular+corner,1.0,0.05,0,6,1.250708448737943e-05,2.6318336347010743e-08,0.0089602301572166,1.250708448737943e-05,2.6318336520144082e-08,1.9327815653223577e-08
zalesak,circular+corner,1.0,0.05,0,7,9.827929253418493e-08,6.907991886151055e-10,0.013028015744803,9.827929253418493e-08,6.9079769208965e-10,4.479269801771897e-12
zalesak,circular+corner,1.0,0.05,0,8,6.015115516788683e-09,3.8396681580758677e-10,0.0187290312060139,6.015115516788683e-09,3.8396681580758677e-10,8.050930464582385e-13
zalesak,circular+corner,1.0,0.05,0,9,3.2397446503296123e-08,6.050920254462756e-10,0.0101880971929163,3.2397446503296123e-08,6.050920254462756e-10,4.030542219729445e-12
zalesak,circular+corner,1.0,0.05,0,10,2.7411672931521025e-08,7.081315410131065e-10,0.0080220602634778,2.7411672931521025e-08,7.08133193953637e-10,2.795076853505512e-12
zalesak,circular+corner,1.0,0.05,0,11,7.380316979777035e-08,1.4829296066267743e-09,0.0090139555002748,7.380316979777035e-08,1.4829296066267743e-09,4.878399121917577e-12
zalesak,circular+corner,1.0,0.05,0,12,1.2098287719202706e-08,2.5275959154436037e-10,0.0048424291159227,1.2098287719202706e-08,2.5275959154436037e-10,1.6717543290426672e-11
zalesak,circular+corner,1.0,0.05,0,13,9.741903284066213e-09,4.1112967990467956e-10,0.0075576909233547,9.741903284066213e-09,4.1112967990467956e-10,3.1791704800840604e-12
zalesak,circular+corner,1.0,0.05,0,14,2.3165855012052816e-08,6.474553067619671e-10,0.0066604888634839,2.3165855012052816e-08,6.474546033105198e-10,2.3100292844047933e-13
zalesak,circular+corner,1.0,0.05,0,15,6.762972636247473e-08,3.1179079312373216e-10,0.0060911715411715,6.762972636247473e-08,3.1179079312373216e-10,8.501376411603938e-11
zalesak,circular+corner,1.0,0.05,0,16,1.5080861004435062e-09,2.5826985273526577e-10,0.0077595103590897,1.5080861004435062e-09,2.5827914530571476e-10,1.931793720254997e-12
zalesak,circular+corner,1.0,0.05,0,17,1.9679031737496192e-08,6.883514860528954e-10,0.0058151201574989,1.9679031737496192e-08,6.883514860528954e-10,4.911009002770967e-13
zalesak,circular+corner,1.0,0.05,0,18,4.647356277587278e-09,1.7799754305948343e-09,0.0089019107877214,4.647356277587278e-09,1.779962426234187e-09,4.160395936900128e-12
zalesak,circular+corner,1.0,0.05,0,19,1.1119407616888566e-09,1.3251547942649436e-10,0.0089919886553203,1.1119407616888566e-09,1.3251547942649436e-10,8.519575458882596e-13
zalesak,circular+corner,1.0,0.05,0,20,4.169645961837887e-09,5.181662596014103e-10,0.0145758643503242,4.1691929908438405e-09,5.181521925118234e-10,5.0574605634897834e-14
zalesak,circular+corner,1.0,0.05,0,21,7.666271173434325e-09,2.4331874988159365e-10,0.0048378092669415,7.666271173434325e-09,2.4330654142747236e-10,4.854576334707317e-12
zalesak,circular+corner,1.0,0.05,0,22,2.0058639194076022e-09,1.4183507429341592e-10,0.0091868665122969,2.0058639194076022e-09,1.4183507429341592e-10,1.542037299995321e-12
zalesak,circular+corner,1.0,0.05,0,23,2.5516700918645655e-09,1.8840760772937167e-10,0.001302005308781,2.5516700918645655e-09,1.8840760772937167e-10,5.600893488130403e-12
zalesak,circular+corner,1.0,0.05,0,24,5.6618366883753886e-08,1.201817903200208e-09,0.0100769575548776,5.6618366883753886e-08,1.201817903200208e-09,2.0227889566482884e-12
zalesak,circular+corner,1.0,0.1,0,0,7.370169551738356e-09,5.619181597407334e-10,0.0122750181161813,7.370169551738356e-09,5.619181597407334e-10,7.168315725316986e-12
zalesak,circular+corner,1.0,0.1,0,1,1.790468218132446e-09,1.8053733821424028e-10,0.012631156604028,1.790468218132446e-09,1.8053733821424028e-10,2.311981971881044e-13
zalesak,circular+corner,1.0,0.1,0,2,1.076391598076043e-08,4.918114567430802e-10,0.0112319065021445,1.076391598076043e-08,4.918114567430802e-10,1.870459806625957e-11
zalesak,circular+corner,1.0,0.1,0,3,5.102416921282536e-09,3.2001009458194884e-10,0.0061299897798908,5.102416921282536e-09,3.200101311046983e-10,1.1732917969801048e-11
zalesak,circular+corner,1.0,0.1,0,4,3.211180654716372e-09,2.368842757851094e-10,0.0002488601048335,3.211180654716372e-09,2.368842757851094e-10,2.4867475010054977e-12
zalesak,circular+corner,1.0,0.1,0,5,3.0427319330783575e-08,6.546713682170063e-10,0.0076909461139352,3.0427319330783575e-08,6.546713682170063e-10,4.644857699757972e-12
zalesak,circular+corner,1.0,0.1,0,6,1.2552680936416482e-08,3.3963763898092875e-10,0.0107092386876071,1.2552680936416482e-08,3.3963763898092875e-10,1.5328010882326542e-11
zalesak,circular+corner,1.0,0.1,0,7,2.7755806542018036e-09,2.184233853350964e-10,0.0098362112933286,2.7755806542018036e-09,2.184233853350964e-10,8.845674267416493e-13
zalesak,circular+corner,1.0,0.1,0,8,8.798927158013144e-09,5.280420351401695e-10,0.0167352343560987,8.798927158013144e-09,5.280378617138201e-10,8.464509672052321e-12
zalesak,circular+corner,1.0,0.1,0,9,4.947985132730537e-09,2.913881038496968e-10,0.0110630396471072,4.947985132730537e-09,2.913881038496968e-10,1.9216397453784924e-12
zalesak,circular+corner,1.0,0.1,0,10,4.032921463254323e-09,2.4283934426010983e-10,0.0058643995122305,4.032921463254323e-09,2.4283934426010983e-10,5.23847469253824e-12
zalesak,circular+corner,1.0,0.1,0,11,4.019700128310433e-09,3.4944593514495927e-10,0.0077822179382954,4.019700128310433e-09,3.4944593514495927e-10,8.341880898543767e-13
zalesak,circular+corner,1.0,0.1,0,12,1.152662164907448e-08,4.796844106718984e-10,0.003106140381804,1.152662164907448e-08,4.796844106718984e-10,2.330259126658752e-11
zalesak,circular+corner,1.0,0.1,0,13,7.084945252699981e-08,2.1945766882940935e-09,0.008265065552417,7.084945252699981e-08,2.1945766882940935e-09,5.568283607277014e-12
zalesak,circular+corner,1.0,0.1,0,14,1.5118304830252782e-08,1.207260652016958e-09,0.0071136235123715,1.5118304830252782e-08,1.207260652016958e-09,7.476840346564625e-13
zalesak,circular+corner,1.0,0.1,0,15,2.0751400065745212e-08,1.9962340118506974e-10,0.0039163449815412,2.0751400065745212e-08,1.9962340118506974e-10,4.565637168846474e-11
zalesak,circular+corner,1.0,0.1,0,16,9.63536774212794e-09,5.94634076836303e-10,0.0109044039618707,9.63536774212794e-09,5.94634076836303e-10,1.0419540373274703e-11
zalesak,circular+corner,1.0,0.1,0,17,2.2051481821234095e-08,7.701386548016915e-10,0.0045908055818341,2.2051481821234095e-08,7.701579823508163e-10,3.3394665950094946e-11
zalesak,circular+corner,1.0,0.1,0,18,1.0198967004271252e-08,5.10618452453143e-10,0.0122184124611328,1.0198967004271252e-08,5.10618452453143e-10,5.524152870313744e-12
zalesak,circular+corner,1.0,0.1,0,19,1.4480132648486688e-09,1.5693995096217896e-10,0.0071103379185921,1.4480132648486688e-09,1.5693995096217896e-10,1.0083678127359553e-12
zalesak,circular+corner,1.0,0.1,0,20,4.244762763505605e-09,2.9710222903235615e-10,0.0128933629578546,4.244762763505605e-09,2.9710222903235615e-10,2.597074343413673e-14
zalesak,circular+corner,1.0,0.1,0,21,6.204494695793983e-09,2.436049371189574e-10,0.0041671823997901,6.204494695793983e-09,2.436049371189574e-10,4.233035911016661e-12
zalesak,circular+corner,1.0,0.1,0,22,1.777234359678914e-09,1.7054583740961355e-10,0.0089335499557217,1.777234359678914e-09,1.7054605699034974e-10,1.2061750540801697e-12
zalesak,circular+corner,1.0,0.1,0,23,1.6893940514805363e-08,3.4303712293578443e-10,0.0023801342455758,1.6893940514805363e-08,3.4303712293578443e-10,1.7416800675672112e-11
zalesak,circular+corner,1.0,0.1,0,24,9.088005015200906e-09,4.08378832379453e-10,0.0085519870798806,9.088005015200906e-09,4.08378832379453e-10,5.998655927042709e-13
zalesak,circular+corner,1.0,0.2,0,0,6.0003575441669454e-09,2.986343352634679e-10,0.0131223348369551,6.0003575441669454e-09,2.986343352634679e-10,4.645443506000848e-12
zalesak,circular+corner,1.0,0.2,0,1,0.128616394496003,2.7159593754045303e-10,0.0123174529370982,0.128616394496003,2.7159593754045303e-10,6.945709353024387e-13
zalesak,circular+corner,1.0,0.2,0,2,4.069626413638616e-09,3.2662102577322974e-10,0.0129360435686206,4.069626413638616e-09,3.2662102577322974e-10,2.6833831298639618e-12
zalesak,circular+corner,1.0,0.2,0,3,2.6706713938406223e-08,3.06648191556058e-10,0.0023174907615096,2.6706713938406223e-08,3.06648191556058e-10,4.811734371478372e-11
zalesak,circular+corner,1.0,0.2,0,4,3.720053598499362e-09,2.1416160613964951e-10,0.00369290540267,3.720053598499362e-09,2.1416160613964951e-10,1.5758187933344617e-12
zalesak,circular+corner,1.0,0.2,0,5,9.340832918927073e-08,3.249747136359575e-10,0.0083662634664348,9.340832918927073e-08,3.249747136359575e-10,1.4538793185050227e-10
zalesak,circular+corner,1.0,0.2,0,6,4.00833419466479e-09,1.821641186032738e-10,0.0135684245681227,4.00833419466479e-09,1.821641186032738e-10,5.113502694058184e-12
zalesak,circular+corner,1.0,0.2,0,7,3.1188083227107204e-09,2.0718673703018223e-10,0.0127995965458634,3.1188083227107204e-09,2.0718804457184406e-10,3.43282458324905e-13
zalesak,circular+corner,1.0,0.2,0,8,0.1910607831856731,0.0019652221627874,0.0174083013992118,0.1910607831856731,0.0019652221627874,5.015087245255139e-12
zalesak,circular+corner,1.0,0.2,0,9,2.458005354810666e-09,4.1222302669872016e-10,0.0125795942718871,2.458005354810666e-09,4.1222306071092506e-10,2.3551363651061883e-12
zalesak,circular+corner,1.0,0.2,0,10,3.853648067320137e-09,3.7338918682438585e-10,0.005540493195758,3.853648067320137e-09,3.7338918682438585e-10,1.2952176029972098e-12
zalesak,circular+corner,1.0,0.2,0,11,1.8225957632012072e-08,4.938889926693828e-10,0.0051301166366159,1.8225957632012072e-08,4.938889558898171e-10,1.3893371393525025e-12
zalesak,circular+corner,1.0,0.2,0,12,5.1223201165373685e-09,3.0613871595721315e-10,0.0037107175658429,5.1223201165373685e-09,3.061355502910564e-10,7.0497875955085565e-12
zalesak,circular+corner,1.0,0.2,0,13,2.746096683381438e-09,2.2280913022547398e-10,0.0012311195077107,2.746096683381438e-09,2.2280913022547398e-10,1.0261372687698383e-12
zalesak,circular+corner,1.0,0.2,0,14,6.079524439428496e-09,4.780482240582412e-10,0.008604350468744,6.079524439428496e-09,4.78111546146723e-10,6.68795460615927e-13
zalesak,circular+corner,1.0,0.2,0,15,6.266112653298064e-09,1.987456903640304e-10,0.0005964653560263,6.266112653298064e-09,1.987456903640304e-10,4.488056895415026e-12
zalesak,circular+corner,1.0,0.2,0,16,4.712616075153164e-09,2.7382729584082803e-10,0.0136851524058211,4.712616075153164e-09,2.7382729584082803e-10,2.877284996255674e-12
zalesak,circular+corner,1.0,0.2,0,17,8.615028690428517e-09,7.452164596753243e-10,0.0033058880681578,8.615028690428517e-09,7.452165322574704e-10,4.514808713839663e-12
zalesak,circular+corner,1.0,0.2,0,18,4.8830636899910645e-08,2.976041890698945e-10,0.0148195386445754,4.8830636899910645e-08,2.976041890698945e-10,4.6996110565920465e-11
zalesak,circular+corner,1.0,0.2,0,19,2.2552431033773246e-09,2.0342402151381368e-10,0.0056521958499759,2.2552431033773246e-09,2.0342402151381368e-10,1.6627133860276256e-12
zalesak,circular+corner,1.0,0.2,0,20,4.451990776033199e-09,4.3077179810162986e-10,0.0134047427632045,4.451990776033199e-09,4.307716928480253e-10,2.9544161515675836e-12
zalesak,circular+corner,1.0,0.2,0,21,4.444997380687802,0.0508164740046945,0.0025941014596185,4.444997380687802,0.0508164740046945,6.553016090800427e-10
zalesak,circular+corner,1.0,0.2,0,22,3.3321168046995812e-09,2.4385504719466767e-10,0.0057660985400135,3.3321168046995812e-09,2.4385504719466767e-10,2.3465445402106842e-12
zalesak,circular+corner,1.0,0.2,0,23,2.284786419508881e-08,5.302740999013184e-10,0.0051555738428308,2.284786419508881e-08,5.30265384801198e-10,5.596128930688352e-11
zalesak,circular+corner,1.0,0.2,0,24,3.073749255122493e-09,3.0832565114940015e-10,0.0095282204241903,3.073749255122493e-09,3.0832565114940015e-10,4.992240801783004e-12
zalesak,circular+corner,1.0,0.3,0,0,3.282752056716695e-09,2.0752817251519304e-10,0.0165228820612623,3.282752056716695e-09,2.0752817251519304e-10,7.758808418135253e-12
zalesak,circular+corner,1.0,0.3,0,1,0.1247116856229038,1.7314974810352814e-10,0.0134538011063759,0.1247116856229038,1.7314974810352814e-10,1.852319339971586e-12
zalesak,circular+corner,1.0,0.3,0,2,5.1419415814764485e-09,3.7041216232830086e-10,0.0127214118953554,5.1419415814764485e-09,3.7041217454285635e-10,8.281152318032364e-12
zalesak,circular+corner,1.0,0.3,0,3,0.5174955837834698,0.0070283686531013,0.0040737842180004,0.5174955837834698,0.0070283686526563,2.529413722361579e-11
zalesak,circular+corner,1.0,0.3,0,4,4.469974196878078e-06,6.444717608294841e-09,0.0044147855479543,4.469974196878078e-06,6.444717608294841e-09,1.4086164133430223e-09
zalesak,circular+corner,1.0,0.3,0,5,1.0656435752341173e-08,2.9244524426572244e-10,0.008669123614441,1.0656435752341173e-08,2.9244524426572244e-10,1.4492065373743542e-11
zalesak,circular+corner,1.0,0.3,0,6,1.1478341832571461e-08,5.130501241368586e-10,0.0135089625268556,1.1478341832571461e-08,5.130501241368586e-10,4.881718690627204e-15
zalesak,circular+corner,1.0,0.3,0,7,1.261499349425321e-09,2.19165705415729e-10,0.0117205354658417,1.261499349425321e-09,2.19165705415729e-10,4.215852261225653e-13
zalesak,circular+corner,1.0,0.3,0,8,0.2740842157873988,0.0017714522268173,0.0149889666225525,0.2740842157873988,0.0017714522268217,1.452994751078281e-12
zalesak,circular+corner,1.0,0.3,0,9,9.214954133085485e-09,7.62520332351765e-10,0.0130225871946887,9.214954133085485e-09,7.62520332351765e-10,1.7783124846216778e-12
zalesak,circular+corner,1.0,0.3,0,10,1.2480962597930851e-08,3.4395903886936925e-10,0.0012399707107968,1.2480962597930851e-08,3.4356561932748356e-10,1.3765665632578216e-11
zalesak,circular+corner,1.0,0.3,0,11,2.836259187029001e-07,6.72321967766939e-10,0.0068552245595799,2.836259187029001e-07,6.72321967766939e-10,3.6449938409810893e-10
zalesak,circular+corner,1.0,0.3,0,12,4.0302296993859664e-09,2.0066613715561504e-10,0.0007530769956734,4.0302296993859664e-09,2.0065972328960869e-10,4.664970380763357e-13
zalesak,circular+corner,1.0,0.3,0,13,4.580270408778792e-09,2.3214931325701394e-10,0.0003168656513315,4.580270408778792e-09,2.3214931325701394e-10,2.713063979502975e-12
zalesak,circular+corner,1.0,0.3,0,14,1.267072025277606e-09,1.9071474486870234e-10,0.0088904017352353,1.267072025277606e-09,1.9071474486870234e-10,3.445517051844681e-12
zalesak,circular+corner,1.0,0.3,0,15,6.945776367466589e-09,3.6222759329312877e-10,0.0020341477790847,6.945776367466589e-09,3.6222759329312877e-10,6.5780183012463436e-12
zalesak,circular+corner,1.0,0.3,0,16,5.128871549686664e-09,2.8416565526967085e-10,0.0108854937265916,5.128871549686664e-09,2.8416565526967085e-10,1.1690739920314029e-12
zalesak,circular+corner,1.0,0.3,0,17,3.703094719753608e-09,2.4967172071557227e-10,0.0033427469061738,3.703094719753608e-09,2.4967353866879087e-10,2.736886766713236e-12
zalesak,circular+corner,1.0,0.3,0,18,1.7897971105185206e-08,6.819663640394627e-10,0.0191233850661022,1.7897971105185206e-08,6.819665437042405e-10,7.487189590188755e-12
zalesak,circular+corner,1.0,0.3,0,19,0.001100514816875,6.3797405633331e-08,0.0062782887061048,0.001100514816875,6.379740963543187e-08,1.2034473449445946e-06
zalesak,circular+corner,1.0,0.3,0,20,4.008574805425269e-09,5.124423660967458e-10,0.0141094043529834,4.008574805425269e-09,5.124423660967458e-10,1.5533628873575765e-12
zalesak,circular+corner,1.0,0.3,0,21,2.5811546677800834e-08,7.548264848442914e-10,0.0038629201330269,2.5811546677800834e-08,7.548264848442914e-10,7.377839091518705e-12
zalesak,circular+corner,1.0,0.3,0,22,2.4851722457697182e-08,7.987784928048963e-10,0.0023359214412294,2.4851722457697182e-08,7.987784928048963e-10,4.758894648371024e-12
zalesak,circular+corner,1.0,0.3,0,23,7.661430601046959e-09,2.7127546119506356e-10,0.0076862672049077,7.640274191089702e-09,2.7117580642283845e-10,5.586638869553772e-13
zalesak,circular+corner,1.0,0.3,0,24,8.210492321580887e-07,1.003360300231475e-08,0.0152509998227963,8.210492321580887e-07,1.0033628429475294e-08,6.024626670476845e-12
zalesak,circular+corner,1.28,0.0,0,0,3.2227784885208166e-09,3.4158671081417825e-10,0.0063264580258368,3.2227784885208166e-09,3.4158671081417825e-10,3.6827685802091627e-13
zalesak,circular+corner,1.28,0.0,0,1,8.033931482594713e-09,1.9936422521740018e-10,0.0038352633670423,8.033931482594713e-09,1.9936422521740018e-10,1.2224799945068644e-11
zalesak,circular+corner,1.28,0.0,0,2,4.725114521875184e-09,2.0020540790009955e-10,0.0071019510964572,4.725114521875184e-09,2.0020540790009955e-10,6.820737354544329e-13
zalesak,circular+corner,1.28,0.0,0,3,7.713875760373412e-09,2.073989578439361e-10,0.0025118225234778,7.713875760373412e-09,2.073991650855674e-10,3.7940717663554633e-13
zalesak,circular+corner,1.28,0.0,0,4,2.3841213447894916e-09,2.1774973525662809e-10,0.006667414488719,2.3841213447894916e-09,2.1776055993149352e-10,1.5908544869015932e-12
zalesak,circular+corner,1.28,0.0,0,5,5.7420148635856094e-08,1.1526423362422572e-09,0.0090670322745105,5.7420148635856094e-08,1.152643600767465e-09,1.895473733196731e-12
zalesak,circular+corner,1.28,0.0,0,6,1.7669490759431028e-08,3.4327279921586427e-10,0.0058303129760638,1.7669490759431028e-08,3.4327332657180097e-10,1.1313871237397609e-12
zalesak,circular+corner,1.28,0.0,0,7,7.427511050650537e-09,2.230677868374045e-10,0.0091806808373421,7.427511050650537e-09,2.230677868374045e-10,3.114341255872531e-12
zalesak,circular+corner,1.28,0.0,0,8,4.631075532564506e-09,1.208059804728413e-10,0.0026623108071927,4.631075532564506e-09,1.208059804728413e-10,5.6313554127599166e-12
zalesak,circular+corner,1.28,0.0,0,9,1.3153957318835185e-08,1.6472412540187668e-10,0.008957767215188,1.3153957318835185e-08,1.6472176617794935e-10,1.724633105899541e-11
zalesak,circular+corner,1.28,0.0,0,10,9.8398587056181e-09,4.4443103364503007e-10,0.0101364455834199,9.8398587056181e-09,4.4443103364503007e-10,8.594363389223004e-12
zalesak,circular+corner,1.28,0.0,0,11,1.9772276460234583e-08,2.9961930254476395e-10,0.0112790315839318,1.9772276460234583e-08,2.9961930254476395e-10,2.5085394932404576e-11
zalesak,circular+corner,1.28,0.0,0,12,4.481680804246935e-09,3.488380857685337e-10,0.0100752739752124,4.481680804246935e-09,3.488380857685337e-10,3.616181937269008e-12
zalesak,circular+corner,1.28,0.0,0,13,3.5678464627153512e-09,2.4305789993418924e-10,0.0075650248134705,3.5678464627153512e-09,2.4305789993418924e-10,2.4115690331698386e-12
zalesak,circular+corner,1.28,0.0,0,14,1.1442573111253296e-08,3.0838201199553004e-10,0.0048430867629829,1.1442573111253296e-08,3.0838201199553004e-10,4.5302349449020454e-14
zalesak,circular+corner,1.28,0.0,0,15,1.7548380526477556e-09,1.4900209335834083e-10,0.006526592887513,1.7548380526477556e-09,1.4900209335834083e-10,3.714011579829177e-13
zalesak,circular+corner,1.28,0.0,0,16,1.5256667040830507e-09,1.658880269408163e-10,0.0051089061750761,1.5256667040830507e-09,1.6588799885612323e-10,8.511764708977593e-13
zalesak,circular+corner,1.28,0.0,0,17,3.563105366310992e-09,2.4446924649091047e-10,0.0103508569295719,3.563105366310992e-09,2.4446924649091047e-10,4.0088673887430596e-12
zalesak,circular+corner,1.28,0.0,0,18,5.92902260621031e-09,2.4940008715388355e-10,0.006070170592379,5.92902260621031e-09,2.4940008715388355e-10,1.5123564503563078e-12
zalesak,circular+corner,1.28,0.0,0,19,1.4328276631617366e-09,1.8348212606607578e-10,0.0050970230858656,1.4328276631617366e-09,1.8348212606607578e-10,2.741768485403863e-12
zalesak,circular+corner,1.28,0.0,0,20,2.1234125568980744e-09,2.2042952434205042e-10,0.0095822027010153,2.1234125568980744e-09,2.2042952434205042e-10,2.59121628098492e-13
zalesak,circular+corner,1.28,0.0,0,21,1.6620901860613842e-08,2.9797192499587526e-10,0.0098917255458883,1.6620901860613842e-08,2.9797192499587526e-10,7.999379515209362e-12
zalesak,circular+corner,1.28,0.0,0,22,5.342956299614343e-09,3.4598434367112747e-10,0.0025698145071706,5.342956299614343e-09,3.4598443032268064e-10,7.590096220187177e-13
zalesak,circular+corner,1.28,0.0,0,23,3.4626683742544632e-09,2.356260234714587e-10,0.0038245088500315,3.4626683742544632e-09,2.356260234714587e-10,9.808349193208178e-13
zalesak,circular+corner,1.28,0.0,0,24,5.96565357113832e-08,1.2078842604744943e-09,0.0055004628856749,5.96565357113832e-08,1.2078842604744943e-09,8.123179901203669e-14
zalesak,circular+corner,1.28,0.05,0,0,2.357017692133922e-09,3.2967909554768036e-10,0.0062358467577744,2.357017692133922e-09,3.2968090582164687e-10,3.768686829164201e-14
zalesak,circular+corner,1.28,0.05,0,1,1.1915142650309464e-08,4.1222226108132285e-10,0.0047626686483821,1.1915142650309464e-08,4.1222226108132285e-10,6.477064358724175e-13
zalesak,circular+corner,1.28,0.05,0,2,1.7031016597002235e-09,1.2727644725098924e-10,0.0067231164404698,1.7031016597002235e-09,1.2727644725098924e-10,1.9118763079972383e-12
zalesak,circular+corner,1.28,0.05,0,3,6.769486304847305e-09,2.2408118607703155e-10,0.0021587895647901,6.769486304847305e-09,2.2408118607703155e-10,1.641233823788866e-12
zalesak,circular+corner,1.28,0.05,0,4,8.176765931011687e-09,3.7450663458627707e-10,0.005548935850615,8.176765931011687e-09,3.745066900973563e-10,3.671052455351658e-13
zalesak,circular+corner,1.28,0.05,0,5,1.4399358150285481e-08,3.088811823748155e-10,0.0067084382350841,1.4399358150285481e-08,3.088811823748155e-10,1.4795513007552929e-12
zalesak,circular+corner,1.28,0.05,0,6,3.0857254529337293e-09,1.7059964450284517e-10,0.0059332623076598,3.0857254529337293e-09,1.7059964450284517e-10,1.0812030556001133e-12
zalesak,circular+corner,1.28,0.05,0,7,3.182643482091407e-09,2.6827138987053334e-10,0.008320241020521,3.182643482091407e-09,2.6827138987053334e-10,1.5394988062761949e-12
zalesak,circular+corner,1.28,0.05,0,8,3.0775060470675252e-09,1.3565236272845883e-10,0.0021282753844908,3.0775060470675252e-09,1.3565236272845883e-10,1.2057845165849193e-12
zalesak,circular+corner,1.28,0.05,0,9,1.0070127842709551e-08,3.87446736932696e-10,0.0079396544661152,1.0070127842709551e-08,3.87446736932696e-10,3.703271798709797e-12
zalesak,circular+corner,1.28,0.05,0,10,1.6556468333873474e-08,3.753458694553574e-10,0.010595934633717,1.6556468333873474e-08,3.7534596050961005e-10,2.1458082676520935e-11
zalesak,circular+corner,1.28,0.05,0,11,7.63325935793091e-09,3.7636403797517047e-10,0.0103181634568402,7.63325935793091e-09,3.7636403797517047e-10,3.327184190783877e-12
zalesak,circular+corner,1.28,0.05,0,12,5.982105477642108e-09,2.5878952063000947e-10,0.0111394266865098,5.982105477642108e-09,2.5878952063000947e-10,4.91686706519972e-13
zalesak,circular+corner,1.28,0.05,0,13,3.6387621804578885e-09,2.2337673503338534e-10,0.0047470867769915,3.6387621804578885e-09,2.2337723744104188e-10,9.0799967645666e-14
zalesak,circular+corner,1.28,0.05,0,14,1.729216902218205e-08,2.3453052153998247e-10,0.0046625452169653,1.729216902218205e-08,2.3453052153998247e-10,1.5639464534788562e-11
zalesak,circular+corner,1.28,0.05,0,15,8.795531919690233e-09,4.13659169865556e-10,0.0064419233168196,8.795531919690233e-09,4.13659169865556e-10,4.8662924595648216e-12
zalesak,circular+corner,1.28,0.05,0,16,1.0835192298941363e-08,4.6195254460792136e-10,0.0069340735699006,1.0835192298941363e-08,4.6195254460792136e-10,4.842664941102186e-14
zalesak,circular+corner,1.28,0.05,0,17,9.626682048681196e-09,4.370091710403582e-10,0.0110093675392484,9.626682048681196e-09,4.370091710403582e-10,1.1797161387769699e-11
zalesak,circular+corner,1.28,0.05,0,18,1.5590025270739716e-08,5.04936242193297e-10,0.0064401718268539,1.5590025270739716e-08,5.04936242193297e-10,6.06973375117824e-12
zalesak,circular+corner,1.28,0.05,0,19,9.297432157495678e-09,2.0450832114959412e-10,0.0044783174999568,9.297432157495678e-09,2.0450832114959412e-10,5.055507876013532e-13
zalesak,circular+corner,1.28,0.05,0,20,8.766587533392793e-09,1.3826696969567074e-10,0.0096662420042995,8.766587533392793e-09,1.3826696969567074e-10,9.43655749773001e-12
zalesak,circular+corner,1.28,0.05,0,21,6.400581594274233e-09,2.674493370621872e-10,0.0105770007705454,6.400581594274233e-09,2.6744900291901686e-10,3.136797161849416e-12
zalesak,circular+corner,1.28,0.05,0,22,2.998056558567441e-08,6.480431115467524e-10,0.0029608450719174,2.998056558567441e-08,6.480431115467524e-10,1.6617370422895002e-12
zalesak,circular+corner,1.28,0.05,0,23,7.370225318936718e-09,6.010604450255679e-10,0.0052322975894384,7.370225318936718e-09,6.010604450255679e-10,5.609290044278282e-12
zalesak,circular+corner,1.28,0.05,0,24,2.84966539254583e-09,2.8180726793041176e-10,0.0039321091243524,2.84966539254583e-09,2.8180726793041176e-10,4.171330986767133e-12
zalesak,circular+corner,1.28,0.1,0,0,5.689253512741743e-09,3.996116947341592e-10,0.007475389926819,5.689253512741743e-09,3.9961684968502476e-10,1.0651910182948558e-12
zalesak,circular+corner,1.28,0.1,0,1,4.223762672950215e-09,2.7273232278744113e-10,0.0052787705081034,4.223762672950215e-09,2.727315819983806e-10,1.3083006090880906e-13
zalesak,circular+corner,1.28,0.1,0,2,1.3981208014565374e-09,1.2492233604427743e-10,0.0067368909719417,1.3981208014565374e-09,1.2492233604427743e-10,3.209046598470699e-12
zalesak,circular+corner,1.28,0.1,0,3,3.279894630122791e-09,1.8387169187186988e-10,0.0026808481061964,3.279894630122791e-09,1.8387169187186988e-10,4.3072380351141944e-12
zalesak,circular+corner,1.28,0.1,0,4,6.19075083936289e-09,2.4121502054955953e-10,0.0050017243545407,6.19075083936289e-09,2.4121474306009316e-10,8.475054184424077e-12
zalesak,circular+corner,1.28,0.1,0,5,1.6494627885776934e-09,1.9469619537879575e-10,0.0065536025391601,1.6494627885776934e-09,1.9469619537879575e-10,1.8886393270298527e-12
zalesak,circular+corner,1.28,0.1,0,6,1.4995347186186334e-09,1.3063916595018188e-10,0.0069725953246827,1.4995347186186334e-09,1.3063916595018188e-10,1.572108687129585e-12
zalesak,circular+corner,1.28,0.1,0,7,4.130029651605582e-09,2.1212279458595108e-10,0.0076578420229159,4.130029651605582e-09,2.1212279458595108e-10,4.5567914945790566e-12
zalesak,circular+corner,1.28,0.1,0,8,2.1315729370444276e-09,1.3910635795408856e-10,0.0037750535625976,2.1315729370444276e-09,1.3910635795408856e-10,2.7630527788949976e-13
zalesak,circular+corner,1.28,0.1,0,9,1.2072733923673697e-08,5.078171500621161e-10,0.0077065844388345,1.2072733923673697e-08,5.078171500621161e-10,8.92651552893328e-12
zalesak,circular+corner,1.28,0.1,0,10,1.070476717830818e-08,1.6125597118791986e-08,0.0113116275071008,1.070476717830818e-08,1.612559908662992e-08,7.717801981133984e-12
zalesak,circular+corner,1.28,0.1,0,11,1.9581634846270093e-09,1.3600658240083659e-10,0.0106604562314596,1.9581634846270093e-09,1.3600658240083659e-10,1.4610007697309098e-12
zalesak,circular+corner,1.28,0.1,0,12,2.1409245931636175e-08,6.514845692028703e-10,0.0116763263640561,2.1409245931636175e-08,6.514845692028703e-10,2.0589136749589296e-12
zalesak,circular+corner,1.28,0.1,0,13,1.0752617356531948e-08,5.192100163720538e-10,0.004990671312868,1.0752617356531948e-08,5.192104636900193e-10,6.612580869575985e-12
zalesak,circular+corner,1.28,0.1,0,14,1.8050858585638707e-09,1.4721380068188292e-10,0.0058363581987714,1.8050858585638707e-09,1.4721380068188292e-10,1.5764045995773366e-12
zalesak,circular+corner,1.28,0.1,0,15,1.1662302633154316e-08,3.0926980191013575e-10,0.0065928525959885,1.1662302633154316e-08,3.0926980191013575e-10,1.3627220090512029e-11
zalesak,circular+corner,1.28,0.1,0,16,3.958318117724957e-09,2.26477505234675e-10,0.0076903149741622,3.958318117724957e-09,2.26477505234675e-10,6.73286641811304e-13
zalesak,circular+corner,1.28,0.1,0,17,1.5392256159191714e-09,1.971176225771601e-10,0.0131647185202084,1.5392256159191714e-09,1.971176225771601e-10,2.9212204644713186e-12
zalesak,circular+corner,1.28,0.1,0,18,1.6294745170943957e-08,5.906260332378388e-10,0.0070886695269149,1.6294745170943957e-08,5.906260332378388e-10,3.972937939180044e-12
zalesak,circular+corner,1.28,0.1,0,19,2.437065660387816e-09,2.0754693257689128e-10,0.0048548608806299,2.437065660387816e-09,2.0754693257689128e-10,5.649124868793802e-13
zalesak,circular+corner,1.28,0.1,0,20,1.6286390376411995e-08,1.5383653617042676e-10,0.0094631226207473,1.6286390376411995e-08,1.53836965483301e-10,1.7393758963452352e-11
zalesak,circular+corner,1.28,0.1,0,21,5.9579114974894765e-09,3.3995758056705057e-10,0.0104575995872435,5.9579114974894765e-09,3.3995755298637324e-10,1.9712380072752648e-12
zalesak,circular+corner,1.28,0.1,0,22,3.248574341351003e-09,4.751562189050244e-10,0.0052350775538085,3.248574341351003e-09,4.751562189050244e-10,1.88239072710585e-12
zalesak,circular+corner,1.28,0.1,0,23,1.6289213533582373e-08,4.2153455310368205e-10,0.0061761992449887,1.6289213533582373e-08,4.2153455310368205e-10,2.140145473970966e-13
zalesak,circular+corner,1.28,0.1,0,24,0.000678665696812,0.0001974385024251,0.0042681752784712,0.000678665696812,0.0001974385024241,4.1080639125366036e-12
zalesak,circular+corner,1.28,0.2,0,0,6.993649823177108e-09,3.387016815331595e-10,0.0054366909693101,6.993649823177108e-09,3.387016815331595e-10,4.9184292151807195e-12
zalesak,circular+corner,1.28,0.2,0,1,4.9040682625900445e-09,7.688646936584555e-10,0.0069192768717301,4.9040682625900445e-09,7.688646936584555e-10,2.274880909832277e-13
zalesak,circular+corner,1.28,0.2,0,2,1.727318732491767e-09,1.4192477399528343e-10,0.0064931488819734,1.727318732491767e-09,1.4192477399528343e-10,8.197382025301201e-13
zalesak,circular+corner,1.28,0.2,0,3,3.8972469695863765e-09,2.863657481641887e-10,0.0036352710897238,3.8972469695863765e-09,2.863657481641887e-10,2.309248209414293e-12
zalesak,circular+corner,1.28,0.2,0,4,8.292277087207367e-09,2.2954433507715834e-10,0.0073294294233873,8.292277087207367e-09,2.2954433507715834e-10,1.7771408721359273e-12
zalesak,circular+corner,1.28,0.2,0,5,2.244530854511595e-07,2.286404233541649e-09,0.0073856290259993,2.244530854511595e-07,2.286404233541649e-09,3.8176992848180985e-12
zalesak,circular+corner,1.28,0.2,0,6,4.425132444041027e-09,2.1344577631006435e-10,0.0076261404529616,4.425132444041027e-09,2.1344577631006435e-10,3.33343279070788e-12
zalesak,circular+corner,1.28,0.2,0,7,8.055277334051425e-09,0.0049357101555975,0.0097598410823273,8.055277334051425e-09,0.0049357101555967,2.132139455318338e-12
zalesak,circular+corner,1.28,0.2,0,8,1.5718988777280174e-08,4.4443894575951576e-10,0.0056757072216787,1.5718988777280174e-08,4.4443837419939093e-10,1.304395234135589e-12
zalesak,circular+corner,1.28,0.2,0,9,5.468768549121705e-09,4.4656358442705707e-10,0.0079561851759229,5.468768549121705e-09,4.4656358442705707e-10,7.861519779386049e-13
zalesak,circular+corner,1.28,0.2,0,10,3.959848517730901e-09,3.0746016782181546e-10,0.0150415309440334,3.959848517730901e-09,3.0746016782181546e-10,6.121284700551263e-12
zalesak,circular+corner,1.28,0.2,0,11,1.2075661779024068e-08,6.54367802230648e-10,0.0098150875013423,1.2075661779024068e-08,6.543683585534389e-10,1.1902020705244373e-11
zalesak,circular+corner,1.28,0.2,0,12,6.961839105201761e-09,2.690690566413246e-10,0.0102055361136352,6.961839105201761e-09,2.690682618745792e-10,3.3363618219222564e-12
zalesak,circular+corner,1.28,0.2,0,13,4.637476663219526e-09,2.263416073802988e-10,0.0063430099784793,4.637476663219526e-09,2.263416073802988e-10,5.011181870302637e-12
zalesak,circular+corner,1.28,0.2,0,14,2.7019083763951383e-09,1.8725341075298659e-10,0.0063365405629392,2.7019083763951383e-09,1.8725341075298659e-10,1.8527098774668364e-12
zalesak,circular+corner,1.28,0.2,0,15,2.1785785395827233,0.0276379198737559,0.0064466670207212,2.1785785395827233,0.0276379198737559,1.502309873290997e-09
zalesak,circular+corner,1.28,0.2,0,16,5.0696371545200244e-09,2.461479357597108e-10,0.0077768084610243,5.0696371545200244e-09,2.461479357597108e-10,6.796133492343568e-12
zalesak,circular+corner,1.28,0.2,0,17,7.161359505403197e-09,3.7511173959644785e-10,0.0114902649386744,7.161359505403197e-09,3.7511173959644785e-10,2.2092706106302474e-12
zalesak,circular+corner,1.28,0.2,0,18,9.730568351073998e-09,5.018522757751979e-10,0.0077978515834343,9.730568351073998e-09,5.018522757751979e-10,2.064576468640057e-12
zalesak,circular+corner,1.28,0.2,0,19,0.0775124910650788,0.0009343915727452,0.0064098597092798,0.0775124910650788,0.0009343915727452,2.275466716075152e-11
zalesak,circular+corner,1.28,0.2,0,20,8.292943221022142e-09,4.984832798847736e-10,0.0048453741101012,8.292943221022142e-09,4.984832798847736e-10,2.6406192741340672e-12
zalesak,circular+corner,1.28,0.2,0,21,3.158325156960018e-09,2.0891284526699892e-10,0.0063757342243893,3.158325156960018e-09,2.0891940795621824e-10,1.6558789798607477e-13
zalesak,circular+corner,1.28,0.2,0,22,0.0675514835581605,0.0003862051050979,0.0065784025739517,0.0675514835581605,0.0003862051050979,2.655459698953574e-12
zalesak,circular+corner,1.28,0.2,0,23,5.719671847259633e-09,2.335279334263351e-10,0.0058842639730911,5.719671847259633e-09,2.335279334263351e-10,2.4404688078183517e-12
zalesak,circular+corner,1.28,0.2,0,24,3.5538132436840893e-09,2.513435810784627e-10,0.0043104116317818,3.5538132436840893e-09,2.513435810784627e-10,5.40113355930994e-13
zalesak,circular+corner,1.28,0.3,0,0,3.80236819808033e-09,3.9832603149415465e-10,0.0064575722637965,3.80236819808033e-09,3.9832603149415465e-10,3.96434611428454e-12
zalesak,circular+corner,1.28,0.3,0,1,0.3424427975929073,3.5301445392196596e-10,0.0073268481184452,0.3424427975929073,3.5301448001344857e-10,1.8005731218509378e-12
zalesak,circular+corner,1.28,0.3,0,2,6.469773939526856e-07,6.532231710260381e-09,0.007603688836095,6.469773939526856e-07,6.532231710260381e-09,1.2908679916438606e-09
zalesak,circular+corner,1.28,0.3,0,3,6.832082216683661e-09,2.5826978127920455e-10,0.0049652469983579,6.832082216683661e-09,2.5826978127920455e-10,6.419264809427148e-12
zalesak,circular+corner,1.28,0.3,0,4,1.9798044093022327e-08,8.564241635092031e-10,0.0089260296131749,1.9798044093022327e-08,8.563891980625542e-10,2.2498865101362658e-12
zalesak,circular+corner,1.28,0.3,0,5,2.797183695273969e-09,2.0531340832537942e-10,0.0089163485415471,2.797183695273969e-09,2.0531340832537942e-10,2.157524392509599e-12
zalesak,circular+corner,1.28,0.3,0,6,1.684171595323782,0.0186680621142662,0.0072817810211887,1.684171595323782,0.0186680621142662,1.587732139627068e-10
zalesak,circular+corner,1.28,0.3,0,7,2.041274222600681e-09,0.0053623260086963,0.0113185481614476,2.041274222600681e-09,0.0053623260086963,8.142706775966176e-13
zalesak,circular+corner,1.28,0.3,0,8,2.0597559213797467e-08,6.018946523518109e-10,0.0047538437597527,2.0597559213797467e-08,6.018946523518109e-10,5.694036680747572e-13
zalesak,circular+corner,1.28,0.3,0,9,1.860574077028332e-07,1.6719993609003975e-09,0.0063994823468088,1.860574077028332e-07,1.6719993609003975e-09,1.3852364956523753e-12
zalesak,circular+corner,1.28,0.3,0,10,7.797854806312898e-09,5.115335563585631e-10,0.0158670649044288,7.797854806312898e-09,5.115369166490829e-10,3.406072764824413e-12
zalesak,circular+corner,1.28,0.3,0,11,5.444535558605432e-09,1.7690385951123328e-10,0.0073828363265368,5.444535558605432e-09,1.7690385951123328e-10,6.912708934675746e-12
zalesak,circular+corner,1.28,0.3,0,12,3.674818671584034e-09,2.4558044612707227e-10,0.0098270327254173,3.674818671584034e-09,2.4558044612707227e-10,9.8552136926382e-13
zalesak,circular+corner,1.28,0.3,0,13,1.4354061020271297e-08,6.067088168656025e-10,0.0057708538980031,1.4354061020271297e-08,6.067088168656025e-10,1.0366232005173057e-11
zalesak,circular+corner,1.28,0.3,0,14,1.03021222801805e-08,3.5496794273585665e-10,0.0075268207685805,1.03021222801805e-08,3.5496794273585665e-10,8.887852316903512e-12
zalesak,circular+corner,1.28,0.3,0,15,3.734352896506822e-09,2.140945885633268e-10,0.0090593236246721,3.734352896506822e-09,2.140945885633268e-10,2.969451845134716e-12
zalesak,circular+corner,1.28,0.3,0,16,1.2940812865736007e-09,1.244523954206243e-10,0.0094674814334363,1.2940812865736007e-09,1.244523954206243e-10,2.9757004450587185e-12
zalesak,circular+corner,1.28,0.3,0,17,1.4127934377938802e-09,1.2733083905961707e-10,0.009565642529597,1.4127934377938802e-09,1.2733083905961707e-10,1.357117795994363e-13
zalesak,circular+corner,1.28,0.3,0,18,1.4412435689337142e-09,1.611078761902253e-10,0.0085135346013445,1.4412435689337142e-09,1.6110781808428696e-10,9.003841952992816e-13
zalesak,circular+corner,1.28,0.3,0,19,4.752651362450923e-09,2.222420421037212e-10,0.0049226833662994,4.752651362450923e-09,2.2224203640664852e-10,8.147197957161554e-12
zalesak,circular+corner,1.28,0.3,0,20,1.8031940385299094e-09,1.6135237327008702e-10,0.0046935746542188,1.8031940385299094e-09,1.6135237327008702e-10,5.709658180557577e-13
zalesak,circular+corner,1.28,0.3,0,21,3.475923548990067e-09,2.4614509473392215e-10,0.0058775009084774,3.475923548990067e-09,2.4614509473392215e-10,1.5713276121390845e-12
zalesak,circular+corner,1.28,0.3,0,22,0.0737195072674357,0.0005215399483175,0.0077592186082122,0.0737195072674357,0.0005215399483562,2.2450047914456384e-12
zalesak,circular+corner,1.28,0.3,0,23,7.1776316324633085e-09,2.667475481913135e-10,0.0057243191632797,7.1776316324633085e-09,2.6704623399996036e-10,7.179641312679241e-12
zalesak,circular+corner,1.28,0.3,0,24,1.27050444959693e-08,2.2002379261768091e-10,0.0065218176293542,1.27050444959693e-08,2.2002379261768091e-10,9.436752766477636e-12
zalesak,circular+corner,1.5,0.0,0,0,6.6119909547524e-09,2.4671528235933895e-10,0.0010656577821169,6.6119909547524e-09,2.4671528235933895e-10,8.390698085450038e-13
zalesak,circular+corner,1.5,0.0,0,1,3.936158652240684e-09,2.483911905470634e-10,0.007785371208264,3.936158652240684e-09,2.4839126354802935e-10,2.2645316662081473e-12
zalesak,circular+corner,1.5,0.0,0,2,3.1324542959509927e-09,2.589823130826684e-10,0.0069935173817518,3.1324542959509927e-09,2.589823130826684e-10,1.058747149623228e-12
zalesak,circular+corner,1.5,0.0,0,3,5.968641636491891e-09,2.9423083321937733e-10,0.0067485385559396,5.968641636491891e-09,2.9423083321937733e-10,6.645386019177e-12
zalesak,circular+corner,1.5,0.0,0,4,1.6368164009722284e-09,1.4698906704217234e-10,0.0064762103676665,1.6368164009722284e-09,1.4698906704217234e-10,3.613252906054631e-12
zalesak,circular+corner,1.5,0.0,0,5,1.0742660094820167e-09,1.218584969041918e-10,0.0086143319916129,1.0742660094820167e-09,1.2185911476744028e-10,7.793175717717268e-13
zalesak,circular+corner,1.5,0.0,0,6,5.2690347365854915e-09,2.48691559251328e-10,0.0079309036381016,5.2690347365854915e-09,2.48691559251328e-10,3.355107621694265e-12
zalesak,circular+corner,1.5,0.0,0,7,2.388073738757157e-09,2.131545656646195e-10,0.0056281198361853,2.388073738757157e-09,2.131545656646195e-10,4.645443506000847e-13
zalesak,circular+corner,1.5,0.0,0,8,2.2492716416564e-09,1.668545736017968e-10,0.0072653200923582,2.2492716416564e-09,1.668545736017968e-10,5.80143449194137e-12
zalesak,circular+corner,1.5,0.0,0,9,2.0983493366530853e-07,1.2279250360574915e-09,0.0071763124004158,2.0983493366530853e-07,1.2279250360574915e-09,1.7089374039654364e-10
zalesak,circular+corner,1.5,0.0,0,10,4.620501314889225e-09,2.98309873221735e-10,0.0070828598035653,4.620501314889225e-09,2.98309873221735e-10,2.792343091038761e-12
zalesak,circular+corner,1.5,0.0,0,11,2.476635785342296e-09,2.098128701534889e-10,0.0036247521234262,2.476635785342296e-09,2.098128701534889e-10,1.0599187621089785e-12
zalesak,circular+corner,1.5,0.0,0,12,9.477183482431428e-09,5.906522612982547e-10,0.0052647254649296,9.477183482431428e-09,5.906305849438494e-10,6.029898926662722e-13
zalesak,circular+corner,1.5,0.0,0,13,9.995064331747017e-09,4.2761786707098777e-10,0.0067552978683958,9.995064331747017e-09,4.2761786707098777e-10,2.2313359791118827e-12
zalesak,circular+corner,1.5,0.0,0,14,2.594704895386712e-09,2.3883349828700275e-10,0.0030342077146961,2.594704895386712e-09,2.3883349828700275e-10,1.1597010921453985e-12
zalesak,circular+corner,1.5,0.0,0,15,8.726672717784821e-10,1.449272296223362e-10,0.0048309012958838,8.726672717784821e-10,1.449272296223362e-10,2.7435259041324885e-13
zalesak,circular+corner,1.5,0.0,0,16,1.4683231519541098e-07,1.321948330385286e-09,0.0094458204041658,1.4683231519541098e-07,1.321948330385286e-09,7.451455409373365e-13
zalesak,circular+corner,1.5,0.0,0,17,3.605257252570342e-09,2.1998555521973904e-10,0.0047361689337662,3.605257252570342e-09,2.1998555521973904e-10,2.3893083959405788e-12
zalesak,circular+corner,1.5,0.0,0,18,0.2253490121933771,0.0010490118296108,0.0024349504607397,0.2253490121933771,0.0010490118296108,9.08194945204285e-13
zalesak,circular+corner,1.5,0.0,0,19,3.478024444308051e-09,1.6230106932490247e-10,0.0051710754269859,3.478024444308051e-09,1.6230106932490247e-10,2.1616250362097258e-12
zalesak,circular+corner,1.5,0.0,0,20,0.0527339134319309,0.00025732108636,0.0062552492607303,0.0527339134319309,0.00025732108636,1.3431619386015976e-10
zalesak,circular+corner,1.5,0.0,0,21,8.871414686106992e-09,2.6442040323414025e-10,0.0039595002944655,8.871414686106992e-09,2.6442040323414025e-10,8.916556822804401e-12
zalesak,circular+corner,1.5,0.0,0,22,1.4388793167565588e-07,1.9526898047838743e-09,0.0066990946364353,1.4388793167565588e-07,1.9526898047838743e-09,1.2637871453794756e-10
zalesak,circular+corner,1.5,0.0,0,23,1.0000773542628847e-08,3.6298961724713544e-10,0.0059120094119973,1.0000773542628847e-08,3.6298961724713544e-10,6.853933041640594e-14
zalesak,circular+corner,1.5,0.0,0,24,7.981752148111811e-09,3.345249721405397e-10,0.0072288371359245,7.981752148111811e-09,3.345249721405397e-10,7.424117784705853e-13
zalesak,circular+corner,1.5,0.05,0,0,3.351382282801296e-08,6.732967606867262e-10,0.0004755328117838,3.351382282801296e-08,6.732967606867262e-10,1.1930920479892888e-13
zalesak,circular+corner,1.5,0.05,0,1,4.0741063855875845e-09,1.6128932364378908e-10,0.0079402229969386,4.0741063855875845e-09,1.6128932364378908e-10,2.4863569635102474e-12
zalesak,circular+corner,1.5,0.05,0,2,5.027080973718512e-09,1.8007954736072224e-10,0.0068197659138466,5.027080973718512e-09,1.8007954736072224e-10,5.16095299973108e-13
zalesak,circular+corner,1.5,0.05,0,3,2.6987042520271392e-08,2.5341303720035066e-10,0.007602806639415,2.6987042520271392e-08,2.5341263066880565e-10,2.3810485279160376e-11
zalesak,circular+corner,1.5,0.05,0,4,2.2547578026888007e-07,1.2307157890990098e-09,0.0077088785931451,2.2547578026888007e-07,1.2307157890990098e-09,3.1791704800840604e-12
zalesak,circular+corner,1.5,0.05,0,5,1.766777395647634e-09,1.4404197286051274e-10,0.0090373275960587,1.766777395647634e-09,1.4404197286051274e-10,1.9927175695140245e-12
zalesak,circular+corner,1.5,0.05,0,6,1.5755109451195967e-09,1.0929038933893349e-10,0.009326426040678,1.5755109451195967e-09,1.0929038933893349e-10,1.3409104899414804e-12
zalesak,circular+corner,1.5,0.05,0,7,3.6482745713328772e-09,2.6280480133332043e-10,0.0067892474905756,3.6482745713328772e-09,2.6280480133332043e-10,7.853709029481045e-13
zalesak,circular+corner,1.5,0.05,0,8,2.271656640573383e-09,1.3060140784552576e-10,0.0065929396540018,2.271656640573383e-09,1.3060140784552576e-10,9.490061134579285e-14
zalesak,circular+corner,1.5,0.05,0,9,1.3032677235115828e-08,1.938399479758456e-10,0.0056752698361327,1.3032677235115828e-08,1.938399479758456e-10,1.4317104575871464e-12
zalesak,circular+corner,1.5,0.05,0,10,1.534889570629553e-08,2.5561039991198037e-10,0.0057741611997605,1.534889570629553e-08,2.5561039991198037e-10,8.605493707837634e-12
zalesak,circular+corner,1.5,0.05,0,11,3.7088589976974613e-09,2.028887818089423e-10,0.004618979579141,3.7088589976974613e-09,2.028884306561031e-10,8.59182489550388e-13
zalesak,circular+corner,1.5,0.05,0,12,2.4781403258749932e-08,8.131411623677614e-10,0.0034605258209947,2.4781403258749932e-08,8.131411623677614e-10,1.7066879079927956e-11
zalesak,circular+corner,1.5,0.05,0,13,1.2585960718070057e-08,3.5743175916478116e-10,0.0054590055534199,1.2585960718070057e-08,3.5743175916478116e-10,1.9808061759088943e-12
zalesak,circular+corner,1.5,0.05,0,14,6.612863145960546e-09,1.5029171912745883e-10,0.0035270142160686,6.612863145960546e-09,1.5029171912745883e-10,2.9055989646613116e-13
zalesak,circular+corner,1.5,0.05,0,15,1.112647094136971e-09,1.4470322400663032e-10,0.0058568895806726,1.112647094136971e-09,1.4470322400663032e-10,9.25964401238168e-13
zalesak,circular+corner,1.5,0.05,0,16,9.823803992503601e-10,1.6988954750481664e-10,0.0073802159994427,9.823803992503601e-10,1.6988954750481664e-10,9.913794316925726e-13
zalesak,circular+corner,1.5,0.05,0,17,5.508631772954686e-09,2.2447996049868795e-10,0.0045171910943314,5.508631772954686e-09,2.2447996049868795e-10,5.399180871833687e-13
zalesak,circular+corner,1.5,0.05,0,18,0.2262790516966937,0.0010759968097359,0.0037575780190978,0.2262790516966937,0.0010759968097359,2.39204215840733e-12
zalesak,circular+corner,1.5,0.05,0,19,1.339020485602305e-07,9.400903227194942e-10,0.0051493350756737,1.339020485602305e-07,9.400903227194942e-10,2.2102469543683728e-12
zalesak,circular+corner,1.5,0.05,0,20,2.1815957513750503e-09,1.7217539638324578e-10,0.0059219008901232,2.1815957513750503e-09,1.7217539638324578e-10,3.697218467533419e-12
zalesak,circular+corner,1.5,0.05,0,21,1.2152556294608985e-08,4.232437136860875e-10,0.0029630503822427,1.2152556294608985e-08,4.232437136860875e-10,5.749688273820721e-12
zalesak,circular+corner,1.5,0.05,0,22,4.278923881884111e-09,2.069911860735099e-10,0.0069419123074602,4.278923881884111e-09,2.069911860735099e-10,1.1485707735307686e-12
zalesak,circular+corner,1.5,0.05,0,23,4.382380680567621e-09,3.0785647644025516e-10,0.0073494005231245,4.382380680567621e-09,3.0785647644025516e-10,1.264755678367696e-12
zalesak,circular+corner,1.5,0.05,0,24,6.792392426291371e-09,1.8137053246043356e-10,0.0073895487933479,6.792392426291371e-09,1.8137053246043356e-10,4.473216470595519e-12
zalesak,circular+corner,1.5,0.1,0,0,4.266906614702748e-07,4.994936102537631e-09,2.801642919406716e-05,4.266906614702748e-07,4.994936102537631e-09,4.94029931491473e-14
zalesak,circular+corner,1.5,0.1,0,1,1.784529857218331e-09,1.3581658169192667e-10,0.0086939528375263,1.784529857218331e-09,1.3581658169192667e-10,1.1120555177248769e-12
zalesak,circular+corner,1.5,0.1,0,2,4.758685889783011e-09,2.468503760257388e-10,0.0085880660833067,4.758685889783011e-09,2.4684674788157016e-10,3.307852584768994e-13
zalesak,circular+corner,1.5,0.1,0,3,1.6671384643183591e-09,1.1426657488873368e-10,0.0075861170399421,1.6671384643183591e-09,1.1426657488873368e-10,1.5221198877375621e-12
zalesak,circular+corner,1.5,0.1,0,4,3.997215003437304e-09,2.1844385698208784e-10,0.0096360653288556,3.997215003437304e-09,2.1844385698208784e-10,5.051602501061032e-13
zalesak,circular+corner,1.5,0.1,0,5,3.751532717137823e-09,1.4603019917842183e-10,0.0098050054096726,3.751532717137823e-09,1.4603019917842183e-10,6.646948169158001e-13
zalesak,circular+corner,1.5,0.1,0,6,3.80100662056293e-08,7.188099946741243e-10,0.0090071833827903,3.80100662056293e-08,7.188099946741243e-10,7.187842600079495e-13
zalesak,circular+corner,1.5,0.1,0,7,3.955504368491347e-09,2.9666394938827937e-10,0.0061065461801765,3.955504368491347e-09,2.9666394938827937e-10,2.4271905329798456e-13
zalesak,circular+corner,1.5,0.1,0,8,2.2199948546131054e-09,1.4566705753863055e-10,0.0059264472208366,2.2199948546131054e-09,1.4566705753863055e-10,2.744697516618239e-12
zalesak,circular+corner,1.5,0.1,0,9,9.761486144616104e-09,2.352581330246062e-10,0.0045462594061097,9.761486144616104e-09,2.352581330246062e-10,9.643737638960227e-12
zalesak,circular+corner,1.5,0.1,0,10,9.990968052875361e-09,1.9303047506495635e-08,0.0064500407631605,9.990968052875361e-09,1.9303047506495635e-08,1.1460322798116424e-12
zalesak,circular+corner,1.5,0.1,0,11,5.444139361543421e-09,1.85791087038548e-10,0.0041519934987692,5.444139361543421e-09,1.85791087038548e-10,1.4459650761637778e-12
zalesak,circular+corner,1.5,0.1,0,12,5.921872595579326e-09,3.3083627663283444e-10,0.003294645156537,5.921872595579326e-09,3.3083627663283444e-10,2.520333725597013e-12
zalesak,circular+corner,1.5,0.1,0,13,3.338141212338997e-07,3.628202413589228e-09,0.0064393024268879,3.338141212338997e-07,3.628202413589228e-09,7.791223030241019e-14
zalesak,circular+corner,1.5,0.1,0,14,7.1208088314733695e-09,2.103849579128691e-10,0.0029005420617666,7.1208088314733695e-09,2.103849579128691e-10,4.082483706597718e-12
zalesak,circular+corner,1.5,0.1,0,15,3.268743231643612e-07,4.644719371979283e-09,0.0054792331490231,3.268743231643612e-07,4.644719371979283e-09,4.948110064819734e-13
zalesak,circular+corner,1.5,0.1,0,16,1.8906135650391483e-08,2.4085123081305433e-10,0.0068565134813246,1.8906135650391483e-08,2.4085123081305433e-10,2.0514153550501262e-11
zalesak,circular+corner,1.5,0.1,0,17,5.9119966800699815e-09,1.6168986033059864e-10,0.0043697722295894,5.9119966800699815e-09,1.6168983192272527e-10,6.981834071335027e-12
zalesak,circular+corner,1.5,0.1,0,18,1.9223913128030293e-08,4.890781843504062e-10,0.0026436611809147,1.9223913128030293e-08,4.890782817069007e-10,1.0929191804576184e-12
zalesak,circular+corner,1.5,0.1,0,19,2.019668566966264e-09,1.2091725687947378e-10,0.0056053039104895,2.019668566966264e-09,1.2091725687947378e-10,8.382887335545034e-13
zalesak,circular+corner,1.5,0.1,0,20,1.214431606902416e-09,1.983017600704531e-10,0.0071670902509088,1.214431606902416e-09,1.983017600704531e-10,1.1155703551821289e-12
zalesak,circular+corner,1.5,0.1,0,21,3.1076523499977944e-08,3.8629522147462254e-10,0.0040949581233517,3.1076523499977944e-08,3.8629522147462254e-10,3.5800376920836036e-11
zalesak,circular+corner,1.5,0.1,0,22,3.198910817373838e-09,1.430973447703456e-10,0.0058465664140138,3.198910817373838e-09,1.430973447703456e-10,1.255773315976942e-12
zalesak,circular+corner,1.5,0.1,0,23,2.3361137024835443e-08,9.287871472261111e-10,0.0081346175100602,2.3361137024835443e-08,9.287871472261111e-10,1.9038702893446096e-13
zalesak,circular+corner,1.5,0.1,0,24,2.217592703770899e-09,1.3783009564660356e-10,0.0071134149160259,2.217592703770899e-09,1.3783009564660356e-10,1.608038136692601e-12
zalesak,circular+corner,1.5,0.2,0,0,6.452087752961688e-08,1.028580871813063e-09,0.0006854127214073,6.452087752961688e-08,1.028580871813063e-09,5.3443103537510376e-12
zalesak,circular+corner,1.5,0.2,0,1,2.620648348714254e-09,1.5197017758621e-10,0.0084348700994068,2.620648348714254e-09,1.5197017758621e-10,4.5548388071028066e-12
zalesak,circular+corner,1.5,0.2,0,2,1.8621726383116766e-09,1.7366428656067223e-10,0.0064722544426159,1.8621726383116766e-09,1.7366428656067223e-10,7.900573528911068e-13
zalesak,circular+corner,1.5,0.2,0,3,4.2498644603483635e-09,2.0951051857788715e-10,0.0083120050625631,4.2498644603483635e-09,2.0951133703179002e-10,2.0524698062873016e-12
zalesak,circular+corner,1.5,0.2,0,4,1.5657857233009052e-09,1.5298764921842894e-10,0.0074826092693095,1.5657857233009052e-09,1.5298764921842894e-10,3.319568709626499e-15
zalesak,circular+corner,1.5,0.2,0,5,1.7470373592232136e-08,3.7256599879495657e-10,0.0109672078477197,1.7470373592232136e-08,3.7256599879495657e-10,1.2223823601330517e-13
zalesak,circular+corner,1.5,0.2,0,6,1.439397724558603e-09,1.12609174561702e-10,0.0061852209500053,1.439397724558603e-09,1.12609174561702e-10,2.7435259041324885e-13
zalesak,circular+corner,1.5,0.2,0,7,3.629716971431662e-09,2.4725521408475005e-10,0.0062541838764733,3.629716971431662e-09,2.4725521408475005e-10,1.6285413551932354e-13
zalesak,circular+corner,1.5,0.2,0,8,1.197675381092722e-07,3.12602269403133e-09,0.0069665388404671,1.197675381092722e-07,3.12602269403133e-09,1.8542329736983118e-11
zalesak,circular+corner,1.5,0.2,0,9,2.9374609411547684e-08,4.2087361347196424e-10,0.00597640844056,2.9374609411547684e-08,4.2087361347196424e-10,3.062595037751883e-12
zalesak,circular+corner,1.5,0.2,0,10,4.920551788245575e-08,1.0630475847567583e-09,0.0058197508392728,4.920551788245575e-08,1.0630475847567583e-09,4.2217103236544063e-13
zalesak,circular+corner,1.5,0.2,0,11,3.78116205013157e-09,3.3742822444741703e-10,0.0036332150552055,3.78116205013157e-09,3.3742822444741703e-10,3.9912932014568023e-13
zalesak,circular+corner,1.5,0.2,0,12,2.518964414832681e-08,1.334300040940699e-09,0.00301871909006,2.518964414832681e-08,1.3343004667998583e-09,1.5766389220744866e-11
zalesak,circular+corner,1.5,0.2,0,13,7.970804460910585e-09,2.2364929576885415e-10,0.0061853882402951,7.970804460910585e-09,2.23649471812616e-10,1.468420982140663e-13
zalesak,circular+corner,1.5,0.2,0,14,1.37099025465659e-08,2.823916340617627e-10,0.0039996880199512,1.37099025465659e-08,2.823916340617627e-10,1.5961267430874709e-12
zalesak,circular+corner,1.5,0.2,0,15,1.157877349555747e-09,1.4733705711869954e-10,0.0079821549358299,1.157877349555747e-09,1.4733705711869954e-10,1.1067832615389996e-12
zalesak,circular+corner,1.5,0.2,0,16,5.5324840616336865e-09,1.6802534197268324e-10,0.00595855056785,5.5324840616336865e-09,1.6802534197268324e-10,5.110183125348557e-12
zalesak,circular+corner,1.5,0.2,0,17,4.593490032789305e-09,2.1524390657772315e-10,0.0053817701411487,4.593490032789305e-09,2.1524390657772315e-10,5.229297061399861e-13
zalesak,circular+corner,1.5,0.2,0,18,1.6341083916975443e-08,2.6000081664955907e-10,0.0040071709652541,1.6341083916975443e-08,2.6000081664955907e-10,1.6613660316690124e-11
zalesak,circular+corner,1.5,0.2,0,19,3.6084714376064216e-08,0.0020311439353156,0.0061860258432751,3.6084714376064216e-08,0.0020311439353151,3.3671361765479694e-11
zalesak,circular+corner,1.5,0.2,0,20,1.6609670083767014e-08,3.97637719507635e-10,0.0075870566849439,1.6609670083767014e-08,3.97637719507635e-10,6.072858051140242e-14
zalesak,circular+corner,1.5,0.2,0,21,1.0196860462995341e-08,2.998970727803411e-10,0.0060802895593032,1.0196860462995341e-08,2.9989830536154846e-10,2.2260637229260052e-13
zalesak,circular+corner,1.5,0.2,0,22,2.0246067608008553e-09,1.2506053326886347e-10,0.0059404384697263,2.0246067608008553e-09,1.2506053326886347e-10,1.9931081070092748e-12
zalesak,circular+corner,1.5,0.2,0,23,5.10848039779284,0.0282334552417934,0.0091777712458298,5.10848039779284,0.0282334552417934,2.6696147304689167e-10
zalesak,circular+corner,1.5,0.2,0,24,0.000147369962485,3.2442763369511733e-09,0.0058326235101493,0.000147369962485,3.2442763369511733e-09,1.0361160817216609e-07
zalesak,circular+corner,1.5,0.3,0,0,6.698041408783366e-08,0.0017092756005352,0.0019218934836391,6.698041408783366e-08,0.0017092756005351,2.918681970752193e-12
zalesak,circular+corner,1.5,0.3,0,1,5.384267254271435e-09,1.7627286943079923e-10,0.0052718326848123,5.384267254271435e-09,1.7627286943079923e-10,3.3195687096264987e-14
zalesak,circular+corner,1.5,0.3,0,2,1.3545967902928169e-08,4.4005088890844003e-10,0.0085064827678068,1.3545967902928169e-08,4.4005088890844003e-10,6.338228279162736e-12
zalesak,circular+corner,1.5,0.3,0,3,2.286117314875184e-09,1.4051527222283848e-10,0.0085489154449427,2.286117314875184e-09,1.4051527222283848e-10,3.1553476928737996e-12
zalesak,circular+corner,1.5,0.3,0,4,5.421446752084142e-09,1.808329681625368e-10,0.0068603160081012,5.421446752084142e-09,1.808329681625368e-10,5.310333591664273e-12
zalesak,circular+corner,1.5,0.3,0,5,0.0218751685910749,2.1250037201326066e-10,0.0114089203872091,0.0218751685910749,2.1250037201326066e-10,3.4478602768161816e-12
zalesak,circular+corner,1.5,0.3,0,6,2.7575575640520695e-08,4.01767729149003e-10,0.0046976297843108,2.7575575640520695e-08,4.01767729149003e-10,2.259923323764195e-11
zalesak,circular+corner,1.5,0.3,0,7,8.665787477725974e-05,2.9165603475259356e-10,0.0062203664132596,8.665787477725974e-05,2.9165908622353176e-10,6.717244918303033e-13
zalesak,circular+corner,1.5,0.3,0,8,1.2561038298723804e-08,1.378006717498508e-10,0.0076186565816057,1.2561038298723804e-08,1.378006717498508e-10,1.3691658777228309e-11
zalesak,circular+corner,1.5,0.3,0,9,4.101314843296677e-09,2.3990636478978977e-10,0.0061172833816211,4.101314843296677e-09,2.399061102636723e-10,2.0895708683360682e-12
zalesak,circular+corner,1.5,0.3,0,10,1.0981970888224166e-09,1.3969252780386234e-10,0.004531558568428,1.0981970888224166e-09,1.3969252780386234e-10,6.572746045060467e-13
zalesak,circular+corner,1.5,0.3,0,11,4.936847375347497e-09,1.8757777747348624e-10,0.0034829023109952,4.936847375347497e-09,1.8757655248835266e-10,2.0540319562683018e-12
zalesak,circular+corner,1.5,0.3,0,12,2.0626469421358703e-08,6.333359380111412e-10,0.0034651607677376,2.0626469421358703e-08,6.333359380111412e-10,8.533244271216352e-14
zalesak,circular+corner,1.5,0.3,0,13,1.3256721942411788e-08,2.6257150939809413e-10,0.0050356760348721,1.3256721942411788e-08,2.6257150939809413e-10,3.446493395582806e-13
zalesak,circular+corner,1.5,0.3,0,14,2.336877358288802e-09,1.9588129821569702e-10,0.0050897447741056,2.336877358288802e-09,1.9588129821569702e-10,3.0692341751711357e-12
zalesak,circular+corner,1.5,0.3,0,15,1.14227720615645e-08,2.7897476706065776e-10,0.0087321926046918,1.14227720615645e-08,2.7897476706065776e-10,1.0538654309326008e-12
zalesak,circular+corner,1.5,0.3,0,16,2.935266252279689e-09,2.1204601949225543e-10,0.0049952431147689,2.935266252279689e-09,2.1204601949225543e-10,9.105381701757862e-13
zalesak,circular+corner,1.5,0.3,0,17,1.7458676282444685e-08,3.4748213682753787e-10,0.0073608015839823,1.7458676282444685e-08,3.4747867913439104e-10,3.3527643967227643e-13
zalesak,circular+corner,1.5,0.3,0,18,1.0654845894464417e-08,4.148298916223603e-10,0.0032765036797686,1.0654845894464417e-08,4.148298916223603e-10,3.127228993215787e-12
zalesak,circular+corner,1.5,0.3,0,19,7.58116236454498e-09,0.0018668587628919,0.0064997313493092,7.58116236454498e-09,0.0018668587628919,7.535420970852152e-13
zalesak,circular+corner,1.5,0.3,0,20,4.547272402527107e-09,2.3767284693087873e-10,0.0071978695334052,4.547272402527107e-09,2.3767284693087873e-10,5.6393614314125456e-12
zalesak,circular+corner,1.5,0.3,0,21,3.791809533026935e-09,2.0479638735905488e-10,0.0092417952114884,3.791809533026935e-09,2.0479638735905488e-10,1.8585679398955892e-12
zalesak,circular+corner,1.5,0.3,0,22,7.084990276063278e-09,3.078855404701657e-10,0.0070031285643379,7.084990276063278e-09,3.078855404701657e-10,1.9587408074272594e-12
zalesak,circular+corner,1.5,0.3,0,23,3.874747648666467e-09,1.4219337749982278e-10,0.0079676884668538,3.874747648666467e-09,1.4219337749982278e-10,2.0227889566482884e-12
zalesak,circular+corner,1.5,0.3,0,24,4.7639378664143806e-08,7.320618015030782e-10,0.0060286033321016,4.7639378664143806e-08,7.320618015030782e-10,9.32603538657421e-13
