method,variant,benchmark,case_index,cells_per_side,cell_x,cell_y,status,target_phase_area,reconstructed_phase_area,absolute_area_residual,curvature_estimate,true_curvature,curvature_absolute_error,objective,optimizer_success,ghf_method,diagnostics_json
PLVIRA,PLVIRA,ellipses,2,128,27,55,reconstructed,0.09109083400380562,0.09109083400379121,1.4405143744511406e-14,0.0866949322079285,0.08670392177547898,8.989567550479749e-06,4.10176714312203e-10,True,height_function,"{""curvature"": 0.0866949322079285, ""curvature_source"": ""cartesian-ghf"", ""ghf_diagnostic"": ""complete three-column height function"", ""ghf_direction"": ""x"", ""ghf_fit_points"": 0, ""ghf_height_points"": 3, ""ghf_independent_points"": 3, ""ghf_method"": ""height_function"", ""interval_count"": 1, ""objective"": 4.10176714312203e-10, ""optimizer_message"": ""CONVERGENCE: NORM_OF_PROJECTED_GRADIENT_<=_PGTOL"", ""optimizer_success"": true}"
PLVIRA,PLVIRA,ellipses,2,128,27,56,reconstructed,0.2762891112165939,0.2762891112165968,2.942091015256665e-15,0.08779558376799085,0.08773787553641582,5.770823157502658e-05,1.1096842319274026e-10,True,height_function,"{""curvature"": 0.08779558376799085, ""curvature_source"": ""cartesian-ghf"", ""ghf_diagnostic"": ""complete three-column height function"", ""ghf_direction"": ""x"", ""ghf_fit_points"": 0, ""ghf_height_points"": 3, ""ghf_independent_points"": 3, ""ghf_method"": ""height_function"", ""interval_count"": 1, ""objective"": 1.1096842319274026e-10, ""optimizer_message"": ""CONVERGENCE: NORM_OF_PROJECTED_GRADIENT_<=_PGTOL"", ""optimizer_success"": true}"
PLVIRA,PLVIRA,ellipses,2,128,27,57,reconstructed,0.41583008014017553,0.415830080140168,7.549516567451064e-15,0.08807181474701044,0.08800949609791761,6.23186490928268e-05,6.519278212724549e-14,True,height_function,"{""curvature"": 0.08807181474701044, ""curvature_source"": ""cartesian-ghf"", ""ghf_diagnostic"": ""complete three-column height function"", ""ghf_direction"": ""x"", ""ghf_fit_points"": 0, ""ghf_height_points"": 3, ""ghf_independent_points"": 3, ""ghf_method"": ""height_function"", ""interval_count"": 1, ""objective"": 6.519278212724549e-14, ""optimizer_message"": ""CONVERGENCE: NORM_OF_PROJECTED_GRADIENT_<=_PGTOL"", ""optimizer_success"": true}"
PLVIRA,PLVIRA,ellipses,2,128,27,58,reconstructed,0.511024382035366,0.5110243820353721,6.106226635438361e-15,-0.12434670177857482,0.08747959847272474,0.21182630025129956,0.00971517034995462,True,plic_centroid_parabola,"{""curvature"": -0.12434670177857482, ""curvature_source"": ""cartesian-ghf"", ""ghf_diagnostic"": ""parabola fit to 3x3 MYC PLIC fragment centroids"", ""ghf_direction"": null, ""ghf_fit_points"": 6, ""ghf_height_points"": 2, ""ghf_independent_points"": 3, ""ghf_method"": ""plic_centroid_parabola"", ""interval_count"": 1, ""objective"": 0.00971517034995462, ""optimizer_message"": ""CONVERGENCE: NORM_OF_PROJECTED_GRADIENT_<=_PGTOL"", ""optimizer_success"": true}"
PLVIRA,PLVIRA,ellipses,2,128,27,59,reconstructed,0.5635529930991169,0.5635529930991265,9.658940314238862e-15,0.720128640254313,0.08620825007150162,0.6339203901828114,0.12341546598216215,True,plic_centroid_parabola,"{""curvature"": 0.720128640254313, ""curvature_source"": ""cartesian-ghf"", ""ghf_diagnostic"": ""parabola fit to 3x3 MYC PLIC fragment centroids"", ""ghf_direction"": null, ""ghf_fit_points"": 6, ""ghf_height_points"": 2, ""ghf_independent_points"": 4, ""ghf_method"": ""plic_centroid_parabola"", ""interval_count"": 1, ""objective"": 0.12341546598216215, ""optimizer_message"": ""CONVERGENCE: NORM_OF_PROJECTED_GRADIENT_<=_PGTOL"", ""optimizer_success"": true}"
PLVIRA,PLVIRA,ellipses,2,128,27,60,reconstructed,0.5747740107707976,0.5747740107707054,9.214851104388799e-14,0.5603431932679659,0.08426935147740956,0.47607384179055634,0.06918416556397966,True,plic_centroid_parabola,"{""curvature"": 0.5603431932679659, ""curvature_source"": ""cartesian-ghf"", ""ghf_diagnostic"": ""parabola fit to 3x3 MYC PLIC fragment centroids"", ""ghf_direction"": null, ""ghf_fit_points"": 5, ""ghf_height_points"": 2, ""ghf_independent_points"": 5, ""ghf_method"": ""plic_centroid_parabola"", ""interval_count"": 1, ""objective"": 0.06918416556397966, ""optimizer_message"": ""CONVERGENCE: REL_REDUCTION_OF_F_<=_FACTR*EPSMCH"", ""optimizer_success"": true}"
PLVIRA,PLVIRA,ellipses,2,128,27,61,reconstructed,0.5457651897030504,0.5457651897030562,5.773159728050814e-15,0.08184620052353091,0.08178139174548153,6.480877804937446e-05,5.55895010800591e-14,True,height_function,"{""curvature"": 0.08184620052353091, ""curvature_source"": ""cartesian-ghf"", ""ghf_diagnostic"": ""complete three-column height function"", ""ghf_direction"": ""x"", ""ghf_fit_points"": 0, ""ghf_height_points"": 3, ""ghf_independent_points"": 3, ""ghf_method"": ""height_function"", ""interval_count"": 1, ""objective"": 5.55895010800591e-14, ""optimizer_message"": ""CONVERGENCE: NORM_OF_PROJECTED_GRADIENT_<=_PGTOL"", ""optimizer_success"": true}"
PLVIRA,PLVIRA,ellipses,2,128,27,62,reconstructed,0.4773556267255106,0.4773556267255199,9.325873406851315e-15,0.07890135492127585,0.07883916861936605,6.218630190980845e-05,1.054020445735903e-13,True,height_function,"{""curvature"": 0.07890135492127585, ""curvature_source"": ""cartesian-ghf"", ""ghf_diagnostic"": ""complete three-column height function"", ""ghf_direction"": ""x"", ""ghf_fit_points"": 0, ""ghf_height_points"": 3, ""ghf_independent_points"": 3, ""ghf_method"": ""height_function"", ""interval_count"": 1, ""objective"": 1.054020445735903e-13, ""optimizer_message"": ""CONVERGENCE: REL_REDUCTION_OF_F_<=_FACTR*EPSMCH"", ""optimizer_success"": true}"
PLVIRA,PLVIRA,ellipses,2,128,27,63,reconstructed,0.37014890949261436,0.3701489094926018,1.2545520178264269e-14,0.07561951826562517,0.07556087493191377,5.8643333711402845e-05,2.1806565765572813e-15,True,height_function,"{""curvature"": 0.07561951826562517, ""curvature_source"": ""cartesian-ghf"", ""ghf_diagnostic"": ""complete three-column height function"", ""ghf_direction"": ""x"", ""ghf_fit_points"": 0, ""ghf_height_points"": 3, ""ghf_independent_points"": 3, ""ghf_method"": ""height_function"", ""interval_count"": 1, ""objective"": 2.1806565765572813e-15, ""optimizer_message"": ""CONVERGENCE: NORM_OF_PROJECTED_GRADIENT_<=_PGTOL"", ""optimizer_success"": true}"
PLVIRA,PLVIRA,ellipses,2,128,27,64,reconstructed,0.22453930717399145,0.22453930717399584,4.385380947269368e-15,0.0721082920756999,0.07205388861441757,5.4403461282326315e-05,2.9756568684127767e-08,True,height_function,"{""curvature"": 0.0721082920756999, ""curvature_source"": ""cartesian-ghf"", ""ghf_diagnostic"": ""complete three-column height function"", ""ghf_direction"": ""x"", ""ghf_fit_points"": 0, ""ghf_height_points"": 3, ""ghf_independent_points"": 3, ""ghf_method"": ""height_function"", ""interval_count"": 1, ""objective"": 2.9756568684127767e-08, ""optimizer_message"": ""CONVERGENCE: NORM_OF_PROJECTED_GRADIENT_<=_PGTOL"", ""optimizer_success"": true}"
PLVIRA,PLVIRA,ellipses,2,128,27,65,reconstructed,0.05007976817267097,0.05007976817268331,1.2337353361147052e-14,0.06846515788735709,0.06896061433293725,0.0004954564455801613,2.3848811451996673e-08,True,height_function,"{""curvature"": 0.06846515788735709, ""curvature_source"": ""cartesian-ghf"", ""ghf_diagnostic"": ""complete three-column height function"", ""ghf_direction"": ""x"", ""ghf_fit_points"": 0, ""ghf_height_points"": 3, ""ghf_independent_points"": 3, ""ghf_method"": ""height_function"", ""interval_count"": 1, ""objective"": 2.3848811451996673e-08, ""optimizer_message"": ""CONVERGENCE: REL_REDUCTION_OF_F_<=_FACTR*EPSMCH"", ""optimizer_success"": true}"
PLVIRA,PLVIRA,ellipses,2,128,28,52,reconstructed,0.00043506109614935225,0.00043506109614925917,9.307875650788056e-17,0.07876619304847686,0.08042271779121228,0.0016565247427354213,3.0300989827632683e-07,True,height_function,"{""curvature"": 0.07876619304847686, ""curvature_source"": ""cartesian-ghf"", ""ghf_diagnostic"": ""complete three-column height function"", ""ghf_direction"": ""x"", ""ghf_fit_points"": 0, ""ghf_height_points"": 3, ""ghf_independent_points"": 3, ""ghf_method"": ""height_function"", ""interval_count"": 1, ""objective"": 3.0300989827632683e-07, ""optimizer_message"": ""CONVERGENCE: NORM_OF_PROJECTED_GRADIENT_<=_PGTOL"", ""optimizer_success"": true}"
PLVIRA,PLVIRA,ellipses,2,128,28,53,reconstructed,0.17895117771345617,0.17895117771345626,8.326672684688674e-17,0.0821134530573195,0.08207996765086857,3.3485406450928235e-05,2.1992162484532183e-10,True,height_function,"{""curvature"": 0.0821134530573195, ""curvature_source"": ""cartesian-ghf"", ""ghf_diagnostic"": ""complete three-column height function"", ""ghf_direction"": ""x"", ""ghf_fit_points"": 0, ""ghf_height_points"": 3, ""ghf_independent_points"": 3, ""ghf_method"": ""height_function"", ""interval_count"": 1, ""objective"": 2.1992162484532183e-10, ""optimizer_message"": ""CONVERGENCE: REL_REDUCTION_OF_F_<=_FACTR*EPSMCH"", ""optimizer_success"": true}"
PLVIRA,PLVIRA,ellipses,2,128,28,54,reconstructed,0.4658206856585531,0.46582068565855483,1.7208456881689926e-15,0.084784009291724,0.08474052782481498,4.3481466909023325e-05,5.267192970914433e-10,True,height_function,"{""curvature"": 0.084784009291724, ""curvature_source"": ""cartesian-ghf"", ""ghf_diagnostic"": ""complete three-column height function"", ""ghf_direction"": ""x"", ""ghf_fit_points"": 0, ""ghf_height_points"": 3, ""ghf_independent_points"": 3, ""ghf_method"": ""height_function"", ""interval_count"": 1, ""objective"": 5.267192970914433e-10, ""optimizer_message"": ""CONVERGENCE: REL_REDUCTION_OF_F_<=_FACTR*EPSMCH"", ""optimizer_success"": true}"
PLVIRA,PLVIRA,ellipses,2,128,28,55,reconstructed,0.6096015871055315,0.609601587105531,4.440892098500626e-16,0.0866949322079285,0.08587317208705403,0.0008217601208744679,3.5212599953377616e-08,True,height_function,"{""curvature"": 0.0866949322079285, ""curvature_source"": ""cartesian-ghf"", ""ghf_diagnostic"": ""complete three-column height function"", ""ghf_direction"": ""x"", ""ghf_fit_points"": 0, ""ghf_height_points"": 3, ""ghf_independent_points"": 3, ""ghf_method"": ""height_function"", ""interval_count"": 1, ""objective"": 3.5212599953377616e-08, ""optimizer_message"": ""CONVERGENCE: NORM_OF_PROJECTED_GRADIENT_<=_PGTOL"", ""optimizer_success"": true}"
PLVIRA,PLVIRA,ellipses,2,128,28,65,reconstructed,0.6009938426532669,0.6009938426532676,6.661338147750939e-16,0.06846515788735709,0.06712690003953342,0.0013382578478236679,1.2650844948516493e-07,True,height_function,"{""curvature"": 0.06846515788735709, ""curvature_source"": ""cartesian-ghf"", ""ghf_diagnostic"": ""complete three-column height function"", ""ghf_direction"": ""x"", ""ghf_fit_points"": 0, ""ghf_height_points"": 3, ""ghf_independent_points"": 3, ""ghf_method"": ""height_function"", ""interval_count"": 1, ""objective"": 1.2650844948516493e-07, ""optimizer_message"": ""CONVERGENCE: NORM_OF_PROJECTED_GRADIENT_<=_PGTOL"", ""optimizer_success"": true}"
PLVIRA,PLVIRA,ellipses,2,128,28,66,reconstructed,0.42904988603139915,0.42904988603140104,1.887379141862766e-15,0.06477449915713251,0.0647293298847488,4.516927238371049e-05,1.5561704457116767e-08,True,height_function,"{""curvature"": 0.06477449915713251, ""curvature_source"": ""cartesian-ghf"", ""ghf_diagnostic"": ""complete three-column height function"", ""ghf_direction"": ""x"", ""ghf_fit_points"": 0, ""ghf_height_points"": 3, ""ghf_independent_points"": 3, ""ghf_method"": ""height_function"", ""interval_count"": 1, ""objective"": 1.5561704457116767e-08, ""optimizer_message"": ""CONVERGENCE: REL_REDUCTION_OF_F_<=_FACTR*EPSMCH"", ""optimizer_success"": true}"
PLVIRA,PLVIRA,ellipses,2,128,28,67,reconstructed,0.16862687823282677,0.1686268782328281,1.3322676295501878e-15,0.06110631418626697,0.06106619796777639,4.011621849057956e-05,1.1047769847318989e-09,True,height_function,"{""curvature"": 0.06110631418626697, ""curvature_source"": ""cartesian-ghf"", ""ghf_diagnostic"": ""complete three-column height function"", ""ghf_direction"": ""x"", ""ghf_fit_points"": 0, ""ghf_height_points"": 3, ""ghf_independent_points"": 3, ""ghf_method"": ""height_function"", ""interval_count"": 1, ""objective"": 1.1047769847318989e-09, ""optimizer_message"": ""CONVERGENCE: REL_REDUCTION_OF_F_<=_FACTR*EPSMCH"", ""optimizer_success"": true}"
PLVIRA,PLVIRA,ellipses,2,128,28,68,reconstructed,0.0010851475146988149,0.00108514751469823,5.848186518386811e-16,0.05751625834757459,0.05911989213389694,0.0016036337863223546,2.2455401766146684e-07,True,height_function,"{""curvature"": 0.05751625834757459, ""curvature_source"": ""cartesian-ghf"", ""ghf_diagnostic"": ""complete three-column height function"", ""ghf_direction"": ""x"", ""ghf_fit_points"": 0, ""ghf_height_points"": 3, ""ghf_independent_points"": 3, ""ghf_method"": ""height_function"", ""interval_count"": 1, ""objective"": 2.2455401766146684e-07, ""optimizer_message"": ""CONVERGENCE: NORM_OF_PROJECTED_GRADIENT_<=_PGTOL"", ""optimizer_success"": true}"
PLVIRA,PLVIRA,ellipses,2,128,29,51,reconstructed,0.07862256984683007,0.07862256984682475,5.315192730392937e-15,0.0748500149943685,0.0756644036117737,0.0008143886174052095,1.428473695068243e-07,True,height_function,"{""curvature"": 0.0748500149943685, ""curvature_source"": ""cartesian-ghf"", ""ghf_diagnostic"": ""complete three-column height function"", ""ghf_direction"": ""x"", ""ghf_fit_points"": 0, ""ghf_height_points"": 3, ""ghf_independent_points"": 3, ""ghf_method"": ""height_function"", ""interval_count"": 1, ""objective"": 1.428473695068243e-07, ""optimizer_message"": ""CONVERGENCE: NORM_OF_PROJECTED_GRADIENT_<=_PGTOL"", ""optimizer_success"": true}"
PLVIRA,PLVIRA,ellipses,2,128,29,52,reconstructed,0.4462276968433927,0.446227696843393,2.7755575615628914e-16,0.07876619304847686,0.07865515458672052,0.00011103846175633536,8.38786915483132e-08,True,height_function,"{""curvature"": 0.07876619304847686, ""curvature_source"": ""cartesian-ghf"", ""ghf_diagnostic"": ""complete three-column height function"", ""ghf_direction"": ""x"", ""ghf_fit_points"": 0, ""ghf_height_points"": 3, ""ghf_independent_points"": 3, ""ghf_method"": ""height_function"", ""interval_count"": 1, ""objective"": 8.38786915483132e-08, ""optimizer_message"": ""CONVERGENCE: NORM_OF_PROJECTED_GRADIENT_<=_PGTOL"", ""optimizer_success"": true}"
PLVIRA,PLVIRA,ellipses,2,128,29,68,reconstructed,0.4786792375645046,0.4786792375645008,3.774758283725532e-15,0.05751625834757459,0.05733398072085636,0.00018227762671822745,1.2387433318822392e-08,True,height_function,"{""curvature"": 0.05751625834757459, ""curvature_source"": ""cartesian-ghf"", ""ghf_diagnostic"": ""complete three-column height function"", ""ghf_direction"": ""x"", ""ghf_fit_points"": 0, ""ghf_height_points"": 3, ""ghf_independent_points"": 3, ""ghf_method"": ""height_function"", ""interval_count"": 1, ""objective"": 1.2387433318822392e-08, ""optimizer_message"": ""CONVERGENCE: NORM_OF_PROJECTED_GRADIENT_<=_PGTOL"", ""optimizer_success"": true}"
PLVIRA,PLVIRA,ellipses,2,128,29,69,reconstructed,0.14343772552749673,0.1434377255274979,1.1657341758564144e-15,0.0540466149088845,0.05420462203593372,0.00015800712704922004,7.871930647496087e-09,True,height_function,"{""curvature"": 0.0540466149088845, ""curvature_source"": ""cartesian-ghf"", ""ghf_diagnostic"": ""complete three-column height function"", ""ghf_direction"": ""x"", ""ghf_fit_points"": 0, ""ghf_height_points"": 3, ""ghf_independent_points"": 3, ""ghf_method"": ""height_function"", ""interval_count"": 1, ""objective"": 7.871930647496087e-09, ""optimizer_message"": ""CONVERGENCE: NORM_OF_PROJECTED_GRADIENT_<=_PGTOL"", ""optimizer_success"": true}"
PLVIRA,PLVIRA,ellipses,2,128,30,50,reconstructed,0.18965708993482958,0.18965708993482905,5.273559366969494e-16,0.07048805283521531,0.07081088625736408,0.00032283342214876887,1.818308327604285e-07,True,height_function,"{""curvature"": 0.07048805283521531, ""curvature_source"": ""cartesian-ghf"", ""ghf_diagnostic"": ""complete three-column height function"", ""ghf_direction"": ""x"", ""ghf_fit_points"": 0, ""ghf_height_points"": 3, ""ghf_independent_points"": 3, ""ghf_method"": ""height_function"", ""interval_count"": 1, ""objective"": 1.818308327604285e-07, ""optimizer_message"": ""CONVERGENCE: NORM_OF_PROJECTED_GRADIENT_<=_PGTOL"", ""optimizer_success"": true}"
PLVIRA,PLVIRA,ellipses,2,128,30,51,reconstructed,0.5753144472554818,0.5753144472554808,9.992007221626409e-16,0.0748500149943685,0.07358935613913092,0.001260658855237573,2.389810228649842e-07,True,height_function,"{""curvature"": 0.0748500149943685, ""curvature_source"": ""cartesian-ghf"", ""ghf_diagnostic"": ""complete three-column height function"", ""ghf_direction"": ""x"", ""ghf_fit_points"": 0, ""ghf_height_points"": 3, ""ghf_independent_points"": 3, ""ghf_method"": ""height_function"", ""interval_count"": 1, ""objective"": 2.389810228649842e-07, ""optimizer_message"": ""CONVERGENCE: NORM_OF_PROJECTED_GRADIENT_<=_PGTOL"", ""optimizer_success"": true}"
PLVIRA,PLVIRA,ellipses,2,128,30,69,reconstructed,0.6080721961794191,0.6080721961794169,2.220446049250313e-15,0.0540466149088845,0.05253329021556584,0.0015133246933186628,2.74995137622127e-07,True,height_function,"{""curvature"": 0.0540466149088845, ""curvature_source"": ""cartesian-ghf"", ""ghf_diagnostic"": ""complete three-column height function"", ""ghf_direction"": ""x"", ""ghf_fit_points"": 0, ""ghf_height_points"": 3, ""ghf_independent_points"": 3, ""ghf_method"": ""height_function"", ""interval_count"": 1, ""objective"": 2.74995137622127e-07, ""optimizer_message"": ""CONVERGENCE: NORM_OF_PROJECTED_GRADIENT_<=_PGTOL"", ""optimizer_success"": true}"
PLVIRA,PLVIRA,ellipses,2,128,30,70,reconstructed,0.3726857333439124,0.37268573334391164,7.771561172376096e-16,0.05072782557022105,0.05070126132915591,2.6564241065139826e-05,3.9401162674840005e-08,True,height_function,"{""curvature"": 0.05072782557022105, ""curvature_source"": ""cartesian-ghf"", ""ghf_diagnostic"": ""complete three-column height function"", ""ghf_direction"": ""x"", ""ghf_fit_points"": 0, ""ghf_height_points"": 3, ""ghf_independent_points"": 3, ""ghf_method"": ""height_function"", ""interval_count"": 1, ""objective"": 3.9401162674840005e-08, ""optimizer_message"": ""CONVERGENCE: REL_REDUCTION_OF_F_<=_FACTR*EPSMCH"", ""optimizer_success"": true}"
PLVIRA,PLVIRA,ellipses,2,128,30,71,reconstructed,0.03379975761204421,0.0337997576120473,3.094746681142624e-15,0.047580281320602755,0.04849869276895162,0.0009184114483488659,2.16173988377177e-07,True,height_function,"{""curvature"": 0.047580281320602755, ""curvature_source"": ""cartesian-ghf"", ""ghf_diagnostic"": ""complete three-column height function"", ""ghf_direction"": ""x"", ""ghf_fit_points"": 0, ""ghf_height_points"": 3, ""ghf_independent_points"": 3, ""ghf_method"": ""height_function"", ""interval_count"": 1, ""objective"": 2.16173988377177e-07, ""optimizer_message"": ""CONVERGENCE: NORM_OF_PROJECTED_GRADIENT_<=_PGTOL"", ""optimizer_success"": true}"
PLVIRA,PLVIRA,ellipses,2,128,31,49,reconstructed,0.25360915297836983,0.2536091529783695,3.3306690738754696e-16,0.06580861099387376,0.0660120034039795,0.00020339241010573772,1.5213302136029904e-07,True,height_function,"{""curvature"": 0.06580861099387376, ""curvature_source"": ""cartesian-ghf"", ""ghf_diagnostic"": ""complete three-column height function"", ""ghf_direction"": ""x"", ""ghf_fit_points"": 0, ""ghf_height_points"": 3, ""ghf_independent_points"": 3, ""ghf_method"": ""height_function"", ""interval_count"": 1, ""objective"": 1.5213302136029904e-07, ""optimizer_message"": ""CONVERGENCE: NORM_OF_PROJECTED_GRADIENT_<=_PGTOL"", ""optimizer_success"": true}"
PLVIRA,PLVIRA,ellipses,2,128,31,50,reconstructed,0.6052762874100367,0.6052762874100341,2.55351295663786e-15,0.07048805283521493,0.06854938460716277,0.001938668228052165,8.073525030183238e-07,True,height_function,"{""curvature"": 0.07048805283521493, ""curvature_source"": ""cartesian-ghf"", ""ghf_diagnostic"": ""complete three-column height function"", ""ghf_direction"": ""x"", ""ghf_fit_points"": 0, ""ghf_height_points"": 3, ""ghf_independent_points"": 3, ""ghf_method"": ""height_function"", ""interval_count"": 1, ""objective"": 8.073525030183238e-07, ""optimizer_message"": ""CONVERGENCE: REL_REDUCTION_OF_F_<=_FACTR*EPSMCH"", ""optimizer_success"": true}"
PLVIRA,PLVIRA,ellipses,2,128,31,71,reconstructed,0.5291206706467105,0.5291206706467158,5.218048215738236e-15,0.047580281320602755,0.04696534661573806,0.0006149347048646919,9.908451809525948e-08,True,height_function,"{""curvature"": 0.047580281320602755, ""curvature_source"": ""cartesian-ghf"", ""ghf_diagnostic"": ""complete three-column height function"", ""ghf_direction"": ""x"", ""ghf_fit_points"": 0, ""ghf_height_points"": 3, ""ghf_independent_points"": 3, ""ghf_method"": ""height_function"", ""interval_count"": 1, ""objective"": 9.908451809525948e-08, ""optimizer_message"": ""CONVERGENCE: REL_REDUCTION_OF_F_<=_FACTR*EPSMCH"", ""optimizer_success"": true}"
PLVIRA,PLVIRA,ellipses,2,128,31,72,reconstructed,0.12131881073004352,0.12131881073004275,7.771561172376096e-16,0.044616155224712684,0.045023039035204326,0.0004068838104916428,1.0855434559679927e-07,True,height_function,"{""curvature"": 0.044616155224712684, ""curvature_source"": ""cartesian-ghf"", ""ghf_diagnostic"": ""complete three-column height function"", ""ghf_direction"": ""x"", ""ghf_fit_points"": 0, ""ghf_height_points"": 3, ""ghf_independent_points"": 3, ""ghf_method"": ""height_function"", ""interval_count"": 1, ""objective"": 1.0855434559679927e-07, ""optimizer_message"": ""CONVERGENCE: REL_REDUCTION_OF_F_<=_FACTR*EPSMCH"", ""optimizer_success"": true}"
PLVIRA,PLVIRA,ellipses,2,128,32,48,reconstructed,0.2439963840251379,0.24399638402513815,2.498001805406602e-16,0.06180859564004071,0.06135824958123384,0.0004503460588068664,1.3815470334512888e-07,True,height_function,"{""curvature"": 0.06180859564004071, ""curvature_source"": ""cartesian-ghf"", ""ghf_diagnostic"": ""complete three-column height function"", ""ghf_direction"": ""y"", ""ghf_fit_points"": 0, ""ghf_height_points"": 3, ""ghf_independent_points"": 3, ""ghf_method"": ""height_function"", ""interval_count"": 1, ""objective"": 1.3815470334512888e-07, ""optimizer_message"": ""CONVERGENCE: REL_REDUCTION_OF_F_<=_FACTR*EPSMCH"", ""optimizer_success"": true}"
PLVIRA,PLVIRA,ellipses,2,128,32,49,reconstructed,0.6086171404502447,0.6086171404502447,0.0,0.06180859564004071,0.06364372248371825,0.001835126843677537,8.394892801687419e-07,True,height_function,"{""curvature"": 0.06180859564004071, ""curvature_source"": ""cartesian-ghf"", ""ghf_diagnostic"": ""complete three-column height function"", ""ghf_direction"": ""y"", ""ghf_fit_points"": 0, ""ghf_height_points"": 3, ""ghf_independent_points"": 3, ""ghf_method"": ""height_function"", ""interval_count"": 1, ""objective"": 8.394892801687419e-07, ""optimizer_message"": ""CONVERGENCE: REL_REDUCTION_OF_F_<=_FACTR*EPSMCH"", ""optimizer_success"": true}"
PLVIRA,PLVIRA,ellipses,2,128,32,72,reconstructed,0.5891892245802473,0.5891892245802475,2.220446049250313e-16,0.04461615522471287,0.043605448997414455,0.0010107062272984163,2.135760443193097e-07,True,height_function,"{""curvature"": 0.04461615522471287, ""curvature_source"": ""cartesian-ghf"", ""ghf_diagnostic"": ""complete three-column height function"", ""ghf_direction"": ""x"", ""ghf_fit_points"": 0, ""ghf_height_points"": 3, ""ghf_independent_points"": 3, ""ghf_method"": ""height_function"", ""interval_count"": 1, ""objective"": 2.135760443193097e-07, ""optimizer_message"": ""CONVERGENCE: REL_REDUCTION_OF_F_<=_FACTR*EPSMCH"", ""optimizer_success"": true}"
PLVIRA,PLVIRA,ellipses,2,128,32,73,reconstructed,0.20729779442670013,0.20729779442670085,7.216449660063518e-16,0.04184113456030983,0.04198735258645044,0.00014621802614061402,5.016707112953019e-08,True,height_function,"{""curvature"": 0.04184113456030983, ""curvature_source"": ""cartesian-ghf"", ""ghf_diagnostic"": ""complete three-column height function"", ""ghf_direction"": ""x"", ""ghf_fit_points"": 0, ""ghf_height_points"": 3, ""ghf_independent_points"": 3, ""ghf_method"": ""height_function"", ""interval_count"": 1, ""objective"": 5.016707112953019e-08, ""optimizer_message"": ""CONVERGENCE: REL_REDUCTION_OF_F_<=_FACTR*EPSMCH"", ""optimizer_success"": true}"
PLVIRA,PLVIRA,ellipses,2,128,33,47,reconstructed,0.16928207464071077,0.169282074640711,2.220446049250313e-16,0.057468954504821916,0.056900827876604484,0.0005681266282174316,1.6829795923729276e-07,True,height_function,"{""curvature"": 0.057468954504821916, ""curvature_source"": ""cartesian-ghf"", ""ghf_diagnostic"": ""complete three-column height function"", ""ghf_direction"": ""y"", ""ghf_fit_points"": 0, ""ghf_height_points"": 3, ""ghf_independent_points"": 3, ""ghf_method"": ""height_function"", ""interval_count"": 1, ""objective"": 1.6829795923729276e-07, ""optimizer_message"": ""CONVERGENCE: NORM_OF_PROJECTED_GRADIENT_<=_PGTOL"", ""optimizer_success"": true}"
PLVIRA,PLVIRA,ellipses,2,128,33,48,reconstructed,0.6021818212548155,0.6021818212548153,1.1102230246251565e-16,0.057468954504821916,0.05893519901169604,0.0014662445068741245,5.352807947505265e-07,True,height_function,"{""curvature"": 0.057468954504821916, ""curvature_source"": ""cartesian-ghf"", ""ghf_diagnostic"": ""complete three-column height function"", ""ghf_direction"": ""y"", ""ghf_fit_points"": 0, ""ghf_height_points"": 3, ""ghf_independent_points"": 3, ""ghf_method"": ""height_function"", ""interval_count"": 1, ""objective"": 5.352807947505265e-07, ""optimizer_message"": ""CONVERGENCE: REL_REDUCTION_OF_F_<=_FACTR*EPSMCH"", ""optimizer_success"": true}"
PLVIRA,PLVIRA,ellipses,2,128,33,73,reconstructed,0.6064740752184001,0.6064740752183999,2.220446049250313e-16,0.04184113456030983,0.04067719058199212,0.0011639439783177052,2.950986891172322e-07,True,height_function,"{""curvature"": 0.04184113456030983, ""curvature_source"": ""cartesian-ghf"", ""ghf_diagnostic"": ""complete three-column height function"", ""ghf_direction"": ""x"", ""ghf_fit_points"": 0, ""ghf_height_points"": 3, ""ghf_independent_points"": 3, ""ghf_method"": ""height_function"", ""interval_count"": 1, ""objective"": 2.950986891172322e-07, ""optimizer_message"": ""CONVERGENCE: REL_REDUCTION_OF_F_<=_FACTR*EPSMCH"", ""optimizer_success"": true}"
PLVIRA,PLVIRA,ellipses,2,128,33,74,reconstructed,0.26118276875192487,0.26118276875192536,4.996003610813204e-16,0.03925597204120821,0.03931181941346187,5.584737225365621e-05,1.90760183165803e-08,True,height_function,"{""curvature"": 0.03925597204120821, ""curvature_source"": ""cartesian-ghf"", ""ghf_diagnostic"": ""complete three-column height function"", ""ghf_direction"": ""x"", ""ghf_fit_points"": 0, ""ghf_height_points"": 3, ""ghf_independent_points"": 3, ""ghf_method"": ""height_function"", ""interval_count"": 1, ""objective"": 1.90760183165803e-08, ""optimizer_message"": ""CONVERGENCE: REL_REDUCTION_OF_F_<=_FACTR*EPSMCH"", ""optimizer_success"": true}"
PLVIRA,PLVIRA,ellipses,2,128,34,46,reconstructed,0.0665119110470318,0.06651191104703102,7.771561172376096e-16,0.05362471845140556,0.05266284129434067,0.0009618771570648887,1.477439624509389e-07,True,height_function,"{""curvature"": 0.05362471845140556, ""curvature_source"": ""cartesian-ghf"", ""ghf_diagnostic"": ""complete three-column height function"", ""ghf_direction"": ""y"", ""ghf_fit_points"": 0, ""ghf_height_points"": 3, ""ghf_independent_points"": 3, ""ghf_method"": ""height_function"", ""interval_count"": 1, ""objective"": 1.477439624509389e-07, ""optimizer_message"": ""CONVERGENCE: REL_REDUCTION_OF_F_<=_FACTR*EPSMCH"", ""optimizer_success"": true}"
PLVIRA,PLVIRA,ellipses,2,128,34,47,reconstructed,0.5646577588406401,0.5646577588406401,0.0,0.05362471845140556,0.05445461027006991,0.0008298918186643509,1.599931056209234e-07,True,height_function,"{""curvature"": 0.05362471845140556, ""curvature_source"": ""cartesian-ghf"", ""ghf_diagnostic"": ""complete three-column height function"", ""ghf_direction"": ""y"", ""ghf_fit_points"": 0, ""ghf_height_points"": 3, ""ghf_independent_points"": 3, ""ghf_method"": ""height_function"", ""interval_count"": 1, ""objective"": 1.599931056209234e-07, ""optimizer_message"": ""CONVERGENCE: REL_REDUCTION_OF_F_<=_FACTR*EPSMCH"", ""optimizer_success"": true}"
PLVIRA,PLVIRA,ellipses,2,128,34,74,reconstructed,0.6094736412870877,0.6094736412870873,4.440892098500626e-16,0.03925597204120821,0.03810006070316238,0.00115591133804583,2.923063119017605e-07,True,height_function,"{""curvature"": 0.03925597204120821, ""curvature_source"": ""cartesian-ghf"", ""ghf_diagnostic"": ""complete three-column height function"", ""ghf_direction"": ""x"", ""ghf_fit_points"": 0, ""ghf_height_points"": 3, ""ghf_independent_points"": 3, ""ghf_method"": ""height_function"", ""interval_count"": 1, ""objective"": 2.923063119017605e-07, ""optimizer_message"": ""CONVERGENCE: REL_REDUCTION_OF_F_<=_FACTR*EPSMCH"", ""optimizer_success"": true}"
PLVIRA,PLVIRA,ellipses,2,128,34,75,reconstructed,0.27020843021866814,0.27020843021864543,2.270406085358445e-14,0.03710170812330275,0.03693796153511918,0.0001637465881835637,2.1055414774051588e-08,True,height_function,"{""curvature"": 0.03710170812330275, ""curvature_source"": ""cartesian-ghf"", ""ghf_diagnostic"": ""complete three-column height function"", ""ghf_direction"": ""y"", ""ghf_fit_points"": 0, ""ghf_height_points"": 3, ""ghf_independent_points"": 3, ""ghf_method"": ""height_function"", ""interval_count"": 1, ""objective"": 2.1055414774051588e-08, ""optimizer_message"": ""CONVERGENCE: REL_REDUCTION_OF_F_<=_FACTR*EPSMCH"", ""optimizer_success"": true}"
PLVIRA,PLVIRA,ellipses,2,128,35,45,reconstructed,0.0010682681770337271,0.001068268177032719,1.008091179977022e-15,0.05021543796679365,0.048646583607111035,0.0015688543596826116,3.0016607943867766e-07,True,height_function,"{""curvature"": 0.05021543796679365, ""curvature_source"": ""cartesian-ghf"", ""ghf_diagnostic"": ""complete three-column height function"", ""ghf_direction"": ""y"", ""ghf_fit_points"": 0, ""ghf_height_points"": 3, ""ghf_independent_points"": 3, ""ghf_method"": ""height_function"", ""interval_count"": 1, ""objective"": 3.0016607943867766e-07, ""optimizer_message"": ""CONVERGENCE: REL_REDUCTION_OF_F_<=_FACTR*EPSMCH"", ""optimizer_success"": true}"
PLVIRA,PLVIRA,ellipses,2,128,35,46,reconstructed,0.4412523022246962,0.44125230222469686,6.661338147750939e-16,0.05021543796679365,0.05020888567404356,6.552292750088007e-06,7.470662103540854e-08,True,height_function,"{""curvature"": 0.05021543796679365, ""curvature_source"": ""cartesian-ghf"", ""ghf_diagnostic"": ""complete three-column height function"", ""ghf_direction"": ""y"", ""ghf_fit_points"": 0, ""ghf_height_points"": 3, ""ghf_independent_points"": 3, ""ghf_method"": ""height_function"", ""interval_count"": 1, ""objective"": 7.470662103540854e-08, ""optimizer_message"": ""CONVERGENCE: NORM_OF_PROJECTED_GRADIENT_<=_PGTOL"", ""optimizer_success"": true}"
PLVIRA,PLVIRA,ellipses,2,128,35,75,reconstructed,0.6084432018294699,0.6084432018294699,0.0,0.03498027453207115,0.035815954168617416,0.000835679636546266,1.6679525615292786e-07,True,height_function,"{""curvature"": 0.03498027453207115, ""curvature_source"": ""cartesian-ghf"", ""ghf_diagnostic"": ""complete three-column height function"", ""ghf_direction"": ""y"", ""ghf_fit_points"": 0, ""ghf_height_points"": 3, ""ghf_independent_points"": 3, ""ghf_method"": ""height_function"", ""interval_count"": 1, ""objective"": 1.6679525615292786e-07, ""optimizer_message"": ""CONVERGENCE: NORM_OF_PROJECTED_GRADIENT_<=_PGTOL"", ""optimizer_success"": true}"
PLVIRA,PLVIRA,ellipses,2,128,35,76,reconstructed,0.23470922373364295,0.23470922373364156,1.3877787807814457e-15,0.03498027453207115,0.03482092444584247,0.00015935008622867952,1.6765981666184627e-08,True,height_function,"{""curvature"": 0.03498027453207115, ""curvature_source"": ""cartesian-ghf"", ""ghf_diagnostic"": ""complete three-column height function"", ""ghf_direction"": ""y"", ""ghf_fit_points"": 0, ""ghf_height_points"": 3, ""ghf_independent_points"": 3, ""ghf_method"": ""height_function"", ""interval_count"": 1, ""objective"": 1.6765981666184627e-08, ""optimizer_message"": ""CONVERGENCE: NORM_OF_PROJECTED_GRADIENT_<=_PGTOL"", ""optimizer_success"": true}"
PLVIRA,PLVIRA,ellipses,2,128,36,45,reconstructed,0.21245524595821302,0.21245524595821355,5.273559366969494e-16,0.04718564605424765,0.04708523145483878,0.00010041459940886982,3.593451156481157e-08,True,height_function,"{""curvature"": 0.04718564605424765, ""curvature_source"": ""cartesian-ghf"", ""ghf_diagnostic"": ""complete three-column height function"", ""ghf_direction"": ""y"", ""ghf_fit_points"": 0, ""ghf_height_points"": 3, ""ghf_independent_points"": 3, ""ghf_method"": ""height_function"", ""interval_count"": 1, ""objective"": 3.593451156481157e-08, ""optimizer_message"": ""CONVERGENCE: NORM_OF_PROJECTED_GRADIENT_<=_PGTOL"", ""optimizer_success"": true}"
PLVIRA,PLVIRA,ellipses,2,128,36,76,reconstructed,0.5999816622618064,0.5999816622618064,0.0,0.033155116002298625,0.03378057981581869,0.0006254638135200635,9.456959316597998e-08,True,height_function,"{""curvature"": 0.033155116002298625, ""curvature_source"": ""cartesian-ghf"", ""ghf_diagnostic"": ""complete three-column height function"", ""ghf_direction"": ""y"", ""ghf_fit_points"": 0, ""ghf_height_points"": 3, ""ghf_independent_points"": 3, ""ghf_method"": ""height_function"", ""interval_count"": 1, ""objective"": 9.456959316597998e-08, ""optimizer_message"": ""CONVERGENCE: REL_REDUCTION_OF_F_<=_FACTR*EPSMCH"", ""optimizer_success"": true}"
PLVIRA,PLVIRA,ellipses,2,128,36,77,reconstructed,0.16562489240105613,0.16562489240105646,3.3306690738754696e-16,0.033155116002298625,0.03292511694566472,0.00022999905663390746,3.3733880653132684e-08,True,height_function,"{""curvature"": 0.033155116002298625, ""curvature_source"": ""cartesian-ghf"", ""ghf_diagnostic"": ""complete three-column height function"", ""ghf_direction"": ""y"", ""ghf_fit_points"": 0, ""ghf_height_points"": 3, ""ghf_independent_points"": 3, ""ghf_method"": ""height_function"", ""interval_count"": 1, ""objective"": 3.3733880653132684e-08, ""optimizer_message"": ""CONVERGENCE: NORM_OF_PROJECTED_GRADIENT_<=_PGTOL"", ""optimizer_success"": true}"
PLVIRA,PLVIRA,ellipses,2,128,37,44,reconstructed,0.01874387801343361,0.01874387801343394,3.2959746043559335e-16,0.04448625059701688,0.043580744806900995,0.0009055057901158833,7.926346119706773e-08,True,height_function,"{""curvature"": 0.04448625059701688, ""curvature_source"": ""cartesian-ghf"", ""ghf_diagnostic"": ""complete three-column height function"", ""ghf_direction"": ""y"", ""ghf_fit_points"": 0, ""ghf_height_points"": 3, ""ghf_independent_points"": 3, ""ghf_method"": ""height_function"", ""interval_count"": 1, ""objective"": 7.926346119706773e-08, ""optimizer_message"": ""CONVERGENCE: NORM_OF_PROJECTED_GRADIENT_<=_PGTOL"", ""optimizer_success"": true}"
PLVIRA,PLVIRA,ellipses,2,128,37,45,reconstructed,0.5387766362479444,0.5387766362479299,1.4432899320127035e-14,0.04448625059701688,0.044838172458195893,0.0003519218611790151,2.409591375882035e-08,True,height_function,"{""curvature"": 0.04448625059701688, ""curvature_source"": ""cartesian-ghf"", ""ghf_diagnostic"": ""complete three-column height function"", ""ghf_direction"": ""y"", ""ghf_fit_points"": 0, ""ghf_height_points"": 3, ""ghf_independent_points"": 3, ""ghf_method"": ""height_function"", ""interval_count"": 1, ""objective"": 2.409591375882035e-08, ""optimizer_message"": ""CONVERGENCE: REL_REDUCTION_OF_F_<=_FACTR*EPSMCH"", ""optimizer_success"": true}"
PLVIRA,PLVIRA,ellipses,2,128,37,77,reconstructed,0.5693862394957854,0.5693862394957863,8.881784197001252e-16,0.03157116625405195,0.03195906659369588,0.0003879003396439276,4.145053249430155e-08,True,height_function,"{""curvature"": 0.03157116625405195, ""curvature_source"": ""cartesian-ghf"", ""ghf_diagnostic"": ""complete three-column height function"", ""ghf_direction"": ""y"", ""ghf_fit_points"": 0, ""ghf_height_points"": 3, ""ghf_independent_points"": 3, ""ghf_method"": ""height_function"", ""interval_count"": 1, ""objective"": 4.145053249430155e-08, ""optimizer_message"": ""CONVERGENCE: REL_REDUCTION_OF_F_<=_FACTR*EPSMCH"", ""optimizer_success"": true}"
PLVIRA,PLVIRA,ellipses,2,128,37,78,reconstructed,0.08325347451347564,0.08325347451347336,2.2898349882893854e-15,0.03157116625405195,0.03122171740692693,0.00034944884712502164,3.027350789591506e-08,True,height_function,"{""curvature"": 0.03157116625405195, ""curvature_source"": ""cartesian-ghf"", ""ghf_diagnostic"": ""complete three-column height function"", ""ghf_direction"": ""y"", ""ghf_fit_points"": 0, ""ghf_height_points"": 3, ""ghf_independent_points"": 3, ""ghf_method"": ""height_function"", ""interval_count"": 1, ""objective"": 3.027350789591506e-08, ""optimizer_message"": ""CONVERGENCE: NORM_OF_PROJECTED_GRADIENT_<=_PGTOL"", ""optimizer_success"": true}"
PLVIRA,PLVIRA,ellipses,2,128,38,44,reconstructed,0.261102213227693,0.26110221322769456,1.5543122344752192e-15,0.04207460774178993,0.042007052981132255,6.755476065767319e-05,2.7021070030351785e-08,True,height_function,"{""curvature"": 0.04207460774178993, ""curvature_source"": ""cartesian-ghf"", ""ghf_diagnostic"": ""complete three-column height function"", ""ghf_direction"": ""y"", ""ghf_fit_points"": 0, ""ghf_height_points"": 3, ""ghf_independent_points"": 3, ""ghf_method"": ""height_function"", ""interval_count"": 1, ""objective"": 2.7021070030351785e-08, ""optimizer_message"": ""CONVERGENCE: REL_REDUCTION_OF_F_<=_FACTR*EPSMCH"", ""optimizer_success"": true}"
PLVIRA,PLVIRA,ellipses,2,128,38,78,reconstructed,0.4917045595561875,0.4917045595561882,6.661338147750939e-16,0.03018684695920566,0.030323363949578526,0.00013651699037286677,1.90476298517537e-08,True,height_function,"{""curvature"": 0.03018684695920566, ""curvature_source"": ""cartesian-ghf"", ""ghf_diagnostic"": ""complete three-column height function"", ""ghf_direction"": ""y"", ""ghf_fit_points"": 0, ""ghf_height_points"": 3, ""ghf_independent_points"": 3, ""ghf_method"": ""height_function"", ""interval_count"": 1, ""objective"": 1.90476298517537e-08, ""optimizer_message"": ""CONVERGENCE: NORM_OF_PROJECTED_GRADIENT_<=_PGTOL"", ""optimizer_success"": true}"
PLVIRA,PLVIRA,ellipses,2,128,38,79,reconstructed,0.016836306962631206,0.016836306962631338,1.3183898417423734e-16,0.03018684695920566,0.02968701086845193,0.0004998360907537275,5.287069465765027e-08,True,height_function,"{""curvature"": 0.03018684695920566, ""curvature_source"": ""cartesian-ghf"", ""ghf_diagnostic"": ""complete three-column height function"", ""ghf_direction"": ""y"", ""ghf_fit_points"": 0, ""ghf_height_points"": 3, ""ghf_independent_points"": 3, ""ghf_method"": ""height_function"", ""interval_count"": 1, ""objective"": 5.287069465765027e-08, ""optimizer_message"": ""CONVERGENCE: NORM_OF_PROJECTED_GRADIENT_<=_PGTOL"", ""optimizer_success"": true}"
PLVIRA,PLVIRA,ellipses,2,128,39,43,reconstructed,0.009705117183126312,0.009705117183125792,5.204170427930421e-16,0.039914029571130265,0.03912585653547568,0.0007881730356545866,4.784611432003837e-08,True,height_function,"{""curvature"": 0.039914029571130265, ""curvature_source"": ""cartesian-ghf"", ""ghf_diagnostic"": ""complete three-column height function"", ""ghf_direction"": ""y"", ""ghf_fit_points"": 0, ""ghf_height_points"": 3, ""ghf_independent_points"": 3, ""ghf_method"": ""height_function"", ""interval_count"": 1, ""objective"": 4.784611432003837e-08, ""optimizer_message"": ""CONVERGENCE: NORM_OF_PROJECTED_GRADIENT_<=_PGTOL"", ""optimizer_success"": true}"
PLVIRA,PLVIRA,ellipses,2,128,39,44,reconstructed,0.5375713515650794,0.5375713515650804,9.992007221626409e-16,0.039914029571130265,0.040133456066626376,0.00021942649549611115,7.712490413478743e-09,True,height_function,"{""curvature"": 0.039914029571130265, ""curvature_source"": ""cartesian-ghf"", ""ghf_diagnostic"": ""complete three-column height function"", ""ghf_direction"": ""y"", ""ghf_fit_points"": 0, ""ghf_height_points"": 3, ""ghf_independent_points"": 3, ""ghf_method"": ""height_function"", ""interval_count"": 1, ""objective"": 7.712490413478743e-09, ""optimizer_message"": ""CONVERGENCE: NORM_OF_PROJECTED_GRADIENT_<=_PGTOL"", ""optimizer_success"": true}"
PLVIRA,PLVIRA,ellipses,2,128,39,79,reconstructed,0.33668301308264287,0.33668301308264104,1.8318679906315083e-15,0.028970049714763246,0.028935954638218325,3.4095076544921055e-05,2.9760435973283207e-09,True,height_function,"{""curvature"": 0.028970049714763246, ""curvature_source"": ""cartesian-ghf"", ""ghf_diagnostic"": ""complete three-column height function"", ""ghf_direction"": ""y"", ""ghf_fit_points"": 0, ""ghf_height_points"": 3, ""ghf_independent_points"": 3, ""ghf_method"": ""height_function"", ""interval_count"": 1, ""objective"": 2.9760435973283207e-09, ""optimizer_message"": ""CONVERGENCE: NORM_OF_PROJECTED_GRADIENT_<=_PGTOL"", ""optimizer_success"": true}"
PLVIRA,PLVIRA,ellipses,2,128,40,43,reconstructed,0.198048565704068,0.1980485657040681,8.326672684688674e-17,0.03797309447883941,0.037925532632172694,4.756184666671742e-05,3.5279033978983727e-09,True,height_function,"{""curvature"": 0.03797309447883941, ""curvature_source"": ""cartesian-ghf"", ""ghf_diagnostic"": ""complete three-column height function"", ""ghf_direction"": ""y"", ""ghf_fit_points"": 0, ""ghf_height_points"": 3, ""ghf_independent_points"": 3, ""ghf_method"": ""height_function"", ""interval_count"": 1, ""objective"": 3.5279033978983727e-09, ""optimizer_message"": ""CONVERGENCE: NORM_OF_PROJECTED_GRADIENT_<=_PGTOL"", ""optimizer_success"": true}"
PLVIRA,PLVIRA,ellipses,2,128,40,79,reconstructed,0.6055398895038095,0.6055398895038073,2.220446049250313e-15,0.02789552487481233,0.028301412021607325,0.00040588714679499344,3.001436368094423e-08,True,height_function,"{""curvature"": 0.02789552487481233, ""curvature_source"": ""cartesian-ghf"", ""ghf_diagnostic"": ""complete three-column height function"", ""ghf_direction"": ""y"", ""ghf_fit_points"": 0, ""ghf_height_points"": 3, ""ghf_independent_points"": 3, ""ghf_method"": ""height_function"", ""interval_count"": 1, ""objective"": 3.001436368094423e-08, ""optimizer_message"": ""CONVERGENCE: REL_REDUCTION_OF_F_<=_FACTR*EPSMCH"", ""optimizer_success"": true}"
PLVIRA,PLVIRA,ellipses,2,128,40,80,reconstructed,0.1445862365779558,0.14458623657795608,2.7755575615628914e-16,0.02789552487481233,0.027789490345887034,0.0001060345289252973,4.838201129004323e-09,True,height_function,"{""curvature"": 0.02789552487481233, ""curvature_source"": ""cartesian-ghf"", ""ghf_diagnostic"": ""complete three-column height function"", ""ghf_direction"": ""y"", ""ghf_fit_points"": 0, ""ghf_height_points"": 3, ""ghf_independent_points"": 3, ""ghf_method"": ""height_function"", ""interval_count"": 1, ""objective"": 4.838201129004323e-09, ""optimizer_message"": ""CONVERGENCE: NORM_OF_PROJECTED_GRADIENT_<=_PGTOL"", ""optimizer_success"": true}"
PLVIRA,PLVIRA,ellipses,2,128,41,43,reconstructed,0.436334011134859,0.4363340111348598,8.326672684688674e-16,0.03622493210506593,0.036184486716971644,4.044538809428594e-05,2.566883009088862e-09,True,height_function,"{""curvature"": 0.03622493210506593, ""curvature_source"": ""cartesian-ghf"", ""ghf_diagnostic"": ""complete three-column height function"", ""ghf_direction"": ""y"", ""ghf_fit_points"": 0, ""ghf_height_points"": 3, ""ghf_independent_points"": 3, ""ghf_method"": ""height_function"", ""interval_count"": 1, ""objective"": 2.566883009088862e-09, ""optimizer_message"": ""CONVERGENCE: REL_REDUCTION_OF_F_<=_FACTR*EPSMCH"", ""optimizer_success"": true}"
PLVIRA,PLVIRA,ellipses,2,128,41,80,reconstructed,0.5146225396499754,0.5146225396499733,2.1094237467877974e-15,0.026943115936582003,0.027048630395304335,0.00010551445872233195,2.722873635202642e-09,True,height_function,"{""curvature"": 0.026943115936582003, ""curvature_source"": ""cartesian-ghf"", ""ghf_diagnostic"": ""complete three-column height function"", ""ghf_direction"": ""y"", ""ghf_fit_points"": 0, ""ghf_height_points"": 3, ""ghf_independent_points"": 3, ""ghf_method"": ""height_function"", ""interval_count"": 1, ""objective"": 2.722873635202642e-09, ""optimizer_message"": ""CONVERGENCE: NORM_OF_PROJECTED_GRADIENT_<=_PGTOL"", ""optimizer_success"": true}"
PLVIRA,PLVIRA,ellipses,2,128,41,81,reconstructed,0.01575692290583599,0.01575692290583479,1.2004286453759505e-15,0.026943115936582003,0.026606721732144557,0.0003363942044374464,1.6120948750428452e-08,True,height_function,"{""curvature"": 0.026943115936582003, ""curvature_source"": ""cartesian-ghf"", ""ghf_diagnostic"": ""complete three-column height function"", ""ghf_direction"": ""y"", ""ghf_fit_points"": 0, ""ghf_height_points"": 3, ""ghf_independent_points"": 3, ""ghf_method"": ""height_function"", ""interval_count"": 1, ""objective"": 1.6120948750428452e-08, ""optimizer_message"": ""CONVERGENCE: REL_REDUCTION_OF_F_<=_FACTR*EPSMCH"", ""optimizer_success"": true}"
PLVIRA,PLVIRA,ellipses,2,128,42,42,reconstructed,0.05219707620749318,0.05219707620749993,6.751543768501733e-15,0.034646557534251374,0.03439596074925086,0.00025059678500051474,3.987688065064734e-09,True,height_function,"{""curvature"": 0.034646557534251374, ""curvature_source"": ""cartesian-ghf"", ""ghf_diagnostic"": ""complete three-column height function"", ""ghf_direction"": ""y"", ""ghf_fit_points"": 0, ""ghf_height_points"": 3, ""ghf_independent_points"": 3, ""ghf_method"": ""height_function"", ""interval_count"": 1, ""objective"": 3.987688065064734e-09, ""optimizer_message"": ""CONVERGENCE: NORM_OF_PROJECTED_GRADIENT_<=_PGTOL"", ""optimizer_success"": true}"
PLVIRA,PLVIRA,ellipses,2,128,42,43,reconstructed,0.6014174037144331,0.6014174037144295,3.552713678800501e-15,0.034646557534251374,0.03515080097040683,0.0005042434361554535,2.080357271531298e-08,True,height_function,"{""curvature"": 0.034646557534251374, ""curvature_source"": ""cartesian-ghf"", ""ghf_diagnostic"": ""complete three-column height function"", ""ghf_direction"": ""y"", ""ghf_fit_points"": 0, ""ghf_height_points"": 3, ""ghf_independent_points"": 3, ""ghf_method"": ""height_function"", ""interval_count"": 1, ""objective"": 2.080357271531298e-08, ""optimizer_message"": ""CONVERGENCE: NORM_OF_PROJECTED_GRADIENT_<=_PGTOL"", ""optimizer_success"": true}"
PLVIRA,PLVIRA,ellipses,2,128,42,81,reconstructed,0.2896278223861487,0.2896278223861506,1.887379141862766e-15,0.026096527549255417,0.026075393567005712,2.1133982249704752e-05,2.6838185920462733e-09,True,height_function,"{""curvature"": 0.026096527549255417, ""curvature_source"": ""cartesian-ghf"", ""ghf_diagnostic"": ""complete three-column height function"", ""ghf_direction"": ""y"", ""ghf_fit_points"": 0, ""ghf_height_points"": 3, ""ghf_independent_points"": 3, ""ghf_method"": ""height_function"", ""interval_count"": 1, ""objective"": 2.6838185920462733e-09, ""optimizer_message"": ""CONVERGENCE: REL_REDUCTION_OF_F_<=_FACTR*EPSMCH"", ""optimizer_success"": true}"
PLVIRA,PLVIRA,ellipses,2,128,43,42,reconstructed,0.24107586658076696,0.2410758665807771,1.0130785099704553e-14,0.033218282214634264,0.03318826462606731,3.0017588566952358e-05,5.156617359724111e-09,True,height_function,"{""curvature"": 0.033218282214634264, ""curvature_source"": ""cartesian-ghf"", ""ghf_diagnostic"": ""complete three-column height function"", ""ghf_direction"": ""y"", ""ghf_fit_points"": 0, ""ghf_height_points"": 3, ""ghf_independent_points"": 3, ""ghf_method"": ""height_function"", ""interval_count"": 1, ""objective"": 5.156617359724111e-09, ""optimizer_message"": ""CONVERGENCE: NORM_OF_PROJECTED_GRADIENT_<=_PGTOL"", ""optimizer_success"": true}"
PLVIRA,PLVIRA,ellipses,2,128,43,81,reconstructed,0.5811199059797448,0.5811199059797464,1.5543122344752192e-15,0.02534244353082352,0.0255352279732487,0.00019278444242518122,5.647390980695469e-09,True,height_function,"{""curvature"": 0.02534244353082352, ""curvature_source"": ""cartesian-ghf"", ""ghf_diagnostic"": ""complete three-column height function"", ""ghf_direction"": ""y"", ""ghf_fit_points"": 0, ""ghf_height_points"": 3, ""ghf_independent_points"": 3, ""ghf_method"": ""height_function"", ""interval_count"": 1, ""objective"": 5.647390980695469e-09, ""optimizer_message"": ""CONVERGENCE: REL_REDUCTION_OF_F_<=_FACTR*EPSMCH"", ""optimizer_success"": true}"
PLVIRA,PLVIRA,ellipses,2,128,43,82,reconstructed,0.05864031910850743,0.05864031910850702,4.0939474033052647e-16,0.02534244353082352,0.02517903658591682,0.00016340694490669938,2.9196607652828795e-09,True,height_function,"{""curvature"": 0.02534244353082352, ""curvature_source"": ""cartesian-ghf"", ""ghf_diagnostic"": ""complete three-column height function"", ""ghf_direction"": ""y"", ""ghf_fit_points"": 0, ""ghf_height_points"": 3, ""ghf_independent_points"": 3, ""ghf_method"": ""height_function"", ""interval_count"": 1, ""objective"": 2.9196607652828795e-09, ""optimizer_message"": ""CONVERGENCE: REL_REDUCTION_OF_F_<=_FACTR*EPSMCH"", ""optimizer_success"": true}"
PLVIRA,PLVIRA,ellipses,2,128,44,42,reconstructed,0.4207238766622118,0.4207238766622164,4.6074255521944e-15,0.03192320673006539,0.03189707561850734,2.6131111558053144e-05,3.5078504669070268e-09,True,height_function,"{""curvature"": 0.03192320673006539, ""curvature_source"": ""cartesian-ghf"", ""ghf_diagnostic"": ""complete three-column height function"", ""ghf_direction"": ""y"", ""ghf_fit_points"": 0, ""ghf_height_points"": 3, ""ghf_independent_points"": 3, ""ghf_method"": ""height_function"", ""interval_count"": 1, ""objective"": 3.5078504669070268e-09, ""optimizer_message"": ""CONVERGENCE: NORM_OF_PROJECTED_GRADIENT_<=_PGTOL"", ""optimizer_success"": true}"
PLVIRA,PLVIRA,ellipses,2,128,44,82,reconstructed,0.36137612621295756,0.36137612621295606,1.4988010832439613e-15,0.024669881779943132,0.024653734749565098,1.61470303780345e-05,2.437453110872368e-09,True,height_function,"{""curvature"": 0.024669881779943132, ""curvature_source"": ""cartesian-ghf"", ""ghf_diagnostic"": ""complete three-column height function"", ""ghf_direction"": ""y"", ""ghf_fit_points"": 0, ""ghf_height_points"": 3, ""ghf_independent_points"": 3, ""ghf_method"": ""height_function"", ""interval_count"": 1, ""objective"": 2.437453110872368e-09, ""optimizer_message"": ""CONVERGENCE: REL_REDUCTION_OF_F_<=_FACTR*EPSMCH"", ""optimizer_success"": true}"
PLVIRA,PLVIRA,ellipses,2,128,45,41,reconstructed,0.008046527431421148,0.008046527431423318,2.1701390684469857e-15,0.030746790617190232,0.030353014069899074,0.00039377654729115877,9.06491487458913e-09,True,height_function,"{""curvature"": 0.030746790617190232, ""curvature_source"": ""cartesian-ghf"", ""ghf_diagnostic"": ""complete three-column height function"", ""ghf_direction"": ""y"", ""ghf_fit_points"": 0, ""ghf_height_points"": 3, ""ghf_independent_points"": 3, ""ghf_method"": ""height_function"", ""interval_count"": 1, ""objective"": 9.06491487458913e-09, ""optimizer_message"": ""CONVERGENCE: NORM_OF_PROJECTED_GRADIENT_<=_PGTOL"", ""optimizer_success"": true}"
PLVIRA,PLVIRA,ellipses,2,128,45,42,reconstructed,0.5752735504072238,0.5752735504072229,8.881784197001252e-16,0.030746790617190232,0.030908191391782042,0.00016140077459180988,2.4099953211566127e-09,True,height_function,"{""curvature"": 0.030746790617190232, ""curvature_source"": ""cartesian-ghf"", ""ghf_diagnostic"": ""complete three-column height function"", ""ghf_direction"": ""y"", ""ghf_fit_points"": 0, ""ghf_height_points"": 3, ""ghf_independent_points"": 3, ""ghf_method"": ""height_function"", ""interval_count"": 1, ""objective"": 2.4099953211566127e-09, ""optimizer_message"": ""CONVERGENCE: NORM_OF_PROJECTED_GRADIENT_<=_PGTOL"", ""optimizer_success"": true}"
PLVIRA,PLVIRA,ellipses,2,128,45,82,reconstructed,0.5977775064583647,0.5977775064583613,3.4416913763379853e-15,0.024069713786676442,0.02426110178389777,0.00019138799722132754,4.260785807385744e-09,True,height_function,"{""curvature"": 0.024069713786676442, ""curvature_source"": ""cartesian-ghf"", ""ghf_diagnostic"": ""complete three-column height function"", ""ghf_direction"": ""y"", ""ghf_fit_points"": 0, ""ghf_height_points"": 3, ""ghf_independent_points"": 3, ""ghf_method"": ""height_function"", ""interval_count"": 1, ""objective"": 4.260785807385744e-09, ""optimizer_message"": ""CONVERGENCE: REL_REDUCTION_OF_F_<=_FACTR*EPSMCH"", ""optimizer_success"": true}"
PLVIRA,PLVIRA,ellipses,2,128,45,83,reconstructed,0.07851427447418657,0.07851427447418477,1.8041124150158794e-15,0.024069713786676442,0.023975453892369863,9.42598943065795e-05,7.739296030766746e-10,True,height_function,"{""curvature"": 0.024069713786676442, ""curvature_source"": ""cartesian-ghf"", ""ghf_diagnostic"": ""complete three-column height function"", ""ghf_direction"": ""y"", ""ghf_fit_points"": 0, ""ghf_height_points"": 3, ""ghf_independent_points"": 3, ""ghf_method"": ""height_function"", ""interval_count"": 1, ""objective"": 7.739296030766746e-10, ""optimizer_message"": ""CONVERGENCE: NORM_OF_PROJECTED_GRADIENT_<=_PGTOL"", ""optimizer_success"": true}"
PLVIRA,PLVIRA,ellipses,2,128,46,41,reconstructed,0.11947108451934285,0.11947108451935809,1.5237811012980274e-14,0.029676490572963298,0.029656271341787593,2.0219231175705454e-05,1.150724736264993e-09,True,height_function,"{""curvature"": 0.029676490572963298, ""curvature_source"": ""cartesian-ghf"", ""ghf_diagnostic"": ""complete three-column height function"", ""ghf_direction"": ""y"", ""ghf_fit_points"": 0, ""ghf_height_points"": 3, ""ghf_independent_points"": 3, ""ghf_method"": ""height_function"", ""interval_count"": 1, ""objective"": 1.150724736264993e-09, ""optimizer_message"": ""CONVERGENCE: NORM_OF_PROJECTED_GRADIENT_<=_PGTOL"", ""optimizer_success"": true}"
PLVIRA,PLVIRA,ellipses,2,128,46,83,reconstructed,0.36476224115659517,0.3647622411565956,4.440892098500626e-16,0.023534301085950886,0.023521542277459145,1.2758808491740437e-05,1.50729620354568e-09,True,height_function,"{""curvature"": 0.023534301085950886, ""curvature_source"": ""cartesian-ghf"", ""ghf_diagnostic"": ""complete three-column height function"", ""ghf_direction"": ""y"", ""ghf_fit_points"": 0, ""ghf_height_points"": 3, ""ghf_independent_points"": 3, ""ghf_method"": ""height_function"", ""interval_count"": 1, ""objective"": 1.50729620354568e-09, ""optimizer_message"": ""CONVERGENCE: REL_REDUCTION_OF_F_<=_FACTR*EPSMCH"", ""optimizer_success"": true}"
PLVIRA,PLVIRA,ellipses,2,128,47,41,reconstructed,0.2507098584967899,0.250709858496784,5.88418203051333e-15,0.028701457521544082,0.028683514002404802,1.7943519139279607e-05,2.86386480972438e-17,True,height_function,"{""curvature"": 0.028701457521544082, ""curvature_source"": ""cartesian-ghf"", ""ghf_diagnostic"": ""complete three-column height function"", ""ghf_direction"": ""y"", ""ghf_fit_points"": 0, ""ghf_height_points"": 3, ""ghf_independent_points"": 3, ""ghf_method"": ""height_function"", ""interval_count"": 1, ""objective"": 2.86386480972438e-17, ""optimizer_message"": ""CONVERGENCE: NORM_OF_PROJECTED_GRADIENT_<=_PGTOL"", ""optimizer_success"": true}"
PLVIRA,PLVIRA,ellipses,2,128,47,83,reconstructed,0.5921282616106868,0.5921282616106874,6.661338147750939e-16,0.02305721641346525,0.023191375090031704,0.00013415867656645444,1.9989378421486898e-09,True,height_function,"{""curvature"": 0.02305721641346525, ""curvature_source"": ""cartesian-ghf"", ""ghf_diagnostic"": ""complete three-column height function"", ""ghf_direction"": ""y"", ""ghf_fit_points"": 0, ""ghf_height_points"": 3, ""ghf_independent_points"": 3, ""ghf_method"": ""height_function"", ""interval_count"": 1, ""objective"": 1.9989378421486898e-09, ""optimizer_message"": ""CONVERGENCE: NORM_OF_PROJECTED_GRADIENT_<=_PGTOL"", ""optimizer_success"": true}"
PLVIRA,PLVIRA,ellipses,2,128,47,84,reconstructed,0.05619220706661352,0.05619220706660959,3.9343528435153985e-15,0.02305721641346525,0.022965357685973586,9.185872749166435e-05,7.018909017167838e-10,True,height_function,"{""curvature"": 0.02305721641346525, ""curvature_source"": ""cartesian-ghf"", ""ghf_diagnostic"": ""complete three-column height function"", ""ghf_direction"": ""y"", ""ghf_fit_points"": 0, ""ghf_height_points"": 3, ""ghf_independent_points"": 3, ""ghf_method"": ""height_function"", ""interval_count"": 1, ""objective"": 7.018909017167838e-10, ""optimizer_message"": ""CONVERGENCE: NORM_OF_PROJECTED_GRADIENT_<=_PGTOL"", ""optimizer_success"": true}"
PLVIRA,PLVIRA,ellipses,2,128,48,41,reconstructed,0.3674071506466286,0.36740715064665125,2.2648549702353193e-14,0.027812283431061763,0.027796265704254246,1.6017726807517063e-05,2.2861011339923122e-15,True,height_function,"{""curvature"": 0.027812283431061763, ""curvature_source"": ""cartesian-ghf"", ""ghf_diagnostic"": ""complete three-column height function"", ""ghf_direction"": ""y"", ""ghf_fit_points"": 0, ""ghf_height_points"": 3, ""ghf_independent_points"": 3, ""ghf_method"": ""height_function"", ""interval_count"": 1, ""objective"": 2.2861011339923122e-15, ""optimizer_message"": ""CONVERGENCE: REL_REDUCTION_OF_F_<=_FACTR*EPSMCH"", ""optimizer_success"": true}"
PLVIRA,PLVIRA,ellipses,2,128,48,84,reconstructed,0.30698565187043025,0.3069856518704312,9.43689570931383e-16,0.022633027277504856,0.02262263484976878,1.0392427736077153e-05,1.0818864694261357e-09,True,height_function,"{""curvature"": 0.022633027277504856, ""curvature_source"": ""cartesian-ghf"", ""ghf_diagnostic"": ""complete three-column height function"", ""ghf_direction"": ""y"", ""ghf_fit_points"": 0, ""ghf_height_points"": 3, ""ghf_independent_points"": 3, ""ghf_method"": ""height_function"", ""interval_count"": 1, ""objective"": 1.0818864694261357e-09, ""optimizer_message"": ""CONVERGENCE: NORM_OF_PROJECTED_GRADIENT_<=_PGTOL"", ""optimizer_success"": true}"
PLVIRA,PLVIRA,ellipses,2,128,49,41,reconstructed,0.47019423280549777,0.47019423280550654,8.770761894538737e-15,0.027000789786551446,0.02698640979044406,1.437999610738594e-05,1.3009347401606527e-15,True,height_function,"{""curvature"": 0.027000789786551446, ""curvature_source"": ""cartesian-ghf"", ""ghf_diagnostic"": ""complete three-column height function"", ""ghf_direction"": ""y"", ""ghf_fit_points"": 0, ""ghf_height_points"": 3, ""ghf_independent_points"": 3, ""ghf_method"": ""height_function"", ""interval_count"": 1, ""objective"": 1.3009347401606527e-15, ""optimizer_message"": ""CONVERGENCE: REL_REDUCTION_OF_F_<=_FACTR*EPSMCH"", ""optimizer_success"": true}"
PLVIRA,PLVIRA,ellipses,2,128,49,84,reconstructed,0.5505826606520123,0.5505826606520151,2.7755575615628914e-15,0.022257126205736246,0.022302054179905727,4.4927974169481355e-05,2.7372559806499804e-10,True,height_function,"{""curvature"": 0.022257126205736246, ""curvature_source"": ""cartesian-ghf"", ""ghf_diagnostic"": ""complete three-column height function"", ""ghf_direction"": ""y"", ""ghf_fit_points"": 0, ""ghf_height_points"": 3, ""ghf_independent_points"": 3, ""ghf_method"": ""height_function"", ""interval_count"": 1, ""objective"": 2.7372559806499804e-10, ""optimizer_message"": ""CONVERGENCE: REL_REDUCTION_OF_F_<=_FACTR*EPSMCH"", ""optimizer_success"": true}"
PLVIRA,PLVIRA,ellipses,2,128,49,85,reconstructed,0.011509526920521622,0.011509526920522921,1.2993078835066285e-15,0.022257126205736246,0.02212790620553597,0.00012922000020027663,1.2327043985978702e-09,True,height_function,"{""curvature"": 0.022257126205736246, ""curvature_source"": ""cartesian-ghf"", ""ghf_diagnostic"": ""complete three-column height function"", ""ghf_direction"": ""y"", ""ghf_fit_points"": 0, ""ghf_height_points"": 3, ""ghf_independent_points"": 3, ""ghf_method"": ""height_function"", ""interval_count"": 1, ""objective"": 1.2327043985978702e-09, ""optimizer_message"": ""CONVERGENCE: NORM_OF_PROJECTED_GRADIENT_<=_PGTOL"", ""optimizer_success"": true}"
PLVIRA,PLVIRA,ellipses,2,128,50,41,reconstructed,0.5596245250912154,0.5596245250912196,4.218847493575595e-15,0.026259850729852322,0.026246869513418914,1.2981216433408105e-05,7.055909823094255e-11,True,height_function,"{""curvature"": 0.026259850729852322, ""curvature_source"": ""cartesian-ghf"", ""ghf_diagnostic"": ""complete three-column height function"", ""ghf_direction"": ""y"", ""ghf_fit_points"": 0, ""ghf_height_points"": 3, ""ghf_independent_points"": 3, ""ghf_method"": ""height_function"", ""interval_count"": 1, ""objective"": 7.055909823094255e-11, ""optimizer_message"": ""CONVERGENCE: REL_REDUCTION_OF_F_<=_FACTR*EPSMCH"", ""optimizer_success"": true}"
PLVIRA,PLVIRA,ellipses,2,128,50,85,reconstructed,0.19349037090152027,0.1934903709015179,2.3592239273284576e-15,0.02192559640469372,0.021916887221490124,8.709183203597232e-06,1.2463682260112116e-10,True,height_function,"{""curvature"": 0.02192559640469372, ""curvature_source"": ""cartesian-ghf"", ""ghf_diagnostic"": ""complete three-column height function"", ""ghf_direction"": ""y"", ""ghf_fit_points"": 0, ""ghf_height_points"": 3, ""ghf_independent_points"": 3, ""ghf_method"": ""height_function"", ""interval_count"": 1, ""objective"": 1.2463682260112116e-10, ""optimizer_message"": ""CONVERGENCE: REL_REDUCTION_OF_F_<=_FACTR*EPSMCH"", ""optimizer_success"": true}"
PLVIRA,PLVIRA,ellipses,2,128,51,40,reconstructed,0.026536480763630802,0.026536480763668754,3.7952280207420586e-14,0.025583244994313685,0.025527358343782842,5.588665053084252e-05,1.1784746456696096e-10,True,height_function,"{""curvature"": 0.025583244994313685, ""curvature_source"": ""cartesian-ghf"", ""ghf_diagnostic"": ""complete three-column height function"", ""ghf_direction"": ""y"", ""ghf_fit_points"": 0, ""ghf_height_points"": 3, ""ghf_independent_points"": 3, ""ghf_method"": ""height_function"", ""interval_count"": 1, ""objective"": 1.1784746456696096e-10, ""optimizer_message"": ""CONVERGENCE: NORM_OF_PROJECTED_GRADIENT_<=_PGTOL"", ""optimizer_success"": true}"
PLVIRA,PLVIRA,ellipses,2,128,51,41,reconstructed,0.6096477694164372,0.6096477694164084,2.8754776337791554e-14,0.025583244994313685,0.025855312257955513,0.00027206726364182796,3.678282524984871e-09,True,height_function,"{""curvature"": 0.025583244994313685, ""curvature_source"": ""cartesian-ghf"", ""ghf_diagnostic"": ""complete three-column height function"", ""ghf_direction"": ""y"", ""ghf_fit_points"": 0, ""ghf_height_points"": 3, ""ghf_independent_points"": 3, ""ghf_method"": ""height_function"", ""interval_count"": 1, ""objective"": 3.678282524984871e-09, ""optimizer_message"": ""CONVERGENCE: REL_REDUCTION_OF_F_<=_FACTR*EPSMCH"", ""optimizer_success"": true}"
PLVIRA,PLVIRA,ellipses,2,128,51,85,reconstructed,0.4223695495336717,0.42236954953367084,8.326672684688674e-16,0.02163510460008807,0.021627050834936965,8.05376515110312e-06,1.0384932457633774e-10,True,height_function,"{""curvature"": 0.02163510460008807, ""curvature_source"": ""cartesian-ghf"", ""ghf_diagnostic"": ""complete three-column height function"", ""ghf_direction"": ""y"", ""ghf_fit_points"": 0, ""ghf_height_points"": 3, ""ghf_independent_points"": 3, ""ghf_method"": ""height_function"", ""interval_count"": 1, ""objective"": 1.0384932457633774e-10, ""optimizer_message"": ""CONVERGENCE: NORM_OF_PROJECTED_GRADIENT_<=_PGTOL"", ""optimizer_success"": true}"
PLVIRA,PLVIRA,ellipses,2,128,52,40,reconstructed,0.08994954668557817,0.08994954668557817,0.0,0.024965531734656685,0.024954777907873874,1.0753826782811116e-05,2.905096279870051e-10,True,height_function,"{""curvature"": 0.024965531734656685, ""curvature_source"": ""cartesian-ghf"", ""ghf_diagnostic"": ""complete three-column height function"", ""ghf_direction"": ""y"", ""ghf_fit_points"": 0, ""ghf_height_points"": 3, ""ghf_independent_points"": 3, ""ghf_method"": ""height_function"", ""interval_count"": 1, ""objective"": 2.905096279870051e-10, ""optimizer_message"": ""CONVERGENCE: REL_REDUCTION_OF_F_<=_FACTR*EPSMCH"", ""optimizer_success"": true}"
PLVIRA,PLVIRA,ellipses,2,128,52,85,reconstructed,0.5962985141966389,0.5962985141966388,1.1102230246251565e-16,0.02138281501305199,0.021451363090378397,6.85480773264073e-05,4.2898222502249765e-10,True,height_function,"{""curvature"": 0.02138281501305199, ""curvature_source"": ""cartesian-ghf"", ""ghf_diagnostic"": ""complete three-column height function"", ""ghf_direction"": ""y"", ""ghf_fit_points"": 0, ""ghf_height_points"": 3, ""ghf_independent_points"": 3, ""ghf_method"": ""height_function"", ""interval_count"": 1, ""objective"": 4.2898222502249765e-10, ""optimizer_message"": ""CONVERGENCE: NORM_OF_PROJECTED_GRADIENT_<=_PGTOL"", ""optimizer_success"": true}"
PLVIRA,PLVIRA,ellipses,2,128,52,86,reconstructed,0.04250734788575061,0.042507347885748156,2.456368441983159e-15,0.02138281501305199,0.021333427083113827,4.938792993816263e-05,1.550075944200284e-10,True,height_function,"{""curvature"": 0.02138281501305199, ""curvature_source"": ""cartesian-ghf"", ""ghf_diagnostic"": ""complete three-column height function"", ""ghf_direction"": ""y"", ""ghf_fit_points"": 0, ""ghf_height_points"": 3, ""ghf_independent_points"": 3, ""ghf_method"": ""height_function"", ""interval_count"": 1, ""objective"": 1.550075944200284e-10, ""optimizer_message"": ""CONVERGENCE: NORM_OF_PROJECTED_GRADIENT_<=_PGTOL"", ""optimizer_success"": true}"
PLVIRA,PLVIRA,ellipses,2,128,53,40,reconstructed,0.14199983250850456,0.14199983250843162,7.294165271787278e-14,0.02440194620794359,0.024392081740006035,9.864467937555077e-06,1.0497299199546507e-17,True,height_function,"{""curvature"": 0.02440194620794359, ""curvature_source"": ""cartesian-ghf"", ""ghf_diagnostic"": ""complete three-column height function"", ""ghf_direction"": ""y"", ""ghf_fit_points"": 0, ""ghf_height_points"": 3, ""ghf_independent_points"": 3, ""ghf_method"": ""height_function"", ""interval_count"": 1, ""objective"": 1.0497299199546507e-17, ""optimizer_message"": ""CONVERGENCE: NORM_OF_PROJECTED_GRADIENT_<=_PGTOL"", ""optimizer_success"": true}"
PLVIRA,PLVIRA,ellipses,2,128,53,86,reconstructed,0.2328240389486153,0.23282403894861625,9.43689570931383e-16,0.02116631993474539,0.0211592876151713,7.032319574089979e-06,1.3127671093810978e-10,True,height_function,"{""curvature"": 0.02116631993474539, ""curvature_source"": ""cartesian-ghf"", ""ghf_diagnostic"": ""complete three-column height function"", ""ghf_direction"": ""y"", ""ghf_fit_points"": 0, ""ghf_height_points"": 3, ""ghf_independent_points"": 3, ""ghf_method"": ""height_function"", ""interval_count"": 1, ""objective"": 1.3127671093810978e-10, ""optimizer_message"": ""CONVERGENCE: NORM_OF_PROJECTED_GRADIENT_<=_PGTOL"", ""optimizer_success"": true}"
PLVIRA,PLVIRA,ellipses,2,128,54,40,reconstructed,0.1823142948275905,0.1823142948276664,7.588374373312945e-14,0.023888311978308714,0.02387921508280257,9.096895506145036e-06,9.821687676768109e-19,True,height_function,"{""curvature"": 0.023888311978308714, ""curvature_source"": ""cartesian-ghf"", ""ghf_diagnostic"": ""complete three-column height function"", ""ghf_direction"": ""y"", ""ghf_fit_points"": 0, ""ghf_height_points"": 3, ""ghf_independent_points"": 3, ""ghf_method"": ""height_function"", ""interval_count"": 1, ""objective"": 9.821687676768109e-19, ""optimizer_message"": ""CONVERGENCE: NORM_OF_PROJECTED_GRADIENT_<=_PGTOL"", ""optimizer_success"": true}"
PLVIRA,PLVIRA,ellipses,2,128,54,86,reconstructed,0.4254579548109161,0.42545795481092885,1.27675647831893e-14,0.020983583492954955,0.020976946110236296,6.637382718659157e-06,5.875011762783935e-11,True,height_function,"{""curvature"": 0.020983583492954955, ""curvature_source"": ""cartesian-ghf"", ""ghf_diagnostic"": ""complete three-column height function"", ""ghf_direction"": ""y"", ""ghf_fit_points"": 0, ""ghf_height_points"": 3, ""ghf_independent_points"": 3, ""ghf_method"": ""height_function"", ""interval_count"": 1, ""objective"": 5.875011762783935e-11, ""optimizer_message"": ""CONVERGENCE: NORM_OF_PROJECTED_GRADIENT_<=_PGTOL"", ""optimizer_success"": true}"
PLVIRA,PLVIRA,ellipses,2,128,55,40,reconstructed,0.21118299660353754,0.2111829966034006,1.3694601008751306e-13,0.02342096690557659,0.023412532909360774,8.433996215816836e-06,6.39987890973817e-20,True,height_function,"{""curvature"": 0.02342096690557659, ""curvature_source"": ""cartesian-ghf"", ""ghf_diagnostic"": ""complete three-column height function"", ""ghf_direction"": ""y"", ""ghf_fit_points"": 0, ""ghf_height_points"": 3, ""ghf_independent_points"": 3, ""ghf_method"": ""height_function"", ""interval_count"": 1, ""objective"": 6.39987890973817e-20, ""optimizer_message"": ""CONVERGENCE: NORM_OF_PROJECTED_GRADIENT_<=_PGTOL"", ""optimizer_success"": true}"
PLVIRA,PLVIRA,ellipses,2,128,55,86,reconstructed,0.5865254745421916,0.5865254745421925,8.881784197001252e-16,0.02083289601097491,0.020859882845212445,2.6986834237536367e-05,7.802181375081174e-11,True,height_function,"{""curvature"": 0.02083289601097491, ""curvature_source"": ""cartesian-ghf"", ""ghf_diagnostic"": ""complete three-column height function"", ""ghf_direction"": ""y"", ""ghf_fit_points"": 0, ""ghf_height_points"": 3, ""ghf_independent_points"": 3, ""ghf_method"": ""height_function"", ""interval_count"": 1, ""objective"": 7.802181375081174e-11, ""optimizer_message"": ""CONVERGENCE: REL_REDUCTION_OF_F_<=_FACTR*EPSMCH"", ""optimizer_success"": true}"
PLVIRA,PLVIRA,ellipses,2,128,55,87,reconstructed,0.020120635587975163,0.020120635587973515,1.6479873021779667e-15,0.02083289601097491,0.020792591755489885,4.030425548502345e-05,9.208315097643822e-11,True,height_function,"{""curvature"": 0.02083289601097491, ""curvature_source"": ""cartesian-ghf"", ""ghf_diagnostic"": ""complete three-column height function"", ""ghf_direction"": ""y"", ""ghf_fit_points"": 0, ""ghf_height_points"": 3, ""ghf_independent_points"": 3, ""ghf_method"": ""height_function"", ""interval_count"": 1, ""objective"": 9.208315097643822e-11, ""optimizer_message"": ""CONVERGENCE: NORM_OF_PROJECTED_GRADIENT_<=_PGTOL"", ""optimizer_success"": true}"
PLVIRA,PLVIRA,ellipses,2,128,56,40,reconstructed,0.22885934694915086,0.2288593469491509,2.7755575615628914e-17,0.022996700682431002,0.02298883895896903,7.861723461972253e-06,1.1325135807940534e-18,True,height_function,"{""curvature"": 0.022996700682431002, ""curvature_source"": ""cartesian-ghf"", ""ghf_diagnostic"": ""complete three-column height function"", ""ghf_direction"": ""y"", ""ghf_fit_points"": 0, ""ghf_height_points"": 3, ""ghf_independent_points"": 3, ""ghf_method"": ""height_function"", ""interval_count"": 1, ""objective"": 1.1325135807940534e-18, ""optimizer_message"": ""CONVERGENCE: NORM_OF_PROJECTED_GRADIENT_<=_PGTOL"", ""optimizer_success"": true}"
PLVIRA,PLVIRA,ellipses,2,128,56,87,reconstructed,0.16629035151903346,0.16629035151902372,9.742207041085749e-15,0.02822606924206558,0.020706812564617885,0.007519256677447694,1.6411017898542677e-05,True,mixed_height_parabola,"{""curvature"": 0.02822606924206558, ""curvature_source"": ""cartesian-ghf"", ""ghf_diagnostic"": ""parabola fit to consistent heights from both directions"", ""ghf_direction"": null, ""ghf_fit_points"": 4, ""ghf_height_points"": 4, ""ghf_independent_points"": 3, ""ghf_method"": ""mixed_height_parabola"", ""interval_count"": 1, ""objective"": 1.6411017898542677e-05, ""optimizer_message"": ""CONVERGENCE: NORM_OF_PROJECTED_GRADIENT_<=_PGTOL"", ""optimizer_success"": true}"
PLVIRA,PLVIRA,ellipses,2,128,57,40,reconstructed,0.23556345393040698,0.23556345393040698,0.0,0.3827356811930593,0.02260405052320563,0.36013163066985365,0.03957831898620697,True,plic_centroid_parabola,"{""curvature"": 0.3827356811930593, ""curvature_source"": ""cartesian-ghf"", ""ghf_diagnostic"": ""parabola fit to 3x3 MYC PLIC fragment centroids"", ""ghf_direction"": null, ""ghf_fit_points"": 4, ""ghf_height_points"": 2, ""ghf_independent_points"": 3, ""ghf_method"": ""plic_centroid_parabola"", ""interval_count"": 1, ""objective"": 0.03957831898620697, ""optimizer_message"": ""CONVERGENCE: REL_REDUCTION_OF_F_<=_FACTR*EPSMCH"", ""optimizer_success"": true}"
PLVIRA,PLVIRA,ellipses,2,128,57,87,reconstructed,0.3253139120435621,0.3253139120435622,1.1102230246251565e-16,0.0,0.02061640741647557,0.02061640741647557,0.00015604900875686563,True,degenerate_zero,"{""curvature"": 0.0, ""curvature_source"": ""cartesian-ghf"", ""ghf_diagnostic"": ""fewer than three independent 3x3 PLIC fragment centroids"", ""ghf_direction"": null, ""ghf_fit_points"": 4, ""ghf_height_points"": 3, ""ghf_independent_points"": 2, ""ghf_method"": ""degenerate_zero"", ""interval_count"": 1, ""objective"": 0.00015604900875686563, ""optimizer_message"": ""CONVERGENCE: NORM_OF_PROJECTED_GRADIENT_<=_PGTOL"", ""optimizer_success"": true}"
PLVIRA,PLVIRA,ellipses,2,128,58,40,reconstructed,0.23148490949000505,0.2314849094900051,5.551115123125783e-17,0.05316708467623456,0.02225946660719234,0.030907618069042218,0.00029160228267925757,True,plic_centroid_parabola,"{""curvature"": 0.05316708467623456, ""curvature_source"": ""cartesian-ghf"", ""ghf_diagnostic"": ""parabola fit to 3x3 MYC PLIC fragment centroids"", ""ghf_direction"": null, ""ghf_fit_points"": 5, ""ghf_height_points"": 2, ""ghf_independent_points"": 3, ""ghf_method"": ""plic_centroid_parabola"", ""interval_count"": 1, ""objective"": 0.00029160228267925757, ""optimizer_message"": ""CONVERGENCE: NORM_OF_PROJECTED_GRADIENT_<=_PGTOL"", ""optimizer_success"": true}"
PLVIRA,PLVIRA,ellipses,2,128,58,87,reconstructed,0.4735548211464172,0.4735548211464239,6.661338147750939e-15,0.03170783987303381,0.02055456066899211,0.011153279204041702,3.303919140393808e-05,True,mixed_height_parabola,"{""curvature"": 0.03170783987303381, ""curvature_source"": ""cartesian-ghf"", ""ghf_diagnostic"": ""parabola fit to consistent heights from both directions"", ""ghf_direction"": null, ""ghf_fit_points"": 3, ""ghf_height_points"": 3, ""ghf_independent_points"": 3, ""ghf_method"": ""mixed_height_parabola"", ""interval_count"": 1, ""objective"": 3.303919140393808e-05, ""optimizer_message"": ""CONVERGENCE: NORM_OF_PROJECTED_GRADIENT_<=_PGTOL"", ""optimizer_success"": true}"
PLVIRA,PLVIRA,ellipses,2,128,59,40,reconstructed,0.21678509453712053,0.21678509453710315,1.73749903353837e-14,-0.49477381560582007,0.02195095588382577,0.5167247714896458,0.08171969553810485,True,plic_centroid_parabola,"{""curvature"": -0.49477381560582007, ""curvature_source"": ""cartesian-ghf"", ""ghf_diagnostic"": ""parabola fit to 3x3 MYC PLIC fragment centroids"", ""ghf_direction"": null, ""ghf_fit_points"": 5, ""ghf_height_points"": 2, ""ghf_independent_points"": 3, ""ghf_method"": ""plic_centroid_parabola"", ""interval_count"": 1, ""objective"": 0.08171969553810485, ""optimizer_message"": ""CONVERGENCE: REL_REDUCTION_OF_F_<=_FACTR*EPSMCH"", ""optimizer_success"": true}"
PLVIRA,PLVIRA,ellipses,2,128,59,87,reconstructed,0.5942128192870295,0.5942128192870125,1.6986412276764895e-14,0.020525973118655585,0.020526532434263244,5.593156076587336e-07,1.652505940223731e-12,True,height_function,"{""curvature"": 0.020525973118655585, ""curvature_source"": ""cartesian-ghf"", ""ghf_diagnostic"": ""complete three-column height function"", ""ghf_direction"": ""y"", ""ghf_fit_points"": 0, ""ghf_height_points"": 3, ""ghf_independent_points"": 3, ""ghf_method"": ""height_function"", ""interval_count"": 1, ""objective"": 1.652505940223731e-12, ""optimizer_message"": ""CONVERGENCE: REL_REDUCTION_OF_F_<=_FACTR*EPSMCH"", ""optimizer_success"": true}"
PLVIRA,PLVIRA,ellipses,2,128,59,88,reconstructed,0.016961640449761766,0.01696164044974885,1.2916751002123306e-14,0.020525973118655585,0.02051628020652127,9.69291213431464e-06,1.8955846781423874e-12,True,height_function,"{""curvature"": 0.020525973118655585, ""curvature_source"": ""cartesian-ghf"", ""ghf_diagnostic"": ""complete three-column height function"", ""ghf_direction"": ""y"", ""ghf_fit_points"": 0, ""ghf_height_points"": 3, ""ghf_independent_points"": 3, ""ghf_method"": ""height_function"", ""interval_count"": 1, ""objective"": 1.8955846781423874e-12, ""optimizer_message"": ""CONVERGENCE: NORM_OF_PROJECTED_GRADIENT_<=_PGTOL"", ""optimizer_success"": true}"
PLVIRA,PLVIRA,ellipses,2,128,60,40,reconstructed,0.1915990734164071,0.19159907341654187,1.3475331961387838e-13,0.02167929790304759,0.0216730217972684,6.276105779190466e-06,2.341364836112784e-19,True,height_function,"{""curvature"": 0.02167929790304759, ""curvature_source"": ""cartesian-ghf"", ""ghf_diagnostic"": ""complete three-column height function"", ""ghf_direction"": ""y"", ""ghf_fit_points"": 0, ""ghf_height_points"": 3, ""ghf_independent_points"": 3, ""ghf_method"": ""height_function"", ""interval_count"": 1, ""objective"": 2.341364836112784e-19, ""optimizer_message"": ""CONVERGENCE: NORM_OF_PROJECTED_GRADIENT_<=_PGTOL"", ""optimizer_success"": true}"
PLVIRA,PLVIRA,ellipses,2,128,60,88,reconstructed,0.12795632965934747,0.12795632965934328,4.191091917959966e-15,0.024512788658115313,0.020513655192523128,0.003999133465592185,4.105698061741043e-06,True,mixed_height_parabola,"{""curvature"": 0.024512788658115313, ""curvature_source"": ""cartesian-ghf"", ""ghf_diagnostic"": ""parabola fit to consistent heights from both directions"", ""ghf_direction"": null, ""ghf_fit_points"": 3, ""ghf_height_points"": 3, ""ghf_independent_points"": 3, ""ghf_method"": ""mixed_height_parabola"", ""interval_count"": 1, ""objective"": 4.105698061741043e-06, ""optimizer_message"": ""CONVERGENCE: REL_REDUCTION_OF_F_<=_FACTR*EPSMCH"", ""optimizer_success"": true}"
PLVIRA,PLVIRA,ellipses,2,128,61,40,reconstructed,0.1560371320761117,0.15603713207611172,2.7755575615628914e-17,0.021434818988924405,0.021428799643026845,6.019345897560063e-06,2.0250616810647357e-18,True,height_function,"{""curvature"": 0.021434818988924405, ""curvature_source"": ""cartesian-ghf"", ""ghf_diagnostic"": ""complete three-column height function"", ""ghf_direction"": ""y"", ""ghf_fit_points"": 0, ""ghf_height_points"": 3, ""ghf_independent_points"": 3, ""ghf_method"": ""height_function"", ""interval_count"": 1, ""objective"": 2.0250616810647357e-18, ""optimizer_message"": ""CONVERGENCE: NORM_OF_PROJECTED_GRADIENT_<=_PGTOL"", ""optimizer_success"": true}"
PLVIRA,PLVIRA,ellipses,2,128,61,88,reconstructed,0.24471384186232065,0.24471384186232056,8.326672684688674e-17,0.0,0.02053381986249861,0.02053381986249861,0.0001420928175076942,True,degenerate_zero,"{""curvature"": 0.0, ""curvature_source"": ""cartesian-ghf"", ""ghf_diagnostic"": ""fewer than three independent 3x3 PLIC fragment centroids"", ""ghf_direction"": null, ""ghf_fit_points"": 5, ""ghf_height_points"": 1, ""ghf_independent_points"": 1, ""ghf_method"": ""degenerate_zero"", ""interval_count"": 1, ""objective"": 0.0001420928175076942, ""optimizer_message"": ""CONVERGENCE: NORM_OF_PROJECTED_GRADIENT_<=_PGTOL"", ""optimizer_success"": true}"
PLVIRA,PLVIRA,ellipses,2,128,62,40,reconstructed,0.11018600228831199,0.11018600228823512,7.686906666748428e-14,0.021221202197130206,0.021215393865997207,5.808331132999001e-06,1.3153589120038811e-17,True,height_function,"{""curvature"": 0.021221202197130206, ""curvature_source"": ""cartesian-ghf"", ""ghf_diagnostic"": ""complete three-column height function"", ""ghf_direction"": ""y"", ""ghf_fit_points"": 0, ""ghf_height_points"": 3, ""ghf_independent_points"": 3, ""ghf_method"": ""height_function"", ""interval_count"": 1, ""objective"": 1.3153589120038811e-17, ""optimizer_message"": ""CONVERGENCE: NORM_OF_PROJECTED_GRADIENT_<=_PGTOL"", ""optimizer_success"": true}"
PLVIRA,PLVIRA,ellipses,2,128,62,88,reconstructed,0.3511821656177772,0.35118216561777715,5.551115123125783e-17,0.0,0.020580809275755757,0.020580809275755757,0.0001403273404711342,True,degenerate_zero,"{""curvature"": 0.0, ""curvature_source"": ""cartesian-ghf"", ""ghf_diagnostic"": ""fewer than three independent 3x3 PLIC fragment centroids"", ""ghf_direction"": null, ""ghf_fit_points"": 6, ""ghf_height_points"": 1, ""ghf_independent_points"": 1, ""ghf_method"": ""degenerate_zero"", ""interval_count"": 1, ""objective"": 0.0001403273404711342, ""optimizer_message"": ""CONVERGENCE: NORM_OF_PROJECTED_GRADIENT_<=_PGTOL"", ""optimizer_success"": true}"
PLVIRA,PLVIRA,ellipses,2,128,63,40,reconstructed,0.05410980448052562,0.054109804480525575,4.163336342344337e-17,0.021037307347039323,0.021031667641773517,5.639705265805817e-06,2.4644349393723756e-11,True,height_function,"{""curvature"": 0.021037307347039323, ""curvature_source"": ""cartesian-ghf"", ""ghf_diagnostic"": ""complete three-column height function"", ""ghf_direction"": ""y"", ""ghf_fit_points"": 0, ""ghf_height_points"": 3, ""ghf_independent_points"": 3, ""ghf_method"": ""height_function"", ""interval_count"": 1, ""objective"": 2.4644349393723756e-11, ""optimizer_message"": ""CONVERGENCE: NORM_OF_PROJECTED_GRADIENT_<=_PGTOL"", ""optimizer_success"": true}"
PLVIRA,PLVIRA,ellipses,2,128,63,88,reconstructed,0.4474254213532536,0.4474254213532537,1.1102230246251565e-16,0.0,0.02065466579418353,0.02065466579418353,0.00013917157701298394,True,degenerate_zero,"{""curvature"": 0.0, ""curvature_source"": ""cartesian-ghf"", ""ghf_diagnostic"": ""fewer than three independent 3x3 PLIC fragment centroids"", ""ghf_direction"": null, ""ghf_fit_points"": 6, ""ghf_height_points"": 1, ""ghf_independent_points"": 2, ""ghf_method"": ""degenerate_zero"", ""interval_count"": 1, ""objective"": 0.00013917157701298394, ""optimizer_message"": ""CONVERGENCE: REL_REDUCTION_OF_F_<=_FACTR*EPSMCH"", ""optimizer_success"": true}"
PLVIRA,PLVIRA,ellipses,2,128,64,40,reconstructed,0.003814423968616151,0.00381442396861615,1.3010426069826053e-18,0.020882198359983263,0.020925206312724664,4.300795274140082e-05,1.2442322374535508e-10,True,height_function,"{""curvature"": 0.020882198359983263, ""curvature_source"": ""cartesian-ghf"", ""ghf_diagnostic"": ""complete three-column height function"", ""ghf_direction"": ""y"", ""ghf_fit_points"": 0, ""ghf_height_points"": 3, ""ghf_independent_points"": 3, ""ghf_method"": ""height_function"", ""interval_count"": 1, ""objective"": 1.2442322374535508e-10, ""optimizer_message"": ""CONVERGENCE: NORM_OF_PROJECTED_GRADIENT_<=_PGTOL"", ""optimizer_success"": true}"
PLVIRA,PLVIRA,ellipses,2,128,64,41,reconstructed,0.5943878720764939,0.5943878720764878,6.106226635438361e-15,0.020882198359983263,0.02085359726850867,2.8601091474591417e-05,3.57670755343067e-11,True,height_function,"{""curvature"": 0.020882198359983263, ""curvature_source"": ""cartesian-ghf"", ""ghf_diagnostic"": ""complete three-column height function"", ""ghf_direction"": ""y"", ""ghf_fit_points"": 0, ""ghf_height_points"": 3, ""ghf_independent_points"": 3, ""ghf_method"": ""height_function"", ""interval_count"": 1, ""objective"": 3.57670755343067e-11, ""optimizer_message"": ""CONVERGENCE: NORM_OF_PROJECTED_GRADIENT_<=_PGTOL"", ""optimizer_success"": true}"
PLVIRA,PLVIRA,ellipses,2,128,64,88,reconstructed,0.5334858039610919,0.5334858039610919,0.0,0.0,0.02075560383780037,0.02075560383780037,0.00010691862360148608,True,degenerate_zero,"{""curvature"": 0.0, ""curvature_source"": ""cartesian-ghf"", ""ghf_diagnostic"": ""fewer than three independent 3x3 PLIC fragment centroids"", ""ghf_direction"": null, ""ghf_fit_points"": 6, ""ghf_height_points"": 2, ""ghf_independent_points"": 2, ""ghf_method"": ""degenerate_zero"", ""interval_count"": 1, ""objective"": 0.00010691862360148608, ""optimizer_message"": ""CONVERGENCE: REL_REDUCTION_OF_F_<=_FACTR*EPSMCH"", ""optimizer_success"": true}"
PLVIRA,PLVIRA,ellipses,2,128,65,41,reconstructed,0.5217810674565551,0.5217810674565467,8.326672684688674e-15,0.029341137274300478,0.020749699449613794,0.008591437824686684,1.5766042126059756e-05,True,mixed_height_parabola,"{""curvature"": 0.029341137274300478, ""curvature_source"": ""cartesian-ghf"", ""ghf_diagnostic"": ""parabola fit to consistent heights from both directions"", ""ghf_direction"": null, ""ghf_fit_points"": 3, ""ghf_height_points"": 3, ""ghf_independent_points"": 3, ""ghf_method"": ""mixed_height_parabola"", ""interval_count"": 1, ""objective"": 1.5766042126059756e-05, ""optimizer_message"": ""CONVERGENCE: NORM_OF_PROJECTED_GRADIENT_<=_PGTOL"", ""optimizer_success"": true}"
PLVIRA,PLVIRA,ellipses,2,128,65,88,reconstructed,0.6010133335433848,0.6010133335433847,1.1102230246251565e-16,0.0,0.020850504468832926,0.020850504468832926,0.000131563334069868,True,degenerate_zero,"{""curvature"": 0.0, ""curvature_source"": ""cartesian-ghf"", ""ghf_diagnostic"": ""fewer than three independent 3x3 PLIC fragment centroids"", ""ghf_direction"": null, ""ghf_fit_points"": 6, ""ghf_height_points"": 2, ""ghf_independent_points"": 2, ""ghf_method"": ""degenerate_zero"", ""interval_count"": 1, ""objective"": 0.000131563334069868, ""optimizer_message"": ""CONVERGENCE: NORM_OF_PROJECTED_GRADIENT_<=_PGTOL"", ""optimizer_success"": true}"
PLVIRA,PLVIRA,ellipses,2,128,65,89,reconstructed,0.00837069537241687,0.008370695372412446,4.425279587216835e-15,0.0,0.02092179952625331,0.02092179952625331,0.00012980316552872804,True,degenerate_zero,"{""curvature"": 0.0, ""curvature_source"": ""cartesian-ghf"", ""ghf_diagnostic"": ""fewer than three independent 3x3 PLIC fragment centroids"", ""ghf_direction"": null, ""ghf_fit_points"": 5, ""ghf_height_points"": 2, ""ghf_independent_points"": 1, ""ghf_method"": ""degenerate_zero"", ""interval_count"": 1, ""objective"": 0.00012980316552872804, ""optimizer_message"": ""CONVERGENCE: REL_REDUCTION_OF_F_<=_FACTR*EPSMCH"", ""optimizer_success"": true}"
PLVIRA,PLVIRA,ellipses,2,128,66,41,reconstructed,0.43519713478939365,0.43519713478939537,1.7208456881689926e-15,-0.17648313306861915,0.02065042297786923,0.19713355604648838,0.01031745208180405,True,plic_centroid_parabola,"{""curvature"": -0.17648313306861915, ""curvature_source"": ""cartesian-ghf"", ""ghf_diagnostic"": ""parabola fit to 3x3 MYC PLIC fragment centroids"", ""ghf_direction"": null, ""ghf_fit_points"": 6, ""ghf_height_points"": 3, ""ghf_independent_points"": 3, ""ghf_method"": ""plic_centroid_parabola"", ""interval_count"": 1, ""objective"": 0.01031745208180405, ""optimizer_message"": ""CONVERGENCE: REL_REDUCTION_OF_F_<=_FACTR*EPSMCH"", ""optimizer_success"": true}"
PLVIRA,PLVIRA,ellipses,2,128,66,89,reconstructed,0.06476798729191027,0.06476798729191029,1.3877787807814457e-17,0.021046064663428926,0.021040417260957366,5.6474024715605364e-06,4.802887472095447e-11,True,height_function,"{""curvature"": 0.021046064663428926, ""curvature_source"": ""cartesian-ghf"", ""ghf_diagnostic"": ""complete three-column height function"", ""ghf_direction"": ""y"", ""ghf_fit_points"": 0, ""ghf_height_points"": 3, ""ghf_independent_points"": 3, ""ghf_method"": ""height_function"", ""interval_count"": 1, ""objective"": 4.802887472095447e-11, ""optimizer_message"": ""CONVERGENCE: REL_REDUCTION_OF_F_<=_FACTR*EPSMCH"", ""optimizer_success"": true}"
PLVIRA,PLVIRA,ellipses,2,128,67,41,reconstructed,0.33842868399329906,0.3384286839932984,6.661338147750939e-16,-0.7866484251180234,0.020578382654478023,0.8072268077725013,0.15783907448523143,True,plic_centroid_parabola,"{""curvature"": -0.7866484251180234, ""curvature_source"": ""cartesian-ghf"", ""ghf_diagnostic"": ""parabola fit to 3x3 MYC PLIC fragment centroids"", ""ghf_direction"": null, ""ghf_fit_points"": 5, ""ghf_height_points"": 3, ""ghf_independent_points"": 3, ""ghf_method"": ""plic_centroid_parabola"", ""interval_count"": 1, ""objective"": 0.15783907448523143, ""optimizer_message"": ""CONVERGENCE: NORM_OF_PROJECTED_GRADIENT_<=_PGTOL"", ""optimizer_success"": true}"
PLVIRA,PLVIRA,ellipses,2,128,67,89,reconstructed,0.12031899003907381,0.12031899003907,3.816391647148976e-15,0.02123146512022314,0.021225646978878125,5.818141345013267e-06,1.0290336698741715e-17,True,height_function,"{""curvature"": 0.02123146512022314, ""curvature_source"": ""cartesian-ghf"", ""ghf_diagnostic"": ""complete three-column height function"", ""ghf_direction"": ""y"", ""ghf_fit_points"": 0, ""ghf_height_points"": 3, ""ghf_independent_points"": 3, ""ghf_method"": ""height_function"", ""interval_count"": 1, ""objective"": 1.0290336698741715e-17, ""optimizer_message"": ""CONVERGENCE: NORM_OF_PROJECTED_GRADIENT_<=_PGTOL"", ""optimizer_success"": true}"
PLVIRA,PLVIRA,ellipses,2,128,68,41,reconstructed,0.23143240428472725,0.2314324042847291,1.8596235662471372e-15,0.02053748429152542,0.020532117701206432,5.3665903189878406e-06,6.536149296045658e-18,True,height_function,"{""curvature"": 0.02053748429152542, ""curvature_source"": ""cartesian-ghf"", ""ghf_diagnostic"": ""complete three-column height function"", ""ghf_direction"": ""y"", ""ghf_fit_points"": 0, ""ghf_height_points"": 3, ""ghf_independent_points"": 3, ""ghf_method"": ""height_function"", ""interval_count"": 1, ""objective"": 6.536149296045658e-18, ""optimizer_message"": ""CONVERGENCE: NORM_OF_PROJECTED_GRADIENT_<=_PGTOL"", ""optimizer_success"": true}"
PLVIRA,PLVIRA,ellipses,2,128,68,89,reconstructed,0.16564216387376826,0.16564216387376823,2.7755575615628914e-17,0.021446641123358288,0.021440609701689015,6.0314216692725076e-06,1.4935052027920273e-18,True,height_function,"{""curvature"": 0.021446641123358288, ""curvature_source"": ""cartesian-ghf"", ""ghf_diagnostic"": ""complete three-column height function"", ""ghf_direction"": ""y"", ""ghf_fit_points"": 0, ""ghf_height_points"": 3, ""ghf_independent_points"": 3, ""ghf_method"": ""height_function"", ""interval_count"": 1, ""objective"": 1.4935052027920273e-18, ""optimizer_message"": ""CONVERGENCE: NORM_OF_PROJECTED_GRADIENT_<=_PGTOL"", ""optimizer_success"": true}"
PLVIRA,PLVIRA,ellipses,2,128,69,41,reconstructed,0.11414303001146091,0.11414303001145513,5.773159728050814e-15,0.020518767492450865,0.02051334577089293,5.42172155793344e-06,3.119760893746757e-14,True,height_function,"{""curvature"": 0.020518767492450865, ""curvature_source"": ""cartesian-ghf"", ""ghf_diagnostic"": ""complete three-column height function"", ""ghf_direction"": ""y"", ""ghf_fit_points"": 0, ""ghf_height_points"": 3, ""ghf_independent_points"": 3, ""ghf_method"": ""height_function"", ""interval_count"": 1, ""objective"": 3.119760893746757e-14, ""optimizer_message"": ""CONVERGENCE: REL_REDUCTION_OF_F_<=_FACTR*EPSMCH"", ""optimizer_success"": true}"
PLVIRA,PLVIRA,ellipses,2,128,69,89,reconstructed,0.20067224314376048,0.20067224314376045,2.7755575615628914e-17,0.021692743727732687,0.021686453085262115,6.290642470572344e-06,1.6240072196365619e-19,True,height_function,"{""curvature"": 0.021692743727732687, ""curvature_source"": ""cartesian-ghf"", ""ghf_diagnostic"": ""complete three-column height function"", ""ghf_direction"": ""y"", ""ghf_fit_points"": 0, ""ghf_height_points"": 3, ""ghf_independent_points"": 3, ""ghf_method"": ""height_function"", ""interval_count"": 1, ""objective"": 1.6240072196365619e-19, ""optimizer_message"": ""CONVERGENCE: NORM_OF_PROJECTED_GRADIENT_<=_PGTOL"", ""optimizer_success"": true}"
PLVIRA,PLVIRA,ellipses,2,128,70,41,reconstructed,0.010494408055898572,0.010494408055901044,2.47198095326695e-15,0.020527064259501213,0.0205162424747476,1.0821784753613922e-05,2.8476356211576407e-12,True,height_function,"{""curvature"": 0.020527064259501213, ""curvature_source"": ""cartesian-ghf"", ""ghf_diagnostic"": ""complete three-column height function"", ""ghf_direction"": ""y"", ""ghf_fit_points"": 0, ""ghf_height_points"": 3, ""ghf_independent_points"": 3, ""ghf_method"": ""height_function"", ""interval_count"": 1, ""objective"": 2.8476356211576407e-12, ""optimizer_message"": ""CONVERGENCE: NORM_OF_PROJECTED_GRADIENT_<=_PGTOL"", ""optimizer_success"": true}"
PLVIRA,PLVIRA,ellipses,2,128,70,42,reconstructed,0.586329796534568,0.5863297965345842,1.6209256159527285e-14,0.020527064259501213,0.020526459681806355,6.045776948584991e-07,1.1211650797973137e-12,True,height_function,"{""curvature"": 0.020527064259501213, ""curvature_source"": ""cartesian-ghf"", ""ghf_diagnostic"": ""complete three-column height function"", ""ghf_direction"": ""y"", ""ghf_fit_points"": 0, ""ghf_height_points"": 3, ""ghf_independent_points"": 3, ""ghf_method"": ""height_function"", ""interval_count"": 1, ""objective"": 1.1211650797973137e-12, ""optimizer_message"": ""CONVERGENCE: NORM_OF_PROJECTED_GRADIENT_<=_PGTOL"", ""optimizer_success"": true}"
PLVIRA,PLVIRA,ellipses,2,128,70,89,reconstructed,0.22532130876601308,0.22532130876580117,2.1191381982532675e-13,0.021971143523814202,0.021964543430881483,6.600092932719515e-06,5.126215991757182e-16,True,height_function,"{""curvature"": 0.021971143523814202, ""curvature_source"": ""cartesian-ghf"", ""ghf_diagnostic"": ""complete three-column height function"", ""ghf_direction"": ""y"", ""ghf_fit_points"": 0, ""ghf_height_points"": 3, ""ghf_independent_points"": 3, ""ghf_method"": ""height_function"", ""interval_count"": 1, ""objective"": 5.126215991757182e-16, ""optimizer_message"": ""CONVERGENCE: REL_REDUCTION_OF_F_<=_FACTR*EPSMCH"", ""optimizer_success"": true}"
PLVIRA,PLVIRA,ellipses,2,128,71,42,reconstructed,0.45866127384929184,0.45866127384928757,4.274358644806853e-15,0.020562703648779313,0.020557055161433115,5.648487346198577e-06,3.6547271787427016e-12,True,height_function,"{""curvature"": 0.020562703648779313, ""curvature_source"": ""cartesian-ghf"", ""ghf_diagnostic"": ""complete three-column height function"", ""ghf_direction"": ""y"", ""ghf_fit_points"": 0, ""ghf_height_points"": 3, ""ghf_independent_points"": 3, ""ghf_method"": ""height_function"", ""interval_count"": 1, ""objective"": 3.6547271787427016e-12, ""optimizer_message"": ""CONVERGENCE: REL_REDUCTION_OF_F_<=_FACTR*EPSMCH"", ""optimizer_success"": true}"
PLVIRA,PLVIRA,ellipses,2,128,71,89,reconstructed,0.23947783156810604,0.2394778315664376,1.6684431614066852e-12,0.022283448923409475,0.0222764838367905,6.965086618973548e-06,3.6999927924768784e-20,True,height_function,"{""curvature"": 0.022283448923409475, ""curvature_source"": ""cartesian-ghf"", ""ghf_diagnostic"": ""complete three-column height function"", ""ghf_direction"": ""y"", ""ghf_fit_points"": 0, ""ghf_height_points"": 3, ""ghf_independent_points"": 3, ""ghf_method"": ""height_function"", ""interval_count"": 1, ""objective"": 3.6999927924768784e-20, ""optimizer_message"": ""CONVERGENCE: NORM_OF_PROJECTED_GRADIENT_<=_PGTOL"", ""optimizer_success"": true}"
PLVIRA,PLVIRA,ellipses,2,128,72,42,reconstructed,0.30986942151438224,0.30986942151436275,1.9484414082171497e-14,0.020626205036785514,0.020620379845838414,5.825190947099379e-06,4.047335971855439e-21,True,height_function,"{""curvature"": 0.020626205036785514, ""curvature_source"": ""cartesian-ghf"", ""ghf_diagnostic"": ""complete three-column height function"", ""ghf_direction"": ""y"", ""ghf_fit_points"": 0, ""ghf_height_points"": 3, ""ghf_independent_points"": 3, ""ghf_method"": ""height_function"", ""interval_count"": 1, ""objective"": 4.047335971855439e-21, ""optimizer_message"": ""CONVERGENCE: NORM_OF_PROJECTED_GRADIENT_<=_PGTOL"", ""optimizer_success"": true}"
PLVIRA,PLVIRA,ellipses,2,128,72,89,reconstructed,0.24300543277648057,0.2430054327764806,2.7755575615628914e-17,0.022631528399897047,0.02262413626621716,7.392133679888502e-06,1.463127488193434e-19,True,height_function,"{""curvature"": 0.022631528399897047, ""curvature_source"": ""cartesian-ghf"", ""ghf_diagnostic"": ""complete three-column height function"", ""ghf_direction"": ""y"", ""ghf_fit_points"": 0, ""ghf_height_points"": 3, ""ghf_independent_points"": 3, ""ghf_method"": ""height_function"", ""interval_count"": 1, ""objective"": 1.463127488193434e-19, ""optimizer_message"": ""CONVERGENCE: NORM_OF_PROJECTED_GRADIENT_<=_PGTOL"", ""optimizer_success"": true}"
PLVIRA,PLVIRA,ellipses,2,128,73,42,reconstructed,0.15028586382600462,0.15028586382601622,1.1601830607332886e-14,0.020718289497312234,0.020712240633053706,6.048864258527409e-06,2.0680004205344668e-11,True,height_function,"{""curvature"": 0.020718289497312234, ""curvature_source"": ""cartesian-ghf"", ""ghf_diagnostic"": ""complete three-column height function"", ""ghf_direction"": ""y"", ""ghf_fit_points"": 0, ""ghf_height_points"": 3, ""ghf_independent_points"": 3, ""ghf_method"": ""height_function"", ""interval_count"": 1, ""objective"": 2.0680004205344668e-11, ""optimizer_message"": ""CONVERGENCE: REL_REDUCTION_OF_F_<=_FACTR*EPSMCH"", ""optimizer_success"": true}"
PLVIRA,PLVIRA,ellipses,2,128,73,89,reconstructed,0.2357413286313562,0.23574132863213926,7.830680548437385e-13,0.02301753722766381,0.023009648066637536,7.889161026272684e-06,2.990960031518657e-18,True,height_function,"{""curvature"": 0.02301753722766381, ""curvature_source"": ""cartesian-ghf"", ""ghf_diagnostic"": ""complete three-column height function"", ""ghf_direction"": ""y"", ""ghf_fit_points"": 0, ""ghf_height_points"": 3, ""ghf_independent_points"": 3, ""ghf_method"": ""height_function"", ""interval_count"": 1, ""objective"": 2.990960031518657e-18, ""optimizer_message"": ""CONVERGENCE: NORM_OF_PROJECTED_GRADIENT_<=_PGTOL"", ""optimizer_success"": true}"
PLVIRA,PLVIRA,ellipses,2,128,74,42,reconstructed,0.012992475102271651,0.012992475102276926,5.27529409044547e-15,0.02083989490569144,0.020793127003185433,4.676790250600707e-05,1.243420942141989e-10,True,height_function,"{""curvature"": 0.02083989490569144, ""curvature_source"": ""cartesian-ghf"", ""ghf_diagnostic"": ""complete three-column height function"", ""ghf_direction"": ""y"", ""ghf_fit_points"": 0, ""ghf_height_points"": 3, ""ghf_independent_points"": 3, ""ghf_method"": ""height_function"", ""interval_count"": 1, ""objective"": 1.243420942141989e-10, ""optimizer_message"": ""CONVERGENCE: NORM_OF_PROJECTED_GRADIENT_<=_PGTOL"", ""optimizer_success"": true}"
PLVIRA,PLVIRA,ellipses,2,128,74,43,reconstructed,0.5770785852672593,0.5770785852672655,6.217248937900877e-15,0.02083989490569144,0.020860498902315183,2.060399662374285e-05,5.20055438569768e-11,True,height_function,"{""curvature"": 0.02083989490569144, ""curvature_source"": ""cartesian-ghf"", ""ghf_diagnostic"": ""complete three-column height function"", ""ghf_direction"": ""y"", ""ghf_fit_points"": 0, ""ghf_height_points"": 3, ""ghf_independent_points"": 3, ""ghf_method"": ""height_function"", ""interval_count"": 1, ""objective"": 5.20055438569768e-11, ""optimizer_message"": ""CONVERGENCE: NORM_OF_PROJECTED_GRADIENT_<=_PGTOL"", ""optimizer_success"": true}"
PLVIRA,PLVIRA,ellipses,2,128,74,89,reconstructed,0.2174944162181516,0.21749441621847845,3.268496584496461e-13,0.023443949396285885,0.023435483603171544,8.46579311434073e-06,5.480660071351874e-20,True,height_function,"{""curvature"": 0.023443949396285885, ""curvature_source"": ""cartesian-ghf"", ""ghf_diagnostic"": ""complete three-column height function"", ""ghf_direction"": ""y"", ""ghf_fit_points"": 0, ""ghf_height_points"": 3, ""ghf_independent_points"": 3, ""ghf_method"": ""height_function"", ""interval_count"": 1, ""objective"": 5.480660071351874e-20, ""optimizer_message"": ""CONVERGENCE: NORM_OF_PROJECTED_GRADIENT_<=_PGTOL"", ""optimizer_success"": true}"
PLVIRA,PLVIRA,ellipses,2,128,75,43,reconstructed,0.40830013611549826,0.40830013611550325,4.9960036108132044e-15,0.02099219532219916,0.020985539246117135,6.656076082026813e-06,6.610635698241563e-11,True,height_function,"{""curvature"": 0.02099219532219916, ""curvature_source"": ""cartesian-ghf"", ""ghf_diagnostic"": ""complete three-column height function"", ""ghf_direction"": ""y"", ""ghf_fit_points"": 0, ""ghf_height_points"": 3, ""ghf_independent_points"": 3, ""ghf_method"": ""height_function"", ""interval_count"": 1, ""objective"": 6.610635698241563e-11, ""optimizer_message"": ""CONVERGENCE: NORM_OF_PROJECTED_GRADIENT_<=_PGTOL"", ""optimizer_success"": true}"
PLVIRA,PLVIRA,ellipses,2,128,75,89,reconstructed,0.18804294550736075,0.1880429455075165,1.5573653477929383e-13,0.0239135955299821,0.023904461821388112,9.133708593987017e-06,8.826391606578994e-19,True,height_function,"{""curvature"": 0.0239135955299821, ""curvature_source"": ""cartesian-ghf"", ""ghf_diagnostic"": ""complete three-column height function"", ""ghf_direction"": ""y"", ""ghf_fit_points"": 0, ""ghf_height_points"": 3, ""ghf_independent_points"": 3, ""ghf_method"": ""height_function"", ""interval_count"": 1, ""objective"": 8.826391606578994e-19, ""optimizer_message"": ""CONVERGENCE: NORM_OF_PROJECTED_GRADIENT_<=_PGTOL"", ""optimizer_success"": true}"
PLVIRA,PLVIRA,ellipses,2,128,76,43,reconstructed,0.21506944459153587,0.21506944459153937,3.497202527569243e-15,0.021176625370857228,0.02116957076625678,7.0546046004489604e-06,1.2645738799076847e-10,True,height_function,"{""curvature"": 0.021176625370857228, ""curvature_source"": ""cartesian-ghf"", ""ghf_diagnostic"": ""complete three-column height function"", ""ghf_direction"": ""y"", ""ghf_fit_points"": 0, ""ghf_height_points"": 3, ""ghf_independent_points"": 3, ""ghf_method"": ""height_function"", ""interval_count"": 1, ""objective"": 1.2645738799076847e-10, ""optimizer_message"": ""CONVERGENCE: NORM_OF_PROJECTED_GRADIENT_<=_PGTOL"", ""optimizer_success"": true}"
PLVIRA,PLVIRA,ellipses,2,128,76,89,reconstructed,0.14713170752668234,0.14713170752678012,9.778289289386066e-14,0.02442970783313914,0.024419800737132277,9.907096006862154e-06,2.5029872900077182e-17,True,height_function,"{""curvature"": 0.02442970783313914, ""curvature_source"": ""cartesian-ghf"", ""ghf_diagnostic"": ""complete three-column height function"", ""ghf_direction"": ""y"", ""ghf_fit_points"": 0, ""ghf_height_points"": 3, ""ghf_independent_points"": 3, ""ghf_method"": ""height_function"", ""interval_count"": 1, ""objective"": 2.5029872900077182e-17, ""optimizer_message"": ""CONVERGENCE: REL_REDUCTION_OF_F_<=_FACTR*EPSMCH"", ""optimizer_success"": true}"
PLVIRA,PLVIRA,ellipses,2,128,77,43,reconstructed,0.031678838939390976,0.031678838939391676,7.008282842946301e-16,0.02139491055184132,0.02133522338191987,5.968716992144768e-05,2.3821010544444533e-10,True,height_function,"{""curvature"": 0.02139491055184132, ""curvature_source"": ""cartesian-ghf"", ""ghf_diagnostic"": ""complete three-column height function"", ""ghf_direction"": ""y"", ""ghf_fit_points"": 0, ""ghf_height_points"": 3, ""ghf_independent_points"": 3, ""ghf_method"": ""height_function"", ""interval_count"": 1, ""objective"": 2.3821010544444533e-10, ""optimizer_message"": ""CONVERGENCE: REL_REDUCTION_OF_F_<=_FACTR*EPSMCH"", ""optimizer_success"": true}"
PLVIRA,PLVIRA,ellipses,2,128,77,44,reconstructed,0.5887596566043647,0.5887596566043662,1.5543122344752192e-15,0.02139491055184132,0.02145333344665952,5.842289481820112e-05,3.389525978810265e-10,True,height_function,"{""curvature"": 0.02139491055184132, ""curvature_source"": ""cartesian-ghf"", ""ghf_diagnostic"": ""complete three-column height function"", ""ghf_direction"": ""y"", ""ghf_fit_points"": 0, ""ghf_height_points"": 3, ""ghf_independent_points"": 3, ""ghf_method"": ""height_function"", ""interval_count"": 1, ""objective"": 3.389525978810265e-10, ""optimizer_message"": ""CONVERGENCE: REL_REDUCTION_OF_F_<=_FACTR*EPSMCH"", ""optimizer_success"": true}"
PLVIRA,PLVIRA,ellipses,2,128,77,89,reconstructed,0.09446864952217024,0.09446864952216617,4.066191827689636e-15,0.024995973306973906,0.024985170064473865,1.0803242500041083e-05,1.4122197934782742e-10,True,height_function,"{""curvature"": 0.024995973306973906, ""curvature_source"": ""cartesian-ghf"", ""ghf_diagnostic"": ""complete three-column height function"", ""ghf_direction"": ""y"", ""ghf_fit_points"": 0, ""ghf_height_points"": 3, ""ghf_independent_points"": 3, ""ghf_method"": ""height_function"", ""interval_count"": 1, ""objective"": 1.4122197934782742e-10, ""optimizer_message"": ""CONVERGENCE: REL_REDUCTION_OF_F_<=_FACTR*EPSMCH"", ""optimizer_success"": true}"
PLVIRA,PLVIRA,ellipses,2,128,78,44,reconstructed,0.4033711959758279,0.40337119597583143,3.552713678800501e-15,0.021649104684083324,0.021641019726055307,8.084958028016509e-06,1.5233341751633134e-10,True,height_function,"{""curvature"": 0.021649104684083324, ""curvature_source"": ""cartesian-ghf"", ""ghf_diagnostic"": ""complete three-column height function"", ""ghf_direction"": ""y"", ""ghf_fit_points"": 0, ""ghf_height_points"": 3, ""ghf_independent_points"": 3, ""ghf_method"": ""height_function"", ""interval_count"": 1, ""objective"": 1.5233341751633134e-10, ""optimizer_message"": ""CONVERGENCE: NORM_OF_PROJECTED_GRADIENT_<=_PGTOL"", ""optimizer_success"": true}"
PLVIRA,PLVIRA,ellipses,2,128,78,88,reconstructed,0.6100528657895548,0.6100528657895506,4.107825191113079e-15,0.025616596760877478,0.02590620750642303,0.00028961074554555155,3.91132576248692e-09,True,height_function,"{""curvature"": 0.025616596760877478, ""curvature_source"": ""cartesian-ghf"", ""ghf_diagnostic"": ""complete three-column height function"", ""ghf_direction"": ""y"", ""ghf_fit_points"": 0, ""ghf_height_points"": 3, ""ghf_independent_points"": 3, ""ghf_method"": ""height_function"", ""interval_count"": 1, ""objective"": 3.91132576248692e-09, ""optimizer_message"": ""CONVERGENCE: REL_REDUCTION_OF_F_<=_FACTR*EPSMCH"", ""optimizer_success"": true}"
PLVIRA,PLVIRA,ellipses,2,128,78,89,reconstructed,0.030019500207950845,0.0300195002079493,1.5439038936193583e-15,0.025616596760877478,0.0255760152434716,4.058151740587643e-05,4.840492900766029e-11,True,height_function,"{""curvature"": 0.025616596760877478, ""curvature_source"": ""cartesian-ghf"", ""ghf_diagnostic"": ""complete three-column height function"", ""ghf_direction"": ""y"", ""ghf_fit_points"": 0, ""ghf_height_points"": 3, ""ghf_independent_points"": 3, ""ghf_method"": ""height_function"", ""interval_count"": 1, ""objective"": 4.840492900766029e-11, ""optimizer_message"": ""CONVERGENCE: NORM_OF_PROJECTED_GRADIENT_<=_PGTOL"", ""optimizer_success"": true}"
PLVIRA,PLVIRA,ellipses,2,128,79,44,reconstructed,0.17384032164463442,0.17384032164462734,7.077671781985373e-15,0.021941636040632397,0.02193289002094114,8.746019691256018e-06,6.57507877265173e-11,True,height_function,"{""curvature"": 0.021941636040632397, ""curvature_source"": ""cartesian-ghf"", ""ghf_diagnostic"": ""complete three-column height function"", ""ghf_direction"": ""y"", ""ghf_fit_points"": 0, ""ghf_height_points"": 3, ""ghf_independent_points"": 3, ""ghf_method"": ""height_function"", ""interval_count"": 1, ""objective"": 6.57507877265173e-11, ""optimizer_message"": ""CONVERGENCE: NORM_OF_PROJECTED_GRADIENT_<=_PGTOL"", ""optimizer_success"": true}"
PLVIRA,PLVIRA,ellipses,2,128,79,88,reconstructed,0.5628609452095791,0.5628609452095754,3.6637359812630166e-15,0.026296375471541344,0.026283327481822383,1.3047989718961706e-05,2.832209087788426e-11,True,height_function,"{""curvature"": 0.026296375471541344, ""curvature_source"": ""cartesian-ghf"", ""ghf_diagnostic"": ""complete three-column height function"", ""ghf_direction"": ""y"", ""ghf_fit_points"": 0, ""ghf_height_points"": 3, ""ghf_independent_points"": 3, ""ghf_method"": ""height_function"", ""interval_count"": 1, ""objective"": 2.832209087788426e-11, ""optimizer_message"": ""CONVERGENCE: REL_REDUCTION_OF_F_<=_FACTR*EPSMCH"", ""optimizer_success"": true}"
PLVIRA,PLVIRA,ellipses,2,128,80,44,reconstructed,0.006173184466795894,0.006173184466795531,3.625572064791527e-16,0.022275364191390305,0.022131409889122343,0.00014395430226796235,1.4461964689312301e-09,True,height_function,"{""curvature"": 0.022275364191390305, ""curvature_source"": ""cartesian-ghf"", ""ghf_diagnostic"": ""complete three-column height function"", ""ghf_direction"": ""y"", ""ghf_fit_points"": 0, ""ghf_height_points"": 3, ""ghf_independent_points"": 3, ""ghf_method"": ""height_function"", ""interval_count"": 1, ""objective"": 1.4461964689312301e-09, ""optimizer_message"": ""CONVERGENCE: NORM_OF_PROJECTED_GRADIENT_<=_PGTOL"", ""optimizer_success"": true}"
PLVIRA,PLVIRA,ellipses,2,128,80,45,reconstructed,0.5355937222354469,0.5355937222354438,3.1086244689504383e-15,0.022275364191390305,0.02230584282155579,3.0478630165486215e-05,1.455761910866026e-10,True,height_function,"{""curvature"": 0.022275364191390305, ""curvature_source"": ""cartesian-ghf"", ""ghf_diagnostic"": ""complete three-column height function"", ""ghf_direction"": ""y"", ""ghf_fit_points"": 0, ""ghf_height_points"": 3, ""ghf_independent_points"": 3, ""ghf_method"": ""height_function"", ""interval_count"": 1, ""objective"": 1.455761910866026e-10, ""optimizer_message"": ""CONVERGENCE: NORM_OF_PROJECTED_GRADIENT_<=_PGTOL"", ""optimizer_success"": true}"
PLVIRA,PLVIRA,ellipses,2,128,80,88,reconstructed,0.47275542131042025,0.472755421310445,2.475797344914099e-14,0.027040787760300514,0.027026329744972034,1.4458015328479984e-05,1.2911198105146964e-15,True,height_function,"{""curvature"": 0.027040787760300514, ""curvature_source"": ""cartesian-ghf"", ""ghf_diagnostic"": ""complete three-column height function"", ""ghf_direction"": ""y"", ""ghf_fit_points"": 0, ""ghf_height_points"": 3, ""ghf_independent_points"": 3, ""ghf_method"": ""height_function"", ""interval_count"": 1, ""objective"": 1.2911198105146964e-15, ""optimizer_message"": ""CONVERGENCE: REL_REDUCTION_OF_F_<=_FACTR*EPSMCH"", ""optimizer_success"": true}"
PLVIRA,PLVIRA,ellipses,2,128,81,45,reconstructed,0.2859583708131111,0.2859583708131047,6.38378239159465e-15,0.02265365019108208,0.022643206271764894,1.0443919317187217e-05,9.768657226218167e-10,True,height_function,"{""curvature"": 0.02265365019108208, ""curvature_source"": ""cartesian-ghf"", ""ghf_diagnostic"": ""complete three-column height function"", ""ghf_direction"": ""y"", ""ghf_fit_points"": 0, ""ghf_height_points"": 3, ""ghf_independent_points"": 3, ""ghf_method"": ""height_function"", ""interval_count"": 1, ""objective"": 9.768657226218167e-10, ""optimizer_message"": ""CONVERGENCE: NORM_OF_PROJECTED_GRADIENT_<=_PGTOL"", ""optimizer_success"": true}"
PLVIRA,PLVIRA,ellipses,2,128,81,88,reconstructed,0.36926633896454364,0.36926633896455663,1.2989609388114332e-14,0.02785609824686889,0.027839988992424944,1.6109254443945342e-05,5.956048235849499e-15,True,height_function,"{""curvature"": 0.02785609824686889, ""curvature_source"": ""cartesian-ghf"", ""ghf_diagnostic"": ""complete three-column height function"", ""ghf_direction"": ""y"", ""ghf_fit_points"": 0, ""ghf_height_points"": 3, ""ghf_independent_points"": 3, ""ghf_method"": ""height_function"", ""interval_count"": 1, ""objective"": 5.956048235849499e-15, ""optimizer_message"": ""CONVERGENCE: REL_REDUCTION_OF_F_<=_FACTR*EPSMCH"", ""optimizer_success"": true}"
PLVIRA,PLVIRA,ellipses,2,128,82,45,reconstructed,0.043228419428443215,0.043228419428443146,6.938893903907228e-17,0.023080443571374395,0.022970680397482672,0.00010976317389172277,1.0410157879658107e-09,True,height_function,"{""curvature"": 0.023080443571374395, ""curvature_source"": ""cartesian-ghf"", ""ghf_diagnostic"": ""complete three-column height function"", ""ghf_direction"": ""y"", ""ghf_fit_points"": 0, ""ghf_height_points"": 3, ""ghf_independent_points"": 3, ""ghf_method"": ""height_function"", ""interval_count"": 1, ""objective"": 1.0410157879658107e-09, ""optimizer_message"": ""CONVERGENCE: REL_REDUCTION_OF_F_<=_FACTR*EPSMCH"", ""optimizer_success"": true}"
PLVIRA,PLVIRA,ellipses,2,128,82,46,reconstructed,0.5833322706668569,0.5833322706668569,0.0,0.023080443571374395,0.023197100374538118,0.00011665680316372273,1.622018739276637e-09,True,height_function,"{""curvature"": 0.023080443571374395, ""curvature_source"": ""cartesian-ghf"", ""ghf_diagnostic"": ""complete three-column height function"", ""ghf_direction"": ""y"", ""ghf_fit_points"": 0, ""ghf_height_points"": 3, ""ghf_independent_points"": 3, ""ghf_method"": ""height_function"", ""interval_count"": 1, ""objective"": 1.622018739276637e-09, ""optimizer_message"": ""CONVERGENCE: NORM_OF_PROJECTED_GRADIENT_<=_PGTOL"", ""optimizer_success"": true}"
PLVIRA,PLVIRA,ellipses,2,128,82,88,reconstructed,0.251836549289971,0.2518365492899588,1.2212453270876722e-14,0.02874948314262791,0.02873143175016718,1.8051392460728677e-05,2.77261006698787e-17,True,height_function,"{""curvature"": 0.02874948314262791, ""curvature_source"": ""cartesian-ghf"", ""ghf_diagnostic"": ""complete three-column height function"", ""ghf_direction"": ""y"", ""ghf_fit_points"": 0, ""ghf_height_points"": 3, ""ghf_independent_points"": 3, ""ghf_method"": ""height_function"", ""interval_count"": 1, ""objective"": 2.77261006698787e-17, ""optimizer_message"": ""CONVERGENCE: NORM_OF_PROJECTED_GRADIENT_<=_PGTOL"", ""optimizer_success"": true}"
PLVIRA,PLVIRA,ellipses,2,128,83,46,reconstructed,0.34223512733573896,0.34223512733573586,3.1086244689504383e-15,0.02356039073247861,0.023547558977621823,1.283175485678606e-05,1.7909821522517966e-09,True,height_function,"{""curvature"": 0.02356039073247861, ""curvature_source"": ""cartesian-ghf"", ""ghf_diagnostic"": ""complete three-column height function"", ""ghf_direction"": ""y"", ""ghf_fit_points"": 0, ""ghf_height_points"": 3, ""ghf_independent_points"": 3, ""ghf_method"": ""height_function"", ""interval_count"": 1, ""objective"": 1.7909821522517966e-09, ""optimizer_message"": ""CONVERGENCE: NORM_OF_PROJECTED_GRADIENT_<=_PGTOL"", ""optimizer_success"": true}"
PLVIRA,PLVIRA,ellipses,2,128,83,88,reconstructed,0.11983044007373614,0.11983044007373723,1.096345236817342e-15,0.02972917967293231,0.029708832632092744,2.034704083956479e-05,1.1497547579454256e-09,True,height_function,"{""curvature"": 0.02972917967293231, ""curvature_source"": ""cartesian-ghf"", ""ghf_diagnostic"": ""complete three-column height function"", ""ghf_direction"": ""y"", ""ghf_fit_points"": 0, ""ghf_height_points"": 3, ""ghf_independent_points"": 3, ""ghf_method"": ""height_function"", ""interval_count"": 1, ""objective"": 1.1497547579454256e-09, ""optimizer_message"": ""CONVERGENCE: NORM_OF_PROJECTED_GRADIENT_<=_PGTOL"", ""optimizer_success"": true}"
PLVIRA,PLVIRA,ellipses,2,128,84,46,reconstructed,0.06278218607124367,0.06278218607124507,1.4016565685892601e-15,0.024098970889693067,0.02398295116715603,0.0001160197225370356,1.2613254291273484e-09,True,height_function,"{""curvature"": 0.024098970889693067, ""curvature_source"": ""cartesian-ghf"", ""ghf_diagnostic"": ""complete three-column height function"", ""ghf_direction"": ""y"", ""ghf_fit_points"": 0, ""ghf_height_points"": 3, ""ghf_independent_points"": 3, ""ghf_method"": ""height_function"", ""interval_count"": 1, ""objective"": 1.2613254291273484e-09, ""optimizer_message"": ""CONVERGENCE: NORM_OF_PROJECTED_GRADIENT_<=_PGTOL"", ""optimizer_success"": true}"
PLVIRA,PLVIRA,ellipses,2,128,84,47,reconstructed,0.5901752071137784,0.59017520711378,1.6653345369377348e-15,0.024098970889693067,0.02426915508972979,0.0001701842000367236,3.6375685142425627e-09,True,height_function,"{""curvature"": 0.024098970889693067, ""curvature_source"": ""cartesian-ghf"", ""ghf_diagnostic"": ""complete three-column height function"", ""ghf_direction"": ""y"", ""ghf_fit_points"": 0, ""ghf_height_points"": 3, ""ghf_independent_points"": 3, ""ghf_method"": ""height_function"", ""interval_count"": 1, ""objective"": 3.6375685142425627e-09, ""optimizer_message"": ""CONVERGENCE: NORM_OF_PROJECTED_GRADIENT_<=_PGTOL"", ""optimizer_success"": true}"
PLVIRA,PLVIRA,ellipses,2,128,84,87,reconstructed,0.574881072105718,0.5748810721057058,1.2212453270876722e-14,0.03080466456656215,0.030965673037752287,0.0001610084711901362,2.4079856914403747e-09,True,height_function,"{""curvature"": 0.03080466456656215, ""curvature_source"": ""cartesian-ghf"", ""ghf_diagnostic"": ""complete three-column height function"", ""ghf_direction"": ""y"", ""ghf_fit_points"": 0, ""ghf_height_points"": 3, ""ghf_independent_points"": 3, ""ghf_method"": ""height_function"", ""interval_count"": 1, ""objective"": 2.4079856914403747e-09, ""optimizer_message"": ""CONVERGENCE: NORM_OF_PROJECTED_GRADIENT_<=_PGTOL"", ""optimizer_success"": true}"
PLVIRA,PLVIRA,ellipses,2,128,84,88,reconstructed,0.00799108736054474,0.007991087360545338,5.967448757360216e-16,0.03080466456656215,0.030407843725271656,0.0003968208412904947,9.210358796447431e-09,True,height_function,"{""curvature"": 0.03080466456656215, ""curvature_source"": ""cartesian-ghf"", ""ghf_diagnostic"": ""complete three-column height function"", ""ghf_direction"": ""y"", ""ghf_fit_points"": 0, ""ghf_height_points"": 3, ""ghf_independent_points"": 3, ""ghf_method"": ""height_function"", ""interval_count"": 1, ""objective"": 9.210358796447431e-09, ""optimizer_message"": ""CONVERGENCE: NORM_OF_PROJECTED_GRADIENT_<=_PGTOL"", ""optimizer_success"": true}"
PLVIRA,PLVIRA,ellipses,2,128,85,47,reconstructed,0.337188469506897,0.33718846950690334,6.328271240363392e-15,0.02470266791850011,0.024686415180495143,1.6252738004967487e-05,2.4726233002303135e-09,True,height_function,"{""curvature"": 0.02470266791850011, ""curvature_source"": ""cartesian-ghf"", ""ghf_diagnostic"": ""complete three-column height function"", ""ghf_direction"": ""y"", ""ghf_fit_points"": 0, ""ghf_height_points"": 3, ""ghf_independent_points"": 3, ""ghf_method"": ""height_function"", ""interval_count"": 1, ""objective"": 2.4726233002303135e-09, ""optimizer_message"": ""CONVERGENCE: NORM_OF_PROJECTED_GRADIENT_<=_PGTOL"", ""optimizer_success"": true}"
PLVIRA,PLVIRA,ellipses,2,128,85,87,reconstructed,0.4194226893313853,0.4194226893313795,5.828670879282072e-15,0.03198686755241066,0.031960554046371006,2.6313506039654655e-05,3.539194832249793e-09,True,height_function,"{""curvature"": 0.03198686755241066, ""curvature_source"": ""cartesian-ghf"", ""ghf_diagnostic"": ""complete three-column height function"", ""ghf_direction"": ""y"", ""ghf_fit_points"": 0, ""ghf_height_points"": 3, ""ghf_independent_points"": 3, ""ghf_method"": ""height_function"", ""interval_count"": 1, ""objective"": 3.539194832249793e-09, ""optimizer_message"": ""CONVERGENCE: NORM_OF_PROJECTED_GRADIENT_<=_PGTOL"", ""optimizer_success"": true}"
PLVIRA,PLVIRA,ellipses,2,128,86,47,reconstructed,0.04491497387107188,0.044914973871072586,7.077671781985373e-16,0.025379189568530195,0.025189178337174416,0.00019001123135577863,4.023304889993194e-09,True,height_function,"{""curvature"": 0.025379189568530195, ""curvature_source"": ""cartesian-ghf"", ""ghf_diagnostic"": ""complete three-column height function"", ""ghf_direction"": ""y"", ""ghf_fit_points"": 0, ""ghf_height_points"": 3, ""ghf_independent_points"": 3, ""ghf_method"": ""height_function"", ""interval_count"": 1, ""objective"": 4.023304889993194e-09, ""optimizer_message"": ""CONVERGENCE: NORM_OF_PROJECTED_GRADIENT_<=_PGTOL"", ""optimizer_success"": true}"
PLVIRA,PLVIRA,ellipses,2,128,86,48,reconstructed,0.5697510604113913,0.5697510604113919,5.551115123125783e-16,0.025379189568530195,0.025546135711715254,0.0001669461431850587,4.512282483104988e-09,True,height_function,"{""curvature"": 0.025379189568530195, ""curvature_source"": ""cartesian-ghf"", ""ghf_diagnostic"": ""complete three-column height function"", ""ghf_direction"": ""y"", ""ghf_fit_points"": 0, ""ghf_height_points"": 3, ""ghf_independent_points"": 3, ""ghf_method"": ""height_function"", ""interval_count"": 1, ""objective"": 4.512282483104988e-09, ""optimizer_message"": ""CONVERGENCE: NORM_OF_PROJECTED_GRADIENT_<=_PGTOL"", ""optimizer_success"": true}"
PLVIRA,PLVIRA,ellipses,2,128,86,87,reconstructed,0.23886814515019952,0.23886814515020582,6.300515664747763e-15,0.03328842688968294,0.03325818888459585,3.0238005087092346e-05,5.411163274562141e-09,True,height_function,"{""curvature"": 0.03328842688968294, ""curvature_source"": ""cartesian-ghf"", ""ghf_diagnostic"": ""complete three-column height function"", ""ghf_direction"": ""y"", ""ghf_fit_points"": 0, ""ghf_height_points"": 3, ""ghf_independent_points"": 3, ""ghf_method"": ""height_function"", ""interval_count"": 1, ""objective"": 5.411163274562141e-09, ""optimizer_message"": ""CONVERGENCE: NORM_OF_PROJECTED_GRADIENT_<=_PGTOL"", ""optimizer_success"": true}"
PLVIRA,PLVIRA,ellipses,2,128,87,48,reconstructed,0.26356500008775907,0.26356500008776046,1.3877787807814457e-15,0.026137750055263986,0.026116457866764666,2.1292188499319464e-05,2.8730734540968967e-09,True,height_function,"{""curvature"": 0.026137750055263986, ""curvature_source"": ""cartesian-ghf"", ""ghf_diagnostic"": ""complete three-column height function"", ""ghf_direction"": ""y"", ""ghf_fit_points"": 0, ""ghf_height_points"": 3, ""ghf_independent_points"": 3, ""ghf_method"": ""height_function"", ""interval_count"": 1, ""objective"": 2.8730734540968967e-09, ""optimizer_message"": ""CONVERGENCE: NORM_OF_PROJECTED_GRADIENT_<=_PGTOL"", ""optimizer_success"": true}"
PLVIRA,PLVIRA,ellipses,2,128,87,86,reconstructed,0.6003673911589795,0.6003673911589809,1.3322676295501878e-15,0.03472399510807655,0.03521834875093257,0.0004943536428560213,2.0381905674057017e-08,True,height_function,"{""curvature"": 0.03472399510807655, ""curvature_source"": ""cartesian-ghf"", ""ghf_diagnostic"": ""complete three-column height function"", ""ghf_direction"": ""y"", ""ghf_fit_points"": 0, ""ghf_height_points"": 3, ""ghf_independent_points"": 3, ""ghf_method"": ""height_function"", ""interval_count"": 1, ""objective"": 2.0381905674057017e-08, ""optimizer_message"": ""CONVERGENCE: NORM_OF_PROJECTED_GRADIENT_<=_PGTOL"", ""optimizer_success"": true}"
PLVIRA,PLVIRA,ellipses,2,128,87,87,reconstructed,0.0500707358398172,0.05007073583981925,2.0469737016526324e-15,0.03472399510807655,0.0344601708270295,0.0002638242810470495,4.504118744433773e-09,True,height_function,"{""curvature"": 0.03472399510807655, ""curvature_source"": ""cartesian-ghf"", ""ghf_diagnostic"": ""complete three-column height function"", ""ghf_direction"": ""y"", ""ghf_fit_points"": 0, ""ghf_height_points"": 3, ""ghf_independent_points"": 3, ""ghf_method"": ""height_function"", ""interval_count"": 1, ""objective"": 4.504118744433773e-09, ""optimizer_message"": ""CONVERGENCE: NORM_OF_PROJECTED_GRADIENT_<=_PGTOL"", ""optimizer_success"": true}"
PLVIRA,PLVIRA,ellipses,2,128,88,48,reconstructed,0.008954407999516049,0.008954407999516467,4.180683577104105e-16,0.026989438734599636,0.026620144823810452,0.00036929391078918336,1.8931550496531428e-08,True,height_function,"{""curvature"": 0.026989438734599636, ""curvature_source"": ""cartesian-ghf"", ""ghf_diagnostic"": ""complete three-column height function"", ""ghf_direction"": ""y"", ""ghf_fit_points"": 0, ""ghf_height_points"": 3, ""ghf_independent_points"": 3, ""ghf_method"": ""height_function"", ""interval_count"": 1, ""objective"": 1.8931550496531428e-08, ""optimizer_message"": ""CONVERGENCE: NORM_OF_PROJECTED_GRADIENT_<=_PGTOL"", ""optimizer_success"": true}"
PLVIRA,PLVIRA,ellipses,2,128,88,49,reconstructed,0.4943206307924446,0.4943206307924433,1.27675647831893e-15,0.026989438734599636,0.027063118111908126,7.367937730849011e-05,3.6457253107041036e-09,True,height_function,"{""curvature"": 0.026989438734599636, ""curvature_source"": ""cartesian-ghf"", ""ghf_diagnostic"": ""complete three-column height function"", ""ghf_direction"": ""y"", ""ghf_fit_points"": 0, ""ghf_height_points"": 3, ""ghf_independent_points"": 3, ""ghf_method"": ""height_function"", ""interval_count"": 1, ""objective"": 3.6457253107041036e-09, ""optimizer_message"": ""CONVERGENCE: NORM_OF_PROJECTED_GRADIENT_<=_PGTOL"", ""optimizer_success"": true}"
PLVIRA,PLVIRA,ellipses,2,128,88,86,reconstructed,0.4321160567462533,0.43211605674625153,1.7763568394002505e-15,0.03631060408443844,0.03626982928966684,4.0774794771596123e-05,2.8999655358180873e-09,True,height_function,"{""curvature"": 0.03631060408443844, ""curvature_source"": ""cartesian-ghf"", ""ghf_diagnostic"": ""complete three-column height function"", ""ghf_direction"": ""y"", ""ghf_fit_points"": 0, ""ghf_height_points"": 3, ""ghf_independent_points"": 3, ""ghf_method"": ""height_function"", ""interval_count"": 1, ""objective"": 2.8999655358180873e-09, ""optimizer_message"": ""CONVERGENCE: NORM_OF_PROJECTED_GRADIENT_<=_PGTOL"", ""optimizer_success"": true}"
PLVIRA,PLVIRA,ellipses,2,128,89,49,reconstructed,0.12175137206322281,0.12175137206322097,1.8457457784393227e-15,0.027947707740289547,0.02780576797585346,0.000141939764436088,3.969246143494127e-09,True,height_function,"{""curvature"": 0.027947707740289547, ""curvature_source"": ""cartesian-ghf"", ""ghf_diagnostic"": ""complete three-column height function"", ""ghf_direction"": ""y"", ""ghf_fit_points"": 0, ""ghf_height_points"": 3, ""ghf_independent_points"": 3, ""ghf_method"": ""height_function"", ""interval_count"": 1, ""objective"": 3.969246143494127e-09, ""optimizer_message"": ""CONVERGENCE: REL_REDUCTION_OF_F_<=_FACTR*EPSMCH"", ""optimizer_success"": true}"
PLVIRA,PLVIRA,ellipses,2,128,89,50,reconstructed,0.6001421762273058,0.600142176227306,2.220446049250313e-16,0.027947707740289547,0.02831901121762156,0.0003713034773320141,2.7397596790573167e-08,True,height_function,"{""curvature"": 0.027947707740289547, ""curvature_source"": ""cartesian-ghf"", ""ghf_diagnostic"": ""complete three-column height function"", ""ghf_direction"": ""y"", ""ghf_fit_points"": 0, ""ghf_height_points"": 3, ""ghf_independent_points"": 3, ""ghf_method"": ""height_function"", ""interval_count"": 1, ""objective"": 2.7397596790573167e-08, ""optimizer_message"": ""CONVERGENCE: NORM_OF_PROJECTED_GRADIENT_<=_PGTOL"", ""optimizer_success"": true}"
PLVIRA,PLVIRA,ellipses,2,128,89,86,reconstructed,0.19270245728811178,0.19270245728810934,2.4424906541753444e-15,0.0380680990008051,0.03802012793431618,4.7971066488919356e-05,2.9564949185714864e-09,True,height_function,"{""curvature"": 0.0380680990008051, ""curvature_source"": ""cartesian-ghf"", ""ghf_diagnostic"": ""complete three-column height function"", ""ghf_direction"": ""y"", ""ghf_fit_points"": 0, ""ghf_height_points"": 3, ""ghf_independent_points"": 3, ""ghf_method"": ""height_function"", ""interval_count"": 1, ""objective"": 2.9564949185714864e-09, ""optimizer_message"": ""CONVERGENCE: NORM_OF_PROJECTED_GRADIENT_<=_PGTOL"", ""optimizer_success"": true}"
PLVIRA,PLVIRA,ellipses,2,128,90,50,reconstructed,0.3072184766844354,0.30721847668443975,4.3298697960381105e-15,0.029029027234799776,0.02899461705653364,3.441017826613657e-05,2.455368785134234e-09,True,height_function,"{""curvature"": 0.029029027234799776, ""curvature_source"": ""cartesian-ghf"", ""ghf_diagnostic"": ""complete three-column height function"", ""ghf_direction"": ""y"", ""ghf_fit_points"": 0, ""ghf_height_points"": 3, ""ghf_independent_points"": 3, ""ghf_method"": ""height_function"", ""interval_count"": 1, ""objective"": 2.455368785134234e-09, ""optimizer_message"": ""CONVERGENCE: NORM_OF_PROJECTED_GRADIENT_<=_PGTOL"", ""optimizer_success"": true}"
PLVIRA,PLVIRA,ellipses,2,128,90,85,reconstructed,0.5325728340963434,0.5325728340963447,1.3322676295501878e-15,0.04001964971828547,0.040215948846577004,0.00019629912829153412,6.486957453635663e-09,True,height_function,"{""curvature"": 0.04001964971828547, ""curvature_source"": ""cartesian-ghf"", ""ghf_diagnostic"": ""complete three-column height function"", ""ghf_direction"": ""y"", ""ghf_fit_points"": 0, ""ghf_height_points"": 3, ""ghf_independent_points"": 3, ""ghf_method"": ""height_function"", ""interval_count"": 1, ""objective"": 6.486957453635663e-09, ""optimizer_message"": ""CONVERGENCE: NORM_OF_PROJECTED_GRADIENT_<=_PGTOL"", ""optimizer_success"": true}"
PLVIRA,PLVIRA,ellipses,2,128,90,86,reconstructed,0.008125567628918293,0.008125567628919,7.077671781985373e-16,0.04001964971828547,0.03920388115303288,0.0008157685652525892,5.056488186812243e-08,True,height_function,"{""curvature"": 0.04001964971828547, ""curvature_source"": ""cartesian-ghf"", ""ghf_diagnostic"": ""complete three-column height function"", ""ghf_direction"": ""y"", ""ghf_fit_points"": 0, ""ghf_height_points"": 3, ""ghf_independent_points"": 3, ""ghf_method"": ""height_function"", ""interval_count"": 1, ""objective"": 5.056488186812243e-08, ""optimizer_message"": ""CONVERGENCE: NORM_OF_PROJECTED_GRADIENT_<=_PGTOL"", ""optimizer_success"": true}"
PLVIRA,PLVIRA,ellipses,2,128,91,50,reconstructed,0.00952344256845569,0.009523442568456435,7.441963711940502e-16,0.03025378220307649,0.029708198944141544,0.0005455832589349452,5.752232502813064e-08,True,height_function,"{""curvature"": 0.03025378220307649, ""curvature_source"": ""cartesian-ghf"", ""ghf_diagnostic"": ""complete three-column height function"", ""ghf_direction"": ""y"", ""ghf_fit_points"": 0, ""ghf_height_points"": 3, ""ghf_independent_points"": 3, ""ghf_method"": ""height_function"", ""interval_count"": 1, ""objective"": 5.752232502813064e-08, ""optimizer_message"": ""CONVERGENCE: NORM_OF_PROJECTED_GRADIENT_<=_PGTOL"", ""optimizer_success"": true}"
PLVIRA,PLVIRA,ellipses,2,128,91,51,reconstructed,0.4681947922339459,0.46819479223394106,4.829470157119431e-15,0.03025378220307649,0.030346450598716705,9.266839564021565e-05,1.7230354363772702e-08,True,height_function,"{""curvature"": 0.03025378220307649, ""curvature_source"": ""cartesian-ghf"", ""ghf_diagnostic"": ""complete three-column height function"", ""ghf_direction"": ""y"", ""ghf_fit_points"": 0, ""ghf_height_points"": 3, ""ghf_independent_points"": 3, ""ghf_method"": ""height_function"", ""interval_count"": 1, ""objective"": 1.7230354363772702e-08, ""optimizer_message"": ""CONVERGENCE: REL_REDUCTION_OF_F_<=_FACTR*EPSMCH"", ""optimizer_success"": true}"
PLVIRA,PLVIRA,ellipses,2,128,91,85,reconstructed,0.2531660508864747,0.25316605088647626,1.5543122344752192e-15,0.04148079282157364,0.0421241088940075,0.0006433160724338624,2.620332902154658e-07,True,height_function,"{""curvature"": 0.04148079282157364, ""curvature_source"": ""cartesian-ghf"", ""ghf_diagnostic"": ""complete three-column height function"", ""ghf_direction"": ""x"", ""ghf_fit_points"": 0, ""ghf_height_points"": 3, ""ghf_independent_points"": 3, ""ghf_method"": ""height_function"", ""interval_count"": 1, ""objective"": 2.620332902154658e-07, ""optimizer_message"": ""CONVERGENCE: NORM_OF_PROJECTED_GRADIENT_<=_PGTOL"", ""optimizer_success"": true}"
PLVIRA,PLVIRA,ellipses,2,128,92,51,reconstructed,0.06544638921206085,0.06544638921206164,7.91033905045424e-16,0.03164752664289904,0.031247088076254977,0.0004004385666440645,3.3151450678923186e-08,True,height_function,"{""curvature"": 0.03164752664289904, ""curvature_source"": ""cartesian-ghf"", ""ghf_diagnostic"": ""complete three-column height function"", ""ghf_direction"": ""y"", ""ghf_fit_points"": 0, ""ghf_height_points"": 3, ""ghf_independent_points"": 3, ""ghf_method"": ""height_function"", ""interval_count"": 1, ""objective"": 3.3151450678923186e-08, ""optimizer_message"": ""CONVERGENCE: NORM_OF_PROJECTED_GRADIENT_<=_PGTOL"", ""optimizer_success"": true}"
PLVIRA,PLVIRA,ellipses,2,128,92,52,reconstructed,0.5548569113905152,0.5548569113905151,1.1102230246251565e-16,0.03164752664289904,0.03198682338653971,0.00033929674364066575,4.145271904759833e-08,True,height_function,"{""curvature"": 0.03164752664289904, ""curvature_source"": ""cartesian-ghf"", ""ghf_diagnostic"": ""complete three-column height function"", ""ghf_direction"": ""y"", ""ghf_fit_points"": 0, ""ghf_height_points"": 3, ""ghf_independent_points"": 3, ""ghf_method"": ""height_function"", ""interval_count"": 1, ""objective"": 4.145271904759833e-08, ""optimizer_message"": ""CONVERGENCE: REL_REDUCTION_OF_F_<=_FACTR*EPSMCH"", ""optimizer_success"": true}"
PLVIRA,PLVIRA,ellipses,2,128,92,84,reconstructed,0.5322498457339128,0.5322498457339141,1.3322676295501878e-15,0.0,0.044929262853453146,0.044929262853453146,0.0013549777482429904,True,degenerate_zero,"{""curvature"": 0.0, ""curvature_source"": ""cartesian-ghf"", ""ghf_diagnostic"": ""fewer than three independent 3x3 PLIC fragment centroids"", ""ghf_direction"": null, ""ghf_fit_points"": 6, ""ghf_height_points"": 4, ""ghf_independent_points"": 2, ""ghf_method"": ""degenerate_zero"", ""interval_count"": 1, ""objective"": 0.0013549777482429904, ""optimizer_message"": ""CONVERGENCE: REL_REDUCTION_OF_F_<=_FACTR*EPSMCH"", ""optimizer_success"": true}"
PLVIRA,PLVIRA,ellipses,2,128,92,85,reconstructed,0.01582072449600858,0.015820724496008423,1.5612511283791264e-16,0.04148079282157364,0.043671356150281906,0.0021905633287082685,4.239159699445746e-06,True,height_function,"{""curvature"": 0.04148079282157364, ""curvature_source"": ""cartesian-ghf"", ""ghf_diagnostic"": ""complete three-column height function"", ""ghf_direction"": ""x"", ""ghf_fit_points"": 0, ""ghf_height_points"": 3, ""ghf_independent_points"": 3, ""ghf_method"": ""height_function"", ""interval_count"": 1, ""objective"": 4.239159699445746e-06, ""optimizer_message"": ""CONVERGENCE: NORM_OF_PROJECTED_GRADIENT_<=_PGTOL"", ""optimizer_success"": true}"
PLVIRA,PLVIRA,ellipses,2,128,93,52,reconstructed,0.13961501960101874,0.1396150196010265,7.771561172376096e-15,0.03324278362078321,0.032955403850876905,0.0002873797699063027,4.811093652007354e-08,True,height_function,"{""curvature"": 0.03324278362078321, ""curvature_source"": ""cartesian-ghf"", ""ghf_diagnostic"": ""complete three-column height function"", ""ghf_direction"": ""y"", ""ghf_fit_points"": 0, ""ghf_height_points"": 3, ""ghf_independent_points"": 3, ""ghf_method"": ""height_function"", ""interval_count"": 1, ""objective"": 4.811093652007354e-08, ""optimizer_message"": ""CONVERGENCE: NORM_OF_PROJECTED_GRADIENT_<=_PGTOL"", ""optimizer_success"": true}"
PLVIRA,PLVIRA,ellipses,2,128,93,53,reconstructed,0.5919455320581966,0.5919455320581969,3.3306690738754696e-16,0.03324278362078321,0.033813880130072776,0.000571096509289569,8.29311091014896e-08,True,height_function,"{""curvature"": 0.03324278362078321, ""curvature_source"": ""cartesian-ghf"", ""ghf_diagnostic"": ""complete three-column height function"", ""ghf_direction"": ""y"", ""ghf_fit_points"": 0, ""ghf_height_points"": 3, ""ghf_independent_points"": 3, ""ghf_method"": ""height_function"", ""interval_count"": 1, ""objective"": 8.29311091014896e-08, ""optimizer_message"": ""CONVERGENCE: NORM_OF_PROJECTED_GRADIENT_<=_PGTOL"", ""optimizer_success"": true}"
PLVIRA,PLVIRA,ellipses,2,128,93,84,reconstructed,0.20129571232979285,0.2012957123297929,5.551115123125783e-17,0.04623005762670392,0.04723156758916451,0.001001509962460588,6.490224055950942e-07,True,height_function,"{""curvature"": 0.04623005762670392, ""curvature_source"": ""cartesian-ghf"", ""ghf_diagnostic"": ""complete three-column height function"", ""ghf_direction"": ""x"", ""ghf_fit_points"": 0, ""ghf_height_points"": 3, ""ghf_independent_points"": 3, ""ghf_method"": ""height_function"", ""interval_count"": 1, ""objective"": 6.490224055950942e-07, ""optimizer_message"": ""CONVERGENCE: REL_REDUCTION_OF_F_<=_FACTR*EPSMCH"", ""optimizer_success"": true}"
PLVIRA,PLVIRA,ellipses,2,128,94,53,reconstructed,0.20291982741561926,0.20291982741562048,1.2212453270876722e-15,0.03508171221178669,0.034857037033795155,0.00022467517799153874,4.0650769726458324e-08,True,height_function,"{""curvature"": 0.03508171221178669, ""curvature_source"": ""cartesian-ghf"", ""ghf_diagnostic"": ""complete three-column height function"", ""ghf_direction"": ""y"", ""ghf_fit_points"": 0, ""ghf_height_points"": 3, ""ghf_independent_points"": 3, ""ghf_method"": ""height_function"", ""interval_count"": 1, ""objective"": 4.0650769726458324e-08, ""optimizer_message"": ""CONVERGENCE: NORM_OF_PROJECTED_GRADIENT_<=_PGTOL"", ""optimizer_success"": true}"
PLVIRA,PLVIRA,ellipses,2,128,94,54,reconstructed,0.6042250157121525,0.6042250157121523,2.220446049250313e-16,0.03508171221178669,0.03585594534670457,0.0007742331349178747,1.433207611102977e-07,True,height_function,"{""curvature"": 0.03508171221178669, ""curvature_source"": ""cartesian-ghf"", ""ghf_diagnostic"": ""complete three-column height function"", ""ghf_direction"": ""y"", ""ghf_fit_points"": 0, ""ghf_height_points"": 3, ""ghf_independent_points"": 3, ""ghf_method"": ""height_function"", ""interval_count"": 1, ""objective"": 1.433207611102977e-07, ""optimizer_message"": ""CONVERGENCE: NORM_OF_PROJECTED_GRADIENT_<=_PGTOL"", ""optimizer_success"": true}"
PLVIRA,PLVIRA,ellipses,2,128,94,83,reconstructed,0.4288462940981678,0.4288462940981678,0.0,0.05038124121168923,0.0503235400718294,5.770113985983233e-05,7.097977230175517e-08,True,height_function,"{""curvature"": 0.05038124121168923, ""curvature_source"": ""cartesian-ghf"", ""ghf_diagnostic"": ""complete three-column height function"", ""ghf_direction"": ""y"", ""ghf_fit_points"": 0, ""ghf_height_points"": 3, ""ghf_independent_points"": 3, ""ghf_method"": ""height_function"", ""interval_count"": 1, ""objective"": 7.097977230175517e-08, ""optimizer_message"": ""CONVERGENCE: REL_REDUCTION_OF_F_<=_FACTR*EPSMCH"", ""optimizer_success"": true}"
PLVIRA,PLVIRA,ellipses,2,128,94,84,reconstructed,0.00035316324347745487,0.0003531632434775993,1.444157293750692e-16,0.05038124121168923,0.04875389966447383,0.0016273415472153954,3.085469832212741e-07,True,height_function,"{""curvature"": 0.05038124121168923, ""curvature_source"": ""cartesian-ghf"", ""ghf_diagnostic"": ""complete three-column height function"", ""ghf_direction"": ""y"", ""ghf_fit_points"": 0, ""ghf_height_points"": 3, ""ghf_independent_points"": 3, ""ghf_method"": ""height_function"", ""interval_count"": 1, ""objective"": 3.085469832212741e-07, ""optimizer_message"": ""CONVERGENCE: REL_REDUCTION_OF_F_<=_FACTR*EPSMCH"", ""optimizer_success"": true}"
PLVIRA,PLVIRA,ellipses,2,128,95,54,reconstructed,0.23526329791503267,0.23526329791503167,9.992007221626409e-16,0.037220220937624504,0.03698107679401578,0.00023914414360872577,5.6932822105266264e-08,True,height_function,"{""curvature"": 0.037220220937624504, ""curvature_source"": ""cartesian-ghf"", ""ghf_diagnostic"": ""complete three-column height function"", ""ghf_direction"": ""y"", ""ghf_fit_points"": 0, ""ghf_height_points"": 3, ""ghf_independent_points"": 3, ""ghf_method"": ""height_function"", ""interval_count"": 1, ""objective"": 5.6932822105266264e-08, ""optimizer_message"": ""CONVERGENCE: REL_REDUCTION_OF_F_<=_FACTR*EPSMCH"", ""optimizer_success"": true}"
PLVIRA,PLVIRA,ellipses,2,128,95,55,reconstructed,0.6061159339770117,0.6061159339770118,1.1102230246251565e-16,0.037220220937624504,0.0381482429512394,0.0009280220136148945,2.3406172264903309e-07,True,height_function,"{""curvature"": 0.037220220937624504, ""curvature_source"": ""cartesian-ghf"", ""ghf_diagnostic"": ""complete three-column height function"", ""ghf_direction"": ""y"", ""ghf_fit_points"": 0, ""ghf_height_points"": 3, ""ghf_independent_points"": 3, ""ghf_method"": ""height_function"", ""interval_count"": 1, ""objective"": 2.3406172264903309e-07, ""optimizer_message"": ""CONVERGENCE: NORM_OF_PROJECTED_GRADIENT_<=_PGTOL"", ""optimizer_success"": true}"
PLVIRA,PLVIRA,ellipses,2,128,95,82,reconstructed,0.5571616234959829,0.5571616234959826,2.220446049250313e-16,0.05381150832309508,0.0545816212034943,0.0007701128803992222,1.6097504631174672e-07,True,height_function,"{""curvature"": 0.05381150832309508, ""curvature_source"": ""cartesian-ghf"", ""ghf_diagnostic"": ""complete three-column height function"", ""ghf_direction"": ""y"", ""ghf_fit_points"": 0, ""ghf_height_points"": 3, ""ghf_independent_points"": 3, ""ghf_method"": ""height_function"", ""interval_count"": 1, ""objective"": 1.6097504631174672e-07, ""optimizer_message"": ""CONVERGENCE: REL_REDUCTION_OF_F_<=_FACTR*EPSMCH"", ""optimizer_success"": true}"
PLVIRA,PLVIRA,ellipses,2,128,95,83,reconstructed,0.058591676153208136,0.058591676153207886,2.498001805406602e-16,0.05381150832309508,0.05278144570949513,0.0010300626135999469,1.988965608700672e-07,True,height_function,"{""curvature"": 0.05381150832309508, ""curvature_source"": ""cartesian-ghf"", ""ghf_diagnostic"": ""complete three-column height function"", ""ghf_direction"": ""y"", ""ghf_fit_points"": 0, ""ghf_height_points"": 3, ""ghf_independent_points"": 3, ""ghf_method"": ""height_function"", ""interval_count"": 1, ""objective"": 1.988965608700672e-07, ""optimizer_message"": ""CONVERGENCE: REL_REDUCTION_OF_F_<=_FACTR*EPSMCH"", ""optimizer_success"": true}"
PLVIRA,PLVIRA,ellipses,2,128,96,55,reconstructed,0.22599756130925164,0.22599756130925244,8.049116928532385e-16,0.03973465729009709,0.03936344270418369,0.0003712145859134028,1.7200228002032288e-07,True,height_function,"{""curvature"": 0.03973465729009709, ""curvature_source"": ""cartesian-ghf"", ""ghf_diagnostic"": ""complete three-column height function"", ""ghf_direction"": ""y"", ""ghf_fit_points"": 0, ""ghf_height_points"": 3, ""ghf_independent_points"": 3, ""ghf_method"": ""height_function"", ""interval_count"": 1, ""objective"": 1.7200228002032288e-07, ""optimizer_message"": ""CONVERGENCE: NORM_OF_PROJECTED_GRADIENT_<=_PGTOL"", ""optimizer_success"": true}"
PLVIRA,PLVIRA,ellipses,2,128,96,56,reconstructed,0.6006030113598293,0.6006030113598294,1.1102230246251565e-16,0.03973465729009709,0.04073562683785593,0.0010009695477588357,4.792427756176034e-07,True,height_function,"{""curvature"": 0.03973465729009709, ""curvature_source"": ""cartesian-ghf"", ""ghf_diagnostic"": ""complete three-column height function"", ""ghf_direction"": ""y"", ""ghf_fit_points"": 0, ""ghf_height_points"": 3, ""ghf_independent_points"": 3, ""ghf_method"": ""height_function"", ""interval_count"": 1, ""objective"": 4.792427756176034e-07, ""optimizer_message"": ""CONVERGENCE: NORM_OF_PROJECTED_GRADIENT_<=_PGTOL"", ""optimizer_success"": true}"
PLVIRA,PLVIRA,ellipses,2,128,96,81,reconstructed,0.5983820188840597,0.5983820188840598,1.1102230246251565e-16,0.0576797422147293,0.059075112741485414,0.001395370526756111,4.888708529589625e-07,True,height_function,"{""curvature"": 0.0576797422147293, ""curvature_source"": ""cartesian-ghf"", ""ghf_diagnostic"": ""complete three-column height function"", ""ghf_direction"": ""y"", ""ghf_fit_points"": 0, ""ghf_height_points"": 3, ""ghf_independent_points"": 3, ""ghf_method"": ""height_function"", ""interval_count"": 1, ""objective"": 4.888708529589625e-07, ""optimizer_message"": ""CONVERGENCE: NORM_OF_PROJECTED_GRADIENT_<=_PGTOL"", ""optimizer_success"": true}"
PLVIRA,PLVIRA,ellipses,2,128,96,82,reconstructed,0.15491207508545177,0.15491207508545374,1.970645868709653e-15,0.0576797422147293,0.05703126791945299,0.0006484742952763134,2.105432303599829e-07,True,height_function,"{""curvature"": 0.0576797422147293, ""curvature_source"": ""cartesian-ghf"", ""ghf_diagnostic"": ""complete three-column height function"", ""ghf_direction"": ""y"", ""ghf_fit_points"": 0, ""ghf_height_points"": 3, ""ghf_independent_points"": 3, ""ghf_method"": ""height_function"", ""interval_count"": 1, ""objective"": 2.105432303599829e-07, ""optimizer_message"": ""CONVERGENCE: REL_REDUCTION_OF_F_<=_FACTR*EPSMCH"", ""optimizer_success"": true}"
PLVIRA,PLVIRA,ellipses,2,128,97,56,reconstructed,0.1752121827420258,0.17521218274202577,2.7755575615628914e-17,0.042733517639361195,0.042049486817244845,0.0006840308221163494,5.299560848276166e-07,True,height_function,"{""curvature"": 0.042733517639361195, ""curvature_source"": ""cartesian-ghf"", ""ghf_diagnostic"": ""complete three-column height function"", ""ghf_direction"": ""y"", ""ghf_fit_points"": 0, ""ghf_height_points"": 3, ""ghf_independent_points"": 3, ""ghf_method"": ""height_function"", ""interval_count"": 1, ""objective"": 5.299560848276166e-07, ""optimizer_message"": ""CONVERGENCE: REL_REDUCTION_OF_F_<=_FACTR*EPSMCH"", ""optimizer_success"": true}"
PLVIRA,PLVIRA,ellipses,2,128,97,57,reconstructed,0.5768053360410711,0.5768053360410712,1.1102230246251565e-16,0.04458079719327331,0.04367699022420116,0.000903806969072149,1.8189919342355315e-07,True,height_function,"{""curvature"": 0.04458079719327331, ""curvature_source"": ""cartesian-ghf"", ""ghf_diagnostic"": ""complete three-column height function"", ""ghf_direction"": ""x"", ""ghf_fit_points"": 0, ""ghf_height_points"": 3, ""ghf_independent_points"": 3, ""ghf_method"": ""height_function"", ""interval_count"": 1, ""objective"": 1.8189919342355315e-07, ""optimizer_message"": ""CONVERGENCE: REL_REDUCTION_OF_F_<=_FACTR*EPSMCH"", ""optimizer_success"": true}"
PLVIRA,PLVIRA,ellipses,2,128,97,80,reconstructed,0.6063815606459043,0.6063815606459043,0.0,0.06204656904805836,0.06379678358381258,0.0017502145357542187,8.347126952912588e-07,True,height_function,"{""curvature"": 0.06204656904805836, ""curvature_source"": ""cartesian-ghf"", ""ghf_diagnostic"": ""complete three-column height function"", ""ghf_direction"": ""y"", ""ghf_fit_points"": 0, ""ghf_height_points"": 3, ""ghf_independent_points"": 3, ""ghf_method"": ""height_function"", ""interval_count"": 1, ""objective"": 8.347126952912588e-07, ""optimizer_message"": ""CONVERGENCE: NORM_OF_PROJECTED_GRADIENT_<=_PGTOL"", ""optimizer_success"": true}"
PLVIRA,PLVIRA,ellipses,2,128,97,81,reconstructed,0.22464893298088906,0.22464893298088975,6.938893903907228e-16,0.06204656904805836,0.0615005767547489,0.0005459922933094621,2.276980766994274e-07,True,height_function,"{""curvature"": 0.06204656904805836, ""curvature_source"": ""cartesian-ghf"", ""ghf_diagnostic"": ""complete three-column height function"", ""ghf_direction"": ""y"", ""ghf_fit_points"": 0, ""ghf_height_points"": 3, ""ghf_independent_points"": 3, ""ghf_method"": ""height_function"", ""interval_count"": 1, ""objective"": 2.276980766994274e-07, ""optimizer_message"": ""CONVERGENCE: NORM_OF_PROJECTED_GRADIENT_<=_PGTOL"", ""optimizer_success"": true}"
PLVIRA,PLVIRA,ellipses,2,128,98,57,reconstructed,0.0963042731926903,0.09630427319269044,1.3877787807814457e-16,0.04458079719327331,0.04509899109944366,0.0005181939061703472,1.1385835840144707e-07,True,height_function,"{""curvature"": 0.04458079719327331, ""curvature_source"": ""cartesian-ghf"", ""ghf_diagnostic"": ""complete three-column height function"", ""ghf_direction"": ""x"", ""ghf_fit_points"": 0, ""ghf_height_points"": 3, ""ghf_independent_points"": 3, ""ghf_method"": ""height_function"", ""interval_count"": 1, ""objective"": 1.1385835840144707e-07, ""optimizer_message"": ""CONVERGENCE: NORM_OF_PROJECTED_GRADIENT_<=_PGTOL"", ""optimizer_success"": true}"
PLVIRA,PLVIRA,ellipses,2,128,98,58,reconstructed,0.505238331114032,0.5052383311140323,2.220446049250313e-16,0.04754261561822268,0.04705446974417626,0.0004881458740464209,9.908530612641414e-08,True,height_function,"{""curvature"": 0.04754261561822268, ""curvature_source"": ""cartesian-ghf"", ""ghf_diagnostic"": ""complete three-column height function"", ""ghf_direction"": ""x"", ""ghf_fit_points"": 0, ""ghf_height_points"": 3, ""ghf_independent_points"": 3, ""ghf_method"": ""height_function"", ""interval_count"": 1, ""objective"": 9.908530612641414e-08, ""optimizer_message"": ""CONVERGENCE: NORM_OF_PROJECTED_GRADIENT_<=_PGTOL"", ""optimizer_success"": true}"
PLVIRA,PLVIRA,ellipses,2,128,98,79,reconstructed,0.6012749627266788,0.6012749627266789,1.1102230246251565e-16,0.07054400736997161,0.0687151578301392,0.0018288495398324084,7.187264539777656e-07,True,height_function,"{""curvature"": 0.07054400736997161, ""curvature_source"": ""cartesian-ghf"", ""ghf_diagnostic"": ""complete three-column height function"", ""ghf_direction"": ""x"", ""ghf_fit_points"": 0, ""ghf_height_points"": 3, ""ghf_independent_points"": 3, ""ghf_method"": ""height_function"", ""interval_count"": 1, ""objective"": 7.187264539777656e-07, ""optimizer_message"": ""CONVERGENCE: NORM_OF_PROJECTED_GRADIENT_<=_PGTOL"", ""optimizer_success"": true}"
PLVIRA,PLVIRA,ellipses,2,128,98,80,reconstructed,0.23160006996693455,0.23160006996693439,1.6653345369377348e-16,0.06586770617580504,0.06616577491775442,0.00029806874194938937,2.3592918930543843e-07,True,height_function,"{""curvature"": 0.06586770617580504, ""curvature_source"": ""cartesian-ghf"", ""ghf_diagnostic"": ""complete three-column height function"", ""ghf_direction"": ""x"", ""ghf_fit_points"": 0, ""ghf_height_points"": 3, ""ghf_independent_points"": 3, ""ghf_method"": ""height_function"", ""interval_count"": 1, ""objective"": 2.3592918930543843e-07, ""optimizer_message"": ""CONVERGENCE: NORM_OF_PROJECTED_GRADIENT_<=_PGTOL"", ""optimizer_success"": true}"
PLVIRA,PLVIRA,ellipses,2,128,99,58,reconstructed,0.020819026223304955,0.020819026223305413,4.579669976578771e-16,0.04754261561822268,0.048592663270215386,0.0010500476519927082,2.538871195733025e-07,True,height_function,"{""curvature"": 0.04754261561822268, ""curvature_source"": ""cartesian-ghf"", ""ghf_diagnostic"": ""complete three-column height function"", ""ghf_direction"": ""x"", ""ghf_fit_points"": 0, ""ghf_height_points"": 3, ""ghf_independent_points"": 3, ""ghf_method"": ""height_function"", ""interval_count"": 1, ""objective"": 2.538871195733025e-07, ""optimizer_message"": ""CONVERGENCE: REL_REDUCTION_OF_F_<=_FACTR*EPSMCH"", ""optimizer_success"": true}"
PLVIRA,PLVIRA,ellipses,2,128,99,59,reconstructed,0.33633941460935773,0.3363394146093585,7.771561172376096e-16,0.05068795837262402,0.05066147094283347,2.6487429790549022e-05,2.8878463192060328e-08,True,height_function,"{""curvature"": 0.05068795837262402, ""curvature_source"": ""cartesian-ghf"", ""ghf_diagnostic"": ""complete three-column height function"", ""ghf_direction"": ""x"", ""ghf_fit_points"": 0, ""ghf_height_points"": 3, ""ghf_independent_points"": 3, ""ghf_method"": ""height_function"", ""interval_count"": 1, ""objective"": 2.8878463192060328e-08, ""optimizer_message"": ""CONVERGENCE: NORM_OF_PROJECTED_GRADIENT_<=_PGTOL"", ""optimizer_success"": true}"
PLVIRA,PLVIRA,ellipses,2,128,99,60,reconstructed,0.6023608588777608,0.6023608588777607,1.1102230246251565e-16,0.054004742557217066,0.052652793344295255,0.0013519492129218103,2.2708577202460818e-07,True,height_function,"{""curvature"": 0.054004742557217066, ""curvature_source"": ""cartesian-ghf"", ""ghf_diagnostic"": ""complete three-column height function"", ""ghf_direction"": ""x"", ""ghf_fit_points"": 0, ""ghf_height_points"": 3, ""ghf_independent_points"": 3, ""ghf_method"": ""height_function"", ""interval_count"": 1, ""objective"": 2.2708577202460818e-07, ""optimizer_message"": ""CONVERGENCE: NORM_OF_PROJECTED_GRADIENT_<=_PGTOL"", ""optimizer_success"": true}"
PLVIRA,PLVIRA,ellipses,2,128,99,78,reconstructed,0.564367526641598,0.5643675266415982,2.220446049250313e-16,0.07490125593271377,0.0737666587644949,0.0011345971682188705,2.0450044728930523e-07,True,height_function,"{""curvature"": 0.07490125593271377, ""curvature_source"": ""cartesian-ghf"", ""ghf_diagnostic"": ""complete three-column height function"", ""ghf_direction"": ""x"", ""ghf_fit_points"": 0, ""ghf_height_points"": 3, ""ghf_independent_points"": 3, ""ghf_method"": ""height_function"", ""interval_count"": 1, ""objective"": 2.0450044728930523e-07, ""optimizer_message"": ""CONVERGENCE: REL_REDUCTION_OF_F_<=_FACTR*EPSMCH"", ""optimizer_success"": true}"
PLVIRA,PLVIRA,ellipses,2,128,99,79,reconstructed,0.16845209249897505,0.16845209249897558,5.273559366969494e-16,0.07054400736997161,0.07097478154788257,0.0004307741779109586,2.3760807964695552e-07,True,height_function,"{""curvature"": 0.07054400736997161, ""curvature_source"": ""cartesian-ghf"", ""ghf_diagnostic"": ""complete three-column height function"", ""ghf_direction"": ""x"", ""ghf_fit_points"": 0, ""ghf_height_points"": 3, ""ghf_independent_points"": 3, ""ghf_method"": ""height_function"", ""interval_count"": 1, ""objective"": 2.3760807964695552e-07, ""optimizer_message"": ""CONVERGENCE: REL_REDUCTION_OF_F_<=_FACTR*EPSMCH"", ""optimizer_success"": true}"
PLVIRA,PLVIRA,ellipses,2,128,100,60,reconstructed,0.113304582111573,0.11330458211157263,3.7470027081099033e-16,0.054004742557217066,0.0543292266002757,0.00032448404305863293,1.7885365702602956e-08,True,height_function,"{""curvature"": 0.054004742557217066, ""curvature_source"": ""cartesian-ghf"", ""ghf_diagnostic"": ""complete three-column height function"", ""ghf_direction"": ""x"", ""ghf_fit_points"": 0, ""ghf_height_points"": 3, ""ghf_independent_points"": 3, ""ghf_method"": ""height_function"", ""interval_count"": 1, ""objective"": 1.7885365702602956e-08, ""optimizer_message"": ""CONVERGENCE: NORM_OF_PROJECTED_GRADIENT_<=_PGTOL"", ""optimizer_success"": true}"
PLVIRA,PLVIRA,ellipses,2,128,100,61,reconstructed,0.44441006612994394,0.4444100661299497,5.773159728050814e-15,0.05409142572715081,0.05743784733023877,0.0033464216030879568,5.352030613832164e-06,True,mixed_height_parabola,"{""curvature"": 0.05409142572715081, ""curvature_source"": ""cartesian-ghf"", ""ghf_diagnostic"": ""parabola fit to consistent heights from both directions"", ""ghf_direction"": null, ""ghf_fit_points"": 4, ""ghf_height_points"": 4, ""ghf_independent_points"": 3, ""ghf_method"": ""mixed_height_parabola"", ""interval_count"": 1, ""objective"": 5.352030613832164e-06, ""optimizer_message"": ""CONVERGENCE: REL_REDUCTION_OF_F_<=_FACTR*EPSMCH"", ""optimizer_success"": true}"
PLVIRA,PLVIRA,ellipses,2,128,100,62,reconstructed,0.6101980637861383,0.6101980637861387,4.440892098500626e-16,0.056945436593729776,0.059285509913350125,0.002340073319620349,4.71256885563668e-06,True,mixed_height_parabola,"{""curvature"": 0.056945436593729776, ""curvature_source"": ""cartesian-ghf"", ""ghf_diagnostic"": ""parabola fit to consistent heights from both directions"", ""ghf_direction"": null, ""ghf_fit_points"": 4, ""ghf_height_points"": 4, ""ghf_independent_points"": 3, ""ghf_method"": ""mixed_height_parabola"", ""interval_count"": 1, ""objective"": 4.71256885563668e-06, ""optimizer_message"": ""CONVERGENCE: REL_REDUCTION_OF_F_<=_FACTR*EPSMCH"", ""optimizer_success"": true}"
PLVIRA,PLVIRA,ellipses,2,128,100,76,reconstructed,0.6102070554479623,0.6102070554479619,3.3306690738754696e-16,0.08215068460191265,0.08059623986078293,0.0015544447411297152,2.0270132372532412e-07,True,height_function,"{""curvature"": 0.08215068460191265, ""curvature_source"": ""cartesian-ghf"", ""ghf_diagnostic"": ""complete three-column height function"", ""ghf_direction"": ""x"", ""ghf_fit_points"": 0, ""ghf_height_points"": 3, ""ghf_independent_points"": 3, ""ghf_method"": ""height_function"", ""interval_count"": 1, ""objective"": 2.0270132372532412e-07, ""optimizer_message"": ""CONVERGENCE: NORM_OF_PROJECTED_GRADIENT_<=_PGTOL"", ""optimizer_success"": true}"
PLVIRA,PLVIRA,ellipses,2,128,100,77,reconstructed,0.4198205226567702,0.41982052265677633,6.106226635438361e-15,0.07881115060345807,0.07878843860315964,2.2712000298436008e-05,7.750427734540432e-08,True,height_function,"{""curvature"": 0.07881115060345807, ""curvature_source"": ""cartesian-ghf"", ""ghf_diagnostic"": ""complete three-column height function"", ""ghf_direction"": ""x"", ""ghf_fit_points"": 0, ""ghf_height_points"": 3, ""ghf_independent_points"": 3, ""ghf_method"": ""height_function"", ""interval_count"": 1, ""objective"": 7.750427734540432e-08, ""optimizer_message"": ""CONVERGENCE: REL_REDUCTION_OF_F_<=_FACTR*EPSMCH"", ""optimizer_success"": true}"
PLVIRA,PLVIRA,ellipses,2,128,100,78,reconstructed,0.06350490689633155,0.06350490689633183,2.7755575615628914e-16,0.07490125593271377,0.07583559107996375,0.0009343351472499845,2.4224021420362964e-07,True,height_function,"{""curvature"": 0.07490125593271377, ""curvature_source"": ""cartesian-ghf"", ""ghf_diagnostic"": ""complete three-column height function"", ""ghf_direction"": ""x"", ""ghf_fit_points"": 0, ""ghf_height_points"": 3, ""ghf_independent_points"": 3, ""ghf_method"": ""height_function"", ""interval_count"": 1, ""objective"": 2.4224021420362964e-07, ""optimizer_message"": ""CONVERGENCE: NORM_OF_PROJECTED_GRADIENT_<=_PGTOL"", ""optimizer_success"": true}"
PLVIRA,PLVIRA,ellipses,2,128,101,62,reconstructed,0.13390744807455884,0.1339074480745592,3.608224830031759e-16,0.0,0.06107323016226465,0.06107323016226465,0.002037230737081208,True,degenerate_zero,"{""curvature"": 0.0, ""curvature_source"": ""cartesian-ghf"", ""ghf_diagnostic"": ""fewer than three independent 3x3 PLIC fragment centroids"", ""ghf_direction"": null, ""ghf_fit_points"": 4, ""ghf_height_points"": 3, ""ghf_independent_points"": 2, ""ghf_method"": ""degenerate_zero"", ""interval_count"": 1, ""objective"": 0.002037230737081208, ""optimizer_message"": ""CONVERGENCE: NORM_OF_PROJECTED_GRADIENT_<=_PGTOL"", ""optimizer_success"": true}"
PLVIRA,PLVIRA,ellipses,2,128,101,63,reconstructed,0.3946522408361165,0.39465224083611655,5.551115123125783e-17,0.0,0.06469351440450692,0.06469351440450692,0.001589651568421622,True,degenerate_zero,"{""curvature"": 0.0, ""curvature_source"": ""cartesian-ghf"", ""ghf_diagnostic"": ""fewer than three independent 3x3 PLIC fragment centroids"", ""ghf_direction"": null, ""ghf_fit_points"": 6, ""ghf_height_points"": 2, ""ghf_independent_points"": 2, ""ghf_method"": ""degenerate_zero"", ""interval_count"": 1, ""objective"": 0.001589651568421622, ""optimizer_message"": ""CONVERGENCE: REL_REDUCTION_OF_F_<=_FACTR*EPSMCH"", ""optimizer_success"": true}"
PLVIRA,PLVIRA,ellipses,2,128,101,64,reconstructed,0.5881554449641211,0.5881554449641213,2.220446049250313e-16,0.0,0.06740804868495621,0.06740804868495621,0.0018123650479976313,True,degenerate_zero,"{""curvature"": 0.0, ""curvature_source"": ""cartesian-ghf"", ""ghf_diagnostic"": ""fewer than three independent 3x3 PLIC fragment centroids"", ""ghf_direction"": null, ""ghf_fit_points"": 7, ""ghf_height_points"": 2, ""ghf_independent_points"": 1, ""ghf_method"": ""degenerate_zero"", ""interval_count"": 1, ""objective"": 0.0018123650479976313, ""optimizer_message"": ""CONVERGENCE: REL_REDUCTION_OF_F_<=_FACTR*EPSMCH"", ""optimizer_success"": true}"
PLVIRA,PLVIRA,ellipses,2,128,101,74,reconstructed,0.6055120174009169,0.6055120174009135,3.3306690738754696e-15,0.08671349617882805,0.08601155185011411,0.000701944328713941,2.926319622487224e-08,True,height_function,"{""curvature"": 0.08671349617882805, ""curvature_source"": ""cartesian-ghf"", ""ghf_diagnostic"": ""complete three-column height function"", ""ghf_direction"": ""x"", ""ghf_fit_points"": 0, ""ghf_height_points"": 3, ""ghf_independent_points"": 3, ""ghf_method"": ""height_function"", ""interval_count"": 1, ""objective"": 2.926319622487224e-08, ""optimizer_message"": ""CONVERGENCE: NORM_OF_PROJECTED_GRADIENT_<=_PGTOL"", ""optimizer_success"": true}"
PLVIRA,PLVIRA,ellipses,2,128,101,75,reconstructed,0.43760256789147545,0.437602567891477,1.5543122344752192e-15,0.08481232352282908,0.08476875871837417,4.3564804454915285e-05,4.295330410701528e-09,True,height_function,"{""curvature"": 0.08481232352282908, ""curvature_source"": ""cartesian-ghf"", ""ghf_diagnostic"": ""complete three-column height function"", ""ghf_direction"": ""x"", ""ghf_fit_points"": 0, ""ghf_height_points"": 3, ""ghf_independent_points"": 3, ""ghf_method"": ""height_function"", ""interval_count"": 1, ""objective"": 4.295330410701528e-09, ""optimizer_message"": ""CONVERGENCE: REL_REDUCTION_OF_F_<=_FACTR*EPSMCH"", ""optimizer_success"": true}"
PLVIRA,PLVIRA,ellipses,2,128,101,76,reconstructed,0.15153977509910765,0.1515397750991087,1.0547118733938987e-15,0.08215068460191265,0.08216085711197593,1.0172510063286011e-05,4.06294106360102e-10,True,height_function,"{""curvature"": 0.08215068460191265, ""curvature_source"": ""cartesian-ghf"", ""ghf_diagnostic"": ""complete three-column height function"", ""ghf_direction"": ""x"", ""ghf_fit_points"": 0, ""ghf_height_points"": 3, ""ghf_independent_points"": 3, ""ghf_method"": ""height_function"", ""interval_count"": 1, ""objective"": 4.06294106360102e-10, ""optimizer_message"": ""CONVERGENCE: REL_REDUCTION_OF_F_<=_FACTR*EPSMCH"", ""optimizer_success"": true}"
PLVIRA,PLVIRA,ellipses,2,128,102,64,reconstructed,0.028992202261678358,0.02899220226167762,7.389922007661198e-16,0.0,0.0692433050847512,0.0692433050847512,0.0018801030172176285,True,degenerate_zero,"{""curvature"": 0.0, ""curvature_source"": ""cartesian-ghf"", ""ghf_diagnostic"": ""fewer than three independent 3x3 PLIC fragment centroids"", ""ghf_direction"": null, ""ghf_fit_points"": 5, ""ghf_height_points"": 2, ""ghf_independent_points"": 1, ""ghf_method"": ""degenerate_zero"", ""interval_count"": 1, ""objective"": 0.0018801030172176285, ""optimizer_message"": ""CONVERGENCE: REL_REDUCTION_OF_F_<=_FACTR*EPSMCH"", ""optimizer_success"": true}"
PLVIRA,PLVIRA,ellipses,2,128,102,65,reconstructed,0.19108383458607353,0.1910838345860736,5.551115123125783e-17,0.0,0.07201679645416953,0.07201679645416953,0.0013383163426402785,True,degenerate_zero,"{""curvature"": 0.0, ""curvature_source"": ""cartesian-ghf"", ""ghf_diagnostic"": ""fewer than three independent 3x3 PLIC fragment centroids"", ""ghf_direction"": null, ""ghf_fit_points"": 6, ""ghf_height_points"": 1, ""ghf_independent_points"": 1, ""ghf_method"": ""degenerate_zero"", ""interval_count"": 1, ""objective"": 0.0013383163426402785, ""optimizer_message"": ""CONVERGENCE: NORM_OF_PROJECTED_GRADIENT_<=_PGTOL"", ""optimizer_success"": true}"
PLVIRA,PLVIRA,ellipses,2,128,102,66,reconstructed,0.33716511849985364,0.33716511849985364,0.0,0.0,0.07552455680123361,0.07552455680123361,0.0019790470233489506,True,degenerate_zero,"{""curvature"": 0.0, ""curvature_source"": ""cartesian-ghf"", ""ghf_diagnostic"": ""fewer than three independent 3x3 PLIC fragment centroids"", ""ghf_direction"": null, ""ghf_fit_points"": 6, ""ghf_height_points"": 2, ""ghf_independent_points"": 1, ""ghf_method"": ""degenerate_zero"", ""interval_count"": 1, ""objective"": 0.0019790470233489506, ""optimizer_message"": ""CONVERGENCE: REL_REDUCTION_OF_F_<=_FACTR*EPSMCH"", ""optimizer_success"": true}"
PLVIRA,PLVIRA,ellipses,2,128,102,67,reconstructed,0.4448471194095996,0.4448471194095996,0.0,0.0,0.0788047123819584,0.0788047123819584,0.002019635079599874,True,degenerate_zero,"{""curvature"": 0.0, ""curvature_source"": ""cartesian-ghf"", ""ghf_diagnostic"": ""fewer than three independent 3x3 PLIC fragment centroids"", ""ghf_direction"": null, ""ghf_fit_points"": 5, ""ghf_height_points"": 2, ""ghf_independent_points"": 2, ""ghf_method"": ""degenerate_zero"", ""interval_count"": 1, ""objective"": 0.002019635079599874, ""optimizer_message"": ""CONVERGENCE: NORM_OF_PROJECTED_GRADIENT_<=_PGTOL"", ""optimizer_success"": true}"
PLVIRA,PLVIRA,ellipses,2,128,102,68,reconstructed,0.513738072464288,0.5137380724643235,3.5416114485542494e-14,0.08181241090121953,0.08174763403932966,6.477686188986753e-05,3.0111106372414064e-14,True,height_function,"{""curvature"": 0.08181241090121953, ""curvature_source"": ""cartesian-ghf"", ""ghf_diagnostic"": ""complete three-column height function"", ""ghf_direction"": ""x"", ""ghf_fit_points"": 0, ""ghf_height_points"": 3, ""ghf_independent_points"": 3, ""ghf_method"": ""height_function"", ""interval_count"": 1, ""objective"": 3.0111106372414064e-14, ""optimizer_message"": ""CONVERGENCE: NORM_OF_PROJECTED_GRADIENT_<=_PGTOL"", ""optimizer_success"": true}"
PLVIRA,PLVIRA,ellipses,2,128,102,69,reconstructed,0.5432370553003131,0.5432370553003131,0.0,0.08431366506770187,0.08424737322505456,6.629184264730914e-05,8.903128118549866e-17,True,height_function,"{""curvature"": 0.08431366506770187, ""curvature_source"": ""cartesian-ghf"", ""ghf_diagnostic"": ""complete three-column height function"", ""ghf_direction"": ""x"", ""ghf_fit_points"": 0, ""ghf_height_points"": 3, ""ghf_independent_points"": 3, ""ghf_method"": ""height_function"", ""interval_count"": 1, ""objective"": 8.903128118549866e-17, ""optimizer_message"": ""CONVERGENCE: NORM_OF_PROJECTED_GRADIENT_<=_PGTOL"", ""optimizer_success"": true}"
PLVIRA,PLVIRA,ellipses,2,128,102,70,reconstructed,0.5325178756456472,0.5325178756456072,4.007905118896815e-14,0.08625511821738596,0.08618862090520214,6.649731218381916e-05,9.917939194168654e-15,True,height_function,"{""curvature"": 0.08625511821738596, ""curvature_source"": ""cartesian-ghf"", ""ghf_diagnostic"": ""complete three-column height function"", ""ghf_direction"": ""x"", ""ghf_fit_points"": 0, ""ghf_height_points"": 3, ""ghf_independent_points"": 3, ""ghf_method"": ""height_function"", ""interval_count"": 1, ""objective"": 9.917939194168654e-15, ""optimizer_message"": ""CONVERGENCE: NORM_OF_PROJECTED_GRADIENT_<=_PGTOL"", ""optimizer_success"": true}"
PLVIRA,PLVIRA,ellipses,2,128,102,71,reconstructed,0.4805060167687893,0.4805060167687643,2.4980018054066022e-14,0.08753502813678544,0.08746979372352637,6.523441325907708e-05,9.832413954473863e-14,True,height_function,"{""curvature"": 0.08753502813678544, ""curvature_source"": ""cartesian-ghf"", ""ghf_diagnostic"": ""complete three-column height function"", ""ghf_direction"": ""x"", ""ghf_fit_points"": 0, ""ghf_height_points"": 3, ""ghf_independent_points"": 3, ""ghf_method"": ""height_function"", ""interval_count"": 1, ""objective"": 9.832413954473863e-14, ""optimizer_message"": ""CONVERGENCE: REL_REDUCTION_OF_F_<=_FACTR*EPSMCH"", ""optimizer_success"": true}"
PLVIRA,PLVIRA,ellipses,2,128,102,72,reconstructed,0.38584707002864616,0.38584707002863894,7.216449660063518e-15,0.08807013450821727,0.0880077691570478,6.236535116946329e-05,1.097464442728875e-14,True,height_function,"{""curvature"": 0.08807013450821727, ""curvature_source"": ""cartesian-ghf"", ""ghf_diagnostic"": ""complete three-column height function"", ""ghf_direction"": ""x"", ""ghf_fit_points"": 0, ""ghf_height_points"": 3, ""ghf_independent_points"": 3, ""ghf_method"": ""height_function"", ""interval_count"": 1, ""objective"": 1.097464442728875e-14, ""optimizer_message"": ""CONVERGENCE: NORM_OF_PROJECTED_GRADIENT_<=_PGTOL"", ""optimizer_success"": true}"
PLVIRA,PLVIRA,ellipses,2,128,102,73,reconstructed,0.24686435057177933,0.2468643505717805,1.1657341758564144e-15,0.08780399626273233,0.08774622561876086,5.7770643971472024e-05,4.606974696861418e-10,True,height_function,"{""curvature"": 0.08780399626273233, ""curvature_source"": ""cartesian-ghf"", ""ghf_diagnostic"": ""complete three-column height function"", ""ghf_direction"": ""x"", ""ghf_fit_points"": 0, ""ghf_height_points"": 3, ""ghf_independent_points"": 3, ""ghf_method"": ""height_function"", ""interval_count"": 1, ""objective"": 4.606974696861418e-10, ""optimizer_message"": ""CONVERGENCE: NORM_OF_PROJECTED_GRADIENT_<=_PGTOL"", ""optimizer_success"": true}"
PLVIRA,PLVIRA,ellipses,2,128,102,74,reconstructed,0.06634188227309357,0.06634188227309297,5.967448757360216e-16,0.08671349617882805,0.08681331329860391,9.981711977585794e-05,2.037771988466518e-09,True,height_function,"{""curvature"": 0.08671349617882805, ""curvature_source"": ""cartesian-ghf"", ""ghf_diagnostic"": ""complete three-column height function"", ""ghf_direction"": ""x"", ""ghf_fit_points"": 0, ""ghf_height_points"": 3, ""ghf_independent_points"": 3, ""ghf_method"": ""height_function"", ""interval_count"": 1, ""objective"": 2.037771988466518e-09, ""optimizer_message"": ""CONVERGENCE: NORM_OF_PROJECTED_GRADIENT_<=_PGTOL"", ""optimizer_success"": true}"
