method,variant,benchmark,case_index,cells_per_side,cell_x,cell_y,status,target_phase_area,reconstructed_phase_area,absolute_area_residual,curvature_estimate,true_curvature,curvature_absolute_error,objective,optimizer_success,ghf_method,diagnostics_json
PLVIRA,PLVIRA,ellipses,3,128,41,52,reconstructed,0.016546336699952795,0.01654633669996,7.206041319207657e-15,0.02285343101267326,0.022766654355194618,8.677665747864119e-05,3.9236529105032594e-10,True,height_function,"{""curvature"": 0.02285343101267326, ""curvature_source"": ""cartesian-ghf"", ""ghf_diagnostic"": ""complete three-column height function"", ""ghf_direction"": ""x"", ""ghf_fit_points"": 0, ""ghf_height_points"": 3, ""ghf_independent_points"": 3, ""ghf_method"": ""height_function"", ""interval_count"": 1, ""objective"": 3.9236529105032594e-10, ""optimizer_message"": ""CONVERGENCE: NORM_OF_PROJECTED_GRADIENT_<=_PGTOL"", ""optimizer_success"": true}"
PLVIRA,PLVIRA,ellipses,3,128,41,53,reconstructed,0.08150452049307348,0.08150452049300191,7.156775172489915e-14,0.022404176569474358,0.02239582649009364,8.350079380717995e-06,4.1943056161286104e-10,True,height_function,"{""curvature"": 0.022404176569474358, ""curvature_source"": ""cartesian-ghf"", ""ghf_diagnostic"": ""complete three-column height function"", ""ghf_direction"": ""x"", ""ghf_fit_points"": 0, ""ghf_height_points"": 3, ""ghf_independent_points"": 3, ""ghf_method"": ""height_function"", ""interval_count"": 1, ""objective"": 4.1943056161286104e-10, ""optimizer_message"": ""CONVERGENCE: NORM_OF_PROJECTED_GRADIENT_<=_PGTOL"", ""optimizer_success"": true}"
PLVIRA,PLVIRA,ellipses,3,128,41,54,reconstructed,0.13989475687420466,0.13989475687421055,5.88418203051333e-15,0.021998654093356596,0.021990908541265508,7.745552091088098e-06,9.905521970389132e-17,True,height_function,"{""curvature"": 0.021998654093356596, ""curvature_source"": ""cartesian-ghf"", ""ghf_diagnostic"": ""complete three-column height function"", ""ghf_direction"": ""x"", ""ghf_fit_points"": 0, ""ghf_height_points"": 3, ""ghf_independent_points"": 3, ""ghf_method"": ""height_function"", ""interval_count"": 1, ""objective"": 9.905521970389132e-17, ""optimizer_message"": ""CONVERGENCE: REL_REDUCTION_OF_F_<=_FACTR*EPSMCH"", ""optimizer_success"": true}"
PLVIRA,PLVIRA,ellipses,3,128,41,55,reconstructed,0.18767596372820017,0.18767596372820017,0.0,0.021633815345763186,0.021626588870124946,7.2264756382396655e-06,1.0483555682761462e-18,True,height_function,"{""curvature"": 0.021633815345763186, ""curvature_source"": ""cartesian-ghf"", ""ghf_diagnostic"": ""complete three-column height function"", ""ghf_direction"": ""x"", ""ghf_fit_points"": 0, ""ghf_height_points"": 3, ""ghf_independent_points"": 3, ""ghf_method"": ""height_function"", ""interval_count"": 1, ""objective"": 1.0483555682761462e-18, ""optimizer_message"": ""CONVERGENCE: NORM_OF_PROJECTED_GRADIENT_<=_PGTOL"", ""optimizer_success"": true}"
PLVIRA,PLVIRA,ellipses,3,128,41,56,reconstructed,0.2250659433731206,0.22506594337310062,1.9984014443252818e-14,0.021307014844166746,0.02130023306657329,6.781777593455746e-06,7.34003676107487e-20,True,height_function,"{""curvature"": 0.021307014844166746, ""curvature_source"": ""cartesian-ghf"", ""ghf_diagnostic"": ""complete three-column height function"", ""ghf_direction"": ""x"", ""ghf_fit_points"": 0, ""ghf_height_points"": 3, ""ghf_independent_points"": 3, ""ghf_method"": ""height_function"", ""interval_count"": 1, ""objective"": 7.34003676107487e-20, ""optimizer_message"": ""CONVERGENCE: NORM_OF_PROJECTED_GRADIENT_<=_PGTOL"", ""optimizer_success"": true}"
PLVIRA,PLVIRA,ellipses,3,128,41,57,reconstructed,0.2522532663306885,0.25225326633068745,1.0547118733938987e-15,0.021015962688280213,0.021009560296686238,6.402391593975099e-06,3.2229617205704595e-21,True,height_function,"{""curvature"": 0.021015962688280213, ""curvature_source"": ""cartesian-ghf"", ""ghf_diagnostic"": ""complete three-column height function"", ""ghf_direction"": ""x"", ""ghf_fit_points"": 0, ""ghf_height_points"": 3, ""ghf_independent_points"": 3, ""ghf_method"": ""height_function"", ""interval_count"": 1, ""objective"": 3.2229617205704595e-21, ""optimizer_message"": ""CONVERGENCE: NORM_OF_PROJECTED_GRADIENT_<=_PGTOL"", ""optimizer_success"": true}"
PLVIRA,PLVIRA,ellipses,3,128,41,58,reconstructed,0.2693995638303073,0.2693995638303073,0.0,0.020758685267812514,0.020752604368002373,6.080899810141649e-06,5.9183790897631484e-18,True,height_function,"{""curvature"": 0.020758685267812514, ""curvature_source"": ""cartesian-ghf"", ""ghf_diagnostic"": ""complete three-column height function"", ""ghf_direction"": ""x"", ""ghf_fit_points"": 0, ""ghf_height_points"": 3, ""ghf_independent_points"": 3, ""ghf_method"": ""height_function"", ""interval_count"": 1, ""objective"": 5.9183790897631484e-18, ""optimizer_message"": ""CONVERGENCE: NORM_OF_PROJECTED_GRADIENT_<=_PGTOL"", ""optimizer_success"": true}"
PLVIRA,PLVIRA,ellipses,3,128,41,59,reconstructed,0.276641421737874,0.27664142171791356,1.9960422203979533e-11,0.02053349260832221,0.020527681353320223,5.811255001986204e-06,1.122679132228098e-19,True,height_function,"{""curvature"": 0.02053349260832221, ""curvature_source"": ""cartesian-ghf"", ""ghf_diagnostic"": ""complete three-column height function"", ""ghf_direction"": ""x"", ""ghf_fit_points"": 0, ""ghf_height_points"": 3, ""ghf_independent_points"": 3, ""ghf_method"": ""height_function"", ""interval_count"": 1, ""objective"": 1.122679132228098e-19, ""optimizer_message"": ""CONVERGENCE: NORM_OF_PROJECTED_GRADIENT_<=_PGTOL"", ""optimizer_success"": true}"
PLVIRA,PLVIRA,ellipses,3,128,41,60,reconstructed,0.274091930367217,0.2740919303718795,4.6624926142158074e-12,0.020338951361112807,0.020333362797421473,5.588563691334009e-06,9.35214721201563e-21,True,height_function,"{""curvature"": 0.020338951361112807, ""curvature_source"": ""cartesian-ghf"", ""ghf_diagnostic"": ""complete three-column height function"", ""ghf_direction"": ""x"", ""ghf_fit_points"": 0, ""ghf_height_points"": 3, ""ghf_independent_points"": 3, ""ghf_method"": ""height_function"", ""interval_count"": 1, ""objective"": 9.35214721201563e-21, ""optimizer_message"": ""CONVERGENCE: NORM_OF_PROJECTED_GRADIENT_<=_PGTOL"", ""optimizer_success"": true}"
PLVIRA,PLVIRA,ellipses,3,128,41,61,reconstructed,0.2618419328767543,0.2618419328770916,3.373412660323538e-13,0.0201738626449008,0.020168453726921,5.408917979801697e-06,3.7379257973501816e-16,True,height_function,"{""curvature"": 0.0201738626449008, ""curvature_source"": ""cartesian-ghf"", ""ghf_diagnostic"": ""complete three-column height function"", ""ghf_direction"": ""x"", ""ghf_fit_points"": 0, ""ghf_height_points"": 3, ""ghf_independent_points"": 3, ""ghf_method"": ""height_function"", ""interval_count"": 1, ""objective"": 3.7379257973501816e-16, ""optimizer_message"": ""CONVERGENCE: REL_REDUCTION_OF_F_<=_FACTR*EPSMCH"", ""optimizer_success"": true}"
PLVIRA,PLVIRA,ellipses,3,128,41,62,reconstructed,0.23996100539864418,0.2399610053988958,2.5163204853129173e-13,0.020037244111337428,0.020031974845237364,5.269266100064313e-06,1.0904859767589155e-20,True,height_function,"{""curvature"": 0.020037244111337428, ""curvature_source"": ""cartesian-ghf"", ""ghf_diagnostic"": ""complete three-column height function"", ""ghf_direction"": ""x"", ""ghf_fit_points"": 0, ""ghf_height_points"": 3, ""ghf_independent_points"": 3, ""ghf_method"": ""height_function"", ""interval_count"": 1, ""objective"": 1.0904859767589155e-20, ""optimizer_message"": ""CONVERGENCE: NORM_OF_PROJECTED_GRADIENT_<=_PGTOL"", ""optimizer_success"": true}"
PLVIRA,PLVIRA,ellipses,3,128,41,63,reconstructed,0.20849819412538478,0.20849819412538556,7.771561172376096e-16,0.019928315743366596,0.019923148428376385,5.1673149902113635e-06,1.5922216290009118e-19,True,height_function,"{""curvature"": 0.019928315743366596, ""curvature_source"": ""cartesian-ghf"", ""ghf_diagnostic"": ""complete three-column height function"", ""ghf_direction"": ""x"", ""ghf_fit_points"": 0, ""ghf_height_points"": 3, ""ghf_independent_points"": 3, ""ghf_method"": ""height_function"", ""interval_count"": 1, ""objective"": 1.5922216290009118e-19, ""optimizer_message"": ""CONVERGENCE: NORM_OF_PROJECTED_GRADIENT_<=_PGTOL"", ""optimizer_success"": true}"
PLVIRA,PLVIRA,ellipses,3,128,41,64,reconstructed,0.16748252785193748,0.16748252785194975,1.226796442210798e-14,0.019846489010934377,0.019841387551261518,5.101459672859215e-06,1.4909450324285494e-18,True,height_function,"{""curvature"": 0.019846489010934377, ""curvature_source"": ""cartesian-ghf"", ""ghf_diagnostic"": ""complete three-column height function"", ""ghf_direction"": ""x"", ""ghf_fit_points"": 0, ""ghf_height_points"": 3, ""ghf_independent_points"": 3, ""ghf_method"": ""height_function"", ""interval_count"": 1, ""objective"": 1.4909450324285494e-18, ""optimizer_message"": ""CONVERGENCE: NORM_OF_PROJECTED_GRADIENT_<=_PGTOL"", ""optimizer_success"": true}"
PLVIRA,PLVIRA,ellipses,3,128,41,65,reconstructed,0.11692331859403753,0.11692331859403753,0.0,0.01979135910793824,0.01978628837218515,5.070735753089778e-06,2.3360315567149485e-14,True,height_function,"{""curvature"": 0.01979135910793824, ""curvature_source"": ""cartesian-ghf"", ""ghf_diagnostic"": ""complete three-column height function"", ""ghf_direction"": ""x"", ""ghf_fit_points"": 0, ""ghf_height_points"": 3, ""ghf_independent_points"": 3, ""ghf_method"": ""height_function"", ""interval_count"": 1, ""objective"": 2.3360315567149485e-14, ""optimizer_message"": ""CONVERGENCE: REL_REDUCTION_OF_F_<=_FACTR*EPSMCH"", ""optimizer_success"": true}"
PLVIRA,PLVIRA,ellipses,3,128,41,66,reconstructed,0.056810257591694,0.05681025759166544,2.856048730848215e-14,0.019762700084112326,0.019757625290780033,5.074793332292965e-06,5.978773806932726e-14,True,height_function,"{""curvature"": 0.019762700084112326, ""curvature_source"": ""cartesian-ghf"", ""ghf_diagnostic"": ""complete three-column height function"", ""ghf_direction"": ""x"", ""ghf_fit_points"": 0, ""ghf_height_points"": 3, ""ghf_independent_points"": 3, ""ghf_method"": ""height_function"", ""interval_count"": 1, ""objective"": 5.978773806932726e-14, ""optimizer_message"": ""CONVERGENCE: NORM_OF_PROJECTED_GRADIENT_<=_PGTOL"", ""optimizer_success"": true}"
PLVIRA,PLVIRA,ellipses,3,128,41,67,reconstructed,0.0039233482954662,0.003923348295507688,4.148764665146132e-14,0.019760462765460833,0.019753168293777972,7.294471682860876e-06,6.716255100581973e-13,True,height_function,"{""curvature"": 0.019760462765460833, ""curvature_source"": ""cartesian-ghf"", ""ghf_diagnostic"": ""complete three-column height function"", ""ghf_direction"": ""x"", ""ghf_fit_points"": 0, ""ghf_height_points"": 3, ""ghf_independent_points"": 3, ""ghf_method"": ""height_function"", ""interval_count"": 1, ""objective"": 6.716255100581973e-13, ""optimizer_message"": ""CONVERGENCE: NORM_OF_PROJECTED_GRADIENT_<=_PGTOL"", ""optimizer_success"": true}"
PLVIRA,PLVIRA,ellipses,3,128,42,46,reconstructed,0.0038785949483216104,0.0038785949483249108,3.3003114130458755e-15,0.026705758071987475,0.026370218468005947,0.00033553960398152727,6.1016597947498745e-09,True,height_function,"{""curvature"": 0.026705758071987475, ""curvature_source"": ""cartesian-ghf"", ""ghf_diagnostic"": ""complete three-column height function"", ""ghf_direction"": ""x"", ""ghf_fit_points"": 0, ""ghf_height_points"": 3, ""ghf_independent_points"": 3, ""ghf_method"": ""height_function"", ""interval_count"": 1, ""objective"": 6.1016597947498745e-09, ""optimizer_message"": ""CONVERGENCE: REL_REDUCTION_OF_F_<=_FACTR*EPSMCH"", ""optimizer_success"": true}"
PLVIRA,PLVIRA,ellipses,3,128,42,47,reconstructed,0.10201771626251281,0.1020177162624939,1.8915424782051105e-14,0.025898747094729963,0.025883961598747486,1.478549598247711e-05,3.139452189299866e-10,True,height_function,"{""curvature"": 0.025898747094729963, ""curvature_source"": ""cartesian-ghf"", ""ghf_diagnostic"": ""complete three-column height function"", ""ghf_direction"": ""x"", ""ghf_fit_points"": 0, ""ghf_height_points"": 3, ""ghf_independent_points"": 3, ""ghf_method"": ""height_function"", ""interval_count"": 1, ""objective"": 3.139452189299866e-10, ""optimizer_message"": ""CONVERGENCE: NORM_OF_PROJECTED_GRADIENT_<=_PGTOL"", ""optimizer_success"": true}"
PLVIRA,PLVIRA,ellipses,3,128,42,48,reconstructed,0.23070137216304004,0.23070137216307438,3.4333647036532966e-14,0.025166338799895206,0.02515309237445353,1.3246425441676424e-05,3.4998039248089916e-17,True,height_function,"{""curvature"": 0.025166338799895206, ""curvature_source"": ""cartesian-ghf"", ""ghf_diagnostic"": ""complete three-column height function"", ""ghf_direction"": ""x"", ""ghf_fit_points"": 0, ""ghf_height_points"": 3, ""ghf_independent_points"": 3, ""ghf_method"": ""height_function"", ""interval_count"": 1, ""objective"": 3.4998039248089916e-17, ""optimizer_message"": ""CONVERGENCE: NORM_OF_PROJECTED_GRADIENT_<=_PGTOL"", ""optimizer_success"": true}"
PLVIRA,PLVIRA,ellipses,3,128,42,49,reconstructed,0.34665462661459906,0.34665462661460544,6.38378239159465e-15,0.024501380810956538,0.02448944187738199,1.1938933574547062e-05,3.887422986115552e-17,True,height_function,"{""curvature"": 0.024501380810956538, ""curvature_source"": ""cartesian-ghf"", ""ghf_diagnostic"": ""complete three-column height function"", ""ghf_direction"": ""x"", ""ghf_fit_points"": 0, ""ghf_height_points"": 3, ""ghf_independent_points"": 3, ""ghf_method"": ""height_function"", ""interval_count"": 1, ""objective"": 3.887422986115552e-17, ""optimizer_message"": ""CONVERGENCE: REL_REDUCTION_OF_F_<=_FACTR*EPSMCH"", ""optimizer_success"": true}"
PLVIRA,PLVIRA,ellipses,3,128,42,50,reconstructed,0.45035273045859464,0.450352730458607,1.2378986724570495e-14,0.023897693577178372,0.023886869794021996,1.0823783156376637e-05,2.8753142493525015e-16,True,height_function,"{""curvature"": 0.023897693577178372, ""curvature_source"": ""cartesian-ghf"", ""ghf_diagnostic"": ""complete three-column height function"", ""ghf_direction"": ""x"", ""ghf_fit_points"": 0, ""ghf_height_points"": 3, ""ghf_independent_points"": 3, ""ghf_method"": ""height_function"", ""interval_count"": 1, ""objective"": 2.8753142493525015e-16, ""optimizer_message"": ""CONVERGENCE: REL_REDUCTION_OF_F_<=_FACTR*EPSMCH"", ""optimizer_success"": true}"
PLVIRA,PLVIRA,ellipses,3,128,42,51,reconstructed,0.5422140363406399,0.542214036340667,2.708944180085382e-14,0.023349925026793936,0.02334005539942865,9.869627365287348e-06,2.4684637784226673e-10,True,height_function,"{""curvature"": 0.023349925026793936, ""curvature_source"": ""cartesian-ghf"", ""ghf_diagnostic"": ""complete three-column height function"", ""ghf_direction"": ""x"", ""ghf_fit_points"": 0, ""ghf_height_points"": 3, ""ghf_independent_points"": 3, ""ghf_method"": ""height_function"", ""interval_count"": 1, ""objective"": 2.4684637784226673e-10, ""optimizer_message"": ""CONVERGENCE: NORM_OF_PROJECTED_GRADIENT_<=_PGTOL"", ""optimizer_success"": true}"
PLVIRA,PLVIRA,ellipses,3,128,42,52,reconstructed,0.6060606860250178,0.6060606860250505,3.26405569239796e-14,0.02285343101267326,0.023004405593975954,0.00015097458130269512,1.4087176256894885e-09,True,height_function,"{""curvature"": 0.02285343101267326, ""curvature_source"": ""cartesian-ghf"", ""ghf_diagnostic"": ""complete three-column height function"", ""ghf_direction"": ""x"", ""ghf_fit_points"": 0, ""ghf_height_points"": 3, ""ghf_independent_points"": 3, ""ghf_method"": ""height_function"", ""interval_count"": 1, ""objective"": 1.4087176256894885e-09, ""optimizer_message"": ""CONVERGENCE: REL_REDUCTION_OF_F_<=_FACTR*EPSMCH"", ""optimizer_success"": true}"
PLVIRA,PLVIRA,ellipses,3,128,42,67,reconstructed,0.5935415232217791,0.5935415232217357,4.340972026284362e-14,0.019760462765460833,0.019757517885592366,2.9448798684675315e-06,1.4031590546532221e-13,True,height_function,"{""curvature"": 0.019760462765460833, ""curvature_source"": ""cartesian-ghf"", ""ghf_diagnostic"": ""complete three-column height function"", ""ghf_direction"": ""x"", ""ghf_fit_points"": 0, ""ghf_height_points"": 3, ""ghf_independent_points"": 3, ""ghf_method"": ""height_function"", ""interval_count"": 1, ""objective"": 1.4031590546532221e-13, ""optimizer_message"": ""CONVERGENCE: NORM_OF_PROJECTED_GRADIENT_<=_PGTOL"", ""optimizer_success"": true}"
PLVIRA,PLVIRA,ellipses,3,128,42,68,reconstructed,0.5181339613196029,0.518133961319605,2.1094237467877974e-15,0.01978477543718748,0.01977958668539443,5.188751793051144e-06,1.6068297760618535e-12,True,height_function,"{""curvature"": 0.01978477543718748, ""curvature_source"": ""cartesian-ghf"", ""ghf_diagnostic"": ""complete three-column height function"", ""ghf_direction"": ""x"", ""ghf_fit_points"": 0, ""ghf_height_points"": 3, ""ghf_independent_points"": 3, ""ghf_method"": ""height_function"", ""interval_count"": 1, ""objective"": 1.6068297760618535e-12, ""optimizer_message"": ""CONVERGENCE: NORM_OF_PROJECTED_GRADIENT_<=_PGTOL"", ""optimizer_success"": true}"
PLVIRA,PLVIRA,ellipses,3,128,42,69,reconstructed,0.42909845363575305,0.4290984536357778,2.475797344914099e-14,0.019835947339423423,0.019830646261455566,5.301077967857087e-06,4.85369691401639e-16,True,height_function,"{""curvature"": 0.019835947339423423, ""curvature_source"": ""cartesian-ghf"", ""ghf_diagnostic"": ""complete three-column height function"", ""ghf_direction"": ""x"", ""ghf_fit_points"": 0, ""ghf_height_points"": 3, ""ghf_independent_points"": 3, ""ghf_method"": ""height_function"", ""interval_count"": 1, ""objective"": 4.85369691401639e-16, ""optimizer_message"": ""CONVERGENCE: REL_REDUCTION_OF_F_<=_FACTR*EPSMCH"", ""optimizer_success"": true}"
PLVIRA,PLVIRA,ellipses,3,128,42,70,reconstructed,0.33026640186642475,0.3302664018664418,1.7041923427996153e-14,0.0199144751092342,0.01990902203784935,5.453071384848435e-06,2.3917222674172534e-20,True,height_function,"{""curvature"": 0.0199144751092342, ""curvature_source"": ""cartesian-ghf"", ""ghf_diagnostic"": ""complete three-column height function"", ""ghf_direction"": ""x"", ""ghf_fit_points"": 0, ""ghf_height_points"": 3, ""ghf_independent_points"": 3, ""ghf_method"": ""height_function"", ""interval_count"": 1, ""objective"": 2.3917222674172534e-20, ""optimizer_message"": ""CONVERGENCE: NORM_OF_PROJECTED_GRADIENT_<=_PGTOL"", ""optimizer_success"": true}"
PLVIRA,PLVIRA,ellipses,3,128,42,71,reconstructed,0.22152355559943068,0.22152355559941522,1.5459855617905305e-14,0.020021052390537888,0.02001540462357242,5.647766965467815e-06,9.432397147171853e-18,True,height_function,"{""curvature"": 0.020021052390537888, ""curvature_source"": ""cartesian-ghf"", ""ghf_diagnostic"": ""complete three-column height function"", ""ghf_direction"": ""x"", ""ghf_fit_points"": 0, ""ghf_height_points"": 3, ""ghf_independent_points"": 3, ""ghf_method"": ""height_function"", ""interval_count"": 1, ""objective"": 9.432397147171853e-18, ""optimizer_message"": ""CONVERGENCE: NORM_OF_PROJECTED_GRADIENT_<=_PGTOL"", ""optimizer_success"": true}"
PLVIRA,PLVIRA,ellipses,3,128,42,72,reconstructed,0.10273209778569048,0.10273209778567279,1.7694179454963432e-14,0.02015658293450367,0.02015069383009669,5.889104406981566e-06,2.2243823244659878e-11,True,height_function,"{""curvature"": 0.02015658293450367, ""curvature_source"": ""cartesian-ghf"", ""ghf_diagnostic"": ""complete three-column height function"", ""ghf_direction"": ""x"", ""ghf_fit_points"": 0, ""ghf_height_points"": 3, ""ghf_independent_points"": 3, ""ghf_method"": ""height_function"", ""interval_count"": 1, ""objective"": 2.2243823244659878e-11, ""optimizer_message"": ""CONVERGENCE: NORM_OF_PROJECTED_GRADIENT_<=_PGTOL"", ""optimizer_success"": true}"
PLVIRA,PLVIRA,ellipses,3,128,42,73,reconstructed,0.006135729955263996,0.006135729955263396,6.002143226879753e-16,0.02032219763270756,0.020255095210182334,6.710242252522605e-05,2.368530507111906e-10,True,height_function,"{""curvature"": 0.02032219763270756, ""curvature_source"": ""cartesian-ghf"", ""ghf_diagnostic"": ""complete three-column height function"", ""ghf_direction"": ""x"", ""ghf_fit_points"": 0, ""ghf_height_points"": 3, ""ghf_independent_points"": 3, ""ghf_method"": ""height_function"", ""interval_count"": 1, ""objective"": 2.368530507111906e-10, ""optimizer_message"": ""CONVERGENCE: NORM_OF_PROJECTED_GRADIENT_<=_PGTOL"", ""optimizer_success"": true}"
PLVIRA,PLVIRA,ellipses,3,128,43,43,reconstructed,0.06227257202999029,0.062272572029984236,6.05765437811101e-15,0.02966454331537862,0.02952650807499256,0.0001380352403860599,1.0345046880441005e-09,True,height_function,"{""curvature"": 0.02966454331537862, ""curvature_source"": ""cartesian-ghf"", ""ghf_diagnostic"": ""complete three-column height function"", ""ghf_direction"": ""x"", ""ghf_fit_points"": 0, ""ghf_height_points"": 3, ""ghf_independent_points"": 3, ""ghf_method"": ""height_function"", ""interval_count"": 1, ""objective"": 1.0345046880441005e-09, ""optimizer_message"": ""CONVERGENCE: NORM_OF_PROJECTED_GRADIENT_<=_PGTOL"", ""optimizer_success"": true}"
PLVIRA,PLVIRA,ellipses,3,128,43,44,reconstructed,0.24413555238965806,0.2441355523896632,5.134781488891349e-15,0.028578166959065822,0.028556825591996137,2.1341367069684786e-05,1.9562057600662186e-09,True,height_function,"{""curvature"": 0.028578166959065822, ""curvature_source"": ""cartesian-ghf"", ""ghf_diagnostic"": ""complete three-column height function"", ""ghf_direction"": ""x"", ""ghf_fit_points"": 0, ""ghf_height_points"": 3, ""ghf_independent_points"": 3, ""ghf_method"": ""height_function"", ""interval_count"": 1, ""objective"": 1.9562057600662186e-09, ""optimizer_message"": ""CONVERGENCE: NORM_OF_PROJECTED_GRADIENT_<=_PGTOL"", ""optimizer_success"": true}"
PLVIRA,PLVIRA,ellipses,3,128,43,45,reconstructed,0.4145718610021952,0.41457186100220456,9.381384558082573e-15,0.02759567442253461,0.02757691861171077,1.87558108238374e-05,1.495821078158199e-09,True,height_function,"{""curvature"": 0.02759567442253461, ""curvature_source"": ""cartesian-ghf"", ""ghf_diagnostic"": ""complete three-column height function"", ""ghf_direction"": ""x"", ""ghf_fit_points"": 0, ""ghf_height_points"": 3, ""ghf_independent_points"": 3, ""ghf_method"": ""height_function"", ""interval_count"": 1, ""objective"": 1.495821078158199e-09, ""optimizer_message"": ""CONVERGENCE: REL_REDUCTION_OF_F_<=_FACTR*EPSMCH"", ""optimizer_success"": true}"
PLVIRA,PLVIRA,ellipses,3,128,43,46,reconstructed,0.5665359039804242,0.5665359039804349,1.0658141036401503e-14,0.026705758071987475,0.02678763340553017,8.187533354269555e-05,6.651934820756057e-10,True,height_function,"{""curvature"": 0.026705758071987475, ""curvature_source"": ""cartesian-ghf"", ""ghf_diagnostic"": ""complete three-column height function"", ""ghf_direction"": ""x"", ""ghf_fit_points"": 0, ""ghf_height_points"": 3, ""ghf_independent_points"": 3, ""ghf_method"": ""height_function"", ""interval_count"": 1, ""objective"": 6.651934820756057e-10, ""optimizer_message"": ""CONVERGENCE: NORM_OF_PROJECTED_GRADIENT_<=_PGTOL"", ""optimizer_success"": true}"
PLVIRA,PLVIRA,ellipses,3,128,43,73,reconstructed,0.5779449111239159,0.5779449111239273,1.1435297153639112e-14,0.02032219763270756,0.020343999345040366,2.18017123328057e-05,5.159329407470492e-11,True,height_function,"{""curvature"": 0.02032219763270756, ""curvature_source"": ""cartesian-ghf"", ""ghf_diagnostic"": ""complete three-column height function"", ""ghf_direction"": ""x"", ""ghf_fit_points"": 0, ""ghf_height_points"": 3, ""ghf_independent_points"": 3, ""ghf_method"": ""height_function"", ""interval_count"": 1, ""objective"": 5.159329407470492e-11, ""optimizer_message"": ""CONVERGENCE: REL_REDUCTION_OF_F_<=_FACTR*EPSMCH"", ""optimizer_success"": true}"
PLVIRA,PLVIRA,ellipses,3,128,43,74,reconstructed,0.4446760650999341,0.44467606509993435,2.220446049250313e-16,0.020519276060698324,0.020512744723817415,6.531336880909178e-06,9.186460696289045e-11,True,height_function,"{""curvature"": 0.020519276060698324, ""curvature_source"": ""cartesian-ghf"", ""ghf_diagnostic"": ""complete three-column height function"", ""ghf_direction"": ""x"", ""ghf_fit_points"": 0, ""ghf_height_points"": 3, ""ghf_independent_points"": 3, ""ghf_method"": ""height_function"", ""interval_count"": 1, ""objective"": 9.186460696289045e-11, ""optimizer_message"": ""CONVERGENCE: NORM_OF_PROJECTED_GRADIENT_<=_PGTOL"", ""optimizer_success"": true}"
PLVIRA,PLVIRA,ellipses,3,128,43,75,reconstructed,0.2946505769945873,0.29465057699459496,7.66053886991358e-15,0.02074947329736534,0.020742525876170453,6.947421194888198e-06,5.441347362438694e-20,True,height_function,"{""curvature"": 0.02074947329736534, ""curvature_source"": ""cartesian-ghf"", ""ghf_diagnostic"": ""complete three-column height function"", ""ghf_direction"": ""x"", ""ghf_fit_points"": 0, ""ghf_height_points"": 3, ""ghf_independent_points"": 3, ""ghf_method"": ""height_function"", ""interval_count"": 1, ""objective"": 5.441347362438694e-20, ""optimizer_message"": ""CONVERGENCE: NORM_OF_PROJECTED_GRADIENT_<=_PGTOL"", ""optimizer_success"": true}"
PLVIRA,PLVIRA,ellipses,3,128,43,76,reconstructed,0.13375267528510187,0.13375267528507523,2.6645352591003757e-14,0.021014752979905998,0.02100731430770925,7.438672196748153e-06,7.281426470805878e-11,True,height_function,"{""curvature"": 0.021014752979905998, ""curvature_source"": ""cartesian-ghf"", ""ghf_diagnostic"": ""complete three-column height function"", ""ghf_direction"": ""x"", ""ghf_fit_points"": 0, ""ghf_height_points"": 3, ""ghf_independent_points"": 3, ""ghf_method"": ""height_function"", ""interval_count"": 1, ""objective"": 7.281426470805878e-11, ""optimizer_message"": ""CONVERGENCE: NORM_OF_PROJECTED_GRADIENT_<=_PGTOL"", ""optimizer_success"": true}"
PLVIRA,PLVIRA,ellipses,3,128,43,77,reconstructed,0.007108507595658214,0.007108507595663394,5.179884299266746e-15,0.021317427856245717,0.021196897753638106,0.00012053010260761055,8.64828513192902e-10,True,height_function,"{""curvature"": 0.021317427856245717, ""curvature_source"": ""cartesian-ghf"", ""ghf_diagnostic"": ""complete three-column height function"", ""ghf_direction"": ""x"", ""ghf_fit_points"": 0, ""ghf_height_points"": 3, ""ghf_independent_points"": 3, ""ghf_method"": ""height_function"", ""interval_count"": 1, ""objective"": 8.64828513192902e-10, ""optimizer_message"": ""CONVERGENCE: REL_REDUCTION_OF_F_<=_FACTR*EPSMCH"", ""optimizer_success"": true}"
PLVIRA,PLVIRA,ellipses,3,128,44,40,reconstructed,0.03545292557418182,0.035452925574180824,9.992007221626409e-16,0.03369220694735558,0.03329500883338922,0.00039719811396635857,1.2408320642561423e-08,True,height_function,"{""curvature"": 0.03369220694735558, ""curvature_source"": ""cartesian-ghf"", ""ghf_diagnostic"": ""complete three-column height function"", ""ghf_direction"": ""x"", ""ghf_fit_points"": 0, ""ghf_height_points"": 3, ""ghf_independent_points"": 3, ""ghf_method"": ""height_function"", ""interval_count"": 1, ""objective"": 1.2408320642561423e-08, ""optimizer_message"": ""CONVERGENCE: REL_REDUCTION_OF_F_<=_FACTR*EPSMCH"", ""optimizer_success"": true}"
PLVIRA,PLVIRA,ellipses,3,128,44,41,reconstructed,0.24684649869375722,0.24684649869376168,4.468647674116255e-15,0.032204444962121645,0.03217161611515882,3.28288469628249e-05,6.448488896668576e-09,True,height_function,"{""curvature"": 0.032204444962121645, ""curvature_source"": ""cartesian-ghf"", ""ghf_diagnostic"": ""complete three-column height function"", ""ghf_direction"": ""x"", ""ghf_fit_points"": 0, ""ghf_height_points"": 3, ""ghf_independent_points"": 3, ""ghf_method"": ""height_function"", ""interval_count"": 1, ""objective"": 6.448488896668576e-09, ""optimizer_message"": ""CONVERGENCE: NORM_OF_PROJECTED_GRADIENT_<=_PGTOL"", ""optimizer_success"": true}"
PLVIRA,PLVIRA,ellipses,3,128,44,42,reconstructed,0.4664623633145496,0.46646236331454133,8.271161533457416e-15,0.030868081307256923,0.030839875067052533,2.820624020439047e-05,6.591064641318515e-10,True,height_function,"{""curvature"": 0.030868081307256923, ""curvature_source"": ""cartesian-ghf"", ""ghf_diagnostic"": ""complete three-column height function"", ""ghf_direction"": ""x"", ""ghf_fit_points"": 0, ""ghf_height_points"": 3, ""ghf_independent_points"": 3, ""ghf_method"": ""height_function"", ""interval_count"": 1, ""objective"": 6.591064641318515e-10, ""optimizer_message"": ""CONVERGENCE: REL_REDUCTION_OF_F_<=_FACTR*EPSMCH"", ""optimizer_success"": true}"
PLVIRA,PLVIRA,ellipses,3,128,44,43,reconstructed,0.6063733164883128,0.6063733164883109,1.887379141862766e-15,0.02966454331537862,0.030104358846796894,0.0004398155314182736,1.3616598914679926e-08,True,height_function,"{""curvature"": 0.02966454331537862, ""curvature_source"": ""cartesian-ghf"", ""ghf_diagnostic"": ""complete three-column height function"", ""ghf_direction"": ""x"", ""ghf_fit_points"": 0, ""ghf_height_points"": 3, ""ghf_independent_points"": 3, ""ghf_method"": ""height_function"", ""interval_count"": 1, ""objective"": 1.3616598914679926e-08, ""optimizer_message"": ""CONVERGENCE: REL_REDUCTION_OF_F_<=_FACTR*EPSMCH"", ""optimizer_success"": true}"
PLVIRA,PLVIRA,ellipses,3,128,44,77,reconstructed,0.5649384204931097,0.5649384204931139,4.218847493575595e-15,0.021317427856245717,0.021355670717211832,3.8242860966115205e-05,1.5853253025202443e-10,True,height_function,"{""curvature"": 0.021317427856245717, ""curvature_source"": ""cartesian-ghf"", ""ghf_diagnostic"": ""complete three-column height function"", ""ghf_direction"": ""x"", ""ghf_fit_points"": 0, ""ghf_height_points"": 3, ""ghf_independent_points"": 3, ""ghf_method"": ""height_function"", ""interval_count"": 1, ""objective"": 1.5853253025202443e-10, ""optimizer_message"": ""CONVERGENCE: NORM_OF_PROJECTED_GRADIENT_<=_PGTOL"", ""optimizer_success"": true}"
PLVIRA,PLVIRA,ellipses,3,128,44,78,reconstructed,0.38850370244099913,0.3885037024410046,5.440092820663267e-15,0.02166020943019184,0.021651516423007798,8.693007184042145e-06,2.9226469263389376e-10,True,height_function,"{""curvature"": 0.02166020943019184, ""curvature_source"": ""cartesian-ghf"", ""ghf_diagnostic"": ""complete three-column height function"", ""ghf_direction"": ""x"", ""ghf_fit_points"": 0, ""ghf_height_points"": 3, ""ghf_independent_points"": 3, ""ghf_method"": ""height_function"", ""interval_count"": 1, ""objective"": 2.9226469263389376e-10, ""optimizer_message"": ""CONVERGENCE: REL_REDUCTION_OF_F_<=_FACTR*EPSMCH"", ""optimizer_success"": true}"
PLVIRA,PLVIRA,ellipses,3,128,44,79,reconstructed,0.19310369969903302,0.1931036996990237,9.325873406851315e-15,0.02204626876406827,0.0220367765685187,9.492195549572896e-06,3.699869821965449e-10,True,height_function,"{""curvature"": 0.02204626876406827, ""curvature_source"": ""cartesian-ghf"", ""ghf_diagnostic"": ""complete three-column height function"", ""ghf_direction"": ""x"", ""ghf_fit_points"": 0, ""ghf_height_points"": 3, ""ghf_independent_points"": 3, ""ghf_method"": ""height_function"", ""interval_count"": 1, ""objective"": 3.699869821965449e-10, ""optimizer_message"": ""CONVERGENCE: NORM_OF_PROJECTED_GRADIENT_<=_PGTOL"", ""optimizer_success"": true}"
PLVIRA,PLVIRA,ellipses,3,128,44,80,reconstructed,0.019919451760249767,0.019919451760245982,3.785166624581393e-15,0.02247931111351965,0.02234136304116171,0.0001379480723579414,1.3545271099667436e-09,True,height_function,"{""curvature"": 0.02247931111351965, ""curvature_source"": ""cartesian-ghf"", ""ghf_diagnostic"": ""complete three-column height function"", ""ghf_direction"": ""x"", ""ghf_fit_points"": 0, ""ghf_height_points"": 3, ""ghf_independent_points"": 3, ""ghf_method"": ""height_function"", ""interval_count"": 1, ""objective"": 1.3545271099667436e-09, ""optimizer_message"": ""CONVERGENCE: NORM_OF_PROJECTED_GRADIENT_<=_PGTOL"", ""optimizer_success"": true}"
PLVIRA,PLVIRA,ellipses,3,128,45,38,reconstructed,0.08748671747616325,0.08748671747616442,1.1657341758564144e-15,0.037214900672181674,0.03693765046306171,0.0002772502091199641,5.596062929119116e-09,True,height_function,"{""curvature"": 0.037214900672181674, ""curvature_source"": ""cartesian-ghf"", ""ghf_diagnostic"": ""complete three-column height function"", ""ghf_direction"": ""x"", ""ghf_fit_points"": 0, ""ghf_height_points"": 3, ""ghf_independent_points"": 3, ""ghf_method"": ""height_function"", ""interval_count"": 1, ""objective"": 5.596062929119116e-09, ""optimizer_message"": ""CONVERGENCE: NORM_OF_PROJECTED_GRADIENT_<=_PGTOL"", ""optimizer_success"": true}"
PLVIRA,PLVIRA,ellipses,3,128,45,39,reconstructed,0.3603279291144938,0.3603279291144932,6.106226635438361e-16,0.03535350878998616,0.035307885213065895,4.562357692026314e-05,1.747732181408103e-08,True,height_function,"{""curvature"": 0.03535350878998616, ""curvature_source"": ""cartesian-ghf"", ""ghf_diagnostic"": ""complete three-column height function"", ""ghf_direction"": ""x"", ""ghf_fit_points"": 0, ""ghf_height_points"": 3, ""ghf_independent_points"": 3, ""ghf_method"": ""height_function"", ""interval_count"": 1, ""objective"": 1.747732181408103e-08, ""optimizer_message"": ""CONVERGENCE: NORM_OF_PROJECTED_GRADIENT_<=_PGTOL"", ""optimizer_success"": true}"
PLVIRA,PLVIRA,ellipses,3,128,45,40,reconstructed,0.5834197547492138,0.5834197547492165,2.6645352591003757e-15,0.03369220694735558,0.034078698208625094,0.00038649126126951566,1.638742782443919e-08,True,height_function,"{""curvature"": 0.03369220694735558, ""curvature_source"": ""cartesian-ghf"", ""ghf_diagnostic"": ""complete three-column height function"", ""ghf_direction"": ""x"", ""ghf_fit_points"": 0, ""ghf_height_points"": 3, ""ghf_independent_points"": 3, ""ghf_method"": ""height_function"", ""interval_count"": 1, ""objective"": 1.638742782443919e-08, ""optimizer_message"": ""CONVERGENCE: NORM_OF_PROJECTED_GRADIENT_<=_PGTOL"", ""optimizer_success"": true}"
PLVIRA,PLVIRA,ellipses,3,128,45,80,reconstructed,0.5758579708173395,0.5758579708173353,4.218847493575595e-15,0.02247931111351965,0.02256904274722991,8.97316337102605e-05,8.303471507842745e-10,True,height_function,"{""curvature"": 0.02247931111351965, ""curvature_source"": ""cartesian-ghf"", ""ghf_diagnostic"": ""complete three-column height function"", ""ghf_direction"": ""x"", ""ghf_fit_points"": 0, ""ghf_height_points"": 3, ""ghf_independent_points"": 3, ""ghf_method"": ""height_function"", ""interval_count"": 1, ""objective"": 8.303471507842745e-10, ""optimizer_message"": ""CONVERGENCE: NORM_OF_PROJECTED_GRADIENT_<=_PGTOL"", ""optimizer_success"": true}"
PLVIRA,PLVIRA,ellipses,3,128,45,81,reconstructed,0.3753433933009559,0.37534339330096483,8.93729534823251e-15,0.02296366786920291,0.022952127668969032,1.1540200233878944e-05,7.18131409375305e-10,True,height_function,"{""curvature"": 0.02296366786920291, ""curvature_source"": ""cartesian-ghf"", ""ghf_diagnostic"": ""complete three-column height function"", ""ghf_direction"": ""x"", ""ghf_fit_points"": 0, ""ghf_height_points"": 3, ""ghf_independent_points"": 3, ""ghf_method"": ""height_function"", ""interval_count"": 1, ""objective"": 7.18131409375305e-10, ""optimizer_message"": ""CONVERGENCE: REL_REDUCTION_OF_F_<=_FACTR*EPSMCH"", ""optimizer_success"": true}"
PLVIRA,PLVIRA,ellipses,3,128,45,82,reconstructed,0.14160886640235498,0.14160886640235254,2.4424906541753444e-15,0.02350441037340945,0.023491550132195123,1.2860241214326246e-05,2.5230613456609296e-11,True,height_function,"{""curvature"": 0.02350441037340945, ""curvature_source"": ""cartesian-ghf"", ""ghf_diagnostic"": ""complete three-column height function"", ""ghf_direction"": ""x"", ""ghf_fit_points"": 0, ""ghf_height_points"": 3, ""ghf_independent_points"": 3, ""ghf_method"": ""height_function"", ""interval_count"": 1, ""objective"": 2.5230613456609296e-11, ""optimizer_message"": ""CONVERGENCE: NORM_OF_PROJECTED_GRADIENT_<=_PGTOL"", ""optimizer_success"": true}"
PLVIRA,PLVIRA,ellipses,3,128,45,83,reconstructed,0.0008192272675469625,0.0008192272675479999,1.0373646386341306e-15,0.024107491661520115,0.023807996458366513,0.0002994952031536019,5.561097783649545e-09,True,height_function,"{""curvature"": 0.024107491661520115, ""curvature_source"": ""cartesian-ghf"", ""ghf_diagnostic"": ""complete three-column height function"", ""ghf_direction"": ""x"", ""ghf_fit_points"": 0, ""ghf_height_points"": 3, ""ghf_independent_points"": 3, ""ghf_method"": ""height_function"", ""interval_count"": 1, ""objective"": 5.561097783649545e-09, ""optimizer_message"": ""CONVERGENCE: REL_REDUCTION_OF_F_<=_FACTR*EPSMCH"", ""optimizer_success"": true}"
PLVIRA,PLVIRA,ellipses,3,128,46,36,reconstructed,0.07444094259005016,0.0744409425900465,3.6637359812630166e-15,0.041672959771006164,0.041164865106948154,0.0005080946640580106,2.602355020272038e-08,True,height_function,"{""curvature"": 0.041672959771006164, ""curvature_source"": ""cartesian-ghf"", ""ghf_diagnostic"": ""complete three-column height function"", ""ghf_direction"": ""x"", ""ghf_fit_points"": 0, ""ghf_height_points"": 3, ""ghf_independent_points"": 3, ""ghf_method"": ""height_function"", ""interval_count"": 1, ""objective"": 2.602355020272038e-08, ""optimizer_message"": ""CONVERGENCE: NORM_OF_PROJECTED_GRADIENT_<=_PGTOL"", ""optimizer_success"": true}"
PLVIRA,PLVIRA,ellipses,3,128,46,37,reconstructed,0.3853384585014663,0.3853384585014678,1.4988010832439613e-15,0.0393084166002931,0.0392422938935198,6.61227067733014e-05,2.8637807635518612e-08,True,height_function,"{""curvature"": 0.0393084166002931, ""curvature_source"": ""cartesian-ghf"", ""ghf_diagnostic"": ""complete three-column height function"", ""ghf_direction"": ""x"", ""ghf_fit_points"": 0, ""ghf_height_points"": 3, ""ghf_independent_points"": 3, ""ghf_method"": ""height_function"", ""interval_count"": 1, ""objective"": 2.8637807635518612e-08, ""optimizer_message"": ""CONVERGENCE: NORM_OF_PROJECTED_GRADIENT_<=_PGTOL"", ""optimizer_success"": true}"
PLVIRA,PLVIRA,ellipses,3,128,46,38,reconstructed,0.6026248432411392,0.6026248432411376,1.5543122344752192e-15,0.037214900672181674,0.03793223698471448,0.0007173363125328042,5.4686182357434645e-08,True,height_function,"{""curvature"": 0.037214900672181674, ""curvature_source"": ""cartesian-ghf"", ""ghf_diagnostic"": ""complete three-column height function"", ""ghf_direction"": ""x"", ""ghf_fit_points"": 0, ""ghf_height_points"": 3, ""ghf_independent_points"": 3, ""ghf_method"": ""height_function"", ""interval_count"": 1, ""objective"": 5.4686182357434645e-08, ""optimizer_message"": ""CONVERGENCE: NORM_OF_PROJECTED_GRADIENT_<=_PGTOL"", ""optimizer_success"": true}"
PLVIRA,PLVIRA,ellipses,3,128,46,83,reconstructed,0.5034852605926501,0.5034852605926533,3.219646771412954e-15,0.024107491661520115,0.024118835241102646,1.1343579582531738e-05,5.789088710215304e-11,True,height_function,"{""curvature"": 0.024107491661520115, ""curvature_source"": ""cartesian-ghf"", ""ghf_diagnostic"": ""complete three-column height function"", ""ghf_direction"": ""x"", ""ghf_fit_points"": 0, ""ghf_height_points"": 3, ""ghf_independent_points"": 3, ""ghf_method"": ""height_function"", ""interval_count"": 1, ""objective"": 5.789088710215304e-11, ""optimizer_message"": ""CONVERGENCE: REL_REDUCTION_OF_F_<=_FACTR*EPSMCH"", ""optimizer_success"": true}"
PLVIRA,PLVIRA,ellipses,3,128,46,84,reconstructed,0.24201639428765484,0.2420163942876536,1.2490009027033011e-15,0.024779924223287654,0.024763614096474332,1.631012681332228e-05,1.4474010873791976e-09,True,height_function,"{""curvature"": 0.024779924223287654, ""curvature_source"": ""cartesian-ghf"", ""ghf_diagnostic"": ""complete three-column height function"", ""ghf_direction"": ""x"", ""ghf_fit_points"": 0, ""ghf_height_points"": 3, ""ghf_independent_points"": 3, ""ghf_method"": ""height_function"", ""interval_count"": 1, ""objective"": 1.4474010873791976e-09, ""optimizer_message"": ""CONVERGENCE: NORM_OF_PROJECTED_GRADIENT_<=_PGTOL"", ""optimizer_success"": true}"
PLVIRA,PLVIRA,ellipses,3,128,46,85,reconstructed,0.02001096952639891,0.0200109695263984,5.100087019371813e-16,0.025530004744202944,0.025268781813009202,0.0002612229311937421,6.028324104133855e-09,True,height_function,"{""curvature"": 0.025530004744202944, ""curvature_source"": ""cartesian-ghf"", ""ghf_diagnostic"": ""complete three-column height function"", ""ghf_direction"": ""x"", ""ghf_fit_points"": 0, ""ghf_height_points"": 3, ""ghf_independent_points"": 3, ""ghf_method"": ""height_function"", ""interval_count"": 1, ""objective"": 6.028324104133855e-09, ""optimizer_message"": ""CONVERGENCE: REL_REDUCTION_OF_F_<=_FACTR*EPSMCH"", ""optimizer_success"": true}"
PLVIRA,PLVIRA,ellipses,3,128,47,34,reconstructed,0.015180046234357833,0.01518004623435678,1.052977149917922e-15,0.047416410523642,0.046130948168100566,0.0012854623555414307,2.8164605294641454e-07,True,height_function,"{""curvature"": 0.047416410523642, ""curvature_source"": ""cartesian-ghf"", ""ghf_diagnostic"": ""complete three-column height function"", ""ghf_direction"": ""x"", ""ghf_fit_points"": 0, ""ghf_height_points"": 3, ""ghf_independent_points"": 3, ""ghf_method"": ""height_function"", ""interval_count"": 1, ""objective"": 2.8164605294641454e-07, ""optimizer_message"": ""CONVERGENCE: REL_REDUCTION_OF_F_<=_FACTR*EPSMCH"", ""optimizer_success"": true}"
PLVIRA,PLVIRA,ellipses,3,128,47,35,reconstructed,0.3021439427764098,0.3021439427764101,2.7755575615628914e-16,0.04435609873596696,0.04425502143805376,0.00010107729791319908,2.767497657020728e-08,True,height_function,"{""curvature"": 0.04435609873596696, ""curvature_source"": ""cartesian-ghf"", ""ghf_diagnostic"": ""complete three-column height function"", ""ghf_direction"": ""x"", ""ghf_fit_points"": 0, ""ghf_height_points"": 3, ""ghf_independent_points"": 3, ""ghf_method"": ""height_function"", ""interval_count"": 1, ""objective"": 2.767497657020728e-08, ""optimizer_message"": ""CONVERGENCE: NORM_OF_PROJECTED_GRADIENT_<=_PGTOL"", ""optimizer_success"": true}"
PLVIRA,PLVIRA,ellipses,3,128,47,36,reconstructed,0.5895919606665518,0.5895919606665523,4.440892098500626e-16,0.041672959771006164,0.042424171188438387,0.0007512114174322224,8.762617922919734e-08,True,height_function,"{""curvature"": 0.041672959771006164, ""curvature_source"": ""cartesian-ghf"", ""ghf_diagnostic"": ""complete three-column height function"", ""ghf_direction"": ""x"", ""ghf_fit_points"": 0, ""ghf_height_points"": 3, ""ghf_independent_points"": 3, ""ghf_method"": ""height_function"", ""interval_count"": 1, ""objective"": 8.762617922919734e-08, ""optimizer_message"": ""CONVERGENCE: REL_REDUCTION_OF_F_<=_FACTR*EPSMCH"", ""optimizer_success"": true}"
PLVIRA,PLVIRA,ellipses,3,128,47,85,reconstructed,0.5546196327456454,0.5546196327456465,1.1102230246251565e-15,0.025530004744202944,0.0256611763899766,0.00013117164577365614,2.405794802676523e-09,True,height_function,"{""curvature"": 0.025530004744202944, ""curvature_source"": ""cartesian-ghf"", ""ghf_diagnostic"": ""complete three-column height function"", ""ghf_direction"": ""x"", ""ghf_fit_points"": 0, ""ghf_height_points"": 3, ""ghf_independent_points"": 3, ""ghf_method"": ""height_function"", ""interval_count"": 1, ""objective"": 2.405794802676523e-09, ""optimizer_message"": ""CONVERGENCE: REL_REDUCTION_OF_F_<=_FACTR*EPSMCH"", ""optimizer_success"": true}"
PLVIRA,PLVIRA,ellipses,3,128,47,86,reconstructed,0.28049955323396125,0.28049955323396436,3.1086244689504383e-15,0.026367600863329274,0.02634625495768023,2.1345905649044344e-05,5.006009511074328e-09,True,height_function,"{""curvature"": 0.026367600863329274, ""curvature_source"": ""cartesian-ghf"", ""ghf_diagnostic"": ""complete three-column height function"", ""ghf_direction"": ""x"", ""ghf_fit_points"": 0, ""ghf_height_points"": 3, ""ghf_independent_points"": 3, ""ghf_method"": ""height_function"", ""interval_count"": 1, ""objective"": 5.006009511074328e-09, ""optimizer_message"": ""CONVERGENCE: NORM_OF_PROJECTED_GRADIENT_<=_PGTOL"", ""optimizer_success"": true}"
PLVIRA,PLVIRA,ellipses,3,128,47,87,reconstructed,0.02597002989743099,0.025970029897431288,2.983724378680108e-16,0.027304520862262725,0.0269897721320855,0.00031474873017722435,1.0023927127117637e-08,True,height_function,"{""curvature"": 0.027304520862262725, ""curvature_source"": ""cartesian-ghf"", ""ghf_diagnostic"": ""complete three-column height function"", ""ghf_direction"": ""x"", ""ghf_fit_points"": 0, ""ghf_height_points"": 3, ""ghf_independent_points"": 3, ""ghf_method"": ""height_function"", ""interval_count"": 1, ""objective"": 1.0023927127117637e-08, ""optimizer_message"": ""CONVERGENCE: NORM_OF_PROJECTED_GRADIENT_<=_PGTOL"", ""optimizer_success"": true}"
PLVIRA,PLVIRA,ellipses,3,128,48,33,reconstructed,0.10434287971317624,0.10434287971317627,2.7755575615628914e-17,0.0509265588583141,0.05015588043606004,0.000770678422254055,1.237384622345959e-07,True,height_function,"{""curvature"": 0.0509265588583141, ""curvature_source"": ""cartesian-ghf"", ""ghf_diagnostic"": ""complete three-column height function"", ""ghf_direction"": ""x"", ""ghf_fit_points"": 0, ""ghf_height_points"": 3, ""ghf_independent_points"": 3, ""ghf_method"": ""height_function"", ""interval_count"": 1, ""objective"": 1.237384622345959e-07, ""optimizer_message"": ""CONVERGENCE: NORM_OF_PROJECTED_GRADIENT_<=_PGTOL"", ""optimizer_success"": true}"
PLVIRA,PLVIRA,ellipses,3,128,48,34,reconstructed,0.5009193730594377,0.5009193730594372,4.440892098500626e-16,0.047416410523642,0.04773178501560206,0.0003153744919600632,9.407269840595417e-08,True,height_function,"{""curvature"": 0.047416410523642, ""curvature_source"": ""cartesian-ghf"", ""ghf_diagnostic"": ""complete three-column height function"", ""ghf_direction"": ""x"", ""ghf_fit_points"": 0, ""ghf_height_points"": 3, ""ghf_independent_points"": 3, ""ghf_method"": ""height_function"", ""interval_count"": 1, ""objective"": 9.407269840595417e-08, ""optimizer_message"": ""CONVERGENCE: NORM_OF_PROJECTED_GRADIENT_<=_PGTOL"", ""optimizer_success"": true}"
PLVIRA,PLVIRA,ellipses,3,128,48,87,reconstructed,0.5532577122705709,0.5532577122705737,2.886579864025407e-15,0.027304520862262725,0.02748110859341596,0.00017658773115323406,4.993119098845683e-09,True,height_function,"{""curvature"": 0.027304520862262725, ""curvature_source"": ""cartesian-ghf"", ""ghf_diagnostic"": ""complete three-column height function"", ""ghf_direction"": ""x"", ""ghf_fit_points"": 0, ""ghf_height_points"": 3, ""ghf_independent_points"": 3, ""ghf_method"": ""height_function"", ""interval_count"": 1, ""objective"": 4.993119098845683e-09, ""optimizer_message"": ""CONVERGENCE: NORM_OF_PROJECTED_GRADIENT_<=_PGTOL"", ""optimizer_success"": true}"
PLVIRA,PLVIRA,ellipses,3,128,48,88,reconstructed,0.248824264623058,0.24882426462306134,3.3306690738754696e-15,0.028354995883835003,0.0283260368515984,2.8959032236604287e-05,6.179655659811536e-09,True,height_function,"{""curvature"": 0.028354995883835003, ""curvature_source"": ""cartesian-ghf"", ""ghf_diagnostic"": ""complete three-column height function"", ""ghf_direction"": ""x"", ""ghf_fit_points"": 0, ""ghf_height_points"": 3, ""ghf_independent_points"": 3, ""ghf_method"": ""height_function"", ""interval_count"": 1, ""objective"": 6.179655659811536e-09, ""optimizer_message"": ""CONVERGENCE: REL_REDUCTION_OF_F_<=_FACTR*EPSMCH"", ""optimizer_success"": true}"
PLVIRA,PLVIRA,ellipses,3,128,48,89,reconstructed,0.008418428204498332,0.008418428204498854,5.221517662690189e-16,0.02953631732170227,0.029023509355224457,0.0005128079664778115,3.1787887439489537e-08,True,height_function,"{""curvature"": 0.02953631732170227, ""curvature_source"": ""cartesian-ghf"", ""ghf_diagnostic"": ""complete three-column height function"", ""ghf_direction"": ""x"", ""ghf_fit_points"": 0, ""ghf_height_points"": 3, ""ghf_independent_points"": 3, ""ghf_method"": ""height_function"", ""interval_count"": 1, ""objective"": 3.1787887439489537e-08, ""optimizer_message"": ""CONVERGENCE: NORM_OF_PROJECTED_GRADIENT_<=_PGTOL"", ""optimizer_success"": true}"
PLVIRA,PLVIRA,ellipses,3,128,49,32,reconstructed,0.2084914017650504,0.20849140176504974,6.661338147750939e-16,0.05497738750264431,0.05453297210710461,0.0004444153955397018,1.0944989185853198e-07,True,height_function,"{""curvature"": 0.05497738750264431, ""curvature_source"": ""cartesian-ghf"", ""ghf_diagnostic"": ""complete three-column height function"", ""ghf_direction"": ""x"", ""ghf_fit_points"": 0, ""ghf_height_points"": 3, ""ghf_independent_points"": 3, ""ghf_method"": ""height_function"", ""interval_count"": 1, ""objective"": 1.0944989185853198e-07, ""optimizer_message"": ""CONVERGENCE: NORM_OF_PROJECTED_GRADIENT_<=_PGTOL"", ""optimizer_success"": true}"
PLVIRA,PLVIRA,ellipses,3,128,49,33,reconstructed,0.5855973888711304,0.5855973888711303,1.1102230246251565e-16,0.05092655885831429,0.052031263238032595,0.0011047043797183034,2.85836414369553e-07,True,height_function,"{""curvature"": 0.05092655885831429, ""curvature_source"": ""cartesian-ghf"", ""ghf_diagnostic"": ""complete three-column height function"", ""ghf_direction"": ""x"", ""ghf_fit_points"": 0, ""ghf_height_points"": 3, ""ghf_independent_points"": 3, ""ghf_method"": ""height_function"", ""interval_count"": 1, ""objective"": 2.85836414369553e-07, ""optimizer_message"": ""CONVERGENCE: REL_REDUCTION_OF_F_<=_FACTR*EPSMCH"", ""optimizer_success"": true}"
PLVIRA,PLVIRA,ellipses,3,128,49,89,reconstructed,0.5000506777858618,0.5000506777858604,1.3322676295501878e-15,0.02953631732170227,0.02963818729226323,0.00010186997056096242,3.84123182905291e-09,True,height_function,"{""curvature"": 0.02953631732170227, ""curvature_source"": ""cartesian-ghf"", ""ghf_diagnostic"": ""complete three-column height function"", ""ghf_direction"": ""x"", ""ghf_fit_points"": 0, ""ghf_height_points"": 3, ""ghf_independent_points"": 3, ""ghf_method"": ""height_function"", ""interval_count"": 1, ""objective"": 3.84123182905291e-09, ""optimizer_message"": ""CONVERGENCE: REL_REDUCTION_OF_F_<=_FACTR*EPSMCH"", ""optimizer_success"": true}"
PLVIRA,PLVIRA,ellipses,3,128,49,90,reconstructed,0.1399895888015562,0.13998958880155588,3.3306690738754696e-16,0.030869692185999942,0.030723450048473145,0.0001462421375267968,6.25647252432091e-09,True,height_function,"{""curvature"": 0.030869692185999942, ""curvature_source"": ""cartesian-ghf"", ""ghf_diagnostic"": ""complete three-column height function"", ""ghf_direction"": ""x"", ""ghf_fit_points"": 0, ""ghf_height_points"": 3, ""ghf_independent_points"": 3, ""ghf_method"": ""height_function"", ""interval_count"": 1, ""objective"": 6.25647252432091e-09, ""optimizer_message"": ""CONVERGENCE: NORM_OF_PROJECTED_GRADIENT_<=_PGTOL"", ""optimizer_success"": true}"
PLVIRA,PLVIRA,ellipses,3,128,50,31,reconstructed,0.27368649541723766,0.2736864954172167,2.098321516541546e-14,0.059683549304317296,0.05928999553235038,0.0003935537719669188,8.997624960865351e-08,True,height_function,"{""curvature"": 0.059683549304317296, ""curvature_source"": ""cartesian-ghf"", ""ghf_diagnostic"": ""complete three-column height function"", ""ghf_direction"": ""x"", ""ghf_fit_points"": 0, ""ghf_height_points"": 3, ""ghf_independent_points"": 3, ""ghf_method"": ""height_function"", ""interval_count"": 1, ""objective"": 8.997624960865351e-08, ""optimizer_message"": ""CONVERGENCE: NORM_OF_PROJECTED_GRADIENT_<=_PGTOL"", ""optimizer_success"": true}"
PLVIRA,PLVIRA,ellipses,3,128,50,32,reconstructed,0.6075676909610777,0.6075676909610782,5.551115123125783e-16,0.05497738750264414,0.056719303648243985,0.0017419161455998478,7.687602601098222e-07,True,height_function,"{""curvature"": 0.05497738750264414, ""curvature_source"": ""cartesian-ghf"", ""ghf_diagnostic"": ""complete three-column height function"", ""ghf_direction"": ""x"", ""ghf_fit_points"": 0, ""ghf_height_points"": 3, ""ghf_independent_points"": 3, ""ghf_method"": ""height_function"", ""interval_count"": 1, ""objective"": 7.687602601098222e-07, ""optimizer_message"": ""CONVERGENCE: REL_REDUCTION_OF_F_<=_FACTR*EPSMCH"", ""optimizer_success"": true}"
PLVIRA,PLVIRA,ellipses,3,128,50,90,reconstructed,0.6060003733549885,0.6060003733549885,0.0,0.030869692185999942,0.03144186920071674,0.0005721770147167973,5.3771861401215445e-08,True,height_function,"{""curvature"": 0.030869692185999942, ""curvature_source"": ""cartesian-ghf"", ""ghf_diagnostic"": ""complete three-column height function"", ""ghf_direction"": ""x"", ""ghf_fit_points"": 0, ""ghf_height_points"": 3, ""ghf_independent_points"": 3, ""ghf_method"": ""height_function"", ""interval_count"": 1, ""objective"": 5.3771861401215445e-08, ""optimizer_message"": ""CONVERGENCE: NORM_OF_PROJECTED_GRADIENT_<=_PGTOL"", ""optimizer_success"": true}"
PLVIRA,PLVIRA,ellipses,3,128,50,91,reconstructed,0.34883127534697433,0.3488312753469759,1.5543122344752192e-15,0.032381411263424295,0.0323316936129942,4.9717650430096405e-05,7.889416015348448e-09,True,height_function,"{""curvature"": 0.032381411263424295, ""curvature_source"": ""cartesian-ghf"", ""ghf_diagnostic"": ""complete three-column height function"", ""ghf_direction"": ""x"", ""ghf_fit_points"": 0, ""ghf_height_points"": 3, ""ghf_independent_points"": 3, ""ghf_method"": ""height_function"", ""interval_count"": 1, ""objective"": 7.889416015348448e-09, ""optimizer_message"": ""CONVERGENCE: NORM_OF_PROJECTED_GRADIENT_<=_PGTOL"", ""optimizer_success"": true}"
PLVIRA,PLVIRA,ellipses,3,128,50,92,reconstructed,0.02343889975326095,0.02343889975326017,7.806255641895632e-16,0.03410447759732418,0.033439953913377785,0.0006645236839463928,9.243064146466701e-08,True,height_function,"{""curvature"": 0.03410447759732418, ""curvature_source"": ""cartesian-ghf"", ""ghf_diagnostic"": ""complete three-column height function"", ""ghf_direction"": ""x"", ""ghf_fit_points"": 0, ""ghf_height_points"": 3, ""ghf_independent_points"": 3, ""ghf_method"": ""height_function"", ""interval_count"": 1, ""objective"": 9.243064146466701e-08, ""optimizer_message"": ""CONVERGENCE: REL_REDUCTION_OF_F_<=_FACTR*EPSMCH"", ""optimizer_success"": true}"
PLVIRA,PLVIRA,ellipses,3,128,51,30,reconstructed,0.2699789954218009,0.26997899542180065,2.7755575615628914e-16,0.06433846915628648,0.06444356705328821,0.00010509789700173522,8.31932966081799e-08,True,height_function,"{""curvature"": 0.06433846915628648, ""curvature_source"": ""cartesian-ghf"", ""ghf_diagnostic"": ""complete three-column height function"", ""ghf_direction"": ""y"", ""ghf_fit_points"": 0, ""ghf_height_points"": 3, ""ghf_independent_points"": 3, ""ghf_method"": ""height_function"", ""interval_count"": 1, ""objective"": 8.31932966081799e-08, ""optimizer_message"": ""CONVERGENCE: REL_REDUCTION_OF_F_<=_FACTR*EPSMCH"", ""optimizer_success"": true}"
PLVIRA,PLVIRA,ellipses,3,128,51,31,reconstructed,0.609985327137763,0.609985327137763,0.0,0.06433846915628648,0.06182674589283335,0.002511723263453128,1.3812265484699711e-06,True,height_function,"{""curvature"": 0.06433846915628648, ""curvature_source"": ""cartesian-ghf"", ""ghf_diagnostic"": ""complete three-column height function"", ""ghf_direction"": ""y"", ""ghf_fit_points"": 0, ""ghf_height_points"": 3, ""ghf_independent_points"": 3, ""ghf_method"": ""height_function"", ""interval_count"": 1, ""objective"": 1.3812265484699711e-06, ""optimizer_message"": ""CONVERGENCE: NORM_OF_PROJECTED_GRADIENT_<=_PGTOL"", ""optimizer_success"": true}"
PLVIRA,PLVIRA,ellipses,3,128,51,92,reconstructed,0.5115491798237994,0.5115491798238002,7.771561172376096e-16,0.03410447759732418,0.034345525172487325,0.00024104757516314745,3.548478117901809e-08,True,height_function,"{""curvature"": 0.03410447759732418, ""curvature_source"": ""cartesian-ghf"", ""ghf_diagnostic"": ""complete three-column height function"", ""ghf_direction"": ""x"", ""ghf_fit_points"": 0, ""ghf_height_points"": 3, ""ghf_independent_points"": 3, ""ghf_method"": ""height_function"", ""interval_count"": 1, ""objective"": 3.548478117901809e-08, ""optimizer_message"": ""CONVERGENCE: REL_REDUCTION_OF_F_<=_FACTR*EPSMCH"", ""optimizer_success"": true}"
PLVIRA,PLVIRA,ellipses,3,128,51,93,reconstructed,0.1061448284383528,0.10614482843835309,2.914335439641036e-16,0.03608093332911671,0.035660079029898505,0.00042085429921820405,5.0366933353200674e-08,True,height_function,"{""curvature"": 0.03608093332911671, ""curvature_source"": ""cartesian-ghf"", ""ghf_diagnostic"": ""complete three-column height function"", ""ghf_direction"": ""x"", ""ghf_fit_points"": 0, ""ghf_height_points"": 3, ""ghf_independent_points"": 3, ""ghf_method"": ""height_function"", ""interval_count"": 1, ""objective"": 5.0366933353200674e-08, ""optimizer_message"": ""CONVERGENCE: REL_REDUCTION_OF_F_<=_FACTR*EPSMCH"", ""optimizer_success"": true}"
PLVIRA,PLVIRA,ellipses,3,128,52,29,reconstructed,0.19355347055941738,0.1935534705594174,2.7755575615628914e-17,0.06967098390590627,0.0699930754344787,0.0003220915285724324,2.059895338102312e-07,True,height_function,"{""curvature"": 0.06967098390590627, ""curvature_source"": ""cartesian-ghf"", ""ghf_diagnostic"": ""complete three-column height function"", ""ghf_direction"": ""y"", ""ghf_fit_points"": 0, ""ghf_height_points"": 3, ""ghf_independent_points"": 3, ""ghf_method"": ""height_function"", ""interval_count"": 1, ""objective"": 2.059895338102312e-07, ""optimizer_message"": ""CONVERGENCE: NORM_OF_PROJECTED_GRADIENT_<=_PGTOL"", ""optimizer_success"": true}"
PLVIRA,PLVIRA,ellipses,3,128,52,30,reconstructed,0.6065747254510452,0.6065747254510451,1.1102230246251565e-16,0.06967098390590627,0.06737440336516032,0.0022965805407459544,1.1897757631689378e-06,True,height_function,"{""curvature"": 0.06967098390590627, ""curvature_source"": ""cartesian-ghf"", ""ghf_diagnostic"": ""complete three-column height function"", ""ghf_direction"": ""y"", ""ghf_fit_points"": 0, ""ghf_height_points"": 3, ""ghf_independent_points"": 3, ""ghf_method"": ""height_function"", ""interval_count"": 1, ""objective"": 1.1897757631689378e-06, ""optimizer_message"": ""CONVERGENCE: NORM_OF_PROJECTED_GRADIENT_<=_PGTOL"", ""optimizer_success"": true}"
PLVIRA,PLVIRA,ellipses,3,128,52,93,reconstructed,0.5845762339925171,0.5845762339925168,3.3306690738754696e-16,0.03608093332911671,0.036721382692161623,0.0006404493630449148,9.692442591244915e-08,True,height_function,"{""curvature"": 0.03608093332911671, ""curvature_source"": ""cartesian-ghf"", ""ghf_diagnostic"": ""complete three-column height function"", ""ghf_direction"": ""x"", ""ghf_fit_points"": 0, ""ghf_height_points"": 3, ""ghf_independent_points"": 3, ""ghf_method"": ""height_function"", ""interval_count"": 1, ""objective"": 9.692442591244915e-08, ""optimizer_message"": ""CONVERGENCE: NORM_OF_PROJECTED_GRADIENT_<=_PGTOL"", ""optimizer_success"": true}"
PLVIRA,PLVIRA,ellipses,3,128,52,94,reconstructed,0.20434653384633536,0.2043465338463351,2.498001805406602e-16,0.03836528691962689,0.03813504196870077,0.00023024495092612007,3.1344393038779824e-08,True,height_function,"{""curvature"": 0.03836528691962689, ""curvature_source"": ""cartesian-ghf"", ""ghf_diagnostic"": ""complete three-column height function"", ""ghf_direction"": ""x"", ""ghf_fit_points"": 0, ""ghf_height_points"": 3, ""ghf_independent_points"": 3, ""ghf_method"": ""height_function"", ""interval_count"": 1, ""objective"": 3.1344393038779824e-08, ""optimizer_message"": ""CONVERGENCE: REL_REDUCTION_OF_F_<=_FACTR*EPSMCH"", ""optimizer_success"": true}"
PLVIRA,PLVIRA,ellipses,3,128,53,28,reconstructed,0.07481175874472687,0.07481175874471434,1.2531642390456454e-14,0.07488678214058994,0.07591174421072941,0.001024962070139468,2.677668298042375e-07,True,height_function,"{""curvature"": 0.07488678214058994, ""curvature_source"": ""cartesian-ghf"", ""ghf_diagnostic"": ""complete three-column height function"", ""ghf_direction"": ""y"", ""ghf_fit_points"": 0, ""ghf_height_points"": 3, ""ghf_independent_points"": 3, ""ghf_method"": ""height_function"", ""interval_count"": 1, ""objective"": 2.677668298042375e-07, ""optimizer_message"": ""CONVERGENCE: NORM_OF_PROJECTED_GRADIENT_<=_PGTOL"", ""optimizer_success"": true}"
PLVIRA,PLVIRA,ellipses,3,128,53,29,reconstructed,0.574562799476742,0.5745627994767343,7.771561172376096e-15,0.07488678214059036,0.07336889932686746,0.0015178828137228928,3.151038750843746e-07,True,height_function,"{""curvature"": 0.07488678214059036, ""curvature_source"": ""cartesian-ghf"", ""ghf_diagnostic"": ""complete three-column height function"", ""ghf_direction"": ""y"", ""ghf_fit_points"": 0, ""ghf_height_points"": 3, ""ghf_independent_points"": 3, ""ghf_method"": ""height_function"", ""interval_count"": 1, ""objective"": 3.151038750843746e-07, ""optimizer_message"": ""CONVERGENCE: REL_REDUCTION_OF_F_<=_FACTR*EPSMCH"", ""optimizer_success"": true}"
PLVIRA,PLVIRA,ellipses,3,128,53,94,reconstructed,0.6073521431456926,0.6073521431456925,1.1102230246251565e-16,0.03836528691962689,0.03938124767807571,0.0010159607584488209,2.7531408754229844e-07,True,height_function,"{""curvature"": 0.03836528691962689, ""curvature_source"": ""cartesian-ghf"", ""ghf_diagnostic"": ""complete three-column height function"", ""ghf_direction"": ""x"", ""ghf_fit_points"": 0, ""ghf_height_points"": 3, ""ghf_independent_points"": 3, ""ghf_method"": ""height_function"", ""interval_count"": 1, ""objective"": 2.7531408754229844e-07, ""optimizer_message"": ""CONVERGENCE: NORM_OF_PROJECTED_GRADIENT_<=_PGTOL"", ""optimizer_success"": true}"
PLVIRA,PLVIRA,ellipses,3,128,53,95,reconstructed,0.2818793999534719,0.2818793999534727,8.326672684688674e-16,0.041029761099872,0.0409006575635345,0.00012910353633750066,3.636883303280303e-09,True,height_function,"{""curvature"": 0.041029761099872, ""curvature_source"": ""cartesian-ghf"", ""ghf_diagnostic"": ""complete three-column height function"", ""ghf_direction"": ""x"", ""ghf_fit_points"": 0, ""ghf_height_points"": 3, ""ghf_independent_points"": 3, ""ghf_method"": ""height_function"", ""interval_count"": 1, ""objective"": 3.636883303280303e-09, ""optimizer_message"": ""CONVERGENCE: REL_REDUCTION_OF_F_<=_FACTR*EPSMCH"", ""optimizer_success"": true}"
PLVIRA,PLVIRA,ellipses,3,128,53,96,reconstructed,2.4730763875426462e-06,2.473076387520456e-06,2.2190145635694533e-17,0.044172759377820066,0.042372065834069585,0.0018006935437504812,6.973166100189206e-07,True,height_function,"{""curvature"": 0.044172759377820066, ""curvature_source"": ""cartesian-ghf"", ""ghf_diagnostic"": ""complete three-column height function"", ""ghf_direction"": ""x"", ""ghf_fit_points"": 0, ""ghf_height_points"": 3, ""ghf_independent_points"": 3, ""ghf_method"": ""height_function"", ""interval_count"": 1, ""objective"": 6.973166100189206e-07, ""optimizer_message"": ""CONVERGENCE: NORM_OF_PROJECTED_GRADIENT_<=_PGTOL"", ""optimizer_success"": true}"
PLVIRA,PLVIRA,ellipses,3,128,54,27,reconstructed,1.1194466313126095e-07,1.119446631036951e-07,2.756584023544395e-17,0.07983044179871147,0.08213678389259325,0.0023063420938817802,5.114529765125899e-07,True,height_function,"{""curvature"": 0.07983044179871147, ""curvature_source"": ""cartesian-ghf"", ""ghf_diagnostic"": ""complete three-column height function"", ""ghf_direction"": ""y"", ""ghf_fit_points"": 0, ""ghf_height_points"": 3, ""ghf_independent_points"": 3, ""ghf_method"": ""height_function"", ""interval_count"": 1, ""objective"": 5.114529765125899e-07, ""optimizer_message"": ""CONVERGENCE: REL_REDUCTION_OF_F_<=_FACTR*EPSMCH"", ""optimizer_success"": true}"
PLVIRA,PLVIRA,ellipses,3,128,54,28,reconstructed,0.43369139630695297,0.4336913963069533,3.3306690738754696e-16,0.0798304417987116,0.07980444515923193,2.599663947966402e-05,1.3565560914876788e-07,True,height_function,"{""curvature"": 0.0798304417987116, ""curvature_source"": ""cartesian-ghf"", ""ghf_diagnostic"": ""complete three-column height function"", ""ghf_direction"": ""y"", ""ghf_fit_points"": 0, ""ghf_height_points"": 3, ""ghf_independent_points"": 3, ""ghf_method"": ""height_function"", ""interval_count"": 1, ""objective"": 1.3565560914876788e-07, ""optimizer_message"": ""CONVERGENCE: NORM_OF_PROJECTED_GRADIENT_<=_PGTOL"", ""optimizer_success"": true}"
PLVIRA,PLVIRA,ellipses,3,128,54,96,reconstructed,0.31422954083615656,0.31422954083615523,1.3322676295501878e-15,0.044172759377820066,0.0440033434220585,0.00016941595576156626,9.99735357756148e-09,True,height_function,"{""curvature"": 0.044172759377820066, ""curvature_source"": ""cartesian-ghf"", ""ghf_diagnostic"": ""complete three-column height function"", ""ghf_direction"": ""x"", ""ghf_fit_points"": 0, ""ghf_height_points"": 3, ""ghf_independent_points"": 3, ""ghf_method"": ""height_function"", ""interval_count"": 1, ""objective"": 9.99735357756148e-09, ""optimizer_message"": ""CONVERGENCE: NORM_OF_PROJECTED_GRADIENT_<=_PGTOL"", ""optimizer_success"": true}"
PLVIRA,PLVIRA,ellipses,3,128,54,97,reconstructed,3.4748995287724876e-05,3.474899528772271e-05,2.168404344971009e-18,0.04402982742729788,0.045752179564085185,0.001722352136787307,7.174929773629519e-07,True,height_function,"{""curvature"": 0.04402982742729788, ""curvature_source"": ""cartesian-ghf"", ""ghf_diagnostic"": ""complete three-column height function"", ""ghf_direction"": ""y"", ""ghf_fit_points"": 0, ""ghf_height_points"": 3, ""ghf_independent_points"": 3, ""ghf_method"": ""height_function"", ""interval_count"": 1, ""objective"": 7.174929773629519e-07, ""optimizer_message"": ""CONVERGENCE: REL_REDUCTION_OF_F_<=_FACTR*EPSMCH"", ""optimizer_success"": true}"
PLVIRA,PLVIRA,ellipses,3,128,55,27,reconstructed,0.15784678959691045,0.15784678959691165,1.1934897514720433e-15,0.08433227625853076,0.08429593627528549,3.633998324527321e-05,4.7351125698215704e-11,True,height_function,"{""curvature"": 0.08433227625853076, ""curvature_source"": ""cartesian-ghf"", ""ghf_diagnostic"": ""complete three-column height function"", ""ghf_direction"": ""y"", ""ghf_fit_points"": 0, ""ghf_height_points"": 3, ""ghf_independent_points"": 3, ""ghf_method"": ""height_function"", ""interval_count"": 1, ""objective"": 4.7351125698215704e-11, ""optimizer_message"": ""CONVERGENCE: REL_REDUCTION_OF_F_<=_FACTR*EPSMCH"", ""optimizer_success"": true}"
PLVIRA,PLVIRA,ellipses,3,128,55,97,reconstructed,0.28948445730243766,0.28948445730244593,8.271161533457416e-15,0.04756023730334705,0.04754586344153723,1.4373861809816035e-05,4.404985753722324e-09,True,height_function,"{""curvature"": 0.04756023730334705, ""curvature_source"": ""cartesian-ghf"", ""ghf_diagnostic"": ""complete three-column height function"", ""ghf_direction"": ""y"", ""ghf_fit_points"": 0, ""ghf_height_points"": 3, ""ghf_independent_points"": 3, ""ghf_method"": ""height_function"", ""interval_count"": 1, ""objective"": 4.404985753722324e-09, ""optimizer_message"": ""CONVERGENCE: REL_REDUCTION_OF_F_<=_FACTR*EPSMCH"", ""optimizer_success"": true}"
PLVIRA,PLVIRA,ellipses,3,128,56,27,reconstructed,0.43602535714242036,0.4360253571424191,1.27675647831893e-15,0.08822021994881159,0.08817362709325198,4.659285555960735e-05,1.0230005320678628e-08,True,height_function,"{""curvature"": 0.08822021994881159, ""curvature_source"": ""cartesian-ghf"", ""ghf_diagnostic"": ""complete three-column height function"", ""ghf_direction"": ""y"", ""ghf_fit_points"": 0, ""ghf_height_points"": 3, ""ghf_independent_points"": 3, ""ghf_method"": ""height_function"", ""interval_count"": 1, ""objective"": 1.0230005320678628e-08, ""optimizer_message"": ""CONVERGENCE: REL_REDUCTION_OF_F_<=_FACTR*EPSMCH"", ""optimizer_success"": true}"
PLVIRA,PLVIRA,ellipses,3,128,56,97,reconstructed,0.6082449095204205,0.6082449095204204,1.1102230246251565e-16,0.05134844645493057,0.04959610025402244,0.0017523462009081323,7.274208326498581e-07,True,height_function,"{""curvature"": 0.05134844645493057, ""curvature_source"": ""cartesian-ghf"", ""ghf_diagnostic"": ""complete three-column height function"", ""ghf_direction"": ""y"", ""ghf_fit_points"": 0, ""ghf_height_points"": 3, ""ghf_independent_points"": 3, ""ghf_method"": ""height_function"", ""interval_count"": 1, ""objective"": 7.274208326498581e-07, ""optimizer_message"": ""CONVERGENCE: NORM_OF_PROJECTED_GRADIENT_<=_PGTOL"", ""optimizer_success"": true}"
PLVIRA,PLVIRA,ellipses,3,128,56,98,reconstructed,0.2104830014532359,0.21048300145323562,2.7755575615628914e-16,0.05134844645493057,0.05150617639295109,0.0001577299380205177,7.86966942950368e-08,True,height_function,"{""curvature"": 0.05134844645493057, ""curvature_source"": ""cartesian-ghf"", ""ghf_diagnostic"": ""complete three-column height function"", ""ghf_direction"": ""y"", ""ghf_fit_points"": 0, ""ghf_height_points"": 3, ""ghf_independent_points"": 3, ""ghf_method"": ""height_function"", ""interval_count"": 1, ""objective"": 7.86966942950368e-08, ""optimizer_message"": ""CONVERGENCE: REL_REDUCTION_OF_F_<=_FACTR*EPSMCH"", ""optimizer_success"": true}"
PLVIRA,PLVIRA,ellipses,3,128,57,26,reconstructed,0.05704077149126427,0.05704077149126495,6.800116025829084e-16,0.09133452607474288,0.09160101608485183,0.00026649001010894957,8.504088767439163e-09,True,height_function,"{""curvature"": 0.09133452607474288, ""curvature_source"": ""cartesian-ghf"", ""ghf_diagnostic"": ""complete three-column height function"", ""ghf_direction"": ""y"", ""ghf_fit_points"": 0, ""ghf_height_points"": 3, ""ghf_independent_points"": 3, ""ghf_method"": ""height_function"", ""interval_count"": 1, ""objective"": 8.504088767439163e-09, ""optimizer_message"": ""CONVERGENCE: REL_REDUCTION_OF_F_<=_FACTR*EPSMCH"", ""optimizer_success"": true}"
PLVIRA,PLVIRA,ellipses,3,128,57,27,reconstructed,0.6039340628242827,0.6039340628242827,0.0,0.09133452607474288,0.09021456102727746,0.001119965047465421,7.997124923261834e-08,True,height_function,"{""curvature"": 0.09133452607474288, ""curvature_source"": ""cartesian-ghf"", ""ghf_diagnostic"": ""complete three-column height function"", ""ghf_direction"": ""y"", ""ghf_fit_points"": 0, ""ghf_height_points"": 3, ""ghf_independent_points"": 3, ""ghf_method"": ""height_function"", ""interval_count"": 1, ""objective"": 7.997124923261834e-08, ""optimizer_message"": ""CONVERGENCE: NORM_OF_PROJECTED_GRADIENT_<=_PGTOL"", ""optimizer_success"": true}"
PLVIRA,PLVIRA,ellipses,3,128,57,98,reconstructed,0.5846918978810031,0.584691897881003,1.1102230246251565e-16,0.055380370317719835,0.05400389764595374,0.0013764726717660977,3.513929299309647e-07,True,height_function,"{""curvature"": 0.055380370317719835, ""curvature_source"": ""cartesian-ghf"", ""ghf_diagnostic"": ""complete three-column height function"", ""ghf_direction"": ""y"", ""ghf_fit_points"": 0, ""ghf_height_points"": 3, ""ghf_independent_points"": 3, ""ghf_method"": ""height_function"", ""interval_count"": 1, ""objective"": 3.513929299309647e-07, ""optimizer_message"": ""CONVERGENCE: NORM_OF_PROJECTED_GRADIENT_<=_PGTOL"", ""optimizer_success"": true}"
PLVIRA,PLVIRA,ellipses,3,128,57,99,reconstructed,0.09969881389150227,0.09969881389150194,3.3306690738754696e-16,0.055380370317719835,0.05605642770879562,0.0006760573910757836,1.2466661240334556e-07,True,height_function,"{""curvature"": 0.055380370317719835, ""curvature_source"": ""cartesian-ghf"", ""ghf_diagnostic"": ""complete three-column height function"", ""ghf_direction"": ""y"", ""ghf_fit_points"": 0, ""ghf_height_points"": 3, ""ghf_independent_points"": 3, ""ghf_method"": ""height_function"", ""interval_count"": 1, ""objective"": 1.2466661240334556e-07, ""optimizer_message"": ""CONVERGENCE: REL_REDUCTION_OF_F_<=_FACTR*EPSMCH"", ""optimizer_success"": true}"
PLVIRA,PLVIRA,ellipses,3,128,58,26,reconstructed,0.22485181159453788,0.2248518115945372,6.661338147750939e-16,0.09354337379306073,0.0934815380335486,6.183575951212994e-05,4.826087773357791e-09,True,height_function,"{""curvature"": 0.09354337379306073, ""curvature_source"": ""cartesian-ghf"", ""ghf_diagnostic"": ""complete three-column height function"", ""ghf_direction"": ""y"", ""ghf_fit_points"": 0, ""ghf_height_points"": 3, ""ghf_independent_points"": 3, ""ghf_method"": ""height_function"", ""interval_count"": 1, ""objective"": 4.826087773357791e-09, ""optimizer_message"": ""CONVERGENCE: NORM_OF_PROJECTED_GRADIENT_<=_PGTOL"", ""optimizer_success"": true}"
PLVIRA,PLVIRA,ellipses,3,128,58,99,reconstructed,0.48977134315817594,0.4897713431581766,6.661338147750939e-16,0.059629033951071886,0.059123328853997806,0.0005057050970740801,1.363563219483873e-07,True,height_function,"{""curvature"": 0.059629033951071886, ""curvature_source"": ""cartesian-ghf"", ""ghf_diagnostic"": ""complete three-column height function"", ""ghf_direction"": ""y"", ""ghf_fit_points"": 0, ""ghf_height_points"": 3, ""ghf_independent_points"": 3, ""ghf_method"": ""height_function"", ""interval_count"": 1, ""objective"": 1.363563219483873e-07, ""optimizer_message"": ""CONVERGENCE: REL_REDUCTION_OF_F_<=_FACTR*EPSMCH"", ""optimizer_success"": true}"
PLVIRA,PLVIRA,ellipses,3,128,58,100,reconstructed,0.00956123201907346,0.009561232019072982,4.77048955893622e-16,0.059629033951071886,0.06131296310248271,0.001683929151410822,4.683040680618282e-07,True,height_function,"{""curvature"": 0.059629033951071886, ""curvature_source"": ""cartesian-ghf"", ""ghf_diagnostic"": ""complete three-column height function"", ""ghf_direction"": ""y"", ""ghf_fit_points"": 0, ""ghf_height_points"": 3, ""ghf_independent_points"": 3, ""ghf_method"": ""height_function"", ""interval_count"": 1, ""objective"": 4.683040680618282e-07, ""optimizer_message"": ""CONVERGENCE: REL_REDUCTION_OF_F_<=_FACTR*EPSMCH"", ""optimizer_success"": true}"
PLVIRA,PLVIRA,ellipses,3,128,59,26,reconstructed,0.3503806321175418,0.3503806321175379,3.885780586188048e-15,0.0947568368985312,0.09468963962564429,6.719727288691246e-05,1.396804233374359e-16,True,height_function,"{""curvature"": 0.0947568368985312, ""curvature_source"": ""cartesian-ghf"", ""ghf_diagnostic"": ""complete three-column height function"", ""ghf_direction"": ""y"", ""ghf_fit_points"": 0, ""ghf_height_points"": 3, ""ghf_independent_points"": 3, ""ghf_method"": ""height_function"", ""interval_count"": 1, ""objective"": 1.396804233374359e-16, ""optimizer_message"": ""CONVERGENCE: REL_REDUCTION_OF_F_<=_FACTR*EPSMCH"", ""optimizer_success"": true}"
PLVIRA,PLVIRA,ellipses,3,128,59,100,reconstructed,0.2655747193259376,0.26557471932593896,1.3322676295501878e-15,0.06405135847351189,0.06401333716420994,3.802130930194436e-05,1.036230963393334e-07,True,height_function,"{""curvature"": 0.06405135847351189, ""curvature_source"": ""cartesian-ghf"", ""ghf_diagnostic"": ""complete three-column height function"", ""ghf_direction"": ""y"", ""ghf_fit_points"": 0, ""ghf_height_points"": 3, ""ghf_independent_points"": 3, ""ghf_method"": ""height_function"", ""interval_count"": 1, ""objective"": 1.036230963393334e-07, ""optimizer_message"": ""CONVERGENCE: REL_REDUCTION_OF_F_<=_FACTR*EPSMCH"", ""optimizer_success"": true}"
PLVIRA,PLVIRA,ellipses,3,128,60,26,reconstructed,0.4288204742261992,0.4288204742262257,2.653433028854124e-14,0.09493662198704617,0.09486587996203162,7.074202501454463e-05,8.728960186529214e-15,True,height_function,"{""curvature"": 0.09493662198704617, ""curvature_source"": ""cartesian-ghf"", ""ghf_diagnostic"": ""complete three-column height function"", ""ghf_direction"": ""y"", ""ghf_fit_points"": 0, ""ghf_height_points"": 3, ""ghf_independent_points"": 3, ""ghf_method"": ""height_function"", ""interval_count"": 1, ""objective"": 8.728960186529214e-15, ""optimizer_message"": ""CONVERGENCE: REL_REDUCTION_OF_F_<=_FACTR*EPSMCH"", ""optimizer_success"": true}"
PLVIRA,PLVIRA,ellipses,3,128,60,100,reconstructed,0.5641254407274117,0.5641254407274117,0.0,0.06858507896122298,0.06751538281198044,0.0010696961492425439,1.3088666501476307e-07,True,height_function,"{""curvature"": 0.06858507896122298, ""curvature_source"": ""cartesian-ghf"", ""ghf_diagnostic"": ""complete three-column height function"", ""ghf_direction"": ""y"", ""ghf_fit_points"": 0, ""ghf_height_points"": 3, ""ghf_independent_points"": 3, ""ghf_method"": ""height_function"", ""interval_count"": 1, ""objective"": 1.3088666501476307e-07, ""optimizer_message"": ""CONVERGENCE: REL_REDUCTION_OF_F_<=_FACTR*EPSMCH"", ""optimizer_success"": true}"
PLVIRA,PLVIRA,ellipses,3,128,60,101,reconstructed,0.030954006832898767,0.030954006832894024,4.7427339833205906e-15,0.06858507896122298,0.06979255784737211,0.0012074788861491242,1.668939077369386e-07,True,height_function,"{""curvature"": 0.06858507896122298, ""curvature_source"": ""cartesian-ghf"", ""ghf_diagnostic"": ""complete three-column height function"", ""ghf_direction"": ""y"", ""ghf_fit_points"": 0, ""ghf_height_points"": 3, ""ghf_independent_points"": 3, ""ghf_method"": ""height_function"", ""interval_count"": 1, ""objective"": 1.668939077369386e-07, ""optimizer_message"": ""CONVERGENCE: NORM_OF_PROJECTED_GRADIENT_<=_PGTOL"", ""optimizer_success"": true}"
PLVIRA,PLVIRA,ellipses,3,128,61,26,reconstructed,0.4614279051912048,0.46142790519162935,4.2454928461665986e-13,0.09409967166799588,0.09402717936046999,7.249230752588709e-05,3.0023504756240516e-17,True,height_function,"{""curvature"": 0.09409967166799588, ""curvature_source"": ""cartesian-ghf"", ""ghf_diagnostic"": ""complete three-column height function"", ""ghf_direction"": ""y"", ""ghf_fit_points"": 0, ""ghf_height_points"": 3, ""ghf_independent_points"": 3, ""ghf_method"": ""height_function"", ""interval_count"": 1, ""objective"": 3.0023504756240516e-17, ""optimizer_message"": ""CONVERGENCE: NORM_OF_PROJECTED_GRADIENT_<=_PGTOL"", ""optimizer_success"": true}"
PLVIRA,PLVIRA,ellipses,3,128,61,101,reconstructed,0.2684002021510516,0.2684002021510522,6.106226635438361e-16,0.07314628433345446,0.07309537087729949,5.091345615497456e-05,5.6092637596063495e-08,True,height_function,"{""curvature"": 0.07314628433345446, ""curvature_source"": ""cartesian-ghf"", ""ghf_diagnostic"": ""complete three-column height function"", ""ghf_direction"": ""y"", ""ghf_fit_points"": 0, ""ghf_height_points"": 3, ""ghf_independent_points"": 3, ""ghf_method"": ""height_function"", ""interval_count"": 1, ""objective"": 5.6092637596063495e-08, ""optimizer_message"": ""CONVERGENCE: NORM_OF_PROJECTED_GRADIENT_<=_PGTOL"", ""optimizer_success"": true}"
PLVIRA,PLVIRA,ellipses,3,128,62,26,reconstructed,0.4491464539481442,0.44914645394812824,1.5931700403370996e-14,0.09760016147165344,0.09224241614392117,0.005357745327732269,8.605250820312985e-06,True,plic_centroid_parabola,"{""curvature"": 0.09760016147165344, ""curvature_source"": ""cartesian-ghf"", ""ghf_diagnostic"": ""parabola fit to 3x3 MYC PLIC fragment centroids"", ""ghf_direction"": null, ""ghf_fit_points"": 5, ""ghf_height_points"": 2, ""ghf_independent_points"": 3, ""ghf_method"": ""plic_centroid_parabola"", ""interval_count"": 1, ""objective"": 8.605250820312985e-06, ""optimizer_message"": ""CONVERGENCE: NORM_OF_PROJECTED_GRADIENT_<=_PGTOL"", ""optimizer_success"": true}"
PLVIRA,PLVIRA,ellipses,3,128,62,101,reconstructed,0.5071783157010235,0.5071783157010034,2.0095036745715333e-14,0.07762824527013243,0.07755729003392646,7.0955236205969e-05,6.134092839920574e-12,True,height_function,"{""curvature"": 0.07762824527013243, ""curvature_source"": ""cartesian-ghf"", ""ghf_diagnostic"": ""complete three-column height function"", ""ghf_direction"": ""y"", ""ghf_fit_points"": 0, ""ghf_height_points"": 3, ""ghf_independent_points"": 3, ""ghf_method"": ""height_function"", ""interval_count"": 1, ""objective"": 6.134092839920574e-12, ""optimizer_message"": ""CONVERGENCE: REL_REDUCTION_OF_F_<=_FACTR*EPSMCH"", ""optimizer_success"": true}"
PLVIRA,PLVIRA,ellipses,3,128,62,102,reconstructed,5.3213326850111665e-06,5.3213326852571356e-06,2.45969050520229e-16,0.07762824527013243,0.07973554668187695,0.0021073014117445193,2.332897188726516e-07,True,height_function,"{""curvature"": 0.07762824527013243, ""curvature_source"": ""cartesian-ghf"", ""ghf_diagnostic"": ""complete three-column height function"", ""ghf_direction"": ""y"", ""ghf_fit_points"": 0, ""ghf_height_points"": 3, ""ghf_independent_points"": 3, ""ghf_method"": ""height_function"", ""interval_count"": 1, ""objective"": 2.332897188726516e-07, ""optimizer_message"": ""CONVERGENCE: REL_REDUCTION_OF_F_<=_FACTR*EPSMCH"", ""optimizer_success"": true}"
PLVIRA,PLVIRA,ellipses,3,128,63,26,reconstructed,0.3926359200766172,0.39263592007660114,1.6042722705833512e-14,-0.8353628466865513,0.0896589694858862,0.9250218161724375,0.19512391329567208,True,plic_centroid_parabola,"{""curvature"": -0.8353628466865513, ""curvature_source"": ""cartesian-ghf"", ""ghf_diagnostic"": ""parabola fit to 3x3 MYC PLIC fragment centroids"", ""ghf_direction"": null, ""ghf_fit_points"": 5, ""ghf_height_points"": 2, ""ghf_independent_points"": 3, ""ghf_method"": ""plic_centroid_parabola"", ""interval_count"": 1, ""objective"": 0.19512391329567208, ""optimizer_message"": ""CONVERGENCE: REL_REDUCTION_OF_F_<=_FACTR*EPSMCH"", ""optimizer_success"": true}"
PLVIRA,PLVIRA,ellipses,3,128,63,102,reconstructed,0.09138642678789648,0.09138642678788993,6.5503158452884236e-15,0.08190231875818157,0.08184003947132205,6.227928685952067e-05,8.580569550324174e-12,True,height_function,"{""curvature"": 0.08190231875818157, ""curvature_source"": ""cartesian-ghf"", ""ghf_diagnostic"": ""complete three-column height function"", ""ghf_direction"": ""y"", ""ghf_fit_points"": 0, ""ghf_height_points"": 3, ""ghf_independent_points"": 3, ""ghf_method"": ""height_function"", ""interval_count"": 1, ""objective"": 8.580569550324174e-12, ""optimizer_message"": ""CONVERGENCE: NORM_OF_PROJECTED_GRADIENT_<=_PGTOL"", ""optimizer_success"": true}"
PLVIRA,PLVIRA,ellipses,3,128,64,26,reconstructed,0.29229207562060566,0.2922920756205948,1.0880185641326534e-14,0.08692891977527349,0.08631246232269027,0.0006164574525832217,1.0333173920162232e-07,True,mixed_height_parabola,"{""curvature"": 0.08692891977527349, ""curvature_source"": ""cartesian-ghf"", ""ghf_diagnostic"": ""parabola fit to consistent heights from both directions"", ""ghf_direction"": null, ""ghf_fit_points"": 3, ""ghf_height_points"": 3, ""ghf_independent_points"": 3, ""ghf_method"": ""mixed_height_parabola"", ""interval_count"": 1, ""objective"": 1.0333173920162232e-07, ""optimizer_message"": ""CONVERGENCE: NORM_OF_PROJECTED_GRADIENT_<=_PGTOL"", ""optimizer_success"": true}"
PLVIRA,PLVIRA,ellipses,3,128,64,102,reconstructed,0.24210746845759007,0.2421074684575926,2.525757381022231e-15,0.08582170929566482,0.08575471862152789,6.699067413692972e-05,9.018149750334688e-14,True,height_function,"{""curvature"": 0.08582170929566482, ""curvature_source"": ""cartesian-ghf"", ""ghf_diagnostic"": ""complete three-column height function"", ""ghf_direction"": ""y"", ""ghf_fit_points"": 0, ""ghf_height_points"": 3, ""ghf_independent_points"": 3, ""ghf_method"": ""height_function"", ""interval_count"": 1, ""objective"": 9.018149750334688e-14, ""optimizer_message"": ""CONVERGENCE: NORM_OF_PROJECTED_GRADIENT_<=_PGTOL"", ""optimizer_success"": true}"
PLVIRA,PLVIRA,ellipses,3,128,65,26,reconstructed,0.14825817257077362,0.14825817257077054,3.0808688933348094e-15,0.08252876625224237,0.08246566679108112,6.30994611612451e-05,1.5862231693064454e-08,True,height_function,"{""curvature"": 0.08252876625224237, ""curvature_source"": ""cartesian-ghf"", ""ghf_diagnostic"": ""complete three-column height function"", ""ghf_direction"": ""y"", ""ghf_fit_points"": 0, ""ghf_height_points"": 3, ""ghf_independent_points"": 3, ""ghf_method"": ""height_function"", ""interval_count"": 1, ""objective"": 1.5862231693064454e-08, ""optimizer_message"": ""CONVERGENCE: NORM_OF_PROJECTED_GRADIENT_<=_PGTOL"", ""optimizer_success"": true}"
PLVIRA,PLVIRA,ellipses,3,128,65,102,reconstructed,0.3491384515334761,0.3491384515334666,9.492406860545088e-15,0.08835299996108588,0.08915826272402025,0.0008052627629343695,2.4787081938705807e-07,True,mixed_height_parabola,"{""curvature"": 0.08835299996108588, ""curvature_source"": ""cartesian-ghf"", ""ghf_diagnostic"": ""parabola fit to consistent heights from both directions"", ""ghf_direction"": null, ""ghf_fit_points"": 3, ""ghf_height_points"": 3, ""ghf_independent_points"": 3, ""ghf_method"": ""mixed_height_parabola"", ""interval_count"": 1, ""objective"": 2.4787081938705807e-07, ""optimizer_message"": ""CONVERGENCE: NORM_OF_PROJECTED_GRADIENT_<=_PGTOL"", ""optimizer_success"": true}"
PLVIRA,PLVIRA,ellipses,3,128,66,26,reconstructed,0.009878338793064175,0.009878338793063678,4.978656376053436e-16,0.07829907031683567,0.07972693746043165,0.0014278671435959817,1.5494577518408974e-07,True,height_function,"{""curvature"": 0.07829907031683567, ""curvature_source"": ""cartesian-ghf"", ""ghf_diagnostic"": ""complete three-column height function"", ""ghf_direction"": ""y"", ""ghf_fit_points"": 0, ""ghf_height_points"": 3, ""ghf_independent_points"": 3, ""ghf_method"": ""height_function"", ""interval_count"": 1, ""objective"": 1.5494577518408974e-07, ""optimizer_message"": ""CONVERGENCE: NORM_OF_PROJECTED_GRADIENT_<=_PGTOL"", ""optimizer_success"": true}"
PLVIRA,PLVIRA,ellipses,3,128,66,27,reconstructed,0.5609022747380621,0.5609022747380639,1.7763568394002505e-15,0.07829907031683567,0.07755623880453569,0.0007428315122999796,4.102135104211994e-08,True,height_function,"{""curvature"": 0.07829907031683567, ""curvature_source"": ""cartesian-ghf"", ""ghf_diagnostic"": ""complete three-column height function"", ""ghf_direction"": ""y"", ""ghf_fit_points"": 0, ""ghf_height_points"": 3, ""ghf_independent_points"": 3, ""ghf_method"": ""height_function"", ""interval_count"": 1, ""objective"": 4.102135104211994e-08, ""optimizer_message"": ""CONVERGENCE: NORM_OF_PROJECTED_GRADIENT_<=_PGTOL"", ""optimizer_success"": true}"
PLVIRA,PLVIRA,ellipses,3,128,66,102,reconstructed,0.41237421611955377,0.4123742161195539,1.1102230246251565e-16,0.0,0.09189444956873469,0.09189444956873469,0.0026164158488392523,True,degenerate_zero,"{""curvature"": 0.0, ""curvature_source"": ""cartesian-ghf"", ""ghf_diagnostic"": ""fewer than three independent 3x3 PLIC fragment centroids"", ""ghf_direction"": null, ""ghf_fit_points"": 4, ""ghf_height_points"": 2, ""ghf_independent_points"": 2, ""ghf_method"": ""degenerate_zero"", ""interval_count"": 1, ""objective"": 0.0026164158488392523, ""optimizer_message"": ""CONVERGENCE: NORM_OF_PROJECTED_GRADIENT_<=_PGTOL"", ""optimizer_success"": true}"
PLVIRA,PLVIRA,ellipses,3,128,67,27,reconstructed,0.33879968890616996,0.33879968890616824,1.7208456881689926e-15,0.07384006747799984,0.07378810369424181,5.196378375803279e-05,1.2726072427251508e-07,True,height_function,"{""curvature"": 0.07384006747799984, ""curvature_source"": ""cartesian-ghf"", ""ghf_diagnostic"": ""complete three-column height function"", ""ghf_direction"": ""y"", ""ghf_fit_points"": 0, ""ghf_height_points"": 3, ""ghf_independent_points"": 3, ""ghf_method"": ""height_function"", ""interval_count"": 1, ""objective"": 1.2726072427251508e-07, ""optimizer_message"": ""CONVERGENCE: REL_REDUCTION_OF_F_<=_FACTR*EPSMCH"", ""optimizer_success"": true}"
PLVIRA,PLVIRA,ellipses,3,128,67,102,reconstructed,0.4314581776203151,0.43145817761993077,3.8430369997399794e-13,0.7077790295025921,0.0938111972070435,0.6139678322955486,0.11501821391876027,True,plic_centroid_parabola,"{""curvature"": 0.7077790295025921, ""curvature_source"": ""cartesian-ghf"", ""ghf_diagnostic"": ""parabola fit to 3x3 MYC PLIC fragment centroids"", ""ghf_direction"": null, ""ghf_fit_points"": 4, ""ghf_height_points"": 2, ""ghf_independent_points"": 3, ""ghf_method"": ""plic_centroid_parabola"", ""interval_count"": 1, ""objective"": 0.11501821391876027, ""optimizer_message"": ""CONVERGENCE: NORM_OF_PROJECTED_GRADIENT_<=_PGTOL"", ""optimizer_success"": true}"
PLVIRA,PLVIRA,ellipses,3,128,68,27,reconstructed,0.07520592097401044,0.07520592097400981,6.245004513516506e-16,0.06928350191996227,0.06990555967571255,0.0006220577557502771,4.996071706695746e-08,True,height_function,"{""curvature"": 0.06928350191996227, ""curvature_source"": ""cartesian-ghf"", ""ghf_diagnostic"": ""complete three-column height function"", ""ghf_direction"": ""y"", ""ghf_fit_points"": 0, ""ghf_height_points"": 3, ""ghf_independent_points"": 3, ""ghf_method"": ""height_function"", ""interval_count"": 1, ""objective"": 4.996071706695746e-08, ""optimizer_message"": ""CONVERGENCE: NORM_OF_PROJECTED_GRADIENT_<=_PGTOL"", ""optimizer_success"": true}"
PLVIRA,PLVIRA,ellipses,3,128,68,28,reconstructed,0.5971942557946466,0.5971942557946528,6.217248937900877e-15,0.06928350191996227,0.06763657975315193,0.0016469221668103384,2.793282883956976e-07,True,height_function,"{""curvature"": 0.06928350191996227, ""curvature_source"": ""cartesian-ghf"", ""ghf_diagnostic"": ""complete three-column height function"", ""ghf_direction"": ""y"", ""ghf_fit_points"": 0, ""ghf_height_points"": 3, ""ghf_independent_points"": 3, ""ghf_method"": ""height_function"", ""interval_count"": 1, ""objective"": 2.793282883956976e-07, ""optimizer_message"": ""CONVERGENCE: NORM_OF_PROJECTED_GRADIENT_<=_PGTOL"", ""optimizer_success"": true}"
PLVIRA,PLVIRA,ellipses,3,128,68,102,reconstructed,0.4057719891085073,0.4057719891085082,8.881784197001252e-16,0.0948733017126711,0.09480217511220801,7.112660046308672e-05,1.6876025375264124e-15,True,height_function,"{""curvature"": 0.0948733017126711, ""curvature_source"": ""cartesian-ghf"", ""ghf_diagnostic"": ""complete three-column height function"", ""ghf_direction"": ""y"", ""ghf_fit_points"": 0, ""ghf_height_points"": 3, ""ghf_independent_points"": 3, ""ghf_method"": ""height_function"", ""interval_count"": 1, ""objective"": 1.6876025375264124e-15, ""optimizer_message"": ""CONVERGENCE: REL_REDUCTION_OF_F_<=_FACTR*EPSMCH"", ""optimizer_success"": true}"
PLVIRA,PLVIRA,ellipses,3,128,69,28,reconstructed,0.34998046916487524,0.34998046916487613,8.881784197001252e-16,0.06473957678815646,0.06470045509187926,3.912169627720563e-05,9.913622548572937e-08,True,height_function,"{""curvature"": 0.06473957678815646, ""curvature_source"": ""cartesian-ghf"", ""ghf_diagnostic"": ""complete three-column height function"", ""ghf_direction"": ""y"", ""ghf_fit_points"": 0, ""ghf_height_points"": 3, ""ghf_independent_points"": 3, ""ghf_method"": ""height_function"", ""interval_count"": 1, ""objective"": 9.913622548572937e-08, ""optimizer_message"": ""CONVERGENCE: REL_REDUCTION_OF_F_<=_FACTR*EPSMCH"", ""optimizer_success"": true}"
PLVIRA,PLVIRA,ellipses,3,128,69,102,reconstructed,0.33441716763045937,0.3344171676304719,1.2545520178264269e-14,0.09485152854617443,0.094783674428126,6.785411804842434e-05,2.197143955440482e-20,True,height_function,"{""curvature"": 0.09485152854617443, ""curvature_source"": ""cartesian-ghf"", ""ghf_diagnostic"": ""complete three-column height function"", ""ghf_direction"": ""y"", ""ghf_fit_points"": 0, ""ghf_height_points"": 3, ""ghf_independent_points"": 3, ""ghf_method"": ""height_function"", ""interval_count"": 1, ""objective"": 2.197143955440482e-20, ""optimizer_message"": ""CONVERGENCE: NORM_OF_PROJECTED_GRADIENT_<=_PGTOL"", ""optimizer_success"": true}"
PLVIRA,PLVIRA,ellipses,3,128,70,28,reconstructed,0.039871946377034735,0.03987194637703374,9.922618282587337e-16,0.06029566042353182,0.06147101986723174,0.001175359443699918,2.641670911264418e-07,True,height_function,"{""curvature"": 0.06029566042353182, ""curvature_source"": ""cartesian-ghf"", ""ghf_diagnostic"": ""complete three-column height function"", ""ghf_direction"": ""y"", ""ghf_fit_points"": 0, ""ghf_height_points"": 3, ""ghf_independent_points"": 3, ""ghf_method"": ""height_function"", ""interval_count"": 1, ""objective"": 2.641670911264418e-07, ""optimizer_message"": ""CONVERGENCE: NORM_OF_PROJECTED_GRADIENT_<=_PGTOL"", ""optimizer_success"": true}"
PLVIRA,PLVIRA,ellipses,3,128,70,29,reconstructed,0.5511654073623001,0.5511654073623002,1.1102230246251565e-16,0.06029566042353182,0.05928749757535903,0.001008162848172789,1.193295117912509e-07,True,height_function,"{""curvature"": 0.06029566042353182, ""curvature_source"": ""cartesian-ghf"", ""ghf_diagnostic"": ""complete three-column height function"", ""ghf_direction"": ""y"", ""ghf_fit_points"": 0, ""ghf_height_points"": 3, ""ghf_independent_points"": 3, ""ghf_method"": ""height_function"", ""interval_count"": 1, ""objective"": 1.193295117912509e-07, ""optimizer_message"": ""CONVERGENCE: NORM_OF_PROJECTED_GRADIENT_<=_PGTOL"", ""optimizer_success"": true}"
PLVIRA,PLVIRA,ellipses,3,128,70,102,reconstructed,0.21618737583063244,0.21618737583063385,1.4155343563970746e-15,0.09379509229312327,0.09373233060518947,6.276168793380166e-05,3.739493259225557e-09,True,height_function,"{""curvature"": 0.09379509229312327, ""curvature_source"": ""cartesian-ghf"", ""ghf_diagnostic"": ""complete three-column height function"", ""ghf_direction"": ""y"", ""ghf_fit_points"": 0, ""ghf_height_points"": 3, ""ghf_independent_points"": 3, ""ghf_method"": ""height_function"", ""interval_count"": 1, ""objective"": 3.739493259225557e-09, ""optimizer_message"": ""CONVERGENCE: REL_REDUCTION_OF_F_<=_FACTR*EPSMCH"", ""optimizer_success"": true}"
PLVIRA,PLVIRA,ellipses,3,128,71,29,reconstructed,0.17623320713360444,0.1762332071336043,1.3877787807814457e-16,0.05601719357023972,0.05622810248069772,0.00021090891045799642,1.201677660082093e-07,True,height_function,"{""curvature"": 0.05601719357023972, ""curvature_source"": ""cartesian-ghf"", ""ghf_diagnostic"": ""complete three-column height function"", ""ghf_direction"": ""y"", ""ghf_fit_points"": 0, ""ghf_height_points"": 3, ""ghf_independent_points"": 3, ""ghf_method"": ""height_function"", ""interval_count"": 1, ""objective"": 1.201677660082093e-07, ""optimizer_message"": ""CONVERGENCE: NORM_OF_PROJECTED_GRADIENT_<=_PGTOL"", ""optimizer_success"": true}"
PLVIRA,PLVIRA,ellipses,3,128,71,30,reconstructed,0.6074327269827074,0.6074327269827076,1.1102230246251565e-16,0.05601719357023972,0.05418010689395905,0.001837086676280672,6.898365503987229e-07,True,height_function,"{""curvature"": 0.05601719357023972, ""curvature_source"": ""cartesian-ghf"", ""ghf_diagnostic"": ""complete three-column height function"", ""ghf_direction"": ""y"", ""ghf_fit_points"": 0, ""ghf_height_points"": 3, ""ghf_independent_points"": 3, ""ghf_method"": ""height_function"", ""interval_count"": 1, ""objective"": 6.898365503987229e-07, ""optimizer_message"": ""CONVERGENCE: NORM_OF_PROJECTED_GRADIENT_<=_PGTOL"", ""optimizer_success"": true}"
PLVIRA,PLVIRA,ellipses,3,128,71,101,reconstructed,0.6043801106649839,0.6043801106649849,9.992007221626409e-16,0.09173390080486175,0.09065756472367689,0.0010763360811848616,7.098503641510922e-08,True,height_function,"{""curvature"": 0.09173390080486175, ""curvature_source"": ""cartesian-ghf"", ""ghf_diagnostic"": ""complete three-column height function"", ""ghf_direction"": ""y"", ""ghf_fit_points"": 0, ""ghf_height_points"": 3, ""ghf_independent_points"": 3, ""ghf_method"": ""height_function"", ""interval_count"": 1, ""objective"": 7.098503641510922e-08, ""optimizer_message"": ""CONVERGENCE: NORM_OF_PROJECTED_GRADIENT_<=_PGTOL"", ""optimizer_success"": true}"
PLVIRA,PLVIRA,ellipses,3,128,71,102,reconstructed,0.055500731668367546,0.05550073166836601,1.5334955527634975e-15,0.09173390080486175,0.09197650227286978,0.00024260146800803017,7.178390811150999e-09,True,height_function,"{""curvature"": 0.09173390080486175, ""curvature_source"": ""cartesian-ghf"", ""ghf_diagnostic"": ""complete three-column height function"", ""ghf_direction"": ""y"", ""ghf_fit_points"": 0, ""ghf_height_points"": 3, ""ghf_independent_points"": 3, ""ghf_method"": ""height_function"", ""interval_count"": 1, ""objective"": 7.178390811150999e-09, ""optimizer_message"": ""CONVERGENCE: NORM_OF_PROJECTED_GRADIENT_<=_PGTOL"", ""optimizer_success"": true}"
PLVIRA,PLVIRA,ellipses,3,128,72,30,reconstructed,0.3155606085958866,0.3155606085958863,2.7755575615628914e-16,0.05194999958864465,0.051929353672226355,2.0645916418295107e-05,1.0389323696957795e-08,True,height_function,"{""curvature"": 0.05194999958864465, ""curvature_source"": ""cartesian-ghf"", ""ghf_diagnostic"": ""complete three-column height function"", ""ghf_direction"": ""y"", ""ghf_fit_points"": 0, ""ghf_height_points"": 3, ""ghf_independent_points"": 3, ""ghf_method"": ""height_function"", ""interval_count"": 1, ""objective"": 1.0389323696957795e-08, ""optimizer_message"": ""CONVERGENCE: REL_REDUCTION_OF_F_<=_FACTR*EPSMCH"", ""optimizer_success"": true}"
PLVIRA,PLVIRA,ellipses,3,128,72,101,reconstructed,0.44284040293862126,0.4428404029386225,1.2212453270876722e-15,0.08875047592688859,0.08870249563564371,4.798029124487846e-05,9.025758629249173e-09,True,height_function,"{""curvature"": 0.08875047592688859, ""curvature_source"": ""cartesian-ghf"", ""ghf_diagnostic"": ""complete three-column height function"", ""ghf_direction"": ""y"", ""ghf_fit_points"": 0, ""ghf_height_points"": 3, ""ghf_independent_points"": 3, ""ghf_method"": ""height_function"", ""interval_count"": 1, ""objective"": 9.025758629249173e-09, ""optimizer_message"": ""CONVERGENCE: REL_REDUCTION_OF_F_<=_FACTR*EPSMCH"", ""optimizer_success"": true}"
PLVIRA,PLVIRA,ellipses,3,128,73,30,reconstructed,0.003933120428972528,0.003933120428972706,1.7867651802561113e-16,0.04812330774487707,0.04977453310202983,0.001651225357152765,6.020015651064359e-07,True,height_function,"{""curvature"": 0.04812330774487707, ""curvature_source"": ""cartesian-ghf"", ""ghf_diagnostic"": ""complete three-column height function"", ""ghf_direction"": ""y"", ""ghf_fit_points"": 0, ""ghf_height_points"": 3, ""ghf_independent_points"": 3, ""ghf_method"": ""height_function"", ""interval_count"": 1, ""objective"": 6.020015651064359e-07, ""optimizer_message"": ""CONVERGENCE: NORM_OF_PROJECTED_GRADIENT_<=_PGTOL"", ""optimizer_success"": true}"
PLVIRA,PLVIRA,ellipses,3,128,73,31,reconstructed,0.40106367284009625,0.40106367284009675,4.996003610813204e-16,0.04812330774487707,0.047888419047245695,0.00023488869763137188,6.147308918712247e-08,True,height_function,"{""curvature"": 0.04812330774487707, ""curvature_source"": ""cartesian-ghf"", ""ghf_diagnostic"": ""complete three-column height function"", ""ghf_direction"": ""y"", ""ghf_fit_points"": 0, ""ghf_height_points"": 3, ""ghf_independent_points"": 3, ""ghf_method"": ""height_function"", ""interval_count"": 1, ""objective"": 6.147308918712247e-08, ""optimizer_message"": ""CONVERGENCE: NORM_OF_PROJECTED_GRADIENT_<=_PGTOL"", ""optimizer_success"": true}"
PLVIRA,PLVIRA,ellipses,3,128,73,101,reconstructed,0.17298991123751994,0.17298991123752122,1.27675647831893e-15,0.08497105694307552,0.0849331052676554,3.7951675420117015e-05,6.216614718783005e-10,True,height_function,"{""curvature"": 0.08497105694307552, ""curvature_source"": ""cartesian-ghf"", ""ghf_diagnostic"": ""complete three-column height function"", ""ghf_direction"": ""y"", ""ghf_fit_points"": 0, ""ghf_height_points"": 3, ""ghf_independent_points"": 3, ""ghf_method"": ""height_function"", ""interval_count"": 1, ""objective"": 6.216614718783005e-10, ""optimizer_message"": ""CONVERGENCE: REL_REDUCTION_OF_F_<=_FACTR*EPSMCH"", ""optimizer_success"": true}"
PLVIRA,PLVIRA,ellipses,3,128,74,31,reconstructed,0.013719713024505642,0.01371971302450569,4.85722573273506e-17,0.04455297123010202,0.04592806367545322,0.0013750924453512017,4.3183180216370616e-07,True,height_function,"{""curvature"": 0.04455297123010202, ""curvature_source"": ""cartesian-ghf"", ""ghf_diagnostic"": ""complete three-column height function"", ""ghf_direction"": ""y"", ""ghf_fit_points"": 0, ""ghf_height_points"": 3, ""ghf_independent_points"": 3, ""ghf_method"": ""height_function"", ""interval_count"": 1, ""objective"": 4.3183180216370616e-07, ""optimizer_message"": ""CONVERGENCE: REL_REDUCTION_OF_F_<=_FACTR*EPSMCH"", ""optimizer_success"": true}"
PLVIRA,PLVIRA,ellipses,3,128,74,32,reconstructed,0.424902585064979,0.4249025850649786,4.440892098500626e-16,0.043999741730302154,0.044181274775074525,0.00018153304477237092,1.655515546345734e-07,True,height_function,"{""curvature"": 0.043999741730302154, ""curvature_source"": ""cartesian-ghf"", ""ghf_diagnostic"": ""complete three-column height function"", ""ghf_direction"": ""x"", ""ghf_fit_points"": 0, ""ghf_height_points"": 3, ""ghf_independent_points"": 3, ""ghf_method"": ""height_function"", ""interval_count"": 1, ""objective"": 1.655515546345734e-07, ""optimizer_message"": ""CONVERGENCE: NORM_OF_PROJECTED_GRADIENT_<=_PGTOL"", ""optimizer_success"": true}"
PLVIRA,PLVIRA,ellipses,3,128,74,100,reconstructed,0.45708335428667113,0.45708335428667146,3.3306690738754696e-16,0.08055211991385652,0.08038810415837408,0.00016401575548244396,1.2002069022524546e-07,True,height_function,"{""curvature"": 0.08055211991385652, ""curvature_source"": ""cartesian-ghf"", ""ghf_diagnostic"": ""complete three-column height function"", ""ghf_direction"": ""y"", ""ghf_fit_points"": 0, ""ghf_height_points"": 3, ""ghf_independent_points"": 3, ""ghf_method"": ""height_function"", ""interval_count"": 1, ""objective"": 1.2002069022524546e-07, ""optimizer_message"": ""CONVERGENCE: REL_REDUCTION_OF_F_<=_FACTR*EPSMCH"", ""optimizer_success"": true}"
PLVIRA,PLVIRA,ellipses,3,128,74,101,reconstructed,0.000596947896985949,0.0005969478969860935,1.4452414959231774e-16,0.08055211991385652,0.0826861382857218,0.002134018371865276,4.678319858014324e-07,True,height_function,"{""curvature"": 0.08055211991385652, ""curvature_source"": ""cartesian-ghf"", ""ghf_diagnostic"": ""complete three-column height function"", ""ghf_direction"": ""y"", ""ghf_fit_points"": 0, ""ghf_height_points"": 3, ""ghf_independent_points"": 3, ""ghf_method"": ""height_function"", ""interval_count"": 1, ""objective"": 4.678319858014324e-07, ""optimizer_message"": ""CONVERGENCE: REL_REDUCTION_OF_F_<=_FACTR*EPSMCH"", ""optimizer_success"": true}"
PLVIRA,PLVIRA,ellipses,3,128,75,32,reconstructed,0.013358461645657701,0.01335846164565746,2.411265631607762e-16,0.043999741730302154,0.04254297084100539,0.0014567708892967643,4.3291069924185546e-07,True,height_function,"{""curvature"": 0.043999741730302154, ""curvature_source"": ""cartesian-ghf"", ""ghf_diagnostic"": ""complete three-column height function"", ""ghf_direction"": ""x"", ""ghf_fit_points"": 0, ""ghf_height_points"": 3, ""ghf_independent_points"": 3, ""ghf_method"": ""height_function"", ""interval_count"": 1, ""objective"": 4.3291069924185546e-07, ""optimizer_message"": ""CONVERGENCE: REL_REDUCTION_OF_F_<=_FACTR*EPSMCH"", ""optimizer_success"": true}"
PLVIRA,PLVIRA,ellipses,3,128,75,33,reconstructed,0.39936887943882915,0.3993688794388286,5.551115123125783e-16,0.04088395862464842,0.040925518814284356,4.156018963593494e-05,3.7305710882476575e-08,True,height_function,"{""curvature"": 0.04088395862464842, ""curvature_source"": ""cartesian-ghf"", ""ghf_diagnostic"": ""complete three-column height function"", ""ghf_direction"": ""x"", ""ghf_fit_points"": 0, ""ghf_height_points"": 3, ""ghf_independent_points"": 3, ""ghf_method"": ""height_function"", ""interval_count"": 1, ""objective"": 3.7305710882476575e-08, ""optimizer_message"": ""CONVERGENCE: REL_REDUCTION_OF_F_<=_FACTR*EPSMCH"", ""optimizer_success"": true}"
PLVIRA,PLVIRA,ellipses,3,128,75,99,reconstructed,0.5878392986403543,0.5878392986403546,2.220446049250313e-16,0.075664846851075,0.07395014805387329,0.001714698797201708,5.08827092645014e-07,True,height_function,"{""curvature"": 0.075664846851075, ""curvature_source"": ""cartesian-ghf"", ""ghf_diagnostic"": ""complete three-column height function"", ""ghf_direction"": ""y"", ""ghf_fit_points"": 0, ""ghf_height_points"": 3, ""ghf_independent_points"": 3, ""ghf_method"": ""height_function"", ""interval_count"": 1, ""objective"": 5.08827092645014e-07, ""optimizer_message"": ""CONVERGENCE: REL_REDUCTION_OF_F_<=_FACTR*EPSMCH"", ""optimizer_success"": true}"
PLVIRA,PLVIRA,ellipses,3,128,75,100,reconstructed,0.09501093266401177,0.09501093266401135,4.163336342344337e-16,0.075664846851075,0.07647284853419849,0.000808001683123491,9.829412738205083e-08,True,height_function,"{""curvature"": 0.075664846851075, ""curvature_source"": ""cartesian-ghf"", ""ghf_diagnostic"": ""complete three-column height function"", ""ghf_direction"": ""y"", ""ghf_fit_points"": 0, ""ghf_height_points"": 3, ""ghf_independent_points"": 3, ""ghf_method"": ""height_function"", ""interval_count"": 1, ""objective"": 9.829412738205083e-08, ""optimizer_message"": ""CONVERGENCE: REL_REDUCTION_OF_F_<=_FACTR*EPSMCH"", ""optimizer_success"": true}"
PLVIRA,PLVIRA,ellipses,3,128,76,33,reconstructed,0.003863733804918233,0.0038637338049182825,4.9439619065339e-17,0.04088395862464842,0.03954601754654901,0.001337941078099411,3.7203144497001337e-07,True,height_function,"{""curvature"": 0.04088395862464842, ""curvature_source"": ""cartesian-ghf"", ""ghf_diagnostic"": ""complete three-column height function"", ""ghf_direction"": ""x"", ""ghf_fit_points"": 0, ""ghf_height_points"": 3, ""ghf_independent_points"": 3, ""ghf_method"": ""height_function"", ""interval_count"": 1, ""objective"": 3.7203144497001337e-07, ""optimizer_message"": ""CONVERGENCE: NORM_OF_PROJECTED_GRADIENT_<=_PGTOL"", ""optimizer_success"": true}"
PLVIRA,PLVIRA,ellipses,3,128,76,34,reconstructed,0.32048215462816193,0.32048215462816476,2.831068712794149e-15,0.038240881727380695,0.03814389308914401,9.698863823668497e-05,3.4272373463992764e-09,True,height_function,"{""curvature"": 0.038240881727380695, ""curvature_source"": ""cartesian-ghf"", ""ghf_diagnostic"": ""complete three-column height function"", ""ghf_direction"": ""x"", ""ghf_fit_points"": 0, ""ghf_height_points"": 3, ""ghf_independent_points"": 3, ""ghf_method"": ""height_function"", ""interval_count"": 1, ""objective"": 3.4272373463992764e-09, ""optimizer_message"": ""CONVERGENCE: REL_REDUCTION_OF_F_<=_FACTR*EPSMCH"", ""optimizer_success"": true}"
PLVIRA,PLVIRA,ellipses,3,128,76,35,reconstructed,0.6087087575278822,0.6087087575278822,0.0,0.03597371879860552,0.03687956903912317,0.0009058502405176541,1.8193637208072703e-07,True,height_function,"{""curvature"": 0.03597371879860552, ""curvature_source"": ""cartesian-ghf"", ""ghf_diagnostic"": ""complete three-column height function"", ""ghf_direction"": ""x"", ""ghf_fit_points"": 0, ""ghf_height_points"": 3, ""ghf_independent_points"": 3, ""ghf_method"": ""height_function"", ""interval_count"": 1, ""objective"": 1.8193637208072703e-07, ""optimizer_message"": ""CONVERGENCE: NORM_OF_PROJECTED_GRADIENT_<=_PGTOL"", ""optimizer_success"": true}"
PLVIRA,PLVIRA,ellipses,3,128,76,98,reconstructed,0.6101659346939219,0.6101659346939221,2.220446049250313e-16,0.07048014440254094,0.06793992267214517,0.002540221730395767,1.3636970626778732e-06,True,height_function,"{""curvature"": 0.07048014440254094, ""curvature_source"": ""cartesian-ghf"", ""ghf_diagnostic"": ""complete three-column height function"", ""ghf_direction"": ""y"", ""ghf_fit_points"": 0, ""ghf_height_points"": 3, ""ghf_independent_points"": 3, ""ghf_method"": ""height_function"", ""interval_count"": 1, ""objective"": 1.3636970626778732e-06, ""optimizer_message"": ""CONVERGENCE: NORM_OF_PROJECTED_GRADIENT_<=_PGTOL"", ""optimizer_success"": true}"
PLVIRA,PLVIRA,ellipses,3,128,76,99,reconstructed,0.23372492511265128,0.233724925112652,7.216449660063518e-16,0.07048014440254094,0.07054705992975274,6.691552721180272e-05,9.91557051535957e-08,True,height_function,"{""curvature"": 0.07048014440254094, ""curvature_source"": ""cartesian-ghf"", ""ghf_diagnostic"": ""complete three-column height function"", ""ghf_direction"": ""y"", ""ghf_fit_points"": 0, ""ghf_height_points"": 3, ""ghf_independent_points"": 3, ""ghf_method"": ""height_function"", ""interval_count"": 1, ""objective"": 9.91557051535957e-08, ""optimizer_message"": ""CONVERGENCE: NORM_OF_PROJECTED_GRADIENT_<=_PGTOL"", ""optimizer_success"": true}"
PLVIRA,PLVIRA,ellipses,3,128,77,35,reconstructed,0.19925987375778814,0.19925987375778786,2.7755575615628914e-16,0.03597371879860552,0.03581074674919529,0.0001629720494102302,2.3503909555432118e-08,True,height_function,"{""curvature"": 0.03597371879860552, ""curvature_source"": ""cartesian-ghf"", ""ghf_diagnostic"": ""complete three-column height function"", ""ghf_direction"": ""x"", ""ghf_fit_points"": 0, ""ghf_height_points"": 3, ""ghf_independent_points"": 3, ""ghf_method"": ""height_function"", ""interval_count"": 1, ""objective"": 2.3503909555432118e-08, ""optimizer_message"": ""CONVERGENCE: NORM_OF_PROJECTED_GRADIENT_<=_PGTOL"", ""optimizer_success"": true}"
PLVIRA,PLVIRA,ellipses,3,128,77,36,reconstructed,0.5738629624570687,0.5738629624570755,6.772360450213455e-15,0.03401131461942425,0.03449702867665578,0.0004857140572315302,4.822032157605271e-08,True,height_function,"{""curvature"": 0.03401131461942425, ""curvature_source"": ""cartesian-ghf"", ""ghf_diagnostic"": ""complete three-column height function"", ""ghf_direction"": ""x"", ""ghf_fit_points"": 0, ""ghf_height_points"": 3, ""ghf_independent_points"": 3, ""ghf_method"": ""height_function"", ""interval_count"": 1, ""objective"": 4.822032157605271e-08, ""optimizer_message"": ""CONVERGENCE: REL_REDUCTION_OF_F_<=_FACTR*EPSMCH"", ""optimizer_success"": true}"
PLVIRA,PLVIRA,ellipses,3,128,77,98,reconstructed,0.3246723736861394,0.32467237368613805,1.3322676295501878e-15,0.06515624112326374,0.06516600607445767,9.764951193938498e-06,5.1734886665933e-09,True,height_function,"{""curvature"": 0.06515624112326374, ""curvature_source"": ""cartesian-ghf"", ""ghf_diagnostic"": ""complete three-column height function"", ""ghf_direction"": ""y"", ""ghf_fit_points"": 0, ""ghf_height_points"": 3, ""ghf_independent_points"": 3, ""ghf_method"": ""height_function"", ""interval_count"": 1, ""objective"": 5.1734886665933e-09, ""optimizer_message"": ""CONVERGENCE: REL_REDUCTION_OF_F_<=_FACTR*EPSMCH"", ""optimizer_success"": true}"
PLVIRA,PLVIRA,ellipses,3,128,78,36,reconstructed,0.07673345748365944,0.07673345748364781,1.1629586182948515e-14,0.03401131461942425,0.03358427485048029,0.0004270397689439612,2.3686747927814924e-08,True,height_function,"{""curvature"": 0.03401131461942425, ""curvature_source"": ""cartesian-ghf"", ""ghf_diagnostic"": ""complete three-column height function"", ""ghf_direction"": ""x"", ""ghf_fit_points"": 0, ""ghf_height_points"": 3, ""ghf_independent_points"": 3, ""ghf_method"": ""height_function"", ""interval_count"": 1, ""objective"": 2.3686747927814924e-08, ""optimizer_message"": ""CONVERGENCE: REL_REDUCTION_OF_F_<=_FACTR*EPSMCH"", ""optimizer_success"": true}"
PLVIRA,PLVIRA,ellipses,3,128,78,37,reconstructed,0.45920691487075044,0.459206914870751,5.551115123125783e-16,0.03229990039858902,0.03236002006383946,6.011966525043544e-05,1.9758964512447786e-08,True,height_function,"{""curvature"": 0.03229990039858902, ""curvature_source"": ""cartesian-ghf"", ""ghf_diagnostic"": ""complete three-column height function"", ""ghf_direction"": ""x"", ""ghf_fit_points"": 0, ""ghf_height_points"": 3, ""ghf_independent_points"": 3, ""ghf_method"": ""height_function"", ""interval_count"": 1, ""objective"": 1.9758964512447786e-08, ""optimizer_message"": ""CONVERGENCE: REL_REDUCTION_OF_F_<=_FACTR*EPSMCH"", ""optimizer_success"": true}"
PLVIRA,PLVIRA,ellipses,3,128,78,97,reconstructed,0.33721452896881743,0.3372145289688277,1.0269562977782698e-14,0.059942404367180284,0.05968554222840485,0.0002568621387754322,4.578659520252919e-09,True,height_function,"{""curvature"": 0.059942404367180284, ""curvature_source"": ""cartesian-ghf"", ""ghf_diagnostic"": ""complete three-column height function"", ""ghf_direction"": ""x"", ""ghf_fit_points"": 0, ""ghf_height_points"": 3, ""ghf_independent_points"": 3, ""ghf_method"": ""height_function"", ""interval_count"": 1, ""objective"": 4.578659520252919e-09, ""optimizer_message"": ""CONVERGENCE: REL_REDUCTION_OF_F_<=_FACTR*EPSMCH"", ""optimizer_success"": true}"
PLVIRA,PLVIRA,ellipses,3,128,78,98,reconstructed,0.001340266982637987,0.0013402669826378909,9.606031248221569e-17,0.05982997494021743,0.06236868787877705,0.0025387129385596174,1.7260490914784537e-06,True,height_function,"{""curvature"": 0.05982997494021743, ""curvature_source"": ""cartesian-ghf"", ""ghf_diagnostic"": ""complete three-column height function"", ""ghf_direction"": ""y"", ""ghf_fit_points"": 0, ""ghf_height_points"": 3, ""ghf_independent_points"": 3, ""ghf_method"": ""height_function"", ""interval_count"": 1, ""objective"": 1.7260490914784537e-06, ""optimizer_message"": ""CONVERGENCE: NORM_OF_PROJECTED_GRADIENT_<=_PGTOL"", ""optimizer_success"": true}"
PLVIRA,PLVIRA,ellipses,3,128,79,37,reconstructed,0.003785450989776442,0.0037854509897761596,2.8232624571522535e-16,0.03229990039858902,0.0315801246206306,0.0007197757779584257,7.573294858742776e-08,True,height_function,"{""curvature"": 0.03229990039858902, ""curvature_source"": ""cartesian-ghf"", ""ghf_diagnostic"": ""complete three-column height function"", ""ghf_direction"": ""x"", ""ghf_fit_points"": 0, ""ghf_height_points"": 3, ""ghf_independent_points"": 3, ""ghf_method"": ""height_function"", ""interval_count"": 1, ""objective"": 7.573294858742776e-08, ""optimizer_message"": ""CONVERGENCE: NORM_OF_PROJECTED_GRADIENT_<=_PGTOL"", ""optimizer_success"": true}"
PLVIRA,PLVIRA,ellipses,3,128,79,38,reconstructed,0.24850429625125442,0.2485042962512533,1.1102230246251565e-15,0.03079796383480616,0.0307573480952067,4.0615739599458855e-05,8.20052453039729e-09,True,height_function,"{""curvature"": 0.03079796383480616, ""curvature_source"": ""cartesian-ghf"", ""ghf_diagnostic"": ""complete three-column height function"", ""ghf_direction"": ""x"", ""ghf_fit_points"": 0, ""ghf_height_points"": 3, ""ghf_independent_points"": 3, ""ghf_method"": ""height_function"", ""interval_count"": 1, ""objective"": 8.20052453039729e-09, ""optimizer_message"": ""CONVERGENCE: NORM_OF_PROJECTED_GRADIENT_<=_PGTOL"", ""optimizer_success"": true}"
PLVIRA,PLVIRA,ellipses,3,128,79,39,reconstructed,0.5700628629768528,0.5700628629768537,8.881784197001252e-16,0.02947289145063978,0.029770690881842296,0.00029779943120251604,1.562293529344896e-08,True,height_function,"{""curvature"": 0.02947289145063978, ""curvature_source"": ""cartesian-ghf"", ""ghf_diagnostic"": ""complete three-column height function"", ""ghf_direction"": ""x"", ""ghf_fit_points"": 0, ""ghf_height_points"": 3, ""ghf_independent_points"": 3, ""ghf_method"": ""height_function"", ""interval_count"": 1, ""objective"": 1.562293529344896e-08, ""optimizer_message"": ""CONVERGENCE: NORM_OF_PROJECTED_GRADIENT_<=_PGTOL"", ""optimizer_success"": true}"
PLVIRA,PLVIRA,ellipses,3,128,79,95,reconstructed,0.602865701646696,0.6028657016466961,1.1102230246251565e-16,0.05111828351005826,0.05251806628242562,0.0013997827723673598,5.462521953368465e-07,True,height_function,"{""curvature"": 0.05111828351005826, ""curvature_source"": ""cartesian-ghf"", ""ghf_diagnostic"": ""complete three-column height function"", ""ghf_direction"": ""x"", ""ghf_fit_points"": 0, ""ghf_height_points"": 3, ""ghf_independent_points"": 3, ""ghf_method"": ""height_function"", ""interval_count"": 1, ""objective"": 5.462521953368465e-07, ""optimizer_message"": ""CONVERGENCE: REL_REDUCTION_OF_F_<=_FACTR*EPSMCH"", ""optimizer_success"": true}"
PLVIRA,PLVIRA,ellipses,3,128,79,96,reconstructed,0.2730549085911712,0.27305490859117254,1.3322676295501878e-15,0.05519938197031367,0.0549755308844444,0.00022385108586926716,1.895695518612776e-08,True,height_function,"{""curvature"": 0.05519938197031367, ""curvature_source"": ""cartesian-ghf"", ""ghf_diagnostic"": ""complete three-column height function"", ""ghf_direction"": ""x"", ""ghf_fit_points"": 0, ""ghf_height_points"": 3, ""ghf_independent_points"": 3, ""ghf_method"": ""height_function"", ""interval_count"": 1, ""objective"": 1.895695518612776e-08, ""optimizer_message"": ""CONVERGENCE: NORM_OF_PROJECTED_GRADIENT_<=_PGTOL"", ""optimizer_success"": true}"
PLVIRA,PLVIRA,ellipses,3,128,79,97,reconstructed,0.00011130970282568811,0.00011130970282571644,2.8324781756183803e-17,0.059942404367180284,0.05723407319305512,0.002708331174125167,1.3685813889000565e-06,True,height_function,"{""curvature"": 0.059942404367180284, ""curvature_source"": ""cartesian-ghf"", ""ghf_diagnostic"": ""complete three-column height function"", ""ghf_direction"": ""x"", ""ghf_fit_points"": 0, ""ghf_height_points"": 3, ""ghf_independent_points"": 3, ""ghf_method"": ""height_function"", ""interval_count"": 1, ""objective"": 1.3685813889000565e-06, ""optimizer_message"": ""CONVERGENCE: NORM_OF_PROJECTED_GRADIENT_<=_PGTOL"", ""optimizer_success"": true}"
PLVIRA,PLVIRA,ellipses,3,128,80,39,reconstructed,0.050099754846519295,0.05009975484651917,1.249000902703301e-16,0.02947289145063978,0.0291497509988161,0.0003231404518236787,1.241612469588751e-08,True,height_function,"{""curvature"": 0.02947289145063978, ""curvature_source"": ""cartesian-ghf"", ""ghf_diagnostic"": ""complete three-column height function"", ""ghf_direction"": ""x"", ""ghf_fit_points"": 0, ""ghf_height_points"": 3, ""ghf_independent_points"": 3, ""ghf_method"": ""height_function"", ""interval_count"": 1, ""objective"": 1.241612469588751e-08, ""optimizer_message"": ""CONVERGENCE: NORM_OF_PROJECTED_GRADIENT_<=_PGTOL"", ""optimizer_success"": true}"
PLVIRA,PLVIRA,ellipses,3,128,80,40,reconstructed,0.3594461972071694,0.35944619720716847,9.43689570931383e-16,0.02829868506084131,0.028269970256642955,2.8714804198356342e-05,6.8950527110861965e-09,True,height_function,"{""curvature"": 0.02829868506084131, ""curvature_source"": ""cartesian-ghf"", ""ghf_diagnostic"": ""complete three-column height function"", ""ghf_direction"": ""x"", ""ghf_fit_points"": 0, ""ghf_height_points"": 3, ""ghf_independent_points"": 3, ""ghf_method"": ""height_function"", ""interval_count"": 1, ""objective"": 6.8950527110861965e-09, ""optimizer_message"": ""CONVERGENCE: NORM_OF_PROJECTED_GRADIENT_<=_PGTOL"", ""optimizer_success"": true}"
PLVIRA,PLVIRA,ellipses,3,128,80,41,reconstructed,0.5998487276682868,0.5998487276682879,1.1102230246251565e-15,0.027254361407999285,0.027602400554299432,0.000348039146300147,1.4460152879369744e-08,True,height_function,"{""curvature"": 0.027254361407999285, ""curvature_source"": ""cartesian-ghf"", ""ghf_diagnostic"": ""complete three-column height function"", ""ghf_direction"": ""x"", ""ghf_fit_points"": 0, ""ghf_height_points"": 3, ""ghf_independent_points"": 3, ""ghf_method"": ""height_function"", ""interval_count"": 1, ""objective"": 1.4460152879369744e-08, ""optimizer_message"": ""CONVERGENCE: NORM_OF_PROJECTED_GRADIENT_<=_PGTOL"", ""optimizer_success"": true}"
PLVIRA,PLVIRA,ellipses,3,128,80,94,reconstructed,0.5466895482599071,0.546689548259907,1.1102230246251565e-16,0.04758305478518577,0.048191620691389526,0.0006085659062037563,8.267256734690531e-08,True,height_function,"{""curvature"": 0.04758305478518577, ""curvature_source"": ""cartesian-ghf"", ""ghf_diagnostic"": ""complete three-column height function"", ""ghf_direction"": ""x"", ""ghf_fit_points"": 0, ""ghf_height_points"": 3, ""ghf_independent_points"": 3, ""ghf_method"": ""height_function"", ""interval_count"": 1, ""objective"": 8.267256734690531e-08, ""optimizer_message"": ""CONVERGENCE: REL_REDUCTION_OF_F_<=_FACTR*EPSMCH"", ""optimizer_success"": true}"
PLVIRA,PLVIRA,ellipses,3,128,80,95,reconstructed,0.15709776481052468,0.157097764810524,6.661338147750939e-16,0.05111828351005826,0.05061477193283729,0.0005035115772209706,1.0772421321596161e-07,True,height_function,"{""curvature"": 0.05111828351005826, ""curvature_source"": ""cartesian-ghf"", ""ghf_diagnostic"": ""complete three-column height function"", ""ghf_direction"": ""x"", ""ghf_fit_points"": 0, ""ghf_height_points"": 3, ""ghf_independent_points"": 3, ""ghf_method"": ""height_function"", ""interval_count"": 1, ""objective"": 1.0772421321596161e-07, ""optimizer_message"": ""CONVERGENCE: NORM_OF_PROJECTED_GRADIENT_<=_PGTOL"", ""optimizer_success"": true}"
PLVIRA,PLVIRA,ellipses,3,128,81,41,reconstructed,0.08901324108416357,0.0890132410841633,2.7755575615628914e-16,0.027254361407999285,0.02710538525546623,0.0001489761525330542,1.9604685419381525e-09,True,height_function,"{""curvature"": 0.027254361407999285, ""curvature_source"": ""cartesian-ghf"", ""ghf_diagnostic"": ""complete three-column height function"", ""ghf_direction"": ""x"", ""ghf_fit_points"": 0, ""ghf_height_points"": 3, ""ghf_independent_points"": 3, ""ghf_method"": ""height_function"", ""interval_count"": 1, ""objective"": 1.9604685419381525e-09, ""optimizer_message"": ""CONVERGENCE: NORM_OF_PROJECTED_GRADIENT_<=_PGTOL"", ""optimizer_success"": true}"
PLVIRA,PLVIRA,ellipses,3,128,81,42,reconstructed,0.38921666154813445,0.38921666154813417,2.7755575615628914e-16,0.026322802871080242,0.02630161522043558,2.1187650644662048e-05,3.737770168102113e-09,True,height_function,"{""curvature"": 0.026322802871080242, ""curvature_source"": ""cartesian-ghf"", ""ghf_diagnostic"": ""complete three-column height function"", ""ghf_direction"": ""x"", ""ghf_fit_points"": 0, ""ghf_height_points"": 3, ""ghf_independent_points"": 3, ""ghf_method"": ""height_function"", ""interval_count"": 1, ""objective"": 3.737770168102113e-09, ""optimizer_message"": ""CONVERGENCE: NORM_OF_PROJECTED_GRADIENT_<=_PGTOL"", ""optimizer_success"": true}"
PLVIRA,PLVIRA,ellipses,3,128,81,43,reconstructed,0.6015455757227203,0.6015455757227185,1.7763568394002505e-15,0.025489915114747044,0.025772577655845744,0.00028266254109870007,8.140288691275893e-09,True,height_function,"{""curvature"": 0.025489915114747044, ""curvature_source"": ""cartesian-ghf"", ""ghf_diagnostic"": ""complete three-column height function"", ""ghf_direction"": ""x"", ""ghf_fit_points"": 0, ""ghf_height_points"": 3, ""ghf_independent_points"": 3, ""ghf_method"": ""height_function"", ""interval_count"": 1, ""objective"": 8.140288691275893e-09, ""optimizer_message"": ""CONVERGENCE: NORM_OF_PROJECTED_GRADIENT_<=_PGTOL"", ""optimizer_success"": true}"
PLVIRA,PLVIRA,ellipses,3,128,81,92,reconstructed,0.6073089706835241,0.6073089706835247,6.661338147750939e-16,0.041801028424364416,0.042835675981157374,0.0010346475567929586,1.3417340171599358e-07,True,height_function,"{""curvature"": 0.041801028424364416, ""curvature_source"": ""cartesian-ghf"", ""ghf_diagnostic"": ""complete three-column height function"", ""ghf_direction"": ""x"", ""ghf_fit_points"": 0, ""ghf_height_points"": 3, ""ghf_independent_points"": 3, ""ghf_method"": ""height_function"", ""interval_count"": 1, ""objective"": 1.3417340171599358e-07, ""optimizer_message"": ""CONVERGENCE: NORM_OF_PROJECTED_GRADIENT_<=_PGTOL"", ""optimizer_success"": true}"
PLVIRA,PLVIRA,ellipses,3,128,81,93,reconstructed,0.3762727850847636,0.37627278508476386,2.7755575615628914e-16,0.04450179566104326,0.044399572399183934,0.0001022232618593244,4.0511118930605985e-08,True,height_function,"{""curvature"": 0.04450179566104326, ""curvature_source"": ""cartesian-ghf"", ""ghf_diagnostic"": ""complete three-column height function"", ""ghf_direction"": ""x"", ""ghf_fit_points"": 0, ""ghf_height_points"": 3, ""ghf_independent_points"": 3, ""ghf_method"": ""height_function"", ""interval_count"": 1, ""objective"": 4.0511118930605985e-08, ""optimizer_message"": ""CONVERGENCE: REL_REDUCTION_OF_F_<=_FACTR*EPSMCH"", ""optimizer_success"": true}"
PLVIRA,PLVIRA,ellipses,3,128,81,94,reconstructed,0.041651242060923126,0.04165124206092398,8.534839501805891e-16,0.04758305478518577,0.0465649198000383,0.0010181349851474675,1.9301664762399308e-07,True,height_function,"{""curvature"": 0.04758305478518577, ""curvature_source"": ""cartesian-ghf"", ""ghf_diagnostic"": ""complete three-column height function"", ""ghf_direction"": ""x"", ""ghf_fit_points"": 0, ""ghf_height_points"": 3, ""ghf_independent_points"": 3, ""ghf_method"": ""height_function"", ""interval_count"": 1, ""objective"": 1.9301664762399308e-07, ""optimizer_message"": ""CONVERGENCE: REL_REDUCTION_OF_F_<=_FACTR*EPSMCH"", ""optimizer_success"": true}"
PLVIRA,PLVIRA,ellipses,3,128,82,43,reconstructed,0.0809450017041071,0.08094500170410733,2.3592239273284576e-16,0.025489915114747044,0.02537496730271351,0.00011494781203353482,1.0266058763467823e-09,True,height_function,"{""curvature"": 0.025489915114747044, ""curvature_source"": ""cartesian-ghf"", ""ghf_diagnostic"": ""complete three-column height function"", ""ghf_direction"": ""x"", ""ghf_fit_points"": 0, ""ghf_height_points"": 3, ""ghf_independent_points"": 3, ""ghf_method"": ""height_function"", ""interval_count"": 1, ""objective"": 1.0266058763467823e-09, ""optimizer_message"": ""CONVERGENCE: REL_REDUCTION_OF_F_<=_FACTR*EPSMCH"", ""optimizer_success"": true}"
PLVIRA,PLVIRA,ellipses,3,128,82,44,reconstructed,0.34907063197305205,0.34907063197305216,1.1102230246251565e-16,0.024743998876037027,0.02472779545253017,1.6203423506857412e-05,3.040484982974096e-09,True,height_function,"{""curvature"": 0.024743998876037027, ""curvature_source"": ""cartesian-ghf"", ""ghf_diagnostic"": ""complete three-column height function"", ""ghf_direction"": ""x"", ""ghf_fit_points"": 0, ""ghf_height_points"": 3, ""ghf_independent_points"": 3, ""ghf_method"": ""height_function"", ""interval_count"": 1, ""objective"": 3.040484982974096e-09, ""optimizer_message"": ""CONVERGENCE: NORM_OF_PROJECTED_GRADIENT_<=_PGTOL"", ""optimizer_success"": true}"
PLVIRA,PLVIRA,ellipses,3,128,82,45,reconstructed,0.5787119698119556,0.5787119698119598,4.218847493575595e-15,0.024075274356055328,0.02422149654372244,0.00014622218766711242,2.404419928730282e-09,True,height_function,"{""curvature"": 0.024075274356055328, ""curvature_source"": ""cartesian-ghf"", ""ghf_diagnostic"": ""complete three-column height function"", ""ghf_direction"": ""x"", ""ghf_fit_points"": 0, ""ghf_height_points"": 3, ""ghf_independent_points"": 3, ""ghf_method"": ""height_function"", ""interval_count"": 1, ""objective"": 2.404419928730282e-09, ""optimizer_message"": ""CONVERGENCE: NORM_OF_PROJECTED_GRADIENT_<=_PGTOL"", ""optimizer_success"": true}"
PLVIRA,PLVIRA,ellipses,3,128,82,91,reconstructed,0.46240644321647506,0.4624064432164743,7.771561172376096e-16,0.03942154240464554,0.039389357666853524,3.2184737792019524e-05,7.8278096116882e-09,True,height_function,"{""curvature"": 0.03942154240464554, ""curvature_source"": ""cartesian-ghf"", ""ghf_diagnostic"": ""complete three-column height function"", ""ghf_direction"": ""x"", ""ghf_fit_points"": 0, ""ghf_height_points"": 3, ""ghf_independent_points"": 3, ""ghf_method"": ""height_function"", ""interval_count"": 1, ""objective"": 7.8278096116882e-09, ""optimizer_message"": ""CONVERGENCE: NORM_OF_PROJECTED_GRADIENT_<=_PGTOL"", ""optimizer_success"": true}"
PLVIRA,PLVIRA,ellipses,3,128,82,92,reconstructed,0.13249200337259368,0.1324920033725965,2.831068712794149e-15,0.041801028424364416,0.04155420308016758,0.0002468253441968368,2.7321702491536753e-09,True,height_function,"{""curvature"": 0.041801028424364416, ""curvature_source"": ""cartesian-ghf"", ""ghf_diagnostic"": ""complete three-column height function"", ""ghf_direction"": ""x"", ""ghf_fit_points"": 0, ""ghf_height_points"": 3, ""ghf_independent_points"": 3, ""ghf_method"": ""height_function"", ""interval_count"": 1, ""objective"": 2.7321702491536753e-09, ""optimizer_message"": ""CONVERGENCE: NORM_OF_PROJECTED_GRADIENT_<=_PGTOL"", ""optimizer_success"": true}"
PLVIRA,PLVIRA,ellipses,3,128,83,45,reconstructed,0.03188536144855074,0.031885361448553556,2.8171909249863347e-15,0.024075274356055328,0.023905773079873547,0.0001695012761817813,2.348069440012983e-09,True,height_function,"{""curvature"": 0.024075274356055328, ""curvature_source"": ""cartesian-ghf"", ""ghf_diagnostic"": ""complete three-column height function"", ""ghf_direction"": ""x"", ""ghf_fit_points"": 0, ""ghf_height_points"": 3, ""ghf_independent_points"": 3, ""ghf_method"": ""height_function"", ""interval_count"": 1, ""objective"": 2.348069440012983e-09, ""optimizer_message"": ""CONVERGENCE: REL_REDUCTION_OF_F_<=_FACTR*EPSMCH"", ""optimizer_success"": true}"
PLVIRA,PLVIRA,ellipses,3,128,83,46,reconstructed,0.24717879736199191,0.24717879736199289,9.71445146547012e-16,0.023475516361298684,0.02346273023709663,1.2786124202052163e-05,1.0001289275212713e-09,True,height_function,"{""curvature"": 0.023475516361298684, ""curvature_source"": ""cartesian-ghf"", ""ghf_diagnostic"": ""complete three-column height function"", ""ghf_direction"": ""x"", ""ghf_fit_points"": 0, ""ghf_height_points"": 3, ""ghf_independent_points"": 3, ""ghf_method"": ""height_function"", ""interval_count"": 1, ""objective"": 1.0001289275212713e-09, ""optimizer_message"": ""CONVERGENCE: NORM_OF_PROJECTED_GRADIENT_<=_PGTOL"", ""optimizer_success"": true}"
PLVIRA,PLVIRA,ellipses,3,128,83,47,reconstructed,0.48022396787066507,0.4802239678706672,2.1094237467877974e-15,0.022937771140978662,0.02292629321800223,1.1477922976430716e-05,1.7048813701891667e-11,True,height_function,"{""curvature"": 0.022937771140978662, ""curvature_source"": ""cartesian-ghf"", ""ghf_diagnostic"": ""complete three-column height function"", ""ghf_direction"": ""x"", ""ghf_fit_points"": 0, ""ghf_height_points"": 3, ""ghf_independent_points"": 3, ""ghf_method"": ""height_function"", ""interval_count"": 1, ""objective"": 1.7048813701891667e-11, ""optimizer_message"": ""CONVERGENCE: NORM_OF_PROJECTED_GRADIENT_<=_PGTOL"", ""optimizer_success"": true}"
PLVIRA,PLVIRA,ellipses,3,128,83,48,reconstructed,0.609606834083152,0.6096068340831551,3.1086244689504383e-15,0.022456134350917378,0.022659205106488733,0.00020307075557135512,2.6387757155726364e-09,True,height_function,"{""curvature"": 0.022456134350917378, ""curvature_source"": ""cartesian-ghf"", ""ghf_diagnostic"": ""complete three-column height function"", ""ghf_direction"": ""x"", ""ghf_fit_points"": 0, ""ghf_height_points"": 3, ""ghf_independent_points"": 3, ""ghf_method"": ""height_function"", ""interval_count"": 1, ""objective"": 2.6387757155726364e-09, ""optimizer_message"": ""CONVERGENCE: NORM_OF_PROJECTED_GRADIENT_<=_PGTOL"", ""optimizer_success"": true}"
PLVIRA,PLVIRA,ellipses,3,128,83,88,reconstructed,0.6077020128250415,0.6077020128250415,0.0,0.03377214479814764,0.03442063816543433,0.0006484933672866872,3.370307209511779e-08,True,height_function,"{""curvature"": 0.03377214479814764, ""curvature_source"": ""cartesian-ghf"", ""ghf_diagnostic"": ""complete three-column height function"", ""ghf_direction"": ""x"", ""ghf_fit_points"": 0, ""ghf_height_points"": 3, ""ghf_independent_points"": 3, ""ghf_method"": ""height_function"", ""interval_count"": 1, ""objective"": 3.370307209511779e-08, ""optimizer_message"": ""CONVERGENCE: NORM_OF_PROJECTED_GRADIENT_<=_PGTOL"", ""optimizer_success"": true}"
PLVIRA,PLVIRA,ellipses,3,128,83,89,reconstructed,0.44001082844462025,0.44001082844462014,1.1102230246251565e-16,0.03544292162117793,0.03539690168919961,4.6019931978322215e-05,7.646872332252452e-10,True,height_function,"{""curvature"": 0.03544292162117793, ""curvature_source"": ""cartesian-ghf"", ""ghf_diagnostic"": ""complete three-column height function"", ""ghf_direction"": ""x"", ""ghf_fit_points"": 0, ""ghf_height_points"": 3, ""ghf_independent_points"": 3, ""ghf_method"": ""height_function"", ""interval_count"": 1, ""objective"": 7.646872332252452e-10, ""optimizer_message"": ""CONVERGENCE: REL_REDUCTION_OF_F_<=_FACTR*EPSMCH"", ""optimizer_success"": true}"
PLVIRA,PLVIRA,ellipses,3,128,83,90,reconstructed,0.158270512785715,0.1582705127857157,6.938893903907228e-16,0.03731527206010415,0.03726011214702243,5.515991308172041e-05,5.313297561815738e-11,True,height_function,"{""curvature"": 0.03731527206010415, ""curvature_source"": ""cartesian-ghf"", ""ghf_diagnostic"": ""complete three-column height function"", ""ghf_direction"": ""x"", ""ghf_fit_points"": 0, ""ghf_height_points"": 3, ""ghf_independent_points"": 3, ""ghf_method"": ""height_function"", ""interval_count"": 1, ""objective"": 5.313297561815738e-11, ""optimizer_message"": ""CONVERGENCE: REL_REDUCTION_OF_F_<=_FACTR*EPSMCH"", ""optimizer_success"": true}"
PLVIRA,PLVIRA,ellipses,3,128,83,91,reconstructed,0.00014733593462565542,0.00014733593462593845,2.8303097712734093e-16,0.03942154240464554,0.03830437238771967,0.001117170016925871,9.528729196467759e-08,True,height_function,"{""curvature"": 0.03942154240464554, ""curvature_source"": ""cartesian-ghf"", ""ghf_diagnostic"": ""complete three-column height function"", ""ghf_direction"": ""x"", ""ghf_fit_points"": 0, ""ghf_height_points"": 3, ""ghf_independent_points"": 3, ""ghf_method"": ""height_function"", ""interval_count"": 1, ""objective"": 9.528729196467759e-08, ""optimizer_message"": ""CONVERGENCE: REL_REDUCTION_OF_F_<=_FACTR*EPSMCH"", ""optimizer_success"": true}"
PLVIRA,PLVIRA,ellipses,3,128,84,48,reconstructed,0.09039118036296331,0.09039118036296737,4.052314039881821e-15,0.022456134350917378,0.022426984134593247,2.915021632413084e-05,2.7667542810302118e-11,True,height_function,"{""curvature"": 0.022456134350917378, ""curvature_source"": ""cartesian-ghf"", ""ghf_diagnostic"": ""complete three-column height function"", ""ghf_direction"": ""x"", ""ghf_fit_points"": 0, ""ghf_height_points"": 3, ""ghf_independent_points"": 3, ""ghf_method"": ""height_function"", ""interval_count"": 1, ""objective"": 2.7667542810302118e-11, ""optimizer_message"": ""CONVERGENCE: NORM_OF_PROJECTED_GRADIENT_<=_PGTOL"", ""optimizer_success"": true}"
PLVIRA,PLVIRA,ellipses,3,128,84,49,reconstructed,0.2966900970725458,0.29669009707255667,1.0880185641326534e-14,0.022025575356015136,0.022016127697306626,9.447658708510581e-06,8.074553917451957e-11,True,height_function,"{""curvature"": 0.022025575356015136, ""curvature_source"": ""cartesian-ghf"", ""ghf_diagnostic"": ""complete three-column height function"", ""ghf_direction"": ""x"", ""ghf_fit_points"": 0, ""ghf_height_points"": 3, ""ghf_independent_points"": 3, ""ghf_method"": ""height_function"", ""interval_count"": 1, ""objective"": 8.074553917451957e-11, ""optimizer_message"": ""CONVERGENCE: NORM_OF_PROJECTED_GRADIENT_<=_PGTOL"", ""optimizer_success"": true}"
PLVIRA,PLVIRA,ellipses,3,128,84,50,reconstructed,0.4914785915914165,0.491478591591404,1.2490009027033011e-14,0.02164179708195345,0.021633141888573477,8.655193379971532e-06,2.3544843630716975e-11,True,height_function,"{""curvature"": 0.02164179708195345, ""curvature_source"": ""cartesian-ghf"", ""ghf_diagnostic"": ""complete three-column height function"", ""ghf_direction"": ""x"", ""ghf_fit_points"": 0, ""ghf_height_points"": 3, ""ghf_independent_points"": 3, ""ghf_method"": ""height_function"", ""interval_count"": 1, ""objective"": 2.3544843630716975e-11, ""optimizer_message"": ""CONVERGENCE: NORM_OF_PROJECTED_GRADIENT_<=_PGTOL"", ""optimizer_success"": true}"
PLVIRA,PLVIRA,ellipses,3,128,84,51,reconstructed,0.6085749445836954,0.6085749445836919,3.552713678800501e-15,0.021301123439767127,0.021434105291018798,0.0001329818512516706,1.1063532497140193e-09,True,height_function,"{""curvature"": 0.021301123439767127, ""curvature_source"": ""cartesian-ghf"", ""ghf_diagnostic"": ""complete three-column height function"", ""ghf_direction"": ""x"", ""ghf_fit_points"": 0, ""ghf_height_points"": 3, ""ghf_independent_points"": 3, ""ghf_method"": ""height_function"", ""interval_count"": 1, ""objective"": 1.1063532497140193e-09, ""optimizer_message"": ""CONVERGENCE: NORM_OF_PROJECTED_GRADIENT_<=_PGTOL"", ""optimizer_success"": true}"
PLVIRA,PLVIRA,ellipses,3,128,84,86,reconstructed,0.5445700371121104,0.5445700371121156,5.218048215738236e-15,0.030932567607867854,0.03103816831962655,0.00010560071175869448,1.4479280049560313e-09,True,height_function,"{""curvature"": 0.030932567607867854, ""curvature_source"": ""cartesian-ghf"", ""ghf_diagnostic"": ""complete three-column height function"", ""ghf_direction"": ""x"", ""ghf_fit_points"": 0, ""ghf_height_points"": 3, ""ghf_independent_points"": 3, ""ghf_method"": ""height_function"", ""interval_count"": 1, ""objective"": 1.4479280049560313e-09, ""optimizer_message"": ""CONVERGENCE: NORM_OF_PROJECTED_GRADIENT_<=_PGTOL"", ""optimizer_success"": true}"
PLVIRA,PLVIRA,ellipses,3,128,84,87,reconstructed,0.32858868327245905,0.3285886832724562,2.831068712794149e-15,0.03227614123920804,0.032243057230804346,3.3084008403690135e-05,5.535356963270824e-09,True,height_function,"{""curvature"": 0.03227614123920804, ""curvature_source"": ""cartesian-ghf"", ""ghf_diagnostic"": ""complete three-column height function"", ""ghf_direction"": ""x"", ""ghf_fit_points"": 0, ""ghf_height_points"": 3, ""ghf_independent_points"": 3, ""ghf_method"": ""height_function"", ""interval_count"": 1, ""objective"": 5.535356963270824e-09, ""optimizer_message"": ""CONVERGENCE: NORM_OF_PROJECTED_GRADIENT_<=_PGTOL"", ""optimizer_success"": true}"
PLVIRA,PLVIRA,ellipses,3,128,84,88,reconstructed,0.09192514607741417,0.091925146077418,3.83026943495679e-15,0.03377214479814764,0.03362007940055477,0.00015206539759287513,1.1879300427776853e-09,True,height_function,"{""curvature"": 0.03377214479814764, ""curvature_source"": ""cartesian-ghf"", ""ghf_diagnostic"": ""complete three-column height function"", ""ghf_direction"": ""x"", ""ghf_fit_points"": 0, ""ghf_height_points"": 3, ""ghf_independent_points"": 3, ""ghf_method"": ""height_function"", ""interval_count"": 1, ""objective"": 1.1879300427776853e-09, ""optimizer_message"": ""CONVERGENCE: NORM_OF_PROJECTED_GRADIENT_<=_PGTOL"", ""optimizer_success"": true}"
PLVIRA,PLVIRA,ellipses,3,128,85,51,reconstructed,0.06585534356472837,0.06585534356471547,1.2906342661267445e-14,0.021301123439767127,0.021270835706218346,3.0287733548781115e-05,3.713461241568274e-11,True,height_function,"{""curvature"": 0.021301123439767127, ""curvature_source"": ""cartesian-ghf"", ""ghf_diagnostic"": ""complete three-column height function"", ""ghf_direction"": ""x"", ""ghf_fit_points"": 0, ""ghf_height_points"": 3, ""ghf_independent_points"": 3, ""ghf_method"": ""height_function"", ""interval_count"": 1, ""objective"": 3.713461241568274e-11, ""optimizer_message"": ""CONVERGENCE: REL_REDUCTION_OF_F_<=_FACTR*EPSMCH"", ""optimizer_success"": true}"
PLVIRA,PLVIRA,ellipses,3,128,85,52,reconstructed,0.23556210270766859,0.23556210270767558,6.994405055138486e-15,0.02100040836066586,0.020992996996763196,7.411363902663781e-06,8.652748824601704e-11,True,height_function,"{""curvature"": 0.02100040836066586, ""curvature_source"": ""cartesian-ghf"", ""ghf_diagnostic"": ""complete three-column height function"", ""ghf_direction"": ""x"", ""ghf_fit_points"": 0, ""ghf_height_points"": 3, ""ghf_independent_points"": 3, ""ghf_method"": ""height_function"", ""interval_count"": 1, ""objective"": 8.652748824601704e-11, ""optimizer_message"": ""CONVERGENCE: REL_REDUCTION_OF_F_<=_FACTR*EPSMCH"", ""optimizer_success"": true}"
PLVIRA,PLVIRA,ellipses,3,128,85,53,reconstructed,0.3959015536506609,0.3959015536506835,2.2648549702353193e-14,0.020736961941862465,0.020730037673690443,6.924268172021214e-06,6.435940798426782e-12,True,height_function,"{""curvature"": 0.020736961941862465, ""curvature_source"": ""cartesian-ghf"", ""ghf_diagnostic"": ""complete three-column height function"", ""ghf_direction"": ""x"", ""ghf_fit_points"": 0, ""ghf_height_points"": 3, ""ghf_independent_points"": 3, ""ghf_method"": ""height_function"", ""interval_count"": 1, ""objective"": 6.435940798426782e-12, ""optimizer_message"": ""CONVERGENCE: REL_REDUCTION_OF_F_<=_FACTR*EPSMCH"", ""optimizer_success"": true}"
PLVIRA,PLVIRA,ellipses,3,128,85,54,reconstructed,0.5452432284478217,0.5452432284478219,2.220446049250313e-16,0.020508490266944686,0.020506704934002317,1.7853329423687947e-06,1.3815658535394434e-12,True,height_function,"{""curvature"": 0.020508490266944686, ""curvature_source"": ""cartesian-ghf"", ""ghf_diagnostic"": ""complete three-column height function"", ""ghf_direction"": ""x"", ""ghf_fit_points"": 0, ""ghf_height_points"": 3, ""ghf_independent_points"": 3, ""ghf_method"": ""height_function"", ""interval_count"": 1, ""objective"": 1.3815658535394434e-12, ""optimizer_message"": ""CONVERGENCE: NORM_OF_PROJECTED_GRADIENT_<=_PGTOL"", ""optimizer_success"": true}"
PLVIRA,PLVIRA,ellipses,3,128,85,82,reconstructed,0.6074521841374552,0.6074521841374583,3.1086244689504383e-15,0.026748854817557104,0.027080799605334837,0.0003319447877777326,6.784243511766602e-09,True,height_function,"{""curvature"": 0.026748854817557104, ""curvature_source"": ""cartesian-ghf"", ""ghf_diagnostic"": ""complete three-column height function"", ""ghf_direction"": ""x"", ""ghf_fit_points"": 0, ""ghf_height_points"": 3, ""ghf_independent_points"": 3, ""ghf_method"": ""height_function"", ""interval_count"": 1, ""objective"": 6.784243511766602e-09, ""optimizer_message"": ""CONVERGENCE: NORM_OF_PROJECTED_GRADIENT_<=_PGTOL"", ""optimizer_success"": true}"
PLVIRA,PLVIRA,ellipses,3,128,85,83,reconstructed,0.49965542876500385,0.4996554287650065,2.6645352591003757e-15,0.027643224479428127,0.027624350727540267,1.8873751887860113e-05,3.012502350340364e-10,True,height_function,"{""curvature"": 0.027643224479428127, ""curvature_source"": ""cartesian-ghf"", ""ghf_diagnostic"": ""complete three-column height function"", ""ghf_direction"": ""x"", ""ghf_fit_points"": 0, ""ghf_height_points"": 3, ""ghf_independent_points"": 3, ""ghf_method"": ""height_function"", ""interval_count"": 1, ""objective"": 3.012502350340364e-10, ""optimizer_message"": ""CONVERGENCE: NORM_OF_PROJECTED_GRADIENT_<=_PGTOL"", ""optimizer_success"": true}"
PLVIRA,PLVIRA,ellipses,3,128,85,84,reconstructed,0.3284577258673815,0.32845772586738153,5.551115123125783e-17,0.028630702317236474,0.028609219539020368,2.148277821610589e-05,4.765632236777091e-16,True,height_function,"{""curvature"": 0.028630702317236474, ""curvature_source"": ""cartesian-ghf"", ""ghf_diagnostic"": ""complete three-column height function"", ""ghf_direction"": ""x"", ""ghf_fit_points"": 0, ""ghf_height_points"": 3, ""ghf_independent_points"": 3, ""ghf_method"": ""height_function"", ""interval_count"": 1, ""objective"": 4.765632236777091e-16, ""optimizer_message"": ""CONVERGENCE: REL_REDUCTION_OF_F_<=_FACTR*EPSMCH"", ""optimizer_success"": true}"
PLVIRA,PLVIRA,ellipses,3,128,85,85,reconstructed,0.14181076202667842,0.14181076202666276,1.5654144647214707e-14,0.029722687319592805,0.029698060476317182,2.4626843275622756e-05,6.660259453295381e-10,True,height_function,"{""curvature"": 0.029722687319592805, ""curvature_source"": ""cartesian-ghf"", ""ghf_diagnostic"": ""complete three-column height function"", ""ghf_direction"": ""x"", ""ghf_fit_points"": 0, ""ghf_height_points"": 3, ""ghf_independent_points"": 3, ""ghf_method"": ""height_function"", ""interval_count"": 1, ""objective"": 6.660259453295381e-10, ""optimizer_message"": ""CONVERGENCE: NORM_OF_PROJECTED_GRADIENT_<=_PGTOL"", ""optimizer_success"": true}"
PLVIRA,PLVIRA,ellipses,3,128,85,86,reconstructed,0.004551629051411515,0.004551629051412973,1.457167719820518e-15,0.030932567607867854,0.030411887039628566,0.000520680568239288,1.6750967868781215e-08,True,height_function,"{""curvature"": 0.030932567607867854, ""curvature_source"": ""cartesian-ghf"", ""ghf_diagnostic"": ""complete three-column height function"", ""ghf_direction"": ""x"", ""ghf_fit_points"": 0, ""ghf_height_points"": 3, ""ghf_independent_points"": 3, ""ghf_method"": ""height_function"", ""interval_count"": 1, ""objective"": 1.6750967868781215e-08, ""optimizer_message"": ""CONVERGENCE: NORM_OF_PROJECTED_GRADIENT_<=_PGTOL"", ""optimizer_success"": true}"
PLVIRA,PLVIRA,ellipses,3,128,86,54,reconstructed,0.00013895225887093632,0.00013895225886769585,3.2404634531246757e-15,0.020508490266944686,0.020404692444456113,0.000103797822488573,4.582074590679046e-10,True,height_function,"{""curvature"": 0.020508490266944686, ""curvature_source"": ""cartesian-ghf"", ""ghf_diagnostic"": ""complete three-column height function"", ""ghf_direction"": ""x"", ""ghf_fit_points"": 0, ""ghf_height_points"": 3, ""ghf_independent_points"": 3, ""ghf_method"": ""height_function"", ""interval_count"": 1, ""objective"": 4.582074590679046e-10, ""optimizer_message"": ""CONVERGENCE: NORM_OF_PROJECTED_GRADIENT_<=_PGTOL"", ""optimizer_success"": true}"
PLVIRA,PLVIRA,ellipses,3,128,86,55,reconstructed,0.07390221573559674,0.0739022157356003,3.552713678800501e-15,0.020313046267465665,0.020306880579371696,6.16568809396964e-06,5.656966173199816e-13,True,height_function,"{""curvature"": 0.020313046267465665, ""curvature_source"": ""cartesian-ghf"", ""ghf_diagnostic"": ""complete three-column height function"", ""ghf_direction"": ""x"", ""ghf_fit_points"": 0, ""ghf_height_points"": 3, ""ghf_independent_points"": 3, ""ghf_method"": ""height_function"", ""interval_count"": 1, ""objective"": 5.656966173199816e-13, ""optimizer_message"": ""CONVERGENCE: REL_REDUCTION_OF_F_<=_FACTR*EPSMCH"", ""optimizer_success"": true}"
PLVIRA,PLVIRA,ellipses,3,128,86,56,reconstructed,0.2023825860554366,0.20238258605544568,9.076073226310655e-15,0.02014898958826078,0.020143114071210545,5.875517050234896e-06,2.9643513125228285e-17,True,height_function,"{""curvature"": 0.02014898958826078, ""curvature_source"": ""cartesian-ghf"", ""ghf_diagnostic"": ""complete three-column height function"", ""ghf_direction"": ""x"", ""ghf_fit_points"": 0, ""ghf_height_points"": 3, ""ghf_independent_points"": 3, ""ghf_method"": ""height_function"", ""interval_count"": 1, ""objective"": 2.9643513125228285e-17, ""optimizer_message"": ""CONVERGENCE: NORM_OF_PROJECTED_GRADIENT_<=_PGTOL"", ""optimizer_success"": true}"
PLVIRA,PLVIRA,ellipses,3,128,86,57,reconstructed,0.32066029968790544,0.32066029968791454,9.103828801926284e-15,0.02001495387319091,0.020009317178010404,5.6366951805067456e-06,1.2893320434596826e-21,True,height_function,"{""curvature"": 0.02001495387319091, ""curvature_source"": ""cartesian-ghf"", ""ghf_diagnostic"": ""complete three-column height function"", ""ghf_direction"": ""x"", ""ghf_fit_points"": 0, ""ghf_height_points"": 3, ""ghf_independent_points"": 3, ""ghf_method"": ""height_function"", ""interval_count"": 1, ""objective"": 1.2893320434596826e-21, ""optimizer_message"": ""CONVERGENCE: NORM_OF_PROJECTED_GRADIENT_<=_PGTOL"", ""optimizer_success"": true}"
PLVIRA,PLVIRA,ellipses,3,128,86,58,reconstructed,0.4288969878624399,0.4288969878624399,0.0,0.019909820238567938,0.019904375952844073,5.444285723864989e-06,1.897577004109651e-17,True,height_function,"{""curvature"": 0.019909820238567938, ""curvature_source"": ""cartesian-ghf"", ""ghf_diagnostic"": ""complete three-column height function"", ""ghf_direction"": ""x"", ""ghf_fit_points"": 0, ""ghf_height_points"": 3, ""ghf_independent_points"": 3, ""ghf_method"": ""height_function"", ""interval_count"": 1, ""objective"": 1.897577004109651e-17, ""optimizer_message"": ""CONVERGENCE: NORM_OF_PROJECTED_GRADIENT_<=_PGTOL"", ""optimizer_success"": true}"
PLVIRA,PLVIRA,ellipses,3,128,86,59,reconstructed,0.5272292364449002,0.5272292364448935,6.661338147750939e-15,0.01983269597221391,0.019827401574104675,5.294398109235987e-06,4.6658950367429e-12,True,height_function,"{""curvature"": 0.01983269597221391, ""curvature_source"": ""cartesian-ghf"", ""ghf_diagnostic"": ""complete three-column height function"", ""ghf_direction"": ""x"", ""ghf_fit_points"": 0, ""ghf_height_points"": 3, ""ghf_independent_points"": 3, ""ghf_method"": ""height_function"", ""interval_count"": 1, ""objective"": 4.6658950367429e-12, ""optimizer_message"": ""CONVERGENCE: NORM_OF_PROJECTED_GRADIENT_<=_PGTOL"", ""optimizer_success"": true}"
PLVIRA,PLVIRA,ellipses,3,128,86,60,reconstructed,0.6023993433613914,0.6023993433613556,3.5860203695392556e-14,0.01978289771464563,0.019789101368166893,6.2036535212611765e-06,6.382207099064041e-12,True,height_function,"{""curvature"": 0.01978289771464563, ""curvature_source"": ""cartesian-ghf"", ""ghf_diagnostic"": ""complete three-column height function"", ""ghf_direction"": ""x"", ""ghf_fit_points"": 0, ""ghf_height_points"": 3, ""ghf_independent_points"": 3, ""ghf_method"": ""height_function"", ""interval_count"": 1, ""objective"": 6.382207099064041e-12, ""optimizer_message"": ""CONVERGENCE: NORM_OF_PROJECTED_GRADIENT_<=_PGTOL"", ""optimizer_success"": true}"
PLVIRA,PLVIRA,ellipses,3,128,86,77,reconstructed,0.6073500143253587,0.6073500143253586,1.1102230246251565e-16,0.023376456393585206,0.02356411870009217,0.0001876623065069638,2.0559322640031527e-09,True,height_function,"{""curvature"": 0.023376456393585206, ""curvature_source"": ""cartesian-ghf"", ""ghf_diagnostic"": ""complete three-column height function"", ""ghf_direction"": ""x"", ""ghf_fit_points"": 0, ""ghf_height_points"": 3, ""ghf_independent_points"": 3, ""ghf_method"": ""height_function"", ""interval_count"": 1, ""objective"": 2.0559322640031527e-09, ""optimizer_message"": ""CONVERGENCE: REL_REDUCTION_OF_F_<=_FACTR*EPSMCH"", ""optimizer_success"": true}"
PLVIRA,PLVIRA,ellipses,3,128,86,78,reconstructed,0.5387542524712834,0.5387542524712874,3.9968028886505635e-15,0.023926945796477268,0.023916070160536245,1.0875635941022532e-05,1.8431624855627467e-10,True,height_function,"{""curvature"": 0.023926945796477268, ""curvature_source"": ""cartesian-ghf"", ""ghf_diagnostic"": ""complete three-column height function"", ""ghf_direction"": ""x"", ""ghf_fit_points"": 0, ""ghf_height_points"": 3, ""ghf_independent_points"": 3, ""ghf_method"": ""height_function"", ""interval_count"": 1, ""objective"": 1.8431624855627467e-10, ""optimizer_message"": ""CONVERGENCE: NORM_OF_PROJECTED_GRADIENT_<=_PGTOL"", ""optimizer_success"": true}"
PLVIRA,PLVIRA,ellipses,3,128,86,79,reconstructed,0.4344446404042218,0.4344446404042378,1.5987211554602254e-14,0.02453360756868754,0.024521608010847254,1.1999557840286501e-05,1.0884915961159821e-16,True,height_function,"{""curvature"": 0.02453360756868754, ""curvature_source"": ""cartesian-ghf"", ""ghf_diagnostic"": ""complete three-column height function"", ""ghf_direction"": ""x"", ""ghf_fit_points"": 0, ""ghf_height_points"": 3, ""ghf_independent_points"": 3, ""ghf_method"": ""height_function"", ""interval_count"": 1, ""objective"": 1.0884915961159821e-16, ""optimizer_message"": ""CONVERGENCE: NORM_OF_PROJECTED_GRADIENT_<=_PGTOL"", ""optimizer_success"": true}"
PLVIRA,PLVIRA,ellipses,3,128,86,80,reconstructed,0.3178571914576915,0.31785719145769065,8.326672684688674e-16,0.02520183270642316,0.0251885151539003,1.33175525228596e-05,7.199128669376268e-16,True,height_function,"{""curvature"": 0.02520183270642316, ""curvature_source"": ""cartesian-ghf"", ""ghf_diagnostic"": ""complete three-column height function"", ""ghf_direction"": ""x"", ""ghf_fit_points"": 0, ""ghf_height_points"": 3, ""ghf_independent_points"": 3, ""ghf_method"": ""height_function"", ""interval_count"": 1, ""objective"": 7.199128669376268e-16, ""optimizer_message"": ""CONVERGENCE: REL_REDUCTION_OF_F_<=_FACTR*EPSMCH"", ""optimizer_success"": true}"
PLVIRA,PLVIRA,ellipses,3,128,86,81,reconstructed,0.18851355285596877,0.18851355285597143,2.6645352591003757e-15,0.025937846394651198,0.02592297706123005,1.4869333421149017e-05,9.420853219229762e-10,True,height_function,"{""curvature"": 0.025937846394651198, ""curvature_source"": ""cartesian-ghf"", ""ghf_diagnostic"": ""complete three-column height function"", ""ghf_direction"": ""x"", ""ghf_fit_points"": 0, ""ghf_height_points"": 3, ""ghf_independent_points"": 3, ""ghf_method"": ""height_function"", ""interval_count"": 1, ""objective"": 9.420853219229762e-10, ""optimizer_message"": ""CONVERGENCE: NORM_OF_PROJECTED_GRADIENT_<=_PGTOL"", ""optimizer_success"": true}"
PLVIRA,PLVIRA,ellipses,3,128,86,82,reconstructed,0.04876879499479866,0.048768794994791434,7.223388553967425e-15,0.026748854817557104,0.026650045914660334,9.880890289677008e-05,4.814452630940197e-10,True,height_function,"{""curvature"": 0.026748854817557104, ""curvature_source"": ""cartesian-ghf"", ""ghf_diagnostic"": ""complete three-column height function"", ""ghf_direction"": ""x"", ""ghf_fit_points"": 0, ""ghf_height_points"": 3, ""ghf_independent_points"": 3, ""ghf_method"": ""height_function"", ""interval_count"": 1, ""objective"": 4.814452630940197e-10, ""optimizer_message"": ""CONVERGENCE: NORM_OF_PROJECTED_GRADIENT_<=_PGTOL"", ""optimizer_success"": true}"
PLVIRA,PLVIRA,ellipses,3,128,87,60,reconstructed,0.01337079238778599,0.013370792387757166,2.8824165276830627e-14,0.01978289771464563,0.019770528346467375,1.2369368178256901e-05,4.1367408513585235e-12,True,height_function,"{""curvature"": 0.01978289771464563, ""curvature_source"": ""cartesian-ghf"", ""ghf_diagnostic"": ""complete three-column height function"", ""ghf_direction"": ""x"", ""ghf_fit_points"": 0, ""ghf_height_points"": 3, ""ghf_independent_points"": 3, ""ghf_method"": ""height_function"", ""interval_count"": 1, ""objective"": 4.1367408513585235e-12, ""optimizer_message"": ""CONVERGENCE: REL_REDUCTION_OF_F_<=_FACTR*EPSMCH"", ""optimizer_success"": true}"
PLVIRA,PLVIRA,ellipses,3,128,87,61,reconstructed,0.08425896643359984,0.08425896643364363,4.378442053365461e-14,0.019759938543759098,0.01975482749837048,5.1110453886185625e-06,7.872647512862503e-13,True,height_function,"{""curvature"": 0.019759938543759098, ""curvature_source"": ""cartesian-ghf"", ""ghf_diagnostic"": ""complete three-column height function"", ""ghf_direction"": ""x"", ""ghf_fit_points"": 0, ""ghf_height_points"": 3, ""ghf_independent_points"": 3, ""ghf_method"": ""height_function"", ""interval_count"": 1, ""objective"": 7.872647512862503e-13, ""optimizer_message"": ""CONVERGENCE: NORM_OF_PROJECTED_GRADIENT_<=_PGTOL"", ""optimizer_success"": true}"
PLVIRA,PLVIRA,ellipses,3,128,87,62,reconstructed,0.15346842963039897,0.15346842963038054,1.84297022087776e-14,0.019763518533976013,0.01975844477801417,5.073755961843007e-06,2.2385959365222962e-17,True,height_function,"{""curvature"": 0.019763518533976013, ""curvature_source"": ""cartesian-ghf"", ""ghf_diagnostic"": ""complete three-column height function"", ""ghf_direction"": ""x"", ""ghf_fit_points"": 0, ""ghf_height_points"": 3, ""ghf_independent_points"": 3, ""ghf_method"": ""height_function"", ""interval_count"": 1, ""objective"": 2.2385959365222962e-17, ""optimizer_message"": ""CONVERGENCE: REL_REDUCTION_OF_F_<=_FACTR*EPSMCH"", ""optimizer_success"": true}"
PLVIRA,PLVIRA,ellipses,3,128,87,63,reconstructed,0.21309600903204884,0.21309600903201792,3.091971123581061e-14,0.01979351846741863,0.01978844699294697,5.071474471662202e-06,1.0656341657844425e-17,True,height_function,"{""curvature"": 0.01979351846741863, ""curvature_source"": ""cartesian-ghf"", ""ghf_diagnostic"": ""complete three-column height function"", ""ghf_direction"": ""x"", ""ghf_fit_points"": 0, ""ghf_height_points"": 3, ""ghf_independent_points"": 3, ""ghf_method"": ""height_function"", ""interval_count"": 1, ""objective"": 1.0656341657844425e-17, ""optimizer_message"": ""CONVERGENCE: NORM_OF_PROJECTED_GRADIENT_<=_PGTOL"", ""optimizer_success"": true}"
PLVIRA,PLVIRA,ellipses,3,128,87,64,reconstructed,0.26317073343350894,0.2631707334336309,1.2195799925507345e-13,0.019849996483757744,0.019844892509695202,5.1039740625417884e-06,3.4515345321092024e-18,True,height_function,"{""curvature"": 0.019849996483757744, ""curvature_source"": ""cartesian-ghf"", ""ghf_diagnostic"": ""complete three-column height function"", ""ghf_direction"": ""x"", ""ghf_fit_points"": 0, ""ghf_height_points"": 3, ""ghf_independent_points"": 3, ""ghf_method"": ""height_function"", ""interval_count"": 1, ""objective"": 3.4515345321092024e-18, ""optimizer_message"": ""CONVERGENCE: NORM_OF_PROJECTED_GRADIENT_<=_PGTOL"", ""optimizer_success"": true}"
PLVIRA,PLVIRA,ellipses,3,128,87,65,reconstructed,0.303701914850521,0.3037019148503888,1.3222756223285614e-13,0.0199331875381394,0.01992801590263388,5.171635505517996e-06,4.4697377727020285e-20,True,height_function,"{""curvature"": 0.0199331875381394, ""curvature_source"": ""cartesian-ghf"", ""ghf_diagnostic"": ""complete three-column height function"", ""ghf_direction"": ""x"", ""ghf_fit_points"": 0, ""ghf_height_points"": 3, ""ghf_independent_points"": 3, ""ghf_method"": ""height_function"", ""interval_count"": 1, ""objective"": 4.4697377727020285e-20, ""optimizer_message"": ""CONVERGENCE: NORM_OF_PROJECTED_GRADIENT_<=_PGTOL"", ""optimizer_success"": true}"
PLVIRA,PLVIRA,ellipses,3,128,87,66,reconstructed,0.3346792445230849,0.33467924452308495,5.551115123125783e-17,0.02061860194566727,0.02003822966098987,0.0005803722846773988,1.0149078776371298e-07,True,mixed_height_parabola,"{""curvature"": 0.02061860194566727, ""curvature_source"": ""cartesian-ghf"", ""ghf_diagnostic"": ""parabola fit to consistent heights from both directions"", ""ghf_direction"": null, ""ghf_fit_points"": 3, ""ghf_height_points"": 3, ""ghf_independent_points"": 3, ""ghf_method"": ""mixed_height_parabola"", ""interval_count"": 1, ""objective"": 1.0149078776371298e-07, ""optimizer_message"": ""CONVERGENCE: NORM_OF_PROJECTED_GRADIENT_<=_PGTOL"", ""optimizer_success"": true}"
PLVIRA,PLVIRA,ellipses,3,128,87,67,reconstructed,0.35607268662354863,0.3560726866235486,5.551115123125783e-17,0.0,0.020176153038572862,0.020176153038572862,0.00012457179054722965,True,degenerate_zero,"{""curvature"": 0.0, ""curvature_source"": ""cartesian-ghf"", ""ghf_diagnostic"": ""fewer than three independent 3x3 PLIC fragment centroids"", ""ghf_direction"": null, ""ghf_fit_points"": 4, ""ghf_height_points"": 2, ""ghf_independent_points"": 2, ""ghf_method"": ""degenerate_zero"", ""interval_count"": 1, ""objective"": 0.00012457179054722965, ""optimizer_message"": ""CONVERGENCE: REL_REDUCTION_OF_F_<=_FACTR*EPSMCH"", ""optimizer_success"": true}"
PLVIRA,PLVIRA,ellipses,3,128,87,68,reconstructed,0.36783216710080946,0.36783216710058403,2.2543078515013804e-13,0.5689798928271892,0.02034185377192654,0.5486380390552626,0.0918875441378317,True,plic_centroid_parabola,"{""curvature"": 0.5689798928271892, ""curvature_source"": ""cartesian-ghf"", ""ghf_diagnostic"": ""parabola fit to 3x3 MYC PLIC fragment centroids"", ""ghf_direction"": null, ""ghf_fit_points"": 4, ""ghf_height_points"": 2, ""ghf_independent_points"": 3, ""ghf_method"": ""plic_centroid_parabola"", ""interval_count"": 1, ""objective"": 0.0918875441378317, ""optimizer_message"": ""CONVERGENCE: REL_REDUCTION_OF_F_<=_FACTR*EPSMCH"", ""optimizer_success"": true}"
PLVIRA,PLVIRA,ellipses,3,128,87,69,reconstructed,0.3698870500918698,0.3698870500918698,0.0,0.02054417322430686,0.02053834945588322,5.823768423639242e-06,9.185850702803394e-20,True,height_function,"{""curvature"": 0.02054417322430686, ""curvature_source"": ""cartesian-ghf"", ""ghf_diagnostic"": ""complete three-column height function"", ""ghf_direction"": ""x"", ""ghf_fit_points"": 0, ""ghf_height_points"": 3, ""ghf_independent_points"": 3, ""ghf_method"": ""height_function"", ""interval_count"": 1, ""objective"": 9.185850702803394e-20, ""optimizer_message"": ""CONVERGENCE: NORM_OF_PROJECTED_GRADIENT_<=_PGTOL"", ""optimizer_success"": true}"
PLVIRA,PLVIRA,ellipses,3,128,87,70,reconstructed,0.3621453889974535,0.3621453889974535,0.0,0.020770957815338786,0.020764861917883765,6.095897455021121e-06,7.047336822540131e-18,True,height_function,"{""curvature"": 0.020770957815338786, ""curvature_source"": ""cartesian-ghf"", ""ghf_diagnostic"": ""complete three-column height function"", ""ghf_direction"": ""x"", ""ghf_fit_points"": 0, ""ghf_height_points"": 3, ""ghf_independent_points"": 3, ""ghf_method"": ""height_function"", ""interval_count"": 1, ""objective"": 7.047336822540131e-18, ""optimizer_message"": ""CONVERGENCE: NORM_OF_PROJECTED_GRADIENT_<=_PGTOL"", ""optimizer_success"": true}"
PLVIRA,PLVIRA,ellipses,3,128,87,71,reconstructed,0.344492933405353,0.34449293340561116,2.5818236437658015e-13,0.021029906556393595,0.02102348641232556,6.420144068035316e-06,5.070733807879679e-22,True,height_function,"{""curvature"": 0.021029906556393595, ""curvature_source"": ""cartesian-ghf"", ""ghf_diagnostic"": ""complete three-column height function"", ""ghf_direction"": ""x"", ""ghf_fit_points"": 0, ""ghf_height_points"": 3, ""ghf_independent_points"": 3, ""ghf_method"": ""height_function"", ""interval_count"": 1, ""objective"": 5.070733807879679e-22, ""optimizer_message"": ""CONVERGENCE: NORM_OF_PROJECTED_GRADIENT_<=_PGTOL"", ""optimizer_success"": true}"
PLVIRA,PLVIRA,ellipses,3,128,87,72,reconstructed,0.3167918662665322,0.3167918662665649,3.269606807521086e-14,0.02132272312397736,0.021315920505593708,6.802618383653508e-06,7.139695434300897e-21,True,height_function,"{""curvature"": 0.02132272312397736, ""curvature_source"": ""cartesian-ghf"", ""ghf_diagnostic"": ""complete three-column height function"", ""ghf_direction"": ""x"", ""ghf_fit_points"": 0, ""ghf_height_points"": 3, ""ghf_independent_points"": 3, ""ghf_method"": ""height_function"", ""interval_count"": 1, ""objective"": 7.139695434300897e-21, ""optimizer_message"": ""CONVERGENCE: NORM_OF_PROJECTED_GRADIENT_<=_PGTOL"", ""optimizer_success"": true}"
PLVIRA,PLVIRA,ellipses,3,128,87,73,reconstructed,0.2788792377348961,0.2788792377348951,9.992007221626409e-16,0.021651396343839585,0.021644145531170483,7.250812669102463e-06,1.675084711805135e-18,True,height_function,"{""curvature"": 0.021651396343839585, ""curvature_source"": ""cartesian-ghf"", ""ghf_diagnostic"": ""complete three-column height function"", ""ghf_direction"": ""x"", ""ghf_fit_points"": 0, ""ghf_height_points"": 3, ""ghf_independent_points"": 3, ""ghf_method"": ""height_function"", ""interval_count"": 1, ""objective"": 1.675084711805135e-18, ""optimizer_message"": ""CONVERGENCE: NORM_OF_PROJECTED_GRADIENT_<=_PGTOL"", ""optimizer_success"": true}"
PLVIRA,PLVIRA,ellipses,3,128,87,74,reconstructed,0.23056505243058506,0.23056505243065345,6.838973831690964e-14,0.02201823315721055,0.022010459273489845,7.773883720703367e-06,2.0069202102873986e-17,True,height_function,"{""curvature"": 0.02201823315721055, ""curvature_source"": ""cartesian-ghf"", ""ghf_diagnostic"": ""complete three-column height function"", ""ghf_direction"": ""x"", ""ghf_fit_points"": 0, ""ghf_height_points"": 3, ""ghf_independent_points"": 3, ""ghf_method"": ""height_function"", ""interval_count"": 1, ""objective"": 2.0069202102873986e-17, ""optimizer_message"": ""CONVERGENCE: REL_REDUCTION_OF_F_<=_FACTR*EPSMCH"", ""optimizer_success"": true}"
PLVIRA,PLVIRA,ellipses,3,128,87,75,reconstructed,0.17162995500012806,0.17162995500018047,5.240252676230739e-14,0.022425898280241288,0.022417515267041315,8.38301319997306e-06,1.122920590695147e-17,True,height_function,"{""curvature"": 0.022425898280241288, ""curvature_source"": ""cartesian-ghf"", ""ghf_diagnostic"": ""complete three-column height function"", ""ghf_direction"": ""x"", ""ghf_fit_points"": 0, ""ghf_height_points"": 3, ""ghf_independent_points"": 3, ""ghf_method"": ""height_function"", ""interval_count"": 1, ""objective"": 1.122920590695147e-17, ""optimizer_message"": ""CONVERGENCE: NORM_OF_PROJECTED_GRADIENT_<=_PGTOL"", ""optimizer_success"": true}"
PLVIRA,PLVIRA,ellipses,3,128,87,76,reconstructed,0.10182244396556943,0.10182244396560844,3.901046152776644e-14,0.02287746181643803,0.022868369941384598,9.091875053431758e-06,4.4163930057086693e-10,True,height_function,"{""curvature"": 0.02287746181643803, ""curvature_source"": ""cartesian-ghf"", ""ghf_diagnostic"": ""complete three-column height function"", ""ghf_direction"": ""x"", ""ghf_fit_points"": 0, ""ghf_height_points"": 3, ""ghf_independent_points"": 3, ""ghf_method"": ""height_function"", ""interval_count"": 1, ""objective"": 4.4163930057086693e-10, ""optimizer_message"": ""CONVERGENCE: NORM_OF_PROJECTED_GRADIENT_<=_PGTOL"", ""optimizer_success"": true}"
PLVIRA,PLVIRA,ellipses,3,128,87,77,reconstructed,0.02385707311881961,0.023857073118836045,1.643477021140427e-14,0.023376456393585206,0.02329944519204297,7.701120154223612e-05,2.933958281116461e-10,True,height_function,"{""curvature"": 0.023376456393585206, ""curvature_source"": ""cartesian-ghf"", ""ghf_diagnostic"": ""complete three-column height function"", ""ghf_direction"": ""x"", ""ghf_fit_points"": 0, ""ghf_height_points"": 3, ""ghf_independent_points"": 3, ""ghf_method"": ""height_function"", ""interval_count"": 1, ""objective"": 2.933958281116461e-10, ""optimizer_message"": ""CONVERGENCE: NORM_OF_PROJECTED_GRADIENT_<=_PGTOL"", ""optimizer_success"": true}"
