method,variant,benchmark,case_index,cells_per_side,cell_x,cell_y,status,target_phase_area,reconstructed_phase_area,absolute_area_residual,curvature_estimate,true_curvature,curvature_absolute_error,objective,optimizer_success,ghf_method,diagnostics_json
PLVIRA,PLVIRA,lines,2,128,0,29,unsupported,1.743846154561579e-06,,,,,,,,,"{""boundary_halo_limitation"": true, ""message"": ""PLVIRA requires a complete 3x3 target stencil""}"
PLVIRA,PLVIRA,lines,2,128,0,30,unsupported,0.44365980468519695,,,,,,,,,"{""boundary_halo_limitation"": true, ""message"": ""PLVIRA requires a complete 3x3 target stencil""}"
PLVIRA,PLVIRA,lines,2,128,1,30,reconstructed,0.11342065209413121,0.11342065209413121,0.0,-3.672144739076882e-15,0.0,3.672144739076882e-15,2.400239176217703e-19,True,height_function,"{""curvature"": -3.672144739076882e-15, ""curvature_source"": ""cartesian-ghf"", ""ghf_diagnostic"": ""complete three-column height function"", ""ghf_direction"": ""y"", ""ghf_fit_points"": 0, ""ghf_height_points"": 3, ""ghf_independent_points"": 3, ""ghf_method"": ""height_function"", ""interval_count"": 1, ""objective"": 2.400239176217703e-19, ""optimizer_message"": ""CONVERGENCE: NORM_OF_PROJECTED_GRADIENT_<=_PGTOL"", ""optimizer_success"": true}"
PLVIRA,PLVIRA,lines,2,128,1,31,reconstructed,0.6050488479797345,0.6050488479797345,0.0,-3.9169543883486734e-15,0.0,3.9169543883486734e-15,1.0930613573595874e-21,True,height_function,"{""curvature"": -3.9169543883486734e-15, ""curvature_source"": ""cartesian-ghf"", ""ghf_diagnostic"": ""complete three-column height function"", ""ghf_direction"": ""y"", ""ghf_fit_points"": 0, ""ghf_height_points"": 3, ""ghf_independent_points"": 3, ""ghf_method"": ""height_function"", ""interval_count"": 1, ""objective"": 1.0930613573595874e-21, ""optimizer_message"": ""CONVERGENCE: NORM_OF_PROJECTED_GRADIENT_<=_PGTOL"", ""optimizer_success"": true}"
PLVIRA,PLVIRA,lines,2,128,2,31,reconstructed,0.38292588911638253,0.38292588911638253,0.0,4.8961929854358384e-15,0.0,4.8961929854358384e-15,3.4358189339784526e-19,True,height_function,"{""curvature"": 4.8961929854358384e-15, ""curvature_source"": ""cartesian-ghf"", ""ghf_diagnostic"": ""complete three-column height function"", ""ghf_direction"": ""y"", ""ghf_fit_points"": 0, ""ghf_height_points"": 3, ""ghf_independent_points"": 3, ""ghf_method"": ""height_function"", ""interval_count"": 1, ""objective"": 3.4358189339784526e-19, ""optimizer_message"": ""CONVERGENCE: NORM_OF_PROJECTED_GRADIENT_<=_PGTOL"", ""optimizer_success"": true}"
PLVIRA,PLVIRA,lines,2,128,3,31,reconstructed,0.06897952783821282,0.06897952783821842,5.6066262743570405e-15,-4.651383336164044e-15,0.0,4.651383336164044e-15,3.642423913290586e-15,True,height_function,"{""curvature"": -4.651383336164044e-15, ""curvature_source"": ""cartesian-ghf"", ""ghf_diagnostic"": ""complete three-column height function"", ""ghf_direction"": ""y"", ""ghf_fit_points"": 0, ""ghf_height_points"": 3, ""ghf_independent_points"": 3, ""ghf_method"": ""height_function"", ""interval_count"": 1, ""objective"": 3.642423913290586e-15, ""optimizer_message"": ""CONVERGENCE: REL_REDUCTION_OF_F_<=_FACTR*EPSMCH"", ""optimizer_success"": true}"
PLVIRA,PLVIRA,lines,2,128,3,32,reconstructed,0.5887543128206829,0.5887543128206829,0.0,-4.651383336164044e-15,0.0,4.651383336164044e-15,2.905460053560979e-18,True,height_function,"{""curvature"": -4.651383336164044e-15, ""curvature_source"": ""cartesian-ghf"", ""ghf_diagnostic"": ""complete three-column height function"", ""ghf_direction"": ""y"", ""ghf_fit_points"": 0, ""ghf_height_points"": 3, ""ghf_independent_points"": 3, ""ghf_method"": ""height_function"", ""interval_count"": 1, ""objective"": 2.905460053560979e-18, ""optimizer_message"": ""CONVERGENCE: NORM_OF_PROJECTED_GRADIENT_<=_PGTOL"", ""optimizer_success"": true}"
PLVIRA,PLVIRA,lines,2,128,4,32,reconstructed,0.32219022970141253,0.32219022970141237,1.6653345369377348e-16,4.651383336164044e-15,0.0,4.651383336164044e-15,2.0698750995936985e-18,True,height_function,"{""curvature"": 4.651383336164044e-15, ""curvature_source"": ""cartesian-ghf"", ""ghf_diagnostic"": ""complete three-column height function"", ""ghf_direction"": ""y"", ""ghf_fit_points"": 0, ""ghf_height_points"": 3, ""ghf_independent_points"": 3, ""ghf_method"": ""height_function"", ""interval_count"": 1, ""objective"": 2.0698750995936985e-18, ""optimizer_message"": ""CONVERGENCE: NORM_OF_PROJECTED_GRADIENT_<=_PGTOL"", ""optimizer_success"": true}"
PLVIRA,PLVIRA,lines,2,128,5,32,reconstructed,0.035531968067232356,0.035531968067230524,1.8318679906315083e-15,1.0526814918686931e-14,0.0,1.0526814918686931e-14,8.097940860339961e-21,True,height_function,"{""curvature"": 1.0526814918686931e-14, ""curvature_source"": ""cartesian-ghf"", ""ghf_diagnostic"": ""complete three-column height function"", ""ghf_direction"": ""y"", ""ghf_fit_points"": 0, ""ghf_height_points"": 3, ""ghf_independent_points"": 3, ""ghf_method"": ""height_function"", ""interval_count"": 1, ""objective"": 8.097940860339961e-21, ""optimizer_message"": ""CONVERGENCE: NORM_OF_PROJECTED_GRADIENT_<=_PGTOL"", ""optimizer_success"": true}"
PLVIRA,PLVIRA,lines,2,128,5,33,reconstructed,0.5614662131766934,0.5614662131766934,0.0,1.0526814918686931e-14,0.0,1.0526814918686931e-14,1.151164022927985e-17,True,height_function,"{""curvature"": 1.0526814918686931e-14, ""curvature_source"": ""cartesian-ghf"", ""ghf_diagnostic"": ""complete three-column height function"", ""ghf_direction"": ""y"", ""ghf_fit_points"": 0, ""ghf_height_points"": 3, ""ghf_independent_points"": 3, ""ghf_method"": ""height_function"", ""interval_count"": 1, ""objective"": 1.151164022927985e-17, ""optimizer_message"": ""CONVERGENCE: REL_REDUCTION_OF_F_<=_FACTR*EPSMCH"", ""optimizer_success"": true}"
PLVIRA,PLVIRA,lines,2,128,6,33,reconstructed,0.26145457028643193,0.26145457028643193,0.0,9.547576321599637e-15,0.0,9.547576321599637e-15,6.536276042378928e-21,True,height_function,"{""curvature"": 9.547576321599637e-15, ""curvature_source"": ""cartesian-ghf"", ""ghf_diagnostic"": ""complete three-column height function"", ""ghf_direction"": ""y"", ""ghf_fit_points"": 0, ""ghf_height_points"": 3, ""ghf_independent_points"": 3, ""ghf_method"": ""height_function"", ""interval_count"": 1, ""objective"": 6.536276042378928e-21, ""optimizer_message"": ""CONVERGENCE: NORM_OF_PROJECTED_GRADIENT_<=_PGTOL"", ""optimizer_success"": true}"
PLVIRA,PLVIRA,lines,2,128,7,33,reconstructed,0.013077972781189828,0.013077972781183854,5.974387651264124e-15,-6.022317372086147e-14,0.0,6.022317372086147e-14,4.265149265230798e-22,True,height_function,"{""curvature"": -6.022317372086147e-14, ""curvature_source"": ""cartesian-ghf"", ""ghf_diagnostic"": ""complete three-column height function"", ""ghf_direction"": ""y"", ""ghf_fit_points"": 0, ""ghf_height_points"": 3, ""ghf_independent_points"": 3, ""ghf_method"": ""height_function"", ""interval_count"": 1, ""objective"": 4.265149265230798e-22, ""optimizer_message"": ""CONVERGENCE: NORM_OF_PROJECTED_GRADIENT_<=_PGTOL"", ""optimizer_success"": true}"
PLVIRA,PLVIRA,lines,2,128,7,34,reconstructed,0.5231845490477411,0.5231845490477411,0.0,-6.022317372086147e-14,0.0,6.022317372086147e-14,3.5071575241921003e-16,True,height_function,"{""curvature"": -6.022317372086147e-14, ""curvature_source"": ""cartesian-ghf"", ""ghf_diagnostic"": ""complete three-column height function"", ""ghf_direction"": ""y"", ""ghf_fit_points"": 0, ""ghf_height_points"": 3, ""ghf_independent_points"": 3, ""ghf_method"": ""height_function"", ""interval_count"": 1, ""objective"": 3.5071575241921003e-16, ""optimizer_message"": ""CONVERGENCE: REL_REDUCTION_OF_F_<=_FACTR*EPSMCH"", ""optimizer_success"": true}"
PLVIRA,PLVIRA,lines,2,128,8,34,reconstructed,0.20071891087147264,0.2007189108714729,2.498001805406602e-16,8.054237461041924e-14,0.0,8.054237461041924e-14,1.387889473042557e-16,True,height_function,"{""curvature"": 8.054237461041924e-14, ""curvature_source"": ""cartesian-ghf"", ""ghf_diagnostic"": ""complete three-column height function"", ""ghf_direction"": ""y"", ""ghf_fit_points"": 0, ""ghf_height_points"": 3, ""ghf_independent_points"": 3, ""ghf_method"": ""height_function"", ""interval_count"": 1, ""objective"": 1.387889473042557e-16, ""optimizer_message"": ""CONVERGENCE: REL_REDUCTION_OF_F_<=_FACTR*EPSMCH"", ""optimizer_success"": true}"
PLVIRA,PLVIRA,lines,2,128,9,34,reconstructed,0.0016175419800958935,0.0016175419800958588,3.469446951953614e-17,-8.029756496114743e-14,0.0,8.029756496114743e-14,1.3329801290762074e-14,True,height_function,"{""curvature"": -8.029756496114743e-14, ""curvature_source"": ""cartesian-ghf"", ""ghf_diagnostic"": ""complete three-column height function"", ""ghf_direction"": ""y"", ""ghf_fit_points"": 0, ""ghf_height_points"": 3, ""ghf_independent_points"": 3, ""ghf_method"": ""height_function"", ""interval_count"": 1, ""objective"": 1.3329801290762074e-14, ""optimizer_message"": ""CONVERGENCE: REL_REDUCTION_OF_F_<=_FACTR*EPSMCH"", ""optimizer_success"": true}"
PLVIRA,PLVIRA,lines,2,128,9,35,reconstructed,0.4739093204338616,0.47390932043386,1.5543122344752192e-15,-8.029756496114743e-14,0.0,8.029756496114743e-14,2.754508080653682e-21,True,height_function,"{""curvature"": -8.029756496114743e-14, ""curvature_source"": ""cartesian-ghf"", ""ghf_diagnostic"": ""complete three-column height function"", ""ghf_direction"": ""y"", ""ghf_fit_points"": 0, ""ghf_height_points"": 3, ""ghf_independent_points"": 3, ""ghf_method"": ""height_function"", ""interval_count"": 1, ""objective"": 2.754508080653682e-21, ""optimizer_message"": ""CONVERGENCE: NORM_OF_PROJECTED_GRADIENT_<=_PGTOL"", ""optimizer_success"": true}"
PLVIRA,PLVIRA,lines,2,128,10,35,reconstructed,0.1411339271204497,0.1411339271204503,6.106226635438361e-16,8.005275531187565e-14,0.0,8.005275531187565e-14,6.4753436337384724e-21,True,height_function,"{""curvature"": 8.005275531187565e-14, ""curvature_source"": ""cartesian-ghf"", ""ghf_diagnostic"": ""complete three-column height function"", ""ghf_direction"": ""y"", ""ghf_fit_points"": 0, ""ghf_height_points"": 3, ""ghf_independent_points"": 3, ""ghf_method"": ""height_function"", ""interval_count"": 1, ""objective"": 6.4753436337384724e-21, ""optimizer_message"": ""CONVERGENCE: NORM_OF_PROJECTED_GRADIENT_<=_PGTOL"", ""optimizer_success"": true}"
PLVIRA,PLVIRA,lines,2,128,10,36,reconstructed,0.6092008868360494,0.6092008868360494,0.0,8.005275531187565e-14,0.0,8.005275531187565e-14,3.2944178314240088e-21,True,height_function,"{""curvature"": 8.005275531187565e-14, ""curvature_source"": ""cartesian-ghf"", ""ghf_diagnostic"": ""complete three-column height function"", ""ghf_direction"": ""y"", ""ghf_fit_points"": 0, ""ghf_height_points"": 3, ""ghf_independent_points"": 3, ""ghf_method"": ""height_function"", ""interval_count"": 1, ""objective"": 3.2944178314240088e-21, ""optimizer_message"": ""CONVERGENCE: NORM_OF_PROJECTED_GRADIENT_<=_PGTOL"", ""optimizer_success"": true}"
PLVIRA,PLVIRA,lines,2,128,11,36,reconstructed,0.414791202998984,0.41479120299898403,5.551115123125783e-17,-1.202015377924529e-13,0.0,1.202015377924529e-13,1.322531338951713e-17,True,height_function,"{""curvature"": -1.202015377924529e-13, ""curvature_source"": ""cartesian-ghf"", ""ghf_diagnostic"": ""complete three-column height function"", ""ghf_direction"": ""y"", ""ghf_fit_points"": 0, ""ghf_height_points"": 3, ""ghf_independent_points"": 3, ""ghf_method"": ""height_function"", ""interval_count"": 1, ""objective"": 1.322531338951713e-17, ""optimizer_message"": ""CONVERGENCE: REL_REDUCTION_OF_F_<=_FACTR*EPSMCH"", ""optimizer_success"": true}"
PLVIRA,PLVIRA,lines,2,128,12,36,reconstructed,0.09092496587427946,0.09092496587427952,5.551115123125783e-17,1.0037195620143872e-13,0.0,1.0037195620143872e-13,1.8477921522726502e-16,True,height_function,"{""curvature"": 1.0037195620143872e-13, ""curvature_source"": ""cartesian-ghf"", ""ghf_diagnostic"": ""complete three-column height function"", ""ghf_direction"": ""y"", ""ghf_fit_points"": 0, ""ghf_height_points"": 3, ""ghf_independent_points"": 3, ""ghf_method"": ""height_function"", ""interval_count"": 1, ""objective"": 1.8477921522726502e-16, ""optimizer_message"": ""CONVERGENCE: REL_REDUCTION_OF_F_<=_FACTR*EPSMCH"", ""optimizer_success"": true}"
PLVIRA,PLVIRA,lines,2,128,12,37,reconstructed,0.5986741886672746,0.5986741886672746,0.0,1.0037195620143872e-13,0.0,1.0037195620143872e-13,9.311852664789946e-20,True,height_function,"{""curvature"": 1.0037195620143872e-13, ""curvature_source"": ""cartesian-ghf"", ""ghf_diagnostic"": ""complete three-column height function"", ""ghf_direction"": ""y"", ""ghf_fit_points"": 0, ""ghf_height_points"": 3, ""ghf_independent_points"": 3, ""ghf_method"": ""height_function"", ""interval_count"": 1, ""objective"": 9.311852664789946e-20, ""optimizer_message"": ""CONVERGENCE: NORM_OF_PROJECTED_GRADIENT_<=_PGTOL"", ""optimizer_success"": true}"
PLVIRA,PLVIRA,lines,2,128,13,37,reconstructed,0.35405554358405306,0.35405554358405306,0.0,0.0,0.0,0.0,1.087685395208826e-21,True,height_function,"{""curvature"": 0.0, ""curvature_source"": ""cartesian-ghf"", ""ghf_diagnostic"": ""complete three-column height function"", ""ghf_direction"": ""y"", ""ghf_fit_points"": 0, ""ghf_height_points"": 3, ""ghf_independent_points"": 3, ""ghf_method"": ""height_function"", ""interval_count"": 1, ""objective"": 1.087685395208826e-21, ""optimizer_message"": ""CONVERGENCE: NORM_OF_PROJECTED_GRADIENT_<=_PGTOL"", ""optimizer_success"": true}"
PLVIRA,PLVIRA,lines,2,128,14,37,reconstructed,0.051709569113029374,0.051709569113029305,6.938893903907228e-17,-2.4480964927178376e-16,0.0,2.4480964927178376e-16,1.426663447304163e-17,True,height_function,"{""curvature"": -2.4480964927178376e-16, ""curvature_source"": ""cartesian-ghf"", ""ghf_diagnostic"": ""complete three-column height function"", ""ghf_direction"": ""y"", ""ghf_fit_points"": 0, ""ghf_height_points"": 3, ""ghf_independent_points"": 3, ""ghf_method"": ""height_function"", ""interval_count"": 1, ""objective"": 1.426663447304163e-17, ""optimizer_message"": ""CONVERGENCE: REL_REDUCTION_OF_F_<=_FACTR*EPSMCH"", ""optimizer_success"": true}"
PLVIRA,PLVIRA,lines,2,128,14,38,reconstructed,0.5771539260135228,0.5771539260135293,6.5503158452884236e-15,-2.4480964927178376e-16,0.0,2.4480964927178376e-16,4.368354660158256e-13,True,height_function,"{""curvature"": -2.4480964927178376e-16, ""curvature_source"": ""cartesian-ghf"", ""ghf_diagnostic"": ""complete three-column height function"", ""ghf_direction"": ""y"", ""ghf_fit_points"": 0, ""ghf_height_points"": 3, ""ghf_independent_points"": 3, ""ghf_method"": ""height_function"", ""interval_count"": 1, ""objective"": 4.368354660158256e-13, ""optimizer_message"": ""CONVERGENCE: REL_REDUCTION_OF_F_<=_FACTR*EPSMCH"", ""optimizer_success"": true}"
PLVIRA,PLVIRA,lines,2,128,15,38,reconstructed,0.2933198841690512,0.2933198841690513,1.1102230246251565e-16,-3.990397283130193e-14,0.0,3.990397283130193e-14,3.420271528152459e-18,True,height_function,"{""curvature"": -3.990397283130193e-14, ""curvature_source"": ""cartesian-ghf"", ""ghf_diagnostic"": ""complete three-column height function"", ""ghf_direction"": ""y"", ""ghf_fit_points"": 0, ""ghf_height_points"": 3, ""ghf_independent_points"": 3, ""ghf_method"": ""height_function"", ""interval_count"": 1, ""objective"": 3.420271528152459e-18, ""optimizer_message"": ""CONVERGENCE: NORM_OF_PROJECTED_GRADIENT_<=_PGTOL"", ""optimizer_success"": true}"
PLVIRA,PLVIRA,lines,2,128,16,38,reconstructed,0.02348773683672789,0.02348773683672789,0.0,4.014878248057371e-14,0.0,4.014878248057371e-14,2.8851104109393283e-20,True,height_function,"{""curvature"": 4.014878248057371e-14, ""curvature_source"": ""cartesian-ghf"", ""ghf_diagnostic"": ""complete three-column height function"", ""ghf_direction"": ""y"", ""ghf_fit_points"": 0, ""ghf_height_points"": 3, ""ghf_independent_points"": 3, ""ghf_method"": ""height_function"", ""interval_count"": 1, ""objective"": 2.8851104109393283e-20, ""optimizer_message"": ""CONVERGENCE: NORM_OF_PROJECTED_GRADIENT_<=_PGTOL"", ""optimizer_success"": true}"
PLVIRA,PLVIRA,lines,2,128,16,39,reconstructed,0.5446400988748508,0.5446400988748508,0.0,4.014878248057371e-14,0.0,4.014878248057371e-14,4.390472352487833e-15,True,height_function,"{""curvature"": 4.014878248057371e-14, ""curvature_source"": ""cartesian-ghf"", ""ghf_diagnostic"": ""complete three-column height function"", ""ghf_direction"": ""y"", ""ghf_fit_points"": 0, ""ghf_height_points"": 3, ""ghf_independent_points"": 3, ""ghf_method"": ""height_function"", ""interval_count"": 1, ""objective"": 4.390472352487833e-15, ""optimizer_message"": ""CONVERGENCE: REL_REDUCTION_OF_F_<=_FACTR*EPSMCH"", ""optimizer_success"": true}"
PLVIRA,PLVIRA,lines,2,128,17,39,reconstructed,0.2325842247540777,0.2325842247540776,8.326672684688674e-17,-4.0393592129845516e-14,0.0,4.0393592129845516e-14,4.459037369416711e-18,True,height_function,"{""curvature"": -4.0393592129845516e-14, ""curvature_source"": ""cartesian-ghf"", ""ghf_diagnostic"": ""complete three-column height function"", ""ghf_direction"": ""y"", ""ghf_fit_points"": 0, ""ghf_height_points"": 3, ""ghf_independent_points"": 3, ""ghf_method"": ""height_function"", ""interval_count"": 1, ""objective"": 4.459037369416711e-18, ""optimizer_message"": ""CONVERGENCE: NORM_OF_PROJECTED_GRADIENT_<=_PGTOL"", ""optimizer_success"": true}"
PLVIRA,PLVIRA,lines,2,128,18,39,reconstructed,0.006259469045403422,0.006259469045402845,5.767955557622884e-16,4.0148782480573725e-14,0.0,4.0148782480573725e-14,7.094828384288541e-17,True,height_function,"{""curvature"": 4.0148782480573725e-14, ""curvature_source"": ""cartesian-ghf"", ""ghf_diagnostic"": ""complete three-column height function"", ""ghf_direction"": ""y"", ""ghf_fit_points"": 0, ""ghf_height_points"": 3, ""ghf_independent_points"": 3, ""ghf_method"": ""height_function"", ""interval_count"": 1, ""objective"": 7.094828384288541e-17, ""optimizer_message"": ""CONVERGENCE: REL_REDUCTION_OF_F_<=_FACTR*EPSMCH"", ""optimizer_success"": true}"
PLVIRA,PLVIRA,lines,2,128,18,40,reconstructed,0.5011327072512017,0.5011327072512017,0.0,4.0148782480573725e-14,0.0,4.0148782480573725e-14,6.490177996790669e-18,True,height_function,"{""curvature"": 4.0148782480573725e-14, ""curvature_source"": ""cartesian-ghf"", ""ghf_diagnostic"": ""complete three-column height function"", ""ghf_direction"": ""y"", ""ghf_fit_points"": 0, ""ghf_height_points"": 3, ""ghf_independent_points"": 3, ""ghf_method"": ""height_function"", ""interval_count"": 1, ""objective"": 6.490177996790669e-18, ""optimizer_message"": ""CONVERGENCE: NORM_OF_PROJECTED_GRADIENT_<=_PGTOL"", ""optimizer_success"": true}"
PLVIRA,PLVIRA,lines,2,128,19,40,reconstructed,0.17184856533910417,0.17184856533910425,8.326672684688674e-17,-3.990397283130193e-14,0.0,3.990397283130193e-14,2.354134827555119e-15,True,height_function,"{""curvature"": -3.990397283130193e-14, ""curvature_source"": ""cartesian-ghf"", ""ghf_diagnostic"": ""complete three-column height function"", ""ghf_direction"": ""y"", ""ghf_fit_points"": 0, ""ghf_height_points"": 3, ""ghf_independent_points"": 3, ""ghf_method"": ""height_function"", ""interval_count"": 1, ""objective"": 2.354134827555119e-15, ""optimizer_message"": ""CONVERGENCE: REL_REDUCTION_OF_F_<=_FACTR*EPSMCH"", ""optimizer_success"": true}"
PLVIRA,PLVIRA,lines,2,128,20,40,reconstructed,2.4765738970700113e-05,2.476573897050756e-05,1.9255430583342559e-16,4.014878248057371e-14,0.0,4.014878248057371e-14,1.1334393992896023e-16,True,height_function,"{""curvature"": 4.014878248057371e-14, ""curvature_source"": ""cartesian-ghf"", ""ghf_diagnostic"": ""complete three-column height function"", ""ghf_direction"": ""y"", ""ghf_fit_points"": 0, ""ghf_height_points"": 3, ""ghf_independent_points"": 3, ""ghf_method"": ""height_function"", ""interval_count"": 1, ""objective"": 1.1334393992896023e-16, ""optimizer_message"": ""CONVERGENCE: REL_REDUCTION_OF_F_<=_FACTR*EPSMCH"", ""optimizer_success"": true}"
PLVIRA,PLVIRA,lines,2,128,20,41,reconstructed,0.44663175114266096,0.44663175114266096,0.0,4.014878248057371e-14,0.0,4.014878248057371e-14,3.690982159391714e-24,True,height_function,"{""curvature"": 4.014878248057371e-14, ""curvature_source"": ""cartesian-ghf"", ""ghf_diagnostic"": ""complete three-column height function"", ""ghf_direction"": ""y"", ""ghf_fit_points"": 0, ""ghf_height_points"": 3, ""ghf_independent_points"": 3, ""ghf_method"": ""height_function"", ""interval_count"": 1, ""objective"": 3.690982159391714e-24, ""optimizer_message"": ""CONVERGENCE: NORM_OF_PROJECTED_GRADIENT_<=_PGTOL"", ""optimizer_success"": true}"
PLVIRA,PLVIRA,lines,2,128,21,41,reconstructed,0.1158965328416457,0.11589653284164572,2.7755575615628914e-17,-4.014878248057371e-14,0.0,4.014878248057371e-14,5.257421889717983e-19,True,height_function,"{""curvature"": -4.014878248057371e-14, ""curvature_source"": ""cartesian-ghf"", ""ghf_diagnostic"": ""complete three-column height function"", ""ghf_direction"": ""y"", ""ghf_fit_points"": 0, ""ghf_height_points"": 3, ""ghf_independent_points"": 3, ""ghf_method"": ""height_function"", ""interval_count"": 1, ""objective"": 5.257421889717983e-19, ""optimizer_message"": ""CONVERGENCE: NORM_OF_PROJECTED_GRADIENT_<=_PGTOL"", ""optimizer_success"": true}"
PLVIRA,PLVIRA,lines,2,128,21,42,reconstructed,0.605567935582485,0.605567935582485,0.0,-4.014878248057371e-14,0.0,4.014878248057371e-14,6.271462473950223e-20,True,height_function,"{""curvature"": -4.014878248057371e-14, ""curvature_source"": ""cartesian-ghf"", ""ghf_diagnostic"": ""complete three-column height function"", ""ghf_direction"": ""y"", ""ghf_fit_points"": 0, ""ghf_height_points"": 3, ""ghf_independent_points"": 3, ""ghf_method"": ""height_function"", ""interval_count"": 1, ""objective"": 6.271462473950223e-20, ""optimizer_message"": ""CONVERGENCE: NORM_OF_PROJECTED_GRADIENT_<=_PGTOL"", ""optimizer_success"": true}"
PLVIRA,PLVIRA,lines,2,128,22,42,reconstructed,0.38592085746665816,0.38592085746665805,1.1102230246251565e-16,-2.448096492717982e-16,0.0,2.448096492717982e-16,7.232426697347569e-20,True,height_function,"{""curvature"": -2.448096492717982e-16, ""curvature_source"": ""cartesian-ghf"", ""ghf_diagnostic"": ""complete three-column height function"", ""ghf_direction"": ""y"", ""ghf_fit_points"": 0, ""ghf_height_points"": 3, ""ghf_independent_points"": 3, ""ghf_method"": ""height_function"", ""interval_count"": 1, ""objective"": 7.232426697347569e-20, ""optimizer_message"": ""CONVERGENCE: NORM_OF_PROJECTED_GRADIENT_<=_PGTOL"", ""optimizer_success"": true}"
PLVIRA,PLVIRA,lines,2,128,23,42,reconstructed,0.07091329909013666,0.0709132990901237,1.2961853812498703e-14,1.6083993957155239e-13,0.0,1.6083993957155239e-13,3.1132009287338084e-15,True,height_function,"{""curvature"": 1.6083993957155239e-13, ""curvature_source"": ""cartesian-ghf"", ""ghf_diagnostic"": ""complete three-column height function"", ""ghf_direction"": ""y"", ""ghf_fit_points"": 0, ""ghf_height_points"": 3, ""ghf_independent_points"": 3, ""ghf_method"": ""height_function"", ""interval_count"": 1, ""objective"": 3.1132009287338084e-15, ""optimizer_message"": ""CONVERGENCE: REL_REDUCTION_OF_F_<=_FACTR*EPSMCH"", ""optimizer_success"": true}"
PLVIRA,PLVIRA,lines,2,128,23,43,reconstructed,0.589815509919049,0.589815509919049,0.0,1.6083993957155239e-13,0.0,1.6083993957155239e-13,2.1082927265863863e-17,True,height_function,"{""curvature"": 1.6083993957155239e-13, ""curvature_source"": ""cartesian-ghf"", ""ghf_diagnostic"": ""complete three-column height function"", ""ghf_direction"": ""y"", ""ghf_fit_points"": 0, ""ghf_height_points"": 3, ""ghf_independent_points"": 3, ""ghf_method"": ""height_function"", ""interval_count"": 1, ""objective"": 2.1082927265863863e-17, ""optimizer_message"": ""CONVERGENCE: REL_REDUCTION_OF_F_<=_FACTR*EPSMCH"", ""optimizer_success"": true}"
PLVIRA,PLVIRA,lines,2,128,24,43,reconstructed,0.32518519805159934,0.3251851980515995,1.6653345369377348e-16,-3.211902598445992e-13,0.0,3.211902598445992e-13,1.421342731391436e-18,True,height_function,"{""curvature"": -3.211902598445992e-13, ""curvature_source"": ""cartesian-ghf"", ""ghf_diagnostic"": ""complete three-column height function"", ""ghf_direction"": ""y"", ""ghf_fit_points"": 0, ""ghf_height_points"": 3, ""ghf_independent_points"": 3, ""ghf_method"": ""height_function"", ""interval_count"": 1, ""objective"": 1.421342731391436e-18, ""optimizer_message"": ""CONVERGENCE: NORM_OF_PROJECTED_GRADIENT_<=_PGTOL"", ""optimizer_success"": true}"
PLVIRA,PLVIRA,lines,2,128,25,43,reconstructed,0.03692362982360464,0.03692362982360374,9.020562075079397e-16,2.406478852341918e-13,0.0,2.406478852341918e-13,3.63964920097637e-20,True,height_function,"{""curvature"": 2.406478852341918e-13, ""curvature_source"": ""cartesian-ghf"", ""ghf_diagnostic"": ""complete three-column height function"", ""ghf_direction"": ""y"", ""ghf_fit_points"": 0, ""ghf_height_points"": 3, ""ghf_independent_points"": 3, ""ghf_method"": ""height_function"", ""interval_count"": 1, ""objective"": 3.63964920097637e-20, ""optimizer_message"": ""CONVERGENCE: NORM_OF_PROJECTED_GRADIENT_<=_PGTOL"", ""optimizer_success"": true}"
PLVIRA,PLVIRA,lines,2,128,25,44,reconstructed,0.5630695197706359,0.5630695197706359,0.0,2.406478852341918e-13,0.0,2.406478852341918e-13,9.038125616582364e-18,True,height_function,"{""curvature"": 2.406478852341918e-13, ""curvature_source"": ""cartesian-ghf"", ""ghf_diagnostic"": ""complete three-column height function"", ""ghf_direction"": ""y"", ""ghf_fit_points"": 0, ""ghf_height_points"": 3, ""ghf_independent_points"": 3, ""ghf_method"": ""height_function"", ""interval_count"": 1, ""objective"": 9.038125616582364e-18, ""optimizer_message"": ""CONVERGENCE: REL_REDUCTION_OF_F_<=_FACTR*EPSMCH"", ""optimizer_success"": true}"
PLVIRA,PLVIRA,lines,2,128,26,44,reconstructed,0.26444953863671117,0.26444953863671117,0.0,0.0,0.0,0.0,1.65995052612687e-20,True,height_function,"{""curvature"": 0.0, ""curvature_source"": ""cartesian-ghf"", ""ghf_diagnostic"": ""complete three-column height function"", ""ghf_direction"": ""y"", ""ghf_fit_points"": 0, ""ghf_height_points"": 3, ""ghf_independent_points"": 3, ""ghf_method"": ""height_function"", ""interval_count"": 1, ""objective"": 1.65995052612687e-20, ""optimizer_message"": ""CONVERGENCE: NORM_OF_PROJECTED_GRADIENT_<=_PGTOL"", ""optimizer_success"": true}"
PLVIRA,PLVIRA,lines,2,128,27,44,reconstructed,0.013927525041935949,0.013927525041933987,1.961972251329769e-15,-1.6010551062375598e-13,0.0,1.6010551062375598e-13,9.775005127746503e-22,True,height_function,"{""curvature"": -1.6010551062375598e-13, ""curvature_source"": ""cartesian-ghf"", ""ghf_diagnostic"": ""complete three-column height function"", ""ghf_direction"": ""y"", ""ghf_fit_points"": 0, ""ghf_height_points"": 3, ""ghf_independent_points"": 3, ""ghf_method"": ""height_function"", ""interval_count"": 1, ""objective"": 9.775005127746503e-22, ""optimizer_message"": ""CONVERGENCE: NORM_OF_PROJECTED_GRADIENT_<=_PGTOL"", ""optimizer_success"": true}"
PLVIRA,PLVIRA,lines,2,128,27,45,reconstructed,0.5253299651372458,0.5253299651372458,0.0,-1.6010551062375598e-13,0.0,1.6010551062375598e-13,4.977260269080558e-16,True,height_function,"{""curvature"": -1.6010551062375598e-13, ""curvature_source"": ""cartesian-ghf"", ""ghf_diagnostic"": ""complete three-column height function"", ""ghf_direction"": ""y"", ""ghf_fit_points"": 0, ""ghf_height_points"": 3, ""ghf_independent_points"": 3, ""ghf_method"": ""height_function"", ""interval_count"": 1, ""objective"": 4.977260269080558e-16, ""optimizer_message"": ""CONVERGENCE: REL_REDUCTION_OF_F_<=_FACTR*EPSMCH"", ""optimizer_success"": true}"
PLVIRA,PLVIRA,lines,2,128,28,45,reconstructed,0.2037138792217661,0.20371387922176618,8.326672684688674e-17,2.404030755848916e-13,0.0,2.404030755848916e-13,4.932575095174328e-16,True,height_function,"{""curvature"": 2.404030755848916e-13, ""curvature_source"": ""cartesian-ghf"", ""ghf_diagnostic"": ""complete three-column height function"", ""ghf_direction"": ""y"", ""ghf_fit_points"": 0, ""ghf_height_points"": 3, ""ghf_independent_points"": 3, ""ghf_method"": ""height_function"", ""interval_count"": 1, ""objective"": 4.932575095174328e-16, ""optimizer_message"": ""CONVERGENCE: REL_REDUCTION_OF_F_<=_FACTR*EPSMCH"", ""optimizer_success"": true}"
PLVIRA,PLVIRA,lines,2,128,29,45,reconstructed,0.0019249847452442734,0.0019249847452443049,3.144186300207963e-17,-2.4089269488343523e-13,0.0,2.4089269488343523e-13,4.133489385350194e-15,True,height_function,"{""curvature"": -2.4089269488343523e-13, ""curvature_source"": ""cartesian-ghf"", ""ghf_diagnostic"": ""complete three-column height function"", ""ghf_direction"": ""y"", ""ghf_fit_points"": 0, ""ghf_height_points"": 3, ""ghf_independent_points"": 3, ""ghf_method"": ""height_function"", ""interval_count"": 1, ""objective"": 4.133489385350194e-15, ""optimizer_message"": ""CONVERGENCE: REL_REDUCTION_OF_F_<=_FACTR*EPSMCH"", ""optimizer_success"": true}"
PLVIRA,PLVIRA,lines,2,128,29,46,reconstructed,0.4765968460189356,0.47659684601893304,2.55351295663786e-15,-2.4089269488343523e-13,0.0,2.4089269488343523e-13,9.345891742600549e-22,True,height_function,"{""curvature"": -2.4089269488343523e-13, ""curvature_source"": ""cartesian-ghf"", ""ghf_diagnostic"": ""complete three-column height function"", ""ghf_direction"": ""y"", ""ghf_fit_points"": 0, ""ghf_height_points"": 3, ""ghf_independent_points"": 3, ""ghf_method"": ""height_function"", ""interval_count"": 1, ""objective"": 9.345891742600549e-22, ""optimizer_message"": ""CONVERGENCE: NORM_OF_PROJECTED_GRADIENT_<=_PGTOL"", ""optimizer_success"": true}"
PLVIRA,PLVIRA,lines,2,128,30,46,reconstructed,0.14389422874035063,0.14389422874035096,3.3306690738754696e-16,8.054237461042634e-14,0.0,8.054237461042634e-14,4.8254713618295776e-21,True,height_function,"{""curvature"": 8.054237461042634e-14, ""curvature_source"": ""cartesian-ghf"", ""ghf_diagnostic"": ""complete three-column height function"", ""ghf_direction"": ""y"", ""ghf_fit_points"": 0, ""ghf_height_points"": 3, ""ghf_independent_points"": 3, ""ghf_method"": ""height_function"", ""interval_count"": 1, ""objective"": 4.8254713618295776e-21, ""optimizer_message"": ""CONVERGENCE: NORM_OF_PROJECTED_GRADIENT_<=_PGTOL"", ""optimizer_success"": true}"
PLVIRA,PLVIRA,lines,2,128,30,47,reconstructed,0.6094355535664135,0.6094355535664151,1.5543122344752192e-15,8.054237461042634e-14,0.0,8.054237461042634e-14,1.6422601752273067e-20,True,height_function,"{""curvature"": 8.054237461042634e-14, ""curvature_source"": ""cartesian-ghf"", ""ghf_diagnostic"": ""complete three-column height function"", ""ghf_direction"": ""y"", ""ghf_fit_points"": 0, ""ghf_height_points"": 3, ""ghf_independent_points"": 3, ""ghf_method"": ""height_function"", ""interval_count"": 1, ""objective"": 1.6422601752273067e-20, ""optimizer_message"": ""CONVERGENCE: NORM_OF_PROJECTED_GRADIENT_<=_PGTOL"", ""optimizer_success"": true}"
PLVIRA,PLVIRA,lines,2,128,31,47,reconstructed,0.41778617134929164,0.41778617134929164,0.0,0.0,0.0,0.0,2.9818148094365615e-18,True,height_function,"{""curvature"": 0.0, ""curvature_source"": ""cartesian-ghf"", ""ghf_diagnostic"": ""complete three-column height function"", ""ghf_direction"": ""y"", ""ghf_fit_points"": 0, ""ghf_height_points"": 3, ""ghf_independent_points"": 3, ""ghf_method"": ""height_function"", ""interval_count"": 1, ""objective"": 2.9818148094365615e-18, ""optimizer_message"": ""CONVERGENCE: NORM_OF_PROJECTED_GRADIENT_<=_PGTOL"", ""optimizer_success"": true}"
PLVIRA,PLVIRA,lines,2,128,32,47,reconstructed,0.09314315799855422,0.09314315799855422,0.0,0.0,0.0,0.0,1.2493466443926223e-16,True,height_function,"{""curvature"": 0.0, ""curvature_source"": ""cartesian-ghf"", ""ghf_diagnostic"": ""complete three-column height function"", ""ghf_direction"": ""y"", ""ghf_fit_points"": 0, ""ghf_height_points"": 3, ""ghf_independent_points"": 3, ""ghf_method"": ""height_function"", ""interval_count"": 1, ""objective"": 1.2493466443926223e-16, ""optimizer_message"": ""CONVERGENCE: REL_REDUCTION_OF_F_<=_FACTR*EPSMCH"", ""optimizer_success"": true}"
PLVIRA,PLVIRA,lines,2,128,32,48,reconstructed,0.5994509648932649,0.5994509648932648,1.1102230246251565e-16,0.0,0.0,0.0,6.766144358383338e-15,True,height_function,"{""curvature"": 0.0, ""curvature_source"": ""cartesian-ghf"", ""ghf_diagnostic"": ""complete three-column height function"", ""ghf_direction"": ""y"", ""ghf_fit_points"": 0, ""ghf_height_points"": 3, ""ghf_independent_points"": 3, ""ghf_method"": ""height_function"", ""interval_count"": 1, ""objective"": 6.766144358383338e-15, ""optimizer_message"": ""CONVERGENCE: REL_REDUCTION_OF_F_<=_FACTR*EPSMCH"", ""optimizer_success"": true}"
PLVIRA,PLVIRA,lines,2,128,33,48,reconstructed,0.35705051193434656,0.35705051193434656,0.0,1.6059512992228066e-13,0.0,1.6059512992228066e-13,3.2991435009580353e-22,True,height_function,"{""curvature"": 1.6059512992228066e-13, ""curvature_source"": ""cartesian-ghf"", ""ghf_diagnostic"": ""complete three-column height function"", ""ghf_direction"": ""y"", ""ghf_fit_points"": 0, ""ghf_height_points"": 3, ""ghf_independent_points"": 3, ""ghf_method"": ""height_function"", ""interval_count"": 1, ""objective"": 3.2991435009580353e-22, ""optimizer_message"": ""CONVERGENCE: NORM_OF_PROJECTED_GRADIENT_<=_PGTOL"", ""optimizer_success"": true}"
PLVIRA,PLVIRA,lines,2,128,34,48,reconstructed,0.05338565174179166,0.05338565174179169,2.7755575615628914e-17,-4.0148782480577265e-13,0.0,4.0148782480577265e-13,1.426267449668925e-17,True,height_function,"{""curvature"": -4.0148782480577265e-13, ""curvature_source"": ""cartesian-ghf"", ""ghf_diagnostic"": ""complete three-column height function"", ""ghf_direction"": ""y"", ""ghf_fit_points"": 0, ""ghf_height_points"": 3, ""ghf_independent_points"": 3, ""ghf_method"": ""height_function"", ""interval_count"": 1, ""objective"": 1.426267449668925e-17, ""optimizer_message"": ""CONVERGENCE: REL_REDUCTION_OF_F_<=_FACTR*EPSMCH"", ""optimizer_success"": true}"
PLVIRA,PLVIRA,lines,2,128,34,49,reconstructed,0.5784728117349687,0.578472811734963,5.662137425588298e-15,-4.0148782480577265e-13,0.0,4.0148782480577265e-13,9.057918733593464e-14,True,height_function,"{""curvature"": -4.0148782480577265e-13, ""curvature_source"": ""cartesian-ghf"", ""ghf_diagnostic"": ""complete three-column height function"", ""ghf_direction"": ""y"", ""ghf_fit_points"": 0, ""ghf_height_points"": 3, ""ghf_independent_points"": 3, ""ghf_method"": ""height_function"", ""interval_count"": 1, ""objective"": 9.057918733593464e-14, ""optimizer_message"": ""CONVERGENCE: REL_REDUCTION_OF_F_<=_FACTR*EPSMCH"", ""optimizer_success"": true}"
PLVIRA,PLVIRA,lines,2,128,35,49,reconstructed,0.2963148525194583,0.2963148525194584,5.551115123125783e-17,4.812957704683553e-13,0.0,4.812957704683553e-13,4.2126641902544045e-18,True,height_function,"{""curvature"": 4.812957704683553e-13, ""curvature_source"": ""cartesian-ghf"", ""ghf_diagnostic"": ""complete three-column height function"", ""ghf_direction"": ""y"", ""ghf_fit_points"": 0, ""ghf_height_points"": 3, ""ghf_independent_points"": 3, ""ghf_method"": ""height_function"", ""interval_count"": 1, ""objective"": 4.2126641902544045e-18, ""optimizer_message"": ""CONVERGENCE: NORM_OF_PROJECTED_GRADIENT_<=_PGTOL"", ""optimizer_success"": true}"
PLVIRA,PLVIRA,lines,2,128,36,49,reconstructed,0.024621709969892436,0.024621709969891714,7.216449660063518e-16,-1.6035032027299e-13,0.0,1.6035032027299e-13,4.60684389581489e-22,True,height_function,"{""curvature"": -1.6035032027299e-13, ""curvature_source"": ""cartesian-ghf"", ""ghf_diagnostic"": ""complete three-column height function"", ""ghf_direction"": ""y"", ""ghf_fit_points"": 0, ""ghf_height_points"": 3, ""ghf_independent_points"": 3, ""ghf_method"": ""height_function"", ""interval_count"": 1, ""objective"": 4.60684389581489e-22, ""optimizer_message"": ""CONVERGENCE: NORM_OF_PROJECTED_GRADIENT_<=_PGTOL"", ""optimizer_success"": true}"
PLVIRA,PLVIRA,lines,2,128,36,50,reconstructed,0.5465010940919228,0.5465010940919229,1.1102230246251565e-16,-1.6035032027299e-13,0.0,1.6035032027299e-13,1.6819555198206345e-17,True,height_function,"{""curvature"": -1.6035032027299e-13, ""curvature_source"": ""cartesian-ghf"", ""ghf_diagnostic"": ""complete three-column height function"", ""ghf_direction"": ""y"", ""ghf_fit_points"": 0, ""ghf_height_points"": 3, ""ghf_independent_points"": 3, ""ghf_method"": ""height_function"", ""interval_count"": 1, ""objective"": 1.6819555198206345e-17, ""optimizer_message"": ""CONVERGENCE: REL_REDUCTION_OF_F_<=_FACTR*EPSMCH"", ""optimizer_success"": true}"
PLVIRA,PLVIRA,lines,2,128,37,50,reconstructed,0.23557919310428588,0.23557919310428602,1.3877787807814457e-16,2.4480964927176926e-16,0.0,2.4480964927176926e-16,1.846259756744277e-17,True,height_function,"{""curvature"": 2.4480964927176926e-16, ""curvature_source"": ""cartesian-ghf"", ""ghf_diagnostic"": ""complete three-column height function"", ""ghf_direction"": ""y"", ""ghf_fit_points"": 0, ""ghf_height_points"": 3, ""ghf_independent_points"": 3, ""ghf_method"": ""height_function"", ""interval_count"": 1, ""objective"": 1.846259756744277e-17, ""optimizer_message"": ""CONVERGENCE: REL_REDUCTION_OF_F_<=_FACTR*EPSMCH"", ""optimizer_success"": true}"
PLVIRA,PLVIRA,lines,2,128,38,50,reconstructed,0.00685133268291338,0.006851332682913269,1.1102230246251565e-16,-1.605951299222996e-13,0.0,1.605951299222996e-13,5.299701508473483e-18,True,height_function,"{""curvature"": -1.605951299222996e-13, ""curvature_source"": ""cartesian-ghf"", ""ghf_diagnostic"": ""complete three-column height function"", ""ghf_direction"": ""y"", ""ghf_fit_points"": 0, ""ghf_height_points"": 3, ""ghf_independent_points"": 3, ""ghf_method"": ""height_function"", ""interval_count"": 1, ""objective"": 5.299701508473483e-18, ""optimizer_message"": ""CONVERGENCE: NORM_OF_PROJECTED_GRADIENT_<=_PGTOL"", ""optimizer_success"": true}"
PLVIRA,PLVIRA,lines,2,128,38,51,reconstructed,0.5035358119638431,0.5035358119638431,0.0,-1.605951299222996e-13,0.0,1.605951299222996e-13,1.0118777522153544e-17,True,height_function,"{""curvature"": -1.605951299222996e-13, ""curvature_source"": ""cartesian-ghf"", ""ghf_diagnostic"": ""complete three-column height function"", ""ghf_direction"": ""y"", ""ghf_fit_points"": 0, ""ghf_height_points"": 3, ""ghf_independent_points"": 3, ""ghf_method"": ""height_function"", ""interval_count"": 1, ""objective"": 1.0118777522153544e-17, ""optimizer_message"": ""CONVERGENCE: REL_REDUCTION_OF_F_<=_FACTR*EPSMCH"", ""optimizer_success"": true}"
PLVIRA,PLVIRA,lines,2,128,39,51,reconstructed,0.1748435336893408,0.17484353368934064,1.6653345369377348e-16,0.0,0.0,0.0,4.652540659579349e-15,True,height_function,"{""curvature"": 0.0, ""curvature_source"": ""cartesian-ghf"", ""ghf_diagnostic"": ""complete three-column height function"", ""ghf_direction"": ""y"", ""ghf_fit_points"": 0, ""ghf_height_points"": 3, ""ghf_independent_points"": 3, ""ghf_method"": ""height_function"", ""interval_count"": 1, ""objective"": 4.652540659579349e-15, ""optimizer_message"": ""CONVERGENCE: REL_REDUCTION_OF_F_<=_FACTR*EPSMCH"", ""optimizer_success"": true}"
PLVIRA,PLVIRA,lines,2,128,40,51,reconstructed,7.45198809681824e-05,7.451988096819281e-05,1.0408340855860843e-17,3.207006405460178e-13,0.0,3.207006405460178e-13,3.988915796685524e-17,True,height_function,"{""curvature"": 3.207006405460178e-13, ""curvature_source"": ""cartesian-ghf"", ""ghf_diagnostic"": ""complete three-column height function"", ""ghf_direction"": ""y"", ""ghf_fit_points"": 0, ""ghf_height_points"": 3, ""ghf_independent_points"": 3, ""ghf_method"": ""height_function"", ""interval_count"": 1, ""objective"": 3.988915796685524e-17, ""optimizer_message"": ""CONVERGENCE: REL_REDUCTION_OF_F_<=_FACTR*EPSMCH"", ""optimizer_success"": true}"
PLVIRA,PLVIRA,lines,2,128,40,52,reconstructed,0.4495769653509569,0.449576965350957,5.551115123125783e-17,3.207006405460178e-13,0.0,3.207006405460178e-13,5.299839225934929e-23,True,height_function,"{""curvature"": 3.207006405460178e-13, ""curvature_source"": ""cartesian-ghf"", ""ghf_diagnostic"": ""complete three-column height function"", ""ghf_direction"": ""y"", ""ghf_fit_points"": 0, ""ghf_height_points"": 3, ""ghf_independent_points"": 3, ""ghf_method"": ""height_function"", ""interval_count"": 1, ""objective"": 5.299839225934929e-23, ""optimizer_message"": ""CONVERGENCE: NORM_OF_PROJECTED_GRADIENT_<=_PGTOL"", ""optimizer_success"": true}"
PLVIRA,PLVIRA,lines,2,128,41,52,reconstructed,0.1183991458382252,0.11839914583822513,6.938893903907228e-17,-4.808061511698116e-13,0.0,4.808061511698116e-13,1.3446038496587056e-19,True,height_function,"{""curvature"": -4.808061511698116e-13, ""curvature_source"": ""cartesian-ghf"", ""ghf_diagnostic"": ""complete three-column height function"", ""ghf_direction"": ""y"", ""ghf_fit_points"": 0, ""ghf_height_points"": 3, ""ghf_independent_points"": 3, ""ghf_method"": ""height_function"", ""interval_count"": 1, ""objective"": 1.3446038496587056e-19, ""optimizer_message"": ""CONVERGENCE: NORM_OF_PROJECTED_GRADIENT_<=_PGTOL"", ""optimizer_success"": true}"
PLVIRA,PLVIRA,lines,2,128,41,53,reconstructed,0.6060602909360568,0.6060602909360601,3.219646771412954e-15,-4.808061511698116e-13,0.0,4.808061511698116e-13,4.999052347511393e-19,True,height_function,"{""curvature"": -4.808061511698116e-13, ""curvature_source"": ""cartesian-ghf"", ""ghf_diagnostic"": ""complete three-column height function"", ""ghf_direction"": ""y"", ""ghf_fit_points"": 0, ""ghf_height_points"": 3, ""ghf_independent_points"": 3, ""ghf_method"": ""height_function"", ""interval_count"": 1, ""objective"": 4.999052347511393e-19, ""optimizer_message"": ""CONVERGENCE: NORM_OF_PROJECTED_GRADIENT_<=_PGTOL"", ""optimizer_success"": true}"
PLVIRA,PLVIRA,lines,2,128,42,53,reconstructed,0.38891582581698003,0.3889158258169801,5.551115123125783e-17,4.808061511698116e-13,0.0,4.808061511698116e-13,1.4422498167964042e-20,True,height_function,"{""curvature"": 4.808061511698116e-13, ""curvature_source"": ""cartesian-ghf"", ""ghf_diagnostic"": ""complete three-column height function"", ""ghf_direction"": ""y"", ""ghf_fit_points"": 0, ""ghf_height_points"": 3, ""ghf_independent_points"": 3, ""ghf_method"": ""height_function"", ""interval_count"": 1, ""objective"": 1.4422498167964042e-20, ""optimizer_message"": ""CONVERGENCE: NORM_OF_PROJECTED_GRADIENT_<=_PGTOL"", ""optimizer_success"": true}"
PLVIRA,PLVIRA,lines,2,128,43,53,reconstructed,0.07287380259117526,0.07287380259116791,7.355227538141662e-15,-4.810509608190834e-13,0.0,4.810509608190834e-13,2.577584028223919e-15,True,height_function,"{""curvature"": -4.810509608190834e-13, ""curvature_source"": ""cartesian-ghf"", ""ghf_diagnostic"": ""complete three-column height function"", ""ghf_direction"": ""y"", ""ghf_fit_points"": 0, ""ghf_height_points"": 3, ""ghf_independent_points"": 3, ""ghf_method"": ""height_function"", ""interval_count"": 1, ""objective"": 2.577584028223919e-15, ""optimizer_message"": ""CONVERGENCE: REL_REDUCTION_OF_F_<=_FACTR*EPSMCH"", ""optimizer_success"": true}"
PLVIRA,PLVIRA,lines,2,128,43,54,reconstructed,0.5908499747681617,0.5908499747681617,0.0,-4.810509608190834e-13,0.0,4.810509608190834e-13,1.1265900764922063e-16,True,height_function,"{""curvature"": -4.810509608190834e-13, ""curvature_source"": ""cartesian-ghf"", ""ghf_diagnostic"": ""complete three-column height function"", ""ghf_direction"": ""y"", ""ghf_fit_points"": 0, ""ghf_height_points"": 3, ""ghf_independent_points"": 3, ""ghf_method"": ""height_function"", ""interval_count"": 1, ""objective"": 1.1265900764922063e-16, ""optimizer_message"": ""CONVERGENCE: REL_REDUCTION_OF_F_<=_FACTR*EPSMCH"", ""optimizer_success"": true}"
PLVIRA,PLVIRA,lines,2,128,44,54,reconstructed,0.32818016640203496,0.3281801664020349,5.551115123125783e-17,1.6059512992233746e-13,0.0,1.6059512992233746e-13,9.164482874875694e-19,True,height_function,"{""curvature"": 1.6059512992233746e-13, ""curvature_source"": ""cartesian-ghf"", ""ghf_diagnostic"": ""complete three-column height function"", ""ghf_direction"": ""y"", ""ghf_fit_points"": 0, ""ghf_height_points"": 3, ""ghf_independent_points"": 3, ""ghf_method"": ""height_function"", ""interval_count"": 1, ""objective"": 9.164482874875694e-19, ""optimizer_message"": ""CONVERGENCE: NORM_OF_PROJECTED_GRADIENT_<=_PGTOL"", ""optimizer_success"": true}"
PLVIRA,PLVIRA,lines,2,128,45,54,reconstructed,0.03834202382915919,0.03834202382915872,4.718447854656915e-16,3.2045583089674596e-13,0.0,3.2045583089674596e-13,1.2981632311913292e-19,True,height_function,"{""curvature"": 3.2045583089674596e-13, ""curvature_source"": ""cartesian-ghf"", ""ghf_diagnostic"": ""complete three-column height function"", ""ghf_direction"": ""y"", ""ghf_fit_points"": 0, ""ghf_height_points"": 3, ""ghf_independent_points"": 3, ""ghf_method"": ""height_function"", ""interval_count"": 1, ""objective"": 1.2981632311913292e-19, ""optimizer_message"": ""CONVERGENCE: NORM_OF_PROJECTED_GRADIENT_<=_PGTOL"", ""optimizer_success"": true}"
PLVIRA,PLVIRA,lines,2,128,45,55,reconstructed,0.5646460941154601,0.5646460941154601,0.0,3.2045583089674596e-13,0.0,3.2045583089674596e-13,6.5094935923699975e-18,True,height_function,"{""curvature"": 3.2045583089674596e-13, ""curvature_source"": ""cartesian-ghf"", ""ghf_diagnostic"": ""complete three-column height function"", ""ghf_direction"": ""y"", ""ghf_fit_points"": 0, ""ghf_height_points"": 3, ""ghf_independent_points"": 3, ""ghf_method"": ""height_function"", ""interval_count"": 1, ""objective"": 6.5094935923699975e-18, ""optimizer_message"": ""CONVERGENCE: NORM_OF_PROJECTED_GRADIENT_<=_PGTOL"", ""optimizer_success"": true}"
PLVIRA,PLVIRA,lines,2,128,46,55,reconstructed,0.2674445069869762,0.2674445069869762,0.0,-3.207006405460178e-13,0.0,3.207006405460178e-13,3.90672065953196e-20,True,height_function,"{""curvature"": -3.207006405460178e-13, ""curvature_source"": ""cartesian-ghf"", ""ghf_diagnostic"": ""complete three-column height function"", ""ghf_direction"": ""y"", ""ghf_fit_points"": 0, ""ghf_height_points"": 3, ""ghf_independent_points"": 3, ""ghf_method"": ""height_function"", ""interval_count"": 1, ""objective"": 3.90672065953196e-20, ""optimizer_message"": ""CONVERGENCE: NORM_OF_PROJECTED_GRADIENT_<=_PGTOL"", ""optimizer_success"": true}"
PLVIRA,PLVIRA,lines,2,128,47,55,reconstructed,0.014803809551949598,0.014803809551948967,6.314393452555578e-16,1.605951299222996e-13,0.0,1.605951299222996e-13,2.367467287736847e-22,True,height_function,"{""curvature"": 1.605951299222996e-13, ""curvature_source"": ""cartesian-ghf"", ""ghf_diagnostic"": ""complete three-column height function"", ""ghf_direction"": ""y"", ""ghf_fit_points"": 0, ""ghf_height_points"": 3, ""ghf_independent_points"": 3, ""ghf_method"": ""height_function"", ""interval_count"": 1, ""objective"": 2.367467287736847e-22, ""optimizer_message"": ""CONVERGENCE: NORM_OF_PROJECTED_GRADIENT_<=_PGTOL"", ""optimizer_success"": true}"
PLVIRA,PLVIRA,lines,2,128,47,56,reconstructed,0.5274486489776109,0.5274486489776113,4.440892098500626e-16,1.605951299222996e-13,0.0,1.605951299222996e-13,6.936906244114326e-16,True,height_function,"{""curvature"": 1.605951299222996e-13, ""curvature_source"": ""cartesian-ghf"", ""ghf_diagnostic"": ""complete three-column height function"", ""ghf_direction"": ""y"", ""ghf_fit_points"": 0, ""ghf_height_points"": 3, ""ghf_independent_points"": 3, ""ghf_method"": ""height_function"", ""interval_count"": 1, ""objective"": 6.936906244114326e-16, ""optimizer_message"": ""CONVERGENCE: REL_REDUCTION_OF_F_<=_FACTR*EPSMCH"", ""optimizer_success"": true}"
PLVIRA,PLVIRA,lines,2,128,48,56,reconstructed,0.20670884757203112,0.20670884757203106,5.551115123125783e-17,-1.608399395715714e-13,0.0,1.608399395715714e-13,1.6547334485204631e-15,True,height_function,"{""curvature"": -1.608399395715714e-13, ""curvature_source"": ""cartesian-ghf"", ""ghf_diagnostic"": ""complete three-column height function"", ""ghf_direction"": ""y"", ""ghf_fit_points"": 0, ""ghf_height_points"": 3, ""ghf_independent_points"": 3, ""ghf_method"": ""height_function"", ""interval_count"": 1, ""objective"": 1.6547334485204631e-15, ""optimizer_message"": ""CONVERGENCE: REL_REDUCTION_OF_F_<=_FACTR*EPSMCH"", ""optimizer_success"": true}"
PLVIRA,PLVIRA,lines,2,128,49,56,reconstructed,0.0022591597596601787,0.002259159759658968,1.2108369862318114e-15,3.211902598445614e-13,0.0,3.211902598445614e-13,1.1833798175722221e-15,True,height_function,"{""curvature"": 3.211902598445614e-13, ""curvature_source"": ""cartesian-ghf"", ""ghf_diagnostic"": ""complete three-column height function"", ""ghf_direction"": ""y"", ""ghf_fit_points"": 0, ""ghf_height_points"": 3, ""ghf_independent_points"": 3, ""ghf_method"": ""height_function"", ""interval_count"": 1, ""objective"": 1.1833798175722221e-15, ""optimizer_message"": ""CONVERGENCE: REL_REDUCTION_OF_F_<=_FACTR*EPSMCH"", ""optimizer_success"": true}"
PLVIRA,PLVIRA,lines,2,128,49,57,reconstructed,0.47925763935495524,0.479257639354951,4.218847493575595e-15,3.211902598445614e-13,0.0,3.211902598445614e-13,1.2273608601167213e-22,True,height_function,"{""curvature"": 3.211902598445614e-13, ""curvature_source"": ""cartesian-ghf"", ""ghf_diagnostic"": ""complete three-column height function"", ""ghf_direction"": ""y"", ""ghf_fit_points"": 0, ""ghf_height_points"": 3, ""ghf_independent_points"": 3, ""ghf_method"": ""height_function"", ""interval_count"": 1, ""objective"": 1.2273608601167213e-22, ""optimizer_message"": ""CONVERGENCE: NORM_OF_PROJECTED_GRADIENT_<=_PGTOL"", ""optimizer_success"": true}"
PLVIRA,PLVIRA,lines,2,128,50,57,reconstructed,0.14668126260937697,0.14668126260937722,2.498001805406602e-16,-1.6035032027298999e-13,0.0,1.6035032027298999e-13,3.2812736145674906e-21,True,height_function,"{""curvature"": -1.6035032027298999e-13, ""curvature_source"": ""cartesian-ghf"", ""ghf_diagnostic"": ""complete three-column height function"", ""ghf_direction"": ""y"", ""ghf_fit_points"": 0, ""ghf_height_points"": 3, ""ghf_independent_points"": 3, ""ghf_method"": ""height_function"", ""interval_count"": 1, ""objective"": 3.2812736145674906e-21, ""optimizer_message"": ""CONVERGENCE: NORM_OF_PROJECTED_GRADIENT_<=_PGTOL"", ""optimizer_success"": true}"
PLVIRA,PLVIRA,lines,2,128,50,58,reconstructed,0.6096434880475954,0.609643488047594,1.3322676295501878e-15,-1.6035032027298999e-13,0.0,1.6035032027298999e-13,7.473709199965326e-20,True,height_function,"{""curvature"": -1.6035032027298999e-13, ""curvature_source"": ""cartesian-ghf"", ""ghf_diagnostic"": ""complete three-column height function"", ""ghf_direction"": ""y"", ""ghf_fit_points"": 0, ""ghf_height_points"": 3, ""ghf_independent_points"": 3, ""ghf_method"": ""height_function"", ""interval_count"": 1, ""objective"": 7.473709199965326e-20, ""optimizer_message"": ""CONVERGENCE: NORM_OF_PROJECTED_GRADIENT_<=_PGTOL"", ""optimizer_success"": true}"
PLVIRA,PLVIRA,lines,2,128,51,58,reconstructed,0.4207811396994429,0.42078113969944286,5.551115123125783e-17,-1.608399395715714e-13,0.0,1.608399395715714e-13,5.93429889488436e-19,True,height_function,"{""curvature"": -1.608399395715714e-13, ""curvature_source"": ""cartesian-ghf"", ""ghf_diagnostic"": ""complete three-column height function"", ""ghf_direction"": ""y"", ""ghf_fit_points"": 0, ""ghf_height_points"": 3, ""ghf_independent_points"": 3, ""ghf_method"": ""height_function"", ""interval_count"": 1, ""objective"": 5.93429889488436e-19, ""optimizer_message"": ""CONVERGENCE: NORM_OF_PROJECTED_GRADIENT_<=_PGTOL"", ""optimizer_success"": true}"
PLVIRA,PLVIRA,lines,2,128,52,58,reconstructed,0.0953880823720965,0.09538808237209653,2.7755575615628914e-17,4.896192985436542e-16,0.0,4.896192985436542e-16,8.344408994181233e-17,True,height_function,"{""curvature"": 4.896192985436542e-16, ""curvature_source"": ""cartesian-ghf"", ""ghf_diagnostic"": ""complete three-column height function"", ""ghf_direction"": ""y"", ""ghf_fit_points"": 0, ""ghf_height_points"": 3, ""ghf_independent_points"": 3, ""ghf_method"": ""height_function"", ""interval_count"": 1, ""objective"": 8.344408994181233e-17, ""optimizer_message"": ""CONVERGENCE: REL_REDUCTION_OF_F_<=_FACTR*EPSMCH"", ""optimizer_success"": true}"
PLVIRA,PLVIRA,lines,2,128,52,59,reconstructed,0.6002010088699308,0.6002010088699308,0.0,4.896192985436542e-16,0.0,4.896192985436542e-16,2.4452138256946002e-23,True,height_function,"{""curvature"": 4.896192985436542e-16, ""curvature_source"": ""cartesian-ghf"", ""ghf_diagnostic"": ""complete three-column height function"", ""ghf_direction"": ""y"", ""ghf_fit_points"": 0, ""ghf_height_points"": 3, ""ghf_independent_points"": 3, ""ghf_method"": ""height_function"", ""interval_count"": 1, ""objective"": 2.4452138256946002e-23, ""optimizer_message"": ""CONVERGENCE: NORM_OF_PROJECTED_GRADIENT_<=_PGTOL"", ""optimizer_success"": true}"
PLVIRA,PLVIRA,lines,2,128,53,59,reconstructed,0.3600454802846116,0.3600454802846115,1.1102230246251565e-16,-4.896192985436542e-16,0.0,4.896192985436542e-16,1.0047192947581303e-14,True,height_function,"{""curvature"": -4.896192985436542e-16, ""curvature_source"": ""cartesian-ghf"", ""ghf_diagnostic"": ""complete three-column height function"", ""ghf_direction"": ""y"", ""ghf_fit_points"": 0, ""ghf_height_points"": 3, ""ghf_independent_points"": 3, ""ghf_method"": ""height_function"", ""interval_count"": 1, ""objective"": 1.0047192947581303e-14, ""optimizer_message"": ""CONVERGENCE: REL_REDUCTION_OF_F_<=_FACTR*EPSMCH"", ""optimizer_success"": true}"
PLVIRA,PLVIRA,lines,2,128,54,59,reconstructed,0.05508846661973621,0.05508846661973631,9.71445146547012e-17,4.817853897667852e-13,0.0,4.817853897667852e-13,1.283945865283989e-17,True,height_function,"{""curvature"": 4.817853897667852e-13, ""curvature_source"": ""cartesian-ghf"", ""ghf_diagnostic"": ""complete three-column height function"", ""ghf_direction"": ""y"", ""ghf_fit_points"": 0, ""ghf_height_points"": 3, ""ghf_independent_points"": 3, ""ghf_method"": ""height_function"", ""interval_count"": 1, ""objective"": 1.283945865283989e-17, ""optimizer_message"": ""CONVERGENCE: REL_REDUCTION_OF_F_<=_FACTR*EPSMCH"", ""optimizer_success"": true}"
PLVIRA,PLVIRA,lines,2,128,54,60,reconstructed,0.5797649652074597,0.5797649652074596,1.1102230246251565e-16,4.817853897667852e-13,0.0,4.817853897667852e-13,1.092659869986894e-14,True,height_function,"{""curvature"": 4.817853897667852e-13, ""curvature_source"": ""cartesian-ghf"", ""ghf_diagnostic"": ""complete three-column height function"", ""ghf_direction"": ""y"", ""ghf_fit_points"": 0, ""ghf_height_points"": 3, ""ghf_independent_points"": 3, ""ghf_method"": ""height_function"", ""interval_count"": 1, ""objective"": 1.092659869986894e-14, ""optimizer_message"": ""CONVERGENCE: REL_REDUCTION_OF_F_<=_FACTR*EPSMCH"", ""optimizer_success"": true}"
PLVIRA,PLVIRA,lines,2,128,55,60,reconstructed,0.29930982086943914,0.29930982086943914,0.0,-6.41890900390579e-13,0.0,6.41890900390579e-13,4.883774588566958e-18,True,height_function,"{""curvature"": -6.41890900390579e-13, ""curvature_source"": ""cartesian-ghf"", ""ghf_diagnostic"": ""complete three-column height function"", ""ghf_direction"": ""y"", ""ghf_fit_points"": 0, ""ghf_height_points"": 3, ""ghf_independent_points"": 3, ""ghf_method"": ""height_function"", ""interval_count"": 1, ""objective"": 4.883774588566958e-18, ""optimizer_message"": ""CONVERGENCE: NORM_OF_PROJECTED_GRADIENT_<=_PGTOL"", ""optimizer_success"": true}"
PLVIRA,PLVIRA,lines,2,128,56,60,reconstructed,0.025782415352296084,0.025782415352296098,1.3877787807814457e-17,3.2070064054609347e-13,0.0,3.2070064054609347e-13,2.1408887153175254e-15,True,height_function,"{""curvature"": 3.2070064054609347e-13, ""curvature_source"": ""cartesian-ghf"", ""ghf_diagnostic"": ""complete three-column height function"", ""ghf_direction"": ""y"", ""ghf_fit_points"": 0, ""ghf_height_points"": 3, ""ghf_independent_points"": 3, ""ghf_method"": ""height_function"", ""interval_count"": 1, ""objective"": 2.1408887153175254e-15, ""optimizer_message"": ""CONVERGENCE: REL_REDUCTION_OF_F_<=_FACTR*EPSMCH"", ""optimizer_success"": true}"
PLVIRA,PLVIRA,lines,2,128,56,61,reconstructed,0.548335357059841,0.5483353570598409,1.1102230246251565e-16,3.2070064054609347e-13,0.0,3.2070064054609347e-13,1.5556131163850324e-18,True,height_function,"{""curvature"": 3.2070064054609347e-13, ""curvature_source"": ""cartesian-ghf"", ""ghf_diagnostic"": ""complete three-column height function"", ""ghf_direction"": ""y"", ""ghf_fit_points"": 0, ""ghf_height_points"": 3, ""ghf_independent_points"": 3, ""ghf_method"": ""height_function"", ""interval_count"": 1, ""objective"": 1.5556131163850324e-18, ""optimizer_message"": ""CONVERGENCE: NORM_OF_PROJECTED_GRADIENT_<=_PGTOL"", ""optimizer_success"": true}"
PLVIRA,PLVIRA,lines,2,128,57,61,reconstructed,0.23857416145460775,0.23857416145460777,2.7755575615628914e-17,0.0,0.0,0.0,7.285946104557205e-17,True,height_function,"{""curvature"": 0.0, ""curvature_source"": ""cartesian-ghf"", ""ghf_diagnostic"": ""complete three-column height function"", ""ghf_direction"": ""y"", ""ghf_fit_points"": 0, ""ghf_height_points"": 3, ""ghf_independent_points"": 3, ""ghf_method"": ""height_function"", ""interval_count"": 1, ""objective"": 7.285946104557205e-17, ""optimizer_message"": ""CONVERGENCE: REL_REDUCTION_OF_F_<=_FACTR*EPSMCH"", ""optimizer_success"": true}"
PLVIRA,PLVIRA,lines,2,128,58,61,reconstructed,0.007469928569662443,0.007469928569662471,2.7755575615628914e-17,2.4480964927176926e-16,0.0,2.4480964927176926e-16,1.663937003071314e-19,True,height_function,"{""curvature"": 2.4480964927176926e-16, ""curvature_source"": ""cartesian-ghf"", ""ghf_diagnostic"": ""complete three-column height function"", ""ghf_direction"": ""y"", ""ghf_fit_points"": 0, ""ghf_height_points"": 3, ""ghf_independent_points"": 3, ""ghf_method"": ""height_function"", ""interval_count"": 1, ""objective"": 1.663937003071314e-19, ""optimizer_message"": ""CONVERGENCE: NORM_OF_PROJECTED_GRADIENT_<=_PGTOL"", ""optimizer_success"": true}"
PLVIRA,PLVIRA,lines,2,128,58,62,reconstructed,0.5059121844274159,0.5059121844274159,0.0,2.4480964927176926e-16,0.0,2.4480964927176926e-16,1.572591341470245e-17,True,height_function,"{""curvature"": 2.4480964927176926e-16, ""curvature_source"": ""cartesian-ghf"", ""ghf_diagnostic"": ""complete three-column height function"", ""ghf_direction"": ""y"", ""ghf_fit_points"": 0, ""ghf_height_points"": 3, ""ghf_independent_points"": 3, ""ghf_method"": ""height_function"", ""interval_count"": 1, ""objective"": 1.572591341470245e-17, ""optimizer_message"": ""CONVERGENCE: REL_REDUCTION_OF_F_<=_FACTR*EPSMCH"", ""optimizer_success"": true}"
PLVIRA,PLVIRA,lines,2,128,59,62,reconstructed,0.17783850203954898,0.17783850203954898,0.0,-6.418909003908819e-13,0.0,6.418909003908819e-13,5.844905844711081e-23,True,height_function,"{""curvature"": -6.418909003908819e-13, ""curvature_source"": ""cartesian-ghf"", ""ghf_diagnostic"": ""complete three-column height function"", ""ghf_direction"": ""y"", ""ghf_fit_points"": 0, ""ghf_height_points"": 3, ""ghf_independent_points"": 3, ""ghf_method"": ""height_function"", ""interval_count"": 1, ""objective"": 5.844905844711081e-23, ""optimizer_message"": ""CONVERGENCE: NORM_OF_PROJECTED_GRADIENT_<=_PGTOL"", ""optimizer_success"": true}"
PLVIRA,PLVIRA,lines,2,128,60,62,reconstructed,0.0001510062722900329,0.00015100627228952206,5.108489586208576e-16,9.62591540936824e-13,0.0,9.62591540936824e-13,1.3042420043050503e-17,True,height_function,"{""curvature"": 9.62591540936824e-13, ""curvature_source"": ""cartesian-ghf"", ""ghf_diagnostic"": ""complete three-column height function"", ""ghf_direction"": ""y"", ""ghf_fit_points"": 0, ""ghf_height_points"": 3, ""ghf_independent_points"": 3, ""ghf_method"": ""height_function"", ""interval_count"": 1, ""objective"": 1.3042420043050503e-17, ""optimizer_message"": ""CONVERGENCE: REL_REDUCTION_OF_F_<=_FACTR*EPSMCH"", ""optimizer_success"": true}"
PLVIRA,PLVIRA,lines,2,128,60,63,reconstructed,0.4524954473101843,0.4524954473101842,1.1102230246251565e-16,9.62591540936824e-13,0.0,9.62591540936824e-13,2.7005331210977607e-22,True,height_function,"{""curvature"": 9.62591540936824e-13, ""curvature_source"": ""cartesian-ghf"", ""ghf_diagnostic"": ""complete three-column height function"", ""ghf_direction"": ""y"", ""ghf_fit_points"": 0, ""ghf_height_points"": 3, ""ghf_independent_points"": 3, ""ghf_method"": ""height_function"", ""interval_count"": 1, ""objective"": 2.7005331210977607e-22, ""optimizer_message"": ""CONVERGENCE: NORM_OF_PROJECTED_GRADIENT_<=_PGTOL"", ""optimizer_success"": true}"
PLVIRA,PLVIRA,lines,2,128,61,63,reconstructed,0.12092849108421433,0.12092849108420733,6.994405055138486e-15,-3.209454501952138e-13,0.0,3.209454501952138e-13,2.3038730293214875e-20,True,height_function,"{""curvature"": -3.209454501952138e-13, ""curvature_source"": ""cartesian-ghf"", ""ghf_diagnostic"": ""complete three-column height function"", ""ghf_direction"": ""y"", ""ghf_fit_points"": 0, ""ghf_height_points"": 3, ""ghf_independent_points"": 3, ""ghf_method"": ""height_function"", ""interval_count"": 1, ""objective"": 2.3038730293214875e-20, ""optimizer_message"": ""CONVERGENCE: NORM_OF_PROJECTED_GRADIENT_<=_PGTOL"", ""optimizer_success"": true}"
PLVIRA,PLVIRA,lines,2,128,61,64,reconstructed,0.6065259140405033,0.6065259140405033,0.0,-3.209454501952138e-13,0.0,3.209454501952138e-13,3.2208888849464916e-18,True,height_function,"{""curvature"": -3.209454501952138e-13, ""curvature_source"": ""cartesian-ghf"", ""ghf_diagnostic"": ""complete three-column height function"", ""ghf_direction"": ""y"", ""ghf_fit_points"": 0, ""ghf_height_points"": 3, ""ghf_independent_points"": 3, ""ghf_method"": ""height_function"", ""interval_count"": 1, ""objective"": 3.2208888849464916e-18, ""optimizer_message"": ""CONVERGENCE: NORM_OF_PROJECTED_GRADIENT_<=_PGTOL"", ""optimizer_success"": true}"
PLVIRA,PLVIRA,lines,2,128,62,64,reconstructed,0.39191079416718816,0.3919107941671881,5.551115123125783e-17,2.4480964927176926e-16,0.0,2.4480964927176926e-16,2.7172680133087125e-21,True,height_function,"{""curvature"": 2.4480964927176926e-16, ""curvature_source"": ""cartesian-ghf"", ""ghf_diagnostic"": ""complete three-column height function"", ""ghf_direction"": ""y"", ""ghf_fit_points"": 0, ""ghf_height_points"": 3, ""ghf_independent_points"": 3, ""ghf_method"": ""height_function"", ""interval_count"": 1, ""objective"": 2.7172680133087125e-21, ""optimizer_message"": ""CONVERGENCE: NORM_OF_PROJECTED_GRADIENT_<=_PGTOL"", ""optimizer_success"": true}"
PLVIRA,PLVIRA,lines,2,128,63,64,reconstructed,0.07486103834139612,0.07486103834139203,4.093947403305265e-15,-2.4480964927176926e-16,0.0,2.4480964927176926e-16,2.0727136523031542e-15,True,height_function,"{""curvature"": -2.4480964927176926e-16, ""curvature_source"": ""cartesian-ghf"", ""ghf_diagnostic"": ""complete three-column height function"", ""ghf_direction"": ""y"", ""ghf_fit_points"": 0, ""ghf_height_points"": 3, ""ghf_independent_points"": 3, ""ghf_method"": ""height_function"", ""interval_count"": 1, ""objective"": 2.0727136523031542e-15, ""optimizer_message"": ""CONVERGENCE: REL_REDUCTION_OF_F_<=_FACTR*EPSMCH"", ""optimizer_success"": true}"
PLVIRA,PLVIRA,lines,2,128,63,65,reconstructed,0.5918577073682627,0.5918577073682627,0.0,-2.4480964927176926e-16,0.0,2.4480964927176926e-16,4.82016505340802e-16,True,height_function,"{""curvature"": -2.4480964927176926e-16, ""curvature_source"": ""cartesian-ghf"", ""ghf_diagnostic"": ""complete three-column height function"", ""ghf_direction"": ""y"", ""ghf_fit_points"": 0, ""ghf_height_points"": 3, ""ghf_independent_points"": 3, ""ghf_method"": ""height_function"", ""interval_count"": 1, ""objective"": 4.82016505340802e-16, ""optimizer_message"": ""CONVERGENCE: REL_REDUCTION_OF_F_<=_FACTR*EPSMCH"", ""optimizer_success"": true}"
PLVIRA,PLVIRA,lines,2,128,64,65,reconstructed,0.33117513475212945,0.33117513475212956,1.1102230246251565e-16,2.4480964927176926e-16,0.0,2.4480964927176926e-16,5.542589357207596e-19,True,height_function,"{""curvature"": 2.4480964927176926e-16, ""curvature_source"": ""cartesian-ghf"", ""ghf_diagnostic"": ""complete three-column height function"", ""ghf_direction"": ""y"", ""ghf_fit_points"": 0, ""ghf_height_points"": 3, ""ghf_independent_points"": 3, ""ghf_method"": ""height_function"", ""interval_count"": 1, ""objective"": 5.542589357207596e-19, ""optimizer_message"": ""CONVERGENCE: NORM_OF_PROJECTED_GRADIENT_<=_PGTOL"", ""optimizer_success"": true}"
PLVIRA,PLVIRA,lines,2,128,65,65,reconstructed,0.03978715008383915,0.03978715008383901,1.3877787807814457e-16,-3.2119025984463716e-13,0.0,3.2119025984463716e-13,3.867746742257359e-19,True,height_function,"{""curvature"": -3.2119025984463716e-13, ""curvature_source"": ""cartesian-ghf"", ""ghf_diagnostic"": ""complete three-column height function"", ""ghf_direction"": ""y"", ""ghf_fit_points"": 0, ""ghf_height_points"": 3, ""ghf_independent_points"": 3, ""ghf_method"": ""height_function"", ""interval_count"": 1, ""objective"": 3.867746742257359e-19, ""optimizer_message"": ""CONVERGENCE: NORM_OF_PROJECTED_GRADIENT_<=_PGTOL"", ""optimizer_success"": true}"
PLVIRA,PLVIRA,lines,2,128,65,66,reconstructed,0.5661959362107609,0.5661959362107609,0.0,-3.2119025984463716e-13,0.0,3.2119025984463716e-13,4.283447452056742e-18,True,height_function,"{""curvature"": -3.2119025984463716e-13, ""curvature_source"": ""cartesian-ghf"", ""ghf_diagnostic"": ""complete three-column height function"", ""ghf_direction"": ""y"", ""ghf_fit_points"": 0, ""ghf_height_points"": 3, ""ghf_independent_points"": 3, ""ghf_method"": ""height_function"", ""interval_count"": 1, ""objective"": 4.283447452056742e-18, ""optimizer_message"": ""CONVERGENCE: NORM_OF_PROJECTED_GRADIENT_<=_PGTOL"", ""optimizer_success"": true}"
PLVIRA,PLVIRA,lines,2,128,66,66,reconstructed,0.27043947533729806,0.27043947533729806,0.0,6.421357100398507e-13,0.0,6.421357100398507e-13,8.544442581840184e-20,True,height_function,"{""curvature"": 6.421357100398507e-13, ""curvature_source"": ""cartesian-ghf"", ""ghf_diagnostic"": ""complete three-column height function"", ""ghf_direction"": ""y"", ""ghf_fit_points"": 0, ""ghf_height_points"": 3, ""ghf_independent_points"": 3, ""ghf_method"": ""height_function"", ""interval_count"": 1, ""objective"": 8.544442581840184e-20, ""optimizer_message"": ""CONVERGENCE: NORM_OF_PROJECTED_GRADIENT_<=_PGTOL"", ""optimizer_success"": true}"
PLVIRA,PLVIRA,lines,2,128,67,66,reconstructed,0.015706826310861288,0.0157068263108611,1.8735013540549517e-16,-6.421357100398507e-13,0.0,6.421357100398507e-13,5.171759722146842e-23,True,height_function,"{""curvature"": -6.421357100398507e-13, ""curvature_source"": ""cartesian-ghf"", ""ghf_diagnostic"": ""complete three-column height function"", ""ghf_direction"": ""y"", ""ghf_fit_points"": 0, ""ghf_height_points"": 3, ""ghf_independent_points"": 3, ""ghf_method"": ""height_function"", ""interval_count"": 1, ""objective"": 5.171759722146842e-23, ""optimizer_message"": ""CONVERGENCE: NORM_OF_PROJECTED_GRADIENT_<=_PGTOL"", ""optimizer_success"": true}"
PLVIRA,PLVIRA,lines,2,128,67,67,reconstructed,0.52954060056868,0.5295406005686808,7.771561172376096e-16,-6.421357100398507e-13,0.0,6.421357100398507e-13,9.479442181279217e-16,True,height_function,"{""curvature"": -6.421357100398507e-13, ""curvature_source"": ""cartesian-ghf"", ""ghf_diagnostic"": ""complete three-column height function"", ""ghf_direction"": ""y"", ""ghf_fit_points"": 0, ""ghf_height_points"": 3, ""ghf_independent_points"": 3, ""ghf_method"": ""height_function"", ""interval_count"": 1, ""objective"": 9.479442181279217e-16, ""optimizer_message"": ""CONVERGENCE: REL_REDUCTION_OF_F_<=_FACTR*EPSMCH"", ""optimizer_success"": true}"
PLVIRA,PLVIRA,lines,2,128,68,67,reconstructed,0.20970381592223927,0.20970381592223936,8.326672684688674e-17,2.448096492718849e-16,0.0,2.448096492718849e-16,5.278128022723651e-15,True,height_function,"{""curvature"": 2.448096492718849e-16, ""curvature_source"": ""cartesian-ghf"", ""ghf_diagnostic"": ""complete three-column height function"", ""ghf_direction"": ""y"", ""ghf_fit_points"": 0, ""ghf_height_points"": 3, ""ghf_independent_points"": 3, ""ghf_method"": ""height_function"", ""interval_count"": 1, ""objective"": 5.278128022723651e-15, ""optimizer_message"": ""CONVERGENCE: REL_REDUCTION_OF_F_<=_FACTR*EPSMCH"", ""optimizer_success"": true}"
PLVIRA,PLVIRA,lines,2,128,69,67,reconstructed,0.0026200670233720302,0.002620067023371954,7.632783294297951e-17,6.416460907413073e-13,0.0,6.416460907413073e-13,3.096232516780462e-16,True,height_function,"{""curvature"": 6.416460907413073e-13, ""curvature_source"": ""cartesian-ghf"", ""ghf_diagnostic"": ""complete three-column height function"", ""ghf_direction"": ""y"", ""ghf_fit_points"": 0, ""ghf_height_points"": 3, ""ghf_independent_points"": 3, ""ghf_method"": ""height_function"", ""interval_count"": 1, ""objective"": 3.096232516780462e-16, ""optimizer_message"": ""CONVERGENCE: REL_REDUCTION_OF_F_<=_FACTR*EPSMCH"", ""optimizer_success"": true}"
PLVIRA,PLVIRA,lines,2,128,69,68,reconstructed,0.48189170044156526,0.48189170044155805,7.216449660063518e-15,6.416460907413073e-13,0.0,6.416460907413073e-13,1.99592725885944e-15,True,height_function,"{""curvature"": 6.416460907413073e-13, ""curvature_source"": ""cartesian-ghf"", ""ghf_diagnostic"": ""complete three-column height function"", ""ghf_direction"": ""y"", ""ghf_fit_points"": 0, ""ghf_height_points"": 3, ""ghf_independent_points"": 3, ""ghf_method"": ""height_function"", ""interval_count"": 1, ""objective"": 1.99592725885944e-15, ""optimizer_message"": ""CONVERGENCE: REL_REDUCTION_OF_F_<=_FACTR*EPSMCH"", ""optimizer_success"": true}"
PLVIRA,PLVIRA,lines,2,128,70,68,reconstructed,0.14949502872741505,0.1494950287274151,5.551115123125783e-17,-6.416460907413073e-13,0.0,6.416460907413073e-13,2.0392793637099385e-21,True,height_function,"{""curvature"": -6.416460907413073e-13, ""curvature_source"": ""cartesian-ghf"", ""ghf_diagnostic"": ""complete three-column height function"", ""ghf_direction"": ""y"", ""ghf_fit_points"": 0, ""ghf_height_points"": 3, ""ghf_independent_points"": 3, ""ghf_method"": ""height_function"", ""interval_count"": 1, ""objective"": 2.0392793637099385e-21, ""optimizer_message"": ""CONVERGENCE: NORM_OF_PROJECTED_GRADIENT_<=_PGTOL"", ""optimizer_success"": true}"
PLVIRA,PLVIRA,lines,2,128,70,69,reconstructed,0.6098246902797655,0.6098246902797655,0.0,-6.416460907413073e-13,0.0,6.416460907413073e-13,3.123872359228623e-19,True,height_function,"{""curvature"": -6.416460907413073e-13, ""curvature_source"": ""cartesian-ghf"", ""ghf_diagnostic"": ""complete three-column height function"", ""ghf_direction"": ""y"", ""ghf_fit_points"": 0, ""ghf_height_points"": 3, ""ghf_independent_points"": 3, ""ghf_method"": ""height_function"", ""interval_count"": 1, ""objective"": 3.123872359228623e-19, ""optimizer_message"": ""CONVERGENCE: NORM_OF_PROJECTED_GRADIENT_<=_PGTOL"", ""optimizer_success"": true}"
PLVIRA,PLVIRA,lines,2,128,71,69,reconstructed,0.42377610804987853,0.4237761080498784,1.1102230246251565e-16,3.2045583089682164e-13,0.0,3.2045583089682164e-13,9.957319166987226e-20,True,height_function,"{""curvature"": 3.2045583089682164e-13, ""curvature_source"": ""cartesian-ghf"", ""ghf_diagnostic"": ""complete three-column height function"", ""ghf_direction"": ""y"", ""ghf_fit_points"": 0, ""ghf_height_points"": 3, ""ghf_independent_points"": 3, ""ghf_method"": ""height_function"", ""interval_count"": 1, ""objective"": 9.957319166987226e-20, ""optimizer_message"": ""CONVERGENCE: NORM_OF_PROJECTED_GRADIENT_<=_PGTOL"", ""optimizer_success"": true}"
PLVIRA,PLVIRA,lines,2,128,72,69,reconstructed,0.09765973899470737,0.09765973899470733,4.163336342344337e-17,4.896192985435386e-16,0.0,4.896192985435386e-16,5.514164658885547e-17,True,height_function,"{""curvature"": 4.896192985435386e-16, ""curvature_source"": ""cartesian-ghf"", ""ghf_diagnostic"": ""complete three-column height function"", ""ghf_direction"": ""y"", ""ghf_fit_points"": 0, ""ghf_height_points"": 3, ""ghf_independent_points"": 3, ""ghf_method"": ""height_function"", ""interval_count"": 1, ""objective"": 5.514164658885547e-17, ""optimizer_message"": ""CONVERGENCE: REL_REDUCTION_OF_F_<=_FACTR*EPSMCH"", ""optimizer_success"": true}"
PLVIRA,PLVIRA,lines,2,128,72,70,reconstructed,0.6009243205976418,0.6009243205976418,0.0,4.896192985435386e-16,0.0,4.896192985435386e-16,1.176817586220261e-24,True,height_function,"{""curvature"": 4.896192985435386e-16, ""curvature_source"": ""cartesian-ghf"", ""ghf_diagnostic"": ""complete three-column height function"", ""ghf_direction"": ""y"", ""ghf_fit_points"": 0, ""ghf_height_points"": 3, ""ghf_independent_points"": 3, ""ghf_method"": ""height_function"", ""interval_count"": 1, ""objective"": 1.176817586220261e-24, ""optimizer_message"": ""CONVERGENCE: NORM_OF_PROJECTED_GRADIENT_<=_PGTOL"", ""optimizer_success"": true}"
PLVIRA,PLVIRA,lines,2,128,73,70,reconstructed,0.36304044863481977,0.3630404486348199,1.1102230246251565e-16,0.0,0.0,0.0,3.0569476552478867e-15,True,height_function,"{""curvature"": 0.0, ""curvature_source"": ""cartesian-ghf"", ""ghf_diagnostic"": ""complete three-column height function"", ""ghf_direction"": ""y"", ""ghf_fit_points"": 0, ""ghf_height_points"": 3, ""ghf_independent_points"": 3, ""ghf_method"": ""height_function"", ""interval_count"": 1, ""objective"": 3.0569476552478867e-15, ""optimizer_message"": ""CONVERGENCE: REL_REDUCTION_OF_F_<=_FACTR*EPSMCH"", ""optimizer_success"": true}"
PLVIRA,PLVIRA,lines,2,128,74,70,reconstructed,0.056818013746806166,0.05681801374680617,6.938893903907228e-18,0.0,0.0,0.0,1.0198928814536754e-17,True,height_function,"{""curvature"": 0.0, ""curvature_source"": ""cartesian-ghf"", ""ghf_diagnostic"": ""complete three-column height function"", ""ghf_direction"": ""y"", ""ghf_fit_points"": 0, ""ghf_height_points"": 3, ""ghf_independent_points"": 3, ""ghf_method"": ""height_function"", ""interval_count"": 1, ""objective"": 1.0198928814536754e-17, ""optimizer_message"": ""CONVERGENCE: REL_REDUCTION_OF_F_<=_FACTR*EPSMCH"", ""optimizer_success"": true}"
PLVIRA,PLVIRA,lines,2,128,74,71,reconstructed,0.5810303864304842,0.5810303864304842,0.0,0.0,0.0,0.0,4.705653194230266e-16,True,height_function,"{""curvature"": 0.0, ""curvature_source"": ""cartesian-ghf"", ""ghf_diagnostic"": ""complete three-column height function"", ""ghf_direction"": ""y"", ""ghf_fit_points"": 0, ""ghf_height_points"": 3, ""ghf_independent_points"": 3, ""ghf_method"": ""height_function"", ""interval_count"": 1, ""objective"": 4.705653194230266e-16, ""optimizer_message"": ""CONVERGENCE: REL_REDUCTION_OF_F_<=_FACTR*EPSMCH"", ""optimizer_success"": true}"
PLVIRA,PLVIRA,lines,2,128,75,71,reconstructed,0.302304789219761,0.3023047892197611,1.1102230246251565e-16,-3.2119025984463716e-13,0.0,3.2119025984463716e-13,5.330791220292182e-18,True,height_function,"{""curvature"": -3.2119025984463716e-13, ""curvature_source"": ""cartesian-ghf"", ""ghf_diagnostic"": ""complete three-column height function"", ""ghf_direction"": ""y"", ""ghf_fit_points"": 0, ""ghf_height_points"": 3, ""ghf_independent_points"": 3, ""ghf_method"": ""height_function"", ""interval_count"": 1, ""objective"": 5.330791220292182e-18, ""optimizer_message"": ""CONVERGENCE: NORM_OF_PROJECTED_GRADIENT_<=_PGTOL"", ""optimizer_success"": true}"
PLVIRA,PLVIRA,lines,2,128,76,71,reconstructed,0.026969852983711462,0.026969852983711518,5.551115123125783e-17,3.2094545019536534e-13,0.0,3.2094545019536534e-13,1.249501026424505e-22,True,height_function,"{""curvature"": 3.2094545019536534e-13, ""curvature_source"": ""cartesian-ghf"", ""ghf_diagnostic"": ""complete three-column height function"", ""ghf_direction"": ""y"", ""ghf_fit_points"": 0, ""ghf_height_points"": 3, ""ghf_independent_points"": 3, ""ghf_method"": ""height_function"", ""interval_count"": 1, ""objective"": 1.249501026424505e-22, ""optimizer_message"": ""CONVERGENCE: NORM_OF_PROJECTED_GRADIENT_<=_PGTOL"", ""optimizer_success"": true}"
PLVIRA,PLVIRA,lines,2,128,76,72,reconstructed,0.5501428877787475,0.5501428877787475,0.0,3.2094545019536534e-13,0.0,3.2094545019536534e-13,3.967349229877743e-18,True,height_function,"{""curvature"": 3.2094545019536534e-13, ""curvature_source"": ""cartesian-ghf"", ""ghf_diagnostic"": ""complete three-column height function"", ""ghf_direction"": ""y"", ""ghf_fit_points"": 0, ""ghf_height_points"": 3, ""ghf_independent_points"": 3, ""ghf_method"": ""height_function"", ""interval_count"": 1, ""objective"": 3.967349229877743e-18, ""optimizer_message"": ""CONVERGENCE: NORM_OF_PROJECTED_GRADIENT_<=_PGTOL"", ""optimizer_success"": true}"
PLVIRA,PLVIRA,lines,2,128,77,72,reconstructed,0.24156912980492962,0.24156912980492973,1.1102230246251565e-16,2.4480964927176926e-16,0.0,2.4480964927176926e-16,2.7426727106475033e-16,True,height_function,"{""curvature"": 2.4480964927176926e-16, ""curvature_source"": ""cartesian-ghf"", ""ghf_diagnostic"": ""complete three-column height function"", ""ghf_direction"": ""y"", ""ghf_fit_points"": 0, ""ghf_height_points"": 3, ""ghf_independent_points"": 3, ""ghf_method"": ""height_function"", ""interval_count"": 1, ""objective"": 2.7426727106475033e-16, ""optimizer_message"": ""CONVERGENCE: REL_REDUCTION_OF_F_<=_FACTR*EPSMCH"", ""optimizer_success"": true}"
PLVIRA,PLVIRA,lines,2,128,78,72,reconstructed,0.008115256705650609,0.008115256705650616,6.938893903907228e-18,-3.209454501953652e-13,0.0,3.209454501953652e-13,1.1941252319147252e-21,True,height_function,"{""curvature"": -3.209454501953652e-13, ""curvature_source"": ""cartesian-ghf"", ""ghf_diagnostic"": ""complete three-column height function"", ""ghf_direction"": ""y"", ""ghf_fit_points"": 0, ""ghf_height_points"": 3, ""ghf_independent_points"": 3, ""ghf_method"": ""height_function"", ""interval_count"": 1, ""objective"": 1.1941252319147252e-21, ""optimizer_message"": ""CONVERGENCE: NORM_OF_PROJECTED_GRADIENT_<=_PGTOL"", ""optimizer_success"": true}"
PLVIRA,PLVIRA,lines,2,128,78,73,reconstructed,0.5082618246417496,0.5082618246417496,0.0,-3.209454501953652e-13,0.0,3.209454501953652e-13,2.4328506399697083e-17,True,height_function,"{""curvature"": -3.209454501953652e-13, ""curvature_source"": ""cartesian-ghf"", ""ghf_diagnostic"": ""complete three-column height function"", ""ghf_direction"": ""y"", ""ghf_fit_points"": 0, ""ghf_height_points"": 3, ""ghf_independent_points"": 3, ""ghf_method"": ""height_function"", ""interval_count"": 1, ""objective"": 2.4328506399697083e-17, ""optimizer_message"": ""CONVERGENCE: REL_REDUCTION_OF_F_<=_FACTR*EPSMCH"", ""optimizer_success"": true}"
PLVIRA,PLVIRA,lines,2,128,79,73,reconstructed,0.18083347039009823,0.18083347039009803,1.942890293094024e-16,6.414012810920356e-13,0.0,6.414012810920356e-13,1.4058251529054961e-21,True,height_function,"{""curvature"": 6.414012810920356e-13, ""curvature_source"": ""cartesian-ghf"", ""ghf_diagnostic"": ""complete three-column height function"", ""ghf_direction"": ""y"", ""ghf_fit_points"": 0, ""ghf_height_points"": 3, ""ghf_independent_points"": 3, ""ghf_method"": ""height_function"", ""interval_count"": 1, ""objective"": 1.4058251529054961e-21, ""optimizer_message"": ""CONVERGENCE: NORM_OF_PROJECTED_GRADIENT_<=_PGTOL"", ""optimizer_success"": true}"
PLVIRA,PLVIRA,lines,2,128,80,73,reconstructed,0.00025422491239623923,0.00025422491239621495,2.42861286636753e-17,-6.414012810920356e-13,0.0,6.414012810920356e-13,3.892874985233279e-18,True,height_function,"{""curvature"": -6.414012810920356e-13, ""curvature_source"": ""cartesian-ghf"", ""ghf_diagnostic"": ""complete three-column height function"", ""ghf_direction"": ""y"", ""ghf_fit_points"": 0, ""ghf_height_points"": 3, ""ghf_independent_points"": 3, ""ghf_method"": ""height_function"", ""interval_count"": 1, ""objective"": 3.892874985233279e-18, ""optimizer_message"": ""CONVERGENCE: NORM_OF_PROJECTED_GRADIENT_<=_PGTOL"", ""optimizer_success"": true}"
PLVIRA,PLVIRA,lines,2,128,80,74,reconstructed,0.45538719701994523,0.45538719701994523,0.0,-6.414012810920356e-13,0.0,6.414012810920356e-13,6.1696499209982305e-22,True,height_function,"{""curvature"": -6.414012810920356e-13, ""curvature_source"": ""cartesian-ghf"", ""ghf_diagnostic"": ""complete three-column height function"", ""ghf_direction"": ""y"", ""ghf_fit_points"": 0, ""ghf_height_points"": 3, ""ghf_independent_points"": 3, ""ghf_method"": ""height_function"", ""interval_count"": 1, ""objective"": 6.1696499209982305e-22, ""optimizer_message"": ""CONVERGENCE: NORM_OF_PROJECTED_GRADIENT_<=_PGTOL"", ""optimizer_success"": true}"
PLVIRA,PLVIRA,lines,2,128,81,74,reconstructed,0.12348456857921519,0.12348456857923405,1.8859913630819847e-14,3.209454501953652e-13,0.0,3.209454501953652e-13,2.2816673165382204e-21,True,height_function,"{""curvature"": 3.209454501953652e-13, ""curvature_source"": ""cartesian-ghf"", ""ghf_diagnostic"": ""complete three-column height function"", ""ghf_direction"": ""y"", ""ghf_fit_points"": 0, ""ghf_height_points"": 3, ""ghf_independent_points"": 3, ""ghf_method"": ""height_function"", ""interval_count"": 1, ""objective"": 2.2816673165382204e-21, ""optimizer_message"": ""CONVERGENCE: NORM_OF_PROJECTED_GRADIENT_<=_PGTOL"", ""optimizer_success"": true}"
PLVIRA,PLVIRA,lines,2,128,81,75,reconstructed,0.6069648048958243,0.6069648048958242,1.1102230246251565e-16,3.209454501953652e-13,0.0,3.209454501953652e-13,1.7506667486946e-17,True,height_function,"{""curvature"": 3.209454501953652e-13, ""curvature_source"": ""cartesian-ghf"", ""ghf_diagnostic"": ""complete three-column height function"", ""ghf_direction"": ""y"", ""ghf_fit_points"": 0, ""ghf_height_points"": 3, ""ghf_independent_points"": 3, ""ghf_method"": ""height_function"", ""interval_count"": 1, ""objective"": 1.7506667486946e-17, ""optimizer_message"": ""CONVERGENCE: REL_REDUCTION_OF_F_<=_FACTR*EPSMCH"", ""optimizer_success"": true}"
PLVIRA,PLVIRA,lines,2,128,82,75,reconstructed,0.39490576251751014,0.39490576251751003,1.1102230246251565e-16,0.0,0.0,0.0,4.820694443210851e-22,True,height_function,"{""curvature"": 0.0, ""curvature_source"": ""cartesian-ghf"", ""ghf_diagnostic"": ""complete three-column height function"", ""ghf_direction"": ""y"", ""ghf_fit_points"": 0, ""ghf_height_points"": 3, ""ghf_independent_points"": 3, ""ghf_method"": ""height_function"", ""interval_count"": 1, ""objective"": 4.820694443210851e-22, ""optimizer_message"": ""CONVERGENCE: NORM_OF_PROJECTED_GRADIENT_<=_PGTOL"", ""optimizer_success"": true}"
PLVIRA,PLVIRA,lines,2,128,83,75,reconstructed,0.07687500634096978,0.0768750063409675,2.275957200481571e-15,-4.896192985435386e-16,0.0,4.896192985435386e-16,1.6224864264567767e-15,True,height_function,"{""curvature"": -4.896192985435386e-16, ""curvature_source"": ""cartesian-ghf"", ""ghf_diagnostic"": ""complete three-column height function"", ""ghf_direction"": ""y"", ""ghf_fit_points"": 0, ""ghf_height_points"": 3, ""ghf_independent_points"": 3, ""ghf_method"": ""height_function"", ""interval_count"": 1, ""objective"": 1.6224864264567767e-15, ""optimizer_message"": ""CONVERGENCE: REL_REDUCTION_OF_F_<=_FACTR*EPSMCH"", ""optimizer_success"": true}"
PLVIRA,PLVIRA,lines,2,128,83,76,reconstructed,0.5928387077190109,0.592838707719011,1.1102230246251565e-16,-4.896192985435386e-16,0.0,4.896192985435386e-16,1.7416087245677539e-15,True,height_function,"{""curvature"": -4.896192985435386e-16, ""curvature_source"": ""cartesian-ghf"", ""ghf_diagnostic"": ""complete three-column height function"", ""ghf_direction"": ""y"", ""ghf_fit_points"": 0, ""ghf_height_points"": 3, ""ghf_independent_points"": 3, ""ghf_method"": ""height_function"", ""interval_count"": 1, ""objective"": 1.7416087245677539e-15, ""optimizer_message"": ""CONVERGENCE: REL_REDUCTION_OF_F_<=_FACTR*EPSMCH"", ""optimizer_success"": true}"
PLVIRA,PLVIRA,lines,2,128,84,76,reconstructed,0.3341701031024513,0.3341701031024513,0.0,3.214350694937572e-13,0.0,3.214350694937572e-13,3.1402455184400764e-19,True,height_function,"{""curvature"": 3.214350694937572e-13, ""curvature_source"": ""cartesian-ghf"", ""ghf_diagnostic"": ""complete three-column height function"", ""ghf_direction"": ""y"", ""ghf_fit_points"": 0, ""ghf_height_points"": 3, ""ghf_independent_points"": 3, ""ghf_method"": ""height_function"", ""interval_count"": 1, ""objective"": 3.1402455184400764e-19, ""optimizer_message"": ""CONVERGENCE: NORM_OF_PROJECTED_GRADIENT_<=_PGTOL"", ""optimizer_success"": true}"
PLVIRA,PLVIRA,lines,2,128,85,76,reconstructed,0.04125900858753084,0.04125900858753076,8.326672684688674e-17,-6.421357100398507e-13,0.0,6.421357100398507e-13,9.973455887027482e-19,True,height_function,"{""curvature"": -6.421357100398507e-13, ""curvature_source"": ""cartesian-ghf"", ""ghf_diagnostic"": ""complete three-column height function"", ""ghf_direction"": ""y"", ""ghf_fit_points"": 0, ""ghf_height_points"": 3, ""ghf_independent_points"": 3, ""ghf_method"": ""height_function"", ""interval_count"": 1, ""objective"": 9.973455887027482e-19, ""optimizer_message"": ""CONVERGENCE: NORM_OF_PROJECTED_GRADIENT_<=_PGTOL"", ""optimizer_success"": true}"
PLVIRA,PLVIRA,lines,2,128,85,77,reconstructed,0.5677190460571637,0.5677190460571637,0.0,-6.421357100398507e-13,0.0,6.421357100398507e-13,2.14035488284564e-18,True,height_function,"{""curvature"": -6.421357100398507e-13, ""curvature_source"": ""cartesian-ghf"", ""ghf_diagnostic"": ""complete three-column height function"", ""ghf_direction"": ""y"", ""ghf_fit_points"": 0, ""ghf_height_points"": 3, ""ghf_independent_points"": 3, ""ghf_method"": ""height_function"", ""interval_count"": 1, ""objective"": 2.14035488284564e-18, ""optimizer_message"": ""CONVERGENCE: NORM_OF_PROJECTED_GRADIENT_<=_PGTOL"", ""optimizer_success"": true}"
PLVIRA,PLVIRA,lines,2,128,86,77,reconstructed,0.27343444368739256,0.2734344436873925,5.551115123125783e-17,-3.204558308969727e-13,0.0,3.204558308969727e-13,1.7406508874671711e-19,True,height_function,"{""curvature"": -3.204558308969727e-13, ""curvature_source"": ""cartesian-ghf"", ""ghf_diagnostic"": ""complete three-column height function"", ""ghf_direction"": ""y"", ""ghf_fit_points"": 0, ""ghf_height_points"": 3, ""ghf_independent_points"": 3, ""ghf_method"": ""height_function"", ""interval_count"": 1, ""objective"": 1.7406508874671711e-19, ""optimizer_message"": ""CONVERGENCE: NORM_OF_PROJECTED_GRADIENT_<=_PGTOL"", ""optimizer_success"": true}"
PLVIRA,PLVIRA,lines,2,128,87,77,reconstructed,0.016636575319353142,0.016636575319353093,4.85722573273506e-17,1.6039928220282538e-12,0.0,1.6039928220282538e-12,1.0098141138793732e-23,True,height_function,"{""curvature"": 1.6039928220282538e-12, ""curvature_source"": ""cartesian-ghf"", ""ghf_diagnostic"": ""complete three-column height function"", ""ghf_direction"": ""y"", ""ghf_fit_points"": 0, ""ghf_height_points"": 3, ""ghf_independent_points"": 3, ""ghf_method"": ""height_function"", ""interval_count"": 1, ""objective"": 1.0098141138793732e-23, ""optimizer_message"": ""CONVERGENCE: NORM_OF_PROJECTED_GRADIENT_<=_PGTOL"", ""optimizer_success"": true}"
PLVIRA,PLVIRA,lines,2,128,87,78,reconstructed,0.5316058199109648,0.5316058199109661,1.3322676295501878e-15,1.6039928220282538e-12,0.0,1.6039928220282538e-12,1.2679955424170733e-15,True,height_function,"{""curvature"": 1.6039928220282538e-12, ""curvature_source"": ""cartesian-ghf"", ""ghf_diagnostic"": ""complete three-column height function"", ""ghf_direction"": ""y"", ""ghf_fit_points"": 0, ""ghf_height_points"": 3, ""ghf_independent_points"": 3, ""ghf_method"": ""height_function"", ""interval_count"": 1, ""objective"": 1.2679955424170733e-15, ""optimizer_message"": ""CONVERGENCE: REL_REDUCTION_OF_F_<=_FACTR*EPSMCH"", ""optimizer_success"": true}"
PLVIRA,PLVIRA,lines,2,128,88,78,reconstructed,0.21269878427210642,0.21269878427210628,1.3877787807814457e-16,-1.2832921814820091e-12,0.0,1.2832921814820091e-12,9.360387232211494e-23,True,height_function,"{""curvature"": -1.2832921814820091e-12, ""curvature_source"": ""cartesian-ghf"", ""ghf_diagnostic"": ""complete three-column height function"", ""ghf_direction"": ""y"", ""ghf_fit_points"": 0, ""ghf_height_points"": 3, ""ghf_independent_points"": 3, ""ghf_method"": ""height_function"", ""interval_count"": 1, ""objective"": 9.360387232211494e-23, ""optimizer_message"": ""CONVERGENCE: NORM_OF_PROJECTED_GRADIENT_<=_PGTOL"", ""optimizer_success"": true}"
PLVIRA,PLVIRA,lines,2,128,89,78,reconstructed,0.0030077065357545507,0.0030077065357545403,1.0408340855860843e-17,-6.418909003911848e-13,0.0,6.418909003911848e-13,7.308453684445594e-17,True,height_function,"{""curvature"": -6.418909003911848e-13, ""curvature_source"": ""cartesian-ghf"", ""ghf_diagnostic"": ""complete three-column height function"", ""ghf_direction"": ""y"", ""ghf_fit_points"": 0, ""ghf_height_points"": 3, ""ghf_independent_points"": 3, ""ghf_method"": ""height_function"", ""interval_count"": 1, ""objective"": 7.308453684445594e-17, ""optimizer_message"": ""CONVERGENCE: REL_REDUCTION_OF_F_<=_FACTR*EPSMCH"", ""optimizer_success"": true}"
PLVIRA,PLVIRA,lines,2,128,89,79,reconstructed,0.48449902927904986,0.4844990292790381,1.176836406102666e-14,-6.418909003911848e-13,0.0,6.418909003911848e-13,7.432311071494895e-23,True,height_function,"{""curvature"": -6.418909003911848e-13, ""curvature_source"": ""cartesian-ghf"", ""ghf_diagnostic"": ""complete three-column height function"", ""ghf_direction"": ""y"", ""ghf_fit_points"": 0, ""ghf_height_points"": 3, ""ghf_independent_points"": 3, ""ghf_method"": ""height_function"", ""interval_count"": 1, ""objective"": 7.432311071494895e-23, ""optimizer_message"": ""CONVERGENCE: NORM_OF_PROJECTED_GRADIENT_<=_PGTOL"", ""optimizer_success"": true}"
PLVIRA,PLVIRA,lines,2,128,90,79,reconstructed,0.15233552709560172,0.15233552709560186,1.3877787807814457e-16,1.2835369911324923e-12,0.0,1.2835369911324923e-12,1.1512701833153294e-21,True,height_function,"{""curvature"": 1.2835369911324923e-12, ""curvature_source"": ""cartesian-ghf"", ""ghf_diagnostic"": ""complete three-column height function"", ""ghf_direction"": ""y"", ""ghf_fit_points"": 0, ""ghf_height_points"": 3, ""ghf_independent_points"": 3, ""ghf_method"": ""height_function"", ""interval_count"": 1, ""objective"": 1.1512701833153294e-21, ""optimizer_message"": ""CONVERGENCE: NORM_OF_PROJECTED_GRADIENT_<=_PGTOL"", ""optimizer_success"": true}"
PLVIRA,PLVIRA,lines,2,128,90,80,reconstructed,0.6099791602623554,0.6099791602623559,4.440892098500626e-16,1.28329218148322e-12,0.0,1.28329218148322e-12,1.2056284275662177e-18,True,height_function,"{""curvature"": 1.28329218148322e-12, ""curvature_source"": ""cartesian-ghf"", ""ghf_diagnostic"": ""complete three-column height function"", ""ghf_direction"": ""y"", ""ghf_fit_points"": 0, ""ghf_height_points"": 3, ""ghf_independent_points"": 3, ""ghf_method"": ""height_function"", ""interval_count"": 1, ""objective"": 1.2056284275662177e-18, ""optimizer_message"": ""CONVERGENCE: NORM_OF_PROJECTED_GRADIENT_<=_PGTOL"", ""optimizer_success"": true}"
PLVIRA,PLVIRA,lines,2,128,91,80,reconstructed,0.4267710764002004,0.4267710764002004,0.0,0.0,0.0,0.0,1.2996499435274992e-20,True,height_function,"{""curvature"": 0.0, ""curvature_source"": ""cartesian-ghf"", ""ghf_diagnostic"": ""complete three-column height function"", ""ghf_direction"": ""y"", ""ghf_fit_points"": 0, ""ghf_height_points"": 3, ""ghf_independent_points"": 3, ""ghf_method"": ""height_function"", ""interval_count"": 1, ""objective"": 1.2996499435274992e-20, ""optimizer_message"": ""CONVERGENCE: NORM_OF_PROJECTED_GRADIENT_<=_PGTOL"", ""optimizer_success"": true}"
PLVIRA,PLVIRA,lines,2,128,92,80,reconstructed,0.09995812786655733,0.09995812786655732,1.3877787807814457e-17,-6.416460907413073e-13,0.0,6.416460907413073e-13,3.6109791592614035e-17,True,height_function,"{""curvature"": -6.416460907413073e-13, ""curvature_source"": ""cartesian-ghf"", ""ghf_diagnostic"": ""complete three-column height function"", ""ghf_direction"": ""y"", ""ghf_fit_points"": 0, ""ghf_height_points"": 3, ""ghf_independent_points"": 3, ""ghf_method"": ""height_function"", ""interval_count"": 1, ""objective"": 3.6109791592614035e-17, ""optimizer_message"": ""CONVERGENCE: REL_REDUCTION_OF_F_<=_FACTR*EPSMCH"", ""optimizer_success"": true}"
PLVIRA,PLVIRA,lines,2,128,92,81,reconstructed,0.6016209000758863,0.6016209000758864,1.1102230246251565e-16,-6.416460907413073e-13,0.0,6.416460907413073e-13,9.80561028713943e-17,True,height_function,"{""curvature"": -6.416460907413073e-13, ""curvature_source"": ""cartesian-ghf"", ""ghf_diagnostic"": ""complete three-column height function"", ""ghf_direction"": ""y"", ""ghf_fit_points"": 0, ""ghf_height_points"": 3, ""ghf_independent_points"": 3, ""ghf_method"": ""height_function"", ""interval_count"": 1, ""objective"": 9.80561028713943e-17, ""optimizer_message"": ""CONVERGENCE: REL_REDUCTION_OF_F_<=_FACTR*EPSMCH"", ""optimizer_success"": true}"
PLVIRA,PLVIRA,lines,2,128,93,81,reconstructed,0.36603541698514164,0.36603541698514164,0.0,6.414012810920356e-13,0.0,6.414012810920356e-13,8.87913372682763e-16,True,height_function,"{""curvature"": 6.414012810920356e-13, ""curvature_source"": ""cartesian-ghf"", ""ghf_diagnostic"": ""complete three-column height function"", ""ghf_direction"": ""y"", ""ghf_fit_points"": 0, ""ghf_height_points"": 3, ""ghf_independent_points"": 3, ""ghf_method"": ""height_function"", ""interval_count"": 1, ""objective"": 8.87913372682763e-16, ""optimizer_message"": ""CONVERGENCE: REL_REDUCTION_OF_F_<=_FACTR*EPSMCH"", ""optimizer_success"": true}"
PLVIRA,PLVIRA,lines,2,128,94,81,reconstructed,0.05857429312300155,0.05857429312300162,6.938893903907228e-17,-1.2830473718339486e-12,0.0,1.2830473718339486e-12,6.901202597723538e-18,True,height_function,"{""curvature"": -1.2830473718339486e-12, ""curvature_source"": ""cartesian-ghf"", ""ghf_diagnostic"": ""complete three-column height function"", ""ghf_direction"": ""y"", ""ghf_fit_points"": 0, ""ghf_height_points"": 3, ""ghf_independent_points"": 3, ""ghf_method"": ""height_function"", ""interval_count"": 1, ""objective"": 6.901202597723538e-18, ""optimizer_message"": ""CONVERGENCE: NORM_OF_PROJECTED_GRADIENT_<=_PGTOL"", ""optimizer_success"": true}"
PLVIRA,PLVIRA,lines,2,128,94,82,reconstructed,0.5822690754043833,0.5822690754043832,1.1102230246251565e-16,-1.2830473718339486e-12,0.0,1.2830473718339486e-12,1.3059570900793373e-18,True,height_function,"{""curvature"": -1.2830473718339486e-12, ""curvature_source"": ""cartesian-ghf"", ""ghf_diagnostic"": ""complete three-column height function"", ""ghf_direction"": ""y"", ""ghf_fit_points"": 0, ""ghf_height_points"": 3, ""ghf_independent_points"": 3, ""ghf_method"": ""height_function"", ""interval_count"": 1, ""objective"": 1.3059570900793373e-18, ""optimizer_message"": ""CONVERGENCE: NORM_OF_PROJECTED_GRADIENT_<=_PGTOL"", ""optimizer_success"": true}"
PLVIRA,PLVIRA,lines,2,128,95,82,reconstructed,0.3052997575705376,0.3052997575705375,1.1102230246251565e-16,1.9251830818731934e-12,0.0,1.9251830818731934e-12,5.479528725909963e-18,True,height_function,"{""curvature"": 1.9251830818731934e-12, ""curvature_source"": ""cartesian-ghf"", ""ghf_diagnostic"": ""complete three-column height function"", ""ghf_direction"": ""y"", ""ghf_fit_points"": 0, ""ghf_height_points"": 3, ""ghf_independent_points"": 3, ""ghf_method"": ""height_function"", ""interval_count"": 1, ""objective"": 5.479528725909963e-18, ""optimizer_message"": ""CONVERGENCE: NORM_OF_PROJECTED_GRADIENT_<=_PGTOL"", ""optimizer_success"": true}"
PLVIRA,PLVIRA,lines,2,128,96,82,reconstructed,0.02818402286402488,0.028184022864024924,4.5102810375396984e-17,-1.2837818007805524e-12,0.0,1.2837818007805524e-12,2.6704134049832197e-18,True,height_function,"{""curvature"": -1.2837818007805524e-12, ""curvature_source"": ""cartesian-ghf"", ""ghf_diagnostic"": ""complete three-column height function"", ""ghf_direction"": ""y"", ""ghf_fit_points"": 0, ""ghf_height_points"": 3, ""ghf_independent_points"": 3, ""ghf_method"": ""height_function"", ""interval_count"": 1, ""objective"": 2.6704134049832197e-18, ""optimizer_message"": ""CONVERGENCE: NORM_OF_PROJECTED_GRADIENT_<=_PGTOL"", ""optimizer_success"": true}"
PLVIRA,PLVIRA,lines,2,128,96,83,reconstructed,0.5519236862483012,0.5519236862483012,0.0,-1.2837818007805524e-12,0.0,1.2837818007805524e-12,7.180738959932689e-18,True,height_function,"{""curvature"": -1.2837818007805524e-12, ""curvature_source"": ""cartesian-ghf"", ""ghf_diagnostic"": ""complete three-column height function"", ""ghf_direction"": ""y"", ""ghf_fit_points"": 0, ""ghf_height_points"": 3, ""ghf_independent_points"": 3, ""ghf_method"": ""height_function"", ""interval_count"": 1, ""objective"": 7.180738959932689e-18, ""optimizer_message"": ""CONVERGENCE: REL_REDUCTION_OF_F_<=_FACTR*EPSMCH"", ""optimizer_success"": true}"
PLVIRA,PLVIRA,lines,2,128,97,83,reconstructed,0.2445640981550241,0.24456409815502414,2.7755575615628914e-17,2.448096492718849e-16,0.0,2.448096492718849e-16,9.85341387776953e-16,True,height_function,"{""curvature"": 2.448096492718849e-16, ""curvature_source"": ""cartesian-ghf"", ""ghf_diagnostic"": ""complete three-column height function"", ""ghf_direction"": ""y"", ""ghf_fit_points"": 0, ""ghf_height_points"": 3, ""ghf_independent_points"": 3, ""ghf_method"": ""height_function"", ""interval_count"": 1, ""objective"": 9.85341387776953e-16, ""optimizer_message"": ""CONVERGENCE: REL_REDUCTION_OF_F_<=_FACTR*EPSMCH"", ""optimizer_success"": true}"
PLVIRA,PLVIRA,lines,2,128,98,83,reconstructed,0.008787317090536817,0.00878731709053679,2.7755575615628914e-17,6.416460907413073e-13,0.0,6.416460907413073e-13,2.786227422910292e-17,True,height_function,"{""curvature"": 6.416460907413073e-13, ""curvature_source"": ""cartesian-ghf"", ""ghf_diagnostic"": ""complete three-column height function"", ""ghf_direction"": ""y"", ""ghf_fit_points"": 0, ""ghf_height_points"": 3, ""ghf_independent_points"": 3, ""ghf_method"": ""height_function"", ""interval_count"": 1, ""objective"": 2.786227422910292e-17, ""optimizer_message"": ""CONVERGENCE: REL_REDUCTION_OF_F_<=_FACTR*EPSMCH"", ""optimizer_success"": true}"
PLVIRA,PLVIRA,lines,2,128,98,84,reconstructed,0.5105847326071853,0.5105847326071852,1.1102230246251565e-16,6.416460907413073e-13,0.0,6.416460907413073e-13,3.740926488522638e-17,True,height_function,"{""curvature"": 6.416460907413073e-13, ""curvature_source"": ""cartesian-ghf"", ""ghf_diagnostic"": ""complete three-column height function"", ""ghf_direction"": ""y"", ""ghf_fit_points"": 0, ""ghf_height_points"": 3, ""ghf_independent_points"": 3, ""ghf_method"": ""height_function"", ""interval_count"": 1, ""objective"": 3.740926488522638e-17, ""optimizer_message"": ""CONVERGENCE: REL_REDUCTION_OF_F_<=_FACTR*EPSMCH"", ""optimizer_success"": true}"
PLVIRA,PLVIRA,lines,2,128,99,84,reconstructed,0.18382843873996535,0.18382843873996535,0.0,-6.416460907413073e-13,0.0,6.416460907413073e-13,1.5577950617303828e-20,True,height_function,"{""curvature"": -6.416460907413073e-13, ""curvature_source"": ""cartesian-ghf"", ""ghf_diagnostic"": ""complete three-column height function"", ""ghf_direction"": ""y"", ""ghf_fit_points"": 0, ""ghf_height_points"": 3, ""ghf_independent_points"": 3, ""ghf_method"": ""height_function"", ""interval_count"": 1, ""objective"": 1.5577950617303828e-20, ""optimizer_message"": ""CONVERGENCE: NORM_OF_PROJECTED_GRADIENT_<=_PGTOL"", ""optimizer_success"": true}"
PLVIRA,PLVIRA,lines,2,128,100,84,reconstructed,0.00038417580208260915,0.000384175802082342,2.671474153004283e-16,-4.896192985437698e-16,0.0,4.896192985437698e-16,1.0811767893584456e-18,True,height_function,"{""curvature"": -4.896192985437698e-16, ""curvature_source"": ""cartesian-ghf"", ""ghf_diagnostic"": ""complete three-column height function"", ""ghf_direction"": ""y"", ""ghf_fit_points"": 0, ""ghf_height_points"": 3, ""ghf_independent_points"": 3, ""ghf_method"": ""height_function"", ""interval_count"": 1, ""objective"": 1.0811767893584456e-18, ""optimizer_message"": ""CONVERGENCE: NORM_OF_PROJECTED_GRADIENT_<=_PGTOL"", ""optimizer_success"": true}"
PLVIRA,PLVIRA,lines,2,128,100,85,reconstructed,0.45825221448058073,0.4582522144805807,5.551115123125783e-17,-4.896192985437698e-16,0.0,4.896192985437698e-16,1.211679433796278e-21,True,height_function,"{""curvature"": -4.896192985437698e-16, ""curvature_source"": ""cartesian-ghf"", ""ghf_diagnostic"": ""complete three-column height function"", ""ghf_direction"": ""y"", ""ghf_fit_points"": 0, ""ghf_height_points"": 3, ""ghf_independent_points"": 3, ""ghf_method"": ""height_function"", ""interval_count"": 1, ""objective"": 1.211679433796278e-21, ""optimizer_message"": ""CONVERGENCE: NORM_OF_PROJECTED_GRADIENT_<=_PGTOL"", ""optimizer_success"": true}"
PLVIRA,PLVIRA,lines,2,128,101,85,reconstructed,0.12606737832356885,0.12606737832358011,1.1268763699945339e-14,1.2842714200790956e-12,0.0,1.2842714200790956e-12,4.6806545413930324e-23,True,height_function,"{""curvature"": 1.2842714200790956e-12, ""curvature_source"": ""cartesian-ghf"", ""ghf_diagnostic"": ""complete three-column height function"", ""ghf_direction"": ""y"", ""ghf_fit_points"": 0, ""ghf_height_points"": 3, ""ghf_independent_points"": 3, ""ghf_method"": ""height_function"", ""interval_count"": 1, ""objective"": 4.6806545413930324e-23, ""optimizer_message"": ""CONVERGENCE: NORM_OF_PROJECTED_GRADIENT_<=_PGTOL"", ""optimizer_success"": true}"
PLVIRA,PLVIRA,lines,2,128,101,86,reconstructed,0.6073769635017925,0.6073769635017925,0.0,1.2842714200790956e-12,0.0,1.2842714200790956e-12,8.271739477137555e-17,True,height_function,"{""curvature"": 1.2842714200790956e-12, ""curvature_source"": ""cartesian-ghf"", ""ghf_diagnostic"": ""complete three-column height function"", ""ghf_direction"": ""y"", ""ghf_fit_points"": 0, ""ghf_height_points"": 3, ""ghf_independent_points"": 3, ""ghf_method"": ""height_function"", ""interval_count"": 1, ""objective"": 8.271739477137555e-17, ""optimizer_message"": ""CONVERGENCE: REL_REDUCTION_OF_F_<=_FACTR*EPSMCH"", ""optimizer_success"": true}"
PLVIRA,PLVIRA,lines,2,128,102,86,reconstructed,0.39790073086714983,0.39790073086714994,1.1102230246251565e-16,-2.5675636015635277e-12,0.0,2.5675636015635277e-12,8.018474917581744e-23,True,height_function,"{""curvature"": -2.5675636015635277e-12, ""curvature_source"": ""cartesian-ghf"", ""ghf_diagnostic"": ""complete three-column height function"", ""ghf_direction"": ""y"", ""ghf_fit_points"": 0, ""ghf_height_points"": 3, ""ghf_independent_points"": 3, ""ghf_method"": ""height_function"", ""interval_count"": 1, ""objective"": 8.018474917581744e-23, ""optimizer_message"": ""CONVERGENCE: NORM_OF_PROJECTED_GRADIENT_<=_PGTOL"", ""optimizer_success"": true}"
PLVIRA,PLVIRA,lines,2,128,103,86,reconstructed,0.07891570658966884,0.07891570658966753,1.3183898417423734e-15,1.925672701173554e-12,0.0,1.925672701173554e-12,1.2388795941791115e-15,True,height_function,"{""curvature"": 1.925672701173554e-12, ""curvature_source"": ""cartesian-ghf"", ""ghf_diagnostic"": ""complete three-column height function"", ""ghf_direction"": ""y"", ""ghf_fit_points"": 0, ""ghf_height_points"": 3, ""ghf_independent_points"": 3, ""ghf_method"": ""height_function"", ""interval_count"": 1, ""objective"": 1.2388795941791115e-15, ""optimizer_message"": ""CONVERGENCE: REL_REDUCTION_OF_F_<=_FACTR*EPSMCH"", ""optimizer_success"": true}"
PLVIRA,PLVIRA,lines,2,128,103,87,reconstructed,0.5937929758210885,0.5937929758210887,2.220446049250313e-16,1.925672701173554e-12,0.0,1.925672701173554e-12,1.583859041125901e-23,True,height_function,"{""curvature"": 1.925672701173554e-12, ""curvature_source"": ""cartesian-ghf"", ""ghf_diagnostic"": ""complete three-column height function"", ""ghf_direction"": ""y"", ""ghf_fit_points"": 0, ""ghf_height_points"": 3, ""ghf_independent_points"": 3, ""ghf_method"": ""height_function"", ""interval_count"": 1, ""objective"": 1.583859041125901e-23, ""optimizer_message"": ""CONVERGENCE: NORM_OF_PROJECTED_GRADIENT_<=_PGTOL"", ""optimizer_success"": true}"
PLVIRA,PLVIRA,lines,2,128,104,87,reconstructed,0.3371650714530006,0.3371650714530005,1.1102230246251565e-16,-6.41890900390579e-13,0.0,6.41890900390579e-13,1.6454244410979538e-19,True,height_function,"{""curvature"": -6.41890900390579e-13, ""curvature_source"": ""cartesian-ghf"", ""ghf_diagnostic"": ""complete three-column height function"", ""ghf_direction"": ""y"", ""ghf_fit_points"": 0, ""ghf_height_points"": 3, ""ghf_independent_points"": 3, ""ghf_method"": ""height_function"", ""interval_count"": 1, ""objective"": 1.6454244410979538e-19, ""optimizer_message"": ""CONVERGENCE: NORM_OF_PROJECTED_GRADIENT_<=_PGTOL"", ""optimizer_success"": true}"
PLVIRA,PLVIRA,lines,2,128,105,87,reconstructed,0.042757599340802706,0.04275759934080266,4.85722573273506e-17,1.2832921814820091e-12,0.0,1.2832921814820091e-12,2.2830258798653023e-18,True,height_function,"{""curvature"": 1.2832921814820091e-12, ""curvature_source"": ""cartesian-ghf"", ""ghf_diagnostic"": ""complete three-column height function"", ""ghf_direction"": ""y"", ""ghf_fit_points"": 0, ""ghf_height_points"": 3, ""ghf_independent_points"": 3, ""ghf_method"": ""height_function"", ""interval_count"": 1, ""objective"": 2.2830258798653023e-18, ""optimizer_message"": ""CONVERGENCE: NORM_OF_PROJECTED_GRADIENT_<=_PGTOL"", ""optimizer_success"": true}"
PLVIRA,PLVIRA,lines,2,128,105,88,reconstructed,0.5692154236548959,0.5692154236548957,1.1102230246251565e-16,1.2832921814820091e-12,0.0,1.2832921814820091e-12,9.26574069159195e-19,True,height_function,"{""curvature"": 1.2832921814820091e-12, ""curvature_source"": ""cartesian-ghf"", ""ghf_diagnostic"": ""complete three-column height function"", ""ghf_direction"": ""y"", ""ghf_fit_points"": 0, ""ghf_height_points"": 3, ""ghf_independent_points"": 3, ""ghf_method"": ""height_function"", ""interval_count"": 1, ""objective"": 9.26574069159195e-19, ""optimizer_message"": ""CONVERGENCE: NORM_OF_PROJECTED_GRADIENT_<=_PGTOL"", ""optimizer_success"": true}"
PLVIRA,PLVIRA,lines,2,128,106,88,reconstructed,0.27642941203748705,0.2764294120374871,5.551115123125783e-17,-1.9251830818731938e-12,0.0,1.9251830818731938e-12,3.2997732848441406e-19,True,height_function,"{""curvature"": -1.9251830818731938e-12, ""curvature_source"": ""cartesian-ghf"", ""ghf_diagnostic"": ""complete three-column height function"", ""ghf_direction"": ""y"", ""ghf_fit_points"": 0, ""ghf_height_points"": 3, ""ghf_independent_points"": 3, ""ghf_method"": ""height_function"", ""interval_count"": 1, ""objective"": 3.2997732848441406e-19, ""optimizer_message"": ""CONVERGENCE: NORM_OF_PROJECTED_GRADIENT_<=_PGTOL"", ""optimizer_success"": true}"
PLVIRA,PLVIRA,lines,2,128,107,88,reconstructed,0.01759305657697041,0.01759305657697044,2.7755575615628914e-17,1.9254278915224652e-12,0.0,1.9254278915224652e-12,1.5744722264891415e-15,True,height_function,"{""curvature"": 1.9254278915224652e-12, ""curvature_source"": ""cartesian-ghf"", ""ghf_diagnostic"": ""complete three-column height function"", ""ghf_direction"": ""y"", ""ghf_fit_points"": 0, ""ghf_height_points"": 3, ""ghf_independent_points"": 3, ""ghf_method"": ""height_function"", ""interval_count"": 1, ""objective"": 1.5744722264891415e-15, ""optimizer_message"": ""CONVERGENCE: REL_REDUCTION_OF_F_<=_FACTR*EPSMCH"", ""optimizer_success"": true}"
PLVIRA,PLVIRA,lines,2,128,107,89,reconstructed,0.5336443070036694,0.5336443070036718,2.4424906541753444e-15,1.9254278915224652e-12,0.0,1.9254278915224652e-12,1.6573258715347125e-15,True,height_function,"{""curvature"": 1.9254278915224652e-12, ""curvature_source"": ""cartesian-ghf"", ""ghf_diagnostic"": ""complete three-column height function"", ""ghf_direction"": ""y"", ""ghf_fit_points"": 0, ""ghf_height_points"": 3, ""ghf_independent_points"": 3, ""ghf_method"": ""height_function"", ""interval_count"": 1, ""objective"": 1.6573258715347125e-15, ""optimizer_message"": ""CONVERGENCE: REL_REDUCTION_OF_F_<=_FACTR*EPSMCH"", ""optimizer_success"": true}"
PLVIRA,PLVIRA,lines,2,128,108,89,reconstructed,0.2156937526224283,0.21569375262242835,5.551115123125783e-17,-1.9254278915224652e-12,0.0,1.9254278915224652e-12,5.581009014380665e-22,True,height_function,"{""curvature"": -1.9254278915224652e-12, ""curvature_source"": ""cartesian-ghf"", ""ghf_diagnostic"": ""complete three-column height function"", ""ghf_direction"": ""y"", ""ghf_fit_points"": 0, ""ghf_height_points"": 3, ""ghf_independent_points"": 3, ""ghf_method"": ""height_function"", ""interval_count"": 1, ""objective"": 5.581009014380665e-22, ""optimizer_message"": ""CONVERGENCE: NORM_OF_PROJECTED_GRADIENT_<=_PGTOL"", ""optimizer_success"": true}"
PLVIRA,PLVIRA,lines,2,128,109,89,reconstructed,0.003422078298171982,0.003422078298171951,3.122502256758253e-17,6.421357100404566e-13,0.0,6.421357100404566e-13,1.5303689600692922e-17,True,height_function,"{""curvature"": 6.421357100404566e-13, ""curvature_source"": ""cartesian-ghf"", ""ghf_diagnostic"": ""complete three-column height function"", ""ghf_direction"": ""y"", ""ghf_fit_points"": 0, ""ghf_height_points"": 3, ""ghf_independent_points"": 3, ""ghf_method"": ""height_function"", ""interval_count"": 1, ""objective"": 1.5303689600692922e-17, ""optimizer_message"": ""CONVERGENCE: REL_REDUCTION_OF_F_<=_FACTR*EPSMCH"", ""optimizer_success"": true}"
PLVIRA,PLVIRA,lines,2,128,109,90,reconstructed,0.48707962586740905,0.48707962586742776,1.8707257964933888e-14,6.421357100404566e-13,0.0,6.421357100404566e-13,2.860911719210278e-21,True,height_function,"{""curvature"": 6.421357100404566e-13, ""curvature_source"": ""cartesian-ghf"", ""ghf_diagnostic"": ""complete three-column height function"", ""ghf_direction"": ""y"", ""ghf_fit_points"": 0, ""ghf_height_points"": 3, ""ghf_independent_points"": 3, ""ghf_method"": ""height_function"", ""interval_count"": 1, ""objective"": 2.860911719210278e-21, ""optimizer_message"": ""CONVERGENCE: NORM_OF_PROJECTED_GRADIENT_<=_PGTOL"", ""optimizer_success"": true}"
PLVIRA,PLVIRA,lines,2,128,110,90,reconstructed,0.15520275771177694,0.15520275771177705,1.1102230246251565e-16,6.411564714427637e-13,0.0,6.411564714427637e-13,5.806134808137104e-22,True,height_function,"{""curvature"": 6.411564714427637e-13, ""curvature_source"": ""cartesian-ghf"", ""ghf_diagnostic"": ""complete three-column height function"", ""ghf_direction"": ""y"", ""ghf_fit_points"": 0, ""ghf_height_points"": 3, ""ghf_independent_points"": 3, ""ghf_method"": ""height_function"", ""interval_count"": 1, ""objective"": 5.806134808137104e-22, ""optimizer_message"": ""CONVERGENCE: NORM_OF_PROJECTED_GRADIENT_<=_PGTOL"", ""optimizer_success"": true}"
PLVIRA,PLVIRA,lines,2,128,110,91,reconstructed,0.6101068979965021,0.610106897996502,1.1102230246251565e-16,6.409116617934919e-13,0.0,6.409116617934919e-13,4.314607616177159e-18,True,height_function,"{""curvature"": 6.409116617934919e-13, ""curvature_source"": ""cartesian-ghf"", ""ghf_diagnostic"": ""complete three-column height function"", ""ghf_direction"": ""y"", ""ghf_fit_points"": 0, ""ghf_height_points"": 3, ""ghf_independent_points"": 3, ""ghf_method"": ""height_function"", ""interval_count"": 1, ""objective"": 4.314607616177159e-18, ""optimizer_message"": ""CONVERGENCE: NORM_OF_PROJECTED_GRADIENT_<=_PGTOL"", ""optimizer_success"": true}"
PLVIRA,PLVIRA,lines,2,128,111,91,reconstructed,0.4297660447505222,0.42976604475052216,5.551115123125783e-17,-6.414012810920356e-13,0.0,6.414012810920356e-13,1.1224585393495e-21,True,height_function,"{""curvature"": -6.414012810920356e-13, ""curvature_source"": ""cartesian-ghf"", ""ghf_diagnostic"": ""complete three-column height function"", ""ghf_direction"": ""y"", ""ghf_fit_points"": 0, ""ghf_height_points"": 3, ""ghf_independent_points"": 3, ""ghf_method"": ""height_function"", ""interval_count"": 1, ""objective"": 1.1224585393495e-21, ""optimizer_message"": ""CONVERGENCE: NORM_OF_PROJECTED_GRADIENT_<=_PGTOL"", ""optimizer_success"": true}"
PLVIRA,PLVIRA,lines,2,128,112,91,reconstructed,0.10228324898798746,0.10228324898798744,2.7755575615628914e-17,6.414012810920356e-13,0.0,6.414012810920356e-13,2.347024248680896e-17,True,height_function,"{""curvature"": 6.414012810920356e-13, ""curvature_source"": ""cartesian-ghf"", ""ghf_diagnostic"": ""complete three-column height function"", ""ghf_direction"": ""y"", ""ghf_fit_points"": 0, ""ghf_height_points"": 3, ""ghf_independent_points"": 3, ""ghf_method"": ""height_function"", ""interval_count"": 1, ""objective"": 2.347024248680896e-17, ""optimizer_message"": ""CONVERGENCE: REL_REDUCTION_OF_F_<=_FACTR*EPSMCH"", ""optimizer_success"": true}"
PLVIRA,PLVIRA,lines,2,128,112,92,reconstructed,0.6022907473052328,0.6022907473052328,0.0,6.414012810920356e-13,0.0,6.414012810920356e-13,1.989060426296642e-21,True,height_function,"{""curvature"": 6.414012810920356e-13, ""curvature_source"": ""cartesian-ghf"", ""ghf_diagnostic"": ""complete three-column height function"", ""ghf_direction"": ""y"", ""ghf_fit_points"": 0, ""ghf_height_points"": 3, ""ghf_independent_points"": 3, ""ghf_method"": ""height_function"", ""interval_count"": 1, ""objective"": 1.989060426296642e-21, ""optimizer_message"": ""CONVERGENCE: NORM_OF_PROJECTED_GRADIENT_<=_PGTOL"", ""optimizer_success"": true}"
PLVIRA,PLVIRA,lines,2,128,113,92,reconstructed,0.3690303853354635,0.36903038533546356,5.551115123125783e-17,4.896192985433076e-16,0.0,4.896192985433076e-16,2.461983274637683e-16,True,height_function,"{""curvature"": 4.896192985433076e-16, ""curvature_source"": ""cartesian-ghf"", ""ghf_diagnostic"": ""complete three-column height function"", ""ghf_direction"": ""y"", ""ghf_fit_points"": 0, ""ghf_height_points"": 3, ""ghf_independent_points"": 3, ""ghf_method"": ""height_function"", ""interval_count"": 1, ""objective"": 2.461983274637683e-16, ""optimizer_message"": ""CONVERGENCE: REL_REDUCTION_OF_F_<=_FACTR*EPSMCH"", ""optimizer_success"": true}"
PLVIRA,PLVIRA,lines,2,128,114,92,reconstructed,0.06035730474832235,0.06035730474832228,6.938893903907228e-17,-6.41890900390579e-13,0.0,6.41890900390579e-13,3.72878962819972e-18,True,height_function,"{""curvature"": -6.41890900390579e-13, ""curvature_source"": ""cartesian-ghf"", ""ghf_diagnostic"": ""complete three-column height function"", ""ghf_direction"": ""y"", ""ghf_fit_points"": 0, ""ghf_height_points"": 3, ""ghf_independent_points"": 3, ""ghf_method"": ""height_function"", ""interval_count"": 1, ""objective"": 3.72878962819972e-18, ""optimizer_message"": ""CONVERGENCE: NORM_OF_PROJECTED_GRADIENT_<=_PGTOL"", ""optimizer_success"": true}"
PLVIRA,PLVIRA,lines,2,128,114,93,reconstructed,0.5834810321293844,0.5834810321293844,0.0,-6.41890900390579e-13,0.0,6.41890900390579e-13,1.438911179561862e-20,True,height_function,"{""curvature"": -6.41890900390579e-13, ""curvature_source"": ""cartesian-ghf"", ""ghf_diagnostic"": ""complete three-column height function"", ""ghf_direction"": ""y"", ""ghf_fit_points"": 0, ""ghf_height_points"": 3, ""ghf_independent_points"": 3, ""ghf_method"": ""height_function"", ""interval_count"": 1, ""objective"": 1.438911179561862e-20, ""optimizer_message"": ""CONVERGENCE: NORM_OF_PROJECTED_GRADIENT_<=_PGTOL"", ""optimizer_success"": true}"
PLVIRA,PLVIRA,lines,2,128,115,93,reconstructed,0.30829472592040474,0.30829472592040474,0.0,-2.448096492718849e-16,0.0,2.448096492718849e-16,5.304371340579197e-18,True,height_function,"{""curvature"": -2.448096492718849e-16, ""curvature_source"": ""cartesian-ghf"", ""ghf_diagnostic"": ""complete three-column height function"", ""ghf_direction"": ""y"", ""ghf_fit_points"": 0, ""ghf_height_points"": 3, ""ghf_independent_points"": 3, ""ghf_method"": ""height_function"", ""interval_count"": 1, ""objective"": 5.304371340579197e-18, ""optimizer_message"": ""CONVERGENCE: NORM_OF_PROJECTED_GRADIENT_<=_PGTOL"", ""optimizer_success"": true}"
PLVIRA,PLVIRA,lines,2,128,116,93,reconstructed,0.02942492499414584,0.029424924994145826,1.3877787807814457e-17,6.418909003905791e-13,0.0,6.418909003905791e-13,6.503036969855588e-16,True,height_function,"{""curvature"": 6.418909003905791e-13, ""curvature_source"": ""cartesian-ghf"", ""ghf_diagnostic"": ""complete three-column height function"", ""ghf_direction"": ""y"", ""ghf_fit_points"": 0, ""ghf_height_points"": 3, ""ghf_independent_points"": 3, ""ghf_method"": ""height_function"", ""interval_count"": 1, ""objective"": 6.503036969855588e-16, ""optimizer_message"": ""CONVERGENCE: REL_REDUCTION_OF_F_<=_FACTR*EPSMCH"", ""optimizer_success"": true}"
PLVIRA,PLVIRA,lines,2,128,116,94,reconstructed,0.5536777524689569,0.5536777524689569,0.0,6.418909003905791e-13,0.0,6.418909003905791e-13,1.0452207709480817e-17,True,height_function,"{""curvature"": 6.418909003905791e-13, ""curvature_source"": ""cartesian-ghf"", ""ghf_diagnostic"": ""complete three-column height function"", ""ghf_direction"": ""y"", ""ghf_fit_points"": 0, ""ghf_height_points"": 3, ""ghf_independent_points"": 3, ""ghf_method"": ""height_function"", ""interval_count"": 1, ""objective"": 1.0452207709480817e-17, ""optimizer_message"": ""CONVERGENCE: REL_REDUCTION_OF_F_<=_FACTR*EPSMCH"", ""optimizer_success"": true}"
PLVIRA,PLVIRA,lines,2,128,117,94,reconstructed,0.24755906650534598,0.24755906650534606,8.326672684688674e-17,0.0,0.0,0.0,3.3793745336282635e-15,True,height_function,"{""curvature"": 0.0, ""curvature_source"": ""cartesian-ghf"", ""ghf_diagnostic"": ""complete three-column height function"", ""ghf_direction"": ""y"", ""ghf_fit_points"": 0, ""ghf_height_points"": 3, ""ghf_independent_points"": 3, ""ghf_method"": ""height_function"", ""interval_count"": 1, ""objective"": 3.3793745336282635e-15, ""optimizer_message"": ""CONVERGENCE: REL_REDUCTION_OF_F_<=_FACTR*EPSMCH"", ""optimizer_success"": true}"
PLVIRA,PLVIRA,lines,2,128,118,94,reconstructed,0.009486109725003189,0.009486109725003175,1.3877787807814457e-17,-1.28329218148322e-12,0.0,1.28329218148322e-12,2.782422597477743e-24,True,height_function,"{""curvature"": -1.28329218148322e-12, ""curvature_source"": ""cartesian-ghf"", ""ghf_diagnostic"": ""complete three-column height function"", ""ghf_direction"": ""y"", ""ghf_fit_points"": 0, ""ghf_height_points"": 3, ""ghf_independent_points"": 3, ""ghf_method"": ""height_function"", ""interval_count"": 1, ""objective"": 2.782422597477743e-24, ""optimizer_message"": ""CONVERGENCE: NORM_OF_PROJECTED_GRADIENT_<=_PGTOL"", ""optimizer_success"": true}"
PLVIRA,PLVIRA,lines,2,128,118,95,reconstructed,0.512880908322586,0.5128809083225861,1.1102230246251565e-16,-1.28329218148322e-12,0.0,1.28329218148322e-12,5.708655350718083e-17,True,height_function,"{""curvature"": -1.28329218148322e-12, ""curvature_source"": ""cartesian-ghf"", ""ghf_diagnostic"": ""complete three-column height function"", ""ghf_direction"": ""y"", ""ghf_fit_points"": 0, ""ghf_height_points"": 3, ""ghf_independent_points"": 3, ""ghf_method"": ""height_function"", ""interval_count"": 1, ""objective"": 5.708655350718083e-17, ""optimizer_message"": ""CONVERGENCE: REL_REDUCTION_OF_F_<=_FACTR*EPSMCH"", ""optimizer_success"": true}"
PLVIRA,PLVIRA,lines,2,128,119,95,reconstructed,0.18682340709074197,0.18682340709074194,2.7755575615628914e-17,6.414012810926408e-13,0.0,6.414012810926408e-13,1.163692492357922e-19,True,height_function,"{""curvature"": 6.414012810926408e-13, ""curvature_source"": ""cartesian-ghf"", ""ghf_diagnostic"": ""complete three-column height function"", ""ghf_direction"": ""y"", ""ghf_fit_points"": 0, ""ghf_height_points"": 3, ""ghf_independent_points"": 3, ""ghf_method"": ""height_function"", ""interval_count"": 1, ""objective"": 1.163692492357922e-19, ""optimizer_message"": ""CONVERGENCE: NORM_OF_PROJECTED_GRADIENT_<=_PGTOL"", ""optimizer_success"": true}"
PLVIRA,PLVIRA,lines,2,128,120,95,reconstructed,0.0005408589408943953,0.0005408589408944231,2.7755575615628914e-17,1.2837818007805524e-12,0.0,1.2837818007805524e-12,2.783916027103812e-19,True,height_function,"{""curvature"": 1.2837818007805524e-12, ""curvature_source"": ""cartesian-ghf"", ""ghf_diagnostic"": ""complete three-column height function"", ""ghf_direction"": ""y"", ""ghf_fit_points"": 0, ""ghf_height_points"": 3, ""ghf_independent_points"": 3, ""ghf_method"": ""height_function"", ""interval_count"": 1, ""objective"": 2.783916027103812e-19, ""optimizer_message"": ""CONVERGENCE: NORM_OF_PROJECTED_GRADIENT_<=_PGTOL"", ""optimizer_success"": true}"
PLVIRA,PLVIRA,lines,2,128,120,96,reconstructed,0.4610904996925456,0.4610904996925456,0.0,1.2837818007805524e-12,0.0,1.2837818007805524e-12,2.1286525859237834e-21,True,height_function,"{""curvature"": 1.2837818007805524e-12, ""curvature_source"": ""cartesian-ghf"", ""ghf_diagnostic"": ""complete three-column height function"", ""ghf_direction"": ""y"", ""ghf_fit_points"": 0, ""ghf_height_points"": 3, ""ghf_independent_points"": 3, ""ghf_method"": ""height_function"", ""interval_count"": 1, ""objective"": 2.1286525859237834e-21, ""optimizer_message"": ""CONVERGENCE: NORM_OF_PROJECTED_GRADIENT_<=_PGTOL"", ""optimizer_success"": true}"
PLVIRA,PLVIRA,lines,2,128,121,96,reconstructed,0.12867692031659317,0.1286769203166,6.827871601444713e-15,-6.418909003899734e-13,0.0,6.418909003899734e-13,4.265810754392003e-15,True,height_function,"{""curvature"": -6.418909003899734e-13, ""curvature_source"": ""cartesian-ghf"", ""ghf_diagnostic"": ""complete three-column height function"", ""ghf_direction"": ""y"", ""ghf_fit_points"": 0, ""ghf_height_points"": 3, ""ghf_independent_points"": 3, ""ghf_method"": ""height_function"", ""interval_count"": 1, ""objective"": 4.265810754392003e-15, ""optimizer_message"": ""CONVERGENCE: REL_REDUCTION_OF_F_<=_FACTR*EPSMCH"", ""optimizer_success"": true}"
PLVIRA,PLVIRA,lines,2,128,121,97,reconstructed,0.6077623898586353,0.6077623898586354,1.1102230246251565e-16,-6.418909003899734e-13,0.0,6.418909003899734e-13,3.4725820922215916e-16,True,height_function,"{""curvature"": -6.418909003899734e-13, ""curvature_source"": ""cartesian-ghf"", ""ghf_diagnostic"": ""complete three-column height function"", ""ghf_direction"": ""y"", ""ghf_fit_points"": 0, ""ghf_height_points"": 3, ""ghf_independent_points"": 3, ""ghf_method"": ""height_function"", ""interval_count"": 1, ""objective"": 3.4725820922215916e-16, ""optimizer_message"": ""CONVERGENCE: REL_REDUCTION_OF_F_<=_FACTR*EPSMCH"", ""optimizer_success"": true}"
PLVIRA,PLVIRA,lines,2,128,122,97,reconstructed,0.40089569921747165,0.4008956992174715,1.6653345369377348e-16,-6.418909003905791e-13,0.0,6.418909003905791e-13,4.803356112089033e-15,True,height_function,"{""curvature"": -6.418909003905791e-13, ""curvature_source"": ""cartesian-ghf"", ""ghf_diagnostic"": ""complete three-column height function"", ""ghf_direction"": ""y"", ""ghf_fit_points"": 0, ""ghf_height_points"": 3, ""ghf_independent_points"": 3, ""ghf_method"": ""height_function"", ""interval_count"": 1, ""objective"": 4.803356112089033e-15, ""optimizer_message"": ""CONVERGENCE: REL_REDUCTION_OF_F_<=_FACTR*EPSMCH"", ""optimizer_success"": true}"
PLVIRA,PLVIRA,lines,2,128,123,97,reconstructed,0.08098313908749331,0.08098313908749258,7.355227538141662e-16,2.448096492718849e-16,0.0,2.448096492718849e-16,9.244797192310892e-16,True,height_function,"{""curvature"": 2.448096492718849e-16, ""curvature_source"": ""cartesian-ghf"", ""ghf_diagnostic"": ""complete three-column height function"", ""ghf_direction"": ""y"", ""ghf_fit_points"": 0, ""ghf_height_points"": 3, ""ghf_independent_points"": 3, ""ghf_method"": ""height_function"", ""interval_count"": 1, ""objective"": 9.244797192310892e-16, ""optimizer_message"": ""CONVERGENCE: REL_REDUCTION_OF_F_<=_FACTR*EPSMCH"", ""optimizer_success"": true}"
PLVIRA,PLVIRA,lines,2,128,123,98,reconstructed,0.5947205116726764,0.5947205116726766,2.220446049250313e-16,2.448096492718849e-16,0.0,2.448096492718849e-16,6.452427518301394e-23,True,height_function,"{""curvature"": 2.448096492718849e-16, ""curvature_source"": ""cartesian-ghf"", ""ghf_diagnostic"": ""complete three-column height function"", ""ghf_direction"": ""y"", ""ghf_fit_points"": 0, ""ghf_height_points"": 3, ""ghf_independent_points"": 3, ""ghf_method"": ""height_function"", ""interval_count"": 1, ""objective"": 6.452427518301394e-23, ""optimizer_message"": ""CONVERGENCE: NORM_OF_PROJECTED_GRADIENT_<=_PGTOL"", ""optimizer_success"": true}"
PLVIRA,PLVIRA,lines,2,128,124,98,reconstructed,0.3401600398028677,0.3401600398028677,0.0,6.41890900390579e-13,0.0,6.41890900390579e-13,8.030302964420524e-20,True,height_function,"{""curvature"": 6.41890900390579e-13, ""curvature_source"": ""cartesian-ghf"", ""ghf_diagnostic"": ""complete three-column height function"", ""ghf_direction"": ""y"", ""ghf_fit_points"": 0, ""ghf_height_points"": 3, ""ghf_independent_points"": 3, ""ghf_method"": ""height_function"", ""interval_count"": 1, ""objective"": 8.030302964420524e-20, ""optimizer_message"": ""CONVERGENCE: NORM_OF_PROJECTED_GRADIENT_<=_PGTOL"", ""optimizer_success"": true}"
PLVIRA,PLVIRA,lines,2,128,125,98,reconstructed,0.04428292234251785,0.04428292234251782,2.7755575615628914e-17,-1.2837818007817639e-12,0.0,1.2837818007817639e-12,4.450394853975492e-18,True,height_function,"{""curvature"": -1.2837818007817639e-12, ""curvature_source"": ""cartesian-ghf"", ""ghf_diagnostic"": ""complete three-column height function"", ""ghf_direction"": ""y"", ""ghf_fit_points"": 0, ""ghf_height_points"": 3, ""ghf_independent_points"": 3, ""ghf_method"": ""height_function"", ""interval_count"": 1, ""objective"": 4.450394853975492e-18, ""optimizer_message"": ""CONVERGENCE: NORM_OF_PROJECTED_GRADIENT_<=_PGTOL"", ""optimizer_success"": true}"
PLVIRA,PLVIRA,lines,2,128,125,99,reconstructed,0.5706850690025931,0.5706850690025933,2.220446049250313e-16,-1.2837818007817639e-12,0.0,1.2837818007817639e-12,3.554401546655e-19,True,height_function,"{""curvature"": -1.2837818007817639e-12, ""curvature_source"": ""cartesian-ghf"", ""ghf_diagnostic"": ""complete three-column height function"", ""ghf_direction"": ""y"", ""ghf_fit_points"": 0, ""ghf_height_points"": 3, ""ghf_independent_points"": 3, ""ghf_method"": ""height_function"", ""interval_count"": 1, ""objective"": 3.554401546655e-19, ""optimizer_message"": ""CONVERGENCE: NORM_OF_PROJECTED_GRADIENT_<=_PGTOL"", ""optimizer_success"": true}"
PLVIRA,PLVIRA,lines,2,128,126,99,reconstructed,0.27942438038826367,0.27942438038826367,0.0,1.2832921814832204e-12,0.0,1.2832921814832204e-12,5.79244674816028e-19,True,height_function,"{""curvature"": 1.2832921814832204e-12, ""curvature_source"": ""cartesian-ghf"", ""ghf_diagnostic"": ""complete three-column height function"", ""ghf_direction"": ""y"", ""ghf_fit_points"": 0, ""ghf_height_points"": 3, ""ghf_independent_points"": 3, ""ghf_method"": ""height_function"", ""interval_count"": 1, ""objective"": 5.79244674816028e-19, ""optimizer_message"": ""CONVERGENCE: NORM_OF_PROJECTED_GRADIENT_<=_PGTOL"", ""optimizer_success"": true}"
PLVIRA,PLVIRA,lines,2,128,127,99,unsupported,0.018576270083485724,,,,,,,,,"{""boundary_halo_limitation"": true, ""message"": ""PLVIRA requires a complete 3x3 target stencil""}"
PLVIRA,PLVIRA,lines,2,128,127,100,unsupported,0.5356560618470212,,,,,,,,,"{""boundary_halo_limitation"": true, ""message"": ""PLVIRA requires a complete 3x3 target stencil""}"
