method,variant,benchmark,case_index,cells_per_side,cell_x,cell_y,status,target_phase_area,reconstructed_phase_area,absolute_area_residual,curvature_estimate,true_curvature,curvature_absolute_error,objective,optimizer_success,ghf_method,diagnostics_json
PLVIRA,PLVIRA,lines,4,128,23,0,unsupported,0.3050572742497435,,,,,,,,,"{""boundary_halo_limitation"": true, ""message"": ""PLVIRA requires a complete 3x3 target stencil""}"
PLVIRA,PLVIRA,lines,4,128,23,1,reconstructed,0.5942676888846625,0.594267688884663,4.440892098500626e-16,7.445134402589101e-15,0.0,7.445134402589101e-15,8.41218584747354e-21,True,height_function,"{""curvature"": 7.445134402589101e-15, ""curvature_source"": ""cartesian-ghf"", ""ghf_diagnostic"": ""complete three-column height function"", ""ghf_direction"": ""x"", ""ghf_fit_points"": 0, ""ghf_height_points"": 3, ""ghf_independent_points"": 3, ""ghf_method"": ""height_function"", ""interval_count"": 1, ""objective"": 8.41218584747354e-21, ""optimizer_message"": ""CONVERGENCE: NORM_OF_PROJECTED_GRADIENT_<=_PGTOL"", ""optimizer_success"": true}"
PLVIRA,PLVIRA,lines,4,128,24,1,reconstructed,0.09813046521381175,0.09813046521381182,6.938893903907228e-17,7.445134402589101e-15,0.0,7.445134402589101e-15,1.0461956521056061e-15,True,height_function,"{""curvature"": 7.445134402589101e-15, ""curvature_source"": ""cartesian-ghf"", ""ghf_diagnostic"": ""complete three-column height function"", ""ghf_direction"": ""x"", ""ghf_fit_points"": 0, ""ghf_height_points"": 3, ""ghf_independent_points"": 3, ""ghf_method"": ""height_function"", ""interval_count"": 1, ""objective"": 1.0461956521056061e-15, ""optimizer_message"": ""CONVERGENCE: REL_REDUCTION_OF_F_<=_FACTR*EPSMCH"", ""optimizer_success"": true}"
PLVIRA,PLVIRA,lines,4,128,24,2,reconstructed,0.4658015354462605,0.4658015354462595,9.992007221626409e-16,-1.905078508897779e-14,0.0,1.905078508897779e-14,1.828098326968822e-18,True,height_function,"{""curvature"": -1.905078508897779e-14, ""curvature_source"": ""cartesian-ghf"", ""ghf_diagnostic"": ""complete three-column height function"", ""ghf_direction"": ""x"", ""ghf_fit_points"": 0, ""ghf_height_points"": 3, ""ghf_independent_points"": 3, ""ghf_method"": ""height_function"", ""interval_count"": 1, ""objective"": 1.828098326968822e-18, ""optimizer_message"": ""CONVERGENCE: NORM_OF_PROJECTED_GRADIENT_<=_PGTOL"", ""optimizer_success"": true}"
PLVIRA,PLVIRA,lines,4,128,25,2,reconstructed,0.0035859360009382613,0.0035859360009382786,1.734723475976807e-17,-1.905078508897779e-14,0.0,1.905078508897779e-14,2.741137744971231e-18,True,height_function,"{""curvature"": -1.905078508897779e-14, ""curvature_source"": ""cartesian-ghf"", ""ghf_diagnostic"": ""complete three-column height function"", ""ghf_direction"": ""x"", ""ghf_fit_points"": 0, ""ghf_height_points"": 3, ""ghf_independent_points"": 3, ""ghf_method"": ""height_function"", ""interval_count"": 1, ""objective"": 2.741137744971231e-18, ""optimizer_message"": ""CONVERGENCE: NORM_OF_PROJECTED_GRADIENT_<=_PGTOL"", ""optimizer_success"": true}"
PLVIRA,PLVIRA,lines,4,128,25,3,reconstructed,0.2463767887959385,0.24637678879593847,2.7755575615628914e-17,8.977956191357273e-15,0.0,8.977956191357273e-15,1.6695773057115972e-16,True,height_function,"{""curvature"": 8.977956191357273e-15, ""curvature_source"": ""cartesian-ghf"", ""ghf_diagnostic"": ""complete three-column height function"", ""ghf_direction"": ""x"", ""ghf_fit_points"": 0, ""ghf_height_points"": 3, ""ghf_independent_points"": 3, ""ghf_method"": ""height_function"", ""interval_count"": 1, ""objective"": 1.6695773057115972e-16, ""optimizer_message"": ""CONVERGENCE: REL_REDUCTION_OF_F_<=_FACTR*EPSMCH"", ""optimizer_success"": true}"
PLVIRA,PLVIRA,lines,4,128,25,4,reconstructed,0.572912232425324,0.5729122324253257,1.7763568394002505e-15,1.3576421557662485e-14,0.0,1.3576421557662485e-14,2.668016292589131e-12,True,height_function,"{""curvature"": 1.3576421557662485e-14, ""curvature_source"": ""cartesian-ghf"", ""ghf_diagnostic"": ""complete three-column height function"", ""ghf_direction"": ""x"", ""ghf_fit_points"": 0, ""ghf_height_points"": 3, ""ghf_independent_points"": 3, ""ghf_method"": ""height_function"", ""interval_count"": 1, ""objective"": 2.668016292589131e-12, ""optimizer_message"": ""CONVERGENCE: REL_REDUCTION_OF_F_<=_FACTR*EPSMCH"", ""optimizer_success"": true}"
PLVIRA,PLVIRA,lines,4,128,26,4,reconstructed,0.06080543621934709,0.06080543621934713,4.163336342344337e-17,1.3576421557662485e-14,0.0,1.3576421557662485e-14,4.993095106991965e-23,True,height_function,"{""curvature"": 1.3576421557662485e-14, ""curvature_source"": ""cartesian-ghf"", ""ghf_diagnostic"": ""complete three-column height function"", ""ghf_direction"": ""x"", ""ghf_fit_points"": 0, ""ghf_height_points"": 3, ""ghf_independent_points"": 3, ""ghf_method"": ""height_function"", ""interval_count"": 1, ""objective"": 4.993095106991965e-23, ""optimizer_message"": ""CONVERGENCE: NORM_OF_PROJECTED_GRADIENT_<=_PGTOL"", ""optimizer_success"": true}"
PLVIRA,PLVIRA,lines,4,128,26,5,reconstructed,0.410706985993393,0.4107069859933929,1.1102230246251565e-16,-1.7736937841462215e-14,0.0,1.7736937841462215e-14,7.376812226681421e-18,True,height_function,"{""curvature"": -1.7736937841462215e-14, ""curvature_source"": ""cartesian-ghf"", ""ghf_diagnostic"": ""complete three-column height function"", ""ghf_direction"": ""x"", ""ghf_fit_points"": 0, ""ghf_height_points"": 3, ""ghf_independent_points"": 3, ""ghf_method"": ""height_function"", ""interval_count"": 1, ""objective"": 7.376812226681421e-18, ""optimizer_message"": ""CONVERGENCE: NORM_OF_PROJECTED_GRADIENT_<=_PGTOL"", ""optimizer_success"": true}"
PLVIRA,PLVIRA,lines,4,128,26,6,reconstructed,0.6103054915715802,0.6103054915715802,0.0,-2.189745412526165e-16,0.0,2.189745412526165e-16,7.13675513655353e-15,True,height_function,"{""curvature"": -2.189745412526165e-16, ""curvature_source"": ""cartesian-ghf"", ""ghf_diagnostic"": ""complete three-column height function"", ""ghf_direction"": ""x"", ""ghf_fit_points"": 0, ""ghf_height_points"": 3, ""ghf_independent_points"": 3, ""ghf_method"": ""height_function"", ""interval_count"": 1, ""objective"": 7.13675513655353e-15, ""optimizer_message"": ""CONVERGENCE: REL_REDUCTION_OF_F_<=_FACTR*EPSMCH"", ""optimizer_success"": true}"
PLVIRA,PLVIRA,lines,4,128,27,6,reconstructed,0.18774237427054885,0.18774237427054874,1.1102230246251565e-16,-2.189745412526165e-16,0.0,2.189745412526165e-16,1.2616019887609988e-20,True,height_function,"{""curvature"": -2.189745412526165e-16, ""curvature_source"": ""cartesian-ghf"", ""ghf_diagnostic"": ""complete three-column height function"", ""ghf_direction"": ""x"", ""ghf_fit_points"": 0, ""ghf_height_points"": 3, ""ghf_independent_points"": 3, ""ghf_method"": ""height_function"", ""interval_count"": 1, ""objective"": 1.2616019887609988e-20, ""optimizer_message"": ""CONVERGENCE: NORM_OF_PROJECTED_GRADIENT_<=_PGTOL"", ""optimizer_success"": true}"
PLVIRA,PLVIRA,lines,4,128,27,7,reconstructed,0.5426669335758803,0.5426669335758803,0.0,9.196930732609965e-15,0.0,9.196930732609965e-15,5.1724231056867945e-20,True,height_function,"{""curvature"": 9.196930732609965e-15, ""curvature_source"": ""cartesian-ghf"", ""ghf_diagnostic"": ""complete three-column height function"", ""ghf_direction"": ""x"", ""ghf_fit_points"": 0, ""ghf_height_points"": 3, ""ghf_independent_points"": 3, ""ghf_method"": ""height_function"", ""interval_count"": 1, ""objective"": 5.1724231056867945e-20, ""optimizer_message"": ""CONVERGENCE: NORM_OF_PROJECTED_GRADIENT_<=_PGTOL"", ""optimizer_success"": true}"
PLVIRA,PLVIRA,lines,4,128,28,7,reconstructed,0.032370249614984914,0.03237024961498498,6.938893903907228e-17,9.196930732609965e-15,0.0,9.196930732609965e-15,1.9555234763725237e-17,True,height_function,"{""curvature"": 9.196930732609965e-15, ""curvature_source"": ""cartesian-ghf"", ""ghf_diagnostic"": ""complete three-column height function"", ""ghf_direction"": ""x"", ""ghf_fit_points"": 0, ""ghf_height_points"": 3, ""ghf_independent_points"": 3, ""ghf_method"": ""height_function"", ""interval_count"": 1, ""objective"": 1.9555234763725237e-17, ""optimizer_message"": ""CONVERGENCE: REL_REDUCTION_OF_F_<=_FACTR*EPSMCH"", ""optimizer_success"": true}"
PLVIRA,PLVIRA,lines,4,128,28,8,reconstructed,0.35202650053959417,0.3520265005395941,5.551115123125783e-17,8.540007108852245e-15,0.0,8.540007108852245e-15,1.9167989801425465e-15,True,height_function,"{""curvature"": 8.540007108852245e-15, ""curvature_source"": ""cartesian-ghf"", ""ghf_diagnostic"": ""complete three-column height function"", ""ghf_direction"": ""x"", ""ghf_fit_points"": 0, ""ghf_height_points"": 3, ""ghf_independent_points"": 3, ""ghf_method"": ""height_function"", ""interval_count"": 1, ""objective"": 1.9167989801425465e-15, ""optimizer_message"": ""CONVERGENCE: REL_REDUCTION_OF_F_<=_FACTR*EPSMCH"", ""optimizer_success"": true}"
PLVIRA,PLVIRA,lines,4,128,28,9,reconstructed,0.6049555142540015,0.6049555142540016,1.1102230246251565e-16,-1.7517963300209595e-14,0.0,1.7517963300209595e-14,8.597217252329368e-20,True,height_function,"{""curvature"": -1.7517963300209595e-14, ""curvature_source"": ""cartesian-ghf"", ""ghf_diagnostic"": ""complete three-column height function"", ""ghf_direction"": ""x"", ""ghf_fit_points"": 0, ""ghf_height_points"": 3, ""ghf_independent_points"": 3, ""ghf_method"": ""height_function"", ""interval_count"": 1, ""objective"": 8.597217252329368e-20, ""optimizer_message"": ""CONVERGENCE: NORM_OF_PROJECTED_GRADIENT_<=_PGTOL"", ""optimizer_success"": true}"
PLVIRA,PLVIRA,lines,4,128,29,9,reconstructed,0.13441186613431455,0.13441186613432138,6.827871601444713e-15,-1.7517963300209595e-14,0.0,1.7517963300209595e-14,1.2243650172823147e-19,True,height_function,"{""curvature"": -1.7517963300209595e-14, ""curvature_source"": ""cartesian-ghf"", ""ghf_diagnostic"": ""complete three-column height function"", ""ghf_direction"": ""x"", ""ghf_fit_points"": 0, ""ghf_height_points"": 3, ""ghf_independent_points"": 3, ""ghf_method"": ""height_function"", ""interval_count"": 1, ""objective"": 1.2243650172823147e-19, ""optimizer_message"": ""CONVERGENCE: NORM_OF_PROJECTED_GRADIENT_<=_PGTOL"", ""optimizer_success"": true}"
PLVIRA,PLVIRA,lines,4,128,29,10,reconstructed,0.5035317923363607,0.5035317923363606,1.1102230246251565e-16,-2.189745412526165e-16,0.0,2.189745412526165e-16,1.793188869662121e-23,True,height_function,"{""curvature"": -2.189745412526165e-16, ""curvature_source"": ""cartesian-ghf"", ""ghf_diagnostic"": ""complete three-column height function"", ""ghf_direction"": ""x"", ""ghf_fit_points"": 0, ""ghf_height_points"": 3, ""ghf_independent_points"": 3, ""ghf_method"": ""height_function"", ""interval_count"": 1, ""objective"": 1.793188869662121e-23, ""optimizer_message"": ""CONVERGENCE: NORM_OF_PROJECTED_GRADIENT_<=_PGTOL"", ""optimizer_success"": true}"
PLVIRA,PLVIRA,lines,4,128,30,10,reconstructed,0.012824905400691478,0.01282490540069152,4.163336342344337e-17,-2.189745412526165e-16,0.0,2.189745412526165e-16,3.178885019662002e-17,True,height_function,"{""curvature"": -2.189745412526165e-16, ""curvature_source"": ""cartesian-ghf"", ""ghf_diagnostic"": ""complete three-column height function"", ""ghf_direction"": ""x"", ""ghf_fit_points"": 0, ""ghf_height_points"": 3, ""ghf_independent_points"": 3, ""ghf_method"": ""height_function"", ""interval_count"": 1, ""objective"": 3.178885019662002e-17, ""optimizer_message"": ""CONVERGENCE: REL_REDUCTION_OF_F_<=_FACTR*EPSMCH"", ""optimizer_success"": true}"
PLVIRA,PLVIRA,lines,4,128,30,11,reconstructed,0.2933460150857883,0.29334601508578834,5.551115123125783e-17,1.7955912382714837e-14,0.0,1.7955912382714837e-14,1.5909285027840385e-19,True,height_function,"{""curvature"": 1.7955912382714837e-14, ""curvature_source"": ""cartesian-ghf"", ""ghf_diagnostic"": ""complete three-column height function"", ""ghf_direction"": ""x"", ""ghf_fit_points"": 0, ""ghf_height_points"": 3, ""ghf_independent_points"": 3, ""ghf_method"": ""height_function"", ""interval_count"": 1, ""objective"": 1.5909285027840385e-19, ""optimizer_message"": ""CONVERGENCE: NORM_OF_PROJECTED_GRADIENT_<=_PGTOL"", ""optimizer_success"": true}"
PLVIRA,PLVIRA,lines,4,128,30,12,reconstructed,0.5907156945463328,0.5907156945463329,1.1102230246251565e-16,0.0,0.0,0.0,2.783814998394008e-17,True,height_function,"{""curvature"": 0.0, ""curvature_source"": ""cartesian-ghf"", ""ghf_diagnostic"": ""complete three-column height function"", ""ghf_direction"": ""x"", ""ghf_fit_points"": 0, ""ghf_height_points"": 3, ""ghf_independent_points"": 3, ""ghf_method"": ""height_function"", ""interval_count"": 1, ""objective"": 2.783814998394008e-17, ""optimizer_message"": ""CONVERGENCE: REL_REDUCTION_OF_F_<=_FACTR*EPSMCH"", ""optimizer_success"": true}"
PLVIRA,PLVIRA,lines,4,128,31,12,reconstructed,0.08997120038817742,0.08997120038817724,1.8041124150158794e-16,0.0,0.0,0.0,7.043736907366954e-18,True,height_function,"{""curvature"": 0.0, ""curvature_source"": ""cartesian-ghf"", ""ghf_diagnostic"": ""complete three-column height function"", ""ghf_direction"": ""x"", ""ghf_fit_points"": 0, ""ghf_height_points"": 3, ""ghf_independent_points"": 3, ""ghf_method"": ""height_function"", ""interval_count"": 1, ""objective"": 7.043736907366954e-18, ""optimizer_message"": ""CONVERGENCE: REL_REDUCTION_OF_F_<=_FACTR*EPSMCH"", ""optimizer_success"": true}"
PLVIRA,PLVIRA,lines,4,128,31,13,reconstructed,0.455506808706744,0.45550680870674387,1.1102230246251565e-16,-5.3648762606890194e-14,0.0,5.3648762606890194e-14,2.86227445528922e-17,True,height_function,"{""curvature"": -5.3648762606890194e-14, ""curvature_source"": ""cartesian-ghf"", ""ghf_diagnostic"": ""complete three-column height function"", ""ghf_direction"": ""x"", ""ghf_fit_points"": 0, ""ghf_height_points"": 3, ""ghf_independent_points"": 3, ""ghf_method"": ""height_function"", ""interval_count"": 1, ""objective"": 2.86227445528922e-17, ""optimizer_message"": ""CONVERGENCE: REL_REDUCTION_OF_F_<=_FACTR*EPSMCH"", ""optimizer_success"": true}"
PLVIRA,PLVIRA,lines,4,128,32,13,reconstructed,0.0021694035764880937,0.0021694035764881145,2.0816681711721685e-17,-5.3648762606890194e-14,0.0,5.3648762606890194e-14,4.4669636817510934e-17,True,height_function,"{""curvature"": -5.3648762606890194e-14, ""curvature_source"": ""cartesian-ghf"", ""ghf_diagnostic"": ""complete three-column height function"", ""ghf_direction"": ""x"", ""ghf_fit_points"": 0, ""ghf_height_points"": 3, ""ghf_independent_points"": 3, ""ghf_method"": ""height_function"", ""interval_count"": 1, ""objective"": 4.4669636817510934e-17, ""optimizer_message"": ""CONVERGENCE: REL_REDUCTION_OF_F_<=_FACTR*EPSMCH"", ""optimizer_success"": true}"
PLVIRA,PLVIRA,lines,4,128,32,14,reconstructed,0.23466552963199658,0.2346655296319966,2.7755575615628914e-17,8.91226382898163e-14,0.0,8.91226382898163e-14,4.837547193575663e-18,True,height_function,"{""curvature"": 8.91226382898163e-14, ""curvature_source"": ""cartesian-ghf"", ""ghf_diagnostic"": ""complete three-column height function"", ""ghf_direction"": ""x"", ""ghf_fit_points"": 0, ""ghf_height_points"": 3, ""ghf_independent_points"": 3, ""ghf_method"": ""height_function"", ""interval_count"": 1, ""objective"": 4.837547193575663e-18, ""optimizer_message"": ""CONVERGENCE: NORM_OF_PROJECTED_GRADIENT_<=_PGTOL"", ""optimizer_success"": true}"
PLVIRA,PLVIRA,lines,4,128,32,15,reconstructed,0.5675860324485598,0.5675860324485599,1.1102230246251565e-16,-1.0707855067252942e-13,0.0,1.0707855067252942e-13,5.270417413478984e-18,True,height_function,"{""curvature"": -1.0707855067252942e-13, ""curvature_source"": ""cartesian-ghf"", ""ghf_diagnostic"": ""complete three-column height function"", ""ghf_direction"": ""x"", ""ghf_fit_points"": 0, ""ghf_height_points"": 3, ""ghf_independent_points"": 3, ""ghf_method"": ""height_function"", ""interval_count"": 1, ""objective"": 5.270417413478984e-18, ""optimizer_message"": ""CONVERGENCE: NORM_OF_PROJECTED_GRADIENT_<=_PGTOL"", ""optimizer_success"": true}"
PLVIRA,PLVIRA,lines,4,128,33,15,reconstructed,0.05442037703213032,0.054420377032130374,5.551115123125783e-17,-1.0707855067252942e-13,0.0,1.0707855067252942e-13,9.903161504635126e-22,True,height_function,"{""curvature"": -1.0707855067252942e-13, ""curvature_source"": ""cartesian-ghf"", ""ghf_diagnostic"": ""complete three-column height function"", ""ghf_direction"": ""x"", ""ghf_fit_points"": 0, ""ghf_height_points"": 3, ""ghf_independent_points"": 3, ""ghf_method"": ""height_function"", ""interval_count"": 1, ""objective"": 9.903161504635126e-22, ""optimizer_message"": ""CONVERGENCE: NORM_OF_PROJECTED_GRADIENT_<=_PGTOL"", ""optimizer_success"": true}"
PLVIRA,PLVIRA,lines,4,128,33,16,reconstructed,0.3989957268294688,0.3989957268294688,0.0,1.075164997550347e-13,0.0,1.075164997550347e-13,1.2524499659923816e-15,True,height_function,"{""curvature"": 1.075164997550347e-13, ""curvature_source"": ""cartesian-ghf"", ""ghf_diagnostic"": ""complete three-column height function"", ""ghf_direction"": ""x"", ""ghf_fit_points"": 0, ""ghf_height_points"": 3, ""ghf_independent_points"": 3, ""ghf_method"": ""height_function"", ""interval_count"": 1, ""objective"": 1.2524499659923816e-15, ""optimizer_message"": ""CONVERGENCE: REL_REDUCTION_OF_F_<=_FACTR*EPSMCH"", ""optimizer_success"": true}"
PLVIRA,PLVIRA,lines,4,128,33,17,reconstructed,0.6099478183575968,0.609947818357597,2.220446049250313e-16,-3.5692850224178746e-14,0.0,3.5692850224178746e-14,2.379340700525863e-15,True,height_function,"{""curvature"": -3.5692850224178746e-14, ""curvature_source"": ""cartesian-ghf"", ""ghf_diagnostic"": ""complete three-column height function"", ""ghf_direction"": ""x"", ""ghf_fit_points"": 0, ""ghf_height_points"": 3, ""ghf_independent_points"": 3, ""ghf_method"": ""height_function"", ""interval_count"": 1, ""objective"": 2.379340700525863e-15, ""optimizer_message"": ""CONVERGENCE: REL_REDUCTION_OF_F_<=_FACTR*EPSMCH"", ""optimizer_success"": true}"
PLVIRA,PLVIRA,lines,4,128,34,17,reconstructed,0.17638878832056548,0.17638878832056548,0.0,-3.591182476543137e-14,0.0,3.591182476543137e-14,8.999138002903316e-15,True,height_function,"{""curvature"": -3.591182476543137e-14, ""curvature_source"": ""cartesian-ghf"", ""ghf_diagnostic"": ""complete three-column height function"", ""ghf_direction"": ""x"", ""ghf_fit_points"": 0, ""ghf_height_points"": 3, ""ghf_independent_points"": 3, ""ghf_method"": ""height_function"", ""interval_count"": 1, ""objective"": 8.999138002903316e-15, ""optimizer_message"": ""CONVERGENCE: REL_REDUCTION_OF_F_<=_FACTR*EPSMCH"", ""optimizer_success"": true}"
PLVIRA,PLVIRA,lines,4,128,34,18,reconstructed,0.5355665279607251,0.5355665279607371,1.199040866595169e-14,-3.569285022417649e-14,0.0,3.569285022417649e-14,1.2630994832589673e-22,True,height_function,"{""curvature"": -3.569285022417649e-14, ""curvature_source"": ""cartesian-ghf"", ""ghf_diagnostic"": ""complete three-column height function"", ""ghf_direction"": ""x"", ""ghf_fit_points"": 0, ""ghf_height_points"": 3, ""ghf_independent_points"": 3, ""ghf_method"": ""height_function"", ""interval_count"": 1, ""objective"": 1.2630994832589673e-22, ""optimizer_message"": ""CONVERGENCE: NORM_OF_PROJECTED_GRADIENT_<=_PGTOL"", ""optimizer_success"": true}"
PLVIRA,PLVIRA,lines,4,128,35,18,reconstructed,0.02775939606615907,0.027759396066159042,2.7755575615628914e-17,-3.569285022417649e-14,0.0,3.569285022417649e-14,6.895954570401228e-18,True,height_function,"{""curvature"": -3.569285022417649e-14, ""curvature_source"": ""cartesian-ghf"", ""ghf_diagnostic"": ""complete three-column height function"", ""ghf_direction"": ""x"", ""ghf_fit_points"": 0, ""ghf_height_points"": 3, ""ghf_independent_points"": 3, ""ghf_method"": ""height_function"", ""interval_count"": 1, ""objective"": 6.895954570401228e-18, ""optimizer_message"": ""CONVERGENCE: REL_REDUCTION_OF_F_<=_FACTR*EPSMCH"", ""optimizer_success"": true}"
PLVIRA,PLVIRA,lines,4,128,35,19,reconstructed,0.3403152413756345,0.34031524137563446,5.551115123125783e-17,3.569285022417649e-14,0.0,3.569285022417649e-14,1.2314565764846395e-14,True,height_function,"{""curvature"": 3.569285022417649e-14, ""curvature_source"": ""cartesian-ghf"", ""ghf_diagnostic"": ""complete three-column height function"", ""ghf_direction"": ""x"", ""ghf_fit_points"": 0, ""ghf_height_points"": 3, ""ghf_independent_points"": 3, ""ghf_method"": ""height_function"", ""interval_count"": 1, ""objective"": 1.2314565764846395e-14, ""optimizer_message"": ""CONVERGENCE: REL_REDUCTION_OF_F_<=_FACTR*EPSMCH"", ""optimizer_success"": true}"
PLVIRA,PLVIRA,lines,4,128,35,20,reconstructed,0.6028236354016201,0.6028236354016202,1.1102230246251565e-16,2.1897454125262344e-16,0.0,2.1897454125262344e-16,1.3890048892780625e-21,True,height_function,"{""curvature"": 2.1897454125262344e-16, ""curvature_source"": ""cartesian-ghf"", ""ghf_diagnostic"": ""complete three-column height function"", ""ghf_direction"": ""x"", ""ghf_fit_points"": 0, ""ghf_height_points"": 3, ""ghf_independent_points"": 3, ""ghf_method"": ""height_function"", ""interval_count"": 1, ""objective"": 1.3890048892780625e-21, ""optimizer_message"": ""CONVERGENCE: NORM_OF_PROJECTED_GRADIENT_<=_PGTOL"", ""optimizer_success"": true}"
PLVIRA,PLVIRA,lines,4,128,36,20,reconstructed,0.12483248582273632,0.1248324858227363,1.3877787807814457e-17,0.0,0.0,0.0,8.7559981070195e-21,True,height_function,"{""curvature"": 0.0, ""curvature_source"": ""cartesian-ghf"", ""ghf_diagnostic"": ""complete three-column height function"", ""ghf_direction"": ""x"", ""ghf_fit_points"": 0, ""ghf_height_points"": 3, ""ghf_independent_points"": 3, ""ghf_method"": ""height_function"", ""interval_count"": 1, ""objective"": 8.7559981070195e-21, ""optimizer_message"": ""CONVERGENCE: NORM_OF_PROJECTED_GRADIENT_<=_PGTOL"", ""optimizer_success"": true}"
PLVIRA,PLVIRA,lines,4,128,36,21,reconstructed,0.49465718108280043,0.49465718108280043,0.0,0.0,0.0,0.0,5.318578241977219e-22,True,height_function,"{""curvature"": 0.0, ""curvature_source"": ""cartesian-ghf"", ""ghf_diagnostic"": ""complete three-column height function"", ""ghf_direction"": ""x"", ""ghf_fit_points"": 0, ""ghf_height_points"": 3, ""ghf_independent_points"": 3, ""ghf_method"": ""height_function"", ""interval_count"": 1, ""objective"": 5.318578241977219e-22, ""optimizer_message"": ""CONVERGENCE: NORM_OF_PROJECTED_GRADIENT_<=_PGTOL"", ""optimizer_success"": true}"
PLVIRA,PLVIRA,lines,4,128,37,21,reconstructed,0.009988257490277873,0.009988257490277846,2.6020852139652106e-17,0.0,0.0,0.0,2.713853133997832e-15,True,height_function,"{""curvature"": 0.0, ""curvature_source"": ""cartesian-ghf"", ""ghf_diagnostic"": ""complete three-column height function"", ""ghf_direction"": ""x"", ""ghf_fit_points"": 0, ""ghf_height_points"": 3, ""ghf_independent_points"": 3, ""ghf_method"": ""height_function"", ""interval_count"": 1, ""objective"": 2.713853133997832e-15, ""optimizer_message"": ""CONVERGENCE: REL_REDUCTION_OF_F_<=_FACTR*EPSMCH"", ""optimizer_success"": true}"
PLVIRA,PLVIRA,lines,4,128,37,22,reconstructed,0.2816347559218002,0.28163475592180015,5.551115123125783e-17,-3.569285022417649e-14,0.0,3.569285022417649e-14,7.093418899150482e-22,True,height_function,"{""curvature"": -3.569285022417649e-14, ""curvature_source"": ""cartesian-ghf"", ""ghf_diagnostic"": ""complete three-column height function"", ""ghf_direction"": ""x"", ""ghf_fit_points"": 0, ""ghf_height_points"": 3, ""ghf_independent_points"": 3, ""ghf_method"": ""height_function"", ""interval_count"": 1, ""objective"": 7.093418899150482e-22, ""optimizer_message"": ""CONVERGENCE: NORM_OF_PROJECTED_GRADIENT_<=_PGTOL"", ""optimizer_success"": true}"
PLVIRA,PLVIRA,lines,4,128,37,23,reconstructed,0.5868096100555249,0.5868096100555249,0.0,7.160467498960785e-14,0.0,7.160467498960785e-14,5.252802204423873e-15,True,height_function,"{""curvature"": 7.160467498960785e-14, ""curvature_source"": ""cartesian-ghf"", ""ghf_diagnostic"": ""complete three-column height function"", ""ghf_direction"": ""x"", ""ghf_fit_points"": 0, ""ghf_height_points"": 3, ""ghf_independent_points"": 3, ""ghf_method"": ""height_function"", ""interval_count"": 1, ""objective"": 5.252802204423873e-15, ""optimizer_message"": ""CONVERGENCE: REL_REDUCTION_OF_F_<=_FACTR*EPSMCH"", ""optimizer_success"": true}"
PLVIRA,PLVIRA,lines,4,128,38,23,reconstructed,0.08216602571502563,0.08216602571502409,1.5404344466674047e-15,7.138570044835522e-14,0.0,7.138570044835522e-14,2.1475653352692345e-21,True,height_function,"{""curvature"": 7.138570044835522e-14, ""curvature_source"": ""cartesian-ghf"", ""ghf_diagnostic"": ""complete three-column height function"", ""ghf_direction"": ""x"", ""ghf_fit_points"": 0, ""ghf_height_points"": 3, ""ghf_independent_points"": 3, ""ghf_method"": ""height_function"", ""interval_count"": 1, ""objective"": 2.1475653352692345e-21, ""optimizer_message"": ""CONVERGENCE: NORM_OF_PROJECTED_GRADIENT_<=_PGTOL"", ""optimizer_success"": true}"
PLVIRA,PLVIRA,lines,4,128,38,24,reconstructed,0.44485799181472885,0.44485799181472896,1.1102230246251565e-16,-1.4342832452045922e-13,0.0,1.4342832452045922e-13,4.983986042293375e-16,True,height_function,"{""curvature"": -1.4342832452045922e-13, ""curvature_source"": ""cartesian-ghf"", ""ghf_diagnostic"": ""complete three-column height function"", ""ghf_direction"": ""x"", ""ghf_fit_points"": 0, ""ghf_height_points"": 3, ""ghf_independent_points"": 3, ""ghf_method"": ""height_function"", ""interval_count"": 1, ""objective"": 4.983986042293375e-16, ""optimizer_message"": ""CONVERGENCE: REL_REDUCTION_OF_F_<=_FACTR*EPSMCH"", ""optimizer_success"": true}"
PLVIRA,PLVIRA,lines,4,128,39,24,reconstructed,0.0011069613045151527,0.0011069613045149862,1.6653345369377348e-16,-1.4342832452045922e-13,0.0,1.4342832452045922e-13,4.307762098903418e-16,True,height_function,"{""curvature"": -1.4342832452045922e-13, ""curvature_source"": ""cartesian-ghf"", ""ghf_diagnostic"": ""complete three-column height function"", ""ghf_direction"": ""x"", ""ghf_fit_points"": 0, ""ghf_height_points"": 3, ""ghf_independent_points"": 3, ""ghf_method"": ""height_function"", ""interval_count"": 1, ""objective"": 4.307762098903418e-16, ""optimizer_message"": ""CONVERGENCE: REL_REDUCTION_OF_F_<=_FACTR*EPSMCH"", ""optimizer_success"": true}"
PLVIRA,PLVIRA,lines,4,128,39,25,reconstructed,0.22295427046805116,0.22295427046805116,0.0,2.1547094859258143e-13,0.0,2.1547094859258143e-13,3.521515949610104e-21,True,height_function,"{""curvature"": 2.1547094859258143e-13, ""curvature_source"": ""cartesian-ghf"", ""ghf_diagnostic"": ""complete three-column height function"", ""ghf_direction"": ""x"", ""ghf_fit_points"": 0, ""ghf_height_points"": 3, ""ghf_independent_points"": 3, ""ghf_method"": ""height_function"", ""interval_count"": 1, ""objective"": 3.521515949610104e-21, ""optimizer_message"": ""CONVERGENCE: NORM_OF_PROJECTED_GRADIENT_<=_PGTOL"", ""optimizer_success"": true}"
PLVIRA,PLVIRA,lines,4,128,39,26,reconstructed,0.5619057423193681,0.5619057423193681,0.0,-1.4364729906173e-13,0.0,1.4364729906173e-13,4.100865859800272e-16,True,height_function,"{""curvature"": -1.4364729906173e-13, ""curvature_source"": ""cartesian-ghf"", ""ghf_diagnostic"": ""complete three-column height function"", ""ghf_direction"": ""x"", ""ghf_fit_points"": 0, ""ghf_height_points"": 3, ""ghf_independent_points"": 3, ""ghf_method"": ""height_function"", ""interval_count"": 1, ""objective"": 4.100865859800272e-16, ""optimizer_message"": ""CONVERGENCE: REL_REDUCTION_OF_F_<=_FACTR*EPSMCH"", ""optimizer_success"": true}"
PLVIRA,PLVIRA,lines,4,128,40,26,reconstructed,0.048389407997319715,0.04838940799731975,3.469446951953614e-17,-1.4364729906173e-13,0.0,1.4364729906173e-13,3.9206298703988643e-16,True,height_function,"{""curvature"": -1.4364729906173e-13, ""curvature_source"": ""cartesian-ghf"", ""ghf_diagnostic"": ""complete three-column height function"", ""ghf_direction"": ""x"", ""ghf_fit_points"": 0, ""ghf_height_points"": 3, ""ghf_independent_points"": 3, ""ghf_method"": ""height_function"", ""interval_count"": 1, ""objective"": 3.9206298703988643e-16, ""optimizer_message"": ""CONVERGENCE: REL_REDUCTION_OF_F_<=_FACTR*EPSMCH"", ""optimizer_success"": true}"
PLVIRA,PLVIRA,lines,4,128,40,27,reconstructed,0.3872844676654381,0.3872844676654381,0.0,0.0,0.0,0.0,3.786593862144664e-21,True,height_function,"{""curvature"": 0.0, ""curvature_source"": ""cartesian-ghf"", ""ghf_diagnostic"": ""complete three-column height function"", ""ghf_direction"": ""x"", ""ghf_fit_points"": 0, ""ghf_height_points"": 3, ""ghf_independent_points"": 3, ""ghf_method"": ""height_function"", ""interval_count"": 1, ""objective"": 3.786593862144664e-21, ""optimizer_message"": ""CONVERGENCE: NORM_OF_PROJECTED_GRADIENT_<=_PGTOL"", ""optimizer_success"": true}"
PLVIRA,PLVIRA,lines,4,128,40,28,reconstructed,0.6092360549911859,0.6092360549911859,0.0,7.20426240721131e-14,0.0,7.20426240721131e-14,4.2247327887763345e-16,True,height_function,"{""curvature"": 7.20426240721131e-14, ""curvature_source"": ""cartesian-ghf"", ""ghf_diagnostic"": ""complete three-column height function"", ""ghf_direction"": ""x"", ""ghf_fit_points"": 0, ""ghf_height_points"": 3, ""ghf_independent_points"": 3, ""ghf_method"": ""height_function"", ""interval_count"": 1, ""objective"": 4.2247327887763345e-16, ""optimizer_message"": ""CONVERGENCE: REL_REDUCTION_OF_F_<=_FACTR*EPSMCH"", ""optimizer_success"": true}"
PLVIRA,PLVIRA,lines,4,128,41,28,reconstructed,0.1653892925230025,0.16538929252300238,1.1102230246251565e-16,7.20426240721131e-14,0.0,7.20426240721131e-14,4.846741206977923e-16,True,height_function,"{""curvature"": 7.20426240721131e-14, ""curvature_source"": ""cartesian-ghf"", ""ghf_diagnostic"": ""complete three-column height function"", ""ghf_direction"": ""x"", ""ghf_fit_points"": 0, ""ghf_height_points"": 3, ""ghf_independent_points"": 3, ""ghf_method"": ""height_function"", ""interval_count"": 1, ""objective"": 4.846741206977923e-16, ""optimizer_message"": ""CONVERGENCE: REL_REDUCTION_OF_F_<=_FACTR*EPSMCH"", ""optimizer_success"": true}"
PLVIRA,PLVIRA,lines,4,128,41,29,reconstructed,0.5281120321930644,0.5281120321930657,1.3322676295501878e-15,-7.20426240721131e-14,0.0,7.20426240721131e-14,2.3818143199959523e-21,True,height_function,"{""curvature"": -7.20426240721131e-14, ""curvature_source"": ""cartesian-ghf"", ""ghf_diagnostic"": ""complete three-column height function"", ""ghf_direction"": ""x"", ""ghf_fit_points"": 0, ""ghf_height_points"": 3, ""ghf_independent_points"": 3, ""ghf_method"": ""height_function"", ""interval_count"": 1, ""objective"": 2.3818143199959523e-21, ""optimizer_message"": ""CONVERGENCE: NORM_OF_PROJECTED_GRADIENT_<=_PGTOL"", ""optimizer_success"": true}"
PLVIRA,PLVIRA,lines,4,128,42,29,reconstructed,0.023502632669817558,0.0235026326698176,4.163336342344337e-17,-7.20426240721131e-14,0.0,7.20426240721131e-14,5.738756417170583e-15,True,height_function,"{""curvature"": -7.20426240721131e-14, ""curvature_source"": ""cartesian-ghf"", ""ghf_diagnostic"": ""complete three-column height function"", ""ghf_direction"": ""x"", ""ghf_fit_points"": 0, ""ghf_height_points"": 3, ""ghf_independent_points"": 3, ""ghf_method"": ""height_function"", ""interval_count"": 1, ""objective"": 5.738756417170583e-15, ""optimizer_message"": ""CONVERGENCE: REL_REDUCTION_OF_F_<=_FACTR*EPSMCH"", ""optimizer_success"": true}"
PLVIRA,PLVIRA,lines,4,128,42,30,reconstructed,0.3286039822116323,0.3286039822116322,1.1102230246251565e-16,0.0,0.0,0.0,7.215196270278642e-22,True,height_function,"{""curvature"": 0.0, ""curvature_source"": ""cartesian-ghf"", ""ghf_diagnostic"": ""complete three-column height function"", ""ghf_direction"": ""x"", ""ghf_fit_points"": 0, ""ghf_height_points"": 3, ""ghf_independent_points"": 3, ""ghf_method"": ""height_function"", ""interval_count"": 1, ""objective"": 7.215196270278642e-22, ""optimizer_message"": ""CONVERGENCE: NORM_OF_PROJECTED_GRADIENT_<=_PGTOL"", ""optimizer_success"": true}"
PLVIRA,PLVIRA,lines,4,128,42,31,reconstructed,0.6003376663967401,0.6003376663967401,0.0,7.20426240721131e-14,0.0,7.20426240721131e-14,2.6127880321431173e-15,True,height_function,"{""curvature"": 7.20426240721131e-14, ""curvature_source"": ""cartesian-ghf"", ""ghf_diagnostic"": ""complete three-column height function"", ""ghf_direction"": ""x"", ""ghf_fit_points"": 0, ""ghf_height_points"": 3, ""ghf_independent_points"": 3, ""ghf_method"": ""height_function"", ""interval_count"": 1, ""objective"": 2.6127880321431173e-15, ""optimizer_message"": ""CONVERGENCE: REL_REDUCTION_OF_F_<=_FACTR*EPSMCH"", ""optimizer_success"": true}"
PLVIRA,PLVIRA,lines,4,128,43,31,reconstructed,0.11560719566364241,0.11560719566364241,0.0,7.182364953086047e-14,0.0,7.182364953086047e-14,5.16591988851242e-22,True,height_function,"{""curvature"": 7.182364953086047e-14, ""curvature_source"": ""cartesian-ghf"", ""ghf_diagnostic"": ""complete three-column height function"", ""ghf_direction"": ""x"", ""ghf_fit_points"": 0, ""ghf_height_points"": 3, ""ghf_independent_points"": 3, ""ghf_method"": ""height_function"", ""interval_count"": 1, ""objective"": 5.16591988851242e-22, ""optimizer_message"": ""CONVERGENCE: NORM_OF_PROJECTED_GRADIENT_<=_PGTOL"", ""optimizer_success"": true}"
PLVIRA,PLVIRA,lines,4,128,43,32,reconstructed,0.4854284796766706,0.48542847967667047,1.1102230246251565e-16,-7.182364953086047e-14,0.0,7.182364953086047e-14,8.985696779997737e-21,True,height_function,"{""curvature"": -7.182364953086047e-14, ""curvature_source"": ""cartesian-ghf"", ""ghf_diagnostic"": ""complete three-column height function"", ""ghf_direction"": ""x"", ""ghf_fit_points"": 0, ""ghf_height_points"": 3, ""ghf_independent_points"": 3, ""ghf_method"": ""height_function"", ""interval_count"": 1, ""objective"": 8.985696779997737e-21, ""optimizer_message"": ""CONVERGENCE: NORM_OF_PROJECTED_GRADIENT_<=_PGTOL"", ""optimizer_success"": true}"
PLVIRA,PLVIRA,lines,4,128,44,32,reconstructed,0.007505699732405446,0.007505699732405384,6.245004513516506e-17,-7.182364953086047e-14,0.0,7.182364953086047e-14,1.4513082066078974e-21,True,height_function,"{""curvature"": -7.182364953086047e-14, ""curvature_source"": ""cartesian-ghf"", ""ghf_diagnostic"": ""complete three-column height function"", ""ghf_direction"": ""x"", ""ghf_fit_points"": 0, ""ghf_height_points"": 3, ""ghf_independent_points"": 3, ""ghf_method"": ""height_function"", ""interval_count"": 1, ""objective"": 1.4513082066078974e-21, ""optimizer_message"": ""CONVERGENCE: NORM_OF_PROJECTED_GRADIENT_<=_PGTOL"", ""optimizer_success"": true}"
PLVIRA,PLVIRA,lines,4,128,44,33,reconstructed,0.26992349675782634,0.2699234967578263,5.551115123125783e-17,7.20426240721131e-14,0.0,7.20426240721131e-14,1.2125905930228201e-14,True,height_function,"{""curvature"": 7.20426240721131e-14, ""curvature_source"": ""cartesian-ghf"", ""ghf_diagnostic"": ""complete three-column height function"", ""ghf_direction"": ""x"", ""ghf_fit_points"": 0, ""ghf_height_points"": 3, ""ghf_independent_points"": 3, ""ghf_method"": ""height_function"", ""interval_count"": 1, ""objective"": 1.2125905930228201e-14, ""optimizer_message"": ""CONVERGENCE: REL_REDUCTION_OF_F_<=_FACTR*EPSMCH"", ""optimizer_success"": true}"
PLVIRA,PLVIRA,lines,4,128,44,34,reconstructed,0.5825494354122043,0.5825494354122043,0.0,-2.1568992313380677e-13,0.0,2.1568992313380677e-13,1.648585782226172e-17,True,height_function,"{""curvature"": -2.1568992313380677e-13, ""curvature_source"": ""cartesian-ghf"", ""ghf_diagnostic"": ""complete three-column height function"", ""ghf_direction"": ""x"", ""ghf_fit_points"": 0, ""ghf_height_points"": 3, ""ghf_independent_points"": 3, ""ghf_method"": ""height_function"", ""interval_count"": 1, ""objective"": 1.648585782226172e-17, ""optimizer_message"": ""CONVERGENCE: REL_REDUCTION_OF_F_<=_FACTR*EPSMCH"", ""optimizer_success"": true}"
PLVIRA,PLVIRA,lines,4,128,45,34,reconstructed,0.07471494119431554,0.07471494119430326,1.2281842209915794e-14,-2.1568992313380677e-13,0.0,2.1568992313380677e-13,1.1935534164653848e-22,True,height_function,"{""curvature"": -2.1568992313380677e-13, ""curvature_source"": ""cartesian-ghf"", ""ghf_diagnostic"": ""complete three-column height function"", ""ghf_direction"": ""x"", ""ghf_fit_points"": 0, ""ghf_height_points"": 3, ""ghf_independent_points"": 3, ""ghf_method"": ""height_function"", ""interval_count"": 1, ""objective"": 1.1935534164653848e-22, ""optimizer_message"": ""CONVERGENCE: NORM_OF_PROJECTED_GRADIENT_<=_PGTOL"", ""optimizer_success"": true}"
PLVIRA,PLVIRA,lines,4,128,45,35,reconstructed,0.43385508477030044,0.4338550847703005,5.551115123125783e-17,3.5911824765430237e-13,0.0,3.5911824765430237e-13,9.257160471731497e-15,True,height_function,"{""curvature"": 3.5911824765430237e-13, ""curvature_source"": ""cartesian-ghf"", ""ghf_diagnostic"": ""complete three-column height function"", ""ghf_direction"": ""x"", ""ghf_fit_points"": 0, ""ghf_height_points"": 3, ""ghf_independent_points"": 3, ""ghf_method"": ""height_function"", ""interval_count"": 1, ""objective"": 9.257160471731497e-15, ""optimizer_message"": ""CONVERGENCE: REL_REDUCTION_OF_F_<=_FACTR*EPSMCH"", ""optimizer_success"": true}"
PLVIRA,PLVIRA,lines,4,128,46,35,reconstructed,0.0003986091850833873,0.0003986091850830334,3.5388358909926865e-16,3.5911824765430237e-13,0.0,3.5911824765430237e-13,2.4092268834829843e-15,True,height_function,"{""curvature"": 3.5911824765430237e-13, ""curvature_source"": ""cartesian-ghf"", ""ghf_diagnostic"": ""complete three-column height function"", ""ghf_direction"": ""x"", ""ghf_fit_points"": 0, ""ghf_height_points"": 3, ""ghf_independent_points"": 3, ""ghf_method"": ""height_function"", ""interval_count"": 1, ""objective"": 2.4092268834829843e-15, ""optimizer_message"": ""CONVERGENCE: REL_REDUCTION_OF_F_<=_FACTR*EPSMCH"", ""optimizer_success"": true}"
PLVIRA,PLVIRA,lines,4,128,46,36,reconstructed,0.2112430113039636,0.21124301130396372,1.1102230246251565e-16,-4.3072292264388314e-13,0.0,4.3072292264388314e-13,1.1940061814722335e-15,True,height_function,"{""curvature"": -4.3072292264388314e-13, ""curvature_source"": ""cartesian-ghf"", ""ghf_diagnostic"": ""complete three-column height function"", ""ghf_direction"": ""x"", ""ghf_fit_points"": 0, ""ghf_height_points"": 3, ""ghf_independent_points"": 3, ""ghf_method"": ""height_function"", ""interval_count"": 1, ""objective"": 1.1940061814722335e-15, ""optimizer_message"": ""CONVERGENCE: REL_REDUCTION_OF_F_<=_FACTR*EPSMCH"", ""optimizer_success"": true}"
PLVIRA,PLVIRA,lines,4,128,46,37,reconstructed,0.555871362037692,0.555871362037692,0.0,2.868566490408822e-13,0.0,2.868566490408822e-13,9.734889068639132e-22,True,height_function,"{""curvature"": 2.868566490408822e-13, ""curvature_source"": ""cartesian-ghf"", ""ghf_diagnostic"": ""complete three-column height function"", ""ghf_direction"": ""x"", ""ghf_fit_points"": 0, ""ghf_height_points"": 3, ""ghf_independent_points"": 3, ""ghf_method"": ""height_function"", ""interval_count"": 1, ""objective"": 9.734889068639132e-22, ""optimizer_message"": ""CONVERGENCE: NORM_OF_PROJECTED_GRADIENT_<=_PGTOL"", ""optimizer_success"": true}"
PLVIRA,PLVIRA,lines,4,128,47,37,reconstructed,0.04271252911519242,0.04271252911519234,7.632783294297951e-17,2.868566490408822e-13,0.0,2.868566490408822e-13,5.08183149702804e-18,True,height_function,"{""curvature"": 2.868566490408822e-13, ""curvature_source"": ""cartesian-ghf"", ""ghf_diagnostic"": ""complete three-column height function"", ""ghf_direction"": ""x"", ""ghf_fit_points"": 0, ""ghf_height_points"": 3, ""ghf_independent_points"": 3, ""ghf_method"": ""height_function"", ""interval_count"": 1, ""objective"": 5.08183149702804e-18, ""optimizer_message"": ""CONVERGENCE: NORM_OF_PROJECTED_GRADIENT_<=_PGTOL"", ""optimizer_success"": true}"
PLVIRA,PLVIRA,lines,4,128,47,38,reconstructed,0.37557320850157794,0.375573208501578,5.551115123125783e-17,2.1897454125263714e-16,0.0,2.1897454125263714e-16,5.170679905502602e-18,True,height_function,"{""curvature"": 2.1897454125263714e-16, ""curvature_source"": ""cartesian-ghf"", ""ghf_diagnostic"": ""complete three-column height function"", ""ghf_direction"": ""x"", ""ghf_fit_points"": 0, ""ghf_height_points"": 3, ""ghf_independent_points"": 3, ""ghf_method"": ""height_function"", ""interval_count"": 1, ""objective"": 5.170679905502602e-18, ""optimizer_message"": ""CONVERGENCE: NORM_OF_PROJECTED_GRADIENT_<=_PGTOL"", ""optimizer_success"": true}"
PLVIRA,PLVIRA,lines,4,128,47,39,reconstructed,0.6081702014722623,0.6081702014722624,1.1102230246251565e-16,1.436472990617482e-13,0.0,1.436472990617482e-13,4.35970675630526e-17,True,height_function,"{""curvature"": 1.436472990617482e-13, ""curvature_source"": ""cartesian-ghf"", ""ghf_diagnostic"": ""complete three-column height function"", ""ghf_direction"": ""x"", ""ghf_fit_points"": 0, ""ghf_height_points"": 3, ""ghf_independent_points"": 3, ""ghf_method"": ""height_function"", ""interval_count"": 1, ""objective"": 4.35970675630526e-17, ""optimizer_message"": ""CONVERGENCE: REL_REDUCTION_OF_F_<=_FACTR*EPSMCH"", ""optimizer_success"": true}"
PLVIRA,PLVIRA,lines,4,128,48,39,reconstructed,0.1547438868780091,0.1547438868780092,8.326672684688674e-17,1.436472990617482e-13,0.0,1.436472990617482e-13,2.7858922946003135e-17,True,height_function,"{""curvature"": 1.436472990617482e-13, ""curvature_source"": ""cartesian-ghf"", ""ghf_diagnostic"": ""complete three-column height function"", ""ghf_direction"": ""x"", ""ghf_fit_points"": 0, ""ghf_height_points"": 3, ""ghf_independent_points"": 3, ""ghf_method"": ""height_function"", ""interval_count"": 1, ""objective"": 2.7858922946003135e-17, ""optimizer_message"": ""CONVERGENCE: REL_REDUCTION_OF_F_<=_FACTR*EPSMCH"", ""optimizer_success"": true}"
PLVIRA,PLVIRA,lines,4,128,48,40,reconstructed,0.5203034462729192,0.5203034462729192,0.0,-4.3072292264388314e-13,0.0,4.3072292264388314e-13,7.57449766930653e-18,True,height_function,"{""curvature"": -4.3072292264388314e-13, ""curvature_source"": ""cartesian-ghf"", ""ghf_diagnostic"": ""complete three-column height function"", ""ghf_direction"": ""x"", ""ghf_fit_points"": 0, ""ghf_height_points"": 3, ""ghf_independent_points"": 3, ""ghf_method"": ""height_function"", ""interval_count"": 1, ""objective"": 7.57449766930653e-18, ""optimizer_message"": ""CONVERGENCE: REL_REDUCTION_OF_F_<=_FACTR*EPSMCH"", ""optimizer_success"": true}"
PLVIRA,PLVIRA,lines,4,128,49,40,reconstructed,0.019599959425931957,0.019599959425931943,1.3877787807814457e-17,-4.3072292264388314e-13,0.0,4.3072292264388314e-13,8.210716903259415e-13,True,height_function,"{""curvature"": -4.3072292264388314e-13, ""curvature_source"": ""cartesian-ghf"", ""ghf_diagnostic"": ""complete three-column height function"", ""ghf_direction"": ""x"", ""ghf_fit_points"": 0, ""ghf_height_points"": 3, ""ghf_independent_points"": 3, ""ghf_method"": ""height_function"", ""interval_count"": 1, ""objective"": 8.210716903259415e-13, ""optimizer_message"": ""CONVERGENCE: REL_REDUCTION_OF_F_<=_FACTR*EPSMCH"", ""optimizer_success"": true}"
PLVIRA,PLVIRA,lines,4,128,49,41,reconstructed,0.31689272304777205,0.3168927230477721,5.551115123125783e-17,2.8707562358213475e-13,0.0,2.8707562358213475e-13,1.6016381802789904e-19,True,height_function,"{""curvature"": 2.8707562358213475e-13, ""curvature_source"": ""cartesian-ghf"", ""ghf_diagnostic"": ""complete three-column height function"", ""ghf_direction"": ""x"", ""ghf_fit_points"": 0, ""ghf_height_points"": 3, ""ghf_independent_points"": 3, ""ghf_method"": ""height_function"", ""interval_count"": 1, ""objective"": 1.6016381802789904e-19, ""optimizer_message"": ""CONVERGENCE: NORM_OF_PROJECTED_GRADIENT_<=_PGTOL"", ""optimizer_success"": true}"
PLVIRA,PLVIRA,lines,4,128,49,42,reconstructed,0.5974976072393474,0.5974976072393474,0.0,0.0,0.0,0.0,3.0279828881009744e-17,True,height_function,"{""curvature"": 0.0, ""curvature_source"": ""cartesian-ghf"", ""ghf_diagnostic"": ""complete three-column height function"", ""ghf_direction"": ""x"", ""ghf_fit_points"": 0, ""ghf_height_points"": 3, ""ghf_independent_points"": 3, ""ghf_method"": ""height_function"", ""interval_count"": 1, ""objective"": 3.0279828881009744e-17, ""optimizer_message"": ""CONVERGENCE: REL_REDUCTION_OF_F_<=_FACTR*EPSMCH"", ""optimizer_success"": true}"
PLVIRA,PLVIRA,lines,4,128,50,42,reconstructed,0.10673599565711811,0.10673599565711805,5.551115123125783e-17,0.0,0.0,0.0,1.7356299618468963e-23,True,height_function,"{""curvature"": 0.0, ""curvature_source"": ""cartesian-ghf"", ""ghf_diagnostic"": ""complete three-column height function"", ""ghf_direction"": ""x"", ""ghf_fit_points"": 0, ""ghf_height_points"": 3, ""ghf_independent_points"": 3, ""ghf_method"": ""height_function"", ""interval_count"": 1, ""objective"": 1.7356299618468963e-23, ""optimizer_message"": ""CONVERGENCE: NORM_OF_PROJECTED_GRADIENT_<=_PGTOL"", ""optimizer_success"": true}"
PLVIRA,PLVIRA,lines,4,128,50,43,reconstructed,0.4758456881181701,0.4758456881181634,6.661338147750939e-15,-1.434283245204593e-13,0.0,1.434283245204593e-13,1.255661111729529e-19,True,height_function,"{""curvature"": -1.434283245204593e-13, ""curvature_source"": ""cartesian-ghf"", ""ghf_diagnostic"": ""complete three-column height function"", ""ghf_direction"": ""x"", ""ghf_fit_points"": 0, ""ghf_height_points"": 3, ""ghf_independent_points"": 3, ""ghf_method"": ""height_function"", ""interval_count"": 1, ""objective"": 1.255661111729529e-19, ""optimizer_message"": ""CONVERGENCE: NORM_OF_PROJECTED_GRADIENT_<=_PGTOL"", ""optimizer_success"": true}"
PLVIRA,PLVIRA,lines,4,128,51,43,reconstructed,0.005377232126988929,0.005377232126988929,0.0,-1.434283245204593e-13,0.0,1.434283245204593e-13,8.911981653520787e-20,True,height_function,"{""curvature"": -1.434283245204593e-13, ""curvature_source"": ""cartesian-ghf"", ""ghf_diagnostic"": ""complete three-column height function"", ""ghf_direction"": ""x"", ""ghf_fit_points"": 0, ""ghf_height_points"": 3, ""ghf_independent_points"": 3, ""ghf_method"": ""height_function"", ""interval_count"": 1, ""objective"": 8.911981653520787e-20, ""optimizer_message"": ""CONVERGENCE: NORM_OF_PROJECTED_GRADIENT_<=_PGTOL"", ""optimizer_success"": true}"
PLVIRA,PLVIRA,lines,4,128,51,44,reconstructed,0.25821223759396617,0.25821223759396617,0.0,1.4320934997920664e-13,0.0,1.4320934997920664e-13,1.877973760989106e-15,True,height_function,"{""curvature"": 1.4320934997920664e-13, ""curvature_source"": ""cartesian-ghf"", ""ghf_diagnostic"": ""complete three-column height function"", ""ghf_direction"": ""x"", ""ghf_fit_points"": 0, ""ghf_height_points"": 3, ""ghf_independent_points"": 3, ""ghf_method"": ""height_function"", ""interval_count"": 1, ""objective"": 1.877973760989106e-15, ""optimizer_message"": ""CONVERGENCE: REL_REDUCTION_OF_F_<=_FACTR*EPSMCH"", ""optimizer_success"": true}"
PLVIRA,PLVIRA,lines,4,128,51,45,reconstructed,0.5779351706165698,0.5779351706165698,0.0,-1.4320934997920664e-13,0.0,1.4320934997920664e-13,2.019316381373595e-17,True,height_function,"{""curvature"": -1.4320934997920664e-13, ""curvature_source"": ""cartesian-ghf"", ""ghf_diagnostic"": ""complete three-column height function"", ""ghf_direction"": ""x"", ""ghf_fit_points"": 0, ""ghf_height_points"": 3, ""ghf_independent_points"": 3, ""ghf_method"": ""height_function"", ""interval_count"": 1, ""objective"": 2.019316381373595e-17, ""optimizer_message"": ""CONVERGENCE: REL_REDUCTION_OF_F_<=_FACTR*EPSMCH"", ""optimizer_success"": true}"
PLVIRA,PLVIRA,lines,4,128,52,45,reconstructed,0.06761794682608979,0.06761794682608976,2.7755575615628914e-17,-1.4320934997920664e-13,0.0,1.4320934997920664e-13,5.467380204099093e-20,True,height_function,"{""curvature"": -1.4320934997920664e-13, ""curvature_source"": ""cartesian-ghf"", ""ghf_diagnostic"": ""complete three-column height function"", ""ghf_direction"": ""x"", ""ghf_fit_points"": 0, ""ghf_height_points"": 3, ""ghf_independent_points"": 3, ""ghf_method"": ""height_function"", ""interval_count"": 1, ""objective"": 5.467380204099093e-20, ""optimizer_message"": ""CONVERGENCE: NORM_OF_PROJECTED_GRADIENT_<=_PGTOL"", ""optimizer_success"": true}"
PLVIRA,PLVIRA,lines,4,128,52,46,reconstructed,0.42249808757344454,0.4224980875734446,5.551115123125783e-17,2.8685664904095475e-13,0.0,2.8685664904095475e-13,1.3397657116323637e-20,True,height_function,"{""curvature"": 2.8685664904095475e-13, ""curvature_source"": ""cartesian-ghf"", ""ghf_diagnostic"": ""complete three-column height function"", ""ghf_direction"": ""x"", ""ghf_fit_points"": 0, ""ghf_height_points"": 3, ""ghf_independent_points"": 3, ""ghf_method"": ""height_function"", ""interval_count"": 1, ""objective"": 1.3397657116323637e-20, ""optimizer_message"": ""CONVERGENCE: NORM_OF_PROJECTED_GRADIENT_<=_PGTOL"", ""optimizer_success"": true}"
PLVIRA,PLVIRA,lines,4,128,53,46,reconstructed,4.434721802226704e-05,4.4347218022238854e-05,2.8189256484623115e-17,2.8685664904095475e-13,0.0,2.8685664904095475e-13,7.19853375401187e-15,True,height_function,"{""curvature"": 2.8685664904095475e-13, ""curvature_source"": ""cartesian-ghf"", ""ghf_diagnostic"": ""complete three-column height function"", ""ghf_direction"": ""x"", ""ghf_fit_points"": 0, ""ghf_height_points"": 3, ""ghf_independent_points"": 3, ""ghf_method"": ""height_function"", ""interval_count"": 1, ""objective"": 7.19853375401187e-15, ""optimizer_message"": ""CONVERGENCE: REL_REDUCTION_OF_F_<=_FACTR*EPSMCH"", ""optimizer_success"": true}"
PLVIRA,PLVIRA,lines,4,128,53,47,reconstructed,0.1995317521400466,0.19953175214004643,1.6653345369377348e-16,-2.8685664904095475e-13,0.0,2.8685664904095475e-13,7.009028192338872e-18,True,height_function,"{""curvature"": -2.8685664904095475e-13, ""curvature_source"": ""cartesian-ghf"", ""ghf_diagnostic"": ""complete three-column height function"", ""ghf_direction"": ""x"", ""ghf_fit_points"": 0, ""ghf_height_points"": 3, ""ghf_independent_points"": 3, ""ghf_method"": ""height_function"", ""interval_count"": 1, ""objective"": 7.009028192338872e-18, ""optimizer_message"": ""CONVERGENCE: NORM_OF_PROJECTED_GRADIENT_<=_PGTOL"", ""optimizer_success"": true}"
PLVIRA,PLVIRA,lines,4,128,53,48,reconstructed,0.5494828916034749,0.549482891603475,1.1102230246251565e-16,1.4320934997920664e-13,0.0,1.4320934997920664e-13,4.782531524941976e-23,True,height_function,"{""curvature"": 1.4320934997920664e-13, ""curvature_source"": ""cartesian-ghf"", ""ghf_diagnostic"": ""complete three-column height function"", ""ghf_direction"": ""x"", ""ghf_fit_points"": 0, ""ghf_height_points"": 3, ""ghf_independent_points"": 3, ""ghf_method"": ""height_function"", ""interval_count"": 1, ""objective"": 4.782531524941976e-23, ""optimizer_message"": ""CONVERGENCE: NORM_OF_PROJECTED_GRADIENT_<=_PGTOL"", ""optimizer_success"": true}"
PLVIRA,PLVIRA,lines,4,128,54,48,reconstructed,0.0373897403853789,0.03738974038537701,1.887379141862766e-15,1.4320934997920664e-13,0.0,1.4320934997920664e-13,3.1100847290871534e-12,True,height_function,"{""curvature"": 1.4320934997920664e-13, ""curvature_source"": ""cartesian-ghf"", ""ghf_diagnostic"": ""complete three-column height function"", ""ghf_direction"": ""x"", ""ghf_fit_points"": 0, ""ghf_height_points"": 3, ""ghf_independent_points"": 3, ""ghf_method"": ""height_function"", ""interval_count"": 1, ""objective"": 3.1100847290871534e-12, ""optimizer_message"": ""CONVERGENCE: REL_REDUCTION_OF_F_<=_FACTR*EPSMCH"", ""optimizer_success"": true}"
PLVIRA,PLVIRA,lines,4,128,54,49,reconstructed,0.3638619493375473,0.36386194933754734,5.551115123125783e-17,2.1897454125263714e-16,0.0,2.1897454125263714e-16,1.7129648975639885e-16,True,height_function,"{""curvature"": 2.1897454125263714e-16, ""curvature_source"": ""cartesian-ghf"", ""ghf_diagnostic"": ""complete three-column height function"", ""ghf_direction"": ""x"", ""ghf_fit_points"": 0, ""ghf_height_points"": 3, ""ghf_independent_points"": 3, ""ghf_method"": ""height_function"", ""interval_count"": 1, ""objective"": 1.7129648975639885e-16, ""optimizer_message"": ""CONVERGENCE: REL_REDUCTION_OF_F_<=_FACTR*EPSMCH"", ""optimizer_success"": true}"
PLVIRA,PLVIRA,lines,4,128,54,50,reconstructed,0.6067502578008543,0.6067502578008543,0.0,-1.434283245204593e-13,0.0,1.434283245204593e-13,2.661100137606285e-18,True,height_function,"{""curvature"": -1.434283245204593e-13, ""curvature_source"": ""cartesian-ghf"", ""ghf_diagnostic"": ""complete three-column height function"", ""ghf_direction"": ""x"", ""ghf_fit_points"": 0, ""ghf_height_points"": 3, ""ghf_independent_points"": 3, ""ghf_method"": ""height_function"", ""interval_count"": 1, ""objective"": 2.661100137606285e-18, ""optimizer_message"": ""CONVERGENCE: NORM_OF_PROJECTED_GRADIENT_<=_PGTOL"", ""optimizer_success"": true}"
PLVIRA,PLVIRA,lines,4,128,55,50,reconstructed,0.14445257138538636,0.14445257138538736,9.992007221626409e-16,-1.434283245204593e-13,0.0,1.434283245204593e-13,1.7812685981550484e-18,True,height_function,"{""curvature"": -1.434283245204593e-13, ""curvature_source"": ""cartesian-ghf"", ""ghf_diagnostic"": ""complete three-column height function"", ""ghf_direction"": ""x"", ""ghf_fit_points"": 0, ""ghf_height_points"": 3, ""ghf_independent_points"": 3, ""ghf_method"": ""height_function"", ""interval_count"": 1, ""objective"": 1.7812685981550484e-18, ""optimizer_message"": ""CONVERGENCE: NORM_OF_PROJECTED_GRADIENT_<=_PGTOL"", ""optimizer_success"": true}"
PLVIRA,PLVIRA,lines,4,128,55,51,reconstructed,0.5121407702004035,0.5121407702004035,0.0,2.8685664904095475e-13,0.0,2.8685664904095475e-13,1.0814379990888095e-15,True,height_function,"{""curvature"": 2.8685664904095475e-13, ""curvature_source"": ""cartesian-ghf"", ""ghf_diagnostic"": ""complete three-column height function"", ""ghf_direction"": ""x"", ""ghf_fit_points"": 0, ""ghf_height_points"": 3, ""ghf_independent_points"": 3, ""ghf_method"": ""height_function"", ""interval_count"": 1, ""objective"": 1.0814379990888095e-15, ""optimizer_message"": ""CONVERGENCE: REL_REDUCTION_OF_F_<=_FACTR*EPSMCH"", ""optimizer_success"": true}"
PLVIRA,PLVIRA,lines,4,128,56,51,reconstructed,0.016051376334644374,0.016051376334643985,3.885780586188048e-16,2.8685664904095475e-13,0.0,2.8685664904095475e-13,9.45135120746464e-21,True,height_function,"{""curvature"": 2.8685664904095475e-13, ""curvature_source"": ""cartesian-ghf"", ""ghf_diagnostic"": ""complete three-column height function"", ""ghf_direction"": ""x"", ""ghf_fit_points"": 0, ""ghf_height_points"": 3, ""ghf_independent_points"": 3, ""ghf_method"": ""height_function"", ""interval_count"": 1, ""objective"": 9.45135120746464e-21, ""optimizer_message"": ""CONVERGENCE: NORM_OF_PROJECTED_GRADIENT_<=_PGTOL"", ""optimizer_success"": true}"
PLVIRA,PLVIRA,lines,4,128,56,52,reconstructed,0.30518146388362766,0.30518146388362766,0.0,-4.305039481026304e-13,0.0,4.305039481026304e-13,2.2648771182534656e-19,True,height_function,"{""curvature"": -4.305039481026304e-13, ""curvature_source"": ""cartesian-ghf"", ""ghf_diagnostic"": ""complete three-column height function"", ""ghf_direction"": ""x"", ""ghf_fit_points"": 0, ""ghf_height_points"": 3, ""ghf_independent_points"": 3, ""ghf_method"": ""height_function"", ""interval_count"": 1, ""objective"": 2.2648771182534656e-19, ""optimizer_message"": ""CONVERGENCE: NORM_OF_PROJECTED_GRADIENT_<=_PGTOL"", ""optimizer_success"": true}"
PLVIRA,PLVIRA,lines,4,128,56,53,reconstructed,0.5943034579296409,0.5943034579296412,3.3306690738754696e-16,2.8729459812338756e-13,0.0,2.8729459812338756e-13,9.562272089879387e-21,True,height_function,"{""curvature"": 2.8729459812338756e-13, ""curvature_source"": ""cartesian-ghf"", ""ghf_diagnostic"": ""complete three-column height function"", ""ghf_direction"": ""x"", ""ghf_fit_points"": 0, ""ghf_height_points"": 3, ""ghf_independent_points"": 3, ""ghf_method"": ""height_function"", ""interval_count"": 1, ""objective"": 9.562272089879387e-21, ""optimizer_message"": ""CONVERGENCE: NORM_OF_PROJECTED_GRADIENT_<=_PGTOL"", ""optimizer_success"": true}"
PLVIRA,PLVIRA,lines,4,128,57,53,reconstructed,0.09821888580290762,0.0982188858029076,2.7755575615628914e-17,2.8729459812338756e-13,0.0,2.8729459812338756e-13,1.085042533044577e-15,True,height_function,"{""curvature"": 2.8729459812338756e-13, ""curvature_source"": ""cartesian-ghf"", ""ghf_diagnostic"": ""complete three-column height function"", ""ghf_direction"": ""x"", ""ghf_fit_points"": 0, ""ghf_height_points"": 3, ""ghf_independent_points"": 3, ""ghf_method"": ""height_function"", ""interval_count"": 1, ""objective"": 1.085042533044577e-15, ""optimizer_message"": ""CONVERGENCE: REL_REDUCTION_OF_F_<=_FACTR*EPSMCH"", ""optimizer_success"": true}"
PLVIRA,PLVIRA,lines,4,128,57,54,reconstructed,0.4659088064071284,0.46590880640712734,1.0547118733938987e-15,-1.438662736029645e-13,0.0,1.438662736029645e-13,1.776619083436302e-18,True,height_function,"{""curvature"": -1.438662736029645e-13, ""curvature_source"": ""cartesian-ghf"", ""ghf_diagnostic"": ""complete three-column height function"", ""ghf_direction"": ""x"", ""ghf_fit_points"": 0, ""ghf_height_points"": 3, ""ghf_independent_points"": 3, ""ghf_method"": ""height_function"", ""interval_count"": 1, ""objective"": 1.776619083436302e-18, ""optimizer_message"": ""CONVERGENCE: NORM_OF_PROJECTED_GRADIENT_<=_PGTOL"", ""optimizer_success"": true}"
PLVIRA,PLVIRA,lines,4,128,58,54,reconstructed,0.0036028546741135874,0.003602854674113587,4.336808689942018e-19,-1.438662736029645e-13,0.0,1.438662736029645e-13,2.6531634547672334e-18,True,height_function,"{""curvature"": -1.438662736029645e-13, ""curvature_source"": ""cartesian-ghf"", ""ghf_diagnostic"": ""complete three-column height function"", ""ghf_direction"": ""x"", ""ghf_fit_points"": 0, ""ghf_height_points"": 3, ""ghf_independent_points"": 3, ""ghf_method"": ""height_function"", ""interval_count"": 1, ""objective"": 2.6531634547672334e-18, ""optimizer_message"": ""CONVERGENCE: NORM_OF_PROJECTED_GRADIENT_<=_PGTOL"", ""optimizer_success"": true}"
PLVIRA,PLVIRA,lines,4,128,58,55,reconstructed,0.24650097843004914,0.24650097843004912,2.7755575615628914e-17,4.3072292264399194e-13,0.0,4.3072292264399194e-13,1.717392635575489e-16,True,height_function,"{""curvature"": 4.3072292264399194e-13, ""curvature_source"": ""cartesian-ghf"", ""ghf_diagnostic"": ""complete three-column height function"", ""ghf_direction"": ""x"", ""ghf_fit_points"": 0, ""ghf_height_points"": 3, ""ghf_independent_points"": 3, ""ghf_method"": ""height_function"", ""interval_count"": 1, ""objective"": 1.717392635575489e-16, ""optimizer_message"": ""CONVERGENCE: REL_REDUCTION_OF_F_<=_FACTR*EPSMCH"", ""optimizer_success"": true}"
PLVIRA,PLVIRA,lines,4,128,58,56,reconstructed,0.5729668156682237,0.5729668156682256,1.887379141862766e-15,-2.8707562358227995e-13,0.0,2.8707562358227995e-13,3.1566079672741354e-12,True,height_function,"{""curvature"": -2.8707562358227995e-13, ""curvature_source"": ""cartesian-ghf"", ""ghf_diagnostic"": ""complete three-column height function"", ""ghf_direction"": ""x"", ""ghf_fit_points"": 0, ""ghf_height_points"": 3, ""ghf_independent_points"": 3, ""ghf_method"": ""height_function"", ""interval_count"": 1, ""objective"": 3.1566079672741354e-12, ""optimizer_message"": ""CONVERGENCE: REL_REDUCTION_OF_F_<=_FACTR*EPSMCH"", ""optimizer_success"": true}"
PLVIRA,PLVIRA,lines,4,128,59,56,reconstructed,0.06087504261029153,0.060875042610291474,5.551115123125783e-17,-2.8707562358227995e-13,0.0,2.8707562358227995e-13,4.7598215494508453e-23,True,height_function,"{""curvature"": -2.8707562358227995e-13, ""curvature_source"": ""cartesian-ghf"", ""ghf_diagnostic"": ""complete three-column height function"", ""ghf_direction"": ""x"", ""ghf_fit_points"": 0, ""ghf_height_points"": 3, ""ghf_independent_points"": 3, ""ghf_method"": ""height_function"", ""interval_count"": 1, ""objective"": 4.7598215494508453e-23, ""optimizer_message"": ""CONVERGENCE: NORM_OF_PROJECTED_GRADIENT_<=_PGTOL"", ""optimizer_success"": true}"
PLVIRA,PLVIRA,lines,4,128,59,57,reconstructed,0.4108311756272087,0.4108311756272089,1.6653345369377348e-16,-4.305039481025215e-13,0.0,4.305039481025215e-13,6.972999707632527e-18,True,height_function,"{""curvature"": -4.305039481025215e-13, ""curvature_source"": ""cartesian-ghf"", ""ghf_diagnostic"": ""complete three-column height function"", ""ghf_direction"": ""x"", ""ghf_fit_points"": 0, ""ghf_height_points"": 3, ""ghf_independent_points"": 3, ""ghf_method"": ""height_function"", ""interval_count"": 1, ""objective"": 6.972999707632527e-18, ""optimizer_message"": ""CONVERGENCE: NORM_OF_PROJECTED_GRADIENT_<=_PGTOL"", ""optimizer_success"": true}"
PLVIRA,PLVIRA,lines,4,128,59,58,reconstructed,0.6103073870965545,0.6103073870965545,0.0,5.73932272623017e-13,0.0,5.73932272623017e-13,7.204770574949226e-15,True,height_function,"{""curvature"": 5.73932272623017e-13, ""curvature_source"": ""cartesian-ghf"", ""ghf_diagnostic"": ""complete three-column height function"", ""ghf_direction"": ""x"", ""ghf_fit_points"": 0, ""ghf_height_points"": 3, ""ghf_independent_points"": 3, ""ghf_method"": ""height_function"", ""interval_count"": 1, ""objective"": 7.204770574949226e-15, ""optimizer_message"": ""CONVERGENCE: REL_REDUCTION_OF_F_<=_FACTR*EPSMCH"", ""optimizer_success"": true}"
PLVIRA,PLVIRA,lines,4,128,60,58,reconstructed,0.1878646683796887,0.18786466837968865,5.551115123125783e-17,5.73932272623017e-13,0.0,5.73932272623017e-13,1.3479384106328162e-20,True,height_function,"{""curvature"": 5.73932272623017e-13, ""curvature_source"": ""cartesian-ghf"", ""ghf_diagnostic"": ""complete three-column height function"", ""ghf_direction"": ""x"", ""ghf_fit_points"": 0, ""ghf_height_points"": 3, ""ghf_independent_points"": 3, ""ghf_method"": ""height_function"", ""interval_count"": 1, ""objective"": 1.3479384106328162e-20, ""optimizer_message"": ""CONVERGENCE: NORM_OF_PROJECTED_GRADIENT_<=_PGTOL"", ""optimizer_success"": true}"
PLVIRA,PLVIRA,lines,4,128,60,59,reconstructed,0.5427403310166028,0.5427403310166028,0.0,0.0,0.0,0.0,5.497615883562589e-20,True,height_function,"{""curvature"": 0.0, ""curvature_source"": ""cartesian-ghf"", ""ghf_diagnostic"": ""complete three-column height function"", ""ghf_direction"": ""x"", ""ghf_fit_points"": 0, ""ghf_height_points"": 3, ""ghf_independent_points"": 3, ""ghf_method"": ""height_function"", ""interval_count"": 1, ""objective"": 5.497615883562589e-20, ""optimizer_message"": ""CONVERGENCE: NORM_OF_PROJECTED_GRADIENT_<=_PGTOL"", ""optimizer_success"": true}"
PLVIRA,PLVIRA,lines,4,128,61,59,reconstructed,0.03242104180822025,0.03242104180822024,1.3877787807814457e-17,0.0,0.0,0.0,2.0256970939629652e-17,True,height_function,"{""curvature"": 0.0, ""curvature_source"": ""cartesian-ghf"", ""ghf_diagnostic"": ""complete three-column height function"", ""ghf_direction"": ""x"", ""ghf_fit_points"": 0, ""ghf_height_points"": 3, ""ghf_independent_points"": 3, ""ghf_method"": ""height_function"", ""interval_count"": 1, ""objective"": 2.0256970939629652e-17, ""optimizer_message"": ""CONVERGENCE: REL_REDUCTION_OF_F_<=_FACTR*EPSMCH"", ""optimizer_success"": true}"
PLVIRA,PLVIRA,lines,4,128,61,60,reconstructed,0.35215069017340284,0.35215069017340284,0.0,0.0,0.0,0.0,1.8741015139957118e-15,True,height_function,"{""curvature"": 0.0, ""curvature_source"": ""cartesian-ghf"", ""ghf_diagnostic"": ""complete three-column height function"", ""ghf_direction"": ""x"", ""ghf_fit_points"": 0, ""ghf_height_points"": 3, ""ghf_independent_points"": 3, ""ghf_method"": ""height_function"", ""interval_count"": 1, ""objective"": 1.8741015139957118e-15, ""optimizer_message"": ""CONVERGENCE: REL_REDUCTION_OF_F_<=_FACTR*EPSMCH"", ""optimizer_success"": true}"
PLVIRA,PLVIRA,lines,4,128,61,61,reconstructed,0.6049762239767915,0.6049762239767915,0.0,-5.737132980817647e-13,0.0,5.737132980817647e-13,8.944573811805002e-20,True,height_function,"{""curvature"": -5.737132980817647e-13, ""curvature_source"": ""cartesian-ghf"", ""ghf_diagnostic"": ""complete three-column height function"", ""ghf_direction"": ""x"", ""ghf_fit_points"": 0, ""ghf_height_points"": 3, ""ghf_independent_points"": 3, ""ghf_method"": ""height_function"", ""interval_count"": 1, ""objective"": 8.944573811805002e-20, ""optimizer_message"": ""CONVERGENCE: NORM_OF_PROJECTED_GRADIENT_<=_PGTOL"", ""optimizer_success"": true}"
PLVIRA,PLVIRA,lines,4,128,62,61,reconstructed,0.1345153460451911,0.13451534604519788,6.772360450213455e-15,-5.737132980817647e-13,0.0,5.737132980817647e-13,1.2588592770690033e-19,True,height_function,"{""curvature"": -5.737132980817647e-13, ""curvature_source"": ""cartesian-ghf"", ""ghf_diagnostic"": ""complete three-column height function"", ""ghf_direction"": ""x"", ""ghf_fit_points"": 0, ""ghf_height_points"": 3, ""ghf_independent_points"": 3, ""ghf_method"": ""height_function"", ""interval_count"": 1, ""objective"": 1.2588592770690033e-19, ""optimizer_message"": ""CONVERGENCE: NORM_OF_PROJECTED_GRADIENT_<=_PGTOL"", ""optimizer_success"": true}"
PLVIRA,PLVIRA,lines,4,128,62,62,reconstructed,0.5036240039753466,0.5036240039753466,0.0,2.866376744995572e-13,0.0,2.866376744995572e-13,1.7234666130636405e-23,True,height_function,"{""curvature"": 2.866376744995572e-13, ""curvature_source"": ""cartesian-ghf"", ""ghf_diagnostic"": ""complete three-column height function"", ""ghf_direction"": ""x"", ""ghf_fit_points"": 0, ""ghf_height_points"": 3, ""ghf_independent_points"": 3, ""ghf_method"": ""height_function"", ""interval_count"": 1, ""objective"": 1.7234666130636405e-23, ""optimizer_message"": ""CONVERGENCE: NORM_OF_PROJECTED_GRADIENT_<=_PGTOL"", ""optimizer_success"": true}"
PLVIRA,PLVIRA,lines,4,128,63,62,reconstructed,0.012856883395670593,0.012856883395670572,2.0816681711721685e-17,2.866376744995572e-13,0.0,2.866376744995572e-13,3.0131634861429726e-17,True,height_function,"{""curvature"": 2.866376744995572e-13, ""curvature_source"": ""cartesian-ghf"", ""ghf_diagnostic"": ""complete three-column height function"", ""ghf_direction"": ""x"", ""ghf_fit_points"": 0, ""ghf_height_points"": 3, ""ghf_independent_points"": 3, ""ghf_method"": ""height_function"", ""interval_count"": 1, ""objective"": 3.0131634861429726e-17, ""optimizer_message"": ""CONVERGENCE: REL_REDUCTION_OF_F_<=_FACTR*EPSMCH"", ""optimizer_success"": true}"
PLVIRA,PLVIRA,lines,4,128,63,63,reconstructed,0.2934702047198243,0.2934702047198243,0.0,2.870756235822073e-13,0.0,2.870756235822073e-13,1.6027123084051688e-19,True,height_function,"{""curvature"": 2.870756235822073e-13, ""curvature_source"": ""cartesian-ghf"", ""ghf_diagnostic"": ""complete three-column height function"", ""ghf_direction"": ""x"", ""ghf_fit_points"": 0, ""ghf_height_points"": 3, ""ghf_independent_points"": 3, ""ghf_method"": ""height_function"", ""interval_count"": 1, ""objective"": 1.6027123084051688e-19, ""optimizer_message"": ""CONVERGENCE: NORM_OF_PROJECTED_GRADIENT_<=_PGTOL"", ""optimizer_success"": true}"
PLVIRA,PLVIRA,lines,4,128,63,64,reconstructed,0.5907552184673932,0.5907552184673932,0.0,-5.73932272623017e-13,0.0,5.73932272623017e-13,1.4847895723723935e-13,True,height_function,"{""curvature"": -5.73932272623017e-13, ""curvature_source"": ""cartesian-ghf"", ""ghf_diagnostic"": ""complete three-column height function"", ""ghf_direction"": ""x"", ""ghf_fit_points"": 0, ""ghf_height_points"": 3, ""ghf_independent_points"": 3, ""ghf_method"": ""height_function"", ""interval_count"": 1, ""objective"": 1.4847895723723935e-13, ""optimizer_message"": ""CONVERGENCE: REL_REDUCTION_OF_F_<=_FACTR*EPSMCH"", ""optimizer_success"": true}"
PLVIRA,PLVIRA,lines,4,128,64,64,reconstructed,0.0900558661010109,0.0900558661010107,2.0816681711721685e-16,-5.73932272623017e-13,0.0,5.73932272623017e-13,7.629786141500253e-18,True,height_function,"{""curvature"": -5.73932272623017e-13, ""curvature_source"": ""cartesian-ghf"", ""ghf_diagnostic"": ""complete three-column height function"", ""ghf_direction"": ""x"", ""ghf_fit_points"": 0, ""ghf_height_points"": 3, ""ghf_independent_points"": 3, ""ghf_method"": ""height_function"", ""interval_count"": 1, ""objective"": 7.629786141500253e-18, ""optimizer_message"": ""CONVERGENCE: REL_REDUCTION_OF_F_<=_FACTR*EPSMCH"", ""optimizer_success"": true}"
PLVIRA,PLVIRA,lines,4,128,64,65,reconstructed,0.4556178345437729,0.4556178345437729,0.0,8.610078962053695e-13,0.0,8.610078962053695e-13,2.7783139277210645e-17,True,height_function,"{""curvature"": 8.610078962053695e-13, ""curvature_source"": ""cartesian-ghf"", ""ghf_diagnostic"": ""complete three-column height function"", ""ghf_direction"": ""x"", ""ghf_fit_points"": 0, ""ghf_height_points"": 3, ""ghf_independent_points"": 3, ""ghf_method"": ""height_function"", ""interval_count"": 1, ""objective"": 2.7783139277210645e-17, ""optimizer_message"": ""CONVERGENCE: REL_REDUCTION_OF_F_<=_FACTR*EPSMCH"", ""optimizer_success"": true}"
PLVIRA,PLVIRA,lines,4,128,65,65,reconstructed,0.0021825673736657336,0.002182567373665706,2.7755575615628914e-17,8.610078962053695e-13,0.0,8.610078962053695e-13,4.3490364546827255e-17,True,height_function,"{""curvature"": 8.610078962053695e-13, ""curvature_source"": ""cartesian-ghf"", ""ghf_diagnostic"": ""complete three-column height function"", ""ghf_direction"": ""x"", ""ghf_fit_points"": 0, ""ghf_height_points"": 3, ""ghf_independent_points"": 3, ""ghf_method"": ""height_function"", ""interval_count"": 1, ""objective"": 4.3490364546827255e-17, ""optimizer_message"": ""CONVERGENCE: REL_REDUCTION_OF_F_<=_FACTR*EPSMCH"", ""optimizer_success"": true}"
PLVIRA,PLVIRA,lines,4,128,65,66,reconstructed,0.23478971926579106,0.2347897192657913,2.498001805406602e-16,-8.610078962053695e-13,0.0,8.610078962053695e-13,5.205470107560033e-18,True,height_function,"{""curvature"": -8.610078962053695e-13, ""curvature_source"": ""cartesian-ghf"", ""ghf_diagnostic"": ""complete three-column height function"", ""ghf_direction"": ""x"", ""ghf_fit_points"": 0, ""ghf_height_points"": 3, ""ghf_independent_points"": 3, ""ghf_method"": ""height_function"", ""interval_count"": 1, ""objective"": 5.205470107560033e-18, ""optimizer_message"": ""CONVERGENCE: NORM_OF_PROJECTED_GRADIENT_<=_PGTOL"", ""optimizer_success"": true}"
PLVIRA,PLVIRA,lines,4,128,65,67,reconstructed,0.5676443705676775,0.5676443705676775,0.0,8.610078962053695e-13,0.0,8.610078962053695e-13,5.063041395945853e-18,True,height_function,"{""curvature"": 8.610078962053695e-13, ""curvature_source"": ""cartesian-ghf"", ""ghf_diagnostic"": ""complete three-column height function"", ""ghf_direction"": ""x"", ""ghf_fit_points"": 0, ""ghf_height_points"": 3, ""ghf_independent_points"": 3, ""ghf_method"": ""height_function"", ""interval_count"": 1, ""objective"": 5.063041395945853e-18, ""optimizer_message"": ""CONVERGENCE: NORM_OF_PROJECTED_GRADIENT_<=_PGTOL"", ""optimizer_success"": true}"
PLVIRA,PLVIRA,lines,4,128,66,67,reconstructed,0.05448622854714813,0.054486228547148144,1.3877787807814457e-17,8.610078962053695e-13,0.0,8.610078962053695e-13,9.718293074483221e-22,True,height_function,"{""curvature"": 8.610078962053695e-13, ""curvature_source"": ""cartesian-ghf"", ""ghf_diagnostic"": ""complete three-column height function"", ""ghf_direction"": ""x"", ""ghf_fit_points"": 0, ""ghf_height_points"": 3, ""ghf_independent_points"": 3, ""ghf_method"": ""height_function"", ""interval_count"": 1, ""objective"": 9.718293074483221e-22, ""optimizer_message"": ""CONVERGENCE: NORM_OF_PROJECTED_GRADIENT_<=_PGTOL"", ""optimizer_success"": true}"
PLVIRA,PLVIRA,lines,4,128,66,68,reconstructed,0.399119916463178,0.3991199164631778,2.220446049250313e-16,-8.610078962053695e-13,0.0,8.610078962053695e-13,1.1882700568571198e-15,True,height_function,"{""curvature"": -8.610078962053695e-13, ""curvature_source"": ""cartesian-ghf"", ""ghf_diagnostic"": ""complete three-column height function"", ""ghf_direction"": ""x"", ""ghf_fit_points"": 0, ""ghf_height_points"": 3, ""ghf_independent_points"": 3, ""ghf_method"": ""height_function"", ""interval_count"": 1, ""objective"": 1.1882700568571198e-15, ""optimizer_message"": ""CONVERGENCE: REL_REDUCTION_OF_F_<=_FACTR*EPSMCH"", ""optimizer_success"": true}"
PLVIRA,PLVIRA,lines,4,128,66,69,reconstructed,0.6099534687587038,0.6099534687587042,3.3306690738754696e-16,5.73932272623017e-13,0.0,5.73932272623017e-13,2.4122531369098188e-15,True,height_function,"{""curvature"": 5.73932272623017e-13, ""curvature_source"": ""cartesian-ghf"", ""ghf_diagnostic"": ""complete three-column height function"", ""ghf_direction"": ""x"", ""ghf_fit_points"": 0, ""ghf_height_points"": 3, ""ghf_independent_points"": 3, ""ghf_method"": ""height_function"", ""interval_count"": 1, ""objective"": 2.4122531369098188e-15, ""optimizer_message"": ""CONVERGENCE: REL_REDUCTION_OF_F_<=_FACTR*EPSMCH"", ""optimizer_success"": true}"
PLVIRA,PLVIRA,lines,4,128,67,69,reconstructed,0.17650732755350876,0.17650732755350879,2.7755575615628914e-17,5.73932272623017e-13,0.0,5.73932272623017e-13,9.283558902180991e-15,True,height_function,"{""curvature"": 5.73932272623017e-13, ""curvature_source"": ""cartesian-ghf"", ""ghf_diagnostic"": ""complete three-column height function"", ""ghf_direction"": ""x"", ""ghf_fit_points"": 0, ""ghf_height_points"": 3, ""ghf_independent_points"": 3, ""ghf_method"": ""height_function"", ""interval_count"": 1, ""objective"": 9.283558902180991e-15, ""optimizer_message"": ""CONVERGENCE: REL_REDUCTION_OF_F_<=_FACTR*EPSMCH"", ""optimizer_success"": true}"
PLVIRA,PLVIRA,lines,4,128,67,70,reconstructed,0.5356436802778717,0.535643680277884,1.2323475573339238e-14,-2.8685664904095475e-13,0.0,2.8685664904095475e-13,1.198079565549993e-22,True,height_function,"{""curvature"": -2.8685664904095475e-13, ""curvature_source"": ""cartesian-ghf"", ""ghf_diagnostic"": ""complete three-column height function"", ""ghf_direction"": ""x"", ""ghf_fit_points"": 0, ""ghf_height_points"": 3, ""ghf_independent_points"": 3, ""ghf_method"": ""height_function"", ""interval_count"": 1, ""objective"": 1.198079565549993e-22, ""optimizer_message"": ""CONVERGENCE: NORM_OF_PROJECTED_GRADIENT_<=_PGTOL"", ""optimizer_success"": true}"
PLVIRA,PLVIRA,lines,4,128,68,70,reconstructed,0.02780643338292066,0.027806433382920673,1.3877787807814457e-17,-2.8685664904095475e-13,0.0,2.8685664904095475e-13,1.7878638738402357e-17,True,height_function,"{""curvature"": -2.8685664904095475e-13, ""curvature_source"": ""cartesian-ghf"", ""ghf_diagnostic"": ""complete three-column height function"", ""ghf_direction"": ""x"", ""ghf_fit_points"": 0, ""ghf_height_points"": 3, ""ghf_independent_points"": 3, ""ghf_method"": ""height_function"", ""interval_count"": 1, ""objective"": 1.7878638738402357e-17, ""optimizer_message"": ""CONVERGENCE: REL_REDUCTION_OF_F_<=_FACTR*EPSMCH"", ""optimizer_success"": true}"
PLVIRA,PLVIRA,lines,4,128,68,71,reconstructed,0.3404394310095995,0.34043943100959934,1.6653345369377348e-16,-4.379490825051637e-16,0.0,4.379490825051637e-16,1.2107030322262275e-14,True,height_function,"{""curvature"": -4.379490825051637e-16, ""curvature_source"": ""cartesian-ghf"", ""ghf_diagnostic"": ""complete three-column height function"", ""ghf_direction"": ""x"", ""ghf_fit_points"": 0, ""ghf_height_points"": 3, ""ghf_independent_points"": 3, ""ghf_method"": ""height_function"", ""interval_count"": 1, ""objective"": 1.2107030322262275e-14, ""optimizer_message"": ""CONVERGENCE: REL_REDUCTION_OF_F_<=_FACTR*EPSMCH"", ""optimizer_success"": true}"
PLVIRA,PLVIRA,lines,4,128,68,72,reconstructed,0.602848100000756,0.602848100000756,0.0,4.379490825051637e-16,0.0,4.379490825051637e-16,1.460871173606285e-21,True,height_function,"{""curvature"": 4.379490825051637e-16, ""curvature_source"": ""cartesian-ghf"", ""ghf_diagnostic"": ""complete three-column height function"", ""ghf_direction"": ""x"", ""ghf_fit_points"": 0, ""ghf_height_points"": 3, ""ghf_independent_points"": 3, ""ghf_method"": ""height_function"", ""interval_count"": 1, ""objective"": 1.460871173606285e-21, ""optimizer_message"": ""CONVERGENCE: NORM_OF_PROJECTED_GRADIENT_<=_PGTOL"", ""optimizer_success"": true}"
PLVIRA,PLVIRA,lines,4,128,69,72,reconstructed,0.1249322108576507,0.12493221085765069,1.3877787807814457e-17,6.569236237577454e-16,0.0,6.569236237577454e-16,9.009462975106294e-21,True,height_function,"{""curvature"": 6.569236237577454e-16, ""curvature_source"": ""cartesian-ghf"", ""ghf_diagnostic"": ""complete three-column height function"", ""ghf_direction"": ""x"", ""ghf_fit_points"": 0, ""ghf_height_points"": 3, ""ghf_independent_points"": 3, ""ghf_method"": ""height_function"", ""interval_count"": 1, ""objective"": 9.009462975106294e-21, ""optimizer_message"": ""CONVERGENCE: NORM_OF_PROJECTED_GRADIENT_<=_PGTOL"", ""optimizer_success"": true}"
PLVIRA,PLVIRA,lines,4,128,69,73,reconstructed,0.49475314759774847,0.4947531475977484,5.551115123125783e-17,2.8663767449970214e-13,0.0,2.8663767449970214e-13,5.15313955732124e-22,True,height_function,"{""curvature"": 2.8663767449970214e-13, ""curvature_source"": ""cartesian-ghf"", ""ghf_diagnostic"": ""complete three-column height function"", ""ghf_direction"": ""x"", ""ghf_fit_points"": 0, ""ghf_height_points"": 3, ""ghf_independent_points"": 3, ""ghf_method"": ""height_function"", ""interval_count"": 1, ""objective"": 5.15313955732124e-22, ""optimizer_message"": ""CONVERGENCE: NORM_OF_PROJECTED_GRADIENT_<=_PGTOL"", ""optimizer_success"": true}"
PLVIRA,PLVIRA,lines,4,128,70,73,reconstructed,0.010016480609465361,0.010016480609465396,3.469446951953614e-17,2.8663767449970214e-13,0.0,2.8663767449970214e-13,2.6028064692387268e-15,True,height_function,"{""curvature"": 2.8663767449970214e-13, ""curvature_source"": ""cartesian-ghf"", ""ghf_diagnostic"": ""complete three-column height function"", ""ghf_direction"": ""x"", ""ghf_fit_points"": 0, ""ghf_height_points"": 3, ""ghf_independent_points"": 3, ""ghf_method"": ""height_function"", ""interval_count"": 1, ""objective"": 2.6028064692387268e-15, ""optimizer_message"": ""CONVERGENCE: REL_REDUCTION_OF_F_<=_FACTR*EPSMCH"", ""optimizer_success"": true}"
PLVIRA,PLVIRA,lines,4,128,70,74,reconstructed,0.2817589455557936,0.2817589455557936,0.0,-2.870756235822073e-13,0.0,2.870756235822073e-13,7.229137781816742e-22,True,height_function,"{""curvature"": -2.870756235822073e-13, ""curvature_source"": ""cartesian-ghf"", ""ghf_diagnostic"": ""complete three-column height function"", ""ghf_direction"": ""x"", ""ghf_fit_points"": 0, ""ghf_height_points"": 3, ""ghf_independent_points"": 3, ""ghf_method"": ""height_function"", ""interval_count"": 1, ""objective"": 7.229137781816742e-22, ""optimizer_message"": ""CONVERGENCE: NORM_OF_PROJECTED_GRADIENT_<=_PGTOL"", ""optimizer_success"": true}"
PLVIRA,PLVIRA,lines,4,128,70,75,reconstructed,0.5868528888524907,0.5868528888524907,0.0,2.8729459812346e-13,0.0,2.8729459812346e-13,5.789864902395852e-15,True,height_function,"{""curvature"": 2.8729459812346e-13, ""curvature_source"": ""cartesian-ghf"", ""ghf_diagnostic"": ""complete three-column height function"", ""ghf_direction"": ""x"", ""ghf_fit_points"": 0, ""ghf_height_points"": 3, ""ghf_independent_points"": 3, ""ghf_method"": ""height_function"", ""interval_count"": 1, ""objective"": 5.789864902395852e-15, ""optimizer_message"": ""CONVERGENCE: REL_REDUCTION_OF_F_<=_FACTR*EPSMCH"", ""optimizer_success"": true}"
PLVIRA,PLVIRA,lines,4,128,71,75,reconstructed,0.08224693655211013,0.08224693655210864,1.4849232954361469e-15,2.8729459812346e-13,0.0,2.8729459812346e-13,2.4064610978433406e-21,True,height_function,"{""curvature"": 2.8729459812346e-13, ""curvature_source"": ""cartesian-ghf"", ""ghf_diagnostic"": ""complete three-column height function"", ""ghf_direction"": ""x"", ""ghf_fit_points"": 0, ""ghf_height_points"": 3, ""ghf_independent_points"": 3, ""ghf_method"": ""height_function"", ""interval_count"": 1, ""objective"": 2.4064610978433406e-21, ""optimizer_message"": ""CONVERGENCE: NORM_OF_PROJECTED_GRADIENT_<=_PGTOL"", ""optimizer_success"": true}"
PLVIRA,PLVIRA,lines,4,128,71,76,reconstructed,0.4449727725277626,0.44497277252776235,2.220446049250313e-16,-2.8729459812346e-13,0.0,2.8729459812346e-13,4.833129083317428e-16,True,height_function,"{""curvature"": -2.8729459812346e-13, ""curvature_source"": ""cartesian-ghf"", ""ghf_diagnostic"": ""complete three-column height function"", ""ghf_direction"": ""x"", ""ghf_fit_points"": 0, ""ghf_height_points"": 3, ""ghf_independent_points"": 3, ""ghf_method"": ""height_function"", ""interval_count"": 1, ""objective"": 4.833129083317428e-16, ""optimizer_message"": ""CONVERGENCE: REL_REDUCTION_OF_F_<=_FACTR*EPSMCH"", ""optimizer_success"": true}"
PLVIRA,PLVIRA,lines,4,128,72,76,reconstructed,0.0011163702254179952,0.0011163702254178808,1.1449174941446927e-16,-2.8729459812346e-13,0.0,2.8729459812346e-13,4.216446630722662e-16,True,height_function,"{""curvature"": -2.8729459812346e-13, ""curvature_source"": ""cartesian-ghf"", ""ghf_diagnostic"": ""complete three-column height function"", ""ghf_direction"": ""x"", ""ghf_fit_points"": 0, ""ghf_height_points"": 3, ""ghf_independent_points"": 3, ""ghf_method"": ""height_function"", ""interval_count"": 1, ""objective"": 4.216446630722662e-16, ""optimizer_message"": ""CONVERGENCE: REL_REDUCTION_OF_F_<=_FACTR*EPSMCH"", ""optimizer_success"": true}"
PLVIRA,PLVIRA,lines,4,128,72,77,reconstructed,0.22307846010198773,0.22307846010198787,1.3877787807814457e-16,2.1897454125258185e-16,0.0,2.1897454125258185e-16,3.814409062562771e-21,True,height_function,"{""curvature"": 2.1897454125258185e-16, ""curvature_source"": ""cartesian-ghf"", ""ghf_diagnostic"": ""complete three-column height function"", ""ghf_direction"": ""x"", ""ghf_fit_points"": 0, ""ghf_height_points"": 3, ""ghf_independent_points"": 3, ""ghf_method"": ""height_function"", ""interval_count"": 1, ""objective"": 3.814409062562771e-21, ""optimizer_message"": ""CONVERGENCE: NORM_OF_PROJECTED_GRADIENT_<=_PGTOL"", ""optimizer_success"": true}"
PLVIRA,PLVIRA,lines,4,128,72,78,reconstructed,0.5619678353143627,0.5619678353143627,0.0,2.8685664904095475e-13,0.0,2.8685664904095475e-13,3.902854380997758e-16,True,height_function,"{""curvature"": 2.8685664904095475e-13, ""curvature_source"": ""cartesian-ghf"", ""ghf_diagnostic"": ""complete three-column height function"", ""ghf_direction"": ""x"", ""ghf_fit_points"": 0, ""ghf_height_points"": 3, ""ghf_independent_points"": 3, ""ghf_method"": ""height_function"", ""interval_count"": 1, ""objective"": 3.902854380997758e-16, ""optimizer_message"": ""CONVERGENCE: REL_REDUCTION_OF_F_<=_FACTR*EPSMCH"", ""optimizer_success"": true}"
PLVIRA,PLVIRA,lines,4,128,73,78,reconstructed,0.04845150463643222,0.04845150463643222,0.0,2.8685664904095475e-13,0.0,2.8685664904095475e-13,4.119406504740647e-16,True,height_function,"{""curvature"": 2.8685664904095475e-13, ""curvature_source"": ""cartesian-ghf"", ""ghf_diagnostic"": ""complete three-column height function"", ""ghf_direction"": ""x"", ""ghf_fit_points"": 0, ""ghf_height_points"": 3, ""ghf_independent_points"": 3, ""ghf_method"": ""height_function"", ""interval_count"": 1, ""objective"": 4.119406504740647e-16, ""optimizer_message"": ""CONVERGENCE: REL_REDUCTION_OF_F_<=_FACTR*EPSMCH"", ""optimizer_success"": true}"
PLVIRA,PLVIRA,lines,4,128,73,79,reconstructed,0.3874086572993747,0.3874086572993746,5.551115123125783e-17,-2.8685664904095475e-13,0.0,2.8685664904095475e-13,3.496165424755488e-21,True,height_function,"{""curvature"": -2.8685664904095475e-13, ""curvature_source"": ""cartesian-ghf"", ""ghf_diagnostic"": ""complete three-column height function"", ""ghf_direction"": ""x"", ""ghf_fit_points"": 0, ""ghf_height_points"": 3, ""ghf_independent_points"": 3, ""ghf_method"": ""height_function"", ""interval_count"": 1, ""objective"": 3.496165424755488e-21, ""optimizer_message"": ""CONVERGENCE: NORM_OF_PROJECTED_GRADIENT_<=_PGTOL"", ""optimizer_success"": true}"
PLVIRA,PLVIRA,lines,4,128,73,80,reconstructed,0.609245460268312,0.6092454602683122,2.220446049250313e-16,-2.1897454125258185e-16,0.0,2.1897454125258185e-16,4.3162051392334884e-16,True,height_function,"{""curvature"": -2.1897454125258185e-16, ""curvature_source"": ""cartesian-ghf"", ""ghf_diagnostic"": ""complete three-column height function"", ""ghf_direction"": ""x"", ""ghf_fit_points"": 0, ""ghf_height_points"": 3, ""ghf_independent_points"": 3, ""ghf_method"": ""height_function"", ""interval_count"": 1, ""objective"": 4.3162051392334884e-16, ""optimizer_message"": ""CONVERGENCE: REL_REDUCTION_OF_F_<=_FACTR*EPSMCH"", ""optimizer_success"": true}"
PLVIRA,PLVIRA,lines,4,128,74,80,reconstructed,0.1655040768798699,0.16550407687986995,5.551115123125783e-17,-2.1897454125258185e-16,0.0,2.1897454125258185e-16,4.998026683580296e-16,True,height_function,"{""curvature"": -2.1897454125258185e-16, ""curvature_source"": ""cartesian-ghf"", ""ghf_diagnostic"": ""complete three-column height function"", ""ghf_direction"": ""x"", ""ghf_fit_points"": 0, ""ghf_height_points"": 3, ""ghf_independent_points"": 3, ""ghf_method"": ""height_function"", ""interval_count"": 1, ""objective"": 4.998026683580296e-16, ""optimizer_message"": ""CONVERGENCE: REL_REDUCTION_OF_F_<=_FACTR*EPSMCH"", ""optimizer_success"": true}"
PLVIRA,PLVIRA,lines,4,128,74,81,reconstructed,0.5281929393861446,0.5281929393861462,1.5543122344752192e-15,2.8729459812346e-13,0.0,2.8729459812346e-13,2.1249752303071718e-21,True,height_function,"{""curvature"": 2.8729459812346e-13, ""curvature_source"": ""cartesian-ghf"", ""ghf_diagnostic"": ""complete three-column height function"", ""ghf_direction"": ""x"", ""ghf_fit_points"": 0, ""ghf_height_points"": 3, ""ghf_independent_points"": 3, ""ghf_method"": ""height_function"", ""interval_count"": 1, ""objective"": 2.1249752303071718e-21, ""optimizer_message"": ""CONVERGENCE: NORM_OF_PROJECTED_GRADIENT_<=_PGTOL"", ""optimizer_success"": true}"
PLVIRA,PLVIRA,lines,4,128,75,81,reconstructed,0.023545915110844362,0.023545915110844348,1.3877787807814457e-17,2.8729459812346e-13,0.0,2.8729459812346e-13,5.205947216598919e-15,True,height_function,"{""curvature"": 2.8729459812346e-13, ""curvature_source"": ""cartesian-ghf"", ""ghf_diagnostic"": ""complete three-column height function"", ""ghf_direction"": ""x"", ""ghf_fit_points"": 0, ""ghf_height_points"": 3, ""ghf_independent_points"": 3, ""ghf_method"": ""height_function"", ""interval_count"": 1, ""objective"": 5.205947216598919e-15, ""optimizer_message"": ""CONVERGENCE: REL_REDUCTION_OF_F_<=_FACTR*EPSMCH"", ""optimizer_success"": true}"
PLVIRA,PLVIRA,lines,4,128,75,82,reconstructed,0.3287281718455688,0.3287281718455689,1.1102230246251565e-16,-2.8751357266471257e-13,0.0,2.8751357266471257e-13,7.081402805108099e-22,True,height_function,"{""curvature"": -2.8751357266471257e-13, ""curvature_source"": ""cartesian-ghf"", ""ghf_diagnostic"": ""complete three-column height function"", ""ghf_direction"": ""x"", ""ghf_fit_points"": 0, ""ghf_height_points"": 3, ""ghf_independent_points"": 3, ""ghf_method"": ""height_function"", ""interval_count"": 1, ""objective"": 7.081402805108099e-22, ""optimizer_message"": ""CONVERGENCE: NORM_OF_PROJECTED_GRADIENT_<=_PGTOL"", ""optimizer_success"": true}"
PLVIRA,PLVIRA,lines,4,128,75,83,reconstructed,0.6003658858717245,0.6003658858717245,0.0,-2.864186999583047e-13,0.0,2.864186999583047e-13,2.7242357618014757e-15,True,height_function,"{""curvature"": -2.864186999583047e-13, ""curvature_source"": ""cartesian-ghf"", ""ghf_diagnostic"": ""complete three-column height function"", ""ghf_direction"": ""x"", ""ghf_fit_points"": 0, ""ghf_height_points"": 3, ""ghf_independent_points"": 3, ""ghf_method"": ""height_function"", ""interval_count"": 1, ""objective"": 2.7242357618014757e-15, ""optimizer_message"": ""CONVERGENCE: REL_REDUCTION_OF_F_<=_FACTR*EPSMCH"", ""optimizer_success"": true}"
PLVIRA,PLVIRA,lines,4,128,76,83,reconstructed,0.1157031658226515,0.11570316582265142,8.326672684688674e-17,-2.864186999583047e-13,0.0,2.864186999583047e-13,5.334867789404283e-22,True,height_function,"{""curvature"": -2.864186999583047e-13, ""curvature_source"": ""cartesian-ghf"", ""ghf_diagnostic"": ""complete three-column height function"", ""ghf_direction"": ""x"", ""ghf_fit_points"": 0, ""ghf_height_points"": 3, ""ghf_independent_points"": 3, ""ghf_method"": ""height_function"", ""interval_count"": 1, ""objective"": 5.334867789404283e-22, ""optimizer_message"": ""CONVERGENCE: NORM_OF_PROJECTED_GRADIENT_<=_PGTOL"", ""optimizer_success"": true}"
PLVIRA,PLVIRA,lines,4,128,76,84,reconstructed,0.48552820106806394,0.48552820106806394,0.0,5.737132980817647e-13,0.0,5.737132980817647e-13,8.733160104223056e-21,True,height_function,"{""curvature"": 5.737132980817647e-13, ""curvature_source"": ""cartesian-ghf"", ""ghf_diagnostic"": ""complete three-column height function"", ""ghf_direction"": ""x"", ""ghf_fit_points"": 0, ""ghf_height_points"": 3, ""ghf_independent_points"": 3, ""ghf_method"": ""height_function"", ""interval_count"": 1, ""objective"": 8.733160104223056e-21, ""optimizer_message"": ""CONVERGENCE: NORM_OF_PROJECTED_GRADIENT_<=_PGTOL"", ""optimizer_success"": true}"
PLVIRA,PLVIRA,lines,4,128,77,84,reconstructed,0.007530167975346558,0.007530167975346502,5.551115123125783e-17,5.737132980817647e-13,0.0,5.737132980817647e-13,1.383341087211033e-21,True,height_function,"{""curvature"": 5.737132980817647e-13, ""curvature_source"": ""cartesian-ghf"", ""ghf_diagnostic"": ""complete three-column height function"", ""ghf_direction"": ""x"", ""ghf_fit_points"": 0, ""ghf_height_points"": 3, ""ghf_independent_points"": 3, ""ghf_method"": ""height_function"", ""interval_count"": 1, ""objective"": 1.383341087211033e-21, ""optimizer_message"": ""CONVERGENCE: NORM_OF_PROJECTED_GRADIENT_<=_PGTOL"", ""optimizer_success"": true}"
PLVIRA,PLVIRA,lines,4,128,77,85,reconstructed,0.2700476863919903,0.27004768639199017,1.1102230246251565e-16,2.8707562358235245e-13,0.0,2.8707562358235245e-13,1.2333699461355319e-14,True,height_function,"{""curvature"": 2.8707562358235245e-13, ""curvature_source"": ""cartesian-ghf"", ""ghf_diagnostic"": ""complete three-column height function"", ""ghf_direction"": ""x"", ""ghf_fit_points"": 0, ""ghf_height_points"": 3, ""ghf_independent_points"": 3, ""ghf_method"": ""height_function"", ""interval_count"": 1, ""objective"": 1.2333699461355319e-14, ""optimizer_message"": ""CONVERGENCE: REL_REDUCTION_OF_F_<=_FACTR*EPSMCH"", ""optimizer_success"": true}"
PLVIRA,PLVIRA,lines,4,128,77,86,reconstructed,0.5825964690850469,0.5825964690850469,0.0,-5.739322726233072e-13,0.0,5.739322726233072e-13,6.26899532252981e-18,True,height_function,"{""curvature"": -5.739322726233072e-13, ""curvature_source"": ""cartesian-ghf"", ""ghf_diagnostic"": ""complete three-column height function"", ""ghf_direction"": ""x"", ""ghf_fit_points"": 0, ""ghf_height_points"": 3, ""ghf_independent_points"": 3, ""ghf_method"": ""height_function"", ""interval_count"": 1, ""objective"": 6.26899532252981e-18, ""optimizer_message"": ""CONVERGENCE: REL_REDUCTION_OF_F_<=_FACTR*EPSMCH"", ""optimizer_success"": true}"
PLVIRA,PLVIRA,lines,4,128,78,86,reconstructed,0.07479209715529578,0.07479209715528379,1.199040866595169e-14,-5.739322726233072e-13,0.0,5.739322726233072e-13,1.2755912414809499e-22,True,height_function,"{""curvature"": -5.739322726233072e-13, ""curvature_source"": ""cartesian-ghf"", ""ghf_diagnostic"": ""complete three-column height function"", ""ghf_direction"": ""x"", ""ghf_fit_points"": 0, ""ghf_height_points"": 3, ""ghf_independent_points"": 3, ""ghf_method"": ""height_function"", ""interval_count"": 1, ""objective"": 1.2755912414809499e-22, ""optimizer_message"": ""CONVERGENCE: NORM_OF_PROJECTED_GRADIENT_<=_PGTOL"", ""optimizer_success"": true}"
PLVIRA,PLVIRA,lines,4,128,78,87,reconstructed,0.43397362035921105,0.43397362035921117,1.1102230246251565e-16,2.8685664904095475e-13,0.0,2.8685664904095475e-13,8.973548671750216e-15,True,height_function,"{""curvature"": 2.8685664904095475e-13, ""curvature_source"": ""cartesian-ghf"", ""ghf_diagnostic"": ""complete three-column height function"", ""ghf_direction"": ""x"", ""ghf_fit_points"": 0, ""ghf_height_points"": 3, ""ghf_independent_points"": 3, ""ghf_method"": ""height_function"", ""interval_count"": 1, ""objective"": 8.973548671750216e-15, ""optimizer_message"": ""CONVERGENCE: REL_REDUCTION_OF_F_<=_FACTR*EPSMCH"", ""optimizer_success"": true}"
PLVIRA,PLVIRA,lines,4,128,79,87,reconstructed,0.00040426322993880603,0.00040426322993859093,2.1510571102112408e-16,2.8685664904095475e-13,0.0,2.8685664904095475e-13,2.376346294389022e-15,True,height_function,"{""curvature"": 2.8685664904095475e-13, ""curvature_source"": ""cartesian-ghf"", ""ghf_diagnostic"": ""complete three-column height function"", ""ghf_direction"": ""x"", ""ghf_fit_points"": 0, ""ghf_height_points"": 3, ""ghf_independent_points"": 3, ""ghf_method"": ""height_function"", ""interval_count"": 1, ""objective"": 2.376346294389022e-15, ""optimizer_message"": ""CONVERGENCE: REL_REDUCTION_OF_F_<=_FACTR*EPSMCH"", ""optimizer_success"": true}"
PLVIRA,PLVIRA,lines,4,128,79,88,reconstructed,0.21136720093772965,0.21136720093772957,8.326672684688674e-17,-5.741512471642695e-13,0.0,5.741512471642695e-13,1.2584913142118473e-15,True,height_function,"{""curvature"": -5.741512471642695e-13, ""curvature_source"": ""cartesian-ghf"", ""ghf_diagnostic"": ""complete three-column height function"", ""ghf_direction"": ""x"", ""ghf_fit_points"": 0, ""ghf_height_points"": 3, ""ghf_independent_points"": 3, ""ghf_method"": ""height_function"", ""interval_count"": 1, ""objective"": 1.2584913142118473e-15, ""optimizer_message"": ""CONVERGENCE: REL_REDUCTION_OF_F_<=_FACTR*EPSMCH"", ""optimizer_success"": true}"
PLVIRA,PLVIRA,lines,4,128,79,89,reconstructed,0.5559372099091888,0.5559372099091888,0.0,5.743702217055221e-13,0.0,5.743702217055221e-13,9.982438793439093e-22,True,height_function,"{""curvature"": 5.743702217055221e-13, ""curvature_source"": ""cartesian-ghf"", ""ghf_diagnostic"": ""complete three-column height function"", ""ghf_direction"": ""x"", ""ghf_fit_points"": 0, ""ghf_height_points"": 3, ""ghf_independent_points"": 3, ""ghf_method"": ""height_function"", ""interval_count"": 1, ""objective"": 9.982438793439093e-22, ""optimizer_message"": ""CONVERGENCE: NORM_OF_PROJECTED_GRADIENT_<=_PGTOL"", ""optimizer_success"": true}"
PLVIRA,PLVIRA,lines,4,128,80,89,reconstructed,0.042770870877575355,0.042770870877575265,9.020562075079397e-17,5.743702217055221e-13,0.0,5.743702217055221e-13,5.2896307117402646e-18,True,height_function,"{""curvature"": 5.743702217055221e-13, ""curvature_source"": ""cartesian-ghf"", ""ghf_diagnostic"": ""complete three-column height function"", ""ghf_direction"": ""x"", ""ghf_fit_points"": 0, ""ghf_height_points"": 3, ""ghf_independent_points"": 3, ""ghf_method"": ""height_function"", ""interval_count"": 1, ""objective"": 5.2896307117402646e-18, ""optimizer_message"": ""CONVERGENCE: NORM_OF_PROJECTED_GRADIENT_<=_PGTOL"", ""optimizer_success"": true}"
PLVIRA,PLVIRA,lines,4,128,80,90,reconstructed,0.37569739813534403,0.37569739813534425,2.220446049250313e-16,-5.741512471642698e-13,0.0,5.741512471642698e-13,4.8051875840735555e-18,True,height_function,"{""curvature"": -5.741512471642698e-13, ""curvature_source"": ""cartesian-ghf"", ""ghf_diagnostic"": ""complete three-column height function"", ""ghf_direction"": ""x"", ""ghf_fit_points"": 0, ""ghf_height_points"": 3, ""ghf_independent_points"": 3, ""ghf_method"": ""height_function"", ""interval_count"": 1, ""objective"": 4.8051875840735555e-18, ""optimizer_message"": ""CONVERGENCE: NORM_OF_PROJECTED_GRADIENT_<=_PGTOL"", ""optimizer_success"": true}"
PLVIRA,PLVIRA,lines,4,128,80,91,reconstructed,0.6081833616253789,0.6081833616253789,0.0,5.73932272623017e-13,0.0,5.73932272623017e-13,4.477901397674584e-17,True,height_function,"{""curvature"": 5.73932272623017e-13, ""curvature_source"": ""cartesian-ghf"", ""ghf_diagnostic"": ""complete three-column height function"", ""ghf_direction"": ""x"", ""ghf_fit_points"": 0, ""ghf_height_points"": 3, ""ghf_independent_points"": 3, ""ghf_method"": ""height_function"", ""interval_count"": 1, ""objective"": 4.477901397674584e-17, ""optimizer_message"": ""CONVERGENCE: REL_REDUCTION_OF_F_<=_FACTR*EPSMCH"", ""optimizer_success"": true}"
PLVIRA,PLVIRA,lines,4,128,81,91,reconstructed,0.15485491635899962,0.15485491635899984,2.220446049250313e-16,5.73932272623017e-13,0.0,5.73932272623017e-13,2.87008631629886e-17,True,height_function,"{""curvature"": 5.73932272623017e-13, ""curvature_source"": ""cartesian-ghf"", ""ghf_diagnostic"": ""complete three-column height function"", ""ghf_direction"": ""x"", ""ghf_fit_points"": 0, ""ghf_height_points"": 3, ""ghf_independent_points"": 3, ""ghf_method"": ""height_function"", ""interval_count"": 1, ""objective"": 2.87008631629886e-17, ""optimizer_message"": ""CONVERGENCE: REL_REDUCTION_OF_F_<=_FACTR*EPSMCH"", ""optimizer_success"": true}"
PLVIRA,PLVIRA,lines,4,128,81,92,reconstructed,0.5203881083416491,0.5203881083416493,2.220446049250313e-16,2.1897454125269259e-16,0.0,2.1897454125269259e-16,6.992062506690083e-18,True,height_function,"{""curvature"": 2.1897454125269259e-16, ""curvature_source"": ""cartesian-ghf"", ""ghf_diagnostic"": ""complete three-column height function"", ""ghf_direction"": ""x"", ""ghf_fit_points"": 0, ""ghf_height_points"": 3, ""ghf_independent_points"": 3, ""ghf_method"": ""height_function"", ""interval_count"": 1, ""objective"": 6.992062506690083e-18, ""optimizer_message"": ""CONVERGENCE: REL_REDUCTION_OF_F_<=_FACTR*EPSMCH"", ""optimizer_success"": true}"
PLVIRA,PLVIRA,lines,4,128,82,92,reconstructed,0.019639486991309237,0.019639486991309227,1.0408340855860843e-17,2.1897454125269259e-16,0.0,2.1897454125269259e-16,3.980364442880762e-17,True,height_function,"{""curvature"": 2.1897454125269259e-16, ""curvature_source"": ""cartesian-ghf"", ""ghf_diagnostic"": ""complete three-column height function"", ""ghf_direction"": ""x"", ""ghf_fit_points"": 0, ""ghf_height_points"": 3, ""ghf_independent_points"": 3, ""ghf_method"": ""height_function"", ""interval_count"": 1, ""objective"": 3.980364442880762e-17, ""optimizer_message"": ""CONVERGENCE: REL_REDUCTION_OF_F_<=_FACTR*EPSMCH"", ""optimizer_success"": true}"
PLVIRA,PLVIRA,lines,4,128,82,93,reconstructed,0.3170169126815381,0.31701691268153814,5.551115123125783e-17,0.0,0.0,0.0,1.5898584302085738e-19,True,height_function,"{""curvature"": 0.0, ""curvature_source"": ""cartesian-ghf"", ""ghf_diagnostic"": ""complete three-column height function"", ""ghf_direction"": ""x"", ""ghf_fit_points"": 0, ""ghf_height_points"": 3, ""ghf_independent_points"": 3, ""ghf_method"": ""height_function"", ""interval_count"": 1, ""objective"": 1.5898584302085738e-19, ""optimizer_message"": ""CONVERGENCE: NORM_OF_PROJECTED_GRADIENT_<=_PGTOL"", ""optimizer_success"": true}"
PLVIRA,PLVIRA,lines,4,128,82,94,reconstructed,0.5975295815906065,0.5975295815906067,1.1102230246251565e-16,-1.1485214688692108e-12,0.0,1.1485214688692108e-12,3.1944746867236675e-17,True,height_function,"{""curvature"": -1.1485214688692108e-12, ""curvature_source"": ""cartesian-ghf"", ""ghf_diagnostic"": ""complete three-column height function"", ""ghf_direction"": ""x"", ""ghf_fit_points"": 0, ""ghf_height_points"": 3, ""ghf_independent_points"": 3, ""ghf_method"": ""height_function"", ""interval_count"": 1, ""objective"": 3.1944746867236675e-17, ""optimizer_message"": ""CONVERGENCE: REL_REDUCTION_OF_F_<=_FACTR*EPSMCH"", ""optimizer_success"": true}"
PLVIRA,PLVIRA,lines,4,128,83,94,reconstructed,0.10682821093951134,0.10682821093951134,0.0,-1.1485214688692108e-12,0.0,1.1485214688692108e-12,1.8333435046653374e-23,True,height_function,"{""curvature"": -1.1485214688692108e-12, ""curvature_source"": ""cartesian-ghf"", ""ghf_diagnostic"": ""complete three-column height function"", ""ghf_direction"": ""x"", ""ghf_fit_points"": 0, ""ghf_height_points"": 3, ""ghf_independent_points"": 3, ""ghf_method"": ""height_function"", ""interval_count"": 1, ""objective"": 1.8333435046653374e-23, ""optimizer_message"": ""CONVERGENCE: NORM_OF_PROJECTED_GRADIENT_<=_PGTOL"", ""optimizer_success"": true}"
PLVIRA,PLVIRA,lines,4,128,83,95,reconstructed,0.4759491643853835,0.47594916438537666,6.827871601444713e-15,1.7224537414928086e-12,0.0,1.7224537414928086e-12,1.221266876278152e-19,True,height_function,"{""curvature"": 1.7224537414928086e-12, ""curvature_source"": ""cartesian-ghf"", ""ghf_diagnostic"": ""complete three-column height function"", ""ghf_direction"": ""x"", ""ghf_fit_points"": 0, ""ghf_height_points"": 3, ""ghf_independent_points"": 3, ""ghf_method"": ""height_function"", ""interval_count"": 1, ""objective"": 1.221266876278152e-19, ""optimizer_message"": ""CONVERGENCE: NORM_OF_PROJECTED_GRADIENT_<=_PGTOL"", ""optimizer_success"": true}"
PLVIRA,PLVIRA,lines,4,128,84,95,reconstructed,0.005397945494223677,0.00539794549422367,6.938893903907228e-18,1.7224537414928086e-12,0.0,1.7224537414928086e-12,8.568169745575419e-20,True,height_function,"{""curvature"": 1.7224537414928086e-12, ""curvature_source"": ""cartesian-ghf"", ""ghf_diagnostic"": ""complete three-column height function"", ""ghf_direction"": ""x"", ""ghf_fit_points"": 0, ""ghf_height_points"": 3, ""ghf_independent_points"": 3, ""ghf_method"": ""height_function"", ""interval_count"": 1, ""objective"": 8.568169745575419e-20, ""optimizer_message"": ""CONVERGENCE: NORM_OF_PROJECTED_GRADIENT_<=_PGTOL"", ""optimizer_success"": true}"
PLVIRA,PLVIRA,lines,4,128,84,96,reconstructed,0.2583364272277322,0.2583364272277323,1.1102230246251565e-16,-1.1483024943291198e-12,0.0,1.1483024943291198e-12,1.920749033048484e-15,True,height_function,"{""curvature"": -1.1483024943291198e-12, ""curvature_source"": ""cartesian-ghf"", ""ghf_diagnostic"": ""complete three-column height function"", ""ghf_direction"": ""x"", ""ghf_fit_points"": 0, ""ghf_height_points"": 3, ""ghf_independent_points"": 3, ""ghf_method"": ""height_function"", ""interval_count"": 1, ""objective"": 1.920749033048484e-15, ""optimizer_message"": ""CONVERGENCE: REL_REDUCTION_OF_F_<=_FACTR*EPSMCH"", ""optimizer_success"": true}"
PLVIRA,PLVIRA,lines,4,128,84,97,reconstructed,0.5779859591652894,0.5779859591652894,0.0,5.743702217055221e-13,0.0,5.743702217055221e-13,1.9490558084919748e-17,True,height_function,"{""curvature"": 5.743702217055221e-13, ""curvature_source"": ""cartesian-ghf"", ""ghf_diagnostic"": ""complete three-column height function"", ""ghf_direction"": ""x"", ""ghf_fit_points"": 0, ""ghf_height_points"": 3, ""ghf_independent_points"": 3, ""ghf_method"": ""height_function"", ""interval_count"": 1, ""objective"": 1.9490558084919748e-17, ""optimizer_message"": ""CONVERGENCE: REL_REDUCTION_OF_F_<=_FACTR*EPSMCH"", ""optimizer_success"": true}"
PLVIRA,PLVIRA,lines,4,128,85,97,reconstructed,0.06769134791147735,0.06769134791147732,2.7755575615628914e-17,5.743702217055221e-13,0.0,5.743702217055221e-13,5.1433781022795507e-20,True,height_function,"{""curvature"": 5.743702217055221e-13, ""curvature_source"": ""cartesian-ghf"", ""ghf_diagnostic"": ""complete three-column height function"", ""ghf_direction"": ""x"", ""ghf_fit_points"": 0, ""ghf_height_points"": 3, ""ghf_independent_points"": 3, ""ghf_method"": ""height_function"", ""interval_count"": 1, ""objective"": 5.1433781022795507e-20, ""optimizer_message"": ""CONVERGENCE: NORM_OF_PROJECTED_GRADIENT_<=_PGTOL"", ""optimizer_success"": true}"
PLVIRA,PLVIRA,lines,4,128,85,98,reconstructed,0.4226203780385731,0.4226203780385731,0.0,-2.1897454125269259e-16,0.0,2.1897454125269259e-16,1.2540587276655805e-20,True,height_function,"{""curvature"": -2.1897454125269259e-16, ""curvature_source"": ""cartesian-ghf"", ""ghf_diagnostic"": ""complete three-column height function"", ""ghf_direction"": ""x"", ""ghf_fit_points"": 0, ""ghf_height_points"": 3, ""ghf_independent_points"": 3, ""ghf_method"": ""height_function"", ""interval_count"": 1, ""objective"": 1.2540587276655805e-20, ""optimizer_message"": ""CONVERGENCE: NORM_OF_PROJECTED_GRADIENT_<=_PGTOL"", ""optimizer_success"": true}"
PLVIRA,PLVIRA,lines,4,128,86,98,reconstructed,4.6246386773418635e-05,4.624638677339999e-05,1.8648277366750676e-17,-2.1897454125269259e-16,0.0,2.1897454125269259e-16,7.13054827849306e-15,True,height_function,"{""curvature"": -2.1897454125269259e-16, ""curvature_source"": ""cartesian-ghf"", ""ghf_diagnostic"": ""complete three-column height function"", ""ghf_direction"": ""x"", ""ghf_fit_points"": 0, ""ghf_height_points"": 3, ""ghf_independent_points"": 3, ""ghf_method"": ""height_function"", ""interval_count"": 1, ""objective"": 7.13054827849306e-15, ""optimizer_message"": ""CONVERGENCE: REL_REDUCTION_OF_F_<=_FACTR*EPSMCH"", ""optimizer_success"": true}"
PLVIRA,PLVIRA,lines,4,128,86,99,reconstructed,0.19965594177392632,0.19965594177392634,2.7755575615628914e-17,-5.73932272623017e-13,0.0,5.73932272623017e-13,7.414904299954819e-18,True,height_function,"{""curvature"": -5.73932272623017e-13, ""curvature_source"": ""cartesian-ghf"", ""ghf_diagnostic"": ""complete three-column height function"", ""ghf_direction"": ""x"", ""ghf_fit_points"": 0, ""ghf_height_points"": 3, ""ghf_independent_points"": 3, ""ghf_method"": ""height_function"", ""interval_count"": 1, ""objective"": 7.414904299954819e-18, ""optimizer_message"": ""CONVERGENCE: NORM_OF_PROJECTED_GRADIENT_<=_PGTOL"", ""optimizer_success"": true}"
PLVIRA,PLVIRA,lines,4,128,86,100,reconstructed,0.5495524943503369,0.549552494350337,1.1102230246251565e-16,5.73932272623017e-13,0.0,5.73932272623017e-13,5.272048414302232e-23,True,height_function,"{""curvature"": 5.73932272623017e-13, ""curvature_source"": ""cartesian-ghf"", ""ghf_diagnostic"": ""complete three-column height function"", ""ghf_direction"": ""x"", ""ghf_fit_points"": 0, ""ghf_height_points"": 3, ""ghf_independent_points"": 3, ""ghf_method"": ""height_function"", ""interval_count"": 1, ""objective"": 5.272048414302232e-23, ""optimizer_message"": ""CONVERGENCE: NORM_OF_PROJECTED_GRADIENT_<=_PGTOL"", ""optimizer_success"": true}"
PLVIRA,PLVIRA,lines,4,128,87,100,reconstructed,0.03744432727262392,0.03744432727262216,1.762479051592436e-15,5.73932272623017e-13,0.0,5.73932272623017e-13,2.625467042773935e-12,True,height_function,"{""curvature"": 5.73932272623017e-13, ""curvature_source"": ""cartesian-ghf"", ""ghf_diagnostic"": ""complete three-column height function"", ""ghf_direction"": ""x"", ""ghf_fit_points"": 0, ""ghf_height_points"": 3, ""ghf_independent_points"": 3, ""ghf_method"": ""height_function"", ""interval_count"": 1, ""objective"": 2.625467042773935e-12, ""optimizer_message"": ""CONVERGENCE: REL_REDUCTION_OF_F_<=_FACTR*EPSMCH"", ""optimizer_success"": true}"
PLVIRA,PLVIRA,lines,4,128,87,101,reconstructed,0.36398613897154064,0.36398613897154064,0.0,2.1897454125269259e-16,0.0,2.1897454125269259e-16,1.665263436192486e-16,True,height_function,"{""curvature"": 2.1897454125269259e-16, ""curvature_source"": ""cartesian-ghf"", ""ghf_diagnostic"": ""complete three-column height function"", ""ghf_direction"": ""x"", ""ghf_fit_points"": 0, ""ghf_height_points"": 3, ""ghf_independent_points"": 3, ""ghf_method"": ""height_function"", ""interval_count"": 1, ""objective"": 1.665263436192486e-16, ""optimizer_message"": ""CONVERGENCE: REL_REDUCTION_OF_F_<=_FACTR*EPSMCH"", ""optimizer_success"": true}"
PLVIRA,PLVIRA,lines,4,128,87,102,reconstructed,0.6067671728296773,0.6067671728296772,1.1102230246251565e-16,-2.1897454125269259e-16,0.0,2.1897454125269259e-16,2.7493512156507795e-18,True,height_function,"{""curvature"": -2.1897454125269259e-16, ""curvature_source"": ""cartesian-ghf"", ""ghf_diagnostic"": ""complete three-column height function"", ""ghf_direction"": ""x"", ""ghf_fit_points"": 0, ""ghf_height_points"": 3, ""ghf_independent_points"": 3, ""ghf_method"": ""height_function"", ""interval_count"": 1, ""objective"": 2.7493512156507795e-18, ""optimizer_message"": ""CONVERGENCE: NORM_OF_PROJECTED_GRADIENT_<=_PGTOL"", ""optimizer_success"": true}"
PLVIRA,PLVIRA,lines,4,128,88,102,reconstructed,0.14455984599044314,0.14455984599044414,9.992007221626409e-16,-2.1897454125269259e-16,0.0,2.1897454125269259e-16,1.8328825798809e-18,True,height_function,"{""curvature"": -2.1897454125269259e-16, ""curvature_source"": ""cartesian-ghf"", ""ghf_diagnostic"": ""complete three-column height function"", ""ghf_direction"": ""x"", ""ghf_fit_points"": 0, ""ghf_height_points"": 3, ""ghf_independent_points"": 3, ""ghf_method"": ""height_function"", ""interval_count"": 1, ""objective"": 1.8328825798809e-18, ""optimizer_message"": ""CONVERGENCE: NORM_OF_PROJECTED_GRADIENT_<=_PGTOL"", ""optimizer_success"": true}"
PLVIRA,PLVIRA,lines,4,128,88,103,reconstructed,0.5122291871457492,0.5122291871457493,1.1102230246251565e-16,-5.73932272623017e-13,0.0,5.73932272623017e-13,1.0426994203023527e-15,True,height_function,"{""curvature"": -5.73932272623017e-13, ""curvature_source"": ""cartesian-ghf"", ""ghf_diagnostic"": ""complete three-column height function"", ""ghf_direction"": ""x"", ""ghf_fit_points"": 0, ""ghf_height_points"": 3, ""ghf_independent_points"": 3, ""ghf_method"": ""height_function"", ""interval_count"": 1, ""objective"": 1.0426994203023527e-15, ""optimizer_message"": ""CONVERGENCE: REL_REDUCTION_OF_F_<=_FACTR*EPSMCH"", ""optimizer_success"": true}"
PLVIRA,PLVIRA,lines,4,128,89,103,reconstructed,0.016087149022951053,0.01608714902295072,3.3306690738754696e-16,-5.73932272623017e-13,0.0,5.73932272623017e-13,8.332211433335521e-21,True,height_function,"{""curvature"": -5.73932272623017e-13, ""curvature_source"": ""cartesian-ghf"", ""ghf_diagnostic"": ""complete three-column height function"", ""ghf_direction"": ""x"", ""ghf_fit_points"": 0, ""ghf_height_points"": 3, ""ghf_independent_points"": 3, ""ghf_method"": ""height_function"", ""interval_count"": 1, ""objective"": 8.332211433335521e-21, ""optimizer_message"": ""CONVERGENCE: NORM_OF_PROJECTED_GRADIENT_<=_PGTOL"", ""optimizer_success"": true}"
PLVIRA,PLVIRA,lines,4,128,89,104,reconstructed,0.30530565351773475,0.30530565351773464,1.1102230246251565e-16,-2.189745412524711e-16,0.0,2.189745412524711e-16,2.2647927936441705e-19,True,height_function,"{""curvature"": -2.189745412524711e-16, ""curvature_source"": ""cartesian-ghf"", ""ghf_diagnostic"": ""complete three-column height function"", ""ghf_direction"": ""x"", ""ghf_fit_points"": 0, ""ghf_height_points"": 3, ""ghf_independent_points"": 3, ""ghf_method"": ""height_function"", ""interval_count"": 1, ""objective"": 2.2647927936441705e-19, ""optimizer_message"": ""CONVERGENCE: NORM_OF_PROJECTED_GRADIENT_<=_PGTOL"", ""optimizer_success"": true}"
PLVIRA,PLVIRA,lines,4,128,89,105,reconstructed,0.5943391871569474,0.5943391871569478,3.3306690738754696e-16,1.1485214688703724e-12,0.0,1.1485214688703724e-12,1.0855758869646286e-20,True,height_function,"{""curvature"": 1.1485214688703724e-12, ""curvature_source"": ""cartesian-ghf"", ""ghf_diagnostic"": ""complete three-column height function"", ""ghf_direction"": ""x"", ""ghf_fit_points"": 0, ""ghf_height_points"": 3, ""ghf_independent_points"": 3, ""ghf_method"": ""height_function"", ""interval_count"": 1, ""objective"": 1.0855758869646286e-20, ""optimizer_message"": ""CONVERGENCE: NORM_OF_PROJECTED_GRADIENT_<=_PGTOL"", ""optimizer_success"": true}"
PLVIRA,PLVIRA,lines,4,128,90,105,reconstructed,0.09830734620982184,0.09830734620982173,1.1102230246251565e-16,1.1485214688703724e-12,0.0,1.1485214688703724e-12,1.1250875029080602e-15,True,height_function,"{""curvature"": 1.1485214688703724e-12, ""curvature_source"": ""cartesian-ghf"", ""ghf_diagnostic"": ""complete three-column height function"", ""ghf_direction"": ""x"", ""ghf_fit_points"": 0, ""ghf_height_points"": 3, ""ghf_independent_points"": 3, ""ghf_method"": ""height_function"", ""interval_count"": 1, ""objective"": 1.1250875029080602e-15, ""optimizer_message"": ""CONVERGENCE: REL_REDUCTION_OF_F_<=_FACTR*EPSMCH"", ""optimizer_success"": true}"
PLVIRA,PLVIRA,lines,4,128,90,106,reconstructed,0.46601603755016185,0.46601603755016074,1.1102230246251565e-15,-5.74370221706103e-13,0.0,5.74370221706103e-13,1.7266146911054477e-18,True,height_function,"{""curvature"": -5.74370221706103e-13, ""curvature_source"": ""cartesian-ghf"", ""ghf_diagnostic"": ""complete three-column height function"", ""ghf_direction"": ""x"", ""ghf_fit_points"": 0, ""ghf_height_points"": 3, ""ghf_independent_points"": 3, ""ghf_method"": ""height_function"", ""interval_count"": 1, ""objective"": 1.7266146911054477e-18, ""optimizer_message"": ""CONVERGENCE: NORM_OF_PROJECTED_GRADIENT_<=_PGTOL"", ""optimizer_success"": true}"
PLVIRA,PLVIRA,lines,4,128,91,106,reconstructed,0.003619813164732477,0.003619813164732446,3.122502256758253e-17,-5.74370221706103e-13,0.0,5.74370221706103e-13,2.567835143740844e-18,True,height_function,"{""curvature"": -5.74370221706103e-13, ""curvature_source"": ""cartesian-ghf"", ""ghf_diagnostic"": ""complete three-column height function"", ""ghf_direction"": ""x"", ""ghf_fit_points"": 0, ""ghf_height_points"": 3, ""ghf_independent_points"": 3, ""ghf_method"": ""height_function"", ""interval_count"": 1, ""objective"": 2.567835143740844e-18, ""optimizer_message"": ""CONVERGENCE: NORM_OF_PROJECTED_GRADIENT_<=_PGTOL"", ""optimizer_success"": true}"
PLVIRA,PLVIRA,lines,4,128,91,107,reconstructed,0.2466251680634741,0.24662516806347407,2.7755575615628914e-17,-1.1478645452454538e-12,0.0,1.1478645452454538e-12,1.766469899448566e-16,True,height_function,"{""curvature"": -1.1478645452454538e-12, ""curvature_source"": ""cartesian-ghf"", ""ghf_diagnostic"": ""complete three-column height function"", ""ghf_direction"": ""x"", ""ghf_fit_points"": 0, ""ghf_height_points"": 3, ""ghf_independent_points"": 3, ""ghf_method"": ""height_function"", ""interval_count"": 1, ""objective"": 1.766469899448566e-16, ""optimizer_message"": ""CONVERGENCE: REL_REDUCTION_OF_F_<=_FACTR*EPSMCH"", ""optimizer_success"": true}"
PLVIRA,PLVIRA,lines,4,128,91,108,reconstructed,0.5730213590936728,0.5730213590936747,1.887379141862766e-15,1.721796817869051e-12,0.0,1.721796817869051e-12,3.688941410525908e-12,True,height_function,"{""curvature"": 1.721796817869051e-12, ""curvature_source"": ""cartesian-ghf"", ""ghf_diagnostic"": ""complete three-column height function"", ""ghf_direction"": ""x"", ""ghf_fit_points"": 0, ""ghf_height_points"": 3, ""ghf_independent_points"": 3, ""ghf_method"": ""height_function"", ""interval_count"": 1, ""objective"": 3.688941410525908e-12, ""optimizer_message"": ""CONVERGENCE: REL_REDUCTION_OF_F_<=_FACTR*EPSMCH"", ""optimizer_success"": true}"
PLVIRA,PLVIRA,lines,4,128,92,108,reconstructed,0.060944688819290604,0.06094468881929056,4.163336342344337e-17,1.721796817869051e-12,0.0,1.721796817869051e-12,4.5767356425583314e-23,True,height_function,"{""curvature"": 1.721796817869051e-12, ""curvature_source"": ""cartesian-ghf"", ""ghf_diagnostic"": ""complete three-column height function"", ""ghf_direction"": ""x"", ""ghf_fit_points"": 0, ""ghf_height_points"": 3, ""ghf_independent_points"": 3, ""ghf_method"": ""height_function"", ""interval_count"": 1, ""objective"": 4.5767356425583314e-23, ""optimizer_message"": ""CONVERGENCE: NORM_OF_PROJECTED_GRADIENT_<=_PGTOL"", ""optimizer_success"": true}"
PLVIRA,PLVIRA,lines,4,128,92,109,reconstructed,0.41095536526108845,0.4109553652610885,5.551115123125783e-17,-1.7222347669515556e-12,0.0,1.7222347669515556e-12,6.591040991952277e-18,True,height_function,"{""curvature"": -1.7222347669515556e-12, ""curvature_source"": ""cartesian-ghf"", ""ghf_diagnostic"": ""complete three-column height function"", ""ghf_direction"": ""x"", ""ghf_fit_points"": 0, ""ghf_height_points"": 3, ""ghf_independent_points"": 3, ""ghf_method"": ""height_function"", ""interval_count"": 1, ""objective"": 6.591040991952277e-18, ""optimizer_message"": ""CONVERGENCE: NORM_OF_PROJECTED_GRADIENT_<=_PGTOL"", ""optimizer_success"": true}"
PLVIRA,PLVIRA,lines,4,128,92,110,reconstructed,0.6103092428038508,0.6103092428038508,0.0,1.7226727160340612e-12,0.0,1.7226727160340612e-12,7.273097942969679e-15,True,height_function,"{""curvature"": 1.7226727160340612e-12, ""curvature_source"": ""cartesian-ghf"", ""ghf_diagnostic"": ""complete three-column height function"", ""ghf_direction"": ""x"", ""ghf_fit_points"": 0, ""ghf_height_points"": 3, ""ghf_independent_points"": 3, ""ghf_method"": ""height_function"", ""interval_count"": 1, ""objective"": 7.273097942969679e-15, ""optimizer_message"": ""CONVERGENCE: REL_REDUCTION_OF_F_<=_FACTR*EPSMCH"", ""optimizer_success"": true}"
PLVIRA,PLVIRA,lines,4,128,93,110,reconstructed,0.18798700230672694,0.187987002306727,5.551115123125783e-17,1.7226727160340612e-12,0.0,1.7226727160340612e-12,1.440138231973056e-20,True,height_function,"{""curvature"": 1.7226727160340612e-12, ""curvature_source"": ""cartesian-ghf"", ""ghf_diagnostic"": ""complete three-column height function"", ""ghf_direction"": ""x"", ""ghf_fit_points"": 0, ""ghf_height_points"": 3, ""ghf_independent_points"": 3, ""ghf_method"": ""height_function"", ""interval_count"": 1, ""objective"": 1.440138231973056e-20, ""optimizer_message"": ""CONVERGENCE: NORM_OF_PROJECTED_GRADIENT_<=_PGTOL"", ""optimizer_success"": true}"
PLVIRA,PLVIRA,lines,4,128,93,111,reconstructed,0.5428136886398534,0.5428136886398534,0.0,-1.1483024943291204e-12,0.0,1.1483024943291204e-12,5.832355327963284e-20,True,height_function,"{""curvature"": -1.1483024943291204e-12, ""curvature_source"": ""cartesian-ghf"", ""ghf_diagnostic"": ""complete three-column height function"", ""ghf_direction"": ""x"", ""ghf_fit_points"": 0, ""ghf_height_points"": 3, ""ghf_independent_points"": 3, ""ghf_method"": ""height_function"", ""interval_count"": 1, ""objective"": 5.832355327963284e-20, ""optimizer_message"": ""CONVERGENCE: NORM_OF_PROJECTED_GRADIENT_<=_PGTOL"", ""optimizer_success"": true}"
PLVIRA,PLVIRA,lines,4,128,94,111,reconstructed,0.03247187381884942,0.03247187381884939,2.7755575615628914e-17,-1.1483024943291204e-12,0.0,1.1483024943291204e-12,2.0947854226572476e-17,True,height_function,"{""curvature"": -1.1483024943291204e-12, ""curvature_source"": ""cartesian-ghf"", ""ghf_diagnostic"": ""complete three-column height function"", ""ghf_direction"": ""x"", ""ghf_fit_points"": 0, ""ghf_height_points"": 3, ""ghf_independent_points"": 3, ""ghf_method"": ""height_function"", ""interval_count"": 1, ""objective"": 2.0947854226572476e-17, ""optimizer_message"": ""CONVERGENCE: REL_REDUCTION_OF_F_<=_FACTR*EPSMCH"", ""optimizer_success"": true}"
PLVIRA,PLVIRA,lines,4,128,94,112,reconstructed,0.3522748798077373,0.3522748798077372,1.1102230246251565e-16,-2.189745412524711e-16,0.0,2.189745412524711e-16,1.8322466440904863e-15,True,height_function,"{""curvature"": -2.189745412524711e-16, ""curvature_source"": ""cartesian-ghf"", ""ghf_diagnostic"": ""complete three-column height function"", ""ghf_direction"": ""x"", ""ghf_fit_points"": 0, ""ghf_height_points"": 3, ""ghf_independent_points"": 3, ""ghf_method"": ""height_function"", ""interval_count"": 1, ""objective"": 1.8322466440904863e-15, ""optimizer_message"": ""CONVERGENCE: REL_REDUCTION_OF_F_<=_FACTR*EPSMCH"", ""optimizer_success"": true}"
PLVIRA,PLVIRA,lines,4,128,94,113,reconstructed,0.604996893882344,0.6049968938823439,1.1102230246251565e-16,1.1483024943291198e-12,0.0,1.1483024943291198e-12,9.305197328918308e-20,True,height_function,"{""curvature"": 1.1483024943291198e-12, ""curvature_source"": ""cartesian-ghf"", ""ghf_diagnostic"": ""complete three-column height function"", ""ghf_direction"": ""x"", ""ghf_fit_points"": 0, ""ghf_height_points"": 3, ""ghf_independent_points"": 3, ""ghf_method"": ""height_function"", ""interval_count"": 1, ""objective"": 9.305197328918308e-20, ""optimizer_message"": ""CONVERGENCE: NORM_OF_PROJECTED_GRADIENT_<=_PGTOL"", ""optimizer_success"": true}"
PLVIRA,PLVIRA,lines,4,128,95,113,reconstructed,0.13461886577442783,0.1346188657744345,6.661338147750939e-15,1.1483024943291198e-12,0.0,1.1483024943291198e-12,1.294352120397059e-19,True,height_function,"{""curvature"": 1.1483024943291198e-12, ""curvature_source"": ""cartesian-ghf"", ""ghf_diagnostic"": ""complete three-column height function"", ""ghf_direction"": ""x"", ""ghf_fit_points"": 0, ""ghf_height_points"": 3, ""ghf_independent_points"": 3, ""ghf_method"": ""height_function"", ""interval_count"": 1, ""objective"": 1.294352120397059e-19, ""optimizer_message"": ""CONVERGENCE: NORM_OF_PROJECTED_GRADIENT_<=_PGTOL"", ""optimizer_success"": true}"
PLVIRA,PLVIRA,lines,4,128,95,114,reconstructed,0.5037161757959439,0.5037161757959439,0.0,-1.1480835197878672e-12,0.0,1.1480835197878672e-12,1.854337473719323e-23,True,height_function,"{""curvature"": -1.1480835197878672e-12, ""curvature_source"": ""cartesian-ghf"", ""ghf_diagnostic"": ""complete three-column height function"", ""ghf_direction"": ""x"", ""ghf_fit_points"": 0, ""ghf_height_points"": 3, ""ghf_independent_points"": 3, ""ghf_method"": ""height_function"", ""interval_count"": 1, ""objective"": 1.854337473719323e-23, ""optimizer_message"": ""CONVERGENCE: NORM_OF_PROJECTED_GRADIENT_<=_PGTOL"", ""optimizer_success"": true}"
PLVIRA,PLVIRA,lines,4,128,96,114,reconstructed,0.01288890120895303,0.012888901208953044,1.3877787807814457e-17,-1.1480835197878672e-12,0.0,1.1480835197878672e-12,2.855634648345112e-17,True,height_function,"{""curvature"": -1.1480835197878672e-12, ""curvature_source"": ""cartesian-ghf"", ""ghf_diagnostic"": ""complete three-column height function"", ""ghf_direction"": ""x"", ""ghf_fit_points"": 0, ""ghf_height_points"": 3, ""ghf_independent_points"": 3, ""ghf_method"": ""height_function"", ""interval_count"": 1, ""objective"": 2.855634648345112e-17, ""optimizer_message"": ""CONVERGENCE: REL_REDUCTION_OF_F_<=_FACTR*EPSMCH"", ""optimizer_success"": true}"
PLVIRA,PLVIRA,lines,4,128,96,115,reconstructed,0.2935943943539314,0.2935943943539314,0.0,0.0,0.0,0.0,1.6144660857560547e-19,True,height_function,"{""curvature"": 0.0, ""curvature_source"": ""cartesian-ghf"", ""ghf_diagnostic"": ""complete three-column height function"", ""ghf_direction"": ""x"", ""ghf_fit_points"": 0, ""ghf_height_points"": 3, ""ghf_independent_points"": 3, ""ghf_method"": ""height_function"", ""interval_count"": 1, ""objective"": 1.6144660857560547e-19, ""optimizer_message"": ""CONVERGENCE: NORM_OF_PROJECTED_GRADIENT_<=_PGTOL"", ""optimizer_success"": true}"
PLVIRA,PLVIRA,lines,4,128,96,116,reconstructed,0.5907947025707472,0.5907947025707471,1.1102230246251565e-16,5.73932272623017e-13,0.0,5.73932272623017e-13,3.625052543326148e-17,True,height_function,"{""curvature"": 5.73932272623017e-13, ""curvature_source"": ""cartesian-ghf"", ""ghf_diagnostic"": ""complete three-column height function"", ""ghf_direction"": ""x"", ""ghf_fit_points"": 0, ""ghf_height_points"": 3, ""ghf_independent_points"": 3, ""ghf_method"": ""height_function"", ""interval_count"": 1, ""objective"": 3.625052543326148e-17, ""optimizer_message"": ""CONVERGENCE: REL_REDUCTION_OF_F_<=_FACTR*EPSMCH"", ""optimizer_success"": true}"
PLVIRA,PLVIRA,lines,4,128,97,116,reconstructed,0.09014057163221878,0.09014057163221857,2.0816681711721685e-16,5.73932272623017e-13,0.0,5.73932272623017e-13,8.256480270220756e-18,True,height_function,"{""curvature"": 5.73932272623017e-13, ""curvature_source"": ""cartesian-ghf"", ""ghf_diagnostic"": ""complete three-column height function"", ""ghf_direction"": ""x"", ""ghf_fit_points"": 0, ""ghf_height_points"": 3, ""ghf_independent_points"": 3, ""ghf_method"": ""height_function"", ""interval_count"": 1, ""objective"": 8.256480270220756e-18, ""optimizer_message"": ""CONVERGENCE: REL_REDUCTION_OF_F_<=_FACTR*EPSMCH"", ""optimizer_success"": true}"
PLVIRA,PLVIRA,lines,4,128,97,117,reconstructed,0.45572882056285385,0.4557288205628538,5.551115123125783e-17,5.741512471648502e-13,0.0,5.741512471648502e-13,2.6968492891542218e-17,True,height_function,"{""curvature"": 5.741512471648502e-13, ""curvature_source"": ""cartesian-ghf"", ""ghf_diagnostic"": ""complete three-column height function"", ""ghf_direction"": ""x"", ""ghf_fit_points"": 0, ""ghf_height_points"": 3, ""ghf_independent_points"": 3, ""ghf_method"": ""height_function"", ""interval_count"": 1, ""objective"": 2.6968492891542218e-17, ""optimizer_message"": ""CONVERGENCE: REL_REDUCTION_OF_F_<=_FACTR*EPSMCH"", ""optimizer_success"": true}"
PLVIRA,PLVIRA,lines,4,128,98,117,reconstructed,0.0021957709886919474,0.002195770988691989,4.163336342344337e-17,5.741512471648502e-13,0.0,5.741512471648502e-13,4.233976730874042e-17,True,height_function,"{""curvature"": 5.741512471648502e-13, ""curvature_source"": ""cartesian-ghf"", ""ghf_diagnostic"": ""complete three-column height function"", ""ghf_direction"": ""x"", ""ghf_fit_points"": 0, ""ghf_height_points"": 3, ""ghf_independent_points"": 3, ""ghf_method"": ""height_function"", ""interval_count"": 1, ""objective"": 4.233976730874042e-17, ""optimizer_message"": ""CONVERGENCE: REL_REDUCTION_OF_F_<=_FACTR*EPSMCH"", ""optimizer_success"": true}"
PLVIRA,PLVIRA,lines,4,128,98,118,reconstructed,0.2349139088996708,0.23491390889967062,1.6653345369377348e-16,-1.1483024943291198e-12,0.0,1.1483024943291198e-12,5.6009803555469865e-18,True,height_function,"{""curvature"": -1.1483024943291198e-12, ""curvature_source"": ""cartesian-ghf"", ""ghf_diagnostic"": ""complete three-column height function"", ""ghf_direction"": ""x"", ""ghf_fit_points"": 0, ""ghf_height_points"": 3, ""ghf_independent_points"": 3, ""ghf_method"": ""height_function"", ""interval_count"": 1, ""objective"": 5.6009803555469865e-18, ""optimizer_message"": ""CONVERGENCE: NORM_OF_PROJECTED_GRADIENT_<=_PGTOL"", ""optimizer_success"": true}"
PLVIRA,PLVIRA,lines,4,128,98,119,reconstructed,0.5677026688686055,0.5677026688686057,1.1102230246251565e-16,1.1485214688703724e-12,0.0,1.1485214688703724e-12,4.8601967965492485e-18,True,height_function,"{""curvature"": 1.1485214688703724e-12, ""curvature_source"": ""cartesian-ghf"", ""ghf_diagnostic"": ""complete three-column height function"", ""ghf_direction"": ""x"", ""ghf_fit_points"": 0, ""ghf_height_points"": 3, ""ghf_independent_points"": 3, ""ghf_method"": ""height_function"", ""interval_count"": 1, ""objective"": 4.8601967965492485e-18, ""optimizer_message"": ""CONVERGENCE: NORM_OF_PROJECTED_GRADIENT_<=_PGTOL"", ""optimizer_success"": true}"
PLVIRA,PLVIRA,lines,4,128,99,119,reconstructed,0.05455211988009978,0.05455211988009975,2.7755575615628914e-17,1.1485214688703724e-12,0.0,1.1485214688703724e-12,9.540599592554618e-22,True,height_function,"{""curvature"": 1.1485214688703724e-12, ""curvature_source"": ""cartesian-ghf"", ""ghf_diagnostic"": ""complete three-column height function"", ""ghf_direction"": ""x"", ""ghf_fit_points"": 0, ""ghf_height_points"": 3, ""ghf_independent_points"": 3, ""ghf_method"": ""height_function"", ""interval_count"": 1, ""objective"": 9.540599592554618e-22, ""optimizer_message"": ""CONVERGENCE: NORM_OF_PROJECTED_GRADIENT_<=_PGTOL"", ""optimizer_success"": true}"
PLVIRA,PLVIRA,lines,4,128,99,120,reconstructed,0.39924410609683036,0.39924410609683036,0.0,-1.722234766951557e-12,0.0,1.722234766951557e-12,1.1273337128985829e-15,True,height_function,"{""curvature"": -1.722234766951557e-12, ""curvature_source"": ""cartesian-ghf"", ""ghf_diagnostic"": ""complete three-column height function"", ""ghf_direction"": ""x"", ""ghf_fit_points"": 0, ""ghf_height_points"": 3, ""ghf_independent_points"": 3, ""ghf_method"": ""height_function"", ""interval_count"": 1, ""objective"": 1.1273337128985829e-15, ""optimizer_message"": ""CONVERGENCE: REL_REDUCTION_OF_F_<=_FACTR*EPSMCH"", ""optimizer_success"": true}"
PLVIRA,PLVIRA,lines,4,128,99,121,reconstructed,0.6099590793419338,0.6099590793419342,3.3306690738754696e-16,1.147645570704201e-12,0.0,1.147645570704201e-12,2.44551216216661e-15,True,height_function,"{""curvature"": 1.147645570704201e-12, ""curvature_source"": ""cartesian-ghf"", ""ghf_diagnostic"": ""complete three-column height function"", ""ghf_direction"": ""x"", ""ghf_fit_points"": 0, ""ghf_height_points"": 3, ""ghf_independent_points"": 3, ""ghf_method"": ""height_function"", ""interval_count"": 1, ""objective"": 2.44551216216661e-15, ""optimizer_message"": ""CONVERGENCE: REL_REDUCTION_OF_F_<=_FACTR*EPSMCH"", ""optimizer_success"": true}"
PLVIRA,PLVIRA,lines,4,128,100,121,reconstructed,0.17662590660438582,0.17662590660438587,5.551115123125783e-17,1.147645570704201e-12,0.0,1.147645570704201e-12,9.57697331729962e-15,True,height_function,"{""curvature"": 1.147645570704201e-12, ""curvature_source"": ""cartesian-ghf"", ""ghf_diagnostic"": ""complete three-column height function"", ""ghf_direction"": ""x"", ""ghf_fit_points"": 0, ""ghf_height_points"": 3, ""ghf_independent_points"": 3, ""ghf_method"": ""height_function"", ""interval_count"": 1, ""objective"": 9.57697331729962e-15, ""optimizer_message"": ""CONVERGENCE: REL_REDUCTION_OF_F_<=_FACTR*EPSMCH"", ""optimizer_success"": true}"
PLVIRA,PLVIRA,lines,4,128,100,122,reconstructed,0.5357207927768286,0.5357207927768411,1.2545520178264269e-14,2.1897454125269254e-16,0.0,2.1897454125269254e-16,1.1092621422280852e-22,True,height_function,"{""curvature"": 2.1897454125269254e-16, ""curvature_source"": ""cartesian-ghf"", ""ghf_diagnostic"": ""complete three-column height function"", ""ghf_direction"": ""x"", ""ghf_fit_points"": 0, ""ghf_height_points"": 3, ""ghf_independent_points"": 3, ""ghf_method"": ""height_function"", ""interval_count"": 1, ""objective"": 1.1092621422280852e-22, ""optimizer_message"": ""CONVERGENCE: NORM_OF_PROJECTED_GRADIENT_<=_PGTOL"", ""optimizer_success"": true}"
PLVIRA,PLVIRA,lines,4,128,101,122,reconstructed,0.027853510518070834,0.027853510518070806,2.7755575615628914e-17,2.1897454125269254e-16,0.0,2.1897454125269254e-16,4.0623868906806345e-17,True,height_function,"{""curvature"": 2.1897454125269254e-16, ""curvature_source"": ""cartesian-ghf"", ""ghf_diagnostic"": ""complete three-column height function"", ""ghf_direction"": ""x"", ""ghf_fit_points"": 0, ""ghf_height_points"": 3, ""ghf_independent_points"": 3, ""ghf_method"": ""height_function"", ""interval_count"": 1, ""objective"": 4.0623868906806345e-17, ""optimizer_message"": ""CONVERGENCE: REL_REDUCTION_OF_F_<=_FACTR*EPSMCH"", ""optimizer_success"": true}"
PLVIRA,PLVIRA,lines,4,128,101,123,reconstructed,0.3405636206434792,0.34056362064347934,1.1102230246251565e-16,-5.73932272623017e-13,0.0,5.73932272623017e-13,1.1902299024454585e-14,True,height_function,"{""curvature"": -5.73932272623017e-13, ""curvature_source"": ""cartesian-ghf"", ""ghf_diagnostic"": ""complete three-column height function"", ""ghf_direction"": ""x"", ""ghf_fit_points"": 0, ""ghf_height_points"": 3, ""ghf_independent_points"": 3, ""ghf_method"": ""height_function"", ""interval_count"": 1, ""objective"": 1.1902299024454585e-14, ""optimizer_message"": ""CONVERGENCE: REL_REDUCTION_OF_F_<=_FACTR*EPSMCH"", ""optimizer_success"": true}"
PLVIRA,PLVIRA,lines,4,128,101,124,reconstructed,0.6028725247820148,0.6028725247820148,0.0,5.73932272623017e-13,0.0,5.73932272623017e-13,1.5351424247790887e-21,True,height_function,"{""curvature"": 5.73932272623017e-13, ""curvature_source"": ""cartesian-ghf"", ""ghf_diagnostic"": ""complete three-column height function"", ""ghf_direction"": ""x"", ""ghf_fit_points"": 0, ""ghf_height_points"": 3, ""ghf_independent_points"": 3, ""ghf_method"": ""height_function"", ""interval_count"": 1, ""objective"": 1.5351424247790887e-21, ""optimizer_message"": ""CONVERGENCE: NORM_OF_PROJECTED_GRADIENT_<=_PGTOL"", ""optimizer_success"": true}"
PLVIRA,PLVIRA,lines,4,128,102,124,reconstructed,0.12503197571049895,0.12503197571049907,1.1102230246251565e-16,5.73932272623017e-13,0.0,5.73932272623017e-13,9.269855993808285e-21,True,height_function,"{""curvature"": 5.73932272623017e-13, ""curvature_source"": ""cartesian-ghf"", ""ghf_diagnostic"": ""complete three-column height function"", ""ghf_direction"": ""x"", ""ghf_fit_points"": 0, ""ghf_height_points"": 3, ""ghf_independent_points"": 3, ""ghf_method"": ""height_function"", ""interval_count"": 1, ""objective"": 9.269855993808285e-21, ""optimizer_message"": ""CONVERGENCE: NORM_OF_PROJECTED_GRADIENT_<=_PGTOL"", ""optimizer_success"": true}"
PLVIRA,PLVIRA,lines,4,128,102,125,reconstructed,0.49484907429496167,0.4948490742949616,5.551115123125783e-17,-5.73932272623017e-13,0.0,5.73932272623017e-13,4.987768981853546e-22,True,height_function,"{""curvature"": -5.73932272623017e-13, ""curvature_source"": ""cartesian-ghf"", ""ghf_diagnostic"": ""complete three-column height function"", ""ghf_direction"": ""x"", ""ghf_fit_points"": 0, ""ghf_height_points"": 3, ""ghf_independent_points"": 3, ""ghf_method"": ""height_function"", ""interval_count"": 1, ""objective"": 4.987768981853546e-22, ""optimizer_message"": ""CONVERGENCE: NORM_OF_PROJECTED_GRADIENT_<=_PGTOL"", ""optimizer_success"": true}"
PLVIRA,PLVIRA,lines,4,128,103,125,reconstructed,0.01004474354613194,0.01004474354613192,2.0816681711721685e-17,-5.73932272623017e-13,0.0,5.73932272623017e-13,2.496053759022676e-15,True,height_function,"{""curvature"": -5.73932272623017e-13, ""curvature_source"": ""cartesian-ghf"", ""ghf_diagnostic"": ""complete three-column height function"", ""ghf_direction"": ""x"", ""ghf_fit_points"": 0, ""ghf_height_points"": 3, ""ghf_independent_points"": 3, ""ghf_method"": ""height_function"", ""interval_count"": 1, ""objective"": 2.496053759022676e-15, ""optimizer_message"": ""CONVERGENCE: REL_REDUCTION_OF_F_<=_FACTR*EPSMCH"", ""optimizer_success"": true}"
PLVIRA,PLVIRA,lines,4,128,103,126,reconstructed,0.2818831351901281,0.281883135190128,1.1102230246251565e-16,5.741512471642698e-13,0.0,5.741512471642698e-13,7.365553947377237e-22,True,height_function,"{""curvature"": 5.741512471642698e-13, ""curvature_source"": ""cartesian-ghf"", ""ghf_diagnostic"": ""complete three-column height function"", ""ghf_direction"": ""x"", ""ghf_fit_points"": 0, ""ghf_height_points"": 3, ""ghf_independent_points"": 3, ""ghf_method"": ""height_function"", ""interval_count"": 1, ""objective"": 7.365553947377237e-22, ""optimizer_message"": ""CONVERGENCE: NORM_OF_PROJECTED_GRADIENT_<=_PGTOL"", ""optimizer_success"": true}"
PLVIRA,PLVIRA,lines,4,128,103,127,unsupported,0.5868961278320057,,,,,,,,,"{""boundary_halo_limitation"": true, ""message"": ""PLVIRA requires a complete 3x3 target stencil""}"
PLVIRA,PLVIRA,lines,4,128,104,127,unsupported,0.08232788720670214,,,,,,,,,"{""boundary_halo_limitation"": true, ""message"": ""PLVIRA requires a complete 3x3 target stencil""}"
