method,variant,benchmark,case_index,cells_per_side,cell_x,cell_y,status,target_phase_area,reconstructed_phase_area,absolute_area_residual,curvature_estimate,true_curvature,curvature_absolute_error,objective,optimizer_success,ghf_method,diagnostics_json
PLVIRA,PLVIRA,lines,3,128,0,3,unsupported,2.475619798402405e-05,,,,,,,,,"{""boundary_halo_limitation"": true, ""message"": ""PLVIRA requires a complete 3x3 target stencil""}"
PLVIRA,PLVIRA,lines,3,128,0,4,unsupported,0.32907481418519513,,,,,,,,,"{""boundary_halo_limitation"": true, ""message"": ""PLVIRA requires a complete 3x3 target stencil""}"
PLVIRA,PLVIRA,lines,3,128,1,4,reconstructed,0.0015772149023784987,0.0015772149023784987,0.0,2.8184911434719847e-15,0.0,2.8184911434719847e-15,1.7100583237149997e-19,True,height_function,"{""curvature"": 2.8184911434719847e-15, ""curvature_source"": ""cartesian-ghf"", ""ghf_diagnostic"": ""complete three-column height function"", ""ghf_direction"": ""y"", ""ghf_fit_points"": 0, ""ghf_height_points"": 3, ""ghf_independent_points"": 3, ""ghf_method"": ""height_function"", ""interval_count"": 1, ""objective"": 1.7100583237149997e-19, ""optimizer_message"": ""CONVERGENCE: NORM_OF_PROJECTED_GRADIENT_<=_PGTOL"", ""optimizer_success"": true}"
PLVIRA,PLVIRA,lines,3,128,1,5,reconstructed,0.36471565026993474,0.3647156502699347,5.551115123125783e-17,2.8184911434719847e-15,0.0,2.8184911434719847e-15,7.378426538476916e-18,True,height_function,"{""curvature"": 2.8184911434719847e-15, ""curvature_source"": ""cartesian-ghf"", ""ghf_diagnostic"": ""complete three-column height function"", ""ghf_direction"": ""y"", ""ghf_fit_points"": 0, ""ghf_height_points"": 3, ""ghf_independent_points"": 3, ""ghf_method"": ""height_function"", ""interval_count"": 1, ""objective"": 7.378426538476916e-18, ""optimizer_message"": ""CONVERGENCE: REL_REDUCTION_OF_F_<=_FACTR*EPSMCH"", ""optimizer_success"": true}"
PLVIRA,PLVIRA,lines,3,128,2,5,reconstructed,0.005543214953382503,0.005543214953382496,6.938893903907228e-18,-5.918831401291195e-15,0.0,5.918831401291195e-15,3.0592279694113847e-19,True,height_function,"{""curvature"": -5.918831401291195e-15, ""curvature_source"": ""cartesian-ghf"", ""ghf_diagnostic"": ""complete three-column height function"", ""ghf_direction"": ""y"", ""ghf_fit_points"": 0, ""ghf_height_points"": 3, ""ghf_independent_points"": 3, ""ghf_method"": ""height_function"", ""interval_count"": 1, ""objective"": 3.0592279694113847e-19, ""optimizer_message"": ""CONVERGENCE: NORM_OF_PROJECTED_GRADIENT_<=_PGTOL"", ""optimizer_success"": true}"
PLVIRA,PLVIRA,lines,3,128,2,6,reconstructed,0.3979429450080611,0.3979429450080611,0.0,-6.059755958464793e-15,0.0,6.059755958464793e-15,8.173696056932688e-18,True,height_function,"{""curvature"": -6.059755958464793e-15, ""curvature_source"": ""cartesian-ghf"", ""ghf_diagnostic"": ""complete three-column height function"", ""ghf_direction"": ""y"", ""ghf_fit_points"": 0, ""ghf_height_points"": 3, ""ghf_independent_points"": 3, ""ghf_method"": ""height_function"", ""interval_count"": 1, ""objective"": 8.173696056932688e-18, ""optimizer_message"": ""CONVERGENCE: REL_REDUCTION_OF_F_<=_FACTR*EPSMCH"", ""optimizer_success"": true}"
PLVIRA,PLVIRA,lines,3,128,3,6,reconstructed,0.011922756350997155,0.011922756350997155,0.0,3.3821893721664092e-15,0.0,3.3821893721664092e-15,6.077432548726177e-14,True,height_function,"{""curvature"": 3.3821893721664092e-15, ""curvature_source"": ""cartesian-ghf"", ""ghf_diagnostic"": ""complete three-column height function"", ""ghf_direction"": ""y"", ""ghf_fit_points"": 0, ""ghf_height_points"": 3, ""ghf_independent_points"": 3, ""ghf_method"": ""height_function"", ""interval_count"": 1, ""objective"": 6.077432548726177e-14, ""optimizer_message"": ""CONVERGENCE: REL_REDUCTION_OF_F_<=_FACTR*EPSMCH"", ""optimizer_success"": true}"
PLVIRA,PLVIRA,lines,3,128,3,7,reconstructed,0.4287566983995843,0.42875669839958425,5.551115123125783e-17,3.3821893721664092e-15,0.0,3.3821893721664092e-15,1.2554861185225672e-18,True,height_function,"{""curvature"": 3.3821893721664092e-15, ""curvature_source"": ""cartesian-ghf"", ""ghf_diagnostic"": ""complete three-column height function"", ""ghf_direction"": ""y"", ""ghf_fit_points"": 0, ""ghf_height_points"": 3, ""ghf_independent_points"": 3, ""ghf_method"": ""height_function"", ""interval_count"": 1, ""objective"": 1.2554861185225672e-18, ""optimizer_message"": ""CONVERGENCE: NORM_OF_PROJECTED_GRADIENT_<=_PGTOL"", ""optimizer_success"": true}"
PLVIRA,PLVIRA,lines,3,128,4,7,reconstructed,0.0207158390952209,0.020715839095220914,1.3877787807814457e-17,1.2683210145623947e-15,0.0,1.2683210145623947e-15,6.616721050977402e-20,True,height_function,"{""curvature"": 1.2683210145623947e-15, ""curvature_source"": ""cartesian-ghf"", ""ghf_diagnostic"": ""complete three-column height function"", ""ghf_direction"": ""y"", ""ghf_fit_points"": 0, ""ghf_height_points"": 3, ""ghf_independent_points"": 3, ""ghf_method"": ""height_function"", ""interval_count"": 1, ""objective"": 6.616721050977402e-20, ""optimizer_message"": ""CONVERGENCE: NORM_OF_PROJECTED_GRADIENT_<=_PGTOL"", ""optimizer_success"": true}"
PLVIRA,PLVIRA,lines,3,128,4,8,reconstructed,0.45715691044449436,0.4571569104444936,7.771561172376096e-16,1.2683210145623947e-15,0.0,1.2683210145623947e-15,3.1871841517971344e-21,True,height_function,"{""curvature"": 1.2683210145623947e-15, ""curvature_source"": ""cartesian-ghf"", ""ghf_diagnostic"": ""complete three-column height function"", ""ghf_direction"": ""y"", ""ghf_fit_points"": 0, ""ghf_height_points"": 3, ""ghf_independent_points"": 3, ""ghf_method"": ""height_function"", ""interval_count"": 1, ""objective"": 3.1871841517971344e-21, ""optimizer_message"": ""CONVERGENCE: NORM_OF_PROJECTED_GRADIENT_<=_PGTOL"", ""optimizer_success"": true}"
PLVIRA,PLVIRA,lines,3,128,5,8,reconstructed,0.03192246318605463,0.03192246318605464,1.3877787807814457e-17,-1.2683210145623947e-15,0.0,1.2683210145623947e-15,1.1211108709598578e-15,True,height_function,"{""curvature"": -1.2683210145623947e-15, ""curvature_source"": ""cartesian-ghf"", ""ghf_diagnostic"": ""complete three-column height function"", ""ghf_direction"": ""y"", ""ghf_fit_points"": 0, ""ghf_height_points"": 3, ""ghf_independent_points"": 3, ""ghf_method"": ""height_function"", ""interval_count"": 1, ""objective"": 1.1211108709598578e-15, ""optimizer_message"": ""CONVERGENCE: REL_REDUCTION_OF_F_<=_FACTR*EPSMCH"", ""optimizer_success"": true}"
PLVIRA,PLVIRA,lines,3,128,5,9,reconstructed,0.48314358114279266,0.48314358114279266,0.0,-1.4092455717359937e-15,0.0,1.4092455717359937e-15,9.941706775572104e-18,True,height_function,"{""curvature"": -1.4092455717359937e-15, ""curvature_source"": ""cartesian-ghf"", ""ghf_diagnostic"": ""complete three-column height function"", ""ghf_direction"": ""y"", ""ghf_fit_points"": 0, ""ghf_height_points"": 3, ""ghf_independent_points"": 3, ""ghf_method"": ""height_function"", ""interval_count"": 1, ""objective"": 9.941706775572104e-18, ""optimizer_message"": ""CONVERGENCE: REL_REDUCTION_OF_F_<=_FACTR*EPSMCH"", ""optimizer_success"": true}"
PLVIRA,PLVIRA,lines,3,128,6,9,reconstructed,0.04554262862349745,0.04554262862349731,1.3877787807814457e-16,-3.1003402578192072e-15,0.0,3.1003402578192072e-15,3.3072518526068006e-14,True,height_function,"{""curvature"": -3.1003402578192072e-15, ""curvature_source"": ""cartesian-ghf"", ""ghf_diagnostic"": ""complete three-column height function"", ""ghf_direction"": ""y"", ""ghf_fit_points"": 0, ""ghf_height_points"": 3, ""ghf_independent_points"": 3, ""ghf_method"": ""height_function"", ""interval_count"": 1, ""objective"": 3.3072518526068006e-14, ""optimizer_message"": ""CONVERGENCE: REL_REDUCTION_OF_F_<=_FACTR*EPSMCH"", ""optimizer_success"": true}"
PLVIRA,PLVIRA,lines,3,128,6,10,reconstructed,0.5067167104944836,0.5067167104944839,2.220446049250313e-16,-3.1003402578192072e-15,0.0,3.1003402578192072e-15,1.5841850701735694e-23,True,height_function,"{""curvature"": -3.1003402578192072e-15, ""curvature_source"": ""cartesian-ghf"", ""ghf_diagnostic"": ""complete three-column height function"", ""ghf_direction"": ""y"", ""ghf_fit_points"": 0, ""ghf_height_points"": 3, ""ghf_independent_points"": 3, ""ghf_method"": ""height_function"", ""interval_count"": 1, ""objective"": 1.5841850701735694e-23, ""optimizer_message"": ""CONVERGENCE: NORM_OF_PROJECTED_GRADIENT_<=_PGTOL"", ""optimizer_success"": true}"
PLVIRA,PLVIRA,lines,3,128,7,10,reconstructed,0.06157633540755114,0.06157633540755114,0.0,2.9594157006456076e-15,0.0,2.9594157006456076e-15,2.48919070991197e-22,True,height_function,"{""curvature"": 2.9594157006456076e-15, ""curvature_source"": ""cartesian-ghf"", ""ghf_diagnostic"": ""complete three-column height function"", ""ghf_direction"": ""y"", ""ghf_fit_points"": 0, ""ghf_height_points"": 3, ""ghf_independent_points"": 3, ""ghf_method"": ""height_function"", ""interval_count"": 1, ""objective"": 2.48919070991197e-22, ""optimizer_message"": ""CONVERGENCE: NORM_OF_PROJECTED_GRADIENT_<=_PGTOL"", ""optimizer_success"": true}"
PLVIRA,PLVIRA,lines,3,128,7,11,reconstructed,0.5278762984995673,0.5278762984995728,5.551115123125783e-15,2.8184911434720064e-15,0.0,2.8184911434720064e-15,2.0966986858378558e-22,True,height_function,"{""curvature"": 2.8184911434720064e-15, ""curvature_source"": ""cartesian-ghf"", ""ghf_diagnostic"": ""complete three-column height function"", ""ghf_direction"": ""y"", ""ghf_fit_points"": 0, ""ghf_height_points"": 3, ""ghf_independent_points"": 3, ""ghf_method"": ""height_function"", ""interval_count"": 1, ""objective"": 2.0966986858378558e-22, ""optimizer_message"": ""CONVERGENCE: NORM_OF_PROJECTED_GRADIENT_<=_PGTOL"", ""optimizer_success"": true}"
PLVIRA,PLVIRA,lines,3,128,8,11,reconstructed,0.08002358353821393,0.08002358353820323,1.0699774399824946e-14,2.9594157006455815e-15,0.0,2.9594157006455815e-15,2.3863538849002597e-22,True,height_function,"{""curvature"": 2.9594157006455815e-15, ""curvature_source"": ""cartesian-ghf"", ""ghf_diagnostic"": ""complete three-column height function"", ""ghf_direction"": ""y"", ""ghf_fit_points"": 0, ""ghf_height_points"": 3, ""ghf_independent_points"": 3, ""ghf_method"": ""height_function"", ""interval_count"": 1, ""objective"": 2.3863538849002597e-22, ""optimizer_message"": ""CONVERGENCE: NORM_OF_PROJECTED_GRADIENT_<=_PGTOL"", ""optimizer_success"": true}"
PLVIRA,PLVIRA,lines,3,128,8,12,reconstructed,0.5466223451580383,0.5466223451580382,1.1102230246251565e-16,2.9594157006455815e-15,0.0,2.9594157006455815e-15,2.703359423652231e-22,True,height_function,"{""curvature"": 2.9594157006455815e-15, ""curvature_source"": ""cartesian-ghf"", ""ghf_diagnostic"": ""complete three-column height function"", ""ghf_direction"": ""y"", ""ghf_fit_points"": 0, ""ghf_height_points"": 3, ""ghf_independent_points"": 3, ""ghf_method"": ""height_function"", ""interval_count"": 1, ""objective"": 2.703359423652231e-22, ""optimizer_message"": ""CONVERGENCE: NORM_OF_PROJECTED_GRADIENT_<=_PGTOL"", ""optimizer_success"": true}"
PLVIRA,PLVIRA,lines,3,128,9,12,reconstructed,0.10088437301548224,0.10088437301548218,5.551115123125783e-17,-2.9594157006455815e-15,0.0,2.9594157006455815e-15,2.7213572378808976e-23,True,height_function,"{""curvature"": -2.9594157006455815e-15, ""curvature_source"": ""cartesian-ghf"", ""ghf_diagnostic"": ""complete three-column height function"", ""ghf_direction"": ""y"", ""ghf_fit_points"": 0, ""ghf_height_points"": 3, ""ghf_independent_points"": 3, ""ghf_method"": ""height_function"", ""interval_count"": 1, ""objective"": 2.7213572378808976e-23, ""optimizer_message"": ""CONVERGENCE: NORM_OF_PROJECTED_GRADIENT_<=_PGTOL"", ""optimizer_success"": true}"
PLVIRA,PLVIRA,lines,3,128,9,13,reconstructed,0.5629548504699002,0.5629548504699003,1.1102230246251565e-16,-2.9594157006455815e-15,0.0,2.9594157006455815e-15,4.1250253696651086e-14,True,height_function,"{""curvature"": -2.9594157006455815e-15, ""curvature_source"": ""cartesian-ghf"", ""ghf_diagnostic"": ""complete three-column height function"", ""ghf_direction"": ""y"", ""ghf_fit_points"": 0, ""ghf_height_points"": 3, ""ghf_independent_points"": 3, ""ghf_method"": ""height_function"", ""interval_count"": 1, ""objective"": 4.1250253696651086e-14, ""optimizer_message"": ""CONVERGENCE: REL_REDUCTION_OF_F_<=_FACTR*EPSMCH"", ""optimizer_success"": true}"
PLVIRA,PLVIRA,lines,3,128,10,13,reconstructed,0.12415870383937033,0.12415870383937035,1.3877787807814457e-17,5.9188314012911355e-15,0.0,5.9188314012911355e-15,8.571912704759514e-20,True,height_function,"{""curvature"": 5.9188314012911355e-15, ""curvature_source"": ""cartesian-ghf"", ""ghf_diagnostic"": ""complete three-column height function"", ""ghf_direction"": ""y"", ""ghf_fit_points"": 0, ""ghf_height_points"": 3, ""ghf_independent_points"": 3, ""ghf_method"": ""height_function"", ""interval_count"": 1, ""objective"": 8.571912704759514e-20, ""optimizer_message"": ""CONVERGENCE: NORM_OF_PROJECTED_GRADIENT_<=_PGTOL"", ""optimizer_success"": true}"
PLVIRA,PLVIRA,lines,3,128,10,14,reconstructed,0.576873814435146,0.576873814435146,0.0,5.9188314012911355e-15,0.0,5.9188314012911355e-15,2.1703588288536497e-15,True,height_function,"{""curvature"": 5.9188314012911355e-15, ""curvature_source"": ""cartesian-ghf"", ""ghf_diagnostic"": ""complete three-column height function"", ""ghf_direction"": ""y"", ""ghf_fit_points"": 0, ""ghf_height_points"": 3, ""ghf_independent_points"": 3, ""ghf_method"": ""height_function"", ""interval_count"": 1, ""objective"": 2.1703588288536497e-15, ""optimizer_message"": ""CONVERGENCE: REL_REDUCTION_OF_F_<=_FACTR*EPSMCH"", ""optimizer_success"": true}"
PLVIRA,PLVIRA,lines,3,128,11,14,reconstructed,0.14984657600985685,0.1498465760098584,1.5543122344752192e-15,-1.7474645089526518e-14,0.0,1.7474645089526518e-14,1.135535209161318e-21,True,height_function,"{""curvature"": -1.7474645089526518e-14, ""curvature_source"": ""cartesian-ghf"", ""ghf_diagnostic"": ""complete three-column height function"", ""ghf_direction"": ""y"", ""ghf_fit_points"": 0, ""ghf_height_points"": 3, ""ghf_independent_points"": 3, ""ghf_method"": ""height_function"", ""interval_count"": 1, ""objective"": 1.135535209161318e-21, ""optimizer_message"": ""CONVERGENCE: NORM_OF_PROJECTED_GRADIENT_<=_PGTOL"", ""optimizer_success"": true}"
PLVIRA,PLVIRA,lines,3,128,11,15,reconstructed,0.5883792370537861,0.5883792370537863,1.1102230246251565e-16,-1.733372053235292e-14,0.0,1.733372053235292e-14,1.3208774010072534e-09,True,height_function,"{""curvature"": -1.733372053235292e-14, ""curvature_source"": ""cartesian-ghf"", ""ghf_diagnostic"": ""complete three-column height function"", ""ghf_direction"": ""y"", ""ghf_fit_points"": 0, ""ghf_height_points"": 3, ""ghf_independent_points"": 3, ""ghf_method"": ""height_function"", ""interval_count"": 1, ""objective"": 1.3208774010072534e-09, ""optimizer_message"": ""CONVERGENCE: REL_REDUCTION_OF_F_<=_FACTR*EPSMCH"", ""optimizer_success"": true}"
PLVIRA,PLVIRA,lines,3,128,12,15,reconstructed,0.17794798952697025,0.17794798952697047,2.220446049250313e-16,5.777906844117741e-15,0.0,5.777906844117741e-15,1.4078658463168992e-18,True,height_function,"{""curvature"": 5.777906844117741e-15, ""curvature_source"": ""cartesian-ghf"", ""ghf_diagnostic"": ""complete three-column height function"", ""ghf_direction"": ""y"", ""ghf_fit_points"": 0, ""ghf_height_points"": 3, ""ghf_independent_points"": 3, ""ghf_method"": ""height_function"", ""interval_count"": 1, ""objective"": 1.4078658463168992e-18, ""optimizer_message"": ""CONVERGENCE: NORM_OF_PROJECTED_GRADIENT_<=_PGTOL"", ""optimizer_success"": true}"
PLVIRA,PLVIRA,lines,3,128,12,16,reconstructed,0.5974711183258208,0.5974711183258208,0.0,5.777906844117741e-15,0.0,5.777906844117741e-15,2.740066424366293e-14,True,height_function,"{""curvature"": 5.777906844117741e-15, ""curvature_source"": ""cartesian-ghf"", ""ghf_diagnostic"": ""complete three-column height function"", ""ghf_direction"": ""y"", ""ghf_fit_points"": 0, ""ghf_height_points"": 3, ""ghf_independent_points"": 3, ""ghf_method"": ""height_function"", ""interval_count"": 1, ""objective"": 2.740066424366293e-14, ""optimizer_message"": ""CONVERGENCE: REL_REDUCTION_OF_F_<=_FACTR*EPSMCH"", ""optimizer_success"": true}"
PLVIRA,PLVIRA,lines,3,128,13,16,reconstructed,0.20846294439067492,0.2084629443906748,1.1102230246251565e-16,1.747464508952621e-14,0.0,1.747464508952621e-14,4.028802035304595e-18,True,height_function,"{""curvature"": 1.747464508952621e-14, ""curvature_source"": ""cartesian-ghf"", ""ghf_diagnostic"": ""complete three-column height function"", ""ghf_direction"": ""y"", ""ghf_fit_points"": 0, ""ghf_height_points"": 3, ""ghf_independent_points"": 3, ""ghf_method"": ""height_function"", ""interval_count"": 1, ""objective"": 4.028802035304595e-18, ""optimizer_message"": ""CONVERGENCE: NORM_OF_PROJECTED_GRADIENT_<=_PGTOL"", ""optimizer_success"": true}"
PLVIRA,PLVIRA,lines,3,128,13,17,reconstructed,0.604149458251257,0.6041494582512559,1.1102230246251565e-15,1.747464508952621e-14,0.0,1.747464508952621e-14,1.4662504473567695e-19,True,height_function,"{""curvature"": 1.747464508952621e-14, ""curvature_source"": ""cartesian-ghf"", ""ghf_diagnostic"": ""complete three-column height function"", ""ghf_direction"": ""y"", ""ghf_fit_points"": 0, ""ghf_height_points"": 3, ""ghf_independent_points"": 3, ""ghf_method"": ""height_function"", ""interval_count"": 1, ""objective"": 1.4662504473567695e-19, ""optimizer_message"": ""CONVERGENCE: NORM_OF_PROJECTED_GRADIENT_<=_PGTOL"", ""optimizer_success"": true}"
PLVIRA,PLVIRA,lines,3,128,14,17,reconstructed,0.24139144060099227,0.2413914406009922,5.551115123125783e-17,-1.4092455717359482e-16,0.0,1.4092455717359482e-16,1.1900395866553486e-17,True,height_function,"{""curvature"": -1.4092455717359482e-16, ""curvature_source"": ""cartesian-ghf"", ""ghf_diagnostic"": ""complete three-column height function"", ""ghf_direction"": ""y"", ""ghf_fit_points"": 0, ""ghf_height_points"": 3, ""ghf_independent_points"": 3, ""ghf_method"": ""height_function"", ""interval_count"": 1, ""objective"": 1.1900395866553486e-17, ""optimizer_message"": ""CONVERGENCE: REL_REDUCTION_OF_F_<=_FACTR*EPSMCH"", ""optimizer_success"": true}"
PLVIRA,PLVIRA,lines,3,128,14,18,reconstructed,0.6084142568300592,0.6084142568300591,1.1102230246251565e-16,0.0,0.0,0.0,1.2793979069320675e-18,True,height_function,"{""curvature"": 0.0, ""curvature_source"": ""cartesian-ghf"", ""ghf_diagnostic"": ""complete three-column height function"", ""ghf_direction"": ""y"", ""ghf_fit_points"": 0, ""ghf_height_points"": 3, ""ghf_independent_points"": 3, ""ghf_method"": ""height_function"", ""interval_count"": 1, ""objective"": 1.2793979069320675e-18, ""optimizer_message"": ""CONVERGENCE: NORM_OF_PROJECTED_GRADIENT_<=_PGTOL"", ""optimizer_success"": true}"
PLVIRA,PLVIRA,lines,3,128,15,18,reconstructed,0.27673347815792226,0.2767334781579163,5.9396931817445875e-15,-2.311162737647036e-14,0.0,2.311162737647036e-14,1.1069331025591183e-19,True,height_function,"{""curvature"": -2.311162737647036e-14, ""curvature_source"": ""cartesian-ghf"", ""ghf_diagnostic"": ""complete three-column height function"", ""ghf_direction"": ""y"", ""ghf_fit_points"": 0, ""ghf_height_points"": 3, ""ghf_independent_points"": 3, ""ghf_method"": ""height_function"", ""interval_count"": 1, ""objective"": 1.1069331025591183e-19, ""optimizer_message"": ""CONVERGENCE: NORM_OF_PROJECTED_GRADIENT_<=_PGTOL"", ""optimizer_success"": true}"
PLVIRA,PLVIRA,lines,3,128,15,19,reconstructed,0.6102655140622488,0.6102655140622489,1.1102230246251565e-16,-2.311162737647036e-14,0.0,2.311162737647036e-14,7.186179556125389e-15,True,height_function,"{""curvature"": -2.311162737647036e-14, ""curvature_source"": ""cartesian-ghf"", ""ghf_diagnostic"": ""complete three-column height function"", ""ghf_direction"": ""y"", ""ghf_fit_points"": 0, ""ghf_height_points"": 3, ""ghf_independent_points"": 3, ""ghf_method"": ""height_function"", ""interval_count"": 1, ""objective"": 7.186179556125389e-15, ""optimizer_message"": ""CONVERGENCE: REL_REDUCTION_OF_F_<=_FACTR*EPSMCH"", ""optimizer_success"": true}"
PLVIRA,PLVIRA,lines,3,128,16,19,reconstructed,0.3138407245093191,0.31384072450931905,5.551115123125783e-17,1.1696738245408981e-14,0.0,1.1696738245408981e-14,1.0015463895211039e-22,True,height_function,"{""curvature"": 1.1696738245408981e-14, ""curvature_source"": ""cartesian-ghf"", ""ghf_diagnostic"": ""complete three-column height function"", ""ghf_direction"": ""y"", ""ghf_fit_points"": 0, ""ghf_height_points"": 3, ""ghf_independent_points"": 3, ""ghf_method"": ""height_function"", ""interval_count"": 1, ""objective"": 1.0015463895211039e-22, ""optimizer_message"": ""CONVERGENCE: NORM_OF_PROJECTED_GRADIENT_<=_PGTOL"", ""optimizer_success"": true}"
PLVIRA,PLVIRA,lines,3,128,17,19,reconstructed,0.0006483325521458028,0.0006483325521457941,8.673617379884035e-18,-1.1696738245408981e-14,0.0,1.1696738245408981e-14,5.898969766323073e-16,True,height_function,"{""curvature"": -1.1696738245408981e-14, ""curvature_source"": ""cartesian-ghf"", ""ghf_diagnostic"": ""complete three-column height function"", ""ghf_direction"": ""y"", ""ghf_fit_points"": 0, ""ghf_height_points"": 3, ""ghf_independent_points"": 3, ""ghf_method"": ""height_function"", ""interval_count"": 1, ""objective"": 5.898969766323073e-16, ""optimizer_message"": ""CONVERGENCE: REL_REDUCTION_OF_F_<=_FACTR*EPSMCH"", ""optimizer_success"": true}"
PLVIRA,PLVIRA,lines,3,128,17,20,reconstructed,0.35038568674630716,0.3503856867463071,5.551115123125783e-17,-1.1696738245408981e-14,0.0,1.1696738245408981e-14,1.4110352807437354e-16,True,height_function,"{""curvature"": -1.1696738245408981e-14, ""curvature_source"": ""cartesian-ghf"", ""ghf_diagnostic"": ""complete three-column height function"", ""ghf_direction"": ""y"", ""ghf_fit_points"": 0, ""ghf_height_points"": 3, ""ghf_independent_points"": 3, ""ghf_method"": ""height_function"", ""interval_count"": 1, ""objective"": 1.4110352807437354e-16, ""optimizer_message"": ""CONVERGENCE: REL_REDUCTION_OF_F_<=_FACTR*EPSMCH"", ""optimizer_success"": true}"
PLVIRA,PLVIRA,lines,3,128,18,20,reconstructed,0.003624158013167289,0.0036241580131672994,1.0408340855860843e-17,2.311162737647036e-14,0.0,2.311162737647036e-14,2.720662156709841e-18,True,height_function,"{""curvature"": 2.311162737647036e-14, ""curvature_source"": ""cartesian-ghf"", ""ghf_diagnostic"": ""complete three-column height function"", ""ghf_direction"": ""y"", ""ghf_fit_points"": 0, ""ghf_height_points"": 3, ""ghf_independent_points"": 3, ""ghf_method"": ""height_function"", ""interval_count"": 1, ""objective"": 2.720662156709841e-18, ""optimizer_message"": ""CONVERGENCE: NORM_OF_PROJECTED_GRADIENT_<=_PGTOL"", ""optimizer_success"": true}"
PLVIRA,PLVIRA,lines,3,128,18,21,reconstructed,0.3846031560744336,0.38460315607443374,1.1102230246251565e-16,2.311162737647036e-14,0.0,2.311162737647036e-14,2.120354444210874e-17,True,height_function,"{""curvature"": 2.311162737647036e-14, ""curvature_source"": ""cartesian-ghf"", ""ghf_diagnostic"": ""complete three-column height function"", ""ghf_direction"": ""y"", ""ghf_fit_points"": 0, ""ghf_height_points"": 3, ""ghf_independent_points"": 3, ""ghf_method"": ""height_function"", ""interval_count"": 1, ""objective"": 2.120354444210874e-17, ""optimizer_message"": ""CONVERGENCE: REL_REDUCTION_OF_F_<=_FACTR*EPSMCH"", ""optimizer_success"": true}"
PLVIRA,PLVIRA,lines,3,128,19,21,reconstructed,0.009013524820773,0.009013524820772986,1.3877787807814457e-17,-2.297070281929675e-14,0.0,2.297070281929675e-14,6.001498741078456e-21,True,height_function,"{""curvature"": -2.297070281929675e-14, ""curvature_source"": ""cartesian-ghf"", ""ghf_diagnostic"": ""complete three-column height function"", ""ghf_direction"": ""y"", ""ghf_fit_points"": 0, ""ghf_height_points"": 3, ""ghf_independent_points"": 3, ""ghf_method"": ""height_function"", ""interval_count"": 1, ""objective"": 6.001498741078456e-21, ""optimizer_message"": ""CONVERGENCE: NORM_OF_PROJECTED_GRADIENT_<=_PGTOL"", ""optimizer_success"": true}"
PLVIRA,PLVIRA,lines,3,128,19,22,reconstructed,0.4164070840559475,0.4164070840559475,0.0,-2.297070281929675e-14,0.0,2.297070281929675e-14,6.5081448512399784e-21,True,height_function,"{""curvature"": -2.297070281929675e-14, ""curvature_source"": ""cartesian-ghf"", ""ghf_diagnostic"": ""complete three-column height function"", ""ghf_direction"": ""y"", ""ghf_fit_points"": 0, ""ghf_height_points"": 3, ""ghf_independent_points"": 3, ""ghf_method"": ""height_function"", ""interval_count"": 1, ""objective"": 6.5081448512399784e-21, ""optimizer_message"": ""CONVERGENCE: NORM_OF_PROJECTED_GRADIENT_<=_PGTOL"", ""optimizer_success"": true}"
PLVIRA,PLVIRA,lines,3,128,20,22,reconstructed,0.0168164329750482,0.016816432975047535,6.661338147750939e-16,2.297070281929675e-14,0.0,2.297070281929675e-14,4.446427863896643e-16,True,height_function,"{""curvature"": 2.297070281929675e-14, ""curvature_source"": ""cartesian-ghf"", ""ghf_diagnostic"": ""complete three-column height function"", ""ghf_direction"": ""y"", ""ghf_fit_points"": 0, ""ghf_height_points"": 3, ""ghf_independent_points"": 3, ""ghf_method"": ""height_function"", ""interval_count"": 1, ""objective"": 4.446427863896643e-16, ""optimizer_message"": ""CONVERGENCE: REL_REDUCTION_OF_F_<=_FACTR*EPSMCH"", ""optimizer_success"": true}"
PLVIRA,PLVIRA,lines,3,128,20,23,reconstructed,0.4457974706908203,0.44579747069082026,5.551115123125783e-17,2.297070281929675e-14,0.0,2.297070281929675e-14,6.562962547994973e-20,True,height_function,"{""curvature"": 2.297070281929675e-14, ""curvature_source"": ""cartesian-ghf"", ""ghf_diagnostic"": ""complete three-column height function"", ""ghf_direction"": ""y"", ""ghf_fit_points"": 0, ""ghf_height_points"": 3, ""ghf_independent_points"": 3, ""ghf_method"": ""height_function"", ""interval_count"": 1, ""objective"": 6.562962547994973e-20, ""optimizer_message"": ""CONVERGENCE: NORM_OF_PROJECTED_GRADIENT_<=_PGTOL"", ""optimizer_success"": true}"
PLVIRA,PLVIRA,lines,3,128,21,23,reconstructed,0.027032882475879202,0.02703288247587915,5.204170427930421e-17,-2.311162737647036e-14,0.0,2.311162737647036e-14,3.7284734926774224e-17,True,height_function,"{""curvature"": -2.311162737647036e-14, ""curvature_source"": ""cartesian-ghf"", ""ghf_diagnostic"": ""complete three-column height function"", ""ghf_direction"": ""y"", ""ghf_fit_points"": 0, ""ghf_height_points"": 3, ""ghf_independent_points"": 3, ""ghf_method"": ""height_function"", ""interval_count"": 1, ""objective"": 3.7284734926774224e-17, ""optimizer_message"": ""CONVERGENCE: REL_REDUCTION_OF_F_<=_FACTR*EPSMCH"", ""optimizer_success"": true}"
PLVIRA,PLVIRA,lines,3,128,21,24,reconstructed,0.4727743159791089,0.47277431597909386,1.504352198367087e-14,-2.3252551933643952e-14,0.0,2.3252551933643952e-14,7.542364764569887e-24,True,height_function,"{""curvature"": -2.3252551933643952e-14, ""curvature_source"": ""cartesian-ghf"", ""ghf_diagnostic"": ""complete three-column height function"", ""ghf_direction"": ""y"", ""ghf_fit_points"": 0, ""ghf_height_points"": 3, ""ghf_independent_points"": 3, ""ghf_method"": ""height_function"", ""interval_count"": 1, ""objective"": 7.542364764569887e-24, ""optimizer_message"": ""CONVERGENCE: NORM_OF_PROJECTED_GRADIENT_<=_PGTOL"", ""optimizer_success"": true}"
PLVIRA,PLVIRA,lines,3,128,22,24,reconstructed,0.03966287332335128,0.03966287332334907,2.2065682614424986e-15,2.3252551933643952e-14,0.0,2.3252551933643952e-14,1.258981294082622e-14,True,height_function,"{""curvature"": 2.3252551933643952e-14, ""curvature_source"": ""cartesian-ghf"", ""ghf_diagnostic"": ""complete three-column height function"", ""ghf_direction"": ""y"", ""ghf_fit_points"": 0, ""ghf_height_points"": 3, ""ghf_independent_points"": 3, ""ghf_method"": ""height_function"", ""interval_count"": 1, ""objective"": 1.258981294082622e-14, ""optimizer_message"": ""CONVERGENCE: REL_REDUCTION_OF_F_<=_FACTR*EPSMCH"", ""optimizer_success"": true}"
PLVIRA,PLVIRA,lines,3,128,22,25,reconstructed,0.49733761992078485,0.4973376199207849,5.551115123125783e-17,2.3111627376470352e-14,0.0,2.3111627376470352e-14,3.313888069579766e-15,True,height_function,"{""curvature"": 2.3111627376470352e-14, ""curvature_source"": ""cartesian-ghf"", ""ghf_diagnostic"": ""complete three-column height function"", ""ghf_direction"": ""y"", ""ghf_fit_points"": 0, ""ghf_height_points"": 3, ""ghf_independent_points"": 3, ""ghf_method"": ""height_function"", ""interval_count"": 1, ""objective"": 3.313888069579766e-15, ""optimizer_message"": ""CONVERGENCE: REL_REDUCTION_OF_F_<=_FACTR*EPSMCH"", ""optimizer_success"": true}"
PLVIRA,PLVIRA,lines,3,128,23,25,reconstructed,0.05470640551737915,0.05470640551737911,4.163336342344337e-17,-1.4092455717359482e-16,0.0,1.4092455717359482e-16,1.5723674050184776e-22,True,height_function,"{""curvature"": -1.4092455717359482e-16, ""curvature_source"": ""cartesian-ghf"", ""ghf_diagnostic"": ""complete three-column height function"", ""ghf_direction"": ""y"", ""ghf_fit_points"": 0, ""ghf_height_points"": 3, ""ghf_independent_points"": 3, ""ghf_method"": ""height_function"", ""interval_count"": 1, ""objective"": 1.5723674050184776e-22, ""optimizer_message"": ""CONVERGENCE: NORM_OF_PROJECTED_GRADIENT_<=_PGTOL"", ""optimizer_success"": true}"
PLVIRA,PLVIRA,lines,3,128,23,26,reconstructed,0.5194873825158766,0.5194873825158772,6.661338147750939e-16,0.0,0.0,0.0,1.0784792795842105e-22,True,height_function,"{""curvature"": 0.0, ""curvature_source"": ""cartesian-ghf"", ""ghf_diagnostic"": ""complete three-column height function"", ""ghf_direction"": ""y"", ""ghf_fit_points"": 0, ""ghf_height_points"": 3, ""ghf_independent_points"": 3, ""ghf_method"": ""height_function"", ""interval_count"": 1, ""objective"": 1.0784792795842105e-22, ""optimizer_message"": ""CONVERGENCE: NORM_OF_PROJECTED_GRADIENT_<=_PGTOL"", ""optimizer_success"": true}"
PLVIRA,PLVIRA,lines,3,128,24,26,reconstructed,0.07216347905807652,0.07216347905807657,5.551115123125783e-17,-2.311162737647036e-14,0.0,2.311162737647036e-14,3.0067239776358567e-22,True,height_function,"{""curvature"": -2.311162737647036e-14, ""curvature_source"": ""cartesian-ghf"", ""ghf_diagnostic"": ""complete three-column height function"", ""ghf_direction"": ""y"", ""ghf_fit_points"": 0, ""ghf_height_points"": 3, ""ghf_independent_points"": 3, ""ghf_method"": ""height_function"", ""interval_count"": 1, ""objective"": 3.0067239776358567e-22, ""optimizer_message"": ""CONVERGENCE: NORM_OF_PROJECTED_GRADIENT_<=_PGTOL"", ""optimizer_success"": true}"
PLVIRA,PLVIRA,lines,3,128,24,27,reconstructed,0.5392236037642988,0.5392236037642988,0.0,-2.311162737647036e-14,0.0,2.311162737647036e-14,3.0171637445765505e-22,True,height_function,"{""curvature"": -2.311162737647036e-14, ""curvature_source"": ""cartesian-ghf"", ""ghf_diagnostic"": ""complete three-column height function"", ""ghf_direction"": ""y"", ""ghf_fit_points"": 0, ""ghf_height_points"": 3, ""ghf_independent_points"": 3, ""ghf_method"": ""height_function"", ""interval_count"": 1, ""objective"": 3.0171637445765505e-22, ""optimizer_message"": ""CONVERGENCE: NORM_OF_PROJECTED_GRADIENT_<=_PGTOL"", ""optimizer_success"": true}"
PLVIRA,PLVIRA,lines,3,128,25,27,reconstructed,0.09203409394535811,0.09203409394535766,4.440892098500626e-16,0.0,0.0,0.0,9.534237319718523e-23,True,height_function,"{""curvature"": 0.0, ""curvature_source"": ""cartesian-ghf"", ""ghf_diagnostic"": ""complete three-column height function"", ""ghf_direction"": ""y"", ""ghf_fit_points"": 0, ""ghf_height_points"": 3, ""ghf_independent_points"": 3, ""ghf_method"": ""height_function"", ""interval_count"": 1, ""objective"": 9.534237319718523e-23, ""optimizer_message"": ""CONVERGENCE: NORM_OF_PROJECTED_GRADIENT_<=_PGTOL"", ""optimizer_success"": true}"
PLVIRA,PLVIRA,lines,3,128,25,28,reconstructed,0.5565462836661652,0.5565462836661652,0.0,0.0,0.0,0.0,1.4414642213565566e-22,True,height_function,"{""curvature"": 0.0, ""curvature_source"": ""cartesian-ghf"", ""ghf_diagnostic"": ""complete three-column height function"", ""ghf_direction"": ""y"", ""ghf_fit_points"": 0, ""ghf_height_points"": 3, ""ghf_independent_points"": 3, ""ghf_method"": ""height_function"", ""interval_count"": 1, ""objective"": 1.4414642213565566e-22, ""optimizer_message"": ""CONVERGENCE: NORM_OF_PROJECTED_GRADIENT_<=_PGTOL"", ""optimizer_success"": true}"
PLVIRA,PLVIRA,lines,3,128,26,28,reconstructed,0.11431825017925235,0.1143182501792524,5.551115123125783e-17,-2.2970702819298354e-14,0.0,2.2970702819298354e-14,2.2245307956143323e-15,True,height_function,"{""curvature"": -2.2970702819298354e-14, ""curvature_source"": ""cartesian-ghf"", ""ghf_diagnostic"": ""complete three-column height function"", ""ghf_direction"": ""y"", ""ghf_fit_points"": 0, ""ghf_height_points"": 3, ""ghf_independent_points"": 3, ""ghf_method"": ""height_function"", ""interval_count"": 1, ""objective"": 2.2245307956143323e-15, ""optimizer_message"": ""CONVERGENCE: REL_REDUCTION_OF_F_<=_FACTR*EPSMCH"", ""optimizer_success"": true}"
PLVIRA,PLVIRA,lines,3,128,26,29,reconstructed,0.571455422221419,0.5714554222214221,3.1086244689504383e-15,-2.2970702819298354e-14,0.0,2.2970702819298354e-14,1.067095271668581e-14,True,height_function,"{""curvature"": -2.2970702819298354e-14, ""curvature_source"": ""cartesian-ghf"", ""ghf_diagnostic"": ""complete three-column height function"", ""ghf_direction"": ""y"", ""ghf_fit_points"": 0, ""ghf_height_points"": 3, ""ghf_independent_points"": 3, ""ghf_method"": ""height_function"", ""interval_count"": 1, ""objective"": 1.067095271668581e-14, ""optimizer_message"": ""CONVERGENCE: REL_REDUCTION_OF_F_<=_FACTR*EPSMCH"", ""optimizer_success"": true}"
PLVIRA,PLVIRA,lines,3,128,27,29,reconstructed,0.13901594775978765,0.13901594775979914,1.149080830487037e-14,9.216466039153102e-14,0.0,9.216466039153102e-14,1.60085538521107e-23,True,height_function,"{""curvature"": 9.216466039153102e-14, ""curvature_source"": ""cartesian-ghf"", ""ghf_diagnostic"": ""complete three-column height function"", ""ghf_direction"": ""y"", ""ghf_fit_points"": 0, ""ghf_height_points"": 3, ""ghf_independent_points"": 3, ""ghf_method"": ""height_function"", ""interval_count"": 1, ""objective"": 1.60085538521107e-23, ""optimizer_message"": ""CONVERGENCE: NORM_OF_PROJECTED_GRADIENT_<=_PGTOL"", ""optimizer_success"": true}"
PLVIRA,PLVIRA,lines,3,128,27,30,reconstructed,0.5839510194300601,0.5839510194300601,0.0,9.216466039153102e-14,0.0,9.216466039153102e-14,1.809202475712358e-17,True,height_function,"{""curvature"": 9.216466039153102e-14, ""curvature_source"": ""cartesian-ghf"", ""ghf_diagnostic"": ""complete three-column height function"", ""ghf_direction"": ""y"", ""ghf_fit_points"": 0, ""ghf_height_points"": 3, ""ghf_independent_points"": 3, ""ghf_method"": ""height_function"", ""interval_count"": 1, ""objective"": 1.809202475712358e-17, ""optimizer_message"": ""CONVERGENCE: REL_REDUCTION_OF_F_<=_FACTR*EPSMCH"", ""optimizer_success"": true}"
PLVIRA,PLVIRA,lines,3,128,28,30,reconstructed,0.16612718668687876,0.16612718668687876,0.0,-9.216466039153102e-14,0.0,9.216466039153102e-14,9.597700618228883e-20,True,height_function,"{""curvature"": -9.216466039153102e-14, ""curvature_source"": ""cartesian-ghf"", ""ghf_diagnostic"": ""complete three-column height function"", ""ghf_direction"": ""y"", ""ghf_fit_points"": 0, ""ghf_height_points"": 3, ""ghf_independent_points"": 3, ""ghf_method"": ""height_function"", ""interval_count"": 1, ""objective"": 9.597700618228883e-20, ""optimizer_message"": ""CONVERGENCE: NORM_OF_PROJECTED_GRADIENT_<=_PGTOL"", ""optimizer_success"": true}"
PLVIRA,PLVIRA,lines,3,128,28,31,reconstructed,0.5940330752920318,0.5940330752920328,9.992007221626409e-16,-9.216466039153102e-14,0.0,9.216466039153102e-14,8.394315059989679e-16,True,height_function,"{""curvature"": -9.216466039153102e-14, ""curvature_source"": ""cartesian-ghf"", ""ghf_diagnostic"": ""complete three-column height function"", ""ghf_direction"": ""y"", ""ghf_fit_points"": 0, ""ghf_height_points"": 3, ""ghf_independent_points"": 3, ""ghf_method"": ""height_function"", ""interval_count"": 1, ""objective"": 8.394315059989679e-16, ""optimizer_message"": ""CONVERGENCE: REL_REDUCTION_OF_F_<=_FACTR*EPSMCH"", ""optimizer_success"": true}"
PLVIRA,PLVIRA,lines,3,128,29,31,reconstructed,0.19565196696061093,0.195651966960611,5.551115123125783e-17,9.230558494870461e-14,0.0,9.230558494870461e-14,8.27704117184072e-21,True,height_function,"{""curvature"": 9.230558494870461e-14, ""curvature_source"": ""cartesian-ghf"", ""ghf_diagnostic"": ""complete three-column height function"", ""ghf_direction"": ""y"", ""ghf_fit_points"": 0, ""ghf_height_points"": 3, ""ghf_independent_points"": 3, ""ghf_method"": ""height_function"", ""interval_count"": 1, ""objective"": 8.27704117184072e-21, ""optimizer_message"": ""CONVERGENCE: NORM_OF_PROJECTED_GRADIENT_<=_PGTOL"", ""optimizer_success"": true}"
PLVIRA,PLVIRA,lines,3,128,29,32,reconstructed,0.601701589807476,0.6017015898074759,1.1102230246251565e-16,9.244650950587823e-14,0.0,9.244650950587823e-14,9.175084192665186e-21,True,height_function,"{""curvature"": 9.244650950587823e-14, ""curvature_source"": ""cartesian-ghf"", ""ghf_diagnostic"": ""complete three-column height function"", ""ghf_direction"": ""y"", ""ghf_fit_points"": 0, ""ghf_height_points"": 3, ""ghf_independent_points"": 3, ""ghf_method"": ""height_function"", ""interval_count"": 1, ""objective"": 9.175084192665186e-21, ""optimizer_message"": ""CONVERGENCE: NORM_OF_PROJECTED_GRADIENT_<=_PGTOL"", ""optimizer_success"": true}"
PLVIRA,PLVIRA,lines,3,128,30,32,reconstructed,0.22759028858092734,0.22759028858092745,1.1102230246251565e-16,-4.622325475293589e-14,0.0,4.622325475293589e-14,2.1566560188739944e-17,True,height_function,"{""curvature"": -4.622325475293589e-14, ""curvature_source"": ""cartesian-ghf"", ""ghf_diagnostic"": ""complete three-column height function"", ""ghf_direction"": ""y"", ""ghf_fit_points"": 0, ""ghf_height_points"": 3, ""ghf_independent_points"": 3, ""ghf_method"": ""height_function"", ""interval_count"": 1, ""objective"": 2.1566560188739944e-17, ""optimizer_message"": ""CONVERGENCE: REL_REDUCTION_OF_F_<=_FACTR*EPSMCH"", ""optimizer_success"": true}"
PLVIRA,PLVIRA,lines,3,128,30,33,reconstructed,0.6069565629762224,0.6069565629762224,0.0,-4.622325475293589e-14,0.0,4.622325475293589e-14,3.567884097999718e-18,True,height_function,"{""curvature"": -4.622325475293589e-14, ""curvature_source"": ""cartesian-ghf"", ""ghf_diagnostic"": ""complete three-column height function"", ""ghf_direction"": ""y"", ""ghf_fit_points"": 0, ""ghf_height_points"": 3, ""ghf_independent_points"": 3, ""ghf_method"": ""height_function"", ""interval_count"": 1, ""objective"": 3.567884097999718e-18, ""optimizer_message"": ""CONVERGENCE: NORM_OF_PROJECTED_GRADIENT_<=_PGTOL"", ""optimizer_success"": true}"
PLVIRA,PLVIRA,lines,3,128,31,33,reconstructed,0.2619421515478848,0.2619421515478848,0.0,-9.216466039154386e-14,0.0,9.216466039154386e-14,1.6046473952575882e-16,True,height_function,"{""curvature"": -9.216466039154386e-14, ""curvature_source"": ""cartesian-ghf"", ""ghf_diagnostic"": ""complete three-column height function"", ""ghf_direction"": ""y"", ""ghf_fit_points"": 0, ""ghf_height_points"": 3, ""ghf_independent_points"": 3, ""ghf_method"": ""height_function"", ""interval_count"": 1, ""objective"": 1.6046473952575882e-16, ""optimizer_message"": ""CONVERGENCE: REL_REDUCTION_OF_F_<=_FACTR*EPSMCH"", ""optimizer_success"": true}"
PLVIRA,PLVIRA,lines,3,128,31,34,reconstructed,0.6097979947983845,0.6097979947983845,0.0,-9.216466039154386e-14,0.0,9.216466039154386e-14,8.150702733349456e-16,True,height_function,"{""curvature"": -9.216466039154386e-14, ""curvature_source"": ""cartesian-ghf"", ""ghf_diagnostic"": ""complete three-column height function"", ""ghf_direction"": ""y"", ""ghf_fit_points"": 0, ""ghf_height_points"": 3, ""ghf_independent_points"": 3, ""ghf_method"": ""height_function"", ""interval_count"": 1, ""objective"": 8.150702733349456e-16, ""optimizer_message"": ""CONVERGENCE: REL_REDUCTION_OF_F_<=_FACTR*EPSMCH"", ""optimizer_success"": true}"
PLVIRA,PLVIRA,lines,3,128,32,34,reconstructed,0.29858187863550256,0.2985818786355026,5.551115123125783e-17,9.202373583437023e-14,0.0,9.202373583437023e-14,1.892668531173373e-22,True,height_function,"{""curvature"": 9.202373583437023e-14, ""curvature_source"": ""cartesian-ghf"", ""ghf_diagnostic"": ""complete three-column height function"", ""ghf_direction"": ""y"", ""ghf_fit_points"": 0, ""ghf_height_points"": 3, ""ghf_independent_points"": 3, ""ghf_method"": ""height_function"", ""interval_count"": 1, ""objective"": 1.892668531173373e-22, ""optimizer_message"": ""CONVERGENCE: NORM_OF_PROJECTED_GRADIENT_<=_PGTOL"", ""optimizer_success"": true}"
PLVIRA,PLVIRA,lines,3,128,33,34,reconstructed,0.00012567722598078035,0.00012567722598077948,8.673617379884035e-19,1.4092455717359485e-16,0.0,1.4092455717359485e-16,5.454301886303229e-15,True,height_function,"{""curvature"": 1.4092455717359485e-16, ""curvature_source"": ""cartesian-ghf"", ""ghf_diagnostic"": ""complete three-column height function"", ""ghf_direction"": ""y"", ""ghf_fit_points"": 0, ""ghf_height_points"": 3, ""ghf_independent_points"": 3, ""ghf_method"": ""height_function"", ""interval_count"": 1, ""objective"": 5.454301886303229e-15, ""optimizer_message"": ""CONVERGENCE: REL_REDUCTION_OF_F_<=_FACTR*EPSMCH"", ""optimizer_success"": true}"
PLVIRA,PLVIRA,lines,3,128,33,35,reconstructed,0.33564949619864143,0.3356494961986526,1.1157741397482823e-14,1.4092455717359485e-16,0.0,1.4092455717359485e-16,2.722929410601666e-18,True,height_function,"{""curvature"": 1.4092455717359485e-16, ""curvature_source"": ""cartesian-ghf"", ""ghf_diagnostic"": ""complete three-column height function"", ""ghf_direction"": ""y"", ""ghf_fit_points"": 0, ""ghf_height_points"": 3, ""ghf_independent_points"": 3, ""ghf_method"": ""height_function"", ""interval_count"": 1, ""objective"": 2.722929410601666e-18, ""optimizer_message"": ""CONVERGENCE: NORM_OF_PROJECTED_GRADIENT_<=_PGTOL"", ""optimizer_success"": true}"
PLVIRA,PLVIRA,lines,3,128,34,35,reconstructed,0.0021113280969871084,0.002111328096987091,1.734723475976807e-17,0.0,0.0,0.0,8.2565289997505e-19,True,height_function,"{""curvature"": 0.0, ""curvature_source"": ""cartesian-ghf"", ""ghf_diagnostic"": ""complete three-column height function"", ""ghf_direction"": ""y"", ""ghf_fit_points"": 0, ""ghf_height_points"": 3, ""ghf_independent_points"": 3, ""ghf_method"": ""height_function"", ""interval_count"": 1, ""objective"": 8.2565289997505e-19, ""optimizer_message"": ""CONVERGENCE: NORM_OF_PROJECTED_GRADIENT_<=_PGTOL"", ""optimizer_success"": true}"
PLVIRA,PLVIRA,lines,3,128,34,36,reconstructed,0.37085714011675464,0.37085714011675475,1.1102230246251565e-16,0.0,0.0,0.0,1.399137718287006e-17,True,height_function,"{""curvature"": 0.0, ""curvature_source"": ""cartesian-ghf"", ""ghf_diagnostic"": ""complete three-column height function"", ""ghf_direction"": ""y"", ""ghf_fit_points"": 0, ""ghf_height_points"": 3, ""ghf_independent_points"": 3, ""ghf_method"": ""height_function"", ""interval_count"": 1, ""objective"": 1.399137718287006e-17, ""optimizer_message"": ""CONVERGENCE: REL_REDUCTION_OF_F_<=_FACTR*EPSMCH"", ""optimizer_success"": true}"
PLVIRA,PLVIRA,lines,3,128,35,36,reconstructed,0.006510520314634504,0.006510520314631556,2.9481625474225837e-15,-4.59414056385951e-14,0.0,4.59414056385951e-14,1.0391291332481507e-19,True,height_function,"{""curvature"": -4.59414056385951e-14, ""curvature_source"": ""cartesian-ghf"", ""ghf_diagnostic"": ""complete three-column height function"", ""ghf_direction"": ""y"", ""ghf_fit_points"": 0, ""ghf_height_points"": 3, ""ghf_independent_points"": 3, ""ghf_method"": ""height_function"", ""interval_count"": 1, ""objective"": 1.0391291332481507e-19, ""optimizer_message"": ""CONVERGENCE: NORM_OF_PROJECTED_GRADIENT_<=_PGTOL"", ""optimizer_success"": true}"
PLVIRA,PLVIRA,lines,3,128,35,37,reconstructed,0.40365124268822683,0.40365124268822683,0.0,-4.58004810814215e-14,0.0,4.58004810814215e-14,2.6244031921876946e-18,True,height_function,"{""curvature"": -4.58004810814215e-14, ""curvature_source"": ""cartesian-ghf"", ""ghf_diagnostic"": ""complete three-column height function"", ""ghf_direction"": ""y"", ""ghf_fit_points"": 0, ""ghf_height_points"": 3, ""ghf_independent_points"": 3, ""ghf_method"": ""height_function"", ""interval_count"": 1, ""objective"": 2.6244031921876946e-18, ""optimizer_message"": ""CONVERGENCE: NORM_OF_PROJECTED_GRADIENT_<=_PGTOL"", ""optimizer_success"": true}"
PLVIRA,PLVIRA,lines,3,128,36,37,reconstructed,0.01332325387892297,0.013323253878922983,1.3877787807814457e-17,9.20237358343574e-14,0.0,9.20237358343574e-14,1.8601877494436417e-14,True,height_function,"{""curvature"": 9.20237358343574e-14, ""curvature_source"": ""cartesian-ghf"", ""ghf_diagnostic"": ""complete three-column height function"", ""ghf_direction"": ""y"", ""ghf_fit_points"": 0, ""ghf_height_points"": 3, ""ghf_independent_points"": 3, ""ghf_method"": ""height_function"", ""interval_count"": 1, ""objective"": 1.8601877494436417e-14, ""optimizer_message"": ""CONVERGENCE: REL_REDUCTION_OF_F_<=_FACTR*EPSMCH"", ""optimizer_success"": true}"
PLVIRA,PLVIRA,lines,3,128,36,38,reconstructed,0.4340318039131148,0.4340318039131147,1.1102230246251565e-16,9.20237358343574e-14,0.0,9.20237358343574e-14,9.857554634049209e-19,True,height_function,"{""curvature"": 9.20237358343574e-14, ""curvature_source"": ""cartesian-ghf"", ""ghf_diagnostic"": ""complete three-column height function"", ""ghf_direction"": ""y"", ""ghf_fit_points"": 0, ""ghf_height_points"": 3, ""ghf_independent_points"": 3, ""ghf_method"": ""height_function"", ""interval_count"": 1, ""objective"": 9.857554634049209e-19, ""optimizer_message"": ""CONVERGENCE: NORM_OF_PROJECTED_GRADIENT_<=_PGTOL"", ""optimizer_success"": true}"
PLVIRA,PLVIRA,lines,3,128,37,38,reconstructed,0.022549528789738815,0.0225495287897388,1.3877787807814457e-17,-1.385288397016534e-13,0.0,1.385288397016534e-13,5.885182397886396e-23,True,height_function,"{""curvature"": -1.385288397016534e-13, ""curvature_source"": ""cartesian-ghf"", ""ghf_diagnostic"": ""complete three-column height function"", ""ghf_direction"": ""y"", ""ghf_fit_points"": 0, ""ghf_height_points"": 3, ""ghf_independent_points"": 3, ""ghf_method"": ""height_function"", ""interval_count"": 1, ""objective"": 5.885182397886396e-23, ""optimizer_message"": ""CONVERGENCE: NORM_OF_PROJECTED_GRADIENT_<=_PGTOL"", ""optimizer_success"": true}"
PLVIRA,PLVIRA,lines,3,128,37,39,reconstructed,0.4619988237913617,0.4619988237913597,1.9984014443252818e-15,-1.385288397016534e-13,0.0,1.385288397016534e-13,6.9473312900760335e-22,True,height_function,"{""curvature"": -1.385288397016534e-13, ""curvature_source"": ""cartesian-ghf"", ""ghf_diagnostic"": ""complete three-column height function"", ""ghf_direction"": ""y"", ""ghf_fit_points"": 0, ""ghf_height_points"": 3, ""ghf_independent_points"": 3, ""ghf_method"": ""height_function"", ""interval_count"": 1, ""objective"": 6.9473312900760335e-22, ""optimizer_message"": ""CONVERGENCE: NORM_OF_PROJECTED_GRADIENT_<=_PGTOL"", ""optimizer_success"": true}"
PLVIRA,PLVIRA,lines,3,128,38,39,reconstructed,0.03418934504725257,0.03418934504725257,0.0,1.3881068881600054e-13,0.0,1.3881068881600054e-13,2.8260521751046312e-15,True,height_function,"{""curvature"": 1.3881068881600054e-13, ""curvature_source"": ""cartesian-ghf"", ""ghf_diagnostic"": ""complete three-column height function"", ""ghf_direction"": ""y"", ""ghf_fit_points"": 0, ""ghf_height_points"": 3, ""ghf_independent_points"": 3, ""ghf_method"": ""height_function"", ""interval_count"": 1, ""objective"": 2.8260521751046312e-15, ""optimizer_message"": ""CONVERGENCE: REL_REDUCTION_OF_F_<=_FACTR*EPSMCH"", ""optimizer_success"": true}"
PLVIRA,PLVIRA,lines,3,128,38,40,reconstructed,0.4875523023230812,0.4875523023230812,0.0,1.3881068881600054e-13,0.0,1.3881068881600054e-13,5.283593317027899e-18,True,height_function,"{""curvature"": 1.3881068881600054e-13, ""curvature_source"": ""cartesian-ghf"", ""ghf_diagnostic"": ""complete three-column height function"", ""ghf_direction"": ""y"", ""ghf_fit_points"": 0, ""ghf_height_points"": 3, ""ghf_independent_points"": 3, ""ghf_method"": ""height_function"", ""interval_count"": 1, ""objective"": 5.283593317027899e-18, ""optimizer_message"": ""CONVERGENCE: NORM_OF_PROJECTED_GRADIENT_<=_PGTOL"", ""optimizer_success"": true}"
PLVIRA,PLVIRA,lines,3,128,39,40,reconstructed,0.04824270265129371,0.04824270265129367,4.163336342344337e-17,-1.4092455717357512e-16,0.0,1.4092455717357512e-16,7.042946547078614e-23,True,height_function,"{""curvature"": -1.4092455717357512e-16, ""curvature_source"": ""cartesian-ghf"", ""ghf_diagnostic"": ""complete three-column height function"", ""ghf_direction"": ""y"", ""ghf_fit_points"": 0, ""ghf_height_points"": 3, ""ghf_independent_points"": 3, ""ghf_method"": ""height_function"", ""interval_count"": 1, ""objective"": 7.042946547078614e-23, ""optimizer_message"": ""CONVERGENCE: NORM_OF_PROJECTED_GRADIENT_<=_PGTOL"", ""optimizer_success"": true}"
PLVIRA,PLVIRA,lines,3,128,39,41,reconstructed,0.5106922395081028,0.5106922395081028,0.0,0.0,0.0,0.0,3.3703646266939686e-23,True,height_function,"{""curvature"": 0.0, ""curvature_source"": ""cartesian-ghf"", ""ghf_diagnostic"": ""complete three-column height function"", ""ghf_direction"": ""y"", ""ghf_fit_points"": 0, ""ghf_height_points"": 3, ""ghf_independent_points"": 3, ""ghf_method"": ""height_function"", ""interval_count"": 1, ""objective"": 3.3703646266939686e-23, ""optimizer_message"": ""CONVERGENCE: NORM_OF_PROJECTED_GRADIENT_<=_PGTOL"", ""optimizer_success"": true}"
PLVIRA,PLVIRA,lines,3,128,40,41,reconstructed,0.06470960160191908,0.06470960160191915,6.938893903907228e-17,-1.3852883970165333e-13,0.0,1.3852883970165333e-13,2.783894800200019e-22,True,height_function,"{""curvature"": -1.3852883970165333e-13, ""curvature_source"": ""cartesian-ghf"", ""ghf_diagnostic"": ""complete three-column height function"", ""ghf_direction"": ""y"", ""ghf_fit_points"": 0, ""ghf_height_points"": 3, ""ghf_independent_points"": 3, ""ghf_method"": ""height_function"", ""interval_count"": 1, ""objective"": 2.783894800200019e-22, ""optimizer_message"": ""CONVERGENCE: NORM_OF_PROJECTED_GRADIENT_<=_PGTOL"", ""optimizer_success"": true}"
PLVIRA,PLVIRA,lines,3,128,40,42,reconstructed,0.5314186353465402,0.5314186353465263,1.3877787807814457e-14,-1.3852883970165333e-13,0.0,1.3852883970165333e-13,2.505918108147538e-22,True,height_function,"{""curvature"": -1.3852883970165333e-13, ""curvature_source"": ""cartesian-ghf"", ""ghf_diagnostic"": ""complete three-column height function"", ""ghf_direction"": ""y"", ""ghf_fit_points"": 0, ""ghf_height_points"": 3, ""ghf_independent_points"": 3, ""ghf_method"": ""height_function"", ""interval_count"": 1, ""objective"": 2.505918108147538e-22, ""optimizer_message"": ""CONVERGENCE: NORM_OF_PROJECTED_GRADIENT_<=_PGTOL"", ""optimizer_success"": true}"
PLVIRA,PLVIRA,lines,3,128,41,42,reconstructed,0.08359004189924235,0.0835900418992382,4.1494585545365226e-15,4.6082330195775146e-14,0.0,4.6082330195775146e-14,1.9592130877414018e-22,True,height_function,"{""curvature"": 4.6082330195775146e-14, ""curvature_source"": ""cartesian-ghf"", ""ghf_diagnostic"": ""complete three-column height function"", ""ghf_direction"": ""y"", ""ghf_fit_points"": 0, ""ghf_height_points"": 3, ""ghf_independent_points"": 3, ""ghf_method"": ""height_function"", ""interval_count"": 1, ""objective"": 1.9592130877414018e-22, ""optimizer_message"": ""CONVERGENCE: NORM_OF_PROJECTED_GRADIENT_<=_PGTOL"", ""optimizer_success"": true}"
PLVIRA,PLVIRA,lines,3,128,41,43,reconstructed,0.5497314898384502,0.5497314898384502,0.0,4.6082330195775146e-14,0.0,4.6082330195775146e-14,2.3801066824147775e-22,True,height_function,"{""curvature"": 4.6082330195775146e-14, ""curvature_source"": ""cartesian-ghf"", ""ghf_diagnostic"": ""complete three-column height function"", ""ghf_direction"": ""y"", ""ghf_fit_points"": 0, ""ghf_height_points"": 3, ""ghf_independent_points"": 3, ""ghf_method"": ""height_function"", ""interval_count"": 1, ""objective"": 2.3801066824147775e-22, ""optimizer_message"": ""CONVERGENCE: NORM_OF_PROJECTED_GRADIENT_<=_PGTOL"", ""optimizer_success"": true}"
PLVIRA,PLVIRA,lines,3,128,42,43,reconstructed,0.10488402354326354,0.10488402354326341,1.249000902703301e-16,9.244650950587823e-14,0.0,9.244650950587823e-14,1.2022676414078392e-23,True,height_function,"{""curvature"": 9.244650950587823e-14, ""curvature_source"": ""cartesian-ghf"", ""ghf_diagnostic"": ""complete three-column height function"", ""ghf_direction"": ""y"", ""ghf_fit_points"": 0, ""ghf_height_points"": 3, ""ghf_independent_points"": 3, ""ghf_method"": ""height_function"", ""interval_count"": 1, ""objective"": 1.2022676414078392e-23, ""optimizer_message"": ""CONVERGENCE: NORM_OF_PROJECTED_GRADIENT_<=_PGTOL"", ""optimizer_success"": true}"
PLVIRA,PLVIRA,lines,3,128,42,44,reconstructed,0.5656308029836055,0.5656308029836057,2.220446049250313e-16,9.244650950587823e-14,0.0,9.244650950587823e-14,2.9663820816846525e-14,True,height_function,"{""curvature"": 9.244650950587823e-14, ""curvature_source"": ""cartesian-ghf"", ""ghf_diagnostic"": ""complete three-column height function"", ""ghf_direction"": ""y"", ""ghf_fit_points"": 0, ""ghf_height_points"": 3, ""ghf_independent_points"": 3, ""ghf_method"": ""height_function"", ""interval_count"": 1, ""objective"": 2.9663820816846525e-14, ""optimizer_message"": ""CONVERGENCE: REL_REDUCTION_OF_F_<=_FACTR*EPSMCH"", ""optimizer_success"": true}"
PLVIRA,PLVIRA,lines,3,128,43,44,reconstructed,0.12859154653369842,0.12859154653369848,5.551115123125783e-17,0.0,0.0,0.0,6.965460602578689e-17,True,height_function,"{""curvature"": 0.0, ""curvature_source"": ""cartesian-ghf"", ""ghf_diagnostic"": ""complete three-column height function"", ""ghf_direction"": ""y"", ""ghf_fit_points"": 0, ""ghf_height_points"": 3, ""ghf_independent_points"": 3, ""ghf_method"": ""height_function"", ""interval_count"": 1, ""objective"": 6.965460602578689e-17, ""optimizer_message"": ""CONVERGENCE: REL_REDUCTION_OF_F_<=_FACTR*EPSMCH"", ""optimizer_success"": true}"
PLVIRA,PLVIRA,lines,3,128,43,45,reconstructed,0.5791165747822333,0.5791165747822332,1.1102230246251565e-16,0.0,0.0,0.0,8.010213314739116e-16,True,height_function,"{""curvature"": 0.0, ""curvature_source"": ""cartesian-ghf"", ""ghf_diagnostic"": ""complete three-column height function"", ""ghf_direction"": ""y"", ""ghf_fit_points"": 0, ""ghf_height_points"": 3, ""ghf_independent_points"": 3, ""ghf_method"": ""height_function"", ""interval_count"": 1, ""objective"": 8.010213314739116e-16, ""optimizer_message"": ""CONVERGENCE: REL_REDUCTION_OF_F_<=_FACTR*EPSMCH"", ""optimizer_success"": true}"
PLVIRA,PLVIRA,lines,3,128,44,45,reconstructed,0.15471261087077434,0.15471261087077492,5.828670879282072e-16,-1.8475209445460853e-13,0.0,1.8475209445460853e-13,4.9560303897842695e-21,True,height_function,"{""curvature"": -1.8475209445460853e-13, ""curvature_source"": ""cartesian-ghf"", ""ghf_diagnostic"": ""complete three-column height function"", ""ghf_direction"": ""y"", ""ghf_fit_points"": 0, ""ghf_height_points"": 3, ""ghf_independent_points"": 3, ""ghf_method"": ""height_function"", ""interval_count"": 1, ""objective"": 4.9560303897842695e-21, ""optimizer_message"": ""CONVERGENCE: NORM_OF_PROJECTED_GRADIENT_<=_PGTOL"", ""optimizer_success"": true}"
PLVIRA,PLVIRA,lines,3,128,44,46,reconstructed,0.5901888052342201,0.5901888052342201,0.0,-1.8475209445460853e-13,0.0,1.8475209445460853e-13,5.65476069920355e-19,True,height_function,"{""curvature"": -1.8475209445460853e-13, ""curvature_source"": ""cartesian-ghf"", ""ghf_diagnostic"": ""complete three-column height function"", ""ghf_direction"": ""y"", ""ghf_fit_points"": 0, ""ghf_height_points"": 3, ""ghf_independent_points"": 3, ""ghf_method"": ""height_function"", ""interval_count"": 1, ""objective"": 5.65476069920355e-19, ""optimizer_message"": ""CONVERGENCE: NORM_OF_PROJECTED_GRADIENT_<=_PGTOL"", ""optimizer_success"": true}"
PLVIRA,PLVIRA,lines,3,128,45,46,reconstructed,0.18324721655460507,0.18324721655460502,5.551115123125783e-17,1.8475209445460853e-13,0.0,1.8475209445460853e-13,1.5911531171158626e-18,True,height_function,"{""curvature"": 1.8475209445460853e-13, ""curvature_source"": ""cartesian-ghf"", ""ghf_diagnostic"": ""complete three-column height function"", ""ghf_direction"": ""y"", ""ghf_fit_points"": 0, ""ghf_height_points"": 3, ""ghf_independent_points"": 3, ""ghf_method"": ""height_function"", ""interval_count"": 1, ""objective"": 1.5911531171158626e-18, ""optimizer_message"": ""CONVERGENCE: NORM_OF_PROJECTED_GRADIENT_<=_PGTOL"", ""optimizer_success"": true}"
PLVIRA,PLVIRA,lines,3,128,45,47,reconstructed,0.5988474943396795,0.5988474943396795,0.0,1.8475209445460853e-13,0.0,1.8475209445460853e-13,2.762282709276222e-22,True,height_function,"{""curvature"": 1.8475209445460853e-13, ""curvature_source"": ""cartesian-ghf"", ""ghf_diagnostic"": ""complete three-column height function"", ""ghf_direction"": ""y"", ""ghf_fit_points"": 0, ""ghf_height_points"": 3, ""ghf_independent_points"": 3, ""ghf_method"": ""height_function"", ""interval_count"": 1, ""objective"": 2.762282709276222e-22, ""optimizer_message"": ""CONVERGENCE: NORM_OF_PROJECTED_GRADIENT_<=_PGTOL"", ""optimizer_success"": true}"
PLVIRA,PLVIRA,lines,3,128,46,47,reconstructed,0.21419536358496316,0.21419536358496322,5.551115123125783e-17,-9.244650950587823e-14,0.0,9.244650950587823e-14,1.034335660160984e-17,True,height_function,"{""curvature"": -9.244650950587823e-14, ""curvature_source"": ""cartesian-ghf"", ""ghf_diagnostic"": ""complete three-column height function"", ""ghf_direction"": ""y"", ""ghf_fit_points"": 0, ""ghf_height_points"": 3, ""ghf_independent_points"": 3, ""ghf_method"": ""height_function"", ""interval_count"": 1, ""objective"": 1.034335660160984e-17, ""optimizer_message"": ""CONVERGENCE: REL_REDUCTION_OF_F_<=_FACTR*EPSMCH"", ""optimizer_success"": true}"
PLVIRA,PLVIRA,lines,3,128,46,48,reconstructed,0.6050926420983842,0.6050926420983842,0.0,-9.244650950587823e-14,0.0,9.244650950587823e-14,4.205262536596984e-19,True,height_function,"{""curvature"": -9.244650950587823e-14, ""curvature_source"": ""cartesian-ghf"", ""ghf_diagnostic"": ""complete three-column height function"", ""ghf_direction"": ""y"", ""ghf_fit_points"": 0, ""ghf_height_points"": 3, ""ghf_independent_points"": 3, ""ghf_method"": ""height_function"", ""interval_count"": 1, ""objective"": 4.205262536596984e-19, ""optimizer_message"": ""CONVERGENCE: NORM_OF_PROJECTED_GRADIENT_<=_PGTOL"", ""optimizer_success"": true}"
PLVIRA,PLVIRA,lines,3,128,47,48,reconstructed,0.24755705196196232,0.24755705196196232,0.0,9.258743406305178e-14,0.0,9.258743406305178e-14,5.5820567539283976e-18,True,height_function,"{""curvature"": 9.258743406305178e-14, ""curvature_source"": ""cartesian-ghf"", ""ghf_diagnostic"": ""complete three-column height function"", ""ghf_direction"": ""y"", ""ghf_fit_points"": 0, ""ghf_height_points"": 3, ""ghf_independent_points"": 3, ""ghf_method"": ""height_function"", ""interval_count"": 1, ""objective"": 5.5820567539283976e-18, ""optimizer_message"": ""CONVERGENCE: REL_REDUCTION_OF_F_<=_FACTR*EPSMCH"", ""optimizer_success"": true}"
PLVIRA,PLVIRA,lines,3,128,47,49,reconstructed,0.6089242485105615,0.6089242485105615,0.0,9.258743406305178e-14,0.0,9.258743406305178e-14,5.787526551882794e-18,True,height_function,"{""curvature"": 9.258743406305178e-14, ""curvature_source"": ""cartesian-ghf"", ""ghf_diagnostic"": ""complete three-column height function"", ""ghf_direction"": ""y"", ""ghf_fit_points"": 0, ""ghf_height_points"": 3, ""ghf_independent_points"": 3, ""ghf_method"": ""height_function"", ""interval_count"": 1, ""objective"": 5.787526551882794e-18, ""optimizer_message"": ""CONVERGENCE: NORM_OF_PROJECTED_GRADIENT_<=_PGTOL"", ""optimizer_success"": true}"
PLVIRA,PLVIRA,lines,3,128,48,49,reconstructed,0.28333228168537516,0.283332281685375,1.6653345369377348e-16,-2.818491143471503e-16,0.0,2.818491143471503e-16,2.464799456148234e-17,True,height_function,"{""curvature"": -2.818491143471503e-16, ""curvature_source"": ""cartesian-ghf"", ""ghf_diagnostic"": ""complete three-column height function"", ""ghf_direction"": ""y"", ""ghf_fit_points"": 0, ""ghf_height_points"": 3, ""ghf_independent_points"": 3, ""ghf_method"": ""height_function"", ""interval_count"": 1, ""objective"": 2.464799456148234e-17, ""optimizer_message"": ""CONVERGENCE: REL_REDUCTION_OF_F_<=_FACTR*EPSMCH"", ""optimizer_success"": true}"
PLVIRA,PLVIRA,lines,3,128,48,50,reconstructed,0.6103423135762114,0.6103423135762113,1.1102230246251565e-16,-2.818491143471503e-16,0.0,2.818491143471503e-16,6.048611795755888e-22,True,height_function,"{""curvature"": -2.818491143471503e-16, ""curvature_source"": ""cartesian-ghf"", ""ghf_diagnostic"": ""complete three-column height function"", ""ghf_direction"": ""y"", ""ghf_fit_points"": 0, ""ghf_height_points"": 3, ""ghf_independent_points"": 3, ""ghf_method"": ""height_function"", ""interval_count"": 1, ""objective"": 6.048611795755888e-22, ""optimizer_message"": ""CONVERGENCE: NORM_OF_PROJECTED_GRADIENT_<=_PGTOL"", ""optimizer_success"": true}"
PLVIRA,PLVIRA,lines,3,128,49,50,reconstructed,0.32051632755064924,0.32051632755064907,1.6653345369377348e-16,-1.84611169897435e-13,0.0,1.84611169897435e-13,1.2406697870514876e-15,True,height_function,"{""curvature"": -1.84611169897435e-13, ""curvature_source"": ""cartesian-ghf"", ""ghf_diagnostic"": ""complete three-column height function"", ""ghf_direction"": ""y"", ""ghf_fit_points"": 0, ""ghf_height_points"": 3, ""ghf_independent_points"": 3, ""ghf_method"": ""height_function"", ""interval_count"": 1, ""objective"": 1.2406697870514876e-15, ""optimizer_message"": ""CONVERGENCE: REL_REDUCTION_OF_F_<=_FACTR*EPSMCH"", ""optimizer_success"": true}"
PLVIRA,PLVIRA,lines,3,128,50,50,reconstructed,0.0010047252048934752,0.0010047252048934717,3.469446951953614e-18,2.77198603960461e-13,0.0,2.77198603960461e-13,1.9754985007845432e-16,True,height_function,"{""curvature"": 2.77198603960461e-13, ""curvature_source"": ""cartesian-ghf"", ""ghf_diagnostic"": ""complete three-column height function"", ""ghf_direction"": ""y"", ""ghf_fit_points"": 0, ""ghf_height_points"": 3, ""ghf_independent_points"": 3, ""ghf_method"": ""height_function"", ""interval_count"": 1, ""objective"": 1.9754985007845432e-16, ""optimizer_message"": ""CONVERGENCE: REL_REDUCTION_OF_F_<=_FACTR*EPSMCH"", ""optimizer_success"": true}"
PLVIRA,PLVIRA,lines,3,128,50,51,reconstructed,0.35670489713504594,0.35670489713504594,0.0,2.77198603960461e-13,0.0,2.77198603960461e-13,7.166745830218723e-19,True,height_function,"{""curvature"": 2.77198603960461e-13, ""curvature_source"": ""cartesian-ghf"", ""ghf_diagnostic"": ""complete three-column height function"", ""ghf_direction"": ""y"", ""ghf_fit_points"": 0, ""ghf_height_points"": 3, ""ghf_independent_points"": 3, ""ghf_method"": ""height_function"", ""interval_count"": 1, ""objective"": 7.166745830218723e-19, ""optimizer_message"": ""CONVERGENCE: NORM_OF_PROJECTED_GRADIENT_<=_PGTOL"", ""optimizer_success"": true}"
PLVIRA,PLVIRA,lines,3,128,51,51,reconstructed,0.004413742832525713,0.004413742832525699,1.3877787807814457e-17,-2.77198603960461e-13,0.0,2.77198603960461e-13,1.0919965749696086e-18,True,height_function,"{""curvature"": -2.77198603960461e-13, ""curvature_source"": ""cartesian-ghf"", ""ghf_diagnostic"": ""complete three-column height function"", ""ghf_direction"": ""y"", ""ghf_fit_points"": 0, ""ghf_height_points"": 3, ""ghf_independent_points"": 3, ""ghf_method"": ""height_function"", ""interval_count"": 1, ""objective"": 1.0919965749696086e-18, ""optimizer_message"": ""CONVERGENCE: NORM_OF_PROJECTED_GRADIENT_<=_PGTOL"", ""optimizer_success"": true}"
PLVIRA,PLVIRA,lines,3,128,51,52,reconstructed,0.39048917429636276,0.39048917429636265,1.1102230246251565e-16,-2.77198603960461e-13,0.0,2.77198603960461e-13,1.704200996558516e-17,True,height_function,"{""curvature"": -2.77198603960461e-13, ""curvature_source"": ""cartesian-ghf"", ""ghf_diagnostic"": ""complete three-column height function"", ""ghf_direction"": ""y"", ""ghf_fit_points"": 0, ""ghf_height_points"": 3, ""ghf_independent_points"": 3, ""ghf_method"": ""height_function"", ""interval_count"": 1, ""objective"": 1.704200996558516e-17, ""optimizer_message"": ""CONVERGENCE: REL_REDUCTION_OF_F_<=_FACTR*EPSMCH"", ""optimizer_success"": true}"
PLVIRA,PLVIRA,lines,3,128,52,52,reconstructed,0.01023630180679902,0.010236301806799034,1.3877787807814457e-17,1.84611169897435e-13,0.0,1.84611169897435e-13,1.3817096385973508e-21,True,height_function,"{""curvature"": 1.84611169897435e-13, ""curvature_source"": ""cartesian-ghf"", ""ghf_diagnostic"": ""complete three-column height function"", ""ghf_direction"": ""y"", ""ghf_fit_points"": 0, ""ghf_height_points"": 3, ""ghf_independent_points"": 3, ""ghf_method"": ""height_function"", ""interval_count"": 1, ""objective"": 1.3817096385973508e-21, ""optimizer_message"": ""CONVERGENCE: NORM_OF_PROJECTED_GRADIENT_<=_PGTOL"", ""optimizer_success"": true}"
PLVIRA,PLVIRA,lines,3,128,52,53,reconstructed,0.4218599101113796,0.4218599101113796,0.0,1.84611169897435e-13,0.0,1.84611169897435e-13,2.8603516032092844e-21,True,height_function,"{""curvature"": 1.84611169897435e-13, ""curvature_source"": ""cartesian-ghf"", ""ghf_diagnostic"": ""complete three-column height function"", ""ghf_direction"": ""y"", ""ghf_fit_points"": 0, ""ghf_height_points"": 3, ""ghf_independent_points"": 3, ""ghf_method"": ""height_function"", ""interval_count"": 1, ""objective"": 2.8603516032092844e-21, ""optimizer_message"": ""CONVERGENCE: NORM_OF_PROJECTED_GRADIENT_<=_PGTOL"", ""optimizer_success"": true}"
PLVIRA,PLVIRA,lines,3,128,53,53,reconstructed,0.018472402127599707,0.018472402127599617,9.020562075079397e-17,-9.216466039153102e-14,0.0,9.216466039153102e-14,3.4044286278573e-17,True,height_function,"{""curvature"": -9.216466039153102e-14, ""curvature_source"": ""cartesian-ghf"", ""ghf_diagnostic"": ""complete three-column height function"", ""ghf_direction"": ""y"", ""ghf_fit_points"": 0, ""ghf_height_points"": 3, ""ghf_independent_points"": 3, ""ghf_method"": ""height_function"", ""interval_count"": 1, ""objective"": 3.4044286278573e-17, ""optimizer_message"": ""CONVERGENCE: REL_REDUCTION_OF_F_<=_FACTR*EPSMCH"", ""optimizer_success"": true}"
PLVIRA,PLVIRA,lines,3,128,53,54,reconstructed,0.45081710457964164,0.4508171045796414,2.220446049250313e-16,-9.216466039153102e-14,0.0,9.216466039153102e-14,1.8499459898939965e-20,True,height_function,"{""curvature"": -9.216466039153102e-14, ""curvature_source"": ""cartesian-ghf"", ""ghf_diagnostic"": ""complete three-column height function"", ""ghf_direction"": ""y"", ""ghf_fit_points"": 0, ""ghf_height_points"": 3, ""ghf_independent_points"": 3, ""ghf_method"": ""height_function"", ""interval_count"": 1, ""objective"": 1.8499459898939965e-20, ""optimizer_message"": ""CONVERGENCE: NORM_OF_PROJECTED_GRADIENT_<=_PGTOL"", ""optimizer_success"": true}"
PLVIRA,PLVIRA,lines,3,128,54,54,reconstructed,0.02912204379515515,0.029122043795155206,5.551115123125783e-17,9.230558494870461e-14,0.0,9.230558494870461e-14,2.2550511624239536e-16,True,height_function,"{""curvature"": 9.230558494870461e-14, ""curvature_source"": ""cartesian-ghf"", ""ghf_diagnostic"": ""complete three-column height function"", ""ghf_direction"": ""y"", ""ghf_fit_points"": 0, ""ghf_height_points"": 3, ""ghf_independent_points"": 3, ""ghf_method"": ""height_function"", ""interval_count"": 1, ""objective"": 2.2550511624239536e-16, ""optimizer_message"": ""CONVERGENCE: REL_REDUCTION_OF_F_<=_FACTR*EPSMCH"", ""optimizer_success"": true}"
PLVIRA,PLVIRA,lines,3,128,54,55,reconstructed,0.47736075770126263,0.47736075770126435,1.7208456881689926e-15,9.230558494870461e-14,0.0,9.230558494870461e-14,2.022500522137406e-15,True,height_function,"{""curvature"": 9.230558494870461e-14, ""curvature_source"": ""cartesian-ghf"", ""ghf_diagnostic"": ""complete three-column height function"", ""ghf_direction"": ""y"", ""ghf_fit_points"": 0, ""ghf_height_points"": 3, ""ghf_independent_points"": 3, ""ghf_method"": ""height_function"", ""interval_count"": 1, ""objective"": 2.022500522137406e-15, ""optimizer_message"": ""CONVERGENCE: REL_REDUCTION_OF_F_<=_FACTR*EPSMCH"", ""optimizer_success"": true}"
PLVIRA,PLVIRA,lines,3,128,55,55,reconstructed,0.042185226809237975,0.04218522680923735,6.245004513516506e-16,-9.244650950587823e-14,0.0,9.244650950587823e-14,2.01910270299581e-14,True,height_function,"{""curvature"": -9.244650950587823e-14, ""curvature_source"": ""cartesian-ghf"", ""ghf_diagnostic"": ""complete three-column height function"", ""ghf_direction"": ""y"", ""ghf_fit_points"": 0, ""ghf_height_points"": 3, ""ghf_independent_points"": 3, ""ghf_method"": ""height_function"", ""interval_count"": 1, ""objective"": 2.01910270299581e-14, ""optimizer_message"": ""CONVERGENCE: REL_REDUCTION_OF_F_<=_FACTR*EPSMCH"", ""optimizer_success"": true}"
PLVIRA,PLVIRA,lines,3,128,55,56,reconstructed,0.5014908694762426,0.5014908694762424,1.1102230246251565e-16,-9.244650950587823e-14,0.0,9.244650950587823e-14,4.1709177820605414e-24,True,height_function,"{""curvature"": -9.244650950587823e-14, ""curvature_source"": ""cartesian-ghf"", ""ghf_diagnostic"": ""complete three-column height function"", ""ghf_direction"": ""y"", ""ghf_fit_points"": 0, ""ghf_height_points"": 3, ""ghf_independent_points"": 3, ""ghf_method"": ""height_function"", ""interval_count"": 1, ""objective"": 4.1709177820605414e-24, ""optimizer_message"": ""CONVERGENCE: NORM_OF_PROJECTED_GRADIENT_<=_PGTOL"", ""optimizer_success"": true}"
PLVIRA,PLVIRA,lines,3,128,56,56,reconstructed,0.05766195116996187,0.05766195116996192,5.551115123125783e-17,0.0,0.0,0.0,1.9957546580308824e-22,True,height_function,"{""curvature"": 0.0, ""curvature_source"": ""cartesian-ghf"", ""ghf_diagnostic"": ""complete three-column height function"", ""ghf_direction"": ""y"", ""ghf_fit_points"": 0, ""ghf_height_points"": 3, ""ghf_independent_points"": 3, ""ghf_method"": ""height_function"", ""interval_count"": 1, ""objective"": 1.9957546580308824e-22, ""optimizer_message"": ""CONVERGENCE: NORM_OF_PROJECTED_GRADIENT_<=_PGTOL"", ""optimizer_success"": true}"
PLVIRA,PLVIRA,lines,3,128,56,57,reconstructed,0.5232074399046951,0.5232074399046966,1.5543122344752192e-15,0.0,0.0,0.0,1.51506193709807e-22,True,height_function,"{""curvature"": 0.0, ""curvature_source"": ""cartesian-ghf"", ""ghf_diagnostic"": ""complete three-column height function"", ""ghf_direction"": ""y"", ""ghf_fit_points"": 0, ""ghf_height_points"": 3, ""ghf_independent_points"": 3, ""ghf_method"": ""height_function"", ""interval_count"": 1, ""objective"": 1.51506193709807e-22, ""optimizer_message"": ""CONVERGENCE: NORM_OF_PROJECTED_GRADIENT_<=_PGTOL"", ""optimizer_success"": true}"
PLVIRA,PLVIRA,lines,3,128,57,57,reconstructed,0.07555221687721314,0.07555221687721315,1.3877787807814457e-17,-1.8461116989748641e-13,0.0,1.8461116989748641e-13,2.819062426191944e-22,True,height_function,"{""curvature"": -1.8461116989748641e-13, ""curvature_source"": ""cartesian-ghf"", ""ghf_diagnostic"": ""complete three-column height function"", ""ghf_direction"": ""y"", ""ghf_fit_points"": 0, ""ghf_height_points"": 3, ""ghf_independent_points"": 3, ""ghf_method"": ""height_function"", ""interval_count"": 1, ""objective"": 2.819062426191944e-22, ""optimizer_message"": ""CONVERGENCE: NORM_OF_PROJECTED_GRADIENT_<=_PGTOL"", ""optimizer_success"": true}"
PLVIRA,PLVIRA,lines,3,128,57,58,reconstructed,0.5425104689866203,0.5425104689866204,1.1102230246251565e-16,-1.844702453403128e-13,0.0,1.844702453403128e-13,2.9630472857480986e-22,True,height_function,"{""curvature"": -1.844702453403128e-13, ""curvature_source"": ""cartesian-ghf"", ""ghf_diagnostic"": ""complete three-column height function"", ""ghf_direction"": ""y"", ""ghf_fit_points"": 0, ""ghf_height_points"": 3, ""ghf_independent_points"": 3, ""ghf_method"": ""height_function"", ""interval_count"": 1, ""objective"": 2.9630472857480986e-22, ""optimizer_message"": ""CONVERGENCE: NORM_OF_PROJECTED_GRADIENT_<=_PGTOL"", ""optimizer_success"": true}"
PLVIRA,PLVIRA,lines,3,128,58,58,reconstructed,0.09585602393121917,0.09585602393121893,2.3592239273284576e-16,1.8461116989748641e-13,0.0,1.8461116989748641e-13,6.001348336696028e-23,True,height_function,"{""curvature"": 1.8461116989748641e-13, ""curvature_source"": ""cartesian-ghf"", ""ghf_diagnostic"": ""complete three-column height function"", ""ghf_direction"": ""y"", ""ghf_fit_points"": 0, ""ghf_height_points"": 3, ""ghf_independent_points"": 3, ""ghf_method"": ""height_function"", ""interval_count"": 1, ""objective"": 6.001348336696028e-23, ""optimizer_message"": ""CONVERGENCE: NORM_OF_PROJECTED_GRADIENT_<=_PGTOL"", ""optimizer_success"": true}"
PLVIRA,PLVIRA,lines,3,128,58,59,reconstructed,0.559399956722018,0.5593999567220181,1.1102230246251565e-16,1.8489301901183382e-13,0.0,1.8489301901183382e-13,1.0449678006297695e-22,True,height_function,"{""curvature"": 1.8489301901183382e-13, ""curvature_source"": ""cartesian-ghf"", ""ghf_diagnostic"": ""complete three-column height function"", ""ghf_direction"": ""y"", ""ghf_fit_points"": 0, ""ghf_height_points"": 3, ""ghf_independent_points"": 3, ""ghf_method"": ""height_function"", ""interval_count"": 1, ""objective"": 1.0449678006297695e-22, ""optimizer_message"": ""CONVERGENCE: NORM_OF_PROJECTED_GRADIENT_<=_PGTOL"", ""optimizer_success"": true}"
PLVIRA,PLVIRA,lines,3,128,59,59,reconstructed,0.11857337233186628,0.11857337233186624,4.163336342344337e-17,3.696451134661845e-13,0.0,3.696451134661845e-13,3.527976665105344e-16,True,height_function,"{""curvature"": 3.696451134661845e-13, ""curvature_source"": ""cartesian-ghf"", ""ghf_diagnostic"": ""complete three-column height function"", ""ghf_direction"": ""y"", ""ghf_fit_points"": 0, ""ghf_height_points"": 3, ""ghf_independent_points"": 3, ""ghf_method"": ""height_function"", ""interval_count"": 1, ""objective"": 3.527976665105344e-16, ""optimizer_message"": ""CONVERGENCE: REL_REDUCTION_OF_F_<=_FACTR*EPSMCH"", ""optimizer_success"": true}"
PLVIRA,PLVIRA,lines,3,128,59,60,reconstructed,0.5738759031105474,0.5738759031105389,8.43769498715119e-15,3.696451134661845e-13,0.0,3.696451134661845e-13,5.8223012128333404e-15,True,height_function,"{""curvature"": 3.696451134661845e-13, ""curvature_source"": ""cartesian-ghf"", ""ghf_diagnostic"": ""complete three-column height function"", ""ghf_direction"": ""y"", ""ghf_fit_points"": 0, ""ghf_height_points"": 3, ""ghf_independent_points"": 3, ""ghf_method"": ""height_function"", ""interval_count"": 1, ""objective"": 5.8223012128333404e-15, ""optimizer_message"": ""CONVERGENCE: REL_REDUCTION_OF_F_<=_FACTR*EPSMCH"", ""optimizer_success"": true}"
PLVIRA,PLVIRA,lines,3,128,60,60,reconstructed,0.14370426207869968,0.1437042620787045,4.801714581503802e-15,-3.696451134661845e-13,0.0,3.696451134661845e-13,1.280710798156572e-22,True,height_function,"{""curvature"": -3.696451134661845e-13, ""curvature_source"": ""cartesian-ghf"", ""ghf_diagnostic"": ""complete three-column height function"", ""ghf_direction"": ""y"", ""ghf_fit_points"": 0, ""ghf_height_points"": 3, ""ghf_independent_points"": 3, ""ghf_method"": ""height_function"", ""interval_count"": 1, ""objective"": 1.280710798156572e-22, ""optimizer_message"": ""CONVERGENCE: NORM_OF_PROJECTED_GRADIENT_<=_PGTOL"", ""optimizer_success"": true}"
PLVIRA,PLVIRA,lines,3,128,60,61,reconstructed,0.5859383081524356,0.5859383081524356,0.0,-3.6936326435183764e-13,0.0,3.6936326435183764e-13,6.135350167590022e-19,True,height_function,"{""curvature"": -3.6936326435183764e-13, ""curvature_source"": ""cartesian-ghf"", ""ghf_diagnostic"": ""complete three-column height function"", ""ghf_direction"": ""y"", ""ghf_fit_points"": 0, ""ghf_height_points"": 3, ""ghf_independent_points"": 3, ""ghf_method"": ""height_function"", ""interval_count"": 1, ""objective"": 6.135350167590022e-19, ""optimizer_message"": ""CONVERGENCE: NORM_OF_PROJECTED_GRADIENT_<=_PGTOL"", ""optimizer_success"": true}"
PLVIRA,PLVIRA,lines,3,128,61,61,reconstructed,0.17124869317262895,0.17124869317262897,2.7755575615628914e-17,0.0,0.0,0.0,3.1707545373124567e-19,True,height_function,"{""curvature"": 0.0, ""curvature_source"": ""cartesian-ghf"", ""ghf_diagnostic"": ""complete three-column height function"", ""ghf_direction"": ""y"", ""ghf_fit_points"": 0, ""ghf_height_points"": 3, ""ghf_independent_points"": 3, ""ghf_method"": ""height_function"", ""interval_count"": 1, ""objective"": 3.1707545373124567e-19, ""optimizer_message"": ""CONVERGENCE: NORM_OF_PROJECTED_GRADIENT_<=_PGTOL"", ""optimizer_success"": true}"
PLVIRA,PLVIRA,lines,3,128,61,62,reconstructed,0.5955871718476828,0.5955871718476777,5.10702591327572e-15,-1.4092455717361447e-16,0.0,1.4092455717361447e-16,4.739529878509551e-15,True,height_function,"{""curvature"": -1.4092455717361447e-16, ""curvature_source"": ""cartesian-ghf"", ""ghf_diagnostic"": ""complete three-column height function"", ""ghf_direction"": ""y"", ""ghf_fit_points"": 0, ""ghf_height_points"": 3, ""ghf_independent_points"": 3, ""ghf_method"": ""height_function"", ""interval_count"": 1, ""objective"": 4.739529878509551e-15, ""optimizer_message"": ""CONVERGENCE: REL_REDUCTION_OF_F_<=_FACTR*EPSMCH"", ""optimizer_success"": true}"
PLVIRA,PLVIRA,lines,3,128,62,62,reconstructed,0.20120666561297187,0.201206665612972,1.3877787807814457e-16,1.4092455717361447e-16,0.0,1.4092455717361447e-16,1.6843129625933385e-19,True,height_function,"{""curvature"": 1.4092455717361447e-16, ""curvature_source"": ""cartesian-ghf"", ""ghf_diagnostic"": ""complete three-column height function"", ""ghf_direction"": ""y"", ""ghf_fit_points"": 0, ""ghf_height_points"": 3, ""ghf_independent_points"": 3, ""ghf_method"": ""height_function"", ""interval_count"": 1, ""objective"": 1.6843129625933385e-19, ""optimizer_message"": ""CONVERGENCE: NORM_OF_PROJECTED_GRADIENT_<=_PGTOL"", ""optimizer_success"": true}"
PLVIRA,PLVIRA,lines,3,128,62,63,reconstructed,0.6028224941965163,0.6028224941965166,2.220446049250313e-16,1.4092455717361447e-16,0.0,1.4092455717361447e-16,3.3106357960479656e-20,True,height_function,"{""curvature"": 1.4092455717361447e-16, ""curvature_source"": ""cartesian-ghf"", ""ghf_diagnostic"": ""complete three-column height function"", ""ghf_direction"": ""y"", ""ghf_fit_points"": 0, ""ghf_height_points"": 3, ""ghf_independent_points"": 3, ""ghf_method"": ""height_function"", ""interval_count"": 1, ""objective"": 3.3106357960479656e-20, ""optimizer_message"": ""CONVERGENCE: NORM_OF_PROJECTED_GRADIENT_<=_PGTOL"", ""optimizer_success"": true}"
PLVIRA,PLVIRA,lines,3,128,63,63,reconstructed,0.23357817939995584,0.23357817939995584,0.0,1.8461116989738345e-13,0.0,1.8461116989738345e-13,1.9530325073574037e-17,True,height_function,"{""curvature"": 1.8461116989738345e-13, ""curvature_source"": ""cartesian-ghf"", ""ghf_diagnostic"": ""complete three-column height function"", ""ghf_direction"": ""y"", ""ghf_fit_points"": 0, ""ghf_height_points"": 3, ""ghf_independent_points"": 3, ""ghf_method"": ""height_function"", ""interval_count"": 1, ""objective"": 1.9530325073574037e-17, ""optimizer_message"": ""CONVERGENCE: REL_REDUCTION_OF_F_<=_FACTR*EPSMCH"", ""optimizer_success"": true}"
PLVIRA,PLVIRA,lines,3,128,63,64,reconstructed,0.6076442751987088,0.6076442751987093,5.551115123125783e-16,1.8461116989738345e-13,0.0,1.8461116989738345e-13,2.9580018504255365e-18,True,height_function,"{""curvature"": 1.8461116989738345e-13, ""curvature_source"": ""cartesian-ghf"", ""ghf_diagnostic"": ""complete three-column height function"", ""ghf_direction"": ""y"", ""ghf_fit_points"": 0, ""ghf_height_points"": 3, ""ghf_independent_points"": 3, ""ghf_method"": ""height_function"", ""interval_count"": 1, ""objective"": 2.9580018504255365e-18, ""optimizer_message"": ""CONVERGENCE: NORM_OF_PROJECTED_GRADIENT_<=_PGTOL"", ""optimizer_success"": true}"
PLVIRA,PLVIRA,lines,3,128,64,64,reconstructed,0.26836323453335353,0.26836323453335353,0.0,-3.692223397948699e-13,0.0,3.692223397948699e-13,7.50358432670298e-17,True,height_function,"{""curvature"": -3.692223397948699e-13, ""curvature_source"": ""cartesian-ghf"", ""ghf_diagnostic"": ""complete three-column height function"", ""ghf_direction"": ""y"", ""ghf_fit_points"": 0, ""ghf_height_points"": 3, ""ghf_independent_points"": 3, ""ghf_method"": ""height_function"", ""interval_count"": 1, ""objective"": 7.50358432670298e-17, ""optimizer_message"": ""CONVERGENCE: REL_REDUCTION_OF_F_<=_FACTR*EPSMCH"", ""optimizer_success"": true}"
PLVIRA,PLVIRA,lines,3,128,64,65,reconstructed,0.6100525148542602,0.61005251485426,1.1102230246251565e-16,-3.692223397948699e-13,0.0,3.692223397948699e-13,2.2041401290227934e-15,True,height_function,"{""curvature"": -3.692223397948699e-13, ""curvature_source"": ""cartesian-ghf"", ""ghf_diagnostic"": ""complete three-column height function"", ""ghf_direction"": ""y"", ""ghf_fit_points"": 0, ""ghf_height_points"": 3, ""ghf_independent_points"": 3, ""ghf_method"": ""height_function"", ""interval_count"": 1, ""objective"": 2.2041401290227934e-15, ""optimizer_message"": ""CONVERGENCE: REL_REDUCTION_OF_F_<=_FACTR*EPSMCH"", ""optimizer_success"": true}"
PLVIRA,PLVIRA,lines,3,128,65,65,reconstructed,0.3052574816770175,0.30525748167701744,5.551115123125783e-17,1.8447024534031275e-13,0.0,1.8447024534031275e-13,7.036672890611145e-22,True,height_function,"{""curvature"": 1.8447024534031275e-13, ""curvature_source"": ""cartesian-ghf"", ""ghf_diagnostic"": ""complete three-column height function"", ""ghf_direction"": ""y"", ""ghf_fit_points"": 0, ""ghf_height_points"": 3, ""ghf_independent_points"": 3, ""ghf_method"": ""height_function"", ""interval_count"": 1, ""objective"": 7.036672890611145e-22, ""optimizer_message"": ""CONVERGENCE: NORM_OF_PROJECTED_GRADIENT_<=_PGTOL"", ""optimizer_success"": true}"
PLVIRA,PLVIRA,lines,3,128,66,65,reconstructed,0.0003043493368295458,0.0003043493368295423,3.469446951953614e-18,1.8489301901173063e-13,0.0,1.8489301901173063e-13,2.152890435097955e-15,True,height_function,"{""curvature"": 1.8489301901173063e-13, ""curvature_source"": ""cartesian-ghf"", ""ghf_diagnostic"": ""complete three-column height function"", ""ghf_direction"": ""y"", ""ghf_fit_points"": 0, ""ghf_height_points"": 3, ""ghf_independent_points"": 3, ""ghf_method"": ""height_function"", ""interval_count"": 1, ""objective"": 2.152890435097955e-15, ""optimizer_message"": ""CONVERGENCE: REL_REDUCTION_OF_F_<=_FACTR*EPSMCH"", ""optimizer_success"": true}"
PLVIRA,PLVIRA,lines,3,128,66,66,reconstructed,0.34214642712936444,0.34214642712936455,1.1102230246251565e-16,1.8489301901173063e-13,0.0,1.8489301901173063e-13,7.809087901202958e-17,True,height_function,"{""curvature"": 1.8489301901173063e-13, ""curvature_source"": ""cartesian-ghf"", ""ghf_diagnostic"": ""complete three-column height function"", ""ghf_direction"": ""y"", ""ghf_fit_points"": 0, ""ghf_height_points"": 3, ""ghf_independent_points"": 3, ""ghf_method"": ""height_function"", ""interval_count"": 1, ""objective"": 7.809087901202958e-17, ""optimizer_message"": ""CONVERGENCE: REL_REDUCTION_OF_F_<=_FACTR*EPSMCH"", ""optimizer_success"": true}"
PLVIRA,PLVIRA,lines,3,128,67,66,reconstructed,0.0027231923745603126,0.0027231923745598234,4.891920202254596e-16,-1.8489301901173063e-13,0.0,1.8489301901173063e-13,3.372615688629595e-18,True,height_function,"{""curvature"": -1.8489301901173063e-13, ""curvature_source"": ""cartesian-ghf"", ""ghf_diagnostic"": ""complete three-column height function"", ""ghf_direction"": ""y"", ""ghf_fit_points"": 0, ""ghf_height_points"": 3, ""ghf_independent_points"": 3, ""ghf_method"": ""height_function"", ""interval_count"": 1, ""objective"": 3.372615688629595e-18, ""optimizer_message"": ""CONVERGENCE: NORM_OF_PROJECTED_GRADIENT_<=_PGTOL"", ""optimizer_success"": true}"
PLVIRA,PLVIRA,lines,3,128,67,67,reconstructed,0.3769208788805827,0.3769208788805828,1.1102230246251565e-16,-1.8489301901173063e-13,0.0,1.8489301901173063e-13,1.9633146701872233e-17,True,height_function,"{""curvature"": -1.8489301901173063e-13, ""curvature_source"": ""cartesian-ghf"", ""ghf_diagnostic"": ""complete three-column height function"", ""ghf_direction"": ""y"", ""ghf_fit_points"": 0, ""ghf_height_points"": 3, ""ghf_independent_points"": 3, ""ghf_method"": ""height_function"", ""interval_count"": 1, ""objective"": 1.9633146701872233e-17, ""optimizer_message"": ""CONVERGENCE: REL_REDUCTION_OF_F_<=_FACTR*EPSMCH"", ""optimizer_success"": true}"
PLVIRA,PLVIRA,lines,3,128,68,67,reconstructed,0.007555576758704773,0.00755557675870458,1.93421667571414e-16,1.4092455717361447e-16,0.0,1.4092455717361447e-16,3.212900158156739e-20,True,height_function,"{""curvature"": 1.4092455717361447e-16, ""curvature_source"": ""cartesian-ghf"", ""ghf_diagnostic"": ""complete three-column height function"", ""ghf_direction"": ""y"", ""ghf_fit_points"": 0, ""ghf_height_points"": 3, ""ghf_independent_points"": 3, ""ghf_method"": ""height_function"", ""interval_count"": 1, ""objective"": 3.212900158156739e-20, ""optimizer_message"": ""CONVERGENCE: NORM_OF_PROJECTED_GRADIENT_<=_PGTOL"", ""optimizer_success"": true}"
PLVIRA,PLVIRA,lines,3,128,68,68,reconstructed,0.40928178928561465,0.40928178928561465,0.0,0.0,0.0,0.0,1.5748693198587282e-19,True,height_function,"{""curvature"": 0.0, ""curvature_source"": ""cartesian-ghf"", ""ghf_diagnostic"": ""complete three-column height function"", ""ghf_direction"": ""y"", ""ghf_fit_points"": 0, ""ghf_height_points"": 3, ""ghf_independent_points"": 3, ""ghf_method"": ""height_function"", ""interval_count"": 1, ""objective"": 1.5748693198587282e-19, ""optimizer_message"": ""CONVERGENCE: NORM_OF_PROJECTED_GRADIENT_<=_PGTOL"", ""optimizer_success"": true}"
PLVIRA,PLVIRA,lines,3,128,69,68,reconstructed,0.014801502489717676,0.014801502489723076,5.4001941807158005e-15,1.8461116989738345e-13,0.0,1.8461116989738345e-13,4.563809314759452e-15,True,height_function,"{""curvature"": 1.8461116989738345e-13, ""curvature_source"": ""cartesian-ghf"", ""ghf_diagnostic"": ""complete three-column height function"", ""ghf_direction"": ""y"", ""ghf_fit_points"": 0, ""ghf_height_points"": 3, ""ghf_independent_points"": 3, ""ghf_method"": ""height_function"", ""interval_count"": 1, ""objective"": 4.563809314759452e-15, ""optimizer_message"": ""CONVERGENCE: REL_REDUCTION_OF_F_<=_FACTR*EPSMCH"", ""optimizer_success"": true}"
PLVIRA,PLVIRA,lines,3,128,69,69,reconstructed,0.43922915834377824,0.4392291583437782,5.551115123125783e-17,1.8461116989738345e-13,0.0,1.8461116989738345e-13,3.08074796351927e-19,True,height_function,"{""curvature"": 1.8461116989738345e-13, ""curvature_source"": ""cartesian-ghf"", ""ghf_diagnostic"": ""complete three-column height function"", ""ghf_direction"": ""y"", ""ghf_fit_points"": 0, ""ghf_height_points"": 3, ""ghf_independent_points"": 3, ""ghf_method"": ""height_function"", ""interval_count"": 1, ""objective"": 3.08074796351927e-19, ""optimizer_message"": ""CONVERGENCE: NORM_OF_PROJECTED_GRADIENT_<=_PGTOL"", ""optimizer_success"": true}"
PLVIRA,PLVIRA,lines,3,128,70,69,reconstructed,0.0244609695669169,0.024460969566916846,5.551115123125783e-17,-3.695041889092172e-13,0.0,3.695041889092172e-13,6.8740838798466615e-19,True,height_function,"{""curvature"": -3.695041889092172e-13, ""curvature_source"": ""cartesian-ghf"", ""ghf_diagnostic"": ""complete three-column height function"", ""ghf_direction"": ""y"", ""ghf_fit_points"": 0, ""ghf_height_points"": 3, ""ghf_independent_points"": 3, ""ghf_method"": ""height_function"", ""interval_count"": 1, ""objective"": 6.8740838798466615e-19, ""optimizer_message"": ""CONVERGENCE: NORM_OF_PROJECTED_GRADIENT_<=_PGTOL"", ""optimizer_success"": true}"
PLVIRA,PLVIRA,lines,3,128,70,70,reconstructed,0.46676298605552796,0.4667629860555231,4.884981308350689e-15,-3.6964511346639066e-13,0.0,3.6964511346639066e-13,1.2278632901709767e-22,True,height_function,"{""curvature"": -3.6964511346639066e-13, ""curvature_source"": ""cartesian-ghf"", ""ghf_diagnostic"": ""complete three-column height function"", ""ghf_direction"": ""y"", ""ghf_fit_points"": 0, ""ghf_height_points"": 3, ""ghf_independent_points"": 3, ""ghf_method"": ""height_function"", ""interval_count"": 1, ""objective"": 1.2278632901709767e-22, ""optimizer_message"": ""CONVERGENCE: NORM_OF_PROJECTED_GRADIENT_<=_PGTOL"", ""optimizer_success"": true}"
PLVIRA,PLVIRA,lines,3,128,71,70,reconstructed,0.036533977991439315,0.03653397799144813,8.81239525796218e-15,5.543972079208447e-13,0.0,5.543972079208447e-13,5.918038577643068e-15,True,height_function,"{""curvature"": 5.543972079208447e-13, ""curvature_source"": ""cartesian-ghf"", ""ghf_diagnostic"": ""complete three-column height function"", ""ghf_direction"": ""y"", ""ghf_fit_points"": 0, ""ghf_height_points"": 3, ""ghf_independent_points"": 3, ""ghf_method"": ""height_function"", ""interval_count"": 1, ""objective"": 5.918038577643068e-15, ""optimizer_message"": ""CONVERGENCE: REL_REDUCTION_OF_F_<=_FACTR*EPSMCH"", ""optimizer_success"": true}"
PLVIRA,PLVIRA,lines,3,128,71,71,reconstructed,0.4918832724204094,0.4918832724204093,1.1102230246251565e-16,5.543972079208447e-13,0.0,5.543972079208447e-13,3.7482823433979633e-16,True,height_function,"{""curvature"": 5.543972079208447e-13, ""curvature_source"": ""cartesian-ghf"", ""ghf_diagnostic"": ""complete three-column height function"", ""ghf_direction"": ""y"", ""ghf_fit_points"": 0, ""ghf_height_points"": 3, ""ghf_independent_points"": 3, ""ghf_method"": ""height_function"", ""interval_count"": 1, ""objective"": 3.7482823433979633e-16, ""optimizer_message"": ""CONVERGENCE: REL_REDUCTION_OF_F_<=_FACTR*EPSMCH"", ""optimizer_success"": true}"
PLVIRA,PLVIRA,lines,3,128,72,71,reconstructed,0.051020527761920675,0.05102052776192062,5.551115123125783e-17,-5.542562833636709e-13,0.0,5.542562833636709e-13,1.0514089471514723e-22,True,height_function,"{""curvature"": -5.542562833636709e-13, ""curvature_source"": ""cartesian-ghf"", ""ghf_diagnostic"": ""complete three-column height function"", ""ghf_direction"": ""y"", ""ghf_fit_points"": 0, ""ghf_height_points"": 3, ""ghf_independent_points"": 3, ""ghf_method"": ""height_function"", ""interval_count"": 1, ""objective"": 1.0514089471514723e-22, ""optimizer_message"": ""CONVERGENCE: NORM_OF_PROJECTED_GRADIENT_<=_PGTOL"", ""optimizer_success"": true}"
PLVIRA,PLVIRA,lines,3,128,72,72,reconstructed,0.5145900174386497,0.5145900174386498,1.1102230246251565e-16,-5.542562833636709e-13,0.0,5.542562833636709e-13,6.068651250670521e-23,True,height_function,"{""curvature"": -5.542562833636709e-13, ""curvature_source"": ""cartesian-ghf"", ""ghf_diagnostic"": ""complete three-column height function"", ""ghf_direction"": ""y"", ""ghf_fit_points"": 0, ""ghf_height_points"": 3, ""ghf_independent_points"": 3, ""ghf_method"": ""height_function"", ""interval_count"": 1, ""objective"": 6.068651250670521e-23, ""optimizer_message"": ""CONVERGENCE: NORM_OF_PROJECTED_GRADIENT_<=_PGTOL"", ""optimizer_success"": true}"
PLVIRA,PLVIRA,lines,3,128,73,72,reconstructed,0.06792061887927048,0.06792061887927045,2.7755575615628914e-17,1.8461116989748641e-13,0.0,1.8461116989748641e-13,2.9660096111060405e-22,True,height_function,"{""curvature"": 1.8461116989748641e-13, ""curvature_source"": ""cartesian-ghf"", ""ghf_diagnostic"": ""complete three-column height function"", ""ghf_direction"": ""y"", ""ghf_fit_points"": 0, ""ghf_height_points"": 3, ""ghf_independent_points"": 3, ""ghf_method"": ""height_function"", ""interval_count"": 1, ""objective"": 2.9660096111060405e-22, ""optimizer_message"": ""CONVERGENCE: NORM_OF_PROJECTED_GRADIENT_<=_PGTOL"", ""optimizer_success"": true}"
PLVIRA,PLVIRA,lines,3,128,73,73,reconstructed,0.5348832211107037,0.5348832211107036,1.1102230246251565e-16,1.8447024534031275e-13,0.0,1.8447024534031275e-13,2.825341960927406e-22,True,height_function,"{""curvature"": 1.8447024534031275e-13, ""curvature_source"": ""cartesian-ghf"", ""ghf_diagnostic"": ""complete three-column height function"", ""ghf_direction"": ""y"", ""ghf_fit_points"": 0, ""ghf_height_points"": 3, ""ghf_independent_points"": 3, ""ghf_method"": ""height_function"", ""interval_count"": 1, ""objective"": 2.825341960927406e-22, ""optimizer_message"": ""CONVERGENCE: NORM_OF_PROJECTED_GRADIENT_<=_PGTOL"", ""optimizer_success"": true}"
PLVIRA,PLVIRA,lines,3,128,74,73,reconstructed,0.08723425134326133,0.08723425134325984,1.4988010832439613e-15,2.8184911434722894e-16,0.0,2.8184911434722894e-16,1.5040256476656184e-22,True,height_function,"{""curvature"": 2.8184911434722894e-16, ""curvature_source"": ""cartesian-ghf"", ""ghf_diagnostic"": ""complete three-column height function"", ""ghf_direction"": ""y"", ""ghf_fit_points"": 0, ""ghf_height_points"": 3, ""ghf_independent_points"": 3, ""ghf_method"": ""height_function"", ""interval_count"": 1, ""objective"": 1.5040256476656184e-22, ""optimizer_message"": ""CONVERGENCE: NORM_OF_PROJECTED_GRADIENT_<=_PGTOL"", ""optimizer_success"": true}"
PLVIRA,PLVIRA,lines,3,128,74,74,reconstructed,0.5527628834358893,0.5527628834358893,0.0,2.8184911434722894e-16,0.0,2.8184911434722894e-16,1.986622654528028e-22,True,height_function,"{""curvature"": 2.8184911434722894e-16, ""curvature_source"": ""cartesian-ghf"", ""ghf_diagnostic"": ""complete three-column height function"", ""ghf_direction"": ""y"", ""ghf_fit_points"": 0, ""ghf_height_points"": 3, ""ghf_independent_points"": 3, ""ghf_method"": ""height_function"", ""interval_count"": 1, ""objective"": 1.986622654528028e-22, ""optimizer_message"": ""CONVERGENCE: NORM_OF_PROJECTED_GRADIENT_<=_PGTOL"", ""optimizer_success"": true}"
PLVIRA,PLVIRA,lines,3,128,75,74,reconstructed,0.1089614251536659,0.10896142515366587,2.7755575615628914e-17,1.843293207830363e-13,0.0,1.843293207830363e-13,4.456371519275836e-24,True,height_function,"{""curvature"": 1.843293207830363e-13, ""curvature_source"": ""cartesian-ghf"", ""ghf_diagnostic"": ""complete three-column height function"", ""ghf_direction"": ""y"", ""ghf_fit_points"": 0, ""ghf_height_points"": 3, ""ghf_independent_points"": 3, ""ghf_method"": ""height_function"", ""interval_count"": 1, ""objective"": 4.456371519275836e-24, ""optimizer_message"": ""CONVERGENCE: NORM_OF_PROJECTED_GRADIENT_<=_PGTOL"", ""optimizer_success"": true}"
PLVIRA,PLVIRA,lines,3,128,75,75,reconstructed,0.5682290044146612,0.5682290044146617,5.551115123125783e-16,1.843293207830363e-13,0.0,1.843293207830363e-13,1.9979021393769586e-14,True,height_function,"{""curvature"": 1.843293207830363e-13, ""curvature_source"": ""cartesian-ghf"", ""ghf_diagnostic"": ""complete three-column height function"", ""ghf_direction"": ""y"", ""ghf_fit_points"": 0, ""ghf_height_points"": 3, ""ghf_independent_points"": 3, ""ghf_method"": ""height_function"", ""interval_count"": 1, ""objective"": 1.9979021393769586e-14, ""optimizer_message"": ""CONVERGENCE: REL_REDUCTION_OF_F_<=_FACTR*EPSMCH"", ""optimizer_success"": true}"
PLVIRA,PLVIRA,lines,3,128,76,75,reconstructed,0.13310214031093892,0.13310214031093653,2.3869795029440866e-15,-1.8461116989738355e-13,0.0,1.8461116989738355e-13,2.1488536592331573e-15,True,height_function,"{""curvature"": -1.8461116989738355e-13, ""curvature_source"": ""cartesian-ghf"", ""ghf_diagnostic"": ""complete three-column height function"", ""ghf_direction"": ""y"", ""ghf_fit_points"": 0, ""ghf_height_points"": 3, ""ghf_independent_points"": 3, ""ghf_method"": ""height_function"", ""interval_count"": 1, ""objective"": 2.1488536592331573e-15, ""optimizer_message"": ""CONVERGENCE: REL_REDUCTION_OF_F_<=_FACTR*EPSMCH"", ""optimizer_success"": true}"
PLVIRA,PLVIRA,lines,3,128,76,76,reconstructed,0.5812815840463372,0.5812815840463372,0.0,-1.8489301901173063e-13,0.0,1.8489301901173063e-13,2.1734336243427052e-16,True,height_function,"{""curvature"": -1.8489301901173063e-13, ""curvature_source"": ""cartesian-ghf"", ""ghf_diagnostic"": ""complete three-column height function"", ""ghf_direction"": ""y"", ""ghf_fit_points"": 0, ""ghf_height_points"": 3, ""ghf_independent_points"": 3, ""ghf_method"": ""height_function"", ""interval_count"": 1, ""objective"": 2.1734336243427052e-16, ""optimizer_message"": ""CONVERGENCE: REL_REDUCTION_OF_F_<=_FACTR*EPSMCH"", ""optimizer_success"": true}"
PLVIRA,PLVIRA,lines,3,128,77,76,reconstructed,0.15965639681462562,0.1596563968146258,1.6653345369377348e-16,0.0,0.0,0.0,1.9098903828718912e-20,True,height_function,"{""curvature"": 0.0, ""curvature_source"": ""cartesian-ghf"", ""ghf_diagnostic"": ""complete three-column height function"", ""ghf_direction"": ""y"", ""ghf_fit_points"": 0, ""ghf_height_points"": 3, ""ghf_independent_points"": 3, ""ghf_method"": ""height_function"", ""interval_count"": 1, ""objective"": 1.9098903828718912e-20, ""optimizer_message"": ""CONVERGENCE: NORM_OF_PROJECTED_GRADIENT_<=_PGTOL"", ""optimizer_success"": true}"
PLVIRA,PLVIRA,lines,3,128,77,77,reconstructed,0.591920622331827,0.591920622331827,0.0,0.0,0.0,0.0,3.6734438595822e-17,True,height_function,"{""curvature"": 0.0, ""curvature_source"": ""cartesian-ghf"", ""ghf_diagnostic"": ""complete three-column height function"", ""ghf_direction"": ""y"", ""ghf_fit_points"": 0, ""ghf_height_points"": 3, ""ghf_independent_points"": 3, ""ghf_method"": ""height_function"", ""interval_count"": 1, ""objective"": 3.6734438595822e-17, ""optimizer_message"": ""CONVERGENCE: REL_REDUCTION_OF_F_<=_FACTR*EPSMCH"", ""optimizer_success"": true}"
PLVIRA,PLVIRA,lines,3,128,78,77,reconstructed,0.1886241946649534,0.18862419466495334,5.551115123125783e-17,1.4092455717361447e-16,0.0,1.4092455717361447e-16,2.9214501622822136e-21,True,height_function,"{""curvature"": 1.4092455717361447e-16, ""curvature_source"": ""cartesian-ghf"", ""ghf_diagnostic"": ""complete three-column height function"", ""ghf_direction"": ""y"", ""ghf_fit_points"": 0, ""ghf_height_points"": 3, ""ghf_independent_points"": 3, ""ghf_method"": ""height_function"", ""interval_count"": 1, ""objective"": 2.9214501622822136e-21, ""optimizer_message"": ""CONVERGENCE: NORM_OF_PROJECTED_GRADIENT_<=_PGTOL"", ""optimizer_success"": true}"
PLVIRA,PLVIRA,lines,3,128,78,78,reconstructed,0.6001461192706756,0.6001461192706756,0.0,1.4092455717361447e-16,0.0,1.4092455717361447e-16,1.4363509339919563e-21,True,height_function,"{""curvature"": 1.4092455717361447e-16, ""curvature_source"": ""cartesian-ghf"", ""ghf_diagnostic"": ""complete three-column height function"", ""ghf_direction"": ""y"", ""ghf_fit_points"": 0, ""ghf_height_points"": 3, ""ghf_independent_points"": 3, ""ghf_method"": ""height_function"", ""interval_count"": 1, ""objective"": 1.4363509339919563e-21, ""optimizer_message"": ""CONVERGENCE: NORM_OF_PROJECTED_GRADIENT_<=_PGTOL"", ""optimizer_success"": true}"
PLVIRA,PLVIRA,lines,3,128,79,78,reconstructed,0.2200055338621496,0.22000553386214944,1.6653345369377348e-16,1.4092455717361444e-16,0.0,1.4092455717361444e-16,1.7188616986154512e-17,True,height_function,"{""curvature"": 1.4092455717361444e-16, ""curvature_source"": ""cartesian-ghf"", ""ghf_diagnostic"": ""complete three-column height function"", ""ghf_direction"": ""y"", ""ghf_fit_points"": 0, ""ghf_height_points"": 3, ""ghf_independent_points"": 3, ""ghf_method"": ""height_function"", ""interval_count"": 1, ""objective"": 1.7188616986154512e-17, ""optimizer_message"": ""CONVERGENCE: REL_REDUCTION_OF_F_<=_FACTR*EPSMCH"", ""optimizer_success"": true}"
PLVIRA,PLVIRA,lines,3,128,79,79,reconstructed,0.6059580748626558,0.6059580748626558,0.0,2.8184911434722894e-16,0.0,2.8184911434722894e-16,1.1175153693335586e-18,True,height_function,"{""curvature"": 2.8184911434722894e-16, ""curvature_source"": ""cartesian-ghf"", ""ghf_diagnostic"": ""complete three-column height function"", ""ghf_direction"": ""y"", ""ghf_fit_points"": 0, ""ghf_height_points"": 3, ""ghf_independent_points"": 3, ""ghf_method"": ""height_function"", ""interval_count"": 1, ""objective"": 1.1175153693335586e-18, ""optimizer_message"": ""CONVERGENCE: NORM_OF_PROJECTED_GRADIENT_<=_PGTOL"", ""optimizer_success"": true}"
PLVIRA,PLVIRA,lines,3,128,80,79,reconstructed,0.25380041440553214,0.253800414405532,1.1102230246251565e-16,1.843293207830363e-13,0.0,1.843293207830363e-13,1.0109870607331936e-19,True,height_function,"{""curvature"": 1.843293207830363e-13, ""curvature_source"": ""cartesian-ghf"", ""ghf_diagnostic"": ""complete three-column height function"", ""ghf_direction"": ""y"", ""ghf_fit_points"": 0, ""ghf_height_points"": 3, ""ghf_independent_points"": 3, ""ghf_method"": ""height_function"", ""interval_count"": 1, ""objective"": 1.0109870607331936e-19, ""optimizer_message"": ""CONVERGENCE: NORM_OF_PROJECTED_GRADIENT_<=_PGTOL"", ""optimizer_success"": true}"
PLVIRA,PLVIRA,lines,3,128,80,80,reconstructed,0.6093564891084498,0.6093564891084499,1.1102230246251565e-16,1.843293207830363e-13,0.0,1.843293207830363e-13,2.0311324193603858e-16,True,height_function,"{""curvature"": 1.843293207830363e-13, ""curvature_source"": ""cartesian-ghf"", ""ghf_diagnostic"": ""complete three-column height function"", ""ghf_direction"": ""y"", ""ghf_fit_points"": 0, ""ghf_height_points"": 3, ""ghf_independent_points"": 3, ""ghf_method"": ""height_function"", ""interval_count"": 1, ""objective"": 2.0311324193603858e-16, ""optimizer_message"": ""CONVERGENCE: REL_REDUCTION_OF_F_<=_FACTR*EPSMCH"", ""optimizer_success"": true}"
PLVIRA,PLVIRA,lines,3,128,81,80,reconstructed,0.28999863580293095,0.28999863580293095,0.0,-1.8461116989738355e-13,0.0,1.8461116989738355e-13,1.3200665458181355e-15,True,height_function,"{""curvature"": -1.8461116989738355e-13, ""curvature_source"": ""cartesian-ghf"", ""ghf_diagnostic"": ""complete three-column height function"", ""ghf_direction"": ""y"", ""ghf_fit_points"": 0, ""ghf_height_points"": 3, ""ghf_independent_points"": 3, ""ghf_method"": ""height_function"", ""interval_count"": 1, ""objective"": 1.3200665458181355e-15, ""optimizer_message"": ""CONVERGENCE: REL_REDUCTION_OF_F_<=_FACTR*EPSMCH"", ""optimizer_success"": true}"
PLVIRA,PLVIRA,lines,3,128,82,80,reconstructed,1.0200492852163734e-05,1.0200492852165035e-05,1.3010426069826053e-18,-3.6922233979507577e-13,0.0,3.6922233979507577e-13,5.299819173663024e-22,True,height_function,"{""curvature"": -3.6922233979507577e-13, ""curvature_source"": ""cartesian-ghf"", ""ghf_diagnostic"": ""complete three-column height function"", ""ghf_direction"": ""y"", ""ghf_fit_points"": 0, ""ghf_height_points"": 3, ""ghf_independent_points"": 3, ""ghf_method"": ""height_function"", ""interval_count"": 1, ""objective"": 5.299819173663024e-22, ""optimizer_message"": ""CONVERGENCE: NORM_OF_PROJECTED_GRADIENT_<=_PGTOL"", ""optimizer_success"": true}"
PLVIRA,PLVIRA,lines,3,128,82,81,reconstructed,0.3271817300992552,0.32718173009925544,2.220446049250313e-16,-3.6922233979507577e-13,0.0,3.6922233979507577e-13,2.1386872561043687e-17,True,height_function,"{""curvature"": -3.6922233979507577e-13, ""curvature_source"": ""cartesian-ghf"", ""ghf_diagnostic"": ""complete three-column height function"", ""ghf_direction"": ""y"", ""ghf_fit_points"": 0, ""ghf_height_points"": 3, ""ghf_independent_points"": 3, ""ghf_method"": ""height_function"", ""interval_count"": 1, ""objective"": 2.1386872561043687e-17, ""optimizer_message"": ""CONVERGENCE: REL_REDUCTION_OF_F_<=_FACTR*EPSMCH"", ""optimizer_success"": true}"
PLVIRA,PLVIRA,lines,3,128,83,81,reconstructed,0.0014388689410225197,0.0014388689410225128,6.938893903907228e-18,7.385856041469134e-13,0.0,7.385856041469134e-13,4.9097762171605305e-18,True,height_function,"{""curvature"": 7.385856041469134e-13, ""curvature_source"": ""cartesian-ghf"", ""ghf_diagnostic"": ""complete three-column height function"", ""ghf_direction"": ""y"", ""ghf_fit_points"": 0, ""ghf_height_points"": 3, ""ghf_independent_points"": 3, ""ghf_method"": ""height_function"", ""interval_count"": 1, ""objective"": 4.9097762171605305e-18, ""optimizer_message"": ""CONVERGENCE: NORM_OF_PROJECTED_GRADIENT_<=_PGTOL"", ""optimizer_success"": true}"
PLVIRA,PLVIRA,lines,3,128,83,82,reconstructed,0.36294635644071604,0.36294635644071604,0.0,7.385856041469134e-13,0.0,7.385856041469134e-13,5.715949669304745e-18,True,height_function,"{""curvature"": 7.385856041469134e-13, ""curvature_source"": ""cartesian-ghf"", ""ghf_diagnostic"": ""complete three-column height function"", ""ghf_direction"": ""y"", ""ghf_fit_points"": 0, ""ghf_height_points"": 3, ""ghf_independent_points"": 3, ""ghf_method"": ""height_function"", ""interval_count"": 1, ""objective"": 5.715949669304745e-18, ""optimizer_message"": ""CONVERGENCE: REL_REDUCTION_OF_F_<=_FACTR*EPSMCH"", ""optimizer_success"": true}"
PLVIRA,PLVIRA,lines,3,128,84,82,reconstructed,0.0052810787346970756,0.0052810787346970825,6.938893903907228e-18,-3.69222339794664e-13,0.0,3.69222339794664e-13,4.1021396163867255e-19,True,height_function,"{""curvature"": -3.69222339794664e-13, ""curvature_source"": ""cartesian-ghf"", ""ghf_diagnostic"": ""complete three-column height function"", ""ghf_direction"": ""y"", ""ghf_fit_points"": 0, ""ghf_height_points"": 3, ""ghf_independent_points"": 3, ""ghf_method"": ""height_function"", ""interval_count"": 1, ""objective"": 4.1021396163867255e-19, ""optimizer_message"": ""CONVERGENCE: NORM_OF_PROJECTED_GRADIENT_<=_PGTOL"", ""optimizer_success"": true}"
PLVIRA,PLVIRA,lines,3,128,84,83,reconstructed,0.3962974414357632,0.39629744143576323,5.551115123125783e-17,-3.693632643518375e-13,0.0,3.693632643518375e-13,1.0168715929447668e-17,True,height_function,"{""curvature"": -3.693632643518375e-13, ""curvature_source"": ""cartesian-ghf"", ""ghf_diagnostic"": ""complete three-column height function"", ""ghf_direction"": ""y"", ""ghf_fit_points"": 0, ""ghf_height_points"": 3, ""ghf_independent_points"": 3, ""ghf_method"": ""height_function"", ""interval_count"": 1, ""objective"": 1.0168715929447668e-17, ""optimizer_message"": ""CONVERGENCE: REL_REDUCTION_OF_F_<=_FACTR*EPSMCH"", ""optimizer_success"": true}"
PLVIRA,PLVIRA,lines,3,128,85,83,reconstructed,0.011536829875240073,0.011536829875240087,1.3877787807814457e-17,3.693632643518375e-13,0.0,3.693632643518375e-13,2.899777411056016e-22,True,height_function,"{""curvature"": 3.693632643518375e-13, ""curvature_source"": ""cartesian-ghf"", ""ghf_diagnostic"": ""complete three-column height function"", ""ghf_direction"": ""y"", ""ghf_fit_points"": 0, ""ghf_height_points"": 3, ""ghf_independent_points"": 3, ""ghf_method"": ""height_function"", ""interval_count"": 1, ""objective"": 2.899777411056016e-22, ""optimizer_message"": ""CONVERGENCE: NORM_OF_PROJECTED_GRADIENT_<=_PGTOL"", ""optimizer_success"": true}"
PLVIRA,PLVIRA,lines,3,128,85,84,reconstructed,0.42723498508439667,0.4272349850843967,5.551115123125783e-17,3.693632643518375e-13,0.0,3.693632643518375e-13,1.5617035974769684e-18,True,height_function,"{""curvature"": 3.693632643518375e-13, ""curvature_source"": ""cartesian-ghf"", ""ghf_diagnostic"": ""complete three-column height function"", ""ghf_direction"": ""y"", ""ghf_fit_points"": 0, ""ghf_height_points"": 3, ""ghf_independent_points"": 3, ""ghf_method"": ""height_function"", ""interval_count"": 1, ""objective"": 1.5617035974769684e-18, ""optimizer_message"": ""CONVERGENCE: NORM_OF_PROJECTED_GRADIENT_<=_PGTOL"", ""optimizer_success"": true}"
PLVIRA,PLVIRA,lines,3,128,86,84,reconstructed,0.02020612236310626,0.020206122363106212,4.85722573273506e-17,-7.388674532612605e-13,0.0,7.388674532612605e-13,4.890480478145844e-19,True,height_function,"{""curvature"": -7.388674532612605e-13, ""curvature_source"": ""cartesian-ghf"", ""ghf_diagnostic"": ""complete three-column height function"", ""ghf_direction"": ""y"", ""ghf_fit_points"": 0, ""ghf_height_points"": 3, ""ghf_independent_points"": 3, ""ghf_method"": ""height_function"", ""interval_count"": 1, ""objective"": 4.890480478145844e-19, ""optimizer_message"": ""CONVERGENCE: NORM_OF_PROJECTED_GRADIENT_<=_PGTOL"", ""optimizer_success"": true}"
PLVIRA,PLVIRA,lines,3,128,86,85,reconstructed,0.45575898738525217,0.45575898738525156,6.106226635438361e-16,-7.388674532612605e-13,0.0,7.388674532612605e-13,4.788788202917899e-21,True,height_function,"{""curvature"": -7.388674532612605e-13, ""curvature_source"": ""cartesian-ghf"", ""ghf_diagnostic"": ""complete three-column height function"", ""ghf_direction"": ""y"", ""ghf_fit_points"": 0, ""ghf_height_points"": 3, ""ghf_independent_points"": 3, ""ghf_method"": ""height_function"", ""interval_count"": 1, ""objective"": 4.788788202917899e-21, ""optimizer_message"": ""CONVERGENCE: NORM_OF_PROJECTED_GRADIENT_<=_PGTOL"", ""optimizer_success"": true}"
PLVIRA,PLVIRA,lines,3,128,87,85,reconstructed,0.03128895619738614,0.0312889561973861,4.163336342344337e-17,3.6950418890942316e-13,0.0,3.6950418890942316e-13,8.23376618337762e-16,True,height_function,"{""curvature"": 3.6950418890942316e-13, ""curvature_source"": ""cartesian-ghf"", ""ghf_diagnostic"": ""complete three-column height function"", ""ghf_direction"": ""y"", ""ghf_fit_points"": 0, ""ghf_height_points"": 3, ""ghf_independent_points"": 3, ""ghf_method"": ""height_function"", ""interval_count"": 1, ""objective"": 8.23376618337762e-16, ""optimizer_message"": ""CONVERGENCE: REL_REDUCTION_OF_F_<=_FACTR*EPSMCH"", ""optimizer_success"": true}"
PLVIRA,PLVIRA,lines,3,128,87,86,reconstructed,0.48186944834060347,0.48186944834060347,0.0,3.6950418890942316e-13,0.0,3.6950418890942316e-13,6.141460851816083e-17,True,height_function,"{""curvature"": 3.6950418890942316e-13, ""curvature_source"": ""cartesian-ghf"", ""ghf_diagnostic"": ""complete three-column height function"", ""ghf_direction"": ""y"", ""ghf_fit_points"": 0, ""ghf_height_points"": 3, ""ghf_independent_points"": 3, ""ghf_method"": ""height_function"", ""interval_count"": 1, ""objective"": 6.141460851816083e-17, ""optimizer_message"": ""CONVERGENCE: REL_REDUCTION_OF_F_<=_FACTR*EPSMCH"", ""optimizer_success"": true}"
PLVIRA,PLVIRA,lines,3,128,88,86,reconstructed,0.04478533137807972,0.044785331378079524,1.942890293094024e-16,3.69222339794664e-13,0.0,3.69222339794664e-13,2.992618742041232e-14,True,height_function,"{""curvature"": 3.69222339794664e-13, ""curvature_source"": ""cartesian-ghf"", ""ghf_diagnostic"": ""complete three-column height function"", ""ghf_direction"": ""y"", ""ghf_fit_points"": 0, ""ghf_height_points"": 3, ""ghf_independent_points"": 3, ""ghf_method"": ""height_function"", ""interval_count"": 1, ""objective"": 2.992618742041232e-14, ""optimizer_message"": ""CONVERGENCE: REL_REDUCTION_OF_F_<=_FACTR*EPSMCH"", ""optimizer_success"": true}"
PLVIRA,PLVIRA,lines,3,128,88,87,reconstructed,0.5055663679490863,0.5055663679490863,0.0,3.69222339794664e-13,0.0,3.69222339794664e-13,1.2835494867257303e-23,True,height_function,"{""curvature"": 3.69222339794664e-13, ""curvature_source"": ""cartesian-ghf"", ""ghf_diagnostic"": ""complete three-column height function"", ""ghf_direction"": ""y"", ""ghf_fit_points"": 0, ""ghf_height_points"": 3, ""ghf_independent_points"": 3, ""ghf_method"": ""height_function"", ""interval_count"": 1, ""objective"": 1.2835494867257303e-23, ""optimizer_message"": ""CONVERGENCE: NORM_OF_PROJECTED_GRADIENT_<=_PGTOL"", ""optimizer_success"": true}"
PLVIRA,PLVIRA,lines,3,128,89,87,reconstructed,0.060695247905641736,0.060695247905641694,4.163336342344337e-17,-7.385856041469134e-13,0.0,7.385856041469134e-13,2.4234034355637177e-22,True,height_function,"{""curvature"": -7.385856041469134e-13, ""curvature_source"": ""cartesian-ghf"", ""ghf_diagnostic"": ""complete three-column height function"", ""ghf_direction"": ""y"", ""ghf_fit_points"": 0, ""ghf_height_points"": 3, ""ghf_independent_points"": 3, ""ghf_method"": ""height_function"", ""interval_count"": 1, ""objective"": 2.4234034355637177e-22, ""optimizer_message"": ""CONVERGENCE: NORM_OF_PROJECTED_GRADIENT_<=_PGTOL"", ""optimizer_success"": true}"
PLVIRA,PLVIRA,lines,3,128,89,88,reconstructed,0.5268497462102459,0.5268497462102502,4.218847493575595e-15,-7.385856041469134e-13,0.0,7.385856041469134e-13,1.9985278131147123e-22,True,height_function,"{""curvature"": -7.385856041469134e-13, ""curvature_source"": ""cartesian-ghf"", ""ghf_diagnostic"": ""complete three-column height function"", ""ghf_direction"": ""y"", ""ghf_fit_points"": 0, ""ghf_height_points"": 3, ""ghf_independent_points"": 3, ""ghf_method"": ""height_function"", ""interval_count"": 1, ""objective"": 1.9985278131147123e-22, ""optimizer_message"": ""CONVERGENCE: NORM_OF_PROJECTED_GRADIENT_<=_PGTOL"", ""optimizer_success"": true}"
PLVIRA,PLVIRA,lines,3,128,90,88,reconstructed,0.07901870577916269,0.07901870577914873,1.3961054534661343e-14,7.38726528704087e-13,0.0,7.38726528704087e-13,2.520400856844079e-22,True,height_function,"{""curvature"": 7.38726528704087e-13, ""curvature_source"": ""cartesian-ghf"", ""ghf_diagnostic"": ""complete three-column height function"", ""ghf_direction"": ""y"", ""ghf_fit_points"": 0, ""ghf_height_points"": 3, ""ghf_independent_points"": 3, ""ghf_method"": ""height_function"", ""interval_count"": 1, ""objective"": 2.520400856844079e-22, ""optimizer_message"": ""CONVERGENCE: NORM_OF_PROJECTED_GRADIENT_<=_PGTOL"", ""optimizer_success"": true}"
PLVIRA,PLVIRA,lines,3,128,90,89,reconstructed,0.5457195831263562,0.5457195831263562,0.0,7.38726528704087e-13,0.0,7.38726528704087e-13,2.812236590032029e-22,True,height_function,"{""curvature"": 7.38726528704087e-13, ""curvature_source"": ""cartesian-ghf"", ""ghf_diagnostic"": ""complete three-column height function"", ""ghf_direction"": ""y"", ""ghf_fit_points"": 0, ""ghf_height_points"": 3, ""ghf_independent_points"": 3, ""ghf_method"": ""height_function"", ""interval_count"": 1, ""objective"": 2.812236590032029e-22, ""optimizer_message"": ""CONVERGENCE: NORM_OF_PROJECTED_GRADIENT_<=_PGTOL"", ""optimizer_success"": true}"
PLVIRA,PLVIRA,lines,3,128,91,89,reconstructed,0.09975570499955211,0.09975570499955207,4.163336342344337e-17,-7.388674532612605e-13,0.0,7.388674532612605e-13,3.4685885928875954e-23,True,height_function,"{""curvature"": -7.388674532612605e-13, ""curvature_source"": ""cartesian-ghf"", ""ghf_diagnostic"": ""complete three-column height function"", ""ghf_direction"": ""y"", ""ghf_fit_points"": 0, ""ghf_height_points"": 3, ""ghf_independent_points"": 3, ""ghf_method"": ""height_function"", ""interval_count"": 1, ""objective"": 3.4685885928875954e-23, ""optimizer_message"": ""CONVERGENCE: NORM_OF_PROJECTED_GRADIENT_<=_PGTOL"", ""optimizer_success"": true}"
PLVIRA,PLVIRA,lines,3,128,91,90,reconstructed,0.5621758786946884,0.5621758786946884,0.0,-7.388674532612605e-13,0.0,7.388674532612605e-13,7.08913519485995e-23,True,height_function,"{""curvature"": -7.388674532612605e-13, ""curvature_source"": ""cartesian-ghf"", ""ghf_diagnostic"": ""complete three-column height function"", ""ghf_direction"": ""y"", ""ghf_fit_points"": 0, ""ghf_height_points"": 3, ""ghf_independent_points"": 3, ""ghf_method"": ""height_function"", ""interval_count"": 1, ""objective"": 7.08913519485995e-23, ""optimizer_message"": ""CONVERGENCE: NORM_OF_PROJECTED_GRADIENT_<=_PGTOL"", ""optimizer_success"": true}"
PLVIRA,PLVIRA,lines,3,128,92,90,reconstructed,0.1229062455672647,0.12290624556726462,8.326672684688674e-17,7.388674532612605e-13,0.0,7.388674532612605e-13,4.307381794091967e-18,True,height_function,"{""curvature"": 7.388674532612605e-13, ""curvature_source"": ""cartesian-ghf"", ""ghf_diagnostic"": ""complete three-column height function"", ""ghf_direction"": ""y"", ""ghf_fit_points"": 0, ""ghf_height_points"": 3, ""ghf_independent_points"": 3, ""ghf_method"": ""height_function"", ""interval_count"": 1, ""objective"": 4.307381794091967e-18, ""optimizer_message"": ""CONVERGENCE: NORM_OF_PROJECTED_GRADIENT_<=_PGTOL"", ""optimizer_success"": true}"
PLVIRA,PLVIRA,lines,3,128,92,91,reconstructed,0.576218632916607,0.5762186329166069,1.1102230246251565e-16,7.388674532612605e-13,0.0,7.388674532612605e-13,2.7696377500214615e-15,True,height_function,"{""curvature"": 7.388674532612605e-13, ""curvature_source"": ""cartesian-ghf"", ""ghf_diagnostic"": ""complete three-column height function"", ""ghf_direction"": ""y"", ""ghf_fit_points"": 0, ""ghf_height_points"": 3, ""ghf_independent_points"": 3, ""ghf_method"": ""height_function"", ""interval_count"": 1, ""objective"": 2.7696377500214615e-15, ""optimizer_message"": ""CONVERGENCE: REL_REDUCTION_OF_F_<=_FACTR*EPSMCH"", ""optimizer_success"": true}"
PLVIRA,PLVIRA,lines,3,128,93,91,reconstructed,0.14847032748093625,0.14847032748093825,1.9984014443252818e-15,-3.695041889090111e-13,0.0,3.695041889090111e-13,7.230812875162609e-22,True,height_function,"{""curvature"": -3.695041889090111e-13, ""curvature_source"": ""cartesian-ghf"", ""ghf_diagnostic"": ""complete three-column height function"", ""ghf_direction"": ""y"", ""ghf_fit_points"": 0, ""ghf_height_points"": 3, ""ghf_independent_points"": 3, ""ghf_method"": ""height_function"", ""interval_count"": 1, ""objective"": 7.230812875162609e-22, ""optimizer_message"": ""CONVERGENCE: NORM_OF_PROJECTED_GRADIENT_<=_PGTOL"", ""optimizer_success"": true}"
PLVIRA,PLVIRA,lines,3,128,93,92,reconstructed,0.5878478457916572,0.5878478457916573,1.1102230246251565e-16,-3.695041889090111e-13,0.0,3.695041889090111e-13,3.3560788526481196e-23,True,height_function,"{""curvature"": -3.695041889090111e-13, ""curvature_source"": ""cartesian-ghf"", ""ghf_diagnostic"": ""complete three-column height function"", ""ghf_direction"": ""y"", ""ghf_fit_points"": 0, ""ghf_height_points"": 3, ""ghf_independent_points"": 3, ""ghf_method"": ""height_function"", ""interval_count"": 1, ""objective"": 3.3560788526481196e-23, ""optimizer_message"": ""CONVERGENCE: NORM_OF_PROJECTED_GRADIENT_<=_PGTOL"", ""optimizer_success"": true}"
PLVIRA,PLVIRA,lines,3,128,94,92,reconstructed,0.1764479507410215,0.17644795074102154,5.551115123125783e-17,1.4092455717361447e-16,0.0,1.4092455717361447e-16,1.0139297273224147e-18,True,height_function,"{""curvature"": 1.4092455717361447e-16, ""curvature_source"": ""cartesian-ghf"", ""ghf_diagnostic"": ""complete three-column height function"", ""ghf_direction"": ""y"", ""ghf_fit_points"": 0, ""ghf_height_points"": 3, ""ghf_independent_points"": 3, ""ghf_method"": ""height_function"", ""interval_count"": 1, ""objective"": 1.0139297273224147e-18, ""optimizer_message"": ""CONVERGENCE: NORM_OF_PROJECTED_GRADIENT_<=_PGTOL"", ""optimizer_success"": true}"
PLVIRA,PLVIRA,lines,3,128,94,93,reconstructed,0.5970635173207484,0.5970635173207482,1.1102230246251565e-16,1.4092455717361447e-16,0.0,1.4092455717361447e-16,1.9193090374844614e-14,True,height_function,"{""curvature"": 1.4092455717361447e-16, ""curvature_source"": ""cartesian-ghf"", ""ghf_diagnostic"": ""complete three-column height function"", ""ghf_direction"": ""y"", ""ghf_fit_points"": 0, ""ghf_height_points"": 3, ""ghf_independent_points"": 3, ""ghf_method"": ""height_function"", ""interval_count"": 1, ""objective"": 1.9193090374844614e-14, ""optimizer_message"": ""CONVERGENCE: REL_REDUCTION_OF_F_<=_FACTR*EPSMCH"", ""optimizer_success"": true}"
PLVIRA,PLVIRA,lines,3,128,95,93,reconstructed,0.20683911534797517,0.20683911534797508,8.326672684688674e-17,-1.4092455717361447e-16,0.0,1.4092455717361447e-16,2.723269880533044e-18,True,height_function,"{""curvature"": -1.4092455717361447e-16, ""curvature_source"": ""cartesian-ghf"", ""ghf_diagnostic"": ""complete three-column height function"", ""ghf_direction"": ""y"", ""ghf_fit_points"": 0, ""ghf_height_points"": 3, ""ghf_independent_points"": 3, ""ghf_method"": ""height_function"", ""interval_count"": 1, ""objective"": 2.723269880533044e-18, ""optimizer_message"": ""CONVERGENCE: NORM_OF_PROJECTED_GRADIENT_<=_PGTOL"", ""optimizer_success"": true}"
PLVIRA,PLVIRA,lines,3,128,95,94,reconstructed,0.6038656475029711,0.6038656475029741,2.9976021664879227e-15,-1.4092455717361447e-16,0.0,1.4092455717361447e-16,1.0682313512005828e-19,True,height_function,"{""curvature"": -1.4092455717361447e-16, ""curvature_source"": ""cartesian-ghf"", ""ghf_diagnostic"": ""complete three-column height function"", ""ghf_direction"": ""y"", ""ghf_fit_points"": 0, ""ghf_height_points"": 3, ""ghf_independent_points"": 3, ""ghf_method"": ""height_function"", ""interval_count"": 1, ""objective"": 1.0682313512005828e-19, ""optimizer_message"": ""CONVERGENCE: NORM_OF_PROJECTED_GRADIENT_<=_PGTOL"", ""optimizer_success"": true}"
PLVIRA,PLVIRA,lines,3,128,96,94,reconstructed,0.2396438213017973,0.2396438213017972,8.326672684688674e-17,3.695041889090111e-13,0.0,3.695041889090111e-13,1.3828536925693385e-17,True,height_function,"{""curvature"": 3.695041889090111e-13, ""curvature_source"": ""cartesian-ghf"", ""ghf_diagnostic"": ""complete three-column height function"", ""ghf_direction"": ""y"", ""ghf_fit_points"": 0, ""ghf_height_points"": 3, ""ghf_independent_points"": 3, ""ghf_method"": ""height_function"", ""interval_count"": 1, ""objective"": 1.3828536925693385e-17, ""optimizer_message"": ""CONVERGENCE: REL_REDUCTION_OF_F_<=_FACTR*EPSMCH"", ""optimizer_success"": true}"
PLVIRA,PLVIRA,lines,3,128,96,95,reconstructed,0.6082542363383254,0.6082542363383254,0.0,3.695041889090111e-13,0.0,3.695041889090111e-13,8.79886215779843e-19,True,height_function,"{""curvature"": 3.695041889090111e-13, ""curvature_source"": ""cartesian-ghf"", ""ghf_diagnostic"": ""complete three-column height function"", ""ghf_direction"": ""y"", ""ghf_fit_points"": 0, ""ghf_height_points"": 3, ""ghf_independent_points"": 3, ""ghf_method"": ""height_function"", ""interval_count"": 1, ""objective"": 8.79886215779843e-19, ""optimizer_message"": ""CONVERGENCE: NORM_OF_PROJECTED_GRADIENT_<=_PGTOL"", ""optimizer_success"": true}"
PLVIRA,PLVIRA,lines,3,128,97,95,reconstructed,0.2748620686020331,0.2748620686020224,1.071365218763276e-14,-7.388674532612605e-13,0.0,7.388674532612605e-13,2.301587021442064e-18,True,height_function,"{""curvature"": -7.388674532612605e-13, ""curvature_source"": ""cartesian-ghf"", ""ghf_diagnostic"": ""complete three-column height function"", ""ghf_direction"": ""y"", ""ghf_fit_points"": 0, ""ghf_height_points"": 3, ""ghf_independent_points"": 3, ""ghf_method"": ""height_function"", ""interval_count"": 1, ""objective"": 2.301587021442064e-18, ""optimizer_message"": ""CONVERGENCE: NORM_OF_PROJECTED_GRADIENT_<=_PGTOL"", ""optimizer_success"": true}"
PLVIRA,PLVIRA,lines,3,128,97,96,reconstructed,0.6102292838268113,0.6102292838268114,1.1102230246251565e-16,-7.388674532612605e-13,0.0,7.388674532612605e-13,5.5754467269716885e-15,True,height_function,"{""curvature"": -7.388674532612605e-13, ""curvature_source"": ""cartesian-ghf"", ""ghf_diagnostic"": ""complete three-column height function"", ""ghf_direction"": ""y"", ""ghf_fit_points"": 0, ""ghf_height_points"": 3, ""ghf_independent_points"": 3, ""ghf_method"": ""height_function"", ""interval_count"": 1, ""objective"": 5.5754467269716885e-15, ""optimizer_message"": ""CONVERGENCE: REL_REDUCTION_OF_F_<=_FACTR*EPSMCH"", ""optimizer_success"": true}"
PLVIRA,PLVIRA,lines,3,128,98,96,reconstructed,0.3119330847184756,0.3119330847184756,0.0,3.6950418890942316e-13,0.0,3.6950418890942316e-13,1.811203901153703e-22,True,height_function,"{""curvature"": 3.6950418890942316e-13, ""curvature_source"": ""cartesian-ghf"", ""ghf_diagnostic"": ""complete three-column height function"", ""ghf_direction"": ""y"", ""ghf_fit_points"": 0, ""ghf_height_points"": 3, ""ghf_independent_points"": 3, ""ghf_method"": ""height_function"", ""interval_count"": 1, ""objective"": 1.811203901153703e-22, ""optimizer_message"": ""CONVERGENCE: NORM_OF_PROJECTED_GRADIENT_<=_PGTOL"", ""optimizer_success"": true}"
PLVIRA,PLVIRA,lines,3,128,99,96,reconstructed,0.0005607725306617795,0.0005607725306617795,0.0,-1.4092455717361447e-16,0.0,1.4092455717361447e-16,7.947495673523485e-16,True,height_function,"{""curvature"": -1.4092455717361447e-16, ""curvature_source"": ""cartesian-ghf"", ""ghf_diagnostic"": ""complete three-column height function"", ""ghf_direction"": ""y"", ""ghf_fit_points"": 0, ""ghf_height_points"": 3, ""ghf_independent_points"": 3, ""ghf_method"": ""height_function"", ""interval_count"": 1, ""objective"": 7.947495673523485e-16, ""optimizer_message"": ""CONVERGENCE: REL_REDUCTION_OF_F_<=_FACTR*EPSMCH"", ""optimizer_success"": true}"
PLVIRA,PLVIRA,lines,3,128,99,97,reconstructed,0.34856560697699024,0.3485656069769902,5.551115123125783e-17,-1.4092455717361447e-16,0.0,1.4092455717361447e-16,1.600110535358871e-16,True,height_function,"{""curvature"": -1.4092455717361447e-16, ""curvature_source"": ""cartesian-ghf"", ""ghf_diagnostic"": ""complete three-column height function"", ""ghf_direction"": ""y"", ""ghf_fit_points"": 0, ""ghf_height_points"": 3, ""ghf_independent_points"": 3, ""ghf_method"": ""height_function"", ""interval_count"": 1, ""objective"": 1.600110535358871e-16, ""optimizer_message"": ""CONVERGENCE: REL_REDUCTION_OF_F_<=_FACTR*EPSMCH"", ""optimizer_success"": true}"
PLVIRA,PLVIRA,lines,3,128,100,97,reconstructed,0.003412807735003298,0.0034128077350033016,3.469446951953614e-18,3.695041889090111e-13,0.0,3.695041889090111e-13,3.493077632670149e-18,True,height_function,"{""curvature"": 3.695041889090111e-13, ""curvature_source"": ""cartesian-ghf"", ""ghf_diagnostic"": ""complete three-column height function"", ""ghf_direction"": ""y"", ""ghf_fit_points"": 0, ""ghf_height_points"": 3, ""ghf_independent_points"": 3, ""ghf_method"": ""height_function"", ""interval_count"": 1, ""objective"": 3.493077632670149e-18, ""optimizer_message"": ""CONVERGENCE: NORM_OF_PROJECTED_GRADIENT_<=_PGTOL"", ""optimizer_success"": true}"
PLVIRA,PLVIRA,lines,3,128,100,98,reconstructed,0.38290686656182515,0.38290686656182515,0.0,3.695041889090111e-13,0.0,3.695041889090111e-13,2.155556127531771e-17,True,height_function,"{""curvature"": 3.695041889090111e-13, ""curvature_source"": ""cartesian-ghf"", ""ghf_diagnostic"": ""complete three-column height function"", ""ghf_direction"": ""y"", ""ghf_fit_points"": 0, ""ghf_height_points"": 3, ""ghf_independent_points"": 3, ""ghf_method"": ""height_function"", ""interval_count"": 1, ""objective"": 2.155556127531771e-17, ""optimizer_message"": ""CONVERGENCE: REL_REDUCTION_OF_F_<=_FACTR*EPSMCH"", ""optimizer_success"": true}"
PLVIRA,PLVIRA,lines,3,128,101,98,reconstructed,0.008678384285303764,0.00867838428530375,1.3877787807814457e-17,-3.693632643518375e-13,0.0,3.693632643518375e-13,8.906920139943578e-21,True,height_function,"{""curvature"": -3.693632643518375e-13, ""curvature_source"": ""cartesian-ghf"", ""ghf_diagnostic"": ""complete three-column height function"", ""ghf_direction"": ""y"", ""ghf_fit_points"": 0, ""ghf_height_points"": 3, ""ghf_independent_points"": 3, ""ghf_method"": ""height_function"", ""interval_count"": 1, ""objective"": 8.906920139943578e-21, ""optimizer_message"": ""CONVERGENCE: NORM_OF_PROJECTED_GRADIENT_<=_PGTOL"", ""optimizer_success"": true}"
PLVIRA,PLVIRA,lines,3,128,101,99,reconstructed,0.4148345848002464,0.4148345848002464,0.0,-3.693632643518375e-13,0.0,3.693632643518375e-13,8.125876385133753e-21,True,height_function,"{""curvature"": -3.693632643518375e-13, ""curvature_source"": ""cartesian-ghf"", ""ghf_diagnostic"": ""complete three-column height function"", ""ghf_direction"": ""y"", ""ghf_fit_points"": 0, ""ghf_height_points"": 3, ""ghf_independent_points"": 3, ""ghf_method"": ""height_function"", ""interval_count"": 1, ""objective"": 8.125876385133753e-21, ""optimizer_message"": ""CONVERGENCE: NORM_OF_PROJECTED_GRADIENT_<=_PGTOL"", ""optimizer_success"": true}"
PLVIRA,PLVIRA,lines,3,128,102,99,reconstructed,0.016357502183382167,0.016357502183381098,1.0685896612017132e-15,-1.4092455717361447e-16,0.0,1.4092455717361447e-16,8.0000892208612e-16,True,height_function,"{""curvature"": -1.4092455717361447e-16, ""curvature_source"": ""cartesian-ghf"", ""ghf_diagnostic"": ""complete three-column height function"", ""ghf_direction"": ""y"", ""ghf_fit_points"": 0, ""ghf_height_points"": 3, ""ghf_independent_points"": 3, ""ghf_method"": ""height_function"", ""interval_count"": 1, ""objective"": 8.0000892208612e-16, ""optimizer_message"": ""CONVERGENCE: REL_REDUCTION_OF_F_<=_FACTR*EPSMCH"", ""optimizer_success"": true}"
PLVIRA,PLVIRA,lines,3,128,102,100,reconstructed,0.4443487616913444,0.44434876169134435,5.551115123125783e-17,-1.4092455717361447e-16,0.0,1.4092455717361447e-16,9.315929563413242e-20,True,height_function,"{""curvature"": -1.4092455717361447e-16, ""curvature_source"": ""cartesian-ghf"", ""ghf_diagnostic"": ""complete three-column height function"", ""ghf_direction"": ""y"", ""ghf_fit_points"": 0, ""ghf_height_points"": 3, ""ghf_independent_points"": 3, ""ghf_method"": ""height_function"", ""interval_count"": 1, ""objective"": 9.315929563413242e-20, ""optimizer_message"": ""CONVERGENCE: NORM_OF_PROJECTED_GRADIENT_<=_PGTOL"", ""optimizer_success"": true}"
PLVIRA,PLVIRA,lines,3,128,103,100,reconstructed,0.026450161427419516,0.02645016142741946,5.551115123125783e-17,1.4092455717361447e-16,0.0,1.4092455717361447e-16,1.9228201148340392e-17,True,height_function,"{""curvature"": 1.4092455717361447e-16, ""curvature_source"": ""cartesian-ghf"", ""ghf_diagnostic"": ""complete three-column height function"", ""ghf_direction"": ""y"", ""ghf_fit_points"": 0, ""ghf_height_points"": 3, ""ghf_independent_points"": 3, ""ghf_method"": ""height_function"", ""interval_count"": 1, ""objective"": 1.9228201148340392e-17, ""optimizer_message"": ""CONVERGENCE: REL_REDUCTION_OF_F_<=_FACTR*EPSMCH"", ""optimizer_success"": true}"
PLVIRA,PLVIRA,lines,3,128,103,101,reconstructed,0.4714493972364835,0.4714493972364718,1.1712852909795402e-14,1.4092455717361447e-16,0.0,1.4092455717361447e-16,1.5422743960867634e-23,True,height_function,"{""curvature"": 1.4092455717361447e-16, ""curvature_source"": ""cartesian-ghf"", ""ghf_diagnostic"": ""complete three-column height function"", ""ghf_direction"": ""y"", ""ghf_fit_points"": 0, ""ghf_height_points"": 3, ""ghf_independent_points"": 3, ""ghf_method"": ""height_function"", ""interval_count"": 1, ""objective"": 1.5422743960867634e-23, ""optimizer_message"": ""CONVERGENCE: NORM_OF_PROJECTED_GRADIENT_<=_PGTOL"", ""optimizer_success"": true}"
PLVIRA,PLVIRA,lines,3,128,104,101,reconstructed,0.03895636201787056,0.038956362017867424,3.1363800445660672e-15,-1.4092455717361447e-16,0.0,1.4092455717361447e-16,1.0814939990212767e-14,True,height_function,"{""curvature"": -1.4092455717361447e-16, ""curvature_source"": ""cartesian-ghf"", ""ghf_diagnostic"": ""complete three-column height function"", ""ghf_direction"": ""y"", ""ghf_fit_points"": 0, ""ghf_height_points"": 3, ""ghf_independent_points"": 3, ""ghf_method"": ""height_function"", ""interval_count"": 1, ""objective"": 1.0814939990212767e-14, ""optimizer_message"": ""CONVERGENCE: REL_REDUCTION_OF_F_<=_FACTR*EPSMCH"", ""optimizer_success"": true}"
PLVIRA,PLVIRA,lines,3,128,104,102,reconstructed,0.4961364914352089,0.49613649143520905,1.6653345369377348e-16,-1.4092455717361447e-16,0.0,1.4092455717361447e-16,2.3004661439731078e-15,True,height_function,"{""curvature"": -1.4092455717361447e-16, ""curvature_source"": ""cartesian-ghf"", ""ghf_diagnostic"": ""complete three-column height function"", ""ghf_direction"": ""y"", ""ghf_fit_points"": 0, ""ghf_height_points"": 3, ""ghf_independent_points"": 3, ""ghf_method"": ""height_function"", ""interval_count"": 1, ""objective"": 2.3004661439731078e-15, ""optimizer_message"": ""CONVERGENCE: REL_REDUCTION_OF_F_<=_FACTR*EPSMCH"", ""optimizer_success"": true}"
PLVIRA,PLVIRA,lines,3,128,105,102,reconstructed,0.053876103955644794,0.053876103955644725,6.938893903907228e-17,2.8184911434722894e-16,0.0,2.8184911434722894e-16,1.4609582601562877e-22,True,height_function,"{""curvature"": 2.8184911434722894e-16, ""curvature_source"": ""cartesian-ghf"", ""ghf_diagnostic"": ""complete three-column height function"", ""ghf_direction"": ""y"", ""ghf_fit_points"": 0, ""ghf_height_points"": 3, ""ghf_independent_points"": 3, ""ghf_method"": ""height_function"", ""interval_count"": 1, ""objective"": 1.4609582601562877e-22, ""optimizer_message"": ""CONVERGENCE: NORM_OF_PROJECTED_GRADIENT_<=_PGTOL"", ""optimizer_success"": true}"
PLVIRA,PLVIRA,lines,3,128,105,103,reconstructed,0.5184100442866111,0.5184100442866115,4.440892098500626e-16,2.8184911434722894e-16,0.0,2.8184911434722894e-16,9.700522220490478e-23,True,height_function,"{""curvature"": 2.8184911434722894e-16, ""curvature_source"": ""cartesian-ghf"", ""ghf_diagnostic"": ""complete three-column height function"", ""ghf_direction"": ""y"", ""ghf_fit_points"": 0, ""ghf_height_points"": 3, ""ghf_independent_points"": 3, ""ghf_method"": ""height_function"", ""interval_count"": 1, ""objective"": 9.700522220490478e-23, ""optimizer_message"": ""CONVERGENCE: NORM_OF_PROJECTED_GRADIENT_<=_PGTOL"", ""optimizer_success"": true}"
PLVIRA,PLVIRA,lines,3,128,106,103,reconstructed,0.07120938723937797,0.07120938723937797,0.0,-4.227736715208433e-16,0.0,4.227736715208433e-16,3.0191056519433117e-22,True,height_function,"{""curvature"": -4.227736715208433e-16, ""curvature_source"": ""cartesian-ghf"", ""ghf_diagnostic"": ""complete three-column height function"", ""ghf_direction"": ""y"", ""ghf_fit_points"": 0, ""ghf_height_points"": 3, ""ghf_independent_points"": 3, ""ghf_method"": ""height_function"", ""interval_count"": 1, ""objective"": 3.0191056519433117e-22, ""optimizer_message"": ""CONVERGENCE: NORM_OF_PROJECTED_GRADIENT_<=_PGTOL"", ""optimizer_success"": true}"
PLVIRA,PLVIRA,lines,3,128,106,104,reconstructed,0.5382700557920543,0.5382700557920544,1.1102230246251565e-16,-4.227736715208433e-16,0.0,4.227736715208433e-16,3.0107047730416557e-22,True,height_function,"{""curvature"": -4.227736715208433e-16, ""curvature_source"": ""cartesian-ghf"", ""ghf_diagnostic"": ""complete three-column height function"", ""ghf_direction"": ""y"", ""ghf_fit_points"": 0, ""ghf_height_points"": 3, ""ghf_independent_points"": 3, ""ghf_method"": ""height_function"", ""interval_count"": 1, ""objective"": 3.0107047730416557e-22, ""optimizer_message"": ""CONVERGENCE: NORM_OF_PROJECTED_GRADIENT_<=_PGTOL"", ""optimizer_success"": true}"
PLVIRA,PLVIRA,lines,3,128,107,104,reconstructed,0.0909562118699796,0.090956211869979,5.967448757360216e-16,3.696451134661847e-13,0.0,3.696451134661847e-13,1.0701453307078339e-22,True,height_function,"{""curvature"": 3.696451134661847e-13, ""curvature_source"": ""cartesian-ghf"", ""ghf_diagnostic"": ""complete three-column height function"", ""ghf_direction"": ""y"", ""ghf_fit_points"": 0, ""ghf_height_points"": 3, ""ghf_independent_points"": 3, ""ghf_method"": ""height_function"", ""interval_count"": 1, ""objective"": 1.0701453307078339e-22, ""optimizer_message"": ""CONVERGENCE: NORM_OF_PROJECTED_GRADIENT_<=_PGTOL"", ""optimizer_success"": true}"
PLVIRA,PLVIRA,lines,3,128,107,105,reconstructed,0.5557165259506291,0.5557165259506291,0.0,3.695041889090111e-13,0.0,3.695041889090111e-13,1.5655873791957757e-22,True,height_function,"{""curvature"": 3.695041889090111e-13, ""curvature_source"": ""cartesian-ghf"", ""ghf_diagnostic"": ""complete three-column height function"", ""ghf_direction"": ""y"", ""ghf_fit_points"": 0, ""ghf_height_points"": 3, ""ghf_independent_points"": 3, ""ghf_method"": ""height_function"", ""interval_count"": 1, ""objective"": 1.5655873791957757e-22, ""optimizer_message"": ""CONVERGENCE: NORM_OF_PROJECTED_GRADIENT_<=_PGTOL"", ""optimizer_success"": true}"
PLVIRA,PLVIRA,lines,3,128,108,105,reconstructed,0.1131165778469949,0.11311657784699497,6.938893903907228e-17,-3.693632643518375e-13,0.0,3.693632643518375e-13,3.217667138973501e-15,True,height_function,"{""curvature"": -3.693632643518375e-13, ""curvature_source"": ""cartesian-ghf"", ""ghf_diagnostic"": ""complete three-column height function"", ""ghf_direction"": ""y"", ""ghf_fit_points"": 0, ""ghf_height_points"": 3, ""ghf_independent_points"": 3, ""ghf_method"": ""height_function"", ""interval_count"": 1, ""objective"": 3.217667138973501e-15, ""optimizer_message"": ""CONVERGENCE: REL_REDUCTION_OF_F_<=_FACTR*EPSMCH"", ""optimizer_success"": true}"
PLVIRA,PLVIRA,lines,3,128,108,106,reconstructed,0.5707494547623355,0.570749454762338,2.4424906541753444e-15,-3.693632643518375e-13,0.0,3.693632643518375e-13,1.2430962876226144e-14,True,height_function,"{""curvature"": -3.693632643518375e-13, ""curvature_source"": ""cartesian-ghf"", ""ghf_diagnostic"": ""complete three-column height function"", ""ghf_direction"": ""y"", ""ghf_fit_points"": 0, ""ghf_height_points"": 3, ""ghf_independent_points"": 3, ""ghf_method"": ""height_function"", ""interval_count"": 1, ""objective"": 1.2430962876226144e-14, ""optimizer_message"": ""CONVERGENCE: REL_REDUCTION_OF_F_<=_FACTR*EPSMCH"", ""optimizer_success"": true}"
PLVIRA,PLVIRA,lines,3,128,109,106,reconstructed,0.13769048517087867,0.13769048517089333,1.4654943925052066e-14,-3.693632643522494e-13,0.0,3.693632643522494e-13,8.142949456077676e-24,True,height_function,"{""curvature"": -3.693632643522494e-13, ""curvature_source"": ""cartesian-ghf"", ""ghf_diagnostic"": ""complete three-column height function"", ""ghf_direction"": ""y"", ""ghf_fit_points"": 0, ""ghf_height_points"": 3, ""ghf_independent_points"": 3, ""ghf_method"": ""height_function"", ""interval_count"": 1, ""objective"": 8.142949456077676e-24, ""optimizer_message"": ""CONVERGENCE: NORM_OF_PROJECTED_GRADIENT_<=_PGTOL"", ""optimizer_success"": true}"
PLVIRA,PLVIRA,lines,3,128,109,107,reconstructed,0.5833688422276282,0.5833688422276282,0.0,-3.693632643522494e-13,0.0,3.693632643522494e-13,3.534356477263217e-17,True,height_function,"{""curvature"": -3.693632643522494e-13, ""curvature_source"": ""cartesian-ghf"", ""ghf_diagnostic"": ""complete three-column height function"", ""ghf_direction"": ""y"", ""ghf_fit_points"": 0, ""ghf_height_points"": 3, ""ghf_independent_points"": 3, ""ghf_method"": ""height_function"", ""interval_count"": 1, ""objective"": 3.534356477263217e-17, ""optimizer_message"": ""CONVERGENCE: REL_REDUCTION_OF_F_<=_FACTR*EPSMCH"", ""optimizer_success"": true}"
PLVIRA,PLVIRA,lines,3,128,110,107,reconstructed,0.16467793384163087,0.16467793384163093,5.551115123125783e-17,3.6922233979507577e-13,0.0,3.6922233979507577e-13,6.764060938113642e-20,True,height_function,"{""curvature"": 3.6922233979507577e-13, ""curvature_source"": ""cartesian-ghf"", ""ghf_diagnostic"": ""complete three-column height function"", ""ghf_direction"": ""y"", ""ghf_fit_points"": 0, ""ghf_height_points"": 3, ""ghf_independent_points"": 3, ""ghf_method"": ""height_function"", ""interval_count"": 1, ""objective"": 6.764060938113642e-20, ""optimizer_message"": ""CONVERGENCE: NORM_OF_PROJECTED_GRADIENT_<=_PGTOL"", ""optimizer_success"": true}"
PLVIRA,PLVIRA,lines,3,128,110,108,reconstructed,0.5935746883465072,0.5935746883465078,6.661338147750939e-16,3.6922233979507577e-13,0.0,3.6922233979507577e-13,4.685087258127986e-16,True,height_function,"{""curvature"": 3.6922233979507577e-13, ""curvature_source"": ""cartesian-ghf"", ""ghf_diagnostic"": ""complete three-column height function"", ""ghf_direction"": ""y"", ""ghf_fit_points"": 0, ""ghf_height_points"": 3, ""ghf_independent_points"": 3, ""ghf_method"": ""height_function"", ""interval_count"": 1, ""objective"": 4.685087258127986e-16, ""optimizer_message"": ""CONVERGENCE: REL_REDUCTION_OF_F_<=_FACTR*EPSMCH"", ""optimizer_success"": true}"
PLVIRA,PLVIRA,lines,3,128,111,108,reconstructed,0.19407892385879677,0.19407892385879685,8.326672684688674e-17,3.6936326435183764e-13,0.0,3.6936326435183764e-13,6.634584112346922e-21,True,height_function,"{""curvature"": 3.6936326435183764e-13, ""curvature_source"": ""cartesian-ghf"", ""ghf_diagnostic"": ""complete three-column height function"", ""ghf_direction"": ""y"", ""ghf_fit_points"": 0, ""ghf_height_points"": 3, ""ghf_independent_points"": 3, ""ghf_method"": ""height_function"", ""interval_count"": 1, ""objective"": 6.634584112346922e-21, ""optimizer_message"": ""CONVERGENCE: NORM_OF_PROJECTED_GRADIENT_<=_PGTOL"", ""optimizer_success"": true}"
PLVIRA,PLVIRA,lines,3,128,111,109,reconstructed,0.6013669931185177,0.6013669931185177,0.0,3.6908141523749046e-13,0.0,3.6908141523749046e-13,6.213159822853301e-21,True,height_function,"{""curvature"": 3.6908141523749046e-13, ""curvature_source"": ""cartesian-ghf"", ""ghf_diagnostic"": ""complete three-column height function"", ""ghf_direction"": ""y"", ""ghf_fit_points"": 0, ""ghf_height_points"": 3, ""ghf_independent_points"": 3, ""ghf_method"": ""height_function"", ""interval_count"": 1, ""objective"": 6.213159822853301e-21, ""optimizer_message"": ""CONVERGENCE: NORM_OF_PROJECTED_GRADIENT_<=_PGTOL"", ""optimizer_success"": true}"
PLVIRA,PLVIRA,lines,3,128,112,109,reconstructed,0.2258934552219216,0.2258934552219217,8.326672684688674e-17,-3.6908141523749046e-13,0.0,3.6908141523749046e-13,2.1249696896767285e-17,True,height_function,"{""curvature"": -3.6908141523749046e-13, ""curvature_source"": ""cartesian-ghf"", ""ghf_diagnostic"": ""complete three-column height function"", ""ghf_direction"": ""y"", ""ghf_fit_points"": 0, ""ghf_height_points"": 3, ""ghf_independent_points"": 3, ""ghf_method"": ""height_function"", ""interval_count"": 1, ""objective"": 2.1249696896767285e-17, ""optimizer_message"": ""CONVERGENCE: REL_REDUCTION_OF_F_<=_FACTR*EPSMCH"", ""optimizer_success"": true}"
PLVIRA,PLVIRA,lines,3,128,112,110,reconstructed,0.6067457565441146,0.6067457565441144,1.1102230246251565e-16,-3.6908141523749046e-13,0.0,3.6908141523749046e-13,2.7800345639489892e-18,True,height_function,"{""curvature"": -3.6908141523749046e-13, ""curvature_source"": ""cartesian-ghf"", ""ghf_diagnostic"": ""complete three-column height function"", ""ghf_direction"": ""y"", ""ghf_fit_points"": 0, ""ghf_height_points"": 3, ""ghf_independent_points"": 3, ""ghf_method"": ""height_function"", ""interval_count"": 1, ""objective"": 2.7800345639489892e-18, ""optimizer_message"": ""CONVERGENCE: NORM_OF_PROJECTED_GRADIENT_<=_PGTOL"", ""optimizer_success"": true}"
PLVIRA,PLVIRA,lines,3,128,113,110,reconstructed,0.26012152793236964,0.2601215279323695,1.6653345369377348e-16,-2.8184911434722894e-16,0.0,2.8184911434722894e-16,1.4369847148194172e-16,True,height_function,"{""curvature"": -2.8184911434722894e-16, ""curvature_source"": ""cartesian-ghf"", ""ghf_diagnostic"": ""complete three-column height function"", ""ghf_direction"": ""y"", ""ghf_fit_points"": 0, ""ghf_height_points"": 3, ""ghf_independent_points"": 3, ""ghf_method"": ""height_function"", ""interval_count"": 1, ""objective"": 1.4369847148194172e-16, ""optimizer_message"": ""CONVERGENCE: REL_REDUCTION_OF_F_<=_FACTR*EPSMCH"", ""optimizer_success"": true}"
PLVIRA,PLVIRA,lines,3,128,113,111,reconstructed,0.609710978622843,0.609710978622843,0.0,-2.8184911434722894e-16,0.0,2.8184911434722894e-16,6.052992890221816e-16,True,height_function,"{""curvature"": -2.8184911434722894e-16, ""curvature_source"": ""cartesian-ghf"", ""ghf_diagnostic"": ""complete three-column height function"", ""ghf_direction"": ""y"", ""ghf_fit_points"": 0, ""ghf_height_points"": 3, ""ghf_independent_points"": 3, ""ghf_method"": ""height_function"", ""interval_count"": 1, ""objective"": 6.052992890221816e-16, ""optimizer_message"": ""CONVERGENCE: REL_REDUCTION_OF_F_<=_FACTR*EPSMCH"", ""optimizer_success"": true}"
PLVIRA,PLVIRA,lines,3,128,114,111,reconstructed,0.29667423884438904,0.2966742388443891,5.551115123125783e-17,-1.4092455717361454e-16,0.0,1.4092455717361454e-16,1.0599844229401533e-22,True,height_function,"{""curvature"": -1.4092455717361454e-16, ""curvature_source"": ""cartesian-ghf"", ""ghf_diagnostic"": ""complete three-column height function"", ""ghf_direction"": ""y"", ""ghf_fit_points"": 0, ""ghf_height_points"": 3, ""ghf_independent_points"": 3, ""ghf_method"": ""height_function"", ""interval_count"": 1, ""objective"": 1.0599844229401533e-22, ""optimizer_message"": ""CONVERGENCE: NORM_OF_PROJECTED_GRADIENT_<=_PGTOL"", ""optimizer_success"": true}"
PLVIRA,PLVIRA,lines,3,128,115,111,reconstructed,8.890314484233386e-05,8.890314484233386e-05,0.0,-3.690814152379022e-13,0.0,3.690814152379022e-13,7.032995834531169e-15,True,height_function,"{""curvature"": -3.690814152379022e-13, ""curvature_source"": ""cartesian-ghf"", ""ghf_diagnostic"": ""complete three-column height function"", ""ghf_direction"": ""y"", ""ghf_fit_points"": 0, ""ghf_height_points"": 3, ""ghf_independent_points"": 3, ""ghf_method"": ""height_function"", ""interval_count"": 1, ""objective"": 7.032995834531169e-15, ""optimizer_message"": ""CONVERGENCE: REL_REDUCTION_OF_F_<=_FACTR*EPSMCH"", ""optimizer_success"": true}"
PLVIRA,PLVIRA,lines,3,128,115,112,reconstructed,0.33377863048872314,0.3337786304887294,6.2727600891321345e-15,-3.690814152379022e-13,0.0,3.690814152379022e-13,1.6318579275689383e-19,True,height_function,"{""curvature"": -3.690814152379022e-13, ""curvature_source"": ""cartesian-ghf"", ""ghf_diagnostic"": ""complete three-column height function"", ""ghf_direction"": ""y"", ""ghf_fit_points"": 0, ""ghf_height_points"": 3, ""ghf_independent_points"": 3, ""ghf_method"": ""height_function"", ""interval_count"": 1, ""objective"": 1.6318579275689383e-19, ""optimizer_message"": ""CONVERGENCE: NORM_OF_PROJECTED_GRADIENT_<=_PGTOL"", ""optimizer_success"": true}"
PLVIRA,PLVIRA,lines,3,128,116,112,reconstructed,0.001950763759396068,0.0019507637593960542,1.3877787807814457e-17,1.1082307176126857e-12,0.0,1.1082307176126857e-12,1.2726509654715287e-18,True,height_function,"{""curvature"": 1.1082307176126857e-12, ""curvature_source"": ""cartesian-ghf"", ""ghf_diagnostic"": ""complete three-column height function"", ""ghf_direction"": ""y"", ""ghf_fit_points"": 0, ""ghf_height_points"": 3, ""ghf_independent_points"": 3, ""ghf_method"": ""height_function"", ""interval_count"": 1, ""objective"": 1.2726509654715287e-18, ""optimizer_message"": ""CONVERGENCE: NORM_OF_PROJECTED_GRADIENT_<=_PGTOL"", ""optimizer_success"": true}"
PLVIRA,PLVIRA,lines,3,128,116,113,reconstructed,0.3691100646638006,0.3691100646638006,0.0,1.1082307176126857e-12,0.0,1.1082307176126857e-12,1.2066550466390218e-17,True,height_function,"{""curvature"": 1.1082307176126857e-12, ""curvature_source"": ""cartesian-ghf"", ""ghf_diagnostic"": ""complete three-column height function"", ""ghf_direction"": ""y"", ""ghf_fit_points"": 0, ""ghf_height_points"": 3, ""ghf_independent_points"": 3, ""ghf_method"": ""height_function"", ""interval_count"": 1, ""objective"": 1.2066550466390218e-17, ""optimizer_message"": ""CONVERGENCE: REL_REDUCTION_OF_F_<=_FACTR*EPSMCH"", ""optimizer_success"": true}"
PLVIRA,PLVIRA,lines,3,128,117,113,reconstructed,0.006226165719454002,0.006226165719455688,1.6861512186494565e-15,-1.1083716421698594e-12,0.0,1.1083716421698594e-12,1.4276974678725557e-19,True,height_function,"{""curvature"": -1.1083716421698594e-12, ""curvature_source"": ""cartesian-ghf"", ""ghf_diagnostic"": ""complete three-column height function"", ""ghf_direction"": ""y"", ""ghf_fit_points"": 0, ""ghf_height_points"": 3, ""ghf_independent_points"": 3, ""ghf_method"": ""height_function"", ""interval_count"": 1, ""objective"": 1.4276974678725557e-19, ""optimizer_message"": ""CONVERGENCE: NORM_OF_PROJECTED_GRADIENT_<=_PGTOL"", ""optimizer_success"": true}"
PLVIRA,PLVIRA,lines,3,128,117,114,reconstructed,0.4020279574920096,0.40202795749200954,5.551115123125783e-17,-1.1083716421698594e-12,0.0,1.1083716421698594e-12,3.906310983013448e-18,True,height_function,"{""curvature"": -1.1083716421698594e-12, ""curvature_source"": ""cartesian-ghf"", ""ghf_diagnostic"": ""complete three-column height function"", ""ghf_direction"": ""y"", ""ghf_fit_points"": 0, ""ghf_height_points"": 3, ""ghf_independent_points"": 3, ""ghf_method"": ""height_function"", ""interval_count"": 1, ""objective"": 3.906310983013448e-18, ""optimizer_message"": ""CONVERGENCE: NORM_OF_PROJECTED_GRADIENT_<=_PGTOL"", ""optimizer_success"": true}"
PLVIRA,PLVIRA,lines,3,128,118,114,reconstructed,0.012915109026835125,0.012915109026835132,6.938893903907228e-18,3.693632643522495e-13,0.0,3.693632643522495e-13,2.659485060382867e-14,True,height_function,"{""curvature"": 3.693632643522495e-13, ""curvature_source"": ""cartesian-ghf"", ""ghf_diagnostic"": ""complete three-column height function"", ""ghf_direction"": ""y"", ""ghf_fit_points"": 0, ""ghf_height_points"": 3, ""ghf_independent_points"": 3, ""ghf_method"": ""height_function"", ""interval_count"": 1, ""objective"": 2.659485060382867e-14, ""optimizer_message"": ""CONVERGENCE: REL_REDUCTION_OF_F_<=_FACTR*EPSMCH"", ""optimizer_success"": true}"
PLVIRA,PLVIRA,lines,3,128,118,115,reconstructed,0.43253230897425965,0.43253230897425965,0.0,3.6922233979507577e-13,0.0,3.6922233979507577e-13,1.36890705672458e-18,True,height_function,"{""curvature"": 3.6922233979507577e-13, ""curvature_source"": ""cartesian-ghf"", ""ghf_diagnostic"": ""complete three-column height function"", ""ghf_direction"": ""y"", ""ghf_fit_points"": 0, ""ghf_height_points"": 3, ""ghf_independent_points"": 3, ""ghf_method"": ""height_function"", ""interval_count"": 1, ""objective"": 1.36890705672458e-18, ""optimizer_message"": ""CONVERGENCE: NORM_OF_PROJECTED_GRADIENT_<=_PGTOL"", ""optimizer_success"": true}"
PLVIRA,PLVIRA,lines,3,128,119,115,reconstructed,0.02201759368108469,0.02201759368108467,2.0816681711721685e-17,1.4092455717361447e-16,0.0,1.4092455717361447e-16,3.9657167072897385e-10,True,height_function,"{""curvature"": 1.4092455717361447e-16, ""curvature_source"": ""cartesian-ghf"", ""ghf_diagnostic"": ""complete three-column height function"", ""ghf_direction"": ""y"", ""ghf_fit_points"": 0, ""ghf_height_points"": 3, ""ghf_independent_points"": 3, ""ghf_method"": ""height_function"", ""interval_count"": 1, ""objective"": 3.9657167072897385e-10, ""optimizer_message"": ""CONVERGENCE: REL_REDUCTION_OF_F_<=_FACTR*EPSMCH"", ""optimizer_success"": true}"
PLVIRA,PLVIRA,lines,3,128,119,116,reconstructed,0.4606231191091865,0.46062311910918496,1.5543122344752192e-15,1.4092455717361447e-16,0.0,1.4092455717361447e-16,1.0948823910960267e-21,True,height_function,"{""curvature"": 1.4092455717361447e-16, ""curvature_source"": ""cartesian-ghf"", ""ghf_diagnostic"": ""complete three-column height function"", ""ghf_direction"": ""y"", ""ghf_fit_points"": 0, ""ghf_height_points"": 3, ""ghf_independent_points"": 3, ""ghf_method"": ""height_function"", ""interval_count"": 1, ""objective"": 1.0948823910960267e-21, ""optimizer_message"": ""CONVERGENCE: NORM_OF_PROJECTED_GRADIENT_<=_PGTOL"", ""optimizer_success"": true}"
PLVIRA,PLVIRA,lines,3,128,120,116,reconstructed,0.0335336196822027,0.03353361968220267,2.7755575615628914e-17,7.387265287032629e-13,0.0,7.387265287032629e-13,2.217553572772404e-15,True,height_function,"{""curvature"": 7.387265287032629e-13, ""curvature_source"": ""cartesian-ghf"", ""ghf_diagnostic"": ""complete three-column height function"", ""ghf_direction"": ""y"", ""ghf_fit_points"": 0, ""ghf_height_points"": 3, ""ghf_independent_points"": 3, ""ghf_method"": ""height_function"", ""interval_count"": 1, ""objective"": 2.217553572772404e-15, ""optimizer_message"": ""CONVERGENCE: REL_REDUCTION_OF_F_<=_FACTR*EPSMCH"", ""optimizer_success"": true}"
PLVIRA,PLVIRA,lines,3,128,120,117,reconstructed,0.4863003878972449,0.486300387897245,1.1102230246251565e-16,7.387265287032629e-13,0.0,7.387265287032629e-13,1.4726825858552825e-19,True,height_function,"{""curvature"": 7.387265287032629e-13, ""curvature_source"": ""cartesian-ghf"", ""ghf_diagnostic"": ""complete three-column height function"", ""ghf_direction"": ""y"", ""ghf_fit_points"": 0, ""ghf_height_points"": 3, ""ghf_independent_points"": 3, ""ghf_method"": ""height_function"", ""interval_count"": 1, ""objective"": 1.4726825858552825e-19, ""optimizer_message"": ""CONVERGENCE: NORM_OF_PROJECTED_GRADIENT_<=_PGTOL"", ""optimizer_success"": true}"
PLVIRA,PLVIRA,lines,3,128,121,117,reconstructed,0.04746318702927965,0.04746318702927957,8.326672684688674e-17,-1.4775939819653475e-12,0.0,1.4775939819653475e-12,4.155417171035505e-14,True,height_function,"{""curvature"": -1.4775939819653475e-12, ""curvature_source"": ""cartesian-ghf"", ""ghf_diagnostic"": ""complete three-column height function"", ""ghf_direction"": ""y"", ""ghf_fit_points"": 0, ""ghf_height_points"": 3, ""ghf_independent_points"": 3, ""ghf_method"": ""height_function"", ""interval_count"": 1, ""objective"": 4.155417171035505e-14, ""optimizer_message"": ""CONVERGENCE: REL_REDUCTION_OF_F_<=_FACTR*EPSMCH"", ""optimizer_success"": true}"
PLVIRA,PLVIRA,lines,3,128,121,118,reconstructed,0.5095641153384349,0.509564115338435,1.1102230246251565e-16,-1.477734906522521e-12,0.0,1.477734906522521e-12,2.9479083742371375e-23,True,height_function,"{""curvature"": -1.477734906522521e-12, ""curvature_source"": ""cartesian-ghf"", ""ghf_diagnostic"": ""complete three-column height function"", ""ghf_direction"": ""y"", ""ghf_fit_points"": 0, ""ghf_height_points"": 3, ""ghf_independent_points"": 3, ""ghf_method"": ""height_function"", ""interval_count"": 1, ""objective"": 2.9479083742371375e-23, ""optimizer_message"": ""CONVERGENCE: NORM_OF_PROJECTED_GRADIENT_<=_PGTOL"", ""optimizer_success"": true}"
PLVIRA,PLVIRA,lines,3,128,122,118,reconstructed,0.06380629572413454,0.06380629572413453,1.3877787807814457e-17,-1.409245571739288e-16,0.0,1.409245571739288e-16,2.7564222073540367e-22,True,height_function,"{""curvature"": -1.409245571739288e-16, ""curvature_source"": ""cartesian-ghf"", ""ghf_diagnostic"": ""complete three-column height function"", ""ghf_direction"": ""y"", ""ghf_fit_points"": 0, ""ghf_height_points"": 3, ""ghf_independent_points"": 3, ""ghf_method"": ""height_function"", ""interval_count"": 1, ""objective"": 2.7564222073540367e-22, ""optimizer_message"": ""CONVERGENCE: NORM_OF_PROJECTED_GRADIENT_<=_PGTOL"", ""optimizer_success"": true}"
PLVIRA,PLVIRA,lines,3,128,122,119,reconstructed,0.530414301433666,0.530414301433677,1.099120794378905e-14,-1.409245571739288e-16,0.0,1.409245571739288e-16,2.437416707622768e-22,True,height_function,"{""curvature"": -1.409245571739288e-16, ""curvature_source"": ""cartesian-ghf"", ""ghf_diagnostic"": ""complete three-column height function"", ""ghf_direction"": ""y"", ""ghf_fit_points"": 0, ""ghf_height_points"": 3, ""ghf_independent_points"": 3, ""ghf_method"": ""height_function"", ""interval_count"": 1, ""objective"": 2.437416707622768e-22, ""optimizer_message"": ""CONVERGENCE: NORM_OF_PROJECTED_GRADIENT_<=_PGTOL"", ""optimizer_success"": true}"
PLVIRA,PLVIRA,lines,3,128,123,119,reconstructed,0.08256294576494838,0.08256294576494297,5.412337245047638e-15,2.2167432843384826e-12,0.0,2.2167432843384826e-12,2.1112908402204501e-22,True,height_function,"{""curvature"": 2.2167432843384826e-12, ""curvature_source"": ""cartesian-ghf"", ""ghf_diagnostic"": ""complete three-column height function"", ""ghf_direction"": ""y"", ""ghf_fit_points"": 0, ""ghf_height_points"": 3, ""ghf_independent_points"": 3, ""ghf_method"": ""height_function"", ""interval_count"": 1, ""objective"": 2.1112908402204501e-22, ""optimizer_message"": ""CONVERGENCE: NORM_OF_PROJECTED_GRADIENT_<=_PGTOL"", ""optimizer_success"": true}"
PLVIRA,PLVIRA,lines,3,128,123,120,reconstructed,0.5488509461829381,0.5488509461829382,1.1102230246251565e-16,2.2167432843384826e-12,0.0,2.2167432843384826e-12,2.508488169082722e-22,True,height_function,"{""curvature"": 2.2167432843384826e-12, ""curvature_source"": ""cartesian-ghf"", ""ghf_diagnostic"": ""complete three-column height function"", ""ghf_direction"": ""y"", ""ghf_fit_points"": 0, ""ghf_height_points"": 3, ""ghf_independent_points"": 3, ""ghf_method"": ""height_function"", ""interval_count"": 1, ""objective"": 2.508488169082722e-22, ""optimizer_message"": ""CONVERGENCE: NORM_OF_PROJECTED_GRADIENT_<=_PGTOL"", ""optimizer_success"": true}"
PLVIRA,PLVIRA,lines,3,128,124,120,reconstructed,0.10373313715081167,0.10373313715081173,5.551115123125783e-17,-1.4778758310763979e-12,0.0,1.4778758310763979e-12,1.738174136550953e-23,True,height_function,"{""curvature"": -1.4778758310763979e-12, ""curvature_source"": ""cartesian-ghf"", ""ghf_diagnostic"": ""complete three-column height function"", ""ghf_direction"": ""y"", ""ghf_fit_points"": 0, ""ghf_height_points"": 3, ""ghf_independent_points"": 3, ""ghf_method"": ""height_function"", ""interval_count"": 1, ""objective"": 1.738174136550953e-23, ""optimizer_message"": ""CONVERGENCE: NORM_OF_PROJECTED_GRADIENT_<=_PGTOL"", ""optimizer_success"": true}"
PLVIRA,PLVIRA,lines,3,128,124,121,reconstructed,0.5648740495844322,0.5648740495844324,2.220446049250313e-16,-1.477734906519225e-12,0.0,1.477734906519225e-12,3.2797127220414435e-14,True,height_function,"{""curvature"": -1.477734906519225e-12, ""curvature_source"": ""cartesian-ghf"", ""ghf_diagnostic"": ""complete three-column height function"", ""ghf_direction"": ""y"", ""ghf_fit_points"": 0, ""ghf_height_points"": 3, ""ghf_independent_points"": 3, ""ghf_method"": ""height_function"", ""interval_count"": 1, ""objective"": 3.2797127220414435e-14, ""optimizer_message"": ""CONVERGENCE: REL_REDUCTION_OF_F_<=_FACTR*EPSMCH"", ""optimizer_success"": true}"
PLVIRA,PLVIRA,lines,3,128,125,121,reconstructed,0.1273168698844529,0.1273168698844529,0.0,-7.38867453262085e-13,0.0,7.38867453262085e-13,1.2016669774832629e-17,True,height_function,"{""curvature"": -7.38867453262085e-13, ""curvature_source"": ""cartesian-ghf"", ""ghf_diagnostic"": ""complete three-column height function"", ""ghf_direction"": ""y"", ""ghf_fit_points"": 0, ""ghf_height_points"": 3, ""ghf_independent_points"": 3, ""ghf_method"": ""height_function"", ""interval_count"": 1, ""objective"": 1.2016669774832629e-17, ""optimizer_message"": ""CONVERGENCE: REL_REDUCTION_OF_F_<=_FACTR*EPSMCH"", ""optimizer_success"": true}"
PLVIRA,PLVIRA,lines,3,128,125,122,reconstructed,0.5784836116399674,0.5784836116399674,0.0,-7.38867453262085e-13,0.0,7.38867453262085e-13,1.0928197305678867e-15,True,height_function,"{""curvature"": -7.38867453262085e-13, ""curvature_source"": ""cartesian-ghf"", ""ghf_diagnostic"": ""complete three-column height function"", ""ghf_direction"": ""y"", ""ghf_fit_points"": 0, ""ghf_height_points"": 3, ""ghf_independent_points"": 3, ""ghf_method"": ""height_function"", ""interval_count"": 1, ""objective"": 1.0928197305678867e-15, ""optimizer_message"": ""CONVERGENCE: REL_REDUCTION_OF_F_<=_FACTR*EPSMCH"", ""optimizer_success"": true}"
PLVIRA,PLVIRA,lines,3,128,126,122,reconstructed,0.1533141439658721,0.15331414396587273,6.38378239159465e-16,2.21660235978131e-12,0.0,2.21660235978131e-12,3.30230611559803e-21,True,height_function,"{""curvature"": 2.21660235978131e-12, ""curvature_source"": ""cartesian-ghf"", ""ghf_diagnostic"": ""complete three-column height function"", ""ghf_direction"": ""y"", ""ghf_fit_points"": 0, ""ghf_height_points"": 3, ""ghf_independent_points"": 3, ""ghf_method"": ""height_function"", ""interval_count"": 1, ""objective"": 3.30230611559803e-21, ""optimizer_message"": ""CONVERGENCE: NORM_OF_PROJECTED_GRADIENT_<=_PGTOL"", ""optimizer_success"": true}"
PLVIRA,PLVIRA,lines,3,128,126,123,reconstructed,0.5896796323486342,0.5896796323486342,0.0,2.216743284338484e-12,0.0,2.216743284338484e-12,8.069979661792433e-20,True,height_function,"{""curvature"": 2.216743284338484e-12, ""curvature_source"": ""cartesian-ghf"", ""ghf_diagnostic"": ""complete three-column height function"", ""ghf_direction"": ""y"", ""ghf_fit_points"": 0, ""ghf_height_points"": 3, ""ghf_independent_points"": 3, ""ghf_method"": ""height_function"", ""interval_count"": 1, ""objective"": 8.069979661792433e-20, ""optimizer_message"": ""CONVERGENCE: NORM_OF_PROJECTED_GRADIENT_<=_PGTOL"", ""optimizer_success"": true}"
PLVIRA,PLVIRA,lines,3,128,127,123,unsupported,0.18172495939234068,,,,,,,,,"{""boundary_halo_limitation"": true, ""message"": ""PLVIRA requires a complete 3x3 target stencil""}"
PLVIRA,PLVIRA,lines,3,128,127,124,unsupported,0.598462111709523,,,,,,,,,"{""boundary_halo_limitation"": true, ""message"": ""PLVIRA requires a complete 3x3 target stencil""}"
