method,variant,benchmark,case_index,cells_per_side,cell_x,cell_y,status,target_phase_area,reconstructed_phase_area,absolute_area_residual,curvature_estimate,true_curvature,curvature_absolute_error,objective,optimizer_success,ghf_method,diagnostics_json
PLVIRA,PLVIRA,zalesak,2,128,45,61,reconstructed,0.020363046169273424,0.020363046169271162,2.2620794126737565e-15,0.06673616430842971,0.06666666666666667,6.949764176304718e-05,3.3423498326760427e-12,True,height_function,"{""curvature"": 0.06673616430842971, ""curvature_source"": ""cartesian-ghf"", ""ghf_diagnostic"": ""complete three-column height function"", ""ghf_direction"": ""x"", ""ghf_fit_points"": 0, ""ghf_height_points"": 3, ""ghf_independent_points"": 3, ""ghf_method"": ""height_function"", ""interval_count"": 1, ""objective"": 3.3423498326760427e-12, ""optimizer_message"": ""CONVERGENCE: NORM_OF_PROJECTED_GRADIENT_<=_PGTOL"", ""optimizer_success"": true}"
PLVIRA,PLVIRA,zalesak,2,128,45,62,reconstructed,0.08994955345437905,0.08994955345435608,2.2967738821932926e-14,0.06673526706044693,0.06666666666666667,6.86003937802604e-05,4.7669280838830624e-11,True,height_function,"{""curvature"": 0.06673526706044693, ""curvature_source"": ""cartesian-ghf"", ""ghf_diagnostic"": ""complete three-column height function"", ""ghf_direction"": ""x"", ""ghf_fit_points"": 0, ""ghf_height_points"": 3, ""ghf_independent_points"": 3, ""ghf_method"": ""height_function"", ""interval_count"": 1, ""objective"": 4.7669280838830624e-11, ""optimizer_message"": ""CONVERGENCE: NORM_OF_PROJECTED_GRADIENT_<=_PGTOL"", ""optimizer_success"": true}"
PLVIRA,PLVIRA,zalesak,2,128,45,63,reconstructed,0.13260113530863027,0.13260113530863024,2.7755575615628914e-17,0.06673476408546694,0.06666666666666667,6.809741880027531e-05,7.476170576908537e-16,True,height_function,"{""curvature"": 0.06673476408546694, ""curvature_source"": ""cartesian-ghf"", ""ghf_diagnostic"": ""complete three-column height function"", ""ghf_direction"": ""x"", ""ghf_fit_points"": 0, ""ghf_height_points"": 3, ""ghf_independent_points"": 3, ""ghf_method"": ""height_function"", ""interval_count"": 1, ""objective"": 7.476170576908537e-16, ""optimizer_message"": ""CONVERGENCE: NORM_OF_PROJECTED_GRADIENT_<=_PGTOL"", ""optimizer_success"": true}"
PLVIRA,PLVIRA,zalesak,2,128,45,64,reconstructed,0.14333974866107635,0.1433397486610764,5.551115123125783e-17,0.06673463833230718,0.06666666666666667,6.797166564051493e-05,7.928978786443231e-19,True,height_function,"{""curvature"": 0.06673463833230718, ""curvature_source"": ""cartesian-ghf"", ""ghf_diagnostic"": ""complete three-column height function"", ""ghf_direction"": ""x"", ""ghf_fit_points"": 0, ""ghf_height_points"": 3, ""ghf_independent_points"": 3, ""ghf_method"": ""height_function"", ""interval_count"": 1, ""objective"": 7.928978786443231e-19, ""optimizer_message"": ""CONVERGENCE: NORM_OF_PROJECTED_GRADIENT_<=_PGTOL"", ""optimizer_success"": true}"
PLVIRA,PLVIRA,zalesak,2,128,45,65,reconstructed,0.12225337672686276,0.12225337672675611,1.066507993030541e-13,0.06673488559685549,0.06666666666666667,6.821893018882363e-05,5.850245331635342e-15,True,height_function,"{""curvature"": 0.06673488559685549, ""curvature_source"": ""cartesian-ghf"", ""ghf_diagnostic"": ""complete three-column height function"", ""ghf_direction"": ""x"", ""ghf_fit_points"": 0, ""ghf_height_points"": 3, ""ghf_independent_points"": 3, ""ghf_method"": ""height_function"", ""interval_count"": 1, ""objective"": 5.850245331635342e-15, ""optimizer_message"": ""CONVERGENCE: REL_REDUCTION_OF_F_<=_FACTR*EPSMCH"", ""optimizer_success"": true}"
PLVIRA,PLVIRA,zalesak,2,128,45,66,reconstructed,0.06916894705386234,0.06916894705383998,2.235711615838909e-14,0.06673551416715717,0.06666666666666667,6.884750049050703e-05,1.62004679507503e-11,True,height_function,"{""curvature"": 0.06673551416715717, ""curvature_source"": ""cartesian-ghf"", ""ghf_diagnostic"": ""complete three-column height function"", ""ghf_direction"": ""x"", ""ghf_fit_points"": 0, ""ghf_height_points"": 3, ""ghf_independent_points"": 3, ""ghf_method"": ""height_function"", ""interval_count"": 1, ""objective"": 1.62004679507503e-11, ""optimizer_message"": ""CONVERGENCE: NORM_OF_PROJECTED_GRADIENT_<=_PGTOL"", ""optimizer_success"": true}"
PLVIRA,PLVIRA,zalesak,2,128,45,67,reconstructed,0.005683546773082692,0.005683546773078259,4.4330858428587305e-15,0.06673654552862664,0.06666666666666667,6.987886195997106e-05,3.158656221899888e-12,True,height_function,"{""curvature"": 0.06673654552862664, ""curvature_source"": ""cartesian-ghf"", ""ghf_diagnostic"": ""complete three-column height function"", ""ghf_direction"": ""x"", ""ghf_fit_points"": 0, ""ghf_height_points"": 3, ""ghf_independent_points"": 3, ""ghf_method"": ""height_function"", ""interval_count"": 1, ""objective"": 3.158656221899888e-12, ""optimizer_message"": ""CONVERGENCE: NORM_OF_PROJECTED_GRADIENT_<=_PGTOL"", ""optimizer_success"": true}"
PLVIRA,PLVIRA,zalesak,2,128,46,57,reconstructed,0.022202706338594776,0.0222027063385936,1.1761425167122752e-15,0.06674461346185541,0.06666666666666667,7.794679518874359e-05,2.7449142460753807e-11,True,height_function,"{""curvature"": 0.06674461346185541, ""curvature_source"": ""cartesian-ghf"", ""ghf_diagnostic"": ""complete three-column height function"", ""ghf_direction"": ""x"", ""ghf_fit_points"": 0, ""ghf_height_points"": 3, ""ghf_independent_points"": 3, ""ghf_method"": ""height_function"", ""interval_count"": 1, ""objective"": 2.7449142460753807e-11, ""optimizer_message"": ""CONVERGENCE: REL_REDUCTION_OF_F_<=_FACTR*EPSMCH"", ""optimizer_success"": true}"
PLVIRA,PLVIRA,zalesak,2,128,46,58,reconstructed,0.1991374434488904,0.19913744344888748,2.914335439641036e-15,0.06674162640168978,0.06666666666666667,7.495973502311126e-05,5.2679747368449776e-11,True,height_function,"{""curvature"": 0.06674162640168978, ""curvature_source"": ""cartesian-ghf"", ""ghf_diagnostic"": ""complete three-column height function"", ""ghf_direction"": ""x"", ""ghf_fit_points"": 0, ""ghf_height_points"": 3, ""ghf_independent_points"": 3, ""ghf_method"": ""height_function"", ""interval_count"": 1, ""objective"": 5.2679747368449776e-11, ""optimizer_message"": ""CONVERGENCE: NORM_OF_PROJECTED_GRADIENT_<=_PGTOL"", ""optimizer_success"": true}"
PLVIRA,PLVIRA,zalesak,2,128,46,59,reconstructed,0.3759164562269763,0.37591645622698217,5.88418203051333e-15,0.06673928438520428,0.06666666666666667,7.261771853761534e-05,5.182302927009925e-15,True,height_function,"{""curvature"": 0.06673928438520428, ""curvature_source"": ""cartesian-ghf"", ""ghf_diagnostic"": ""complete three-column height function"", ""ghf_direction"": ""x"", ""ghf_fit_points"": 0, ""ghf_height_points"": 3, ""ghf_independent_points"": 3, ""ghf_method"": ""height_function"", ""interval_count"": 1, ""objective"": 5.182302927009925e-15, ""optimizer_message"": ""CONVERGENCE: REL_REDUCTION_OF_F_<=_FACTR*EPSMCH"", ""optimizer_success"": true}"
PLVIRA,PLVIRA,zalesak,2,128,46,60,reconstructed,0.5175687636079473,0.5175687636079489,1.5543122344752192e-15,0.06673748721468709,0.06666666666666667,7.082054802041993e-05,1.8935587116823254e-11,True,height_function,"{""curvature"": 0.06673748721468709, ""curvature_source"": ""cartesian-ghf"", ""ghf_diagnostic"": ""complete three-column height function"", ""ghf_direction"": ""x"", ""ghf_fit_points"": 0, ""ghf_height_points"": 3, ""ghf_independent_points"": 3, ""ghf_method"": ""height_function"", ""interval_count"": 1, ""objective"": 1.8935587116823254e-11, ""optimizer_message"": ""CONVERGENCE: NORM_OF_PROJECTED_GRADIENT_<=_PGTOL"", ""optimizer_success"": true}"
PLVIRA,PLVIRA,zalesak,2,128,46,61,reconstructed,0.6050208348159698,0.6050208348159729,3.1086244689504383e-15,0.06673616430842971,0.06666666666666667,6.949764176304718e-05,1.6607835632195968e-12,True,height_function,"{""curvature"": 0.06673616430842971, ""curvature_source"": ""cartesian-ghf"", ""ghf_diagnostic"": ""complete three-column height function"", ""ghf_direction"": ""x"", ""ghf_fit_points"": 0, ""ghf_height_points"": 3, ""ghf_independent_points"": 3, ""ghf_method"": ""height_function"", ""interval_count"": 1, ""objective"": 1.6607835632195968e-12, ""optimizer_message"": ""CONVERGENCE: NORM_OF_PROJECTED_GRADIENT_<=_PGTOL"", ""optimizer_success"": true}"
PLVIRA,PLVIRA,zalesak,2,128,46,67,reconstructed,0.5883131540274231,0.5883131540274235,3.3306690738754696e-16,0.06673654552862664,0.06666666666666667,6.987886195997106e-05,3.859084418281964e-12,True,height_function,"{""curvature"": 0.06673654552862664, ""curvature_source"": ""cartesian-ghf"", ""ghf_diagnostic"": ""complete three-column height function"", ""ghf_direction"": ""x"", ""ghf_fit_points"": 0, ""ghf_height_points"": 3, ""ghf_independent_points"": 3, ""ghf_method"": ""height_function"", ""interval_count"": 1, ""objective"": 3.859084418281964e-12, ""optimizer_message"": ""CONVERGENCE: NORM_OF_PROJECTED_GRADIENT_<=_PGTOL"", ""optimizer_success"": true}"
PLVIRA,PLVIRA,zalesak,2,128,46,68,reconstructed,0.47530519996113885,0.4753051999611283,1.0547118733938987e-14,0.06673801627005857,0.06666666666666667,7.134960339190421e-05,6.051449008608935e-11,True,height_function,"{""curvature"": 0.06673801627005857, ""curvature_source"": ""cartesian-ghf"", ""ghf_diagnostic"": ""complete three-column height function"", ""ghf_direction"": ""x"", ""ghf_fit_points"": 0, ""ghf_height_points"": 3, ""ghf_independent_points"": 3, ""ghf_method"": ""height_function"", ""interval_count"": 1, ""objective"": 6.051449008608935e-11, ""optimizer_message"": ""CONVERGENCE: NORM_OF_PROJECTED_GRADIENT_<=_PGTOL"", ""optimizer_success"": true}"
PLVIRA,PLVIRA,zalesak,2,128,46,69,reconstructed,0.32239850071670606,0.3223985007167073,1.2212453270876722e-15,0.06673998149839491,0.06666666666666667,7.331483172824671e-05,3.4540653730695184e-18,True,height_function,"{""curvature"": 0.06673998149839491, ""curvature_source"": ""cartesian-ghf"", ""ghf_diagnostic"": ""complete three-column height function"", ""ghf_direction"": ""x"", ""ghf_fit_points"": 0, ""ghf_height_points"": 3, ""ghf_independent_points"": 3, ""ghf_method"": ""height_function"", ""interval_count"": 1, ""objective"": 3.4540653730695184e-18, ""optimizer_message"": ""CONVERGENCE: NORM_OF_PROJECTED_GRADIENT_<=_PGTOL"", ""optimizer_success"": true}"
PLVIRA,PLVIRA,zalesak,2,128,46,70,reconstructed,0.1338607725906389,0.13386077259063933,4.440892098500626e-16,0.06674252041092597,0.06666666666666667,7.585374425930769e-05,8.844010776797823e-12,True,height_function,"{""curvature"": 0.06674252041092597, ""curvature_source"": ""cartesian-ghf"", ""ghf_diagnostic"": ""complete three-column height function"", ""ghf_direction"": ""x"", ""ghf_fit_points"": 0, ""ghf_height_points"": 3, ""ghf_independent_points"": 3, ""ghf_method"": ""height_function"", ""interval_count"": 1, ""objective"": 8.844010776797823e-12, ""optimizer_message"": ""CONVERGENCE: REL_REDUCTION_OF_F_<=_FACTR*EPSMCH"", ""optimizer_success"": true}"
PLVIRA,PLVIRA,zalesak,2,128,46,71,reconstructed,0.0016360732023674718,0.001636073202367909,4.371503159461554e-16,0.0667457451512126,0.06666666666666667,7.907848454592747e-05,6.352782322213682e-11,True,height_function,"{""curvature"": 0.0667457451512126, ""curvature_source"": ""cartesian-ghf"", ""ghf_diagnostic"": ""complete three-column height function"", ""ghf_direction"": ""x"", ""ghf_fit_points"": 0, ""ghf_height_points"": 3, ""ghf_independent_points"": 3, ""ghf_method"": ""height_function"", ""interval_count"": 1, ""objective"": 6.352782322213682e-11, ""optimizer_message"": ""CONVERGENCE: REL_REDUCTION_OF_F_<=_FACTR*EPSMCH"", ""optimizer_success"": true}"
PLVIRA,PLVIRA,zalesak,2,128,47,55,reconstructed,0.06792825645687639,0.06792825645686709,9.298117831235686e-15,0.06675315221685893,0.06666666666666667,8.6485550192264e-05,3.154527329550633e-11,True,height_function,"{""curvature"": 0.06675315221685893, ""curvature_source"": ""cartesian-ghf"", ""ghf_diagnostic"": ""complete three-column height function"", ""ghf_direction"": ""x"", ""ghf_fit_points"": 0, ""ghf_height_points"": 3, ""ghf_independent_points"": 3, ""ghf_method"": ""height_function"", ""interval_count"": 1, ""objective"": 3.154527329550633e-11, ""optimizer_message"": ""CONVERGENCE: NORM_OF_PROJECTED_GRADIENT_<=_PGTOL"", ""optimizer_success"": true}"
PLVIRA,PLVIRA,zalesak,2,128,47,56,reconstructed,0.3432315999087914,0.34323159990878876,2.609024107869118e-15,0.06674838753497851,0.06666666666666667,8.172086831184644e-05,1.513771092567911e-10,True,height_function,"{""curvature"": 0.06674838753497851, ""curvature_source"": ""cartesian-ghf"", ""ghf_diagnostic"": ""complete three-column height function"", ""ghf_direction"": ""x"", ""ghf_fit_points"": 0, ""ghf_height_points"": 3, ""ghf_independent_points"": 3, ""ghf_method"": ""height_function"", ""interval_count"": 1, ""objective"": 1.513771092567911e-10, ""optimizer_message"": ""CONVERGENCE: REL_REDUCTION_OF_F_<=_FACTR*EPSMCH"", ""optimizer_success"": true}"
PLVIRA,PLVIRA,zalesak,2,128,47,57,reconstructed,0.5736772377212125,0.5736772377212113,1.2212453270876722e-15,0.06674461346185541,0.06666666666666667,7.794679518874359e-05,1.6137322193510772e-11,True,height_function,"{""curvature"": 0.06674461346185541, ""curvature_source"": ""cartesian-ghf"", ""ghf_diagnostic"": ""complete three-column height function"", ""ghf_direction"": ""x"", ""ghf_fit_points"": 0, ""ghf_height_points"": 3, ""ghf_independent_points"": 3, ""ghf_method"": ""height_function"", ""interval_count"": 1, ""objective"": 1.6137322193510772e-11, ""optimizer_message"": ""CONVERGENCE: REL_REDUCTION_OF_F_<=_FACTR*EPSMCH"", ""optimizer_success"": true}"
PLVIRA,PLVIRA,zalesak,2,128,47,71,reconstructed,0.5165515512335483,0.5165515512335479,4.440892098500626e-16,0.0667457451512126,0.06666666666666667,7.907848454592747e-05,2.3012964206637818e-12,True,height_function,"{""curvature"": 0.0667457451512126, ""curvature_source"": ""cartesian-ghf"", ""ghf_diagnostic"": ""complete three-column height function"", ""ghf_direction"": ""x"", ""ghf_fit_points"": 0, ""ghf_height_points"": 3, ""ghf_independent_points"": 3, ""ghf_method"": ""height_function"", ""interval_count"": 1, ""objective"": 2.3012964206637818e-12, ""optimizer_message"": ""CONVERGENCE: REL_REDUCTION_OF_F_<=_FACTR*EPSMCH"", ""optimizer_success"": true}"
PLVIRA,PLVIRA,zalesak,2,128,47,72,reconstructed,0.25227608660290013,0.2522760866029022,2.0539125955565396e-15,0.06674981503617977,0.06666666666666667,8.314836951310578e-05,4.947207463659232e-11,True,height_function,"{""curvature"": 0.06674981503617977, ""curvature_source"": ""cartesian-ghf"", ""ghf_diagnostic"": ""complete three-column height function"", ""ghf_direction"": ""x"", ""ghf_fit_points"": 0, ""ghf_height_points"": 3, ""ghf_independent_points"": 3, ""ghf_method"": ""height_function"", ""interval_count"": 1, ""objective"": 4.947207463659232e-11, ""optimizer_message"": ""CONVERGENCE: REL_REDUCTION_OF_F_<=_FACTR*EPSMCH"", ""optimizer_success"": true}"
PLVIRA,PLVIRA,zalesak,2,128,47,73,reconstructed,0.01767695231057287,0.017676952310572765,1.0408340855860843e-16,0.06675495998600015,0.06666666666666667,8.82933193334795e-05,1.4627048672141984e-10,True,height_function,"{""curvature"": 0.06675495998600015, ""curvature_source"": ""cartesian-ghf"", ""ghf_diagnostic"": ""complete three-column height function"", ""ghf_direction"": ""x"", ""ghf_fit_points"": 0, ""ghf_height_points"": 3, ""ghf_independent_points"": 3, ""ghf_method"": ""height_function"", ""interval_count"": 1, ""objective"": 1.4627048672141984e-10, ""optimizer_message"": ""CONVERGENCE: NORM_OF_PROJECTED_GRADIENT_<=_PGTOL"", ""optimizer_success"": true}"
PLVIRA,PLVIRA,zalesak,2,128,48,53,reconstructed,0.022190420037390357,0.022190420037389823,5.342948306008566e-16,0.06676700336239508,0.06666666666666667,0.00010033669572841186,2.6456811642658466e-10,True,height_function,"{""curvature"": 0.06676700336239508, ""curvature_source"": ""cartesian-ghf"", ""ghf_diagnostic"": ""complete three-column height function"", ""ghf_direction"": ""x"", ""ghf_fit_points"": 0, ""ghf_height_points"": 3, ""ghf_independent_points"": 3, ""ghf_method"": ""height_function"", ""interval_count"": 1, ""objective"": 2.6456811642658466e-10, ""optimizer_message"": ""CONVERGENCE: NORM_OF_PROJECTED_GRADIENT_<=_PGTOL"", ""optimizer_success"": true}"
PLVIRA,PLVIRA,zalesak,2,128,48,54,reconstructed,0.31893859818064385,0.3189385981806448,9.43689570931383e-16,0.0667592062838915,0.06666666666666667,9.25396172248294e-05,8.026552475548941e-11,True,height_function,"{""curvature"": 0.0667592062838915, ""curvature_source"": ""cartesian-ghf"", ""ghf_diagnostic"": ""complete three-column height function"", ""ghf_direction"": ""x"", ""ghf_fit_points"": 0, ""ghf_height_points"": 3, ""ghf_independent_points"": 3, ""ghf_method"": ""height_function"", ""interval_count"": 1, ""objective"": 8.026552475548941e-11, ""optimizer_message"": ""CONVERGENCE: REL_REDUCTION_OF_F_<=_FACTR*EPSMCH"", ""optimizer_success"": true}"
PLVIRA,PLVIRA,zalesak,2,128,48,55,reconstructed,0.5911187089953382,0.5911187089953387,4.440892098500626e-16,0.06675315221685893,0.06666666666666667,8.6485550192264e-05,8.667679119740891e-11,True,height_function,"{""curvature"": 0.06675315221685893, ""curvature_source"": ""cartesian-ghf"", ""ghf_diagnostic"": ""complete three-column height function"", ""ghf_direction"": ""x"", ""ghf_fit_points"": 0, ""ghf_height_points"": 3, ""ghf_independent_points"": 3, ""ghf_method"": ""height_function"", ""interval_count"": 1, ""objective"": 8.667679119740891e-11, ""optimizer_message"": ""CONVERGENCE: NORM_OF_PROJECTED_GRADIENT_<=_PGTOL"", ""optimizer_success"": true}"
PLVIRA,PLVIRA,zalesak,2,128,48,73,reconstructed,0.5360576258191827,0.5360576258191909,8.215650382226158e-15,0.06675495998600015,0.06666666666666667,8.82933193334795e-05,2.122134111066486e-11,True,height_function,"{""curvature"": 0.06675495998600015, ""curvature_source"": ""cartesian-ghf"", ""ghf_diagnostic"": ""complete three-column height function"", ""ghf_direction"": ""x"", ""ghf_fit_points"": 0, ""ghf_height_points"": 3, ""ghf_independent_points"": 3, ""ghf_method"": ""height_function"", ""interval_count"": 1, ""objective"": 2.122134111066486e-11, ""optimizer_message"": ""CONVERGENCE: NORM_OF_PROJECTED_GRADIENT_<=_PGTOL"", ""optimizer_success"": true}"
PLVIRA,PLVIRA,zalesak,2,128,48,74,reconstructed,0.19784657776825032,0.19784657776825168,1.3600232051658168e-15,0.06676152073089782,0.06666666666666667,9.48540642311535e-05,5.623954778513466e-11,True,height_function,"{""curvature"": 0.06676152073089782, ""curvature_source"": ""cartesian-ghf"", ""ghf_diagnostic"": ""complete three-column height function"", ""ghf_direction"": ""x"", ""ghf_fit_points"": 0, ""ghf_height_points"": 3, ""ghf_independent_points"": 3, ""ghf_method"": ""height_function"", ""interval_count"": 1, ""objective"": 5.623954778513466e-11, ""optimizer_message"": ""CONVERGENCE: REL_REDUCTION_OF_F_<=_FACTR*EPSMCH"", ""optimizer_success"": true}"
PLVIRA,PLVIRA,zalesak,2,128,48,75,reconstructed,1.1019685774688037e-05,1.1019685774706035e-05,1.7997756063259374e-17,0.06677002170939896,0.06666666666666667,0.00010335504273228935,4.110801009067011e-10,True,height_function,"{""curvature"": 0.06677002170939896, ""curvature_source"": ""cartesian-ghf"", ""ghf_diagnostic"": ""complete three-column height function"", ""ghf_direction"": ""x"", ""ghf_fit_points"": 0, ""ghf_height_points"": 3, ""ghf_independent_points"": 3, ""ghf_method"": ""height_function"", ""interval_count"": 1, ""objective"": 4.110801009067011e-10, ""optimizer_message"": ""CONVERGENCE: REL_REDUCTION_OF_F_<=_FACTR*EPSMCH"", ""optimizer_success"": true}"
PLVIRA,PLVIRA,zalesak,2,128,49,52,reconstructed,0.11471961973792856,0.11471961973792859,2.7755575615628914e-17,0.06677726520803226,0.06666666666666667,0.00011059854136559466,1.448810658003325e-10,True,height_function,"{""curvature"": 0.06677726520803226, ""curvature_source"": ""cartesian-ghf"", ""ghf_diagnostic"": ""complete three-column height function"", ""ghf_direction"": ""x"", ""ghf_fit_points"": 0, ""ghf_height_points"": 3, ""ghf_independent_points"": 3, ""ghf_method"": ""height_function"", ""interval_count"": 1, ""objective"": 1.448810658003325e-10, ""optimizer_message"": ""CONVERGENCE: NORM_OF_PROJECTED_GRADIENT_<=_PGTOL"", ""optimizer_success"": true}"
PLVIRA,PLVIRA,zalesak,2,128,49,53,reconstructed,0.5166024716770155,0.5166024716770153,1.1102230246251565e-16,0.06676700336239508,0.06666666666666667,0.00010033669572841186,1.0852381678708753e-10,True,height_function,"{""curvature"": 0.06676700336239508, ""curvature_source"": ""cartesian-ghf"", ""ghf_diagnostic"": ""complete three-column height function"", ""ghf_direction"": ""x"", ""ghf_fit_points"": 0, ""ghf_height_points"": 3, ""ghf_independent_points"": 3, ""ghf_method"": ""height_function"", ""interval_count"": 1, ""objective"": 1.0852381678708753e-10, ""optimizer_message"": ""CONVERGENCE: NORM_OF_PROJECTED_GRADIENT_<=_PGTOL"", ""optimizer_success"": true}"
PLVIRA,PLVIRA,zalesak,2,128,49,75,reconstructed,0.40003041865161926,0.4000304186516194,1.6653345369377348e-16,0.06677002170939896,0.06666666666666667,0.00010335504273228935,5.264976791164225e-11,True,height_function,"{""curvature"": 0.06677002170939896, ""curvature_source"": ""cartesian-ghf"", ""ghf_diagnostic"": ""complete three-column height function"", ""ghf_direction"": ""x"", ""ghf_fit_points"": 0, ""ghf_height_points"": 3, ""ghf_independent_points"": 3, ""ghf_method"": ""height_function"", ""interval_count"": 1, ""objective"": 5.264976791164225e-11, ""optimizer_message"": ""CONVERGENCE: REL_REDUCTION_OF_F_<=_FACTR*EPSMCH"", ""optimizer_success"": true}"
PLVIRA,PLVIRA,zalesak,2,128,49,76,reconstructed,0.03295916882337835,0.0329591688233785,1.5265566588595902e-16,0.0667813130567536,0.06666666666666667,0.000114646390086931,6.850252527888568e-10,True,height_function,"{""curvature"": 0.0667813130567536, ""curvature_source"": ""cartesian-ghf"", ""ghf_diagnostic"": ""complete three-column height function"", ""ghf_direction"": ""x"", ""ghf_fit_points"": 0, ""ghf_height_points"": 3, ""ghf_independent_points"": 3, ""ghf_method"": ""height_function"", ""interval_count"": 1, ""objective"": 6.850252527888568e-10, ""optimizer_message"": ""CONVERGENCE: REL_REDUCTION_OF_F_<=_FACTR*EPSMCH"", ""optimizer_success"": true}"
PLVIRA,PLVIRA,zalesak,2,128,50,51,reconstructed,0.19623333674128055,0.1962333367412805,5.551115123125783e-17,0.06679121649261031,0.06666666666666667,0.00012454982594364838,2.0466849796523316e-10,True,height_function,"{""curvature"": 0.06679121649261031, ""curvature_source"": ""cartesian-ghf"", ""ghf_diagnostic"": ""complete three-column height function"", ""ghf_direction"": ""x"", ""ghf_fit_points"": 0, ""ghf_height_points"": 3, ""ghf_independent_points"": 3, ""ghf_method"": ""height_function"", ""interval_count"": 1, ""objective"": 2.0466849796523316e-10, ""optimizer_message"": ""CONVERGENCE: REL_REDUCTION_OF_F_<=_FACTR*EPSMCH"", ""optimizer_success"": true}"
PLVIRA,PLVIRA,zalesak,2,128,50,52,reconstructed,0.5871249083122714,0.5871249083122712,2.220446049250313e-16,0.06677726520803247,0.06666666666666667,0.00011059854136580283,4.6323757668509134e-10,True,height_function,"{""curvature"": 0.06677726520803247, ""curvature_source"": ""cartesian-ghf"", ""ghf_diagnostic"": ""complete three-column height function"", ""ghf_direction"": ""x"", ""ghf_fit_points"": 0, ""ghf_height_points"": 3, ""ghf_independent_points"": 3, ""ghf_method"": ""height_function"", ""interval_count"": 1, ""objective"": 4.6323757668509134e-10, ""optimizer_message"": ""CONVERGENCE: NORM_OF_PROJECTED_GRADIENT_<=_PGTOL"", ""optimizer_success"": true}"
PLVIRA,PLVIRA,zalesak,2,128,50,76,reconstructed,0.5099315460504146,0.5099315460504144,2.220446049250313e-16,0.0667813130567536,0.06666666666666667,0.000114646390086931,1.4780375262214564e-10,True,height_function,"{""curvature"": 0.0667813130567536, ""curvature_source"": ""cartesian-ghf"", ""ghf_diagnostic"": ""complete three-column height function"", ""ghf_direction"": ""x"", ""ghf_fit_points"": 0, ""ghf_height_points"": 3, ""ghf_independent_points"": 3, ""ghf_method"": ""height_function"", ""interval_count"": 1, ""objective"": 1.4780375262214564e-10, ""optimizer_message"": ""CONVERGENCE: REL_REDUCTION_OF_F_<=_FACTR*EPSMCH"", ""optimizer_success"": true}"
PLVIRA,PLVIRA,zalesak,2,128,50,77,reconstructed,0.07509419506326687,0.07509419506326705,1.8041124150158794e-16,0.06679687533421483,0.06666666666666667,0.0001302086675481623,8.756531480518909e-10,True,height_function,"{""curvature"": 0.06679687533421483, ""curvature_source"": ""cartesian-ghf"", ""ghf_diagnostic"": ""complete three-column height function"", ""ghf_direction"": ""x"", ""ghf_fit_points"": 0, ""ghf_height_points"": 3, ""ghf_independent_points"": 3, ""ghf_method"": ""height_function"", ""interval_count"": 1, ""objective"": 8.756531480518909e-10, ""optimizer_message"": ""CONVERGENCE: NORM_OF_PROJECTED_GRADIENT_<=_PGTOL"", ""optimizer_success"": true}"
PLVIRA,PLVIRA,zalesak,2,128,51,50,reconstructed,0.218529022842187,0.2185290228421871,8.326672684688674e-17,0.06680273994937369,0.06666666666666667,0.0001360732827070249,6.650237309389009e-10,True,height_function,"{""curvature"": 0.06680273994937369, ""curvature_source"": ""cartesian-ghf"", ""ghf_diagnostic"": ""complete three-column height function"", ""ghf_direction"": ""y"", ""ghf_fit_points"": 0, ""ghf_height_points"": 3, ""ghf_independent_points"": 3, ""ghf_method"": ""height_function"", ""interval_count"": 1, ""objective"": 6.650237309389009e-10, ""optimizer_message"": ""CONVERGENCE: REL_REDUCTION_OF_F_<=_FACTR*EPSMCH"", ""optimizer_success"": true}"
PLVIRA,PLVIRA,zalesak,2,128,51,51,reconstructed,0.603086154185277,0.6030861541852776,5.551115123125783e-16,0.06679121649261031,0.06666666666666667,0.00012454982594364838,1.0175146621724333e-09,True,height_function,"{""curvature"": 0.06679121649261031, ""curvature_source"": ""cartesian-ghf"", ""ghf_diagnostic"": ""complete three-column height function"", ""ghf_direction"": ""x"", ""ghf_fit_points"": 0, ""ghf_height_points"": 3, ""ghf_independent_points"": 3, ""ghf_method"": ""height_function"", ""interval_count"": 1, ""objective"": 1.0175146621724333e-09, ""optimizer_message"": ""CONVERGENCE: REL_REDUCTION_OF_F_<=_FACTR*EPSMCH"", ""optimizer_success"": true}"
PLVIRA,PLVIRA,zalesak,2,128,51,77,reconstructed,0.5415119948807616,0.5415119948807621,4.440892098500626e-16,0.06679687533421466,0.06666666666666667,0.00013020866754799576,7.542386555585557e-10,True,height_function,"{""curvature"": 0.06679687533421466, ""curvature_source"": ""cartesian-ghf"", ""ghf_diagnostic"": ""complete three-column height function"", ""ghf_direction"": ""x"", ""ghf_fit_points"": 0, ""ghf_height_points"": 3, ""ghf_independent_points"": 3, ""ghf_method"": ""height_function"", ""interval_count"": 1, ""objective"": 7.542386555585557e-10, ""optimizer_message"": ""CONVERGENCE: NORM_OF_PROJECTED_GRADIENT_<=_PGTOL"", ""optimizer_success"": true}"
PLVIRA,PLVIRA,zalesak,2,128,51,78,reconstructed,0.08177067820634676,0.08177067820634085,5.9119376061289586e-15,0.06680273994869951,0.06666666666666667,0.00013607328203284197,1.0922524829227425e-09,True,height_function,"{""curvature"": 0.06680273994869951, ""curvature_source"": ""cartesian-ghf"", ""ghf_diagnostic"": ""complete three-column height function"", ""ghf_direction"": ""y"", ""ghf_fit_points"": 0, ""ghf_height_points"": 3, ""ghf_independent_points"": 3, ""ghf_method"": ""height_function"", ""interval_count"": 1, ""objective"": 1.0922524829227425e-09, ""optimizer_message"": ""CONVERGENCE: REL_REDUCTION_OF_F_<=_FACTR*EPSMCH"", ""optimizer_success"": true}"
PLVIRA,PLVIRA,zalesak,2,128,52,49,reconstructed,0.17090046086352206,0.17090046086352184,2.220446049250313e-16,0.06678543771588073,0.06666666666666667,0.000118771049214067,1.2032578300486945e-10,True,height_function,"{""curvature"": 0.06678543771588073, ""curvature_source"": ""cartesian-ghf"", ""ghf_diagnostic"": ""complete three-column height function"", ""ghf_direction"": ""y"", ""ghf_fit_points"": 0, ""ghf_height_points"": 3, ""ghf_independent_points"": 3, ""ghf_method"": ""height_function"", ""interval_count"": 1, ""objective"": 1.2032578300486945e-10, ""optimizer_message"": ""CONVERGENCE: REL_REDUCTION_OF_F_<=_FACTR*EPSMCH"", ""optimizer_success"": true}"
PLVIRA,PLVIRA,zalesak,2,128,52,50,reconstructed,0.6002195918900892,0.6002195918900894,2.220446049250313e-16,0.06678543771588073,0.06666666666666667,0.000118771049214067,8.270035546245892e-10,True,height_function,"{""curvature"": 0.06678543771588073, ""curvature_source"": ""cartesian-ghf"", ""ghf_diagnostic"": ""complete three-column height function"", ""ghf_direction"": ""y"", ""ghf_fit_points"": 0, ""ghf_height_points"": 3, ""ghf_independent_points"": 3, ""ghf_method"": ""height_function"", ""interval_count"": 1, ""objective"": 8.270035546245892e-10, ""optimizer_message"": ""CONVERGENCE: NORM_OF_PROJECTED_GRADIENT_<=_PGTOL"", ""optimizer_success"": true}"
PLVIRA,PLVIRA,zalesak,2,128,52,78,reconstructed,0.5252897705924475,0.5252897705924507,3.219646771412954e-15,0.06678543771653596,0.06666666666666667,0.00011877104986929288,2.2707322215839887e-10,True,height_function,"{""curvature"": 0.06678543771653596, ""curvature_source"": ""cartesian-ghf"", ""ghf_diagnostic"": ""complete three-column height function"", ""ghf_direction"": ""y"", ""ghf_fit_points"": 0, ""ghf_height_points"": 3, ""ghf_independent_points"": 3, ""ghf_method"": ""height_function"", ""interval_count"": 1, ""objective"": 2.2707322215839887e-10, ""optimizer_message"": ""CONVERGENCE: NORM_OF_PROJECTED_GRADIENT_<=_PGTOL"", ""optimizer_success"": true}"
PLVIRA,PLVIRA,zalesak,2,128,52,79,reconstructed,0.04749777822122647,0.047497778221225986,4.85722573273506e-16,0.06678543771653614,0.06666666666666667,0.00011877104986947329,7.038141767133325e-10,True,height_function,"{""curvature"": 0.06678543771653614, ""curvature_source"": ""cartesian-ghf"", ""ghf_diagnostic"": ""complete three-column height function"", ""ghf_direction"": ""y"", ""ghf_fit_points"": 0, ""ghf_height_points"": 3, ""ghf_independent_points"": 3, ""ghf_method"": ""height_function"", ""interval_count"": 1, ""objective"": 7.038141767133325e-10, ""optimizer_message"": ""CONVERGENCE: REL_REDUCTION_OF_F_<=_FACTR*EPSMCH"", ""optimizer_success"": true}"
PLVIRA,PLVIRA,zalesak,2,128,53,48,reconstructed,0.07728609404052023,0.07728609404051098,9.242606680004428e-15,0.06677306305521401,0.06666666666666667,0.00010639638854734179,1.9594157684092332e-10,True,height_function,"{""curvature"": 0.06677306305521401, ""curvature_source"": ""cartesian-ghf"", ""ghf_diagnostic"": ""complete three-column height function"", ""ghf_direction"": ""y"", ""ghf_fit_points"": 0, ""ghf_height_points"": 3, ""ghf_independent_points"": 3, ""ghf_method"": ""height_function"", ""interval_count"": 1, ""objective"": 1.9594157684092332e-10, ""optimizer_message"": ""CONVERGENCE: REL_REDUCTION_OF_F_<=_FACTR*EPSMCH"", ""optimizer_success"": true}"
PLVIRA,PLVIRA,zalesak,2,128,53,49,reconstructed,0.5705282000754224,0.5705282000754242,1.7763568394002505e-15,0.06677306305521401,0.06666666666666667,0.00010639638854734179,2.7083286747188526e-10,True,height_function,"{""curvature"": 0.06677306305521401, ""curvature_source"": ""cartesian-ghf"", ""ghf_diagnostic"": ""complete three-column height function"", ""ghf_direction"": ""y"", ""ghf_fit_points"": 0, ""ghf_height_points"": 3, ""ghf_independent_points"": 3, ""ghf_method"": ""height_function"", ""interval_count"": 1, ""objective"": 2.7083286747188526e-10, ""optimizer_message"": ""CONVERGENCE: REL_REDUCTION_OF_F_<=_FACTR*EPSMCH"", ""optimizer_success"": true}"
PLVIRA,PLVIRA,zalesak,2,128,53,79,reconstructed,0.4450872128392769,0.44508721283927577,1.1102230246251565e-15,0.0667730630547455,0.06666666666666667,0.00010639638807882768,6.475358254160227e-11,True,height_function,"{""curvature"": 0.0667730630547455, ""curvature_source"": ""cartesian-ghf"", ""ghf_diagnostic"": ""complete three-column height function"", ""ghf_direction"": ""y"", ""ghf_fit_points"": 0, ""ghf_height_points"": 3, ""ghf_independent_points"": 3, ""ghf_method"": ""height_function"", ""interval_count"": 1, ""objective"": 6.475358254160227e-11, ""optimizer_message"": ""CONVERGENCE: REL_REDUCTION_OF_F_<=_FACTR*EPSMCH"", ""optimizer_success"": true}"
PLVIRA,PLVIRA,zalesak,2,128,53,80,reconstructed,0.004394577336422456,0.004394577336422546,9.020562075079397e-17,0.0667730630547455,0.06666666666666667,0.00010639638807882768,5.030104557363606e-10,True,height_function,"{""curvature"": 0.0667730630547455, ""curvature_source"": ""cartesian-ghf"", ""ghf_diagnostic"": ""complete three-column height function"", ""ghf_direction"": ""y"", ""ghf_fit_points"": 0, ""ghf_height_points"": 3, ""ghf_independent_points"": 3, ""ghf_method"": ""height_function"", ""interval_count"": 1, ""objective"": 5.030104557363606e-10, ""optimizer_message"": ""CONVERGENCE: REL_REDUCTION_OF_F_<=_FACTR*EPSMCH"", ""optimizer_success"": true}"
PLVIRA,PLVIRA,zalesak,2,128,54,47,reconstructed,0.002861942625687064,0.002861942625686866,1.97758476261356e-16,0.06676383525800494,0.06666666666666667,9.71685913382786e-05,2.71401544242987e-10,True,height_function,"{""curvature"": 0.06676383525800494, ""curvature_source"": ""cartesian-ghf"", ""ghf_diagnostic"": ""complete three-column height function"", ""ghf_direction"": ""y"", ""ghf_fit_points"": 0, ""ghf_height_points"": 3, ""ghf_independent_points"": 3, ""ghf_method"": ""height_function"", ""interval_count"": 1, ""objective"": 2.71401544242987e-10, ""optimizer_message"": ""CONVERGENCE: REL_REDUCTION_OF_F_<=_FACTR*EPSMCH"", ""optimizer_success"": true}"
PLVIRA,PLVIRA,zalesak,2,128,54,48,reconstructed,0.4597063687189511,0.459706368718951,1.1102230246251565e-16,0.06676383525800494,0.06666666666666667,9.71685913382786e-05,8.331296889727368e-11,True,height_function,"{""curvature"": 0.06676383525800494, ""curvature_source"": ""cartesian-ghf"", ""ghf_diagnostic"": ""complete three-column height function"", ""ghf_direction"": ""y"", ""ghf_fit_points"": 0, ""ghf_height_points"": 3, ""ghf_independent_points"": 3, ""ghf_method"": ""height_function"", ""interval_count"": 1, ""objective"": 8.331296889727368e-11, ""optimizer_message"": ""CONVERGENCE: NORM_OF_PROJECTED_GRADIENT_<=_PGTOL"", ""optimizer_success"": true}"
PLVIRA,PLVIRA,zalesak,2,128,54,71,reconstructed,0.6099823394988562,0.6099823394988562,0.0,-0.20447133504766887,0.0,0.20447133504766887,0.013518172356955483,True,height_function,"{""curvature"": -0.20447133504766887, ""curvature_source"": ""cartesian-ghf"", ""ghf_diagnostic"": ""complete three-column height function"", ""ghf_direction"": ""x"", ""ghf_fit_points"": 0, ""ghf_height_points"": 3, ""ghf_independent_points"": 3, ""ghf_method"": ""height_function"", ""interval_count"": 1, ""objective"": 0.013518172356955483, ""optimizer_message"": ""CONVERGENCE: NORM_OF_PROJECTED_GRADIENT_<=_PGTOL"", ""optimizer_success"": true}"
PLVIRA,PLVIRA,zalesak,2,128,54,72,reconstructed,0.5042065180994086,0.5042065180994089,2.220446049250313e-16,-1.7881356054462925,0.0,1.7881356054462925,0.015509500231336007,True,height_function,"{""curvature"": -1.7881356054462925, ""curvature_source"": ""cartesian-ghf"", ""ghf_diagnostic"": ""complete three-column height function"", ""ghf_direction"": ""x"", ""ghf_fit_points"": 0, ""ghf_height_points"": 3, ""ghf_independent_points"": 3, ""ghf_method"": ""height_function"", ""interval_count"": 1, ""objective"": 0.015509500231336007, ""optimizer_message"": ""CONVERGENCE: NORM_OF_PROJECTED_GRADIENT_<=_PGTOL"", ""optimizer_success"": true}"
PLVIRA,PLVIRA,zalesak,2,128,54,80,reconstructed,0.26423580740453545,0.26423580740453456,8.881784197001252e-16,0.06676383525782822,0.06666666666666667,9.716859116155885e-05,5.882174882775248e-11,True,height_function,"{""curvature"": 0.06676383525782822, ""curvature_source"": ""cartesian-ghf"", ""ghf_diagnostic"": ""complete three-column height function"", ""ghf_direction"": ""y"", ""ghf_fit_points"": 0, ""ghf_height_points"": 3, ""ghf_independent_points"": 3, ""ghf_method"": ""height_function"", ""interval_count"": 1, ""objective"": 5.882174882775248e-11, ""optimizer_message"": ""CONVERGENCE: REL_REDUCTION_OF_F_<=_FACTR*EPSMCH"", ""optimizer_success"": true}"
PLVIRA,PLVIRA,zalesak,2,128,55,47,reconstructed,0.22315326134816263,0.22315326134816366,1.0269562977782698e-15,0.0667567590054799,0.06666666666666667,9.009233881322742e-05,5.891261027143134e-11,True,height_function,"{""curvature"": 0.0667567590054799, ""curvature_source"": ""cartesian-ghf"", ""ghf_diagnostic"": ""complete three-column height function"", ""ghf_direction"": ""y"", ""ghf_fit_points"": 0, ""ghf_height_points"": 3, ""ghf_independent_points"": 3, ""ghf_method"": ""height_function"", ""interval_count"": 1, ""objective"": 5.891261027143134e-11, ""optimizer_message"": ""CONVERGENCE: REL_REDUCTION_OF_F_<=_FACTR*EPSMCH"", ""optimizer_success"": true}"
PLVIRA,PLVIRA,zalesak,2,128,55,70,reconstructed,0.5847650320572484,0.5847650320572484,0.0,0.0,0.0,0.0,2.372537480456342e-19,True,height_function,"{""curvature"": 0.0, ""curvature_source"": ""cartesian-ghf"", ""ghf_diagnostic"": ""complete three-column height function"", ""ghf_direction"": ""x"", ""ghf_fit_points"": 0, ""ghf_height_points"": 3, ""ghf_independent_points"": 3, ""ghf_method"": ""height_function"", ""interval_count"": 1, ""objective"": 2.372537480456342e-19, ""optimizer_message"": ""CONVERGENCE: NORM_OF_PROJECTED_GRADIENT_<=_PGTOL"", ""optimizer_success"": true}"
PLVIRA,PLVIRA,zalesak,2,128,55,71,reconstructed,0.21837373102221136,0.2183737310222113,5.551115123125783e-17,-0.20447133504766887,0.0,0.20447133504766887,0.0013188396780538375,True,height_function,"{""curvature"": -0.20447133504766887, ""curvature_source"": ""cartesian-ghf"", ""ghf_diagnostic"": ""complete three-column height function"", ""ghf_direction"": ""x"", ""ghf_fit_points"": 0, ""ghf_height_points"": 3, ""ghf_independent_points"": 3, ""ghf_method"": ""height_function"", ""interval_count"": 1, ""objective"": 0.0013188396780538375, ""optimizer_message"": ""CONVERGENCE: NORM_OF_PROJECTED_GRADIENT_<=_PGTOL"", ""optimizer_success"": true}"
PLVIRA,PLVIRA,zalesak,2,128,55,72,reconstructed,0.014286306959093054,0.014286306959093206,1.5265566588595902e-16,-1.788135605446293,0.0,1.788135605446293,0.0695812114412587,True,height_function,"{""curvature"": -1.788135605446293, ""curvature_source"": ""cartesian-ghf"", ""ghf_diagnostic"": ""complete three-column height function"", ""ghf_direction"": ""x"", ""ghf_fit_points"": 0, ""ghf_height_points"": 3, ""ghf_independent_points"": 3, ""ghf_method"": ""height_function"", ""interval_count"": 2, ""objective"": 0.0695812114412587, ""optimizer_message"": ""CONVERGENCE: REL_REDUCTION_OF_F_<=_FACTR*EPSMCH"", ""optimizer_success"": true}"
PLVIRA,PLVIRA,zalesak,2,128,55,73,reconstructed,0.4756665349871127,0.4756665349871264,1.3711254354120683e-14,-0.0878706678385096,0.0,0.0878706678385096,0.004329830943541315,True,height_function,"{""curvature"": -0.0878706678385096, ""curvature_source"": ""cartesian-ghf"", ""ghf_diagnostic"": ""complete three-column height function"", ""ghf_direction"": ""x"", ""ghf_fit_points"": 0, ""ghf_height_points"": 3, ""ghf_independent_points"": 3, ""ghf_method"": ""height_function"", ""interval_count"": 1, ""objective"": 0.004329830943541315, ""optimizer_message"": ""CONVERGENCE: NORM_OF_PROJECTED_GRADIENT_<=_PGTOL"", ""optimizer_success"": true}"
PLVIRA,PLVIRA,zalesak,2,128,55,80,reconstructed,0.5784997319504881,0.5784997319504882,1.1102230246251565e-16,0.06675675900618584,0.06666666666666667,9.009233951917661e-05,8.792974888738111e-11,True,height_function,"{""curvature"": 0.06675675900618584, ""curvature_source"": ""cartesian-ghf"", ""ghf_diagnostic"": ""complete three-column height function"", ""ghf_direction"": ""y"", ""ghf_fit_points"": 0, ""ghf_height_points"": 3, ""ghf_independent_points"": 3, ""ghf_method"": ""height_function"", ""interval_count"": 1, ""objective"": 8.792974888738111e-11, ""optimizer_message"": ""CONVERGENCE: NORM_OF_PROJECTED_GRADIENT_<=_PGTOL"", ""optimizer_success"": true}"
PLVIRA,PLVIRA,zalesak,2,128,55,81,reconstructed,0.056672587957831144,0.056672587957831005,1.3877787807814457e-16,0.06675675900618584,0.06666666666666667,9.009233951917661e-05,6.620812839818111e-11,True,height_function,"{""curvature"": 0.06675675900618584, ""curvature_source"": ""cartesian-ghf"", ""ghf_diagnostic"": ""complete three-column height function"", ""ghf_direction"": ""y"", ""ghf_fit_points"": 0, ""ghf_height_points"": 3, ""ghf_independent_points"": 3, ""ghf_method"": ""height_function"", ""interval_count"": 1, ""objective"": 6.620812839818111e-11, ""optimizer_message"": ""CONVERGENCE: REL_REDUCTION_OF_F_<=_FACTR*EPSMCH"", ""optimizer_success"": true}"
PLVIRA,PLVIRA,zalesak,2,128,56,46,reconstructed,0.011787896558999034,0.011787896558994461,4.5727310826748635e-15,0.06675123187353772,0.06666666666666667,8.456520687105673e-05,1.0720920200892996e-10,True,height_function,"{""curvature"": 0.06675123187353772, ""curvature_source"": ""cartesian-ghf"", ""ghf_diagnostic"": ""complete three-column height function"", ""ghf_direction"": ""y"", ""ghf_fit_points"": 0, ""ghf_height_points"": 3, ""ghf_independent_points"": 3, ""ghf_method"": ""height_function"", ""interval_count"": 1, ""objective"": 1.0720920200892996e-10, ""optimizer_message"": ""CONVERGENCE: REL_REDUCTION_OF_F_<=_FACTR*EPSMCH"", ""optimizer_success"": true}"
PLVIRA,PLVIRA,zalesak,2,128,56,47,reconstructed,0.5338778384745995,0.5338778384746015,1.9984014443252818e-15,0.06675123187353772,0.06666666666666667,8.456520687105673e-05,1.2011867538172971e-11,True,height_function,"{""curvature"": 0.06675123187353772, ""curvature_source"": ""cartesian-ghf"", ""ghf_diagnostic"": ""complete three-column height function"", ""ghf_direction"": ""y"", ""ghf_fit_points"": 0, ""ghf_height_points"": 3, ""ghf_independent_points"": 3, ""ghf_method"": ""height_function"", ""interval_count"": 1, ""objective"": 1.2011867538172971e-11, ""optimizer_message"": ""CONVERGENCE: REL_REDUCTION_OF_F_<=_FACTR*EPSMCH"", ""optimizer_success"": true}"
PLVIRA,PLVIRA,zalesak,2,128,56,69,reconstructed,0.5199306949007223,0.5199306949007227,4.440892098500626e-16,0.0,0.0,0.0,1.5251085782744047e-15,True,height_function,"{""curvature"": 0.0, ""curvature_source"": ""cartesian-ghf"", ""ghf_diagnostic"": ""complete three-column height function"", ""ghf_direction"": ""x"", ""ghf_fit_points"": 0, ""ghf_height_points"": 3, ""ghf_independent_points"": 3, ""ghf_method"": ""height_function"", ""interval_count"": 1, ""objective"": 1.5251085782744047e-15, ""optimizer_message"": ""CONVERGENCE: REL_REDUCTION_OF_F_<=_FACTR*EPSMCH"", ""optimizer_success"": true}"
PLVIRA,PLVIRA,zalesak,2,128,56,70,reconstructed,0.10664275682142943,0.10664275682142944,1.3877787807814457e-17,0.0,0.0,0.0,1.6960965107098574e-16,True,height_function,"{""curvature"": 0.0, ""curvature_source"": ""cartesian-ghf"", ""ghf_diagnostic"": ""complete three-column height function"", ""ghf_direction"": ""x"", ""ghf_fit_points"": 0, ""ghf_height_points"": 3, ""ghf_independent_points"": 3, ""ghf_method"": ""height_function"", ""interval_count"": 1, ""objective"": 1.6960965107098574e-16, ""optimizer_message"": ""CONVERGENCE: REL_REDUCTION_OF_F_<=_FACTR*EPSMCH"", ""optimizer_success"": true}"
PLVIRA,PLVIRA,zalesak,2,128,56,73,reconstructed,0.06773946618386617,0.06773946618386617,0.0,-0.0878706678385096,0.0,0.0878706678385096,0.005322871569425578,True,height_function,"{""curvature"": -0.0878706678385096, ""curvature_source"": ""cartesian-ghf"", ""ghf_diagnostic"": ""complete three-column height function"", ""ghf_direction"": ""x"", ""ghf_fit_points"": 0, ""ghf_height_points"": 3, ""ghf_independent_points"": 3, ""ghf_method"": ""height_function"", ""interval_count"": 1, ""objective"": 0.005322871569425578, ""optimizer_message"": ""CONVERGENCE: REL_REDUCTION_OF_F_<=_FACTR*EPSMCH"", ""optimizer_success"": true}"
PLVIRA,PLVIRA,zalesak,2,128,56,74,reconstructed,0.5591616574047293,0.5591616574047293,0.0,0.0,0.0,0.0,2.1343220008944448e-15,True,degenerate_zero,"{""curvature"": 0.0, ""curvature_source"": ""cartesian-ghf"", ""ghf_diagnostic"": ""fewer than three independent 3x3 PLIC fragment centroids"", ""ghf_direction"": null, ""ghf_fit_points"": 5, ""ghf_height_points"": 4, ""ghf_independent_points"": 1, ""ghf_method"": ""degenerate_zero"", ""interval_count"": 1, ""objective"": 2.1343220008944448e-15, ""optimizer_message"": ""CONVERGENCE: REL_REDUCTION_OF_F_<=_FACTR*EPSMCH"", ""optimizer_success"": true}"
PLVIRA,PLVIRA,zalesak,2,128,56,81,reconstructed,0.34733323109350245,0.34733323109350245,0.0,0.06675123187303028,0.06666666666666667,8.456520636361542e-05,1.3451271499507686e-10,True,height_function,"{""curvature"": 0.06675123187303028, ""curvature_source"": ""cartesian-ghf"", ""ghf_diagnostic"": ""complete three-column height function"", ""ghf_direction"": ""y"", ""ghf_fit_points"": 0, ""ghf_height_points"": 3, ""ghf_independent_points"": 3, ""ghf_method"": ""height_function"", ""interval_count"": 1, ""objective"": 1.3451271499507686e-10, ""optimizer_message"": ""CONVERGENCE: REL_REDUCTION_OF_F_<=_FACTR*EPSMCH"", ""optimizer_success"": true}"
PLVIRA,PLVIRA,zalesak,2,128,57,46,reconstructed,0.21375097070554624,0.21375097070554663,3.885780586188048e-16,0.06674686785419409,0.06666666666666667,8.020118752742611e-05,2.990918773396941e-11,True,height_function,"{""curvature"": 0.06674686785419409, ""curvature_source"": ""cartesian-ghf"", ""ghf_diagnostic"": ""complete three-column height function"", ""ghf_direction"": ""y"", ""ghf_fit_points"": 0, ""ghf_height_points"": 3, ""ghf_independent_points"": 3, ""ghf_method"": ""height_function"", ""interval_count"": 1, ""objective"": 2.990918773396941e-11, ""optimizer_message"": ""CONVERGENCE: NORM_OF_PROJECTED_GRADIENT_<=_PGTOL"", ""optimizer_success"": true}"
PLVIRA,PLVIRA,zalesak,2,128,57,68,reconstructed,0.4154793280295052,0.4154793280295053,1.1102230246251565e-16,2.351274994659852e-13,0.0,2.351274994659852e-13,4.947103314267918e-18,True,height_function,"{""curvature"": 2.351274994659852e-13, ""curvature_source"": ""cartesian-ghf"", ""ghf_diagnostic"": ""complete three-column height function"", ""ghf_direction"": ""x"", ""ghf_fit_points"": 0, ""ghf_height_points"": 3, ""ghf_independent_points"": 3, ""ghf_method"": ""height_function"", ""interval_count"": 1, ""objective"": 4.947103314267918e-18, ""optimizer_message"": ""CONVERGENCE: NORM_OF_PROJECTED_GRADIENT_<=_PGTOL"", ""optimizer_success"": true}"
PLVIRA,PLVIRA,zalesak,2,128,57,69,reconstructed,0.03452881233556582,0.03452881233556583,1.3877787807814457e-17,0.0,0.0,0.0,4.4451780732937e-19,True,height_function,"{""curvature"": 0.0, ""curvature_source"": ""cartesian-ghf"", ""ghf_diagnostic"": ""complete three-column height function"", ""ghf_direction"": ""x"", ""ghf_fit_points"": 0, ""ghf_height_points"": 3, ""ghf_independent_points"": 3, ""ghf_method"": ""height_function"", ""interval_count"": 1, ""objective"": 4.4451780732937e-19, ""optimizer_message"": ""CONVERGENCE: NORM_OF_PROJECTED_GRADIENT_<=_PGTOL"", ""optimizer_success"": true}"
PLVIRA,PLVIRA,zalesak,2,128,57,74,reconstructed,0.1608096551235576,0.16080965512355774,1.3877787807814457e-16,-1.7948664081368066e-16,0.0,1.7948664081368066e-16,4.124174210606681e-17,True,height_function,"{""curvature"": -1.7948664081368066e-16, ""curvature_source"": ""cartesian-ghf"", ""ghf_diagnostic"": ""complete three-column height function"", ""ghf_direction"": ""y"", ""ghf_fit_points"": 0, ""ghf_height_points"": 3, ""ghf_independent_points"": 3, ""ghf_method"": ""height_function"", ""interval_count"": 1, ""objective"": 4.124174210606681e-17, ""optimizer_message"": ""CONVERGENCE: REL_REDUCTION_OF_F_<=_FACTR*EPSMCH"", ""optimizer_success"": true}"
PLVIRA,PLVIRA,zalesak,2,128,57,75,reconstructed,0.6030397501074276,0.6030397501074278,2.220446049250313e-16,-1.7948664081368066e-16,0.0,1.7948664081368066e-16,6.126796351526175e-21,True,height_function,"{""curvature"": -1.7948664081368066e-16, ""curvature_source"": ""cartesian-ghf"", ""ghf_diagnostic"": ""complete three-column height function"", ""ghf_direction"": ""y"", ""ghf_fit_points"": 0, ""ghf_height_points"": 3, ""ghf_independent_points"": 3, ""ghf_method"": ""height_function"", ""interval_count"": 1, ""objective"": 6.126796351526175e-21, ""optimizer_message"": ""CONVERGENCE: NORM_OF_PROJECTED_GRADIENT_<=_PGTOL"", ""optimizer_success"": true}"
PLVIRA,PLVIRA,zalesak,2,128,57,81,reconstructed,0.5853038437056166,0.5853038437056177,1.1102230246251565e-15,0.06674686785477166,0.06666666666666667,8.020118810499188e-05,3.1832128976002117e-11,True,height_function,"{""curvature"": 0.06674686785477166, ""curvature_source"": ""cartesian-ghf"", ""ghf_diagnostic"": ""complete three-column height function"", ""ghf_direction"": ""y"", ""ghf_fit_points"": 0, ""ghf_height_points"": 3, ""ghf_independent_points"": 3, ""ghf_method"": ""height_function"", ""interval_count"": 1, ""objective"": 3.1832128976002117e-11, ""optimizer_message"": ""CONVERGENCE: NORM_OF_PROJECTED_GRADIENT_<=_PGTOL"", ""optimizer_success"": true}"
PLVIRA,PLVIRA,zalesak,2,128,57,82,reconstructed,0.04046618555992243,0.04046618555992415,1.7208456881689926e-15,0.06674686785477166,0.06666666666666667,8.020118810499188e-05,2.5987433171773732e-11,True,height_function,"{""curvature"": 0.06674686785477166, ""curvature_source"": ""cartesian-ghf"", ""ghf_diagnostic"": ""complete three-column height function"", ""ghf_direction"": ""y"", ""ghf_fit_points"": 0, ""ghf_height_points"": 3, ""ghf_independent_points"": 3, ""ghf_method"": ""height_function"", ""interval_count"": 1, ""objective"": 2.5987433171773732e-11, ""optimizer_message"": ""CONVERGENCE: REL_REDUCTION_OF_F_<=_FACTR*EPSMCH"", ""optimizer_success"": true}"
PLVIRA,PLVIRA,zalesak,2,128,58,46,reconstructed,0.4514544937518785,0.4514544937518791,6.106226635438361e-16,0.0667434090931575,0.06666666666666667,7.67424264908334e-05,1.927460817460147e-11,True,height_function,"{""curvature"": 0.0667434090931575, ""curvature_source"": ""cartesian-ghf"", ""ghf_diagnostic"": ""complete three-column height function"", ""ghf_direction"": ""y"", ""ghf_fit_points"": 0, ""ghf_height_points"": 3, ""ghf_independent_points"": 3, ""ghf_method"": ""height_function"", ""interval_count"": 1, ""objective"": 1.927460817460147e-11, ""optimizer_message"": ""CONVERGENCE: NORM_OF_PROJECTED_GRADIENT_<=_PGTOL"", ""optimizer_success"": true}"
PLVIRA,PLVIRA,zalesak,2,128,58,66,reconstructed,0.6011995499920886,0.6011995499920886,0.0,7.057414716795829e-13,0.0,7.057414716795829e-13,5.069242647930441e-22,True,height_function,"{""curvature"": 7.057414716795829e-13, ""curvature_source"": ""cartesian-ghf"", ""ghf_diagnostic"": ""complete three-column height function"", ""ghf_direction"": ""x"", ""ghf_fit_points"": 0, ""ghf_height_points"": 3, ""ghf_independent_points"": 3, ""ghf_method"": ""height_function"", ""interval_count"": 1, ""objective"": 5.069242647930441e-22, ""optimizer_message"": ""CONVERGENCE: NORM_OF_PROJECTED_GRADIENT_<=_PGTOL"", ""optimizer_success"": true}"
PLVIRA,PLVIRA,zalesak,2,128,58,67,reconstructed,0.28056294395128134,0.2805629439512814,5.551115123125783e-17,-4.704344855726567e-13,0.0,4.704344855726567e-13,2.224730298338159e-21,True,height_function,"{""curvature"": -4.704344855726567e-13, ""curvature_source"": ""cartesian-ghf"", ""ghf_diagnostic"": ""complete three-column height function"", ""ghf_direction"": ""x"", ""ghf_fit_points"": 0, ""ghf_height_points"": 3, ""ghf_independent_points"": 3, ""ghf_method"": ""height_function"", ""interval_count"": 1, ""objective"": 2.224730298338159e-21, ""optimizer_message"": ""CONVERGENCE: NORM_OF_PROJECTED_GRADIENT_<=_PGTOL"", ""optimizer_success"": true}"
PLVIRA,PLVIRA,zalesak,2,128,58,68,reconstructed,0.002031897564393148,0.0020318975643931654,1.734723475976807e-17,2.351274994659852e-13,0.0,2.351274994659852e-13,5.422574851924192e-18,True,height_function,"{""curvature"": 2.351274994659852e-13, ""curvature_source"": ""cartesian-ghf"", ""ghf_diagnostic"": ""complete three-column height function"", ""ghf_direction"": ""x"", ""ghf_fit_points"": 0, ""ghf_height_points"": 3, ""ghf_independent_points"": 3, ""ghf_method"": ""height_function"", ""interval_count"": 1, ""objective"": 5.422574851924192e-18, ""optimizer_message"": ""CONVERGENCE: NORM_OF_PROJECTED_GRADIENT_<=_PGTOL"", ""optimizer_success"": true}"
PLVIRA,PLVIRA,zalesak,2,128,58,75,reconstructed,0.2904461243733749,0.29044612437337475,1.6653345369377348e-16,-0.08966061373124606,0.0,0.08966061373124606,0.00011981489995139783,True,height_function,"{""curvature"": -0.08966061373124606, ""curvature_source"": ""cartesian-ghf"", ""ghf_diagnostic"": ""complete three-column height function"", ""ghf_direction"": ""y"", ""ghf_fit_points"": 0, ""ghf_height_points"": 3, ""ghf_independent_points"": 3, ""ghf_method"": ""height_function"", ""interval_count"": 1, ""objective"": 0.00011981489995139783, ""optimizer_message"": ""CONVERGENCE: NORM_OF_PROJECTED_GRADIENT_<=_PGTOL"", ""optimizer_success"": true}"
PLVIRA,PLVIRA,zalesak,2,128,58,82,reconstructed,0.25312198981161416,0.2531219898116144,2.220446049250313e-16,0.06674340909197403,0.06666666666666667,7.674242530736342e-05,7.790407057489957e-11,True,height_function,"{""curvature"": 0.06674340909197403, ""curvature_source"": ""cartesian-ghf"", ""ghf_diagnostic"": ""complete three-column height function"", ""ghf_direction"": ""y"", ""ghf_fit_points"": 0, ""ghf_height_points"": 3, ""ghf_independent_points"": 3, ""ghf_method"": ""height_function"", ""interval_count"": 1, ""objective"": 7.790407057489957e-11, ""optimizer_message"": ""CONVERGENCE: NORM_OF_PROJECTED_GRADIENT_<=_PGTOL"", ""optimizer_success"": true}"
PLVIRA,PLVIRA,zalesak,2,128,59,45,reconstructed,0.04781137511668998,0.04781137511667999,9.992007221626409e-15,0.06674067813601801,0.06666666666666667,7.401146935134828e-05,4.7894934553977546e-12,True,height_function,"{""curvature"": 0.06674067813601801, ""curvature_source"": ""cartesian-ghf"", ""ghf_diagnostic"": ""complete three-column height function"", ""ghf_direction"": ""y"", ""ghf_fit_points"": 0, ""ghf_height_points"": 3, ""ghf_independent_points"": 3, ""ghf_method"": ""height_function"", ""interval_count"": 1, ""objective"": 4.7894934553977546e-12, ""optimizer_message"": ""CONVERGENCE: NORM_OF_PROJECTED_GRADIENT_<=_PGTOL"", ""optimizer_success"": true}"
PLVIRA,PLVIRA,zalesak,2,128,59,46,reconstructed,0.6032030049855346,0.6032030049855331,1.4432899320127035e-15,0.06674067813601801,0.06666666666666667,7.401146935134828e-05,1.4824680889184043e-11,True,height_function,"{""curvature"": 0.06674067813601801, ""curvature_source"": ""cartesian-ghf"", ""ghf_diagnostic"": ""complete three-column height function"", ""ghf_direction"": ""y"", ""ghf_fit_points"": 0, ""ghf_height_points"": 3, ""ghf_independent_points"": 3, ""ghf_method"": ""height_function"", ""interval_count"": 1, ""objective"": 1.4824680889184043e-11, ""optimizer_message"": ""CONVERGENCE: NORM_OF_PROJECTED_GRADIENT_<=_PGTOL"", ""optimizer_success"": true}"
PLVIRA,PLVIRA,zalesak,2,128,59,65,reconstructed,0.5544624053334246,0.5544624053334247,1.1102230246251565e-16,-7.059209583203968e-13,0.0,7.059209583203968e-13,5.0551718046957665e-15,True,height_function,"{""curvature"": -7.059209583203968e-13, ""curvature_source"": ""cartesian-ghf"", ""ghf_diagnostic"": ""complete three-column height function"", ""ghf_direction"": ""x"", ""ghf_fit_points"": 0, ""ghf_height_points"": 3, ""ghf_independent_points"": 3, ""ghf_method"": ""height_function"", ""interval_count"": 1, ""objective"": 5.0551718046957665e-15, ""optimizer_message"": ""CONVERGENCE: REL_REDUCTION_OF_F_<=_FACTR*EPSMCH"", ""optimizer_success"": true}"
PLVIRA,PLVIRA,zalesak,2,128,59,66,reconstructed,0.15276667481703046,0.15276667481703093,4.718447854656915e-16,7.059209583203968e-13,0.0,7.059209583203968e-13,2.8565559903415224e-19,True,height_function,"{""curvature"": 7.059209583203968e-13, ""curvature_source"": ""cartesian-ghf"", ""ghf_diagnostic"": ""complete three-column height function"", ""ghf_direction"": ""x"", ""ghf_fit_points"": 0, ""ghf_height_points"": 3, ""ghf_independent_points"": 3, ""ghf_method"": ""height_function"", ""interval_count"": 1, ""objective"": 2.8565559903415224e-19, ""optimizer_message"": ""CONVERGENCE: NORM_OF_PROJECTED_GRADIENT_<=_PGTOL"", ""optimizer_success"": true}"
PLVIRA,PLVIRA,zalesak,2,128,59,75,reconstructed,0.0034968169197782117,0.003496816919775398,2.813721478034381e-15,-1.8939072503332035,0.0,1.8939072503332035,0.028663044106824964,True,height_function,"{""curvature"": -1.8939072503332035, ""curvature_source"": ""cartesian-ghf"", ""ghf_diagnostic"": ""complete three-column height function"", ""ghf_direction"": ""y"", ""ghf_fit_points"": 0, ""ghf_height_points"": 3, ""ghf_independent_points"": 3, ""ghf_method"": ""height_function"", ""interval_count"": 2, ""objective"": 0.028663044106824964, ""optimizer_message"": ""CONVERGENCE: NORM_OF_PROJECTED_GRADIENT_<=_PGTOL"", ""optimizer_success"": true}"
PLVIRA,PLVIRA,zalesak,2,128,59,76,reconstructed,0.5028672342132268,0.5028672342132268,0.0,-1.8939072503332035,0.0,1.8939072503332035,0.003476401026233208,True,height_function,"{""curvature"": -1.8939072503332035, ""curvature_source"": ""cartesian-ghf"", ""ghf_diagnostic"": ""complete three-column height function"", ""ghf_direction"": ""y"", ""ghf_fit_points"": 0, ""ghf_height_points"": 3, ""ghf_independent_points"": 3, ""ghf_method"": ""height_function"", ""interval_count"": 1, ""objective"": 0.003476401026233208, ""optimizer_message"": ""CONVERGENCE: NORM_OF_PROJECTED_GRADIENT_<=_PGTOL"", ""optimizer_success"": true}"
PLVIRA,PLVIRA,zalesak,2,128,59,82,reconstructed,0.45268187616237476,0.45268187616237815,3.3861802251067274e-15,0.06674067813701391,0.06666666666666667,7.401147034724609e-05,4.444082086784163e-11,True,height_function,"{""curvature"": 0.06674067813701391, ""curvature_source"": ""cartesian-ghf"", ""ghf_diagnostic"": ""complete three-column height function"", ""ghf_direction"": ""y"", ""ghf_fit_points"": 0, ""ghf_height_points"": 3, ""ghf_independent_points"": 3, ""ghf_method"": ""height_function"", ""interval_count"": 1, ""objective"": 4.444082086784163e-11, ""optimizer_message"": ""CONVERGENCE: NORM_OF_PROJECTED_GRADIENT_<=_PGTOL"", ""optimizer_success"": true}"
PLVIRA,PLVIRA,zalesak,2,128,60,45,reconstructed,0.20408541541793657,0.20408541541793512,1.4432899320127035e-15,0.0667385505088588,0.06666666666666667,7.188384219213029e-05,6.35224377880466e-11,True,height_function,"{""curvature"": 0.0667385505088588, ""curvature_source"": ""cartesian-ghf"", ""ghf_diagnostic"": ""complete three-column height function"", ""ghf_direction"": ""y"", ""ghf_fit_points"": 0, ""ghf_height_points"": 3, ""ghf_independent_points"": 3, ""ghf_method"": ""height_function"", ""interval_count"": 1, ""objective"": 6.35224377880466e-11, ""optimizer_message"": ""CONVERGENCE: REL_REDUCTION_OF_F_<=_FACTR*EPSMCH"", ""optimizer_success"": true}"
PLVIRA,PLVIRA,zalesak,2,128,60,64,reconstructed,0.4681082309602971,0.46810823096029286,4.218847493575595e-15,4.704344855726567e-13,0.0,4.704344855726567e-13,3.8046607587699695e-16,True,height_function,"{""curvature"": 4.704344855726567e-13, ""curvature_source"": ""cartesian-ghf"", ""ghf_diagnostic"": ""complete three-column height function"", ""ghf_direction"": ""x"", ""ghf_fit_points"": 0, ""ghf_height_points"": 3, ""ghf_independent_points"": 3, ""ghf_method"": ""height_function"", ""interval_count"": 1, ""objective"": 3.8046607587699695e-16, ""optimizer_message"": ""CONVERGENCE: REL_REDUCTION_OF_F_<=_FACTR*EPSMCH"", ""optimizer_success"": true}"
PLVIRA,PLVIRA,zalesak,2,128,60,65,reconstructed,0.06255553783284995,0.06255553783284995,0.0,-7.059209583203968e-13,0.0,7.059209583203968e-13,1.0111141363358156e-14,True,height_function,"{""curvature"": -7.059209583203968e-13, ""curvature_source"": ""cartesian-ghf"", ""ghf_diagnostic"": ""complete three-column height function"", ""ghf_direction"": ""x"", ""ghf_fit_points"": 0, ""ghf_height_points"": 3, ""ghf_independent_points"": 3, ""ghf_method"": ""height_function"", ""interval_count"": 1, ""objective"": 1.0111141363358156e-14, ""optimizer_message"": ""CONVERGENCE: REL_REDUCTION_OF_F_<=_FACTR*EPSMCH"", ""optimizer_success"": true}"
PLVIRA,PLVIRA,zalesak,2,128,60,74,reconstructed,0.02619964250857265,0.026199642508572513,1.3877787807814457e-16,-0.1745533299054882,0.0,0.1745533299054882,0.01652597606173946,True,height_function,"{""curvature"": -0.1745533299054882, ""curvature_source"": ""cartesian-ghf"", ""ghf_diagnostic"": ""complete three-column height function"", ""ghf_direction"": ""y"", ""ghf_fit_points"": 0, ""ghf_height_points"": 3, ""ghf_independent_points"": 3, ""ghf_method"": ""height_function"", ""interval_count"": 1, ""objective"": 0.01652597606173946, ""optimizer_message"": ""CONVERGENCE: REL_REDUCTION_OF_F_<=_FACTR*EPSMCH"", ""optimizer_success"": true}"
PLVIRA,PLVIRA,zalesak,2,128,60,75,reconstructed,0.39375475844099134,0.39375475844099145,1.1102230246251565e-16,-0.1745533299054882,0.0,0.1745533299054882,0.005104168578727923,True,height_function,"{""curvature"": -0.1745533299054882, ""curvature_source"": ""cartesian-ghf"", ""ghf_diagnostic"": ""complete three-column height function"", ""ghf_direction"": ""y"", ""ghf_fit_points"": 0, ""ghf_height_points"": 3, ""ghf_independent_points"": 3, ""ghf_method"": ""height_function"", ""interval_count"": 1, ""objective"": 0.005104168578727923, ""optimizer_message"": ""CONVERGENCE: NORM_OF_PROJECTED_GRADIENT_<=_PGTOL"", ""optimizer_success"": true}"
PLVIRA,PLVIRA,zalesak,2,128,60,82,reconstructed,0.5948171209594522,0.594817120959449,3.1086244689504383e-15,0.06673855050894191,0.06666666666666667,7.188384227524436e-05,8.265470580500776e-12,True,height_function,"{""curvature"": 0.06673855050894191, ""curvature_source"": ""cartesian-ghf"", ""ghf_diagnostic"": ""complete three-column height function"", ""ghf_direction"": ""y"", ""ghf_fit_points"": 0, ""ghf_height_points"": 3, ""ghf_independent_points"": 3, ""ghf_method"": ""height_function"", ""interval_count"": 1, ""objective"": 8.265470580500776e-12, ""optimizer_message"": ""CONVERGENCE: NORM_OF_PROJECTED_GRADIENT_<=_PGTOL"", ""optimizer_success"": true}"
PLVIRA,PLVIRA,zalesak,2,128,60,83,reconstructed,0.021287353018502927,0.021287353018500155,2.7720881146109377e-15,0.06673855050894191,0.06666666666666667,7.188384227524436e-05,7.752432238709955e-12,True,height_function,"{""curvature"": 0.06673855050894191, ""curvature_source"": ""cartesian-ghf"", ""ghf_diagnostic"": ""complete three-column height function"", ""ghf_direction"": ""y"", ""ghf_fit_points"": 0, ""ghf_height_points"": 3, ""ghf_independent_points"": 3, ""ghf_method"": ""height_function"", ""interval_count"": 1, ""objective"": 7.752432238709955e-12, ""optimizer_message"": ""CONVERGENCE: REL_REDUCTION_OF_F_<=_FACTR*EPSMCH"", ""optimizer_success"": true}"
PLVIRA,PLVIRA,zalesak,2,128,61,45,reconstructed,0.33290974304955334,0.33290974304955456,1.2212453270876722e-15,0.06673693825793622,0.06666666666666667,7.027159126955784e-05,2.1644017324401684e-15,True,height_function,"{""curvature"": 0.06673693825793622, ""curvature_source"": ""cartesian-ghf"", ""ghf_diagnostic"": ""complete three-column height function"", ""ghf_direction"": ""y"", ""ghf_fit_points"": 0, ""ghf_height_points"": 3, ""ghf_independent_points"": 3, ""ghf_method"": ""height_function"", ""interval_count"": 1, ""objective"": 2.1644017324401684e-15, ""optimizer_message"": ""CONVERGENCE: REL_REDUCTION_OF_F_<=_FACTR*EPSMCH"", ""optimizer_success"": true}"
PLVIRA,PLVIRA,zalesak,2,128,61,62,reconstructed,0.6093672094905287,0.6093672094905285,2.220446049250313e-16,-2.358454460291124e-13,0.0,2.358454460291124e-13,2.3575932218883218e-17,True,height_function,"{""curvature"": -2.358454460291124e-13, ""curvature_source"": ""cartesian-ghf"", ""ghf_diagnostic"": ""complete three-column height function"", ""ghf_direction"": ""x"", ""ghf_fit_points"": 0, ""ghf_height_points"": 3, ""ghf_independent_points"": 3, ""ghf_method"": ""height_function"", ""interval_count"": 1, ""objective"": 2.3575932218883218e-17, ""optimizer_message"": ""CONVERGENCE: REL_REDUCTION_OF_F_<=_FACTR*EPSMCH"", ""optimizer_success"": true}"
PLVIRA,PLVIRA,zalesak,2,128,61,63,reconstructed,0.34312137988149516,0.34312137988149505,1.1102230246251565e-16,-2.349480128251715e-13,0.0,2.349480128251715e-13,3.2532163980877096e-15,True,height_function,"{""curvature"": -2.349480128251715e-13, ""curvature_source"": ""cartesian-ghf"", ""ghf_diagnostic"": ""complete three-column height function"", ""ghf_direction"": ""x"", ""ghf_fit_points"": 0, ""ghf_height_points"": 3, ""ghf_independent_points"": 3, ""ghf_method"": ""height_function"", ""interval_count"": 1, ""objective"": 3.2532163980877096e-15, ""optimizer_message"": ""CONVERGENCE: REL_REDUCTION_OF_F_<=_FACTR*EPSMCH"", ""optimizer_success"": true}"
PLVIRA,PLVIRA,zalesak,2,128,61,64,reconstructed,0.011961430563815156,0.01196143056381517,1.3877787807814457e-17,4.704344855726567e-13,0.0,4.704344855726567e-13,3.6780503295938256e-15,True,height_function,"{""curvature"": 4.704344855726567e-13, ""curvature_source"": ""cartesian-ghf"", ""ghf_diagnostic"": ""complete three-column height function"", ""ghf_direction"": ""x"", ""ghf_fit_points"": 0, ""ghf_height_points"": 3, ""ghf_independent_points"": 3, ""ghf_method"": ""height_function"", ""interval_count"": 1, ""objective"": 3.6780503295938256e-15, ""optimizer_message"": ""CONVERGENCE: REL_REDUCTION_OF_F_<=_FACTR*EPSMCH"", ""optimizer_success"": true}"
PLVIRA,PLVIRA,zalesak,2,128,61,73,reconstructed,0.09157024721662309,0.0915702472166228,2.914335439641036e-16,2.347685261843577e-13,0.0,2.347685261843577e-13,1.0896527049469883e-15,True,height_function,"{""curvature"": 2.347685261843577e-13, ""curvature_source"": ""cartesian-ghf"", ""ghf_diagnostic"": ""complete three-column height function"", ""ghf_direction"": ""x"", ""ghf_fit_points"": 0, ""ghf_height_points"": 3, ""ghf_independent_points"": 3, ""ghf_method"": ""height_function"", ""interval_count"": 1, ""objective"": 1.0896527049469883e-15, ""optimizer_message"": ""CONVERGENCE: REL_REDUCTION_OF_F_<=_FACTR*EPSMCH"", ""optimizer_success"": true}"
PLVIRA,PLVIRA,zalesak,2,128,61,74,reconstructed,0.5049494650897941,0.5049494650897941,0.0,-3.2930569913734244e-13,0.0,3.2930569913734244e-13,1.9467200679011794e-22,True,height_function,"{""curvature"": -3.2930569913734244e-13, ""curvature_source"": ""cartesian-ghf"", ""ghf_diagnostic"": ""complete three-column height function"", ""ghf_direction"": ""y"", ""ghf_fit_points"": 0, ""ghf_height_points"": 3, ""ghf_independent_points"": 3, ""ghf_method"": ""height_function"", ""interval_count"": 1, ""objective"": 1.9467200679011794e-22, ""optimizer_message"": ""CONVERGENCE: NORM_OF_PROJECTED_GRADIENT_<=_PGTOL"", ""optimizer_success"": true}"
PLVIRA,PLVIRA,zalesak,2,128,61,83,reconstructed,0.13457723910940267,0.1345772391094151,1.2434497875801753e-14,0.06673693825737397,0.06666666666666667,7.027159070729927e-05,5.286878940930365e-11,True,height_function,"{""curvature"": 0.06673693825737397, ""curvature_source"": ""cartesian-ghf"", ""ghf_diagnostic"": ""complete three-column height function"", ""ghf_direction"": ""y"", ""ghf_fit_points"": 0, ""ghf_height_points"": 3, ""ghf_independent_points"": 3, ""ghf_method"": ""height_function"", ""interval_count"": 1, ""objective"": 5.286878940930365e-11, ""optimizer_message"": ""CONVERGENCE: NORM_OF_PROJECTED_GRADIENT_<=_PGTOL"", ""optimizer_success"": true}"
PLVIRA,PLVIRA,zalesak,2,128,62,45,reconstructed,0.4282876859069855,0.4282876859069692,1.63202784619898e-14,0.0667357797629435,0.06666666666666667,6.911309627682938e-05,5.688075397375409e-15,True,height_function,"{""curvature"": 0.0667357797629435, ""curvature_source"": ""cartesian-ghf"", ""ghf_diagnostic"": ""complete three-column height function"", ""ghf_direction"": ""y"", ""ghf_fit_points"": 0, ""ghf_height_points"": 3, ""ghf_independent_points"": 3, ""ghf_method"": ""height_function"", ""interval_count"": 1, ""objective"": 5.688075397375409e-15, ""optimizer_message"": ""CONVERGENCE: REL_REDUCTION_OF_F_<=_FACTR*EPSMCH"", ""optimizer_success"": true}"
PLVIRA,PLVIRA,zalesak,2,128,62,61,reconstructed,0.580727257330409,0.580727257330409,0.0,2.351274994658579e-13,0.0,2.351274994658579e-13,1.898399266753165e-14,True,height_function,"{""curvature"": 2.351274994658579e-13, ""curvature_source"": ""cartesian-ghf"", ""ghf_diagnostic"": ""complete three-column height function"", ""ghf_direction"": ""x"", ""ghf_fit_points"": 0, ""ghf_height_points"": 3, ""ghf_independent_points"": 3, ""ghf_method"": ""height_function"", ""interval_count"": 1, ""objective"": 1.898399266753165e-14, ""optimizer_message"": ""CONVERGENCE: REL_REDUCTION_OF_F_<=_FACTR*EPSMCH"", ""optimizer_success"": true}"
PLVIRA,PLVIRA,zalesak,2,128,62,62,reconstructed,0.20715745124857676,0.2071574512485767,5.551115123125783e-17,-2.354864727474853e-13,0.0,2.354864727474853e-13,1.5116308957659612e-15,True,height_function,"{""curvature"": -2.354864727474853e-13, ""curvature_source"": ""cartesian-ghf"", ""ghf_diagnostic"": ""complete three-column height function"", ""ghf_direction"": ""x"", ""ghf_fit_points"": 0, ""ghf_height_points"": 3, ""ghf_independent_points"": 3, ""ghf_method"": ""height_function"", ""interval_count"": 1, ""objective"": 1.5116308957659612e-15, ""optimizer_message"": ""CONVERGENCE: REL_REDUCTION_OF_F_<=_FACTR*EPSMCH"", ""optimizer_success"": true}"
PLVIRA,PLVIRA,zalesak,2,128,62,72,reconstructed,0.19655788163959187,0.19655788163959184,2.7755575615628914e-17,1.7948664081368066e-16,0.0,1.7948664081368066e-16,1.0894883577101459e-17,True,height_function,"{""curvature"": 1.7948664081368066e-16, ""curvature_source"": ""cartesian-ghf"", ""ghf_diagnostic"": ""complete three-column height function"", ""ghf_direction"": ""x"", ""ghf_fit_points"": 0, ""ghf_height_points"": 3, ""ghf_independent_points"": 3, ""ghf_method"": ""height_function"", ""interval_count"": 1, ""objective"": 1.0894883577101459e-17, ""optimizer_message"": ""CONVERGENCE: REL_REDUCTION_OF_F_<=_FACTR*EPSMCH"", ""optimizer_success"": true}"
PLVIRA,PLVIRA,zalesak,2,128,62,73,reconstructed,0.5765271420243607,0.5765271420243608,1.1102230246251565e-16,2.347685261843577e-13,0.0,2.347685261843577e-13,2.053119482257063e-19,True,height_function,"{""curvature"": 2.347685261843577e-13, ""curvature_source"": ""cartesian-ghf"", ""ghf_diagnostic"": ""complete three-column height function"", ""ghf_direction"": ""x"", ""ghf_fit_points"": 0, ""ghf_height_points"": 3, ""ghf_independent_points"": 3, ""ghf_method"": ""height_function"", ""interval_count"": 1, ""objective"": 2.053119482257063e-19, ""optimizer_message"": ""CONVERGENCE: NORM_OF_PROJECTED_GRADIENT_<=_PGTOL"", ""optimizer_success"": true}"
PLVIRA,PLVIRA,zalesak,2,128,62,83,reconstructed,0.22995518196694853,0.22995518196697037,2.1843638009499955e-14,0.06673577976293875,0.06666666666666667,6.911309627208317e-05,3.819077524165074e-15,True,height_function,"{""curvature"": 0.06673577976293875, ""curvature_source"": ""cartesian-ghf"", ""ghf_diagnostic"": ""complete three-column height function"", ""ghf_direction"": ""y"", ""ghf_fit_points"": 0, ""ghf_height_points"": 3, ""ghf_independent_points"": 3, ""ghf_method"": ""height_function"", ""interval_count"": 1, ""objective"": 3.819077524165074e-15, ""optimizer_message"": ""CONVERGENCE: REL_REDUCTION_OF_F_<=_FACTR*EPSMCH"", ""optimizer_success"": true}"
PLVIRA,PLVIRA,zalesak,2,128,63,45,reconstructed,0.49103919124942763,0.49103919124943674,9.103828801926284e-15,0.06673503332170158,0.06666666666666667,6.836665503491546e-05,4.638275517894989e-15,True,height_function,"{""curvature"": 0.06673503332170158, ""curvature_source"": ""cartesian-ghf"", ""ghf_diagnostic"": ""complete three-column height function"", ""ghf_direction"": ""y"", ""ghf_fit_points"": 0, ""ghf_height_points"": 3, ""ghf_independent_points"": 3, ""ghf_method"": ""height_function"", ""interval_count"": 1, ""objective"": 4.638275517894989e-15, ""optimizer_message"": ""CONVERGENCE: NORM_OF_PROJECTED_GRADIENT_<=_PGTOL"", ""optimizer_success"": true}"
PLVIRA,PLVIRA,zalesak,2,128,63,60,reconstructed,0.5124702754553709,0.512470275455371,1.1102230246251565e-16,2.354864727476126e-13,0.0,2.354864727476126e-13,6.85044931108702e-17,True,height_function,"{""curvature"": 2.354864727476126e-13, ""curvature_source"": ""cartesian-ghf"", ""ghf_diagnostic"": ""complete three-column height function"", ""ghf_direction"": ""x"", ""ghf_fit_points"": 0, ""ghf_height_points"": 3, ""ghf_independent_points"": 3, ""ghf_method"": ""height_function"", ""interval_count"": 1, ""objective"": 6.85044931108702e-17, ""optimizer_message"": ""CONVERGENCE: REL_REDUCTION_OF_F_<=_FACTR*EPSMCH"", ""optimizer_success"": true}"
PLVIRA,PLVIRA,zalesak,2,128,63,61,reconstructed,0.09884912176653415,0.09884912176653418,2.7755575615628914e-17,2.351274994658579e-13,0.0,2.351274994658579e-13,3.5855523361807216e-17,True,height_function,"{""curvature"": 2.351274994658579e-13, ""curvature_source"": ""cartesian-ghf"", ""ghf_diagnostic"": ""complete three-column height function"", ""ghf_direction"": ""x"", ""ghf_fit_points"": 0, ""ghf_height_points"": 3, ""ghf_independent_points"": 3, ""ghf_method"": ""height_function"", ""interval_count"": 1, ""objective"": 3.5855523361807216e-17, ""optimizer_message"": ""CONVERGENCE: REL_REDUCTION_OF_F_<=_FACTR*EPSMCH"", ""optimizer_success"": true}"
PLVIRA,PLVIRA,zalesak,2,128,63,70,reconstructed,0.009520155751488346,0.009520155751488367,2.0816681711721685e-17,1.7948664081368054e-16,0.0,1.7948664081368054e-16,3.0152260957933414e-22,True,height_function,"{""curvature"": 1.7948664081368054e-16, ""curvature_source"": ""cartesian-ghf"", ""ghf_diagnostic"": ""complete three-column height function"", ""ghf_direction"": ""x"", ""ghf_fit_points"": 0, ""ghf_height_points"": 3, ""ghf_independent_points"": 3, ""ghf_method"": ""height_function"", ""interval_count"": 1, ""objective"": 3.0152260957933414e-22, ""optimizer_message"": ""CONVERGENCE: NORM_OF_PROJECTED_GRADIENT_<=_PGTOL"", ""optimizer_success"": true}"
PLVIRA,PLVIRA,zalesak,2,128,63,71,reconstructed,0.33164239002576323,0.33164239002576323,0.0,0.0,0.0,0.0,1.6223092716963727e-21,True,height_function,"{""curvature"": 0.0, ""curvature_source"": ""cartesian-ghf"", ""ghf_diagnostic"": ""complete three-column height function"", ""ghf_direction"": ""x"", ""ghf_fit_points"": 0, ""ghf_height_points"": 3, ""ghf_independent_points"": 3, ""ghf_method"": ""height_function"", ""interval_count"": 1, ""objective"": 1.6223092716963727e-21, ""optimizer_message"": ""CONVERGENCE: NORM_OF_PROJECTED_GRADIENT_<=_PGTOL"", ""optimizer_success"": true}"
PLVIRA,PLVIRA,zalesak,2,128,63,72,reconstructed,0.6084877892437817,0.6084877892437817,0.0,1.7948664081368066e-16,0.0,1.7948664081368066e-16,6.802090038036781e-18,True,height_function,"{""curvature"": 1.7948664081368066e-16, ""curvature_source"": ""cartesian-ghf"", ""ghf_diagnostic"": ""complete three-column height function"", ""ghf_direction"": ""x"", ""ghf_fit_points"": 0, ""ghf_height_points"": 3, ""ghf_independent_points"": 3, ""ghf_method"": ""height_function"", ""interval_count"": 1, ""objective"": 6.802090038036781e-18, ""optimizer_message"": ""CONVERGENCE: NORM_OF_PROJECTED_GRADIENT_<=_PGTOL"", ""optimizer_success"": true}"
PLVIRA,PLVIRA,zalesak,2,128,63,83,reconstructed,0.29270668730950433,0.2927066873095055,1.1657341758564144e-15,0.06673503332217401,0.06666666666666667,6.836665550734311e-05,1.4795990676939362e-17,True,height_function,"{""curvature"": 0.06673503332217401, ""curvature_source"": ""cartesian-ghf"", ""ghf_diagnostic"": ""complete three-column height function"", ""ghf_direction"": ""y"", ""ghf_fit_points"": 0, ""ghf_height_points"": 3, ""ghf_independent_points"": 3, ""ghf_method"": ""height_function"", ""interval_count"": 1, ""objective"": 1.4795990676939362e-17, ""optimizer_message"": ""CONVERGENCE: NORM_OF_PROJECTED_GRADIENT_<=_PGTOL"", ""optimizer_success"": true}"
PLVIRA,PLVIRA,zalesak,2,128,64,45,reconstructed,0.521689095714982,0.5216890957150708,8.881784197001252e-14,0.06673467317954403,0.06666666666666667,6.800651287736104e-05,1.5217555316661986e-16,True,height_function,"{""curvature"": 0.06673467317954403, ""curvature_source"": ""cartesian-ghf"", ""ghf_diagnostic"": ""complete three-column height function"", ""ghf_direction"": ""y"", ""ghf_fit_points"": 0, ""ghf_height_points"": 3, ""ghf_independent_points"": 3, ""ghf_method"": ""height_function"", ""interval_count"": 1, ""objective"": 1.5217555316661986e-16, ""optimizer_message"": ""CONVERGENCE: REL_REDUCTION_OF_F_<=_FACTR*EPSMCH"", ""optimizer_success"": true}"
PLVIRA,PLVIRA,zalesak,2,128,64,59,reconstructed,0.4045962638654146,0.40459626386541453,5.551115123125783e-17,-2.3530698610679895e-13,0.0,2.3530698610679895e-13,7.836150824091061e-16,True,height_function,"{""curvature"": -2.3530698610679895e-13, ""curvature_source"": ""cartesian-ghf"", ""ghf_diagnostic"": ""complete three-column height function"", ""ghf_direction"": ""x"", ""ghf_fit_points"": 0, ""ghf_height_points"": 3, ""ghf_independent_points"": 3, ""ghf_method"": ""height_function"", ""interval_count"": 1, ""objective"": 7.836150824091061e-16, ""optimizer_message"": ""CONVERGENCE: REL_REDUCTION_OF_F_<=_FACTR*EPSMCH"", ""optimizer_success"": true}"
PLVIRA,PLVIRA,zalesak,2,128,64,60,reconstructed,0.030157821999182488,0.030157821999182516,2.7755575615628914e-17,2.354864727476126e-13,0.0,2.354864727476126e-13,7.8530788637372355e-22,True,height_function,"{""curvature"": 2.354864727476126e-13, ""curvature_source"": ""cartesian-ghf"", ""ghf_diagnostic"": ""complete three-column height function"", ""ghf_direction"": ""x"", ""ghf_fit_points"": 0, ""ghf_height_points"": 3, ""ghf_independent_points"": 3, ""ghf_method"": ""height_function"", ""interval_count"": 1, ""objective"": 7.8530788637372355e-22, ""optimizer_message"": ""CONVERGENCE: NORM_OF_PROJECTED_GRADIENT_<=_PGTOL"", ""optimizer_success"": true}"
PLVIRA,PLVIRA,zalesak,2,128,64,69,reconstructed,0.0567935679614493,0.056793567961449284,1.3877787807814457e-17,-2.354864727476126e-13,0.0,2.354864727476126e-13,5.738919415966748e-15,True,height_function,"{""curvature"": -2.354864727476126e-13, ""curvature_source"": ""cartesian-ghf"", ""ghf_diagnostic"": ""complete three-column height function"", ""ghf_direction"": ""x"", ""ghf_fit_points"": 0, ""ghf_height_points"": 3, ""ghf_independent_points"": 3, ""ghf_method"": ""height_function"", ""interval_count"": 1, ""objective"": 5.738919415966748e-15, ""optimizer_message"": ""CONVERGENCE: REL_REDUCTION_OF_F_<=_FACTR*EPSMCH"", ""optimizer_success"": true}"
PLVIRA,PLVIRA,zalesak,2,128,64,70,reconstructed,0.4590705159166646,0.4590705159166639,6.661338147750939e-16,1.7948664081368054e-16,0.0,1.7948664081368054e-16,9.123702574787985e-20,True,height_function,"{""curvature"": 1.7948664081368054e-16, ""curvature_source"": ""cartesian-ghf"", ""ghf_diagnostic"": ""complete three-column height function"", ""ghf_direction"": ""x"", ""ghf_fit_points"": 0, ""ghf_height_points"": 3, ""ghf_independent_points"": 3, ""ghf_method"": ""height_function"", ""interval_count"": 1, ""objective"": 9.123702574787985e-20, ""optimizer_message"": ""CONVERGENCE: NORM_OF_PROJECTED_GRADIENT_<=_PGTOL"", ""optimizer_success"": true}"
PLVIRA,PLVIRA,zalesak,2,128,64,83,reconstructed,0.323356591774945,0.32335659177484194,1.0308420783644578e-13,0.06673467318002234,0.06666666666666667,6.800651335567287e-05,1.230606482286881e-16,True,height_function,"{""curvature"": 0.06673467318002234, ""curvature_source"": ""cartesian-ghf"", ""ghf_diagnostic"": ""complete three-column height function"", ""ghf_direction"": ""y"", ""ghf_fit_points"": 0, ""ghf_height_points"": 3, ""ghf_independent_points"": 3, ""ghf_method"": ""height_function"", ""interval_count"": 1, ""objective"": 1.230606482286881e-16, ""optimizer_message"": ""CONVERGENCE: REL_REDUCTION_OF_F_<=_FACTR*EPSMCH"", ""optimizer_success"": true}"
PLVIRA,PLVIRA,zalesak,2,128,65,45,reconstructed,0.5204896413848452,0.5204896413848451,1.1102230246251565e-16,0.0667346872204414,0.06666666666666667,6.802055377473637e-05,3.391887601201805e-16,True,height_function,"{""curvature"": 0.0667346872204414, ""curvature_source"": ""cartesian-ghf"", ""ghf_diagnostic"": ""complete three-column height function"", ""ghf_direction"": ""y"", ""ghf_fit_points"": 0, ""ghf_height_points"": 3, ""ghf_independent_points"": 3, ""ghf_method"": ""height_function"", ""interval_count"": 1, ""objective"": 3.391887601201805e-16, ""optimizer_message"": ""CONVERGENCE: REL_REDUCTION_OF_F_<=_FACTR*EPSMCH"", ""optimizer_success"": true}"
PLVIRA,PLVIRA,zalesak,2,128,65,57,reconstructed,0.5987252508912206,0.5987252508912205,1.1102230246251565e-16,0.0,0.0,0.0,5.135733906390362e-15,True,height_function,"{""curvature"": 0.0, ""curvature_source"": ""cartesian-ghf"", ""ghf_diagnostic"": ""complete three-column height function"", ""ghf_direction"": ""x"", ""ghf_fit_points"": 0, ""ghf_height_points"": 3, ""ghf_independent_points"": 3, ""ghf_method"": ""height_function"", ""interval_count"": 1, ""objective"": 5.135733906390362e-15, ""optimizer_message"": ""CONVERGENCE: REL_REDUCTION_OF_F_<=_FACTR*EPSMCH"", ""optimizer_success"": true}"
PLVIRA,PLVIRA,zalesak,2,128,65,58,reconstructed,0.26873153416954665,0.2687315341695466,5.551115123125783e-17,0.0,0.0,0.0,2.3183221196532764e-22,True,height_function,"{""curvature"": 0.0, ""curvature_source"": ""cartesian-ghf"", ""ghf_diagnostic"": ""complete three-column height function"", ""ghf_direction"": ""x"", ""ghf_fit_points"": 0, ""ghf_height_points"": 3, ""ghf_independent_points"": 3, ""ghf_method"": ""height_function"", ""interval_count"": 1, ""objective"": 2.3183221196532764e-22, ""optimizer_message"": ""CONVERGENCE: NORM_OF_PROJECTED_GRADIENT_<=_PGTOL"", ""optimizer_success"": true}"
PLVIRA,PLVIRA,zalesak,2,128,65,59,reconstructed,0.0010835519465217658,0.0010835519465211205,6.453171330633722e-16,-2.3530698610679895e-13,0.0,2.3530698610679895e-13,2.0356013217710976e-17,True,height_function,"{""curvature"": -2.3530698610679895e-13, ""curvature_source"": ""cartesian-ghf"", ""ghf_diagnostic"": ""complete three-column height function"", ""ghf_direction"": ""x"", ""ghf_fit_points"": 0, ""ghf_height_points"": 3, ""ghf_independent_points"": 3, ""ghf_method"": ""height_function"", ""interval_count"": 1, ""objective"": 2.0356013217710976e-17, ""optimizer_message"": ""CONVERGENCE: REL_REDUCTION_OF_F_<=_FACTR*EPSMCH"", ""optimizer_success"": true}"
PLVIRA,PLVIRA,zalesak,2,128,65,68,reconstructed,0.14368400988632857,0.14368400988633184,3.2751579226442118e-15,2.3530698610679895e-13,0.0,2.3530698610679895e-13,3.1913614798094952e-15,True,height_function,"{""curvature"": 2.3530698610679895e-13, ""curvature_source"": ""cartesian-ghf"", ""ghf_diagnostic"": ""complete three-column height function"", ""ghf_direction"": ""x"", ""ghf_fit_points"": 0, ""ghf_height_points"": 3, ""ghf_independent_points"": 3, ""ghf_method"": ""height_function"", ""interval_count"": 1, ""objective"": 3.1913614798094952e-15, ""optimizer_message"": ""CONVERGENCE: REL_REDUCTION_OF_F_<=_FACTR*EPSMCH"", ""optimizer_success"": true}"
PLVIRA,PLVIRA,zalesak,2,128,65,69,reconstructed,0.5487453853490933,0.5487453853490933,0.0,-2.354864727476126e-13,0.0,2.354864727476126e-13,9.456101596101818e-15,True,height_function,"{""curvature"": -2.354864727476126e-13, ""curvature_source"": ""cartesian-ghf"", ""ghf_diagnostic"": ""complete three-column height function"", ""ghf_direction"": ""x"", ""ghf_fit_points"": 0, ""ghf_height_points"": 3, ""ghf_independent_points"": 3, ""ghf_method"": ""height_function"", ""interval_count"": 1, ""objective"": 9.456101596101818e-15, ""optimizer_message"": ""CONVERGENCE: REL_REDUCTION_OF_F_<=_FACTR*EPSMCH"", ""optimizer_success"": true}"
PLVIRA,PLVIRA,zalesak,2,128,65,83,reconstructed,0.3221571374444672,0.3221571374445228,5.5566662382489085e-14,0.066734687219013,0.06666666666666667,6.80205523463373e-05,8.425322092715939e-16,True,height_function,"{""curvature"": 0.066734687219013, ""curvature_source"": ""cartesian-ghf"", ""ghf_diagnostic"": ""complete three-column height function"", ""ghf_direction"": ""y"", ""ghf_fit_points"": 0, ""ghf_height_points"": 3, ""ghf_independent_points"": 3, ""ghf_method"": ""height_function"", ""interval_count"": 1, ""objective"": 8.425322092715939e-16, ""optimizer_message"": ""CONVERGENCE: REL_REDUCTION_OF_F_<=_FACTR*EPSMCH"", ""optimizer_success"": true}"
PLVIRA,PLVIRA,zalesak,2,128,66,45,reconstructed,0.4874310069946395,0.4874310069946418,2.3314683517128287e-15,0.06673507590835777,0.06666666666666667,6.840924169110307e-05,5.198350603283821e-15,True,height_function,"{""curvature"": 0.06673507590835777, ""curvature_source"": ""cartesian-ghf"", ""ghf_diagnostic"": ""complete three-column height function"", ""ghf_direction"": ""y"", ""ghf_fit_points"": 0, ""ghf_height_points"": 3, ""ghf_independent_points"": 3, ""ghf_method"": ""height_function"", ""interval_count"": 1, ""objective"": 5.198350603283821e-15, ""optimizer_message"": ""CONVERGENCE: NORM_OF_PROJECTED_GRADIENT_<=_PGTOL"", ""optimizer_success"": true}"
PLVIRA,PLVIRA,zalesak,2,128,66,56,reconstructed,0.5485654615140447,0.5485654615140447,0.0,2.351274994659852e-13,0.0,2.351274994659852e-13,9.584023984732683e-15,True,height_function,"{""curvature"": 2.351274994659852e-13, ""curvature_source"": ""cartesian-ghf"", ""ghf_diagnostic"": ""complete three-column height function"", ""ghf_direction"": ""x"", ""ghf_fit_points"": 0, ""ghf_height_points"": 3, ""ghf_independent_points"": 3, ""ghf_method"": ""height_function"", ""interval_count"": 1, ""objective"": 9.584023984732683e-15, ""optimizer_message"": ""CONVERGENCE: REL_REDUCTION_OF_F_<=_FACTR*EPSMCH"", ""optimizer_success"": true}"
PLVIRA,PLVIRA,zalesak,2,128,66,57,reconstructed,0.1434095641359363,0.14340956413593975,3.4416913763379853e-15,0.0,0.0,0.0,2.261136980721844e-15,True,height_function,"{""curvature"": 0.0, ""curvature_source"": ""cartesian-ghf"", ""ghf_diagnostic"": ""complete three-column height function"", ""ghf_direction"": ""x"", ""ghf_fit_points"": 0, ""ghf_height_points"": 3, ""ghf_independent_points"": 3, ""ghf_method"": ""height_function"", ""interval_count"": 1, ""objective"": 2.261136980721844e-15, ""optimizer_message"": ""CONVERGENCE: REL_REDUCTION_OF_F_<=_FACTR*EPSMCH"", ""optimizer_success"": true}"
PLVIRA,PLVIRA,zalesak,2,128,66,66,reconstructed,0.001107527430576738,0.0011075274305762974,4.40619762898109e-16,4.706139722134705e-13,0.0,4.706139722134705e-13,1.9652676512984626e-17,True,height_function,"{""curvature"": 4.706139722134705e-13, ""curvature_source"": ""cartesian-ghf"", ""ghf_diagnostic"": ""complete three-column height function"", ""ghf_direction"": ""x"", ""ghf_fit_points"": 0, ""ghf_height_points"": 3, ""ghf_independent_points"": 3, ""ghf_method"": ""height_function"", ""interval_count"": 1, ""objective"": 1.9652676512984626e-17, ""optimizer_message"": ""CONVERGENCE: REL_REDUCTION_OF_F_<=_FACTR*EPSMCH"", ""optimizer_success"": true}"
PLVIRA,PLVIRA,zalesak,2,128,66,67,reconstructed,0.2690839540955494,0.2690839540955494,0.0,-2.3530698610679895e-13,0.0,2.3530698610679895e-13,2.501333806295209e-22,True,height_function,"{""curvature"": -2.3530698610679895e-13, ""curvature_source"": ""cartesian-ghf"", ""ghf_diagnostic"": ""complete three-column height function"", ""ghf_direction"": ""x"", ""ghf_fit_points"": 0, ""ghf_height_points"": 3, ""ghf_independent_points"": 3, ""ghf_method"": ""height_function"", ""interval_count"": 1, ""objective"": 2.501333806295209e-22, ""optimizer_message"": ""CONVERGENCE: NORM_OF_PROJECTED_GRADIENT_<=_PGTOL"", ""optimizer_success"": true}"
PLVIRA,PLVIRA,zalesak,2,128,66,68,reconstructed,0.5988032250668311,0.5988032250668311,0.0,2.3530698610679895e-13,0.0,2.3530698610679895e-13,5.545717610320341e-15,True,height_function,"{""curvature"": 2.3530698610679895e-13, ""curvature_source"": ""cartesian-ghf"", ""ghf_diagnostic"": ""complete three-column height function"", ""ghf_direction"": ""x"", ""ghf_fit_points"": 0, ""ghf_height_points"": 3, ""ghf_independent_points"": 3, ""ghf_method"": ""height_function"", ""interval_count"": 1, ""objective"": 5.545717610320341e-15, ""optimizer_message"": ""CONVERGENCE: REL_REDUCTION_OF_F_<=_FACTR*EPSMCH"", ""optimizer_success"": true}"
PLVIRA,PLVIRA,zalesak,2,128,66,83,reconstructed,0.2890985030546025,0.2890985030545955,6.994405055138486e-15,0.06673507590860264,0.06666666666666667,6.840924193597664e-05,2.824389389839359e-17,True,height_function,"{""curvature"": 0.06673507590860264, ""curvature_source"": ""cartesian-ghf"", ""ghf_diagnostic"": ""complete three-column height function"", ""ghf_direction"": ""y"", ""ghf_fit_points"": 0, ""ghf_height_points"": 3, ""ghf_independent_points"": 3, ""ghf_method"": ""height_function"", ""interval_count"": 1, ""objective"": 2.824389389839359e-17, ""optimizer_message"": ""CONVERGENCE: REL_REDUCTION_OF_F_<=_FACTR*EPSMCH"", ""optimizer_success"": true}"
PLVIRA,PLVIRA,zalesak,2,128,67,45,reconstructed,0.4222409014014028,0.4222409014014025,2.7755575615628914e-16,0.06673585234400965,0.06666666666666667,6.918567734298664e-05,5.047262011404335e-15,True,height_function,"{""curvature"": 0.06673585234400965, ""curvature_source"": ""cartesian-ghf"", ""ghf_diagnostic"": ""complete three-column height function"", ""ghf_direction"": ""y"", ""ghf_fit_points"": 0, ""ghf_height_points"": 3, ""ghf_independent_points"": 3, ""ghf_method"": ""height_function"", ""interval_count"": 1, ""objective"": 5.047262011404335e-15, ""optimizer_message"": ""CONVERGENCE: REL_REDUCTION_OF_F_<=_FACTR*EPSMCH"", ""optimizer_success"": true}"
PLVIRA,PLVIRA,zalesak,2,128,67,55,reconstructed,0.4587886424221779,0.4587886424221771,7.771561172376096e-16,-4.704344855726567e-13,0.0,4.704344855726567e-13,1.1417948915200019e-19,True,height_function,"{""curvature"": -4.704344855726567e-13, ""curvature_source"": ""cartesian-ghf"", ""ghf_diagnostic"": ""complete three-column height function"", ""ghf_direction"": ""x"", ""ghf_fit_points"": 0, ""ghf_height_points"": 3, ""ghf_independent_points"": 3, ""ghf_method"": ""height_function"", ""interval_count"": 1, ""objective"": 1.1417948915200019e-19, ""optimizer_message"": ""CONVERGENCE: NORM_OF_PROJECTED_GRADIENT_<=_PGTOL"", ""optimizer_success"": true}"
PLVIRA,PLVIRA,zalesak,2,128,67,56,reconstructed,0.05662107187072252,0.0566210718707225,1.3877787807814457e-17,2.351274994659852e-13,0.0,2.351274994659852e-13,5.6066307928803694e-15,True,height_function,"{""curvature"": 2.351274994659852e-13, ""curvature_source"": ""cartesian-ghf"", ""ghf_diagnostic"": ""complete three-column height function"", ""ghf_direction"": ""x"", ""ghf_fit_points"": 0, ""ghf_height_points"": 3, ""ghf_independent_points"": 3, ""ghf_method"": ""height_function"", ""interval_count"": 1, ""objective"": 5.6066307928803694e-15, ""optimizer_message"": ""CONVERGENCE: REL_REDUCTION_OF_F_<=_FACTR*EPSMCH"", ""optimizer_success"": true}"
PLVIRA,PLVIRA,zalesak,2,128,67,65,reconstructed,0.030283747142448192,0.03028374714244815,4.163336342344337e-17,-2.351274994658579e-13,0.0,2.351274994658579e-13,1.0111781918392527e-21,True,height_function,"{""curvature"": -2.351274994658579e-13, ""curvature_source"": ""cartesian-ghf"", ""ghf_diagnostic"": ""complete three-column height function"", ""ghf_direction"": ""x"", ""ghf_fit_points"": 0, ""ghf_height_points"": 3, ""ghf_independent_points"": 3, ""ghf_method"": ""height_function"", ""interval_count"": 1, ""objective"": 1.0111781918392527e-21, ""optimizer_message"": ""CONVERGENCE: NORM_OF_PROJECTED_GRADIENT_<=_PGTOL"", ""optimizer_success"": true}"
PLVIRA,PLVIRA,zalesak,2,128,67,66,reconstructed,0.40492470830758975,0.40492470830758975,0.0,4.706139722134705e-13,0.0,4.706139722134705e-13,6.714053599520274e-16,True,height_function,"{""curvature"": 4.706139722134705e-13, ""curvature_source"": ""cartesian-ghf"", ""ghf_diagnostic"": ""complete three-column height function"", ""ghf_direction"": ""x"", ""ghf_fit_points"": 0, ""ghf_height_points"": 3, ""ghf_independent_points"": 3, ""ghf_method"": ""height_function"", ""interval_count"": 1, ""objective"": 6.714053599520274e-16, ""optimizer_message"": ""CONVERGENCE: REL_REDUCTION_OF_F_<=_FACTR*EPSMCH"", ""optimizer_success"": true}"
PLVIRA,PLVIRA,zalesak,2,128,67,83,reconstructed,0.2239083974615923,0.22390839746159524,2.942091015256665e-15,0.06673585234493484,0.06666666666666667,6.918567826817712e-05,5.359813657673538e-15,True,height_function,"{""curvature"": 0.06673585234493484, ""curvature_source"": ""cartesian-ghf"", ""ghf_diagnostic"": ""complete three-column height function"", ""ghf_direction"": ""y"", ""ghf_fit_points"": 0, ""ghf_height_points"": 3, ""ghf_independent_points"": 3, ""ghf_method"": ""height_function"", ""interval_count"": 1, ""objective"": 5.359813657673538e-15, ""optimizer_message"": ""CONVERGENCE: REL_REDUCTION_OF_F_<=_FACTR*EPSMCH"", ""optimizer_success"": true}"
PLVIRA,PLVIRA,zalesak,2,128,68,45,reconstructed,0.3243731793705154,0.3243731793705234,7.993605777301127e-15,0.06673704338482306,0.06666666666666667,7.037671815639246e-05,9.00449780214322e-21,True,height_function,"{""curvature"": 0.06673704338482306, ""curvature_source"": ""cartesian-ghf"", ""ghf_diagnostic"": ""complete three-column height function"", ""ghf_direction"": ""y"", ""ghf_fit_points"": 0, ""ghf_height_points"": 3, ""ghf_independent_points"": 3, ""ghf_method"": ""height_function"", ""interval_count"": 1, ""objective"": 9.00449780214322e-21, ""optimizer_message"": ""CONVERGENCE: NORM_OF_PROJECTED_GRADIENT_<=_PGTOL"", ""optimizer_success"": true}"
PLVIRA,PLVIRA,zalesak,2,128,68,53,reconstructed,0.6084563860158596,0.6084563860158596,0.0,2.354864727476126e-13,0.0,2.354864727476126e-13,6.5188916103557646e-18,True,height_function,"{""curvature"": 2.354864727476126e-13, ""curvature_source"": ""cartesian-ghf"", ""ghf_diagnostic"": ""complete three-column height function"", ""ghf_direction"": ""x"", ""ghf_fit_points"": 0, ""ghf_height_points"": 3, ""ghf_independent_points"": 3, ""ghf_method"": ""height_function"", ""interval_count"": 1, ""objective"": 6.5188916103557646e-18, ""optimizer_message"": ""CONVERGENCE: NORM_OF_PROJECTED_GRADIENT_<=_PGTOL"", ""optimizer_success"": true}"
PLVIRA,PLVIRA,zalesak,2,128,68,54,reconstructed,0.33128997009998784,0.3312899700999877,1.6653345369377348e-16,2.351274994658579e-13,0.0,2.351274994658579e-13,1.724894149227791e-21,True,height_function,"{""curvature"": 2.351274994658579e-13, ""curvature_source"": ""cartesian-ghf"", ""ghf_diagnostic"": ""complete three-column height function"", ""ghf_direction"": ""x"", ""ghf_fit_points"": 0, ""ghf_height_points"": 3, ""ghf_independent_points"": 3, ""ghf_method"": ""height_function"", ""interval_count"": 1, ""objective"": 1.724894149227791e-21, ""optimizer_message"": ""CONVERGENCE: NORM_OF_PROJECTED_GRADIENT_<=_PGTOL"", ""optimizer_success"": true}"
PLVIRA,PLVIRA,zalesak,2,128,68,55,reconstructed,0.009449609319972296,0.009449609319972331,3.469446951953614e-17,-4.704344855726567e-13,0.0,4.704344855726567e-13,3.3677890583444783e-22,True,height_function,"{""curvature"": -4.704344855726567e-13, ""curvature_source"": ""cartesian-ghf"", ""ghf_diagnostic"": ""complete three-column height function"", ""ghf_direction"": ""x"", ""ghf_fit_points"": 0, ""ghf_height_points"": 3, ""ghf_independent_points"": 3, ""ghf_method"": ""height_function"", ""interval_count"": 1, ""objective"": 3.3677890583444783e-22, ""optimizer_message"": ""CONVERGENCE: NORM_OF_PROJECTED_GRADIENT_<=_PGTOL"", ""optimizer_success"": true}"
PLVIRA,PLVIRA,zalesak,2,128,68,64,reconstructed,0.0990769965690106,0.0990769965690105,9.71445146547012e-17,-3.589732816273612e-16,0.0,3.589732816273612e-16,3.035798886057109e-17,True,height_function,"{""curvature"": -3.589732816273612e-16, ""curvature_source"": ""cartesian-ghf"", ""ghf_diagnostic"": ""complete three-column height function"", ""ghf_direction"": ""x"", ""ghf_fit_points"": 0, ""ghf_height_points"": 3, ""ghf_independent_points"": 3, ""ghf_method"": ""height_function"", ""interval_count"": 1, ""objective"": 3.035798886057109e-17, ""optimizer_message"": ""CONVERGENCE: REL_REDUCTION_OF_F_<=_FACTR*EPSMCH"", ""optimizer_success"": true}"
PLVIRA,PLVIRA,zalesak,2,128,68,65,reconstructed,0.5126967702378806,0.5126967702378809,2.220446049250313e-16,-2.351274994658579e-13,0.0,2.351274994658579e-13,7.873149472061877e-17,True,height_function,"{""curvature"": -2.351274994658579e-13, ""curvature_source"": ""cartesian-ghf"", ""ghf_diagnostic"": ""complete three-column height function"", ""ghf_direction"": ""x"", ""ghf_fit_points"": 0, ""ghf_height_points"": 3, ""ghf_independent_points"": 3, ""ghf_method"": ""height_function"", ""interval_count"": 1, ""objective"": 7.873149472061877e-17, ""optimizer_message"": ""CONVERGENCE: REL_REDUCTION_OF_F_<=_FACTR*EPSMCH"", ""optimizer_success"": true}"
PLVIRA,PLVIRA,zalesak,2,128,68,83,reconstructed,0.12604067543047837,0.12604067543047565,2.7200464103316335e-15,0.06673704338409008,0.06666666666666667,7.037671742340934e-05,4.2079730983242023e-11,True,height_function,"{""curvature"": 0.06673704338409008, ""curvature_source"": ""cartesian-ghf"", ""ghf_diagnostic"": ""complete three-column height function"", ""ghf_direction"": ""y"", ""ghf_fit_points"": 0, ""ghf_height_points"": 3, ""ghf_independent_points"": 3, ""ghf_method"": ""height_function"", ""interval_count"": 1, ""objective"": 4.2079730983242023e-11, ""optimizer_message"": ""CONVERGENCE: NORM_OF_PROJECTED_GRADIENT_<=_PGTOL"", ""optimizer_success"": true}"
PLVIRA,PLVIRA,zalesak,2,128,69,45,reconstructed,0.1929843455093323,0.19298434550932617,6.13398221105399e-15,0.06673869206766597,0.06666666666666667,7.202540099930654e-05,6.955969941615262e-11,True,height_function,"{""curvature"": 0.06673869206766597, ""curvature_source"": ""cartesian-ghf"", ""ghf_diagnostic"": ""complete three-column height function"", ""ghf_direction"": ""y"", ""ghf_fit_points"": 0, ""ghf_height_points"": 3, ""ghf_independent_points"": 3, ""ghf_method"": ""height_function"", ""interval_count"": 1, ""objective"": 6.955969941615262e-11, ""optimizer_message"": ""CONVERGENCE: NORM_OF_PROJECTED_GRADIENT_<=_PGTOL"", ""optimizer_success"": true}"
PLVIRA,PLVIRA,zalesak,2,128,69,52,reconstructed,0.5763937891365458,0.5763937891365457,1.1102230246251565e-16,-4.70434485572657e-13,0.0,4.70434485572657e-13,2.389196835503759e-19,True,height_function,"{""curvature"": -4.70434485572657e-13, ""curvature_source"": ""cartesian-ghf"", ""ghf_diagnostic"": ""complete three-column height function"", ""ghf_direction"": ""x"", ""ghf_fit_points"": 0, ""ghf_height_points"": 3, ""ghf_independent_points"": 3, ""ghf_method"": ""height_function"", ""interval_count"": 1, ""objective"": 2.389196835503759e-19, ""optimizer_message"": ""CONVERGENCE: NORM_OF_PROJECTED_GRADIENT_<=_PGTOL"", ""optimizer_success"": true}"
PLVIRA,PLVIRA,zalesak,2,128,69,53,reconstructed,0.19623686494173853,0.19623686494173853,0.0,2.354864727476126e-13,0.0,2.354864727476126e-13,9.3841977197013e-18,True,height_function,"{""curvature"": 2.354864727476126e-13, ""curvature_source"": ""cartesian-ghf"", ""ghf_diagnostic"": ""complete three-column height function"", ""ghf_direction"": ""x"", ""ghf_fit_points"": 0, ""ghf_height_points"": 3, ""ghf_independent_points"": 3, ""ghf_method"": ""height_function"", ""interval_count"": 1, ""objective"": 9.3841977197013e-18, ""optimizer_message"": ""CONVERGENCE: REL_REDUCTION_OF_F_<=_FACTR*EPSMCH"", ""optimizer_success"": true}"
PLVIRA,PLVIRA,zalesak,2,128,69,63,reconstructed,0.20748727571071868,0.20748727571071868,0.0,-2.349480128251715e-13,0.0,2.349480128251715e-13,1.763137835140108e-15,True,height_function,"{""curvature"": -2.349480128251715e-13, ""curvature_source"": ""cartesian-ghf"", ""ghf_diagnostic"": ""complete three-column height function"", ""ghf_direction"": ""x"", ""ghf_fit_points"": 0, ""ghf_height_points"": 3, ""ghf_independent_points"": 3, ""ghf_method"": ""height_function"", ""interval_count"": 1, ""objective"": 1.763137835140108e-15, ""optimizer_message"": ""CONVERGENCE: REL_REDUCTION_OF_F_<=_FACTR*EPSMCH"", ""optimizer_success"": true}"
PLVIRA,PLVIRA,zalesak,2,128,69,64,reconstructed,0.5808518024537079,0.5808518024537079,0.0,-3.589732816273612e-16,0.0,3.589732816273612e-16,1.592830726534248e-14,True,height_function,"{""curvature"": -3.589732816273612e-16, ""curvature_source"": ""cartesian-ghf"", ""ghf_diagnostic"": ""complete three-column height function"", ""ghf_direction"": ""x"", ""ghf_fit_points"": 0, ""ghf_height_points"": 3, ""ghf_independent_points"": 3, ""ghf_method"": ""height_function"", ""interval_count"": 1, ""objective"": 1.592830726534248e-14, ""optimizer_message"": ""CONVERGENCE: REL_REDUCTION_OF_F_<=_FACTR*EPSMCH"", ""optimizer_success"": true}"
PLVIRA,PLVIRA,zalesak,2,128,69,82,reconstructed,0.5890655824433386,0.5890655824433415,2.886579864025407e-15,0.06673869206836103,0.06666666666666667,7.202540169436167e-05,7.893469371793255e-12,True,height_function,"{""curvature"": 0.06673869206836103, ""curvature_source"": ""cartesian-ghf"", ""ghf_diagnostic"": ""complete three-column height function"", ""ghf_direction"": ""y"", ""ghf_fit_points"": 0, ""ghf_height_points"": 3, ""ghf_independent_points"": 3, ""ghf_method"": ""height_function"", ""interval_count"": 1, ""objective"": 7.893469371793255e-12, ""optimizer_message"": ""CONVERGENCE: REL_REDUCTION_OF_F_<=_FACTR*EPSMCH"", ""optimizer_success"": true}"
PLVIRA,PLVIRA,zalesak,2,128,69,83,reconstructed,0.015937821626097026,0.01593782162609636,6.661338147750939e-16,0.06673869206836103,0.06666666666666667,7.202540169436167e-05,8.994351884645193e-12,True,height_function,"{""curvature"": 0.06673869206836103, ""curvature_source"": ""cartesian-ghf"", ""ghf_diagnostic"": ""complete three-column height function"", ""ghf_direction"": ""y"", ""ghf_fit_points"": 0, ""ghf_height_points"": 3, ""ghf_independent_points"": 3, ""ghf_method"": ""height_function"", ""interval_count"": 1, ""objective"": 8.994351884645193e-12, ""optimizer_message"": ""CONVERGENCE: NORM_OF_PROJECTED_GRADIENT_<=_PGTOL"", ""optimizer_success"": true}"
PLVIRA,PLVIRA,zalesak,2,128,70,45,reconstructed,0.03860630565706779,0.03860630565706703,7.563394355258879e-16,0.0667408617452243,0.06666666666666667,7.419507855763174e-05,7.612479828267542e-12,True,height_function,"{""curvature"": 0.0667408617452243, ""curvature_source"": ""cartesian-ghf"", ""ghf_diagnostic"": ""complete three-column height function"", ""ghf_direction"": ""y"", ""ghf_fit_points"": 0, ""ghf_height_points"": 3, ""ghf_independent_points"": 3, ""ghf_method"": ""height_function"", ""interval_count"": 1, ""objective"": 7.612479828267542e-12, ""optimizer_message"": ""CONVERGENCE: REL_REDUCTION_OF_F_<=_FACTR*EPSMCH"", ""optimizer_success"": true}"
PLVIRA,PLVIRA,zalesak,2,128,70,46,reconstructed,0.5986407657215924,0.5986407657215945,2.1094237467877974e-15,0.0667408617452243,0.06666666666666667,7.419507855763174e-05,1.5009423794473592e-11,True,height_function,"{""curvature"": 0.0667408617452243, ""curvature_source"": ""cartesian-ghf"", ""ghf_diagnostic"": ""complete three-column height function"", ""ghf_direction"": ""y"", ""ghf_fit_points"": 0, ""ghf_height_points"": 3, ""ghf_independent_points"": 3, ""ghf_method"": ""height_function"", ""interval_count"": 1, ""objective"": 1.5009423794473592e-11, ""optimizer_message"": ""CONVERGENCE: NORM_OF_PROJECTED_GRADIENT_<=_PGTOL"", ""optimizer_success"": true}"
PLVIRA,PLVIRA,zalesak,2,128,70,51,reconstructed,0.5047141625427685,0.5047141625427685,0.0,4.70434485572657e-13,0.0,4.70434485572657e-13,3.280002979588068e-23,True,height_function,"{""curvature"": 4.70434485572657e-13, ""curvature_source"": ""cartesian-ghf"", ""ghf_diagnostic"": ""complete three-column height function"", ""ghf_direction"": ""x"", ""ghf_fit_points"": 0, ""ghf_height_points"": 3, ""ghf_independent_points"": 3, ""ghf_method"": ""height_function"", ""interval_count"": 1, ""objective"": 3.280002979588068e-23, ""optimizer_message"": ""CONVERGENCE: NORM_OF_PROJECTED_GRADIENT_<=_PGTOL"", ""optimizer_success"": true}"
PLVIRA,PLVIRA,zalesak,2,128,70,52,reconstructed,0.09135118017843524,0.09135118017843492,3.191891195797325e-16,-4.70434485572657e-13,0.0,4.70434485572657e-13,1.1650707022510163e-15,True,height_function,"{""curvature"": -4.70434485572657e-13, ""curvature_source"": ""cartesian-ghf"", ""ghf_diagnostic"": ""complete three-column height function"", ""ghf_direction"": ""x"", ""ghf_fit_points"": 0, ""ghf_height_points"": 3, ""ghf_independent_points"": 3, ""ghf_method"": ""height_function"", ""interval_count"": 1, ""objective"": 1.1650707022510163e-15, ""optimizer_message"": ""CONVERGENCE: REL_REDUCTION_OF_F_<=_FACTR*EPSMCH"", ""optimizer_success"": true}"
PLVIRA,PLVIRA,zalesak,2,128,70,61,reconstructed,0.012040784759392409,0.012040784759392381,2.7755575615628914e-17,2.3494801282504425e-13,0.0,2.3494801282504425e-13,3.3953617701103945e-15,True,height_function,"{""curvature"": 2.3494801282504425e-13, ""curvature_source"": ""cartesian-ghf"", ""ghf_diagnostic"": ""complete three-column height function"", ""ghf_direction"": ""x"", ""ghf_fit_points"": 0, ""ghf_height_points"": 3, ""ghf_independent_points"": 3, ""ghf_method"": ""height_function"", ""interval_count"": 1, ""objective"": 3.3953617701103945e-15, ""optimizer_message"": ""CONVERGENCE: REL_REDUCTION_OF_F_<=_FACTR*EPSMCH"", ""optimizer_success"": true}"
PLVIRA,PLVIRA,zalesak,2,128,70,62,reconstructed,0.3434737998077253,0.3434737998077253,0.0,2.353069861067989e-13,0.0,2.353069861067989e-13,3.082703573033151e-15,True,height_function,"{""curvature"": 2.353069861067989e-13, ""curvature_source"": ""cartesian-ghf"", ""ghf_diagnostic"": ""complete three-column height function"", ""ghf_direction"": ""x"", ""ghf_fit_points"": 0, ""ghf_height_points"": 3, ""ghf_independent_points"": 3, ""ghf_method"": ""height_function"", ""interval_count"": 1, ""objective"": 3.082703573033151e-15, ""optimizer_message"": ""CONVERGENCE: REL_REDUCTION_OF_F_<=_FACTR*EPSMCH"", ""optimizer_success"": true}"
PLVIRA,PLVIRA,zalesak,2,128,70,63,reconstructed,0.6093898049543895,0.6093898049543895,0.0,-2.349480128251715e-13,0.0,2.349480128251715e-13,2.4385778740998985e-17,True,height_function,"{""curvature"": -2.349480128251715e-13, ""curvature_source"": ""cartesian-ghf"", ""ghf_diagnostic"": ""complete three-column height function"", ""ghf_direction"": ""x"", ""ghf_fit_points"": 0, ""ghf_height_points"": 3, ""ghf_independent_points"": 3, ""ghf_method"": ""height_function"", ""interval_count"": 1, ""objective"": 2.4385778740998985e-17, ""optimizer_message"": ""CONVERGENCE: REL_REDUCTION_OF_F_<=_FACTR*EPSMCH"", ""optimizer_success"": true}"
PLVIRA,PLVIRA,zalesak,2,128,70,82,reconstructed,0.43891456743854107,0.4389145674385296,1.149080830487037e-14,0.06674086174445316,0.06666666666666667,7.419507778649859e-05,5.689065046878927e-11,True,height_function,"{""curvature"": 0.06674086174445316, ""curvature_source"": ""cartesian-ghf"", ""ghf_diagnostic"": ""complete three-column height function"", ""ghf_direction"": ""y"", ""ghf_fit_points"": 0, ""ghf_height_points"": 3, ""ghf_independent_points"": 3, ""ghf_method"": ""height_function"", ""interval_count"": 1, ""objective"": 5.689065046878927e-11, ""optimizer_message"": ""CONVERGENCE: NORM_OF_PROJECTED_GRADIENT_<=_PGTOL"", ""optimizer_success"": true}"
PLVIRA,PLVIRA,zalesak,2,128,71,46,reconstructed,0.43488713652702593,0.4348871365270248,1.1102230246251565e-15,0.06674364270393816,0.06666666666666667,7.697603727149782e-05,3.0118843414271444e-11,True,height_function,"{""curvature"": 0.06674364270393816, ""curvature_source"": ""cartesian-ghf"", ""ghf_diagnostic"": ""complete three-column height function"", ""ghf_direction"": ""y"", ""ghf_fit_points"": 0, ""ghf_height_points"": 3, ""ghf_independent_points"": 3, ""ghf_method"": ""height_function"", ""interval_count"": 1, ""objective"": 3.0118843414271444e-11, ""optimizer_message"": ""CONVERGENCE: NORM_OF_PROJECTED_GRADIENT_<=_PGTOL"", ""optimizer_success"": true}"
PLVIRA,PLVIRA,zalesak,2,128,71,50,reconstructed,0.39341750623430016,0.39341750623430016,0.0,-2.354864727476126e-13,0.0,2.354864727476126e-13,2.8471024166419288e-21,True,height_function,"{""curvature"": -2.354864727476126e-13, ""curvature_source"": ""cartesian-ghf"", ""ghf_diagnostic"": ""complete three-column height function"", ""ghf_direction"": ""x"", ""ghf_fit_points"": 0, ""ghf_height_points"": 3, ""ghf_independent_points"": 3, ""ghf_method"": ""height_function"", ""interval_count"": 1, ""objective"": 2.8471024166419288e-21, ""optimizer_message"": ""CONVERGENCE: NORM_OF_PROJECTED_GRADIENT_<=_PGTOL"", ""optimizer_success"": true}"
PLVIRA,PLVIRA,zalesak,2,128,71,51,reconstructed,0.02608252513005027,0.026082525130050258,1.3877787807814457e-17,4.70434485572657e-13,0.0,4.70434485572657e-13,3.79795746967797e-18,True,height_function,"{""curvature"": 4.70434485572657e-13, ""curvature_source"": ""cartesian-ghf"", ""ghf_diagnostic"": ""complete three-column height function"", ""ghf_direction"": ""x"", ""ghf_fit_points"": 0, ""ghf_height_points"": 3, ""ghf_independent_points"": 3, ""ghf_method"": ""height_function"", ""interval_count"": 1, ""objective"": 3.79795746967797e-18, ""optimizer_message"": ""CONVERGENCE: NORM_OF_PROJECTED_GRADIENT_<=_PGTOL"", ""optimizer_success"": true}"
PLVIRA,PLVIRA,zalesak,2,128,71,60,reconstructed,0.06273684168809268,0.06273684168809268,0.0,-4.70434485572657e-13,0.0,4.70434485572657e-13,1.0230165101437776e-14,True,height_function,"{""curvature"": -4.70434485572657e-13, ""curvature_source"": ""cartesian-ghf"", ""ghf_diagnostic"": ""complete three-column height function"", ""ghf_direction"": ""x"", ""ghf_fit_points"": 0, ""ghf_height_points"": 3, ""ghf_independent_points"": 3, ""ghf_method"": ""height_function"", ""interval_count"": 1, ""objective"": 1.0230165101437776e-14, ""optimizer_message"": ""CONVERGENCE: REL_REDUCTION_OF_F_<=_FACTR*EPSMCH"", ""optimizer_success"": true}"
PLVIRA,PLVIRA,zalesak,2,128,71,61,reconstructed,0.4683812966907226,0.468381296690718,4.6074255521944e-15,2.3494801282504425e-13,0.0,2.3494801282504425e-13,2.2475900904862784e-16,True,height_function,"{""curvature"": 2.3494801282504425e-13, ""curvature_source"": ""cartesian-ghf"", ""ghf_diagnostic"": ""complete three-column height function"", ""ghf_direction"": ""x"", ""ghf_fit_points"": 0, ""ghf_height_points"": 3, ""ghf_independent_points"": 3, ""ghf_method"": ""height_function"", ""interval_count"": 1, ""objective"": 2.2475900904862784e-16, ""optimizer_message"": ""CONVERGENCE: REL_REDUCTION_OF_F_<=_FACTR*EPSMCH"", ""optimizer_success"": true}"
PLVIRA,PLVIRA,zalesak,2,128,71,82,reconstructed,0.23655463258710263,0.23655463258710424,1.609823385706477e-15,0.06674364270464068,0.06666666666666667,7.69760379740192e-05,6.603776721811767e-11,True,height_function,"{""curvature"": 0.06674364270464068, ""curvature_source"": ""cartesian-ghf"", ""ghf_diagnostic"": ""complete three-column height function"", ""ghf_direction"": ""y"", ""ghf_fit_points"": 0, ""ghf_height_points"": 3, ""ghf_independent_points"": 3, ""ghf_method"": ""height_function"", ""interval_count"": 1, ""objective"": 6.603776721811767e-11, ""optimizer_message"": ""CONVERGENCE: NORM_OF_PROJECTED_GRADIENT_<=_PGTOL"", ""optimizer_success"": true}"
PLVIRA,PLVIRA,zalesak,2,128,72,46,reconstructed,0.19421035049207447,0.1942103504920741,3.608224830031759e-16,0.19605129060030888,0.06666666666666667,0.1293846239336422,0.00035922899638682814,True,mixed_height_parabola,"{""curvature"": 0.19605129060030888, ""curvature_source"": ""cartesian-ghf"", ""ghf_diagnostic"": ""parabola fit to consistent heights from both directions"", ""ghf_direction"": null, ""ghf_fit_points"": 4, ""ghf_height_points"": 4, ""ghf_independent_points"": 3, ""ghf_method"": ""mixed_height_parabola"", ""interval_count"": 1, ""objective"": 0.00035922899638682814, ""optimizer_message"": ""CONVERGENCE: NORM_OF_PROJECTED_GRADIENT_<=_PGTOL"", ""optimizer_success"": true}"
PLVIRA,PLVIRA,zalesak,2,128,72,48,reconstructed,0.595955258323329,0.5959552583233291,1.1102230246251565e-16,0.17627134383644358,0.0,0.17627134383644358,0.00403461490059194,True,height_function,"{""curvature"": 0.17627134383644358, ""curvature_source"": ""cartesian-ghf"", ""ghf_diagnostic"": ""complete three-column height function"", ""ghf_direction"": ""x"", ""ghf_fit_points"": 0, ""ghf_height_points"": 3, ""ghf_independent_points"": 3, ""ghf_method"": ""height_function"", ""interval_count"": 1, ""objective"": 0.00403461490059194, ""optimizer_message"": ""CONVERGENCE: NORM_OF_PROJECTED_GRADIENT_<=_PGTOL"", ""optimizer_success"": true}"
PLVIRA,PLVIRA,zalesak,2,128,72,49,reconstructed,0.25690012438781196,0.25690012438781185,1.1102230246251565e-16,-2.3494801282504425e-13,0.0,2.3494801282504425e-13,5.74534295953828e-16,True,height_function,"{""curvature"": -2.3494801282504425e-13, ""curvature_source"": ""cartesian-ghf"", ""ghf_diagnostic"": ""complete three-column height function"", ""ghf_direction"": ""x"", ""ghf_fit_points"": 0, ""ghf_height_points"": 3, ""ghf_independent_points"": 3, ""ghf_method"": ""height_function"", ""interval_count"": 1, ""objective"": 5.74534295953828e-16, ""optimizer_message"": ""CONVERGENCE: REL_REDUCTION_OF_F_<=_FACTR*EPSMCH"", ""optimizer_success"": true}"
PLVIRA,PLVIRA,zalesak,2,128,72,50,reconstructed,0.0004308997959014959,0.0004308997959012687,2.2719456524433745e-16,-2.354864727476126e-13,0.0,2.354864727476126e-13,5.654267763901743e-17,True,height_function,"{""curvature"": -2.354864727476126e-13, ""curvature_source"": ""cartesian-ghf"", ""ghf_diagnostic"": ""complete three-column height function"", ""ghf_direction"": ""x"", ""ghf_fit_points"": 0, ""ghf_height_points"": 3, ""ghf_independent_points"": 3, ""ghf_method"": ""height_function"", ""interval_count"": 1, ""objective"": 5.654267763901743e-17, ""optimizer_message"": ""CONVERGENCE: REL_REDUCTION_OF_F_<=_FACTR*EPSMCH"", ""optimizer_success"": true}"
PLVIRA,PLVIRA,zalesak,2,128,72,59,reconstructed,0.15304992833148393,0.15304992833148434,4.163336342344337e-16,4.706139722134705e-13,0.0,4.706139722134705e-13,3.513399846983677e-19,True,height_function,"{""curvature"": 4.706139722134705e-13, ""curvature_source"": ""cartesian-ghf"", ""ghf_diagnostic"": ""complete three-column height function"", ""ghf_direction"": ""x"", ""ghf_fit_points"": 0, ""ghf_height_points"": 3, ""ghf_independent_points"": 3, ""ghf_method"": ""height_function"", ""interval_count"": 1, ""objective"": 3.513399846983677e-19, ""optimizer_message"": ""CONVERGENCE: NORM_OF_PROJECTED_GRADIENT_<=_PGTOL"", ""optimizer_success"": true}"
PLVIRA,PLVIRA,zalesak,2,128,72,60,reconstructed,0.5546335214041846,0.5546335214041846,0.0,-4.706139722134705e-13,0.0,4.706139722134705e-13,4.928890476317246e-15,True,height_function,"{""curvature"": -4.706139722134705e-13, ""curvature_source"": ""cartesian-ghf"", ""ghf_diagnostic"": ""complete three-column height function"", ""ghf_direction"": ""x"", ""ghf_fit_points"": 0, ""ghf_height_points"": 3, ""ghf_independent_points"": 3, ""ghf_method"": ""height_function"", ""interval_count"": 1, ""objective"": 4.928890476317246e-15, ""optimizer_message"": ""CONVERGENCE: REL_REDUCTION_OF_F_<=_FACTR*EPSMCH"", ""optimizer_success"": true}"
PLVIRA,PLVIRA,zalesak,2,128,72,81,reconstructed,0.5757047193107936,0.5757047193107945,8.881784197001252e-16,0.06674716274151604,0.06666666666666667,8.049607484937604e-05,2.5279628757029742e-11,True,height_function,"{""curvature"": 0.06674716274151604, ""curvature_source"": ""cartesian-ghf"", ""ghf_diagnostic"": ""complete three-column height function"", ""ghf_direction"": ""y"", ""ghf_fit_points"": 0, ""ghf_height_points"": 3, ""ghf_independent_points"": 3, ""ghf_method"": ""height_function"", ""interval_count"": 1, ""objective"": 2.5279628757029742e-11, ""optimizer_message"": ""CONVERGENCE: REL_REDUCTION_OF_F_<=_FACTR*EPSMCH"", ""optimizer_success"": true}"
PLVIRA,PLVIRA,zalesak,2,128,72,82,reconstructed,0.030524689741149743,0.030524689741149205,5.377642775528102e-16,0.06674716274151604,0.06666666666666667,8.049607484937604e-05,3.372645964661919e-11,True,height_function,"{""curvature"": 0.06674716274151604, ""curvature_source"": ""cartesian-ghf"", ""ghf_diagnostic"": ""complete three-column height function"", ""ghf_direction"": ""y"", ""ghf_fit_points"": 0, ""ghf_height_points"": 3, ""ghf_independent_points"": 3, ""ghf_method"": ""height_function"", ""interval_count"": 1, ""objective"": 3.372645964661919e-11, ""optimizer_message"": ""CONVERGENCE: REL_REDUCTION_OF_F_<=_FACTR*EPSMCH"", ""optimizer_success"": true}"
PLVIRA,PLVIRA,zalesak,2,128,73,46,reconstructed,0.0064304129781607156,0.00643041297815905,1.6653345369377348e-15,0.0,0.06666666666666667,0.06666666666666667,0.039842583882481956,True,degenerate_zero,"{""curvature"": 0.0, ""curvature_source"": ""cartesian-ghf"", ""ghf_diagnostic"": ""fewer than three independent 3x3 PLIC fragment centroids"", ""ghf_direction"": null, ""ghf_fit_points"": 4, ""ghf_height_points"": 3, ""ghf_independent_points"": 1, ""ghf_method"": ""degenerate_zero"", ""interval_count"": 1, ""objective"": 0.039842583882481956, ""optimizer_message"": ""CONVERGENCE: REL_REDUCTION_OF_F_<=_FACTR*EPSMCH"", ""optimizer_success"": true}"
PLVIRA,PLVIRA,zalesak,2,128,73,47,reconstructed,0.4485194507479129,0.44851945074791505,2.1649348980190553e-15,1.8495566365077878,0.06666666666666667,1.7828899698411211,0.047891661854048646,True,height_function,"{""curvature"": 1.8495566365077878, ""curvature_source"": ""cartesian-ghf"", ""ghf_diagnostic"": ""complete three-column height function"", ""ghf_direction"": ""x"", ""ghf_fit_points"": 0, ""ghf_height_points"": 3, ""ghf_independent_points"": 3, ""ghf_method"": ""height_function"", ""interval_count"": 1, ""objective"": 0.047891661854048646, ""optimizer_message"": ""CONVERGENCE: NORM_OF_PROJECTED_GRADIENT_<=_PGTOL"", ""optimizer_success"": true}"
PLVIRA,PLVIRA,zalesak,2,128,73,48,reconstructed,0.13434814692232067,0.13434814692232344,2.7755575615628914e-15,0.17627134383644358,0.0,0.17627134383644358,0.00046111663240120597,True,height_function,"{""curvature"": 0.17627134383644358, ""curvature_source"": ""cartesian-ghf"", ""ghf_diagnostic"": ""complete three-column height function"", ""ghf_direction"": ""x"", ""ghf_fit_points"": 0, ""ghf_height_points"": 3, ""ghf_independent_points"": 3, ""ghf_method"": ""height_function"", ""interval_count"": 1, ""objective"": 0.00046111663240120597, ""optimizer_message"": ""CONVERGENCE: REL_REDUCTION_OF_F_<=_FACTR*EPSMCH"", ""optimizer_success"": true}"
PLVIRA,PLVIRA,zalesak,2,128,73,57,reconstructed,0.0020646808127366967,0.0020646808127367036,6.938893903907228e-18,-1.7948664081377774e-16,0.0,1.7948664081377774e-16,5.189619765788096e-18,True,height_function,"{""curvature"": -1.7948664081377774e-16, ""curvature_source"": ""cartesian-ghf"", ""ghf_diagnostic"": ""complete three-column height function"", ""ghf_direction"": ""x"", ""ghf_fit_points"": 0, ""ghf_height_points"": 3, ""ghf_independent_points"": 3, ""ghf_method"": ""height_function"", ""interval_count"": 1, ""objective"": 5.189619765788096e-18, ""optimizer_message"": ""CONVERGENCE: NORM_OF_PROJECTED_GRADIENT_<=_PGTOL"", ""optimizer_success"": true}"
PLVIRA,PLVIRA,zalesak,2,128,73,58,reconstructed,0.28091536387705673,0.2809153638770567,5.551115123125783e-17,-4.704344855726567e-13,0.0,4.704344855726567e-13,2.358892960894147e-21,True,height_function,"{""curvature"": -4.704344855726567e-13, ""curvature_source"": ""cartesian-ghf"", ""ghf_diagnostic"": ""complete three-column height function"", ""ghf_direction"": ""x"", ""ghf_fit_points"": 0, ""ghf_height_points"": 3, ""ghf_independent_points"": 3, ""ghf_method"": ""height_function"", ""interval_count"": 1, ""objective"": 2.358892960894147e-21, ""optimizer_message"": ""CONVERGENCE: NORM_OF_PROJECTED_GRADIENT_<=_PGTOL"", ""optimizer_success"": true}"
PLVIRA,PLVIRA,zalesak,2,128,73,59,reconstructed,0.6012687164034105,0.6012687164034104,1.1102230246251565e-16,4.706139722134705e-13,0.0,4.706139722134705e-13,5.602848474062236e-22,True,height_function,"{""curvature"": 4.706139722134705e-13, ""curvature_source"": ""cartesian-ghf"", ""ghf_diagnostic"": ""complete three-column height function"", ""ghf_direction"": ""x"", ""ghf_fit_points"": 0, ""ghf_height_points"": 3, ""ghf_independent_points"": 3, ""ghf_method"": ""height_function"", ""interval_count"": 1, ""objective"": 5.602848474062236e-22, ""optimizer_message"": ""CONVERGENCE: NORM_OF_PROJECTED_GRADIENT_<=_PGTOL"", ""optimizer_success"": true}"
PLVIRA,PLVIRA,zalesak,2,128,73,81,reconstructed,0.32459609805840905,0.3245960980584095,4.440892098500626e-16,0.06675160423735685,0.06666666666666667,8.493757069018282e-05,1.3788267602492467e-10,True,height_function,"{""curvature"": 0.06675160423735685, ""curvature_source"": ""cartesian-ghf"", ""ghf_diagnostic"": ""complete three-column height function"", ""ghf_direction"": ""y"", ""ghf_fit_points"": 0, ""ghf_height_points"": 3, ""ghf_independent_points"": 3, ""ghf_method"": ""height_function"", ""interval_count"": 1, ""objective"": 1.3788267602492467e-10, ""optimizer_message"": ""CONVERGENCE: REL_REDUCTION_OF_F_<=_FACTR*EPSMCH"", ""optimizer_success"": true}"
PLVIRA,PLVIRA,zalesak,2,128,74,47,reconstructed,0.0007391436342931712,0.0007391436342931088,6.245004513516506e-17,1.8495566365077878,0.0,1.8495566365077878,0.13111398361257137,True,height_function,"{""curvature"": 1.8495566365077878, ""curvature_source"": ""cartesian-ghf"", ""ghf_diagnostic"": ""complete three-column height function"", ""ghf_direction"": ""x"", ""ghf_fit_points"": 0, ""ghf_height_points"": 3, ""ghf_independent_points"": 3, ""ghf_method"": ""height_function"", ""interval_count"": 1, ""objective"": 0.13111398361257137, ""optimizer_message"": ""CONVERGENCE: REL_REDUCTION_OF_F_<=_FACTR*EPSMCH"", ""optimizer_success"": true}"
PLVIRA,PLVIRA,zalesak,2,128,74,56,reconstructed,0.03466354524334747,0.034663545243347554,8.326672684688674e-17,2.3530698610679895e-13,0.0,2.3530698610679895e-13,5.113998915569827e-19,True,height_function,"{""curvature"": 2.3530698610679895e-13, ""curvature_source"": ""cartesian-ghf"", ""ghf_diagnostic"": ""complete three-column height function"", ""ghf_direction"": ""x"", ""ghf_fit_points"": 0, ""ghf_height_points"": 3, ""ghf_independent_points"": 3, ""ghf_method"": ""height_function"", ""interval_count"": 1, ""objective"": 5.113998915569827e-19, ""optimizer_message"": ""CONVERGENCE: NORM_OF_PROJECTED_GRADIENT_<=_PGTOL"", ""optimizer_success"": true}"
PLVIRA,PLVIRA,zalesak,2,128,74,57,reconstructed,0.4157989647069371,0.415798964706937,1.1102230246251565e-16,-1.7948664081377774e-16,0.0,1.7948664081377774e-16,4.2523955695553e-18,True,height_function,"{""curvature"": -1.7948664081377774e-16, ""curvature_source"": ""cartesian-ghf"", ""ghf_diagnostic"": ""complete three-column height function"", ""ghf_direction"": ""x"", ""ghf_fit_points"": 0, ""ghf_height_points"": 3, ""ghf_independent_points"": 3, ""ghf_method"": ""height_function"", ""interval_count"": 1, ""objective"": 4.2523955695553e-18, ""optimizer_message"": ""CONVERGENCE: NORM_OF_PROJECTED_GRADIENT_<=_PGTOL"", ""optimizer_success"": true}"
PLVIRA,PLVIRA,zalesak,2,128,74,80,reconstructed,0.5659685604209672,0.5659685604209679,6.661338147750939e-16,0.0667572327013571,0.06666666666666667,9.056603469043134e-05,6.444602329233676e-11,True,height_function,"{""curvature"": 0.0667572327013571, ""curvature_source"": ""cartesian-ghf"", ""ghf_diagnostic"": ""complete three-column height function"", ""ghf_direction"": ""y"", ""ghf_fit_points"": 0, ""ghf_height_points"": 3, ""ghf_independent_points"": 3, ""ghf_method"": ""height_function"", ""interval_count"": 1, ""objective"": 6.444602329233676e-11, ""optimizer_message"": ""CONVERGENCE: NORM_OF_PROJECTED_GRADIENT_<=_PGTOL"", ""optimizer_success"": true}"
PLVIRA,PLVIRA,zalesak,2,128,74,81,reconstructed,0.042981145104391334,0.042981145104390606,7.28583859910259e-16,0.0667572327013571,0.06666666666666667,9.056603469043134e-05,9.909456108609209e-11,True,height_function,"{""curvature"": 0.0667572327013571, ""curvature_source"": ""cartesian-ghf"", ""ghf_diagnostic"": ""complete three-column height function"", ""ghf_direction"": ""y"", ""ghf_fit_points"": 0, ""ghf_height_points"": 3, ""ghf_independent_points"": 3, ""ghf_method"": ""height_function"", ""interval_count"": 1, ""objective"": 9.909456108609209e-11, ""optimizer_message"": ""CONVERGENCE: REL_REDUCTION_OF_F_<=_FACTR*EPSMCH"", ""optimizer_success"": true}"
PLVIRA,PLVIRA,zalesak,2,128,75,55,reconstructed,0.10687943938864919,0.10687943938864922,2.7755575615628914e-17,2.35127499465858e-13,0.0,2.35127499465858e-13,1.465686526554355e-23,True,height_function,"{""curvature"": 2.35127499465858e-13, ""curvature_source"": ""cartesian-ghf"", ""ghf_diagnostic"": ""complete three-column height function"", ""ghf_direction"": ""x"", ""ghf_fit_points"": 0, ""ghf_height_points"": 3, ""ghf_independent_points"": 3, ""ghf_method"": ""height_function"", ""interval_count"": 1, ""objective"": 1.465686526554355e-23, ""optimizer_message"": ""CONVERGENCE: NORM_OF_PROJECTED_GRADIENT_<=_PGTOL"", ""optimizer_success"": true}"
PLVIRA,PLVIRA,zalesak,2,128,75,56,reconstructed,0.5201483819189434,0.5201483819189439,4.440892098500626e-16,2.351274994659852e-13,0.0,2.351274994659852e-13,1.6189402329515402e-15,True,height_function,"{""curvature"": 2.351274994659852e-13, ""curvature_source"": ""cartesian-ghf"", ""ghf_diagnostic"": ""complete three-column height function"", ""ghf_direction"": ""x"", ""ghf_fit_points"": 0, ""ghf_height_points"": 3, ""ghf_independent_points"": 3, ""ghf_method"": ""height_function"", ""interval_count"": 1, ""objective"": 1.6189402329515402e-15, ""optimizer_message"": ""CONVERGENCE: REL_REDUCTION_OF_F_<=_FACTR*EPSMCH"", ""optimizer_success"": true}"
PLVIRA,PLVIRA,zalesak,2,128,75,80,reconstructed,0.23414924926368122,0.23414924926368214,9.159339953157541e-16,0.06676444667011004,0.06666666666666667,9.778000344337623e-05,5.970887058640056e-11,True,height_function,"{""curvature"": 0.06676444667011004, ""curvature_source"": ""cartesian-ghf"", ""ghf_diagnostic"": ""complete three-column height function"", ""ghf_direction"": ""y"", ""ghf_fit_points"": 0, ""ghf_height_points"": 3, ""ghf_independent_points"": 3, ""ghf_method"": ""height_function"", ""interval_count"": 1, ""objective"": 5.970887058640056e-11, ""optimizer_message"": ""CONVERGENCE: REL_REDUCTION_OF_F_<=_FACTR*EPSMCH"", ""optimizer_success"": true}"
PLVIRA,PLVIRA,zalesak,2,128,76,54,reconstructed,0.21871236324864185,0.21871236324864174,1.1102230246251565e-16,-4.700755122910293e-13,0.0,4.700755122910293e-13,1.024098884310417e-20,True,height_function,"{""curvature"": -4.700755122910293e-13, ""curvature_source"": ""cartesian-ghf"", ""ghf_diagnostic"": ""complete three-column height function"", ""ghf_direction"": ""x"", ""ghf_fit_points"": 0, ""ghf_height_points"": 3, ""ghf_independent_points"": 3, ""ghf_method"": ""height_function"", ""interval_count"": 1, ""objective"": 1.024098884310417e-20, ""optimizer_message"": ""CONVERGENCE: NORM_OF_PROJECTED_GRADIENT_<=_PGTOL"", ""optimizer_success"": true}"
PLVIRA,PLVIRA,zalesak,2,128,76,55,reconstructed,0.5848807694160314,0.5848807694160314,0.0,2.35127499465858e-13,0.0,2.35127499465858e-13,1.0209308217173468e-19,True,height_function,"{""curvature"": 2.35127499465858e-13, ""curvature_source"": ""cartesian-ghf"", ""ghf_diagnostic"": ""complete three-column height function"", ""ghf_direction"": ""x"", ""ghf_fit_points"": 0, ""ghf_height_points"": 3, ""ghf_independent_points"": 3, ""ghf_method"": ""height_function"", ""interval_count"": 1, ""objective"": 1.0209308217173468e-19, ""optimizer_message"": ""CONVERGENCE: NORM_OF_PROJECTED_GRADIENT_<=_PGTOL"", ""optimizer_success"": true}"
PLVIRA,PLVIRA,zalesak,2,128,76,79,reconstructed,0.4140413110434195,0.4140413110434202,6.661338147750939e-16,0.06677387043616806,0.06666666666666667,0.00010720376950139332,4.8177872244299006e-11,True,height_function,"{""curvature"": 0.06677387043616806, ""curvature_source"": ""cartesian-ghf"", ""ghf_diagnostic"": ""complete three-column height function"", ""ghf_direction"": ""y"", ""ghf_fit_points"": 0, ""ghf_height_points"": 3, ""ghf_independent_points"": 3, ""ghf_method"": ""height_function"", ""interval_count"": 1, ""objective"": 4.8177872244299006e-11, ""optimizer_message"": ""CONVERGENCE: NORM_OF_PROJECTED_GRADIENT_<=_PGTOL"", ""optimizer_success"": true}"
PLVIRA,PLVIRA,zalesak,2,128,76,80,reconstructed,0.0009846067235245726,0.0009846067235260575,1.4849232954361469e-15,0.06677387043616806,0.06666666666666667,0.00010720376950139332,5.185616439093513e-10,True,height_function,"{""curvature"": 0.06677387043616806, ""curvature_source"": ""cartesian-ghf"", ""ghf_diagnostic"": ""complete three-column height function"", ""ghf_direction"": ""y"", ""ghf_fit_points"": 0, ""ghf_height_points"": 3, ""ghf_independent_points"": 3, ""ghf_method"": ""height_function"", ""interval_count"": 1, ""objective"": 5.185616439093513e-10, ""optimizer_message"": ""CONVERGENCE: NORM_OF_PROJECTED_GRADIENT_<=_PGTOL"", ""optimizer_success"": true}"
PLVIRA,PLVIRA,zalesak,2,128,77,52,reconstructed,0.01485710723432021,0.01485710723431604,4.170275236248244e-15,2.5125053342109844e-16,0.0,2.5125053342109844e-16,1.4926956717438404e-16,True,height_function,"{""curvature"": 2.5125053342109844e-16, ""curvature_source"": ""cartesian-ghf"", ""ghf_diagnostic"": ""complete three-column height function"", ""ghf_direction"": ""y"", ""ghf_fit_points"": 0, ""ghf_height_points"": 3, ""ghf_independent_points"": 3, ""ghf_method"": ""height_function"", ""interval_count"": 1, ""objective"": 1.4926956717438404e-16, ""optimizer_message"": ""CONVERGENCE: REL_REDUCTION_OF_F_<=_FACTR*EPSMCH"", ""optimizer_success"": true}"
PLVIRA,PLVIRA,zalesak,2,128,77,53,reconstructed,0.35530520958946,0.35530520958946005,5.551115123125783e-17,2.5125053342109844e-16,0.0,2.5125053342109844e-16,4.0652193491477723e-16,True,height_function,"{""curvature"": 2.5125053342109844e-16, ""curvature_source"": ""cartesian-ghf"", ""ghf_diagnostic"": ""complete three-column height function"", ""ghf_direction"": ""y"", ""ghf_fit_points"": 0, ""ghf_height_points"": 3, ""ghf_independent_points"": 3, ""ghf_method"": ""height_function"", ""interval_count"": 1, ""objective"": 4.0652193491477723e-16, ""optimizer_message"": ""CONVERGENCE: REL_REDUCTION_OF_F_<=_FACTR*EPSMCH"", ""optimizer_success"": true}"
PLVIRA,PLVIRA,zalesak,2,128,77,54,reconstructed,0.6099961271982011,0.6099961271982012,1.1102230246251565e-16,-4.700755122910293e-13,0.0,4.700755122910293e-13,6.434092921378181e-17,True,height_function,"{""curvature"": -4.700755122910293e-13, ""curvature_source"": ""cartesian-ghf"", ""ghf_diagnostic"": ""complete three-column height function"", ""ghf_direction"": ""x"", ""ghf_fit_points"": 0, ""ghf_height_points"": 3, ""ghf_independent_points"": 3, ""ghf_method"": ""height_function"", ""interval_count"": 1, ""objective"": 6.434092921378181e-17, ""optimizer_message"": ""CONVERGENCE: REL_REDUCTION_OF_F_<=_FACTR*EPSMCH"", ""optimizer_success"": true}"
PLVIRA,PLVIRA,zalesak,2,128,77,78,reconstructed,0.5007522661603829,0.5007522661603829,0.0,0.06678654070129567,0.06666666666666667,0.00011987403462900004,1.3857627971403764e-10,True,height_function,"{""curvature"": 0.06678654070129567, ""curvature_source"": ""cartesian-ghf"", ""ghf_diagnostic"": ""complete three-column height function"", ""ghf_direction"": ""y"", ""ghf_fit_points"": 0, ""ghf_height_points"": 3, ""ghf_independent_points"": 3, ""ghf_method"": ""height_function"", ""interval_count"": 1, ""objective"": 1.3857627971403764e-10, ""optimizer_message"": ""CONVERGENCE: REL_REDUCTION_OF_F_<=_FACTR*EPSMCH"", ""optimizer_success"": true}"
PLVIRA,PLVIRA,zalesak,2,128,77,79,reconstructed,0.03251597973377107,0.03251597973377106,1.3877787807814457e-17,0.06678654070129567,0.06666666666666667,0.00011987403462900004,1.5954223896723324e-09,True,height_function,"{""curvature"": 0.06678654070129567, ""curvature_source"": ""cartesian-ghf"", ""ghf_diagnostic"": ""complete three-column height function"", ""ghf_direction"": ""y"", ""ghf_fit_points"": 0, ""ghf_height_points"": 3, ""ghf_independent_points"": 3, ""ghf_method"": ""height_function"", ""interval_count"": 1, ""objective"": 1.5954223896723324e-09, ""optimizer_message"": ""CONVERGENCE: REL_REDUCTION_OF_F_<=_FACTR*EPSMCH"", ""optimizer_success"": true}"
PLVIRA,PLVIRA,zalesak,2,128,78,51,reconstructed,0.0689758088817598,0.06897580888175957,2.3592239273284576e-16,0.6173982735621866,0.0,0.6173982735621866,0.06554176103452486,True,height_function,"{""curvature"": 0.6173982735621866, ""curvature_source"": ""cartesian-ghf"", ""ghf_diagnostic"": ""complete three-column height function"", ""ghf_direction"": ""y"", ""ghf_fit_points"": 0, ""ghf_height_points"": 3, ""ghf_independent_points"": 3, ""ghf_method"": ""height_function"", ""interval_count"": 1, ""objective"": 0.06554176103452486, ""optimizer_message"": ""CONVERGENCE: NORM_OF_PROJECTED_GRADIENT_<=_PGTOL"", ""optimizer_success"": true}"
PLVIRA,PLVIRA,zalesak,2,128,78,52,reconstructed,0.4773963839975295,0.47739638399752954,5.551115123125783e-17,0.6173982735621866,0.0,0.6173982735621866,0.040738762841642046,True,height_function,"{""curvature"": 0.6173982735621866, ""curvature_source"": ""cartesian-ghf"", ""ghf_diagnostic"": ""complete three-column height function"", ""ghf_direction"": ""y"", ""ghf_fit_points"": 0, ""ghf_height_points"": 3, ""ghf_independent_points"": 3, ""ghf_method"": ""height_function"", ""interval_count"": 1, ""objective"": 0.040738762841642046, ""optimizer_message"": ""CONVERGENCE: NORM_OF_PROJECTED_GRADIENT_<=_PGTOL"", ""optimizer_success"": true}"
PLVIRA,PLVIRA,zalesak,2,128,78,77,reconstructed,0.5174276172236212,0.5174276172236217,5.551115123125783e-16,0.06679687533479506,0.06666666666666667,0.0001302086681283926,5.681151492599416e-10,True,height_function,"{""curvature"": 0.06679687533479506, ""curvature_source"": ""cartesian-ghf"", ""ghf_diagnostic"": ""complete three-column height function"", ""ghf_direction"": ""x"", ""ghf_fit_points"": 0, ""ghf_height_points"": 3, ""ghf_independent_points"": 3, ""ghf_method"": ""height_function"", ""interval_count"": 1, ""objective"": 5.681151492599416e-10, ""optimizer_message"": ""CONVERGENCE: NORM_OF_PROJECTED_GRADIENT_<=_PGTOL"", ""optimizer_success"": true}"
PLVIRA,PLVIRA,zalesak,2,128,78,78,reconstructed,0.060280482354928555,0.06028048235492843,1.249000902703301e-16,0.06680432574518896,0.06666666666666667,0.00013765907852229808,1.1932575742475696e-09,True,height_function,"{""curvature"": 0.06680432574518896, ""curvature_source"": ""cartesian-ghf"", ""ghf_diagnostic"": ""complete three-column height function"", ""ghf_direction"": ""y"", ""ghf_fit_points"": 0, ""ghf_height_points"": 3, ""ghf_independent_points"": 3, ""ghf_method"": ""height_function"", ""interval_count"": 1, ""objective"": 1.1932575742475696e-09, ""optimizer_message"": ""CONVERGENCE: REL_REDUCTION_OF_F_<=_FACTR*EPSMCH"", ""optimizer_success"": true}"
PLVIRA,PLVIRA,zalesak,2,128,79,51,reconstructed,0.15299869851256553,0.15299869851256084,4.690692279041286e-15,1.4462941283943553,0.06666666666666667,1.3796274617276887,0.05328447490238709,True,height_function,"{""curvature"": 1.4462941283943553, ""curvature_source"": ""cartesian-ghf"", ""ghf_diagnostic"": ""complete three-column height function"", ""ghf_direction"": ""y"", ""ghf_fit_points"": 0, ""ghf_height_points"": 3, ""ghf_independent_points"": 3, ""ghf_method"": ""height_function"", ""interval_count"": 1, ""objective"": 0.05328447490238709, ""optimizer_message"": ""CONVERGENCE: REL_REDUCTION_OF_F_<=_FACTR*EPSMCH"", ""optimizer_success"": true}"
PLVIRA,PLVIRA,zalesak,2,128,79,52,reconstructed,0.5708961790954539,0.5708961790954536,2.220446049250313e-16,1.4462941283943553,0.06666666666666667,1.3796274617276887,0.11335376289960136,True,height_function,"{""curvature"": 1.4462941283943553, ""curvature_source"": ""cartesian-ghf"", ""ghf_diagnostic"": ""complete three-column height function"", ""ghf_direction"": ""y"", ""ghf_fit_points"": 0, ""ghf_height_points"": 3, ""ghf_independent_points"": 3, ""ghf_method"": ""height_function"", ""interval_count"": 1, ""objective"": 0.11335376289960136, ""optimizer_message"": ""CONVERGENCE: REL_REDUCTION_OF_F_<=_FACTR*EPSMCH"", ""optimizer_success"": true}"
PLVIRA,PLVIRA,zalesak,2,128,79,76,reconstructed,0.47874620885766284,0.4787462088576629,5.551115123125783e-17,0.06678131305641198,0.06666666666666667,0.00011464638974531538,9.166242800416793e-11,True,height_function,"{""curvature"": 0.06678131305641198, ""curvature_source"": ""cartesian-ghf"", ""ghf_diagnostic"": ""complete three-column height function"", ""ghf_direction"": ""x"", ""ghf_fit_points"": 0, ""ghf_height_points"": 3, ""ghf_independent_points"": 3, ""ghf_method"": ""height_function"", ""interval_count"": 1, ""objective"": 9.166242800416793e-11, ""optimizer_message"": ""CONVERGENCE: REL_REDUCTION_OF_F_<=_FACTR*EPSMCH"", ""optimizer_success"": true}"
PLVIRA,PLVIRA,zalesak,2,128,79,77,reconstructed,0.05315087243731176,0.053150872437311925,1.6653345369377348e-16,0.06679687533479521,0.06666666666666667,0.00013020866812854526,9.687192861866212e-10,True,height_function,"{""curvature"": 0.06679687533479521, ""curvature_source"": ""cartesian-ghf"", ""ghf_diagnostic"": ""complete three-column height function"", ""ghf_direction"": ""x"", ""ghf_fit_points"": 0, ""ghf_height_points"": 3, ""ghf_independent_points"": 3, ""ghf_method"": ""height_function"", ""interval_count"": 1, ""objective"": 9.687192861866212e-10, ""optimizer_message"": ""CONVERGENCE: NORM_OF_PROJECTED_GRADIENT_<=_PGTOL"", ""optimizer_success"": true}"
PLVIRA,PLVIRA,zalesak,2,128,80,52,reconstructed,0.08492064867139515,0.08492064867139372,1.429412144204889e-15,0.07000554105602318,0.06666666666666667,0.003338874389356511,1.3399456349842645e-05,True,height_function,"{""curvature"": 0.07000554105602318, ""curvature_source"": ""cartesian-ghf"", ""ghf_diagnostic"": ""complete three-column height function"", ""ghf_direction"": ""y"", ""ghf_fit_points"": 0, ""ghf_height_points"": 3, ""ghf_independent_points"": 3, ""ghf_method"": ""height_function"", ""interval_count"": 1, ""objective"": 1.3399456349842645e-05, ""optimizer_message"": ""CONVERGENCE: NORM_OF_PROJECTED_GRADIENT_<=_PGTOL"", ""optimizer_success"": true}"
PLVIRA,PLVIRA,zalesak,2,128,80,53,reconstructed,0.48326001691779563,0.4832600169177959,2.7755575615628914e-16,0.07000554105602318,0.06666666666666667,0.003338874389356511,7.3745203147051575e-06,True,height_function,"{""curvature"": 0.07000554105602318, ""curvature_source"": ""cartesian-ghf"", ""ghf_diagnostic"": ""complete three-column height function"", ""ghf_direction"": ""y"", ""ghf_fit_points"": 0, ""ghf_height_points"": 3, ""ghf_independent_points"": 3, ""ghf_method"": ""height_function"", ""interval_count"": 1, ""objective"": 7.3745203147051575e-06, ""optimizer_message"": ""CONVERGENCE: REL_REDUCTION_OF_F_<=_FACTR*EPSMCH"", ""optimizer_success"": true}"
PLVIRA,PLVIRA,zalesak,2,128,80,74,reconstructed,0.608069180362587,0.608069180362587,0.0,0.06676152073181268,0.06666666666666667,9.48540651460189e-05,2.3162468322954765e-10,True,height_function,"{""curvature"": 0.06676152073181268, ""curvature_source"": ""cartesian-ghf"", ""ghf_diagnostic"": ""complete three-column height function"", ""ghf_direction"": ""x"", ""ghf_fit_points"": 0, ""ghf_height_points"": 3, ""ghf_independent_points"": 3, ""ghf_method"": ""height_function"", ""interval_count"": 1, ""objective"": 2.3162468322954765e-10, ""optimizer_message"": ""CONVERGENCE: NORM_OF_PROJECTED_GRADIENT_<=_PGTOL"", ""optimizer_success"": true}"
PLVIRA,PLVIRA,zalesak,2,128,80,75,reconstructed,0.3540137380539959,0.35401373805399533,5.551115123125783e-16,0.06677002170914369,0.06666666666666667,0.00010335504247702132,4.005564848091058e-11,True,height_function,"{""curvature"": 0.06677002170914369, ""curvature_source"": ""cartesian-ghf"", ""ghf_diagnostic"": ""complete three-column height function"", ""ghf_direction"": ""x"", ""ghf_fit_points"": 0, ""ghf_height_points"": 3, ""ghf_independent_points"": 3, ""ghf_method"": ""height_function"", ""interval_count"": 1, ""objective"": 4.005564848091058e-11, ""optimizer_message"": ""CONVERGENCE: NORM_OF_PROJECTED_GRADIENT_<=_PGTOL"", ""optimizer_success"": true}"
PLVIRA,PLVIRA,zalesak,2,128,80,76,reconstructed,0.01811680573269392,0.018116805732693864,5.551115123125783e-17,0.06678131305641198,0.06666666666666667,0.00011464638974531538,7.322778446304952e-10,True,height_function,"{""curvature"": 0.06678131305641198, ""curvature_source"": ""cartesian-ghf"", ""ghf_diagnostic"": ""complete three-column height function"", ""ghf_direction"": ""x"", ""ghf_fit_points"": 0, ""ghf_height_points"": 3, ""ghf_independent_points"": 3, ""ghf_method"": ""height_function"", ""interval_count"": 1, ""objective"": 7.322778446304952e-10, ""optimizer_message"": ""CONVERGENCE: REL_REDUCTION_OF_F_<=_FACTR*EPSMCH"", ""optimizer_success"": true}"
PLVIRA,PLVIRA,zalesak,2,128,81,53,reconstructed,0.009505174513225079,0.0095051745132251,2.0816681711721685e-17,0.06697420389876145,0.06666666666666667,0.00030753723209478445,1.9779760921452844e-08,True,height_function,"{""curvature"": 0.06697420389876145, ""curvature_source"": ""cartesian-ghf"", ""ghf_diagnostic"": ""complete three-column height function"", ""ghf_direction"": ""y"", ""ghf_fit_points"": 0, ""ghf_height_points"": 3, ""ghf_independent_points"": 3, ""ghf_method"": ""height_function"", ""interval_count"": 1, ""objective"": 1.9779760921452844e-08, ""optimizer_message"": ""CONVERGENCE: REL_REDUCTION_OF_F_<=_FACTR*EPSMCH"", ""optimizer_success"": true}"
PLVIRA,PLVIRA,zalesak,2,128,81,54,reconstructed,0.27291089789736933,0.2729108978973701,7.771561172376096e-16,0.0667592062840076,0.06666666666666667,9.253961734093097e-05,7.771250565237467e-11,True,height_function,"{""curvature"": 0.0667592062840076, ""curvature_source"": ""cartesian-ghf"", ""ghf_diagnostic"": ""complete three-column height function"", ""ghf_direction"": ""x"", ""ghf_fit_points"": 0, ""ghf_height_points"": 3, ""ghf_independent_points"": 3, ""ghf_method"": ""height_function"", ""interval_count"": 1, ""objective"": 7.771250565237467e-11, ""optimizer_message"": ""CONVERGENCE: NORM_OF_PROJECTED_GRADIENT_<=_PGTOL"", ""optimizer_success"": true}"
PLVIRA,PLVIRA,zalesak,2,128,81,55,reconstructed,0.572085135624016,0.5720851356240162,2.220446049250313e-16,0.06675315221707948,0.06666666666666667,8.648555041280981e-05,4.913334647766624e-11,True,height_function,"{""curvature"": 0.06675315221707948, ""curvature_source"": ""cartesian-ghf"", ""ghf_diagnostic"": ""complete three-column height function"", ""ghf_direction"": ""x"", ""ghf_fit_points"": 0, ""ghf_height_points"": 3, ""ghf_independent_points"": 3, ""ghf_method"": ""height_function"", ""interval_count"": 1, ""objective"": 4.913334647766624e-11, ""optimizer_message"": ""CONVERGENCE: NORM_OF_PROJECTED_GRADIENT_<=_PGTOL"", ""optimizer_success"": true}"
PLVIRA,PLVIRA,zalesak,2,128,81,73,reconstructed,0.5020674444716189,0.5020674444716189,0.0,0.06675495998521797,0.06666666666666667,8.829331855129963e-05,2.4692390038832954e-11,True,height_function,"{""curvature"": 0.06675495998521797, ""curvature_source"": ""cartesian-ghf"", ""ghf_diagnostic"": ""complete three-column height function"", ""ghf_direction"": ""x"", ""ghf_fit_points"": 0, ""ghf_height_points"": 3, ""ghf_independent_points"": 3, ""ghf_method"": ""height_function"", ""interval_count"": 1, ""objective"": 2.4692390038832954e-11, ""optimizer_message"": ""CONVERGENCE: NORM_OF_PROJECTED_GRADIENT_<=_PGTOL"", ""optimizer_success"": true}"
PLVIRA,PLVIRA,zalesak,2,128,81,74,reconstructed,0.15410125962251087,0.1541012596225108,5.551115123125783e-17,0.06676152073181268,0.06666666666666667,9.48540651460189e-05,3.259813968157046e-11,True,height_function,"{""curvature"": 0.06676152073181268, ""curvature_source"": ""cartesian-ghf"", ""ghf_diagnostic"": ""complete three-column height function"", ""ghf_direction"": ""x"", ""ghf_fit_points"": 0, ""ghf_height_points"": 3, ""ghf_independent_points"": 3, ""ghf_method"": ""height_function"", ""interval_count"": 1, ""objective"": 3.259813968157046e-11, ""optimizer_message"": ""CONVERGENCE: REL_REDUCTION_OF_F_<=_FACTR*EPSMCH"", ""optimizer_success"": true}"
PLVIRA,PLVIRA,zalesak,2,128,82,55,reconstructed,0.04093412954493969,0.04093412954493908,6.106226635438361e-16,0.06675315221707948,0.06666666666666667,8.648555041280981e-05,6.167223025148304e-11,True,height_function,"{""curvature"": 0.06675315221707948, ""curvature_source"": ""cartesian-ghf"", ""ghf_diagnostic"": ""complete three-column height function"", ""ghf_direction"": ""x"", ""ghf_fit_points"": 0, ""ghf_height_points"": 3, ""ghf_independent_points"": 3, ""ghf_method"": ""height_function"", ""interval_count"": 1, ""objective"": 6.167223025148304e-11, ""optimizer_message"": ""CONVERGENCE: NORM_OF_PROJECTED_GRADIENT_<=_PGTOL"", ""optimizer_success"": true}"
PLVIRA,PLVIRA,zalesak,2,128,82,56,reconstructed,0.29720389962540317,0.29720389962540344,2.7755575615628914e-16,0.06674838753480633,0.06666666666666667,8.172086813966473e-05,1.266495559398659e-10,True,height_function,"{""curvature"": 0.06674838753480633, ""curvature_source"": ""cartesian-ghf"", ""ghf_diagnostic"": ""complete three-column height function"", ""ghf_direction"": ""x"", ""ghf_fit_points"": 0, ""ghf_height_points"": 3, ""ghf_independent_points"": 3, ""ghf_method"": ""height_function"", ""interval_count"": 1, ""objective"": 1.266495559398659e-10, ""optimizer_message"": ""CONVERGENCE: NORM_OF_PROJECTED_GRADIENT_<=_PGTOL"", ""optimizer_success"": true}"
PLVIRA,PLVIRA,zalesak,2,128,82,57,reconstructed,0.5434599739946195,0.5434599739946215,1.9984014443252818e-15,0.06674461346200375,0.06666666666666667,7.794679533708326e-05,5.009923480125923e-12,True,height_function,"{""curvature"": 0.06674461346200375, ""curvature_source"": ""cartesian-ghf"", ""ghf_diagnostic"": ""complete three-column height function"", ""ghf_direction"": ""x"", ""ghf_fit_points"": 0, ""ghf_height_points"": 3, ""ghf_independent_points"": 3, ""ghf_method"": ""height_function"", ""interval_count"": 1, ""objective"": 5.009923480125923e-12, ""optimizer_message"": ""CONVERGENCE: REL_REDUCTION_OF_F_<=_FACTR*EPSMCH"", ""optimizer_success"": true}"
PLVIRA,PLVIRA,zalesak,2,128,82,70,reconstructed,0.60956931787848,0.6095693178784803,3.3306690738754696e-16,0.06674252041100655,0.06666666666666667,7.585374433988212e-05,2.725210222120604e-11,True,height_function,"{""curvature"": 0.06674252041100655, ""curvature_source"": ""cartesian-ghf"", ""ghf_diagnostic"": ""complete three-column height function"", ""ghf_direction"": ""x"", ""ghf_fit_points"": 0, ""ghf_height_points"": 3, ""ghf_independent_points"": 3, ""ghf_method"": ""height_function"", ""interval_count"": 1, ""objective"": 2.725210222120604e-11, ""optimizer_message"": ""CONVERGENCE: NORM_OF_PROJECTED_GRADIENT_<=_PGTOL"", ""optimizer_success"": true}"
PLVIRA,PLVIRA,zalesak,2,128,82,71,reconstructed,0.4721599241524448,0.47215992415244357,1.2212453270876722e-15,0.06674574515115113,0.06666666666666667,7.907848448446275e-05,5.279718563899225e-12,True,height_function,"{""curvature"": 0.06674574515115113, ""curvature_source"": ""cartesian-ghf"", ""ghf_diagnostic"": ""complete three-column height function"", ""ghf_direction"": ""x"", ""ghf_fit_points"": 0, ""ghf_height_points"": 3, ""ghf_independent_points"": 3, ""ghf_method"": ""height_function"", ""interval_count"": 1, ""objective"": 5.279718563899225e-12, ""optimizer_message"": ""CONVERGENCE: NORM_OF_PROJECTED_GRADIENT_<=_PGTOL"", ""optimizer_success"": true}"
PLVIRA,PLVIRA,zalesak,2,128,82,72,reconstructed,0.20624838631939824,0.20624838631939793,3.0531133177191805e-16,0.06674981503629242,0.06666666666666667,8.314836962575178e-05,1.8165010745137953e-11,True,height_function,"{""curvature"": 0.06674981503629242, ""curvature_source"": ""cartesian-ghf"", ""ghf_diagnostic"": ""complete three-column height function"", ""ghf_direction"": ""x"", ""ghf_fit_points"": 0, ""ghf_height_points"": 3, ""ghf_independent_points"": 3, ""ghf_method"": ""height_function"", ""interval_count"": 1, ""objective"": 1.8165010745137953e-11, ""optimizer_message"": ""CONVERGENCE: NORM_OF_PROJECTED_GRADIENT_<=_PGTOL"", ""optimizer_success"": true}"
PLVIRA,PLVIRA,zalesak,2,128,82,73,reconstructed,0.005639433374525549,0.005639433374524848,7.008282842946301e-16,0.06675495998521797,0.06666666666666667,8.829331855129963e-05,1.317353802148077e-10,True,height_function,"{""curvature"": 0.06675495998521797, ""curvature_source"": ""cartesian-ghf"", ""ghf_diagnostic"": ""complete three-column height function"", ""ghf_direction"": ""x"", ""ghf_fit_points"": 0, ""ghf_height_points"": 3, ""ghf_independent_points"": 3, ""ghf_method"": ""height_function"", ""interval_count"": 1, ""objective"": 1.317353802148077e-10, ""optimizer_message"": ""CONVERGENCE: REL_REDUCTION_OF_F_<=_FACTR*EPSMCH"", ""optimizer_success"": true}"
PLVIRA,PLVIRA,zalesak,2,128,83,57,reconstructed,0.006392269781783977,0.006392269781784844,8.673617379884035e-16,0.06674461346200375,0.06666666666666667,7.794679533708326e-05,4.200728211074221e-11,True,height_function,"{""curvature"": 0.06674461346200375, ""curvature_source"": ""cartesian-ghf"", ""ghf_diagnostic"": ""complete three-column height function"", ""ghf_direction"": ""x"", ""ghf_fit_points"": 0, ""ghf_height_points"": 3, ""ghf_independent_points"": 3, ""ghf_method"": ""height_function"", ""interval_count"": 1, ""objective"": 4.200728211074221e-11, ""optimizer_message"": ""CONVERGENCE: NORM_OF_PROJECTED_GRADIENT_<=_PGTOL"", ""optimizer_success"": true}"
PLVIRA,PLVIRA,zalesak,2,128,83,58,reconstructed,0.1531097431653876,0.15310974316538734,2.7755575615628914e-16,0.06674162640130367,0.06666666666666667,7.495973463700345e-05,1.8328147441615573e-11,True,height_function,"{""curvature"": 0.06674162640130367, ""curvature_source"": ""cartesian-ghf"", ""ghf_diagnostic"": ""complete three-column height function"", ""ghf_direction"": ""x"", ""ghf_fit_points"": 0, ""ghf_height_points"": 3, ""ghf_independent_points"": 3, ""ghf_method"": ""height_function"", ""interval_count"": 1, ""objective"": 1.8328147441615573e-11, ""optimizer_message"": ""CONVERGENCE: NORM_OF_PROJECTED_GRADIENT_<=_PGTOL"", ""optimizer_success"": true}"
PLVIRA,PLVIRA,zalesak,2,128,83,59,reconstructed,0.32988875594358724,0.32988875594358347,3.774758283725532e-15,0.06673928438563873,0.06666666666666667,7.261771897205949e-05,5.299911606184157e-18,True,height_function,"{""curvature"": 0.06673928438563873, ""curvature_source"": ""cartesian-ghf"", ""ghf_diagnostic"": ""complete three-column height function"", ""ghf_direction"": ""x"", ""ghf_fit_points"": 0, ""ghf_height_points"": 3, ""ghf_independent_points"": 3, ""ghf_method"": ""height_function"", ""interval_count"": 1, ""objective"": 5.299911606184157e-18, ""optimizer_message"": ""CONVERGENCE: NORM_OF_PROJECTED_GRADIENT_<=_PGTOL"", ""optimizer_success"": true}"
PLVIRA,PLVIRA,zalesak,2,128,83,60,reconstructed,0.4715410633244436,0.47154106332443846,5.162537064506978e-15,0.06673748721439056,0.06666666666666667,7.082054772389323e-05,2.981072850947197e-11,True,height_function,"{""curvature"": 0.06673748721439056, ""curvature_source"": ""cartesian-ghf"", ""ghf_diagnostic"": ""complete three-column height function"", ""ghf_direction"": ""x"", ""ghf_fit_points"": 0, ""ghf_height_points"": 3, ""ghf_independent_points"": 3, ""ghf_method"": ""height_function"", ""interval_count"": 1, ""objective"": 2.981072850947197e-11, ""optimizer_message"": ""CONVERGENCE: REL_REDUCTION_OF_F_<=_FACTR*EPSMCH"", ""optimizer_success"": true}"
PLVIRA,PLVIRA,zalesak,2,128,83,61,reconstructed,0.578433612471942,0.5784336124719369,5.10702591327572e-15,0.06673616430857678,0.06666666666666667,6.94976419101101e-05,8.94098173591023e-13,True,height_function,"{""curvature"": 0.06673616430857678, ""curvature_source"": ""cartesian-ghf"", ""ghf_diagnostic"": ""complete three-column height function"", ""ghf_direction"": ""x"", ""ghf_fit_points"": 0, ""ghf_height_points"": 3, ""ghf_independent_points"": 3, ""ghf_method"": ""height_function"", ""interval_count"": 1, ""objective"": 8.94098173591023e-13, ""optimizer_message"": ""CONVERGENCE: NORM_OF_PROJECTED_GRADIENT_<=_PGTOL"", ""optimizer_success"": true}"
PLVIRA,PLVIRA,zalesak,2,128,83,66,reconstructed,0.6091518856904954,0.6091518856904846,1.0769163338864018e-14,0.06673551416694398,0.06666666666666667,6.884750027731645e-05,5.465487513356991e-13,True,height_function,"{""curvature"": 0.06673551416694398, ""curvature_source"": ""cartesian-ghf"", ""ghf_diagnostic"": ""complete three-column height function"", ""ghf_direction"": ""x"", ""ghf_fit_points"": 0, ""ghf_height_points"": 3, ""ghf_independent_points"": 3, ""ghf_method"": ""height_function"", ""interval_count"": 1, ""objective"": 5.465487513356991e-13, ""optimizer_message"": ""CONVERGENCE: NORM_OF_PROJECTED_GRADIENT_<=_PGTOL"", ""optimizer_success"": true}"
PLVIRA,PLVIRA,zalesak,2,128,83,67,reconstructed,0.5479690005170292,0.5479690005170054,2.3869795029440866e-14,0.06673654552767459,0.06666666666666667,6.987886100792706e-05,4.339537388811204e-12,True,height_function,"{""curvature"": 0.06673654552767459, ""curvature_source"": ""cartesian-ghf"", ""ghf_diagnostic"": ""complete three-column height function"", ""ghf_direction"": ""x"", ""ghf_fit_points"": 0, ""ghf_height_points"": 3, ""ghf_independent_points"": 3, ""ghf_method"": ""height_function"", ""interval_count"": 1, ""objective"": 4.339537388811204e-12, ""optimizer_message"": ""CONVERGENCE: REL_REDUCTION_OF_F_<=_FACTR*EPSMCH"", ""optimizer_success"": true}"
PLVIRA,PLVIRA,zalesak,2,128,83,68,reconstructed,0.42927749967809087,0.4292774996780862,4.6629367034256575e-15,0.06673801627156392,0.06666666666666667,7.134960489725561e-05,7.351318970914006e-12,True,height_function,"{""curvature"": 0.06673801627156392, ""curvature_source"": ""cartesian-ghf"", ""ghf_diagnostic"": ""complete three-column height function"", ""ghf_direction"": ""x"", ""ghf_fit_points"": 0, ""ghf_height_points"": 3, ""ghf_independent_points"": 3, ""ghf_method"": ""height_function"", ""interval_count"": 1, ""objective"": 7.351318970914006e-12, ""optimizer_message"": ""CONVERGENCE: REL_REDUCTION_OF_F_<=_FACTR*EPSMCH"", ""optimizer_success"": true}"
PLVIRA,PLVIRA,zalesak,2,128,83,69,reconstructed,0.2763708004333161,0.2763708004333173,1.2212453270876722e-15,0.06673998149777108,0.06666666666666667,7.331483110441239e-05,1.401466561965144e-11,True,height_function,"{""curvature"": 0.06673998149777108, ""curvature_source"": ""cartesian-ghf"", ""ghf_diagnostic"": ""complete three-column height function"", ""ghf_direction"": ""x"", ""ghf_fit_points"": 0, ""ghf_height_points"": 3, ""ghf_independent_points"": 3, ""ghf_method"": ""height_function"", ""interval_count"": 1, ""objective"": 1.401466561965144e-11, ""optimizer_message"": ""CONVERGENCE: REL_REDUCTION_OF_F_<=_FACTR*EPSMCH"", ""optimizer_success"": true}"
PLVIRA,PLVIRA,zalesak,2,128,83,70,reconstructed,0.08861531692875246,0.08861531692875274,2.7755575615628914e-16,0.06674252041100655,0.06666666666666667,7.585374433988212e-05,3.1261771753517875e-12,True,height_function,"{""curvature"": 0.06674252041100655, ""curvature_source"": ""cartesian-ghf"", ""ghf_diagnostic"": ""complete three-column height function"", ""ghf_direction"": ""x"", ""ghf_fit_points"": 0, ""ghf_height_points"": 3, ""ghf_independent_points"": 3, ""ghf_method"": ""height_function"", ""interval_count"": 1, ""objective"": 3.1261771753517875e-12, ""optimizer_message"": ""CONVERGENCE: NORM_OF_PROJECTED_GRADIENT_<=_PGTOL"", ""optimizer_success"": true}"
PLVIRA,PLVIRA,zalesak,2,128,84,61,reconstructed,0.0009225682298342752,0.000922568229838508,4.232725281383409e-15,0.06673616430857678,0.06666666666666667,6.94976419101101e-05,3.9482220952062164e-13,True,height_function,"{""curvature"": 0.06673616430857678, ""curvature_source"": ""cartesian-ghf"", ""ghf_diagnostic"": ""complete three-column height function"", ""ghf_direction"": ""x"", ""ghf_fit_points"": 0, ""ghf_height_points"": 3, ""ghf_independent_points"": 3, ""ghf_method"": ""height_function"", ""interval_count"": 1, ""objective"": 3.9482220952062164e-13, ""optimizer_message"": ""CONVERGENCE: NORM_OF_PROJECTED_GRADIENT_<=_PGTOL"", ""optimizer_success"": true}"
PLVIRA,PLVIRA,zalesak,2,128,84,62,reconstructed,0.04392185317087626,0.04392185317087419,2.0747292772682613e-15,0.06673526705989982,0.06666666666666667,6.860039323315636e-05,2.1602920939247925e-12,True,height_function,"{""curvature"": 0.06673526705989982, ""curvature_source"": ""cartesian-ghf"", ""ghf_diagnostic"": ""complete three-column height function"", ""ghf_direction"": ""x"", ""ghf_fit_points"": 0, ""ghf_height_points"": 3, ""ghf_independent_points"": 3, ""ghf_method"": ""height_function"", ""interval_count"": 1, ""objective"": 2.1602920939247925e-12, ""optimizer_message"": ""CONVERGENCE: NORM_OF_PROJECTED_GRADIENT_<=_PGTOL"", ""optimizer_success"": true}"
PLVIRA,PLVIRA,zalesak,2,128,84,63,reconstructed,0.08657343502535486,0.08657343502535486,0.0,0.06673476408570211,0.06666666666666667,6.80974190354483e-05,1.7445224279678663e-15,True,height_function,"{""curvature"": 0.06673476408570211, ""curvature_source"": ""cartesian-ghf"", ""ghf_diagnostic"": ""complete three-column height function"", ""ghf_direction"": ""x"", ""ghf_fit_points"": 0, ""ghf_height_points"": 3, ""ghf_independent_points"": 3, ""ghf_method"": ""height_function"", ""interval_count"": 1, ""objective"": 1.7445224279678663e-15, ""optimizer_message"": ""CONVERGENCE: NORM_OF_PROJECTED_GRADIENT_<=_PGTOL"", ""optimizer_success"": true}"
PLVIRA,PLVIRA,zalesak,2,128,84,64,reconstructed,0.09731204837791463,0.09731204838026197,2.3473445409649685e-12,0.06673463833278388,0.06666666666666667,6.797166611721694e-05,2.1120078915375342e-18,True,height_function,"{""curvature"": 0.06673463833278388, ""curvature_source"": ""cartesian-ghf"", ""ghf_diagnostic"": ""complete three-column height function"", ""ghf_direction"": ""x"", ""ghf_fit_points"": 0, ""ghf_height_points"": 3, ""ghf_independent_points"": 3, ""ghf_method"": ""height_function"", ""interval_count"": 1, ""objective"": 2.1120078915375342e-18, ""optimizer_message"": ""CONVERGENCE: NORM_OF_PROJECTED_GRADIENT_<=_PGTOL"", ""optimizer_success"": true}"
PLVIRA,PLVIRA,zalesak,2,128,84,65,reconstructed,0.07622567644358735,0.07622567644358735,0.0,0.06673488559693191,0.06666666666666667,6.821893026524861e-05,2.6896344043686195e-11,True,height_function,"{""curvature"": 0.06673488559693191, ""curvature_source"": ""cartesian-ghf"", ""ghf_diagnostic"": ""complete three-column height function"", ""ghf_direction"": ""x"", ""ghf_fit_points"": 0, ""ghf_height_points"": 3, ""ghf_independent_points"": 3, ""ghf_method"": ""height_function"", ""interval_count"": 1, ""objective"": 2.6896344043686195e-11, ""optimizer_message"": ""CONVERGENCE: NORM_OF_PROJECTED_GRADIENT_<=_PGTOL"", ""optimizer_success"": true}"
PLVIRA,PLVIRA,zalesak,2,128,84,66,reconstructed,0.02434092357994011,0.024340923579928925,1.1185496973098452e-14,0.06673551416694398,0.06666666666666667,6.884750027731645e-05,1.0759281723353287e-12,True,height_function,"{""curvature"": 0.06673551416694398, ""curvature_source"": ""cartesian-ghf"", ""ghf_diagnostic"": ""complete three-column height function"", ""ghf_direction"": ""x"", ""ghf_fit_points"": 0, ""ghf_height_points"": 3, ""ghf_independent_points"": 3, ""ghf_method"": ""height_function"", ""interval_count"": 1, ""objective"": 1.0759281723353287e-12, ""optimizer_message"": ""CONVERGENCE: NORM_OF_PROJECTED_GRADIENT_<=_PGTOL"", ""optimizer_success"": true}"
