method,variant,benchmark,case_index,cells_per_side,cell_x,cell_y,status,target_phase_area,reconstructed_phase_area,absolute_area_residual,curvature_estimate,true_curvature,curvature_absolute_error,objective,optimizer_success,ghf_method,diagnostics_json
PLVIRA,PLVIRA,zalesak,4,128,45,58,reconstructed,0.006770268050277694,0.006770268050279006,1.3123183095764546e-15,0.06674167676510825,0.06666666666666667,7.501009844158857e-05,2.1471341782161766e-11,True,height_function,"{""curvature"": 0.06674167676510825, ""curvature_source"": ""cartesian-ghf"", ""ghf_diagnostic"": ""complete three-column height function"", ""ghf_direction"": ""x"", ""ghf_fit_points"": 0, ""ghf_height_points"": 3, ""ghf_independent_points"": 3, ""ghf_method"": ""height_function"", ""interval_count"": 1, ""objective"": 2.1471341782161766e-11, ""optimizer_message"": ""CONVERGENCE: NORM_OF_PROJECTED_GRADIENT_<=_PGTOL"", ""optimizer_success"": true}"
PLVIRA,PLVIRA,zalesak,4,128,45,59,reconstructed,0.1321941492897425,0.132194149289739,3.497202527569243e-15,0.06673932353610952,0.06666666666666667,7.265686944285532e-05,1.8357585564701176e-11,True,height_function,"{""curvature"": 0.06673932353610952, ""curvature_source"": ""cartesian-ghf"", ""ghf_diagnostic"": ""complete three-column height function"", ""ghf_direction"": ""x"", ""ghf_fit_points"": 0, ""ghf_height_points"": 3, ""ghf_independent_points"": 3, ""ghf_method"": ""height_function"", ""interval_count"": 1, ""objective"": 1.8357585564701176e-11, ""optimizer_message"": ""CONVERGENCE: NORM_OF_PROJECTED_GRADIENT_<=_PGTOL"", ""optimizer_success"": true}"
PLVIRA,PLVIRA,zalesak,4,128,45,60,reconstructed,0.27450057845144915,0.2745005784514507,1.5543122344752192e-15,0.06673751675345922,0.06666666666666667,7.085008679255655e-05,1.909626765442144e-15,True,height_function,"{""curvature"": 0.06673751675345922, ""curvature_source"": ""cartesian-ghf"", ""ghf_diagnostic"": ""complete three-column height function"", ""ghf_direction"": ""x"", ""ghf_fit_points"": 0, ""ghf_height_points"": 3, ""ghf_independent_points"": 3, ""ghf_method"": ""height_function"", ""interval_count"": 1, ""objective"": 1.909626765442144e-15, ""optimizer_message"": ""CONVERGENCE: NORM_OF_PROJECTED_GRADIENT_<=_PGTOL"", ""optimizer_success"": true}"
PLVIRA,PLVIRA,zalesak,4,128,45,61,reconstructed,0.3829487483113905,0.3829487483113908,3.3306690738754696e-16,0.06673618534839082,0.06666666666666667,6.951868172415387e-05,1.8159540476491936e-15,True,height_function,"{""curvature"": 0.06673618534839082, ""curvature_source"": ""cartesian-ghf"", ""ghf_diagnostic"": ""complete three-column height function"", ""ghf_direction"": ""x"", ""ghf_fit_points"": 0, ""ghf_height_points"": 3, ""ghf_independent_points"": 3, ""ghf_method"": ""height_function"", ""interval_count"": 1, ""objective"": 1.8159540476491936e-15, ""optimizer_message"": ""CONVERGENCE: REL_REDUCTION_OF_F_<=_FACTR*EPSMCH"", ""optimizer_success"": true}"
PLVIRA,PLVIRA,zalesak,4,128,45,62,reconstructed,0.4584841621031374,0.45848416210314386,6.439293542825908e-15,0.06673528035737371,0.06666666666666667,6.861369070704226e-05,5.07872662974814e-15,True,height_function,"{""curvature"": 0.06673528035737371, ""curvature_source"": ""cartesian-ghf"", ""ghf_diagnostic"": ""complete three-column height function"", ""ghf_direction"": ""x"", ""ghf_fit_points"": 0, ""ghf_height_points"": 3, ""ghf_independent_points"": 3, ""ghf_method"": ""height_function"", ""interval_count"": 1, ""objective"": 5.07872662974814e-15, ""optimizer_message"": ""CONVERGENCE: REL_REDUCTION_OF_F_<=_FACTR*EPSMCH"", ""optimizer_success"": true}"
PLVIRA,PLVIRA,zalesak,4,128,45,63,reconstructed,0.5017445826062277,0.501744582606219,8.659739592076221e-15,0.06673477009320203,0.06666666666666667,6.81034265353625e-05,6.988129384540794e-16,True,height_function,"{""curvature"": 0.06673477009320203, ""curvature_source"": ""cartesian-ghf"", ""ghf_diagnostic"": ""complete three-column height function"", ""ghf_direction"": ""x"", ""ghf_fit_points"": 0, ""ghf_height_points"": 3, ""ghf_independent_points"": 3, ""ghf_method"": ""height_function"", ""interval_count"": 1, ""objective"": 6.988129384540794e-16, ""optimizer_message"": ""CONVERGENCE: NORM_OF_PROJECTED_GRADIENT_<=_PGTOL"", ""optimizer_success"": true}"
PLVIRA,PLVIRA,zalesak,4,128,45,64,reconstructed,0.5130878298226076,0.5130878298226076,0.0,0.06673463725064405,0.06666666666666667,6.797058397738087e-05,7.433049022202444e-19,True,height_function,"{""curvature"": 0.06673463725064405, ""curvature_source"": ""cartesian-ghf"", ""ghf_diagnostic"": ""complete three-column height function"", ""ghf_direction"": ""x"", ""ghf_fit_points"": 0, ""ghf_height_points"": 3, ""ghf_independent_points"": 3, ""ghf_method"": ""height_function"", ""interval_count"": 1, ""objective"": 7.433049022202444e-19, ""optimizer_message"": ""CONVERGENCE: NORM_OF_PROJECTED_GRADIENT_<=_PGTOL"", ""optimizer_success"": true}"
PLVIRA,PLVIRA,zalesak,4,128,45,65,reconstructed,0.4926068475545433,0.4926068475545433,0.0,0.06673487739306001,0.06666666666666667,6.821072639334735e-05,1.7919036107737423e-15,True,height_function,"{""curvature"": 0.06673487739306001, ""curvature_source"": ""cartesian-ghf"", ""ghf_diagnostic"": ""complete three-column height function"", ""ghf_direction"": ""x"", ""ghf_fit_points"": 0, ""ghf_height_points"": 3, ""ghf_independent_points"": 3, ""ghf_method"": ""height_function"", ""interval_count"": 1, ""objective"": 1.7919036107737423e-15, ""optimizer_message"": ""CONVERGENCE: NORM_OF_PROJECTED_GRADIENT_<=_PGTOL"", ""optimizer_success"": true}"
PLVIRA,PLVIRA,zalesak,4,128,45,66,reconstructed,0.4401335551547509,0.4401335551547748,2.3925306180672123e-14,0.06673549856130234,0.06666666666666667,6.88318946356764e-05,6.2206938643550966e-15,True,height_function,"{""curvature"": 0.06673549856130234, ""curvature_source"": ""cartesian-ghf"", ""ghf_diagnostic"": ""complete three-column height function"", ""ghf_direction"": ""x"", ""ghf_fit_points"": 0, ""ghf_height_points"": 3, ""ghf_independent_points"": 3, ""ghf_method"": ""height_function"", ""interval_count"": 1, ""objective"": 6.2206938643550966e-15, ""optimizer_message"": ""CONVERGENCE: REL_REDUCTION_OF_F_<=_FACTR*EPSMCH"", ""optimizer_success"": true}"
PLVIRA,PLVIRA,zalesak,4,128,45,67,reconstructed,0.3552318633861944,0.35523186338619867,4.274358644806853e-15,0.06673652198357796,0.06666666666666667,6.985531691129643e-05,1.3476955397987954e-16,True,height_function,"{""curvature"": 0.06673652198357796, ""curvature_source"": ""cartesian-ghf"", ""ghf_diagnostic"": ""complete three-column height function"", ""ghf_direction"": ""x"", ""ghf_fit_points"": 0, ""ghf_height_points"": 3, ""ghf_independent_points"": 3, ""ghf_method"": ""height_function"", ""interval_count"": 1, ""objective"": 1.3476955397987954e-16, ""optimizer_message"": ""CONVERGENCE: REL_REDUCTION_OF_F_<=_FACTR*EPSMCH"", ""optimizer_success"": true}"
PLVIRA,PLVIRA,zalesak,4,128,45,68,reconstructed,0.2371791646615131,0.23717916466150957,3.524958103184872e-15,0.06673798392855126,0.06666666666666667,7.131726188459864e-05,4.705637717420954e-13,True,height_function,"{""curvature"": 0.06673798392855126, ""curvature_source"": ""cartesian-ghf"", ""ghf_diagnostic"": ""complete three-column height function"", ""ghf_direction"": ""x"", ""ghf_fit_points"": 0, ""ghf_height_points"": 3, ""ghf_independent_points"": 3, ""ghf_method"": ""height_function"", ""interval_count"": 1, ""objective"": 4.705637717420954e-13, ""optimizer_message"": ""CONVERGENCE: REL_REDUCTION_OF_F_<=_FACTR*EPSMCH"", ""optimizer_success"": true}"
PLVIRA,PLVIRA,zalesak,4,128,45,69,reconstructed,0.08495710201020223,0.08495710201020552,3.2890357104520263e-15,0.06673993911322341,0.06666666666666667,7.327244655674914e-05,2.677322364405786e-12,True,height_function,"{""curvature"": 0.06673993911322341, ""curvature_source"": ""cartesian-ghf"", ""ghf_diagnostic"": ""complete three-column height function"", ""ghf_direction"": ""x"", ""ghf_fit_points"": 0, ""ghf_height_points"": 3, ""ghf_independent_points"": 3, ""ghf_method"": ""height_function"", ""interval_count"": 1, ""objective"": 2.677322364405786e-12, ""optimizer_message"": ""CONVERGENCE: REL_REDUCTION_OF_F_<=_FACTR*EPSMCH"", ""optimizer_success"": true}"
PLVIRA,PLVIRA,zalesak,4,128,46,56,reconstructed,0.10050756076444678,0.10050756076444693,1.5265566588595902e-16,0.06674846805418817,0.06666666666666667,8.180138752150734e-05,7.623221024306242e-12,True,height_function,"{""curvature"": 0.06674846805418817, ""curvature_source"": ""cartesian-ghf"", ""ghf_diagnostic"": ""complete three-column height function"", ""ghf_direction"": ""x"", ""ghf_fit_points"": 0, ""ghf_height_points"": 3, ""ghf_independent_points"": 3, ""ghf_method"": ""height_function"", ""interval_count"": 1, ""objective"": 7.623221024306242e-12, ""optimizer_message"": ""CONVERGENCE: NORM_OF_PROJECTED_GRADIENT_<=_PGTOL"", ""optimizer_success"": true}"
PLVIRA,PLVIRA,zalesak,4,128,46,57,reconstructed,0.35075595783504987,0.35075595783505137,1.4988010832439613e-15,0.06674467729489507,0.06666666666666667,7.801062822840321e-05,1.0539923418651799e-10,True,height_function,"{""curvature"": 0.06674467729489507, ""curvature_source"": ""cartesian-ghf"", ""ghf_diagnostic"": ""complete three-column height function"", ""ghf_direction"": ""x"", ""ghf_fit_points"": 0, ""ghf_height_points"": 3, ""ghf_independent_points"": 3, ""ghf_method"": ""height_function"", ""interval_count"": 1, ""objective"": 1.0539923418651799e-10, ""optimizer_message"": ""CONVERGENCE: REL_REDUCTION_OF_F_<=_FACTR*EPSMCH"", ""optimizer_success"": true}"
PLVIRA,PLVIRA,zalesak,4,128,46,58,reconstructed,0.5583140460286167,0.5583140460286173,6.661338147750939e-16,0.06674167676510825,0.06666666666666667,7.501009844158857e-05,4.743309131779218e-12,True,height_function,"{""curvature"": 0.06674167676510825, ""curvature_source"": ""cartesian-ghf"", ""ghf_diagnostic"": ""complete three-column height function"", ""ghf_direction"": ""x"", ""ghf_fit_points"": 0, ""ghf_height_points"": 3, ""ghf_independent_points"": 3, ""ghf_method"": ""height_function"", ""interval_count"": 1, ""objective"": 4.743309131779218e-12, ""optimizer_message"": ""CONVERGENCE: NORM_OF_PROJECTED_GRADIENT_<=_PGTOL"", ""optimizer_success"": true}"
PLVIRA,PLVIRA,zalesak,4,128,46,69,reconstructed,0.6103288741364756,0.6103288741364754,2.220446049250313e-16,0.06673993911322341,0.06666666666666667,7.327244655674914e-05,1.0034418221425811e-11,True,height_function,"{""curvature"": 0.06673993911322341, ""curvature_source"": ""cartesian-ghf"", ""ghf_diagnostic"": ""complete three-column height function"", ""ghf_direction"": ""x"", ""ghf_fit_points"": 0, ""ghf_height_points"": 3, ""ghf_independent_points"": 3, ""ghf_method"": ""height_function"", ""interval_count"": 1, ""objective"": 1.0034418221425811e-11, ""optimizer_message"": ""CONVERGENCE: NORM_OF_PROJECTED_GRADIENT_<=_PGTOL"", ""optimizer_success"": true}"
PLVIRA,PLVIRA,zalesak,4,128,46,70,reconstructed,0.5074409252826992,0.5074409252827032,3.9968028886505635e-15,0.06674246620355063,0.06666666666666667,7.579953688396923e-05,3.024424539741352e-12,True,height_function,"{""curvature"": 0.06674246620355063, ""curvature_source"": ""cartesian-ghf"", ""ghf_diagnostic"": ""complete three-column height function"", ""ghf_direction"": ""x"", ""ghf_fit_points"": 0, ""ghf_height_points"": 3, ""ghf_independent_points"": 3, ""ghf_method"": ""height_function"", ""interval_count"": 1, ""objective"": 3.024424539741352e-12, ""optimizer_message"": ""CONVERGENCE: NORM_OF_PROJECTED_GRADIENT_<=_PGTOL"", ""optimizer_success"": true}"
PLVIRA,PLVIRA,zalesak,4,128,46,71,reconstructed,0.2821488290051821,0.2821488290051857,3.552713678800501e-15,0.0667456766080825,0.06666666666666667,7.900994141583906e-05,8.157246841632375e-11,True,height_function,"{""curvature"": 0.0667456766080825, ""curvature_source"": ""cartesian-ghf"", ""ghf_diagnostic"": ""complete three-column height function"", ""ghf_direction"": ""x"", ""ghf_fit_points"": 0, ""ghf_height_points"": 3, ""ghf_independent_points"": 3, ""ghf_method"": ""height_function"", ""interval_count"": 1, ""objective"": 8.157246841632375e-11, ""optimizer_message"": ""CONVERGENCE: NORM_OF_PROJECTED_GRADIENT_<=_PGTOL"", ""optimizer_success"": true}"
PLVIRA,PLVIRA,zalesak,4,128,46,72,reconstructed,0.04486877648405718,0.044868776484057626,4.440892098500626e-16,0.06674972856854168,0.06666666666666667,8.30619018750145e-05,3.426369029059736e-11,True,height_function,"{""curvature"": 0.06674972856854168, ""curvature_source"": ""cartesian-ghf"", ""ghf_diagnostic"": ""complete three-column height function"", ""ghf_direction"": ""x"", ""ghf_fit_points"": 0, ""ghf_height_points"": 3, ""ghf_independent_points"": 3, ""ghf_method"": ""height_function"", ""interval_count"": 1, ""objective"": 3.426369029059736e-11, ""optimizer_message"": ""CONVERGENCE: NORM_OF_PROJECTED_GRADIENT_<=_PGTOL"", ""optimizer_success"": true}"
PLVIRA,PLVIRA,zalesak,4,128,47,54,reconstructed,0.08862133027781116,0.08862133027781116,0.0,0.0667593364024932,0.06666666666666667,9.266973582652827e-05,4.289526142699191e-11,True,height_function,"{""curvature"": 0.0667593364024932, ""curvature_source"": ""cartesian-ghf"", ""ghf_diagnostic"": ""complete three-column height function"", ""ghf_direction"": ""x"", ""ghf_fit_points"": 0, ""ghf_height_points"": 3, ""ghf_independent_points"": 3, ""ghf_method"": ""height_function"", ""interval_count"": 1, ""objective"": 4.289526142699191e-11, ""optimizer_message"": ""CONVERGENCE: REL_REDUCTION_OF_F_<=_FACTR*EPSMCH"", ""optimizer_success"": true}"
PLVIRA,PLVIRA,zalesak,4,128,47,55,reconstructed,0.4123276283517408,0.4123276283517406,2.220446049250313e-16,0.06675325407229056,0.06666666666666667,8.658740562389466e-05,8.217541652857866e-11,True,height_function,"{""curvature"": 0.06675325407229056, ""curvature_source"": ""cartesian-ghf"", ""ghf_diagnostic"": ""complete three-column height function"", ""ghf_direction"": ""x"", ""ghf_fit_points"": 0, ""ghf_height_points"": 3, ""ghf_independent_points"": 3, ""ghf_method"": ""height_function"", ""interval_count"": 1, ""objective"": 8.217541652857866e-11, ""optimizer_message"": ""CONVERGENCE: REL_REDUCTION_OF_F_<=_FACTR*EPSMCH"", ""optimizer_success"": true}"
PLVIRA,PLVIRA,zalesak,4,128,47,56,reconstructed,0.6071846675067275,0.6071846675067287,1.2212453270876722e-15,0.06674846805418817,0.06666666666666667,8.180138752150734e-05,8.525351042065186e-11,True,height_function,"{""curvature"": 0.06674846805418817, ""curvature_source"": ""cartesian-ghf"", ""ghf_diagnostic"": ""complete three-column height function"", ""ghf_direction"": ""x"", ""ghf_fit_points"": 0, ""ghf_height_points"": 3, ""ghf_independent_points"": 3, ""ghf_method"": ""height_function"", ""interval_count"": 1, ""objective"": 8.525351042065186e-11, ""optimizer_message"": ""CONVERGENCE: NORM_OF_PROJECTED_GRADIENT_<=_PGTOL"", ""optimizer_success"": true}"
PLVIRA,PLVIRA,zalesak,4,128,47,72,reconstructed,0.5825041872253691,0.5825041872253688,3.3306690738754696e-16,0.06674972856854168,0.06666666666666667,8.30619018750145e-05,4.354838560077068e-11,True,height_function,"{""curvature"": 0.06674972856854168, ""curvature_source"": ""cartesian-ghf"", ""ghf_diagnostic"": ""complete three-column height function"", ""ghf_direction"": ""x"", ""ghf_fit_points"": 0, ""ghf_height_points"": 3, ""ghf_independent_points"": 3, ""ghf_method"": ""height_function"", ""interval_count"": 1, ""objective"": 4.354838560077068e-11, ""optimizer_message"": ""CONVERGENCE: NORM_OF_PROJECTED_GRADIENT_<=_PGTOL"", ""optimizer_success"": true}"
PLVIRA,PLVIRA,zalesak,4,128,47,73,reconstructed,0.319330500190274,0.319330500190272,1.9984014443252818e-15,0.06675485035488363,0.06666666666666667,8.818368821696121e-05,1.1070328134795052e-10,True,height_function,"{""curvature"": 0.06675485035488363, ""curvature_source"": ""cartesian-ghf"", ""ghf_diagnostic"": ""complete three-column height function"", ""ghf_direction"": ""x"", ""ghf_fit_points"": 0, ""ghf_height_points"": 3, ""ghf_independent_points"": 3, ""ghf_method"": ""height_function"", ""interval_count"": 1, ""objective"": 1.1070328134795052e-10, ""optimizer_message"": ""CONVERGENCE: NORM_OF_PROJECTED_GRADIENT_<=_PGTOL"", ""optimizer_success"": true}"
PLVIRA,PLVIRA,zalesak,4,128,47,74,reconstructed,0.03115721650107739,0.031157216501077403,1.3877787807814457e-17,0.06676138005916415,0.06666666666666667,9.471339249748911e-05,1.2065292234185318e-10,True,height_function,"{""curvature"": 0.06676138005916415, ""curvature_source"": ""cartesian-ghf"", ""ghf_diagnostic"": ""complete three-column height function"", ""ghf_direction"": ""x"", ""ghf_fit_points"": 0, ""ghf_height_points"": 3, ""ghf_independent_points"": 3, ""ghf_method"": ""height_function"", ""interval_count"": 1, ""objective"": 1.2065292234185318e-10, ""optimizer_message"": ""CONVERGENCE: REL_REDUCTION_OF_F_<=_FACTR*EPSMCH"", ""optimizer_success"": true}"
PLVIRA,PLVIRA,zalesak,4,128,48,52,reconstructed,0.006410590460049548,0.006410590460048049,1.4988010832439613e-15,0.06677749082731801,0.06666666666666667,0.00011082416065134881,6.279744800799729e-10,True,height_function,"{""curvature"": 0.06677749082731801, ""curvature_source"": ""cartesian-ghf"", ""ghf_diagnostic"": ""complete three-column height function"", ""ghf_direction"": ""x"", ""ghf_fit_points"": 0, ""ghf_height_points"": 3, ""ghf_independent_points"": 3, ""ghf_method"": ""height_function"", ""interval_count"": 1, ""objective"": 6.279744800799729e-10, ""optimizer_message"": ""CONVERGENCE: NORM_OF_PROJECTED_GRADIENT_<=_PGTOL"", ""optimizer_success"": true}"
PLVIRA,PLVIRA,zalesak,4,128,48,53,reconstructed,0.2901520088254843,0.2901520088254853,9.992007221626409e-16,0.06676717246797785,0.06666666666666667,0.0001005058013111848,4.472979289429266e-11,True,height_function,"{""curvature"": 0.06676717246797785, ""curvature_source"": ""cartesian-ghf"", ""ghf_diagnostic"": ""complete three-column height function"", ""ghf_direction"": ""x"", ""ghf_fit_points"": 0, ""ghf_height_points"": 3, ""ghf_independent_points"": 3, ""ghf_method"": ""height_function"", ""interval_count"": 1, ""objective"": 4.472979289429266e-11, ""optimizer_message"": ""CONVERGENCE: NORM_OF_PROJECTED_GRADIENT_<=_PGTOL"", ""optimizer_success"": true}"
PLVIRA,PLVIRA,zalesak,4,128,48,54,reconstructed,0.5930412856845626,0.5930412856845626,0.0,0.0667593364024932,0.06666666666666667,9.266973582652827e-05,1.829341050849706e-10,True,height_function,"{""curvature"": 0.0667593364024932, ""curvature_source"": ""cartesian-ghf"", ""ghf_diagnostic"": ""complete three-column height function"", ""ghf_direction"": ""x"", ""ghf_fit_points"": 0, ""ghf_height_points"": 3, ""ghf_independent_points"": 3, ""ghf_method"": ""height_function"", ""interval_count"": 1, ""objective"": 1.829341050849706e-10, ""optimizer_message"": ""CONVERGENCE: REL_REDUCTION_OF_F_<=_FACTR*EPSMCH"", ""optimizer_success"": true}"
PLVIRA,PLVIRA,zalesak,4,128,48,74,reconstructed,0.5435741173424802,0.5435741173424806,4.440892098500626e-16,0.06676138005916415,0.06666666666666667,9.471339249748911e-05,7.492574929871135e-11,True,height_function,"{""curvature"": 0.06676138005916415, ""curvature_source"": ""cartesian-ghf"", ""ghf_diagnostic"": ""complete three-column height function"", ""ghf_direction"": ""x"", ""ghf_fit_points"": 0, ""ghf_height_points"": 3, ""ghf_independent_points"": 3, ""ghf_method"": ""height_function"", ""interval_count"": 1, ""objective"": 7.492574929871135e-11, ""optimizer_message"": ""CONVERGENCE: REL_REDUCTION_OF_F_<=_FACTR*EPSMCH"", ""optimizer_success"": true}"
PLVIRA,PLVIRA,zalesak,4,128,48,75,reconstructed,0.17088804540772973,0.17088804540772987,1.3877787807814457e-16,0.06676983761342098,0.06666666666666667,0.00010317094675431349,6.214023007941478e-11,True,height_function,"{""curvature"": 0.06676983761342098, ""curvature_source"": ""cartesian-ghf"", ""ghf_diagnostic"": ""complete three-column height function"", ""ghf_direction"": ""x"", ""ghf_fit_points"": 0, ""ghf_height_points"": 3, ""ghf_independent_points"": 3, ""ghf_method"": ""height_function"", ""interval_count"": 1, ""objective"": 6.214023007941478e-11, ""optimizer_message"": ""CONVERGENCE: NORM_OF_PROJECTED_GRADIENT_<=_PGTOL"", ""optimizer_success"": true}"
PLVIRA,PLVIRA,zalesak,4,128,49,51,reconstructed,0.040906124966777924,0.040906124966777105,8.187894806610529e-16,0.06679152947501557,0.06666666666666667,0.00012486280834890506,9.036967188547618e-10,True,height_function,"{""curvature"": 0.06679152947501557, ""curvature_source"": ""cartesian-ghf"", ""ghf_diagnostic"": ""complete three-column height function"", ""ghf_direction"": ""x"", ""ghf_fit_points"": 0, ""ghf_height_points"": 3, ""ghf_independent_points"": 3, ""ghf_method"": ""height_function"", ""interval_count"": 1, ""objective"": 9.036967188547618e-10, ""optimizer_message"": ""CONVERGENCE: NORM_OF_PROJECTED_GRADIENT_<=_PGTOL"", ""optimizer_success"": true}"
PLVIRA,PLVIRA,zalesak,4,128,49,52,reconstructed,0.4456381095859223,0.44563810958592176,5.551115123125783e-16,0.06677749082731801,0.06666666666666667,0.00011082416065134881,5.899690266893743e-11,True,height_function,"{""curvature"": 0.06677749082731801, ""curvature_source"": ""cartesian-ghf"", ""ghf_diagnostic"": ""complete three-column height function"", ""ghf_direction"": ""x"", ""ghf_fit_points"": 0, ""ghf_height_points"": 3, ""ghf_independent_points"": 3, ""ghf_method"": ""height_function"", ""interval_count"": 1, ""objective"": 5.899690266893743e-11, ""optimizer_message"": ""CONVERGENCE: NORM_OF_PROJECTED_GRADIENT_<=_PGTOL"", ""optimizer_success"": true}"
PLVIRA,PLVIRA,zalesak,4,128,49,75,reconstructed,0.6070902645153636,0.6070902645153637,1.1102230246251565e-16,0.06676983761342098,0.06666666666666667,0.00010317094675431349,4.166579170111726e-10,True,height_function,"{""curvature"": 0.06676983761342098, ""curvature_source"": ""cartesian-ghf"", ""ghf_diagnostic"": ""complete three-column height function"", ""ghf_direction"": ""x"", ""ghf_fit_points"": 0, ""ghf_height_points"": 3, ""ghf_independent_points"": 3, ""ghf_method"": ""height_function"", ""interval_count"": 1, ""objective"": 4.166579170111726e-10, ""optimizer_message"": ""CONVERGENCE: NORM_OF_PROJECTED_GRADIENT_<=_PGTOL"", ""optimizer_success"": true}"
PLVIRA,PLVIRA,zalesak,4,128,49,76,reconstructed,0.3116841645278834,0.31168416452788245,9.43689570931383e-16,0.06678106488800829,0.06666666666666667,0.00011439822134162725,1.4435492290679857e-11,True,height_function,"{""curvature"": 0.06678106488800829, ""curvature_source"": ""cartesian-ghf"", ""ghf_diagnostic"": ""complete three-column height function"", ""ghf_direction"": ""x"", ""ghf_fit_points"": 0, ""ghf_height_points"": 3, ""ghf_independent_points"": 3, ""ghf_method"": ""height_function"", ""interval_count"": 1, ""objective"": 1.4435492290679857e-11, ""optimizer_message"": ""CONVERGENCE: REL_REDUCTION_OF_F_<=_FACTR*EPSMCH"", ""optimizer_success"": true}"
PLVIRA,PLVIRA,zalesak,4,128,49,77,reconstructed,0.002979645789622842,0.0029796457896227833,5.854691731421724e-17,0.06679652569949207,0.06666666666666667,0.00012985903282540512,1.281411191260621e-09,True,height_function,"{""curvature"": 0.06679652569949207, ""curvature_source"": ""cartesian-ghf"", ""ghf_diagnostic"": ""complete three-column height function"", ""ghf_direction"": ""x"", ""ghf_fit_points"": 0, ""ghf_height_points"": 3, ""ghf_independent_points"": 3, ""ghf_method"": ""height_function"", ""interval_count"": 1, ""objective"": 1.281411191260621e-09, ""optimizer_message"": ""CONVERGENCE: REL_REDUCTION_OF_F_<=_FACTR*EPSMCH"", ""optimizer_success"": true}"
PLVIRA,PLVIRA,zalesak,4,128,50,50,reconstructed,0.05869378865900776,0.05869378865900818,4.163336342344337e-16,0.0668115948238449,0.06666666666666667,0.00014492815717823126,1.4932665522422886e-09,True,height_function,"{""curvature"": 0.0668115948238449, ""curvature_source"": ""cartesian-ghf"", ""ghf_diagnostic"": ""complete three-column height function"", ""ghf_direction"": ""x"", ""ghf_fit_points"": 0, ""ghf_height_points"": 3, ""ghf_independent_points"": 3, ""ghf_method"": ""height_function"", ""interval_count"": 1, ""objective"": 1.4932665522422886e-09, ""optimizer_message"": ""CONVERGENCE: REL_REDUCTION_OF_F_<=_FACTR*EPSMCH"", ""optimizer_success"": true}"
PLVIRA,PLVIRA,zalesak,4,128,50,51,reconstructed,0.5072657023715168,0.5072657023715168,0.0,0.06679152947501557,0.06666666666666667,0.00012486280834890506,2.803757967112704e-10,True,height_function,"{""curvature"": 0.06679152947501557, ""curvature_source"": ""cartesian-ghf"", ""ghf_diagnostic"": ""complete three-column height function"", ""ghf_direction"": ""x"", ""ghf_fit_points"": 0, ""ghf_height_points"": 3, ""ghf_independent_points"": 3, ""ghf_method"": ""height_function"", ""interval_count"": 1, ""objective"": 2.803757967112704e-10, ""optimizer_message"": ""CONVERGENCE: NORM_OF_PROJECTED_GRADIENT_<=_PGTOL"", ""optimizer_success"": true}"
PLVIRA,PLVIRA,zalesak,4,128,50,77,reconstructed,0.3838477021728091,0.38384770217280906,5.551115123125783e-17,0.06679652569949207,0.06666666666666667,0.00012985903282540512,1.5508182578912476e-11,True,height_function,"{""curvature"": 0.06679652569949207, ""curvature_source"": ""cartesian-ghf"", ""ghf_diagnostic"": ""complete three-column height function"", ""ghf_direction"": ""x"", ""ghf_fit_points"": 0, ""ghf_height_points"": 3, ""ghf_independent_points"": 3, ""ghf_method"": ""height_function"", ""interval_count"": 1, ""objective"": 1.5508182578912476e-11, ""optimizer_message"": ""CONVERGENCE: REL_REDUCTION_OF_F_<=_FACTR*EPSMCH"", ""optimizer_success"": true}"
PLVIRA,PLVIRA,zalesak,4,128,50,78,reconstructed,0.006970066637908889,0.006970066637908258,6.314393452555578e-16,0.06681159790176133,0.06666666666666667,0.00014493123509466688,1.9062424296203536e-09,True,height_function,"{""curvature"": 0.06681159790176133, ""curvature_source"": ""cartesian-ghf"", ""ghf_diagnostic"": ""complete three-column height function"", ""ghf_direction"": ""y"", ""ghf_fit_points"": 0, ""ghf_height_points"": 3, ""ghf_independent_points"": 3, ""ghf_method"": ""height_function"", ""interval_count"": 1, ""objective"": 1.9062424296203536e-09, ""optimizer_message"": ""CONVERGENCE: REL_REDUCTION_OF_F_<=_FACTR*EPSMCH"", ""optimizer_success"": true}"
PLVIRA,PLVIRA,zalesak,4,128,51,49,reconstructed,0.04091023326172882,0.04091023326172834,4.85722573273506e-16,0.06679153156389143,0.06666666666666667,0.000124864897224769,9.037181857356003e-10,True,height_function,"{""curvature"": 0.06679153156389143, ""curvature_source"": ""cartesian-ghf"", ""ghf_diagnostic"": ""complete three-column height function"", ""ghf_direction"": ""y"", ""ghf_fit_points"": 0, ""ghf_height_points"": 3, ""ghf_independent_points"": 3, ""ghf_method"": ""height_function"", ""interval_count"": 1, ""objective"": 9.037181857356003e-10, ""optimizer_message"": ""CONVERGENCE: NORM_OF_PROJECTED_GRADIENT_<=_PGTOL"", ""optimizer_success"": true}"
PLVIRA,PLVIRA,zalesak,4,128,51,50,reconstructed,0.5072691074053726,0.5072691074053723,2.220446049250313e-16,0.06679153156389143,0.06666666666666667,0.000124864897224769,2.804644425783378e-10,True,height_function,"{""curvature"": 0.06679153156389143, ""curvature_source"": ""cartesian-ghf"", ""ghf_diagnostic"": ""complete three-column height function"", ""ghf_direction"": ""y"", ""ghf_fit_points"": 0, ""ghf_height_points"": 3, ""ghf_independent_points"": 3, ""ghf_method"": ""height_function"", ""interval_count"": 1, ""objective"": 2.804644425783378e-10, ""optimizer_message"": ""CONVERGENCE: NORM_OF_PROJECTED_GRADIENT_<=_PGTOL"", ""optimizer_success"": true}"
PLVIRA,PLVIRA,zalesak,4,128,51,78,reconstructed,0.37206390956081675,0.37206390956081636,3.885780586188048e-16,0.06679153156413647,0.06666666666666667,0.0001248648974698091,1.1950018289517835e-11,True,height_function,"{""curvature"": 0.06679153156413647, ""curvature_source"": ""cartesian-ghf"", ""ghf_diagnostic"": ""complete three-column height function"", ""ghf_direction"": ""y"", ""ghf_fit_points"": 0, ""ghf_height_points"": 3, ""ghf_independent_points"": 3, ""ghf_method"": ""height_function"", ""interval_count"": 1, ""objective"": 1.1950018289517835e-11, ""optimizer_message"": ""CONVERGENCE: NORM_OF_PROJECTED_GRADIENT_<=_PGTOL"", ""optimizer_success"": true}"
PLVIRA,PLVIRA,zalesak,4,128,51,79,reconstructed,0.0009737088866832444,0.000973708886683182,6.245004513516506e-17,0.06679153156413647,0.06666666666666667,0.0001248648974698091,1.0653371662795111e-09,True,height_function,"{""curvature"": 0.06679153156413647, ""curvature_source"": ""cartesian-ghf"", ""ghf_diagnostic"": ""complete three-column height function"", ""ghf_direction"": ""y"", ""ghf_fit_points"": 0, ""ghf_height_points"": 3, ""ghf_independent_points"": 3, ""ghf_method"": ""height_function"", ""interval_count"": 1, ""objective"": 1.0653371662795111e-09, ""optimizer_message"": ""CONVERGENCE: NORM_OF_PROJECTED_GRADIENT_<=_PGTOL"", ""optimizer_success"": true}"
PLVIRA,PLVIRA,zalesak,4,128,52,48,reconstructed,0.006413933087650259,0.006413933087648725,1.5334955527634975e-15,0.06677749233221617,0.06666666666666667,0.00011082566554949935,6.280182298157667e-10,True,height_function,"{""curvature"": 0.06677749233221617, ""curvature_source"": ""cartesian-ghf"", ""ghf_diagnostic"": ""complete three-column height function"", ""ghf_direction"": ""y"", ""ghf_fit_points"": 0, ""ghf_height_points"": 3, ""ghf_independent_points"": 3, ""ghf_method"": ""height_function"", ""interval_count"": 1, ""objective"": 6.280182298157667e-10, ""optimizer_message"": ""CONVERGENCE: NORM_OF_PROJECTED_GRADIENT_<=_PGTOL"", ""optimizer_success"": true}"
PLVIRA,PLVIRA,zalesak,4,128,52,49,reconstructed,0.4456512874237752,0.445651287423775,1.6653345369377348e-16,0.06677749233221617,0.06666666666666667,0.00011082566554949935,5.900450009006088e-11,True,height_function,"{""curvature"": 0.06677749233221617, ""curvature_source"": ""cartesian-ghf"", ""ghf_diagnostic"": ""complete three-column height function"", ""ghf_direction"": ""y"", ""ghf_fit_points"": 0, ""ghf_height_points"": 3, ""ghf_independent_points"": 3, ""ghf_method"": ""height_function"", ""interval_count"": 1, ""objective"": 5.900450009006088e-11, ""optimizer_message"": ""CONVERGENCE: NORM_OF_PROJECTED_GRADIENT_<=_PGTOL"", ""optimizer_success"": true}"
PLVIRA,PLVIRA,zalesak,4,128,52,79,reconstructed,0.27692349829173146,0.2769234982917369,5.440092820663267e-15,0.06677749233206667,0.06666666666666667,0.00011082566540000782,2.3269396007270027e-11,True,height_function,"{""curvature"": 0.06677749233206667, ""curvature_source"": ""cartesian-ghf"", ""ghf_diagnostic"": ""complete three-column height function"", ""ghf_direction"": ""y"", ""ghf_fit_points"": 0, ""ghf_height_points"": 3, ""ghf_independent_points"": 3, ""ghf_method"": ""height_function"", ""interval_count"": 1, ""objective"": 2.3269396007270027e-11, ""optimizer_message"": ""CONVERGENCE: REL_REDUCTION_OF_F_<=_FACTR*EPSMCH"", ""optimizer_success"": true}"
PLVIRA,PLVIRA,zalesak,4,128,53,48,reconstructed,0.2901762223562603,0.2901762223562598,4.996003610813204e-16,0.06676717359600341,0.06666666666666667,0.00010050692933674665,4.4724248665735157e-11,True,height_function,"{""curvature"": 0.06676717359600341, ""curvature_source"": ""cartesian-ghf"", ""ghf_diagnostic"": ""complete three-column height function"", ""ghf_direction"": ""y"", ""ghf_fit_points"": 0, ""ghf_height_points"": 3, ""ghf_independent_points"": 3, ""ghf_method"": ""height_function"", ""interval_count"": 1, ""objective"": 4.4724248665735157e-11, ""optimizer_message"": ""CONVERGENCE: NORM_OF_PROJECTED_GRADIENT_<=_PGTOL"", ""optimizer_success"": true}"
PLVIRA,PLVIRA,zalesak,4,128,53,72,reconstructed,0.6092091799018817,0.6092091799018818,1.1102230246251565e-16,-1.7738905618139882,0.0,1.7738905618139882,0.0882893963296037,True,height_function,"{""curvature"": -1.7738905618139882, ""curvature_source"": ""cartesian-ghf"", ""ghf_diagnostic"": ""complete three-column height function"", ""ghf_direction"": ""x"", ""ghf_fit_points"": 0, ""ghf_height_points"": 3, ""ghf_independent_points"": 3, ""ghf_method"": ""height_function"", ""interval_count"": 1, ""objective"": 0.0882893963296037, ""optimizer_message"": ""CONVERGENCE: NORM_OF_PROJECTED_GRADIENT_<=_PGTOL"", ""optimizer_success"": true}"
PLVIRA,PLVIRA,zalesak,4,128,53,79,reconstructed,0.599280828345667,0.5992808283456668,2.220446049250313e-16,0.066767173596464,0.06666666666666667,0.00010050692979733655,2.666678941448948e-10,True,height_function,"{""curvature"": 0.066767173596464, ""curvature_source"": ""cartesian-ghf"", ""ghf_diagnostic"": ""complete three-column height function"", ""ghf_direction"": ""y"", ""ghf_fit_points"": 0, ""ghf_height_points"": 3, ""ghf_independent_points"": 3, ""ghf_method"": ""height_function"", ""interval_count"": 1, ""objective"": 2.666678941448948e-10, ""optimizer_message"": ""CONVERGENCE: REL_REDUCTION_OF_F_<=_FACTR*EPSMCH"", ""optimizer_success"": true}"
PLVIRA,PLVIRA,zalesak,4,128,53,80,reconstructed,0.12610523429095633,0.12610523429095563,6.938893903907228e-16,0.066767173596464,0.06666666666666667,0.00010050692979733655,5.902044284356045e-11,True,height_function,"{""curvature"": 0.066767173596464, ""curvature_source"": ""cartesian-ghf"", ""ghf_diagnostic"": ""complete three-column height function"", ""ghf_direction"": ""y"", ""ghf_fit_points"": 0, ""ghf_height_points"": 3, ""ghf_independent_points"": 3, ""ghf_method"": ""height_function"", ""interval_count"": 1, ""objective"": 5.902044284356045e-11, ""optimizer_message"": ""CONVERGENCE: REL_REDUCTION_OF_F_<=_FACTR*EPSMCH"", ""optimizer_success"": true}"
PLVIRA,PLVIRA,zalesak,4,128,54,47,reconstructed,0.08864362774493006,0.08864362774492966,4.0245584642661925e-16,0.0667593372702381,0.06666666666666667,9.267060357143198e-05,4.287804007774724e-11,True,height_function,"{""curvature"": 0.0667593372702381, ""curvature_source"": ""cartesian-ghf"", ""ghf_diagnostic"": ""complete three-column height function"", ""ghf_direction"": ""y"", ""ghf_fit_points"": 0, ""ghf_height_points"": 3, ""ghf_independent_points"": 3, ""ghf_method"": ""height_function"", ""interval_count"": 1, ""objective"": 4.287804007774724e-11, ""optimizer_message"": ""CONVERGENCE: REL_REDUCTION_OF_F_<=_FACTR*EPSMCH"", ""optimizer_success"": true}"
PLVIRA,PLVIRA,zalesak,4,128,54,48,reconstructed,0.5930499500488664,0.5930499500488664,0.0,0.0667593372702381,0.06666666666666667,9.267060357143198e-05,1.8300737283342069e-10,True,height_function,"{""curvature"": 0.0667593372702381, ""curvature_source"": ""cartesian-ghf"", ""ghf_diagnostic"": ""complete three-column height function"", ""ghf_direction"": ""y"", ""ghf_fit_points"": 0, ""ghf_height_points"": 3, ""ghf_independent_points"": 3, ""ghf_method"": ""height_function"", ""interval_count"": 1, ""objective"": 1.8300737283342069e-10, ""optimizer_message"": ""CONVERGENCE: REL_REDUCTION_OF_F_<=_FACTR*EPSMCH"", ""optimizer_success"": true}"
PLVIRA,PLVIRA,zalesak,4,128,54,71,reconstructed,0.4346021155784001,0.4346021155784002,1.1102230246251565e-16,-0.21613137039310965,0.0,0.21613137039310965,0.00015464731199676935,True,height_function,"{""curvature"": -0.21613137039310965, ""curvature_source"": ""cartesian-ghf"", ""ghf_diagnostic"": ""complete three-column height function"", ""ghf_direction"": ""x"", ""ghf_fit_points"": 0, ""ghf_height_points"": 3, ""ghf_independent_points"": 3, ""ghf_method"": ""height_function"", ""interval_count"": 1, ""objective"": 0.00015464731199676935, ""optimizer_message"": ""CONVERGENCE: REL_REDUCTION_OF_F_<=_FACTR*EPSMCH"", ""optimizer_success"": true}"
PLVIRA,PLVIRA,zalesak,4,128,54,72,reconstructed,0.1363401228256862,0.1363401228256867,4.996003610813204e-16,-1.7738905618139882,0.0,1.7738905618139882,0.010972126139524484,True,height_function,"{""curvature"": -1.7738905618139882, ""curvature_source"": ""cartesian-ghf"", ""ghf_diagnostic"": ""complete three-column height function"", ""ghf_direction"": ""x"", ""ghf_fit_points"": 0, ""ghf_height_points"": 3, ""ghf_independent_points"": 3, ""ghf_method"": ""height_function"", ""interval_count"": 1, ""objective"": 0.010972126139524484, ""optimizer_message"": ""CONVERGENCE: NORM_OF_PROJECTED_GRADIENT_<=_PGTOL"", ""optimizer_success"": true}"
PLVIRA,PLVIRA,zalesak,4,128,54,73,reconstructed,0.5773478026937937,0.5773478026937937,0.0,-0.08295207164021004,0.0,0.08295207164021004,0.004774441271373541,True,height_function,"{""curvature"": -0.08295207164021004, ""curvature_source"": ""cartesian-ghf"", ""ghf_diagnostic"": ""complete three-column height function"", ""ghf_direction"": ""x"", ""ghf_fit_points"": 0, ""ghf_height_points"": 3, ""ghf_independent_points"": 3, ""ghf_method"": ""height_function"", ""interval_count"": 1, ""objective"": 0.004774441271373541, ""optimizer_message"": ""CONVERGENCE: REL_REDUCTION_OF_F_<=_FACTR*EPSMCH"", ""optimizer_success"": true}"
PLVIRA,PLVIRA,zalesak,4,128,54,80,reconstructed,0.49844776226443965,0.4984477622644399,2.220446049250313e-16,0.06675933726929456,0.06666666666666667,9.267060262789506e-05,6.609218521392176e-11,True,height_function,"{""curvature"": 0.06675933726929456, ""curvature_source"": ""cartesian-ghf"", ""ghf_diagnostic"": ""complete three-column height function"", ""ghf_direction"": ""y"", ""ghf_fit_points"": 0, ""ghf_height_points"": 3, ""ghf_independent_points"": 3, ""ghf_method"": ""height_function"", ""interval_count"": 1, ""objective"": 6.609218521392176e-11, ""optimizer_message"": ""CONVERGENCE: NORM_OF_PROJECTED_GRADIENT_<=_PGTOL"", ""optimizer_success"": true}"
PLVIRA,PLVIRA,zalesak,4,128,54,81,reconstructed,0.00810409330940165,0.008104093309402115,4.649058915617843e-16,0.06675933726929456,0.06666666666666667,9.267060262789506e-05,1.6172778110304794e-10,True,height_function,"{""curvature"": 0.06675933726929456, ""curvature_source"": ""cartesian-ghf"", ""ghf_diagnostic"": ""complete three-column height function"", ""ghf_direction"": ""y"", ""ghf_fit_points"": 0, ""ghf_height_points"": 3, ""ghf_independent_points"": 3, ""ghf_method"": ""height_function"", ""interval_count"": 1, ""objective"": 1.6172778110304794e-10, ""optimizer_message"": ""CONVERGENCE: REL_REDUCTION_OF_F_<=_FACTR*EPSMCH"", ""optimizer_success"": true}"
PLVIRA,PLVIRA,zalesak,4,128,55,47,reconstructed,0.41236463725862027,0.4123646372586219,1.609823385706477e-15,0.06675325475112451,0.06666666666666667,8.658808445784205e-05,8.214752989121958e-11,True,height_function,"{""curvature"": 0.06675325475112451, ""curvature_source"": ""cartesian-ghf"", ""ghf_diagnostic"": ""complete three-column height function"", ""ghf_direction"": ""y"", ""ghf_fit_points"": 0, ""ghf_height_points"": 3, ""ghf_independent_points"": 3, ""ghf_method"": ""height_function"", ""interval_count"": 1, ""objective"": 8.214752989121958e-11, ""optimizer_message"": ""CONVERGENCE: REL_REDUCTION_OF_F_<=_FACTR*EPSMCH"", ""optimizer_success"": true}"
PLVIRA,PLVIRA,zalesak,4,128,55,69,reconstructed,0.6056998998737981,0.6056998998737986,4.440892098500626e-16,7.008850989225905e-13,0.0,7.008850989225905e-13,6.4313126353175e-20,True,height_function,"{""curvature"": 7.008850989225905e-13, ""curvature_source"": ""cartesian-ghf"", ""ghf_diagnostic"": ""complete three-column height function"", ""ghf_direction"": ""x"", ""ghf_fit_points"": 0, ""ghf_height_points"": 3, ""ghf_independent_points"": 3, ""ghf_method"": ""height_function"", ""interval_count"": 1, ""objective"": 6.4313126353175e-20, ""optimizer_message"": ""CONVERGENCE: NORM_OF_PROJECTED_GRADIENT_<=_PGTOL"", ""optimizer_success"": true}"
PLVIRA,PLVIRA,zalesak,4,128,55,70,reconstructed,0.305511841687121,0.3055118416871209,5.551115123125783e-17,-7.007069379925135e-13,0.0,7.007069379925135e-13,9.089952266346055e-21,True,height_function,"{""curvature"": -7.007069379925135e-13, ""curvature_source"": ""cartesian-ghf"", ""ghf_diagnostic"": ""complete three-column height function"", ""ghf_direction"": ""x"", ""ghf_fit_points"": 0, ""ghf_height_points"": 3, ""ghf_independent_points"": 3, ""ghf_method"": ""height_function"", ""interval_count"": 1, ""objective"": 9.089952266346055e-21, ""optimizer_message"": ""CONVERGENCE: NORM_OF_PROJECTED_GRADIENT_<=_PGTOL"", ""optimizer_success"": true}"
PLVIRA,PLVIRA,zalesak,4,128,55,71,reconstructed,0.004746050150515657,0.004746050150515588,6.938893903907228e-17,-0.21613137039310965,0.0,0.21613137039310965,0.007295091205128435,True,height_function,"{""curvature"": -0.21613137039310965, ""curvature_source"": ""cartesian-ghf"", ""ghf_diagnostic"": ""complete three-column height function"", ""ghf_direction"": ""x"", ""ghf_fit_points"": 0, ""ghf_height_points"": 3, ""ghf_independent_points"": 3, ""ghf_method"": ""height_function"", ""interval_count"": 1, ""objective"": 0.007295091205128435, ""optimizer_message"": ""CONVERGENCE: NORM_OF_PROJECTED_GRADIENT_<=_PGTOL"", ""optimizer_success"": true}"
PLVIRA,PLVIRA,zalesak,4,128,55,73,reconstructed,0.19672924915789738,0.1967292491578975,1.1102230246251565e-16,-0.08295207164021019,0.0,0.08295207164021019,0.0016775717859922414,True,height_function,"{""curvature"": -0.08295207164021019, ""curvature_source"": ""cartesian-ghf"", ""ghf_diagnostic"": ""complete three-column height function"", ""ghf_direction"": ""x"", ""ghf_fit_points"": 0, ""ghf_height_points"": 3, ""ghf_independent_points"": 3, ""ghf_method"": ""height_function"", ""interval_count"": 1, ""objective"": 0.0016775717859922414, ""optimizer_message"": ""CONVERGENCE: NORM_OF_PROJECTED_GRADIENT_<=_PGTOL"", ""optimizer_success"": true}"
PLVIRA,PLVIRA,zalesak,4,128,55,74,reconstructed,0.6083646596421204,0.6083646596421204,0.0,0.0,0.0,0.0,1.780645783295648e-18,True,degenerate_zero,"{""curvature"": 0.0, ""curvature_source"": ""cartesian-ghf"", ""ghf_diagnostic"": ""fewer than three independent 3x3 PLIC fragment centroids"", ""ghf_direction"": null, ""ghf_fit_points"": 4, ""ghf_height_points"": 4, ""ghf_independent_points"": 1, ""ghf_method"": ""degenerate_zero"", ""interval_count"": 1, ""objective"": 1.780645783295648e-18, ""optimizer_message"": ""CONVERGENCE: NORM_OF_PROJECTED_GRADIENT_<=_PGTOL"", ""optimizer_success"": true}"
PLVIRA,PLVIRA,zalesak,4,128,55,81,reconstructed,0.23722291503905613,0.23722291503905654,4.163336342344337e-16,0.06675325475176465,0.06666666666666667,8.658808509798277e-05,5.5101163401321307e-11,True,height_function,"{""curvature"": 0.06675325475176465, ""curvature_source"": ""cartesian-ghf"", ""ghf_diagnostic"": ""complete three-column height function"", ""ghf_direction"": ""y"", ""ghf_fit_points"": 0, ""ghf_height_points"": 3, ""ghf_independent_points"": 3, ""ghf_method"": ""height_function"", ""interval_count"": 1, ""objective"": 5.5101163401321307e-11, ""optimizer_message"": ""CONVERGENCE: NORM_OF_PROJECTED_GRADIENT_<=_PGTOL"", ""optimizer_success"": true}"
PLVIRA,PLVIRA,zalesak,4,128,56,46,reconstructed,0.10054414740803885,0.10054414740803741,1.4432899320127035e-15,0.06674846859096685,0.06666666666666667,8.18019243001844e-05,7.620991988823736e-12,True,height_function,"{""curvature"": 0.06674846859096685, ""curvature_source"": ""cartesian-ghf"", ""ghf_diagnostic"": ""complete three-column height function"", ""ghf_direction"": ""y"", ""ghf_fit_points"": 0, ""ghf_height_points"": 3, ""ghf_independent_points"": 3, ""ghf_method"": ""height_function"", ""interval_count"": 1, ""objective"": 7.620991988823736e-12, ""optimizer_message"": ""CONVERGENCE: NORM_OF_PROJECTED_GRADIENT_<=_PGTOL"", ""optimizer_success"": true}"
PLVIRA,PLVIRA,zalesak,4,128,56,47,reconstructed,0.6071906046375932,0.6071906046375936,3.3306690738754696e-16,0.06674846859096685,0.06666666666666667,8.18019243001844e-05,8.529010571378167e-11,True,height_function,"{""curvature"": 0.06674846859096685, ""curvature_source"": ""cartesian-ghf"", ""ghf_diagnostic"": ""complete three-column height function"", ""ghf_direction"": ""y"", ""ghf_fit_points"": 0, ""ghf_height_points"": 3, ""ghf_independent_points"": 3, ""ghf_method"": ""height_function"", ""interval_count"": 1, ""objective"": 8.529010571378167e-11, ""optimizer_message"": ""CONVERGENCE: NORM_OF_PROJECTED_GRADIENT_<=_PGTOL"", ""optimizer_success"": true}"
PLVIRA,PLVIRA,zalesak,4,128,56,68,reconstructed,0.5682043843112297,0.5682043843112301,4.440892098500626e-16,-4.671379586618026e-13,0.0,4.671379586618026e-13,1.6627620627073307e-16,True,height_function,"{""curvature"": -4.671379586618026e-13, ""curvature_source"": ""cartesian-ghf"", ""ghf_diagnostic"": ""complete three-column height function"", ""ghf_direction"": ""x"", ""ghf_fit_points"": 0, ""ghf_height_points"": 3, ""ghf_independent_points"": 3, ""ghf_method"": ""height_function"", ""interval_count"": 1, ""objective"": 1.6627620627073307e-16, ""optimizer_message"": ""CONVERGENCE: REL_REDUCTION_OF_F_<=_FACTR*EPSMCH"", ""optimizer_success"": true}"
PLVIRA,PLVIRA,zalesak,4,128,56,69,reconstructed,0.17632718027221017,0.1763271802722102,2.7755575615628914e-17,7.008850989225905e-13,0.0,7.008850989225905e-13,1.582145551469512e-22,True,height_function,"{""curvature"": 7.008850989225905e-13, ""curvature_source"": ""cartesian-ghf"", ""ghf_diagnostic"": ""complete three-column height function"", ""ghf_direction"": ""x"", ""ghf_fit_points"": 0, ""ghf_height_points"": 3, ""ghf_independent_points"": 3, ""ghf_method"": ""height_function"", ""interval_count"": 1, ""objective"": 1.582145551469512e-22, ""optimizer_message"": ""CONVERGENCE: NORM_OF_PROJECTED_GRADIENT_<=_PGTOL"", ""optimizer_success"": true}"
PLVIRA,PLVIRA,zalesak,4,128,56,74,reconstructed,0.3285786703415851,0.32857867034158506,5.551115123125783e-17,2.337471402609148e-13,0.0,2.337471402609148e-13,1.4687017080444628e-21,True,height_function,"{""curvature"": 2.337471402609148e-13, ""curvature_source"": ""cartesian-ghf"", ""ghf_diagnostic"": ""complete three-column height function"", ""ghf_direction"": ""y"", ""ghf_fit_points"": 0, ""ghf_height_points"": 3, ""ghf_independent_points"": 3, ""ghf_method"": ""height_function"", ""interval_count"": 1, ""objective"": 1.4687017080444628e-21, ""optimizer_message"": ""CONVERGENCE: NORM_OF_PROJECTED_GRADIENT_<=_PGTOL"", ""optimizer_success"": true}"
PLVIRA,PLVIRA,zalesak,4,128,56,81,reconstructed,0.5265403058320217,0.5265403058320207,9.992007221626409e-16,0.06674846859133218,0.06666666666666667,8.180192466551717e-05,5.703282305487663e-12,True,height_function,"{""curvature"": 0.06674846859133218, ""curvature_source"": ""cartesian-ghf"", ""ghf_diagnostic"": ""complete three-column height function"", ""ghf_direction"": ""y"", ""ghf_fit_points"": 0, ""ghf_height_points"": 3, ""ghf_independent_points"": 3, ""ghf_method"": ""height_function"", ""interval_count"": 1, ""objective"": 5.703282305487663e-12, ""optimizer_message"": ""CONVERGENCE: REL_REDUCTION_OF_F_<=_FACTR*EPSMCH"", ""optimizer_success"": true}"
PLVIRA,PLVIRA,zalesak,4,128,56,82,reconstructed,0.006052723993984266,0.006052723993984828,5.620504062164855e-16,0.06674846859133218,0.06666666666666667,8.180192466551717e-05,8.616148009783847e-11,True,height_function,"{""curvature"": 0.06674846859133218, ""curvature_source"": ""cartesian-ghf"", ""ghf_diagnostic"": ""complete three-column height function"", ""ghf_direction"": ""y"", ""ghf_fit_points"": 0, ""ghf_height_points"": 3, ""ghf_independent_points"": 3, ""ghf_method"": ""height_function"", ""interval_count"": 1, ""objective"": 8.616148009783847e-11, ""optimizer_message"": ""CONVERGENCE: REL_REDUCTION_OF_F_<=_FACTR*EPSMCH"", ""optimizer_success"": true}"
PLVIRA,PLVIRA,zalesak,4,128,57,46,reconstructed,0.350803586682221,0.3508035866822158,5.218048215738236e-15,0.06674467772086222,0.06666666666666667,7.801105419555365e-05,1.0537800526585668e-10,True,height_function,"{""curvature"": 0.06674467772086222, ""curvature_source"": ""cartesian-ghf"", ""ghf_diagnostic"": ""complete three-column height function"", ""ghf_direction"": ""y"", ""ghf_fit_points"": 0, ""ghf_height_points"": 3, ""ghf_independent_points"": 3, ""ghf_method"": ""height_function"", ""interval_count"": 1, ""objective"": 1.0537800526585668e-10, ""optimizer_message"": ""CONVERGENCE: REL_REDUCTION_OF_F_<=_FACTR*EPSMCH"", ""optimizer_success"": true}"
PLVIRA,PLVIRA,zalesak,4,128,57,67,reconstructed,0.4931189656622337,0.49311896566223373,5.551115123125783e-17,2.3321265747068396e-13,0.0,2.3321265747068396e-13,4.3189675998188624e-16,True,height_function,"{""curvature"": 2.3321265747068396e-13, ""curvature_source"": ""cartesian-ghf"", ""ghf_diagnostic"": ""complete three-column height function"", ""ghf_direction"": ""x"", ""ghf_fit_points"": 0, ""ghf_height_points"": 3, ""ghf_independent_points"": 3, ""ghf_method"": ""height_function"", ""interval_count"": 1, ""objective"": 4.3189675998188624e-16, ""optimizer_message"": ""CONVERGENCE: REL_REDUCTION_OF_F_<=_FACTR*EPSMCH"", ""optimizer_success"": true}"
PLVIRA,PLVIRA,zalesak,4,128,57,68,reconstructed,0.07998637179298386,0.07998637179297607,7.78543896018391e-15,-4.671379586618026e-13,0.0,4.671379586618026e-13,1.0299309936920024e-14,True,height_function,"{""curvature"": -4.671379586618026e-13, ""curvature_source"": ""cartesian-ghf"", ""ghf_diagnostic"": ""complete three-column height function"", ""ghf_direction"": ""x"", ""ghf_fit_points"": 0, ""ghf_height_points"": 3, ""ghf_independent_points"": 3, ""ghf_method"": ""height_function"", ""interval_count"": 1, ""objective"": 1.0299309936920024e-14, ""optimizer_message"": ""CONVERGENCE: REL_REDUCTION_OF_F_<=_FACTR*EPSMCH"", ""optimizer_success"": true}"
PLVIRA,PLVIRA,zalesak,4,128,57,74,reconstructed,0.008559948995753075,0.008559948995753082,6.938893903907228e-18,-2.337471402609148e-13,0.0,2.337471402609148e-13,4.2153461938896554e-22,True,height_function,"{""curvature"": -2.337471402609148e-13, ""curvature_source"": ""cartesian-ghf"", ""ghf_diagnostic"": ""complete three-column height function"", ""ghf_direction"": ""y"", ""ghf_fit_points"": 0, ""ghf_height_points"": 3, ""ghf_independent_points"": 3, ""ghf_method"": ""height_function"", ""interval_count"": 1, ""objective"": 4.2153461938896554e-22, ""optimizer_message"": ""CONVERGENCE: NORM_OF_PROJECTED_GRADIENT_<=_PGTOL"", ""optimizer_success"": true}"
PLVIRA,PLVIRA,zalesak,4,128,57,75,reconstructed,0.45385504538717214,0.453855045387172,1.6653345369377348e-16,-2.337471402609148e-13,0.0,2.337471402609148e-13,1.634532004248963e-18,True,height_function,"{""curvature"": -2.337471402609148e-13, ""curvature_source"": ""cartesian-ghf"", ""ghf_diagnostic"": ""complete three-column height function"", ""ghf_direction"": ""y"", ""ghf_fit_points"": 0, ""ghf_height_points"": 3, ""ghf_independent_points"": 3, ""ghf_method"": ""height_function"", ""interval_count"": 1, ""objective"": 1.634532004248963e-18, ""optimizer_message"": ""CONVERGENCE: NORM_OF_PROJECTED_GRADIENT_<=_PGTOL"", ""optimizer_success"": true}"
PLVIRA,PLVIRA,zalesak,4,128,57,82,reconstructed,0.17566186446231669,0.17566186446232002,3.3306690738754696e-15,0.06674467772003485,0.06666666666666667,7.80110533681877e-05,1.84896347097429e-11,True,height_function,"{""curvature"": 0.06674467772003485, ""curvature_source"": ""cartesian-ghf"", ""ghf_diagnostic"": ""complete three-column height function"", ""ghf_direction"": ""y"", ""ghf_fit_points"": 0, ""ghf_height_points"": 3, ""ghf_independent_points"": 3, ""ghf_method"": ""height_function"", ""interval_count"": 1, ""objective"": 1.84896347097429e-11, ""optimizer_message"": ""CONVERGENCE: REL_REDUCTION_OF_F_<=_FACTR*EPSMCH"", ""optimizer_success"": true}"
PLVIRA,PLVIRA,zalesak,4,128,58,45,reconstructed,0.006784958956658871,0.006784958956660279,1.4085954624931674e-15,0.06674167710052101,0.06666666666666667,7.50104338543417e-05,2.146864371621066e-11,True,height_function,"{""curvature"": 0.06674167710052101, ""curvature_source"": ""cartesian-ghf"", ""ghf_diagnostic"": ""complete three-column height function"", ""ghf_direction"": ""y"", ""ghf_fit_points"": 0, ""ghf_height_points"": 3, ""ghf_independent_points"": 3, ""ghf_method"": ""height_function"", ""interval_count"": 1, ""objective"": 2.146864371621066e-11, ""optimizer_message"": ""CONVERGENCE: NORM_OF_PROJECTED_GRADIENT_<=_PGTOL"", ""optimizer_success"": true}"
PLVIRA,PLVIRA,zalesak,4,128,58,46,reconstructed,0.5583517712876969,0.5583517712876971,2.220446049250313e-16,0.06674167710052101,0.06666666666666667,7.50104338543417e-05,4.753382018509141e-12,True,height_function,"{""curvature"": 0.06674167710052101, ""curvature_source"": ""cartesian-ghf"", ""ghf_diagnostic"": ""complete three-column height function"", ""ghf_direction"": ""y"", ""ghf_fit_points"": 0, ""ghf_height_points"": 3, ""ghf_independent_points"": 3, ""ghf_method"": ""height_function"", ""interval_count"": 1, ""objective"": 4.753382018509141e-12, ""optimizer_message"": ""CONVERGENCE: NORM_OF_PROJECTED_GRADIENT_<=_PGTOL"", ""optimizer_success"": true}"
PLVIRA,PLVIRA,zalesak,4,128,58,66,reconstructed,0.3804436439265828,0.3804436439265826,2.220446049250313e-16,3.563218601539302e-16,0.0,3.563218601539302e-16,2.7520871017657727e-19,True,height_function,"{""curvature"": 3.563218601539302e-16, ""curvature_source"": ""cartesian-ghf"", ""ghf_diagnostic"": ""complete three-column height function"", ""ghf_direction"": ""x"", ""ghf_fit_points"": 0, ""ghf_height_points"": 3, ""ghf_independent_points"": 3, ""ghf_method"": ""height_function"", ""interval_count"": 1, ""objective"": 2.7520871017657727e-19, ""optimizer_message"": ""CONVERGENCE: NORM_OF_PROJECTED_GRADIENT_<=_PGTOL"", ""optimizer_success"": true}"
PLVIRA,PLVIRA,zalesak,4,128,58,67,reconstructed,0.02123546640063978,0.021235466400639794,1.3877787807814457e-17,2.3321265747068396e-13,0.0,2.3321265747068396e-13,3.1241018763300473e-19,True,height_function,"{""curvature"": 2.3321265747068396e-13, ""curvature_source"": ""cartesian-ghf"", ""ghf_diagnostic"": ""complete three-column height function"", ""ghf_direction"": ""x"", ""ghf_fit_points"": 0, ""ghf_height_points"": 3, ""ghf_independent_points"": 3, ""ghf_method"": ""height_function"", ""interval_count"": 1, ""objective"": 3.1241018763300473e-19, ""optimizer_message"": ""CONVERGENCE: NORM_OF_PROJECTED_GRADIENT_<=_PGTOL"", ""optimizer_success"": true}"
PLVIRA,PLVIRA,zalesak,4,128,58,75,reconstructed,0.05272289822073618,0.052722898220736975,7.979727989493313e-16,-1.1847201423405183,0.0,1.1847201423405183,0.03166279581397809,True,height_function,"{""curvature"": -1.1847201423405183, ""curvature_source"": ""cartesian-ghf"", ""ghf_diagnostic"": ""complete three-column height function"", ""ghf_direction"": ""y"", ""ghf_fit_points"": 0, ""ghf_height_points"": 3, ""ghf_independent_points"": 3, ""ghf_method"": ""height_function"", ""interval_count"": 1, ""objective"": 0.03166279581397809, ""optimizer_message"": ""CONVERGENCE: REL_REDUCTION_OF_F_<=_FACTR*EPSMCH"", ""optimizer_success"": true}"
PLVIRA,PLVIRA,zalesak,4,128,58,76,reconstructed,0.5435284202037565,0.5435284202037614,4.884981308350689e-15,-1.1847201423405185,0.0,1.1847201423405185,0.04610228995824964,True,height_function,"{""curvature"": -1.1847201423405185, ""curvature_source"": ""cartesian-ghf"", ""ghf_diagnostic"": ""complete three-column height function"", ""ghf_direction"": ""y"", ""ghf_fit_points"": 0, ""ghf_height_points"": 3, ""ghf_independent_points"": 3, ""ghf_method"": ""height_function"", ""interval_count"": 1, ""objective"": 0.04610228995824964, ""optimizer_message"": ""CONVERGENCE: NORM_OF_PROJECTED_GRADIENT_<=_PGTOL"", ""optimizer_success"": true}"
PLVIRA,PLVIRA,zalesak,4,128,58,82,reconstructed,0.38999500802465986,0.3899950080246566,3.2751579226442118e-15,0.06674167710125355,0.06666666666666667,7.501043458688073e-05,5.491744090184792e-11,True,height_function,"{""curvature"": 0.06674167710125355, ""curvature_source"": ""cartesian-ghf"", ""ghf_diagnostic"": ""complete three-column height function"", ""ghf_direction"": ""y"", ""ghf_fit_points"": 0, ""ghf_height_points"": 3, ""ghf_independent_points"": 3, ""ghf_method"": ""height_function"", ""interval_count"": 1, ""objective"": 5.491744090184792e-11, ""optimizer_message"": ""CONVERGENCE: NORM_OF_PROJECTED_GRADIENT_<=_PGTOL"", ""optimizer_success"": true}"
PLVIRA,PLVIRA,zalesak,4,128,59,45,reconstructed,0.13225110664806117,0.13225110664806272,1.5543122344752192e-15,0.06673932379723448,0.06666666666666667,7.265713056781031e-05,1.8393021291727318e-11,True,height_function,"{""curvature"": 0.06673932379723448, ""curvature_source"": ""cartesian-ghf"", ""ghf_diagnostic"": ""complete three-column height function"", ""ghf_direction"": ""y"", ""ghf_fit_points"": 0, ""ghf_height_points"": 3, ""ghf_independent_points"": 3, ""ghf_method"": ""height_function"", ""interval_count"": 1, ""objective"": 1.8393021291727318e-11, ""optimizer_message"": ""CONVERGENCE: NORM_OF_PROJECTED_GRADIENT_<=_PGTOL"", ""optimizer_success"": true}"
PLVIRA,PLVIRA,zalesak,4,128,59,64,reconstructed,0.5938481976245384,0.5938481976245392,7.771561172376096e-16,3.563218601539302e-16,0.0,3.563218601539302e-16,8.407431618889649e-18,True,height_function,"{""curvature"": 3.563218601539302e-16, ""curvature_source"": ""cartesian-ghf"", ""ghf_diagnostic"": ""complete three-column height function"", ""ghf_direction"": ""x"", ""ghf_fit_points"": 0, ""ghf_height_points"": 3, ""ghf_independent_points"": 3, ""ghf_method"": ""height_function"", ""interval_count"": 1, ""objective"": 8.407431618889649e-18, ""optimizer_message"": ""CONVERGENCE: NORM_OF_PROJECTED_GRADIENT_<=_PGTOL"", ""optimizer_success"": true}"
PLVIRA,PLVIRA,zalesak,4,128,59,65,reconstructed,0.2466817839797386,0.2466817839797386,0.0,-3.563218601539302e-16,0.0,3.563218601539302e-16,4.3041184099507574e-17,True,height_function,"{""curvature"": -3.563218601539302e-16, ""curvature_source"": ""cartesian-ghf"", ""ghf_diagnostic"": ""complete three-column height function"", ""ghf_direction"": ""x"", ""ghf_fit_points"": 0, ""ghf_height_points"": 3, ""ghf_independent_points"": 3, ""ghf_method"": ""height_function"", ""interval_count"": 1, ""objective"": 4.3041184099507574e-17, ""optimizer_message"": ""CONVERGENCE: REL_REDUCTION_OF_F_<=_FACTR*EPSMCH"", ""optimizer_success"": true}"
PLVIRA,PLVIRA,zalesak,4,128,59,66,reconstructed,7.446409472322557e-05,7.446409472320215e-05,2.3418766925686896e-17,3.563218601539302e-16,0.0,3.563218601539302e-16,2.403077794516635e-17,True,height_function,"{""curvature"": 3.563218601539302e-16, ""curvature_source"": ""cartesian-ghf"", ""ghf_diagnostic"": ""complete three-column height function"", ""ghf_direction"": ""x"", ""ghf_fit_points"": 0, ""ghf_height_points"": 3, ""ghf_independent_points"": 3, ""ghf_method"": ""height_function"", ""interval_count"": 1, ""objective"": 2.403077794516635e-17, ""optimizer_message"": ""CONVERGENCE: REL_REDUCTION_OF_F_<=_FACTR*EPSMCH"", ""optimizer_success"": true}"
PLVIRA,PLVIRA,zalesak,4,128,59,75,reconstructed,0.17753194243709913,0.17753194243710188,2.7478019859472624e-15,-0.6653187751622088,0.0,0.6653187751622088,0.021314817596125916,True,height_function,"{""curvature"": -0.6653187751622088, ""curvature_source"": ""cartesian-ghf"", ""ghf_diagnostic"": ""complete three-column height function"", ""ghf_direction"": ""y"", ""ghf_fit_points"": 0, ""ghf_height_points"": 3, ""ghf_independent_points"": 3, ""ghf_method"": ""height_function"", ""interval_count"": 1, ""objective"": 0.021314817596125916, ""optimizer_message"": ""CONVERGENCE: NORM_OF_PROJECTED_GRADIENT_<=_PGTOL"", ""optimizer_success"": true}"
PLVIRA,PLVIRA,zalesak,4,128,59,76,reconstructed,0.5687929499474649,0.568792949947465,1.1102230246251565e-16,-0.6653187751622088,0.0,0.6653187751622088,0.09293591097456065,True,height_function,"{""curvature"": -0.6653187751622088, ""curvature_source"": ""cartesian-ghf"", ""ghf_diagnostic"": ""complete three-column height function"", ""ghf_direction"": ""y"", ""ghf_fit_points"": 0, ""ghf_height_points"": 3, ""ghf_independent_points"": 3, ""ghf_method"": ""height_function"", ""interval_count"": 1, ""objective"": 0.09293591097456065, ""optimizer_message"": ""CONVERGENCE: NORM_OF_PROJECTED_GRADIENT_<=_PGTOL"", ""optimizer_success"": true}"
PLVIRA,PLVIRA,zalesak,4,128,59,82,reconstructed,0.5634709128150055,0.5634709128149994,6.106226635438361e-15,0.06673932379667605,0.06666666666666667,7.265713000938201e-05,2.7597240228909053e-12,True,height_function,"{""curvature"": 0.06673932379667605, ""curvature_source"": ""cartesian-ghf"", ""ghf_diagnostic"": ""complete three-column height function"", ""ghf_direction"": ""y"", ""ghf_fit_points"": 0, ""ghf_height_points"": 3, ""ghf_independent_points"": 3, ""ghf_method"": ""height_function"", ""interval_count"": 1, ""objective"": 2.7597240228909053e-12, ""optimizer_message"": ""CONVERGENCE: NORM_OF_PROJECTED_GRADIENT_<=_PGTOL"", ""optimizer_success"": true}"
PLVIRA,PLVIRA,zalesak,4,128,59,83,reconstructed,0.003990034113163565,0.0039900341131660425,2.4771851236948805e-15,0.06673932379667605,0.06666666666666667,7.265713000938201e-05,1.0388874675550955e-11,True,height_function,"{""curvature"": 0.06673932379667605, ""curvature_source"": ""cartesian-ghf"", ""ghf_diagnostic"": ""complete three-column height function"", ""ghf_direction"": ""y"", ""ghf_fit_points"": 0, ""ghf_height_points"": 3, ""ghf_independent_points"": 3, ""ghf_method"": ""height_function"", ""interval_count"": 1, ""objective"": 1.0388874675550955e-11, ""optimizer_message"": ""CONVERGENCE: NORM_OF_PROJECTED_GRADIENT_<=_PGTOL"", ""optimizer_success"": true}"
PLVIRA,PLVIRA,zalesak,4,128,60,45,reconstructed,0.27456188850133234,0.27456188850132723,5.10702591327572e-15,0.06673751695042364,0.06666666666666667,7.085028375697355e-05,1.9006489254586347e-15,True,height_function,"{""curvature"": 0.06673751695042364, ""curvature_source"": ""cartesian-ghf"", ""ghf_diagnostic"": ""complete three-column height function"", ""ghf_direction"": ""y"", ""ghf_fit_points"": 0, ""ghf_height_points"": 3, ""ghf_independent_points"": 3, ""ghf_method"": ""height_function"", ""interval_count"": 1, ""objective"": 1.9006489254586347e-15, ""optimizer_message"": ""CONVERGENCE: NORM_OF_PROJECTED_GRADIENT_<=_PGTOL"", ""optimizer_success"": true}"
PLVIRA,PLVIRA,zalesak,4,128,60,63,reconstructed,0.5398293937571452,0.5398293937571453,1.1102230246251565e-16,0.0,0.0,0.0,1.5722528859110453e-14,True,height_function,"{""curvature"": 0.0, ""curvature_source"": ""cartesian-ghf"", ""ghf_diagnostic"": ""complete three-column height function"", ""ghf_direction"": ""x"", ""ghf_fit_points"": 0, ""ghf_height_points"": 3, ""ghf_independent_points"": 3, ""ghf_method"": ""height_function"", ""interval_count"": 1, ""objective"": 1.5722528859110453e-14, ""optimizer_message"": ""CONVERGENCE: REL_REDUCTION_OF_F_<=_FACTR*EPSMCH"", ""optimizer_success"": true}"
PLVIRA,PLVIRA,zalesak,4,128,60,64,reconstructed,0.12934882481363275,0.12934882481363272,2.7755575615628914e-17,3.563218601539302e-16,0.0,3.563218601539302e-16,1.0486841266873713e-14,True,height_function,"{""curvature"": 3.563218601539302e-16, ""curvature_source"": ""cartesian-ghf"", ""ghf_diagnostic"": ""complete three-column height function"", ""ghf_direction"": ""x"", ""ghf_fit_points"": 0, ""ghf_height_points"": 3, ""ghf_independent_points"": 3, ""ghf_method"": ""height_function"", ""interval_count"": 1, ""objective"": 1.0486841266873713e-14, ""optimizer_message"": ""CONVERGENCE: REL_REDUCTION_OF_F_<=_FACTR*EPSMCH"", ""optimizer_success"": true}"
PLVIRA,PLVIRA,zalesak,4,128,60,73,reconstructed,0.004945419593695988,0.004945419593698229,2.2412627309620348e-15,-4.673161195918795e-13,0.0,4.673161195918795e-13,4.4626043636651554e-20,True,height_function,"{""curvature"": -4.673161195918795e-13, ""curvature_source"": ""cartesian-ghf"", ""ghf_diagnostic"": ""complete three-column height function"", ""ghf_direction"": ""x"", ""ghf_fit_points"": 0, ""ghf_height_points"": 3, ""ghf_independent_points"": 3, ""ghf_method"": ""height_function"", ""interval_count"": 1, ""objective"": 4.4626043636651554e-20, ""optimizer_message"": ""CONVERGENCE: NORM_OF_PROJECTED_GRADIENT_<=_PGTOL"", ""optimizer_success"": true}"
PLVIRA,PLVIRA,zalesak,4,128,60,74,reconstructed,0.30690989955564874,0.3069098995556488,5.551115123125783e-17,-1.2730512504925657e-06,0.0,1.2730512504925657e-06,1.9254890919777375e-12,True,height_function,"{""curvature"": -1.2730512504925657e-06, ""curvature_source"": ""cartesian-ghf"", ""ghf_diagnostic"": ""complete three-column height function"", ""ghf_direction"": ""y"", ""ghf_fit_points"": 0, ""ghf_height_points"": 3, ""ghf_independent_points"": 3, ""ghf_method"": ""height_function"", ""interval_count"": 1, ""objective"": 1.9254890919777375e-12, ""optimizer_message"": ""CONVERGENCE: NORM_OF_PROJECTED_GRADIENT_<=_PGTOL"", ""optimizer_success"": true}"
PLVIRA,PLVIRA,zalesak,4,128,60,75,reconstructed,0.6058931955769822,0.6058931955769821,1.1102230246251565e-16,-1.273051250746912e-06,0.0,1.273051250746912e-06,9.192657193589682e-12,True,height_function,"{""curvature"": -1.273051250746912e-06, ""curvature_source"": ""cartesian-ghf"", ""ghf_diagnostic"": ""complete three-column height function"", ""ghf_direction"": ""y"", ""ghf_fit_points"": 0, ""ghf_height_points"": 3, ""ghf_independent_points"": 3, ""ghf_method"": ""height_function"", ""interval_count"": 1, ""objective"": 9.192657193589682e-12, ""optimizer_message"": ""CONVERGENCE: NORM_OF_PROJECTED_GRADIENT_<=_PGTOL"", ""optimizer_success"": true}"
PLVIRA,PLVIRA,zalesak,4,128,60,83,reconstructed,0.09942016628153993,0.09942016628153798,1.9567680809018384e-15,0.06673751695038921,0.06666666666666667,7.085028372254276e-05,1.0755995427514112e-11,True,height_function,"{""curvature"": 0.06673751695038921, ""curvature_source"": ""cartesian-ghf"", ""ghf_diagnostic"": ""complete three-column height function"", ""ghf_direction"": ""y"", ""ghf_fit_points"": 0, ""ghf_height_points"": 3, ""ghf_independent_points"": 3, ""ghf_method"": ""height_function"", ""interval_count"": 1, ""objective"": 1.0755995427514112e-11, ""optimizer_message"": ""CONVERGENCE: REL_REDUCTION_OF_F_<=_FACTR*EPSMCH"", ""optimizer_success"": true}"
PLVIRA,PLVIRA,zalesak,4,128,61,45,reconstructed,0.38301427048066916,0.3830142704806541,1.504352198367087e-14,0.06673618548957257,0.06666666666666667,6.951882290590072e-05,1.7955925910297676e-15,True,height_function,"{""curvature"": 0.06673618548957257, ""curvature_source"": ""cartesian-ghf"", ""ghf_diagnostic"": ""complete three-column height function"", ""ghf_direction"": ""y"", ""ghf_fit_points"": 0, ""ghf_height_points"": 3, ""ghf_independent_points"": 3, ""ghf_method"": ""height_function"", ""interval_count"": 1, ""objective"": 1.7955925910297676e-15, ""optimizer_message"": ""CONVERGENCE: REL_REDUCTION_OF_F_<=_FACTR*EPSMCH"", ""optimizer_success"": true}"
PLVIRA,PLVIRA,zalesak,4,128,61,62,reconstructed,0.4482206868030972,0.44822068680309707,1.1102230246251565e-16,1.7816093007696512e-16,0.0,1.7816093007696512e-16,4.7577142114204706e-17,True,height_function,"{""curvature"": 1.7816093007696512e-16, ""curvature_source"": ""cartesian-ghf"", ""ghf_diagnostic"": ""complete three-column height function"", ""ghf_direction"": ""x"", ""ghf_fit_points"": 0, ""ghf_height_points"": 3, ""ghf_independent_points"": 3, ""ghf_method"": ""height_function"", ""interval_count"": 1, ""objective"": 4.7577142114204706e-17, ""optimizer_message"": ""CONVERGENCE: REL_REDUCTION_OF_F_<=_FACTR*EPSMCH"", ""optimizer_success"": true}"
PLVIRA,PLVIRA,zalesak,4,128,61,63,reconstructed,0.04953130463945854,0.04953130463945851,2.7755575615628914e-17,-1.7816093007696512e-16,0.0,1.7816093007696512e-16,1.9960844867464673e-15,True,height_function,"{""curvature"": -1.7816093007696512e-16, ""curvature_source"": ""cartesian-ghf"", ""ghf_diagnostic"": ""complete three-column height function"", ""ghf_direction"": ""x"", ""ghf_fit_points"": 0, ""ghf_height_points"": 3, ""ghf_independent_points"": 3, ""ghf_method"": ""height_function"", ""interval_count"": 1, ""objective"": 1.9960844867464673e-15, ""optimizer_message"": ""CONVERGENCE: REL_REDUCTION_OF_F_<=_FACTR*EPSMCH"", ""optimizer_success"": true}"
PLVIRA,PLVIRA,zalesak,4,128,61,72,reconstructed,0.043022375351256414,0.043022375351256165,2.498001805406602e-16,2.3392530119111853e-13,0.0,2.3392530119111853e-13,2.435319263763144e-16,True,height_function,"{""curvature"": 2.3392530119111853e-13, ""curvature_source"": ""cartesian-ghf"", ""ghf_diagnostic"": ""complete three-column height function"", ""ghf_direction"": ""x"", ""ghf_fit_points"": 0, ""ghf_height_points"": 3, ""ghf_independent_points"": 3, ""ghf_method"": ""height_function"", ""interval_count"": 1, ""objective"": 2.435319263763144e-16, ""optimizer_message"": ""CONVERGENCE: REL_REDUCTION_OF_F_<=_FACTR*EPSMCH"", ""optimizer_success"": true}"
PLVIRA,PLVIRA,zalesak,4,128,61,73,reconstructed,0.4358008040032928,0.4358008040032928,0.0,-4.673161195918795e-13,0.0,4.673161195918795e-13,1.3945206719116466e-14,True,height_function,"{""curvature"": -4.673161195918795e-13, ""curvature_source"": ""cartesian-ghf"", ""ghf_diagnostic"": ""complete three-column height function"", ""ghf_direction"": ""x"", ""ghf_fit_points"": 0, ""ghf_height_points"": 3, ""ghf_independent_points"": 3, ""ghf_method"": ""height_function"", ""interval_count"": 1, ""objective"": 1.3945206719116466e-14, ""optimizer_message"": ""CONVERGENCE: REL_REDUCTION_OF_F_<=_FACTR*EPSMCH"", ""optimizer_success"": true}"
PLVIRA,PLVIRA,zalesak,4,128,61,83,reconstructed,0.20787254826099044,0.20787254826101564,2.5202062658991053e-14,0.06673618548979825,0.06666666666666667,6.951882313158131e-05,1.5215495556252602e-14,True,height_function,"{""curvature"": 0.06673618548979825, ""curvature_source"": ""cartesian-ghf"", ""ghf_diagnostic"": ""complete three-column height function"", ""ghf_direction"": ""y"", ""ghf_fit_points"": 0, ""ghf_height_points"": 3, ""ghf_independent_points"": 3, ""ghf_method"": ""height_function"", ""interval_count"": 1, ""objective"": 1.5215495556252602e-14, ""optimizer_message"": ""CONVERGENCE: NORM_OF_PROJECTED_GRADIENT_<=_PGTOL"", ""optimizer_success"": true}"
PLVIRA,PLVIRA,zalesak,4,128,62,45,reconstructed,0.4585537970837387,0.4585537970836833,5.540012892879531e-14,0.06673528044516763,0.06666666666666667,6.861377850096717e-05,5.090533496883501e-15,True,height_function,"{""curvature"": 0.06673528044516763, ""curvature_source"": ""cartesian-ghf"", ""ghf_diagnostic"": ""complete three-column height function"", ""ghf_direction"": ""y"", ""ghf_fit_points"": 0, ""ghf_height_points"": 3, ""ghf_independent_points"": 3, ""ghf_method"": ""height_function"", ""interval_count"": 1, ""objective"": 5.090533496883501e-15, ""optimizer_message"": ""CONVERGENCE: REL_REDUCTION_OF_F_<=_FACTR*EPSMCH"", ""optimizer_success"": true}"
PLVIRA,PLVIRA,zalesak,4,128,62,60,reconstructed,0.6076855889489252,0.6076855889489258,5.551115123125783e-16,-2.3303449654060713e-13,0.0,2.3303449654060713e-13,7.556771127564315e-19,True,height_function,"{""curvature"": -2.3303449654060713e-13, ""curvature_source"": ""cartesian-ghf"", ""ghf_diagnostic"": ""complete three-column height function"", ""ghf_direction"": ""x"", ""ghf_fit_points"": 0, ""ghf_height_points"": 3, ""ghf_independent_points"": 3, ""ghf_method"": ""height_function"", ""interval_count"": 1, ""objective"": 7.556771127564315e-19, ""optimizer_message"": ""CONVERGENCE: NORM_OF_PROJECTED_GRADIENT_<=_PGTOL"", ""optimizer_success"": true}"
PLVIRA,PLVIRA,zalesak,4,128,62,61,reconstructed,0.3216880503134689,0.3216880503134689,0.0,-3.563218601539302e-16,0.0,3.563218601539302e-16,4.114533875627587e-21,True,height_function,"{""curvature"": -3.563218601539302e-16, ""curvature_source"": ""cartesian-ghf"", ""ghf_diagnostic"": ""complete three-column height function"", ""ghf_direction"": ""x"", ""ghf_fit_points"": 0, ""ghf_height_points"": 3, ""ghf_independent_points"": 3, ""ghf_method"": ""height_function"", ""interval_count"": 1, ""objective"": 4.114533875627587e-21, ""optimizer_message"": ""CONVERGENCE: NORM_OF_PROJECTED_GRADIENT_<=_PGTOL"", ""optimizer_success"": true}"
PLVIRA,PLVIRA,zalesak,4,128,62,62,reconstructed,0.007303687551939219,0.007303687551938977,2.419939248987646e-16,1.7816093007696512e-16,0.0,1.7816093007696512e-16,2.2184296363121237e-21,True,height_function,"{""curvature"": 1.7816093007696512e-16, ""curvature_source"": ""cartesian-ghf"", ""ghf_diagnostic"": ""complete three-column height function"", ""ghf_direction"": ""x"", ""ghf_fit_points"": 0, ""ghf_height_points"": 3, ""ghf_independent_points"": 3, ""ghf_method"": ""height_function"", ""interval_count"": 1, ""objective"": 2.2184296363121237e-21, ""optimizer_message"": ""CONVERGENCE: NORM_OF_PROJECTED_GRADIENT_<=_PGTOL"", ""optimizer_success"": true}"
PLVIRA,PLVIRA,zalesak,4,128,62,71,reconstructed,0.11868923419501697,0.11868923419501694,2.7755575615628914e-17,2.3339081840076085e-13,0.0,2.3339081840076085e-13,1.0204376937431135e-15,True,height_function,"{""curvature"": 2.3339081840076085e-13, ""curvature_source"": ""cartesian-ghf"", ""ghf_diagnostic"": ""complete three-column height function"", ""ghf_direction"": ""x"", ""ghf_fit_points"": 0, ""ghf_height_points"": 3, ""ghf_independent_points"": 3, ""ghf_method"": ""height_function"", ""interval_count"": 1, ""objective"": 1.0204376937431135e-15, ""optimizer_message"": ""CONVERGENCE: REL_REDUCTION_OF_F_<=_FACTR*EPSMCH"", ""optimizer_success"": true}"
PLVIRA,PLVIRA,zalesak,4,128,62,72,reconstructed,0.5315601722875272,0.531560172287538,1.0880185641326534e-14,2.3392530119111853e-13,0.0,2.3392530119111853e-13,1.129702942749146e-14,True,height_function,"{""curvature"": 2.3392530119111853e-13, ""curvature_source"": ""cartesian-ghf"", ""ghf_diagnostic"": ""complete three-column height function"", ""ghf_direction"": ""x"", ""ghf_fit_points"": 0, ""ghf_height_points"": 3, ""ghf_independent_points"": 3, ""ghf_method"": ""height_function"", ""interval_count"": 1, ""objective"": 1.129702942749146e-14, ""optimizer_message"": ""CONVERGENCE: REL_REDUCTION_OF_F_<=_FACTR*EPSMCH"", ""optimizer_success"": true}"
PLVIRA,PLVIRA,zalesak,4,128,62,83,reconstructed,0.28341207486406095,0.28341207486406617,5.218048215738236e-15,0.06673528044540723,0.06666666666666667,6.861377874056718e-05,2.338610042777102e-16,True,height_function,"{""curvature"": 0.06673528044540723, ""curvature_source"": ""cartesian-ghf"", ""ghf_diagnostic"": ""complete three-column height function"", ""ghf_direction"": ""y"", ""ghf_fit_points"": 0, ""ghf_height_points"": 3, ""ghf_independent_points"": 3, ""ghf_method"": ""height_function"", ""interval_count"": 1, ""objective"": 2.338610042777102e-16, ""optimizer_message"": ""CONVERGENCE: REL_REDUCTION_OF_F_<=_FACTR*EPSMCH"", ""optimizer_success"": true}"
PLVIRA,PLVIRA,zalesak,4,128,63,45,reconstructed,0.5018182679322098,0.5018182679322098,0.0,0.06673477013414642,0.06666666666666667,6.810346747974927e-05,7.005683379597335e-16,True,height_function,"{""curvature"": 0.06673477013414642, ""curvature_source"": ""cartesian-ghf"", ""ghf_diagnostic"": ""complete three-column height function"", ""ghf_direction"": ""y"", ""ghf_fit_points"": 0, ""ghf_height_points"": 3, ""ghf_independent_points"": 3, ""ghf_method"": ""height_function"", ""interval_count"": 1, ""objective"": 7.005683379597335e-16, ""optimizer_message"": ""CONVERGENCE: NORM_OF_PROJECTED_GRADIENT_<=_PGTOL"", ""optimizer_success"": true}"
PLVIRA,PLVIRA,zalesak,4,128,63,59,reconstructed,0.5747333998633621,0.5747333998633547,7.438494264988549e-15,2.337471402609148e-13,0.0,2.337471402609148e-13,2.805108755845902e-18,True,height_function,"{""curvature"": 2.337471402609148e-13, ""curvature_source"": ""cartesian-ghf"", ""ghf_diagnostic"": ""complete three-column height function"", ""ghf_direction"": ""x"", ""ghf_fit_points"": 0, ""ghf_height_points"": 3, ""ghf_independent_points"": 3, ""ghf_method"": ""height_function"", ""interval_count"": 1, ""objective"": 2.805108755845902e-18, ""optimizer_message"": ""CONVERGENCE: NORM_OF_PROJECTED_GRADIENT_<=_PGTOL"", ""optimizer_success"": true}"
PLVIRA,PLVIRA,zalesak,4,128,63,60,reconstructed,0.19051769982297628,0.19051769982297617,1.1102230246251565e-16,-2.3339081840076085e-13,0.0,2.3339081840076085e-13,4.35321461796235e-19,True,height_function,"{""curvature"": -2.3339081840076085e-13, ""curvature_source"": ""cartesian-ghf"", ""ghf_diagnostic"": ""complete three-column height function"", ""ghf_direction"": ""x"", ""ghf_fit_points"": 0, ""ghf_height_points"": 3, ""ghf_independent_points"": 3, ""ghf_method"": ""height_function"", ""interval_count"": 1, ""objective"": 4.35321461796235e-19, ""optimizer_message"": ""CONVERGENCE: NORM_OF_PROJECTED_GRADIENT_<=_PGTOL"", ""optimizer_success"": true}"
PLVIRA,PLVIRA,zalesak,4,128,63,70,reconstructed,0.23194599612520506,0.23194599612520495,1.1102230246251565e-16,-3.5632186015373716e-16,0.0,3.5632186015373716e-16,4.972367437395121e-19,True,height_function,"{""curvature"": -3.5632186015373716e-16, ""curvature_source"": ""cartesian-ghf"", ""ghf_diagnostic"": ""complete three-column height function"", ""ghf_direction"": ""x"", ""ghf_fit_points"": 0, ""ghf_height_points"": 3, ""ghf_independent_points"": 3, ""ghf_method"": ""height_function"", ""interval_count"": 1, ""objective"": 4.972367437395121e-19, ""optimizer_message"": ""CONVERGENCE: NORM_OF_PROJECTED_GRADIENT_<=_PGTOL"", ""optimizer_success"": true}"
PLVIRA,PLVIRA,zalesak,4,128,63,71,reconstructed,0.589729637485334,0.589729637485334,0.0,2.3339081840076085e-13,0.0,2.3339081840076085e-13,1.0478135365808455e-18,True,height_function,"{""curvature"": 2.3339081840076085e-13, ""curvature_source"": ""cartesian-ghf"", ""ghf_diagnostic"": ""complete three-column height function"", ""ghf_direction"": ""x"", ""ghf_fit_points"": 0, ""ghf_height_points"": 3, ""ghf_independent_points"": 3, ""ghf_method"": ""height_function"", ""interval_count"": 1, ""objective"": 1.0478135365808455e-18, ""optimizer_message"": ""CONVERGENCE: NORM_OF_PROJECTED_GRADIENT_<=_PGTOL"", ""optimizer_success"": true}"
PLVIRA,PLVIRA,zalesak,4,128,63,83,reconstructed,0.32667654571241833,0.3266765457124182,1.1102230246251565e-16,0.06673477013366981,0.06666666666666667,6.81034670031444e-05,2.279659290077666e-22,True,height_function,"{""curvature"": 0.06673477013366981, ""curvature_source"": ""cartesian-ghf"", ""ghf_diagnostic"": ""complete three-column height function"", ""ghf_direction"": ""y"", ""ghf_fit_points"": 0, ""ghf_height_points"": 3, ""ghf_independent_points"": 3, ""ghf_method"": ""height_function"", ""interval_count"": 1, ""objective"": 2.279659290077666e-22, ""optimizer_message"": ""CONVERGENCE: NORM_OF_PROJECTED_GRADIENT_<=_PGTOL"", ""optimizer_success"": true}"
PLVIRA,PLVIRA,zalesak,4,128,64,45,reconstructed,0.5131655372051434,0.5131655372051432,1.1102230246251565e-16,0.06673463724380331,0.06666666666666667,6.797057713664456e-05,6.70852275574731e-19,True,height_function,"{""curvature"": 0.06673463724380331, ""curvature_source"": ""cartesian-ghf"", ""ghf_diagnostic"": ""complete three-column height function"", ""ghf_direction"": ""y"", ""ghf_fit_points"": 0, ""ghf_height_points"": 3, ""ghf_independent_points"": 3, ""ghf_method"": ""height_function"", ""interval_count"": 1, ""objective"": 6.70852275574731e-19, ""optimizer_message"": ""CONVERGENCE: NORM_OF_PROJECTED_GRADIENT_<=_PGTOL"", ""optimizer_success"": true}"
PLVIRA,PLVIRA,zalesak,4,128,64,58,reconstructed,0.5041913076909168,0.5041913076909168,0.0,0.0,0.0,0.0,1.1565701230483959e-20,True,height_function,"{""curvature"": 0.0, ""curvature_source"": ""cartesian-ghf"", ""ghf_diagnostic"": ""complete three-column height function"", ""ghf_direction"": ""x"", ""ghf_fit_points"": 0, ""ghf_height_points"": 3, ""ghf_independent_points"": 3, ""ghf_method"": ""height_function"", ""interval_count"": 1, ""objective"": 1.1565701230483959e-20, ""optimizer_message"": ""CONVERGENCE: NORM_OF_PROJECTED_GRADIENT_<=_PGTOL"", ""optimizer_success"": true}"
PLVIRA,PLVIRA,zalesak,4,128,64,59,reconstructed,0.08963356486719931,0.08963356486719871,5.967448757360216e-16,2.337471402609148e-13,0.0,2.337471402609148e-13,2.8408578178610752e-15,True,height_function,"{""curvature"": 2.337471402609148e-13, ""curvature_source"": ""cartesian-ghf"", ""ghf_diagnostic"": ""complete three-column height function"", ""ghf_direction"": ""x"", ""ghf_fit_points"": 0, ""ghf_height_points"": 3, ""ghf_independent_points"": 3, ""ghf_method"": ""height_function"", ""interval_count"": 1, ""objective"": 2.8408578178610752e-15, ""optimizer_message"": ""CONVERGENCE: REL_REDUCTION_OF_F_<=_FACTR*EPSMCH"", ""optimizer_success"": true}"
PLVIRA,PLVIRA,zalesak,4,128,64,68,reconstructed,0.01705270387924429,0.017052703879243965,3.2612801348363973e-16,2.335689793309645e-13,0.0,2.335689793309645e-13,3.653018570894674e-18,True,height_function,"{""curvature"": 2.335689793309645e-13, ""curvature_source"": ""cartesian-ghf"", ""ghf_diagnostic"": ""complete three-column height function"", ""ghf_direction"": ""x"", ""ghf_fit_points"": 0, ""ghf_height_points"": 3, ""ghf_independent_points"": 3, ""ghf_method"": ""height_function"", ""interval_count"": 1, ""objective"": 3.653018570894674e-18, ""optimizer_message"": ""CONVERGENCE: NORM_OF_PROJECTED_GRADIENT_<=_PGTOL"", ""optimizer_success"": true}"
PLVIRA,PLVIRA,zalesak,4,128,64,69,reconstructed,0.3657399572630311,0.3657399572630311,0.0,-4.667816368016487e-13,0.0,4.667816368016487e-13,2.539794168213339e-17,True,height_function,"{""curvature"": -4.667816368016487e-13, ""curvature_source"": ""cartesian-ghf"", ""ghf_diagnostic"": ""complete three-column height function"", ""ghf_direction"": ""x"", ""ghf_fit_points"": 0, ""ghf_height_points"": 3, ""ghf_independent_points"": 3, ""ghf_method"": ""height_function"", ""interval_count"": 1, ""objective"": 2.539794168213339e-17, ""optimizer_message"": ""CONVERGENCE: REL_REDUCTION_OF_F_<=_FACTR*EPSMCH"", ""optimizer_success"": true}"
PLVIRA,PLVIRA,zalesak,4,128,64,70,reconstructed,0.610309199596486,0.6103091995964861,1.1102230246251565e-16,-3.5632186015373716e-16,0.0,3.5632186015373716e-16,2.5011791619255507e-17,True,height_function,"{""curvature"": -3.5632186015373716e-16, ""curvature_source"": ""cartesian-ghf"", ""ghf_diagnostic"": ""complete three-column height function"", ""ghf_direction"": ""x"", ""ghf_fit_points"": 0, ""ghf_height_points"": 3, ""ghf_independent_points"": 3, ""ghf_method"": ""height_function"", ""interval_count"": 1, ""objective"": 2.5011791619255507e-17, ""optimizer_message"": ""CONVERGENCE: REL_REDUCTION_OF_F_<=_FACTR*EPSMCH"", ""optimizer_success"": true}"
PLVIRA,PLVIRA,zalesak,4,128,64,83,reconstructed,0.3380238149854655,0.3380238149867606,1.2950751582252451e-12,0.06673463724451907,0.06666666666666667,6.797057785240534e-05,4.462036921081907e-24,True,height_function,"{""curvature"": 0.06673463724451907, ""curvature_source"": ""cartesian-ghf"", ""ghf_diagnostic"": ""complete three-column height function"", ""ghf_direction"": ""y"", ""ghf_fit_points"": 0, ""ghf_height_points"": 3, ""ghf_independent_points"": 3, ""ghf_method"": ""height_function"", ""interval_count"": 1, ""objective"": 4.462036921081907e-24, ""optimizer_message"": ""CONVERGENCE: NORM_OF_PROJECTED_GRADIENT_<=_PGTOL"", ""optimizer_success"": true}"
PLVIRA,PLVIRA,zalesak,4,128,65,45,reconstructed,0.49268858170682517,0.49268858170681545,9.71445146547012e-15,0.06673487733896524,0.06666666666666667,6.821067229857702e-05,1.794634278833341e-15,True,height_function,"{""curvature"": 0.06673487733896524, ""curvature_source"": ""cartesian-ghf"", ""ghf_diagnostic"": ""complete three-column height function"", ""ghf_direction"": ""y"", ""ghf_fit_points"": 0, ""ghf_height_points"": 3, ""ghf_independent_points"": 3, ""ghf_method"": ""height_function"", ""interval_count"": 1, ""objective"": 1.794634278833341e-15, ""optimizer_message"": ""CONVERGENCE: NORM_OF_PROJECTED_GRADIENT_<=_PGTOL"", ""optimizer_success"": true}"
PLVIRA,PLVIRA,zalesak,4,128,65,57,reconstructed,0.3960593124322713,0.39605931243227127,5.551115123125783e-17,-2.33568979330838e-13,0.0,2.33568979330838e-13,2.8233120825654956e-22,True,height_function,"{""curvature"": -2.33568979330838e-13, ""curvature_source"": ""cartesian-ghf"", ""ghf_diagnostic"": ""complete three-column height function"", ""ghf_direction"": ""x"", ""ghf_fit_points"": 0, ""ghf_height_points"": 3, ""ghf_independent_points"": 3, ""ghf_method"": ""height_function"", ""interval_count"": 1, ""objective"": 2.8233120825654956e-22, ""optimizer_message"": ""CONVERGENCE: NORM_OF_PROJECTED_GRADIENT_<=_PGTOL"", ""optimizer_success"": true}"
PLVIRA,PLVIRA,zalesak,4,128,65,58,reconstructed,0.026339332998077225,0.02633933299807728,5.551115123125783e-17,0.0,0.0,0.0,6.61495382797652e-17,True,height_function,"{""curvature"": 0.0, ""curvature_source"": ""cartesian-ghf"", ""ghf_diagnostic"": ""complete three-column height function"", ""ghf_direction"": ""x"", ""ghf_fit_points"": 0, ""ghf_height_points"": 3, ""ghf_independent_points"": 3, ""ghf_method"": ""height_function"", ""interval_count"": 1, ""objective"": 6.61495382797652e-17, ""optimizer_message"": ""CONVERGENCE: REL_REDUCTION_OF_F_<=_FACTR*EPSMCH"", ""optimizer_success"": true}"
PLVIRA,PLVIRA,zalesak,4,128,65,67,reconstructed,0.07165294794140209,0.0716529479414021,1.3877787807814457e-17,2.3339081840076095e-13,0.0,2.3339081840076095e-13,1.5512792526054356e-14,True,height_function,"{""curvature"": 2.3339081840076095e-13, ""curvature_source"": ""cartesian-ghf"", ""ghf_diagnostic"": ""complete three-column height function"", ""ghf_direction"": ""x"", ""ghf_fit_points"": 0, ""ghf_height_points"": 3, ""ghf_independent_points"": 3, ""ghf_method"": ""height_function"", ""interval_count"": 1, ""objective"": 1.5512792526054356e-14, ""optimizer_message"": ""CONVERGENCE: REL_REDUCTION_OF_F_<=_FACTR*EPSMCH"", ""optimizer_success"": true}"
PLVIRA,PLVIRA,zalesak,4,128,65,68,reconstructed,0.4825235774255816,0.4825235774255816,0.0,2.335689793309645e-13,0.0,2.335689793309645e-13,1.0251526150919203e-14,True,height_function,"{""curvature"": 2.335689793309645e-13, ""curvature_source"": ""cartesian-ghf"", ""ghf_diagnostic"": ""complete three-column height function"", ""ghf_direction"": ""x"", ""ghf_fit_points"": 0, ""ghf_height_points"": 3, ""ghf_independent_points"": 3, ""ghf_method"": ""height_function"", ""interval_count"": 1, ""objective"": 1.0251526150919203e-14, ""optimizer_message"": ""CONVERGENCE: REL_REDUCTION_OF_F_<=_FACTR*EPSMCH"", ""optimizer_success"": true}"
PLVIRA,PLVIRA,zalesak,4,128,65,83,reconstructed,0.3175468594869199,0.31754685948696026,4.035660694512444e-14,0.06673487733801536,0.06666666666666667,6.821067134869796e-05,8.567065737243426e-20,True,height_function,"{""curvature"": 0.06673487733801536, ""curvature_source"": ""cartesian-ghf"", ""ghf_diagnostic"": ""complete three-column height function"", ""ghf_direction"": ""y"", ""ghf_fit_points"": 0, ""ghf_height_points"": 3, ""ghf_independent_points"": 3, ""ghf_method"": ""height_function"", ""interval_count"": 1, ""objective"": 8.567065737243426e-20, ""optimizer_message"": ""CONVERGENCE: NORM_OF_PROJECTED_GRADIENT_<=_PGTOL"", ""optimizer_success"": true}"
PLVIRA,PLVIRA,zalesak,4,128,66,45,reconstructed,0.4402193539863069,0.44021935398631856,1.1657341758564144e-14,0.06673549845882093,0.06666666666666667,6.883179215426416e-05,6.227511393220964e-15,True,height_function,"{""curvature"": 0.06673549845882093, ""curvature_source"": ""cartesian-ghf"", ""ghf_diagnostic"": ""complete three-column height function"", ""ghf_direction"": ""y"", ""ghf_fit_points"": 0, ""ghf_height_points"": 3, ""ghf_independent_points"": 3, ""ghf_method"": ""height_function"", ""interval_count"": 1, ""objective"": 6.227511393220964e-15, ""optimizer_message"": ""CONVERGENCE: REL_REDUCTION_OF_F_<=_FACTR*EPSMCH"", ""optimizer_success"": true}"
PLVIRA,PLVIRA,zalesak,4,128,66,55,reconstructed,0.597830983980657,0.597830983980657,0.0,-2.3356897933083783e-13,0.0,2.3356897933083783e-13,1.121849415559862e-15,True,height_function,"{""curvature"": -2.3356897933083783e-13, ""curvature_source"": ""cartesian-ghf"", ""ghf_diagnostic"": ""complete three-column height function"", ""ghf_direction"": ""x"", ""ghf_fit_points"": 0, ""ghf_height_points"": 3, ""ghf_independent_points"": 3, ""ghf_method"": ""height_function"", ""interval_count"": 1, ""objective"": 1.121849415559862e-15, ""optimizer_message"": ""CONVERGENCE: REL_REDUCTION_OF_F_<=_FACTR*EPSMCH"", ""optimizer_success"": true}"
PLVIRA,PLVIRA,zalesak,4,128,66,56,reconstructed,0.26285799260608655,0.26285799260608655,0.0,2.3339081840076095e-13,0.0,2.3339081840076095e-13,1.076900485655981e-15,True,height_function,"{""curvature"": 2.3339081840076095e-13, ""curvature_source"": ""cartesian-ghf"", ""ghf_diagnostic"": ""complete three-column height function"", ""ghf_direction"": ""x"", ""ghf_fit_points"": 0, ""ghf_height_points"": 3, ""ghf_independent_points"": 3, ""ghf_method"": ""height_function"", ""interval_count"": 1, ""objective"": 1.076900485655981e-15, ""optimizer_message"": ""CONVERGENCE: REL_REDUCTION_OF_F_<=_FACTR*EPSMCH"", ""optimizer_success"": true}"
PLVIRA,PLVIRA,zalesak,4,128,66,57,reconstructed,0.000635004215155277,0.0006350042151552979,2.0816681711721685e-17,-2.33568979330838e-13,0.0,2.33568979330838e-13,1.0716557283891612e-17,True,height_function,"{""curvature"": -2.33568979330838e-13, ""curvature_source"": ""cartesian-ghf"", ""ghf_diagnostic"": ""complete three-column height function"", ""ghf_direction"": ""x"", ""ghf_fit_points"": 0, ""ghf_height_points"": 3, ""ghf_independent_points"": 3, ""ghf_method"": ""height_function"", ""interval_count"": 1, ""objective"": 1.0716557283891612e-17, ""optimizer_message"": ""CONVERGENCE: NORM_OF_PROJECTED_GRADIENT_<=_PGTOL"", ""optimizer_success"": true}"
PLVIRA,PLVIRA,zalesak,4,128,66,66,reconstructed,0.1638430950899874,0.16384309508998737,2.7755575615628914e-17,-4.667816368016485e-13,0.0,4.667816368016485e-13,1.1671269423691935e-16,True,height_function,"{""curvature"": -4.667816368016485e-13, ""curvature_source"": ""cartesian-ghf"", ""ghf_diagnostic"": ""complete three-column height function"", ""ghf_direction"": ""x"", ""ghf_fit_points"": 0, ""ghf_height_points"": 3, ""ghf_independent_points"": 3, ""ghf_method"": ""height_function"", ""interval_count"": 1, ""objective"": 1.1671269423691935e-16, ""optimizer_message"": ""CONVERGENCE: REL_REDUCTION_OF_F_<=_FACTR*EPSMCH"", ""optimizer_success"": true}"
PLVIRA,PLVIRA,zalesak,4,128,66,67,reconstructed,0.5617596574049912,0.5617596574049912,0.0,2.33568979330838e-13,0.0,2.33568979330838e-13,1.5732620813087832e-15,True,height_function,"{""curvature"": 2.33568979330838e-13, ""curvature_source"": ""cartesian-ghf"", ""ghf_diagnostic"": ""complete three-column height function"", ""ghf_direction"": ""x"", ""ghf_fit_points"": 0, ""ghf_height_points"": 3, ""ghf_independent_points"": 3, ""ghf_method"": ""height_function"", ""interval_count"": 1, ""objective"": 1.5732620813087832e-15, ""optimizer_message"": ""CONVERGENCE: REL_REDUCTION_OF_F_<=_FACTR*EPSMCH"", ""optimizer_success"": true}"
PLVIRA,PLVIRA,zalesak,4,128,66,83,reconstructed,0.2650776317666299,0.2650776317666309,9.992007221626409e-16,0.06673549845906346,0.06666666666666667,6.883179239679238e-05,1.0256858218422928e-15,True,height_function,"{""curvature"": 0.06673549845906346, ""curvature_source"": ""cartesian-ghf"", ""ghf_diagnostic"": ""complete three-column height function"", ""ghf_direction"": ""y"", ""ghf_fit_points"": 0, ""ghf_height_points"": 3, ""ghf_independent_points"": 3, ""ghf_method"": ""height_function"", ""interval_count"": 1, ""objective"": 1.0256858218422928e-15, ""optimizer_message"": ""CONVERGENCE: REL_REDUCTION_OF_F_<=_FACTR*EPSMCH"", ""optimizer_success"": true}"
PLVIRA,PLVIRA,zalesak,4,128,67,45,reconstructed,0.35532179958716004,0.3553217995871527,7.327471962526033e-15,0.06673652182653479,0.06666666666666667,6.985515986812629e-05,1.355491010878678e-16,True,height_function,"{""curvature"": 0.06673652182653479, ""curvature_source"": ""cartesian-ghf"", ""ghf_diagnostic"": ""complete three-column height function"", ""ghf_direction"": ""y"", ""ghf_fit_points"": 0, ""ghf_height_points"": 3, ""ghf_independent_points"": 3, ""ghf_method"": ""height_function"", ""interval_count"": 1, ""objective"": 1.355491010878678e-16, ""optimizer_message"": ""CONVERGENCE: REL_REDUCTION_OF_F_<=_FACTR*EPSMCH"", ""optimizer_success"": true}"
PLVIRA,PLVIRA,zalesak,4,128,67,54,reconstructed,0.5483555065902692,0.5483555065902692,0.0,-1.781609300768684e-16,0.0,1.781609300768684e-16,1.227277897430709e-14,True,height_function,"{""curvature"": -1.781609300768684e-16, ""curvature_source"": ""cartesian-ghf"", ""ghf_diagnostic"": ""complete three-column height function"", ""ghf_direction"": ""x"", ""ghf_fit_points"": 0, ""ghf_height_points"": 3, ""ghf_independent_points"": 3, ""ghf_method"": ""height_function"", ""interval_count"": 1, ""objective"": 1.227277897430709e-14, ""optimizer_message"": ""CONVERGENCE: REL_REDUCTION_OF_F_<=_FACTR*EPSMCH"", ""optimizer_success"": true}"
PLVIRA,PLVIRA,zalesak,4,128,67,55,reconstructed,0.1415422470838621,0.14154224708386703,4.9404924595819466e-15,-2.3356897933083783e-13,0.0,2.3356897933083783e-13,4.9434300896479515e-20,True,height_function,"{""curvature"": -2.3356897933083783e-13, ""curvature_source"": ""cartesian-ghf"", ""ghf_diagnostic"": ""complete three-column height function"", ""ghf_direction"": ""x"", ""ghf_fit_points"": 0, ""ghf_height_points"": 3, ""ghf_independent_points"": 3, ""ghf_method"": ""height_function"", ""interval_count"": 1, ""objective"": 4.9434300896479515e-20, ""optimizer_message"": ""CONVERGENCE: NORM_OF_PROJECTED_GRADIENT_<=_PGTOL"", ""optimizer_success"": true}"
PLVIRA,PLVIRA,zalesak,4,128,67,64,reconstructed,0.002889454395926805,0.002889454395926694,1.1102230246251565e-16,2.337471402607881e-13,0.0,2.337471402607881e-13,5.716667741346652e-19,True,height_function,"{""curvature"": 2.337471402607881e-13, ""curvature_source"": ""cartesian-ghf"", ""ghf_diagnostic"": ""complete three-column height function"", ""ghf_direction"": ""x"", ""ghf_fit_points"": 0, ""ghf_height_points"": 3, ""ghf_independent_points"": 3, ""ghf_method"": ""height_function"", ""interval_count"": 1, ""objective"": 5.716667741346652e-19, ""optimizer_message"": ""CONVERGENCE: NORM_OF_PROJECTED_GRADIENT_<=_PGTOL"", ""optimizer_success"": true}"
PLVIRA,PLVIRA,zalesak,4,128,67,65,reconstructed,0.29073369092952817,0.2907336909295281,5.551115123125783e-17,4.667816368016485e-13,0.0,4.667816368016485e-13,5.319938707004205e-21,True,height_function,"{""curvature"": 4.667816368016485e-13, ""curvature_source"": ""cartesian-ghf"", ""ghf_diagnostic"": ""complete three-column height function"", ""ghf_direction"": ""x"", ""ghf_fit_points"": 0, ""ghf_height_points"": 3, ""ghf_independent_points"": 3, ""ghf_method"": ""height_function"", ""interval_count"": 1, ""objective"": 5.319938707004205e-21, ""optimizer_message"": ""CONVERGENCE: NORM_OF_PROJECTED_GRADIENT_<=_PGTOL"", ""optimizer_success"": true}"
PLVIRA,PLVIRA,zalesak,4,128,67,66,reconstructed,0.603405834297746,0.6034058342977467,7.771561172376096e-16,-4.667816368016485e-13,0.0,4.667816368016485e-13,3.5367671960724475e-21,True,height_function,"{""curvature"": -4.667816368016485e-13, ""curvature_source"": ""cartesian-ghf"", ""ghf_diagnostic"": ""complete three-column height function"", ""ghf_direction"": ""x"", ""ghf_fit_points"": 0, ""ghf_height_points"": 3, ""ghf_independent_points"": 3, ""ghf_method"": ""height_function"", ""interval_count"": 1, ""objective"": 3.5367671960724475e-21, ""optimizer_message"": ""CONVERGENCE: NORM_OF_PROJECTED_GRADIENT_<=_PGTOL"", ""optimizer_success"": true}"
PLVIRA,PLVIRA,zalesak,4,128,67,83,reconstructed,0.1801800773675959,0.1801800773675978,1.915134717478395e-15,0.06673652182708287,0.06666666666666667,6.985516041620177e-05,5.206071918215745e-12,True,height_function,"{""curvature"": 0.06673652182708287, ""curvature_source"": ""cartesian-ghf"", ""ghf_diagnostic"": ""complete three-column height function"", ""ghf_direction"": ""y"", ""ghf_fit_points"": 0, ""ghf_height_points"": 3, ""ghf_independent_points"": 3, ""ghf_method"": ""height_function"", ""interval_count"": 1, ""objective"": 5.206071918215745e-12, ""optimizer_message"": ""CONVERGENCE: REL_REDUCTION_OF_F_<=_FACTR*EPSMCH"", ""optimizer_success"": true}"
PLVIRA,PLVIRA,zalesak,4,128,68,45,reconstructed,0.23727334883626747,0.23727334883626097,6.494804694057166e-15,0.06673798371416455,0.06666666666666667,7.131704749788192e-05,4.3651954023993145e-13,True,height_function,"{""curvature"": 0.06673798371416455, ""curvature_source"": ""cartesian-ghf"", ""ghf_diagnostic"": ""complete three-column height function"", ""ghf_direction"": ""y"", ""ghf_fit_points"": 0, ""ghf_height_points"": 3, ""ghf_independent_points"": 3, ""ghf_method"": ""height_function"", ""interval_count"": 1, ""objective"": 4.3651954023993145e-13, ""optimizer_message"": ""CONVERGENCE: REL_REDUCTION_OF_F_<=_FACTR*EPSMCH"", ""optimizer_success"": true}"
PLVIRA,PLVIRA,zalesak,4,128,68,53,reconstructed,0.46129012611299913,0.4612901261129979,1.2212453270876722e-15,7.007069379928935e-13,0.0,7.007069379928935e-13,2.9731130058591013e-21,True,height_function,"{""curvature"": 7.007069379928935e-13, ""curvature_source"": ""cartesian-ghf"", ""ghf_diagnostic"": ""complete three-column height function"", ""ghf_direction"": ""x"", ""ghf_fit_points"": 0, ""ghf_height_points"": 3, ""ghf_independent_points"": 3, ""ghf_method"": ""height_function"", ""interval_count"": 1, ""objective"": 2.9731130058591013e-21, ""optimizer_message"": ""CONVERGENCE: NORM_OF_PROJECTED_GRADIENT_<=_PGTOL"", ""optimizer_success"": true}"
PLVIRA,PLVIRA,zalesak,4,128,68,54,reconstructed,0.057181400432909875,0.057181400432909826,4.85722573273506e-17,0.0,0.0,0.0,7.79379919765575e-15,True,height_function,"{""curvature"": 0.0, ""curvature_source"": ""cartesian-ghf"", ""ghf_diagnostic"": ""complete three-column height function"", ""ghf_direction"": ""x"", ""ghf_fit_points"": 0, ""ghf_height_points"": 3, ""ghf_independent_points"": 3, ""ghf_method"": ""height_function"", ""interval_count"": 1, ""objective"": 7.79379919765575e-15, ""optimizer_message"": ""CONVERGENCE: REL_REDUCTION_OF_F_<=_FACTR*EPSMCH"", ""optimizer_success"": true}"
PLVIRA,PLVIRA,zalesak,4,128,68,63,reconstructed,0.036423083676254464,0.036423083676246595,7.868705687030797e-15,-9.342759173236048e-13,0.0,9.342759173236048e-13,5.427510859973587e-18,True,height_function,"{""curvature"": -9.342759173236048e-13, ""curvature_source"": ""cartesian-ghf"", ""ghf_diagnostic"": ""complete three-column height function"", ""ghf_direction"": ""x"", ""ghf_fit_points"": 0, ""ghf_height_points"": 3, ""ghf_independent_points"": 3, ""ghf_method"": ""height_function"", ""interval_count"": 1, ""objective"": 5.427510859973587e-18, ""optimizer_message"": ""CONVERGENCE: NORM_OF_PROJECTED_GRADIENT_<=_PGTOL"", ""optimizer_success"": true}"
PLVIRA,PLVIRA,zalesak,4,128,68,64,reconstructed,0.4216805605749414,0.4216805605749414,0.0,2.337471402607881e-13,0.0,2.337471402607881e-13,1.6950208568723347e-19,True,height_function,"{""curvature"": 2.337471402607881e-13, ""curvature_source"": ""cartesian-ghf"", ""ghf_diagnostic"": ""complete three-column height function"", ""ghf_direction"": ""x"", ""ghf_fit_points"": 0, ""ghf_height_points"": 3, ""ghf_independent_points"": 3, ""ghf_method"": ""height_function"", ""interval_count"": 1, ""objective"": 1.6950208568723347e-19, ""optimizer_message"": ""CONVERGENCE: NORM_OF_PROJECTED_GRADIENT_<=_PGTOL"", ""optimizer_success"": true}"
PLVIRA,PLVIRA,zalesak,4,128,68,82,reconstructed,0.6101304120242049,0.6101304120242065,1.5543122344752192e-15,0.06673798371410859,0.06666666666666667,7.131704744192668e-05,2.6258426450031925e-12,True,height_function,"{""curvature"": 0.06673798371410859, ""curvature_source"": ""cartesian-ghf"", ""ghf_diagnostic"": ""complete three-column height function"", ""ghf_direction"": ""y"", ""ghf_fit_points"": 0, ""ghf_height_points"": 3, ""ghf_independent_points"": 3, ""ghf_method"": ""height_function"", ""interval_count"": 1, ""objective"": 2.6258426450031925e-12, ""optimizer_message"": ""CONVERGENCE: NORM_OF_PROJECTED_GRADIENT_<=_PGTOL"", ""optimizer_success"": true}"
PLVIRA,PLVIRA,zalesak,4,128,68,83,reconstructed,0.06235277709233866,0.06235277709233608,2.581268532253489e-15,0.06673798371410859,0.06666666666666667,7.131704744192668e-05,7.769735681713291e-13,True,height_function,"{""curvature"": 0.06673798371410859, ""curvature_source"": ""cartesian-ghf"", ""ghf_diagnostic"": ""complete three-column height function"", ""ghf_direction"": ""y"", ""ghf_fit_points"": 0, ""ghf_height_points"": 3, ""ghf_independent_points"": 3, ""ghf_method"": ""height_function"", ""interval_count"": 1, ""objective"": 7.769735681713291e-13, ""optimizer_message"": ""CONVERGENCE: REL_REDUCTION_OF_F_<=_FACTR*EPSMCH"", ""optimizer_success"": true}"
PLVIRA,PLVIRA,zalesak,4,128,69,45,reconstructed,0.08505414571687187,0.08505414571687671,4.8433479449272454e-15,0.06673993883197724,0.06666666666666667,7.327216531057001e-05,2.691872951452843e-12,True,height_function,"{""curvature"": 0.06673993883197724, ""curvature_source"": ""cartesian-ghf"", ""ghf_diagnostic"": ""complete three-column height function"", ""ghf_direction"": ""y"", ""ghf_fit_points"": 0, ""ghf_height_points"": 3, ""ghf_independent_points"": 3, ""ghf_method"": ""height_function"", ""interval_count"": 1, ""objective"": 2.691872951452843e-12, ""optimizer_message"": ""CONVERGENCE: REL_REDUCTION_OF_F_<=_FACTR*EPSMCH"", ""optimizer_success"": true}"
PLVIRA,PLVIRA,zalesak,4,128,69,46,reconstructed,0.6103304161013096,0.6103304161013093,2.220446049250313e-16,0.06673993883197724,0.06666666666666667,7.327216531057001e-05,1.0031004247190912e-11,True,height_function,"{""curvature"": 0.06673993883197724, ""curvature_source"": ""cartesian-ghf"", ""ghf_diagnostic"": ""complete three-column height function"", ""ghf_direction"": ""y"", ""ghf_fit_points"": 0, ""ghf_height_points"": 3, ""ghf_independent_points"": 3, ""ghf_method"": ""height_function"", ""interval_count"": 1, ""objective"": 1.0031004247190912e-11, ""optimizer_message"": ""CONVERGENCE: NORM_OF_PROJECTED_GRADIENT_<=_PGTOL"", ""optimizer_success"": true}"
PLVIRA,PLVIRA,zalesak,4,128,69,51,reconstructed,0.6091221461090299,0.60912214610903,1.1102230246251565e-16,-1.7816093007686848e-16,0.0,1.7816093007686848e-16,4.7642564605176895e-18,True,height_function,"{""curvature"": -1.7816093007686848e-16, ""curvature_source"": ""cartesian-ghf"", ""ghf_diagnostic"": ""complete three-column height function"", ""ghf_direction"": ""x"", ""ghf_fit_points"": 0, ""ghf_height_points"": 3, ""ghf_independent_points"": 3, ""ghf_method"": ""height_function"", ""interval_count"": 1, ""objective"": 4.7642564605176895e-18, ""optimizer_message"": ""CONVERGENCE: NORM_OF_PROJECTED_GRADIENT_<=_PGTOL"", ""optimizer_success"": true}"
PLVIRA,PLVIRA,zalesak,4,128,69,52,reconstructed,0.33786425893981686,0.33786425893981686,0.0,-7.005287770628166e-13,0.0,7.005287770628166e-13,2.6845371436092754e-22,True,height_function,"{""curvature"": -7.005287770628166e-13, ""curvature_source"": ""cartesian-ghf"", ""ghf_diagnostic"": ""complete three-column height function"", ""ghf_direction"": ""x"", ""ghf_fit_points"": 0, ""ghf_height_points"": 3, ""ghf_independent_points"": 3, ""ghf_method"": ""height_function"", ""interval_count"": 1, ""objective"": 2.6845371436092754e-22, ""optimizer_message"": ""CONVERGENCE: NORM_OF_PROJECTED_GRADIENT_<=_PGTOL"", ""optimizer_success"": true}"
PLVIRA,PLVIRA,zalesak,4,128,69,53,reconstructed,0.010410456868839901,0.010410456868839887,1.3877787807814457e-17,7.007069379928935e-13,0.0,7.007069379928935e-13,3.2369014189112867e-23,True,height_function,"{""curvature"": 7.007069379928935e-13, ""curvature_source"": ""cartesian-ghf"", ""ghf_diagnostic"": ""complete three-column height function"", ""ghf_direction"": ""x"", ""ghf_fit_points"": 0, ""ghf_height_points"": 3, ""ghf_independent_points"": 3, ""ghf_method"": ""height_function"", ""interval_count"": 1, ""objective"": 3.2369014189112867e-23, ""optimizer_message"": ""CONVERGENCE: NORM_OF_PROJECTED_GRADIENT_<=_PGTOL"", ""optimizer_success"": true}"
PLVIRA,PLVIRA,zalesak,4,128,69,62,reconstructed,0.10754661604369176,0.10754661604369178,2.7755575615628914e-17,7.005287770628166e-13,0.0,7.005287770628166e-13,2.737238711782848e-24,True,height_function,"{""curvature"": 7.005287770628166e-13, ""curvature_source"": ""cartesian-ghf"", ""ghf_diagnostic"": ""complete three-column height function"", ""ghf_direction"": ""x"", ""ghf_fit_points"": 0, ""ghf_height_points"": 3, ""ghf_independent_points"": 3, ""ghf_method"": ""height_function"", ""interval_count"": 1, ""objective"": 2.737238711782848e-24, ""optimizer_message"": ""CONVERGENCE: NORM_OF_PROJECTED_GRADIENT_<=_PGTOL"", ""optimizer_success"": true}"
PLVIRA,PLVIRA,zalesak,4,128,69,63,reconstructed,0.5219832553357264,0.5219832553357272,7.771561172376096e-16,-9.342759173236048e-13,0.0,9.342759173236048e-13,3.734144047445867e-15,True,height_function,"{""curvature"": -9.342759173236048e-13, ""curvature_source"": ""cartesian-ghf"", ""ghf_diagnostic"": ""complete three-column height function"", ""ghf_direction"": ""x"", ""ghf_fit_points"": 0, ""ghf_height_points"": 3, ""ghf_independent_points"": 3, ""ghf_method"": ""height_function"", ""interval_count"": 1, ""objective"": 3.734144047445867e-15, ""optimizer_message"": ""CONVERGENCE: REL_REDUCTION_OF_F_<=_FACTR*EPSMCH"", ""optimizer_success"": true}"
PLVIRA,PLVIRA,zalesak,4,128,69,82,reconstructed,0.5202428395983212,0.5202428395983039,1.7319479184152442e-14,0.06673993883179848,0.06666666666666667,7.327216513181023e-05,2.742182146359562e-12,True,height_function,"{""curvature"": 0.06673993883179848, ""curvature_source"": ""cartesian-ghf"", ""ghf_diagnostic"": ""complete three-column height function"", ""ghf_direction"": ""y"", ""ghf_fit_points"": 0, ""ghf_height_points"": 3, ""ghf_independent_points"": 3, ""ghf_method"": ""height_function"", ""interval_count"": 1, ""objective"": 2.742182146359562e-12, ""optimizer_message"": ""CONVERGENCE: NORM_OF_PROJECTED_GRADIENT_<=_PGTOL"", ""optimizer_success"": true}"
PLVIRA,PLVIRA,zalesak,4,128,70,46,reconstructed,0.5075441163291243,0.5075441163291209,3.4416913763379853e-15,0.06674246584380632,0.06666666666666667,7.579917713965156e-05,3.017298497471394e-12,True,height_function,"{""curvature"": 0.06674246584380632, ""curvature_source"": ""cartesian-ghf"", ""ghf_diagnostic"": ""complete three-column height function"", ""ghf_direction"": ""y"", ""ghf_fit_points"": 0, ""ghf_height_points"": 3, ""ghf_independent_points"": 3, ""ghf_method"": ""height_function"", ""interval_count"": 1, ""objective"": 3.017298497471394e-12, ""optimizer_message"": ""CONVERGENCE: NORM_OF_PROJECTED_GRADIENT_<=_PGTOL"", ""optimizer_success"": true}"
PLVIRA,PLVIRA,zalesak,4,128,70,50,reconstructed,0.5807132835000175,0.5807132835000176,1.1102230246251565e-16,2.3356897933083783e-13,0.0,2.3356897933083783e-13,1.0930739198154286e-21,True,height_function,"{""curvature"": 2.3356897933083783e-13, ""curvature_source"": ""cartesian-ghf"", ""ghf_diagnostic"": ""complete three-column height function"", ""ghf_direction"": ""x"", ""ghf_fit_points"": 0, ""ghf_height_points"": 3, ""ghf_independent_points"": 3, ""ghf_method"": ""height_function"", ""interval_count"": 1, ""objective"": 1.0930739198154286e-21, ""optimizer_message"": ""CONVERGENCE: NORM_OF_PROJECTED_GRADIENT_<=_PGTOL"", ""optimizer_success"": true}"
PLVIRA,PLVIRA,zalesak,4,128,70,51,reconstructed,0.2052573512894469,0.20525735128944683,5.551115123125783e-17,-1.7816093007686848e-16,0.0,1.7816093007686848e-16,4.754293015954231e-16,True,height_function,"{""curvature"": -1.7816093007686848e-16, ""curvature_source"": ""cartesian-ghf"", ""ghf_diagnostic"": ""complete three-column height function"", ""ghf_direction"": ""x"", ""ghf_fit_points"": 0, ""ghf_height_points"": 3, ""ghf_independent_points"": 3, ""ghf_method"": ""height_function"", ""interval_count"": 1, ""objective"": 4.754293015954231e-16, ""optimizer_message"": ""CONVERGENCE: REL_REDUCTION_OF_F_<=_FACTR*EPSMCH"", ""optimizer_success"": true}"
PLVIRA,PLVIRA,zalesak,4,128,70,61,reconstructed,0.21626005149710179,0.21626005149710173,5.551115123125783e-17,-2.3339081840076095e-13,0.0,2.3339081840076095e-13,1.1899737095416221e-21,True,height_function,"{""curvature"": -2.3339081840076095e-13, ""curvature_source"": ""cartesian-ghf"", ""ghf_diagnostic"": ""complete three-column height function"", ""ghf_direction"": ""x"", ""ghf_fit_points"": 0, ""ghf_height_points"": 3, ""ghf_independent_points"": 3, ""ghf_method"": ""height_function"", ""interval_count"": 1, ""objective"": 1.1899737095416221e-21, ""optimizer_message"": ""CONVERGENCE: NORM_OF_PROJECTED_GRADIENT_<=_PGTOL"", ""optimizer_success"": true}"
PLVIRA,PLVIRA,zalesak,4,128,70,62,reconstructed,0.5846960470103113,0.5846960470103113,0.0,7.005287770628166e-13,0.0,7.005287770628166e-13,3.479093115596353e-18,True,height_function,"{""curvature"": 7.005287770628166e-13, ""curvature_source"": ""cartesian-ghf"", ""ghf_diagnostic"": ""complete three-column height function"", ""ghf_direction"": ""x"", ""ghf_fit_points"": 0, ""ghf_height_points"": 3, ""ghf_independent_points"": 3, ""ghf_method"": ""height_function"", ""interval_count"": 1, ""objective"": 3.479093115596353e-18, ""optimizer_message"": ""CONVERGENCE: NORM_OF_PROJECTED_GRADIENT_<=_PGTOL"", ""optimizer_success"": true}"
PLVIRA,PLVIRA,zalesak,4,128,70,82,reconstructed,0.3324023941092191,0.3324023941092236,4.496403249731884e-15,0.0667424658432807,0.06666666666666667,7.579917661403035e-05,1.0967178050396224e-11,True,height_function,"{""curvature"": 0.0667424658432807, ""curvature_source"": ""cartesian-ghf"", ""ghf_diagnostic"": ""complete three-column height function"", ""ghf_direction"": ""y"", ""ghf_fit_points"": 0, ""ghf_height_points"": 3, ""ghf_independent_points"": 3, ""ghf_method"": ""height_function"", ""interval_count"": 1, ""objective"": 1.0967178050396224e-11, ""optimizer_message"": ""CONVERGENCE: NORM_OF_PROJECTED_GRADIENT_<=_PGTOL"", ""optimizer_success"": true}"
PLVIRA,PLVIRA,zalesak,4,128,71,46,reconstructed,0.2822568904323406,0.2822568904323405,1.1102230246251565e-16,0.13719528723211666,0.06666666666666667,0.07052862056544999,0.0018297392054541202,True,mixed_height_parabola,"{""curvature"": 0.13719528723211666, ""curvature_source"": ""cartesian-ghf"", ""ghf_diagnostic"": ""parabola fit to consistent heights from both directions"", ""ghf_direction"": null, ""ghf_fit_points"": 4, ""ghf_height_points"": 4, ""ghf_independent_points"": 3, ""ghf_method"": ""mixed_height_parabola"", ""interval_count"": 1, ""objective"": 0.0018297392054541202, ""optimizer_message"": ""CONVERGENCE: REL_REDUCTION_OF_F_<=_FACTR*EPSMCH"", ""optimizer_success"": true}"
PLVIRA,PLVIRA,zalesak,4,128,71,49,reconstructed,0.5147145178045776,0.5147145178045778,2.220446049250313e-16,1.7816093007696512e-16,0.0,1.7816093007696512e-16,4.626615820420774e-16,True,height_function,"{""curvature"": 1.7816093007696512e-16, ""curvature_source"": ""cartesian-ghf"", ""ghf_diagnostic"": ""complete three-column height function"", ""ghf_direction"": ""x"", ""ghf_fit_points"": 0, ""ghf_height_points"": 3, ""ghf_independent_points"": 3, ""ghf_method"": ""height_function"", ""interval_count"": 1, ""objective"": 4.626615820420774e-16, ""optimizer_message"": ""CONVERGENCE: REL_REDUCTION_OF_F_<=_FACTR*EPSMCH"", ""optimizer_success"": true}"
PLVIRA,PLVIRA,zalesak,4,128,71,50,reconstructed,0.09982988985711927,0.09982988985711928,1.3877787807814457e-17,2.3356897933083783e-13,0.0,2.3356897933083783e-13,5.5110452700229084e-17,True,height_function,"{""curvature"": 2.3356897933083783e-13, ""curvature_source"": ""cartesian-ghf"", ""ghf_diagnostic"": ""complete three-column height function"", ""ghf_direction"": ""x"", ""ghf_fit_points"": 0, ""ghf_height_points"": 3, ""ghf_independent_points"": 3, ""ghf_method"": ""height_function"", ""interval_count"": 1, ""objective"": 5.5110452700229084e-17, ""optimizer_message"": ""CONVERGENCE: REL_REDUCTION_OF_F_<=_FACTR*EPSMCH"", ""optimizer_success"": true}"
PLVIRA,PLVIRA,zalesak,4,128,71,59,reconstructed,0.012999641400483597,0.012999641400483583,1.3877787807814457e-17,2.3356897933083783e-13,0.0,2.3356897933083783e-13,6.732468886833634e-16,True,height_function,"{""curvature"": 2.3356897933083783e-13, ""curvature_source"": ""cartesian-ghf"", ""ghf_diagnostic"": ""complete three-column height function"", ""ghf_direction"": ""x"", ""ghf_fit_points"": 0, ""ghf_height_points"": 3, ""ghf_independent_points"": 3, ""ghf_method"": ""height_function"", ""interval_count"": 1, ""objective"": 6.732468886833634e-16, ""optimizer_message"": ""CONVERGENCE: REL_REDUCTION_OF_F_<=_FACTR*EPSMCH"", ""optimizer_success"": true}"
PLVIRA,PLVIRA,zalesak,4,128,71,60,reconstructed,0.34956374863691053,0.34956374863691064,1.1102230246251565e-16,0.0,0.0,0.0,7.568839119569508e-16,True,height_function,"{""curvature"": 0.0, ""curvature_source"": ""cartesian-ghf"", ""ghf_diagnostic"": ""complete three-column height function"", ""ghf_direction"": ""x"", ""ghf_fit_points"": 0, ""ghf_height_points"": 3, ""ghf_independent_points"": 3, ""ghf_method"": ""height_function"", ""interval_count"": 1, ""objective"": 7.568839119569508e-16, ""optimizer_message"": ""CONVERGENCE: REL_REDUCTION_OF_F_<=_FACTR*EPSMCH"", ""optimizer_success"": true}"
PLVIRA,PLVIRA,zalesak,4,128,71,61,reconstructed,0.6098189355982413,0.6098189355982412,1.1102230246251565e-16,-2.3339081840076095e-13,0.0,2.3339081840076095e-13,1.2386468973578687e-17,True,height_function,"{""curvature"": -2.3339081840076095e-13, ""curvature_source"": ""cartesian-ghf"", ""ghf_diagnostic"": ""complete three-column height function"", ""ghf_direction"": ""x"", ""ghf_fit_points"": 0, ""ghf_height_points"": 3, ""ghf_independent_points"": 3, ""ghf_method"": ""height_function"", ""interval_count"": 1, ""objective"": 1.2386468973578687e-17, ""optimizer_message"": ""CONVERGENCE: NORM_OF_PROJECTED_GRADIENT_<=_PGTOL"", ""optimizer_success"": true}"
PLVIRA,PLVIRA,zalesak,4,128,71,81,reconstructed,0.6096977647750819,0.6096977647750803,1.5543122344752192e-15,0.06674567615390785,0.06666666666666667,7.900948724118284e-05,6.046643874531306e-11,True,height_function,"{""curvature"": 0.06674567615390785, ""curvature_source"": ""cartesian-ghf"", ""ghf_diagnostic"": ""complete three-column height function"", ""ghf_direction"": ""y"", ""ghf_fit_points"": 0, ""ghf_height_points"": 3, ""ghf_independent_points"": 3, ""ghf_method"": ""height_function"", ""interval_count"": 1, ""objective"": 6.046643874531306e-11, ""optimizer_message"": ""CONVERGENCE: NORM_OF_PROJECTED_GRADIENT_<=_PGTOL"", ""optimizer_success"": true}"
PLVIRA,PLVIRA,zalesak,4,128,71,82,reconstructed,0.1077689659376091,0.1077689659376158,6.702971511174383e-15,0.06674567615390785,0.06666666666666667,7.900948724118284e-05,5.539559769980661e-12,True,height_function,"{""curvature"": 0.06674567615390785, ""curvature_source"": ""cartesian-ghf"", ""ghf_diagnostic"": ""complete three-column height function"", ""ghf_direction"": ""y"", ""ghf_fit_points"": 0, ""ghf_height_points"": 3, ""ghf_independent_points"": 3, ""ghf_method"": ""height_function"", ""interval_count"": 1, ""objective"": 5.539559769980661e-12, ""optimizer_message"": ""CONVERGENCE: NORM_OF_PROJECTED_GRADIENT_<=_PGTOL"", ""optimizer_success"": true}"
PLVIRA,PLVIRA,zalesak,4,128,72,46,reconstructed,0.04493218488823647,0.04493218488823646,1.3877787807814457e-17,0.0,0.06666666666666667,0.06666666666666667,0.046898776299056,True,degenerate_zero,"{""curvature"": 0.0, ""curvature_source"": ""cartesian-ghf"", ""ghf_diagnostic"": ""fewer than three independent 3x3 PLIC fragment centroids"", ""ghf_direction"": null, ""ghf_fit_points"": 4, ""ghf_height_points"": 3, ""ghf_independent_points"": 1, ""ghf_method"": ""degenerate_zero"", ""interval_count"": 1, ""objective"": 0.046898776299056, ""optimizer_message"": ""CONVERGENCE: REL_REDUCTION_OF_F_<=_FACTR*EPSMCH"", ""optimizer_success"": true}"
PLVIRA,PLVIRA,zalesak,4,128,72,47,reconstructed,0.5825540523415609,0.5825540523415608,1.1102230246251565e-16,1.7125536374056225,0.06666666666666667,1.6458869707389558,0.04881975015421404,True,height_function,"{""curvature"": 1.7125536374056225, ""curvature_source"": ""cartesian-ghf"", ""ghf_diagnostic"": ""complete three-column height function"", ""ghf_direction"": ""x"", ""ghf_fit_points"": 0, ""ghf_height_points"": 3, ""ghf_independent_points"": 3, ""ghf_method"": ""height_function"", ""interval_count"": 2, ""objective"": 0.04881975015421404, ""optimizer_message"": ""CONVERGENCE: NORM_OF_PROJECTED_GRADIENT_<=_PGTOL"", ""optimizer_success"": true}"
PLVIRA,PLVIRA,zalesak,4,128,72,48,reconstructed,0.4111258490224827,0.4111258490224904,7.66053886991358e-15,0.2261084872096479,0.0,0.2261084872096479,0.004684485244523771,True,height_function,"{""curvature"": 0.2261084872096479, ""curvature_source"": ""cartesian-ghf"", ""ghf_diagnostic"": ""complete three-column height function"", ""ghf_direction"": ""x"", ""ghf_fit_points"": 0, ""ghf_height_points"": 3, ""ghf_independent_points"": 3, ""ghf_method"": ""height_function"", ""interval_count"": 1, ""objective"": 0.004684485244523771, ""optimizer_message"": ""CONVERGENCE: NORM_OF_PROJECTED_GRADIENT_<=_PGTOL"", ""optimizer_success"": true}"
PLVIRA,PLVIRA,zalesak,4,128,72,49,reconstructed,0.03199233151099179,0.03199233151099176,2.7755575615628914e-17,0.0,0.0,0.0,5.578774626485459e-20,True,height_function,"{""curvature"": 0.0, ""curvature_source"": ""cartesian-ghf"", ""ghf_diagnostic"": ""complete three-column height function"", ""ghf_direction"": ""x"", ""ghf_fit_points"": 0, ""ghf_height_points"": 3, ""ghf_independent_points"": 3, ""ghf_method"": ""height_function"", ""interval_count"": 1, ""objective"": 5.578774626485459e-20, ""optimizer_message"": ""CONVERGENCE: NORM_OF_PROJECTED_GRADIENT_<=_PGTOL"", ""optimizer_success"": true}"
PLVIRA,PLVIRA,zalesak,4,128,72,58,reconstructed,0.06305655898586338,0.06305655898586332,5.551115123125783e-17,-2.3356897933083783e-13,0.0,2.3356897933083783e-13,1.312128429241751e-14,True,height_function,"{""curvature"": -2.3356897933083783e-13, ""curvature_source"": ""cartesian-ghf"", ""ghf_diagnostic"": ""complete three-column height function"", ""ghf_direction"": ""x"", ""ghf_fit_points"": 0, ""ghf_height_points"": 3, ""ghf_independent_points"": 3, ""ghf_method"": ""height_function"", ""interval_count"": 1, ""objective"": 1.312128429241751e-14, ""optimizer_message"": ""CONVERGENCE: REL_REDUCTION_OF_F_<=_FACTR*EPSMCH"", ""optimizer_success"": true}"
PLVIRA,PLVIRA,zalesak,4,128,72,59,reconstructed,0.47040043127799436,0.4704004312779876,6.772360450213455e-15,2.3356897933083783e-13,0.0,2.3356897933083783e-13,7.657940855602068e-17,True,height_function,"{""curvature"": 2.3356897933083783e-13, ""curvature_source"": ""cartesian-ghf"", ""ghf_diagnostic"": ""complete three-column height function"", ""ghf_direction"": ""x"", ""ghf_fit_points"": 0, ""ghf_height_points"": 3, ""ghf_independent_points"": 3, ""ghf_method"": ""height_function"", ""interval_count"": 1, ""objective"": 7.657940855602068e-17, ""optimizer_message"": ""CONVERGENCE: REL_REDUCTION_OF_F_<=_FACTR*EPSMCH"", ""optimizer_success"": true}"
PLVIRA,PLVIRA,zalesak,4,128,72,81,reconstructed,0.4523445150101608,0.4523445150101614,5.551115123125783e-16,0.06674972799486796,0.06666666666666667,8.306132820129486e-05,8.723687074210059e-12,True,height_function,"{""curvature"": 0.06674972799486796, ""curvature_source"": ""cartesian-ghf"", ""ghf_diagnostic"": ""complete three-column height function"", ""ghf_direction"": ""y"", ""ghf_fit_points"": 0, ""ghf_height_points"": 3, ""ghf_independent_points"": 3, ""ghf_method"": ""height_function"", ""interval_count"": 1, ""objective"": 8.723687074210059e-12, ""optimizer_message"": ""CONVERGENCE: REL_REDUCTION_OF_F_<=_FACTR*EPSMCH"", ""optimizer_success"": true}"
PLVIRA,PLVIRA,zalesak,4,128,73,47,reconstructed,0.12783651215492764,0.12783651215492733,3.0531133177191805e-16,1.7125536374056225,0.06666666666666667,1.6458869707389558,0.07178138186729836,True,height_function,"{""curvature"": 1.7125536374056225, ""curvature_source"": ""cartesian-ghf"", ""ghf_diagnostic"": ""complete three-column height function"", ""ghf_direction"": ""x"", ""ghf_fit_points"": 0, ""ghf_height_points"": 3, ""ghf_independent_points"": 3, ""ghf_method"": ""height_function"", ""interval_count"": 1, ""objective"": 0.07178138186729836, ""optimizer_message"": ""CONVERGENCE: REL_REDUCTION_OF_F_<=_FACTR*EPSMCH"", ""optimizer_success"": true}"
PLVIRA,PLVIRA,zalesak,4,128,73,48,reconstructed,0.001744676251519195,0.0017446762515192851,9.020562075079397e-17,0.2261084872096479,0.0,0.2261084872096479,0.012301231594451725,True,height_function,"{""curvature"": 0.2261084872096479, ""curvature_source"": ""cartesian-ghf"", ""ghf_diagnostic"": ""complete three-column height function"", ""ghf_direction"": ""x"", ""ghf_fit_points"": 0, ""ghf_height_points"": 3, ""ghf_independent_points"": 3, ""ghf_method"": ""height_function"", ""interval_count"": 1, ""objective"": 0.012301231594451725, ""optimizer_message"": ""CONVERGENCE: NORM_OF_PROJECTED_GRADIENT_<=_PGTOL"", ""optimizer_success"": true}"
PLVIRA,PLVIRA,zalesak,4,128,73,57,reconstructed,0.15070337965789804,0.15070337965789884,8.049116928532385e-16,2.3339081840076095e-13,0.0,2.3339081840076095e-13,1.637361142415096e-20,True,height_function,"{""curvature"": 2.3339081840076095e-13, ""curvature_source"": ""cartesian-ghf"", ""ghf_diagnostic"": ""complete three-column height function"", ""ghf_direction"": ""x"", ""ghf_fit_points"": 0, ""ghf_height_points"": 3, ""ghf_independent_points"": 3, ""ghf_method"": ""height_function"", ""interval_count"": 1, ""objective"": 1.637361142415096e-20, ""optimizer_message"": ""CONVERGENCE: NORM_OF_PROJECTED_GRADIENT_<=_PGTOL"", ""optimizer_success"": true}"
PLVIRA,PLVIRA,zalesak,4,128,73,58,reconstructed,0.5541798377339546,0.5541798377339546,0.0,-2.3356897933083783e-13,0.0,2.3356897933083783e-13,6.844130027671775e-15,True,height_function,"{""curvature"": -2.3356897933083783e-13, ""curvature_source"": ""cartesian-ghf"", ""ghf_diagnostic"": ""complete three-column height function"", ""ghf_direction"": ""x"", ""ghf_fit_points"": 0, ""ghf_height_points"": 3, ""ghf_independent_points"": 3, ""ghf_method"": ""height_function"", ""interval_count"": 1, ""objective"": 6.844130027671775e-15, ""optimizer_message"": ""CONVERGENCE: REL_REDUCTION_OF_F_<=_FACTR*EPSMCH"", ""optimizer_success"": true}"
PLVIRA,PLVIRA,zalesak,4,128,73,80,reconstructed,0.6094701305532196,0.6094701305532199,2.220446049250313e-16,0.06675484962611625,0.06666666666666667,8.818295944958143e-05,2.5918518802287423e-10,True,height_function,"{""curvature"": 0.06675484962611625, ""curvature_source"": ""cartesian-ghf"", ""ghf_diagnostic"": ""complete three-column height function"", ""ghf_direction"": ""y"", ""ghf_fit_points"": 0, ""ghf_height_points"": 3, ""ghf_independent_points"": 3, ""ghf_method"": ""height_function"", ""interval_count"": 1, ""objective"": 2.5918518802287423e-10, ""optimizer_message"": ""CONVERGENCE: REL_REDUCTION_OF_F_<=_FACTR*EPSMCH"", ""optimizer_success"": true}"
PLVIRA,PLVIRA,zalesak,4,128,73,81,reconstructed,0.14518913676848744,0.14518913676848827,8.326672684688674e-16,0.06675484962611625,0.06666666666666667,8.818295944958143e-05,1.1162303652661948e-11,True,height_function,"{""curvature"": 0.06675484962611625, ""curvature_source"": ""cartesian-ghf"", ""ghf_diagnostic"": ""complete three-column height function"", ""ghf_direction"": ""y"", ""ghf_fit_points"": 0, ""ghf_height_points"": 3, ""ghf_independent_points"": 3, ""ghf_method"": ""height_function"", ""interval_count"": 1, ""objective"": 1.1162303652661948e-11, ""optimizer_message"": ""CONVERGENCE: REL_REDUCTION_OF_F_<=_FACTR*EPSMCH"", ""optimizer_success"": true}"
PLVIRA,PLVIRA,zalesak,4,128,74,55,reconstructed,0.0013826211134073674,0.0013826211134073708,3.469446951953614e-18,4.671379586618024e-13,0.0,4.671379586618024e-13,3.890946610268097e-18,True,height_function,"{""curvature"": 4.671379586618024e-13, ""curvature_source"": ""cartesian-ghf"", ""ghf_diagnostic"": ""complete three-column height function"", ""ghf_direction"": ""x"", ""ghf_fit_points"": 0, ""ghf_height_points"": 3, ""ghf_independent_points"": 3, ""ghf_method"": ""height_function"", ""interval_count"": 1, ""objective"": 3.890946610268097e-18, ""optimizer_message"": ""CONVERGENCE: NORM_OF_PROJECTED_GRADIENT_<=_PGTOL"", ""optimizer_success"": true}"
PLVIRA,PLVIRA,zalesak,4,128,74,56,reconstructed,0.2745574823027255,0.27455748230272553,5.551115123125783e-17,-4.669597977317256e-13,0.0,4.669597977317256e-13,4.0444931054809925e-22,True,height_function,"{""curvature"": -4.669597977317256e-13, ""curvature_source"": ""cartesian-ghf"", ""ghf_diagnostic"": ""complete three-column height function"", ""ghf_direction"": ""x"", ""ghf_fit_points"": 0, ""ghf_height_points"": 3, ""ghf_independent_points"": 3, ""ghf_method"": ""height_function"", ""interval_count"": 1, ""objective"": 4.0444931054809925e-22, ""optimizer_message"": ""CONVERGENCE: NORM_OF_PROJECTED_GRADIENT_<=_PGTOL"", ""optimizer_success"": true}"
PLVIRA,PLVIRA,zalesak,4,128,74,57,reconstructed,0.6003693411034874,0.6003693411034874,0.0,2.3339081840076095e-13,0.0,2.3339081840076095e-13,5.67715580867578e-23,True,height_function,"{""curvature"": 2.3339081840076095e-13, ""curvature_source"": ""cartesian-ghf"", ""ghf_diagnostic"": ""complete three-column height function"", ""ghf_direction"": ""x"", ""ghf_fit_points"": 0, ""ghf_height_points"": 3, ""ghf_independent_points"": 3, ""ghf_method"": ""height_function"", ""interval_count"": 1, ""objective"": 5.67715580867578e-23, ""optimizer_message"": ""CONVERGENCE: NORM_OF_PROJECTED_GRADIENT_<=_PGTOL"", ""optimizer_success"": true}"
PLVIRA,PLVIRA,zalesak,4,128,74,80,reconstructed,0.3997147667873194,0.39971476678731854,8.326672684688674e-16,0.06676137912640749,0.06666666666666667,9.471245974082554e-05,7.878272816093149e-11,True,height_function,"{""curvature"": 0.06676137912640749, ""curvature_source"": ""cartesian-ghf"", ""ghf_diagnostic"": ""complete three-column height function"", ""ghf_direction"": ""y"", ""ghf_fit_points"": 0, ""ghf_height_points"": 3, ""ghf_independent_points"": 3, ""ghf_method"": ""height_function"", ""interval_count"": 1, ""objective"": 7.878272816093149e-11, ""optimizer_message"": ""CONVERGENCE: NORM_OF_PROJECTED_GRADIENT_<=_PGTOL"", ""optimizer_success"": true}"
PLVIRA,PLVIRA,zalesak,4,128,75,54,reconstructed,0.030372923916957006,0.030372923916956965,4.163336342344337e-17,-2.3356897933083783e-13,0.0,2.3356897933083783e-13,4.458076739267742e-21,True,height_function,"{""curvature"": -2.3356897933083783e-13, ""curvature_source"": ""cartesian-ghf"", ""ghf_diagnostic"": ""complete three-column height function"", ""ghf_direction"": ""x"", ""ghf_fit_points"": 0, ""ghf_height_points"": 3, ""ghf_independent_points"": 3, ""ghf_method"": ""height_function"", ""interval_count"": 1, ""objective"": 4.458076739267742e-21, ""optimizer_message"": ""CONVERGENCE: NORM_OF_PROJECTED_GRADIENT_<=_PGTOL"", ""optimizer_success"": true}"
PLVIRA,PLVIRA,zalesak,4,128,75,55,reconstructed,0.4070111852311129,0.40701118523111285,5.551115123125783e-17,4.671379586618024e-13,0.0,4.671379586618024e-13,1.9064603489604243e-16,True,height_function,"{""curvature"": 4.671379586618024e-13, ""curvature_source"": ""cartesian-ghf"", ""ghf_diagnostic"": ""complete three-column height function"", ""ghf_direction"": ""x"", ""ghf_fit_points"": 0, ""ghf_height_points"": 3, ""ghf_independent_points"": 3, ""ghf_method"": ""height_function"", ""interval_count"": 1, ""objective"": 1.9064603489604243e-16, ""optimizer_message"": ""CONVERGENCE: REL_REDUCTION_OF_F_<=_FACTR*EPSMCH"", ""optimizer_success"": true}"
PLVIRA,PLVIRA,zalesak,4,128,75,79,reconstructed,0.5522365313841866,0.5522365313841864,2.220446049250313e-16,0.06676983639207197,0.06666666666666667,0.00010316972540530545,1.7857424694254366e-10,True,height_function,"{""curvature"": 0.06676983639207197, ""curvature_source"": ""cartesian-ghf"", ""ghf_diagnostic"": ""complete three-column height function"", ""ghf_direction"": ""y"", ""ghf_fit_points"": 0, ""ghf_height_points"": 3, ""ghf_independent_points"": 3, ""ghf_method"": ""height_function"", ""interval_count"": 1, ""objective"": 1.7857424694254366e-10, ""optimizer_message"": ""CONVERGENCE: REL_REDUCTION_OF_F_<=_FACTR*EPSMCH"", ""optimizer_success"": true}"
PLVIRA,PLVIRA,zalesak,4,128,75,80,reconstructed,0.05073220158797387,0.050732201587973716,1.5265566588595902e-16,0.06676983639207197,0.06666666666666667,0.00010316972540530545,2.0579886247448438e-10,True,height_function,"{""curvature"": 0.06676983639207197, ""curvature_source"": ""cartesian-ghf"", ""ghf_diagnostic"": ""complete three-column height function"", ""ghf_direction"": ""y"", ""ghf_fit_points"": 0, ""ghf_height_points"": 3, ""ghf_independent_points"": 3, ""ghf_method"": ""height_function"", ""interval_count"": 1, ""objective"": 2.0579886247448438e-10, ""optimizer_message"": ""CONVERGENCE: REL_REDUCTION_OF_F_<=_FACTR*EPSMCH"", ""optimizer_success"": true}"
PLVIRA,PLVIRA,zalesak,4,128,76,53,reconstructed,0.0969531298073889,0.0969531298073888,1.1102230246251565e-16,1.1106416739510526e-13,0.0,1.1106416739510526e-13,2.6419229299345724e-16,True,height_function,"{""curvature"": 1.1106416739510526e-13, ""curvature_source"": ""cartesian-ghf"", ""ghf_diagnostic"": ""complete three-column height function"", ""ghf_direction"": ""y"", ""ghf_fit_points"": 0, ""ghf_height_points"": 3, ""ghf_independent_points"": 3, ""ghf_method"": ""height_function"", ""interval_count"": 1, ""objective"": 2.6419229299345724e-16, ""optimizer_message"": ""CONVERGENCE: REL_REDUCTION_OF_F_<=_FACTR*EPSMCH"", ""optimizer_success"": true}"
PLVIRA,PLVIRA,zalesak,4,128,76,54,reconstructed,0.5118572064689033,0.5118572064689034,1.1102230246251565e-16,-2.3356897933083783e-13,0.0,2.3356897933083783e-13,1.2231354869308515e-16,True,height_function,"{""curvature"": -2.3356897933083783e-13, ""curvature_source"": ""cartesian-ghf"", ""ghf_diagnostic"": ""complete three-column height function"", ""ghf_direction"": ""x"", ""ghf_fit_points"": 0, ""ghf_height_points"": 3, ""ghf_independent_points"": 3, ""ghf_method"": ""height_function"", ""interval_count"": 1, ""objective"": 1.2231354869308515e-16, ""optimizer_message"": ""CONVERGENCE: REL_REDUCTION_OF_F_<=_FACTR*EPSMCH"", ""optimizer_success"": true}"
PLVIRA,PLVIRA,zalesak,4,128,76,78,reconstructed,0.5970801308354527,0.5970801308354529,1.1102230246251565e-16,0.06678106324280987,0.06666666666666667,0.00011439657614320531,6.728491572524893e-10,True,height_function,"{""curvature"": 0.06678106324280987, ""curvature_source"": ""cartesian-ghf"", ""ghf_diagnostic"": ""complete three-column height function"", ""ghf_direction"": ""y"", ""ghf_fit_points"": 0, ""ghf_height_points"": 3, ""ghf_independent_points"": 3, ""ghf_method"": ""height_function"", ""interval_count"": 1, ""objective"": 6.728491572524893e-10, ""optimizer_message"": ""CONVERGENCE: REL_REDUCTION_OF_F_<=_FACTR*EPSMCH"", ""optimizer_success"": true}"
PLVIRA,PLVIRA,zalesak,4,128,76,79,reconstructed,0.1499540440135263,0.14995404401352735,1.0547118733938987e-15,0.06678106324280987,0.06666666666666667,0.00011439657614320531,9.804606930926138e-11,True,height_function,"{""curvature"": 0.06678106324280987, ""curvature_source"": ""cartesian-ghf"", ""ghf_diagnostic"": ""complete three-column height function"", ""ghf_direction"": ""y"", ""ghf_fit_points"": 0, ""ghf_height_points"": 3, ""ghf_independent_points"": 3, ""ghf_method"": ""height_function"", ""interval_count"": 1, ""objective"": 9.804606930926138e-11, ""optimizer_message"": ""CONVERGENCE: NORM_OF_PROJECTED_GRADIENT_<=_PGTOL"", ""optimizer_success"": true}"
PLVIRA,PLVIRA,zalesak,4,128,77,52,reconstructed,0.20112323878424831,0.2011232387842481,2.220446049250313e-16,0.09665107714399236,0.0,0.09665107714399236,0.002069757646419837,True,height_function,"{""curvature"": 0.09665107714399236, ""curvature_source"": ""cartesian-ghf"", ""ghf_diagnostic"": ""complete three-column height function"", ""ghf_direction"": ""y"", ""ghf_fit_points"": 0, ""ghf_height_points"": 3, ""ghf_independent_points"": 3, ""ghf_method"": ""height_function"", ""interval_count"": 1, ""objective"": 0.002069757646419837, ""optimizer_message"": ""CONVERGENCE: NORM_OF_PROJECTED_GRADIENT_<=_PGTOL"", ""optimizer_success"": true}"
PLVIRA,PLVIRA,zalesak,4,128,77,53,reconstructed,0.5791133246200388,0.5791133246200387,1.1102230246251565e-16,0.09665107714399236,0.0,0.09665107714399236,0.004839896054523013,True,height_function,"{""curvature"": 0.09665107714399236, ""curvature_source"": ""cartesian-ghf"", ""ghf_diagnostic"": ""complete three-column height function"", ""ghf_direction"": ""y"", ""ghf_fit_points"": 0, ""ghf_height_points"": 3, ""ghf_independent_points"": 3, ""ghf_method"": ""height_function"", ""interval_count"": 1, ""objective"": 0.004839896054523013, ""optimizer_message"": ""CONVERGENCE: REL_REDUCTION_OF_F_<=_FACTR*EPSMCH"", ""optimizer_success"": true}"
PLVIRA,PLVIRA,zalesak,4,128,77,77,reconstructed,0.6048688907860458,0.6048688907860457,1.1102230246251565e-16,0.06679652338141329,0.06666666666666667,0.00012985671474662064,1.2026465207969341e-09,True,height_function,"{""curvature"": 0.06679652338141329, ""curvature_source"": ""cartesian-ghf"", ""ghf_diagnostic"": ""complete three-column height function"", ""ghf_direction"": ""y"", ""ghf_fit_points"": 0, ""ghf_height_points"": 3, ""ghf_independent_points"": 3, ""ghf_method"": ""height_function"", ""interval_count"": 1, ""objective"": 1.2026465207969341e-09, ""optimizer_message"": ""CONVERGENCE: REL_REDUCTION_OF_F_<=_FACTR*EPSMCH"", ""optimizer_success"": true}"
PLVIRA,PLVIRA,zalesak,4,128,77,78,reconstructed,0.21731794773663005,0.21731794773663016,1.1102230246251565e-16,0.06679652338141329,0.06666666666666667,0.00012985671474662064,3.3866220293507233e-10,True,height_function,"{""curvature"": 0.06679652338141329, ""curvature_source"": ""cartesian-ghf"", ""ghf_diagnostic"": ""complete three-column height function"", ""ghf_direction"": ""y"", ""ghf_fit_points"": 0, ""ghf_height_points"": 3, ""ghf_independent_points"": 3, ""ghf_method"": ""height_function"", ""interval_count"": 1, ""objective"": 3.3866220293507233e-10, ""optimizer_message"": ""CONVERGENCE: NORM_OF_PROJECTED_GRADIENT_<=_PGTOL"", ""optimizer_success"": true}"
PLVIRA,PLVIRA,zalesak,4,128,78,51,reconstructed,0.1803201810627555,0.18032018106275657,1.0824674490095276e-15,2.3709575238482588,0.0,2.3709575238482588,0.00905215000706971,True,height_function,"{""curvature"": 2.3709575238482588, ""curvature_source"": ""cartesian-ghf"", ""ghf_diagnostic"": ""complete three-column height function"", ""ghf_direction"": ""y"", ""ghf_fit_points"": 0, ""ghf_height_points"": 3, ""ghf_independent_points"": 3, ""ghf_method"": ""height_function"", ""interval_count"": 1, ""objective"": 0.00905215000706971, ""optimizer_message"": ""CONVERGENCE: NORM_OF_PROJECTED_GRADIENT_<=_PGTOL"", ""optimizer_success"": true}"
PLVIRA,PLVIRA,zalesak,4,128,78,52,reconstructed,0.6087795396847469,0.6087795396847607,1.3877787807814457e-14,2.3709575238482588,0.0,2.3709575238482588,0.07741719975777712,True,height_function,"{""curvature"": 2.3709575238482588, ""curvature_source"": ""cartesian-ghf"", ""ghf_diagnostic"": ""complete three-column height function"", ""ghf_direction"": ""y"", ""ghf_fit_points"": 0, ""ghf_height_points"": 3, ""ghf_independent_points"": 3, ""ghf_method"": ""height_function"", ""interval_count"": 2, ""objective"": 0.07741719975777712, ""optimizer_message"": ""CONVERGENCE: NORM_OF_PROJECTED_GRADIENT_<=_PGTOL"", ""optimizer_success"": true}"
PLVIRA,PLVIRA,zalesak,4,128,78,76,reconstructed,0.5970825383495759,0.5970825383495759,0.0,0.06678106488832836,0.06666666666666667,0.00011439822166169067,6.729218562559303e-10,True,height_function,"{""curvature"": 0.06678106488832836, ""curvature_source"": ""cartesian-ghf"", ""ghf_diagnostic"": ""complete three-column height function"", ""ghf_direction"": ""x"", ""ghf_fit_points"": 0, ""ghf_height_points"": 3, ""ghf_independent_points"": 3, ""ghf_method"": ""height_function"", ""interval_count"": 1, ""objective"": 6.729218562559303e-10, ""optimizer_message"": ""CONVERGENCE: REL_REDUCTION_OF_F_<=_FACTR*EPSMCH"", ""optimizer_success"": true}"
PLVIRA,PLVIRA,zalesak,4,128,78,77,reconstructed,0.21732255954957932,0.2173225595495793,2.7755575615628914e-17,0.06679652569910134,0.06666666666666667,0.000129859032434676,3.3874936383529874e-10,True,height_function,"{""curvature"": 0.06679652569910134, ""curvature_source"": ""cartesian-ghf"", ""ghf_diagnostic"": ""complete three-column height function"", ""ghf_direction"": ""x"", ""ghf_fit_points"": 0, ""ghf_height_points"": 3, ""ghf_independent_points"": 3, ""ghf_method"": ""height_function"", ""interval_count"": 1, ""objective"": 3.3874936383529874e-10, ""optimizer_message"": ""CONVERGENCE: NORM_OF_PROJECTED_GRADIENT_<=_PGTOL"", ""optimizer_success"": true}"
PLVIRA,PLVIRA,zalesak,4,128,79,51,reconstructed,0.000982467077182636,0.0009824670771840516,1.4155343563970746e-15,0.20662933806914854,0.06666666666666667,0.13996267140248186,0.026705036522646212,True,height_function,"{""curvature"": 0.20662933806914854, ""curvature_source"": ""cartesian-ghf"", ""ghf_diagnostic"": ""complete three-column height function"", ""ghf_direction"": ""y"", ""ghf_fit_points"": 0, ""ghf_height_points"": 3, ""ghf_independent_points"": 3, ""ghf_method"": ""height_function"", ""interval_count"": 1, ""objective"": 0.026705036522646212, ""optimizer_message"": ""CONVERGENCE: NORM_OF_PROJECTED_GRADIENT_<=_PGTOL"", ""optimizer_success"": true}"
PLVIRA,PLVIRA,zalesak,4,128,79,52,reconstructed,0.27706123991944764,0.27706123991943143,1.6209256159527285e-14,0.20662933806914854,0.06666666666666667,0.13996267140248186,0.0019482432594504831,True,height_function,"{""curvature"": 0.20662933806914854, ""curvature_source"": ""cartesian-ghf"", ""ghf_diagnostic"": ""complete three-column height function"", ""ghf_direction"": ""y"", ""ghf_fit_points"": 0, ""ghf_height_points"": 3, ""ghf_independent_points"": 3, ""ghf_method"": ""height_function"", ""interval_count"": 1, ""objective"": 0.0019482432594504831, ""optimizer_message"": ""CONVERGENCE: NORM_OF_PROJECTED_GRADIENT_<=_PGTOL"", ""optimizer_success"": true}"
PLVIRA,PLVIRA,zalesak,4,128,79,53,reconstructed,0.5993106540463293,0.5993106540463293,0.0,0.20662933806914854,0.06666666666666667,0.13996267140248186,0.01296547073979376,True,height_function,"{""curvature"": 0.20662933806914854, ""curvature_source"": ""cartesian-ghf"", ""ghf_diagnostic"": ""complete three-column height function"", ""ghf_direction"": ""y"", ""ghf_fit_points"": 0, ""ghf_height_points"": 3, ""ghf_independent_points"": 3, ""ghf_method"": ""height_function"", ""interval_count"": 1, ""objective"": 0.01296547073979376, ""optimizer_message"": ""CONVERGENCE: NORM_OF_PROJECTED_GRADIENT_<=_PGTOL"", ""optimizer_success"": true}"
PLVIRA,PLVIRA,zalesak,4,128,79,75,reconstructed,0.5522469102712635,0.5522469102712632,3.3306690738754696e-16,0.06676983761348891,0.06666666666666667,0.00010317094682224526,1.786152236533751e-10,True,height_function,"{""curvature"": 0.06676983761348891, ""curvature_source"": ""cartesian-ghf"", ""ghf_diagnostic"": ""complete three-column height function"", ""ghf_direction"": ""x"", ""ghf_fit_points"": 0, ""ghf_height_points"": 3, ""ghf_independent_points"": 3, ""ghf_method"": ""height_function"", ""interval_count"": 1, ""objective"": 1.786152236533751e-10, ""optimizer_message"": ""CONVERGENCE: REL_REDUCTION_OF_F_<=_FACTR*EPSMCH"", ""optimizer_success"": true}"
PLVIRA,PLVIRA,zalesak,4,128,79,76,reconstructed,0.14996572855180723,0.14996572855180795,7.216449660063518e-16,0.06678106488832836,0.06666666666666667,0.00011439822166169067,9.803960681814629e-11,True,height_function,"{""curvature"": 0.06678106488832836, ""curvature_source"": ""cartesian-ghf"", ""ghf_diagnostic"": ""complete three-column height function"", ""ghf_direction"": ""x"", ""ghf_fit_points"": 0, ""ghf_height_points"": 3, ""ghf_independent_points"": 3, ""ghf_method"": ""height_function"", ""interval_count"": 1, ""objective"": 9.803960681814629e-11, ""optimizer_message"": ""CONVERGENCE: NORM_OF_PROJECTED_GRADIENT_<=_PGTOL"", ""optimizer_success"": true}"
PLVIRA,PLVIRA,zalesak,4,128,80,53,reconstructed,0.12620545715252085,0.12620545715252077,8.326672684688674e-17,0.06692376294751594,0.06666666666666667,0.0002570962808492727,1.4538180665872102e-08,True,height_function,"{""curvature"": 0.06692376294751594, ""curvature_source"": ""cartesian-ghf"", ""ghf_diagnostic"": ""complete three-column height function"", ""ghf_direction"": ""y"", ""ghf_fit_points"": 0, ""ghf_height_points"": 3, ""ghf_independent_points"": 3, ""ghf_method"": ""height_function"", ""interval_count"": 1, ""objective"": 1.4538180665872102e-08, ""optimizer_message"": ""CONVERGENCE: REL_REDUCTION_OF_F_<=_FACTR*EPSMCH"", ""optimizer_success"": true}"
PLVIRA,PLVIRA,zalesak,4,128,80,54,reconstructed,0.4985449476491999,0.49854494764919927,6.106226635438361e-16,0.06675933640166677,0.06666666666666667,9.2669735000106e-05,6.604587827165256e-11,True,height_function,"{""curvature"": 0.06675933640166677, ""curvature_source"": ""cartesian-ghf"", ""ghf_diagnostic"": ""complete three-column height function"", ""ghf_direction"": ""x"", ""ghf_fit_points"": 0, ""ghf_height_points"": 3, ""ghf_independent_points"": 3, ""ghf_method"": ""height_function"", ""interval_count"": 1, ""objective"": 6.604587827165256e-11, ""optimizer_message"": ""CONVERGENCE: NORM_OF_PROJECTED_GRADIENT_<=_PGTOL"", ""optimizer_success"": true}"
PLVIRA,PLVIRA,zalesak,4,128,80,73,reconstructed,0.6094724318396758,0.6094724318396757,1.1102230246251565e-16,0.06675485035468165,0.06666666666666667,8.818368801498389e-05,2.5928456173767093e-10,True,height_function,"{""curvature"": 0.06675485035468165, ""curvature_source"": ""cartesian-ghf"", ""ghf_diagnostic"": ""complete three-column height function"", ""ghf_direction"": ""x"", ""ghf_fit_points"": 0, ""ghf_height_points"": 3, ""ghf_independent_points"": 3, ""ghf_method"": ""height_function"", ""interval_count"": 1, ""objective"": 2.5928456173767093e-10, ""optimizer_message"": ""CONVERGENCE: REL_REDUCTION_OF_F_<=_FACTR*EPSMCH"", ""optimizer_success"": true}"
PLVIRA,PLVIRA,zalesak,4,128,80,74,reconstructed,0.39974387371691567,0.3997438737169146,1.0547118733938987e-15,0.06676138005917971,0.06666666666666667,9.471339251304611e-05,7.87839674292263e-11,True,height_function,"{""curvature"": 0.06676138005917971, ""curvature_source"": ""cartesian-ghf"", ""ghf_diagnostic"": ""complete three-column height function"", ""ghf_direction"": ""x"", ""ghf_fit_points"": 0, ""ghf_height_points"": 3, ""ghf_independent_points"": 3, ""ghf_method"": ""height_function"", ""interval_count"": 1, ""objective"": 7.87839674292263e-11, ""optimizer_message"": ""CONVERGENCE: NORM_OF_PROJECTED_GRADIENT_<=_PGTOL"", ""optimizer_success"": true}"
PLVIRA,PLVIRA,zalesak,4,128,80,75,reconstructed,0.050743939525284,0.05074393952528426,2.636779683484747e-16,0.06676983761348891,0.06666666666666667,0.00010317094682224526,2.0577827139217323e-10,True,height_function,"{""curvature"": 0.06676983761348891, ""curvature_source"": ""cartesian-ghf"", ""ghf_diagnostic"": ""complete three-column height function"", ""ghf_direction"": ""x"", ""ghf_fit_points"": 0, ""ghf_height_points"": 3, ""ghf_independent_points"": 3, ""ghf_method"": ""height_function"", ""interval_count"": 1, ""objective"": 2.0577827139217323e-10, ""optimizer_message"": ""CONVERGENCE: REL_REDUCTION_OF_F_<=_FACTR*EPSMCH"", ""optimizer_success"": true}"
PLVIRA,PLVIRA,zalesak,4,128,81,54,reconstructed,0.008130208186274412,0.008130208186274863,4.510281037539698e-16,0.06675933640166677,0.06666666666666667,9.2669735000106e-05,1.6162928847525907e-10,True,height_function,"{""curvature"": 0.06675933640166677, ""curvature_source"": ""cartesian-ghf"", ""ghf_diagnostic"": ""complete three-column height function"", ""ghf_direction"": ""x"", ""ghf_fit_points"": 0, ""ghf_height_points"": 3, ""ghf_independent_points"": 3, ""ghf_method"": ""height_function"", ""interval_count"": 1, ""objective"": 1.6162928847525907e-10, ""optimizer_message"": ""CONVERGENCE: REL_REDUCTION_OF_F_<=_FACTR*EPSMCH"", ""optimizer_success"": true}"
PLVIRA,PLVIRA,zalesak,4,128,81,55,reconstructed,0.2373401682251961,0.23734016822519713,1.0269562977782698e-15,0.06675325407302313,0.06666666666666667,8.658740635646145e-05,5.526193616721042e-11,True,height_function,"{""curvature"": 0.06675325407302313, ""curvature_source"": ""cartesian-ghf"", ""ghf_diagnostic"": ""complete three-column height function"", ""ghf_direction"": ""x"", ""ghf_fit_points"": 0, ""ghf_height_points"": 3, ""ghf_independent_points"": 3, ""ghf_method"": ""height_function"", ""interval_count"": 1, ""objective"": 5.526193616721042e-11, ""optimizer_message"": ""CONVERGENCE: NORM_OF_PROJECTED_GRADIENT_<=_PGTOL"", ""optimizer_success"": true}"
PLVIRA,PLVIRA,zalesak,4,128,81,56,reconstructed,0.5266283104342557,0.5266283104342561,3.3306690738754696e-16,0.06674846805331855,0.06666666666666667,8.180138665188352e-05,5.722510569930231e-12,True,height_function,"{""curvature"": 0.06674846805331855, ""curvature_source"": ""cartesian-ghf"", ""ghf_diagnostic"": ""complete three-column height function"", ""ghf_direction"": ""x"", ""ghf_fit_points"": 0, ""ghf_height_points"": 3, ""ghf_independent_points"": 3, ""ghf_method"": ""height_function"", ""interval_count"": 1, ""objective"": 5.722510569930231e-12, ""optimizer_message"": ""CONVERGENCE: REL_REDUCTION_OF_F_<=_FACTR*EPSMCH"", ""optimizer_success"": true}"
PLVIRA,PLVIRA,zalesak,4,128,81,71,reconstructed,0.6097008528195953,0.609700852819596,6.661338147750939e-16,0.06674567660794425,0.06666666666666667,7.900994127758854e-05,6.049082705388997e-11,True,height_function,"{""curvature"": 0.06674567660794425, ""curvature_source"": ""cartesian-ghf"", ""ghf_diagnostic"": ""complete three-column height function"", ""ghf_direction"": ""x"", ""ghf_fit_points"": 0, ""ghf_height_points"": 3, ""ghf_independent_points"": 3, ""ghf_method"": ""height_function"", ""interval_count"": 1, ""objective"": 6.049082705388997e-11, ""optimizer_message"": ""CONVERGENCE: NORM_OF_PROJECTED_GRADIENT_<=_PGTOL"", ""optimizer_success"": true}"
PLVIRA,PLVIRA,zalesak,4,128,81,72,reconstructed,0.4523855035827351,0.4523855035827352,1.1102230246251565e-16,0.06674972856855647,0.06666666666666667,8.306190188980822e-05,8.701219168130835e-12,True,height_function,"{""curvature"": 0.06674972856855647, ""curvature_source"": ""cartesian-ghf"", ""ghf_diagnostic"": ""complete three-column height function"", ""ghf_direction"": ""x"", ""ghf_fit_points"": 0, ""ghf_height_points"": 3, ""ghf_independent_points"": 3, ""ghf_method"": ""height_function"", ""interval_count"": 1, ""objective"": 8.701219168130835e-12, ""optimizer_message"": ""CONVERGENCE: REL_REDUCTION_OF_F_<=_FACTR*EPSMCH"", ""optimizer_success"": true}"
PLVIRA,PLVIRA,zalesak,4,128,81,73,reconstructed,0.14522217072385946,0.14522217072385926,1.942890293094024e-16,0.06675485035468165,0.06666666666666667,8.818368801498389e-05,1.1162303771685671e-11,True,height_function,"{""curvature"": 0.06675485035468165, ""curvature_source"": ""cartesian-ghf"", ""ghf_diagnostic"": ""complete three-column height function"", ""ghf_direction"": ""x"", ""ghf_fit_points"": 0, ""ghf_height_points"": 3, ""ghf_independent_points"": 3, ""ghf_method"": ""height_function"", ""interval_count"": 1, ""objective"": 1.1162303771685671e-11, ""optimizer_message"": ""CONVERGENCE: REL_REDUCTION_OF_F_<=_FACTR*EPSMCH"", ""optimizer_success"": true}"
PLVIRA,PLVIRA,zalesak,4,128,82,56,reconstructed,0.006076457710218586,0.006076457710218371,2.1510571102112408e-16,0.06674846805331855,0.06666666666666667,8.180138665188352e-05,8.607353577789294e-11,True,height_function,"{""curvature"": 0.06674846805331855, ""curvature_source"": ""cartesian-ghf"", ""ghf_diagnostic"": ""complete three-column height function"", ""ghf_direction"": ""x"", ""ghf_fit_points"": 0, ""ghf_height_points"": 3, ""ghf_independent_points"": 3, ""ghf_method"": ""height_function"", ""interval_count"": 1, ""objective"": 8.607353577789294e-11, ""optimizer_message"": ""CONVERGENCE: REL_REDUCTION_OF_F_<=_FACTR*EPSMCH"", ""optimizer_success"": true}"
PLVIRA,PLVIRA,zalesak,4,128,82,57,reconstructed,0.1757684977087326,0.17576849770873249,1.1102230246251565e-16,0.0667446772967982,0.06666666666666667,7.801063013153364e-05,1.8536766837721267e-11,True,height_function,"{""curvature"": 0.0667446772967982, ""curvature_source"": ""cartesian-ghf"", ""ghf_diagnostic"": ""complete three-column height function"", ""ghf_direction"": ""x"", ""ghf_fit_points"": 0, ""ghf_height_points"": 3, ""ghf_independent_points"": 3, ""ghf_method"": ""height_function"", ""interval_count"": 1, ""objective"": 1.8536766837721267e-11, ""optimizer_message"": ""CONVERGENCE: REL_REDUCTION_OF_F_<=_FACTR*EPSMCH"", ""optimizer_success"": true}"
PLVIRA,PLVIRA,zalesak,4,128,82,58,reconstructed,0.39009685395185567,0.3900968539518559,2.220446049250313e-16,0.0667416767628483,0.06666666666666667,7.501009618163246e-05,5.5055447229218556e-11,True,height_function,"{""curvature"": 0.0667416767628483, ""curvature_source"": ""cartesian-ghf"", ""ghf_diagnostic"": ""complete three-column height function"", ""ghf_direction"": ""x"", ""ghf_fit_points"": 0, ""ghf_height_points"": 3, ""ghf_independent_points"": 3, ""ghf_method"": ""height_function"", ""interval_count"": 1, ""objective"": 5.5055447229218556e-11, ""optimizer_message"": ""CONVERGENCE: NORM_OF_PROJECTED_GRADIENT_<=_PGTOL"", ""optimizer_success"": true}"
PLVIRA,PLVIRA,zalesak,4,128,82,59,reconstructed,0.5635459526616282,0.5635459526616308,2.55351295663786e-15,0.06673932353717299,0.06666666666666667,7.265687050632408e-05,2.7752881919741066e-12,True,height_function,"{""curvature"": 0.06673932353717299, ""curvature_source"": ""cartesian-ghf"", ""ghf_diagnostic"": ""complete three-column height function"", ""ghf_direction"": ""x"", ""ghf_fit_points"": 0, ""ghf_height_points"": 3, ""ghf_independent_points"": 3, ""ghf_method"": ""height_function"", ""interval_count"": 1, ""objective"": 2.7752881919741066e-12, ""optimizer_message"": ""CONVERGENCE: NORM_OF_PROJECTED_GRADIENT_<=_PGTOL"", ""optimizer_success"": true}"
PLVIRA,PLVIRA,zalesak,4,128,82,68,reconstructed,0.6101335425777079,0.6101335425777056,2.3314683517128287e-15,0.06673798392942545,0.06666666666666667,7.131726275878825e-05,2.6243336603927296e-12,True,height_function,"{""curvature"": 0.06673798392942545, ""curvature_source"": ""cartesian-ghf"", ""ghf_diagnostic"": ""complete three-column height function"", ""ghf_direction"": ""x"", ""ghf_fit_points"": 0, ""ghf_height_points"": 3, ""ghf_independent_points"": 3, ""ghf_method"": ""height_function"", ""interval_count"": 1, ""objective"": 2.6243336603927296e-12, ""optimizer_message"": ""CONVERGENCE: NORM_OF_PROJECTED_GRADIENT_<=_PGTOL"", ""optimizer_success"": true}"
PLVIRA,PLVIRA,zalesak,4,128,82,69,reconstructed,0.5202985160199045,0.5202985160198921,1.2434497875801753e-14,0.06673993911237382,0.06666666666666667,7.327244570715097e-05,2.7337301717824746e-12,True,height_function,"{""curvature"": 0.06673993911237382, ""curvature_source"": ""cartesian-ghf"", ""ghf_diagnostic"": ""complete three-column height function"", ""ghf_direction"": ""x"", ""ghf_fit_points"": 0, ""ghf_height_points"": 3, ""ghf_independent_points"": 3, ""ghf_method"": ""height_function"", ""interval_count"": 1, ""objective"": 2.7337301717824746e-12, ""optimizer_message"": ""CONVERGENCE: NORM_OF_PROJECTED_GRADIENT_<=_PGTOL"", ""optimizer_success"": true}"
PLVIRA,PLVIRA,zalesak,4,128,82,70,reconstructed,0.3324534651561546,0.3324534651561524,2.220446049250313e-15,0.06674246620416367,0.06666666666666667,7.579953749700663e-05,1.0920644893992976e-11,True,height_function,"{""curvature"": 0.06674246620416367, ""curvature_source"": ""cartesian-ghf"", ""ghf_diagnostic"": ""complete three-column height function"", ""ghf_direction"": ""x"", ""ghf_fit_points"": 0, ""ghf_height_points"": 3, ""ghf_independent_points"": 3, ""ghf_method"": ""height_function"", ""interval_count"": 1, ""objective"": 1.0920644893992976e-11, ""optimizer_message"": ""CONVERGENCE: NORM_OF_PROJECTED_GRADIENT_<=_PGTOL"", ""optimizer_success"": true}"
PLVIRA,PLVIRA,zalesak,4,128,82,71,reconstructed,0.10781207855893005,0.107812078558939,8.951173136040325e-15,0.06674567660794425,0.06666666666666667,7.900994127758854e-05,5.542908828619036e-12,True,height_function,"{""curvature"": 0.06674567660794425, ""curvature_source"": ""cartesian-ghf"", ""ghf_diagnostic"": ""complete three-column height function"", ""ghf_direction"": ""x"", ""ghf_fit_points"": 0, ""ghf_height_points"": 3, ""ghf_independent_points"": 3, ""ghf_method"": ""height_function"", ""interval_count"": 1, ""objective"": 5.542908828619036e-12, ""optimizer_message"": ""CONVERGENCE: NORM_OF_PROJECTED_GRADIENT_<=_PGTOL"", ""optimizer_success"": true}"
PLVIRA,PLVIRA,zalesak,4,128,83,59,reconstructed,0.004012299001608044,0.004012299001605997,2.0469737016526324e-15,0.06673932353717299,0.06666666666666667,7.265687050632408e-05,1.0394926489808564e-11,True,height_function,"{""curvature"": 0.06673932353717299, ""curvature_source"": ""cartesian-ghf"", ""ghf_diagnostic"": ""complete three-column height function"", ""ghf_direction"": ""x"", ""ghf_fit_points"": 0, ""ghf_height_points"": 3, ""ghf_independent_points"": 3, ""ghf_method"": ""height_function"", ""interval_count"": 1, ""objective"": 1.0394926489808564e-11, ""optimizer_message"": ""CONVERGENCE: NORM_OF_PROJECTED_GRADIENT_<=_PGTOL"", ""optimizer_success"": true}"
PLVIRA,PLVIRA,zalesak,4,128,83,60,reconstructed,0.09951311832490452,0.09951311832490735,2.831068712794149e-15,0.0667375167540678,0.06666666666666667,7.085008740113918e-05,1.081120522339017e-11,True,height_function,"{""curvature"": 0.0667375167540678, ""curvature_source"": ""cartesian-ghf"", ""ghf_diagnostic"": ""complete three-column height function"", ""ghf_direction"": ""x"", ""ghf_fit_points"": 0, ""ghf_height_points"": 3, ""ghf_independent_points"": 3, ""ghf_method"": ""height_function"", ""interval_count"": 1, ""objective"": 1.081120522339017e-11, ""optimizer_message"": ""CONVERGENCE: REL_REDUCTION_OF_F_<=_FACTR*EPSMCH"", ""optimizer_success"": true}"
PLVIRA,PLVIRA,zalesak,4,128,83,61,reconstructed,0.20796128818450477,0.20796128818451012,5.35682609381638e-15,0.06673618534747458,0.06666666666666667,6.951868080791457e-05,1.516684119524104e-14,True,height_function,"{""curvature"": 0.06673618534747458, ""curvature_source"": ""cartesian-ghf"", ""ghf_diagnostic"": ""complete three-column height function"", ""ghf_direction"": ""x"", ""ghf_fit_points"": 0, ""ghf_height_points"": 3, ""ghf_independent_points"": 3, ""ghf_method"": ""height_function"", ""interval_count"": 1, ""objective"": 1.516684119524104e-14, ""optimizer_message"": ""CONVERGENCE: NORM_OF_PROJECTED_GRADIENT_<=_PGTOL"", ""optimizer_success"": true}"
PLVIRA,PLVIRA,zalesak,4,128,83,62,reconstructed,0.28349670197636545,0.28349670197633847,2.6978419498391304e-14,0.06673528035737013,0.06666666666666667,6.86136907034618e-05,2.33910224858661e-16,True,height_function,"{""curvature"": 0.06673528035737013, ""curvature_source"": ""cartesian-ghf"", ""ghf_diagnostic"": ""complete three-column height function"", ""ghf_direction"": ""x"", ""ghf_fit_points"": 0, ""ghf_height_points"": 3, ""ghf_independent_points"": 3, ""ghf_method"": ""height_function"", ""interval_count"": 1, ""objective"": 2.33910224858661e-16, ""optimizer_message"": ""CONVERGENCE: REL_REDUCTION_OF_F_<=_FACTR*EPSMCH"", ""optimizer_success"": true}"
PLVIRA,PLVIRA,zalesak,4,128,83,63,reconstructed,0.3267571224795693,0.32675712247956495,4.3298697960381105e-15,0.06673477009296125,0.06666666666666667,6.810342629458288e-05,2.372143981543382e-22,True,height_function,"{""curvature"": 0.06673477009296125, ""curvature_source"": ""cartesian-ghf"", ""ghf_diagnostic"": ""complete three-column height function"", ""ghf_direction"": ""x"", ""ghf_fit_points"": 0, ""ghf_height_points"": 3, ""ghf_independent_points"": 3, ""ghf_method"": ""height_function"", ""interval_count"": 1, ""objective"": 2.372143981543382e-22, ""optimizer_message"": ""CONVERGENCE: NORM_OF_PROJECTED_GRADIENT_<=_PGTOL"", ""optimizer_success"": true}"
PLVIRA,PLVIRA,zalesak,4,128,83,64,reconstructed,0.33810036969617663,0.3381003696936439,2.5327517860773696e-12,0.06673463725159642,0.06666666666666667,6.797058492975794e-05,2.77287955198747e-22,True,height_function,"{""curvature"": 0.06673463725159642, ""curvature_source"": ""cartesian-ghf"", ""ghf_diagnostic"": ""complete three-column height function"", ""ghf_direction"": ""x"", ""ghf_fit_points"": 0, ""ghf_height_points"": 3, ""ghf_independent_points"": 3, ""ghf_method"": ""height_function"", ""interval_count"": 1, ""objective"": 2.77287955198747e-22, ""optimizer_message"": ""CONVERGENCE: NORM_OF_PROJECTED_GRADIENT_<=_PGTOL"", ""optimizer_success"": true}"
PLVIRA,PLVIRA,zalesak,4,128,83,65,reconstructed,0.31761938742788587,0.317619387427882,3.885780586188048e-15,0.06673487739258521,0.06666666666666667,6.82107259185466e-05,8.550027944652314e-20,True,height_function,"{""curvature"": 0.06673487739258521, ""curvature_source"": ""cartesian-ghf"", ""ghf_diagnostic"": ""complete three-column height function"", ""ghf_direction"": ""x"", ""ghf_fit_points"": 0, ""ghf_height_points"": 3, ""ghf_independent_points"": 3, ""ghf_method"": ""height_function"", ""interval_count"": 1, ""objective"": 8.550027944652314e-20, ""optimizer_message"": ""CONVERGENCE: NORM_OF_PROJECTED_GRADIENT_<=_PGTOL"", ""optimizer_success"": true}"
PLVIRA,PLVIRA,zalesak,4,128,83,66,reconstructed,0.2651460950280935,0.26514609502809033,3.164135620181696e-15,0.06673549856153622,0.06666666666666667,6.883189486955876e-05,1.0266427328699375e-15,True,height_function,"{""curvature"": 0.06673549856153622, ""curvature_source"": ""cartesian-ghf"", ""ghf_diagnostic"": ""complete three-column height function"", ""ghf_direction"": ""x"", ""ghf_fit_points"": 0, ""ghf_height_points"": 3, ""ghf_independent_points"": 3, ""ghf_method"": ""height_function"", ""interval_count"": 1, ""objective"": 1.0266427328699375e-15, ""optimizer_message"": ""CONVERGENCE: REL_REDUCTION_OF_F_<=_FACTR*EPSMCH"", ""optimizer_success"": true}"
PLVIRA,PLVIRA,zalesak,4,128,83,67,reconstructed,0.18024440325942237,0.18024440325942898,6.6058269965196814e-15,0.06673652198290057,0.06666666666666667,6.985531623390773e-05,5.1369658793503e-12,True,height_function,"{""curvature"": 0.06673652198290057, ""curvature_source"": ""cartesian-ghf"", ""ghf_diagnostic"": ""complete three-column height function"", ""ghf_direction"": ""x"", ""ghf_fit_points"": 0, ""ghf_height_points"": 3, ""ghf_independent_points"": 3, ""ghf_method"": ""height_function"", ""interval_count"": 1, ""objective"": 5.1369658793503e-12, ""optimizer_message"": ""CONVERGENCE: REL_REDUCTION_OF_F_<=_FACTR*EPSMCH"", ""optimizer_success"": true}"
PLVIRA,PLVIRA,zalesak,4,128,83,68,reconstructed,0.062409724457256566,0.06240972445725422,2.345346139520643e-15,0.06673798392942545,0.06666666666666667,7.131726275878825e-05,7.801400261496578e-13,True,height_function,"{""curvature"": 0.06673798392942545, ""curvature_source"": ""cartesian-ghf"", ""ghf_diagnostic"": ""complete three-column height function"", ""ghf_direction"": ""x"", ""ghf_fit_points"": 0, ""ghf_height_points"": 3, ""ghf_independent_points"": 3, ""ghf_method"": ""height_function"", ""interval_count"": 1, ""objective"": 7.801400261496578e-13, ""optimizer_message"": ""CONVERGENCE: REL_REDUCTION_OF_F_<=_FACTR*EPSMCH"", ""optimizer_success"": true}"
