method,variant,benchmark,case_index,cells_per_side,cell_x,cell_y,status,target_phase_area,reconstructed_phase_area,absolute_area_residual,curvature_estimate,true_curvature,curvature_absolute_error,objective,optimizer_success,ghf_method,diagnostics_json
PLVIRA,PLVIRA,zalesak,0,128,45,60,reconstructed,0.025438711031383843,0.02543871103137889,4.954370247389761e-15,0.06673706932329351,0.06666666666666667,7.04026566268473e-05,4.071543584113717e-12,True,height_function,"{""curvature"": 0.06673706932329351, ""curvature_source"": ""cartesian-ghf"", ""ghf_diagnostic"": ""complete three-column height function"", ""ghf_direction"": ""x"", ""ghf_fit_points"": 0, ""ghf_height_points"": 3, ""ghf_independent_points"": 3, ""ghf_method"": ""height_function"", ""interval_count"": 1, ""objective"": 4.071543584113717e-12, ""optimizer_message"": ""CONVERGENCE: REL_REDUCTION_OF_F_<=_FACTR*EPSMCH"", ""optimizer_success"": true}"
PLVIRA,PLVIRA,zalesak,0,128,45,61,reconstructed,0.1171441099941841,0.11714410999419671,1.2601031329495527e-14,0.06673587033657422,0.06666666666666667,6.920366990754989e-05,5.347639359325232e-11,True,height_function,"{""curvature"": 0.06673587033657422, ""curvature_source"": ""cartesian-ghf"", ""ghf_diagnostic"": ""complete three-column height function"", ""ghf_direction"": ""x"", ""ghf_fit_points"": 0, ""ghf_height_points"": 3, ""ghf_independent_points"": 3, ""ghf_method"": ""height_function"", ""interval_count"": 1, ""objective"": 5.347639359325232e-11, ""optimizer_message"": ""CONVERGENCE: REL_REDUCTION_OF_F_<=_FACTR*EPSMCH"", ""optimizer_success"": true}"
PLVIRA,PLVIRA,zalesak,0,128,45,62,reconstructed,0.18292730546082492,0.18292730546086522,4.030109579389318e-14,0.06673508659069571,0.06666666666666667,6.841992402904784e-05,2.7176228483295887e-15,True,height_function,"{""curvature"": 0.06673508659069571, ""curvature_source"": ""cartesian-ghf"", ""ghf_diagnostic"": ""complete three-column height function"", ""ghf_direction"": ""x"", ""ghf_fit_points"": 0, ""ghf_height_points"": 3, ""ghf_independent_points"": 3, ""ghf_method"": ""height_function"", ""interval_count"": 1, ""objective"": 2.7176228483295887e-15, ""optimizer_message"": ""CONVERGENCE: NORM_OF_PROJECTED_GRADIENT_<=_PGTOL"", ""optimizer_success"": true}"
PLVIRA,PLVIRA,zalesak,0,128,45,63,reconstructed,0.21657153655927797,0.21657153655927797,0.0,0.06673469095190529,0.06666666666666667,6.802428523862425e-05,7.135822929285609e-17,True,height_function,"{""curvature"": 0.06673469095190529, ""curvature_source"": ""cartesian-ghf"", ""ghf_diagnostic"": ""complete three-column height function"", ""ghf_direction"": ""x"", ""ghf_fit_points"": 0, ""ghf_height_points"": 3, ""ghf_independent_points"": 3, ""ghf_method"": ""height_function"", ""interval_count"": 1, ""objective"": 7.135822929285609e-17, ""optimizer_message"": ""CONVERGENCE: REL_REDUCTION_OF_F_<=_FACTR*EPSMCH"", ""optimizer_success"": true}"
PLVIRA,PLVIRA,zalesak,0,128,45,64,reconstructed,0.21835397625915576,0.21835397625915579,2.7755575615628914e-17,0.066734670089057,0.06666666666666667,6.800342239032808e-05,8.175366079460574e-18,True,height_function,"{""curvature"": 0.066734670089057, ""curvature_source"": ""cartesian-ghf"", ""ghf_diagnostic"": ""complete three-column height function"", ""ghf_direction"": ""x"", ""ghf_fit_points"": 0, ""ghf_height_points"": 3, ""ghf_independent_points"": 3, ""ghf_method"": ""height_function"", ""interval_count"": 1, ""objective"": 8.175366079460574e-18, ""optimizer_message"": ""CONVERGENCE: NORM_OF_PROJECTED_GRADIENT_<=_PGTOL"", ""optimizer_success"": true}"
PLVIRA,PLVIRA,zalesak,0,128,45,65,reconstructed,0.18828921950957156,0.18828921950957916,7.605027718682322e-15,0.06673502330292724,0.06666666666666667,6.835663626057753e-05,1.7228209029796084e-15,True,height_function,"{""curvature"": 0.06673502330292724, ""curvature_source"": ""cartesian-ghf"", ""ghf_diagnostic"": ""complete three-column height function"", ""ghf_direction"": ""x"", ""ghf_fit_points"": 0, ""ghf_height_points"": 3, ""ghf_independent_points"": 3, ""ghf_method"": ""height_function"", ""interval_count"": 1, ""objective"": 1.7228209029796084e-15, ""optimizer_message"": ""CONVERGENCE: NORM_OF_PROJECTED_GRADIENT_<=_PGTOL"", ""optimizer_success"": true}"
PLVIRA,PLVIRA,zalesak,0,128,45,66,reconstructed,0.1261298873843124,0.12612988738433545,2.3037127760971998e-14,0.0667357624774972,0.06666666666666667,6.909581083053284e-05,4.1800780220170093e-11,True,height_function,"{""curvature"": 0.0667357624774972, ""curvature_source"": ""cartesian-ghf"", ""ghf_diagnostic"": ""complete three-column height function"", ""ghf_direction"": ""x"", ""ghf_fit_points"": 0, ""ghf_height_points"": 3, ""ghf_independent_points"": 3, ""ghf_method"": ""height_function"", ""interval_count"": 1, ""objective"": 4.1800780220170093e-11, ""optimizer_message"": ""CONVERGENCE: NORM_OF_PROJECTED_GRADIENT_<=_PGTOL"", ""optimizer_success"": true}"
PLVIRA,PLVIRA,zalesak,0,128,45,67,reconstructed,0.034276224917586084,0.034276224917575954,1.0130785099704553e-14,0.06673691310026421,0.06666666666666667,7.024643359754279e-05,1.9420082991928215e-12,True,height_function,"{""curvature"": 0.06673691310026421, ""curvature_source"": ""cartesian-ghf"", ""ghf_diagnostic"": ""complete three-column height function"", ""ghf_direction"": ""x"", ""ghf_fit_points"": 0, ""ghf_height_points"": 3, ""ghf_independent_points"": 3, ""ghf_method"": ""height_function"", ""interval_count"": 1, ""objective"": 1.9420082991928215e-12, ""optimizer_message"": ""CONVERGENCE: NORM_OF_PROJECTED_GRADIENT_<=_PGTOL"", ""optimizer_success"": true}"
PLVIRA,PLVIRA,zalesak,0,128,46,56,reconstructed,0.00035579874657243327,0.0003557987465725356,1.0234868508263162e-16,0.06674723518685238,0.06666666666666667,8.056852018571703e-05,9.497389804190791e-11,True,height_function,"{""curvature"": 0.06674723518685238, ""curvature_source"": ""cartesian-ghf"", ""ghf_diagnostic"": ""complete three-column height function"", ""ghf_direction"": ""x"", ""ghf_fit_points"": 0, ""ghf_height_points"": 3, ""ghf_independent_points"": 3, ""ghf_method"": ""height_function"", ""interval_count"": 1, ""objective"": 9.497389804190791e-11, ""optimizer_message"": ""CONVERGENCE: NORM_OF_PROJECTED_GRADIENT_<=_PGTOL"", ""optimizer_success"": true}"
PLVIRA,PLVIRA,zalesak,0,128,46,57,reconstructed,0.12722884588243666,0.1272288458824356,1.0547118733938987e-15,0.06674370010490432,0.06666666666666667,7.703343823765862e-05,7.129654825520728e-12,True,height_function,"{""curvature"": 0.06674370010490432, ""curvature_source"": ""cartesian-ghf"", ""ghf_diagnostic"": ""complete three-column height function"", ""ghf_direction"": ""x"", ""ghf_fit_points"": 0, ""ghf_height_points"": 3, ""ghf_independent_points"": 3, ""ghf_method"": ""height_function"", ""interval_count"": 1, ""objective"": 7.129654825520728e-12, ""optimizer_message"": ""CONVERGENCE: REL_REDUCTION_OF_F_<=_FACTR*EPSMCH"", ""optimizer_success"": true}"
PLVIRA,PLVIRA,zalesak,0,128,46,58,reconstructed,0.33027098699204865,0.3302709869920476,1.0547118733938987e-15,0.06674090688573164,0.06666666666666667,7.424021906497769e-05,4.312374940647283e-20,True,height_function,"{""curvature"": 0.06674090688573164, ""curvature_source"": ""cartesian-ghf"", ""ghf_diagnostic"": ""complete three-column height function"", ""ghf_direction"": ""x"", ""ghf_fit_points"": 0, ""ghf_height_points"": 3, ""ghf_independent_points"": 3, ""ghf_method"": ""height_function"", ""interval_count"": 1, ""objective"": 4.312374940647283e-20, ""optimizer_message"": ""CONVERGENCE: NORM_OF_PROJECTED_GRADIENT_<=_PGTOL"", ""optimizer_success"": true}"
PLVIRA,PLVIRA,zalesak,0,128,46,59,reconstructed,0.49700910798186104,0.4970091079818639,2.831068712794149e-15,0.06673872691448969,0.06666666666666667,7.206024782302478e-05,2.1974809538419312e-11,True,height_function,"{""curvature"": 0.06673872691448969, ""curvature_source"": ""cartesian-ghf"", ""ghf_diagnostic"": ""complete three-column height function"", ""ghf_direction"": ""x"", ""ghf_fit_points"": 0, ""ghf_height_points"": 3, ""ghf_independent_points"": 3, ""ghf_method"": ""height_function"", ""interval_count"": 1, ""objective"": 2.1974809538419312e-11, ""optimizer_message"": ""CONVERGENCE: REL_REDUCTION_OF_F_<=_FACTR*EPSMCH"", ""optimizer_success"": true}"
PLVIRA,PLVIRA,zalesak,0,128,46,60,reconstructed,0.6035834581924042,0.6035834581923973,6.8833827526759706e-15,0.06673706932329351,0.06666666666666667,7.04026566268473e-05,3.8286672235073575e-12,True,height_function,"{""curvature"": 0.06673706932329351, ""curvature_source"": ""cartesian-ghf"", ""ghf_diagnostic"": ""complete three-column height function"", ""ghf_direction"": ""x"", ""ghf_fit_points"": 0, ""ghf_height_points"": 3, ""ghf_independent_points"": 3, ""ghf_method"": ""height_function"", ""interval_count"": 1, ""objective"": 3.8286672235073575e-12, ""optimizer_message"": ""CONVERGENCE: NORM_OF_PROJECTED_GRADIENT_<=_PGTOL"", ""optimizer_success"": true}"
PLVIRA,PLVIRA,zalesak,0,128,46,67,reconstructed,0.607431639841145,0.6074316398411488,3.774758283725532e-15,0.06673691310026421,0.06666666666666667,7.024643359754279e-05,1.7823725398922821e-12,True,height_function,"{""curvature"": 0.06673691310026421, ""curvature_source"": ""cartesian-ghf"", ""ghf_diagnostic"": ""complete three-column height function"", ""ghf_direction"": ""x"", ""ghf_fit_points"": 0, ""ghf_height_points"": 3, ""ghf_independent_points"": 3, ""ghf_method"": ""height_function"", ""interval_count"": 1, ""objective"": 1.7823725398922821e-12, ""optimizer_message"": ""CONVERGENCE: NORM_OF_PROJECTED_GRADIENT_<=_PGTOL"", ""optimizer_success"": true}"
PLVIRA,PLVIRA,zalesak,0,128,46,68,reconstructed,0.5135057704145449,0.5135057704145397,5.218048215738236e-15,0.06673851654862376,0.06666666666666667,7.184988195708952e-05,9.660536080424347e-12,True,height_function,"{""curvature"": 0.06673851654862376, ""curvature_source"": ""cartesian-ghf"", ""ghf_diagnostic"": ""complete three-column height function"", ""ghf_direction"": ""x"", ""ghf_fit_points"": 0, ""ghf_height_points"": 3, ""ghf_independent_points"": 3, ""ghf_method"": ""height_function"", ""interval_count"": 1, ""objective"": 9.660536080424347e-12, ""optimizer_message"": ""CONVERGENCE: NORM_OF_PROJECTED_GRADIENT_<=_PGTOL"", ""optimizer_success"": true}"
PLVIRA,PLVIRA,zalesak,0,128,46,69,reconstructed,0.35072979701648155,0.35072979701648105,4.996003610813204e-16,0.06674063403243932,0.06666666666666667,7.396736577265639e-05,6.305754165860044e-16,True,height_function,"{""curvature"": 0.06674063403243932, ""curvature_source"": ""cartesian-ghf"", ""ghf_diagnostic"": ""complete three-column height function"", ""ghf_direction"": ""x"", ""ghf_fit_points"": 0, ""ghf_height_points"": 3, ""ghf_independent_points"": 3, ""ghf_method"": ""height_function"", ""interval_count"": 1, ""objective"": 6.305754165860044e-16, ""optimizer_message"": ""CONVERGENCE: REL_REDUCTION_OF_F_<=_FACTR*EPSMCH"", ""optimizer_success"": true}"
PLVIRA,PLVIRA,zalesak,0,128,46,70,reconstructed,0.15184865295061556,0.15184865295061473,8.326672684688674e-16,0.06674335294642644,0.06666666666666667,7.668627975977726e-05,1.2634256092321722e-11,True,height_function,"{""curvature"": 0.06674335294642644, ""curvature_source"": ""cartesian-ghf"", ""ghf_diagnostic"": ""complete three-column height function"", ""ghf_direction"": ""x"", ""ghf_fit_points"": 0, ""ghf_height_points"": 3, ""ghf_independent_points"": 3, ""ghf_method"": ""height_function"", ""interval_count"": 1, ""objective"": 1.2634256092321722e-11, ""optimizer_message"": ""CONVERGENCE: NORM_OF_PROJECTED_GRADIENT_<=_PGTOL"", ""optimizer_success"": true}"
PLVIRA,PLVIRA,zalesak,0,128,46,71,reconstructed,0.003331280758514854,0.0033312807585139173,9.367506770274758e-16,0.06674679696462135,0.06666666666666667,8.01302979546864e-05,7.193610175185809e-11,True,height_function,"{""curvature"": 0.06674679696462135, ""curvature_source"": ""cartesian-ghf"", ""ghf_diagnostic"": ""complete three-column height function"", ""ghf_direction"": ""x"", ""ghf_fit_points"": 0, ""ghf_height_points"": 3, ""ghf_independent_points"": 3, ""ghf_method"": ""height_function"", ""interval_count"": 1, ""objective"": 7.193610175185809e-11, ""optimizer_message"": ""CONVERGENCE: REL_REDUCTION_OF_F_<=_FACTR*EPSMCH"", ""optimizer_success"": true}"
PLVIRA,PLVIRA,zalesak,0,128,47,54,reconstructed,0.005123072540999418,0.005123072540999467,4.85722573273506e-17,0.06675734915692791,0.06666666666666667,9.068249026124298e-05,1.445491398939109e-10,True,height_function,"{""curvature"": 0.06675734915692791, ""curvature_source"": ""cartesian-ghf"", ""ghf_diagnostic"": ""complete three-column height function"", ""ghf_direction"": ""x"", ""ghf_fit_points"": 0, ""ghf_height_points"": 3, ""ghf_independent_points"": 3, ""ghf_method"": ""height_function"", ""interval_count"": 1, ""objective"": 1.445491398939109e-10, ""optimizer_message"": ""CONVERGENCE: REL_REDUCTION_OF_F_<=_FACTR*EPSMCH"", ""optimizer_success"": true}"
PLVIRA,PLVIRA,zalesak,0,128,47,55,reconstructed,0.2137657971367659,0.2137657971367647,1.2212453270876722e-15,0.06675169573498216,0.06666666666666667,8.50290683154925e-05,1.4708915522673005e-11,True,height_function,"{""curvature"": 0.06675169573498216, ""curvature_source"": ""cartesian-ghf"", ""ghf_diagnostic"": ""complete three-column height function"", ""ghf_direction"": ""x"", ""ghf_fit_points"": 0, ""ghf_height_points"": 3, ""ghf_independent_points"": 3, ""ghf_method"": ""height_function"", ""interval_count"": 1, ""objective"": 1.4708915522673005e-11, ""optimizer_message"": ""CONVERGENCE: NORM_OF_PROJECTED_GRADIENT_<=_PGTOL"", ""optimizer_success"": true}"
PLVIRA,PLVIRA,zalesak,0,128,47,56,reconstructed,0.4958230188520778,0.4958230188520612,1.659783421814609e-14,0.06674723518685238,0.06666666666666667,8.056852018571703e-05,2.6640245493794356e-12,True,height_function,"{""curvature"": 0.06674723518685238, ""curvature_source"": ""cartesian-ghf"", ""ghf_diagnostic"": ""complete three-column height function"", ""ghf_direction"": ""x"", ""ghf_fit_points"": 0, ""ghf_height_points"": 3, ""ghf_independent_points"": 3, ""ghf_method"": ""height_function"", ""interval_count"": 1, ""objective"": 2.6640245493794356e-12, ""optimizer_message"": ""CONVERGENCE: NORM_OF_PROJECTED_GRADIENT_<=_PGTOL"", ""optimizer_success"": true}"
PLVIRA,PLVIRA,zalesak,0,128,47,71,reconstructed,0.5218857488439808,0.5218857488439803,4.440892098500626e-16,0.06674679696462135,0.06666666666666667,8.01302979546864e-05,3.343313919363892e-12,True,height_function,"{""curvature"": 0.06674679696462135, ""curvature_source"": ""cartesian-ghf"", ""ghf_diagnostic"": ""complete three-column height function"", ""ghf_direction"": ""x"", ""ghf_fit_points"": 0, ""ghf_height_points"": 3, ""ghf_independent_points"": 3, ""ghf_method"": ""height_function"", ""interval_count"": 1, ""objective"": 3.343313919363892e-12, ""optimizer_message"": ""CONVERGENCE: REL_REDUCTION_OF_F_<=_FACTR*EPSMCH"", ""optimizer_success"": true}"
PLVIRA,PLVIRA,zalesak,0,128,47,72,reconstructed,0.24755417853531103,0.24755417853531295,1.915134717478395e-15,0.06675114237761676,0.06666666666666667,8.447571095009099e-05,5.3208040583774364e-11,True,height_function,"{""curvature"": 0.06675114237761676, ""curvature_source"": ""cartesian-ghf"", ""ghf_diagnostic"": ""complete three-column height function"", ""ghf_direction"": ""x"", ""ghf_fit_points"": 0, ""ghf_height_points"": 3, ""ghf_independent_points"": 3, ""ghf_method"": ""height_function"", ""interval_count"": 1, ""objective"": 5.3208040583774364e-11, ""optimizer_message"": ""CONVERGENCE: NORM_OF_PROJECTED_GRADIENT_<=_PGTOL"", ""optimizer_success"": true}"
PLVIRA,PLVIRA,zalesak,0,128,47,73,reconstructed,0.013670904336465561,0.013670904336464215,1.3461454173580023e-15,0.06675664521245842,0.06666666666666667,8.997854579174958e-05,1.2985952841591987e-10,True,height_function,"{""curvature"": 0.06675664521245842, ""curvature_source"": ""cartesian-ghf"", ""ghf_diagnostic"": ""complete three-column height function"", ""ghf_direction"": ""x"", ""ghf_fit_points"": 0, ""ghf_height_points"": 3, ""ghf_independent_points"": 3, ""ghf_method"": ""height_function"", ""interval_count"": 1, ""objective"": 1.2985952841591987e-10, ""optimizer_message"": ""CONVERGENCE: NORM_OF_PROJECTED_GRADIENT_<=_PGTOL"", ""optimizer_success"": true}"
PLVIRA,PLVIRA,zalesak,0,128,48,53,reconstructed,0.12981052697422601,0.12981052697424122,1.5210055437364645e-14,0.06676459711358097,0.06666666666666667,9.793044691430719e-05,4.2373758948727484e-11,True,height_function,"{""curvature"": 0.06676459711358097, ""curvature_source"": ""cartesian-ghf"", ""ghf_diagnostic"": ""complete three-column height function"", ""ghf_direction"": ""x"", ""ghf_fit_points"": 0, ""ghf_height_points"": 3, ""ghf_independent_points"": 3, ""ghf_method"": ""height_function"", ""interval_count"": 1, ""objective"": 4.2373758948727484e-11, ""optimizer_message"": ""CONVERGENCE: REL_REDUCTION_OF_F_<=_FACTR*EPSMCH"", ""optimizer_success"": true}"
PLVIRA,PLVIRA,zalesak,0,128,48,54,reconstructed,0.4921455280615046,0.49214552806150436,2.220446049250313e-16,0.06675734915692791,0.06666666666666667,9.068249026124298e-05,5.390070335907408e-11,True,height_function,"{""curvature"": 0.06675734915692791, ""curvature_source"": ""cartesian-ghf"", ""ghf_diagnostic"": ""complete three-column height function"", ""ghf_direction"": ""x"", ""ghf_fit_points"": 0, ""ghf_height_points"": 3, ""ghf_independent_points"": 3, ""ghf_method"": ""height_function"", ""interval_count"": 1, ""objective"": 5.390070335907408e-11, ""optimizer_message"": ""CONVERGENCE: NORM_OF_PROJECTED_GRADIENT_<=_PGTOL"", ""optimizer_success"": true}"
PLVIRA,PLVIRA,zalesak,0,128,48,73,reconstructed,0.5225656753983454,0.5225656753983453,1.1102230246251565e-16,0.06675664521245842,0.06666666666666667,8.997854579174958e-05,3.077890020643687e-11,True,height_function,"{""curvature"": 0.06675664521245842, ""curvature_source"": ""cartesian-ghf"", ""ghf_diagnostic"": ""complete three-column height function"", ""ghf_direction"": ""x"", ""ghf_fit_points"": 0, ""ghf_height_points"": 3, ""ghf_independent_points"": 3, ""ghf_method"": ""height_function"", ""interval_count"": 1, ""objective"": 3.077890020643687e-11, ""optimizer_message"": ""CONVERGENCE: NORM_OF_PROJECTED_GRADIENT_<=_PGTOL"", ""optimizer_success"": true}"
PLVIRA,PLVIRA,zalesak,0,128,48,74,reconstructed,0.16778932282310777,0.1677893228231072,5.551115123125783e-16,0.0667636885064768,0.06666666666666667,9.702183981014079e-05,4.996076389613876e-11,True,height_function,"{""curvature"": 0.0667636885064768, ""curvature_source"": ""cartesian-ghf"", ""ghf_diagnostic"": ""complete three-column height function"", ""ghf_direction"": ""x"", ""ghf_fit_points"": 0, ""ghf_height_points"": 3, ""ghf_independent_points"": 3, ""ghf_method"": ""height_function"", ""interval_count"": 1, ""objective"": 4.996076389613876e-11, ""optimizer_message"": ""CONVERGENCE: NORM_OF_PROJECTED_GRADIENT_<=_PGTOL"", ""optimizer_success"": true}"
PLVIRA,PLVIRA,zalesak,0,128,49,51,reconstructed,0.004386656099085728,0.004386656099085735,6.938893903907228e-18,0.06678681298205905,0.06666666666666667,0.00012014631539238041,9.151296481942197e-10,True,height_function,"{""curvature"": 0.06678681298205905, ""curvature_source"": ""cartesian-ghf"", ""ghf_diagnostic"": ""complete three-column height function"", ""ghf_direction"": ""x"", ""ghf_fit_points"": 0, ""ghf_height_points"": 3, ""ghf_independent_points"": 3, ""ghf_method"": ""height_function"", ""interval_count"": 1, ""objective"": 9.151296481942197e-10, ""optimizer_message"": ""CONVERGENCE: REL_REDUCTION_OF_F_<=_FACTR*EPSMCH"", ""optimizer_success"": true}"
PLVIRA,PLVIRA,zalesak,0,128,49,52,reconstructed,0.3013322797858278,0.30133227978582744,3.3306690738754696e-16,0.06677406935771281,0.06666666666666667,0.00010740269104614342,2.619786687179251e-11,True,height_function,"{""curvature"": 0.06677406935771281, ""curvature_source"": ""cartesian-ghf"", ""ghf_diagnostic"": ""complete three-column height function"", ""ghf_direction"": ""x"", ""ghf_fit_points"": 0, ""ghf_height_points"": 3, ""ghf_independent_points"": 3, ""ghf_method"": ""height_function"", ""interval_count"": 1, ""objective"": 2.619786687179251e-11, ""optimizer_message"": ""CONVERGENCE: NORM_OF_PROJECTED_GRADIENT_<=_PGTOL"", ""optimizer_success"": true}"
PLVIRA,PLVIRA,zalesak,0,128,49,53,reconstructed,0.6020651953016545,0.6020651953016543,2.220446049250313e-16,0.06676459711358097,0.06666666666666667,9.793044691430719e-05,2.393445567523519e-10,True,height_function,"{""curvature"": 0.06676459711358097, ""curvature_source"": ""cartesian-ghf"", ""ghf_diagnostic"": ""complete three-column height function"", ""ghf_direction"": ""x"", ""ghf_fit_points"": 0, ""ghf_height_points"": 3, ""ghf_independent_points"": 3, ""ghf_method"": ""height_function"", ""interval_count"": 1, ""objective"": 2.393445567523519e-10, ""optimizer_message"": ""CONVERGENCE: REL_REDUCTION_OF_F_<=_FACTR*EPSMCH"", ""optimizer_success"": true}"
PLVIRA,PLVIRA,zalesak,0,128,49,74,reconstructed,0.6087964016643838,0.6087964016643841,3.3306690738754696e-16,0.0667636885064768,0.06666666666666667,9.702183981014079e-05,2.675146674335151e-10,True,height_function,"{""curvature"": 0.0667636885064768, ""curvature_source"": ""cartesian-ghf"", ""ghf_diagnostic"": ""complete three-column height function"", ""ghf_direction"": ""x"", ""ghf_fit_points"": 0, ""ghf_height_points"": 3, ""ghf_independent_points"": 3, ""ghf_method"": ""height_function"", ""interval_count"": 1, ""objective"": 2.675146674335151e-10, ""optimizer_message"": ""CONVERGENCE: NORM_OF_PROJECTED_GRADIENT_<=_PGTOL"", ""optimizer_success"": true}"
PLVIRA,PLVIRA,zalesak,0,128,49,75,reconstructed,0.3525353307818744,0.35253533078187516,7.771561172376096e-16,0.06677286951836243,0.06666666666666667,0.00010620285169576915,3.2657875075641416e-11,True,height_function,"{""curvature"": 0.06677286951836243, ""curvature_source"": ""cartesian-ghf"", ""ghf_diagnostic"": ""complete three-column height function"", ""ghf_direction"": ""x"", ""ghf_fit_points"": 0, ""ghf_height_points"": 3, ""ghf_independent_points"": 3, ""ghf_method"": ""height_function"", ""interval_count"": 1, ""objective"": 3.2657875075641416e-11, ""optimizer_message"": ""CONVERGENCE: NORM_OF_PROJECTED_GRADIENT_<=_PGTOL"", ""optimizer_success"": true}"
PLVIRA,PLVIRA,zalesak,0,128,49,76,reconstructed,0.014851341926107597,0.01485134192610401,3.587408148320037e-15,0.06678517382607861,0.06666666666666667,0.00011850715941194578,8.681039571825405e-10,True,height_function,"{""curvature"": 0.06678517382607861, ""curvature_source"": ""cartesian-ghf"", ""ghf_diagnostic"": ""complete three-column height function"", ""ghf_direction"": ""x"", ""ghf_fit_points"": 0, ""ghf_height_points"": 3, ""ghf_independent_points"": 3, ""ghf_method"": ""height_function"", ""interval_count"": 1, ""objective"": 8.681039571825405e-10, ""optimizer_message"": ""CONVERGENCE: REL_REDUCTION_OF_F_<=_FACTR*EPSMCH"", ""optimizer_success"": true}"
PLVIRA,PLVIRA,zalesak,0,128,50,50,reconstructed,0.01914499813276871,0.019144998132768744,3.469446951953614e-17,0.06680471837520403,0.06666666666666667,0.0001380517085373678,1.421783964784012e-09,True,height_function,"{""curvature"": 0.06680471837520403, ""curvature_source"": ""cartesian-ghf"", ""ghf_diagnostic"": ""complete three-column height function"", ""ghf_direction"": ""x"", ""ghf_fit_points"": 0, ""ghf_height_points"": 3, ""ghf_independent_points"": 3, ""ghf_method"": ""height_function"", ""interval_count"": 1, ""objective"": 1.421783964784012e-09, ""optimizer_message"": ""CONVERGENCE: REL_REDUCTION_OF_F_<=_FACTR*EPSMCH"", ""optimizer_success"": true}"
PLVIRA,PLVIRA,zalesak,0,128,50,51,reconstructed,0.41394804926609835,0.4139480492660984,5.551115123125783e-17,0.06678681298205905,0.06666666666666667,0.00012014631539238041,3.105981774674513e-11,True,height_function,"{""curvature"": 0.06678681298205905, ""curvature_source"": ""cartesian-ghf"", ""ghf_diagnostic"": ""complete three-column height function"", ""ghf_direction"": ""x"", ""ghf_fit_points"": 0, ""ghf_height_points"": 3, ""ghf_independent_points"": 3, ""ghf_method"": ""height_function"", ""interval_count"": 1, ""objective"": 3.105981774674513e-11, ""optimizer_message"": ""CONVERGENCE: NORM_OF_PROJECTED_GRADIENT_<=_PGTOL"", ""optimizer_success"": true}"
PLVIRA,PLVIRA,zalesak,0,128,50,76,reconstructed,0.4622109915069767,0.4622109915069746,2.1094237467877974e-15,0.06678517382607861,0.06666666666666667,0.00011850715941194578,7.210720041719703e-11,True,height_function,"{""curvature"": 0.06678517382607861, ""curvature_source"": ""cartesian-ghf"", ""ghf_diagnostic"": ""complete three-column height function"", ""ghf_direction"": ""x"", ""ghf_fit_points"": 0, ""ghf_height_points"": 3, ""ghf_independent_points"": 3, ""ghf_method"": ""height_function"", ""interval_count"": 1, ""objective"": 7.210720041719703e-11, ""optimizer_message"": ""CONVERGENCE: REL_REDUCTION_OF_F_<=_FACTR*EPSMCH"", ""optimizer_success"": true}"
PLVIRA,PLVIRA,zalesak,0,128,50,77,reconstructed,0.03928099907781801,0.039280999077815765,2.248201624865942e-15,0.06680236166226372,0.06666666666666667,0.0001356949955970549,1.1978329882585016e-09,True,height_function,"{""curvature"": 0.06680236166226372, ""curvature_source"": ""cartesian-ghf"", ""ghf_diagnostic"": ""complete three-column height function"", ""ghf_direction"": ""x"", ""ghf_fit_points"": 0, ""ghf_height_points"": 3, ""ghf_independent_points"": 3, ""ghf_method"": ""height_function"", ""interval_count"": 1, ""objective"": 1.1978329882585016e-09, ""optimizer_message"": ""CONVERGENCE: REL_REDUCTION_OF_F_<=_FACTR*EPSMCH"", ""optimizer_success"": true}"
PLVIRA,PLVIRA,zalesak,0,128,51,49,reconstructed,0.016760519577823763,0.016760519577822916,8.465450562766819e-16,0.06680016631489814,0.06666666666666667,0.00013349964823147764,1.325580681797743e-09,True,height_function,"{""curvature"": 0.06680016631489814, ""curvature_source"": ""cartesian-ghf"", ""ghf_diagnostic"": ""complete three-column height function"", ""ghf_direction"": ""y"", ""ghf_fit_points"": 0, ""ghf_height_points"": 3, ""ghf_independent_points"": 3, ""ghf_method"": ""height_function"", ""interval_count"": 1, ""objective"": 1.325580681797743e-09, ""optimizer_message"": ""CONVERGENCE: NORM_OF_PROJECTED_GRADIENT_<=_PGTOL"", ""optimizer_success"": true}"
PLVIRA,PLVIRA,zalesak,0,128,51,50,reconstructed,0.4421442687045376,0.4421442687045375,1.1102230246251565e-16,0.06680016631489814,0.06666666666666667,0.00013349964823147764,1.5044415634818213e-10,True,height_function,"{""curvature"": 0.06680016631489814, ""curvature_source"": ""cartesian-ghf"", ""ghf_diagnostic"": ""complete three-column height function"", ""ghf_direction"": ""y"", ""ghf_fit_points"": 0, ""ghf_height_points"": 3, ""ghf_independent_points"": 3, ""ghf_method"": ""height_function"", ""interval_count"": 1, ""objective"": 1.5044415634818213e-10, ""optimizer_message"": ""CONVERGENCE: REL_REDUCTION_OF_F_<=_FACTR*EPSMCH"", ""optimizer_success"": true}"
PLVIRA,PLVIRA,zalesak,0,128,51,77,reconstructed,0.48973447036349427,0.48973447036349405,2.220446049250313e-16,0.06680016631538187,0.06666666666666667,0.0001334996487152018,4.988430534194386e-10,True,height_function,"{""curvature"": 0.06680016631538187, ""curvature_source"": ""cartesian-ghf"", ""ghf_diagnostic"": ""complete three-column height function"", ""ghf_direction"": ""y"", ""ghf_fit_points"": 0, ""ghf_height_points"": 3, ""ghf_independent_points"": 3, ""ghf_method"": ""height_function"", ""interval_count"": 1, ""objective"": 4.988430534194386e-10, ""optimizer_message"": ""CONVERGENCE: NORM_OF_PROJECTED_GRADIENT_<=_PGTOL"", ""optimizer_success"": true}"
PLVIRA,PLVIRA,zalesak,0,128,51,78,reconstructed,0.03756926110506331,0.03756926110505855,4.760081218080359e-15,0.06680016631538187,0.06666666666666667,0.0001334996487152018,1.1457019642515015e-09,True,height_function,"{""curvature"": 0.06680016631538187, ""curvature_source"": ""cartesian-ghf"", ""ghf_diagnostic"": ""complete three-column height function"", ""ghf_direction"": ""y"", ""ghf_fit_points"": 0, ""ghf_height_points"": 3, ""ghf_independent_points"": 3, ""ghf_method"": ""height_function"", ""interval_count"": 1, ""objective"": 1.1457019642515015e-09, ""optimizer_message"": ""CONVERGENCE: REL_REDUCTION_OF_F_<=_FACTR*EPSMCH"", ""optimizer_success"": true}"
PLVIRA,PLVIRA,zalesak,0,128,52,48,reconstructed,0.0015239357904522908,0.0015239357904522494,4.141652298894627e-17,0.06678363647854912,0.06666666666666667,0.00011696981188245859,7.979696604252153e-10,True,height_function,"{""curvature"": 0.06678363647854912, ""curvature_source"": ""cartesian-ghf"", ""ghf_diagnostic"": ""complete three-column height function"", ""ghf_direction"": ""y"", ""ghf_fit_points"": 0, ""ghf_height_points"": 3, ""ghf_independent_points"": 3, ""ghf_method"": ""height_function"", ""interval_count"": 1, ""objective"": 7.979696604252153e-10, ""optimizer_message"": ""CONVERGENCE: NORM_OF_PROJECTED_GRADIENT_<=_PGTOL"", ""optimizer_success"": true}"
PLVIRA,PLVIRA,zalesak,0,128,52,49,reconstructed,0.3968604511698386,0.3968604511698385,1.1102230246251565e-16,0.06678363647854912,0.06666666666666667,0.00011696981188245859,2.5863611706318396e-11,True,height_function,"{""curvature"": 0.06678363647854912, ""curvature_source"": ""cartesian-ghf"", ""ghf_diagnostic"": ""complete three-column height function"", ""ghf_direction"": ""y"", ""ghf_fit_points"": 0, ""ghf_height_points"": 3, ""ghf_independent_points"": 3, ""ghf_method"": ""height_function"", ""interval_count"": 1, ""objective"": 2.5863611706318396e-11, ""optimizer_message"": ""CONVERGENCE: NORM_OF_PROJECTED_GRADIENT_<=_PGTOL"", ""optimizer_success"": true}"
PLVIRA,PLVIRA,zalesak,0,128,52,78,reconstructed,0.45500396443947544,0.4550039644394751,3.3306690738754696e-16,0.06678363647806973,0.06666666666666667,0.00011696981140306428,6.348993459207156e-11,True,height_function,"{""curvature"": 0.06678363647806973, ""curvature_source"": ""cartesian-ghf"", ""ghf_diagnostic"": ""complete three-column height function"", ""ghf_direction"": ""y"", ""ghf_fit_points"": 0, ""ghf_height_points"": 3, ""ghf_independent_points"": 3, ""ghf_method"": ""height_function"", ""interval_count"": 1, ""objective"": 6.348993459207156e-11, ""optimizer_message"": ""CONVERGENCE: NORM_OF_PROJECTED_GRADIENT_<=_PGTOL"", ""optimizer_success"": true}"
PLVIRA,PLVIRA,zalesak,0,128,52,79,reconstructed,0.01177936570666338,0.011779365706663325,5.551115123125783e-17,0.06678363647806973,0.06666666666666667,0.00011696981140306428,8.181255876715081e-10,True,height_function,"{""curvature"": 0.06678363647806973, ""curvature_source"": ""cartesian-ghf"", ""ghf_diagnostic"": ""complete three-column height function"", ""ghf_direction"": ""y"", ""ghf_fit_points"": 0, ""ghf_height_points"": 3, ""ghf_independent_points"": 3, ""ghf_method"": ""height_function"", ""interval_count"": 1, ""objective"": 8.181255876715081e-10, ""optimizer_message"": ""CONVERGENCE: REL_REDUCTION_OF_F_<=_FACTR*EPSMCH"", ""optimizer_success"": true}"
PLVIRA,PLVIRA,zalesak,0,128,53,48,reconstructed,0.2666653443314395,0.266665344331443,3.497202527569243e-15,0.06677173918246648,0.06666666666666667,0.00010507251579981725,3.5905688159297125e-11,True,height_function,"{""curvature"": 0.06677173918246648, ""curvature_source"": ""cartesian-ghf"", ""ghf_diagnostic"": ""complete three-column height function"", ""ghf_direction"": ""y"", ""ghf_fit_points"": 0, ""ghf_height_points"": 3, ""ghf_independent_points"": 3, ""ghf_method"": ""height_function"", ""interval_count"": 1, ""objective"": 3.5905688159297125e-11, ""optimizer_message"": ""CONVERGENCE: REL_REDUCTION_OF_F_<=_FACTR*EPSMCH"", ""optimizer_success"": true}"
PLVIRA,PLVIRA,zalesak,0,128,53,79,reconstructed,0.335064287517465,0.3350642875174651,1.1102230246251565e-16,0.06677173918277376,0.06666666666666667,0.00010507251610709922,3.258561858207517e-11,True,height_function,"{""curvature"": 0.06677173918277376, ""curvature_source"": ""cartesian-ghf"", ""ghf_diagnostic"": ""complete three-column height function"", ""ghf_direction"": ""y"", ""ghf_fit_points"": 0, ""ghf_height_points"": 3, ""ghf_independent_points"": 3, ""ghf_method"": ""height_function"", ""interval_count"": 1, ""objective"": 3.258561858207517e-11, ""optimizer_message"": ""CONVERGENCE: NORM_OF_PROJECTED_GRADIENT_<=_PGTOL"", ""optimizer_success"": true}"
PLVIRA,PLVIRA,zalesak,0,128,54,47,reconstructed,0.09322704017194638,0.0932270401719464,1.3877787807814457e-17,0.06676282996199147,0.06666666666666667,9.616329532480261e-05,5.668420115755878e-11,True,height_function,"{""curvature"": 0.06676282996199147, ""curvature_source"": ""cartesian-ghf"", ""ghf_diagnostic"": ""complete three-column height function"", ""ghf_direction"": ""y"", ""ghf_fit_points"": 0, ""ghf_height_points"": 3, ""ghf_independent_points"": 3, ""ghf_method"": ""height_function"", ""interval_count"": 1, ""objective"": 5.668420115755878e-11, ""optimizer_message"": ""CONVERGENCE: NORM_OF_PROJECTED_GRADIENT_<=_PGTOL"", ""optimizer_success"": true}"
PLVIRA,PLVIRA,zalesak,0,128,54,48,reconstructed,0.5912639487119438,0.5912639487119434,3.3306690738754696e-16,0.06676282996199147,0.06666666666666667,9.616329532480261e-05,2.405235569664217e-10,True,height_function,"{""curvature"": 0.06676282996199147, ""curvature_source"": ""cartesian-ghf"", ""ghf_diagnostic"": ""complete three-column height function"", ""ghf_direction"": ""y"", ""ghf_fit_points"": 0, ""ghf_height_points"": 3, ""ghf_independent_points"": 3, ""ghf_method"": ""height_function"", ""interval_count"": 1, ""objective"": 2.405235569664217e-10, ""optimizer_message"": ""CONVERGENCE: NORM_OF_PROJECTED_GRADIENT_<=_PGTOL"", ""optimizer_success"": true}"
PLVIRA,PLVIRA,zalesak,0,128,54,79,reconstructed,0.6064420226029159,0.6064420226029159,0.0,0.0667628299616127,0.06666666666666667,9.616329494603615e-05,2.3825843752973893e-10,True,height_function,"{""curvature"": 0.0667628299616127, ""curvature_source"": ""cartesian-ghf"", ""ghf_diagnostic"": ""complete three-column height function"", ""ghf_direction"": ""y"", ""ghf_fit_points"": 0, ""ghf_height_points"": 3, ""ghf_independent_points"": 3, ""ghf_method"": ""height_function"", ""interval_count"": 1, ""objective"": 2.3825843752973893e-10, ""optimizer_message"": ""CONVERGENCE: NORM_OF_PROJECTED_GRADIENT_<=_PGTOL"", ""optimizer_success"": true}"
PLVIRA,PLVIRA,zalesak,0,128,54,80,reconstructed,0.14644790946689223,0.14644790946689246,2.220446049250313e-16,0.0667628299616127,0.06666666666666667,9.616329494603615e-05,3.657386494789214e-11,True,height_function,"{""curvature"": 0.0667628299616127, ""curvature_source"": ""cartesian-ghf"", ""ghf_diagnostic"": ""complete three-column height function"", ""ghf_direction"": ""y"", ""ghf_fit_points"": 0, ""ghf_height_points"": 3, ""ghf_independent_points"": 3, ""ghf_method"": ""height_function"", ""interval_count"": 1, ""objective"": 3.657386494789214e-11, ""optimizer_message"": ""CONVERGENCE: REL_REDUCTION_OF_F_<=_FACTR*EPSMCH"", ""optimizer_success"": true}"
PLVIRA,PLVIRA,zalesak,0,128,55,47,reconstructed,0.43862390062518575,0.438623900625165,2.0761170560490427e-14,0.0667559787344604,0.06666666666666667,8.931206779373702e-05,7.568818567934501e-11,True,height_function,"{""curvature"": 0.0667559787344604, ""curvature_source"": ""cartesian-ghf"", ""ghf_diagnostic"": ""complete three-column height function"", ""ghf_direction"": ""y"", ""ghf_fit_points"": 0, ""ghf_height_points"": 3, ""ghf_independent_points"": 3, ""ghf_method"": ""height_function"", ""interval_count"": 1, ""objective"": 7.568818567934501e-11, ""optimizer_message"": ""CONVERGENCE: REL_REDUCTION_OF_F_<=_FACTR*EPSMCH"", ""optimizer_success"": true}"
PLVIRA,PLVIRA,zalesak,0,128,55,80,reconstructed,0.5008881390651982,0.500888139065198,2.220446049250313e-16,0.06675597873519029,0.06666666666666667,8.931206852362539e-05,3.5546419354850495e-11,True,height_function,"{""curvature"": 0.06675597873519029, ""curvature_source"": ""cartesian-ghf"", ""ghf_diagnostic"": ""complete three-column height function"", ""ghf_direction"": ""y"", ""ghf_fit_points"": 0, ""ghf_height_points"": 3, ""ghf_independent_points"": 3, ""ghf_method"": ""height_function"", ""interval_count"": 1, ""objective"": 3.5546419354850495e-11, ""optimizer_message"": ""CONVERGENCE: NORM_OF_PROJECTED_GRADIENT_<=_PGTOL"", ""optimizer_success"": true}"
PLVIRA,PLVIRA,zalesak,0,128,55,81,reconstructed,0.006134704746095787,0.0061347047460953985,3.885780586188048e-16,0.06675597873519029,0.06666666666666667,8.931206852362539e-05,1.329906239834368e-10,True,height_function,"{""curvature"": 0.06675597873519029, ""curvature_source"": ""cartesian-ghf"", ""ghf_diagnostic"": ""complete three-column height function"", ""ghf_direction"": ""y"", ""ghf_fit_points"": 0, ""ghf_height_points"": 3, ""ghf_independent_points"": 3, ""ghf_method"": ""height_function"", ""interval_count"": 1, ""objective"": 1.329906239834368e-10, ""optimizer_message"": ""CONVERGENCE: REL_REDUCTION_OF_F_<=_FACTR*EPSMCH"", ""optimizer_success"": true}"
PLVIRA,PLVIRA,zalesak,0,128,56,46,reconstructed,0.14500756132244952,0.14500756132245024,7.216449660063518e-16,0.06675061786383245,0.06666666666666667,8.395119716578248e-05,1.0063274331343505e-11,True,height_function,"{""curvature"": 0.06675061786383245, ""curvature_source"": ""cartesian-ghf"", ""ghf_diagnostic"": ""complete three-column height function"", ""ghf_direction"": ""y"", ""ghf_fit_points"": 0, ""ghf_height_points"": 3, ""ghf_independent_points"": 3, ""ghf_method"": ""height_function"", ""interval_count"": 1, ""objective"": 1.0063274331343505e-11, ""optimizer_message"": ""CONVERGENCE: REL_REDUCTION_OF_F_<=_FACTR*EPSMCH"", ""optimizer_success"": true}"
PLVIRA,PLVIRA,zalesak,0,128,56,47,reconstructed,0.6102982150063634,0.6102982150063638,4.440892098500626e-16,0.06675061786383245,0.06666666666666667,8.395119716578248e-05,1.6658761306655136e-10,True,height_function,"{""curvature"": 0.06675061786383245, ""curvature_source"": ""cartesian-ghf"", ""ghf_diagnostic"": ""complete three-column height function"", ""ghf_direction"": ""y"", ""ghf_fit_points"": 0, ""ghf_height_points"": 3, ""ghf_independent_points"": 3, ""ghf_method"": ""height_function"", ""interval_count"": 1, ""objective"": 1.6658761306655136e-10, ""optimizer_message"": ""CONVERGENCE: REL_REDUCTION_OF_F_<=_FACTR*EPSMCH"", ""optimizer_success"": true}"
PLVIRA,PLVIRA,zalesak,0,128,56,81,reconstructed,0.21335315701459567,0.21335315701459534,3.3306690738754696e-16,0.06675061786296775,0.06666666666666667,8.395119630108527e-05,1.8973624491954636e-11,True,height_function,"{""curvature"": 0.06675061786296775, ""curvature_source"": ""cartesian-ghf"", ""ghf_diagnostic"": ""complete three-column height function"", ""ghf_direction"": ""y"", ""ghf_fit_points"": 0, ""ghf_height_points"": 3, ""ghf_independent_points"": 3, ""ghf_method"": ""height_function"", ""interval_count"": 1, ""objective"": 1.8973624491954636e-11, ""optimizer_message"": ""CONVERGENCE: REL_REDUCTION_OF_F_<=_FACTR*EPSMCH"", ""optimizer_success"": true}"
PLVIRA,PLVIRA,zalesak,0,128,57,46,reconstructed,0.418035627416379,0.41803562741638073,1.7208456881689926e-15,0.0667463814228731,0.06666666666666667,7.971475620643931e-05,2.3345795556143406e-11,True,height_function,"{""curvature"": 0.0667463814228731, ""curvature_source"": ""cartesian-ghf"", ""ghf_diagnostic"": ""complete three-column height function"", ""ghf_direction"": ""y"", ""ghf_fit_points"": 0, ""ghf_height_points"": 3, ""ghf_independent_points"": 3, ""ghf_method"": ""height_function"", ""interval_count"": 1, ""objective"": 2.3345795556143406e-11, ""optimizer_message"": ""CONVERGENCE: NORM_OF_PROJECTED_GRADIENT_<=_PGTOL"", ""optimizer_success"": true}"
PLVIRA,PLVIRA,zalesak,0,128,57,81,reconstructed,0.48643457060240447,0.486434570602402,2.4424906541753444e-15,0.06674638142357504,0.06666666666666667,7.971475690837782e-05,3.77064874143074e-12,True,height_function,"{""curvature"": 0.06674638142357504, ""curvature_source"": ""cartesian-ghf"", ""ghf_diagnostic"": ""complete three-column height function"", ""ghf_direction"": ""y"", ""ghf_fit_points"": 0, ""ghf_height_points"": 3, ""ghf_independent_points"": 3, ""ghf_method"": ""height_function"", ""interval_count"": 1, ""objective"": 3.77064874143074e-12, ""optimizer_message"": ""CONVERGENCE: NORM_OF_PROJECTED_GRADIENT_<=_PGTOL"", ""optimizer_success"": true}"
PLVIRA,PLVIRA,zalesak,0,128,58,45,reconstructed,0.05095415008124248,0.05095415008124393,1.4502288259166107e-15,0.06674302389417766,0.06666666666666667,7.635722751099527e-05,8.132344176807694e-12,True,height_function,"{""curvature"": 0.06674302389417766, ""curvature_source"": ""cartesian-ghf"", ""ghf_diagnostic"": ""complete three-column height function"", ""ghf_direction"": ""y"", ""ghf_fit_points"": 0, ""ghf_height_points"": 3, ""ghf_independent_points"": 3, ""ghf_method"": ""height_function"", ""interval_count"": 1, ""objective"": 8.132344176807694e-12, ""optimizer_message"": ""CONVERGENCE: NORM_OF_PROJECTED_GRADIENT_<=_PGTOL"", ""optimizer_success"": true}"
PLVIRA,PLVIRA,zalesak,0,128,58,46,reconstructed,0.5997970392496417,0.5997970392496408,8.881784197001252e-16,0.06674302389417766,0.06666666666666667,7.635722751099527e-05,2.4376398962590485e-11,True,height_function,"{""curvature"": 0.06674302389417766, ""curvature_source"": ""cartesian-ghf"", ""ghf_diagnostic"": ""complete three-column height function"", ""ghf_direction"": ""y"", ""ghf_fit_points"": 0, ""ghf_height_points"": 3, ""ghf_independent_points"": 3, ""ghf_method"": ""height_function"", ""interval_count"": 1, ""objective"": 2.4376398962590485e-11, ""optimizer_message"": ""CONVERGENCE: NORM_OF_PROJECTED_GRADIENT_<=_PGTOL"", ""optimizer_success"": true}"
PLVIRA,PLVIRA,zalesak,0,128,58,81,reconstructed,0.6103491382058107,0.6103491382058107,0.0,0.06674302389352901,0.06666666666666667,7.635722686234747e-05,3.4252091807993535e-11,True,height_function,"{""curvature"": 0.06674302389352901, ""curvature_source"": ""cartesian-ghf"", ""ghf_diagnostic"": ""complete three-column height function"", ""ghf_direction"": ""y"", ""ghf_fit_points"": 0, ""ghf_height_points"": 3, ""ghf_independent_points"": 3, ""ghf_method"": ""height_function"", ""interval_count"": 1, ""objective"": 3.4252091807993535e-11, ""optimizer_message"": ""CONVERGENCE: NORM_OF_PROJECTED_GRADIENT_<=_PGTOL"", ""optimizer_success"": true}"
PLVIRA,PLVIRA,zalesak,0,128,58,82,reconstructed,0.10880099431091494,0.10880099431091476,1.8041124150158794e-16,0.06674302389352901,0.06666666666666667,7.635722686234747e-05,5.535815848385711e-12,True,height_function,"{""curvature"": 0.06674302389352901, ""curvature_source"": ""cartesian-ghf"", ""ghf_diagnostic"": ""complete three-column height function"", ""ghf_direction"": ""y"", ""ghf_fit_points"": 0, ""ghf_height_points"": 3, ""ghf_independent_points"": 3, ""ghf_method"": ""height_function"", ""interval_count"": 1, ""objective"": 5.535815848385711e-12, ""optimizer_message"": ""CONVERGENCE: NORM_OF_PROJECTED_GRADIENT_<=_PGTOL"", ""optimizer_success"": true}"
PLVIRA,PLVIRA,zalesak,0,128,59,45,reconstructed,0.23525662163950045,0.23525662163949532,5.134781488891349e-15,0.06674037579693354,0.06666666666666667,7.370913026687187e-05,7.342520683771011e-11,True,height_function,"{""curvature"": 0.06674037579693354, ""curvature_source"": ""cartesian-ghf"", ""ghf_diagnostic"": ""complete three-column height function"", ""ghf_direction"": ""y"", ""ghf_fit_points"": 0, ""ghf_height_points"": 3, ""ghf_independent_points"": 3, ""ghf_method"": ""height_function"", ""interval_count"": 1, ""objective"": 7.342520683771011e-11, ""optimizer_message"": ""CONVERGENCE: NORM_OF_PROJECTED_GRADIENT_<=_PGTOL"", ""optimizer_success"": true}"
PLVIRA,PLVIRA,zalesak,0,128,59,82,reconstructed,0.3036555648255259,0.30365556482551276,1.3156142841808105e-14,0.06674037579770004,0.06666666666666667,7.370913103336985e-05,4.948996059427396e-14,True,height_function,"{""curvature"": 0.06674037579770004, ""curvature_source"": ""cartesian-ghf"", ""ghf_diagnostic"": ""complete three-column height function"", ""ghf_direction"": ""y"", ""ghf_fit_points"": 0, ""ghf_height_points"": 3, ""ghf_independent_points"": 3, ""ghf_method"": ""height_function"", ""interval_count"": 1, ""objective"": 4.948996059427396e-14, ""optimizer_message"": ""CONVERGENCE: NORM_OF_PROJECTED_GRADIENT_<=_PGTOL"", ""optimizer_success"": true}"
PLVIRA,PLVIRA,zalesak,0,128,60,45,reconstructed,0.39419632250034464,0.3941963225003496,4.9404924595819466e-15,0.06673831806105363,0.06666666666666667,7.165139438695955e-05,1.1473643114013421e-14,True,height_function,"{""curvature"": 0.06673831806105363, ""curvature_source"": ""cartesian-ghf"", ""ghf_diagnostic"": ""complete three-column height function"", ""ghf_direction"": ""y"", ""ghf_fit_points"": 0, ""ghf_height_points"": 3, ""ghf_independent_points"": 3, ""ghf_method"": ""height_function"", ""interval_count"": 1, ""objective"": 1.1473643114013421e-14, ""optimizer_message"": ""CONVERGENCE: NORM_OF_PROJECTED_GRADIENT_<=_PGTOL"", ""optimizer_success"": true}"
PLVIRA,PLVIRA,zalesak,0,128,60,82,reconstructed,0.46259526568614273,0.46259526568614234,3.885780586188048e-16,0.06673831806003842,0.06666666666666667,7.165139337175774e-05,5.876356896580047e-11,True,height_function,"{""curvature"": 0.06673831806003842, ""curvature_source"": ""cartesian-ghf"", ""ghf_diagnostic"": ""complete three-column height function"", ""ghf_direction"": ""y"", ""ghf_fit_points"": 0, ""ghf_height_points"": 3, ""ghf_independent_points"": 3, ""ghf_method"": ""height_function"", ""interval_count"": 1, ""objective"": 5.876356896580047e-11, ""optimizer_message"": ""CONVERGENCE: NORM_OF_PROJECTED_GRADIENT_<=_PGTOL"", ""optimizer_success"": true}"
PLVIRA,PLVIRA,zalesak,0,128,61,45,reconstructed,0.5187045956765131,0.5187045956765132,1.1102230246251565e-16,1.898568223395411,0.06666666666666667,1.8319015567287444,0.02494750350812955,True,mixed_height_parabola,"{""curvature"": 1.898568223395411, ""curvature_source"": ""cartesian-ghf"", ""ghf_diagnostic"": ""parabola fit to consistent heights from both directions"", ""ghf_direction"": null, ""ghf_fit_points"": 3, ""ghf_height_points"": 3, ""ghf_independent_points"": 3, ""ghf_method"": ""mixed_height_parabola"", ""interval_count"": 1, ""objective"": 0.02494750350812955, ""optimizer_message"": ""CONVERGENCE: REL_REDUCTION_OF_F_<=_FACTR*EPSMCH"", ""optimizer_success"": true}"
PLVIRA,PLVIRA,zalesak,0,128,61,52,reconstructed,0.6069690373019512,0.6069690373019534,2.220446049250313e-15,1.190578149692946e-12,0.0,1.190578149692946e-12,6.799935134397944e-16,True,height_function,"{""curvature"": 1.190578149692946e-12, ""curvature_source"": ""cartesian-ghf"", ""ghf_diagnostic"": ""complete three-column height function"", ""ghf_direction"": ""x"", ""ghf_fit_points"": 0, ""ghf_height_points"": 3, ""ghf_independent_points"": 3, ""ghf_method"": ""height_function"", ""interval_count"": 1, ""objective"": 6.799935134397944e-16, ""optimizer_message"": ""CONVERGENCE: REL_REDUCTION_OF_F_<=_FACTR*EPSMCH"", ""optimizer_success"": true}"
PLVIRA,PLVIRA,zalesak,0,128,61,53,reconstructed,0.5893471373130978,0.5893471373130978,0.0,-7.141652608074115e-13,0.0,7.141652608074115e-13,1.3238481322508384e-18,True,height_function,"{""curvature"": -7.141652608074115e-13, ""curvature_source"": ""cartesian-ghf"", ""ghf_diagnostic"": ""complete three-column height function"", ""ghf_direction"": ""x"", ""ghf_fit_points"": 0, ""ghf_height_points"": 3, ""ghf_independent_points"": 3, ""ghf_method"": ""height_function"", ""interval_count"": 1, ""objective"": 1.3238481322508384e-18, ""optimizer_message"": ""CONVERGENCE: NORM_OF_PROJECTED_GRADIENT_<=_PGTOL"", ""optimizer_success"": true}"
PLVIRA,PLVIRA,zalesak,0,128,61,54,reconstructed,0.570137672613555,0.570137672613555,0.0,-3.6325801668740096e-16,0.0,3.6325801668740096e-16,1.4728340644075493e-20,True,height_function,"{""curvature"": -3.6325801668740096e-16, ""curvature_source"": ""cartesian-ghf"", ""ghf_diagnostic"": ""complete three-column height function"", ""ghf_direction"": ""x"", ""ghf_fit_points"": 0, ""ghf_height_points"": 3, ""ghf_independent_points"": 3, ""ghf_method"": ""height_function"", ""interval_count"": 1, ""objective"": 1.4728340644075493e-20, ""optimizer_message"": ""CONVERGENCE: NORM_OF_PROJECTED_GRADIENT_<=_PGTOL"", ""optimizer_success"": true}"
PLVIRA,PLVIRA,zalesak,0,128,61,55,reconstructed,0.5509282079140121,0.5509282079140121,0.0,0.0,0.0,0.0,3.3666430091080563e-25,True,height_function,"{""curvature"": 0.0, ""curvature_source"": ""cartesian-ghf"", ""ghf_diagnostic"": ""complete three-column height function"", ""ghf_direction"": ""x"", ""ghf_fit_points"": 0, ""ghf_height_points"": 3, ""ghf_independent_points"": 3, ""ghf_method"": ""height_function"", ""interval_count"": 1, ""objective"": 3.3666430091080563e-25, ""optimizer_message"": ""CONVERGENCE: NORM_OF_PROJECTED_GRADIENT_<=_PGTOL"", ""optimizer_success"": true}"
PLVIRA,PLVIRA,zalesak,0,128,61,56,reconstructed,0.5317187432144692,0.5317187432144691,1.1102230246251565e-16,4.765945178938617e-13,0.0,4.765945178938617e-13,8.405264873918469e-26,True,height_function,"{""curvature"": 4.765945178938617e-13, ""curvature_source"": ""cartesian-ghf"", ""ghf_diagnostic"": ""complete three-column height function"", ""ghf_direction"": ""x"", ""ghf_fit_points"": 0, ""ghf_height_points"": 3, ""ghf_independent_points"": 3, ""ghf_method"": ""height_function"", ""interval_count"": 1, ""objective"": 8.405264873918469e-26, ""optimizer_message"": ""CONVERGENCE: NORM_OF_PROJECTED_GRADIENT_<=_PGTOL"", ""optimizer_success"": true}"
PLVIRA,PLVIRA,zalesak,0,128,61,57,reconstructed,0.512509278514699,0.5125092785146991,1.1102230246251565e-16,-4.765945178938617e-13,0.0,4.765945178938617e-13,1.1818620040049566e-15,True,height_function,"{""curvature"": -4.765945178938617e-13, ""curvature_source"": ""cartesian-ghf"", ""ghf_diagnostic"": ""complete three-column height function"", ""ghf_direction"": ""x"", ""ghf_fit_points"": 0, ""ghf_height_points"": 3, ""ghf_independent_points"": 3, ""ghf_method"": ""height_function"", ""interval_count"": 1, ""objective"": 1.1818620040049566e-15, ""optimizer_message"": ""CONVERGENCE: REL_REDUCTION_OF_F_<=_FACTR*EPSMCH"", ""optimizer_success"": true}"
PLVIRA,PLVIRA,zalesak,0,128,61,58,reconstructed,0.49329981381515614,0.4932998138151561,5.551115123125783e-17,-4.76231259877191e-13,0.0,4.76231259877191e-13,2.4579223960537986e-16,True,height_function,"{""curvature"": -4.76231259877191e-13, ""curvature_source"": ""cartesian-ghf"", ""ghf_diagnostic"": ""complete three-column height function"", ""ghf_direction"": ""x"", ""ghf_fit_points"": 0, ""ghf_height_points"": 3, ""ghf_independent_points"": 3, ""ghf_method"": ""height_function"", ""interval_count"": 1, ""objective"": 2.4579223960537986e-16, ""optimizer_message"": ""CONVERGENCE: REL_REDUCTION_OF_F_<=_FACTR*EPSMCH"", ""optimizer_success"": true}"
PLVIRA,PLVIRA,zalesak,0,128,61,59,reconstructed,0.4740903491158406,0.4740903491158406,0.0,1.4290570376482104e-12,0.0,1.4290570376482104e-12,1.4850150642652015e-17,True,height_function,"{""curvature"": 1.4290570376482104e-12, ""curvature_source"": ""cartesian-ghf"", ""ghf_diagnostic"": ""complete three-column height function"", ""ghf_direction"": ""x"", ""ghf_fit_points"": 0, ""ghf_height_points"": 3, ""ghf_independent_points"": 3, ""ghf_method"": ""height_function"", ""interval_count"": 1, ""objective"": 1.4850150642652015e-17, ""optimizer_message"": ""CONVERGENCE: REL_REDUCTION_OF_F_<=_FACTR*EPSMCH"", ""optimizer_success"": true}"
PLVIRA,PLVIRA,zalesak,0,128,61,60,reconstructed,0.4548808844158429,0.45488088441584307,1.6653345369377348e-16,-1.9052882975254178e-12,0.0,1.9052882975254178e-12,9.82320571092938e-23,True,height_function,"{""curvature"": -1.9052882975254178e-12, ""curvature_source"": ""cartesian-ghf"", ""ghf_diagnostic"": ""complete three-column height function"", ""ghf_direction"": ""x"", ""ghf_fit_points"": 0, ""ghf_height_points"": 3, ""ghf_independent_points"": 3, ""ghf_method"": ""height_function"", ""interval_count"": 1, ""objective"": 9.82320571092938e-23, ""optimizer_message"": ""CONVERGENCE: NORM_OF_PROJECTED_GRADIENT_<=_PGTOL"", ""optimizer_success"": true}"
PLVIRA,PLVIRA,zalesak,0,128,61,61,reconstructed,0.4356714197167548,0.4356714197167547,1.1102230246251565e-16,1.9049250395087306e-12,0.0,1.9049250395087306e-12,1.1785704722746884e-17,True,height_function,"{""curvature"": 1.9049250395087306e-12, ""curvature_source"": ""cartesian-ghf"", ""ghf_diagnostic"": ""complete three-column height function"", ""ghf_direction"": ""x"", ""ghf_fit_points"": 0, ""ghf_height_points"": 3, ""ghf_independent_points"": 3, ""ghf_method"": ""height_function"", ""interval_count"": 1, ""objective"": 1.1785704722746884e-17, ""optimizer_message"": ""CONVERGENCE: NORM_OF_PROJECTED_GRADIENT_<=_PGTOL"", ""optimizer_success"": true}"
PLVIRA,PLVIRA,zalesak,0,128,61,62,reconstructed,0.4164619550167572,0.41646195501675715,5.551115123125783e-17,-9.520992617376443e-13,0.0,9.520992617376443e-13,8.300565391287133e-17,True,height_function,"{""curvature"": -9.520992617376443e-13, ""curvature_source"": ""cartesian-ghf"", ""ghf_diagnostic"": ""complete three-column height function"", ""ghf_direction"": ""x"", ""ghf_fit_points"": 0, ""ghf_height_points"": 3, ""ghf_independent_points"": 3, ""ghf_method"": ""height_function"", ""interval_count"": 1, ""objective"": 8.300565391287133e-17, ""optimizer_message"": ""CONVERGENCE: REL_REDUCTION_OF_F_<=_FACTR*EPSMCH"", ""optimizer_success"": true}"
PLVIRA,PLVIRA,zalesak,0,128,61,63,reconstructed,0.39725249031721427,0.3972524903172142,5.551115123125783e-17,-3.6325801668740096e-16,0.0,3.6325801668740096e-16,2.9985002622273305e-16,True,height_function,"{""curvature"": -3.6325801668740096e-16, ""curvature_source"": ""cartesian-ghf"", ""ghf_diagnostic"": ""complete three-column height function"", ""ghf_direction"": ""x"", ""ghf_fit_points"": 0, ""ghf_height_points"": 3, ""ghf_independent_points"": 3, ""ghf_method"": ""height_function"", ""interval_count"": 1, ""objective"": 2.9985002622273305e-16, ""optimizer_message"": ""CONVERGENCE: REL_REDUCTION_OF_F_<=_FACTR*EPSMCH"", ""optimizer_success"": true}"
PLVIRA,PLVIRA,zalesak,0,128,61,64,reconstructed,0.37804302561767145,0.37804302561767145,0.0,0.0,0.0,0.0,7.652501739144352e-16,True,height_function,"{""curvature"": 0.0, ""curvature_source"": ""cartesian-ghf"", ""ghf_diagnostic"": ""complete three-column height function"", ""ghf_direction"": ""x"", ""ghf_fit_points"": 0, ""ghf_height_points"": 3, ""ghf_independent_points"": 3, ""ghf_method"": ""height_function"", ""interval_count"": 1, ""objective"": 7.652501739144352e-16, ""optimizer_message"": ""CONVERGENCE: REL_REDUCTION_OF_F_<=_FACTR*EPSMCH"", ""optimizer_success"": true}"
PLVIRA,PLVIRA,zalesak,0,128,61,65,reconstructed,0.35883356091812857,0.3588335609181285,5.551115123125783e-17,4.762312598771743e-13,0.0,4.762312598771743e-13,1.7044387563189707e-26,True,height_function,"{""curvature"": 4.762312598771743e-13, ""curvature_source"": ""cartesian-ghf"", ""ghf_diagnostic"": ""complete three-column height function"", ""ghf_direction"": ""x"", ""ghf_fit_points"": 0, ""ghf_height_points"": 3, ""ghf_independent_points"": 3, ""ghf_method"": ""height_function"", ""interval_count"": 1, ""objective"": 1.7044387563189707e-26, ""optimizer_message"": ""CONVERGENCE: NORM_OF_PROJECTED_GRADIENT_<=_PGTOL"", ""optimizer_success"": true}"
PLVIRA,PLVIRA,zalesak,0,128,61,66,reconstructed,0.3396240962183583,0.33962409621835843,1.1102230246251565e-16,-9.517360037209905e-13,0.0,9.517360037209905e-13,3.263065202473988e-26,True,height_function,"{""curvature"": -9.517360037209905e-13, ""curvature_source"": ""cartesian-ghf"", ""ghf_diagnostic"": ""complete three-column height function"", ""ghf_direction"": ""x"", ""ghf_fit_points"": 0, ""ghf_height_points"": 3, ""ghf_independent_points"": 3, ""ghf_method"": ""height_function"", ""interval_count"": 1, ""objective"": 3.263065202473988e-26, ""optimizer_message"": ""CONVERGENCE: NORM_OF_PROJECTED_GRADIENT_<=_PGTOL"", ""optimizer_success"": true}"
PLVIRA,PLVIRA,zalesak,0,128,61,67,reconstructed,0.3204146315190428,0.320414631519043,1.6653345369377348e-16,9.517360037209905e-13,0.0,9.517360037209905e-13,4.640505089841712e-26,True,height_function,"{""curvature"": 9.517360037209905e-13, ""curvature_source"": ""cartesian-ghf"", ""ghf_diagnostic"": ""complete three-column height function"", ""ghf_direction"": ""x"", ""ghf_fit_points"": 0, ""ghf_height_points"": 3, ""ghf_independent_points"": 3, ""ghf_method"": ""height_function"", ""interval_count"": 1, ""objective"": 4.640505089841712e-26, ""optimizer_message"": ""CONVERGENCE: NORM_OF_PROJECTED_GRADIENT_<=_PGTOL"", ""optimizer_success"": true}"
PLVIRA,PLVIRA,zalesak,0,128,61,68,reconstructed,0.30120516681927256,0.3012051668192727,1.1102230246251565e-16,-9.524625197543653e-13,0.0,9.524625197543653e-13,5.0006179360335663e-26,True,height_function,"{""curvature"": -9.524625197543653e-13, ""curvature_source"": ""cartesian-ghf"", ""ghf_diagnostic"": ""complete three-column height function"", ""ghf_direction"": ""x"", ""ghf_fit_points"": 0, ""ghf_height_points"": 3, ""ghf_independent_points"": 3, ""ghf_method"": ""height_function"", ""interval_count"": 1, ""objective"": 5.0006179360335663e-26, ""optimizer_message"": ""CONVERGENCE: NORM_OF_PROJECTED_GRADIENT_<=_PGTOL"", ""optimizer_success"": true}"
PLVIRA,PLVIRA,zalesak,0,128,61,69,reconstructed,0.28199570211995706,0.281995702119957,5.551115123125783e-17,9.524625197543653e-13,0.0,9.524625197543653e-13,4.131040844620099e-26,True,height_function,"{""curvature"": 9.524625197543653e-13, ""curvature_source"": ""cartesian-ghf"", ""ghf_diagnostic"": ""complete three-column height function"", ""ghf_direction"": ""x"", ""ghf_fit_points"": 0, ""ghf_height_points"": 3, ""ghf_independent_points"": 3, ""ghf_method"": ""height_function"", ""interval_count"": 1, ""objective"": 4.131040844620099e-26, ""optimizer_message"": ""CONVERGENCE: NORM_OF_PROJECTED_GRADIENT_<=_PGTOL"", ""optimizer_success"": true}"
PLVIRA,PLVIRA,zalesak,0,128,61,70,reconstructed,0.2627862374201868,0.2627862374201868,0.0,3.6325801668738814e-16,0.0,3.6325801668738814e-16,2.5937946860381084e-26,True,height_function,"{""curvature"": 3.6325801668738814e-16, ""curvature_source"": ""cartesian-ghf"", ""ghf_diagnostic"": ""complete three-column height function"", ""ghf_direction"": ""x"", ""ghf_fit_points"": 0, ""ghf_height_points"": 3, ""ghf_independent_points"": 3, ""ghf_method"": ""height_function"", ""interval_count"": 1, ""objective"": 2.5937946860381084e-26, ""optimizer_message"": ""CONVERGENCE: NORM_OF_PROJECTED_GRADIENT_<=_PGTOL"", ""optimizer_success"": true}"
PLVIRA,PLVIRA,zalesak,0,128,61,71,reconstructed,0.24357677272041656,0.24357677272041658,2.7755575615628914e-17,-4.765945178938617e-13,0.0,4.765945178938617e-13,1.1899008412518636e-26,True,height_function,"{""curvature"": -4.765945178938617e-13, ""curvature_source"": ""cartesian-ghf"", ""ghf_diagnostic"": ""complete three-column height function"", ""ghf_direction"": ""x"", ""ghf_fit_points"": 0, ""ghf_height_points"": 3, ""ghf_independent_points"": 3, ""ghf_method"": ""height_function"", ""interval_count"": 1, ""objective"": 1.1899008412518636e-26, ""optimizer_message"": ""CONVERGENCE: NORM_OF_PROJECTED_GRADIENT_<=_PGTOL"", ""optimizer_success"": true}"
PLVIRA,PLVIRA,zalesak,0,128,61,72,reconstructed,0.22436730802087368,0.22436730802087368,0.0,0.0,0.0,0.0,5.337382634564085e-16,True,height_function,"{""curvature"": 0.0, ""curvature_source"": ""cartesian-ghf"", ""ghf_diagnostic"": ""complete three-column height function"", ""ghf_direction"": ""x"", ""ghf_fit_points"": 0, ""ghf_height_points"": 3, ""ghf_independent_points"": 3, ""ghf_method"": ""height_function"", ""interval_count"": 1, ""objective"": 5.337382634564085e-16, ""optimizer_message"": ""CONVERGENCE: REL_REDUCTION_OF_F_<=_FACTR*EPSMCH"", ""optimizer_success"": true}"
PLVIRA,PLVIRA,zalesak,0,128,61,73,reconstructed,0.2051578433213308,0.2051578433213309,1.1102230246251565e-16,3.6325801668740096e-16,0.0,3.6325801668740096e-16,1.861774862910826e-16,True,height_function,"{""curvature"": 3.6325801668740096e-16, ""curvature_source"": ""cartesian-ghf"", ""ghf_diagnostic"": ""complete three-column height function"", ""ghf_direction"": ""x"", ""ghf_fit_points"": 0, ""ghf_height_points"": 3, ""ghf_independent_points"": 3, ""ghf_method"": ""height_function"", ""interval_count"": 1, ""objective"": 1.861774862910826e-16, ""optimizer_message"": ""CONVERGENCE: REL_REDUCTION_OF_F_<=_FACTR*EPSMCH"", ""optimizer_success"": true}"
PLVIRA,PLVIRA,zalesak,0,128,61,74,reconstructed,0.18594837862178792,0.18594837862178798,5.551115123125783e-17,0.0,0.0,0.0,4.144855579056518e-17,True,height_function,"{""curvature"": 0.0, ""curvature_source"": ""cartesian-ghf"", ""ghf_diagnostic"": ""complete three-column height function"", ""ghf_direction"": ""x"", ""ghf_fit_points"": 0, ""ghf_height_points"": 3, ""ghf_independent_points"": 3, ""ghf_method"": ""height_function"", ""interval_count"": 1, ""objective"": 4.144855579056518e-17, ""optimizer_message"": ""CONVERGENCE: REL_REDUCTION_OF_F_<=_FACTR*EPSMCH"", ""optimizer_success"": true}"
PLVIRA,PLVIRA,zalesak,0,128,61,75,reconstructed,0.16673891392224505,0.16673891392225743,1.2378986724570495e-14,-0.03458188001993485,0.0,0.03458188001993485,0.05687278431068271,True,mixed_height_parabola,"{""curvature"": -0.03458188001993485, ""curvature_source"": ""cartesian-ghf"", ""ghf_diagnostic"": ""parabola fit to consistent heights from both directions"", ""ghf_direction"": null, ""ghf_fit_points"": 4, ""ghf_height_points"": 4, ""ghf_independent_points"": 4, ""ghf_method"": ""mixed_height_parabola"", ""interval_count"": 1, ""objective"": 0.05687278431068271, ""optimizer_message"": ""CONVERGENCE: NORM_OF_PROJECTED_GRADIENT_<=_PGTOL"", ""optimizer_success"": true}"
PLVIRA,PLVIRA,zalesak,0,128,61,76,reconstructed,0.2598498128334086,0.2598498128334091,4.996003610813204e-16,-0.11332359123640555,0.0,0.11332359123640555,0.5387633426156807,True,mixed_height_parabola,"{""curvature"": -0.11332359123640555, ""curvature_source"": ""cartesian-ghf"", ""ghf_diagnostic"": ""parabola fit to consistent heights from both directions"", ""ghf_direction"": null, ""ghf_fit_points"": 4, ""ghf_height_points"": 4, ""ghf_independent_points"": 4, ""ghf_method"": ""mixed_height_parabola"", ""interval_count"": 1, ""objective"": 0.5387633426156807, ""optimizer_message"": ""CONVERGENCE: NORM_OF_PROJECTED_GRADIENT_<=_PGTOL"", ""optimizer_success"": true}"
PLVIRA,PLVIRA,zalesak,0,128,61,82,reconstructed,0.5830003038316178,0.5830003038316239,6.106226635438361e-15,0.06673676655514515,0.06666666666666667,7.009988847848925e-05,3.1690161478773673e-12,True,height_function,"{""curvature"": 0.06673676655514515, ""curvature_source"": ""cartesian-ghf"", ""ghf_diagnostic"": ""complete three-column height function"", ""ghf_direction"": ""y"", ""ghf_fit_points"": 0, ""ghf_height_points"": 3, ""ghf_independent_points"": 3, ""ghf_method"": ""height_function"", ""interval_count"": 1, ""objective"": 3.1690161478773673e-12, ""optimizer_message"": ""CONVERGENCE: NORM_OF_PROJECTED_GRADIENT_<=_PGTOL"", ""optimizer_success"": true}"
PLVIRA,PLVIRA,zalesak,0,128,61,83,reconstructed,0.004103235030988417,0.004103235030995835,7.417677583276827e-15,0.06673676655514515,0.06666666666666667,7.009988847848925e-05,2.8212847635043554e-12,True,height_function,"{""curvature"": 0.06673676655514515, ""curvature_source"": ""cartesian-ghf"", ""ghf_diagnostic"": ""complete three-column height function"", ""ghf_direction"": ""y"", ""ghf_fit_points"": 0, ""ghf_height_points"": 3, ""ghf_independent_points"": 3, ""ghf_method"": ""height_function"", ""interval_count"": 1, ""objective"": 2.8212847635043554e-12, ""optimizer_message"": ""CONVERGENCE: NORM_OF_PROJECTED_GRADIENT_<=_PGTOL"", ""optimizer_success"": true}"
PLVIRA,PLVIRA,zalesak,0,128,62,45,reconstructed,0.1256297077377737,0.12562970773777335,3.608224830031759e-16,0.04236365786401687,0.0,0.04236365786401687,0.6063984066973259,True,mixed_height_parabola,"{""curvature"": 0.04236365786401687, ""curvature_source"": ""cartesian-ghf"", ""ghf_diagnostic"": ""parabola fit to consistent heights from both directions"", ""ghf_direction"": null, ""ghf_fit_points"": 3, ""ghf_height_points"": 3, ""ghf_independent_points"": 3, ""ghf_method"": ""mixed_height_parabola"", ""interval_count"": 1, ""objective"": 0.6063984066973259, ""optimizer_message"": ""CONVERGENCE: NORM_OF_PROJECTED_GRADIENT_<=_PGTOL"", ""optimizer_success"": true}"
PLVIRA,PLVIRA,zalesak,0,128,62,46,reconstructed,0.11346182771035274,0.11346182771119186,8.391204397995011e-13,0.018540161107932378,0.0,0.018540161107932378,0.022550727470153943,True,mixed_height_parabola,"{""curvature"": 0.018540161107932378, ""curvature_source"": ""cartesian-ghf"", ""ghf_diagnostic"": ""parabola fit to consistent heights from both directions"", ""ghf_direction"": null, ""ghf_fit_points"": 4, ""ghf_height_points"": 4, ""ghf_independent_points"": 4, ""ghf_method"": ""mixed_height_parabola"", ""interval_count"": 1, ""objective"": 0.022550727470153943, ""optimizer_message"": ""CONVERGENCE: NORM_OF_PROJECTED_GRADIENT_<=_PGTOL"", ""optimizer_success"": true}"
PLVIRA,PLVIRA,zalesak,0,128,62,47,reconstructed,0.09425236301080986,0.09425236301080994,8.326672684688674e-17,4.762312598771743e-13,0.0,4.762312598771743e-13,1.587618317017054e-26,True,height_function,"{""curvature"": 4.762312598771743e-13, ""curvature_source"": ""cartesian-ghf"", ""ghf_diagnostic"": ""complete three-column height function"", ""ghf_direction"": ""x"", ""ghf_fit_points"": 0, ""ghf_height_points"": 3, ""ghf_independent_points"": 3, ""ghf_method"": ""height_function"", ""interval_count"": 1, ""objective"": 1.587618317017054e-26, ""optimizer_message"": ""CONVERGENCE: NORM_OF_PROJECTED_GRADIENT_<=_PGTOL"", ""optimizer_success"": true}"
PLVIRA,PLVIRA,zalesak,0,128,62,48,reconstructed,0.07504289831103961,0.07504289831103965,4.163336342344337e-17,-7.145285188241116e-13,0.0,7.145285188241116e-13,1.1465028468499053e-25,True,height_function,"{""curvature"": -7.145285188241116e-13, ""curvature_source"": ""cartesian-ghf"", ""ghf_diagnostic"": ""complete three-column height function"", ""ghf_direction"": ""x"", ""ghf_fit_points"": 0, ""ghf_height_points"": 3, ""ghf_independent_points"": 3, ""ghf_method"": ""height_function"", ""interval_count"": 1, ""objective"": 1.1465028468499053e-25, ""optimizer_message"": ""CONVERGENCE: NORM_OF_PROJECTED_GRADIENT_<=_PGTOL"", ""optimizer_success"": true}"
PLVIRA,PLVIRA,zalesak,0,128,62,49,reconstructed,0.05583343361161042,0.0558334336116104,1.3877787807814457e-17,4.764128888855263e-13,0.0,4.764128888855263e-13,1.2486190895092123e-20,True,height_function,"{""curvature"": 4.764128888855263e-13, ""curvature_source"": ""cartesian-ghf"", ""ghf_diagnostic"": ""complete three-column height function"", ""ghf_direction"": ""x"", ""ghf_fit_points"": 0, ""ghf_height_points"": 3, ""ghf_independent_points"": 3, ""ghf_method"": ""height_function"", ""interval_count"": 1, ""objective"": 1.2486190895092123e-20, ""optimizer_message"": ""CONVERGENCE: NORM_OF_PROJECTED_GRADIENT_<=_PGTOL"", ""optimizer_success"": true}"
PLVIRA,PLVIRA,zalesak,0,128,62,50,reconstructed,0.03662396891195385,0.03662396891195377,8.326672684688674e-17,-1.816290083436973e-16,0.0,1.816290083436973e-16,3.746480666053116e-21,True,height_function,"{""curvature"": -1.816290083436973e-16, ""curvature_source"": ""cartesian-ghf"", ""ghf_diagnostic"": ""complete three-column height function"", ""ghf_direction"": ""x"", ""ghf_fit_points"": 0, ""ghf_height_points"": 3, ""ghf_independent_points"": 3, ""ghf_method"": ""height_function"", ""interval_count"": 1, ""objective"": 3.746480666053116e-21, ""optimizer_message"": ""CONVERGENCE: NORM_OF_PROJECTED_GRADIENT_<=_PGTOL"", ""optimizer_success"": true}"
PLVIRA,PLVIRA,zalesak,0,128,62,51,reconstructed,0.017414504212297288,0.017414504212297316,2.7755575615628914e-17,-7.141652608074365e-13,0.0,7.141652608074365e-13,2.501405227200275e-17,True,height_function,"{""curvature"": -7.141652608074365e-13, ""curvature_source"": ""cartesian-ghf"", ""ghf_diagnostic"": ""complete three-column height function"", ""ghf_direction"": ""x"", ""ghf_fit_points"": 0, ""ghf_height_points"": 3, ""ghf_independent_points"": 3, ""ghf_method"": ""height_function"", ""interval_count"": 1, ""objective"": 2.501405227200275e-17, ""optimizer_message"": ""CONVERGENCE: REL_REDUCTION_OF_F_<=_FACTR*EPSMCH"", ""optimizer_success"": true}"
PLVIRA,PLVIRA,zalesak,0,128,62,52,reconstructed,0.0015875647110306088,0.0015875647110305119,9.69276742202041e-17,1.190578149692946e-12,0.0,1.190578149692946e-12,2.468724042855689e-16,True,height_function,"{""curvature"": 1.190578149692946e-12, ""curvature_source"": ""cartesian-ghf"", ""ghf_diagnostic"": ""complete three-column height function"", ""ghf_direction"": ""x"", ""ghf_fit_points"": 0, ""ghf_height_points"": 3, ""ghf_independent_points"": 3, ""ghf_method"": ""height_function"", ""interval_count"": 1, ""objective"": 2.468724042855689e-16, ""optimizer_message"": ""CONVERGENCE: REL_REDUCTION_OF_F_<=_FACTR*EPSMCH"", ""optimizer_success"": true}"
PLVIRA,PLVIRA,zalesak,0,128,62,76,reconstructed,0.12885552231659858,0.12885552231657782,2.0761170560490427e-14,-0.07132069226031013,0.0,0.07132069226031013,0.08258725548076747,True,mixed_height_parabola,"{""curvature"": -0.07132069226031013, ""curvature_source"": ""cartesian-ghf"", ""ghf_diagnostic"": ""parabola fit to consistent heights from both directions"", ""ghf_direction"": null, ""ghf_fit_points"": 4, ""ghf_height_points"": 4, ""ghf_independent_points"": 4, ""ghf_method"": ""mixed_height_parabola"", ""interval_count"": 1, ""objective"": 0.08258725548076747, ""optimizer_message"": ""CONVERGENCE: NORM_OF_PROJECTED_GRADIENT_<=_PGTOL"", ""optimizer_success"": true}"
PLVIRA,PLVIRA,zalesak,0,128,62,83,reconstructed,0.06793580299327306,0.06793580299329186,1.8790524691780774e-14,0.06673566248706063,0.06666666666666667,6.899582039396335e-05,1.0949189525418364e-11,True,height_function,"{""curvature"": 0.06673566248706063, ""curvature_source"": ""cartesian-ghf"", ""ghf_diagnostic"": ""complete three-column height function"", ""ghf_direction"": ""y"", ""ghf_fit_points"": 0, ""ghf_height_points"": 3, ""ghf_independent_points"": 3, ""ghf_method"": ""height_function"", ""interval_count"": 1, ""objective"": 1.0949189525418364e-11, ""optimizer_message"": ""CONVERGENCE: NORM_OF_PROJECTED_GRADIENT_<=_PGTOL"", ""optimizer_success"": true}"
PLVIRA,PLVIRA,zalesak,0,128,63,76,reconstructed,0.10964605761660096,0.10964605761660093,2.7755575615628914e-17,-1.9047434105003868e-12,0.0,1.9047434105003868e-12,4.902266163188432e-16,True,height_function,"{""curvature"": -1.9047434105003868e-12, ""curvature_source"": ""cartesian-ghf"", ""ghf_diagnostic"": ""complete three-column height function"", ""ghf_direction"": ""y"", ""ghf_fit_points"": 0, ""ghf_height_points"": 3, ""ghf_independent_points"": 3, ""ghf_method"": ""height_function"", ""interval_count"": 1, ""objective"": 4.902266163188432e-16, ""optimizer_message"": ""CONVERGENCE: REL_REDUCTION_OF_F_<=_FACTR*EPSMCH"", ""optimizer_success"": true}"
PLVIRA,PLVIRA,zalesak,0,128,63,83,reconstructed,0.1265758313622518,0.1265758313622487,3.1086244689504383e-15,0.0667349663718281,0.06666666666666667,6.829970516143702e-05,5.5098423038687474e-15,True,height_function,"{""curvature"": 0.0667349663718281, ""curvature_source"": ""cartesian-ghf"", ""ghf_diagnostic"": ""complete three-column height function"", ""ghf_direction"": ""y"", ""ghf_fit_points"": 0, ""ghf_height_points"": 3, ""ghf_independent_points"": 3, ""ghf_method"": ""height_function"", ""interval_count"": 1, ""objective"": 5.5098423038687474e-15, ""optimizer_message"": ""CONVERGENCE: NORM_OF_PROJECTED_GRADIENT_<=_PGTOL"", ""optimizer_success"": true}"
PLVIRA,PLVIRA,zalesak,0,128,64,76,reconstructed,0.09043659291751283,0.09043659291751266,1.6653345369377348e-16,1.4285121506232295e-12,0.0,1.4285121506232295e-12,2.330305745156162e-26,True,height_function,"{""curvature"": 1.4285121506232295e-12, ""curvature_source"": ""cartesian-ghf"", ""ghf_diagnostic"": ""complete three-column height function"", ""ghf_direction"": ""y"", ""ghf_fit_points"": 0, ""ghf_height_points"": 3, ""ghf_independent_points"": 3, ""ghf_method"": ""height_function"", ""interval_count"": 1, ""objective"": 2.330305745156162e-26, ""optimizer_message"": ""CONVERGENCE: NORM_OF_PROJECTED_GRADIENT_<=_PGTOL"", ""optimizer_success"": true}"
PLVIRA,PLVIRA,zalesak,0,128,64,83,reconstructed,0.15316119881883153,0.1531611988181262,7.05324687544362e-13,0.06673465428580229,0.06666666666666667,6.798761913562323e-05,1.307556044244958e-17,True,height_function,"{""curvature"": 0.06673465428580229, ""curvature_source"": ""cartesian-ghf"", ""ghf_diagnostic"": ""complete three-column height function"", ""ghf_direction"": ""y"", ""ghf_fit_points"": 0, ""ghf_height_points"": 3, ""ghf_independent_points"": 3, ""ghf_method"": ""height_function"", ""interval_count"": 1, ""objective"": 1.307556044244958e-17, ""optimizer_message"": ""CONVERGENCE: NORM_OF_PROJECTED_GRADIENT_<=_PGTOL"", ""optimizer_success"": true}"
PLVIRA,PLVIRA,zalesak,0,128,65,76,reconstructed,0.07122712821774257,0.07122712821774276,1.8041124150158794e-16,-4.76412888885518e-13,0.0,4.76412888885518e-13,1.5557283144784234e-25,True,height_function,"{""curvature"": -4.76412888885518e-13, ""curvature_source"": ""cartesian-ghf"", ""ghf_diagnostic"": ""complete three-column height function"", ""ghf_direction"": ""y"", ""ghf_fit_points"": 0, ""ghf_height_points"": 3, ""ghf_independent_points"": 3, ""ghf_method"": ""height_function"", ""interval_count"": 1, ""objective"": 1.5557283144784234e-25, ""optimizer_message"": ""CONVERGENCE: NORM_OF_PROJECTED_GRADIENT_<=_PGTOL"", ""optimizer_success"": true}"
PLVIRA,PLVIRA,zalesak,0,128,65,83,reconstructed,0.14791042213246186,0.14791042213231653,1.45328193923433e-13,0.06673471575589206,0.06666666666666667,6.804908922539155e-05,5.353625297673796e-16,True,height_function,"{""curvature"": 0.06673471575589206, ""curvature_source"": ""cartesian-ghf"", ""ghf_diagnostic"": ""complete three-column height function"", ""ghf_direction"": ""y"", ""ghf_fit_points"": 0, ""ghf_height_points"": 3, ""ghf_independent_points"": 3, ""ghf_method"": ""height_function"", ""interval_count"": 1, ""objective"": 5.353625297673796e-16, ""optimizer_message"": ""CONVERGENCE: REL_REDUCTION_OF_F_<=_FACTR*EPSMCH"", ""optimizer_success"": true}"
PLVIRA,PLVIRA,zalesak,0,128,66,76,reconstructed,0.0520176635181997,0.052017663518199725,2.7755575615628914e-17,-0.9066275667171203,0.0,0.9066275667171203,0.1524537920026792,True,height_function,"{""curvature"": -0.9066275667171203, ""curvature_source"": ""cartesian-ghf"", ""ghf_diagnostic"": ""complete three-column height function"", ""ghf_direction"": ""y"", ""ghf_fit_points"": 0, ""ghf_height_points"": 3, ""ghf_independent_points"": 3, ""ghf_method"": ""height_function"", ""interval_count"": 1, ""objective"": 0.1524537920026792, ""optimizer_message"": ""CONVERGENCE: NORM_OF_PROJECTED_GRADIENT_<=_PGTOL"", ""optimizer_success"": true}"
PLVIRA,PLVIRA,zalesak,0,128,66,83,reconstructed,0.11078050127702,0.11078050127698433,3.5665914666083154e-14,0.06673515282385219,0.06666666666666667,6.848615718552109e-05,2.516254085251449e-12,True,height_function,"{""curvature"": 0.06673515282385219, ""curvature_source"": ""cartesian-ghf"", ""ghf_diagnostic"": ""complete three-column height function"", ""ghf_direction"": ""y"", ""ghf_fit_points"": 0, ""ghf_height_points"": 3, ""ghf_independent_points"": 3, ""ghf_method"": ""height_function"", ""interval_count"": 1, ""objective"": 2.516254085251449e-12, ""optimizer_message"": ""CONVERGENCE: REL_REDUCTION_OF_F_<=_FACTR*EPSMCH"", ""optimizer_success"": true}"
PLVIRA,PLVIRA,zalesak,0,128,67,65,reconstructed,0.005893987632589415,0.00589398763258947,5.551115123125783e-17,-4.76412888885518e-13,0.0,4.76412888885518e-13,1.1186351763267621e-21,True,height_function,"{""curvature"": -4.76412888885518e-13, ""curvature_source"": ""cartesian-ghf"", ""ghf_diagnostic"": ""complete three-column height function"", ""ghf_direction"": ""x"", ""ghf_fit_points"": 0, ""ghf_height_points"": 3, ""ghf_independent_points"": 3, ""ghf_method"": ""height_function"", ""interval_count"": 1, ""objective"": 1.1186351763267621e-21, ""optimizer_message"": ""CONVERGENCE: NORM_OF_PROJECTED_GRADIENT_<=_PGTOL"", ""optimizer_success"": true}"
PLVIRA,PLVIRA,zalesak,0,128,67,66,reconstructed,0.024652678878965162,0.02465267887896519,2.7755575615628914e-17,4.762312598771743e-13,0.0,4.762312598771743e-13,8.105503729734924e-18,True,height_function,"{""curvature"": 4.762312598771743e-13, ""curvature_source"": ""cartesian-ghf"", ""ghf_diagnostic"": ""complete three-column height function"", ""ghf_direction"": ""x"", ""ghf_fit_points"": 0, ""ghf_height_points"": 3, ""ghf_independent_points"": 3, ""ghf_method"": ""height_function"", ""interval_count"": 1, ""objective"": 8.105503729734924e-18, ""optimizer_message"": ""CONVERGENCE: NORM_OF_PROJECTED_GRADIENT_<=_PGTOL"", ""optimizer_success"": true}"
PLVIRA,PLVIRA,zalesak,0,128,67,67,reconstructed,0.04386214357850804,0.043862143578507984,5.551115123125783e-17,0.0,0.0,0.0,1.8980270111668724e-20,True,height_function,"{""curvature"": 0.0, ""curvature_source"": ""cartesian-ghf"", ""ghf_diagnostic"": ""complete three-column height function"", ""ghf_direction"": ""x"", ""ghf_fit_points"": 0, ""ghf_height_points"": 3, ""ghf_independent_points"": 3, ""ghf_method"": ""height_function"", ""interval_count"": 1, ""objective"": 1.8980270111668724e-20, ""optimizer_message"": ""CONVERGENCE: NORM_OF_PROJECTED_GRADIENT_<=_PGTOL"", ""optimizer_success"": true}"
PLVIRA,PLVIRA,zalesak,0,128,67,68,reconstructed,0.06307160827805092,0.06307160827805089,2.7755575615628914e-17,-4.760496308688306e-13,0.0,4.760496308688306e-13,2.7099751869677538e-25,True,height_function,"{""curvature"": -4.760496308688306e-13, ""curvature_source"": ""cartesian-ghf"", ""ghf_diagnostic"": ""complete three-column height function"", ""ghf_direction"": ""x"", ""ghf_fit_points"": 0, ""ghf_height_points"": 3, ""ghf_independent_points"": 3, ""ghf_method"": ""height_function"", ""interval_count"": 1, ""objective"": 2.7099751869677538e-25, ""optimizer_message"": ""CONVERGENCE: NORM_OF_PROJECTED_GRADIENT_<=_PGTOL"", ""optimizer_success"": true}"
PLVIRA,PLVIRA,zalesak,0,128,67,69,reconstructed,0.08228107297782115,0.08228107297782106,9.71445146547012e-17,9.520992617376779e-13,0.0,9.520992617376779e-13,5.94561644703638e-26,True,height_function,"{""curvature"": 9.520992617376779e-13, ""curvature_source"": ""cartesian-ghf"", ""ghf_diagnostic"": ""complete three-column height function"", ""ghf_direction"": ""x"", ""ghf_fit_points"": 0, ""ghf_height_points"": 3, ""ghf_independent_points"": 3, ""ghf_method"": ""height_function"", ""interval_count"": 1, ""objective"": 5.94561644703638e-26, ""optimizer_message"": ""CONVERGENCE: NORM_OF_PROJECTED_GRADIENT_<=_PGTOL"", ""optimizer_success"": true}"
PLVIRA,PLVIRA,zalesak,0,128,67,70,reconstructed,0.10149053767713667,0.10149053767713664,2.7755575615628914e-17,-4.760496308688474e-13,0.0,4.760496308688474e-13,9.21485932221451e-16,True,height_function,"{""curvature"": -4.760496308688474e-13, ""curvature_source"": ""cartesian-ghf"", ""ghf_diagnostic"": ""complete three-column height function"", ""ghf_direction"": ""x"", ""ghf_fit_points"": 0, ""ghf_height_points"": 3, ""ghf_independent_points"": 3, ""ghf_method"": ""height_function"", ""interval_count"": 1, ""objective"": 9.21485932221451e-16, ""optimizer_message"": ""CONVERGENCE: REL_REDUCTION_OF_F_<=_FACTR*EPSMCH"", ""optimizer_success"": true}"
PLVIRA,PLVIRA,zalesak,0,128,67,71,reconstructed,0.12070000237667955,0.12070000237667966,1.1102230246251565e-16,-4.762312598771743e-13,0.0,4.762312598771743e-13,1.6552414534457017e-16,True,height_function,"{""curvature"": -4.762312598771743e-13, ""curvature_source"": ""cartesian-ghf"", ""ghf_diagnostic"": ""complete three-column height function"", ""ghf_direction"": ""x"", ""ghf_fit_points"": 0, ""ghf_height_points"": 3, ""ghf_independent_points"": 3, ""ghf_method"": ""height_function"", ""interval_count"": 1, ""objective"": 1.6552414534457017e-16, ""optimizer_message"": ""CONVERGENCE: REL_REDUCTION_OF_F_<=_FACTR*EPSMCH"", ""optimizer_success"": true}"
PLVIRA,PLVIRA,zalesak,0,128,67,72,reconstructed,0.1399094670764498,0.13990946707644986,5.551115123125783e-17,9.526441487627089e-13,0.0,9.526441487627089e-13,6.1591539895304365e-18,True,height_function,"{""curvature"": 9.526441487627089e-13, ""curvature_source"": ""cartesian-ghf"", ""ghf_diagnostic"": ""complete three-column height function"", ""ghf_direction"": ""x"", ""ghf_fit_points"": 0, ""ghf_height_points"": 3, ""ghf_independent_points"": 3, ""ghf_method"": ""height_function"", ""interval_count"": 1, ""objective"": 6.1591539895304365e-18, ""optimizer_message"": ""CONVERGENCE: NORM_OF_PROJECTED_GRADIENT_<=_PGTOL"", ""optimizer_success"": true}"
PLVIRA,PLVIRA,zalesak,0,128,67,73,reconstructed,0.1591189317757653,0.15911893177576525,5.551115123125783e-17,-1.4288754086398666e-12,0.0,1.4288754086398666e-12,6.03286563127078e-20,True,height_function,"{""curvature"": -1.4288754086398666e-12, ""curvature_source"": ""cartesian-ghf"", ""ghf_diagnostic"": ""complete three-column height function"", ""ghf_direction"": ""x"", ""ghf_fit_points"": 0, ""ghf_height_points"": 3, ""ghf_independent_points"": 3, ""ghf_method"": ""height_function"", ""interval_count"": 1, ""objective"": 6.03286563127078e-20, ""optimizer_message"": ""CONVERGENCE: NORM_OF_PROJECTED_GRADIENT_<=_PGTOL"", ""optimizer_success"": true}"
PLVIRA,PLVIRA,zalesak,0,128,67,74,reconstructed,0.17832839647576293,0.17832839647576293,0.0,1.4288754086398666e-12,0.0,1.4288754086398666e-12,1.8516082830282348e-17,True,height_function,"{""curvature"": 1.4288754086398666e-12, ""curvature_source"": ""cartesian-ghf"", ""ghf_diagnostic"": ""complete three-column height function"", ""ghf_direction"": ""x"", ""ghf_fit_points"": 0, ""ghf_height_points"": 3, ""ghf_independent_points"": 3, ""ghf_method"": ""height_function"", ""interval_count"": 1, ""objective"": 1.8516082830282348e-17, ""optimizer_message"": ""CONVERGENCE: REL_REDUCTION_OF_F_<=_FACTR*EPSMCH"", ""optimizer_success"": true}"
PLVIRA,PLVIRA,zalesak,0,128,67,75,reconstructed,0.19753786117507843,0.1975378611750226,5.5844218138645374e-14,-0.013095118572439763,0.0,0.013095118572439763,0.007634967498676623,True,height_function,"{""curvature"": -0.013095118572439763, ""curvature_source"": ""cartesian-ghf"", ""ghf_diagnostic"": ""complete three-column height function"", ""ghf_direction"": ""y"", ""ghf_fit_points"": 0, ""ghf_height_points"": 3, ""ghf_independent_points"": 3, ""ghf_method"": ""height_function"", ""interval_count"": 1, ""objective"": 0.007634967498676623, ""optimizer_message"": ""CONVERGENCE: REL_REDUCTION_OF_F_<=_FACTR*EPSMCH"", ""optimizer_success"": true}"
PLVIRA,PLVIRA,zalesak,0,128,67,76,reconstructed,0.23965311492725053,0.23965311492724845,2.0816681711721685e-15,-0.013095118572439763,0.0,0.013095118572439763,0.8185007767191689,True,height_function,"{""curvature"": -0.013095118572439763, ""curvature_source"": ""cartesian-ghf"", ""ghf_diagnostic"": ""complete three-column height function"", ""ghf_direction"": ""y"", ""ghf_fit_points"": 0, ""ghf_height_points"": 3, ""ghf_independent_points"": 3, ""ghf_method"": ""height_function"", ""interval_count"": 1, ""objective"": 0.8185007767191689, ""optimizer_message"": ""CONVERGENCE: REL_REDUCTION_OF_F_<=_FACTR*EPSMCH"", ""optimizer_success"": true}"
PLVIRA,PLVIRA,zalesak,0,128,67,82,reconstructed,0.610270732622154,0.610270732622156,1.9984014443252818e-15,0.06673598025800533,0.06666666666666667,6.931359133866e-05,2.085682718969962e-12,True,height_function,"{""curvature"": 0.06673598025800533, ""curvature_source"": ""cartesian-ghf"", ""ghf_diagnostic"": ""complete three-column height function"", ""ghf_direction"": ""y"", ""ghf_fit_points"": 0, ""ghf_height_points"": 3, ""ghf_independent_points"": 3, ""ghf_method"": ""height_function"", ""interval_count"": 1, ""objective"": 2.085682718969962e-12, ""optimizer_message"": ""CONVERGENCE: NORM_OF_PROJECTED_GRADIENT_<=_PGTOL"", ""optimizer_success"": true}"
PLVIRA,PLVIRA,zalesak,0,128,67,83,reconstructed,0.041545968970630114,0.041545968970625374,4.739264536368637e-15,0.06673598025800533,0.06666666666666667,6.931359133866e-05,1.3493778127881618e-13,True,height_function,"{""curvature"": 0.06673598025800533, ""curvature_source"": ""cartesian-ghf"", ""ghf_diagnostic"": ""complete three-column height function"", ""ghf_direction"": ""y"", ""ghf_fit_points"": 0, ""ghf_height_points"": 3, ""ghf_independent_points"": 3, ""ghf_method"": ""height_function"", ""interval_count"": 1, ""objective"": 1.3493778127881618e-13, ""optimizer_message"": ""CONVERGENCE: NORM_OF_PROJECTED_GRADIENT_<=_PGTOL"", ""optimizer_success"": true}"
PLVIRA,PLVIRA,zalesak,0,128,68,45,reconstructed,0.1702328734584193,0.17023287345841662,2.6922908347160046e-15,0.0069011059950708185,0.0,0.0069011059950708185,0.6199505600276993,True,height_function,"{""curvature"": 0.0069011059950708185, ""curvature_source"": ""cartesian-ghf"", ""ghf_diagnostic"": ""complete three-column height function"", ""ghf_direction"": ""y"", ""ghf_fit_points"": 0, ""ghf_height_points"": 3, ""ghf_independent_points"": 3, ""ghf_method"": ""height_function"", ""interval_count"": 1, ""objective"": 0.6199505600276993, ""optimizer_message"": ""CONVERGENCE: NORM_OF_PROJECTED_GRADIENT_<=_PGTOL"", ""optimizer_success"": true}"
PLVIRA,PLVIRA,zalesak,0,128,68,46,reconstructed,0.25081494738708443,0.2508149473870845,5.551115123125783e-17,0.0069011059950708185,0.0,0.0069011059950708185,0.19267869221087125,True,height_function,"{""curvature"": 0.0069011059950708185, ""curvature_source"": ""cartesian-ghf"", ""ghf_diagnostic"": ""complete three-column height function"", ""ghf_direction"": ""y"", ""ghf_fit_points"": 0, ""ghf_height_points"": 3, ""ghf_independent_points"": 3, ""ghf_method"": ""height_function"", ""interval_count"": 1, ""objective"": 0.19267869221087125, ""optimizer_message"": ""CONVERGENCE: REL_REDUCTION_OF_F_<=_FACTR*EPSMCH"", ""optimizer_success"": true}"
PLVIRA,PLVIRA,zalesak,0,128,68,47,reconstructed,0.2700244120866273,0.27002441208662725,5.551115123125783e-17,-3.6325801668740096e-16,0.0,3.6325801668740096e-16,3.1897448954167705e-26,True,height_function,"{""curvature"": -3.6325801668740096e-16, ""curvature_source"": ""cartesian-ghf"", ""ghf_diagnostic"": ""complete three-column height function"", ""ghf_direction"": ""x"", ""ghf_fit_points"": 0, ""ghf_height_points"": 3, ""ghf_independent_points"": 3, ""ghf_method"": ""height_function"", ""interval_count"": 1, ""objective"": 3.1897448954167705e-26, ""optimizer_message"": ""CONVERGENCE: NORM_OF_PROJECTED_GRADIENT_<=_PGTOL"", ""optimizer_success"": true}"
PLVIRA,PLVIRA,zalesak,0,128,68,48,reconstructed,0.2892338767861702,0.28923387678617,1.6653345369377348e-16,-7.138020027907242e-13,0.0,7.138020027907242e-13,4.6067171911949647e-26,True,height_function,"{""curvature"": -7.138020027907242e-13, ""curvature_source"": ""cartesian-ghf"", ""ghf_diagnostic"": ""complete three-column height function"", ""ghf_direction"": ""x"", ""ghf_fit_points"": 0, ""ghf_height_points"": 3, ""ghf_independent_points"": 3, ""ghf_method"": ""height_function"", ""interval_count"": 1, ""objective"": 4.6067171911949647e-26, ""optimizer_message"": ""CONVERGENCE: NORM_OF_PROJECTED_GRADIENT_<=_PGTOL"", ""optimizer_success"": true}"
PLVIRA,PLVIRA,zalesak,0,128,68,49,reconstructed,0.3084433414860541,0.30844334148605423,1.1102230246251565e-16,7.141652608074115e-13,0.0,7.141652608074115e-13,5.021701476320762e-26,True,height_function,"{""curvature"": 7.141652608074115e-13, ""curvature_source"": ""cartesian-ghf"", ""ghf_diagnostic"": ""complete three-column height function"", ""ghf_direction"": ""x"", ""ghf_fit_points"": 0, ""ghf_height_points"": 3, ""ghf_independent_points"": 3, ""ghf_method"": ""height_function"", ""interval_count"": 1, ""objective"": 5.021701476320762e-26, ""optimizer_message"": ""CONVERGENCE: NORM_OF_PROJECTED_GRADIENT_<=_PGTOL"", ""optimizer_success"": true}"
PLVIRA,PLVIRA,zalesak,0,128,68,50,reconstructed,0.327652806185597,0.32765280618559683,1.6653345369377348e-16,-3.6325801668740096e-16,0.0,3.6325801668740096e-16,4.207952933986401e-26,True,height_function,"{""curvature"": -3.6325801668740096e-16, ""curvature_source"": ""cartesian-ghf"", ""ghf_diagnostic"": ""complete three-column height function"", ""ghf_direction"": ""x"", ""ghf_fit_points"": 0, ""ghf_height_points"": 3, ""ghf_independent_points"": 3, ""ghf_method"": ""height_function"", ""interval_count"": 1, ""objective"": 4.207952933986401e-26, ""optimizer_message"": ""CONVERGENCE: NORM_OF_PROJECTED_GRADIENT_<=_PGTOL"", ""optimizer_success"": true}"
PLVIRA,PLVIRA,zalesak,0,128,68,51,reconstructed,0.3468622708851399,0.3468622708851399,0.0,4.76231259877191e-13,0.0,4.76231259877191e-13,2.628097501314787e-26,True,height_function,"{""curvature"": 4.76231259877191e-13, ""curvature_source"": ""cartesian-ghf"", ""ghf_diagnostic"": ""complete three-column height function"", ""ghf_direction"": ""x"", ""ghf_fit_points"": 0, ""ghf_height_points"": 3, ""ghf_independent_points"": 3, ""ghf_method"": ""height_function"", ""interval_count"": 1, ""objective"": 2.628097501314787e-26, ""optimizer_message"": ""CONVERGENCE: NORM_OF_PROJECTED_GRADIENT_<=_PGTOL"", ""optimizer_success"": true}"
PLVIRA,PLVIRA,zalesak,0,128,68,52,reconstructed,0.3660717355844554,0.3660717355844555,1.1102230246251565e-16,-4.758680018605037e-13,0.0,4.758680018605037e-13,1.2444736840072292e-26,True,height_function,"{""curvature"": -4.758680018605037e-13, ""curvature_source"": ""cartesian-ghf"", ""ghf_diagnostic"": ""complete three-column height function"", ""ghf_direction"": ""x"", ""ghf_fit_points"": 0, ""ghf_height_points"": 3, ""ghf_independent_points"": 3, ""ghf_method"": ""height_function"", ""interval_count"": 1, ""objective"": 1.2444736840072292e-26, ""optimizer_message"": ""CONVERGENCE: NORM_OF_PROJECTED_GRADIENT_<=_PGTOL"", ""optimizer_success"": true}"
PLVIRA,PLVIRA,zalesak,0,128,68,53,reconstructed,0.38528120028399826,0.38528120028399815,1.1102230246251565e-16,-4.762312598771743e-13,0.0,4.762312598771743e-13,5.523435102170912e-16,True,height_function,"{""curvature"": -4.762312598771743e-13, ""curvature_source"": ""cartesian-ghf"", ""ghf_diagnostic"": ""complete three-column height function"", ""ghf_direction"": ""x"", ""ghf_fit_points"": 0, ""ghf_height_points"": 3, ""ghf_independent_points"": 3, ""ghf_method"": ""height_function"", ""interval_count"": 1, ""objective"": 5.523435102170912e-16, ""optimizer_message"": ""CONVERGENCE: REL_REDUCTION_OF_F_<=_FACTR*EPSMCH"", ""optimizer_success"": true}"
PLVIRA,PLVIRA,zalesak,0,128,68,54,reconstructed,0.4044906649837685,0.40449066498376857,5.551115123125783e-17,-3.6325801668738814e-16,0.0,3.6325801668738814e-16,1.9473271050338887e-16,True,height_function,"{""curvature"": -3.6325801668738814e-16, ""curvature_source"": ""cartesian-ghf"", ""ghf_diagnostic"": ""complete three-column height function"", ""ghf_direction"": ""x"", ""ghf_fit_points"": 0, ""ghf_height_points"": 3, ""ghf_independent_points"": 3, ""ghf_method"": ""height_function"", ""interval_count"": 1, ""objective"": 1.9473271050338887e-16, ""optimizer_message"": ""CONVERGENCE: REL_REDUCTION_OF_F_<=_FACTR*EPSMCH"", ""optimizer_success"": true}"
PLVIRA,PLVIRA,zalesak,0,128,68,55,reconstructed,0.42370012968353876,0.42370012968353893,1.6653345369377348e-16,4.765945178938617e-13,0.0,4.765945178938617e-13,4.430855442819559e-17,True,height_function,"{""curvature"": 4.765945178938617e-13, ""curvature_source"": ""cartesian-ghf"", ""ghf_diagnostic"": ""complete three-column height function"", ""ghf_direction"": ""x"", ""ghf_fit_points"": 0, ""ghf_height_points"": 3, ""ghf_independent_points"": 3, ""ghf_method"": ""height_function"", ""interval_count"": 1, ""objective"": 4.430855442819559e-17, ""optimizer_message"": ""CONVERGENCE: REL_REDUCTION_OF_F_<=_FACTR*EPSMCH"", ""optimizer_success"": true}"
PLVIRA,PLVIRA,zalesak,0,128,68,56,reconstructed,0.44290959438308164,0.44290959438308164,0.0,4.758680018605037e-13,0.0,4.758680018605037e-13,3.85000413217719e-18,True,height_function,"{""curvature"": 4.758680018605037e-13, ""curvature_source"": ""cartesian-ghf"", ""ghf_diagnostic"": ""complete three-column height function"", ""ghf_direction"": ""x"", ""ghf_fit_points"": 0, ""ghf_height_points"": 3, ""ghf_independent_points"": 3, ""ghf_method"": ""height_function"", ""interval_count"": 1, ""objective"": 3.85000413217719e-18, ""optimizer_message"": ""CONVERGENCE: NORM_OF_PROJECTED_GRADIENT_<=_PGTOL"", ""optimizer_success"": true}"
PLVIRA,PLVIRA,zalesak,0,128,68,57,reconstructed,0.46211905908239714,0.462119059082397,1.6653345369377348e-16,-9.520992617376779e-13,0.0,9.520992617376779e-13,2.1775592689055186e-19,True,height_function,"{""curvature"": -9.520992617376779e-13, ""curvature_source"": ""cartesian-ghf"", ""ghf_diagnostic"": ""complete three-column height function"", ""ghf_direction"": ""x"", ""ghf_fit_points"": 0, ""ghf_height_points"": 3, ""ghf_independent_points"": 3, ""ghf_method"": ""height_function"", ""interval_count"": 1, ""objective"": 2.1775592689055186e-19, ""optimizer_message"": ""CONVERGENCE: NORM_OF_PROJECTED_GRADIENT_<=_PGTOL"", ""optimizer_success"": true}"
PLVIRA,PLVIRA,zalesak,0,128,68,58,reconstructed,0.4813285237821674,0.48132852378216756,1.6653345369377348e-16,4.758680018604869e-13,0.0,4.758680018604869e-13,5.5126973401873647e-17,True,height_function,"{""curvature"": 4.758680018604869e-13, ""curvature_source"": ""cartesian-ghf"", ""ghf_diagnostic"": ""complete three-column height function"", ""ghf_direction"": ""x"", ""ghf_fit_points"": 0, ""ghf_height_points"": 3, ""ghf_independent_points"": 3, ""ghf_method"": ""height_function"", ""interval_count"": 1, ""objective"": 5.5126973401873647e-17, ""optimizer_message"": ""CONVERGENCE: REL_REDUCTION_OF_F_<=_FACTR*EPSMCH"", ""optimizer_success"": true}"
PLVIRA,PLVIRA,zalesak,0,128,68,59,reconstructed,0.5005379884817103,0.5005379884817103,0.0,3.6325801668740096e-16,0.0,3.6325801668740096e-16,4.83299583651444e-16,True,height_function,"{""curvature"": 3.6325801668740096e-16, ""curvature_source"": ""cartesian-ghf"", ""ghf_diagnostic"": ""complete three-column height function"", ""ghf_direction"": ""x"", ""ghf_fit_points"": 0, ""ghf_height_points"": 3, ""ghf_independent_points"": 3, ""ghf_method"": ""height_function"", ""interval_count"": 1, ""objective"": 4.83299583651444e-16, ""optimizer_message"": ""CONVERGENCE: REL_REDUCTION_OF_F_<=_FACTR*EPSMCH"", ""optimizer_success"": true}"
PLVIRA,PLVIRA,zalesak,0,128,68,60,reconstructed,0.5197474531812531,0.5197474531812531,0.0,0.0,0.0,0.0,2.2814029942314679e-26,True,height_function,"{""curvature"": 0.0, ""curvature_source"": ""cartesian-ghf"", ""ghf_diagnostic"": ""complete three-column height function"", ""ghf_direction"": ""x"", ""ghf_fit_points"": 0, ""ghf_height_points"": 3, ""ghf_independent_points"": 3, ""ghf_method"": ""height_function"", ""interval_count"": 1, ""objective"": 2.2814029942314679e-26, ""optimizer_message"": ""CONVERGENCE: NORM_OF_PROJECTED_GRADIENT_<=_PGTOL"", ""optimizer_success"": true}"
PLVIRA,PLVIRA,zalesak,0,128,68,61,reconstructed,0.538956917880796,0.5389569178807961,1.1102230246251565e-16,-9.524625197543316e-13,0.0,9.524625197543316e-13,1.532128115310578e-25,True,height_function,"{""curvature"": -9.524625197543316e-13, ""curvature_source"": ""cartesian-ghf"", ""ghf_diagnostic"": ""complete three-column height function"", ""ghf_direction"": ""x"", ""ghf_fit_points"": 0, ""ghf_height_points"": 3, ""ghf_independent_points"": 3, ""ghf_method"": ""height_function"", ""interval_count"": 1, ""objective"": 1.532128115310578e-25, ""optimizer_message"": ""CONVERGENCE: NORM_OF_PROJECTED_GRADIENT_<=_PGTOL"", ""optimizer_success"": true}"
PLVIRA,PLVIRA,zalesak,0,128,68,62,reconstructed,0.5581663825807937,0.5581663825807935,1.1102230246251565e-16,1.904561781492043e-12,0.0,1.904561781492043e-12,6.513344420073363e-18,True,height_function,"{""curvature"": 1.904561781492043e-12, ""curvature_source"": ""cartesian-ghf"", ""ghf_diagnostic"": ""complete three-column height function"", ""ghf_direction"": ""x"", ""ghf_fit_points"": 0, ""ghf_height_points"": 3, ""ghf_independent_points"": 3, ""ghf_method"": ""height_function"", ""interval_count"": 1, ""objective"": 6.513344420073363e-18, ""optimizer_message"": ""CONVERGENCE: NORM_OF_PROJECTED_GRADIENT_<=_PGTOL"", ""optimizer_success"": true}"
PLVIRA,PLVIRA,zalesak,0,128,68,63,reconstructed,0.5773758472798818,0.5773758472798818,0.0,-1.4283305216148859e-12,0.0,1.4283305216148859e-12,9.225487930502674e-26,True,height_function,"{""curvature"": -1.4283305216148859e-12, ""curvature_source"": ""cartesian-ghf"", ""ghf_diagnostic"": ""complete three-column height function"", ""ghf_direction"": ""x"", ""ghf_fit_points"": 0, ""ghf_height_points"": 3, ""ghf_independent_points"": 3, ""ghf_method"": ""height_function"", ""interval_count"": 1, ""objective"": 9.225487930502674e-26, ""optimizer_message"": ""CONVERGENCE: NORM_OF_PROJECTED_GRADIENT_<=_PGTOL"", ""optimizer_success"": true}"
PLVIRA,PLVIRA,zalesak,0,128,68,64,reconstructed,0.596585311979652,0.596585311979652,0.0,4.762312598771743e-13,0.0,4.762312598771743e-13,1.1986836134946774e-20,True,height_function,"{""curvature"": 4.762312598771743e-13, ""curvature_source"": ""cartesian-ghf"", ""ghf_diagnostic"": ""complete three-column height function"", ""ghf_direction"": ""x"", ""ghf_fit_points"": 0, ""ghf_height_points"": 3, ""ghf_independent_points"": 3, ""ghf_method"": ""height_function"", ""interval_count"": 1, ""objective"": 1.1986836134946774e-20, ""optimizer_message"": ""CONVERGENCE: NORM_OF_PROJECTED_GRADIENT_<=_PGTOL"", ""optimizer_success"": true}"
PLVIRA,PLVIRA,zalesak,0,128,68,65,reconstructed,0.6099007890466055,0.6099007890466048,6.661338147750939e-16,-4.76412888885518e-13,0.0,4.76412888885518e-13,1.1029828735483195e-22,True,height_function,"{""curvature"": -4.76412888885518e-13, ""curvature_source"": ""cartesian-ghf"", ""ghf_diagnostic"": ""complete three-column height function"", ""ghf_direction"": ""x"", ""ghf_fit_points"": 0, ""ghf_height_points"": 3, ""ghf_independent_points"": 3, ""ghf_method"": ""height_function"", ""interval_count"": 1, ""objective"": 1.1029828735483195e-22, ""optimizer_message"": ""CONVERGENCE: NORM_OF_PROJECTED_GRADIENT_<=_PGTOL"", ""optimizer_success"": true}"
PLVIRA,PLVIRA,zalesak,0,128,68,82,reconstructed,0.5497334643927951,0.5497334643927928,2.3314683517128287e-15,0.0667372268150121,0.06666666666666667,7.056014834543045e-05,1.1194581063831394e-12,True,height_function,"{""curvature"": 0.0667372268150121, ""curvature_source"": ""cartesian-ghf"", ""ghf_diagnostic"": ""complete three-column height function"", ""ghf_direction"": ""y"", ""ghf_fit_points"": 0, ""ghf_height_points"": 3, ""ghf_independent_points"": 3, ""ghf_method"": ""height_function"", ""interval_count"": 1, ""objective"": 1.1194581063831394e-12, ""optimizer_message"": ""CONVERGENCE: REL_REDUCTION_OF_F_<=_FACTR*EPSMCH"", ""optimizer_success"": true}"
PLVIRA,PLVIRA,zalesak,0,128,69,45,reconstructed,0.345599656423306,0.3455996564233059,5.551115123125783e-17,0.28035995935962926,0.06666666666666667,0.2136932926929626,0.40748485087932806,True,height_function,"{""curvature"": 0.28035995935962926, ""curvature_source"": ""cartesian-ghf"", ""ghf_diagnostic"": ""complete three-column height function"", ""ghf_direction"": ""y"", ""ghf_fit_points"": 0, ""ghf_height_points"": 3, ""ghf_independent_points"": 3, ""ghf_method"": ""height_function"", ""interval_count"": 1, ""objective"": 0.40748485087932806, ""optimizer_message"": ""CONVERGENCE: REL_REDUCTION_OF_F_<=_FACTR*EPSMCH"", ""optimizer_success"": true}"
PLVIRA,PLVIRA,zalesak,0,128,69,82,reconstructed,0.41399859960910484,0.4139985996090969,7.93809462606987e-15,0.06673893784089628,0.06666666666666667,7.22711742296156e-05,4.3181067980841114e-14,True,height_function,"{""curvature"": 0.06673893784089628, ""curvature_source"": ""cartesian-ghf"", ""ghf_diagnostic"": ""complete three-column height function"", ""ghf_direction"": ""y"", ""ghf_fit_points"": 0, ""ghf_height_points"": 3, ""ghf_independent_points"": 3, ""ghf_method"": ""height_function"", ""interval_count"": 1, ""objective"": 4.3181067980841114e-14, ""optimizer_message"": ""CONVERGENCE: NORM_OF_PROJECTED_GRADIENT_<=_PGTOL"", ""optimizer_success"": true}"
PLVIRA,PLVIRA,zalesak,0,128,70,45,reconstructed,0.1749879365939817,0.1749879365939837,1.9984014443252818e-15,0.06674117968954806,0.06666666666666667,7.45130228813895e-05,3.60615028935962e-11,True,height_function,"{""curvature"": 0.06674117968954806, ""curvature_source"": ""cartesian-ghf"", ""ghf_diagnostic"": ""complete three-column height function"", ""ghf_direction"": ""y"", ""ghf_fit_points"": 0, ""ghf_height_points"": 3, ""ghf_independent_points"": 3, ""ghf_method"": ""height_function"", ""interval_count"": 1, ""objective"": 3.60615028935962e-11, ""optimizer_message"": ""CONVERGENCE: NORM_OF_PROJECTED_GRADIENT_<=_PGTOL"", ""optimizer_success"": true}"
PLVIRA,PLVIRA,zalesak,0,128,70,82,reconstructed,0.24338687977989348,0.24338687977989565,2.1649348980190553e-15,0.06674117968928059,0.06666666666666667,7.45130226139229e-05,7.747555579839134e-11,True,height_function,"{""curvature"": 0.06674117968928059, ""curvature_source"": ""cartesian-ghf"", ""ghf_diagnostic"": ""complete three-column height function"", ""ghf_direction"": ""y"", ""ghf_fit_points"": 0, ""ghf_height_points"": 3, ""ghf_independent_points"": 3, ""ghf_method"": ""height_function"", ""interval_count"": 1, ""objective"": 7.747555579839134e-11, ""optimizer_message"": ""CONVERGENCE: NORM_OF_PROJECTED_GRADIENT_<=_PGTOL"", ""optimizer_success"": true}"
PLVIRA,PLVIRA,zalesak,0,128,71,45,reconstructed,0.014261084525501566,0.014261084525500178,1.3877787807814457e-15,0.06674404673159055,0.06666666666666667,7.73800649238876e-05,3.045403770379483e-11,True,height_function,"{""curvature"": 0.06674404673159055, ""curvature_source"": ""cartesian-ghf"", ""ghf_diagnostic"": ""complete three-column height function"", ""ghf_direction"": ""y"", ""ghf_fit_points"": 0, ""ghf_height_points"": 3, ""ghf_independent_points"": 3, ""ghf_method"": ""height_function"", ""interval_count"": 1, ""objective"": 3.045403770379483e-11, ""optimizer_message"": ""CONVERGENCE: NORM_OF_PROJECTED_GRADIENT_<=_PGTOL"", ""optimizer_success"": true}"
PLVIRA,PLVIRA,zalesak,0,128,71,46,reconstructed,0.563963514529676,0.5639635145296743,1.6653345369377348e-15,0.06674404673159055,0.06666666666666667,7.73800649238876e-05,1.052095010596872e-11,True,height_function,"{""curvature"": 0.06674404673159055, ""curvature_source"": ""cartesian-ghf"", ""ghf_diagnostic"": ""complete three-column height function"", ""ghf_direction"": ""y"", ""ghf_fit_points"": 0, ""ghf_height_points"": 3, ""ghf_independent_points"": 3, ""ghf_method"": ""height_function"", ""interval_count"": 1, ""objective"": 1.052095010596872e-11, ""optimizer_message"": ""CONVERGENCE: REL_REDUCTION_OF_F_<=_FACTR*EPSMCH"", ""optimizer_success"": true}"
PLVIRA,PLVIRA,zalesak,0,128,71,81,reconstructed,0.5970950545214788,0.5970950545214799,1.1102230246251565e-15,0.06674404673309031,0.06666666666666667,7.738006642364625e-05,2.7808369174168572e-11,True,height_function,"{""curvature"": 0.06674404673309031, ""curvature_source"": ""cartesian-ghf"", ""ghf_diagnostic"": ""complete three-column height function"", ""ghf_direction"": ""y"", ""ghf_fit_points"": 0, ""ghf_height_points"": 3, ""ghf_independent_points"": 3, ""ghf_method"": ""height_function"", ""interval_count"": 1, ""objective"": 2.7808369174168572e-11, ""optimizer_message"": ""CONVERGENCE: REL_REDUCTION_OF_F_<=_FACTR*EPSMCH"", ""optimizer_success"": true}"
PLVIRA,PLVIRA,zalesak,0,128,71,82,reconstructed,0.049528487719879166,0.04952848771987893,2.3592239273284576e-16,0.06674404673309031,0.06666666666666667,7.738006642364625e-05,1.0835582990995119e-11,True,height_function,"{""curvature"": 0.06674404673309031, ""curvature_source"": ""cartesian-ghf"", ""ghf_diagnostic"": ""complete three-column height function"", ""ghf_direction"": ""y"", ""ghf_fit_points"": 0, ""ghf_height_points"": 3, ""ghf_independent_points"": 3, ""ghf_method"": ""height_function"", ""interval_count"": 1, ""objective"": 1.0835582990995119e-11, ""optimizer_message"": ""CONVERGENCE: NORM_OF_PROJECTED_GRADIENT_<=_PGTOL"", ""optimizer_success"": true}"
PLVIRA,PLVIRA,zalesak,0,128,72,46,reconstructed,0.3324926905686052,0.3324926905686057,4.996003610813204e-16,0.06674767259023412,0.06666666666666667,8.100592356745373e-05,1.5771539454447097e-10,True,height_function,"{""curvature"": 0.06674767259023412, ""curvature_source"": ""cartesian-ghf"", ""ghf_diagnostic"": ""complete three-column height function"", ""ghf_direction"": ""y"", ""ghf_fit_points"": 0, ""ghf_height_points"": 3, ""ghf_independent_points"": 3, ""ghf_method"": ""height_function"", ""interval_count"": 1, ""objective"": 1.5771539454447097e-10, ""optimizer_message"": ""CONVERGENCE: NORM_OF_PROJECTED_GRADIENT_<=_PGTOL"", ""optimizer_success"": true}"
PLVIRA,PLVIRA,zalesak,0,128,72,81,reconstructed,0.4008916337541759,0.40089163375417464,1.27675647831893e-15,0.06674767258872581,0.06666666666666667,8.100592205914636e-05,4.99888441452125e-11,True,height_function,"{""curvature"": 0.06674767258872581, ""curvature_source"": ""cartesian-ghf"", ""ghf_diagnostic"": ""complete three-column height function"", ""ghf_direction"": ""y"", ""ghf_fit_points"": 0, ""ghf_height_points"": 3, ""ghf_independent_points"": 3, ""ghf_method"": ""height_function"", ""interval_count"": 1, ""objective"": 4.99888441452125e-11, ""optimizer_message"": ""CONVERGENCE: REL_REDUCTION_OF_F_<=_FACTR*EPSMCH"", ""optimizer_success"": true}"
PLVIRA,PLVIRA,zalesak,0,128,73,46,reconstructed,0.06489849586022789,0.06489849586023733,9.43689570931383e-15,0.0667522483245423,0.06666666666666667,8.558165787563021e-05,2.9850386249055574e-11,True,height_function,"{""curvature"": 0.0667522483245423, ""curvature_source"": ""cartesian-ghf"", ""ghf_diagnostic"": ""complete three-column height function"", ""ghf_direction"": ""y"", ""ghf_fit_points"": 0, ""ghf_height_points"": 3, ""ghf_independent_points"": 3, ""ghf_method"": ""height_function"", ""interval_count"": 1, ""objective"": 2.9850386249055574e-11, ""optimizer_message"": ""CONVERGENCE: NORM_OF_PROJECTED_GRADIENT_<=_PGTOL"", ""optimizer_success"": true}"
PLVIRA,PLVIRA,zalesak,0,128,73,47,reconstructed,0.5908704334636243,0.5908704334636243,0.0,0.0667522483245423,0.06666666666666667,8.558165787563021e-05,7.703705054738182e-11,True,height_function,"{""curvature"": 0.0667522483245423, ""curvature_source"": ""cartesian-ghf"", ""ghf_diagnostic"": ""complete three-column height function"", ""ghf_direction"": ""y"", ""ghf_fit_points"": 0, ""ghf_height_points"": 3, ""ghf_independent_points"": 3, ""ghf_method"": ""height_function"", ""interval_count"": 1, ""objective"": 7.703705054738182e-11, ""optimizer_message"": ""CONVERGENCE: NORM_OF_PROJECTED_GRADIENT_<=_PGTOL"", ""optimizer_success"": true}"
PLVIRA,PLVIRA,zalesak,0,128,73,80,reconstructed,0.6073685172460876,0.6073685172460879,2.220446049250313e-16,0.06675224832499098,0.06666666666666667,8.558165832431297e-05,1.5235679510209047e-10,True,height_function,"{""curvature"": 0.06675224832499098, ""curvature_source"": ""cartesian-ghf"", ""ghf_diagnostic"": ""complete three-column height function"", ""ghf_direction"": ""y"", ""ghf_fit_points"": 0, ""ghf_height_points"": 3, ""ghf_independent_points"": 3, ""ghf_method"": ""height_function"", ""interval_count"": 1, ""objective"": 1.5235679510209047e-10, ""optimizer_message"": ""CONVERGENCE: NORM_OF_PROJECTED_GRADIENT_<=_PGTOL"", ""optimizer_success"": true}"
PLVIRA,PLVIRA,zalesak,0,128,73,81,reconstructed,0.11679935526364904,0.11679935526363117,1.787459069646502e-14,0.06675224832499098,0.06666666666666667,8.558165832431297e-05,1.0546012341962046e-11,True,height_function,"{""curvature"": 0.06675224832499098, ""curvature_source"": ""cartesian-ghf"", ""ghf_diagnostic"": ""complete three-column height function"", ""ghf_direction"": ""y"", ""ghf_fit_points"": 0, ""ghf_height_points"": 3, ""ghf_independent_points"": 3, ""ghf_method"": ""height_function"", ""interval_count"": 1, ""objective"": 1.0546012341962046e-11, ""optimizer_message"": ""CONVERGENCE: NORM_OF_PROJECTED_GRADIENT_<=_PGTOL"", ""optimizer_success"": true}"
PLVIRA,PLVIRA,zalesak,0,128,74,47,reconstructed,0.32382774850883944,0.32382774850884055,1.1102230246251565e-15,0.06675805300042725,0.06666666666666667,9.138633376058747e-05,8.769315545348836e-11,True,height_function,"{""curvature"": 0.06675805300042725, ""curvature_source"": ""cartesian-ghf"", ""ghf_diagnostic"": ""complete three-column height function"", ""ghf_direction"": ""y"", ""ghf_fit_points"": 0, ""ghf_height_points"": 3, ""ghf_independent_points"": 3, ""ghf_method"": ""height_function"", ""interval_count"": 1, ""objective"": 8.769315545348836e-11, ""optimizer_message"": ""CONVERGENCE: REL_REDUCTION_OF_F_<=_FACTR*EPSMCH"", ""optimizer_success"": true}"
PLVIRA,PLVIRA,zalesak,0,128,74,80,reconstructed,0.3922266916947512,0.3922266916947529,1.6653345369377348e-15,0.06675805300044159,0.06666666666666667,9.138633377492322e-05,8.915477061593865e-11,True,height_function,"{""curvature"": 0.06675805300044159, ""curvature_source"": ""cartesian-ghf"", ""ghf_diagnostic"": ""complete three-column height function"", ""ghf_direction"": ""y"", ""ghf_fit_points"": 0, ""ghf_height_points"": 3, ""ghf_independent_points"": 3, ""ghf_method"": ""height_function"", ""interval_count"": 1, ""objective"": 8.915477061593865e-11, ""optimizer_message"": ""CONVERGENCE: NORM_OF_PROJECTED_GRADIENT_<=_PGTOL"", ""optimizer_success"": true}"
PLVIRA,PLVIRA,zalesak,0,128,75,47,reconstructed,0.02596544680147561,0.025965446801475583,2.7755575615628914e-17,0.0667655074802801,0.06666666666666667,9.884081361342945e-05,2.0905755136664973e-10,True,height_function,"{""curvature"": 0.0667655074802801, ""curvature_source"": ""cartesian-ghf"", ""ghf_diagnostic"": ""complete three-column height function"", ""ghf_direction"": ""y"", ""ghf_fit_points"": 0, ""ghf_height_points"": 3, ""ghf_independent_points"": 3, ""ghf_method"": ""height_function"", ""interval_count"": 1, ""objective"": 2.0905755136664973e-10, ""optimizer_message"": ""CONVERGENCE: NORM_OF_PROJECTED_GRADIENT_<=_PGTOL"", ""optimizer_success"": true}"
PLVIRA,PLVIRA,zalesak,0,128,75,48,reconstructed,0.5268126823155574,0.5268126823155597,2.220446049250313e-15,0.0667655074802801,0.06666666666666667,9.884081361342945e-05,1.0587771853041852e-10,True,height_function,"{""curvature"": 0.0667655074802801, ""curvature_source"": ""cartesian-ghf"", ""ghf_diagnostic"": ""complete three-column height function"", ""ghf_direction"": ""y"", ""ghf_fit_points"": 0, ""ghf_height_points"": 3, ""ghf_independent_points"": 3, ""ghf_method"": ""height_function"", ""interval_count"": 1, ""objective"": 1.0587771853041852e-10, ""optimizer_message"": ""CONVERGENCE: NORM_OF_PROJECTED_GRADIENT_<=_PGTOL"", ""optimizer_success"": true}"
PLVIRA,PLVIRA,zalesak,0,128,75,79,reconstructed,0.564570197241276,0.5645701972412759,1.1102230246251565e-16,0.06676550747998103,0.06666666666666667,9.884081331436312e-05,1.4930353077553187e-10,True,height_function,"{""curvature"": 0.06676550747998103, ""curvature_source"": ""cartesian-ghf"", ""ghf_diagnostic"": ""complete three-column height function"", ""ghf_direction"": ""y"", ""ghf_fit_points"": 0, ""ghf_height_points"": 3, ""ghf_independent_points"": 3, ""ghf_method"": ""height_function"", ""interval_count"": 1, ""objective"": 1.4930353077553187e-10, ""optimizer_message"": ""CONVERGENCE: NORM_OF_PROJECTED_GRADIENT_<=_PGTOL"", ""optimizer_success"": true}"
PLVIRA,PLVIRA,zalesak,0,128,75,80,reconstructed,0.056606875061687933,0.056606875061687115,8.187894806610529e-16,0.06676550747998103,0.06666666666666667,9.884081331436312e-05,9.927126917627212e-11,True,height_function,"{""curvature"": 0.06676550747998103, ""curvature_source"": ""cartesian-ghf"", ""ghf_diagnostic"": ""complete three-column height function"", ""ghf_direction"": ""y"", ""ghf_fit_points"": 0, ""ghf_height_points"": 3, ""ghf_independent_points"": 3, ""ghf_method"": ""height_function"", ""interval_count"": 1, ""objective"": 9.927126917627212e-11, ""optimizer_message"": ""CONVERGENCE: NORM_OF_PROJECTED_GRADIENT_<=_PGTOL"", ""optimizer_success"": true}"
PLVIRA,PLVIRA,zalesak,0,128,76,48,reconstructed,0.13115501948840436,0.13115501948839425,1.0103029524088925e-14,0.06677527529260643,0.06666666666666667,0.00010860862593976839,8.191969318772663e-11,True,height_function,"{""curvature"": 0.06677527529260643, ""curvature_source"": ""cartesian-ghf"", ""ghf_diagnostic"": ""complete three-column height function"", ""ghf_direction"": ""y"", ""ghf_fit_points"": 0, ""ghf_height_points"": 3, ""ghf_independent_points"": 3, ""ghf_method"": ""height_function"", ""interval_count"": 1, ""objective"": 8.191969318772663e-11, ""optimizer_message"": ""CONVERGENCE: REL_REDUCTION_OF_F_<=_FACTR*EPSMCH"", ""optimizer_success"": true}"
PLVIRA,PLVIRA,zalesak,0,128,76,49,reconstructed,0.595018935601237,0.5950189356012405,3.552713678800501e-15,0.06677527529260663,0.06666666666666667,0.00010860862593996268,4.795498029959153e-10,True,height_function,"{""curvature"": 0.06677527529260663, ""curvature_source"": ""cartesian-ghf"", ""ghf_diagnostic"": ""complete three-column height function"", ""ghf_direction"": ""y"", ""ghf_fit_points"": 0, ""ghf_height_points"": 3, ""ghf_independent_points"": 3, ""ghf_method"": ""height_function"", ""interval_count"": 1, ""objective"": 4.795498029959153e-10, ""optimizer_message"": ""CONVERGENCE: REL_REDUCTION_OF_F_<=_FACTR*EPSMCH"", ""optimizer_success"": true}"
PLVIRA,PLVIRA,zalesak,0,128,76,78,reconstructed,0.6073429467198556,0.6073429467198557,1.1102230246251565e-16,0.06677527529349504,0.06666666666666667,0.00010860862682837702,6.060925300307989e-10,True,height_function,"{""curvature"": 0.06677527529349504, ""curvature_source"": ""cartesian-ghf"", ""ghf_diagnostic"": ""complete three-column height function"", ""ghf_direction"": ""y"", ""ghf_fit_points"": 0, ""ghf_height_points"": 3, ""ghf_independent_points"": 3, ""ghf_method"": ""height_function"", ""interval_count"": 1, ""objective"": 6.060925300307989e-10, ""optimizer_message"": ""CONVERGENCE: NORM_OF_PROJECTED_GRADIENT_<=_PGTOL"", ""optimizer_success"": true}"
PLVIRA,PLVIRA,zalesak,0,128,76,79,reconstructed,0.1872299515560041,0.18722995155600444,3.3306690738754696e-16,0.06677527529349504,0.06666666666666667,0.00010860862682837702,5.7365563077483904e-11,True,height_function,"{""curvature"": 0.06677527529349504, ""curvature_source"": ""cartesian-ghf"", ""ghf_diagnostic"": ""complete three-column height function"", ""ghf_direction"": ""y"", ""ghf_fit_points"": 0, ""ghf_height_points"": 3, ""ghf_independent_points"": 3, ""ghf_method"": ""height_function"", ""interval_count"": 1, ""objective"": 5.7365563077483904e-11, ""optimizer_message"": ""CONVERGENCE: NORM_OF_PROJECTED_GRADIENT_<=_PGTOL"", ""optimizer_success"": true}"
PLVIRA,PLVIRA,zalesak,0,128,77,49,reconstructed,0.22746807061665653,0.22746807061665636,1.6653345369377348e-16,0.06678846814091469,0.06666666666666667,0.00012180147424802057,4.5250666247395164e-11,True,height_function,"{""curvature"": 0.06678846814091469, ""curvature_source"": ""cartesian-ghf"", ""ghf_diagnostic"": ""complete three-column height function"", ""ghf_direction"": ""y"", ""ghf_fit_points"": 0, ""ghf_height_points"": 3, ""ghf_independent_points"": 3, ""ghf_method"": ""height_function"", ""interval_count"": 1, ""objective"": 4.5250666247395164e-11, ""optimizer_message"": ""CONVERGENCE: REL_REDUCTION_OF_F_<=_FACTR*EPSMCH"", ""optimizer_success"": true}"
PLVIRA,PLVIRA,zalesak,0,128,77,50,reconstructed,0.6082543720162207,0.6082543720162208,1.1102230246251565e-16,0.06678846814091469,0.06666666666666667,0.00012180147424802057,1.0259286702545717e-09,True,height_function,"{""curvature"": 0.06678846814091469, ""curvature_source"": ""cartesian-ghf"", ""ghf_diagnostic"": ""complete three-column height function"", ""ghf_direction"": ""y"", ""ghf_fit_points"": 0, ""ghf_height_points"": 3, ""ghf_independent_points"": 3, ""ghf_method"": ""height_function"", ""interval_count"": 1, ""objective"": 1.0259286702545717e-09, ""optimizer_message"": ""CONVERGENCE: NORM_OF_PROJECTED_GRADIENT_<=_PGTOL"", ""optimizer_success"": true}"
PLVIRA,PLVIRA,zalesak,0,128,77,78,reconstructed,0.2937698233185104,0.29376982331851087,4.440892098500626e-16,0.06678846813993622,0.06666666666666667,0.00012180147326955326,8.413982070047092e-12,True,height_function,"{""curvature"": 0.06678846813993622, ""curvature_source"": ""cartesian-ghf"", ""ghf_diagnostic"": ""complete three-column height function"", ""ghf_direction"": ""y"", ""ghf_fit_points"": 0, ""ghf_height_points"": 3, ""ghf_independent_points"": 3, ""ghf_method"": ""height_function"", ""interval_count"": 1, ""objective"": 8.413982070047092e-12, ""optimizer_message"": ""CONVERGENCE: REL_REDUCTION_OF_F_<=_FACTR*EPSMCH"", ""optimizer_success"": true}"
PLVIRA,PLVIRA,zalesak,0,128,78,50,reconstructed,0.26190093029130335,0.2619009302913024,9.43689570931383e-16,0.06680471837533018,0.06666666666666667,0.0001380517086635169,5.554825699366147e-10,True,height_function,"{""curvature"": 0.06680471837533018, ""curvature_source"": ""cartesian-ghf"", ""ghf_diagnostic"": ""complete three-column height function"", ""ghf_direction"": ""x"", ""ghf_fit_points"": 0, ""ghf_height_points"": 3, ""ghf_independent_points"": 3, ""ghf_method"": ""height_function"", ""interval_count"": 1, ""objective"": 5.554825699366147e-10, ""optimizer_message"": ""CONVERGENCE: NORM_OF_PROJECTED_GRADIENT_<=_PGTOL"", ""optimizer_success"": true}"
PLVIRA,PLVIRA,zalesak,0,128,78,51,reconstructed,0.6078258397696668,0.6078258397696691,2.3314683517128287e-15,0.06678681298180972,0.06666666666666667,0.00012014631514305207,9.70814901166728e-10,True,height_function,"{""curvature"": 0.06678681298180972, ""curvature_source"": ""cartesian-ghf"", ""ghf_diagnostic"": ""complete three-column height function"", ""ghf_direction"": ""x"", ""ghf_fit_points"": 0, ""ghf_height_points"": 3, ""ghf_independent_points"": 3, ""ghf_method"": ""height_function"", ""interval_count"": 1, ""objective"": 9.70814901166728e-10, ""optimizer_message"": ""CONVERGENCE: REL_REDUCTION_OF_F_<=_FACTR*EPSMCH"", ""optimizer_success"": true}"
PLVIRA,PLVIRA,zalesak,0,128,78,77,reconstructed,0.32744765977117396,0.3274476597711743,3.3306690738754696e-16,0.06680236166232655,0.06666666666666667,0.00013569499565987964,1.4204808596098118e-10,True,height_function,"{""curvature"": 0.06680236166232655, ""curvature_source"": ""cartesian-ghf"", ""ghf_diagnostic"": ""complete three-column height function"", ""ghf_direction"": ""x"", ""ghf_fit_points"": 0, ""ghf_height_points"": 3, ""ghf_independent_points"": 3, ""ghf_method"": ""height_function"", ""interval_count"": 1, ""objective"": 1.4204808596098118e-10, ""optimizer_message"": ""CONVERGENCE: REL_REDUCTION_OF_F_<=_FACTR*EPSMCH"", ""optimizer_success"": true}"
PLVIRA,PLVIRA,zalesak,0,128,78,78,reconstructed,0.00032649097594456,0.0003264909759445288,3.122502256758253e-17,0.06680711519375501,0.06666666666666667,0.00014044852708834654,1.8205045955019694e-09,True,height_function,"{""curvature"": 0.06680711519375501, ""curvature_source"": ""cartesian-ghf"", ""ghf_diagnostic"": ""complete three-column height function"", ""ghf_direction"": ""y"", ""ghf_fit_points"": 0, ""ghf_height_points"": 3, ""ghf_independent_points"": 3, ""ghf_method"": ""height_function"", ""interval_count"": 1, ""objective"": 1.8205045955019694e-09, ""optimizer_message"": ""CONVERGENCE: NORM_OF_PROJECTED_GRADIENT_<=_PGTOL"", ""optimizer_success"": true}"
PLVIRA,PLVIRA,zalesak,0,128,79,51,reconstructed,0.2193749010655699,0.2193749010655694,4.996003610813204e-16,0.06678681298180972,0.06666666666666667,0.00012014631514305207,3.519496919997434e-11,True,height_function,"{""curvature"": 0.06678681298180972, ""curvature_source"": ""cartesian-ghf"", ""ghf_diagnostic"": ""complete three-column height function"", ""ghf_direction"": ""x"", ""ghf_fit_points"": 0, ""ghf_height_points"": 3, ""ghf_independent_points"": 3, ""ghf_method"": ""height_function"", ""interval_count"": 1, ""objective"": 3.519496919997434e-11, ""optimizer_message"": ""CONVERGENCE: REL_REDUCTION_OF_F_<=_FACTR*EPSMCH"", ""optimizer_success"": true}"
PLVIRA,PLVIRA,zalesak,0,128,79,52,reconstructed,0.5914550556068652,0.5914550556068652,0.0,0.0667740693576408,0.06666666666666667,0.00010740269097413158,4.0897443330435356e-10,True,height_function,"{""curvature"": 0.0667740693576408, ""curvature_source"": ""cartesian-ghf"", ""ghf_diagnostic"": ""complete three-column height function"", ""ghf_direction"": ""x"", ""ghf_fit_points"": 0, ""ghf_height_points"": 3, ""ghf_independent_points"": 3, ""ghf_method"": ""height_function"", ""interval_count"": 1, ""objective"": 4.0897443330435356e-10, ""optimizer_message"": ""CONVERGENCE: REL_REDUCTION_OF_F_<=_FACTR*EPSMCH"", ""optimizer_success"": true}"
PLVIRA,PLVIRA,zalesak,0,128,79,75,reconstructed,0.6035698108147303,0.6035698108147314,1.1102230246251565e-15,0.0667728695175751,0.06666666666666667,0.00010620285090844062,4.823161379768122e-10,True,height_function,"{""curvature"": 0.0667728695175751, ""curvature_source"": ""cartesian-ghf"", ""ghf_diagnostic"": ""complete three-column height function"", ""ghf_direction"": ""x"", ""ghf_fit_points"": 0, ""ghf_height_points"": 3, ""ghf_independent_points"": 3, ""ghf_method"": ""height_function"", ""interval_count"": 1, ""objective"": 4.823161379768122e-10, ""optimizer_message"": ""CONVERGENCE: NORM_OF_PROJECTED_GRADIENT_<=_PGTOL"", ""optimizer_success"": true}"
PLVIRA,PLVIRA,zalesak,0,128,79,76,reconstructed,0.2755768064034818,0.2755768064034804,1.3877787807814457e-15,0.06678517382666302,0.06666666666666667,0.0001185071599963533,1.4930487437703413e-11,True,height_function,"{""curvature"": 0.06678517382666302, ""curvature_source"": ""cartesian-ghf"", ""ghf_diagnostic"": ""complete three-column height function"", ""ghf_direction"": ""x"", ""ghf_fit_points"": 0, ""ghf_height_points"": 3, ""ghf_independent_points"": 3, ""ghf_method"": ""height_function"", ""interval_count"": 1, ""objective"": 1.4930487437703413e-11, ""optimizer_message"": ""CONVERGENCE: NORM_OF_PROJECTED_GRADIENT_<=_PGTOL"", ""optimizer_success"": true}"
PLVIRA,PLVIRA,zalesak,0,128,79,77,reconstructed,8.228264029855327e-05,8.228264029851422e-05,3.904483073663423e-17,0.06680236166232655,0.06666666666666667,0.00013569499565987964,1.5435436593085823e-09,True,height_function,"{""curvature"": 0.06680236166232655, ""curvature_source"": ""cartesian-ghf"", ""ghf_diagnostic"": ""complete three-column height function"", ""ghf_direction"": ""x"", ""ghf_fit_points"": 0, ""ghf_height_points"": 3, ""ghf_independent_points"": 3, ""ghf_method"": ""height_function"", ""interval_count"": 1, ""objective"": 1.5435436593085823e-09, ""optimizer_message"": ""CONVERGENCE: NORM_OF_PROJECTED_GRADIENT_<=_PGTOL"", ""optimizer_success"": true}"
PLVIRA,PLVIRA,zalesak,0,128,80,52,reconstructed,0.1187432596491309,0.1187432596491311,1.942890293094024e-16,0.0667740693576408,0.06666666666666667,0.00010740269097413158,9.462467847147919e-11,True,height_function,"{""curvature"": 0.0667740693576408, ""curvature_source"": ""cartesian-ghf"", ""ghf_diagnostic"": ""complete three-column height function"", ""ghf_direction"": ""x"", ""ghf_fit_points"": 0, ""ghf_height_points"": 3, ""ghf_independent_points"": 3, ""ghf_method"": ""height_function"", ""interval_count"": 1, ""objective"": 9.462467847147919e-11, ""optimizer_message"": ""CONVERGENCE: NORM_OF_PROJECTED_GRADIENT_<=_PGTOL"", ""optimizer_success"": true}"
PLVIRA,PLVIRA,zalesak,0,128,80,53,reconstructed,0.5125584977030293,0.5125584977030295,2.220446049250313e-16,0.06676459711398822,0.06666666666666667,9.793044732155087e-05,9.519965271083405e-11,True,height_function,"{""curvature"": 0.06676459711398822, ""curvature_source"": ""cartesian-ghf"", ""ghf_diagnostic"": ""complete three-column height function"", ""ghf_direction"": ""x"", ""ghf_fit_points"": 0, ""ghf_height_points"": 3, ""ghf_independent_points"": 3, ""ghf_method"": ""height_function"", ""interval_count"": 1, ""objective"": 9.519965271083405e-11, ""optimizer_message"": ""CONVERGENCE: NORM_OF_PROJECTED_GRADIENT_<=_PGTOL"", ""optimizer_success"": true}"
PLVIRA,PLVIRA,zalesak,0,128,80,74,reconstructed,0.5418691451008781,0.5418691451008781,0.0,0.06676368850707946,0.06666666666666667,9.70218404127976e-05,9.800236512193727e-11,True,height_function,"{""curvature"": 0.06676368850707946, ""curvature_source"": ""cartesian-ghf"", ""ghf_diagnostic"": ""complete three-column height function"", ""ghf_direction"": ""x"", ""ghf_fit_points"": 0, ""ghf_height_points"": 3, ""ghf_independent_points"": 3, ""ghf_method"": ""height_function"", ""interval_count"": 1, ""objective"": 9.800236512193727e-11, ""optimizer_message"": ""CONVERGENCE: NORM_OF_PROJECTED_GRADIENT_<=_PGTOL"", ""optimizer_success"": true}"
PLVIRA,PLVIRA,zalesak,0,128,80,75,reconstructed,0.15783155543715655,0.15783155543715768,1.1379786002407855e-15,0.0667728695175751,0.06666666666666667,0.00010620285090844062,7.14823494136758e-11,True,height_function,"{""curvature"": 0.0667728695175751, ""curvature_source"": ""cartesian-ghf"", ""ghf_diagnostic"": ""complete three-column height function"", ""ghf_direction"": ""x"", ""ghf_fit_points"": 0, ""ghf_height_points"": 3, ""ghf_independent_points"": 3, ""ghf_method"": ""height_function"", ""interval_count"": 1, ""objective"": 7.14823494136758e-11, ""optimizer_message"": ""CONVERGENCE: NORM_OF_PROJECTED_GRADIENT_<=_PGTOL"", ""optimizer_success"": true}"
PLVIRA,PLVIRA,zalesak,0,128,81,53,reconstructed,0.01783169754318248,0.017831697543182534,5.551115123125783e-17,0.06676459711398822,0.06666666666666667,9.793044732155087e-05,2.2460164648569198e-10,True,height_function,"{""curvature"": 0.06676459711398822, ""curvature_source"": ""cartesian-ghf"", ""ghf_diagnostic"": ""complete three-column height function"", ""ghf_direction"": ""x"", ""ghf_fit_points"": 0, ""ghf_height_points"": 3, ""ghf_independent_points"": 3, ""ghf_method"": ""height_function"", ""interval_count"": 1, ""objective"": 2.2460164648569198e-10, ""optimizer_message"": ""CONVERGENCE: NORM_OF_PROJECTED_GRADIENT_<=_PGTOL"", ""optimizer_success"": true}"
PLVIRA,PLVIRA,zalesak,0,128,81,54,reconstructed,0.29578307357266453,0.2957830735726634,1.1102230246251565e-15,0.06675734915702067,0.06666666666666667,9.068249035400211e-05,9.036782601406672e-11,True,height_function,"{""curvature"": 0.06675734915702067, ""curvature_source"": ""cartesian-ghf"", ""ghf_diagnostic"": ""complete three-column height function"", ""ghf_direction"": ""x"", ""ghf_fit_points"": 0, ""ghf_height_points"": 3, ""ghf_independent_points"": 3, ""ghf_method"": ""height_function"", ""interval_count"": 1, ""objective"": 9.036782601406672e-11, ""optimizer_message"": ""CONVERGENCE: REL_REDUCTION_OF_F_<=_FACTR*EPSMCH"", ""optimizer_success"": true}"
PLVIRA,PLVIRA,zalesak,0,128,81,55,reconstructed,0.5781759764404244,0.5781759764404165,7.882583474838611e-15,0.06675169573433988,0.06666666666666667,8.502906767321461e-05,4.922373402463116e-11,True,height_function,"{""curvature"": 0.06675169573433988, ""curvature_source"": ""cartesian-ghf"", ""ghf_diagnostic"": ""complete three-column height function"", ""ghf_direction"": ""x"", ""ghf_fit_points"": 0, ""ghf_height_points"": 3, ""ghf_independent_points"": 3, ""ghf_method"": ""height_function"", ""interval_count"": 1, ""objective"": 4.922373402463116e-11, ""optimizer_message"": ""CONVERGENCE: NORM_OF_PROJECTED_GRADIENT_<=_PGTOL"", ""optimizer_success"": true}"
PLVIRA,PLVIRA,zalesak,0,128,81,72,reconstructed,0.5922075856803395,0.5922075856803392,3.3306690738754696e-16,0.06675114237706238,0.06666666666666667,8.4475710395715e-05,6.995666987523931e-11,True,height_function,"{""curvature"": 0.06675114237706238, ""curvature_source"": ""cartesian-ghf"", ""ghf_diagnostic"": ""complete three-column height function"", ""ghf_direction"": ""x"", ""ghf_fit_points"": 0, ""ghf_height_points"": 3, ""ghf_independent_points"": 3, ""ghf_method"": ""height_function"", ""interval_count"": 1, ""objective"": 6.995666987523931e-11, ""optimizer_message"": ""CONVERGENCE: NORM_OF_PROJECTED_GRADIENT_<=_PGTOL"", ""optimizer_success"": true}"
PLVIRA,PLVIRA,zalesak,0,128,81,73,reconstructed,0.334751052705017,0.33475105270501804,1.0547118733938987e-15,0.0667566452123853,0.06666666666666667,8.997854571862751e-05,9.751590123700389e-11,True,height_function,"{""curvature"": 0.0667566452123853, ""curvature_source"": ""cartesian-ghf"", ""ghf_diagnostic"": ""complete three-column height function"", ""ghf_direction"": ""x"", ""ghf_fit_points"": 0, ""ghf_height_points"": 3, ""ghf_independent_points"": 3, ""ghf_method"": ""height_function"", ""interval_count"": 1, ""objective"": 9.751590123700389e-11, ""optimizer_message"": ""CONVERGENCE: REL_REDUCTION_OF_F_<=_FACTR*EPSMCH"", ""optimizer_success"": true}"
PLVIRA,PLVIRA,zalesak,0,128,81,74,reconstructed,0.033231052356972324,0.03323105235698126,8.93729534823251e-15,0.06676368850707946,0.06666666666666667,9.70218404127976e-05,1.4293716453554826e-10,True,height_function,"{""curvature"": 0.06676368850707946, ""curvature_source"": ""cartesian-ghf"", ""ghf_diagnostic"": ""complete three-column height function"", ""ghf_direction"": ""x"", ""ghf_fit_points"": 0, ""ghf_height_points"": 3, ""ghf_independent_points"": 3, ""ghf_method"": ""height_function"", ""interval_count"": 1, ""objective"": 1.4293716453554826e-10, ""optimizer_message"": ""CONVERGENCE: REL_REDUCTION_OF_F_<=_FACTR*EPSMCH"", ""optimizer_success"": true}"
PLVIRA,PLVIRA,zalesak,0,128,82,55,reconstructed,0.044455856166283336,0.044455856166283614,2.7755575615628914e-16,0.06675169573433988,0.06666666666666667,8.502906767321461e-05,4.61858233598652e-11,True,height_function,"{""curvature"": 0.06675169573433988, ""curvature_source"": ""cartesian-ghf"", ""ghf_diagnostic"": ""complete three-column height function"", ""ghf_direction"": ""x"", ""ghf_fit_points"": 0, ""ghf_height_points"": 3, ""ghf_independent_points"": 3, ""ghf_method"": ""height_function"", ""interval_count"": 1, ""objective"": 4.61858233598652e-11, ""optimizer_message"": ""CONVERGENCE: NORM_OF_PROJECTED_GRADIENT_<=_PGTOL"", ""optimizer_success"": true}"
PLVIRA,PLVIRA,zalesak,0,128,82,56,reconstructed,0.29469329056880156,0.2946932905688047,3.164135620181696e-15,0.06674723518717457,0.06666666666666667,8.056852050790375e-05,1.1057979559514519e-10,True,height_function,"{""curvature"": 0.06674723518717457, ""curvature_source"": ""cartesian-ghf"", ""ghf_diagnostic"": ""complete three-column height function"", ""ghf_direction"": ""x"", ""ghf_fit_points"": 0, ""ghf_height_points"": 3, ""ghf_independent_points"": 3, ""ghf_method"": ""height_function"", ""interval_count"": 1, ""objective"": 1.1057979559514519e-10, ""optimizer_message"": ""CONVERGENCE: NORM_OF_PROJECTED_GRADIENT_<=_PGTOL"", ""optimizer_success"": true}"
PLVIRA,PLVIRA,zalesak,0,128,82,57,reconstructed,0.5333614152633999,0.5333614152634008,8.881784197001252e-16,0.06674370010508927,0.06666666666666667,7.70334384226079e-05,2.382786637685977e-12,True,height_function,"{""curvature"": 0.06674370010508927, ""curvature_source"": ""cartesian-ghf"", ""ghf_diagnostic"": ""complete three-column height function"", ""ghf_direction"": ""x"", ""ghf_fit_points"": 0, ""ghf_height_points"": 3, ""ghf_independent_points"": 3, ""ghf_method"": ""height_function"", ""interval_count"": 1, ""objective"": 2.382786637685977e-12, ""optimizer_message"": ""CONVERGENCE: REL_REDUCTION_OF_F_<=_FACTR*EPSMCH"", ""optimizer_success"": true}"
PLVIRA,PLVIRA,zalesak,0,128,82,70,reconstructed,0.5529653742863303,0.5529653742863307,4.440892098500626e-16,0.06674335294520542,0.06666666666666667,7.668627853875398e-05,5.709931443326477e-12,True,height_function,"{""curvature"": 0.06674335294520542, ""curvature_source"": ""cartesian-ghf"", ""ghf_diagnostic"": ""complete three-column height function"", ""ghf_direction"": ""x"", ""ghf_fit_points"": 0, ""ghf_height_points"": 3, ""ghf_independent_points"": 3, ""ghf_method"": ""height_function"", ""interval_count"": 1, ""objective"": 5.709931443326477e-12, ""optimizer_message"": ""CONVERGENCE: NORM_OF_PROJECTED_GRADIENT_<=_PGTOL"", ""optimizer_success"": true}"
PLVIRA,PLVIRA,zalesak,0,128,82,71,reconstructed,0.3237315025728833,0.3237315025728844,1.1102230246251565e-15,0.06674679696573178,0.06666666666666667,8.01302990651176e-05,1.5088887262930557e-10,True,height_function,"{""curvature"": 0.06674679696573178, ""curvature_source"": ""cartesian-ghf"", ""ghf_diagnostic"": ""complete three-column height function"", ""ghf_direction"": ""x"", ""ghf_fit_points"": 0, ""ghf_height_points"": 3, ""ghf_independent_points"": 3, ""ghf_method"": ""height_function"", ""interval_count"": 1, ""objective"": 1.5088887262930557e-10, ""optimizer_message"": ""CONVERGENCE: REL_REDUCTION_OF_F_<=_FACTR*EPSMCH"", ""optimizer_success"": true}"
PLVIRA,PLVIRA,zalesak,0,128,82,72,reconstructed,0.06421262832508923,0.06421262832510205,1.2823075934420558e-14,0.06675114237706238,0.06666666666666667,8.4475710395715e-05,2.5746104270413018e-11,True,height_function,"{""curvature"": 0.06675114237706238, ""curvature_source"": ""cartesian-ghf"", ""ghf_diagnostic"": ""complete three-column height function"", ""ghf_direction"": ""x"", ""ghf_fit_points"": 0, ""ghf_height_points"": 3, ""ghf_independent_points"": 3, ""ghf_method"": ""height_function"", ""interval_count"": 1, ""objective"": 2.5746104270413018e-11, ""optimizer_message"": ""CONVERGENCE: NORM_OF_PROJECTED_GRADIENT_<=_PGTOL"", ""optimizer_success"": true}"
PLVIRA,PLVIRA,zalesak,0,128,83,57,reconstructed,0.002733466089191783,0.002733466089193056,1.2732870313669764e-15,0.06674370010508927,0.06666666666666667,7.70334384226079e-05,3.844481423610539e-11,True,height_function,"{""curvature"": 0.06674370010508927, ""curvature_source"": ""cartesian-ghf"", ""ghf_diagnostic"": ""complete three-column height function"", ""ghf_direction"": ""x"", ""ghf_fit_points"": 0, ""ghf_height_points"": 3, ""ghf_independent_points"": 3, ""ghf_method"": ""height_function"", ""interval_count"": 1, ""objective"": 3.844481423610539e-11, ""optimizer_message"": ""CONVERGENCE: REL_REDUCTION_OF_F_<=_FACTR*EPSMCH"", ""optimizer_success"": true}"
PLVIRA,PLVIRA,zalesak,0,128,83,58,reconstructed,0.12878545996210367,0.12878545996210422,5.551115123125783e-16,0.0667409068849103,0.06666666666666667,7.424021824363469e-05,1.005592190842005e-11,True,height_function,"{""curvature"": 0.0667409068849103, ""curvature_source"": ""cartesian-ghf"", ""ghf_diagnostic"": ""complete three-column height function"", ""ghf_direction"": ""x"", ""ghf_fit_points"": 0, ""ghf_height_points"": 3, ""ghf_independent_points"": 3, ""ghf_method"": ""height_function"", ""interval_count"": 1, ""objective"": 1.005592190842005e-11, ""optimizer_message"": ""CONVERGENCE: NORM_OF_PROJECTED_GRADIENT_<=_PGTOL"", ""optimizer_success"": true}"
PLVIRA,PLVIRA,zalesak,0,128,83,59,reconstructed,0.29552358095225717,0.29552358095225595,1.2212453270876722e-15,0.06673872691635649,0.06666666666666667,7.206024968982316e-05,5.131798003886488e-16,True,height_function,"{""curvature"": 0.06673872691635649, ""curvature_source"": ""cartesian-ghf"", ""ghf_diagnostic"": ""complete three-column height function"", ""ghf_direction"": ""x"", ""ghf_fit_points"": 0, ""ghf_height_points"": 3, ""ghf_independent_points"": 3, ""ghf_method"": ""height_function"", ""interval_count"": 1, ""objective"": 5.131798003886488e-16, ""optimizer_message"": ""CONVERGENCE: REL_REDUCTION_OF_F_<=_FACTR*EPSMCH"", ""optimizer_success"": true}"
PLVIRA,PLVIRA,zalesak,0,128,83,60,reconstructed,0.4275366421935596,0.4275366421935479,1.1657341758564144e-14,0.06673706932126496,0.06666666666666667,7.040265459828943e-05,2.4741233387416724e-14,True,height_function,"{""curvature"": 0.06673706932126496, ""curvature_source"": ""cartesian-ghf"", ""ghf_diagnostic"": ""complete three-column height function"", ""ghf_direction"": ""x"", ""ghf_fit_points"": 0, ""ghf_height_points"": 3, ""ghf_independent_points"": 3, ""ghf_method"": ""height_function"", ""interval_count"": 1, ""objective"": 2.4741233387416724e-14, ""optimizer_message"": ""CONVERGENCE: NORM_OF_PROJECTED_GRADIENT_<=_PGTOL"", ""optimizer_success"": true}"
PLVIRA,PLVIRA,zalesak,0,128,83,61,reconstructed,0.5260101454643538,0.5260101454643548,9.992007221626409e-16,0.06673587033738299,0.06666666666666667,6.920367071631961e-05,1.4332895604744422e-11,True,height_function,"{""curvature"": 0.06673587033738299, ""curvature_source"": ""cartesian-ghf"", ""ghf_diagnostic"": ""complete three-column height function"", ""ghf_direction"": ""x"", ""ghf_fit_points"": 0, ""ghf_height_points"": 3, ""ghf_independent_points"": 3, ""ghf_method"": ""height_function"", ""interval_count"": 1, ""objective"": 1.4332895604744422e-11, ""optimizer_message"": ""CONVERGENCE: REL_REDUCTION_OF_F_<=_FACTR*EPSMCH"", ""optimizer_success"": true}"
PLVIRA,PLVIRA,zalesak,0,128,83,62,reconstructed,0.5916078680213364,0.5916078680213583,2.19824158875781e-14,0.06673508659021345,0.06666666666666667,6.841992354678084e-05,3.7495805002655443e-13,True,height_function,"{""curvature"": 0.06673508659021345, ""curvature_source"": ""cartesian-ghf"", ""ghf_diagnostic"": ""complete three-column height function"", ""ghf_direction"": ""x"", ""ghf_fit_points"": 0, ""ghf_height_points"": 3, ""ghf_independent_points"": 3, ""ghf_method"": ""height_function"", ""interval_count"": 1, ""objective"": 3.7495805002655443e-13, ""optimizer_message"": ""CONVERGENCE: REL_REDUCTION_OF_F_<=_FACTR*EPSMCH"", ""optimizer_success"": true}"
PLVIRA,PLVIRA,zalesak,0,128,83,65,reconstructed,0.5963640177800391,0.5963640177800319,7.216449660063518e-15,0.066735023303852,0.06666666666666667,6.83566371853378e-05,1.3667091376203989e-12,True,height_function,"{""curvature"": 0.066735023303852, ""curvature_source"": ""cartesian-ghf"", ""ghf_diagnostic"": ""complete three-column height function"", ""ghf_direction"": ""x"", ""ghf_fit_points"": 0, ""ghf_height_points"": 3, ""ghf_independent_points"": 3, ""ghf_method"": ""height_function"", ""interval_count"": 1, ""objective"": 1.3667091376203989e-12, ""optimizer_message"": ""CONVERGENCE: REL_REDUCTION_OF_F_<=_FACTR*EPSMCH"", ""optimizer_success"": true}"
PLVIRA,PLVIRA,zalesak,0,128,83,66,reconstructed,0.5349959228543675,0.5349959228543427,2.475797344914099e-14,0.06673576247682371,0.06666666666666667,6.90958101570438e-05,3.9266334225127143e-11,True,height_function,"{""curvature"": 0.06673576247682371, ""curvature_source"": ""cartesian-ghf"", ""ghf_diagnostic"": ""complete three-column height function"", ""ghf_direction"": ""x"", ""ghf_fit_points"": 0, ""ghf_height_points"": 3, ""ghf_independent_points"": 3, ""ghf_method"": ""height_function"", ""interval_count"": 1, ""objective"": 3.9266334225127143e-11, ""optimizer_message"": ""CONVERGENCE: REL_REDUCTION_OF_F_<=_FACTR*EPSMCH"", ""optimizer_success"": true}"
PLVIRA,PLVIRA,zalesak,0,128,83,67,reconstructed,0.44022233772877506,0.44022233772876085,1.4210854715202004e-14,0.06673691309999633,0.06666666666666667,7.024643332965985e-05,3.518269316467769e-14,True,height_function,"{""curvature"": 0.06673691309999633, ""curvature_source"": ""cartesian-ghf"", ""ghf_diagnostic"": ""complete three-column height function"", ""ghf_direction"": ""x"", ""ghf_fit_points"": 0, ""ghf_height_points"": 3, ""ghf_independent_points"": 3, ""ghf_method"": ""height_function"", ""interval_count"": 1, ""objective"": 3.518269316467769e-14, ""optimizer_message"": ""CONVERGENCE: REL_REDUCTION_OF_F_<=_FACTR*EPSMCH"", ""optimizer_success"": true}"
PLVIRA,PLVIRA,zalesak,0,128,83,68,reconstructed,0.3120202433847137,0.31202024338472184,8.1601392309949e-15,0.06673851654865233,0.06666666666666667,7.184988198566389e-05,6.702654040270718e-12,True,height_function,"{""curvature"": 0.06673851654865233, ""curvature_source"": ""cartesian-ghf"", ""ghf_diagnostic"": ""complete three-column height function"", ""ghf_direction"": ""x"", ""ghf_fit_points"": 0, ""ghf_height_points"": 3, ""ghf_independent_points"": 3, ""ghf_method"": ""height_function"", ""interval_count"": 1, ""objective"": 6.702654040270718e-12, ""optimizer_message"": ""CONVERGENCE: REL_REDUCTION_OF_F_<=_FACTR*EPSMCH"", ""optimizer_success"": true}"
PLVIRA,PLVIRA,zalesak,0,128,83,69,reconstructed,0.14924426998676488,0.14924426998676193,2.942091015256665e-15,0.06674063403319334,0.06666666666666667,7.396736652667824e-05,2.1074587196130116e-11,True,height_function,"{""curvature"": 0.06674063403319334, ""curvature_source"": ""cartesian-ghf"", ""ghf_diagnostic"": ""complete three-column height function"", ""ghf_direction"": ""x"", ""ghf_fit_points"": 0, ""ghf_height_points"": 3, ""ghf_independent_points"": 3, ""ghf_method"": ""height_function"", ""interval_count"": 1, ""objective"": 2.1074587196130116e-11, ""optimizer_message"": ""CONVERGENCE: NORM_OF_PROJECTED_GRADIENT_<=_PGTOL"", ""optimizer_success"": true}"
PLVIRA,PLVIRA,zalesak,0,128,83,70,reconstructed,0.007749314134270602,0.007749314134270983,3.8163916471489756e-16,0.06674335294520542,0.06666666666666667,7.668627853875398e-05,3.110212697534706e-11,True,height_function,"{""curvature"": 0.06674335294520542, ""curvature_source"": ""cartesian-ghf"", ""ghf_diagnostic"": ""complete three-column height function"", ""ghf_direction"": ""x"", ""ghf_fit_points"": 0, ""ghf_height_points"": 3, ""ghf_independent_points"": 3, ""ghf_method"": ""height_function"", ""interval_count"": 1, ""objective"": 3.110212697534706e-11, ""optimizer_message"": ""CONVERGENCE: NORM_OF_PROJECTED_GRADIENT_<=_PGTOL"", ""optimizer_success"": true}"
PLVIRA,PLVIRA,zalesak,0,128,84,62,reconstructed,0.00018547290965620356,0.00018547290964234658,1.3856971126102735e-14,0.06673508659021345,0.06666666666666667,6.841992354678084e-05,4.06766045155541e-12,True,height_function,"{""curvature"": 0.06673508659021345, ""curvature_source"": ""cartesian-ghf"", ""ghf_diagnostic"": ""complete three-column height function"", ""ghf_direction"": ""x"", ""ghf_fit_points"": 0, ""ghf_height_points"": 3, ""ghf_independent_points"": 3, ""ghf_method"": ""height_function"", ""interval_count"": 1, ""objective"": 4.06766045155541e-12, ""optimizer_message"": ""CONVERGENCE: NORM_OF_PROJECTED_GRADIENT_<=_PGTOL"", ""optimizer_success"": true}"
PLVIRA,PLVIRA,zalesak,0,128,84,63,reconstructed,0.015086009529674094,0.015086009529691635,1.7541523789077473e-14,0.06673469095262181,0.06666666666666667,6.802428595514831e-05,4.279306408709281e-13,True,height_function,"{""curvature"": 0.06673469095262181, ""curvature_source"": ""cartesian-ghf"", ""ghf_diagnostic"": ""complete three-column height function"", ""ghf_direction"": ""x"", ""ghf_fit_points"": 0, ""ghf_height_points"": 3, ""ghf_independent_points"": 3, ""ghf_method"": ""height_function"", ""interval_count"": 1, ""objective"": 4.279306408709281e-13, ""optimizer_message"": ""CONVERGENCE: REL_REDUCTION_OF_F_<=_FACTR*EPSMCH"", ""optimizer_success"": true}"
PLVIRA,PLVIRA,zalesak,0,128,84,64,reconstructed,0.016868449229438198,0.016868449229438198,0.0,0.06673467008858952,0.06666666666666667,6.80034219228548e-05,2.6133225600442432e-12,True,height_function,"{""curvature"": 0.06673467008858952, ""curvature_source"": ""cartesian-ghf"", ""ghf_diagnostic"": ""complete three-column height function"", ""ghf_direction"": ""x"", ""ghf_fit_points"": 0, ""ghf_height_points"": 3, ""ghf_independent_points"": 3, ""ghf_method"": ""height_function"", ""interval_count"": 1, ""objective"": 2.6133225600442432e-12, ""optimizer_message"": ""CONVERGENCE: REL_REDUCTION_OF_F_<=_FACTR*EPSMCH"", ""optimizer_success"": true}"
PLVIRA,PLVIRA,zalesak,0,128,84,65,reconstructed,0.000791237199924133,0.0007912371998957252,2.8407831642596193e-14,0.066735023303852,0.06666666666666667,6.83566371853378e-05,9.914554788193182e-13,True,height_function,"{""curvature"": 0.066735023303852, ""curvature_source"": ""cartesian-ghf"", ""ghf_diagnostic"": ""complete three-column height function"", ""ghf_direction"": ""x"", ""ghf_fit_points"": 0, ""ghf_height_points"": 3, ""ghf_independent_points"": 3, ""ghf_method"": ""height_function"", ""interval_count"": 1, ""objective"": 9.914554788193182e-13, ""optimizer_message"": ""CONVERGENCE: NORM_OF_PROJECTED_GRADIENT_<=_PGTOL"", ""optimizer_success"": true}"
