method,variant,benchmark,case_index,cells_per_side,cell_x,cell_y,status,target_phase_area,reconstructed_phase_area,absolute_area_residual,curvature_estimate,true_curvature,curvature_absolute_error,objective,optimizer_success,ghf_method,diagnostics_json,bulge,chord_length,conservative_fallback,fallback_reasons_json
QUASI,QUASI (frozen Cartesian port),ellipses,0,128,38,51,reconstructed,0.0029462421992244164,0.0029462421992244164,0.0,0.02719317886364957,0.02708986830762128,0.00010331055602829167,,,,"{""bulge"": -0.00016632099799689389, ""chord_length"": 0.22120174312693616, ""conservative_fallback"": false, ""curvature_midpoint"": 0.02719317886364957, ""fallback_reasons"": []}",-0.00016632099799689389,0.22120174312693616,False,[]
QUASI,QUASI (frozen Cartesian port),ellipses,0,128,38,52,reconstructed,0.05467353013517592,0.05467353013517592,0.0,0.02673040245301299,0.026715488270253183,1.4914182759805106e-05,,,,"{""bulge"": -0.0020629316371836757, ""chord_length"": 0.7857504942319239, ""conservative_fallback"": false, ""curvature_midpoint"": 0.02673040245301299, ""fallback_reasons"": []}",-0.0020629316371836757,0.7857504942319239,False,[]
QUASI,QUASI (frozen Cartesian port),ellipses,0,128,38,53,reconstructed,0.11385670957463692,0.11385670957463692,0.0,0.026165237860975576,0.026170063620052076,4.825759076499542e-06,,,,"{""bulge"": -0.0020111979455360906, ""chord_length"": 0.7841697017162432, ""conservative_fallback"": false, ""curvature_midpoint"": 0.026165237860975576, ""fallback_reasons"": []}",-0.0020111979455360906,0.7841697017162432,False,[]
QUASI,QUASI (frozen Cartesian port),ellipses,0,128,38,54,reconstructed,0.16041542968356187,0.16041542968356187,0.0,0.025670352433420668,0.025669735943106585,6.164903140828959e-07,,,,"{""bulge"": -0.0019670518331014325, ""chord_length"": 0.7829553209035691, ""conservative_fallback"": false, ""curvature_midpoint"": 0.025670352433420668, ""fallback_reasons"": []}",-0.0019670518331014325,0.7829553209035691,False,[]
QUASI,QUASI (frozen Cartesian port),ellipses,0,128,38,55,reconstructed,0.1946488369028318,0.1946488369028318,0.0,0.02521076269653117,0.02521159925892563,8.365623944579792e-07,,,,"{""bulge"": -0.0019275230568664488, ""chord_length"": 0.7820811025018396, ""conservative_fallback"": false, ""curvature_midpoint"": 0.02521076269653117, ""fallback_reasons"": []}",-0.0019275230568664488,0.7820811025018396,False,[]
QUASI,QUASI (frozen Cartesian port),ellipses,0,128,38,56,reconstructed,0.21681769830707298,0.21681769830707298,0.0,0.024792793860107427,0.024793076651877008,2.827917695812088e-07,,,,"{""bulge"": -0.0018928750171825278, ""chord_length"": 0.781525635770724, ""conservative_fallback"": false, ""curvature_midpoint"": 0.024792793860107427, ""fallback_reasons"": []}",-0.0018928750171825278,0.781525635770724,False,[]
QUASI,QUASI (frozen Cartesian port),ellipses,0,128,38,57,reconstructed,0.22714779582935807,0.22714779582935807,0.0,0.02441147743478587,0.024411887707865367,4.102730794958154e-07,,,,"{""bulge"": -0.0018625481687269188, ""chord_length"": 0.7812710247009362, ""conservative_fallback"": false, ""curvature_midpoint"": 0.02441147743478587, ""fallback_reasons"": []}",-0.0018625481687269188,0.7812710247009362,False,[]
QUASI,QUASI (frozen Cartesian port),ellipses,0,128,38,58,reconstructed,0.22583274202407494,0.22583274202407494,0.0,0.02406568566615413,0.024066020299861848,3.346337077159145e-07,,,,"{""bulge"": -0.0018363132098037326, ""chord_length"": 0.7813025698002698, ""conservative_fallback"": false, ""curvature_midpoint"": 0.02406568566615413, ""fallback_reasons"": []}",-0.0018363132098037326,0.7813025698002698,False,[]
QUASI,QUASI (frozen Cartesian port),ellipses,0,128,38,59,reconstructed,0.21303630469385915,0.21303630469385915,0.0,0.02375345830268725,0.023753706402820162,2.4810013291368116e-07,,,,"{""bulge"": -0.0018139081210554271, ""chord_length"": 0.7816083889804746, ""conservative_fallback"": false, ""curvature_midpoint"": 0.02375345830268725, ""fallback_reasons"": []}",-0.0018139081210554271,0.7816083889804746,False,[]
QUASI,QUASI (frozen Cartesian port),ellipses,0,128,38,60,reconstructed,0.1888943089978244,0.1888943089978244,0.0,0.023473122360848236,0.02347340141435398,2.7905350574383703e-07,,,,"{""bulge"": -0.0017951193656574283, ""chord_length"": 0.7821791376107622, ""conservative_fallback"": false, ""curvature_midpoint"": 0.023473122360848236, ""fallback_reasons"": []}",-0.0017951193656574283,0.7821791376107622,False,[]
QUASI,QUASI (frozen Cartesian port),ellipses,0,128,38,61,reconstructed,0.15351617077419902,0.15351617077419902,0.0,0.023223399364053834,0.02322376662161038,3.672575565466518e-07,,,,"{""bulge"": -0.001779786621820147, ""chord_length"": 0.7830077618144834, ""conservative_fallback"": false, ""curvature_midpoint"": 0.023223399364053834, ""fallback_reasons"": []}",-0.001779786621820147,0.7830077618144834,False,[]
QUASI,QUASI (frozen Cartesian port),ellipses,0,128,38,62,reconstructed,0.10698610276831529,0.10698610276831529,0.0,0.02300424552699875,0.02300365448705439,5.910399443580239e-07,,,,"{""bulge"": -0.0017678652015759686, ""chord_length"": 0.7840893770857029, ""conservative_fallback"": false, ""curvature_midpoint"": 0.02300424552699875, ""fallback_reasons"": []}",-0.0017678652015759686,0.7840893770857029,False,[]
QUASI,QUASI (frozen Cartesian port),ellipses,0,128,38,63,reconstructed,0.04936402552093572,0.04936402552093572,0.0,0.022808501320396305,0.022812096517896924,3.5951975006186243e-06,,,,"{""bulge"": -0.0017587809851107197, ""chord_length"": 0.7854209826117787, ""conservative_fallback"": false, ""curvature_midpoint"": 0.022808501320396305, ""fallback_reasons"": []}",-0.0017587809851107197,0.7854209826117787,False,[]
QUASI,QUASI (frozen Cartesian port),ellipses,0,128,38,64,reconstructed,0.0020444470747629784,0.0020444470747629784,0.0,0.02267706126693372,0.022707279081716176,3.0217814782455832e-05,,,,"{""bulge"": -0.00010173026302882072, ""chord_length"": 0.18944218339717087, ""conservative_fallback"": false, ""curvature_midpoint"": 0.02267706126693372, ""fallback_reasons"": []}",-0.00010173026302882072,0.18944218339717087,False,[]
QUASI,QUASI (frozen Cartesian port),ellipses,0,128,39,46,reconstructed,0.03167849078126901,0.03167849078126901,0.0,0.03386007831975736,0.030985204657802315,0.0028748736619550463,,,,"{""bulge"": -0.0011464011705812432, ""chord_length"": 0.5204383900861873, ""conservative_fallback"": false, ""curvature_midpoint"": 0.03386007831975736, ""fallback_reasons"": []}",-0.0011464011705812432,0.5204383900861873,False,[]
QUASI,QUASI (frozen Cartesian port),ellipses,0,128,39,47,reconstructed,0.16599412369234373,0.16599412369234373,0.0,0.02985861260508751,0.030249101209179695,0.00039048860409218386,,,,"{""bulge"": -0.0023912389855942576, ""chord_length"": 0.8004268947531195, ""conservative_fallback"": false, ""curvature_midpoint"": 0.02985861260508751, ""fallback_reasons"": []}",-0.0023912389855942576,0.8004268947531195,False,[]
QUASI,QUASI (frozen Cartesian port),ellipses,0,128,39,48,reconstructed,0.29446807690429627,0.29446807690429627,0.0,0.029523340772592877,0.029420085536928337,0.00010325523566453998,,,,"{""bulge"": -0.002340906512347447, ""chord_length"": 0.7964422282070469, ""conservative_fallback"": false, ""curvature_midpoint"": 0.029523340772592877, ""fallback_reasons"": []}",-0.002340906512347447,0.7964422282070469,False,[]
QUASI,QUASI (frozen Cartesian port),ellipses,0,128,39,49,reconstructed,0.40806987763499925,0.40806987763499925,0.0,0.028630206806053264,0.028657177845510754,2.6971039457489993e-05,,,,"{""bulge"": -0.002250639152654983, ""chord_length"": 0.793022821920737, ""conservative_fallback"": false, ""curvature_midpoint"": 0.028630206806053264, ""fallback_reasons"": []}",-0.002250639152654983,0.793022821920737,False,[]
QUASI,QUASI (frozen Cartesian port),ellipses,0,128,39,50,reconstructed,0.5073715382020793,0.5073715382020793,0.0,0.027952774733072575,0.027955131400719674,2.3566676470992975e-06,,,,"{""bulge"": -0.0021814264739422923, ""chord_length"": 0.7901377673989503, ""conservative_fallback"": false, ""curvature_midpoint"": 0.027952774733072575, ""fallback_reasons"": []}",-0.0021814264739422923,0.7901377673989503,False,[]
QUASI,QUASI (frozen Cartesian port),ellipses,0,128,39,51,reconstructed,0.5899296019808937,0.5899296019808937,0.0,0.02734276211492041,0.027396709570578427,5.3947455658016896e-05,,,,"{""bulge"": -0.0010969950278019035, ""chord_length"": 0.5665341986297162, ""conservative_fallback"": false, ""curvature_midpoint"": 0.02734276211492041, ""fallback_reasons"": []}",-0.0010969950278019035,0.5665341986297162,False,[]
QUASI,QUASI (frozen Cartesian port),ellipses,0,128,39,64,reconstructed,0.588993321701841,0.588993321701841,0.0,0.022640509230034127,0.022630420815798913,1.008841423521395e-05,,,,"{""bulge"": -0.00101057173574172, ""chord_length"": 0.5975654394360016, ""conservative_fallback"": false, ""curvature_midpoint"": 0.022640509230034127, ""fallback_reasons"": []}",-0.00101057173574172,0.5975654394360016,False,[]
QUASI,QUASI (frozen Cartesian port),ellipses,0,128,39,65,reconstructed,0.5113172044735308,0.5113172044735308,0.0,0.022513207362138306,0.022511607539426663,1.5998227116433006e-06,,,,"{""bulge"": -0.001751124565565764, ""chord_length"": 0.7888325594343796, ""conservative_fallback"": false, ""curvature_midpoint"": 0.022513207362138306, ""fallback_reasons"": []}",-0.001751124565565764,0.7888325594343796,False,[]
QUASI,QUASI (frozen Cartesian port),ellipses,0,128,39,66,reconstructed,0.4205437583140188,0.4205437583140188,0.0,0.022400948110535734,0.022401557364237018,6.092537012843124e-07,,,,"{""bulge"": -0.0017516098596945331, ""chord_length"": 0.7909162235654599, ""conservative_fallback"": false, ""curvature_midpoint"": 0.022400948110535734, ""fallback_reasons"": []}",-0.0017516098596945331,0.7909162235654599,False,[]
QUASI,QUASI (frozen Cartesian port),ellipses,0,128,39,67,reconstructed,0.3186840532788279,0.3186840532788279,0.0,0.02230575272150971,0.022317813944442228,1.2061222932516907e-05,,,,"{""bulge"": -0.0017545055893684223, ""chord_length"": 0.7932570304926355, ""conservative_fallback"": false, ""curvature_midpoint"": 0.02230575272150971, ""fallback_reasons"": []}",-0.0017545055893684223,0.7932570304926355,False,[]
QUASI,QUASI (frozen Cartesian port),ellipses,0,128,39,68,reconstructed,0.20568111996417082,0.20568111996417082,0.0,0.022304761588992486,0.02226019935458358,4.456223440890694e-05,,,,"{""bulge"": -0.001765977606301263, ""chord_length"": 0.7958638835998153, ""conservative_fallback"": false, ""curvature_midpoint"": 0.022304761588992486, ""fallback_reasons"": []}",-0.001765977606301263,0.7958638835998153,False,[]
QUASI,QUASI (frozen Cartesian port),ellipses,0,128,39,69,reconstructed,0.08145379001738978,0.08145379001738978,0.0,0.022066944382604335,0.022228687466075897,0.0001617430834715619,,,,"{""bulge"": -0.0017597737750701344, ""chord_length"": 0.7987342618434794, ""conservative_fallback"": false, ""curvature_midpoint"": 0.022066944382604335, ""fallback_reasons"": []}",-0.0017597737750701344,0.7987342618434794,False,[]
QUASI,QUASI (frozen Cartesian port),ellipses,0,128,39,70,reconstructed,0.0008917768501822723,0.0008917768501822723,0.0,0.042204196455536164,0.022222496555405626,0.019981699900130538,,,,"{""bulge"": -4.3980889367178694e-05, ""chord_length"": 0.09130597095468361, ""conservative_fallback"": false, ""curvature_midpoint"": 0.042204196455536164, ""fallback_reasons"": []}",-4.3980889367178694e-05,0.09130597095468361,False,[]
QUASI,QUASI (frozen Cartesian port),ellipses,0,128,40,43,reconstructed,0.09924488275728677,0.09924488275728677,0.0,0.4268742537415431,0.034252118329703644,0.39262213541183943,,,,"{""bulge"": -0.02602884649580829, ""chord_length"": 0.6984293376310853, ""conservative_fallback"": false, ""curvature_midpoint"": 0.4268742537415431, ""fallback_reasons"": []}",-0.02602884649580829,0.6984293376310853,False,[]
QUASI,QUASI (frozen Cartesian port),ellipses,0,128,40,44,reconstructed,0.2946893576176699,0.2946893576176699,0.0,0.060756572581462366,0.033195184980067856,0.02756138760139451,,,,"{""bulge"": 0.005003170641361785, ""chord_length"": 0.811654158439632, ""conservative_fallback"": false, ""curvature_midpoint"": -0.060756572581462366, ""fallback_reasons"": []}",0.005003170641361785,0.811654158439632,False,[]
QUASI,QUASI (frozen Cartesian port),ellipses,0,128,40,45,reconstructed,0.4720804173506316,0.4720804173506316,0.0,0.060231860498994025,0.03213002074771908,0.02810183975127494,,,,"{""bulge"": -0.004960552658609917, ""chord_length"": 0.8117025054225013, ""conservative_fallback"": false, ""curvature_midpoint"": 0.060231860498994025, ""fallback_reasons"": []}",-0.004960552658609917,0.8117025054225013,False,[]
QUASI,QUASI (frozen Cartesian port),ellipses,0,128,40,46,reconstructed,0.6006691479984492,0.6006691479984492,0.0,0.005049997516486253,0.031457440852473095,0.02640744333598684,,,,"{""bulge"": -5.111531113834098e-05, ""chord_length"": 0.2845606967596597, ""conservative_fallback"": false, ""curvature_midpoint"": 0.005049997516486253, ""fallback_reasons"": []}",-5.111531113834098e-05,0.2845606967596597,False,[]
QUASI,QUASI (frozen Cartesian port),ellipses,0,128,40,70,reconstructed,0.5553556056036243,0.5553556056036243,0.0,0.014334002624088793,0.022223898412808488,0.007889895788719695,,,,"{""bulge"": -0.0009043367021534246, ""chord_length"": 0.7104382439386193, ""conservative_fallback"": false, ""curvature_midpoint"": 0.014334002624088793, ""fallback_reasons"": []}",-0.0009043367021534246,0.7104382439386193,False,[]
QUASI,QUASI (frozen Cartesian port),ellipses,0,128,40,71,reconstructed,0.40922628544777273,0.40922628544777273,0.0,0.043290090063830555,0.02224465388827571,0.021045436175554846,,,,"{""bulge"": -0.003517969768945175, ""chord_length"": 0.8063002609840059, ""conservative_fallback"": false, ""curvature_midpoint"": 0.043290090063830555, ""fallback_reasons"": []}",-0.003517969768945175,0.8063002609840059,False,[]
QUASI,QUASI (frozen Cartesian port),ellipses,0,128,40,72,reconstructed,0.2505818404537594,0.2505818404537594,0.0,0.05401566112031339,0.022292776408223077,0.03172288471209031,,,,"{""bulge"": 0.0043800474902463745, ""chord_length"": 0.8054239788860447, ""conservative_fallback"": false, ""curvature_midpoint"": -0.05401566112031339, ""fallback_reasons"": []}",0.0043800474902463745,0.8054239788860447,False,[]
QUASI,QUASI (frozen Cartesian port),ellipses,0,128,40,73,reconstructed,0.0803512039181959,0.0803512039181959,0.0,0.3574846126409728,0.02236055420713818,0.33512405843383464,,,,"{""bulge"": -0.02012107105423787, ""chord_length"": 0.6710298880736665, ""conservative_fallback"": false, ""curvature_midpoint"": 0.3574846126409728, ""fallback_reasons"": []}",-0.02012107105423787,0.6710298880736665,False,[]
QUASI,QUASI (frozen Cartesian port),ellipses,0,128,41,40,reconstructed,0.03464305707333443,0.03464305707333443,0.0,0.3105034996448955,0.038132959826093785,0.2723705398188017,,,,"{""bulge"": -0.0074201041262593505, ""chord_length"": 0.4372368367449231, ""conservative_fallback"": false, ""curvature_midpoint"": 0.3105034996448955, ""fallback_reasons"": []}",-0.0074201041262593505,0.4372368367449231,False,[]
QUASI,QUASI (frozen Cartesian port),ellipses,0,128,41,41,reconstructed,0.2594584413947588,0.2594584413947588,0.0,0.3871623851634029,0.03698393946190742,0.3501784457014955,,,,"{""bulge"": 0.037319741754831035, ""chord_length"": 0.8781480273187571, ""conservative_fallback"": false, ""curvature_midpoint"": -0.3871623851634029, ""fallback_reasons"": []}",0.037319741754831035,0.8781480273187571,False,[]
QUASI,QUASI (frozen Cartesian port),ellipses,0,128,41,42,reconstructed,0.49479094888055103,0.49479094888055103,0.0,3.141031875501226,0.03545504101577491,3.105576834485451,,,,"{""bulge"": -0.25676706849966385, ""chord_length"": 0.8086833156457708, ""conservative_fallback"": false, ""curvature_midpoint"": 3.141031875501226, ""fallback_reasons"": []}",-0.25676706849966385,0.8086833156457708,False,[]
QUASI,QUASI (frozen Cartesian port),ellipses,0,128,41,43,reconstructed,0.6102962038108396,0.6102962038108396,0.0,3.853336052894986,0.03520387989469432,3.8181321730002913,,,,"{""bulge"": -0.0979570245708183, ""chord_length"": 0.45096656387739176, ""conservative_fallback"": false, ""curvature_midpoint"": 3.853336052894986, ""fallback_reasons"": []}",-0.0979570245708183,0.45096656387739176,False,[]
QUASI,QUASI (frozen Cartesian port),ellipses,0,128,41,73,reconstructed,0.6101245968766031,0.6101245968766031,0.0,4.33859206513269,0.022427593830947008,4.316164471301743,,,,"{""bulge"": -0.10456697405117195, ""chord_length"": 0.4391044667958489, ""conservative_fallback"": false, ""curvature_midpoint"": 4.33859206513269, ""fallback_reasons"": []}",-0.10456697405117195,0.4391044667958489,False,[]
QUASI,QUASI (frozen Cartesian port),ellipses,0,128,41,74,reconstructed,0.507983375109657,0.507983375109657,0.0,2.9509883315772925,0.022460259564503784,2.9285280720127886,,,,"{""bulge"": -0.2438755402628969, ""chord_length"": 0.8131026371341479, ""conservative_fallback"": false, ""curvature_midpoint"": 2.9509883315772925, ""fallback_reasons"": []}",-0.2438755402628969,0.8131026371341479,False,[]
QUASI,QUASI (frozen Cartesian port),ellipses,0,128,41,75,reconstructed,0.31319985156474106,0.31319985156474106,0.0,0.48804043566415356,0.022604404251543486,0.4654360314126101,,,,"{""bulge"": 0.043587152451518694, ""chord_length"": 0.845271720021134, ""conservative_fallback"": false, ""curvature_midpoint"": -0.48804043566415356, ""fallback_reasons"": []}",0.043587152451518694,0.845271720021134,False,[]
QUASI,QUASI (frozen Cartesian port),ellipses,0,128,41,76,reconstructed,0.10584133410308956,0.10584133410308956,0.0,0.5877136356020742,0.022757723138118427,0.5649559124639558,,,,"{""bulge"": -0.03674723560514893, ""chord_length"": 0.7072524278149236, ""conservative_fallback"": false, ""curvature_midpoint"": 0.5877136356020742, ""fallback_reasons"": []}",-0.03674723560514893,0.7072524278149236,False,[]
QUASI,QUASI (frozen Cartesian port),ellipses,0,128,42,38,reconstructed,0.05267204351448,0.05267204351448,0.0,0.03775134331999182,0.041556275864933385,0.003804932544941568,,,,"{""bulge"": -0.0012081456737552145, ""chord_length"": 0.505985929466752, ""conservative_fallback"": false, ""curvature_midpoint"": 0.03775134331999182, ""fallback_reasons"": []}",-0.0012081456737552145,0.505985929466752,False,[]
QUASI,QUASI (frozen Cartesian port),ellipses,0,128,42,39,reconstructed,0.33083568285838316,0.33083568285838316,0.0,0.04741530372444085,0.040153834315970645,0.007261469408470209,,,,"{""bulge"": -0.004451413142893362, ""chord_length"": 0.8666319118426743, ""conservative_fallback"": false, ""curvature_midpoint"": 0.04741530372444085, ""fallback_reasons"": []}",-0.004451413142893362,0.8666319118426743,False,[]
QUASI,QUASI (frozen Cartesian port),ellipses,0,128,42,40,reconstructed,0.5776850460874936,0.5776850460874936,0.0,0.034663596862431416,0.0389189326953315,0.004255335832900081,,,,"{""bulge"": 0.000737105050672475, ""chord_length"": 0.41245148766839224, ""conservative_fallback"": false, ""curvature_midpoint"": -0.034663596862431416, ""fallback_reasons"": []}",0.000737105050672475,0.41245148766839224,False,[]
QUASI,QUASI (frozen Cartesian port),ellipses,0,128,42,76,reconstructed,0.6103412589604702,0.6103412589604702,0.0,3.6237687741563547,0.022891757050190163,3.6008770171061646,,,,"{""bulge"": -0.09199366884425517, ""chord_length"": 0.4506545124539314, ""conservative_fallback"": false, ""curvature_midpoint"": 3.6237687741563547, ""fallback_reasons"": []}",-0.09199366884425517,0.4506545124539314,False,[]
QUASI,QUASI (frozen Cartesian port),ellipses,0,128,42,77,reconstructed,0.4958923580462765,0.4958923580462765,0.0,3.16498572076603,0.022943129869945327,3.142042590896085,,,,"{""bulge"": -0.2593775068994789, ""chord_length"": 0.8097021114538221, ""conservative_fallback"": false, ""curvature_midpoint"": 3.16498572076603, ""fallback_reasons"": []}",-0.2593775068994789,0.8097021114538221,False,[]
QUASI,QUASI (frozen Cartesian port),ellipses,0,128,42,78,reconstructed,0.262297871600067,0.262297871600067,0.0,0.4024947468312543,0.023194239630866576,0.3793005072003877,,,,"{""bulge"": 0.03854761318502942, ""chord_length"": 0.8753135095072578, ""conservative_fallback"": false, ""curvature_midpoint"": -0.4024947468312543, ""fallback_reasons"": []}",0.03854761318502942,0.8753135095072578,False,[]
QUASI,QUASI (frozen Cartesian port),ellipses,0,128,42,79,reconstructed,0.039751167143359245,0.039751167143359245,0.0,0.2732895195799242,0.023404328894061157,0.24988519068586304,,,,"{""bulge"": -0.007753879028757905, ""chord_length"": 0.4764233246734982, ""conservative_fallback"": false, ""curvature_midpoint"": 0.2732895195799242, ""fallback_reasons"": []}",-0.007753879028757905,0.4764233246734982,False,[]
QUASI,QUASI (frozen Cartesian port),ellipses,0,128,43,36,reconstructed,0.018676821192992188,0.018676821192992188,0.0,0.04580987930798141,0.04532500119518088,0.00048487811280052695,,,,"{""bulge"": -0.0004777197922580642, ""chord_length"": 0.2888364756191228, ""conservative_fallback"": false, ""curvature_midpoint"": 0.04580987930798141, ""fallback_reasons"": []}",-0.0004777197922580642,0.2888364756191228,False,[]
QUASI,QUASI (frozen Cartesian port),ellipses,0,128,43,37,reconstructed,0.29674272811962277,0.29674272811962277,0.0,0.04381986905709128,0.043930349666073655,0.00011048060898237455,,,,"{""bulge"": -0.004456966218098859, ""chord_length"": 0.9020469178372343, ""conservative_fallback"": false, ""curvature_midpoint"": 0.04381986905709128, ""fallback_reasons"": []}",-0.004456966218098859,0.9020469178372343,False,[]
QUASI,QUASI (frozen Cartesian port),ellipses,0,128,43,38,reconstructed,0.5807767235482502,0.5807767235482502,0.0,0.04360193491057594,0.04250127531119531,0.0011006595993806323,,,,"{""bulge"": -0.0007758081902927264, ""chord_length"": 0.3772847858427645, ""conservative_fallback"": false, ""curvature_midpoint"": 0.04360193491057594, ""fallback_reasons"": []}",-0.0007758081902927264,0.3772847858427645,False,[]
QUASI,QUASI (frozen Cartesian port),ellipses,0,128,43,79,reconstructed,0.5855641778994878,0.5855641778994878,0.0,0.06390155008623256,0.02354716026943779,0.040354389816794775,,,,"{""bulge"": 0.0010681884843073669, ""chord_length"": 0.3656901332991902, ""conservative_fallback"": false, ""curvature_midpoint"": -0.06390155008623256, ""fallback_reasons"": []}",0.0010681884843073669,0.3656901332991902,False,[]
QUASI,QUASI (frozen Cartesian port),ellipses,0,128,43,80,reconstructed,0.36374677791656607,0.36374677791656607,0.0,0.030893473242102922,0.023769590629811946,0.007123882612290976,,,,"{""bulge"": -0.0028103592412939363, ""chord_length"": 0.8530854680819057, ""conservative_fallback"": false, ""curvature_midpoint"": 0.030893473242102922, ""fallback_reasons"": []}",-0.0028103592412939363,0.8530854680819057,False,[]
QUASI,QUASI (frozen Cartesian port),ellipses,0,128,43,81,reconstructed,0.09275301462986113,0.09275301462986113,0.0,0.021239664523799988,0.024080585256013465,0.0028409207322134776,,,,"{""bulge"": -0.001282915203705508, ""chord_length"": 0.6951365802448345, ""conservative_fallback"": false, ""curvature_midpoint"": 0.021239664523799988, ""fallback_reasons"": []}",-0.001282915203705508,0.6951365802448345,False,[]
QUASI,QUASI (frozen Cartesian port),ellipses,0,128,44,35,reconstructed,0.14034918708953417,0.14034918708953417,0.0,0.04830429625692775,0.048231763659597686,7.25325973300675e-05,,,,"{""bulge"": -0.0035769949688438025, ""chord_length"": 0.769681908486608, ""conservative_fallback"": false, ""curvature_midpoint"": 0.04830429625692775, ""fallback_reasons"": []}",-0.0035769949688438025,0.769681908486608,False,[]
QUASI,QUASI (frozen Cartesian port),ellipses,0,128,44,36,reconstructed,0.5193772881877039,0.5193772881877039,0.0,0.04628533116305464,0.046450646049385556,0.00016531488633091812,,,,"{""bulge"": -0.0023398115320067726, ""chord_length"": 0.6359364883480039, ""conservative_fallback"": false, ""curvature_midpoint"": 0.04628533116305464, ""fallback_reasons"": []}",-0.0023398115320067726,0.6359364883480039,False,[]
QUASI,QUASI (frozen Cartesian port),ellipses,0,128,44,81,reconstructed,0.6049793548131056,0.6049793548131056,0.0,0.027948512750067933,0.024267901563364985,0.0036806111867029485,,,,"{""bulge"": -9.702589449797764e-05, ""chord_length"": 0.1666515932251901, ""conservative_fallback"": false, ""curvature_midpoint"": 0.027948512750067933, ""fallback_reasons"": []}",-9.702589449797764e-05,0.1666515932251901,False,[]
QUASI,QUASI (frozen Cartesian port),ellipses,0,128,44,82,reconstructed,0.40592758466600554,0.40592758466600554,0.0,0.024424168879089145,0.024507286075468454,8.311719637930925e-05,,,,"{""bulge"": -0.0023129305477967714, ""chord_length"": 0.8703950097781273, ""conservative_fallback"": false, ""curvature_midpoint"": 0.024424168879089145, ""fallback_reasons"": []}",-0.0023129305477967714,0.8703950097781273,False,[]
QUASI,QUASI (frozen Cartesian port),ellipses,0,128,44,83,reconstructed,0.10381661017840847,0.10381661017840847,0.0,0.024963048531703974,0.024902888251747538,6.016027995643658e-05,,,,"{""bulge"": -0.0015791558479067958, ""chord_length"": 0.7113915125764839, ""conservative_fallback"": false, ""curvature_midpoint"": 0.024963048531703974, ""fallback_reasons"": []}",-0.0015791558479067958,0.7113915125764839,False,[]
QUASI,QUASI (frozen Cartesian port),ellipses,0,128,45,33,reconstructed,0.0030950628980735626,0.0030950628980735626,0.0,0.05279423920827098,0.052610866266147124,0.00018337294212385225,,,,"{""bulge"": -8.31955533053144e-05, ""chord_length"": 0.1122798394042417, ""conservative_fallback"": false, ""curvature_midpoint"": 0.05279423920827098, ""fallback_reasons"": []}",-8.31955533053144e-05,0.1122798394042417,False,[]
QUASI,QUASI (frozen Cartesian port),ellipses,0,128,45,34,reconstructed,0.2951023421322155,0.2951023421322155,0.0,0.05107339019901527,0.051073304920107455,8.527890781734326e-08,,,,"{""bulge"": -0.00621681116374617, ""chord_length"": 0.9868053332495192, ""conservative_fallback"": false, ""curvature_midpoint"": 0.05107339019901527, ""fallback_reasons"": []}",-0.00621681116374617,0.9868053332495192,False,[]
QUASI,QUASI (frozen Cartesian port),ellipses,0,128,45,35,reconstructed,0.6024363150177328,0.6024363150177328,0.0,0.04893036234771833,0.0494852785215499,0.0005549161738315697,,,,"{""bulge"": -0.0002043564880456993, ""chord_length"": 0.18278897302287309, ""conservative_fallback"": false, ""curvature_midpoint"": 0.04893036234771833, ""fallback_reasons"": []}",-0.0002043564880456993,0.18278897302287309,False,[]
QUASI,QUASI (frozen Cartesian port),ellipses,0,128,45,83,reconstructed,0.6044861802603295,0.6044861802603295,0.0,0.024972688084720796,0.025139518851734082,0.00016683076701328597,,,,"{""bulge"": -8.868867528124917e-05, ""chord_length"": 0.1685568595348884, ""conservative_fallback"": false, ""curvature_midpoint"": 0.024972688084720796, ""fallback_reasons"": []}",-8.868867528124917e-05,0.1685568595348884,False,[]
QUASI,QUASI (frozen Cartesian port),ellipses,0,128,45,84,reconstructed,0.3833147568197973,0.3833147568197973,0.0,0.025443021196530684,0.025440638323707458,2.382872823225579e-06,,,,"{""bulge"": -0.0025217688328756905, ""chord_length"": 0.8904576925221839, ""conservative_fallback"": false, ""curvature_midpoint"": 0.025443021196530684, ""fallback_reasons"": []}",-0.0025217688328756905,0.8904576925221839,False,[]
QUASI,QUASI (frozen Cartesian port),ellipses,0,128,45,85,reconstructed,0.06660767164342468,0.06660767164342468,0.0,0.025945496770199618,0.025881480087473804,6.401668272581346e-05,,,,"{""bulge"": -0.0009975837249408717, ""chord_length"": 0.5546112514596431, ""conservative_fallback"": false, ""curvature_midpoint"": 0.025945496770199618, ""fallback_reasons"": []}",-0.0009975837249408717,0.5546112514596431,False,[]
QUASI,QUASI (frozen Cartesian port),ellipses,0,128,46,32,reconstructed,0.017752868055278398,0.017752868055278398,0.0,0.055931957153989,0.05582084933994444,0.0001111078140445601,,,,"{""bulge"": -0.0004955947291486547, ""chord_length"": 0.26624307757389476, ""conservative_fallback"": false, ""curvature_midpoint"": 0.055931957153989, ""fallback_reasons"": []}",-0.0004955947291486547,0.26624307757389476,False,[]
QUASI,QUASI (frozen Cartesian port),ellipses,0,128,46,33,reconstructed,0.40531983704430663,0.40531983704430663,0.0,0.054145228417557784,0.054087723303178806,5.750511437897787e-05,,,,"{""bulge"": -0.0057046600507221785, ""chord_length"": 0.9180784282227935, ""conservative_fallback"": false, ""curvature_midpoint"": 0.054145228417557784, ""fallback_reasons"": []}",-0.0057046600507221785,0.9180784282227935,False,[]
QUASI,QUASI (frozen Cartesian port),ellipses,0,128,46,85,reconstructed,0.5840913886287149,0.5840913886287149,0.0,0.026058510866700167,0.026174931246326923,0.00011642037962675614,,,,"{""bulge"": -0.00039326148051232123, ""chord_length"": 0.3474648692686248, ""conservative_fallback"": false, ""curvature_midpoint"": 0.026058510866700167, ""fallback_reasons"": []}",-0.00039326148051232123,0.3474648692686248,False,[]
QUASI,QUASI (frozen Cartesian port),ellipses,0,128,46,86,reconstructed,0.2886320494480239,0.2886320494480239,0.0,0.026613025896823652,0.026610250574690034,2.775322133618391e-06,,,,"{""bulge"": -0.002784822214574691, ""chord_length"": 0.9149484011104921, ""conservative_fallback"": false, ""curvature_midpoint"": 0.026613025896823652, ""fallback_reasons"": []}",-0.002784822214574691,0.9149484011104921,False,[]
QUASI,QUASI (frozen Cartesian port),ellipses,0,128,46,87,reconstructed,0.013253532493632397,0.013253532493632397,0.0,0.027153587225915383,0.02703555842947199,0.00011802879644339306,,,,"{""bulge"": -0.0001988774119942669, ""chord_length"": 0.24206060672186314, ""conservative_fallback"": false, ""curvature_midpoint"": 0.027153587225915383, ""fallback_reasons"": []}",-0.0001988774119942669,0.24206060672186314,False,[]
QUASI,QUASI (frozen Cartesian port),ellipses,0,128,47,31,reconstructed,0.020363791225008233,0.020363791225008233,0.0,0.05904893869815744,0.05909688683046334,4.794813230590139e-05,,,,"{""bulge"": -0.0005985136650515416, ""chord_length"": 0.2847580305422934, ""conservative_fallback"": false, ""curvature_midpoint"": 0.05904893869815744, ""fallback_reasons"": []}",-0.0005985136650515416,0.2847580305422934,False,[]
QUASI,QUASI (frozen Cartesian port),ellipses,0,128,47,32,reconstructed,0.4445452174427815,0.4445452174427815,0.0,0.05745147078121508,0.05743737897361624,1.4091807598842765e-05,,,,"{""bulge"": -0.004839761687712947, ""chord_length"": 0.8209305287483137, ""conservative_fallback"": false, ""curvature_midpoint"": 0.05745147078121508, ""fallback_reasons"": []}",-0.004839761687712947,0.8209305287483137,False,[]
QUASI,QUASI (frozen Cartesian port),ellipses,0,128,47,87,reconstructed,0.5032569465346866,0.5032569465346866,0.0,0.027358094359082413,0.02739621358136407,3.811922228165801e-05,,,,"{""bulge"": -0.001615243119279432, ""chord_length"": 0.6872599272060306, ""conservative_fallback"": false, ""curvature_midpoint"": 0.027358094359082413, ""fallback_reasons"": []}",-0.001615243119279432,0.6872599272060306,False,[]
QUASI,QUASI (frozen Cartesian port),ellipses,0,128,47,88,reconstructed,0.12333414189913752,0.12333414189913752,0.0,0.028011992727314992,0.027978860724748564,3.3132002566427926e-05,,,,"{""bulge"": -0.0018470111708660654, ""chord_length"": 0.7262861327291167, ""conservative_fallback"": false, ""curvature_midpoint"": 0.028011992727314992, ""fallback_reasons"": []}",-0.0018470111708660654,0.7262861327291167,False,[]
QUASI,QUASI (frozen Cartesian port),ellipses,0,128,48,30,reconstructed,0.006463361039146364,0.006463361039146364,0.0,0.062261450083641534,0.06240650527951628,0.00014505519587474508,,,,"{""bulge"": -0.0002038194253536118, ""chord_length"": 0.16182967586309865, ""conservative_fallback"": false, ""curvature_midpoint"": 0.062261450083641534, ""fallback_reasons"": []}",-0.0002038194253536118,0.16182967586309865,False,[]
QUASI,QUASI (frozen Cartesian port),ellipses,0,128,48,31,reconstructed,0.42176077247213783,0.42176077247213783,0.0,0.06083800849140366,0.060848538985175074,1.0530493771414295e-05,,,,"{""bulge"": -0.00588149434709577, ""chord_length"": 0.8794301301322511, ""conservative_fallback"": false, ""curvature_midpoint"": 0.06083800849140366, ""fallback_reasons"": []}",-0.00588149434709577,0.8794301301322511,False,[]
QUASI,QUASI (frozen Cartesian port),ellipses,0,128,48,88,reconstructed,0.5991134982542874,0.5991134982542874,0.0,0.0282078368615629,0.02839253575467545,0.0001846988931125497,,,,"{""bulge"": -0.00016935063360992548, ""chord_length"": 0.21915607551208435, ""conservative_fallback"": false, ""curvature_midpoint"": 0.0282078368615629, ""fallback_reasons"": []}",-0.00016935063360992548,0.21915607551208435,False,[]
QUASI,QUASI (frozen Cartesian port),ellipses,0,128,48,89,reconstructed,0.294271015156973,0.294271015156973,0.0,0.028940125724771084,0.028938467427100982,1.658297670101977e-06,,,,"{""bulge"": -0.003359377787517341, ""chord_length"": 0.9636608374495943, ""conservative_fallback"": false, ""curvature_midpoint"": 0.028940125724771084, ""fallback_reasons"": []}",-0.003359377787517341,0.9636608374495943,False,[]
QUASI,QUASI (frozen Cartesian port),ellipses,0,128,48,90,reconstructed,0.005651076661312461,0.005651076661312461,0.0,0.029585001501692937,0.029484340431662197,0.00010066107003074004,,,,"{""bulge"": -8.703433036520498e-05, ""chord_length"": 0.15341029031182446, ""conservative_fallback"": false, ""curvature_midpoint"": 0.029585001501692937, ""fallback_reasons"": []}",-8.703433036520498e-05,0.15341029031182446,False,[]
QUASI,QUASI (frozen Cartesian port),ellipses,0,128,49,30,reconstructed,0.32235500992811794,0.32235500992811794,0.0,0.06409869724510608,0.06410143550269849,2.7382575924078667e-06,,,,"{""bulge"": -0.007820000945831056, ""chord_length"": 0.9879245887022903, ""conservative_fallback"": false, ""curvature_midpoint"": 0.06409869724510608, ""fallback_reasons"": []}",-0.007820000945831056,0.9879245887022903,False,[]
QUASI,QUASI (frozen Cartesian port),ellipses,0,128,49,90,reconstructed,0.44484864690236997,0.44484864690236997,0.0,0.02999690961042196,0.029990911069550805,5.998540871157004e-06,,,,"{""bulge"": -0.0025895415753682646, ""chord_length"": 0.8310328287555353, ""conservative_fallback"": false, ""curvature_midpoint"": 0.02999690961042196, ""fallback_reasons"": []}",-0.0025895415753682646,0.8310328287555353,False,[]
QUASI,QUASI (frozen Cartesian port),ellipses,0,128,49,91,reconstructed,0.04709563388225271,0.04709563388225271,0.0,0.03076318157346381,0.030681048586216647,8.213298724716461e-05,,,,"{""bulge"": -0.0007388330682235484, ""chord_length"": 0.4383313485674063, ""conservative_fallback"": false, ""curvature_midpoint"": 0.03076318157346381, ""fallback_reasons"": []}",-0.0007388330682235484,0.4383313485674063,False,[]
QUASI,QUASI (frozen Cartesian port),ellipses,0,128,50,29,reconstructed,0.15819736726495684,0.15819736726495684,0.0,0.06701170204245309,0.06700667587177875,5.0261706743409684e-06,,,,"{""bulge"": -0.005615698546504597, ""chord_length"": 0.8187881758951897, ""conservative_fallback"": false, ""curvature_midpoint"": 0.06701170204245309, ""fallback_reasons"": []}",-0.005615698546504597,0.8187881758951897,False,[]
QUASI,QUASI (frozen Cartesian port),ellipses,0,128,50,30,reconstructed,0.6066643035584008,0.6066643035584008,0.0,0.06654231553795177,0.06569912274479286,0.0008431927931589062,,,,"{""bulge"": -0.0001298380741342654, ""chord_length"": 0.12493872548403713, ""conservative_fallback"": false, ""curvature_midpoint"": 0.06654231553795177, ""fallback_reasons"": []}",-0.0001298380741342654,0.12493872548403713,False,[]
QUASI,QUASI (frozen Cartesian port),ellipses,0,128,50,91,reconstructed,0.5310325431375162,0.5310325431375162,0.0,0.03120763098168754,0.03126031587395657,5.2684892269030253e-05,,,,"{""bulge"": -0.001267616273989466, ""chord_length"": 0.5700441532001583, ""conservative_fallback"": false, ""curvature_midpoint"": 0.03120763098168754, ""fallback_reasons"": []}",-0.001267616273989466,0.5700441532001583,False,[]
QUASI,QUASI (frozen Cartesian port),ellipses,0,128,50,92,reconstructed,0.1021962128376172,0.1021962128376172,0.0,0.032031303228557406,0.03199395687385887,3.7346354698535034e-05,,,,"{""bulge"": -0.0016439622718618476, ""chord_length"": 0.6407721274006133, ""conservative_fallback"": false, ""curvature_midpoint"": 0.032031303228557406, ""fallback_reasons"": []}",-0.0016439622718618476,0.6407721274006133,False,[]
QUASI,QUASI (frozen Cartesian port),ellipses,0,128,51,28,reconstructed,0.016526085702818494,0.016526085702818494,0.0,0.07131940542170724,0.06999605239736813,0.0013233530243391134,,,,"{""bulge"": -0.0006858071588105821, ""chord_length"": 0.277358923889366, ""conservative_fallback"": false, ""curvature_midpoint"": 0.07131940542170724, ""fallback_reasons"": []}",-0.0006858071588105821,0.277358923889366,False,[]
QUASI,QUASI (frozen Cartesian port),ellipses,0,128,51,29,reconstructed,0.5242016129723568,0.5242016129723568,0.0,0.06897410515009778,0.06889928490335373,7.482024674404508e-05,,,,"{""bulge"": -0.003416969175958203, ""chord_length"": 0.6295387779214555, ""conservative_fallback"": false, ""curvature_midpoint"": 0.06897410515009778, ""fallback_reasons"": []}",-0.003416969175958203,0.6295387779214555,False,[]
QUASI,QUASI (frozen Cartesian port),ellipses,0,128,51,92,reconstructed,0.5716840726535859,0.5716840726535859,0.0,0.03258227277868505,0.03265631774552317,7.404496683811879e-05,,,,"{""bulge"": -0.0006370012276897963, ""chord_length"": 0.39547992264373705, ""conservative_fallback"": false, ""curvature_midpoint"": 0.03258227277868505, ""fallback_reasons"": []}",-0.0006370012276897963,0.39547992264373705,False,[]
QUASI,QUASI (frozen Cartesian port),ellipses,0,128,51,93,reconstructed,0.1465400879686489,0.1465400879686489,0.0,0.033450565390292064,0.0334365935138561,1.3971876435966979e-05,,,,"{""bulge"": -0.002437623042968108, ""chord_length"": 0.7635307555934544, ""conservative_fallback"": false, ""curvature_midpoint"": 0.033450565390292064, ""fallback_reasons"": []}",-0.002437623042968108,0.7635307555934544,False,[]
QUASI,QUASI (frozen Cartesian port),ellipses,0,128,52,28,reconstructed,0.264867490873668,0.264867490873668,0.0,0.06975150005775486,0.07127162986300765,0.00152012980525279,,,,"{""bulge"": -0.006695582674531751, ""chord_length"": 0.8763193592138349, ""conservative_fallback"": false, ""curvature_midpoint"": 0.06975150005775486, ""fallback_reasons"": []}",-0.006695582674531751,0.8763193592138349,False,[]
QUASI,QUASI (frozen Cartesian port),ellipses,0,128,52,93,reconstructed,0.5870949613238187,0.5870949613238187,0.0,0.0341427769505081,0.0341949625036098,5.218555310169959e-05,,,,"{""bulge"": -0.00039876528523835554, ""chord_length"": 0.30567100496213323, ""conservative_fallback"": false, ""curvature_midpoint"": 0.0341427769505081, ""fallback_reasons"": []}",-0.00039876528523835554,0.30567100496213323,False,[]
QUASI,QUASI (frozen Cartesian port),ellipses,0,128,52,94,reconstructed,0.1643983682921166,0.1643983682921166,0.0,0.035032844364414874,0.03502526882895516,7.575535459714011e-06,,,,"{""bulge"": -0.002852800316085613, ""chord_length"": 0.8071290537173934, ""conservative_fallback"": false, ""curvature_midpoint"": 0.035032844364414874, ""fallback_reasons"": []}",-0.002852800316085613,0.8071290537173934,False,[]
QUASI,QUASI (frozen Cartesian port),ellipses,0,128,53,27,reconstructed,0.009704659796185532,0.009704659796185532,0.0,0.06340158990975608,0.07336204837527484,0.009960458465518754,,,,"{""bulge"": 0.0004345010386162912, ""chord_length"": 0.23414793315618154, ""conservative_fallback"": false, ""curvature_midpoint"": -0.06340158990975608, ""fallback_reasons"": []}",0.0004345010386162912,0.23414793315618154,False,[]
QUASI,QUASI (frozen Cartesian port),ellipses,0,128,53,28,reconstructed,0.5416375789052529,0.5416375789052529,0.0,0.08115651844887257,0.07268884149845439,0.008467676950418182,,,,"{""bulge"": -0.0038695311471497957, ""chord_length"": 0.6176073601861488, ""conservative_fallback"": false, ""curvature_midpoint"": 0.08115651844887257, ""fallback_reasons"": []}",-0.0038695311471497957,0.6176073601861488,False,[]
QUASI,QUASI (frozen Cartesian port),ellipses,0,128,53,94,reconstructed,0.5876893460937899,0.5876893460937899,0.0,0.0359067453371893,0.035895965018696706,1.0780318492595309e-05,,,,"{""bulge"": -0.00040859745716142126, ""chord_length"": 0.3017204887135072, ""conservative_fallback"": false, ""curvature_midpoint"": 0.0359067453371893, ""fallback_reasons"": []}",-0.00040859745716142126,0.3017204887135072,False,[]
QUASI,QUASI (frozen Cartesian port),ellipses,0,128,53,95,reconstructed,0.14905654564516085,0.14905654564516085,0.0,0.036777959502518574,0.036779916639355266,1.957136836691631e-06,,,,"{""bulge"": -0.002722905481739604, ""chord_length"": 0.769604257350241, ""conservative_fallback"": false, ""curvature_midpoint"": 0.036777959502518574, ""fallback_reasons"": []}",-0.002722905481739604,0.769604257350241,False,[]
QUASI,QUASI (frozen Cartesian port),ellipses,0,128,54,27,reconstructed,0.18249498697759312,0.18249498697759312,0.0,0.1932649772859343,0.07404763230087637,0.11921734498505794,,,,"{""bulge"": -0.016416892658924962, ""chord_length"": 0.8243542717598034, ""conservative_fallback"": false, ""curvature_midpoint"": 0.1932649772859343, ""fallback_reasons"": []}",-0.016416892658924962,0.8243542717598034,False,[]
QUASI,QUASI (frozen Cartesian port),ellipses,0,128,54,95,reconstructed,0.5731543766547815,0.5731543766547815,0.0,0.03786585544859361,0.0377840718562374,8.178359235620769e-05,,,,"{""bulge"": -0.0007126743467230108, ""chord_length"": 0.3880312209782149, ""conservative_fallback"": false, ""curvature_midpoint"": 0.03786585544859361, ""fallback_reasons"": []}",-0.0007126743467230108,0.3880312209782149,False,[]
QUASI,QUASI (frozen Cartesian port),ellipses,0,128,54,96,reconstructed,0.10387364015557315,0.10387364015557315,0.0,0.0386736142354868,0.03872541193107399,5.179769558719127e-05,,,,"{""bulge"": -0.0020167191905064927, ""chord_length"": 0.6458926292508662, ""conservative_fallback"": false, ""curvature_midpoint"": 0.0386736142354868, ""fallback_reasons"": []}",-0.0020167191905064927,0.6458926292508662,False,[]
QUASI,QUASI (frozen Cartesian port),ellipses,0,128,55,27,reconstructed,0.3815479465960093,0.3815479465960093,0.0,0.31594612049707865,0.07476191293655784,0.2411842075605208,,,,"{""bulge"": 0.027890244135817806, ""chord_length"": 0.840358578770209, ""conservative_fallback"": false, ""curvature_midpoint"": -0.31594612049707865, ""fallback_reasons"": []}",0.027890244135817806,0.840358578770209,False,[]
QUASI,QUASI (frozen Cartesian port),ellipses,0,128,55,96,reconstructed,0.5304748182209735,0.5304748182209735,0.0,0.039986449880268816,0.0398913489314734,9.510094879541797e-05,,,,"{""bulge"": -0.0016440871461749526, ""chord_length"": 0.5735231947089442, ""conservative_fallback"": false, ""curvature_midpoint"": 0.039986449880268816, ""fallback_reasons"": []}",-0.0016440871461749526,0.5735231947089442,False,[]
QUASI,QUASI (frozen Cartesian port),ellipses,0,128,55,97,reconstructed,0.04438397250304191,0.04438397250304191,0.0,0.04070297445433762,0.040893775163265034,0.00019080070892741469,,,,"{""bulge"": -0.0009256994326081111, ""chord_length"": 0.42654702629537833, ""conservative_fallback"": false, ""curvature_midpoint"": 0.04070297445433762, ""fallback_reasons"": []}",-0.0009256994326081111,0.42654702629537833,False,[]
QUASI,QUASI (frozen Cartesian port),ellipses,0,128,56,27,reconstructed,0.5402416072226212,0.5402416072226212,0.0,2.6549043078775165,0.07499891414643778,2.579905393731079,,,,"{""bulge"": -0.22485229032753723, ""chord_length"": 0.8231314875026325, ""conservative_fallback"": false, ""curvature_midpoint"": 2.6549043078775165, ""fallback_reasons"": []}",-0.22485229032753723,0.8231314875026325,False,[]
QUASI,QUASI (frozen Cartesian port),ellipses,0,128,56,97,reconstructed,0.43019318004479457,0.43019318004479457,0.0,0.04224365779884851,0.04226136163520292,1.7703836354410196e-05,,,,"{""bulge"": -0.004035011668587491, ""chord_length"": 0.874151350847884, ""conservative_fallback"": false, ""curvature_midpoint"": 0.04224365779884851, ""fallback_reasons"": []}",-0.004035011668587491,0.874151350847884,False,[]
QUASI,QUASI (frozen Cartesian port),ellipses,0,128,56,98,reconstructed,0.0021370856010965826,0.0021370856010965826,0.0,0.0429819546456491,0.04332820419806715,0.00034624955241804867,,,,"{""bulge"": -4.8661842490561575e-05, ""chord_length"": 0.09516914925564783, ""conservative_fallback"": false, ""curvature_midpoint"": 0.0429819546456491, ""fallback_reasons"": []}",-4.8661842490561575e-05,0.09516914925564783,False,[]
QUASI,QUASI (frozen Cartesian port),ellipses,0,128,57,26,reconstructed,0.05002336251693217,0.05002336251693217,0.0,0.39180595843298877,0.07474667070073725,0.3170592877322515,,,,"{""bulge"": -0.019657287082422464, ""chord_length"": 0.6335359522536306, ""conservative_fallback"": false, ""curvature_midpoint"": 0.39180595843298877, ""fallback_reasons"": []}",-0.019657287082422464,0.6335359522536306,False,[]
QUASI,QUASI (frozen Cartesian port),ellipses,0,128,57,27,reconstructed,0.6102922576527547,0.6102922576527547,0.0,5.291312534813698,0.07496313486375504,5.216349399949943,,,,"{""bulge"": -0.11155469480541189, ""chord_length"": 0.4106834602979021, ""conservative_fallback"": false, ""curvature_midpoint"": 5.291312534813698, ""fallback_reasons"": []}",-0.11155469480541189,0.4106834602979021,False,[]
QUASI,QUASI (frozen Cartesian port),ellipses,0,128,57,98,reconstructed,0.25118209288815946,0.25118209288815946,0.0,0.04455699129744076,0.044514565194807315,4.24261026334416e-05,,,,"{""bulge"": -0.004936224494414177, ""chord_length"": 0.9414223751007877, ""conservative_fallback"": false, ""curvature_midpoint"": 0.04455699129744076, ""fallback_reasons"": []}",-0.004936224494414177,0.9414223751007877,False,[]
QUASI,QUASI (frozen Cartesian port),ellipses,0,128,58,26,reconstructed,0.13286206865503053,0.13286206865503053,0.0,0.0033666778658013124,0.07415702210873831,0.070790344242937,,,,"{""bulge"": -0.00025893049587185946, ""chord_length"": 0.7843967997906126, ""conservative_fallback"": false, ""curvature_midpoint"": 0.0033666778658013124, ""fallback_reasons"": []}",-0.00025893049587185946,0.7843967997906126,False,[]
QUASI,QUASI (frozen Cartesian port),ellipses,0,128,58,98,reconstructed,0.5784771834231441,0.5784771834231441,0.0,0.04646615795709729,0.046091592263227864,0.0003745656938694275,,,,"{""bulge"": -0.0008263388761381562, ""chord_length"": 0.3771861208869009, ""conservative_fallback"": false, ""curvature_midpoint"": 0.04646615795709729, ""fallback_reasons"": []}",-0.0008263388761381562,0.3771861208869009,False,[]
QUASI,QUASI (frozen Cartesian port),ellipses,0,128,58,99,reconstructed,0.06473229724562359,0.06473229724562359,0.0,0.04696043940817645,0.047231672451589386,0.00027123304341293564,,,,"{""bulge"": -0.0017056110603929657, ""chord_length"": 0.5390374254158882, ""conservative_fallback"": false, ""curvature_midpoint"": 0.04696043940817645, ""fallback_reasons"": []}",-0.0017056110603929657,0.5390374254158882,False,[]
QUASI,QUASI (frozen Cartesian port),ellipses,0,128,59,26,reconstructed,0.1797747156955229,0.1797747156955229,0.0,0.092252824847129,0.07312935578052462,0.01912346906660438,,,,"{""bulge"": -0.007057555322797897, ""chord_length"": 0.782316161758218, ""conservative_fallback"": false, ""curvature_midpoint"": 0.092252824847129, ""fallback_reasons"": []}",-0.007057555322797897,0.782316161758218,False,[]
QUASI,QUASI (frozen Cartesian port),ellipses,0,128,59,99,reconstructed,0.3888999420045114,0.3888999420045114,0.0,0.04908969636188288,0.049084862265439726,4.8340964431542455e-06,,,,"{""bulge"": -0.004896338947405503, ""chord_length"": 0.8932757775076406, ""conservative_fallback"": false, ""curvature_midpoint"": 0.04908969636188288, ""fallback_reasons"": []}",-0.004896338947405503,0.8932757775076406,False,[]
QUASI,QUASI (frozen Cartesian port),ellipses,0,128,60,26,reconstructed,0.19167255741323053,0.19167255741323053,0.0,0.06667190236037421,0.07175041430913336,0.0050785119487591485,,,,"{""bulge"": -0.005087160569852106, ""chord_length"": 0.7812882499314201, ""conservative_fallback"": false, ""curvature_midpoint"": 0.06667190236037421, ""fallback_reasons"": []}",-0.005087160569852106,0.7812882499314201,False,[]
QUASI,QUASI (frozen Cartesian port),ellipses,0,128,60,99,reconstructed,0.6055798277025979,0.6055798277025979,0.0,0.051113962414267015,0.05049063874216471,0.0006233236721023064,,,,"{""bulge"": -0.0001492629838858223, ""chord_length"": 0.1528450148579167, ""conservative_fallback"": false, ""curvature_midpoint"": 0.051113962414267015, ""fallback_reasons"": []}",-0.0001492629838858223,0.1528450148579167,False,[]
QUASI,QUASI (frozen Cartesian port),ellipses,0,128,60,100,reconstructed,0.10434733281487057,0.10434733281487057,0.0,0.05155662451950235,0.051694924363428034,0.0001382998439256808,,,,"{""bulge"": -0.0033396493555478217, ""chord_length"": 0.7198685345471003, ""conservative_fallback"": false, ""curvature_midpoint"": 0.05155662451950235, ""fallback_reasons"": []}",-0.0033396493555478217,0.7198685345471003,False,[]
QUASI,QUASI (frozen Cartesian port),ellipses,0,128,61,26,reconstructed,0.16933125436212754,0.16933125436212754,0.0,0.07148541903805487,0.07006819502411304,0.0014172240139418285,,,,"{""bulge"": -0.005476240450889885, ""chord_length"": 0.7828481224054549, ""conservative_fallback"": false, ""curvature_midpoint"": 0.07148541903805487, ""fallback_reasons"": []}",-0.005476240450889885,0.7828481224054549,False,[]
QUASI,QUASI (frozen Cartesian port),ellipses,0,128,61,100,reconstructed,0.3863636717616109,0.3863636717616109,0.0,0.053989095129518765,0.0539322575641398,5.683756537896295e-05,,,,"{""bulge"": -0.0049243059611864945, ""chord_length"": 0.8542096703723305, ""conservative_fallback"": false, ""curvature_midpoint"": 0.053989095129518765, ""fallback_reasons"": []}",-0.0049243059611864945,0.8542096703723305,False,[]
QUASI,QUASI (frozen Cartesian port),ellipses,0,128,62,26,reconstructed,0.11335063977551199,0.11335063977551199,0.0,0.06775413057744839,0.06813330604483234,0.0003791754673839465,,,,"{""bulge"": -0.005242538952292561, ""chord_length"": 0.7867702652833034, ""conservative_fallback"": false, ""curvature_midpoint"": 0.06775413057744839, ""fallback_reasons"": []}",-0.005242538952292561,0.7867702652833034,False,[]
QUASI,QUASI (frozen Cartesian port),ellipses,0,128,62,100,reconstructed,0.5934111437368991,0.5934111437368991,0.0,0.056057331670166126,0.05563772513726152,0.0004196065329046053,,,,"{""bulge"": -0.0006886287738891287, ""chord_length"": 0.31348832073821653, ""conservative_fallback"": false, ""curvature_midpoint"": 0.056057331670166126, ""fallback_reasons"": []}",-0.0006886287738891287,0.31348832073821653,False,[]
QUASI,QUASI (frozen Cartesian port),ellipses,0,128,62,101,reconstructed,0.04610129023335137,0.04610129023335137,0.0,0.05664190111571803,0.05687997686324621,0.0002380757475281825,,,,"{""bulge"": -0.0019471583764790292, ""chord_length"": 0.5244169512627731, ""conservative_fallback"": false, ""curvature_midpoint"": 0.05664190111571803, ""fallback_reasons"": []}",-0.0019471583764790292,0.5244169512627731,False,[]
QUASI,QUASI (frozen Cartesian port),ellipses,0,128,63,26,reconstructed,0.028306980070867682,0.028306980070867682,0.0,0.06631305864839795,0.06629255167341148,2.0506974986470028e-05,,,,"{""bulge"": -0.002795045075688904, ""chord_length"": 0.5806840158149938, ""conservative_fallback"": false, ""curvature_midpoint"": 0.06631305864839795, ""fallback_reasons"": []}",-0.002795045075688904,0.5806840158149938,False,[]
QUASI,QUASI (frozen Cartesian port),ellipses,0,128,63,27,reconstructed,0.606213416837028,0.606213416837028,0.0,0.06547078862054743,0.06517518304043232,0.00029560558011511306,,,,"{""bulge"": -0.0003686575533575222, ""chord_length"": 0.21224270677348547, ""conservative_fallback"": false, ""curvature_midpoint"": 0.06547078862054743, ""fallback_reasons"": []}",-0.0003686575533575222,0.21224270677348547,False,[]
QUASI,QUASI (frozen Cartesian port),ellipses,0,128,63,101,reconstructed,0.2491084428978753,0.2491084428978753,0.0,0.05886056980654991,0.05889957922102013,3.9009414470221604e-05,,,,"{""bulge"": -0.004989660947885672, ""chord_length"": 0.8235088683523637, ""conservative_fallback"": false, ""curvature_midpoint"": 0.05886056980654991, ""fallback_reasons"": []}",-0.004989660947885672,0.8235088683523637,False,[]
QUASI,QUASI (frozen Cartesian port),ellipses,0,128,64,27,reconstructed,0.512423773628843,0.512423773628843,0.0,0.06378574043191834,0.06370755859378226,7.818183813608492e-05,,,,"{""bulge"": -0.005116999594841227, ""chord_length"": 0.8011076596252517, ""conservative_fallback"": false, ""curvature_midpoint"": 0.06378574043191834, ""fallback_reasons"": []}",-0.005116999594841227,0.8011076596252517,False,[]
QUASI,QUASI (frozen Cartesian port),ellipses,0,128,64,101,reconstructed,0.43614119641406723,0.43614119641406723,0.0,0.061441166425445594,0.061357876924059605,8.328950138598856e-05,,,,"{""bulge"": -0.005053940811511435, ""chord_length"": 0.8112044852194402, ""conservative_fallback"": false, ""curvature_midpoint"": 0.061441166425445594, ""fallback_reasons"": []}",-0.005053940811511435,0.8112044852194402,False,[]
QUASI,QUASI (frozen Cartesian port),ellipses,0,128,65,27,reconstructed,0.3575533146062966,0.3575533146062966,0.0,0.06134208795026637,0.0613124473612701,2.964058899626587e-05,,,,"{""bulge"": -0.0050484594821075405, ""chord_length"": 0.8114189645570562, ""conservative_fallback"": false, ""curvature_midpoint"": 0.06134208795026637, ""fallback_reasons"": []}",-0.0050484594821075405,0.8114189645570562,False,[]
QUASI,QUASI (frozen Cartesian port),ellipses,0,128,65,101,reconstructed,0.5818738367438736,0.5818738367438736,0.0,0.06356721945799453,0.06332578928990046,0.00024143016809406725,,,,"{""bulge"": -0.0020774885343507457, ""chord_length"": 0.5113257967823552, ""conservative_fallback"": false, ""curvature_midpoint"": 0.06356721945799453, ""fallback_reasons"": []}",-0.0020774885343507457,0.5113257967823552,False,[]
QUASI,QUASI (frozen Cartesian port),ellipses,0,128,65,102,reconstructed,0.008526277442895587,0.008526277442895587,0.0,0.06415288834934432,0.06449619553043508,0.00034330718109075453,,,,"{""bulge"": -0.0006728975411396456, ""chord_length"": 0.2896752276816664, ""conservative_fallback"": false, ""curvature_midpoint"": 0.06415288834934432, ""fallback_reasons"": []}",-0.0006728975411396456,0.2896752276816664,False,[]
QUASI,QUASI (frozen Cartesian port),ellipses,0,128,66,27,reconstructed,0.16990769589669344,0.16990769589669344,0.0,0.058814491937678515,0.05885330676811467,3.881483043615547e-05,,,,"{""bulge"": -0.004988746831632448, ""chord_length"": 0.8237559245242719, ""conservative_fallback"": false, ""curvature_midpoint"": 0.058814491937678515, ""fallback_reasons"": []}",-0.004988746831632448,0.8237559245242719,False,[]
QUASI,QUASI (frozen Cartesian port),ellipses,0,128,66,102,reconstructed,0.10153230977242092,0.10153230977242092,0.0,0.0660039985397697,0.06603805077164211,3.4052231872416794e-05,,,,"{""bulge"": -0.005184881299037714, ""chord_length"": 0.7927372752570239, ""conservative_fallback"": false, ""curvature_midpoint"": 0.0660039985397697, ""fallback_reasons"": []}",-0.005184881299037714,0.7927372752570239,False,[]
QUASI,QUASI (frozen Cartesian port),ellipses,0,128,67,27,reconstructed,0.009480064167237054,0.009480064167237054,0.0,0.056818177917865025,0.05725696855057318,0.0004387906327081581,,,,"{""bulge"": -0.0004115369396664591, ""chord_length"": 0.24071644123878305, ""conservative_fallback"": false, ""curvature_midpoint"": 0.056818177917865025, ""fallback_reasons"": []}",-0.0004115369396664591,0.24071644123878305,False,[]
QUASI,QUASI (frozen Cartesian port),ellipses,0,128,67,28,reconstructed,0.5502147569486887,0.5502147569486887,0.0,0.056250264367016314,0.056010529220481886,0.0002397351465344283,,,,"{""bulge"": -0.002509951525167254, ""chord_length"": 0.5974689999278127, ""conservative_fallback"": false, ""curvature_midpoint"": 0.056250264367016314, ""fallback_reasons"": []}",-0.002509951525167254,0.5974689999278127,False,[]
QUASI,QUASI (frozen Cartesian port),ellipses,0,128,67,102,reconstructed,0.19009724928688784,0.19009724928688784,0.0,0.06822376077681874,0.06817143045039414,5.2330326424598894e-05,,,,"{""bulge"": -0.005277539950703535, ""chord_length"": 0.7866706192825853, ""conservative_fallback"": false, ""curvature_midpoint"": 0.06822376077681874, ""fallback_reasons"": []}",-0.005277539950703535,0.7866706192825853,False,[]
QUASI,QUASI (frozen Cartesian port),ellipses,0,128,68,28,reconstructed,0.3059224277135869,0.3059224277135869,0.0,0.053886194836996595,0.053886150497071524,4.43399250718568e-08,,,,"{""bulge"": -0.004918657387629184, ""chord_length"": 0.8545343428173113, ""conservative_fallback"": false, ""curvature_midpoint"": 0.053886194836996595, ""fallback_reasons"": []}",-0.004918657387629184,0.8545343428173113,False,[]
QUASI,QUASI (frozen Cartesian port),ellipses,0,128,68,102,reconstructed,0.2454542326797895,0.2454542326797895,0.0,0.07013506251572262,0.07010209987373375,3.296264198886234e-05,,,,"{""bulge"": -0.0053723022323963554, ""chord_length"": 0.7828122582856916, ""conservative_fallback"": false, ""curvature_midpoint"": 0.07013506251572262, ""fallback_reasons"": []}",-0.0053723022323963554,0.7828122582856916,False,[]
QUASI,QUASI (frozen Cartesian port),ellipses,0,128,69,28,reconstructed,0.04795349262441614,0.04795349262441614,0.0,0.05166582653713238,0.051969897377469355,0.0003040708403369771,,,,"{""bulge"": -0.0015575409290957086, ""chord_length"": 0.491092200424932, ""conservative_fallback"": false, ""curvature_midpoint"": 0.05166582653713238, ""fallback_reasons"": []}",-0.0015575409290957086,0.491092200424932,False,[]
QUASI,QUASI (frozen Cartesian port),ellipses,0,128,69,29,reconstructed,0.5808991109585839,0.5808991109585839,0.0,0.05117173311067983,0.0507589407405495,0.00041279237013033127,,,,"{""bulge"": -0.0009334580379438262, ""chord_length"": 0.38201228573670454, ""conservative_fallback"": false, ""curvature_midpoint"": 0.05117173311067983, ""fallback_reasons"": []}",-0.0009334580379438262,0.38201228573670454,False,[]
QUASI,QUASI (frozen Cartesian port),ellipses,0,128,69,102,reconstructed,0.26716222284446434,0.26716222284446434,0.0,0.07182147045047166,0.07177906923964597,4.240121082568771e-05,,,,"{""bulge"": -0.005479867795163854, ""chord_length"": 0.7812731294614638, ""conservative_fallback"": false, ""curvature_midpoint"": 0.07182147045047166, ""fallback_reasons"": []}",-0.005479867795163854,0.7812731294614638,False,[]
QUASI,QUASI (frozen Cartesian port),ellipses,0,128,70,29,reconstructed,0.3071792506624635,0.3071792506624635,0.0,0.049049699979534296,0.04904072210390445,8.977875629846699e-06,,,,"{""bulge"": -0.004896762387510173, ""chord_length"": 0.8936785438578319, ""conservative_fallback"": false, ""curvature_midpoint"": 0.049049699979534296, ""fallback_reasons"": []}",-0.004896762387510173,0.8936785438578319,False,[]
QUASI,QUASI (frozen Cartesian port),ellipses,0,128,70,102,reconstructed,0.25461824671916405,0.25461824671916405,0.0,0.07319553669353601,0.07315186074950107,4.367594403494046e-05,,,,"{""bulge"": -0.0055977906550544075, ""chord_length"": 0.7821877680665853, ""conservative_fallback"": false, ""curvature_midpoint"": 0.07319553669353601, ""fallback_reasons"": []}",-0.0055977906550544075,0.7821877680665853,False,[]
QUASI,QUASI (frozen Cartesian port),ellipses,0,128,71,29,reconstructed,0.02514285533517617,0.02514285533517617,0.0,0.047054904213231635,0.04744463031406878,0.00038972610083714415,,,,"{""bulge"": -0.0006689616902053129, ""chord_length"": 0.3372431758209019, ""conservative_fallback"": false, ""curvature_midpoint"": 0.047054904213231635, ""fallback_reasons"": []}",-0.0006689616902053129,0.3372431758209019,False,[]
QUASI,QUASI (frozen Cartesian port),ellipses,0,128,71,30,reconstructed,0.5356835305298877,0.5356835305298877,0.0,0.046507074114648966,0.04629741257192369,0.00020966154272527432,,,,"{""bulge"": -0.0019517517471903795, ""chord_length"": 0.579425725254008, ""conservative_fallback"": false, ""curvature_midpoint"": 0.046507074114648966, ""fallback_reasons"": []}",-0.0019517517471903795,0.579425725254008,False,[]
QUASI,QUASI (frozen Cartesian port),ellipses,0,128,71,102,reconstructed,0.20704319621699177,0.20704319621699177,0.0,0.07422105839745162,0.07417288992144042,4.816847601120389e-05,,,,"{""bulge"": -0.005727628756352133, ""chord_length"": 0.7857218894926579, ""conservative_fallback"": false, ""curvature_midpoint"": 0.07422105839745162, ""fallback_reasons"": []}",-0.005727628756352133,0.7857218894926579,False,[]
QUASI,QUASI (frozen Cartesian port),ellipses,0,128,72,30,reconstructed,0.1700325331286598,0.1700325331286598,0.0,0.044586672071238884,0.044579015591244074,7.656479994809506e-06,,,,"{""bulge"": -0.004041928263038541, ""chord_length"": 0.8516021812308201, ""conservative_fallback"": false, ""curvature_midpoint"": 0.044586672071238884, ""fallback_reasons"": []}",-0.004041928263038541,0.8516021812308201,False,[]
QUASI,QUASI (frozen Cartesian port),ellipses,0,128,72,31,reconstructed,0.6084354974407951,0.6084354974407951,0.0,0.043990167521134854,0.04349675327812711,0.0004934142430077434,,,,"{""bulge"": -4.4884776844984065e-05, ""chord_length"": 0.09034762087000836, ""conservative_fallback"": false, ""curvature_midpoint"": 0.043990167521134854, ""fallback_reasons"": []}",-4.4884776844984065e-05,0.09034762087000836,False,[]
QUASI,QUASI (frozen Cartesian port),ellipses,0,128,72,102,reconstructed,0.12346265521663985,0.12346265521663985,0.0,0.07484728634545752,0.07480006599143617,4.7220354021354494e-05,,,,"{""bulge"": -0.005869754298078973, ""chord_length"": 0.7920761291596821, ""conservative_fallback"": false, ""curvature_midpoint"": 0.07484728634545752, ""fallback_reasons"": []}",-0.005869754298078973,0.7920761291596821,False,[]
QUASI,QUASI (frozen Cartesian port),ellipses,0,128,73,31,reconstructed,0.34855758889494604,0.34855758889494604,0.0,0.04230083766318247,0.04232506083378635,2.4223170603882016e-05,,,,"{""bulge"": -0.004973435781280767, ""chord_length"": 0.9698370407063899, ""conservative_fallback"": false, ""curvature_midpoint"": 0.04230083766318247, ""fallback_reasons"": []}",-0.004973435781280767,0.9698370407063899,False,[]
QUASI,QUASI (frozen Cartesian port),ellipses,0,128,73,101,reconstructed,0.5941506723385149,0.5941506723385149,0.0,0.0750208760629934,0.07497741541683578,4.346064615762257e-05,,,,"{""bulge"": -0.001337556282263863, ""chord_length"": 0.3776678018801524, ""conservative_fallback"": false, ""curvature_midpoint"": 0.0750208760629934, ""fallback_reasons"": []}",-0.001337556282263863,0.3776678018801524,False,[]
QUASI,QUASI (frozen Cartesian port),ellipses,0,128,73,102,reconstructed,0.01888248049885244,0.01888248049885244,0.0,0.07503370962322922,0.07499237273281466,4.133689041456445e-05,,,,"{""bulge"": -0.001685486765643504, ""chord_length"": 0.423915657565279, ""conservative_fallback"": false, ""curvature_midpoint"": 0.07503370962322922, ""fallback_reasons"": []}",-0.001685486765643504,0.423915657565279,False,[]
QUASI,QUASI (frozen Cartesian port),ellipses,0,128,74,31,reconstructed,0.015479143908261534,0.015479143908261534,0.0,0.04076046798891026,0.04103481283645213,0.00027434484754186583,,,,"{""bulge"": -0.00032453285056347966, ""chord_length"": 0.2523798889242227, ""conservative_fallback"": false, ""curvature_midpoint"": 0.04076046798891026, ""fallback_reasons"": []}",-0.00032453285056347966,0.2523798889242227,False,[]
QUASI,QUASI (frozen Cartesian port),ellipses,0,128,74,32,reconstructed,0.4748702987884862,0.4748702987884862,0.0,0.040060787185018695,0.040025995049339916,3.479213567877948e-05,,,,"{""bulge"": -0.0028038462002132076, ""chord_length"": 0.748276916351181, ""conservative_fallback"": false, ""curvature_midpoint"": 0.040060787185018695, ""fallback_reasons"": []}",-0.0028038462002132076,0.748276916351181,False,[]
QUASI,QUASI (frozen Cartesian port),ellipses,0,128,74,101,reconstructed,0.4536028209344546,0.4536028209344546,0.0,0.07481420105066351,0.07474732449846451,6.687655219900224e-05,,,,"{""bulge"": -0.006200514526839973, ""chord_length"": 0.8142670047954776, ""conservative_fallback"": false, ""curvature_midpoint"": 0.07481420105066351, ""fallback_reasons"": []}",-0.006200514526839973,0.8142670047954776,False,[]
QUASI,QUASI (frozen Cartesian port),ellipses,0,128,75,32,reconstructed,0.0571866056703875,0.0571866056703875,0.0,0.03873707721116388,0.03884493533147543,0.00010785812031154779,,,,"{""bulge"": -0.0011153611330416906, ""chord_length"": 0.47994262461208065, ""conservative_fallback"": false, ""curvature_midpoint"": 0.03873707721116388, ""fallback_reasons"": []}",-0.0011153611330416906,0.47994262461208065,False,[]
QUASI,QUASI (frozen Cartesian port),ellipses,0,128,75,33,reconstructed,0.5345597571042131,0.5345597571042131,0.0,0.03795649114701778,0.0378977067758443,5.8784371173480066e-05,,,,"{""bulge"": -0.0014595986070733058, ""chord_length"": 0.5546495753050114, ""conservative_fallback"": false, ""curvature_midpoint"": 0.03795649114701778, ""fallback_reasons"": []}",-0.0014595986070733058,0.5546495753050114,False,[]
QUASI,QUASI (frozen Cartesian port),ellipses,0,128,75,101,reconstructed,0.2537775553075182,0.2537775553075182,0.0,0.07404077732539299,0.07403260465770775,8.172667685241164e-06,,,,"{""bulge"": -0.006387333703458739, ""chord_length"": 0.8307480142231196, ""conservative_fallback"": false, ""curvature_midpoint"": 0.07404077732539299, ""fallback_reasons"": []}",-0.006387333703458739,0.8307480142231196,False,[]
QUASI,QUASI (frozen Cartesian port),ellipses,0,128,76,33,reconstructed,0.09337667671298483,0.09337667671298483,0.0,0.03685280004428,0.03688203963870968,2.923959442967944e-05,,,,"{""bulge"": -0.0017131194620601318, ""chord_length"": 0.6098226804947864, ""conservative_fallback"": false, ""curvature_midpoint"": 0.03685280004428, ""fallback_reasons"": []}",-0.0017131194620601318,0.6098226804947864,False,[]
QUASI,QUASI (frozen Cartesian port),ellipses,0,128,76,34,reconstructed,0.5572723964527553,0.5572723964527553,0.0,0.0360125524933488,0.03599266943745286,1.988305589594591e-05,,,,"{""bulge"": -0.0009618641273461341, ""chord_length"": 0.46224785585857114, ""conservative_fallback"": false, ""curvature_midpoint"": 0.0360125524933488, ""fallback_reasons"": []}",-0.0009618641273461341,0.46224785585857114,False,[]
QUASI,QUASI (frozen Cartesian port),ellipses,0,128,76,100,reconstructed,0.5827063392602836,0.5827063392602836,0.0,0.07208170554066358,0.07245933166180676,0.0003776261211431847,,,,"{""bulge"": -0.001341219574443305, ""chord_length"": 0.3858179312691104, ""conservative_fallback"": false, ""curvature_midpoint"": 0.07208170554066358, ""fallback_reasons"": []}",-0.001341219574443305,0.3858179312691104,False,[]
QUASI,QUASI (frozen Cartesian port),ellipses,0,128,76,101,reconstructed,0.03910330323364068,0.03910330323364068,0.0,0.07316168938582349,0.07316412728389428,2.4378980707923104e-06,,,,"{""bulge"": -0.001983096580131293, ""chord_length"": 0.46566657259092165, ""conservative_fallback"": false, ""curvature_midpoint"": 0.07316168938582349, ""fallback_reasons"": []}",-0.001983096580131293,0.46566657259092165,False,[]
QUASI,QUASI (frozen Cartesian port),ellipses,0,128,77,34,reconstructed,0.1071141944682049,0.1071141944682049,0.0,0.03511583959990985,0.035112985753555676,2.853846354171352e-06,,,,"{""bulge"": -0.0018664563182060417, ""chord_length"": 0.6520822525448695, ""conservative_fallback"": false, ""curvature_midpoint"": 0.03511583959990985, ""fallback_reasons"": []}",-0.0018664563182060417,0.6520822525448695,False,[]
QUASI,QUASI (frozen Cartesian port),ellipses,0,128,77,35,reconstructed,0.5574154614814999,0.5574154614814999,0.0,0.03425334156265447,0.034277688271458474,2.434670880400308e-05,,,,"{""bulge"": -0.0009120935066193491, ""chord_length"": 0.4615440991149243, ""conservative_fallback"": false, ""curvature_midpoint"": 0.03425334156265447, ""fallback_reasons"": []}",-0.0009120935066193491,0.4615440991149243,False,[]
QUASI,QUASI (frozen Cartesian port),ellipses,0,128,77,100,reconstructed,0.3344680395731298,0.3344680395731298,0.0,0.07151459197920097,0.07123732521977125,0.0002772667594297257,,,,"{""bulge"": -0.006871600494358291, ""chord_length"": 0.8767516907320311, ""conservative_fallback"": false, ""curvature_midpoint"": 0.07151459197920097, ""fallback_reasons"": []}",-0.006871600494358291,0.8767516907320311,False,[]
QUASI,QUASI (frozen Cartesian port),ellipses,0,128,78,35,reconstructed,0.09406544182847984,0.09406544182847984,0.0,0.03353627472568243,0.03351217114891735,2.4103576765077683e-05,,,,"{""bulge"": -0.001570921991709662, ""chord_length"": 0.6121599232874718, ""conservative_fallback"": false, ""curvature_midpoint"": 0.03353627472568243, ""fallback_reasons"": []}",-0.001570921991709662,0.6121599232874718,False,[]
QUASI,QUASI (frozen Cartesian port),ellipses,0,128,78,36,reconstructed,0.5362654954230845,0.5362654954230845,0.0,0.032687965154124865,0.032727285416846295,3.9320262721430355e-05,,,,"{""bulge"": -0.001226003339945887, ""chord_length"": 0.5477682766424411, ""conservative_fallback"": false, ""curvature_midpoint"": 0.032687965154124865, ""fallback_reasons"": []}",-0.001226003339945887,0.5477682766424411,False,[]
QUASI,QUASI (frozen Cartesian port),ellipses,0,128,78,99,reconstructed,0.5648040575792813,0.5648040575792813,0.0,0.0769862754634526,0.06863539552428052,0.008350879939172079,,,,"{""bulge"": -0.0019923898984565928, ""chord_length"": 0.45501478061385014, ""conservative_fallback"": false, ""curvature_midpoint"": 0.0769862754634526, ""fallback_reasons"": []}",-0.0019923898984565928,0.45501478061385014,False,[]
QUASI,QUASI (frozen Cartesian port),ellipses,0,128,78,100,reconstructed,0.044594640090952695,0.044594640090952695,0.0,0.06776278957467725,0.06975048743555097,0.001987697860873716,,,,"{""bulge"": -0.0017363545754545177, ""chord_length"": 0.4527605338219644, ""conservative_fallback"": false, ""curvature_midpoint"": 0.06776278957467725, ""fallback_reasons"": []}",-0.0017363545754545177,0.4527605338219644,False,[]
QUASI,QUASI (frozen Cartesian port),ellipses,0,128,79,36,reconstructed,0.06024673007433561,0.06024673007433561,0.0,0.032113729294146895,0.03205915955521488,5.456973893201711e-05,,,,"{""bulge"": -0.0009727034546171674, ""chord_length"": 0.49225467750565055, ""conservative_fallback"": false, ""curvature_midpoint"": 0.032113729294146895, ""fallback_reasons"": []}",-0.0009727034546171674,0.49225467750565055,False,[]
QUASI,QUASI (frozen Cartesian port),ellipses,0,128,79,37,reconstructed,0.48408256604132416,0.48408256604132416,0.0,0.03130634049488937,0.03132124321953227,1.4902724642905374e-05,,,,"{""bulge"": -0.002026335608951779, ""chord_length"": 0.719589022535008, ""conservative_fallback"": false, ""curvature_midpoint"": 0.03130634049488937, ""fallback_reasons"": []}",-0.002026335608951779,0.719589022535008,False,[]
QUASI,QUASI (frozen Cartesian port),ellipses,0,128,79,99,reconstructed,0.2221748708295973,0.2221748708295973,0.0,0.05500327564838508,0.06679031663211862,0.011787040983733545,,,,"{""bulge"": -0.006109651107104603, ""chord_length"": 0.942668340774057, ""conservative_fallback"": false, ""curvature_midpoint"": 0.05500327564838508, ""fallback_reasons"": []}",-0.006109651107104603,0.942668340774057,False,[]
QUASI,QUASI (frozen Cartesian port),ellipses,0,128,80,37,reconstructed,0.02088099310894806,0.02088099310894806,0.0,0.030814700016750872,0.030737277221429608,7.742279532126431e-05,,,,"{""bulge"": -0.00032841028940959027, ""chord_length"": 0.2919943171166042, ""conservative_fallback"": false, ""curvature_midpoint"": 0.030814700016750872, ""fallback_reasons"": []}",-0.00032841028940959027,0.2919943171166042,False,[]
QUASI,QUASI (frozen Cartesian port),ellipses,0,128,80,38,reconstructed,0.3810627079758787,0.3810627079758787,0.0,0.030104764526946257,0.03004315165140143,6.16128755448267e-05,,,,"{""bulge"": -0.003603304870363008, ""chord_length"": 0.9785384170050823, ""conservative_fallback"": false, ""curvature_midpoint"": 0.030104764526946257, ""fallback_reasons"": []}",-0.003603304870363008,0.9785384170050823,False,[]
QUASI,QUASI (frozen Cartesian port),ellipses,0,128,80,98,reconstructed,0.3888013583531233,0.3888013583531233,0.0,0.06861008877862278,0.06401705145211145,0.004593037326511326,,,,"{""bulge"": -0.008031502455890932, ""chord_length"": 0.9677192966171173, ""conservative_fallback"": false, ""curvature_midpoint"": 0.06861008877862278, ""fallback_reasons"": []}",-0.008031502455890932,0.9677192966171173,False,[]
QUASI,QUASI (frozen Cartesian port),ellipses,0,128,80,99,reconstructed,0.0001172942408565053,0.0001172942408565053,0.0,12.050804370420892,0.06544425008119174,11.985360120339699,,,,"{""bulge"": 0.0007786400138566479, ""chord_length"": 0.022735543175185693, ""conservative_fallback"": false, ""curvature_midpoint"": -12.050804370420892, ""fallback_reasons"": []}",0.0007786400138566479,0.022735543175185693,False,[]
QUASI,QUASI (frozen Cartesian port),ellipses,0,128,81,38,reconstructed,1.8042531501781187e-05,1.804253150178118e-05,6.776263578034403e-21,94.99721991418247,0.029528278295563835,94.96769163588691,,,,"{""bulge"": 0.0029554183490716223, ""chord_length"": 0.015776077396912263, ""conservative_fallback"": false, ""curvature_midpoint"": -94.99721991418247, ""fallback_reasons"": []}",0.0029554183490716223,0.015776077396912263,False,[]
QUASI,QUASI (frozen Cartesian port),ellipses,0,128,81,39,reconstructed,0.22823038121698794,0.22823038121698794,0.0,0.010631232391186707,0.02905088713901676,0.018419654747830055,,,,"{""bulge"": 0.001224774823872677, ""chord_length"": 0.9600222817332412, ""conservative_fallback"": false, ""curvature_midpoint"": -0.010631232391186707, ""fallback_reasons"": []}",0.001224774823872677,0.9600222817332412,False,[]
QUASI,QUASI (frozen Cartesian port),ellipses,0,128,81,40,reconstructed,0.5795663081974016,0.5795663081974016,0.0,0.06278085265667761,0.028434548348815574,0.034346304307862036,,,,"{""bulge"": -0.0010345016432383928, ""chord_length"": 0.363075530872914, ""conservative_fallback"": false, ""curvature_midpoint"": 0.06278085265667761, ""fallback_reasons"": []}",-0.0010345016432383928,0.363075530872914,False,[]
QUASI,QUASI (frozen Cartesian port),ellipses,0,128,81,97,reconstructed,0.47245105340799964,0.47245105340799964,0.0,0.06114469857016387,0.06059473035409358,0.0005499682160702915,,,,"{""bulge"": -0.004306167043514082, ""chord_length"": 0.7506042614520566, ""conservative_fallback"": false, ""curvature_midpoint"": 0.06114469857016387, ""fallback_reasons"": []}",-0.004306167043514082,0.7506042614520566,False,[]
QUASI,QUASI (frozen Cartesian port),ellipses,0,128,81,98,reconstructed,0.0211164443423598,0.0211164443423598,0.0,0.054856772769290414,0.06215678834806118,0.007300015578770767,,,,"{""bulge"": -0.0005843171328042686, ""chord_length"": 0.2919134976055882, ""conservative_fallback"": false, ""curvature_midpoint"": 0.054856772769290414, ""fallback_reasons"": []}",-0.0005843171328042686,0.2919134976055882,False,[]
QUASI,QUASI (frozen Cartesian port),ellipses,0,128,82,40,reconstructed,0.07991920823598106,0.07991920823598106,0.0,0.023562573132506037,0.02801777574382462,0.004455202611318584,,,,"{""bulge"": -0.0010087378189959778, ""chord_length"": 0.5852248883731267, ""conservative_fallback"": false, ""curvature_midpoint"": 0.023562573132506037, ""fallback_reasons"": []}",-0.0010087378189959778,0.5852248883731267,False,[]
QUASI,QUASI (frozen Cartesian port),ellipses,0,128,82,41,reconstructed,0.45407822800082354,0.45407822800082354,0.0,0.4068661369613025,0.02745863628032935,0.3794075006809732,,,,"{""bulge"": 0.030101527751326573, ""chord_length"": 0.7693314555936084, ""conservative_fallback"": false, ""curvature_midpoint"": -0.4068661369613025, ""fallback_reasons"": []}",0.030101527751326573,0.7693314555936084,False,[]
QUASI,QUASI (frozen Cartesian port),ellipses,0,128,82,96,reconstructed,0.488043191327614,0.488043191327614,0.0,0.05724915968123288,0.057199312253576114,4.9847427656769805e-05,,,,"{""bulge"": -0.003550030725592935, ""chord_length"": 0.7043304934759081, ""conservative_fallback"": false, ""curvature_midpoint"": 0.05724915968123288, ""fallback_reasons"": []}",-0.003550030725592935,0.7043304934759081,False,[]
QUASI,QUASI (frozen Cartesian port),ellipses,0,128,82,97,reconstructed,0.040836387508886435,0.040836387508886435,0.0,0.058473119858273276,0.058859244223447196,0.00038612436517392046,,,,"{""bulge"": -0.0011854176754475963, ""chord_length"": 0.40271940781051824, ""conservative_fallback"": false, ""curvature_midpoint"": 0.058473119858273276, ""fallback_reasons"": []}",-0.0011854176754475963,0.40271940781051824,False,[]
QUASI,QUASI (frozen Cartesian port),ellipses,0,128,83,41,reconstructed,0.002300341580480569,0.0023003415804805707,1.734723475976807e-18,2.3180475370041926,0.026885078070385773,2.291162458933807,,,,"{""bulge"": 0.10986385024016124, ""chord_length"": 0.6157596575833743, ""conservative_fallback"": false, ""curvature_midpoint"": -2.3180475370041926, ""fallback_reasons"": []}",0.10986385024016124,0.6157596575833743,False,[]
QUASI,QUASI (frozen Cartesian port),ellipses,0,128,83,42,reconstructed,0.23112222948108857,0.23112222948108854,2.7755575615628914e-17,4.483183481804966,0.026782648852365788,4.456400832952601,,,,"{""bulge"": 0.35070843694089515, ""chord_length"": 0.7910880854141705, ""conservative_fallback"": false, ""curvature_midpoint"": -4.483183481804966, ""fallback_reasons"": []}",0.35070843694089515,0.7910880854141705,False,[]
QUASI,QUASI (frozen Cartesian port),ellipses,0,128,83,43,reconstructed,0.5583879575365526,0.5583879575365526,0.0,0.9206599213792376,0.026221238566198832,0.8944386828130387,,,,"{""bulge"": -0.029337612977378746, ""chord_length"": 0.5049027803125722, ""conservative_fallback"": false, ""curvature_midpoint"": 0.9206599213792376, ""fallback_reasons"": []}",-0.029337612977378746,0.5049027803125722,False,[]
QUASI,QUASI (frozen Cartesian port),ellipses,0,128,83,95,reconstructed,0.4502176449890066,0.4502176449890066,0.0,0.053883934177382714,0.053866438089644114,1.7496087738599897e-05,,,,"{""bulge"": -0.004430425690386641, ""chord_length"": 0.811032155659225, ""conservative_fallback"": false, ""curvature_midpoint"": 0.053883934177382714, ""fallback_reasons"": []}",-0.004430425690386641,0.811032155659225,False,[]
QUASI,QUASI (frozen Cartesian port),ellipses,0,128,83,96,reconstructed,0.03525284050403914,0.03525284050403914,0.0,0.05567165041503269,0.05559748909368469,7.416132134799996e-05,,,,"{""bulge"": -0.0009782835558579171, ""chord_length"": 0.3749387455645739, ""conservative_fallback"": false, ""curvature_midpoint"": 0.05567165041503269, ""fallback_reasons"": []}",-0.0009782835558579171,0.3749387455645739,False,[]
QUASI,QUASI (frozen Cartesian port),ellipses,0,128,84,43,reconstructed,0.03724712454613276,0.03724712454613276,0.0,0.21239666849151667,0.025915076156347663,0.186481592335169,,,,"{""bulge"": 0.004983679984090459, ""chord_length"": 0.4332576272276358, ""conservative_fallback"": false, ""curvature_midpoint"": -0.21239666849151667, ""fallback_reasons"": []}",0.004983679984090459,0.4332576272276358,False,[]
QUASI,QUASI (frozen Cartesian port),ellipses,0,128,84,44,reconstructed,0.33054606804618114,0.33054606804618114,0.0,0.0495320960893887,0.025505942506918882,0.02402615358246982,,,,"{""bulge"": -0.004950630789871531, ""chord_length"": 0.8941943252042908, ""conservative_fallback"": false, ""curvature_midpoint"": 0.0495320960893887, ""fallback_reasons"": []}",-0.004950630789871531,0.8941943252042908,False,[]
QUASI,QUASI (frozen Cartesian port),ellipses,0,128,84,45,reconstructed,0.5906056289767031,0.5906056289767031,0.0,0.0033065004839840937,0.025160951209934623,0.02185445072595053,,,,"{""bulge"": -3.955037758083242e-05, ""chord_length"": 0.309339952984604, ""conservative_fallback"": false, ""curvature_midpoint"": 0.0033065004839840937, ""fallback_reasons"": []}",-3.955037758083242e-05,0.309339952984604,False,[]
QUASI,QUASI (frozen Cartesian port),ellipses,0,128,84,93,reconstructed,0.608500161394059,0.608500161394059,0.0,0.048531504000344346,0.04929292667755842,0.0007614226772140742,,,,"{""bulge"": -4.744604357711203e-05, ""chord_length"": 0.08843682043117922, ""conservative_fallback"": false, ""curvature_midpoint"": 0.048531504000344346, ""fallback_reasons"": []}",-4.744604357711203e-05,0.08843682043117922,False,[]
QUASI,QUASI (frozen Cartesian port),ellipses,0,128,84,94,reconstructed,0.34150985801304073,0.34150985801304073,0.0,0.050797997617497356,0.050738587308535844,5.941030896151195e-05,,,,"{""bulge"": -0.00612480311171617, ""chord_length"": 0.9821272543286899, ""conservative_fallback"": false, ""curvature_midpoint"": 0.050797997617497356, ""fallback_reasons"": []}",-0.00612480311171617,0.9821272543286899,False,[]
QUASI,QUASI (frozen Cartesian port),ellipses,0,128,84,95,reconstructed,0.011178135852044947,0.011178135852044947,0.0,0.05265536206612801,0.05240284056498333,0.0002525215011446799,,,,"{""bulge"": -0.0002996083536455084, ""chord_length"": 0.21335393189589216, ""conservative_fallback"": false, ""curvature_midpoint"": 0.05265536206612801, ""fallback_reasons"": []}",-0.0002996083536455084,0.21335393189589216,False,[]
QUASI,QUASI (frozen Cartesian port),ellipses,0,128,85,45,reconstructed,0.06709421371639893,0.06709421371639893,0.0,0.02721587195462244,0.02492297241159242,0.002292899543030018,,,,"{""bulge"": -0.0011115428394886412, ""chord_length"": 0.5716062511669082, ""conservative_fallback"": false, ""curvature_midpoint"": 0.02721587195462244, ""fallback_reasons"": []}",-0.0011115428394886412,0.5716062511669082,False,[]
QUASI,QUASI (frozen Cartesian port),ellipses,0,128,85,46,reconstructed,0.35737821653616597,0.35737821653616597,0.0,0.0241889494186063,0.02455890967637247,0.00036996025776616856,,,,"{""bulge"": -0.0022964231529099574, ""chord_length"": 0.8714900815018363, ""conservative_fallback"": false, ""curvature_midpoint"": 0.0241889494186063, ""fallback_reasons"": []}",-0.0022964231529099574,0.8714900815018363,False,[]
QUASI,QUASI (frozen Cartesian port),ellipses,0,128,85,47,reconstructed,0.5920167055002161,0.5920167055002161,0.0,0.024532230090906854,0.024284241090345812,0.00024798900056104134,,,,"{""bulge"": -0.00029046324944997833, ""chord_length"": 0.3077670165787608, ""conservative_fallback"": false, ""curvature_midpoint"": 0.024532230090906854, ""fallback_reasons"": []}",-0.00029046324944997833,0.3077670165787608,False,[]
QUASI,QUASI (frozen Cartesian port),ellipses,0,128,85,92,reconstructed,0.5429104046265513,0.5429104046265513,0.0,0.046044445895287014,0.04627382350964091,0.00022937761435389697,,,,"{""bulge"": -0.0017282139741154245, ""chord_length"": 0.5479679075823395, ""conservative_fallback"": false, ""curvature_midpoint"": 0.046044445895287014, ""fallback_reasons"": []}",-0.0017282139741154245,0.5479679075823395,False,[]
QUASI,QUASI (frozen Cartesian port),ellipses,0,128,85,93,reconstructed,0.17514587911161283,0.17514587911161283,0.0,0.04805170418503714,0.04804981820140687,1.8859836302675959e-06,,,,"{""bulge"": -0.004445282538072587, ""chord_length"": 0.8602809001577612, ""conservative_fallback"": false, ""curvature_midpoint"": 0.04805170418503714, ""fallback_reasons"": []}",-0.004445282538072587,0.8602809001577612,False,[]
QUASI,QUASI (frozen Cartesian port),ellipses,0,128,86,47,reconstructed,0.059122273362540584,0.059122273362540584,0.0,0.02410024132539067,0.024095842720244925,4.398605145745221e-06,,,,"{""bulge"": -0.0009277623386322282, ""chord_length"": 0.5549484813516714, ""conservative_fallback"": false, ""curvature_midpoint"": 0.02410024132539067, ""fallback_reasons"": []}",-0.0009277623386322282,0.5549484813516714,False,[]
QUASI,QUASI (frozen Cartesian port),ellipses,0,128,86,48,reconstructed,0.31902408448869385,0.31902408448869385,0.0,0.02381528243879397,0.023810034869759387,5.247569034583233e-06,,,,"{""bulge"": -0.002174373010857598, ""chord_length"": 0.8546418385878457, ""conservative_fallback"": false, ""curvature_midpoint"": 0.02381528243879397, ""fallback_reasons"": []}",-0.002174373010857598,0.8546418385878457,False,[]
QUASI,QUASI (frozen Cartesian port),ellipses,0,128,86,49,reconstructed,0.5628906491239007,0.5628906491239007,0.0,0.02351873447580448,0.023557547666183638,3.881319037915901e-05,,,,"{""bulge"": -0.0007805657309071208, ""chord_length"": 0.5152793748938753, ""conservative_fallback"": false, ""curvature_midpoint"": 0.02351873447580448, ""fallback_reasons"": []}",-0.0007805657309071208,0.5152793748938753,False,[]
QUASI,QUASI (frozen Cartesian port),ellipses,0,128,86,90,reconstructed,0.5919016361868674,0.5919016361868674,0.0,0.041590146677948435,0.04234805426779477,0.0007579075898463336,,,,"{""bulge"": -0.00046260034967640087, ""chord_length"": 0.29829965140722114, ""conservative_fallback"": false, ""curvature_midpoint"": 0.041590146677948435, ""fallback_reasons"": []}",-0.00046260034967640087,0.29829965140722114,False,[]
QUASI,QUASI (frozen Cartesian port),ellipses,0,128,86,91,reconstructed,0.32861373840502095,0.32861373840502095,0.0,0.04370960745519392,0.04367653731083137,3.307014436255279e-05,,,,"{""bulge"": -0.004420784899773825, ""chord_length"": 0.8995104900977604, ""conservative_fallback"": false, ""curvature_midpoint"": 0.04370960745519392, ""fallback_reasons"": []}",-0.004420784899773825,0.8995104900977604,False,[]
QUASI,QUASI (frozen Cartesian port),ellipses,0,128,86,92,reconstructed,0.031218157163854718,0.031218157163854718,0.0,0.04547655242745993,0.04515756172729975,0.00031899070016018494,,,,"{""bulge"": -0.000794115249802703, ""chord_length"": 0.37376014950358954, ""conservative_fallback"": false, ""curvature_midpoint"": 0.04547655242745993, ""fallback_reasons"": []}",-0.000794115249802703,0.37376014950358954,False,[]
QUASI,QUASI (frozen Cartesian port),ellipses,0,128,87,49,reconstructed,0.019497951009459467,0.019497951009459467,0.0,0.023455380219363824,0.023413456852415387,4.192336694843618e-05,,,,"{""bulge"": -0.0003231264303934334, ""chord_length"": 0.33197852902481795, ""conservative_fallback"": false, ""curvature_midpoint"": 0.023455380219363824, ""fallback_reasons"": []}",-0.0003231264303934334,0.33197852902481795,False,[]
QUASI,QUASI (frozen Cartesian port),ellipses,0,128,87,50,reconstructed,0.22110141311440618,0.22110141311440618,0.0,0.023236784627945914,0.023228833910953366,7.95071699254829e-06,,,,"{""bulge"": -0.002051729349624334, ""chord_length"": 0.8404599298359959, ""conservative_fallback"": false, ""curvature_midpoint"": 0.023236784627945914, ""fallback_reasons"": []}",-0.002051729349624334,0.8404599298359959,False,[]
QUASI,QUASI (frozen Cartesian port),ellipses,0,128,87,51,reconstructed,0.45636843400642046,0.45636843400642046,0.0,0.022987323857643058,0.02299400511578423,6.681258141173069e-06,,,,"{""bulge"": -0.001999643233580253, ""chord_length"": 0.8342131763693881, ""conservative_fallback"": false, ""curvature_midpoint"": 0.022987323857643058, ""fallback_reasons"": []}",-0.001999643233580253,0.8342131763693881,False,[]
QUASI,QUASI (frozen Cartesian port),ellipses,0,128,87,52,reconstructed,0.6065800740389833,0.6065800740389833,0.0,0.02283688968170055,0.022870959803750132,3.4070122049582874e-05,,,,"{""bulge"": -6.746682728067617e-05, ""chord_length"": 0.15373461344830683, ""conservative_fallback"": false, ""curvature_midpoint"": 0.02283688968170055, ""fallback_reasons"": []}",-6.746682728067617e-05,0.15373461344830683,False,[]
QUASI,QUASI (frozen Cartesian port),ellipses,0,128,87,88,reconstructed,0.5877670056828233,0.5877670056828233,0.0,0.05586604564554629,0.0387766983843169,0.01708934726122939,,,,"{""bulge"": -0.0008567303096755537, ""chord_length"": 0.35026205667959454, ""conservative_fallback"": false, ""curvature_midpoint"": 0.05586604564554629, ""fallback_reasons"": []}",-0.0008567303096755537,0.35026205667959454,False,[]
QUASI,QUASI (frozen Cartesian port),ellipses,0,128,87,89,reconstructed,0.35558270921427076,0.35558270921427076,0.0,0.038638087420828686,0.03994203624429335,0.0013039488234646637,,,,"{""bulge"": -0.003618929688455385, ""chord_length"": 0.8656199474097748, ""conservative_fallback"": false, ""curvature_midpoint"": 0.038638087420828686, ""fallback_reasons"": []}",-0.003618929688455385,0.8656199474097748,False,[]
QUASI,QUASI (frozen Cartesian port),ellipses,0,128,87,90,reconstructed,0.06967249634806418,0.06967249634806418,0.0,0.04222749688864394,0.04141072634908027,0.0008167705395636729,,,,"{""bulge"": -0.0017924441437902983, ""chord_length"": 0.5827337070801795, ""conservative_fallback"": false, ""curvature_midpoint"": 0.04222749688864394, ""fallback_reasons"": []}",-0.0017924441437902983,0.5827337070801795,False,[]
QUASI,QUASI (frozen Cartesian port),ellipses,0,128,88,52,reconstructed,0.07170032333645437,0.07170032333645437,0.0,0.022785353272566568,0.0227764295682043,8.923704362267387e-06,,,,"{""bulge"": -0.0012966624654407234, ""chord_length"": 0.6747308696168245, ""conservative_fallback"": false, ""curvature_midpoint"": 0.022785353272566568, ""fallback_reasons"": []}",-0.0012966624654407234,0.6747308696168245,False,[]
QUASI,QUASI (frozen Cartesian port),ellipses,0,128,88,53,reconstructed,0.276874729228866,0.276874729228866,0.0,0.02262712009576758,0.022625145205501,1.9748902665775447e-06,,,,"{""bulge"": -0.001916487784441047, ""chord_length"": 0.8231583353820416, ""conservative_fallback"": false, ""curvature_midpoint"": 0.02262712009576758, ""fallback_reasons"": []}",-0.001916487784441047,0.8231583353820416,False,[]
QUASI,QUASI (frozen Cartesian port),ellipses,0,128,88,54,reconstructed,0.47319616425180283,0.47319616425180283,0.0,0.022484806610498596,0.0224877670064093,2.960395910703295e-06,,,,"{""bulge"": -0.0018818881394788696, ""chord_length"": 0.8182712976346193, ""conservative_fallback"": false, ""curvature_midpoint"": 0.022484806610498596, ""fallback_reasons"": []}",-0.0018818881394788696,0.8182712976346193,False,[]
QUASI,QUASI (frozen Cartesian port),ellipses,0,128,88,55,reconstructed,0.6052704623437054,0.6052704623437054,0.0,0.022393648558399686,0.02241764700243033,2.3998444030642885e-05,,,,"{""bulge"": -0.00010389614354203081, ""chord_length"": 0.19265588427238844, ""conservative_fallback"": false, ""curvature_midpoint"": 0.022393648558399686, ""fallback_reasons"": []}",-0.00010389614354203081,0.19265588427238844,False,[]
QUASI,QUASI (frozen Cartesian port),ellipses,0,128,88,86,reconstructed,0.510767475660405,0.510767475660405,0.0,0.3059494303472703,0.03557515628617519,0.2703742740610951,,,,"{""bulge"": 0.018704209589416484, ""chord_length"": 0.6993423832322683, ""conservative_fallback"": false, ""curvature_midpoint"": -0.3059494303472703, ""fallback_reasons"": []}",0.018704209589416484,0.6993423832322683,False,[]
QUASI,QUASI (frozen Cartesian port),ellipses,0,128,88,87,reconstructed,0.27829674325765763,0.27829674325765763,0.0,0.11961195168983131,0.03682451312903335,0.08278743856079795,,,,"{""bulge"": -0.01043609314814758, ""chord_length"": 0.835461956132725, ""conservative_fallback"": false, ""curvature_midpoint"": 0.11961195168983131, ""fallback_reasons"": []}",-0.01043609314814758,0.835461956132725,False,[]
QUASI,QUASI (frozen Cartesian port),ellipses,0,128,88,88,reconstructed,0.046229613613866724,0.046229613613866724,0.0,0.0064680908237599545,0.037995274125777516,0.031527183302017564,,,,"{""bulge"": 0.00020459038477889998, ""chord_length"": 0.50303655786644, ""conservative_fallback"": false, ""curvature_midpoint"": -0.0064680908237599545, ""fallback_reasons"": []}",0.00020459038477889998,0.50303655786644,False,[]
QUASI,QUASI (frozen Cartesian port),ellipses,0,128,89,55,reconstructed,0.051921824041335427,0.051921824041335427,0.0,0.02237509154987416,0.022369112795870418,5.978754003741621e-06,,,,"{""bulge"": -0.0010790034227244278, ""chord_length"": 0.6211178268021859, ""conservative_fallback"": false, ""curvature_midpoint"": 0.02237509154987416, ""fallback_reasons"": []}",-0.0010790034227244278,0.6211178268021859,False,[]
QUASI,QUASI (frozen Cartesian port),ellipses,0,128,89,56,reconstructed,0.21877230020325156,0.21877230020325156,0.0,0.02230141377582992,0.022300702585481728,7.111903481925308e-07,,,,"{""bulge"": -0.0018272859711064731, ""chord_length"": 0.8096215430186476, ""conservative_fallback"": false, ""curvature_midpoint"": 0.02230141377582992, ""fallback_reasons"": []}",-0.0018272859711064731,0.8096215430186476,False,[]
QUASI,QUASI (frozen Cartesian port),ellipses,0,128,89,57,reconstructed,0.378865112639511,0.378865112639511,0.0,0.02225792445431129,0.022249125321278165,8.799133033123019e-06,,,,"{""bulge"": -0.0018065892399947347, ""chord_length"": 0.805809477653447, ""conservative_fallback"": false, ""curvature_midpoint"": 0.02225792445431129, ""fallback_reasons"": []}",-0.0018065892399947347,0.805809477653447,False,[]
QUASI,QUASI (frozen Cartesian port),ellipses,0,128,89,58,reconstructed,0.5273127737482147,0.5273127737482147,0.0,0.022176435336248534,0.02222458603130716,4.8150695058625514e-05,,,,"{""bulge"": -0.0017843965419689714, ""chord_length"": 0.8023148132796079, ""conservative_fallback"": false, ""curvature_midpoint"": 0.022176435336248534, ""fallback_reasons"": []}",-0.0017843965419689714,0.8023148132796079,False,[]
QUASI,QUASI (frozen Cartesian port),ellipses,0,128,89,59,reconstructed,0.6097654408209293,0.6097654408209293,0.0,0.03186435225037553,0.02222242549580583,0.0096419267545697,,,,"{""bulge"": -2.2000209364559268e-05, ""chord_length"": 0.07432002604579457, ""conservative_fallback"": false, ""curvature_midpoint"": 0.03186435225037553, ""fallback_reasons"": []}",-2.2000209364559268e-05,0.07432002604579457,False,[]
QUASI,QUASI (frozen Cartesian port),ellipses,0,128,89,82,reconstructed,0.6032652050236988,0.6032652050236988,0.0,0.1770206005183689,0.03136506097704111,0.1456555395413278,,,,"{""bulge"": -0.0012882556179895472, ""chord_length"": 0.24128710414268612, ""conservative_fallback"": false, ""curvature_midpoint"": 0.1770206005183689, ""fallback_reasons"": []}",-0.0012882556179895472,0.24128710414268612,False,[]
QUASI,QUASI (frozen Cartesian port),ellipses,0,128,89,83,reconstructed,0.48138975751215796,0.48138975751215796,0.0,0.10146526857927451,0.03200395344982056,0.06946131512945396,,,,"{""bulge"": 0.008216841382469127, ""chord_length"": 0.8048940937404637, ""conservative_fallback"": false, ""curvature_midpoint"": -0.10146526857927451, ""fallback_reasons"": []}",0.008216841382469127,0.8048940937404637,False,[]
QUASI,QUASI (frozen Cartesian port),ellipses,0,128,89,84,reconstructed,0.3061644388072386,0.3061644388072386,0.0,0.4621051305704366,0.033069262754731835,0.4290358678157048,,,,"{""bulge"": -0.041395181276985424, ""chord_length"": 0.8465439157546897, ""conservative_fallback"": false, ""curvature_midpoint"": 0.4621051305704366, ""fallback_reasons"": []}",-0.041395181276985424,0.8465439157546897,False,[]
QUASI,QUASI (frozen Cartesian port),ellipses,0,128,89,85,reconstructed,0.11295989467351233,0.11295989467351233,0.0,2.9477957515634916,0.034357158639562964,2.913438592923929,,,,"{""bulge"": 0.24462817955389246, ""chord_length"": 0.8147972244117963, ""conservative_fallback"": false, ""curvature_midpoint"": -2.9477957515634916, ""fallback_reasons"": []}",0.24462817955389246,0.8147972244117963,False,[]
QUASI,QUASI (frozen Cartesian port),ellipses,0,128,89,86,reconstructed,0.0002396856029950262,0.00023968560299502534,8.673617379884035e-19,3.9157152413047203,0.034604834528238,3.8811104067764823,,,,"{""bulge"": 0.10058016089551873, ""chord_length"": 0.4533103194667428, ""conservative_fallback"": false, ""curvature_midpoint"": -3.9157152413047203, ""fallback_reasons"": []}",0.10058016089551873,0.4533103194667428,False,[]
QUASI,QUASI (frozen Cartesian port),ellipses,0,128,90,59,reconstructed,0.054513610511012014,0.054513610511012014,0.0,0.01935066703015431,0.022227346158401124,0.0028766791282468125,,,,"{""bulge"": -0.0012708863598906396, ""chord_length"": 0.7248537378206381, ""conservative_fallback"": false, ""curvature_midpoint"": 0.01935066703015431, ""fallback_reasons"": []}",-0.0012708863598906396,0.7248537378206381,False,[]
QUASI,QUASI (frozen Cartesian port),ellipses,0,128,90,60,reconstructed,0.1795482080498914,0.1795482080498914,0.0,0.030197819113739734,0.022254888147422967,0.007942930966316767,,,,"{""bulge"": -0.0023913350515749783, ""chord_length"": 0.7959346629935297, ""conservative_fallback"": false, ""curvature_midpoint"": 0.030197819113739734, ""fallback_reasons"": []}",-0.0023913350515749783,0.7959346629935297,False,[]
QUASI,QUASI (frozen Cartesian port),ellipses,0,128,90,61,reconstructed,0.2939327847402362,0.2939327847402362,0.0,0.006670043322340739,0.022309311408631193,0.015639268086290455,,,,"{""bulge"": 0.0005263173047336101, ""chord_length"": 0.7945193723302114, ""conservative_fallback"": false, ""curvature_midpoint"": -0.006670043322340739, ""fallback_reasons"": []}",0.0005263173047336101,0.7945193723302114,False,[]
QUASI,QUASI (frozen Cartesian port),ellipses,0,128,90,62,reconstructed,0.39716543164833723,0.39716543164833723,0.0,0.13153951778312453,0.02238969075138465,0.10914982703173988,,,,"{""bulge"": -0.010217687224083475, ""chord_length"": 0.7883029883453256, ""conservative_fallback"": false, ""curvature_midpoint"": 0.13153951778312453, ""fallback_reasons"": []}",-0.010217687224083475,0.7883029883453256,False,[]
QUASI,QUASI (frozen Cartesian port),ellipses,0,128,90,63,reconstructed,0.4893060693149154,0.4893060693149154,0.0,0.3828158299444647,0.02249765556197176,0.360318174382493,,,,"{""bulge"": 0.030875197226644054, ""chord_length"": 0.8032577412473895, ""conservative_fallback"": false, ""curvature_midpoint"": -0.3828158299444647, ""fallback_reasons"": []}",0.030875197226644054,0.8032577412473895,False,[]
QUASI,QUASI (frozen Cartesian port),ellipses,0,128,90,64,reconstructed,0.5703909649845531,0.5703909649845531,0.0,2.3191080060569793,0.022644764232048784,2.2964632418249304,,,,"{""bulge"": -0.2063697068393882, ""chord_length"": 0.8437377481370877, ""conservative_fallback"": false, ""curvature_midpoint"": 2.3191080060569793, ""fallback_reasons"": []}",-0.2063697068393882,0.8437377481370877,False,[]
QUASI,QUASI (frozen Cartesian port),ellipses,0,128,90,65,reconstructed,0.6102828461887685,0.6102828461887685,0.0,6.01491886593769,0.02270365864632441,5.992215207291366,,,,"{""bulge"": -0.12220596644470727, ""chord_length"": 0.4031589557693385, ""conservative_fallback"": false, ""curvature_midpoint"": 6.01491886593769, ""fallback_reasons"": []}",-0.12220596644470727,0.4031589557693385,False,[]
QUASI,QUASI (frozen Cartesian port),ellipses,0,128,90,77,reconstructed,0.5887925920968637,0.5887925920968637,0.0,0.027280709367207834,0.02731080837971721,3.009901250937766e-05,,,,"{""bulge"": -0.001183010511194317, ""chord_length"": 0.5889948070060465, ""conservative_fallback"": false, ""curvature_midpoint"": 0.027280709367207834, ""fallback_reasons"": []}",-0.001183010511194317,0.5889948070060465,False,[]
QUASI,QUASI (frozen Cartesian port),ellipses,0,128,90,78,reconstructed,0.5072743891036426,0.5072743891036426,0.0,0.0278272741839332,0.027872397007199196,4.512282326599518e-05,,,,"{""bulge"": -0.0021698538438225754, ""chord_length"": 0.789814133062916, ""conservative_fallback"": false, ""curvature_midpoint"": 0.0278272741839332, ""fallback_reasons"": []}",-0.0021698538438225754,0.789814133062916,False,[]
QUASI,QUASI (frozen Cartesian port),ellipses,0,128,90,79,reconstructed,0.40970301496042133,0.40970301496042133,0.0,0.028695877586831234,0.028567259967201164,0.00012861761963007048,,,,"{""bulge"": -0.0022536447655505058, ""chord_length"": 0.7926436200282482, ""conservative_fallback"": false, ""curvature_midpoint"": 0.028695877586831234, ""fallback_reasons"": []}",-0.0022536447655505058,0.7926436200282482,False,[]
QUASI,QUASI (frozen Cartesian port),ellipses,0,128,90,80,reconstructed,0.29789716274808764,0.29789716274808764,0.0,0.028849927913002577,0.029322377588018513,0.0004724496750159353,,,,"{""bulge"": -0.0022847955603294812, ""chord_length"": 0.7959692685119143, ""conservative_fallback"": false, ""curvature_midpoint"": 0.028849927913002577, ""fallback_reasons"": []}",-0.0022847955603294812,0.7959692685119143,False,[]
QUASI,QUASI (frozen Cartesian port),ellipses,0,128,90,81,reconstructed,0.17129390668842237,0.17129390668842237,0.0,0.03188461854749664,0.03014292607323494,0.0017416924742617024,,,,"{""bulge"": -0.0025506726037885, ""chord_length"": 0.7999848075756344, ""conservative_fallback"": false, ""curvature_midpoint"": 0.03188461854749664, ""fallback_reasons"": []}",-0.0025506726037885,0.7999848075756344,False,[]
QUASI,QUASI (frozen Cartesian port),ellipses,0,128,90,82,reconstructed,0.03633819430181387,0.03633819430181387,0.0,0.02037951038591868,0.03089658178784707,0.010517071401928393,,,,"{""bulge"": -0.0008096552619128558, ""chord_length"": 0.5637651059571807, ""conservative_fallback"": false, ""curvature_midpoint"": 0.02037951038591868, ""fallback_reasons"": []}",-0.0008096552619128558,0.5637651059571807,False,[]
QUASI,QUASI (frozen Cartesian port),ellipses,0,128,91,65,reconstructed,0.0301502694066938,0.0301502694066938,0.0,0.25090458501349994,0.02281061999862684,0.22809396501487308,,,,"{""bulge"": -0.011441320365036846, ""chord_length"": 0.6039886364866272, ""conservative_fallback"": false, ""curvature_midpoint"": 0.25090458501349994, ""fallback_reasons"": []}",-0.011441320365036846,0.6039886364866272,False,[]
QUASI,QUASI (frozen Cartesian port),ellipses,0,128,91,66,reconstructed,0.08907082184991914,0.08907082184991914,0.0,0.025645212247492846,0.02297856644470035,0.002666645802792498,,,,"{""bulge"": 0.0019680265881523236, ""chord_length"": 0.7835330595610586, ""conservative_fallback"": false, ""curvature_midpoint"": -0.025645212247492846, ""fallback_reasons"": []}",0.0019680265881523236,0.7835330595610586,False,[]
QUASI,QUASI (frozen Cartesian port),ellipses,0,128,91,67,reconstructed,0.13697383172870775,0.13697383172870775,0.0,0.03623704500556619,0.023194965468785224,0.013042079536780965,,,,"{""bulge"": -0.0027791342516461266, ""chord_length"": 0.7832914196060746, ""conservative_fallback"": false, ""curvature_midpoint"": 0.03623704500556619, ""fallback_reasons"": []}",-0.0027791342516461266,0.7832914196060746,False,[]
QUASI,QUASI (frozen Cartesian port),ellipses,0,128,91,68,reconstructed,0.1737336133280209,0.1737336133280209,0.0,0.019939952443127174,0.023440938505132406,0.003500986062005232,,,,"{""bulge"": -0.0015251413346646556, ""chord_length"": 0.7822363260952045, ""conservative_fallback"": false, ""curvature_midpoint"": 0.019939952443127174, ""fallback_reasons"": []}",-0.0015251413346646556,0.7822363260952045,False,[]
QUASI,QUASI (frozen Cartesian port),ellipses,0,128,91,69,reconstructed,0.19926899829522046,0.19926899829522046,0.0,0.024656096698777052,0.02371737419370794,0.000938722505069111,,,,"{""bulge"": -0.0018831346364344853, ""chord_length"": 0.7816701305829336, ""conservative_fallback"": false, ""curvature_midpoint"": 0.024656096698777052, ""fallback_reasons"": []}",-0.0018831346364344853,0.7816701305829336,False,[]
QUASI,QUASI (frozen Cartesian port),ellipses,0,128,91,70,reconstructed,0.21347374314558928,0.21347374314558928,0.0,0.02377360176470918,0.024025658246173802,0.00025205648146462215,,,,"{""bulge"": -0.0018141305791566948, ""chord_length"": 0.7813250954843695, ""conservative_fallback"": false, ""curvature_midpoint"": 0.02377360176470918, ""fallback_reasons"": []}",-0.0018141305791566948,0.7813250954843695,False,[]
QUASI,QUASI (frozen Cartesian port),ellipses,0,128,91,71,reconstructed,0.21621536105352646,0.21621536105352646,0.0,0.024434350925809905,0.024367288866621095,6.706205918880978e-05,,,,"{""bulge"": -0.0018642390265044572, ""chord_length"": 0.7812596374099149, ""conservative_fallback"": false, ""curvature_midpoint"": 0.024434350925809905, ""fallback_reasons"": []}",-0.0018642390265044572,0.7812596374099149,False,[]
QUASI,QUASI (frozen Cartesian port),ellipses,0,128,91,72,reconstructed,0.2073336309735,0.2073336309735,0.0,0.024725628487330266,0.02474401108667744,1.83825993471734e-05,,,,"{""bulge"": -0.0018875184275782837, ""chord_length"": 0.7814783014382425, ""conservative_fallback"": false, ""curvature_midpoint"": 0.024725628487330266, ""fallback_reasons"": []}",-0.0018875184275782837,0.7814783014382425,False,[]
QUASI,QUASI (frozen Cartesian port),ellipses,0,128,91,73,reconstructed,0.18663874372850492,0.18663874372850492,0.0,0.02516186830050939,0.025157804079589976,4.064220919412775e-06,,,,"{""bulge"": -0.00192336409376423, ""chord_length"": 0.7819955886397026, ""conservative_fallback"": false, ""curvature_midpoint"": 0.02516186830050939, ""fallback_reasons"": []}",-0.00192336409376423,0.7819955886397026,False,[]
QUASI,QUASI (frozen Cartesian port),ellipses,0,128,91,74,reconstructed,0.1539090329573351,0.1539090329573351,0.0,0.025610202978147853,0.025610914105579714,7.111274318606642e-07,,,,"{""bulge"": -0.0019618115589504557, ""chord_length"": 0.7828294001034732, ""conservative_fallback"": false, ""curvature_midpoint"": 0.025610202978147853, ""fallback_reasons"": []}",-0.0019618115589504557,0.7828294001034732,False,[]
QUASI,QUASI (frozen Cartesian port),ellipses,0,128,91,75,reconstructed,0.10888822432638112,0.10888822432638112,0.0,0.026101449933512298,0.0261058796692786,4.42973576630229e-06,,,,"{""bulge"": -0.0020054288083682344, ""chord_length"": 0.7840004314163358, ""conservative_fallback"": false, ""curvature_midpoint"": 0.026101449933512298, ""fallback_reasons"": []}",-0.0020054288083682344,0.7840004314163358,False,[]
QUASI,QUASI (frozen Cartesian port),ellipses,0,128,91,76,reconstructed,0.05128211823916991,0.05128211823916991,0.0,0.026660343674274094,0.026645564184595474,1.4779489678620056e-05,,,,"{""bulge"": -0.0020563935848937768, ""chord_length"": 0.7855344607157778, ""conservative_fallback"": false, ""curvature_midpoint"": 0.026660343674274094, ""fallback_reasons"": []}",-0.0020563935848937768,0.7855344607157778,False,[]
QUASI,QUASI (frozen Cartesian port),ellipses,0,128,91,77,reconstructed,0.002313568538982874,0.002313568538982874,0.0,0.027096279145564447,0.027007498089857748,8.878105570669925e-05,,,,"{""bulge"": -0.00013342156089767818, ""chord_length"": 0.19847379468715098, ""conservative_fallback"": false, ""curvature_midpoint"": 0.027096279145564447, ""fallback_reasons"": []}",-0.00013342156089767818,0.19847379468715098,False,[]
