method,variant,benchmark,case_index,cells_per_side,cell_x,cell_y,status,target_phase_area,reconstructed_phase_area,absolute_area_residual,curvature_estimate,true_curvature,curvature_absolute_error,objective,optimizer_success,ghf_method,diagnostics_json,bulge,chord_length,conservative_fallback,fallback_reasons_json
QUASI,QUASI (frozen Cartesian port),ellipses,4,128,32,44,reconstructed,0.008790886108385316,0.008790886108385316,0.0,0.08877279668158979,0.08788311529972309,0.0008896813818666943,,,,"{""bulge"": -0.0006609037381051001, ""chord_length"": 0.2440473783251765, ""conservative_fallback"": false, ""curvature_midpoint"": 0.08877279668158979, ""fallback_reasons"": []}",-0.0006609037381051001,0.2440473783251765,False,[]
QUASI,QUASI (frozen Cartesian port),ellipses,4,128,32,45,reconstructed,0.1453533137921201,0.1453533137921201,0.0,0.08481994511050157,0.0846562782010319,0.000163666909469673,,,,"{""bulge"": -0.006952215549855444, ""chord_length"": 0.8097624133812165, ""conservative_fallback"": false, ""curvature_midpoint"": 0.08481994511050157, ""fallback_reasons"": []}",-0.006952215549855444,0.8097624133812165,False,[]
QUASI,QUASI (frozen Cartesian port),ellipses,4,128,32,46,reconstructed,0.29005668320995037,0.29005668320995037,0.0,0.07959233526587552,0.07959660296098747,4.267695111956349e-06,,,,"{""bulge"": -0.0063222292351210515, ""chord_length"": 0.7971581474703615, ""conservative_fallback"": false, ""curvature_midpoint"": 0.07959233526587552, ""fallback_reasons"": []}",-0.0063222292351210515,0.7971581474703615,False,[]
QUASI,QUASI (frozen Cartesian port),ellipses,4,128,32,47,reconstructed,0.3943341987932368,0.3943341987932368,0.0,0.07463513823167615,0.07460675840126185,2.837983041430181e-05,,,,"{""bulge"": -0.005805612938385112, ""chord_length"": 0.7888553254002497, ""conservative_fallback"": false, ""curvature_midpoint"": 0.07463513823167615, ""fallback_reasons"": []}",-0.005805612938385112,0.7888553254002497,False,[]
QUASI,QUASI (frozen Cartesian port),ellipses,4,128,32,48,reconstructed,0.46190676811798054,0.46190676811798054,0.0,0.06981255995004346,0.06980211112500052,1.0448825042932985e-05,,,,"{""bulge"": -0.005362414181252956, ""chord_length"": 0.7838958932866178, ""conservative_fallback"": false, ""curvature_midpoint"": 0.06981255995004346, ""fallback_reasons"": []}",-0.005362414181252956,0.7838958932866178,False,[]
QUASI,QUASI (frozen Cartesian port),ellipses,4,128,32,49,reconstructed,0.4957923105345638,0.4957923105345638,0.0,0.06526184522797665,0.06525311885855402,8.726369422631941e-06,,,,"{""bulge"": -0.004983369687042448, ""chord_length"": 0.7815861808868724, ""conservative_fallback"": false, ""curvature_midpoint"": 0.06526184522797665, ""fallback_reasons"": []}",-0.004983369687042448,0.7815861808868724,False,[]
QUASI,QUASI (frozen Cartesian port),ellipses,4,128,32,50,reconstructed,0.49847152278072676,0.49847152278072676,0.0,0.06100246056938504,0.06099767365599872,4.786913386317648e-06,,,,"{""bulge"": -0.0046559799402436965, ""chord_length"": 0.7814062261779264, ""conservative_fallback"": false, ""curvature_midpoint"": 0.06100246056938504, ""fallback_reasons"": []}",-0.0046559799402436965,0.7814062261779264,False,[]
QUASI,QUASI (frozen Cartesian port),ellipses,4,128,32,51,reconstructed,0.4720055268819021,0.4720055268819021,0.0,0.057053503116176754,0.05705097153553654,2.531580640216524e-06,,,,"{""bulge"": -0.00437194420868901, ""chord_length"": 0.7829628233015923, ""conservative_fallback"": false, ""curvature_midpoint"": 0.057053503116176754, ""fallback_reasons"": []}",-0.00437194420868901,0.7829628233015923,False,[]
QUASI,QUASI (frozen Cartesian port),ellipses,4,128,32,52,reconstructed,0.4181213997909123,0.4181213997909123,0.0,0.05341543728698883,0.05341301915783178,2.4181291570501973e-06,,,,"{""bulge"": -0.0041245108338601585, ""chord_length"": 0.7859552581645164, ""conservative_fallback"": false, ""curvature_midpoint"": 0.05341543728698883, ""fallback_reasons"": []}",-0.0041245108338601585,0.7859552581645164,False,[]
QUASI,QUASI (frozen Cartesian port),ellipses,4,128,32,53,reconstructed,0.33827563284304973,0.33827563284304973,0.0,0.050070373101041114,0.050074133503814094,3.7604027729801204e-06,,,,"{""bulge"": -0.003907612461460989, ""chord_length"": 0.7901514158926425, ""conservative_fallback"": false, ""curvature_midpoint"": 0.050070373101041114, ""fallback_reasons"": []}",-0.003907612461460989,0.7901514158926425,False,[]
QUASI,QUASI (frozen Cartesian port),ellipses,4,128,32,54,reconstructed,0.23370203517813076,0.23370203517813076,0.0,0.047033788564092155,0.047018844009183734,1.494455490842067e-05,,,,"{""bulge"": -0.0037193001722732205, ""chord_length"": 0.795372602883429, ""conservative_fallback"": false, ""curvature_midpoint"": 0.047033788564092155, ""fallback_reasons"": []}",-0.0037193001722732205,0.795372602883429,False,[]
QUASI,QUASI (frozen Cartesian port),ellipses,4,128,32,55,reconstructed,0.10544842166942085,0.10544842166942085,0.0,0.044172236407651125,0.04422860967552451,5.637326787338859e-05,,,,"{""bulge"": -0.0035468196516353565, ""chord_length"": 0.8014747645964048, ""conservative_fallback"": false, ""curvature_midpoint"": 0.044172236407651125, ""fallback_reasons"": []}",-0.0035468196516353565,0.8014747645964048,False,[]
QUASI,QUASI (frozen Cartesian port),ellipses,4,128,32,56,reconstructed,0.003708381429011426,0.003708381429011426,0.0,0.04217068574641967,0.04265190180613162,0.00048121605971195025,,,,"{""bulge"": -0.00016432425343684937, ""chord_length"": 0.17655925832522523, ""conservative_fallback"": false, ""curvature_midpoint"": 0.04217068574641967, ""fallback_reasons"": []}",-0.00016432425343684937,0.17655925832522523,False,[]
QUASI,QUASI (frozen Cartesian port),ellipses,4,128,33,42,reconstructed,0.05537028707792029,0.05537028707792029,0.0,0.09786142876567754,0.0973729407644232,0.0004884880012543391,,,,"{""bulge"": -0.0032396214550380158, ""chord_length"": 0.5146196329329434, ""conservative_fallback"": false, ""curvature_midpoint"": 0.09786142876567754, ""fallback_reasons"": []}",-0.0032396214550380158,0.5146196329329434,False,[]
QUASI,QUASI (frozen Cartesian port),ellipses,4,128,33,43,reconstructed,0.325059864422666,0.325059864422666,0.0,0.09429771935639832,0.09421196774802779,8.575160837052953e-05,,,,"{""bulge"": -0.008589992822463251, ""chord_length"": 0.8536715328541895, ""conservative_fallback"": false, ""curvature_midpoint"": 0.09429771935639832, ""fallback_reasons"": []}",-0.008589992822463251,0.8536715328541895,False,[]
QUASI,QUASI (frozen Cartesian port),ellipses,4,128,33,44,reconstructed,0.557120548834372,0.557120548834372,0.0,0.08992143483597256,0.09031639304871714,0.00039495821274457277,,,,"{""bulge"": -0.0038338150249939383, ""chord_length"": 0.5840216634918606, ""conservative_fallback"": false, ""curvature_midpoint"": 0.08992143483597256, ""fallback_reasons"": []}",-0.0038338150249939383,0.5840216634918606,False,[]
QUASI,QUASI (frozen Cartesian port),ellipses,4,128,33,56,reconstructed,0.5610482282418471,0.5610482282418471,0.0,0.0416734174832744,0.041419802587525235,0.0002536148957491616,,,,"{""bulge"": -0.002079510681966548, ""chord_length"": 0.631823846092763, ""conservative_fallback"": false, ""curvature_midpoint"": 0.0416734174832744, ""fallback_reasons"": []}",-0.002079510681966548,0.631823846092763,False,[]
QUASI,QUASI (frozen Cartesian port),ellipses,4,128,33,57,reconstructed,0.391678412662971,0.391678412662971,0.0,0.03911784403774145,0.039363912063553094,0.00024606802581164655,,,,"{""bulge"": -0.0032551981985220455, ""chord_length"": 0.8159175154911091, ""conservative_fallback"": false, ""curvature_midpoint"": 0.03911784403774145, ""fallback_reasons"": []}",-0.0032551981985220455,0.8159175154911091,False,[]
QUASI,QUASI (frozen Cartesian port),ellipses,4,128,33,58,reconstructed,0.19720253096835033,0.19720253096835033,0.0,0.03820251881496648,0.03725016275170092,0.0009523560632655609,,,,"{""bulge"": -0.0032438714495328326, ""chord_length"": 0.8241965874694581, ""conservative_fallback"": false, ""curvature_midpoint"": 0.03820251881496648, ""fallback_reasons"": []}",-0.0032438714495328326,0.8241965874694581,False,[]
QUASI,QUASI (frozen Cartesian port),ellipses,4,128,33,59,reconstructed,0.019798208939674235,0.019798208939674235,0.0,0.02254240539705611,0.03586248984884904,0.013320084451792925,,,,"{""bulge"": -0.00034998954357386413, ""chord_length"": 0.35242961893823704, ""conservative_fallback"": false, ""curvature_midpoint"": 0.02254240539705611, ""fallback_reasons"": []}",-0.00034998954357386413,0.35242961893823704,False,[]
QUASI,QUASI (frozen Cartesian port),ellipses,4,128,34,40,reconstructed,0.003332977020267653,0.003332977020267653,0.0,0.10334842903474525,0.10179341829792767,0.0015550107368175886,,,,"{""bulge"": -0.00017866364394155594, ""chord_length"": 0.1176010359535802, ""conservative_fallback"": false, ""curvature_midpoint"": 0.10334842903474525, ""fallback_reasons"": []}",-0.00017866364394155594,0.1176010359535802,False,[]
QUASI,QUASI (frozen Cartesian port),ellipses,4,128,34,41,reconstructed,0.26639498648743476,0.26639498648743476,0.0,0.1009210281344618,0.10091582461666046,5.203517801338764e-06,,,,"{""bulge"": -0.01115003083095378, ""chord_length"": 0.9401392716861127, ""conservative_fallback"": false, ""curvature_midpoint"": 0.1009210281344618, ""fallback_reasons"": []}",-0.01115003083095378,0.9401392716861127,False,[]
QUASI,QUASI (frozen Cartesian port),ellipses,4,128,34,42,reconstructed,0.5802957262469299,0.5802957262469299,0.0,0.09873789734902215,0.09905922851416467,0.0003213311651425188,,,,"{""bulge"": -0.0017373835597716053, ""chord_length"": 0.37518970237452165, ""conservative_fallback"": false, ""curvature_midpoint"": 0.09873789734902215, ""fallback_reasons"": []}",-0.0017373835597716053,0.37518970237452165,False,[]
QUASI,QUASI (frozen Cartesian port),ellipses,4,128,34,59,reconstructed,0.572415495515696,0.572415495515696,0.0,0.07076821492572169,0.034938758373638766,0.035829456552082924,,,,"{""bulge"": -0.0020479328689780615, ""chord_length"": 0.4811535907617366, ""conservative_fallback"": false, ""curvature_midpoint"": 0.07076821492572169, ""fallback_reasons"": []}",-0.0020479328689780615,0.4811535907617366,False,[]
QUASI,QUASI (frozen Cartesian port),ellipses,4,128,34,60,reconstructed,0.3564489558201615,0.3564489558201615,0.0,0.028901429366072928,0.03357478762861068,0.004673358262537751,,,,"{""bulge"": 0.0025364739964435883, ""chord_length"": 0.8379161086573427, ""conservative_fallback"": false, ""curvature_midpoint"": -0.028901429366072928, ""fallback_reasons"": []}",0.0025364739964435883,0.8379161086573427,False,[]
QUASI,QUASI (frozen Cartesian port),ellipses,4,128,34,61,reconstructed,0.10270846731278072,0.10270846731278072,0.0,0.3030970985120581,0.03211726723079522,0.2709798312812629,,,,"{""bulge"": -0.017948980119168782, ""chord_length"": 0.6882940135273214, ""conservative_fallback"": false, ""curvature_midpoint"": 0.3030970985120581, ""fallback_reasons"": []}",-0.017948980119168782,0.6882940135273214,False,[]
QUASI,QUASI (frozen Cartesian port),ellipses,4,128,35,39,reconstructed,0.023214988887618193,0.023214988887618193,0.0,0.10214034202885801,0.1017166894033405,0.0004236526255175094,,,,"{""bulge"": -0.0011754513610199814, ""chord_length"": 0.3034231209994879, ""conservative_fallback"": false, ""curvature_midpoint"": 0.10214034202885801, ""fallback_reasons"": []}",-0.0011754513610199814,0.3034231209994879,False,[]
QUASI,QUASI (frozen Cartesian port),ellipses,4,128,35,40,reconstructed,0.4195565087879101,0.4195565087879101,0.0,0.10207435206200462,0.10208312493175552,8.772869750900414e-06,,,,"{""bulge"": -0.010214762099599947, ""chord_length"": 0.8947481431769037, ""conservative_fallback"": false, ""curvature_midpoint"": 0.10207435206200462, ""fallback_reasons"": []}",-0.010214762099599947,0.8947481431769037,False,[]
QUASI,QUASI (frozen Cartesian port),ellipses,4,128,35,61,reconstructed,0.6082586441965641,0.6082586441965641,0.0,3.0882890542183348,0.031215761262923802,3.057073292955411,,,,"{""bulge"": -0.11198604817078206, ""chord_length"": 0.5386020251711583, ""conservative_fallback"": false, ""curvature_midpoint"": 3.0882890542183348, ""fallback_reasons"": []}",-0.11198604817078206,0.5386020251711583,False,[]
QUASI,QUASI (frozen Cartesian port),ellipses,4,128,35,62,reconstructed,0.4353429513299849,0.4353429513299849,0.0,3.409238664055999,0.03062847553625219,3.3786101885197466,,,,"{""bulge"": -0.276639315863299, ""chord_length"": 0.8056997741263744, ""conservative_fallback"": false, ""curvature_midpoint"": 3.409238664055999, ""fallback_reasons"": []}",-0.276639315863299,0.8056997741263744,False,[]
QUASI,QUASI (frozen Cartesian port),ellipses,4,128,35,63,reconstructed,0.1404432419591218,0.1404432419591218,0.0,0.14528889159047595,0.029321687767209864,0.11596720382326609,,,,"{""bulge"": 0.011103675893752992, ""chord_length"": 0.781919738677592, ""conservative_fallback"": false, ""curvature_midpoint"": -0.14528889159047595, ""fallback_reasons"": []}",0.011103675893752992,0.781919738677592,False,[]
QUASI,QUASI (frozen Cartesian port),ellipses,4,128,36,38,reconstructed,0.015342540421920046,0.015342540421920046,0.0,0.09803638711562818,0.09916238836215671,0.0011260012465285352,,,,"{""bulge"": -0.0007557275496956056, ""chord_length"": 0.2483327350505118, ""conservative_fallback"": false, ""curvature_midpoint"": 0.09803638711562818, ""fallback_reasons"": []}",-0.0007557275496956056,0.2483327350505118,False,[]
QUASI,QUASI (frozen Cartesian port),ellipses,4,128,36,39,reconstructed,0.4489621483145774,0.4489621483145774,0.0,0.10076293668984997,0.10069711145051695,6.58252393330172e-05,,,,"{""bulge"": -0.00837286790516102, ""chord_length"": 0.8153267759782558, ""conservative_fallback"": false, ""curvature_midpoint"": 0.10076293668984997, ""fallback_reasons"": []}",-0.00837286790516102,0.8153267759782558,False,[]
QUASI,QUASI (frozen Cartesian port),ellipses,4,128,36,63,reconstructed,0.6100414851706542,0.6100414851706542,0.0,3.172678644425089,0.028534343105530754,3.1441443013195585,,,,"{""bulge"": -0.10887010506713173, ""chord_length"": 0.5239456896020651, ""conservative_fallback"": false, ""curvature_midpoint"": 3.172678644425089, ""fallback_reasons"": []}",-0.10887010506713173,0.5239456896020651,False,[]
QUASI,QUASI (frozen Cartesian port),ellipses,4,128,36,64,reconstructed,0.43582526868871196,0.43582526868871196,0.0,3.8692362621937284,0.028053930665612462,3.841182331528116,,,,"{""bulge"": -0.30496862952233794, ""chord_length"": 0.7940721287132938, ""conservative_fallback"": false, ""curvature_midpoint"": 3.8692362621937284, ""fallback_reasons"": []}",-0.30496862952233794,0.7940721287132938,False,[]
QUASI,QUASI (frozen Cartesian port),ellipses,4,128,36,65,reconstructed,0.10908382310341322,0.10908382310341322,0.0,0.5646559651701217,0.0270192441417069,0.5376367210284149,,,,"{""bulge"": 0.03856189837693116, ""chord_length"": 0.7391494126590412, ""conservative_fallback"": false, ""curvature_midpoint"": -0.5646559651701217, ""fallback_reasons"": []}",0.03856189837693116,0.7391494126590412,False,[]
QUASI,QUASI (frozen Cartesian port),ellipses,4,128,37,38,reconstructed,0.3627443429812785,0.3627443429812785,0.0,0.098425120895907,0.09678832202480515,0.0016367988711018522,,,,"{""bulge"": -0.011752018403011258, ""chord_length"": 0.9773457898440995, ""conservative_fallback"": false, ""curvature_midpoint"": 0.098425120895907, ""fallback_reasons"": []}",-0.011752018403011258,0.9773457898440995,False,[]
QUASI,QUASI (frozen Cartesian port),ellipses,4,128,37,65,reconstructed,0.6030530047494471,0.6030530047494471,0.0,0.6834739276361158,0.0264675623855357,0.6570063652505801,,,,"{""bulge"": -0.003273438255095229, ""chord_length"": 0.19574293419037025, ""conservative_fallback"": false, ""curvature_midpoint"": 0.6834739276361158, ""fallback_reasons"": []}",-0.003273438255095229,0.19574293419037025,False,[]
QUASI,QUASI (frozen Cartesian port),ellipses,4,128,37,66,reconstructed,0.35871975648199966,0.35871975648199966,0.0,0.009905369748585292,0.025864871902176064,0.015959502153590772,,,,"{""bulge"": -0.0010278105830334792, ""chord_length"": 0.9111003013773166, ""conservative_fallback"": false, ""curvature_midpoint"": 0.009905369748585292, ""fallback_reasons"": []}",-0.0010278105830334792,0.9111003013773166,False,[]
QUASI,QUASI (frozen Cartesian port),ellipses,4,128,37,67,reconstructed,0.040990018392227594,0.040990018392227594,0.0,0.029209474053846527,0.025185802752186192,0.004023671301660335,,,,"{""bulge"": -0.0006677912121431204, ""chord_length"": 0.42766476916225954, ""conservative_fallback"": false, ""curvature_midpoint"": 0.029209474053846527, ""fallback_reasons"": []}",-0.0006677912121431204,0.42766476916225954,False,[]
QUASI,QUASI (frozen Cartesian port),ellipses,4,128,38,37,reconstructed,0.170419034538984,0.170419034538984,0.0,0.08849334404278113,0.0919346422617297,0.003441298218948577,,,,"{""bulge"": -0.008212502364024902, ""chord_length"": 0.8616431581931812, ""conservative_fallback"": false, ""curvature_midpoint"": 0.08849334404278113, ""fallback_reasons"": []}",-0.008212502364024902,0.8616431581931812,False,[]
QUASI,QUASI (frozen Cartesian port),ellipses,4,128,38,38,reconstructed,0.6095586950694273,0.6095586950694273,0.0,0.4438989685263702,0.09435710288941779,0.3495418656369524,,,,"{""bulge"": 0.00018578327647473923, ""chord_length"": 0.05786370453306542, ""conservative_fallback"": false, ""curvature_midpoint"": -0.4438989685263702, ""fallback_reasons"": []}",0.00018578327647473923,0.05786370453306542,False,[]
QUASI,QUASI (frozen Cartesian port),ellipses,4,128,38,67,reconstructed,0.5552250470565896,0.5552250470565896,0.0,0.047277874298565226,0.024748472455469194,0.02252940184309603,,,,"{""bulge"": -0.0014477296679776682, ""chord_length"": 0.49494821219882223, ""conservative_fallback"": false, ""curvature_midpoint"": 0.047277874298565226, ""fallback_reasons"": []}",-0.0014477296679776682,0.49494821219882223,False,[]
QUASI,QUASI (frozen Cartesian port),ellipses,4,128,38,68,reconstructed,0.20379086704228253,0.20379086704228253,0.0,0.015831662738934472,0.02411941907420899,0.008287756335274517,,,,"{""bulge"": 0.0017117606844813489, ""chord_length"": 0.9300434797324829, ""conservative_fallback"": false, ""curvature_midpoint"": -0.015831662738934472, ""fallback_reasons"": []}",0.0017117606844813489,0.9300434797324829,False,[]
QUASI,QUASI (frozen Cartesian port),ellipses,4,128,38,69,reconstructed,1.2380681330688098e-06,1.2380681330688083e-06,1.4823076576950256e-21,152.2459047587408,0.02373286698174124,152.22217189175907,,,,"{""bulge"": 0.0020529884756677287, ""chord_length"": 0.010386409457094431, ""conservative_fallback"": false, ""curvature_midpoint"": -152.2459047587408, ""fallback_reasons"": []}",0.0020529884756677287,0.010386409457094431,False,[]
QUASI,QUASI (frozen Cartesian port),ellipses,4,128,39,36,reconstructed,0.005480164244333777,0.005480164244333777,0.0,0.08370077498773425,0.08467652563589104,0.0009757506481567896,,,,"{""bulge"": -0.0002940070016776762, ""chord_length"": 0.16763283524199593, ""conservative_fallback"": false, ""curvature_midpoint"": 0.08370077498773425, ""fallback_reasons"": []}",-0.0002940070016776762,0.16763283524199593,False,[]
QUASI,QUASI (frozen Cartesian port),ellipses,4,128,39,37,reconstructed,0.5091955838115925,0.5091955838115925,0.0,0.0885346043941532,0.08737445440107788,0.0011601499930753156,,,,"{""bulge"": -0.005592726816181262, ""chord_length"": 0.7108865068363557, ""conservative_fallback"": false, ""curvature_midpoint"": 0.0885346043941532, ""fallback_reasons"": []}",-0.005592726816181262,0.7108865068363557,False,[]
QUASI,QUASI (frozen Cartesian port),ellipses,4,128,39,69,reconstructed,0.4019514203429404,0.4019514203429404,0.0,0.019591687112477368,0.023361511761930093,0.0037698246494527257,,,,"{""bulge"": -0.002194825606093795, ""chord_length"": 0.9466928225566197, ""conservative_fallback"": false, ""curvature_midpoint"": 0.019591687112477368, ""fallback_reasons"": []}",-0.002194825606093795,0.9466928225566197,False,[]
QUASI,QUASI (frozen Cartesian port),ellipses,4,128,39,70,reconstructed,0.04113629868769883,0.04113629868769883,0.0,0.025561389410439294,0.022867478744620147,0.002693910665819147,,,,"{""bulge"": -0.0005535961366771594, ""chord_length"": 0.416245249988844, ""conservative_fallback"": false, ""curvature_midpoint"": 0.025561389410439294, ""fallback_reasons"": []}",-0.0005535961366771594,0.416245249988844,False,[]
QUASI,QUASI (frozen Cartesian port),ellipses,4,128,40,36,reconstructed,0.1901244379705468,0.1901244379705468,0.0,0.08170967704578164,0.08148492392810022,0.00022475311768141437,,,,"{""bulge"": -0.007360690410198471, ""chord_length"": 0.8489214796855937, ""conservative_fallback"": false, ""curvature_midpoint"": 0.08170967704578164, ""fallback_reasons"": []}",-0.007360690410198471,0.8489214796855937,False,[]
QUASI,QUASI (frozen Cartesian port),ellipses,4,128,40,70,reconstructed,0.5389426196930968,0.5389426196930968,0.0,0.022100192454586637,0.022541970692657443,0.00044177823807080643,,,,"{""bulge"": -0.0008312746377477214, ""chord_length"": 0.5485538037201684, ""conservative_fallback"": false, ""curvature_midpoint"": 0.022100192454586637, ""fallback_reasons"": []}",-0.0008312746377477214,0.5485538037201684,False,[]
QUASI,QUASI (frozen Cartesian port),ellipses,4,128,40,71,reconstructed,0.13931790016832055,0.13931790016832055,0.0,0.02221435024647546,0.022130875977489504,8.347426898595509e-05,,,,"{""bulge"": -0.0015998195955716778, ""chord_length"": 0.7590383029253808, ""conservative_fallback"": false, ""curvature_midpoint"": 0.02221435024647546, ""fallback_reasons"": []}",-0.0015998195955716778,0.7590383029253808,False,[]
QUASI,QUASI (frozen Cartesian port),ellipses,4,128,41,36,reconstructed,0.42582675222405164,0.42582675222405164,0.0,0.07603109887589682,0.07619008714215281,0.00015898826625598828,,,,"{""bulge"": -0.0065076439297235495, ""chord_length"": 0.8274871357741455, ""conservative_fallback"": false, ""curvature_midpoint"": 0.07603109887589682, ""fallback_reasons"": []}",-0.0065076439297235495,0.8274871357741455,False,[]
QUASI,QUASI (frozen Cartesian port),ellipses,4,128,41,71,reconstructed,0.5985045978036345,0.5985045978036345,0.0,0.02180967648667721,0.02184415430722521,3.447782054800258e-05,,,,"{""bulge"": -0.00013377150973874557, ""chord_length"": 0.2215145184902898, ""conservative_fallback"": false, ""curvature_midpoint"": 0.02180967648667721, ""fallback_reasons"": []}",-0.00013377150973874557,0.2215145184902898,False,[]
QUASI,QUASI (frozen Cartesian port),ellipses,4,128,41,72,reconstructed,0.26440103182727176,0.26440103182727176,0.0,0.02153056772034807,0.02151220439701425,1.836332333381846e-05,,,,"{""bulge"": -0.002675551301281136, ""chord_length"": 0.997065970152231, ""conservative_fallback"": false, ""curvature_midpoint"": 0.02153056772034807, ""fallback_reasons"": []}",-0.002675551301281136,0.997065970152231,False,[]
QUASI,QUASI (frozen Cartesian port),ellipses,4,128,41,73,reconstructed,0.00042975290014955287,0.00042975290014955287,0.0,0.021046994969081224,0.021249508253548575,0.00020251328446735037,,,,"{""bulge"": -4.620320454036647e-06, ""chord_length"": 0.041906944216462086, ""conservative_fallback"": false, ""curvature_midpoint"": 0.021046994969081224, ""fallback_reasons"": []}",-4.620320454036647e-06,0.041906944216462086,False,[]
QUASI,QUASI (frozen Cartesian port),ellipses,4,128,42,35,reconstructed,0.025728587782252992,0.025728587782252992,0.0,0.07059315070688647,0.07003065298415354,0.0005624977227329381,,,,"{""bulge"": -0.0017745194645015876, ""chord_length"": 0.44843974232961875, ""conservative_fallback"": false, ""curvature_midpoint"": 0.07059315070688647, ""fallback_reasons"": []}",-0.0017745194645015876,0.44843974232961875,False,[]
QUASI,QUASI (frozen Cartesian port),ellipses,4,128,42,36,reconstructed,0.5924608463700339,0.5924608463700339,0.0,0.07180593666250804,0.0724917212632063,0.0006857846006982637,,,,"{""bulge"": -0.0011859388531872323, ""chord_length"": 0.3634929285048391, ""conservative_fallback"": false, ""curvature_midpoint"": 0.07180593666250804, ""fallback_reasons"": []}",-0.0011859388531872323,0.3634929285048391,False,[]
QUASI,QUASI (frozen Cartesian port),ellipses,4,128,42,73,reconstructed,0.3795650748303625,0.3795650748303625,0.0,0.021001827479799784,0.02101022426042367,8.396780623885769e-06,,,,"{""bulge"": -0.0024833301163074977, ""chord_length"": 0.9725986846546312, ""conservative_fallback"": false, ""curvature_midpoint"": 0.021001827479799784, ""fallback_reasons"": []}",-0.0024833301163074977,0.9725986846546312,False,[]
QUASI,QUASI (frozen Cartesian port),ellipses,4,128,42,74,reconstructed,0.01515397554506516,0.01515397554506516,0.0,0.02069414285035502,0.020743984136158775,4.984128580375405e-05,,,,"{""bulge"": -0.00015857184087504807, ""chord_length"": 0.24759068772353227, ""conservative_fallback"": false, ""curvature_midpoint"": 0.02069414285035502, ""fallback_reasons"": []}",-0.00015857184087504807,0.24759068772353227,False,[]
QUASI,QUASI (frozen Cartesian port),ellipses,4,128,43,35,reconstructed,0.1620187524930669,0.1620187524930669,0.0,0.06648216761096715,0.06636946341117986,0.00011270419978728907,,,,"{""bulge"": -0.005325981493101334, ""chord_length"": 0.8005569543427574, ""conservative_fallback"": false, ""curvature_midpoint"": 0.06648216761096715, ""fallback_reasons"": []}",-0.005325981493101334,0.8005569543427574,False,[]
QUASI,QUASI (frozen Cartesian port),ellipses,4,128,43,74,reconstructed,0.45847285843738905,0.45847285843738905,0.0,0.020540780206957574,0.020536225041028214,4.555165929360366e-06,,,,"{""bulge"": -0.0015837452842445857, ""chord_length"": 0.7853788344928523, ""conservative_fallback"": false, ""curvature_midpoint"": 0.020540780206957574, ""fallback_reasons"": []}",-0.0015837452842445857,0.7853788344928523,False,[]
QUASI,QUASI (frozen Cartesian port),ellipses,4,128,43,75,reconstructed,0.039799621194999746,0.039799621194999746,0.0,0.0202948715404202,0.020316936257979767,2.2064717559566044e-05,,,,"{""bulge"": -0.00040545544482682407, ""chord_length"": 0.3997821585778213, ""conservative_fallback"": false, ""curvature_midpoint"": 0.0202948715404202, ""fallback_reasons"": []}",-0.00040545544482682407,0.3997821585778213,False,[]
QUASI,QUASI (frozen Cartesian port),ellipses,4,128,44,35,reconstructed,0.2820575649395961,0.2820575649395961,0.0,0.0619277111763492,0.06195826612133544,3.0554944986237176e-05,,,,"{""bulge"": -0.0048621403098969935, ""chord_length"": 0.792530934281021, ""conservative_fallback"": false, ""curvature_midpoint"": 0.0619277111763492, ""fallback_reasons"": []}",-0.0048621403098969935,0.792530934281021,False,[]
QUASI,QUASI (frozen Cartesian port),ellipses,4,128,44,75,reconstructed,0.5047557694235572,0.5047557694235572,0.0,0.020145264305168973,0.020138634223737625,6.6300814313483e-06,,,,"{""bulge"": -0.00107306325508058, ""chord_length"": 0.6527865091048178, ""conservative_fallback"": false, ""curvature_midpoint"": 0.020145264305168973, ""fallback_reasons"": []}",-0.00107306325508058,0.6527865091048178,False,[]
QUASI,QUASI (frozen Cartesian port),ellipses,4,128,44,76,reconstructed,0.06292807107144167,0.06292807107144167,0.0,0.019951403654215546,0.01996024382860755,8.840174392003852e-06,,,,"{""bulge"": -0.0006272306798714277, ""chord_length"": 0.5015011258289136, ""conservative_fallback"": false, ""curvature_midpoint"": 0.019951403654215546, ""fallback_reasons"": []}",-0.0006272306798714277,0.5015011258289136,False,[]
QUASI,QUASI (frozen Cartesian port),ellipses,4,128,45,35,reconstructed,0.3711849332774385,0.3711849332774385,0.0,0.05790642350751279,0.057900324645221456,6.098862291331608e-06,,,,"{""bulge"": -0.00448389207313608, ""chord_length"": 0.7870624582351697, ""conservative_fallback"": false, ""curvature_midpoint"": 0.05790642350751279, ""fallback_reasons"": []}",-0.00448389207313608,0.7870624582351697,False,[]
QUASI,QUASI (frozen Cartesian port),ellipses,4,128,45,76,reconstructed,0.528977514831452,0.528977514831452,0.0,0.019813771985659093,0.019809906664186132,3.865321472961564e-06,,,,"{""bulge"": -0.0008102145092895185, ""chord_length"": 0.5719544208653038, ""conservative_fallback"": false, ""curvature_midpoint"": 0.019813771985659093, ""fallback_reasons"": []}",-0.0008102145092895185,0.5719544208653038,False,[]
QUASI,QUASI (frozen Cartesian port),ellipses,4,128,45,77,reconstructed,0.07720624241758471,0.07720624241758471,0.0,0.0196650483517559,0.01966772885007414,2.6804983182388e-06,,,,"{""bulge"": -0.000756660493957527, ""chord_length"": 0.5548147698426128, ""conservative_fallback"": false, ""curvature_midpoint"": 0.0196650483517559, ""fallback_reasons"": []}",-0.000756660493957527,0.5548147698426128,False,[]
QUASI,QUASI (frozen Cartesian port),ellipses,4,128,46,35,reconstructed,0.43202865594138967,0.43202865594138967,0.0,0.05418240391554642,0.05418759115444377,5.187238897350066e-06,,,,"{""bulge"": -0.0041587804563476445, ""chord_length"": 0.783607990619422, ""conservative_fallback"": false, ""curvature_midpoint"": 0.05418240391554642, ""fallback_reasons"": []}",-0.0041587804563476445,0.783607990619422,False,[]
QUASI,QUASI (frozen Cartesian port),ellipses,4,128,46,77,reconstructed,0.537441333684804,0.537441333684804,0.0,0.019544752305176483,0.01954437365765092,3.786475255632138e-07,,,,"{""bulge"": -0.0007150380858197185, ""chord_length"": 0.5409965497871896, ""conservative_fallback"": false, ""curvature_midpoint"": 0.019544752305176483, ""fallback_reasons"": []}",-0.0007150380858197185,0.5409965497871896,False,[]
QUASI,QUASI (frozen Cartesian port),ellipses,4,128,46,78,reconstructed,0.07895869464425631,0.07895869464425631,0.0,0.019434924709082802,0.019434768932258935,1.5577682386733183e-07,,,,"{""bulge"": -0.0007645941537765282, ""chord_length"": 0.5610079927414062, ""conservative_fallback"": false, ""curvature_midpoint"": 0.019434924709082802, ""fallback_reasons"": []}",-0.0007645941537765282,0.5610079927414062,False,[]
QUASI,QUASI (frozen Cartesian port),ellipses,4,128,47,35,reconstructed,0.46675619746941394,0.46675619746941394,0.0,0.05079991405691736,0.05080251477499252,2.6007180751602688e-06,,,,"{""bulge"": -0.003880898705990693, ""chord_length"": 0.7817711842453436, ""conservative_fallback"": false, ""curvature_midpoint"": 0.05079991405691736, ""fallback_reasons"": []}",-0.003880898705990693,0.7817711842453436,False,[]
QUASI,QUASI (frozen Cartesian port),ellipses,4,128,47,78,reconstructed,0.5326101999243253,0.5326101999243253,0.0,0.019336441270117584,0.019337885220173455,1.4439500558710572e-06,,,,"{""bulge"": -0.0007548693019480987, ""chord_length"": 0.5588465851436796, ""conservative_fallback"": false, ""curvature_midpoint"": 0.019336441270117584, ""fallback_reasons"": []}",-0.0007548693019480987,0.5588465851436796,False,[]
QUASI,QUASI (frozen Cartesian port),ellipses,4,128,47,79,reconstructed,0.06788991834895297,0.06788991834895297,0.0,0.019259375944956778,0.019258039147997254,1.3367969595237672e-06,,,,"{""bulge"": -0.0006526856443347798, ""chord_length"": 0.5206860212703802, ""conservative_fallback"": false, ""curvature_midpoint"": 0.019259375944956778, ""fallback_reasons"": []}",-0.0006526856443347798,0.5206860212703802,False,[]
QUASI,QUASI (frozen Cartesian port),ellipses,4,128,48,35,reconstructed,0.4771759692270904,0.4771759692270904,0.0,0.047719116055660864,0.047722668001917684,3.551946256820371e-06,,,,"{""bulge"": -0.003640693836862517, ""chord_length"": 0.7812515242407785, ""conservative_fallback"": false, ""curvature_midpoint"": 0.047719116055660864, ""fallback_reasons"": []}",-0.003640693836862517,0.7812515242407785,False,[]
QUASI,QUASI (frozen Cartesian port),ellipses,4,128,48,79,reconstructed,0.5133488443098334,0.5133488443098334,0.0,0.01918667432350613,0.019187577428461194,9.031049550654868e-07,,,,"{""bulge"": -0.0009373492991727341, ""chord_length"": 0.6251667491595039, ""conservative_fallback"": false, ""curvature_midpoint"": 0.01918667432350613, ""fallback_reasons"": []}",-0.0009373492991727341,0.6251667491595039,False,[]
QUASI,QUASI (frozen Cartesian port),ellipses,4,128,48,80,reconstructed,0.04694359413725614,0.04694359413725614,0.0,0.019136172088851124,0.019135346580751632,8.255080994924724e-07,,,,"{""bulge"": -0.00045019125009194126, ""chord_length"": 0.43382640748790363, ""conservative_fallback"": false, ""curvature_midpoint"": 0.019136172088851124, ""fallback_reasons"": []}",-0.00045019125009194126,0.43382640748790363,False,[]
QUASI,QUASI (frozen Cartesian port),ellipses,4,128,49,35,reconstructed,0.4648110834044245,0.4648110834044245,0.0,0.044920368594443955,0.04492367604897141,3.3074545274583422e-06,,,,"{""bulge"": -0.003432150626946429, ""chord_length"": 0.7818195167655683, ""conservative_fallback"": false, ""curvature_midpoint"": 0.044920368594443955, ""fallback_reasons"": []}",-0.003432150626946429,0.7818195167655683,False,[]
QUASI,QUASI (frozen Cartesian port),ellipses,4,128,49,80,reconstructed,0.4750179608394389,0.4750179608394389,0.0,0.01909275295970955,0.01909173166797845,1.0212917310979674e-06,,,,"{""bulge"": -0.0013079979575150373, ""chord_length"": 0.740311080666761, ""conservative_fallback"": false, ""curvature_midpoint"": 0.01909275295970955, ""fallback_reasons"": []}",-0.0013079979575150373,0.740311080666761,False,[]
QUASI,QUASI (frozen Cartesian port),ellipses,4,128,49,81,reconstructed,0.02228214020112497,0.02228214020112497,0.0,0.01906214048543367,0.019065536975744972,3.396490311301237e-06,,,,"{""bulge"": -0.00021414741050479786, ""chord_length"": 0.2997889176383669, ""conservative_fallback"": false, ""curvature_midpoint"": 0.01906214048543367, ""fallback_reasons"": []}",-0.00021414741050479786,0.2997889176383669,False,[]
QUASI,QUASI (frozen Cartesian port),ellipses,4,128,50,35,reconstructed,0.43095418621527953,0.43095418621527953,0.0,0.04238337153108656,0.042381019782761285,2.3517483252744054e-06,,,,"{""bulge"": -0.003250568907222867, ""chord_length"": 0.783297844303471, ""conservative_fallback"": false, ""curvature_midpoint"": 0.04238337153108656, ""fallback_reasons"": []}",-0.003250568907222867,0.783297844303471,False,[]
QUASI,QUASI (frozen Cartesian port),ellipses,4,128,50,81,reconstructed,0.40943311541379923,0.40943311541379923,0.0,0.01905194711471441,0.019049708185569426,2.2389291449848026e-06,,,,"{""bulge"": -0.001951953739837754, ""chord_length"": 0.905336584112288, ""conservative_fallback"": false, ""curvature_midpoint"": 0.01905194711471441, ""fallback_reasons"": []}",-0.001951953739837754,0.905336584112288,False,[]
QUASI,QUASI (frozen Cartesian port),ellipses,4,128,50,82,reconstructed,0.003382636853811193,0.003382636853811193,0.0,0.01902421264749064,0.01904846349554517,2.4250848054529345e-05,,,,"{""bulge"": -3.2711902253816695e-05, ""chord_length"": 0.11728556047161147, ""conservative_fallback"": false, ""curvature_midpoint"": 0.01902421264749064, ""fallback_reasons"": []}",-3.2711902253816695e-05,0.11728556047161147,False,[]
QUASI,QUASI (frozen Cartesian port),ellipses,4,128,51,35,reconstructed,0.3767089568318043,0.3767089568318043,0.0,0.04003665845172956,0.04007109825668317,3.443980495360793e-05,,,,"{""bulge"": -0.003088254056070365, ""chord_length"": 0.7855477556734439, ""conservative_fallback"": false, ""curvature_midpoint"": 0.04003665845172956, ""fallback_reasons"": []}",-0.003088254056070365,0.7855477556734439,False,[]
QUASI,QUASI (frozen Cartesian port),ellipses,4,128,51,82,reconstructed,0.3079430713002633,0.3079430713002633,0.0,0.01906211350998242,0.019059992625826378,2.120884156041336e-06,,,,"{""bulge"": -0.0024132479601871562, ""chord_length"": 1.0063763951480005, ""conservative_fallback"": false, ""curvature_midpoint"": 0.01906211350998242, ""fallback_reasons"": []}",-0.0024132479601871562,1.0063763951480005,False,[]
QUASI,QUASI (frozen Cartesian port),ellipses,4,128,52,35,reconstructed,0.30302199966041926,0.30302199966041926,0.0,0.03809374999765689,0.03797178819745444,0.00012196180020244973,,,,"{""bulge"": -0.0029602525405693003, ""chord_length"": 0.7884651658938511, ""conservative_fallback"": false, ""curvature_midpoint"": 0.03809374999765689, ""fallback_reasons"": []}",-0.0029602525405693003,0.7884651658938511,False,[]
QUASI,QUASI (frozen Cartesian port),ellipses,4,128,52,82,reconstructed,0.6070945283506111,0.6070945283506111,0.0,0.019064794748130783,0.01908501601578936,2.022126765857668e-05,,,,"{""bulge"": -3.189732181753559e-05, ""chord_length"": 0.11569272128820747, ""conservative_fallback"": false, ""curvature_midpoint"": 0.019064794748130783, ""fallback_reasons"": []}",-3.189732181753559e-05,0.11569272128820747,False,[]
QUASI,QUASI (frozen Cartesian port),ellipses,4,128,52,83,reconstructed,0.18688569669437605,0.18688569669437605,0.0,0.019120694960486982,0.019118413102303958,2.2818581830244544e-06,,,,"{""bulge"": -0.0018321127190824183, ""chord_length"": 0.875526411679711, ""conservative_fallback"": false, ""curvature_midpoint"": 0.019120694960486982, ""fallback_reasons"": []}",-0.0018321127190824183,0.875526411679711,False,[]
QUASI,QUASI (frozen Cartesian port),ellipses,4,128,53,35,reconstructed,0.21070767767616128,0.21070767767616128,0.0,0.035598879233409125,0.03606280219125867,0.0004639229578495413,,,,"{""bulge"": -0.002790824153393378, ""chord_length"": 0.791941437152874, ""conservative_fallback"": false, ""curvature_midpoint"": 0.035598879233409125, ""fallback_reasons"": []}",-0.002790824153393378,0.791941437152874,False,[]
QUASI,QUASI (frozen Cartesian port),ellipses,4,128,53,83,reconstructed,0.5715337040692998,0.5715337040692998,0.0,0.019184978843681096,0.01917721813242102,7.76071126007416e-06,,,,"{""bulge"": -0.0003875569723181778, ""chord_length"": 0.40200560508532324, ""conservative_fallback"": false, ""curvature_midpoint"": 0.019184978843681096, ""fallback_reasons"": []}",-0.0003875569723181778,0.40200560508532324,False,[]
QUASI,QUASI (frozen Cartesian port),ellipses,4,128,53,84,reconstructed,0.07950474740758115,0.07950474740758115,0.0,0.019225326120591597,0.019234303292348733,8.977171757136582e-06,,,,"{""bulge"": -0.0007945730567237561, ""chord_length"": 0.575009543725407, ""conservative_fallback"": false, ""curvature_midpoint"": 0.019225326120591597, ""fallback_reasons"": []}",-0.0007945730567237561,0.575009543725407,False,[]
QUASI,QUASI (frozen Cartesian port),ellipses,4,128,54,35,reconstructed,0.1004676652180284,0.1004676652180284,0.0,0.036027216971026524,0.034325456149876594,0.0017017608211499294,,,,"{""bulge"": -0.0028535671973686848, ""chord_length"": 0.7960194656189021, ""conservative_fallback"": false, ""curvature_midpoint"": 0.036027216971026524, ""fallback_reasons"": []}",-0.0028535671973686848,0.7960194656189021,False,[]
QUASI,QUASI (frozen Cartesian port),ellipses,4,128,54,84,reconstructed,0.4789231786018745,0.4789231786018745,0.0,0.019332871146612418,0.019328409671616063,4.461474996355491e-06,,,,"{""bulge"": -0.0013433183383137468, ""chord_length"": 0.7455663302848121, ""conservative_fallback"": false, ""curvature_midpoint"": 0.019332871146612418, ""fallback_reasons"": []}",-0.0013433183383137468,0.7455663302848121,False,[]
QUASI,QUASI (frozen Cartesian port),ellipses,4,128,54,85,reconstructed,0.011247808833032587,0.011247808833032587,0.0,0.019370802027820263,0.019409587655122434,3.878562730217153e-05,,,,"{""bulge"": -0.00011515683123081925, ""chord_length"": 0.21808010376995166, ""conservative_fallback"": false, ""curvature_midpoint"": 0.019370802027820263, ""fallback_reasons"": []}",-0.00011515683123081925,0.21808010376995166,False,[]
QUASI,QUASI (frozen Cartesian port),ellipses,4,128,55,35,reconstructed,0.006040558148287671,0.006040558148287671,0.0,0.00572456813903528,0.033275848689740574,0.027551280550705295,,,,"{""bulge"": 4.311373291044974e-05, ""chord_length"": 0.24546040271782735, ""conservative_fallback"": false, ""curvature_midpoint"": -0.00572456813903528, ""fallback_reasons"": []}",4.311373291044974e-05,0.24546040271782735,False,[]
QUASI,QUASI (frozen Cartesian port),ellipses,4,128,55,36,reconstructed,0.5772174892153605,0.5772174892153605,0.0,0.0907228848757593,0.03251206500884396,0.05821081986691534,,,,"{""bulge"": -0.003502949515757463, ""chord_length"": 0.5557807580289987, ""conservative_fallback"": false, ""curvature_midpoint"": 0.0907228848757593, ""fallback_reasons"": []}",-0.003502949515757463,0.5557807580289987,False,[]
QUASI,QUASI (frozen Cartesian port),ellipses,4,128,55,85,reconstructed,0.3119823554966515,0.3119823554966515,0.0,0.019524435926265866,0.019522543183569854,1.8927426960121951e-06,,,,"{""bulge"": -0.002207365178901576, ""chord_length"": 0.9510269833841767, ""conservative_fallback"": false, ""curvature_midpoint"": 0.019524435926265866, ""fallback_reasons"": []}",-0.002207365178901576,0.9510269833841767,False,[]
QUASI,QUASI (frozen Cartesian port),ellipses,4,128,56,36,reconstructed,0.4388955048648915,0.4388955048648915,0.0,0.09195366264211981,0.03130736119155896,0.060646301450560845,,,,"{""bulge"": 0.0073646678662802, ""chord_length"": 0.8004552549846223, ""conservative_fallback"": false, ""curvature_midpoint"": -0.09195366264211981, ""fallback_reasons"": []}",0.0073646678662802,0.8004552549846223,False,[]
QUASI,QUASI (frozen Cartesian port),ellipses,4,128,56,85,reconstructed,0.6010177399340257,0.6010177399340257,0.0,0.019683315993732253,0.019649682380573845,3.3633613158407655e-05,,,,"{""bulge"": -9.904606647093793e-05, ""chord_length"": 0.20063859477474047, ""conservative_fallback"": false, ""curvature_midpoint"": 0.019683315993732253, ""fallback_reasons"": []}",-9.904606647093793e-05,0.20063859477474047,False,[]
QUASI,QUASI (frozen Cartesian port),ellipses,4,128,56,86,reconstructed,0.12632618398000942,0.12632618398000942,0.0,0.019755217566508644,0.019765310750156813,1.0093183648168802e-05,,,,"{""bulge"": -0.0013466464113825439, ""chord_length"": 0.7384666282345094, ""conservative_fallback"": false, ""curvature_midpoint"": 0.019755217566508644, ""fallback_reasons"": []}",-0.0013466464113825439,0.7384666282345094,False,[]
QUASI,QUASI (frozen Cartesian port),ellipses,4,128,57,36,reconstructed,0.27817669205387513,0.27817669205387513,0.0,0.4563998466913188,0.029958969741065593,0.4264408769502532,,,,"{""bulge"": -0.04011436003412836, ""chord_length"": 0.8385369077400603, ""conservative_fallback"": false, ""curvature_midpoint"": 0.4563998466913188, ""fallback_reasons"": []}",-0.04011436003412836,0.8385369077400603,False,[]
QUASI,QUASI (frozen Cartesian port),ellipses,4,128,57,86,reconstructed,0.5030427815035609,0.5030427815035609,0.0,0.019989037149501336,0.019962181282832607,2.6855866668729078e-05,,,,"{""bulge"": -0.0011840520459593792, ""chord_length"": 0.6883898404808617, ""conservative_fallback"": false, ""curvature_midpoint"": 0.019989037149501336, ""fallback_reasons"": []}",-0.0011840520459593792,0.6883898404808617,False,[]
QUASI,QUASI (frozen Cartesian port),ellipses,4,128,57,87,reconstructed,0.012954878015608226,0.012954878015608226,0.0,0.019781148951809494,0.020104334098835983,0.00032318514702648835,,,,"{""bulge"": -0.00014171612804081312, ""chord_length"": 0.23940260729532628, ""conservative_fallback"": false, ""curvature_midpoint"": 0.019781148951809494, ""fallback_reasons"": []}",-0.00014171612804081312,0.23940260729532628,False,[]
QUASI,QUASI (frozen Cartesian port),ellipses,4,128,58,36,reconstructed,0.10148005458065469,0.10148005458065468,1.3877787807814457e-17,2.841581947883051,0.02869949460223386,2.812882453280817,,,,"{""bulge"": 0.23741795650904385, ""chord_length"": 0.8175638540016911, ""conservative_fallback"": false, ""curvature_midpoint"": -2.841581947883051, ""fallback_reasons"": []}",0.23741795650904385,0.8175638540016911,False,[]
QUASI,QUASI (frozen Cartesian port),ellipses,4,128,58,87,reconstructed,0.28867357046209285,0.28867357046209285,0.0,0.020501118432259546,0.020297679995497097,0.00020343843676244935,,,,"{""bulge"": -0.002154902149978186, ""chord_length"": 0.9170013889287087, ""conservative_fallback"": false, ""curvature_midpoint"": 0.020501118432259546, ""fallback_reasons"": []}",-0.002154902149978186,0.9170013889287087,False,[]
QUASI,QUASI (frozen Cartesian port),ellipses,4,128,59,36,reconstructed,0.00016154434265381213,0.00016154434265381462,2.4936649967166602e-18,4.184919627452691,0.028212102709287777,4.156707524743403,,,,"{""bulge"": 0.10133837041301198, ""chord_length"": 0.440137518739262, ""conservative_fallback"": false, ""curvature_midpoint"": -4.184919627452691, ""fallback_reasons"": []}",0.10133837041301198,0.440137518739262,False,[]
QUASI,QUASI (frozen Cartesian port),ellipses,4,128,59,37,reconstructed,0.5193139146433805,0.5193139146433805,0.0,0.31639269710598095,0.027608230293104667,0.2887844668128763,,,,"{""bulge"": 0.01872002333665761, ""chord_length"": 0.6879944915578556, ""conservative_fallback"": false, ""curvature_midpoint"": -0.31639269710598095, ""fallback_reasons"": []}",0.01872002333665761,0.6879944915578556,False,[]
QUASI,QUASI (frozen Cartesian port),ellipses,4,128,59,87,reconstructed,0.5852643211628094,0.5852643211628094,0.0,0.017717467914890813,0.020528555934592033,0.0028110880197012196,,,,"{""bulge"": -0.00025291674646563063, ""chord_length"": 0.33793483280921316, ""conservative_fallback"": false, ""curvature_midpoint"": 0.017717467914890813, ""fallback_reasons"": []}",-0.00025291674646563063,0.33793483280921316,False,[]
QUASI,QUASI (frozen Cartesian port),ellipses,4,128,59,88,reconstructed,0.07077720212078137,0.07077720212078137,0.0,0.026683745821810195,0.020709495555996143,0.005974250265814052,,,,"{""bulge"": -0.0010785238347771318, ""chord_length"": 0.568638773710822, ""conservative_fallback"": false, ""curvature_midpoint"": 0.026683745821810195, ""fallback_reasons"": []}",-0.0010785238347771318,0.568638773710822,False,[]
QUASI,QUASI (frozen Cartesian port),ellipses,4,128,60,37,reconstructed,0.311723164460672,0.311723164460672,0.0,0.10739021213366345,0.026687798711368393,0.08070241342229506,,,,"{""bulge"": -0.009100312253026448, ""chord_length"": 0.8233619450606081, ""conservative_fallback"": false, ""curvature_midpoint"": 0.10739021213366345, ""fallback_reasons"": []}",-0.009100312253026448,0.8233619450606081,False,[]
QUASI,QUASI (frozen Cartesian port),ellipses,4,128,60,88,reconstructed,0.3976617771743816,0.3976617771743816,0.0,0.009333523972006142,0.021028716684110417,0.011695192712104275,,,,"{""bulge"": -0.0009415750330064465, ""chord_length"": 0.8983584082046012, ""conservative_fallback"": false, ""curvature_midpoint"": 0.009333523972006142, ""fallback_reasons"": []}",-0.0009415750330064465,0.8983584082046012,False,[]
QUASI,QUASI (frozen Cartesian port),ellipses,4,128,61,37,reconstructed,0.09040328334274342,0.09040328334274342,0.0,0.003795102920264156,0.025830088554305956,0.0220349856340418,,,,"{""bulge"": 0.0002581817276589994, ""chord_length"": 0.7377274880173471, ""conservative_fallback"": false, ""curvature_midpoint"": -0.003795102920264156, ""fallback_reasons"": []}",0.0002581817276589994,0.7377274880173471,False,[]
QUASI,QUASI (frozen Cartesian port),ellipses,4,128,61,38,reconstructed,0.6087356278223649,0.6087356278223649,0.0,0.09756457015633573,0.02540115453939311,0.07216341561694262,,,,"{""bulge"": -0.00011814366426742054, ""chord_length"": 0.09842471003514809, ""conservative_fallback"": false, ""curvature_midpoint"": 0.09756457015633573, ""fallback_reasons"": []}",-0.00011814366426742054,0.09842471003514809,False,[]
QUASI,QUASI (frozen Cartesian port),ellipses,4,128,61,88,reconstructed,0.6077551013305189,0.6077551013305189,0.0,1.1492397605832199,0.02126995641057592,1.127969804172644,,,,"{""bulge"": -0.0020446173705564756, ""chord_length"": 0.1193014425585021, ""conservative_fallback"": false, ""curvature_midpoint"": 1.1492397605832199, ""fallback_reasons"": []}",-0.0020446173705564756,0.1193014425585021,False,[]
QUASI,QUASI (frozen Cartesian port),ellipses,4,128,61,89,reconstructed,0.12669497096447946,0.12669497096447946,0.0,0.522534511130846,0.021508200763034002,0.5010263103678121,,,,"{""bulge"": 0.04251138384088848, ""chord_length"": 0.8067521383963082, ""conservative_fallback"": false, ""curvature_midpoint"": -0.522534511130846, ""fallback_reasons"": []}",0.04251138384088848,0.8067521383963082,False,[]
QUASI,QUASI (frozen Cartesian port),ellipses,4,128,62,38,reconstructed,0.46118465983808327,0.46118465983808327,0.0,0.024360824818738386,0.024943950593317374,0.0005831257745789881,,,,"{""bulge"": -0.0021593257622818623, ""chord_length"": 0.8420891705061289, ""conservative_fallback"": false, ""curvature_midpoint"": 0.024360824818738386, ""fallback_reasons"": []}",-0.0021593257622818623,0.8420891705061289,False,[]
QUASI,QUASI (frozen Cartesian port),ellipses,4,128,62,89,reconstructed,0.44586836938407864,0.4458683693840786,5.551115123125783e-17,3.759729768101248,0.021988031785811178,3.737741736315437,,,,"{""bulge"": -0.29754375234376673, ""chord_length"": 0.7956866944699509, ""conservative_fallback"": false, ""curvature_midpoint"": 3.759729768101248, ""fallback_reasons"": []}",-0.29754375234376673,0.7956866944699509,False,[]
QUASI,QUASI (frozen Cartesian port),ellipses,4,128,63,38,reconstructed,0.20833197683145094,0.20833197683145094,0.0,0.024342069937170887,0.024183518204249275,0.00015855173292161212,,,,"{""bulge"": -0.002194795494402288, ""chord_length"": 0.8493041976188711, ""conservative_fallback"": false, ""curvature_midpoint"": 0.024342069937170887, ""fallback_reasons"": []}",-0.002194795494402288,0.8493041976188711,False,[]
QUASI,QUASI (frozen Cartesian port),ellipses,4,128,63,89,reconstructed,0.6102317768456136,0.6102317768456136,0.0,3.2560872464003605,0.022180994316912502,3.233906252083448,,,,"{""bulge"": -0.10584009339924617, ""chord_length"": 0.5099435277998847, ""conservative_fallback"": false, ""curvature_midpoint"": 3.2560872464003605, ""fallback_reasons"": []}",-0.10584009339924617,0.5099435277998847,False,[]
QUASI,QUASI (frozen Cartesian port),ellipses,4,128,63,90,reconstructed,0.1425080204479954,0.1425080204479954,0.0,0.13182059345636477,0.022542075223805913,0.10927851823255885,,,,"{""bulge"": 0.010201386052144275, ""chord_length"": 0.7868337023173463, ""conservative_fallback"": false, ""curvature_midpoint"": -0.13182059345636477, ""fallback_reasons"": []}",0.010201386052144275,0.7868337023173463,False,[]
QUASI,QUASI (frozen Cartesian port),ellipses,4,128,64,38,reconstructed,0.01100571792467595,0.01100571792467595,0.0,0.023402801910194847,0.023731561865850976,0.00032875995565612853,,,,"{""bulge"": -0.0001736793042107456, ""chord_length"": 0.24366048284537734, ""conservative_fallback"": false, ""curvature_midpoint"": 0.023402801910194847, ""fallback_reasons"": []}",-0.0001736793042107456,0.24366048284537734,False,[]
QUASI,QUASI (frozen Cartesian port),ellipses,4,128,64,39,reconstructed,0.5400033708579582,0.5400033708579582,0.0,0.023585162020418722,0.02339744506161529,0.00018771695880343345,,,,"{""bulge"": -0.0011088310601684562, ""chord_length"": 0.6132792246634935, ""conservative_fallback"": false, ""curvature_midpoint"": 0.023585162020418722, ""fallback_reasons"": []}",-0.0011088310601684562,0.6132792246634935,False,[]
QUASI,QUASI (frozen Cartesian port),ellipses,4,128,64,90,reconstructed,0.43443789516093895,0.43443789516093895,0.0,3.3833620935510424,0.023130913598135718,3.3602311799529065,,,,"{""bulge"": -0.2751243244743634, ""chord_length"": 0.8065573412421052, ""conservative_fallback"": false, ""curvature_midpoint"": 3.3833620935510424, ""fallback_reasons"": []}",-0.2751243244743634,0.8065573412421052,False,[]
QUASI,QUASI (frozen Cartesian port),ellipses,4,128,65,39,reconstructed,0.26854729187865656,0.26854729187865656,0.0,0.022488994060349828,0.022860478753298902,0.0003714846929490749,,,,"{""bulge"": -0.002102579534214082, ""chord_length"": 0.8648408501742999, ""conservative_fallback"": false, ""curvature_midpoint"": 0.022488994060349828, ""fallback_reasons"": []}",-0.002102579534214082,0.8648408501742999,False,[]
QUASI,QUASI (frozen Cartesian port),ellipses,4,128,65,90,reconstructed,0.6081603876253047,0.6081603876253047,0.0,3.068500652447002,0.023374966742720334,3.0451256857042814,,,,"{""bulge"": -0.1121521713908627, ""chord_length"": 0.5407365511166594, ""conservative_fallback"": false, ""curvature_midpoint"": 3.068500652447002, ""fallback_reasons"": []}",-0.1121521713908627,0.5407365511166594,False,[]
QUASI,QUASI (frozen Cartesian port),ellipses,4,128,65,91,reconstructed,0.10353982154778517,0.10353982154778517,0.0,0.29037333143929495,0.02379345966758828,0.26657987177170667,,,,"{""bulge"": -0.01725873091323479, ""chord_length"": 0.6895584085225503, ""conservative_fallback"": false, ""curvature_midpoint"": 0.29037333143929495, ""fallback_reasons"": []}",-0.01725873091323479,0.6895584085225503,False,[]
QUASI,QUASI (frozen Cartesian port),ellipses,4,128,66,39,reconstructed,0.025025538257254093,0.025025538257254093,0.0,0.027398289115298596,0.02245274804311666,0.004945541072181935,,,,"{""bulge"": -0.00043059889310509983, ""chord_length"": 0.3545844825691488, ""conservative_fallback"": false, ""curvature_midpoint"": 0.027398289115298596, ""fallback_reasons"": []}",-0.00043059889310509983,0.3545844825691488,False,[]
QUASI,QUASI (frozen Cartesian port),ellipses,4,128,66,40,reconstructed,0.5566168394316784,0.5566168394316784,0.0,0.009918808081046336,0.022179395972349372,0.012260587891303036,,,,"{""bulge"": -0.00033302514155290913, ""chord_length"": 0.5182672435946789, ""conservative_fallback"": false, ""curvature_midpoint"": 0.009918808081046336, ""fallback_reasons"": []}",-0.00033302514155290913,0.5182672435946789,False,[]
QUASI,QUASI (frozen Cartesian port),ellipses,4,128,66,91,reconstructed,0.36381628089951895,0.36381628089951895,0.0,0.03753452057845274,0.02444511374328462,0.01308940683516812,,,,"{""bulge"": 0.003329167675471667, ""chord_length"": 0.8423593320827117, ""conservative_fallback"": false, ""curvature_midpoint"": -0.03753452057845274, ""fallback_reasons"": []}",0.003329167675471667,0.8423593320827117,False,[]
QUASI,QUASI (frozen Cartesian port),ellipses,4,128,67,40,reconstructed,0.26954202933876464,0.26954202933876464,0.0,0.04380001456361555,0.021770417006947325,0.022029597556668223,,,,"{""bulge"": -0.004279542221377426, ""chord_length"": 0.8841104497643002, ""conservative_fallback"": false, ""curvature_midpoint"": 0.04380001456361555, ""fallback_reasons"": []}",-0.004279542221377426,0.8841104497643002,False,[]
QUASI,QUASI (frozen Cartesian port),ellipses,4,128,67,91,reconstructed,0.5808675617914839,0.5808675617914839,0.0,0.06634634501291177,0.0250220393201363,0.04132430569277547,,,,"{""bulge"": -0.0014228026766114437, ""chord_length"": 0.4141987928667743, ""conservative_fallback"": false, ""curvature_midpoint"": 0.06634634501291177, ""fallback_reasons"": []}",-0.0014228026766114437,0.4141987928667743,False,[]
QUASI,QUASI (frozen Cartesian port),ellipses,4,128,67,92,reconstructed,0.03057248167402833,0.03057248167402833,0.0,0.015581352728474286,0.025433450164158454,0.009852097435684168,,,,"{""bulge"": -0.0003534224176796087, ""chord_length"": 0.4259802466122715, ""conservative_fallback"": false, ""curvature_midpoint"": 0.015581352728474286, ""fallback_reasons"": []}",-0.0003534224176796087,0.4259802466122715,False,[]
QUASI,QUASI (frozen Cartesian port),ellipses,4,128,68,40,reconstructed,0.01791634067718578,0.01791634067718578,0.0,0.36573356493572656,0.021450741032924898,0.3442828239028017,,,,"{""bulge"": 0.004395283880259889, ""chord_length"": 0.3100673581846372, ""conservative_fallback"": false, ""curvature_midpoint"": -0.36573356493572656, ""fallback_reasons"": []}",0.004395283880259889,0.3100673581846372,False,[]
QUASI,QUASI (frozen Cartesian port),ellipses,4,128,68,41,reconstructed,0.5349412813964318,0.5349412813964318,0.0,0.7500363920875883,0.021216520764329002,0.7288198713232593,,,,"{""bulge"": -0.03570978450790356, ""chord_length"": 0.6171595307867467, ""conservative_fallback"": false, ""curvature_midpoint"": 0.7500363920875883, ""fallback_reasons"": []}",-0.03570978450790356,0.6171595307867467,False,[]
QUASI,QUASI (frozen Cartesian port),ellipses,4,128,68,92,reconstructed,0.23377662211649117,0.23377662211649117,0.0,0.027059987177304387,0.026089308874619122,0.0009706783026852649,,,,"{""bulge"": -0.0023459192555401083, ""chord_length"": 0.8327942736337213, ""conservative_fallback"": false, ""curvature_midpoint"": 0.027059987177304387, ""fallback_reasons"": []}",-0.0023459192555401083,0.8327942736337213,False,[]
QUASI,QUASI (frozen Cartesian port),ellipses,4,128,69,41,reconstructed,0.2107504048355299,0.21075040483552993,2.7755575615628914e-17,4.202530205062945,0.02085088516717704,4.181679319895768,,,,"{""bulge"": 0.3316058601291385, ""chord_length"": 0.7945123825452275, ""conservative_fallback"": false, ""curvature_midpoint"": -4.202530205062945, ""fallback_reasons"": []}",0.3316058601291385,0.7945123825452275,False,[]
QUASI,QUASI (frozen Cartesian port),ellipses,4,128,69,92,reconstructed,0.4513935157945329,0.4513935157945329,0.0,0.0267574545547871,0.027032368450530465,0.00027491389574336306,,,,"{""bulge"": -0.0022830593779141805, ""chord_length"": 0.826192405681486, ""conservative_fallback"": false, ""curvature_midpoint"": 0.0267574545547871, ""fallback_reasons"": []}",-0.0022830593779141805,0.826192405681486,False,[]
QUASI,QUASI (frozen Cartesian port),ellipses,4,128,70,41,reconstructed,0.0016756837426977055,0.0016756837426977061,6.505213034913027e-19,2.38895308008317,0.02072658554679781,2.3682264945363722,,,,"{""bulge"": 0.10240736465665656, ""chord_length"": 0.585607700015224, ""conservative_fallback"": false, ""curvature_midpoint"": -2.38895308008317, ""fallback_reasons"": []}",0.10240736465665656,0.585607700015224,False,[]
QUASI,QUASI (frozen Cartesian port),ellipses,4,128,70,42,reconstructed,0.46206633438090117,0.46206633438090117,0.0,0.27718080513134746,0.020486978496601603,0.2566938266347459,,,,"{""bulge"": 0.020479422085631676, ""chord_length"": 0.7688157399072458, ""conservative_fallback"": false, ""curvature_midpoint"": -0.27718080513134746, ""fallback_reasons"": []}",0.020479422085631676,0.7688157399072458,False,[]
QUASI,QUASI (frozen Cartesian port),ellipses,4,128,70,92,reconstructed,0.6027663562051239,0.6027663562051239,0.0,0.028215484125781065,0.02768110878100099,0.0005343753447800761,,,,"{""bulge"": -0.00018124900117248659, ""chord_length"": 0.2266934914065531, ""conservative_fallback"": false, ""curvature_midpoint"": 0.028215484125781065, ""fallback_reasons"": []}",-0.00018124900117248659,0.2266934914065531,False,[]
QUASI,QUASI (frozen Cartesian port),ellipses,4,128,70,93,reconstructed,0.05099132129364955,0.05099132129364955,0.0,0.02810833933154401,0.028215448744305465,0.00010710941276145455,,,,"{""bulge"": -0.001236968130361962, ""chord_length"": 0.5933441362986593, ""conservative_fallback"": false, ""curvature_midpoint"": 0.02810833933154401, ""fallback_reasons"": []}",-0.001236968130361962,0.5933441362986593,False,[]
QUASI,QUASI (frozen Cartesian port),ellipses,4,128,71,42,reconstructed,0.10400715977886059,0.10400715977886059,0.0,0.13050131431083442,0.020226234092127985,0.11027508021870644,,,,"{""bulge"": -0.007457969552039891, ""chord_length"": 0.6761574751850971, ""conservative_fallback"": false, ""curvature_midpoint"": 0.13050131431083442, ""fallback_reasons"": []}",-0.007457969552039891,0.6761574751850971,False,[]
QUASI,QUASI (frozen Cartesian port),ellipses,4,128,71,43,reconstructed,0.5972436820133802,0.5972436820133802,0.0,0.07597067176868108,0.020077066542986875,0.055893605225694205,,,,"{""bulge"": 0.0005426118658032808, ""chord_length"": 0.23903783874730877, ""conservative_fallback"": false, ""curvature_midpoint"": -0.07597067176868108, ""fallback_reasons"": []}",0.0005426118658032808,0.23903783874730877,False,[]
QUASI,QUASI (frozen Cartesian port),ellipses,4,128,71,93,reconstructed,0.23028748708352464,0.23028748708352464,0.0,0.029179561395140004,0.02919619498184918,1.6633586709176307e-05,,,,"{""bulge"": -0.0024178045692243417, ""chord_length"": 0.8141720901687028, ""conservative_fallback"": false, ""curvature_midpoint"": 0.029179561395140004, ""fallback_reasons"": []}",-0.0024178045692243417,0.8141720901687028,False,[]
QUASI,QUASI (frozen Cartesian port),ellipses,4,128,72,43,reconstructed,0.3126431379300897,0.3126431379300897,0.0,0.023667348642305082,0.01990223400022481,0.003765114642080271,,,,"{""bulge"": -0.002565555022713033, ""chord_length"": 0.931238357010591, ""conservative_fallback"": false, ""curvature_midpoint"": 0.023667348642305082, ""fallback_reasons"": []}",-0.002565555022713033,0.931238357010591,False,[]
QUASI,QUASI (frozen Cartesian port),ellipses,4,128,72,93,reconstructed,0.40140389413753025,0.40140389413753025,0.0,0.030446284739356292,0.030435359462702125,1.092527665416676e-05,,,,"{""bulge"": -0.002488790019750939, ""chord_length"": 0.8086711869775034, ""conservative_fallback"": false, ""curvature_midpoint"": 0.030446284739356292, ""fallback_reasons"": []}",-0.002488790019750939,0.8086711869775034,False,[]
QUASI,QUASI (frozen Cartesian port),ellipses,4,128,73,43,reconstructed,0.01571874766186846,0.01571874766186846,0.0,0.01528761852750783,0.019742290075223688,0.004454671547715857,,,,"{""bulge"": -0.00012992485110260946, ""chord_length"": 0.2607481217664766, ""conservative_fallback"": false, ""curvature_midpoint"": 0.01528761852750783, ""fallback_reasons"": []}",-0.00012992485110260946,0.2607481217664766,False,[]
QUASI,QUASI (frozen Cartesian port),ellipses,4,128,73,44,reconstructed,0.5025644838267059,0.5025644838267059,0.0,0.01992414100235698,0.0196282632706202,0.00029587773173677875,,,,"{""bulge"": -0.0011601973469870252, ""chord_length"": 0.6825290241653333, ""conservative_fallback"": false, ""curvature_midpoint"": 0.01992414100235698, ""fallback_reasons"": []}",-0.0011601973469870252,0.6825290241653333,False,[]
QUASI,QUASI (frozen Cartesian port),ellipses,4,128,73,93,reconstructed,0.5552395304596731,0.5552395304596731,0.0,0.03175519574957151,0.031701938943086067,5.3256806485442454e-05,,,,"{""bulge"": -0.00194297850906585, ""chord_length"": 0.6996351086930815, ""conservative_fallback"": false, ""curvature_midpoint"": 0.03175519574957151, ""fallback_reasons"": []}",-0.00194297850906585,0.6996351086930815,False,[]
QUASI,QUASI (frozen Cartesian port),ellipses,4,128,73,94,reconstructed,0.0011770056525020512,0.0011770056525020512,0.0,0.0321114938542553,0.03242595661487389,0.00031446276061858347,,,,"{""bulge"": -4.3341734698822515e-05, ""chord_length"": 0.1039125214873653, ""conservative_fallback"": false, ""curvature_midpoint"": 0.0321114938542553, ""fallback_reasons"": []}",-4.3341734698822515e-05,0.1039125214873653,False,[]
QUASI,QUASI (frozen Cartesian port),ellipses,4,128,74,44,reconstructed,0.1133277516464619,0.1133277516464619,0.0,0.01939036480609467,0.019481295317527823,9.093051143315226e-05,,,,"{""bulge"": -0.0011637633222513074, ""chord_length"": 0.6929219778891124, ""conservative_fallback"": false, ""curvature_midpoint"": 0.01939036480609467, ""fallback_reasons"": []}",-0.0011637633222513074,0.6929219778891124,False,[]
QUASI,QUASI (frozen Cartesian port),ellipses,4,128,74,45,reconstructed,0.5940907379731306,0.5940907379731306,0.0,0.019479328709948708,0.019392356505178825,8.697220476988274e-05,,,,"{""bulge"": -0.0001677483096925951, ""chord_length"": 0.2624744755974063, ""conservative_fallback"": false, ""curvature_midpoint"": 0.019479328709948708, ""fallback_reasons"": []}",-0.0001677483096925951,0.2624744755974063,False,[]
QUASI,QUASI (frozen Cartesian port),ellipses,4,128,74,94,reconstructed,0.0845727801592979,0.0845727801592979,0.0,0.03325796821469443,0.03328317316879758,2.5204954103151544e-05,,,,"{""bulge"": -0.0026526710604331087, ""chord_length"": 0.798801434769171, ""conservative_fallback"": false, ""curvature_midpoint"": 0.03325796821469443, ""fallback_reasons"": []}",-0.0026526710604331087,0.798801434769171,False,[]
QUASI,QUASI (frozen Cartesian port),ellipses,4,128,75,45,reconstructed,0.2692269909247952,0.2692269909247952,0.0,0.019294564357289965,0.01929329344385877,1.2709134311963965e-06,,,,"{""bulge"": -0.002261093852597852, ""chord_length"": 0.968248425576241, ""conservative_fallback"": false, ""curvature_midpoint"": 0.019294564357289965, ""fallback_reasons"": []}",-0.002261093852597852,0.968248425576241,False,[]
QUASI,QUASI (frozen Cartesian port),ellipses,4,128,75,94,reconstructed,0.20610539238066972,0.20610539238066972,0.0,0.034922072942752264,0.03491803763931068,4.035303441583815e-06,,,,"{""bulge"": -0.002755457399875046, ""chord_length"": 0.7944962221799426, ""conservative_fallback"": false, ""curvature_midpoint"": 0.034922072942752264, ""fallback_reasons"": []}",-0.002755457399875046,0.7944962221799426,False,[]
QUASI,QUASI (frozen Cartesian port),ellipses,4,128,76,45,reconstructed,0.002154607772352344,0.002154607772352344,0.0,0.01918482754495096,0.019221518315865178,3.6690770914216825e-05,,,,"{""bulge"": -2.1531716403204213e-05, ""chord_length"": 0.09475570543886731, ""conservative_fallback"": false, ""curvature_midpoint"": 0.01918482754495096, ""fallback_reasons"": []}",-2.1531716403204213e-05,0.09475570543886731,False,[]
QUASI,QUASI (frozen Cartesian port),ellipses,4,128,76,46,reconstructed,0.4217089048349505,0.4217089048349505,0.0,0.019166848551798968,0.01916638790988814,4.606419108273141e-07,,,,"{""bulge"": -0.001885617472616917, ""chord_length"": 0.8871487292010451, ""conservative_fallback"": false, ""curvature_midpoint"": 0.019166848551798968, ""fallback_reasons"": []}",-0.001885617472616917,0.8871487292010451,False,[]
QUASI,QUASI (frozen Cartesian port),ellipses,4,128,76,94,reconstructed,0.31011446247933977,0.31011446247933977,0.0,0.036709541553097934,0.036713692701537716,4.1511484397821485e-06,,,,"{""bulge"": -0.0028686277967493734, ""chord_length"": 0.7906651815940875, ""conservative_fallback"": false, ""curvature_midpoint"": 0.036709541553097934, ""fallback_reasons"": []}",-0.0028686277967493734,0.7906651815940875,False,[]
QUASI,QUASI (frozen Cartesian port),ellipses,4,128,77,46,reconstructed,0.03790189860090346,0.03790189860090346,0.0,0.019099905080510574,0.0191103362922372,1.0431211726624062e-05,,,,"{""bulge"": -0.00037195519552001856, ""chord_length"": 0.39470688654092856, ""conservative_fallback"": false, ""curvature_midpoint"": 0.019099905080510574, ""fallback_reasons"": []}",-0.00037195519552001856,0.39470688654092856,False,[]
QUASI,QUASI (frozen Cartesian port),ellipses,4,128,77,47,reconstructed,0.5224374629351134,0.5224374629351134,0.0,0.01908205203288139,0.01907908697977804,2.965053103352183e-06,,,,"{""bulge"": -0.0008636711225695509, ""chord_length"": 0.6017369148994035, ""conservative_fallback"": false, ""curvature_midpoint"": 0.01908205203288139, ""fallback_reasons"": []}",-0.0008636711225695509,0.6017369148994035,False,[]
QUASI,QUASI (frozen Cartesian port),ellipses,4,128,77,94,reconstructed,0.3959628598241616,0.3959628598241616,0.0,0.038685120942536524,0.038687431904905485,2.310962368960723e-06,,,,"{""bulge"": -0.002997843802420365, ""chord_length"": 0.7873675542829665, ""conservative_fallback"": false, ""curvature_midpoint"": 0.038685120942536524, ""fallback_reasons"": []}",-0.002997843802420365,0.7873675542829665,False,[]
QUASI,QUASI (frozen Cartesian port),ellipses,4,128,78,47,reconstructed,0.10123751593175967,0.10123751593175967,0.0,0.019053118604986943,0.019055085129136073,1.9665241491294283e-06,,,,"{""bulge"": -0.0009800430697764018, ""chord_length"": 0.641482095192011, ""conservative_fallback"": false, ""curvature_midpoint"": 0.019053118604986943, ""fallback_reasons"": []}",-0.0009800430697764018,0.641482095192011,False,[]
QUASI,QUASI (frozen Cartesian port),ellipses,4,128,78,48,reconstructed,0.5766776695314717,0.5766776695314717,0.0,0.01905594755063274,0.019047773039380808,8.174511251932831e-06,,,,"{""bulge"": -0.0003269544805963908, ""chord_length"": 0.3704873345072145, ""conservative_fallback"": false, ""curvature_midpoint"": 0.01905594755063274, ""fallback_reasons"": []}",-0.0003269544805963908,0.3704873345072145,False,[]
QUASI,QUASI (frozen Cartesian port),ellipses,4,128,78,94,reconstructed,0.46291123216753854,0.46291123216753854,0.0,0.04085522415874911,0.0408583969382068,3.172779457695507e-06,,,,"{""bulge"": -0.0031444043769456305, ""chord_length"": 0.7846760382890098, ""conservative_fallback"": false, ""curvature_midpoint"": 0.04085522415874911, ""fallback_reasons"": []}",-0.0031444043769456305,0.7846760382890098,False,[]
QUASI,QUASI (frozen Cartesian port),ellipses,4,128,79,48,reconstructed,0.17435653850790644,0.17435653850790644,0.0,0.019038495909703537,0.019053388981097652,1.4893071394114776e-05,,,,"{""bulge"": -0.0016716700502003323, ""chord_length"": 0.8381156626942718, ""conservative_fallback"": false, ""curvature_midpoint"": 0.019038495909703537, ""fallback_reasons"": []}",-0.0016716700502003323,0.8381156626942718,False,[]
QUASI,QUASI (frozen Cartesian port),ellipses,4,128,79,49,reconstructed,0.6013760422272857,0.6013760422272857,0.0,0.019035210688528998,0.019070486597602933,3.527590907393546e-05,,,,"{""bulge"": -8.635471707220181e-05, ""chord_length"": 0.19050622980727971, ""conservative_fallback"": false, ""curvature_midpoint"": 0.019035210688528998, ""fallback_reasons"": []}",-8.635471707220181e-05,0.19050622980727971,False,[]
QUASI,QUASI (frozen Cartesian port),ellipses,4,128,79,94,reconstructed,0.5101011758556034,0.5101011758556034,0.0,0.043244550304892,0.04324756821430868,3.017909416681841e-06,,,,"{""bulge"": -0.0033114158550637384, ""chord_length"": 0.7826834718200595, ""conservative_fallback"": false, ""curvature_midpoint"": 0.043244550304892, ""fallback_reasons"": []}",-0.0033114158550637384,0.7826834718200595,False,[]
QUASI,QUASI (frozen Cartesian port),ellipses,4,128,80,49,reconstructed,0.24333036807644584,0.24333036807644584,0.0,0.019081302933138727,0.01910401636204288,2.2713428904152372e-05,,,,"{""bulge"": -0.0023225382475331614, ""chord_length"": 0.9867847237509939, ""conservative_fallback"": false, ""curvature_midpoint"": 0.019081302933138727, ""fallback_reasons"": []}",-0.0023225382475331614,0.9867847237509939,False,[]
QUASI,QUASI (frozen Cartesian port),ellipses,4,128,80,50,reconstructed,0.609462480615247,0.609462480615247,0.0,0.022701119139410822,0.019146423183731262,0.00355469595567956,,,,"{""bulge"": -1.014230304684347e-05, ""chord_length"": 0.059784644479405916, ""conservative_fallback"": false, ""curvature_midpoint"": 0.022701119139410822, ""fallback_reasons"": []}",-1.014230304684347e-05,0.059784644479405916,False,[]
QUASI,QUASI (frozen Cartesian port),ellipses,4,128,80,94,reconstructed,0.5365339922282818,0.5365339922282818,0.0,0.045874137783691746,0.045877624853459024,3.4870697672786943e-06,,,,"{""bulge"": -0.0035022291935683874, ""chord_length"": 0.7815078020776386, ""conservative_fallback"": false, ""curvature_midpoint"": 0.045874137783691746, ""fallback_reasons"": []}",-0.0035022291935683874,0.7815078020776386,False,[]
QUASI,QUASI (frozen Cartesian port),ellipses,4,128,81,50,reconstructed,0.2975783528272322,0.2975783528272322,0.0,0.018178624167938848,0.019205404536029702,0.0010267803680908544,,,,"{""bulge"": -0.0025812284454566205, ""chord_length"": 1.0658048918351326, ""conservative_fallback"": false, ""curvature_midpoint"": 0.018178624167938848, ""fallback_reasons"": []}",-0.0025812284454566205,1.0658048918351326,False,[]
QUASI,QUASI (frozen Cartesian port),ellipses,4,128,81,94,reconstructed,0.541043607279975,0.541043607279975,0.0,0.04876921309321893,0.04877257864285423,3.3655496353007797e-06,,,,"{""bulge"": -0.0037212697109917856, ""chord_length"": 0.7812997645602164, ""conservative_fallback"": false, ""curvature_midpoint"": 0.04876921309321893, ""fallback_reasons"": []}",-0.0037212697109917856,0.7812997645602164,False,[]
QUASI,QUASI (frozen Cartesian port),ellipses,4,128,82,50,reconstructed,0.00013144895509980124,0.00013144895509980124,0.0,2.3949644452167056,0.019275793010161347,2.375688652206544,,,,"{""bulge"": -0.00015460301467080497, ""chord_length"": 0.02272502854256596, ""conservative_fallback"": false, ""curvature_midpoint"": 2.3949644452167056, ""fallback_reasons"": []}",-0.00015460301467080497,0.02272502854256596,False,[]
QUASI,QUASI (frozen Cartesian port),ellipses,4,128,82,51,reconstructed,0.3292923891858559,0.3292923891858559,0.0,0.009724240616190934,0.01935925641751228,0.009635015801321346,,,,"{""bulge"": -0.001372223228901716, ""chord_length"": 1.0625014432372897, ""conservative_fallback"": false, ""curvature_midpoint"": 0.009724240616190934, ""fallback_reasons"": []}",-0.001372223228901716,1.0625014432372897,False,[]
QUASI,QUASI (frozen Cartesian port),ellipses,4,128,82,94,reconstructed,0.5222616410098391,0.5222616410098391,0.0,0.05195422293088457,0.05195705004847024,2.8271175856672826e-06,,,,"{""bulge"": -0.0039739803772192725, ""chord_length"": 0.7822533395340745, ""conservative_fallback"": false, ""curvature_midpoint"": 0.05195422293088457, ""fallback_reasons"": []}",-0.0039739803772192725,0.7822533395340745,False,[]
QUASI,QUASI (frozen Cartesian port),ellipses,4,128,83,51,reconstructed,0.0008489946606878365,0.0008489946606878365,0.0,1.8833244063709447,0.019459714638116663,1.863864691732828,,,,"{""bulge"": 0.0008345493549516124, ""chord_length"": 0.05953994636937328, ""conservative_fallback"": false, ""curvature_midpoint"": -1.8833244063709447, ""fallback_reasons"": []}",0.0008345493549516124,0.05953994636937328,False,[]
QUASI,QUASI (frozen Cartesian port),ellipses,4,128,83,52,reconstructed,0.3355123753219954,0.3355123753219954,0.0,0.022696618056236555,0.019573865297351632,0.003122752758884923,,,,"{""bulge"": -0.003144113599110007, ""chord_length"": 1.0527215984647709, ""conservative_fallback"": false, ""curvature_midpoint"": 0.022696618056236555, ""fallback_reasons"": []}",-0.003144113599110007,1.0527215984647709,False,[]
QUASI,QUASI (frozen Cartesian port),ellipses,4,128,83,94,reconstructed,0.4785717212677067,0.4785717212677067,0.0,0.055450932426511564,0.055454982957663664,4.050531152099968e-06,,,,"{""bulge"": -0.004267151999579287, ""chord_length"": 0.7846204502775063, ""conservative_fallback"": false, ""curvature_midpoint"": 0.055450932426511564, ""fallback_reasons"": []}",-0.004267151999579287,0.7846204502775063,False,[]
QUASI,QUASI (frozen Cartesian port),ellipses,4,128,84,52,reconstructed,0.0005315412812944202,0.0005315412812944202,0.0,0.568865989525597,0.019701270595090248,0.5491647189305067,,,,"{""bulge"": 0.00015279144439976855, ""chord_length"": 0.04635424660898382, ""conservative_fallback"": false, ""curvature_midpoint"": -0.568865989525597, ""fallback_reasons"": []}",0.00015279144439976855,0.04635424660898382,False,[]
QUASI,QUASI (frozen Cartesian port),ellipses,4,128,84,53,reconstructed,0.31598480950315605,0.31598480950315605,0.0,0.020854164414290586,0.01984672730381982,0.0010074371104707644,,,,"{""bulge"": -0.0030176169189821346, ""chord_length"": 1.075921658220588, ""conservative_fallback"": false, ""curvature_midpoint"": 0.020854164414290586, ""fallback_reasons"": []}",-0.0030176169189821346,1.075921658220588,False,[]
QUASI,QUASI (frozen Cartesian port),ellipses,4,128,84,54,reconstructed,0.6103010689428205,0.6103010689428205,0.0,0.14750476441759752,0.020003348932879472,0.12750141548471805,,,,"{""bulge"": 3.7318643824675634e-06, ""chord_length"": 0.014226723658511815, ""conservative_fallback"": false, ""curvature_midpoint"": -0.14750476441759752, ""fallback_reasons"": []}",3.7318643824675634e-06,0.014226723658511815,False,[]
QUASI,QUASI (frozen Cartesian port),ellipses,4,128,84,94,reconstructed,0.40804875692843395,0.40804875692843395,0.0,0.05929077225512515,0.059287496550952015,3.275704173133498e-06,,,,"{""bulge"": -0.00461058762764213, ""chord_length"": 0.7887322163215489, ""conservative_fallback"": false, ""curvature_midpoint"": 0.05929077225512515, ""fallback_reasons"": []}",-0.00461058762764213,0.7887322163215489,False,[]
QUASI,QUASI (frozen Cartesian port),ellipses,4,128,85,54,reconstructed,0.2712483652431771,0.2712483652431771,0.0,0.02013405346335501,0.020169707146132868,3.565368277785863e-05,,,,"{""bulge"": -0.002724660857193227, ""chord_length"": 1.040484490729706, ""conservative_fallback"": false, ""curvature_midpoint"": 0.02013405346335501, ""fallback_reasons"": []}",-0.002724660857193227,1.040484490729706,False,[]
QUASI,QUASI (frozen Cartesian port),ellipses,4,128,85,55,reconstructed,0.606524437760182,0.606524437760182,0.0,0.020496072537006763,0.02037095957172289,0.0001251129652838738,,,,"{""bulge"": -3.9544676137372605e-05, ""chord_length"": 0.1242377794140878, ""conservative_fallback"": false, ""curvature_midpoint"": 0.020496072537006763, ""fallback_reasons"": []}",-3.9544676137372605e-05,0.1242377794140878,False,[]
QUASI,QUASI (frozen Cartesian port),ellipses,4,128,85,94,reconstructed,0.308376688620658,0.308376688620658,0.0,0.06345198239339907,0.0634694345569658,1.745216356673074e-05,,,,"{""bulge"": -0.005013264884035369, ""chord_length"": 0.7950285448198242, ""conservative_fallback"": false, ""curvature_midpoint"": 0.06345198239339907, ""fallback_reasons"": []}",-0.005013264884035369,0.7950285448198242,False,[]
QUASI,QUASI (frozen Cartesian port),ellipses,4,128,86,55,reconstructed,0.2065580427648706,0.2065580427648706,0.0,0.020570816517517822,0.020565815952408122,5.00056510970015e-06,,,,"{""bulge"": -0.0021328589001067878, ""chord_length"": 0.910752330065543, ""conservative_fallback"": false, ""curvature_midpoint"": 0.020570816517517822, ""fallback_reasons"": []}",-0.0021328589001067878,0.910752330065543,False,[]
QUASI,QUASI (frozen Cartesian port),ellipses,4,128,86,56,reconstructed,0.5902001484811739,0.5902001484811739,0.0,0.02083977981987256,0.020810737309096657,2.9042510775904168e-05,,,,"{""bulge"": -0.00021337846924370278, ""chord_length"": 0.28620270098802053, ""conservative_fallback"": false, ""curvature_midpoint"": 0.02083977981987256, ""fallback_reasons"": []}",-0.00021337846924370278,0.28620270098802053,False,[]
QUASI,QUASI (frozen Cartesian port),ellipses,4,128,86,94,reconstructed,0.1767346252795121,0.1767346252795121,0.0,0.06810912702703145,0.06800397278391027,0.00010515424312118604,,,,"{""bulge"": -0.005504896833356679, ""chord_length"": 0.8041127136988361, ""conservative_fallback"": false, ""curvature_midpoint"": 0.06810912702703145, ""fallback_reasons"": []}",-0.005504896833356679,0.8041127136988361,False,[]
QUASI,QUASI (frozen Cartesian port),ellipses,4,128,87,56,reconstructed,0.13162561739304074,0.13162561739304074,0.0,0.021028550739037935,0.021035886021515317,7.335282477382438e-06,,,,"{""bulge"": -0.0014016293799834288, ""chord_length"": 0.7302253714463378, ""conservative_fallback"": false, ""curvature_midpoint"": 0.021028550739037935, ""fallback_reasons"": []}",-0.0014016293799834288,0.7302253714463378,False,[]
QUASI,QUASI (frozen Cartesian port),ellipses,4,128,87,57,reconstructed,0.5486605203403813,0.5486605203403813,0.0,0.02136202040822333,0.02133133569705691,3.0684711166420464e-05,,,,"{""bulge"": -0.0006768930763163146, ""chord_length"": 0.503481904855001, ""conservative_fallback"": false, ""curvature_midpoint"": 0.02136202040822333, ""fallback_reasons"": []}",-0.0006768930763163146,0.503481904855001,False,[]
QUASI,QUASI (frozen Cartesian port),ellipses,4,128,87,93,reconstructed,0.591565569041577,0.591565569041577,0.0,0.07307123838276966,0.07428319872003505,0.0012119603372653942,,,,"{""bulge"": -0.0011905983269681376, ""chord_length"": 0.3610392294668219, ""conservative_fallback"": false, ""curvature_midpoint"": 0.07307123838276966, ""fallback_reasons"": []}",-0.0011905983269681376,0.3610392294668219,False,[]
QUASI,QUASI (frozen Cartesian port),ellipses,4,128,87,94,reconstructed,0.028421113641465486,0.028421113641465486,0.0,0.07241608670489746,0.07176937608039206,0.0006467106245054005,,,,"{""bulge"": -0.0018808445611731774, ""chord_length"": 0.45583106608176, ""conservative_fallback"": false, ""curvature_midpoint"": 0.07241608670489746, ""fallback_reasons"": []}",-0.0018808445611731774,0.45583106608176,False,[]
QUASI,QUASI (frozen Cartesian port),ellipses,4,128,88,57,reconstructed,0.05987370837366703,0.05987370837366703,0.0,0.021547837093435777,0.021589184228226314,4.134713479053698e-05,,,,"{""bulge"": -0.000661069027793084, ""chord_length"": 0.49541203977101955, ""conservative_fallback"": false, ""curvature_midpoint"": 0.021547837093435777, ""fallback_reasons"": []}",-0.000661069027793084,0.49541203977101955,False,[]
QUASI,QUASI (frozen Cartesian port),ellipses,4,128,88,58,reconstructed,0.4640921494870715,0.4640921494870715,0.0,0.021952669901814336,0.021944143296064682,8.526605749653582e-06,,,,"{""bulge"": -0.0016728929113484206, ""chord_length"": 0.7807920638747634, ""conservative_fallback"": false, ""curvature_midpoint"": 0.021952669901814336, ""fallback_reasons"": []}",-0.0016728929113484206,0.7807920638747634,False,[]
QUASI,QUASI (frozen Cartesian port),ellipses,4,128,88,93,reconstructed,0.4130389512264913,0.4130389512264913,0.0,0.07856603608545026,0.07803187885722004,0.0005341572282302198,,,,"{""bulge"": -0.006835970926190003, ""chord_length"": 0.8343104358450608, ""conservative_fallback"": false, ""curvature_midpoint"": 0.07856603608545026, ""fallback_reasons"": []}",-0.006835970926190003,0.8343104358450608,False,[]
QUASI,QUASI (frozen Cartesian port),ellipses,4,128,89,58,reconstructed,0.009752857380114303,0.009752857380114303,0.0,0.022128811891054315,0.022237838579223283,0.0001090266881689679,,,,"{""bulge"": -0.00011229000974711275, ""chord_length"": 0.20148211669747618, ""conservative_fallback"": false, ""curvature_midpoint"": 0.022128811891054315, ""fallback_reasons"": []}",-0.00011229000974711275,0.20148211669747618,False,[]
QUASI,QUASI (frozen Cartesian port),ellipses,4,128,89,59,reconstructed,0.3182912777019466,0.3182912777019466,0.0,0.022612462513304375,0.022611532726475505,9.297868288696276e-07,,,,"{""bulge"": -0.002640249265368779, ""chord_length"": 0.9664814631016547, ""conservative_fallback"": false, ""curvature_midpoint"": 0.022612462513304375, ""fallback_reasons"": []}",-0.002640249265368779,0.9664814631016547,False,[]
QUASI,QUASI (frozen Cartesian port),ellipses,4,128,89,60,reconstructed,0.6044511219968747,0.6044511219968747,0.0,0.0232590169116295,0.02299790655540074,0.0002611103562287602,,,,"{""bulge"": -7.281370445003553e-05, ""chord_length"": 0.15825443130214983, ""conservative_fallback"": false, ""curvature_midpoint"": 0.0232590169116295, ""fallback_reasons"": []}",-7.281370445003553e-05,0.15825443130214983,False,[]
QUASI,QUASI (frozen Cartesian port),ellipses,4,128,89,93,reconstructed,0.1605893363608345,0.1605893363608345,0.0,0.08355735948748873,0.08337750131731025,0.0001798581701784735,,,,"{""bulge"": -0.007691342712676527, ""chord_length"": 0.8581312574331982, ""conservative_fallback"": false, ""curvature_midpoint"": 0.08355735948748873, ""fallback_reasons"": []}",-0.007691342712676527,0.8581312574331982,False,[]
QUASI,QUASI (frozen Cartesian port),ellipses,4,128,90,60,reconstructed,0.14821362941760474,0.14821362941760474,0.0,0.023254925896357966,0.02334621024432822,9.128434797025381e-05,,,,"{""bulge"": -0.0018290447199395907, ""chord_length"": 0.7932309948345528, ""conservative_fallback"": false, ""curvature_midpoint"": 0.023254925896357966, ""fallback_reasons"": []}",-0.0018290447199395907,0.7932309948345528,False,[]
QUASI,QUASI (frozen Cartesian port),ellipses,4,128,90,61,reconstructed,0.5294703088591881,0.5294703088591881,0.0,0.02435346533539296,0.023891128263565396,0.0004623370718275649,,,,"{""bulge"": -0.0010714729358970838, ""chord_length"": 0.5932738590690362, ""conservative_fallback"": false, ""curvature_midpoint"": 0.02435346533539296, ""fallback_reasons"": []}",-0.0010714729358970838,0.5932738590690362,False,[]
QUASI,QUASI (frozen Cartesian port),ellipses,4,128,90,92,reconstructed,0.46500443155941995,0.46500443155941995,0.0,0.08995482836407208,0.08888366055618609,0.001071167807885992,,,,"{""bulge"": -0.007967501311329448, ""chord_length"": 0.8417707402133057, ""conservative_fallback"": false, ""curvature_midpoint"": 0.08995482836407208, ""fallback_reasons"": []}",-0.007967501311329448,0.8417707402133057,False,[]
QUASI,QUASI (frozen Cartesian port),ellipses,4,128,90,93,reconstructed,0.0004976969154411523,0.0004976969154411523,0.0,0.3035814651798217,0.08619686887914205,0.21738459630067966,,,,"{""bulge"": -9.298845917823227e-05, ""chord_length"": 0.04950190278148292, ""conservative_fallback"": false, ""curvature_midpoint"": 0.3035814651798217, ""fallback_reasons"": []}",-9.298845917823227e-05,0.04950190278148292,False,[]
QUASI,QUASI (frozen Cartesian port),ellipses,4,128,91,61,reconstructed,0.02714769559224589,0.02714769559224589,0.0,0.020801641428911194,0.024286106421538545,0.0034844649926273515,,,,"{""bulge"": -0.0003076151293047972, ""chord_length"": 0.3439537400794605, ""conservative_fallback"": false, ""curvature_midpoint"": 0.020801641428911194, ""fallback_reasons"": []}",-0.0003076151293047972,0.3439537400794605,False,[]
QUASI,QUASI (frozen Cartesian port),ellipses,4,128,91,62,reconstructed,0.3407805041198267,0.3407805041198267,0.0,0.02866322630333322,0.02485643273108908,0.0038067935722441403,,,,"{""bulge"": -0.0030524615776222077, ""chord_length"": 0.9230124525859654, ""conservative_fallback"": false, ""curvature_midpoint"": 0.02866322630333322, ""fallback_reasons"": []}",-0.0030524615776222077,0.9230124525859654,False,[]
QUASI,QUASI (frozen Cartesian port),ellipses,4,128,91,63,reconstructed,0.6020281907981367,0.6020281907981367,0.0,0.11730043012572089,0.025395313080520746,0.09190511704520014,,,,"{""bulge"": 0.000538084850707698, ""chord_length"": 0.1915669451308858, ""conservative_fallback"": false, ""curvature_midpoint"": -0.11730043012572089, ""fallback_reasons"": []}",0.000538084850707698,0.1915669451308858,False,[]
QUASI,QUASI (frozen Cartesian port),ellipses,4,128,91,91,reconstructed,0.596011486671439,0.596011486671439,0.0,0.08884622058315438,0.09553237340746525,0.00668615282431087,,,,"{""bulge"": -0.000680091241433821, ""chord_length"": 0.24746233432494763, ""conservative_fallback"": false, ""curvature_midpoint"": 0.08884622058315438, ""fallback_reasons"": []}",-0.000680091241433821,0.24746233432494763,False,[]
QUASI,QUASI (frozen Cartesian port),ellipses,4,128,91,92,reconstructed,0.11113564245294391,0.11113564245294391,0.0,0.09347786175051526,0.09318451957547194,0.00029334217504331517,,,,"{""bulge"": -0.005564366704612981, ""chord_length"": 0.6900784738376405, ""conservative_fallback"": false, ""curvature_midpoint"": 0.09347786175051526, ""fallback_reasons"": []}",-0.005564366704612981,0.6900784738376405,False,[]
QUASI,QUASI (frozen Cartesian port),ellipses,4,128,92,63,reconstructed,0.11368074896921723,0.11368074896921723,0.0,0.14744235867093108,0.025857796833199255,0.12158456183773184,,,,"{""bulge"": -0.009356132688428822, ""chord_length"": 0.7124953671349994, ""conservative_fallback"": false, ""curvature_midpoint"": 0.14744235867093108, ""fallback_reasons"": []}",-0.009356132688428822,0.7124953671349994,False,[]
QUASI,QUASI (frozen Cartesian port),ellipses,4,128,92,64,reconstructed,0.46013252563706064,0.46013252563706064,0.0,0.3116828123750859,0.026686039554301974,0.2849967728207839,,,,"{""bulge"": 0.023364585900370802, ""chord_length"": 0.7744040411974574, ""conservative_fallback"": false, ""curvature_midpoint"": -0.3116828123750859, ""fallback_reasons"": []}",0.023364585900370802,0.7744040411974574,False,[]
QUASI,QUASI (frozen Cartesian port),ellipses,4,128,92,91,reconstructed,0.2603765616365861,0.2603765616365861,0.0,0.10299376317733368,0.09821590409040859,0.0047778590869250875,,,,"{""bulge"": -0.012995879299102318, ""chord_length"": 1.0047137937260882, ""conservative_fallback"": false, ""curvature_midpoint"": 0.10299376317733368, ""fallback_reasons"": []}",-0.012995879299102318,1.0047137937260882,False,[]
QUASI,QUASI (frozen Cartesian port),ellipses,4,128,93,64,reconstructed,0.0007036155369295254,0.0007036155369295333,7.914675859144182e-18,2.568783628998077,0.027329963904322727,2.5414536650937545,,,,"{""bulge"": 0.0969272723093106, ""chord_length"": 0.5494196990517822, ""conservative_fallback"": false, ""curvature_midpoint"": -2.568783628998077, ""fallback_reasons"": []}",0.0969272723093106,0.5494196990517822,False,[]
QUASI,QUASI (frozen Cartesian port),ellipses,4,128,93,65,reconstructed,0.1865827976859106,0.18658279768591063,2.7755575615628914e-17,3.90672417827976,0.02776098378899576,3.878963194490764,,,,"{""bulge"": 0.31107395000356164, ""chord_length"": 0.7981241282839454, ""conservative_fallback"": false, ""curvature_midpoint"": -3.90672417827976, ""fallback_reasons"": []}",0.31107395000356164,0.7981241282839454,False,[]
QUASI,QUASI (frozen Cartesian port),ellipses,4,128,93,66,reconstructed,0.49993319131615654,0.49993319131615654,0.0,0.5988868125197131,0.028903755616655244,0.5699830569030578,,,,"{""bulge"": -0.043768848021186205, ""chord_length"": 0.7646367664983417, ""conservative_fallback"": false, ""curvature_midpoint"": 0.5988868125197131, ""fallback_reasons"": []}",-0.043768848021186205,0.7646367664983417,False,[]
QUASI,QUASI (frozen Cartesian port),ellipses,4,128,93,90,reconstructed,0.32312382318029115,0.32312382318029115,0.0,0.0519494139714139,0.10125790681444828,0.04930849284303438,,,,"{""bulge"": -0.007603123803621952, ""chord_length"": 1.0820583936603763, ""conservative_fallback"": false, ""curvature_midpoint"": 0.0519494139714139, ""fallback_reasons"": []}",-0.007603123803621952,1.0820583936603763,False,[]
QUASI,QUASI (frozen Cartesian port),ellipses,4,128,93,91,reconstructed,3.161680517073347e-05,3.1616805170733476e-05,6.776263578034403e-21,43.70206325646927,0.09994179989701935,43.602121456572256,,,,"{""bulge"": 0.0015624099434106728, ""chord_length"": 0.01691186565213486, ""conservative_fallback"": false, ""curvature_midpoint"": -43.70206325646927, ""fallback_reasons"": []}",0.0015624099434106728,0.01691186565213486,False,[]
QUASI,QUASI (frozen Cartesian port),ellipses,4,128,94,66,reconstructed,0.0033707573466626745,0.0033707573466626745,0.0,0.012621632696295224,0.029579713879568884,0.01695808118327366,,,,"{""bulge"": -3.350885969511659e-05, ""chord_length"": 0.1457360684318337, ""conservative_fallback"": false, ""curvature_midpoint"": 0.012621632696295224, ""fallback_reasons"": []}",-3.350885969511659e-05,0.1457360684318337,False,[]
QUASI,QUASI (frozen Cartesian port),ellipses,4,128,94,67,reconstructed,0.19023435497736993,0.19023435497736993,0.0,0.4103044771057384,0.030407378128908213,0.3798970989768302,,,,"{""bulge"": 0.04184451163873837, ""chord_length"": 0.9032565454750969, ""conservative_fallback"": false, ""curvature_midpoint"": -0.4103044771057384, ""fallback_reasons"": []}",0.04184451163873837,0.9032565454750969,False,[]
QUASI,QUASI (frozen Cartesian port),ellipses,4,128,94,68,reconstructed,0.4679483789185697,0.4679483789185697,0.0,3.435217386414356,0.031924379657062574,3.403293006757293,,,,"{""bulge"": -0.2770560468985547, ""chord_length"": 0.803251781763967, ""conservative_fallback"": false, ""curvature_midpoint"": 3.435217386414356, ""fallback_reasons"": []}",-0.2770560468985547,0.803251781763967,False,[]
QUASI,QUASI (frozen Cartesian port),ellipses,4,128,94,69,reconstructed,0.6101530709886613,0.6101530709886613,0.0,3.3195255664030054,0.032584331093564865,3.2869412353094405,,,,"{""bulge"": -0.09766680129198196, ""chord_length"": 0.485154949877873, ""conservative_fallback"": false, ""curvature_midpoint"": 3.3195255664030054, ""fallback_reasons"": []}",-0.09766680129198196,0.485154949877873,False,[]
QUASI,QUASI (frozen Cartesian port),ellipses,4,128,94,88,reconstructed,0.5959084516401563,0.5959084516401563,0.0,0.027602289234855065,0.10139448023299913,0.07379219099814406,,,,"{""bulge"": -0.00020946351641042065, ""chord_length"": 0.24639201959699736, ""conservative_fallback"": false, ""curvature_midpoint"": 0.027602289234855065, ""fallback_reasons"": []}",-0.00020946351641042065,0.24639201959699736,False,[]
QUASI,QUASI (frozen Cartesian port),ellipses,4,128,94,89,reconstructed,0.2610662358730761,0.2610662358730761,0.0,0.06266660595387376,0.10204736724565483,0.03938076129178107,,,,"{""bulge"": -0.007751797187376305, ""chord_length"": 0.9947824330179524, ""conservative_fallback"": false, ""curvature_midpoint"": 0.06266660595387376, ""fallback_reasons"": []}",-0.007751797187376305,0.9947824330179524,False,[]
QUASI,QUASI (frozen Cartesian port),ellipses,4,128,94,90,reconstructed,4.025858063074907e-05,4.025858063074907e-05,0.0,86.53244811681186,0.10196932626275462,86.4304787905491,,,,"{""bulge"": 0.007141870588432581, ""chord_length"": 0.02569576113126063, ""conservative_fallback"": false, ""curvature_midpoint"": -86.53244811681186, ""fallback_reasons"": []}",0.007141870588432581,0.02569576113126063,False,[]
QUASI,QUASI (frozen Cartesian port),ellipses,4,128,95,69,reconstructed,0.11574375914646602,0.11574375914646602,0.0,0.4137183476861992,0.03351119101775473,0.38020715666844446,,,,"{""bulge"": -0.02676452979025228, ""chord_length"": 0.7194032768832695, ""conservative_fallback"": false, ""curvature_midpoint"": 0.4137183476861992, ""fallback_reasons"": []}",-0.02676452979025228,0.7194032768832695,False,[]
QUASI,QUASI (frozen Cartesian port),ellipses,4,128,95,70,reconstructed,0.3534581874525522,0.3534581874525522,0.0,0.05994877143562713,0.03513791523708166,0.02481085619854547,,,,"{""bulge"": 0.005134726018038805, ""chord_length"": 0.8277772519848176, ""conservative_fallback"": false, ""curvature_midpoint"": -0.05994877143562713, ""fallback_reasons"": []}",0.005134726018038805,0.8277772519848176,False,[]
QUASI,QUASI (frozen Cartesian port),ellipses,4,128,95,71,reconstructed,0.5611700678883975,0.5611700678883975,0.0,0.08236235505845042,0.03672457930288601,0.045637775755564415,,,,"{""bulge"": -0.0033171098289885557, ""chord_length"": 0.5676237270247966, ""conservative_fallback"": false, ""curvature_midpoint"": 0.08236235505845042, ""fallback_reasons"": []}",-0.0033171098289885557,0.5676237270247966,False,[]
QUASI,QUASI (frozen Cartesian port),ellipses,4,128,95,87,reconstructed,0.45593129644941965,0.45593129644941965,0.0,0.30630206845271624,0.09798046508865937,0.20832160336405686,,,,"{""bulge"": 0.02378017515836177, ""chord_length"": 0.7880931510862992, ""conservative_fallback"": false, ""curvature_midpoint"": -0.30630206845271624, ""fallback_reasons"": []}",0.02378017515836177,0.7880931510862992,False,[]
QUASI,QUASI (frozen Cartesian port),ellipses,4,128,95,88,reconstructed,0.10912165031674363,0.10912165031674363,0.0,0.25504880060863216,0.10038963720495923,0.15465916340367292,,,,"{""bulge"": -0.014762474647156508, ""chord_length"": 0.6804761889789066, ""conservative_fallback"": false, ""curvature_midpoint"": 0.25504880060863216, ""fallback_reasons"": []}",-0.014762474647156508,0.6804761889789066,False,[]
QUASI,QUASI (frozen Cartesian port),ellipses,4,128,96,71,reconstructed,0.009818359003089883,0.009818359003089883,0.0,0.008058161651223809,0.03773495361067487,0.029676791959451065,,,,"{""bulge"": -6.727077077650717e-05, ""chord_length"": 0.2584283815324929, ""conservative_fallback"": false, ""curvature_midpoint"": 0.008058161651223809, ""fallback_reasons"": []}",-6.727077077650717e-05,0.2584283815324929,False,[]
QUASI,QUASI (frozen Cartesian port),ellipses,4,128,96,72,reconstructed,0.15735362059453048,0.15735362059453048,0.0,0.0404660809149144,0.039129694020424426,0.001336386894489977,,,,"{""bulge"": -0.0033751174729069974, ""chord_length"": 0.8168529228057438, ""conservative_fallback"": false, ""curvature_midpoint"": 0.0404660809149144, ""fallback_reasons"": []}",-0.0033751174729069974,0.8168529228057438,False,[]
QUASI,QUASI (frozen Cartesian port),ellipses,4,128,96,73,reconstructed,0.3327340763455384,0.3327340763455384,0.0,0.041042627320619196,0.04142675533259444,0.00038412801197524465,,,,"{""bulge"": -0.0033586518625969503, ""chord_length"": 0.8091143643871909, ""conservative_fallback"": false, ""curvature_midpoint"": 0.041042627320619196, ""fallback_reasons"": []}",-0.0033586518625969503,0.8091143643871909,False,[]
QUASI,QUASI (frozen Cartesian port),ellipses,4,128,96,74,reconstructed,0.4861527424452194,0.4861527424452194,0.0,0.044126073983739286,0.043946835660504904,0.00017923832323438194,,,,"{""bulge"": -0.003549297425999061, ""chord_length"": 0.8021739346077651, ""conservative_fallback"": false, ""curvature_midpoint"": 0.044126073983739286, ""fallback_reasons"": []}",-0.003549297425999061,0.8021739346077651,False,[]
QUASI,QUASI (frozen Cartesian port),ellipses,4,128,96,75,reconstructed,0.5984867926568503,0.5984867926568503,0.0,0.046227463086449594,0.045909243097639565,0.00031821998881002844,,,,"{""bulge"": -0.0007035001509631093, ""chord_length"": 0.34892096164152403, ""conservative_fallback"": false, ""curvature_midpoint"": 0.046227463086449594, ""fallback_reasons"": []}",-0.0007035001509631093,0.34892096164152403,False,[]
QUASI,QUASI (frozen Cartesian port),ellipses,4,128,96,84,reconstructed,0.5562326238946049,0.5562326238946049,0.0,0.2700253744353244,0.08470523945651008,0.18532013497881428,,,,"{""bulge"": 0.01290008540885367, ""chord_length"": 0.6182142306525406, ""conservative_fallback"": false, ""curvature_midpoint"": -0.2700253744353244, ""fallback_reasons"": []}",0.01290008540885367,0.6182142306525406,False,[]
QUASI,QUASI (frozen Cartesian port),ellipses,4,128,96,85,reconstructed,0.3737239460516749,0.3737239460516749,0.0,0.5778514222662243,0.08917138163956141,0.4886800406266629,,,,"{""bulge"": -0.05325956071973865, ""chord_length"": 0.8586885862646253, ""conservative_fallback"": false, ""curvature_midpoint"": 0.5778514222662243, ""fallback_reasons"": []}",-0.05325956071973865,0.8586885862646253,False,[]
QUASI,QUASI (frozen Cartesian port),ellipses,4,128,96,86,reconstructed,0.1386316671192727,0.13863166711927272,2.7755575615628914e-17,3.3438762786470337,0.09426576407173586,3.249610514575298,,,,"{""bulge"": 0.2736222827726909, ""chord_length"": 0.8090877470109248, ""conservative_fallback"": false, ""curvature_midpoint"": -3.3438762786470337, ""fallback_reasons"": []}",0.2736222827726909,0.8090877470109248,False,[]
QUASI,QUASI (frozen Cartesian port),ellipses,4,128,96,87,reconstructed,1.0834674560365829e-05,1.083467456036713e-05,1.3010426069826053e-18,2.957109152803826,0.09516033161718204,2.861948821186644,,,,"{""bulge"": 0.08757151564108046, ""chord_length"": 0.4867351932316471, ""conservative_fallback"": false, ""curvature_midpoint"": -2.957109152803826, ""fallback_reasons"": []}",0.08757151564108046,0.4867351932316471,False,[]
QUASI,QUASI (frozen Cartesian port),ellipses,4,128,97,75,reconstructed,0.01838116627220439,0.01838116627220439,0.0,0.047015741196165105,0.0473505986884454,0.0003348574922802938,,,,"{""bulge"": -0.0011747820891227212, ""chord_length"": 0.4470972599093157, ""conservative_fallback"": false, ""curvature_midpoint"": 0.047015741196165105, ""fallback_reasons"": []}",-0.0011747820891227212,0.4470972599093157,False,[]
QUASI,QUASI (frozen Cartesian port),ellipses,4,128,97,76,reconstructed,0.11365325156114975,0.11365325156114975,0.0,0.04980485276457047,0.04973628233976498,6.85704248054933e-05,,,,"{""bulge"": -0.003891860025353034, ""chord_length"": 0.7906563609308471, ""conservative_fallback"": false, ""curvature_midpoint"": 0.04980485276457047, ""fallback_reasons"": []}",-0.003891860025353034,0.7906563609308471,False,[]
QUASI,QUASI (frozen Cartesian port),ellipses,4,128,97,77,reconstructed,0.1961819016083949,0.1961819016083949,0.0,0.05244719363279439,0.053044277221528775,0.0005970835887343859,,,,"{""bulge"": -0.004053902530150896, ""chord_length"": 0.786358376554778, ""conservative_fallback"": false, ""curvature_midpoint"": 0.05244719363279439, ""fallback_reasons"": []}",-0.004053902530150896,0.786358376554778,False,[]
QUASI,QUASI (frozen Cartesian port),ellipses,4,128,97,78,reconstructed,0.2528898799223201,0.2528898799223201,0.0,0.05896035181404887,0.05664964035167233,0.00231071146237654,,,,"{""bulge"": -0.004520679883206391, ""chord_length"": 0.7831894666276715, ""conservative_fallback"": false, ""curvature_midpoint"": 0.05896035181404887, ""fallback_reasons"": []}",-0.004520679883206391,0.7831894666276715,False,[]
QUASI,QUASI (frozen Cartesian port),ellipses,4,128,97,79,reconstructed,0.28234640786027587,0.28234640786027587,0.0,0.051976186191912355,0.060564048779042624,0.00858786258713027,,,,"{""bulge"": -0.003968353944400491, ""chord_length"": 0.7815342027928863, ""conservative_fallback"": false, ""curvature_midpoint"": 0.051976186191912355, ""fallback_reasons"": []}",-0.003968353944400491,0.7815342027928863,False,[]
QUASI,QUASI (frozen Cartesian port),ellipses,4,128,97,80,reconstructed,0.2828558600259597,0.2828558600259597,0.0,0.09682429713725693,0.0647850210287904,0.03203927610846653,,,,"{""bulge"": -0.0073942787091388455, ""chord_length"": 0.7816291095459306, ""conservative_fallback"": false, ""curvature_midpoint"": 0.09682429713725693, ""fallback_reasons"": []}",-0.0073942787091388455,0.7816291095459306,False,[]
QUASI,QUASI (frozen Cartesian port),ellipses,4,128,97,81,reconstructed,0.252396220511847,0.252396220511847,0.0,0.04988175783080901,0.06931096395767865,0.019429206126869637,,,,"{""bulge"": 0.003815004195849046, ""chord_length"": 0.7822068748566211, ""conservative_fallback"": false, ""curvature_midpoint"": -0.04988175783080901, ""fallback_reasons"": []}",0.003815004195849046,0.7822068748566211,False,[]
QUASI,QUASI (frozen Cartesian port),ellipses,4,128,97,82,reconstructed,0.18853629874939395,0.18853629874939395,0.0,0.5182691950583812,0.07410638879670024,0.444162806261681,,,,"{""bulge"": -0.041811628332445526, ""chord_length"": 0.803370418375113, ""conservative_fallback"": false, ""curvature_midpoint"": 0.5182691950583812, ""fallback_reasons"": []}",-0.041811628332445526,0.803370418375113,False,[]
QUASI,QUASI (frozen Cartesian port),ellipses,4,128,97,83,reconstructed,0.08832212285611062,0.08832212285611062,0.0,2.506632487287037,0.0796786770727122,2.426953810214325,,,,"{""bulge"": 0.21989055236499053, ""chord_length"": 0.8377278363313067, ""conservative_fallback"": false, ""curvature_midpoint"": -2.506632487287037, ""fallback_reasons"": []}",0.21989055236499053,0.8377278363313067,False,[]
QUASI,QUASI (frozen Cartesian port),ellipses,4,128,97,84,reconstructed,0.002236246555069544,0.00223624655506955,6.071532165918825e-18,4.524356721831196,0.08104523591503658,4.443311485916159,,,,"{""bulge"": 0.11982422834594286, ""chord_length"": 0.46029779472497767, ""conservative_fallback"": false, ""curvature_midpoint"": -4.524356721831196, ""fallback_reasons"": []}",0.11982422834594286,0.46029779472497767,False,[]
