experiment,method,N,wiggle,case_count,mixed_cells,components,final_facet_linear_cell_count,final_facet_linear_cell_fraction,final_facet_linear_component_count,final_facet_linear_component_fraction,final_facet_linear_event_count,final_facet_circular_cell_count,final_facet_circular_cell_fraction,final_facet_circular_component_count,final_facet_circular_component_fraction,final_facet_circular_event_count,final_facet_linear_corner_cell_count,final_facet_linear_corner_cell_fraction,final_facet_linear_corner_component_count,final_facet_linear_corner_component_fraction,final_facet_linear_corner_event_count,final_facet_curved_corner_cell_count,final_facet_curved_corner_cell_fraction,final_facet_curved_corner_component_count,final_facet_curved_corner_component_fraction,final_facet_curved_corner_event_count,merge_merged_cell_count,merge_merged_cell_fraction,merge_merged_component_count,merge_merged_component_fraction,merge_merged_event_count,merge_independent_cell_count,merge_independent_cell_fraction,merge_independent_component_count,merge_independent_component_fraction,merge_independent_event_count,plic_fallback_policy_LVIRA_cell_count,plic_fallback_policy_LVIRA_cell_fraction,plic_fallback_policy_LVIRA_component_count,plic_fallback_policy_LVIRA_component_fraction,plic_fallback_policy_LVIRA_event_count,rescue_exact_linear_support_cell_count,rescue_exact_linear_support_cell_fraction,rescue_exact_linear_support_component_count,rescue_exact_linear_support_component_fraction,rescue_exact_linear_support_event_count,local_linear_fallback_arc_fit_failed_cell_count,local_linear_fallback_arc_fit_failed_cell_fraction,local_linear_fallback_arc_fit_failed_component_count,local_linear_fallback_arc_fit_failed_component_fraction,local_linear_fallback_arc_fit_failed_event_count
circles,ELVIRA,100,0,25,2000,2000,2000,1,2000,1,0,0,0,0,0,0,0,0,0,0,0,0,0,0,0,0,0,0,0,0,0,2000,1,2000,1,0,0,0,0,0,0,0,0,0,0,0,0,0,0,0,0
circles,ELVIRA,100,0.05,25,2002,2002,2002,1,2002,1,0,0,0,0,0,0,0,0,0,0,0,0,0,0,0,0,0,0,0,0,0,2002,1,2002,1,0,0,0,0,0,0,0,0,0,0,0,0,0,0,0,0
circles,ELVIRA,100,0.1,25,2010,2010,2010,1,2010,1,0,0,0,0,0,0,0,0,0,0,0,0,0,0,0,0,0,0,0,0,0,2010,1,2010,1,0,0,0,0,0,0,0,0,0,0,0,0,0,0,0,0
circles,ELVIRA,100,0.2,25,2041,2041,2041,1,2041,1,0,0,0,0,0,0,0,0,0,0,0,0,0,0,0,0,0,0,0,0,0,2041,1,2041,1,0,0,0,0,0,0,0,0,0,0,0,0,0,0,0,0
circles,ELVIRA,100,0.3,25,2087,2087,2087,1,2087,1,0,0,0,0,0,0,0,0,0,0,0,0,0,0,0,0,0,0,0,0,0,2087,1,2087,1,0,0,0,0,0,0,0,0,0,0,0,0,0,0,0,0
circles,ELVIRA,128,0,25,2549,2549,2549,1,2549,1,0,0,0,0,0,0,0,0,0,0,0,0,0,0,0,0,0,0,0,0,0,2549,1,2549,1,0,0,0,0,0,0,0,0,0,0,0,0,0,0,0,0
circles,ELVIRA,128,0.05,25,2549,2549,2549,1,2549,1,0,0,0,0,0,0,0,0,0,0,0,0,0,0,0,0,0,0,0,0,0,2549,1,2549,1,0,0,0,0,0,0,0,0,0,0,0,0,0,0,0,0
circles,ELVIRA,128,0.1,25,2552,2552,2552,1,2552,1,0,0,0,0,0,0,0,0,0,0,0,0,0,0,0,0,0,0,0,0,0,2552,1,2552,1,0,0,0,0,0,0,0,0,0,0,0,0,0,0,0,0
circles,ELVIRA,128,0.2,25,2577,2577,2577,1,2577,1,0,0,0,0,0,0,0,0,0,0,0,0,0,0,0,0,0,0,0,0,0,2577,1,2577,1,0,0,0,0,0,0,0,0,0,0,0,0,0,0,0,0
circles,ELVIRA,128,0.3,25,2614,2614,2614,1,2614,1,0,0,0,0,0,0,0,0,0,0,0,0,0,0,0,0,0,0,0,0,0,2614,1,2614,1,0,0,0,0,0,0,0,0,0,0,0,0,0,0,0,0
circles,ELVIRA,150,0,25,3000,3000,3000,1,3000,1,0,0,0,0,0,0,0,0,0,0,0,0,0,0,0,0,0,0,0,0,0,3000,1,3000,1,0,0,0,0,0,0,0,0,0,0,0,0,0,0,0,0
circles,ELVIRA,150,0.05,25,3000,3000,3000,1,3000,1,0,0,0,0,0,0,0,0,0,0,0,0,0,0,0,0,0,0,0,0,0,3000,1,3000,1,0,0,0,0,0,0,0,0,0,0,0,0,0,0,0,0
circles,ELVIRA,150,0.1,25,3005,3005,3005,1,3005,1,0,0,0,0,0,0,0,0,0,0,0,0,0,0,0,0,0,0,0,0,0,3005,1,3005,1,0,0,0,0,0,0,0,0,0,0,0,0,0,0,0,0
circles,ELVIRA,150,0.2,25,3044,3044,3044,1,3044,1,0,0,0,0,0,0,0,0,0,0,0,0,0,0,0,0,0,0,0,0,0,3044,1,3044,1,0,0,0,0,0,0,0,0,0,0,0,0,0,0,0,0
circles,ELVIRA,150,0.3,25,3080,3080,3080,1,3080,1,0,0,0,0,0,0,0,0,0,0,0,0,0,0,0,0,0,0,0,0,0,3080,1,3080,1,0,0,0,0,0,0,0,0,0,0,0,0,0,0,0,0
circles,ELVIRA,32,0,25,652,652,652,1,652,1,0,0,0,0,0,0,0,0,0,0,0,0,0,0,0,0,0,0,0,0,0,652,1,652,1,0,0,0,0,0,0,0,0,0,0,0,0,0,0,0,0
circles,ELVIRA,32,0.05,25,654,654,654,1,654,1,0,0,0,0,0,0,0,0,0,0,0,0,0,0,0,0,0,0,0,0,0,654,1,654,1,0,0,0,0,0,0,0,0,0,0,0,0,0,0,0,0
circles,ELVIRA,32,0.1,25,656,656,656,1,656,1,0,0,0,0,0,0,0,0,0,0,0,0,0,0,0,0,0,0,0,0,0,656,1,656,1,0,0,0,0,0,0,0,0,0,0,0,0,0,0,0,0
circles,ELVIRA,32,0.2,25,663,663,663,1,663,1,0,0,0,0,0,0,0,0,0,0,0,0,0,0,0,0,0,0,0,0,0,663,1,663,1,0,0,0,0,0,0,0,0,0,0,0,0,0,0,0,0
circles,ELVIRA,32,0.3,25,673,673,673,1,673,1,0,0,0,0,0,0,0,0,0,0,0,0,0,0,0,0,0,0,0,0,0,673,1,673,1,0,0,0,0,0,0,0,0,0,0,0,0,0,0,0,0
circles,ELVIRA,50,0,25,1000,1000,1000,1,1000,1,0,0,0,0,0,0,0,0,0,0,0,0,0,0,0,0,0,0,0,0,0,1000,1,1000,1,0,0,0,0,0,0,0,0,0,0,0,0,0,0,0,0
circles,ELVIRA,50,0.05,25,1000,1000,1000,1,1000,1,0,0,0,0,0,0,0,0,0,0,0,0,0,0,0,0,0,0,0,0,0,1000,1,1000,1,0,0,0,0,0,0,0,0,0,0,0,0,0,0,0,0
circles,ELVIRA,50,0.1,25,1002,1002,1002,1,1002,1,0,0,0,0,0,0,0,0,0,0,0,0,0,0,0,0,0,0,0,0,0,1002,1,1002,1,0,0,0,0,0,0,0,0,0,0,0,0,0,0,0,0
circles,ELVIRA,50,0.2,25,1016,1016,1016,1,1016,1,0,0,0,0,0,0,0,0,0,0,0,0,0,0,0,0,0,0,0,0,0,1016,1,1016,1,0,0,0,0,0,0,0,0,0,0,0,0,0,0,0,0
circles,ELVIRA,50,0.3,25,1042,1042,1042,1,1042,1,0,0,0,0,0,0,0,0,0,0,0,0,0,0,0,0,0,0,0,0,0,1042,1,1042,1,0,0,0,0,0,0,0,0,0,0,0,0,0,0,0,0
circles,ELVIRA,64,0,25,1258,1258,1258,1,1258,1,0,0,0,0,0,0,0,0,0,0,0,0,0,0,0,0,0,0,0,0,0,1258,1,1258,1,0,0,0,0,0,0,0,0,0,0,0,0,0,0,0,0
circles,ELVIRA,64,0.05,25,1261,1261,1261,1,1261,1,0,0,0,0,0,0,0,0,0,0,0,0,0,0,0,0,0,0,0,0,0,1261,1,1261,1,0,0,0,0,0,0,0,0,0,0,0,0,0,0,0,0
circles,ELVIRA,64,0.1,25,1268,1268,1268,1,1268,1,0,0,0,0,0,0,0,0,0,0,0,0,0,0,0,0,0,0,0,0,0,1268,1,1268,1,0,0,0,0,0,0,0,0,0,0,0,0,0,0,0,0
circles,ELVIRA,64,0.2,25,1284,1284,1284,1,1284,1,0,0,0,0,0,0,0,0,0,0,0,0,0,0,0,0,0,0,0,0,0,1284,1,1284,1,0,0,0,0,0,0,0,0,0,0,0,0,0,0,0,0
circles,ELVIRA,64,0.3,25,1316,1316,1316,1,1316,1,0,0,0,0,0,0,0,0,0,0,0,0,0,0,0,0,0,0,0,0,0,1316,1,1316,1,0,0,0,0,0,0,0,0,0,0,0,0,0,0,0,0
circles,LVIRA,100,0,25,2000,2000,2000,1,2000,1,0,0,0,0,0,0,0,0,0,0,0,0,0,0,0,0,0,0,0,0,0,2000,1,2000,1,0,0,0,0,0,0,0,0,0,0,0,0,0,0,0,0
circles,LVIRA,100,0.05,25,2002,2002,2002,1,2002,1,0,0,0,0,0,0,0,0,0,0,0,0,0,0,0,0,0,0,0,0,0,2002,1,2002,1,0,0,0,0,0,0,0,0,0,0,0,0,0,0,0,0
circles,LVIRA,100,0.1,25,2010,2010,2010,1,2010,1,0,0,0,0,0,0,0,0,0,0,0,0,0,0,0,0,0,0,0,0,0,2010,1,2010,1,0,0,0,0,0,0,0,0,0,0,0,0,0,0,0,0
circles,LVIRA,100,0.2,25,2041,2041,2041,1,2041,1,0,0,0,0,0,0,0,0,0,0,0,0,0,0,0,0,0,0,0,0,0,2041,1,2041,1,0,0,0,0,0,0,0,0,0,0,0,0,0,0,0,0
circles,LVIRA,100,0.3,25,2087,2087,2087,1,2087,1,0,0,0,0,0,0,0,0,0,0,0,0,0,0,0,0,0,0,0,0,0,2087,1,2087,1,0,0,0,0,0,0,0,0,0,0,0,0,0,0,0,0
circles,LVIRA,128,0,25,2549,2549,2549,1,2549,1,0,0,0,0,0,0,0,0,0,0,0,0,0,0,0,0,0,0,0,0,0,2549,1,2549,1,0,0,0,0,0,0,0,0,0,0,0,0,0,0,0,0
circles,LVIRA,128,0.05,25,2549,2549,2549,1,2549,1,0,0,0,0,0,0,0,0,0,0,0,0,0,0,0,0,0,0,0,0,0,2549,1,2549,1,0,0,0,0,0,0,0,0,0,0,0,0,0,0,0,0
circles,LVIRA,128,0.1,25,2552,2552,2552,1,2552,1,0,0,0,0,0,0,0,0,0,0,0,0,0,0,0,0,0,0,0,0,0,2552,1,2552,1,0,0,0,0,0,0,0,0,0,0,0,0,0,0,0,0
circles,LVIRA,128,0.2,25,2577,2577,2577,1,2577,1,0,0,0,0,0,0,0,0,0,0,0,0,0,0,0,0,0,0,0,0,0,2577,1,2577,1,0,0,0,0,0,0,0,0,0,0,0,0,0,0,0,0
circles,LVIRA,128,0.3,25,2614,2614,2614,1,2614,1,0,0,0,0,0,0,0,0,0,0,0,0,0,0,0,0,0,0,0,0,0,2614,1,2614,1,0,0,0,0,0,0,0,0,0,0,0,0,0,0,0,0
circles,LVIRA,150,0,25,3000,3000,3000,1,3000,1,0,0,0,0,0,0,0,0,0,0,0,0,0,0,0,0,0,0,0,0,0,3000,1,3000,1,0,0,0,0,0,0,0,0,0,0,0,0,0,0,0,0
circles,LVIRA,150,0.05,25,3000,3000,3000,1,3000,1,0,0,0,0,0,0,0,0,0,0,0,0,0,0,0,0,0,0,0,0,0,3000,1,3000,1,0,0,0,0,0,0,0,0,0,0,0,0,0,0,0,0
circles,LVIRA,150,0.1,25,3005,3005,3005,1,3005,1,0,0,0,0,0,0,0,0,0,0,0,0,0,0,0,0,0,0,0,0,0,3005,1,3005,1,0,0,0,0,0,0,0,0,0,0,0,0,0,0,0,0
circles,LVIRA,150,0.2,25,3044,3044,3044,1,3044,1,0,0,0,0,0,0,0,0,0,0,0,0,0,0,0,0,0,0,0,0,0,3044,1,3044,1,0,0,0,0,0,0,0,0,0,0,0,0,0,0,0,0
circles,LVIRA,150,0.3,25,3080,3080,3080,1,3080,1,0,0,0,0,0,0,0,0,0,0,0,0,0,0,0,0,0,0,0,0,0,3080,1,3080,1,0,0,0,0,0,0,0,0,0,0,0,0,0,0,0,0
circles,LVIRA,32,0,25,652,652,652,1,652,1,0,0,0,0,0,0,0,0,0,0,0,0,0,0,0,0,0,0,0,0,0,652,1,652,1,0,0,0,0,0,0,0,0,0,0,0,0,0,0,0,0
circles,LVIRA,32,0.05,25,654,654,654,1,654,1,0,0,0,0,0,0,0,0,0,0,0,0,0,0,0,0,0,0,0,0,0,654,1,654,1,0,0,0,0,0,0,0,0,0,0,0,0,0,0,0,0
circles,LVIRA,32,0.1,25,656,656,656,1,656,1,0,0,0,0,0,0,0,0,0,0,0,0,0,0,0,0,0,0,0,0,0,656,1,656,1,0,0,0,0,0,0,0,0,0,0,0,0,0,0,0,0
circles,LVIRA,32,0.2,25,663,663,663,1,663,1,0,0,0,0,0,0,0,0,0,0,0,0,0,0,0,0,0,0,0,0,0,663,1,663,1,0,0,0,0,0,0,0,0,0,0,0,0,0,0,0,0
circles,LVIRA,32,0.3,25,673,673,673,1,673,1,0,0,0,0,0,0,0,0,0,0,0,0,0,0,0,0,0,0,0,0,0,673,1,673,1,0,0,0,0,0,0,0,0,0,0,0,0,0,0,0,0
circles,LVIRA,50,0,25,1000,1000,1000,1,1000,1,0,0,0,0,0,0,0,0,0,0,0,0,0,0,0,0,0,0,0,0,0,1000,1,1000,1,0,0,0,0,0,0,0,0,0,0,0,0,0,0,0,0
circles,LVIRA,50,0.05,25,1000,1000,1000,1,1000,1,0,0,0,0,0,0,0,0,0,0,0,0,0,0,0,0,0,0,0,0,0,1000,1,1000,1,0,0,0,0,0,0,0,0,0,0,0,0,0,0,0,0
circles,LVIRA,50,0.1,25,1002,1002,1002,1,1002,1,0,0,0,0,0,0,0,0,0,0,0,0,0,0,0,0,0,0,0,0,0,1002,1,1002,1,0,0,0,0,0,0,0,0,0,0,0,0,0,0,0,0
circles,LVIRA,50,0.2,25,1016,1016,1016,1,1016,1,0,0,0,0,0,0,0,0,0,0,0,0,0,0,0,0,0,0,0,0,0,1016,1,1016,1,0,0,0,0,0,0,0,0,0,0,0,0,0,0,0,0
circles,LVIRA,50,0.3,25,1042,1042,1042,1,1042,1,0,0,0,0,0,0,0,0,0,0,0,0,0,0,0,0,0,0,0,0,0,1042,1,1042,1,0,0,0,0,0,0,0,0,0,0,0,0,0,0,0,0
circles,LVIRA,64,0,25,1258,1258,1258,1,1258,1,0,0,0,0,0,0,0,0,0,0,0,0,0,0,0,0,0,0,0,0,0,1258,1,1258,1,0,0,0,0,0,0,0,0,0,0,0,0,0,0,0,0
circles,LVIRA,64,0.05,25,1261,1261,1261,1,1261,1,0,0,0,0,0,0,0,0,0,0,0,0,0,0,0,0,0,0,0,0,0,1261,1,1261,1,0,0,0,0,0,0,0,0,0,0,0,0,0,0,0,0
circles,LVIRA,64,0.1,25,1268,1268,1268,1,1268,1,0,0,0,0,0,0,0,0,0,0,0,0,0,0,0,0,0,0,0,0,0,1268,1,1268,1,0,0,0,0,0,0,0,0,0,0,0,0,0,0,0,0
circles,LVIRA,64,0.2,25,1284,1284,1284,1,1284,1,0,0,0,0,0,0,0,0,0,0,0,0,0,0,0,0,0,0,0,0,0,1284,1,1284,1,0,0,0,0,0,0,0,0,0,0,0,0,0,0,0,0
circles,LVIRA,64,0.3,25,1316,1316,1316,1,1316,1,0,0,0,0,0,0,0,0,0,0,0,0,0,0,0,0,0,0,0,0,0,1316,1,1316,1,0,0,0,0,0,0,0,0,0,0,0,0,0,0,0,0
circles,Youngs,100,0,25,2000,2000,2000,1,2000,1,0,0,0,0,0,0,0,0,0,0,0,0,0,0,0,0,0,0,0,0,0,2000,1,2000,1,0,0,0,0,0,0,0,0,0,0,0,0,0,0,0,0
circles,Youngs,100,0.05,25,2002,2002,2002,1,2002,1,0,0,0,0,0,0,0,0,0,0,0,0,0,0,0,0,0,0,0,0,0,2002,1,2002,1,0,0,0,0,0,0,0,0,0,0,0,0,0,0,0,0
circles,Youngs,100,0.1,25,2010,2010,2010,1,2010,1,0,0,0,0,0,0,0,0,0,0,0,0,0,0,0,0,0,0,0,0,0,2010,1,2010,1,0,0,0,0,0,0,0,0,0,0,0,0,0,0,0,0
circles,Youngs,100,0.2,25,2041,2041,2041,1,2041,1,0,0,0,0,0,0,0,0,0,0,0,0,0,0,0,0,0,0,0,0,0,2041,1,2041,1,0,0,0,0,0,0,0,0,0,0,0,0,0,0,0,0
circles,Youngs,100,0.3,25,2087,2087,2087,1,2087,1,0,0,0,0,0,0,0,0,0,0,0,0,0,0,0,0,0,0,0,0,0,2087,1,2087,1,0,0,0,0,0,0,0,0,0,0,0,0,0,0,0,0
circles,Youngs,128,0,25,2549,2549,2549,1,2549,1,0,0,0,0,0,0,0,0,0,0,0,0,0,0,0,0,0,0,0,0,0,2549,1,2549,1,0,0,0,0,0,0,0,0,0,0,0,0,0,0,0,0
circles,Youngs,128,0.05,25,2549,2549,2549,1,2549,1,0,0,0,0,0,0,0,0,0,0,0,0,0,0,0,0,0,0,0,0,0,2549,1,2549,1,0,0,0,0,0,0,0,0,0,0,0,0,0,0,0,0
circles,Youngs,128,0.1,25,2552,2552,2552,1,2552,1,0,0,0,0,0,0,0,0,0,0,0,0,0,0,0,0,0,0,0,0,0,2552,1,2552,1,0,0,0,0,0,0,0,0,0,0,0,0,0,0,0,0
circles,Youngs,128,0.2,25,2577,2577,2577,1,2577,1,0,0,0,0,0,0,0,0,0,0,0,0,0,0,0,0,0,0,0,0,0,2577,1,2577,1,0,0,0,0,0,0,0,0,0,0,0,0,0,0,0,0
circles,Youngs,128,0.3,25,2614,2614,2614,1,2614,1,0,0,0,0,0,0,0,0,0,0,0,0,0,0,0,0,0,0,0,0,0,2614,1,2614,1,0,0,0,0,0,0,0,0,0,0,0,0,0,0,0,0
circles,Youngs,150,0,25,3000,3000,3000,1,3000,1,0,0,0,0,0,0,0,0,0,0,0,0,0,0,0,0,0,0,0,0,0,3000,1,3000,1,0,0,0,0,0,0,0,0,0,0,0,0,0,0,0,0
circles,Youngs,150,0.05,25,3000,3000,3000,1,3000,1,0,0,0,0,0,0,0,0,0,0,0,0,0,0,0,0,0,0,0,0,0,3000,1,3000,1,0,0,0,0,0,0,0,0,0,0,0,0,0,0,0,0
circles,Youngs,150,0.1,25,3005,3005,3005,1,3005,1,0,0,0,0,0,0,0,0,0,0,0,0,0,0,0,0,0,0,0,0,0,3005,1,3005,1,0,0,0,0,0,0,0,0,0,0,0,0,0,0,0,0
circles,Youngs,150,0.2,25,3044,3044,3044,1,3044,1,0,0,0,0,0,0,0,0,0,0,0,0,0,0,0,0,0,0,0,0,0,3044,1,3044,1,0,0,0,0,0,0,0,0,0,0,0,0,0,0,0,0
circles,Youngs,150,0.3,25,3080,3080,3080,1,3080,1,0,0,0,0,0,0,0,0,0,0,0,0,0,0,0,0,0,0,0,0,0,3080,1,3080,1,0,0,0,0,0,0,0,0,0,0,0,0,0,0,0,0
circles,Youngs,32,0,25,652,652,652,1,652,1,0,0,0,0,0,0,0,0,0,0,0,0,0,0,0,0,0,0,0,0,0,652,1,652,1,0,0,0,0,0,0,0,0,0,0,0,0,0,0,0,0
circles,Youngs,32,0.05,25,654,654,654,1,654,1,0,0,0,0,0,0,0,0,0,0,0,0,0,0,0,0,0,0,0,0,0,654,1,654,1,0,0,0,0,0,0,0,0,0,0,0,0,0,0,0,0
circles,Youngs,32,0.1,25,656,656,656,1,656,1,0,0,0,0,0,0,0,0,0,0,0,0,0,0,0,0,0,0,0,0,0,656,1,656,1,0,0,0,0,0,0,0,0,0,0,0,0,0,0,0,0
circles,Youngs,32,0.2,25,663,663,663,1,663,1,0,0,0,0,0,0,0,0,0,0,0,0,0,0,0,0,0,0,0,0,0,663,1,663,1,0,0,0,0,0,0,0,0,0,0,0,0,0,0,0,0
circles,Youngs,32,0.3,25,673,673,673,1,673,1,0,0,0,0,0,0,0,0,0,0,0,0,0,0,0,0,0,0,0,0,0,673,1,673,1,0,0,0,0,0,0,0,0,0,0,0,0,0,0,0,0
circles,Youngs,50,0,25,1000,1000,1000,1,1000,1,0,0,0,0,0,0,0,0,0,0,0,0,0,0,0,0,0,0,0,0,0,1000,1,1000,1,0,0,0,0,0,0,0,0,0,0,0,0,0,0,0,0
circles,Youngs,50,0.05,25,1000,1000,1000,1,1000,1,0,0,0,0,0,0,0,0,0,0,0,0,0,0,0,0,0,0,0,0,0,1000,1,1000,1,0,0,0,0,0,0,0,0,0,0,0,0,0,0,0,0
circles,Youngs,50,0.1,25,1002,1002,1002,1,1002,1,0,0,0,0,0,0,0,0,0,0,0,0,0,0,0,0,0,0,0,0,0,1002,1,1002,1,0,0,0,0,0,0,0,0,0,0,0,0,0,0,0,0
circles,Youngs,50,0.2,25,1016,1016,1016,1,1016,1,0,0,0,0,0,0,0,0,0,0,0,0,0,0,0,0,0,0,0,0,0,1016,1,1016,1,0,0,0,0,0,0,0,0,0,0,0,0,0,0,0,0
circles,Youngs,50,0.3,25,1042,1042,1042,1,1042,1,0,0,0,0,0,0,0,0,0,0,0,0,0,0,0,0,0,0,0,0,0,1042,1,1042,1,0,0,0,0,0,0,0,0,0,0,0,0,0,0,0,0
circles,Youngs,64,0,25,1258,1258,1258,1,1258,1,0,0,0,0,0,0,0,0,0,0,0,0,0,0,0,0,0,0,0,0,0,1258,1,1258,1,0,0,0,0,0,0,0,0,0,0,0,0,0,0,0,0
circles,Youngs,64,0.05,25,1261,1261,1261,1,1261,1,0,0,0,0,0,0,0,0,0,0,0,0,0,0,0,0,0,0,0,0,0,1261,1,1261,1,0,0,0,0,0,0,0,0,0,0,0,0,0,0,0,0
circles,Youngs,64,0.1,25,1268,1268,1268,1,1268,1,0,0,0,0,0,0,0,0,0,0,0,0,0,0,0,0,0,0,0,0,0,1268,1,1268,1,0,0,0,0,0,0,0,0,0,0,0,0,0,0,0,0
circles,Youngs,64,0.2,25,1284,1284,1284,1,1284,1,0,0,0,0,0,0,0,0,0,0,0,0,0,0,0,0,0,0,0,0,0,1284,1,1284,1,0,0,0,0,0,0,0,0,0,0,0,0,0,0,0,0
circles,Youngs,64,0.3,25,1316,1316,1316,1,1316,1,0,0,0,0,0,0,0,0,0,0,0,0,0,0,0,0,0,0,0,0,0,1316,1,1316,1,0,0,0,0,0,0,0,0,0,0,0,0,0,0,0,0
circles,circular,100,0,25,2000,2000,0,0,0,0,0,2000,1,2000,1,0,0,0,0,0,0,0,0,0,0,0,0,0,0,0,0,2000,1,2000,1,0,0,0,0,0,0,0,0,0,0,0,0,0,0,0,0
circles,circular,100,0.05,25,2002,2002,2,0.000999000999000999,2,0.000999000999000999,0,2000,0.99900099900099903,2000,0.99900099900099903,0,0,0,0,0,0,0,0,0,0,0,0,0,0,0,0,2002,1,2002,1,0,2,0.000999000999000999,2,0.000999000999000999,2,0,0,0,0,0,0,0,0,0,0
circles,circular,100,0.1,25,2010,2010,0,0,0,0,0,2010,1,2010,1,0,0,0,0,0,0,0,0,0,0,0,0,0,0,0,0,2010,1,2010,1,0,0,0,0,0,0,0,0,0,0,0,0,0,0,0,0
circles,circular,100,0.2,25,2041,2038,0,0,0,0,0,2041,1,2038,1,0,0,0,0,0,0,0,0,0,0,0,6,0.0029397354238118569,3,0.0014720314033366045,0,2035,0.99706026457618813,2035,0.99852796859666337,0,0,0,0,0,0,0,0,0,0,0,0,0,0,0,0
circles,circular,100,0.3,25,2087,2086,0,0,0,0,0,2087,1,2086,1,0,0,0,0,0,0,0,0,0,0,0,2,0.00095831336847149022,1,0.00047938638542665386,0,2085,0.99904168663152848,2085,0.99952061361457334,0,0,0,0,0,0,0,0,0,0,0,0,0,0,0,0
circles,circular,128,0,25,2549,2548,0,0,0,0,0,2549,1,2548,1,0,0,0,0,0,0,0,0,0,0,0,2,0.00078462142016477048,1,0.00039246467817896392,0,2547,0.99921537857983522,2547,0.99960753532182101,0,0,0,0,0,0,0,0,0,0,0,0,0,0,0,0
circles,circular,128,0.05,25,2549,2548,0,0,0,0,0,2549,1,2548,1,0,0,0,0,0,0,0,0,0,0,0,2,0.00078462142016477048,1,0.00039246467817896392,0,2547,0.99921537857983522,2547,0.99960753532182101,0,0,0,0,0,0,0,0,0,0,0,0,0,0,0,0
circles,circular,128,0.1,25,2552,2550,0,0,0,0,0,2552,1,2550,1,0,0,0,0,0,0,0,0,0,0,0,4,0.001567398119122257,2,0.00078431372549019605,0,2548,0.99843260188087779,2548,0.99921568627450985,0,0,0,0,0,0,0,0,0,0,0,0,0,0,0,0
circles,circular,128,0.2,25,2577,2576,0,0,0,0,0,2577,1,2576,1,0,0,0,0,0,0,0,0,0,0,0,2,0.00077609623593325567,1,0.00038819875776397513,0,2575,0.99922390376406678,2575,0.99961180124223603,0,0,0,0,0,0,0,0,0,0,0,0,0,0,0,0
circles,circular,128,0.3,25,2614,2614,5,0.0019127773527161439,5,0.0019127773527161439,0,2609,0.99808722264728389,2609,0.99808722264728389,0,0,0,0,0,0,0,0,0,0,0,0,0,0,0,0,2614,1,2614,1,0,0,0,0,0,0,0,0,0,0,0,0,0,0,0,0
circles,circular,150,0,25,3000,3000,0,0,0,0,0,3000,1,3000,1,0,0,0,0,0,0,0,0,0,0,0,0,0,0,0,0,3000,1,3000,1,0,0,0,0,0,0,0,0,0,0,0,0,0,0,0,0
circles,circular,150,0.05,25,3000,3000,0,0,0,0,0,3000,1,3000,1,0,0,0,0,0,0,0,0,0,0,0,0,0,0,0,0,3000,1,3000,1,0,0,0,0,0,0,0,0,0,0,0,0,0,0,0,0
circles,circular,150,0.1,25,3005,3004,3,0.00099833610648918472,3,0.00099866844207723037,0,3002,0.99900166389351086,3001,0.99900133155792281,0,0,0,0,0,0,0,0,0,0,0,2,0.00066555740432612314,1,0.00033288948069241014,0,3003,0.99933444259567383,3003,0.99966711051930757,0,2,0.00066555740432612314,2,0.00066577896138482028,2,0,0,0,0,0,0,0,0,0,0
circles,circular,150,0.2,25,3044,3044,0,0,0,0,0,3044,1,3044,1,0,0,0,0,0,0,0,0,0,0,0,0,0,0,0,0,3044,1,3044,1,0,0,0,0,0,0,0,0,0,0,0,0,0,0,0,0
circles,circular,150,0.3,25,3080,3080,0,0,0,0,0,3080,1,3080,1,0,0,0,0,0,0,0,0,0,0,0,0,0,0,0,0,3080,1,3080,1,0,0,0,0,0,0,0,0,0,0,0,0,0,0,0,0
circles,circular,32,0,25,652,650,0,0,0,0,0,652,1,650,1,0,0,0,0,0,0,0,0,0,0,0,4,0.0061349693251533744,2,0.0030769230769230769,0,648,0.99386503067484666,648,0.99692307692307691,0,0,0,0,0,0,0,0,0,0,0,0,0,0,0,0
circles,circular,32,0.05,25,654,654,0,0,0,0,0,654,1,654,1,0,0,0,0,0,0,0,0,0,0,0,0,0,0,0,0,654,1,654,1,0,0,0,0,0,0,0,0,0,0,0,0,0,0,0,0
circles,circular,32,0.1,25,656,656,0,0,0,0,0,656,1,656,1,0,0,0,0,0,0,0,0,0,0,0,0,0,0,0,0,656,1,656,1,0,0,0,0,0,0,0,0,0,0,0,0,0,0,0,0
circles,circular,32,0.2,25,663,662,0,0,0,0,0,663,1,662,1,0,0,0,0,0,0,0,0,0,0,0,2,0.0030165912518853697,1,0.0015105740181268882,0,661,0.99698340874811464,661,0.99848942598187307,0,0,0,0,0,0,0,0,0,0,0,0,0,0,0,0
circles,circular,32,0.3,25,673,670,1,0.0014858841010401188,1,0.0014925373134328358,0,672,0.99851411589895989,669,0.9985074626865672,0,0,0,0,0,0,0,0,0,0,0,6,0.0089153046062407128,3,0.0044776119402985077,0,667,0.99108469539375932,667,0.9955223880597015,0,0,0,0,0,0,0,0,0,0,0,1,0.0014858841010401188,1,0.0014925373134328358,1
circles,circular,50,0,25,1000,1000,0,0,0,0,0,1000,1,1000,1,0,0,0,0,0,0,0,0,0,0,0,0,0,0,0,0,1000,1,1000,1,0,0,0,0,0,0,0,0,0,0,0,0,0,0,0,0
circles,circular,50,0.05,25,1000,1000,0,0,0,0,0,1000,1,1000,1,0,0,0,0,0,0,0,0,0,0,0,0,0,0,0,0,1000,1,1000,1,0,0,0,0,0,0,0,0,0,0,0,0,0,0,0,0
circles,circular,50,0.1,25,1002,1002,0,0,0,0,0,1002,1,1002,1,0,0,0,0,0,0,0,0,0,0,0,0,0,0,0,0,1002,1,1002,1,0,0,0,0,0,0,0,0,0,0,0,0,0,0,0,0
circles,circular,50,0.2,25,1016,1016,0,0,0,0,0,1016,1,1016,1,0,0,0,0,0,0,0,0,0,0,0,0,0,0,0,0,1016,1,1016,1,0,0,0,0,0,0,0,0,0,0,0,0,0,0,0,0
circles,circular,50,0.3,25,1042,1042,0,0,0,0,0,1042,1,1042,1,0,0,0,0,0,0,0,0,0,0,0,0,0,0,0,0,1042,1,1042,1,0,0,0,0,0,0,0,0,0,0,0,0,0,0,0,0
circles,circular,64,0,25,1258,1256,0,0,0,0,0,1258,1,1256,1,0,0,0,0,0,0,0,0,0,0,0,4,0.0031796502384737681,2,0.0015923566878980893,0,1254,0.99682034976152623,1254,0.99840764331210186,0,0,0,0,0,0,0,0,0,0,0,0,0,0,0,0
circles,circular,64,0.05,25,1261,1260,0,0,0,0,0,1261,1,1260,1,0,0,0,0,0,0,0,0,0,0,0,2,0.0015860428231562252,1,0.00079365079365079365,0,1259,0.99841395717684378,1259,0.99920634920634921,0,0,0,0,0,0,0,0,0,0,0,0,0,0,0,0
circles,circular,64,0.1,25,1268,1268,0,0,0,0,0,1268,1,1268,1,0,0,0,0,0,0,0,0,0,0,0,0,0,0,0,0,1268,1,1268,1,0,0,0,0,0,0,0,0,0,0,0,0,0,0,0,0
circles,circular,64,0.2,25,1284,1284,0,0,0,0,0,1284,1,1284,1,0,0,0,0,0,0,0,0,0,0,0,0,0,0,0,0,1284,1,1284,1,0,0,0,0,0,0,0,0,0,0,0,0,0,0,0,0
circles,circular,64,0.3,25,1316,1316,0,0,0,0,0,1316,1,1316,1,0,0,0,0,0,0,0,0,0,0,0,0,0,0,0,0,1316,1,1316,1,0,0,0,0,0,0,0,0,0,0,0,0,0,0,0,0
circles,linear,100,0,25,2000,2000,2000,1,2000,1,0,0,0,0,0,0,0,0,0,0,0,0,0,0,0,0,0,0,0,0,0,2000,1,2000,1,0,0,0,0,0,0,0,0,0,0,0,0,0,0,0,0
circles,linear,100,0.05,25,2002,2002,2002,1,2002,1,0,0,0,0,0,0,0,0,0,0,0,0,0,0,0,0,0,0,0,0,0,2002,1,2002,1,0,2,0.000999000999000999,2,0.000999000999000999,2,0,0,0,0,0,0,0,0,0,0
circles,linear,100,0.1,25,2010,2010,2010,1,2010,1,0,0,0,0,0,0,0,0,0,0,0,0,0,0,0,0,0,0,0,0,0,2010,1,2010,1,0,0,0,0,0,0,0,0,0,0,0,0,0,0,0,0
circles,linear,100,0.2,25,2041,2038,2041,1,2038,1,0,0,0,0,0,0,0,0,0,0,0,0,0,0,0,0,6,0.0029397354238118569,3,0.0014720314033366045,0,2035,0.99706026457618813,2035,0.99852796859666337,0,0,0,0,0,0,0,0,0,0,0,0,0,0,0,0
circles,linear,100,0.3,25,2087,2086,2087,1,2086,1,0,0,0,0,0,0,0,0,0,0,0,0,0,0,0,0,2,0.00095831336847149022,1,0.00047938638542665386,0,2085,0.99904168663152848,2085,0.99952061361457334,0,0,0,0,0,0,0,0,0,0,0,0,0,0,0,0
circles,linear,128,0,25,2549,2548,2549,1,2548,1,0,0,0,0,0,0,0,0,0,0,0,0,0,0,0,0,2,0.00078462142016477048,1,0.00039246467817896392,0,2547,0.99921537857983522,2547,0.99960753532182101,0,0,0,0,0,0,0,0,0,0,0,0,0,0,0,0
circles,linear,128,0.05,25,2549,2548,2549,1,2548,1,0,0,0,0,0,0,0,0,0,0,0,0,0,0,0,0,2,0.00078462142016477048,1,0.00039246467817896392,0,2547,0.99921537857983522,2547,0.99960753532182101,0,0,0,0,0,0,0,0,0,0,0,0,0,0,0,0
circles,linear,128,0.1,25,2552,2550,2552,1,2550,1,0,0,0,0,0,0,0,0,0,0,0,0,0,0,0,0,4,0.001567398119122257,2,0.00078431372549019605,0,2548,0.99843260188087779,2548,0.99921568627450985,0,0,0,0,0,0,0,0,0,0,0,0,0,0,0,0
circles,linear,128,0.2,25,2577,2576,2577,1,2576,1,0,0,0,0,0,0,0,0,0,0,0,0,0,0,0,0,2,0.00077609623593325567,1,0.00038819875776397513,0,2575,0.99922390376406678,2575,0.99961180124223603,0,0,0,0,0,0,0,0,0,0,0,0,0,0,0,0
circles,linear,128,0.3,25,2614,2614,2614,1,2614,1,0,0,0,0,0,0,0,0,0,0,0,0,0,0,0,0,0,0,0,0,0,2614,1,2614,1,0,0,0,0,0,0,0,0,0,0,0,0,0,0,0,0
circles,linear,150,0,25,3000,3000,3000,1,3000,1,0,0,0,0,0,0,0,0,0,0,0,0,0,0,0,0,0,0,0,0,0,3000,1,3000,1,0,0,0,0,0,0,0,0,0,0,0,0,0,0,0,0
circles,linear,150,0.05,25,3000,3000,3000,1,3000,1,0,0,0,0,0,0,0,0,0,0,0,0,0,0,0,0,0,0,0,0,0,3000,1,3000,1,0,0,0,0,0,0,0,0,0,0,0,0,0,0,0,0
circles,linear,150,0.1,25,3005,3004,3005,1,3004,1,0,0,0,0,0,0,0,0,0,0,0,0,0,0,0,0,2,0.00066555740432612314,1,0.00033288948069241014,0,3003,0.99933444259567383,3003,0.99966711051930757,0,2,0.00066555740432612314,2,0.00066577896138482028,2,0,0,0,0,0,0,0,0,0,0
circles,linear,150,0.2,25,3044,3044,3044,1,3044,1,0,0,0,0,0,0,0,0,0,0,0,0,0,0,0,0,0,0,0,0,0,3044,1,3044,1,0,0,0,0,0,0,0,0,0,0,0,0,0,0,0,0
circles,linear,150,0.3,25,3080,3080,3080,1,3080,1,0,0,0,0,0,0,0,0,0,0,0,0,0,0,0,0,0,0,0,0,0,3080,1,3080,1,0,0,0,0,0,0,0,0,0,0,0,0,0,0,0,0
circles,linear,32,0,25,652,650,652,1,650,1,0,0,0,0,0,0,0,0,0,0,0,0,0,0,0,0,4,0.0061349693251533744,2,0.0030769230769230769,0,648,0.99386503067484666,648,0.99692307692307691,0,0,0,0,0,0,0,0,0,0,0,0,0,0,0,0
circles,linear,32,0.05,25,654,654,654,1,654,1,0,0,0,0,0,0,0,0,0,0,0,0,0,0,0,0,0,0,0,0,0,654,1,654,1,0,0,0,0,0,0,0,0,0,0,0,0,0,0,0,0
circles,linear,32,0.1,25,656,656,656,1,656,1,0,0,0,0,0,0,0,0,0,0,0,0,0,0,0,0,0,0,0,0,0,656,1,656,1,0,0,0,0,0,0,0,0,0,0,0,0,0,0,0,0
circles,linear,32,0.2,25,663,662,663,1,662,1,0,0,0,0,0,0,0,0,0,0,0,0,0,0,0,0,2,0.0030165912518853697,1,0.0015105740181268882,0,661,0.99698340874811464,661,0.99848942598187307,0,0,0,0,0,0,0,0,0,0,0,0,0,0,0,0
circles,linear,32,0.3,25,673,670,673,1,670,1,0,0,0,0,0,0,0,0,0,0,0,0,0,0,0,0,6,0.0089153046062407128,3,0.0044776119402985077,0,667,0.99108469539375932,667,0.9955223880597015,0,0,0,0,0,0,0,0,0,0,0,0,0,0,0,0
circles,linear,50,0,25,1000,1000,1000,1,1000,1,0,0,0,0,0,0,0,0,0,0,0,0,0,0,0,0,0,0,0,0,0,1000,1,1000,1,0,0,0,0,0,0,0,0,0,0,0,0,0,0,0,0
circles,linear,50,0.05,25,1000,1000,1000,1,1000,1,0,0,0,0,0,0,0,0,0,0,0,0,0,0,0,0,0,0,0,0,0,1000,1,1000,1,0,0,0,0,0,0,0,0,0,0,0,0,0,0,0,0
circles,linear,50,0.1,25,1002,1002,1002,1,1002,1,0,0,0,0,0,0,0,0,0,0,0,0,0,0,0,0,0,0,0,0,0,1002,1,1002,1,0,0,0,0,0,0,0,0,0,0,0,0,0,0,0,0
circles,linear,50,0.2,25,1016,1016,1016,1,1016,1,0,0,0,0,0,0,0,0,0,0,0,0,0,0,0,0,0,0,0,0,0,1016,1,1016,1,0,0,0,0,0,0,0,0,0,0,0,0,0,0,0,0
circles,linear,50,0.3,25,1042,1042,1042,1,1042,1,0,0,0,0,0,0,0,0,0,0,0,0,0,0,0,0,0,0,0,0,0,1042,1,1042,1,0,0,0,0,0,0,0,0,0,0,0,0,0,0,0,0
circles,linear,64,0,25,1258,1256,1258,1,1256,1,0,0,0,0,0,0,0,0,0,0,0,0,0,0,0,0,4,0.0031796502384737681,2,0.0015923566878980893,0,1254,0.99682034976152623,1254,0.99840764331210186,0,0,0,0,0,0,0,0,0,0,0,0,0,0,0,0
circles,linear,64,0.05,25,1261,1260,1261,1,1260,1,0,0,0,0,0,0,0,0,0,0,0,0,0,0,0,0,2,0.0015860428231562252,1,0.00079365079365079365,0,1259,0.99841395717684378,1259,0.99920634920634921,0,0,0,0,0,0,0,0,0,0,0,0,0,0,0,0
circles,linear,64,0.1,25,1268,1268,1268,1,1268,1,0,0,0,0,0,0,0,0,0,0,0,0,0,0,0,0,0,0,0,0,0,1268,1,1268,1,0,0,0,0,0,0,0,0,0,0,0,0,0,0,0,0
circles,linear,64,0.2,25,1284,1284,1284,1,1284,1,0,0,0,0,0,0,0,0,0,0,0,0,0,0,0,0,0,0,0,0,0,1284,1,1284,1,0,0,0,0,0,0,0,0,0,0,0,0,0,0,0,0
circles,linear,64,0.3,25,1316,1316,1316,1,1316,1,0,0,0,0,0,0,0,0,0,0,0,0,0,0,0,0,0,0,0,0,0,1316,1,1316,1,0,0,0,0,0,0,0,0,0,0,0,0,0,0,0,0
circles,safe_circle,100,0,25,2000,2000,1,0.00050000000000000001,1,0.00050000000000000001,0,1999,0.99950000000000006,1999,0.99950000000000006,0,0,0,0,0,0,0,0,0,0,0,0,0,0,0,0,2000,1,2000,1,0,1,0.00050000000000000001,1,0.00050000000000000001,1,0,0,0,0,0,0,0,0,0,0
circles,safe_circle,100,0.05,25,2002,2002,5,0.0024975024975024975,5,0.0024975024975024975,0,1997,0.99750249750249753,1997,0.99750249750249753,0,0,0,0,0,0,0,0,0,0,0,0,0,0,0,0,2002,1,2002,1,0,5,0.0024975024975024975,5,0.0024975024975024975,5,0,0,0,0,0,0,0,0,0,0
circles,safe_circle,100,0.1,25,2010,2010,17,0.0084577114427860697,17,0.0084577114427860697,0,1993,0.99154228855721394,1993,0.99154228855721394,0,0,0,0,0,0,0,0,0,0,0,0,0,0,0,0,2010,1,2010,1,0,17,0.0084577114427860697,17,0.0084577114427860697,17,0,0,0,0,0,0,0,0,0,0
circles,safe_circle,100,0.2,25,2041,2041,66,0.032337089661930427,66,0.032337089661930427,0,1975,0.96766291033806962,1975,0.96766291033806962,0,0,0,0,0,0,0,0,0,0,0,0,0,0,0,0,2041,1,2041,1,0,63,0.030867221950024497,63,0.030867221950024497,63,0,0,0,0,0,3,0.0014698677119059284,3,0.0014698677119059284,3
circles,safe_circle,100,0.3,25,2087,2087,116,0.05558217537134643,116,0.05558217537134643,0,1971,0.94441782462865353,1971,0.94441782462865353,0,0,0,0,0,0,0,0,0,0,0,0,0,0,0,0,2087,1,2087,1,0,113,0.054144705318639193,113,0.054144705318639193,113,0,0,0,0,0,3,0.0014374700527072352,3,0.0014374700527072352,3
circles,safe_circle,128,0,25,2549,2549,7,0.0027461749705766968,7,0.0027461749705766968,0,2542,0.99725382502942328,2542,0.99725382502942328,0,0,0,0,0,0,0,0,0,0,0,0,0,0,0,0,2549,1,2549,1,0,5,0.0019615535504119261,5,0.0019615535504119261,5,0,0,0,0,0,2,0.00078462142016477048,2,0.00078462142016477048,2
circles,safe_circle,128,0.05,25,2549,2549,12,0.0047077285209886233,12,0.0047077285209886233,0,2537,0.99529227147901134,2537,0.99529227147901134,0,0,0,0,0,0,0,0,0,0,0,0,0,0,0,0,2549,1,2549,1,0,10,0.0039231071008238522,10,0.0039231071008238522,10,0,0,0,0,0,2,0.00078462142016477048,2,0.00078462142016477048,2
circles,safe_circle,128,0.1,25,2552,2552,19,0.0074451410658307208,19,0.0074451410658307208,0,2533,0.99255485893416928,2533,0.99255485893416928,0,0,0,0,0,0,0,0,0,0,0,0,0,0,0,0,2552,1,2552,1,0,16,0.006269592476489028,16,0.006269592476489028,16,0,0,0,0,0,3,0.0011755485893416929,3,0.0011755485893416929,3
circles,safe_circle,128,0.2,25,2577,2577,48,0.018626309662398137,48,0.018626309662398137,0,2529,0.98137369033760191,2529,0.98137369033760191,0,0,0,0,0,0,0,0,0,0,0,0,0,0,0,0,2577,1,2577,1,0,42,0.016298020954598369,42,0.016298020954598369,42,0,0,0,0,0,6,0.0023282887077997671,6,0.0023282887077997671,6
circles,safe_circle,128,0.3,25,2614,2614,99,0.037872991583779651,99,0.037872991583779651,0,2515,0.96212700841622034,2515,0.96212700841622034,0,0,0,0,0,0,0,0,0,0,0,0,0,0,0,0,2614,1,2614,1,0,92,0.035195103289977048,92,0.035195103289977048,92,0,0,0,0,0,2,0.00076511094108645751,2,0.00076511094108645751,2
circles,safe_circle,150,0,25,3000,3000,1,0.00033333333333333332,1,0.00033333333333333332,0,2999,0.9996666666666667,2999,0.9996666666666667,0,0,0,0,0,0,0,0,0,0,0,0,0,0,0,0,3000,1,3000,1,0,0,0,0,0,0,0,0,0,0,0,1,0.00033333333333333332,1,0.00033333333333333332,1
circles,safe_circle,150,0.05,25,3000,3000,2,0.00066666666666666664,2,0.00066666666666666664,0,2998,0.9993333333333333,2998,0.9993333333333333,0,0,0,0,0,0,0,0,0,0,0,0,0,0,0,0,3000,1,3000,1,0,0,0,0,0,0,0,0,0,0,0,2,0.00066666666666666664,2,0.00066666666666666664,2
circles,safe_circle,150,0.1,25,3005,3005,11,0.0036605657237936771,11,0.0036605657237936771,0,2994,0.9963394342762063,2994,0.9963394342762063,0,0,0,0,0,0,0,0,0,0,0,0,0,0,0,0,3005,1,3005,1,0,7,0.0023294509151414308,7,0.0023294509151414308,7,0,0,0,0,0,4,0.0013311148086522463,4,0.0013311148086522463,4
circles,safe_circle,150,0.2,25,3044,3044,55,0.018068331143232589,55,0.018068331143232589,0,2989,0.98193166885676741,2989,0.98193166885676741,0,0,0,0,0,0,0,0,0,0,0,0,0,0,0,0,3044,1,3044,1,0,52,0.017082785808147174,52,0.017082785808147174,52,0,0,0,0,0,3,0.00098554533508541384,3,0.00098554533508541384,3
circles,safe_circle,150,0.3,25,3080,3080,98,0.031818181818181815,98,0.031818181818181815,0,2982,0.96818181818181814,2982,0.96818181818181814,0,0,0,0,0,0,0,0,0,0,0,0,0,0,0,0,3080,1,3080,1,0,95,0.030844155844155844,95,0.030844155844155844,95,0,0,0,0,0,3,0.00097402597402597403,3,0.00097402597402597403,3
circles,safe_circle,32,0,25,652,652,23,0.035276073619631899,23,0.035276073619631899,0,629,0.96472392638036808,629,0.96472392638036808,0,0,0,0,0,0,0,0,0,0,0,0,0,0,0,0,652,1,652,1,0,22,0.033742331288343558,22,0.033742331288343558,22,0,0,0,0,0,1,0.0015337423312883436,1,0.0015337423312883436,1
circles,safe_circle,32,0.05,25,654,654,23,0.035168195718654434,23,0.035168195718654434,0,631,0.96483180428134552,631,0.96483180428134552,0,0,0,0,0,0,0,0,0,0,0,0,0,0,0,0,654,1,654,1,0,22,0.033639143730886847,22,0.033639143730886847,22,0,0,0,0,0,1,0.0015290519877675841,1,0.0015290519877675841,1
circles,safe_circle,32,0.1,25,656,656,31,0.04725609756097561,31,0.04725609756097561,0,625,0.9527439024390244,625,0.9527439024390244,0,0,0,0,0,0,0,0,0,0,0,0,0,0,0,0,656,1,656,1,0,29,0.044207317073170729,29,0.044207317073170729,29,0,0,0,0,0,2,0.0030487804878048782,2,0.0030487804878048782,2
circles,safe_circle,32,0.2,25,663,663,42,0.063348416289592757,42,0.063348416289592757,0,621,0.93665158371040724,621,0.93665158371040724,0,0,0,0,0,0,0,0,0,0,0,0,0,0,0,0,663,1,663,1,0,41,0.061840120663650078,41,0.061840120663650078,41,0,0,0,0,0,1,0.0015082956259426848,1,0.0015082956259426848,1
circles,safe_circle,32,0.3,25,673,673,58,0.086181277860326894,58,0.086181277860326894,0,615,0.91381872213967308,615,0.91381872213967308,0,0,0,0,0,0,0,0,0,0,0,0,0,0,0,0,673,1,673,1,0,57,0.08469539375928678,57,0.08469539375928678,57,0,0,0,0,0,1,0.0014858841010401188,1,0.0014858841010401188,1
circles,safe_circle,50,0,25,1000,1000,1,0.001,1,0.001,0,999,0.999,999,0.999,0,0,0,0,0,0,0,0,0,0,0,0,0,0,0,0,1000,1,1000,1,0,1,0.001,1,0.001,1,0,0,0,0,0,0,0,0,0,0
circles,safe_circle,50,0.05,25,1000,1000,0,0,0,0,0,1000,1,1000,1,0,0,0,0,0,0,0,0,0,0,0,0,0,0,0,0,1000,1,1000,1,0,0,0,0,0,0,0,0,0,0,0,0,0,0,0,0
circles,safe_circle,50,0.1,25,1002,1002,4,0.0039920159680638719,4,0.0039920159680638719,0,998,0.99600798403193613,998,0.99600798403193613,0,0,0,0,0,0,0,0,0,0,0,0,0,0,0,0,1002,1,1002,1,0,2,0.001996007984031936,2,0.001996007984031936,2,0,0,0,0,0,2,0.001996007984031936,2,0.001996007984031936,2
circles,safe_circle,50,0.2,25,1016,1016,18,0.017716535433070866,18,0.017716535433070866,0,998,0.98228346456692917,998,0.98228346456692917,0,0,0,0,0,0,0,0,0,0,0,0,0,0,0,0,1016,1,1016,1,0,17,0.016732283464566931,17,0.016732283464566931,17,0,0,0,0,0,1,0.00098425196850393699,1,0.00098425196850393699,1
circles,safe_circle,50,0.3,25,1042,1042,47,0.045105566218809984,47,0.045105566218809984,0,995,0.95489443378118999,995,0.95489443378118999,0,0,0,0,0,0,0,0,0,0,0,0,0,0,0,0,1042,1,1042,1,0,47,0.045105566218809984,47,0.045105566218809984,47,0,0,0,0,0,0,0,0,0,0
circles,safe_circle,64,0,25,1258,1258,9,0.0071542130365659781,9,0.0071542130365659781,0,1249,0.99284578696343406,1249,0.99284578696343406,0,0,0,0,0,0,0,0,0,0,0,0,0,0,0,0,1258,1,1258,1,0,9,0.0071542130365659781,9,0.0071542130365659781,9,0,0,0,0,0,0,0,0,0,0
circles,safe_circle,64,0.05,25,1261,1261,9,0.0071371927042030133,9,0.0071371927042030133,0,1252,0.99286280729579701,1252,0.99286280729579701,0,0,0,0,0,0,0,0,0,0,0,0,0,0,0,0,1261,1,1261,1,0,9,0.0071371927042030133,9,0.0071371927042030133,9,0,0,0,0,0,0,0,0,0,0
circles,safe_circle,64,0.1,25,1268,1268,14,0.011041009463722398,14,0.011041009463722398,0,1254,0.98895899053627756,1254,0.98895899053627756,0,0,0,0,0,0,0,0,0,0,0,0,0,0,0,0,1268,1,1268,1,0,14,0.011041009463722398,14,0.011041009463722398,14,0,0,0,0,0,0,0,0,0,0
circles,safe_circle,64,0.2,25,1284,1284,30,0.02336448598130841,30,0.02336448598130841,0,1254,0.97663551401869164,1254,0.97663551401869164,0,0,0,0,0,0,0,0,0,0,0,0,0,0,0,0,1284,1,1284,1,0,27,0.021028037383177569,27,0.021028037383177569,27,0,0,0,0,0,3,0.0023364485981308409,3,0.0023364485981308409,3
circles,safe_circle,64,0.3,25,1316,1316,64,0.048632218844984802,64,0.048632218844984802,0,1252,0.95136778115501519,1252,0.95136778115501519,0,0,0,0,0,0,0,0,0,0,0,0,0,0,0,0,1316,1,1316,1,0,62,0.047112462006079027,62,0.047112462006079027,62,0,0,0,0,0,2,0.0015197568389057751,2,0.0015197568389057751,2
circles,safe_linear,100,0,25,2000,2000,2000,1,2000,1,0,0,0,0,0,0,0,0,0,0,0,0,0,0,0,0,0,0,0,0,0,2000,1,2000,1,0,0,0,0,0,0,0,0,0,0,0,0,0,0,0,0
circles,safe_linear,100,0.05,25,2002,2002,2002,1,2002,1,0,0,0,0,0,0,0,0,0,0,0,0,0,0,0,0,0,0,0,0,0,2002,1,2002,1,0,0,0,0,0,0,0,0,0,0,0,0,0,0,0,0
circles,safe_linear,100,0.1,25,2010,2010,2010,1,2010,1,0,0,0,0,0,0,0,0,0,0,0,0,0,0,0,0,0,0,0,0,0,2010,1,2010,1,0,0,0,0,0,0,0,0,0,0,0,0,0,0,0,0
circles,safe_linear,100,0.2,25,2041,2041,2041,1,2041,1,0,0,0,0,0,0,0,0,0,0,0,0,0,0,0,0,0,0,0,0,0,2041,1,2041,1,0,0,0,0,0,0,0,0,0,0,0,0,0,0,0,0
circles,safe_linear,100,0.3,25,2087,2087,2087,1,2087,1,0,0,0,0,0,0,0,0,0,0,0,0,0,0,0,0,0,0,0,0,0,2087,1,2087,1,0,0,0,0,0,0,0,0,0,0,0,0,0,0,0,0
circles,safe_linear,128,0,25,2549,2549,2549,1,2549,1,0,0,0,0,0,0,0,0,0,0,0,0,0,0,0,0,0,0,0,0,0,2549,1,2549,1,0,0,0,0,0,0,0,0,0,0,0,0,0,0,0,0
circles,safe_linear,128,0.05,25,2549,2549,2549,1,2549,1,0,0,0,0,0,0,0,0,0,0,0,0,0,0,0,0,0,0,0,0,0,2549,1,2549,1,0,0,0,0,0,0,0,0,0,0,0,0,0,0,0,0
circles,safe_linear,128,0.1,25,2552,2552,2552,1,2552,1,0,0,0,0,0,0,0,0,0,0,0,0,0,0,0,0,0,0,0,0,0,2552,1,2552,1,0,0,0,0,0,0,0,0,0,0,0,0,0,0,0,0
circles,safe_linear,128,0.2,25,2577,2577,2577,1,2577,1,0,0,0,0,0,0,0,0,0,0,0,0,0,0,0,0,0,0,0,0,0,2577,1,2577,1,0,0,0,0,0,0,0,0,0,0,0,0,0,0,0,0
circles,safe_linear,128,0.3,25,2614,2614,2614,1,2614,1,0,0,0,0,0,0,0,0,0,0,0,0,0,0,0,0,0,0,0,0,0,2614,1,2614,1,0,0,0,0,0,0,0,0,0,0,0,0,0,0,0,0
circles,safe_linear,150,0,25,3000,3000,3000,1,3000,1,0,0,0,0,0,0,0,0,0,0,0,0,0,0,0,0,0,0,0,0,0,3000,1,3000,1,0,0,0,0,0,0,0,0,0,0,0,0,0,0,0,0
circles,safe_linear,150,0.05,25,3000,3000,3000,1,3000,1,0,0,0,0,0,0,0,0,0,0,0,0,0,0,0,0,0,0,0,0,0,3000,1,3000,1,0,0,0,0,0,0,0,0,0,0,0,0,0,0,0,0
circles,safe_linear,150,0.1,25,3005,3005,3005,1,3005,1,0,0,0,0,0,0,0,0,0,0,0,0,0,0,0,0,0,0,0,0,0,3005,1,3005,1,0,0,0,0,0,0,0,0,0,0,0,0,0,0,0,0
circles,safe_linear,150,0.2,25,3044,3044,3044,1,3044,1,0,0,0,0,0,0,0,0,0,0,0,0,0,0,0,0,0,0,0,0,0,3044,1,3044,1,0,0,0,0,0,0,0,0,0,0,0,0,0,0,0,0
circles,safe_linear,150,0.3,25,3080,3080,3080,1,3080,1,0,0,0,0,0,0,0,0,0,0,0,0,0,0,0,0,0,0,0,0,0,3080,1,3080,1,0,0,0,0,0,0,0,0,0,0,0,0,0,0,0,0
circles,safe_linear,32,0,25,652,652,652,1,652,1,0,0,0,0,0,0,0,0,0,0,0,0,0,0,0,0,0,0,0,0,0,652,1,652,1,0,0,0,0,0,0,0,0,0,0,0,0,0,0,0,0
circles,safe_linear,32,0.05,25,654,654,654,1,654,1,0,0,0,0,0,0,0,0,0,0,0,0,0,0,0,0,0,0,0,0,0,654,1,654,1,0,0,0,0,0,0,0,0,0,0,0,0,0,0,0,0
circles,safe_linear,32,0.1,25,656,656,656,1,656,1,0,0,0,0,0,0,0,0,0,0,0,0,0,0,0,0,0,0,0,0,0,656,1,656,1,0,0,0,0,0,0,0,0,0,0,0,0,0,0,0,0
circles,safe_linear,32,0.2,25,663,663,663,1,663,1,0,0,0,0,0,0,0,0,0,0,0,0,0,0,0,0,0,0,0,0,0,663,1,663,1,0,0,0,0,0,0,0,0,0,0,0,0,0,0,0,0
circles,safe_linear,32,0.3,25,673,673,673,1,673,1,0,0,0,0,0,0,0,0,0,0,0,0,0,0,0,0,0,0,0,0,0,673,1,673,1,0,0,0,0,0,0,0,0,0,0,0,0,0,0,0,0
circles,safe_linear,50,0,25,1000,1000,1000,1,1000,1,0,0,0,0,0,0,0,0,0,0,0,0,0,0,0,0,0,0,0,0,0,1000,1,1000,1,0,0,0,0,0,0,0,0,0,0,0,0,0,0,0,0
circles,safe_linear,50,0.05,25,1000,1000,1000,1,1000,1,0,0,0,0,0,0,0,0,0,0,0,0,0,0,0,0,0,0,0,0,0,1000,1,1000,1,0,0,0,0,0,0,0,0,0,0,0,0,0,0,0,0
circles,safe_linear,50,0.1,25,1002,1002,1002,1,1002,1,0,0,0,0,0,0,0,0,0,0,0,0,0,0,0,0,0,0,0,0,0,1002,1,1002,1,0,0,0,0,0,0,0,0,0,0,0,0,0,0,0,0
circles,safe_linear,50,0.2,25,1016,1016,1016,1,1016,1,0,0,0,0,0,0,0,0,0,0,0,0,0,0,0,0,0,0,0,0,0,1016,1,1016,1,0,0,0,0,0,0,0,0,0,0,0,0,0,0,0,0
circles,safe_linear,50,0.3,25,1042,1042,1042,1,1042,1,0,0,0,0,0,0,0,0,0,0,0,0,0,0,0,0,0,0,0,0,0,1042,1,1042,1,0,0,0,0,0,0,0,0,0,0,0,0,0,0,0,0
circles,safe_linear,64,0,25,1258,1258,1258,1,1258,1,0,0,0,0,0,0,0,0,0,0,0,0,0,0,0,0,0,0,0,0,0,1258,1,1258,1,0,0,0,0,0,0,0,0,0,0,0,0,0,0,0,0
circles,safe_linear,64,0.05,25,1261,1261,1261,1,1261,1,0,0,0,0,0,0,0,0,0,0,0,0,0,0,0,0,0,0,0,0,0,1261,1,1261,1,0,0,0,0,0,0,0,0,0,0,0,0,0,0,0,0
circles,safe_linear,64,0.1,25,1268,1268,1268,1,1268,1,0,0,0,0,0,0,0,0,0,0,0,0,0,0,0,0,0,0,0,0,0,1268,1,1268,1,0,0,0,0,0,0,0,0,0,0,0,0,0,0,0,0
circles,safe_linear,64,0.2,25,1284,1284,1284,1,1284,1,0,0,0,0,0,0,0,0,0,0,0,0,0,0,0,0,0,0,0,0,0,1284,1,1284,1,0,0,0,0,0,0,0,0,0,0,0,0,0,0,0,0
circles,safe_linear,64,0.3,25,1316,1316,1316,1,1316,1,0,0,0,0,0,0,0,0,0,0,0,0,0,0,0,0,0,0,0,0,0,1316,1,1316,1,0,0,0,0,0,0,0,0,0,0,0,0,0,0,0,0
ellipses,ELVIRA,100,0,25,4555,4555,4555,1,4555,1,0,0,0,0,0,0,0,0,0,0,0,0,0,0,0,0,0,0,0,0,0,4555,1,4555,1,0,0,0,0,0,0,0,0,0,0,0,0,0,0,0,0
ellipses,ELVIRA,100,0.05,25,4555,4555,4555,1,4555,1,0,0,0,0,0,0,0,0,0,0,0,0,0,0,0,0,0,0,0,0,0,4555,1,4555,1,0,0,0,0,0,0,0,0,0,0,0,0,0,0,0,0
ellipses,ELVIRA,100,0.1,25,4563,4563,4563,1,4563,1,0,0,0,0,0,0,0,0,0,0,0,0,0,0,0,0,0,0,0,0,0,4563,1,4563,1,0,0,0,0,0,0,0,0,0,0,0,0,0,0,0,0
ellipses,ELVIRA,100,0.2,25,4610,4610,4610,1,4610,1,0,0,0,0,0,0,0,0,0,0,0,0,0,0,0,0,0,0,0,0,0,4610,1,4610,1,0,0,0,0,0,0,0,0,0,0,0,0,0,0,0,0
ellipses,ELVIRA,100,0.3,25,4700,4700,4700,1,4700,1,0,0,0,0,0,0,0,0,0,0,0,0,0,0,0,0,0,0,0,0,0,4700,1,4700,1,0,0,0,0,0,0,0,0,0,0,0,0,0,0,0,0
ellipses,ELVIRA,128,0,25,5814,5814,5814,1,5814,1,0,0,0,0,0,0,0,0,0,0,0,0,0,0,0,0,0,0,0,0,0,5814,1,5814,1,0,0,0,0,0,0,0,0,0,0,0,0,0,0,0,0
ellipses,ELVIRA,128,0.05,25,5819,5819,5819,1,5819,1,0,0,0,0,0,0,0,0,0,0,0,0,0,0,0,0,0,0,0,0,0,5819,1,5819,1,0,0,0,0,0,0,0,0,0,0,0,0,0,0,0,0
ellipses,ELVIRA,128,0.1,25,5828,5828,5828,1,5828,1,0,0,0,0,0,0,0,0,0,0,0,0,0,0,0,0,0,0,0,0,0,5828,1,5828,1,0,0,0,0,0,0,0,0,0,0,0,0,0,0,0,0
ellipses,ELVIRA,128,0.2,25,5860,5860,5860,1,5860,1,0,0,0,0,0,0,0,0,0,0,0,0,0,0,0,0,0,0,0,0,0,5860,1,5860,1,0,0,0,0,0,0,0,0,0,0,0,0,0,0,0,0
ellipses,ELVIRA,128,0.3,25,5950,5950,5950,1,5950,1,0,0,0,0,0,0,0,0,0,0,0,0,0,0,0,0,0,0,0,0,0,5950,1,5950,1,0,0,0,0,0,0,0,0,0,0,0,0,0,0,0,0
ellipses,ELVIRA,150,0,25,6826,6826,6826,1,6826,1,0,0,0,0,0,0,0,0,0,0,0,0,0,0,0,0,0,0,0,0,0,6826,1,6826,1,0,0,0,0,0,0,0,0,0,0,0,0,0,0,0,0
ellipses,ELVIRA,150,0.05,25,6828,6828,6828,1,6828,1,0,0,0,0,0,0,0,0,0,0,0,0,0,0,0,0,0,0,0,0,0,6828,1,6828,1,0,0,0,0,0,0,0,0,0,0,0,0,0,0,0,0
ellipses,ELVIRA,150,0.1,25,6850,6850,6850,1,6850,1,0,0,0,0,0,0,0,0,0,0,0,0,0,0,0,0,0,0,0,0,0,6850,1,6850,1,0,0,0,0,0,0,0,0,0,0,0,0,0,0,0,0
ellipses,ELVIRA,150,0.2,25,6904,6904,6904,1,6904,1,0,0,0,0,0,0,0,0,0,0,0,0,0,0,0,0,0,0,0,0,0,6904,1,6904,1,0,0,0,0,0,0,0,0,0,0,0,0,0,0,0,0
ellipses,ELVIRA,150,0.3,25,7026,7026,7026,1,7026,1,0,0,0,0,0,0,0,0,0,0,0,0,0,0,0,0,0,0,0,0,0,7026,1,7026,1,0,0,0,0,0,0,0,0,0,0,0,0,0,0,0,0
ellipses,ELVIRA,32,0,25,1452,1452,1452,1,1452,1,0,0,0,0,0,0,0,0,0,0,0,0,0,0,0,0,0,0,0,0,0,1452,1,1452,1,0,0,0,0,0,0,0,0,0,0,0,0,0,0,0,0
ellipses,ELVIRA,32,0.05,25,1452,1452,1452,1,1452,1,0,0,0,0,0,0,0,0,0,0,0,0,0,0,0,0,0,0,0,0,0,1452,1,1452,1,0,0,0,0,0,0,0,0,0,0,0,0,0,0,0,0
ellipses,ELVIRA,32,0.1,25,1459,1459,1459,1,1459,1,0,0,0,0,0,0,0,0,0,0,0,0,0,0,0,0,0,0,0,0,0,1459,1,1459,1,0,0,0,0,0,0,0,0,0,0,0,0,0,0,0,0
ellipses,ELVIRA,32,0.2,25,1483,1483,1483,1,1483,1,0,0,0,0,0,0,0,0,0,0,0,0,0,0,0,0,0,0,0,0,0,1483,1,1483,1,0,0,0,0,0,0,0,0,0,0,0,0,0,0,0,0
ellipses,ELVIRA,32,0.3,25,1524,1524,1524,1,1524,1,0,0,0,0,0,0,0,0,0,0,0,0,0,0,0,0,0,0,0,0,0,1524,1,1524,1,0,0,0,0,0,0,0,0,0,0,0,0,0,0,0,0
ellipses,ELVIRA,50,0,25,2282,2282,2282,1,2282,1,0,0,0,0,0,0,0,0,0,0,0,0,0,0,0,0,0,0,0,0,0,2282,1,2282,1,0,0,0,0,0,0,0,0,0,0,0,0,0,0,0,0
ellipses,ELVIRA,50,0.05,25,2284,2284,2284,1,2284,1,0,0,0,0,0,0,0,0,0,0,0,0,0,0,0,0,0,0,0,0,0,2284,1,2284,1,0,0,0,0,0,0,0,0,0,0,0,0,0,0,0,0
ellipses,ELVIRA,50,0.1,25,2291,2291,2291,1,2291,1,0,0,0,0,0,0,0,0,0,0,0,0,0,0,0,0,0,0,0,0,0,2291,1,2291,1,0,0,0,0,0,0,0,0,0,0,0,0,0,0,0,0
ellipses,ELVIRA,50,0.2,25,2318,2318,2318,1,2318,1,0,0,0,0,0,0,0,0,0,0,0,0,0,0,0,0,0,0,0,0,0,2318,1,2318,1,0,0,0,0,0,0,0,0,0,0,0,0,0,0,0,0
ellipses,ELVIRA,50,0.3,25,2353,2353,2353,1,2353,1,0,0,0,0,0,0,0,0,0,0,0,0,0,0,0,0,0,0,0,0,0,2353,1,2353,1,0,0,0,0,0,0,0,0,0,0,0,0,0,0,0,0
ellipses,ELVIRA,64,0,25,2898,2898,2898,1,2898,1,0,0,0,0,0,0,0,0,0,0,0,0,0,0,0,0,0,0,0,0,0,2898,1,2898,1,0,0,0,0,0,0,0,0,0,0,0,0,0,0,0,0
ellipses,ELVIRA,64,0.05,25,2901,2901,2901,1,2901,1,0,0,0,0,0,0,0,0,0,0,0,0,0,0,0,0,0,0,0,0,0,2901,1,2901,1,0,0,0,0,0,0,0,0,0,0,0,0,0,0,0,0
ellipses,ELVIRA,64,0.1,25,2904,2904,2904,1,2904,1,0,0,0,0,0,0,0,0,0,0,0,0,0,0,0,0,0,0,0,0,0,2904,1,2904,1,0,0,0,0,0,0,0,0,0,0,0,0,0,0,0,0
ellipses,ELVIRA,64,0.2,25,2924,2924,2924,1,2924,1,0,0,0,0,0,0,0,0,0,0,0,0,0,0,0,0,0,0,0,0,0,2924,1,2924,1,0,0,0,0,0,0,0,0,0,0,0,0,0,0,0,0
ellipses,ELVIRA,64,0.3,25,2967,2967,2967,1,2967,1,0,0,0,0,0,0,0,0,0,0,0,0,0,0,0,0,0,0,0,0,0,2967,1,2967,1,0,0,0,0,0,0,0,0,0,0,0,0,0,0,0,0
ellipses,LVIRA,100,0,25,4555,4555,4555,1,4555,1,0,0,0,0,0,0,0,0,0,0,0,0,0,0,0,0,0,0,0,0,0,4555,1,4555,1,0,0,0,0,0,0,0,0,0,0,0,0,0,0,0,0
ellipses,LVIRA,100,0.05,25,4555,4555,4555,1,4555,1,0,0,0,0,0,0,0,0,0,0,0,0,0,0,0,0,0,0,0,0,0,4555,1,4555,1,0,0,0,0,0,0,0,0,0,0,0,0,0,0,0,0
ellipses,LVIRA,100,0.1,25,4563,4563,4563,1,4563,1,0,0,0,0,0,0,0,0,0,0,0,0,0,0,0,0,0,0,0,0,0,4563,1,4563,1,0,0,0,0,0,0,0,0,0,0,0,0,0,0,0,0
ellipses,LVIRA,100,0.2,25,4610,4610,4610,1,4610,1,0,0,0,0,0,0,0,0,0,0,0,0,0,0,0,0,0,0,0,0,0,4610,1,4610,1,0,0,0,0,0,0,0,0,0,0,0,0,0,0,0,0
ellipses,LVIRA,100,0.3,25,4700,4700,4700,1,4700,1,0,0,0,0,0,0,0,0,0,0,0,0,0,0,0,0,0,0,0,0,0,4700,1,4700,1,0,0,0,0,0,0,0,0,0,0,0,0,0,0,0,0
ellipses,LVIRA,128,0,25,5814,5814,5814,1,5814,1,0,0,0,0,0,0,0,0,0,0,0,0,0,0,0,0,0,0,0,0,0,5814,1,5814,1,0,0,0,0,0,0,0,0,0,0,0,0,0,0,0,0
ellipses,LVIRA,128,0.05,25,5819,5819,5819,1,5819,1,0,0,0,0,0,0,0,0,0,0,0,0,0,0,0,0,0,0,0,0,0,5819,1,5819,1,0,0,0,0,0,0,0,0,0,0,0,0,0,0,0,0
ellipses,LVIRA,128,0.1,25,5828,5828,5828,1,5828,1,0,0,0,0,0,0,0,0,0,0,0,0,0,0,0,0,0,0,0,0,0,5828,1,5828,1,0,0,0,0,0,0,0,0,0,0,0,0,0,0,0,0
ellipses,LVIRA,128,0.2,25,5860,5860,5860,1,5860,1,0,0,0,0,0,0,0,0,0,0,0,0,0,0,0,0,0,0,0,0,0,5860,1,5860,1,0,0,0,0,0,0,0,0,0,0,0,0,0,0,0,0
ellipses,LVIRA,128,0.3,25,5950,5950,5950,1,5950,1,0,0,0,0,0,0,0,0,0,0,0,0,0,0,0,0,0,0,0,0,0,5950,1,5950,1,0,0,0,0,0,0,0,0,0,0,0,0,0,0,0,0
ellipses,LVIRA,150,0,25,6826,6826,6826,1,6826,1,0,0,0,0,0,0,0,0,0,0,0,0,0,0,0,0,0,0,0,0,0,6826,1,6826,1,0,0,0,0,0,0,0,0,0,0,0,0,0,0,0,0
ellipses,LVIRA,150,0.05,25,6828,6828,6828,1,6828,1,0,0,0,0,0,0,0,0,0,0,0,0,0,0,0,0,0,0,0,0,0,6828,1,6828,1,0,0,0,0,0,0,0,0,0,0,0,0,0,0,0,0
ellipses,LVIRA,150,0.1,25,6850,6850,6850,1,6850,1,0,0,0,0,0,0,0,0,0,0,0,0,0,0,0,0,0,0,0,0,0,6850,1,6850,1,0,0,0,0,0,0,0,0,0,0,0,0,0,0,0,0
ellipses,LVIRA,150,0.2,25,6904,6904,6904,1,6904,1,0,0,0,0,0,0,0,0,0,0,0,0,0,0,0,0,0,0,0,0,0,6904,1,6904,1,0,0,0,0,0,0,0,0,0,0,0,0,0,0,0,0
ellipses,LVIRA,150,0.3,25,7026,7026,7026,1,7026,1,0,0,0,0,0,0,0,0,0,0,0,0,0,0,0,0,0,0,0,0,0,7026,1,7026,1,0,0,0,0,0,0,0,0,0,0,0,0,0,0,0,0
ellipses,LVIRA,32,0,25,1452,1452,1452,1,1452,1,0,0,0,0,0,0,0,0,0,0,0,0,0,0,0,0,0,0,0,0,0,1452,1,1452,1,0,0,0,0,0,0,0,0,0,0,0,0,0,0,0,0
ellipses,LVIRA,32,0.05,25,1452,1452,1452,1,1452,1,0,0,0,0,0,0,0,0,0,0,0,0,0,0,0,0,0,0,0,0,0,1452,1,1452,1,0,0,0,0,0,0,0,0,0,0,0,0,0,0,0,0
ellipses,LVIRA,32,0.1,25,1459,1459,1459,1,1459,1,0,0,0,0,0,0,0,0,0,0,0,0,0,0,0,0,0,0,0,0,0,1459,1,1459,1,0,0,0,0,0,0,0,0,0,0,0,0,0,0,0,0
ellipses,LVIRA,32,0.2,25,1483,1483,1483,1,1483,1,0,0,0,0,0,0,0,0,0,0,0,0,0,0,0,0,0,0,0,0,0,1483,1,1483,1,0,0,0,0,0,0,0,0,0,0,0,0,0,0,0,0
ellipses,LVIRA,32,0.3,25,1524,1524,1524,1,1524,1,0,0,0,0,0,0,0,0,0,0,0,0,0,0,0,0,0,0,0,0,0,1524,1,1524,1,0,0,0,0,0,0,0,0,0,0,0,0,0,0,0,0
ellipses,LVIRA,50,0,25,2282,2282,2282,1,2282,1,0,0,0,0,0,0,0,0,0,0,0,0,0,0,0,0,0,0,0,0,0,2282,1,2282,1,0,0,0,0,0,0,0,0,0,0,0,0,0,0,0,0
ellipses,LVIRA,50,0.05,25,2284,2284,2284,1,2284,1,0,0,0,0,0,0,0,0,0,0,0,0,0,0,0,0,0,0,0,0,0,2284,1,2284,1,0,0,0,0,0,0,0,0,0,0,0,0,0,0,0,0
ellipses,LVIRA,50,0.1,25,2291,2291,2291,1,2291,1,0,0,0,0,0,0,0,0,0,0,0,0,0,0,0,0,0,0,0,0,0,2291,1,2291,1,0,0,0,0,0,0,0,0,0,0,0,0,0,0,0,0
ellipses,LVIRA,50,0.2,25,2318,2318,2318,1,2318,1,0,0,0,0,0,0,0,0,0,0,0,0,0,0,0,0,0,0,0,0,0,2318,1,2318,1,0,0,0,0,0,0,0,0,0,0,0,0,0,0,0,0
ellipses,LVIRA,50,0.3,25,2353,2353,2353,1,2353,1,0,0,0,0,0,0,0,0,0,0,0,0,0,0,0,0,0,0,0,0,0,2353,1,2353,1,0,0,0,0,0,0,0,0,0,0,0,0,0,0,0,0
ellipses,LVIRA,64,0,25,2898,2898,2898,1,2898,1,0,0,0,0,0,0,0,0,0,0,0,0,0,0,0,0,0,0,0,0,0,2898,1,2898,1,0,0,0,0,0,0,0,0,0,0,0,0,0,0,0,0
ellipses,LVIRA,64,0.05,25,2901,2901,2901,1,2901,1,0,0,0,0,0,0,0,0,0,0,0,0,0,0,0,0,0,0,0,0,0,2901,1,2901,1,0,0,0,0,0,0,0,0,0,0,0,0,0,0,0,0
ellipses,LVIRA,64,0.1,25,2904,2904,2904,1,2904,1,0,0,0,0,0,0,0,0,0,0,0,0,0,0,0,0,0,0,0,0,0,2904,1,2904,1,0,0,0,0,0,0,0,0,0,0,0,0,0,0,0,0
ellipses,LVIRA,64,0.2,25,2924,2924,2924,1,2924,1,0,0,0,0,0,0,0,0,0,0,0,0,0,0,0,0,0,0,0,0,0,2924,1,2924,1,0,0,0,0,0,0,0,0,0,0,0,0,0,0,0,0
ellipses,LVIRA,64,0.3,25,2967,2967,2967,1,2967,1,0,0,0,0,0,0,0,0,0,0,0,0,0,0,0,0,0,0,0,0,0,2967,1,2967,1,0,0,0,0,0,0,0,0,0,0,0,0,0,0,0,0
ellipses,Youngs,100,0,25,4555,4555,4555,1,4555,1,0,0,0,0,0,0,0,0,0,0,0,0,0,0,0,0,0,0,0,0,0,4555,1,4555,1,0,0,0,0,0,0,0,0,0,0,0,0,0,0,0,0
ellipses,Youngs,100,0.05,25,4555,4555,4555,1,4555,1,0,0,0,0,0,0,0,0,0,0,0,0,0,0,0,0,0,0,0,0,0,4555,1,4555,1,0,0,0,0,0,0,0,0,0,0,0,0,0,0,0,0
ellipses,Youngs,100,0.1,25,4563,4563,4563,1,4563,1,0,0,0,0,0,0,0,0,0,0,0,0,0,0,0,0,0,0,0,0,0,4563,1,4563,1,0,0,0,0,0,0,0,0,0,0,0,0,0,0,0,0
ellipses,Youngs,100,0.2,25,4610,4610,4610,1,4610,1,0,0,0,0,0,0,0,0,0,0,0,0,0,0,0,0,0,0,0,0,0,4610,1,4610,1,0,0,0,0,0,0,0,0,0,0,0,0,0,0,0,0
ellipses,Youngs,100,0.3,25,4700,4700,4700,1,4700,1,0,0,0,0,0,0,0,0,0,0,0,0,0,0,0,0,0,0,0,0,0,4700,1,4700,1,0,0,0,0,0,0,0,0,0,0,0,0,0,0,0,0
ellipses,Youngs,128,0,25,5814,5814,5814,1,5814,1,0,0,0,0,0,0,0,0,0,0,0,0,0,0,0,0,0,0,0,0,0,5814,1,5814,1,0,0,0,0,0,0,0,0,0,0,0,0,0,0,0,0
ellipses,Youngs,128,0.05,25,5819,5819,5819,1,5819,1,0,0,0,0,0,0,0,0,0,0,0,0,0,0,0,0,0,0,0,0,0,5819,1,5819,1,0,0,0,0,0,0,0,0,0,0,0,0,0,0,0,0
ellipses,Youngs,128,0.1,25,5828,5828,5828,1,5828,1,0,0,0,0,0,0,0,0,0,0,0,0,0,0,0,0,0,0,0,0,0,5828,1,5828,1,0,0,0,0,0,0,0,0,0,0,0,0,0,0,0,0
ellipses,Youngs,128,0.2,25,5860,5860,5860,1,5860,1,0,0,0,0,0,0,0,0,0,0,0,0,0,0,0,0,0,0,0,0,0,5860,1,5860,1,0,0,0,0,0,0,0,0,0,0,0,0,0,0,0,0
ellipses,Youngs,128,0.3,25,5950,5950,5950,1,5950,1,0,0,0,0,0,0,0,0,0,0,0,0,0,0,0,0,0,0,0,0,0,5950,1,5950,1,0,0,0,0,0,0,0,0,0,0,0,0,0,0,0,0
ellipses,Youngs,150,0,25,6826,6826,6826,1,6826,1,0,0,0,0,0,0,0,0,0,0,0,0,0,0,0,0,0,0,0,0,0,6826,1,6826,1,0,0,0,0,0,0,0,0,0,0,0,0,0,0,0,0
ellipses,Youngs,150,0.05,25,6828,6828,6828,1,6828,1,0,0,0,0,0,0,0,0,0,0,0,0,0,0,0,0,0,0,0,0,0,6828,1,6828,1,0,0,0,0,0,0,0,0,0,0,0,0,0,0,0,0
ellipses,Youngs,150,0.1,25,6850,6850,6850,1,6850,1,0,0,0,0,0,0,0,0,0,0,0,0,0,0,0,0,0,0,0,0,0,6850,1,6850,1,0,0,0,0,0,0,0,0,0,0,0,0,0,0,0,0
ellipses,Youngs,150,0.2,25,6904,6904,6904,1,6904,1,0,0,0,0,0,0,0,0,0,0,0,0,0,0,0,0,0,0,0,0,0,6904,1,6904,1,0,0,0,0,0,0,0,0,0,0,0,0,0,0,0,0
ellipses,Youngs,150,0.3,25,7026,7026,7026,1,7026,1,0,0,0,0,0,0,0,0,0,0,0,0,0,0,0,0,0,0,0,0,0,7026,1,7026,1,0,0,0,0,0,0,0,0,0,0,0,0,0,0,0,0
ellipses,Youngs,32,0,25,1452,1452,1452,1,1452,1,0,0,0,0,0,0,0,0,0,0,0,0,0,0,0,0,0,0,0,0,0,1452,1,1452,1,0,0,0,0,0,0,0,0,0,0,0,0,0,0,0,0
ellipses,Youngs,32,0.05,25,1452,1452,1452,1,1452,1,0,0,0,0,0,0,0,0,0,0,0,0,0,0,0,0,0,0,0,0,0,1452,1,1452,1,0,0,0,0,0,0,0,0,0,0,0,0,0,0,0,0
ellipses,Youngs,32,0.1,25,1459,1459,1459,1,1459,1,0,0,0,0,0,0,0,0,0,0,0,0,0,0,0,0,0,0,0,0,0,1459,1,1459,1,0,0,0,0,0,0,0,0,0,0,0,0,0,0,0,0
ellipses,Youngs,32,0.2,25,1483,1483,1483,1,1483,1,0,0,0,0,0,0,0,0,0,0,0,0,0,0,0,0,0,0,0,0,0,1483,1,1483,1,0,0,0,0,0,0,0,0,0,0,0,0,0,0,0,0
ellipses,Youngs,32,0.3,25,1524,1524,1524,1,1524,1,0,0,0,0,0,0,0,0,0,0,0,0,0,0,0,0,0,0,0,0,0,1524,1,1524,1,0,0,0,0,0,0,0,0,0,0,0,0,0,0,0,0
ellipses,Youngs,50,0,25,2282,2282,2282,1,2282,1,0,0,0,0,0,0,0,0,0,0,0,0,0,0,0,0,0,0,0,0,0,2282,1,2282,1,0,0,0,0,0,0,0,0,0,0,0,0,0,0,0,0
ellipses,Youngs,50,0.05,25,2284,2284,2284,1,2284,1,0,0,0,0,0,0,0,0,0,0,0,0,0,0,0,0,0,0,0,0,0,2284,1,2284,1,0,0,0,0,0,0,0,0,0,0,0,0,0,0,0,0
ellipses,Youngs,50,0.1,25,2291,2291,2291,1,2291,1,0,0,0,0,0,0,0,0,0,0,0,0,0,0,0,0,0,0,0,0,0,2291,1,2291,1,0,0,0,0,0,0,0,0,0,0,0,0,0,0,0,0
ellipses,Youngs,50,0.2,25,2318,2318,2318,1,2318,1,0,0,0,0,0,0,0,0,0,0,0,0,0,0,0,0,0,0,0,0,0,2318,1,2318,1,0,0,0,0,0,0,0,0,0,0,0,0,0,0,0,0
ellipses,Youngs,50,0.3,25,2353,2353,2353,1,2353,1,0,0,0,0,0,0,0,0,0,0,0,0,0,0,0,0,0,0,0,0,0,2353,1,2353,1,0,0,0,0,0,0,0,0,0,0,0,0,0,0,0,0
ellipses,Youngs,64,0,25,2898,2898,2898,1,2898,1,0,0,0,0,0,0,0,0,0,0,0,0,0,0,0,0,0,0,0,0,0,2898,1,2898,1,0,0,0,0,0,0,0,0,0,0,0,0,0,0,0,0
ellipses,Youngs,64,0.05,25,2901,2901,2901,1,2901,1,0,0,0,0,0,0,0,0,0,0,0,0,0,0,0,0,0,0,0,0,0,2901,1,2901,1,0,0,0,0,0,0,0,0,0,0,0,0,0,0,0,0
ellipses,Youngs,64,0.1,25,2904,2904,2904,1,2904,1,0,0,0,0,0,0,0,0,0,0,0,0,0,0,0,0,0,0,0,0,0,2904,1,2904,1,0,0,0,0,0,0,0,0,0,0,0,0,0,0,0,0
ellipses,Youngs,64,0.2,25,2924,2924,2924,1,2924,1,0,0,0,0,0,0,0,0,0,0,0,0,0,0,0,0,0,0,0,0,0,2924,1,2924,1,0,0,0,0,0,0,0,0,0,0,0,0,0,0,0,0
ellipses,Youngs,64,0.3,25,2967,2967,2967,1,2967,1,0,0,0,0,0,0,0,0,0,0,0,0,0,0,0,0,0,0,0,0,0,2967,1,2967,1,0,0,0,0,0,0,0,0,0,0,0,0,0,0,0,0
ellipses,circular,100,0,25,4555,4554,0,0,0,0,0,4555,1,4554,1,0,0,0,0,0,0,0,0,0,0,0,2,0.00043907793633369923,1,0.00021958717610891525,0,4553,0.99956092206366631,4553,0.99978041282389107,0,0,0,0,0,0,0,0,0,0,0,0,0,0,0,0
ellipses,circular,100,0.05,25,4555,4554,0,0,0,0,0,4555,1,4554,1,0,0,0,0,0,0,0,0,0,0,0,2,0.00043907793633369923,1,0.00021958717610891525,0,4553,0.99956092206366631,4553,0.99978041282389107,0,0,0,0,0,0,0,0,0,0,0,0,0,0,0,0
ellipses,circular,100,0.1,25,4563,4562,0,0,0,0,0,4563,1,4562,1,0,0,0,0,0,0,0,0,0,0,0,2,0.00043830813061582295,1,0.00021920210434020167,0,4561,0.99956169186938415,4561,0.99978079789565977,0,0,0,0,0,0,0,0,0,0,0,0,0,0,0,0
ellipses,circular,100,0.2,25,4610,4610,2,0.00043383947939262471,2,0.00043383947939262471,0,4608,0.99956616052060743,4608,0.99956616052060743,0,0,0,0,0,0,0,0,0,0,0,0,0,0,0,0,4610,1,4610,1,0,0,0,0,0,0,0,0,0,0,0,0,0,0,0,0
ellipses,circular,100,0.3,25,4700,4700,8,0.0017021276595744681,8,0.0017021276595744681,0,4692,0.99829787234042555,4692,0.99829787234042555,0,0,0,0,0,0,0,0,0,0,0,0,0,0,0,0,4700,1,4700,1,0,0,0,0,0,0,0,0,0,0,0,0,0,0,0,0
ellipses,circular,128,0,25,5814,5814,1,0.00017199862401100791,1,0.00017199862401100791,0,5813,0.99982800137598904,5813,0.99982800137598904,0,0,0,0,0,0,0,0,0,0,0,0,0,0,0,0,5814,1,5814,1,0,0,0,0,0,0,0,0,0,0,0,0,0,0,0,0
ellipses,circular,128,0.05,25,5819,5818,0,0,0,0,0,5819,1,5818,1,0,0,0,0,0,0,0,0,0,0,0,2,0.00034370166695308474,1,0.00017188037126160193,0,5817,0.99965629833304692,5817,0.99982811962873841,0,0,0,0,0,0,0,0,0,0,0,0,0,0,0,0
ellipses,circular,128,0.1,25,5828,5828,2,0.00034317089910775565,2,0.00034317089910775565,0,5826,0.99965682910089226,5826,0.99965682910089226,0,0,0,0,0,0,0,0,0,0,0,0,0,0,0,0,5828,1,5828,1,0,0,0,0,0,0,0,0,0,0,0,0,0,0,0,0
ellipses,circular,128,0.2,25,5860,5860,4,0.00068259385665529011,4,0.00068259385665529011,0,5856,0.99931740614334474,5856,0.99931740614334474,0,0,0,0,0,0,0,0,0,0,0,0,0,0,0,0,5860,1,5860,1,0,2,0.00034129692832764505,2,0.00034129692832764505,2,0,0,0,0,0,0,0,0,0,0
ellipses,circular,128,0.3,25,5950,5950,4,0.00067226890756302523,4,0.00067226890756302523,0,5946,0.999327731092437,5946,0.999327731092437,0,0,0,0,0,0,0,0,0,0,0,0,0,0,0,0,5950,1,5950,1,0,0,0,0,0,0,0,0,0,0,0,0,0,0,0,0
ellipses,circular,150,0,25,6826,6826,0,0,0,0,0,6826,1,6826,1,0,0,0,0,0,0,0,0,0,0,0,0,0,0,0,0,6826,1,6826,1,0,0,0,0,0,0,0,0,0,0,0,0,0,0,0,0
ellipses,circular,150,0.05,25,6828,6828,1,0.00014645577035735208,1,0.00014645577035735208,0,6827,0.99985354422964268,6827,0.99985354422964268,0,0,0,0,0,0,0,0,0,0,0,0,0,0,0,0,6828,1,6828,1,0,0,0,0,0,0,0,0,0,0,0,0,0,0,0,0
ellipses,circular,150,0.1,25,6850,6848,0,0,0,0,0,6850,1,6848,1,0,0,0,0,0,0,0,0,0,0,0,4,0.00058394160583941611,2,0.00029205607476635512,0,6846,0.99941605839416059,6846,0.99970794392523366,0,0,0,0,0,0,0,0,0,0,0,0,0,0,0,0
ellipses,circular,150,0.2,25,6904,6904,3,0.00043453070683661645,3,0.00043453070683661645,0,6901,0.99956546929316337,6901,0.99956546929316337,0,0,0,0,0,0,0,0,0,0,0,0,0,0,0,0,6904,1,6904,1,0,0,0,0,0,0,0,0,0,0,0,0,0,0,0,0
ellipses,circular,150,0.3,25,7026,7026,8,0.001138627953316254,8,0.001138627953316254,0,7018,0.99886137204668379,7018,0.99886137204668379,0,0,0,0,0,0,0,0,0,0,0,0,0,0,0,0,7026,1,7026,1,0,0,0,0,0,0,0,0,0,0,0,0,0,0,0,0
ellipses,circular,32,0,25,1452,1452,0,0,0,0,0,1452,1,1452,1,0,0,0,0,0,0,0,0,0,0,0,0,0,0,0,0,1452,1,1452,1,0,0,0,0,0,0,0,0,0,0,0,0,0,0,0,0
ellipses,circular,32,0.05,25,1452,1452,0,0,0,0,0,1452,1,1452,1,0,0,0,0,0,0,0,0,0,0,0,0,0,0,0,0,1452,1,1452,1,0,0,0,0,0,0,0,0,0,0,0,0,0,0,0,0
ellipses,circular,32,0.1,25,1459,1458,1,0.00068540095956134343,1,0.00068587105624142656,0,1458,0.99931459904043862,1457,0.9993141289437586,0,0,0,0,0,0,0,0,0,0,0,2,0.0013708019191226869,1,0.00068587105624142656,0,1457,0.99862919808087736,1457,0.9993141289437586,0,0,0,0,0,0,0,0,0,0,0,1,0.00068540095956134343,1,0.00068587105624142656,1
ellipses,circular,32,0.2,25,1483,1482,2,0.0013486176668914363,2,0.0013495276653171389,0,1481,0.99865138233310857,1480,0.99865047233468285,0,0,0,0,0,0,0,0,0,0,0,2,0.0013486176668914363,1,0.00067476383265856947,0,1481,0.99865138233310857,1481,0.99932523616734148,0,2,0.0013486176668914363,2,0.0013495276653171389,2,0,0,0,0,0,0,0,0,0,0
ellipses,circular,32,0.3,25,1524,1522,3,0.001968503937007874,2,0.0013140604467805519,0,1521,0.99803149606299213,1520,0.99868593955321949,0,0,0,0,0,0,0,0,0,0,0,4,0.0026246719160104987,2,0.0013140604467805519,0,1520,0.99737532808398954,1520,0.99868593955321949,0,0,0,0,0,0,0,0,0,0,0,3,0.001968503937007874,2,0.0013140604467805519,2
ellipses,circular,50,0,25,2282,2282,0,0,0,0,0,2282,1,2282,1,0,0,0,0,0,0,0,0,0,0,0,0,0,0,0,0,2282,1,2282,1,0,0,0,0,0,0,0,0,0,0,0,0,0,0,0,0
ellipses,circular,50,0.05,25,2284,2284,0,0,0,0,0,2284,1,2284,1,0,0,0,0,0,0,0,0,0,0,0,0,0,0,0,0,2284,1,2284,1,0,0,0,0,0,0,0,0,0,0,0,0,0,0,0,0
ellipses,circular,50,0.1,25,2291,2290,2,0.00087298123090353555,2,0.00087336244541484718,0,2289,0.99912701876909649,2288,0.9991266375545852,0,0,0,0,0,0,0,0,0,0,0,2,0.00087298123090353555,1,0.00043668122270742359,0,2289,0.99912701876909649,2289,0.99956331877729254,0,0,0,0,0,0,0,0,0,0,0,1,0.00043649061545176777,1,0.00043668122270742359,1
ellipses,circular,50,0.2,25,2318,2318,5,0.0021570319240724763,5,0.0021570319240724763,0,2313,0.99784296807592754,2313,0.99784296807592754,0,0,0,0,0,0,0,0,0,0,0,0,0,0,0,0,2318,1,2318,1,0,4,0.0017256255392579811,4,0.0017256255392579811,4,0,0,0,0,0,1,0.00043140638481449527,1,0.00043140638481449527,1
ellipses,circular,50,0.3,25,2353,2352,8,0.0033999150021249468,8,0.0034013605442176869,0,2345,0.996600084997875,2344,0.99659863945578231,0,0,0,0,0,0,0,0,0,0,0,2,0.0008499787505312367,1,0.00042517006802721087,0,2351,0.99915002124946872,2351,0.99957482993197277,0,4,0.0016999575010624734,4,0.0017006802721088435,4,0,0,0,0,0,2,0.0008499787505312367,2,0.00085034013605442174,2
ellipses,circular,64,0,25,2898,2898,0,0,0,0,0,2898,1,2898,1,0,0,0,0,0,0,0,0,0,0,0,0,0,0,0,0,2898,1,2898,1,0,0,0,0,0,0,0,0,0,0,0,0,0,0,0,0
ellipses,circular,64,0.05,25,2901,2900,0,0,0,0,0,2901,1,2900,1,0,0,0,0,0,0,0,0,0,0,0,2,0.00068941744226128923,1,0.00034482758620689653,0,2899,0.99931058255773875,2899,0.99965517241379309,0,0,0,0,0,0,0,0,0,0,0,0,0,0,0,0
ellipses,circular,64,0.1,25,2904,2904,0,0,0,0,0,2904,1,2904,1,0,0,0,0,0,0,0,0,0,0,0,0,0,0,0,0,2904,1,2904,1,0,0,0,0,0,0,0,0,0,0,0,0,0,0,0,0
ellipses,circular,64,0.2,25,2924,2924,2,0.00068399452804377564,2,0.00068399452804377564,0,2922,0.9993160054719562,2922,0.9993160054719562,0,0,0,0,0,0,0,0,0,0,0,0,0,0,0,0,2924,1,2924,1,0,0,0,0,0,0,0,0,0,0,0,0,0,0,0,0
ellipses,circular,64,0.3,25,2967,2966,2,0.0006740815638692282,1,0.00033715441672285906,0,2965,0.99932591843613072,2965,0.99966284558327712,0,0,0,0,0,0,0,0,0,0,0,2,0.0006740815638692282,1,0.00033715441672285906,0,2965,0.99932591843613072,2965,0.99966284558327712,0,0,0,0,0,0,0,0,0,0,0,2,0.0006740815638692282,1,0.00033715441672285906,1
ellipses,linear,100,0,25,4555,4554,4555,1,4554,1,0,0,0,0,0,0,0,0,0,0,0,0,0,0,0,0,2,0.00043907793633369923,1,0.00021958717610891525,0,4553,0.99956092206366631,4553,0.99978041282389107,0,0,0,0,0,0,0,0,0,0,0,0,0,0,0,0
ellipses,linear,100,0.05,25,4555,4554,4555,1,4554,1,0,0,0,0,0,0,0,0,0,0,0,0,0,0,0,0,2,0.00043907793633369923,1,0.00021958717610891525,0,4553,0.99956092206366631,4553,0.99978041282389107,0,0,0,0,0,0,0,0,0,0,0,0,0,0,0,0
ellipses,linear,100,0.1,25,4563,4562,4563,1,4562,1,0,0,0,0,0,0,0,0,0,0,0,0,0,0,0,0,2,0.00043830813061582295,1,0.00021920210434020167,0,4561,0.99956169186938415,4561,0.99978079789565977,0,0,0,0,0,0,0,0,0,0,0,0,0,0,0,0
ellipses,linear,100,0.2,25,4610,4610,4610,1,4610,1,0,0,0,0,0,0,0,0,0,0,0,0,0,0,0,0,0,0,0,0,0,4610,1,4610,1,0,0,0,0,0,0,0,0,0,0,0,0,0,0,0,0
ellipses,linear,100,0.3,25,4700,4700,4700,1,4700,1,0,0,0,0,0,0,0,0,0,0,0,0,0,0,0,0,0,0,0,0,0,4700,1,4700,1,0,0,0,0,0,0,0,0,0,0,0,0,0,0,0,0
ellipses,linear,128,0,25,5814,5814,5814,1,5814,1,0,0,0,0,0,0,0,0,0,0,0,0,0,0,0,0,0,0,0,0,0,5814,1,5814,1,0,0,0,0,0,0,0,0,0,0,0,0,0,0,0,0
ellipses,linear,128,0.05,25,5819,5818,5819,1,5818,1,0,0,0,0,0,0,0,0,0,0,0,0,0,0,0,0,2,0.00034370166695308474,1,0.00017188037126160193,0,5817,0.99965629833304692,5817,0.99982811962873841,0,0,0,0,0,0,0,0,0,0,0,0,0,0,0,0
ellipses,linear,128,0.1,25,5828,5828,5828,1,5828,1,0,0,0,0,0,0,0,0,0,0,0,0,0,0,0,0,0,0,0,0,0,5828,1,5828,1,0,0,0,0,0,0,0,0,0,0,0,0,0,0,0,0
ellipses,linear,128,0.2,25,5860,5860,5860,1,5860,1,0,0,0,0,0,0,0,0,0,0,0,0,0,0,0,0,0,0,0,0,0,5860,1,5860,1,0,2,0.00034129692832764505,2,0.00034129692832764505,2,0,0,0,0,0,0,0,0,0,0
ellipses,linear,128,0.3,25,5950,5950,5950,1,5950,1,0,0,0,0,0,0,0,0,0,0,0,0,0,0,0,0,0,0,0,0,0,5950,1,5950,1,0,0,0,0,0,0,0,0,0,0,0,0,0,0,0,0
ellipses,linear,150,0,25,6826,6826,6826,1,6826,1,0,0,0,0,0,0,0,0,0,0,0,0,0,0,0,0,0,0,0,0,0,6826,1,6826,1,0,0,0,0,0,0,0,0,0,0,0,0,0,0,0,0
ellipses,linear,150,0.05,25,6828,6828,6828,1,6828,1,0,0,0,0,0,0,0,0,0,0,0,0,0,0,0,0,0,0,0,0,0,6828,1,6828,1,0,0,0,0,0,0,0,0,0,0,0,0,0,0,0,0
ellipses,linear,150,0.1,25,6850,6848,6850,1,6848,1,0,0,0,0,0,0,0,0,0,0,0,0,0,0,0,0,4,0.00058394160583941611,2,0.00029205607476635512,0,6846,0.99941605839416059,6846,0.99970794392523366,0,0,0,0,0,0,0,0,0,0,0,0,0,0,0,0
ellipses,linear,150,0.2,25,6904,6904,6904,1,6904,1,0,0,0,0,0,0,0,0,0,0,0,0,0,0,0,0,0,0,0,0,0,6904,1,6904,1,0,0,0,0,0,0,0,0,0,0,0,0,0,0,0,0
ellipses,linear,150,0.3,25,7026,7026,7026,1,7026,1,0,0,0,0,0,0,0,0,0,0,0,0,0,0,0,0,0,0,0,0,0,7026,1,7026,1,0,0,0,0,0,0,0,0,0,0,0,0,0,0,0,0
ellipses,linear,32,0,25,1452,1452,1452,1,1452,1,0,0,0,0,0,0,0,0,0,0,0,0,0,0,0,0,0,0,0,0,0,1452,1,1452,1,0,0,0,0,0,0,0,0,0,0,0,0,0,0,0,0
ellipses,linear,32,0.05,25,1452,1452,1452,1,1452,1,0,0,0,0,0,0,0,0,0,0,0,0,0,0,0,0,0,0,0,0,0,1452,1,1452,1,0,0,0,0,0,0,0,0,0,0,0,0,0,0,0,0
ellipses,linear,32,0.1,25,1459,1458,1459,1,1458,1,0,0,0,0,0,0,0,0,0,0,0,0,0,0,0,0,2,0.0013708019191226869,1,0.00068587105624142656,0,1457,0.99862919808087736,1457,0.9993141289437586,0,0,0,0,0,0,0,0,0,0,0,0,0,0,0,0
ellipses,linear,32,0.2,25,1483,1482,1483,1,1482,1,0,0,0,0,0,0,0,0,0,0,0,0,0,0,0,0,2,0.0013486176668914363,1,0.00067476383265856947,0,1481,0.99865138233310857,1481,0.99932523616734148,0,2,0.0013486176668914363,2,0.0013495276653171389,2,0,0,0,0,0,0,0,0,0,0
ellipses,linear,32,0.3,25,1524,1522,1524,1,1522,1,0,0,0,0,0,0,0,0,0,0,0,0,0,0,0,0,4,0.0026246719160104987,2,0.0013140604467805519,0,1520,0.99737532808398954,1520,0.99868593955321949,0,0,0,0,0,0,0,0,0,0,0,0,0,0,0,0
ellipses,linear,50,0,25,2282,2282,2282,1,2282,1,0,0,0,0,0,0,0,0,0,0,0,0,0,0,0,0,0,0,0,0,0,2282,1,2282,1,0,0,0,0,0,0,0,0,0,0,0,0,0,0,0,0
ellipses,linear,50,0.05,25,2284,2284,2284,1,2284,1,0,0,0,0,0,0,0,0,0,0,0,0,0,0,0,0,0,0,0,0,0,2284,1,2284,1,0,0,0,0,0,0,0,0,0,0,0,0,0,0,0,0
ellipses,linear,50,0.1,25,2291,2290,2291,1,2290,1,0,0,0,0,0,0,0,0,0,0,0,0,0,0,0,0,2,0.00087298123090353555,1,0.00043668122270742359,0,2289,0.99912701876909649,2289,0.99956331877729254,0,0,0,0,0,0,0,0,0,0,0,0,0,0,0,0
ellipses,linear,50,0.2,25,2318,2318,2318,1,2318,1,0,0,0,0,0,0,0,0,0,0,0,0,0,0,0,0,0,0,0,0,0,2318,1,2318,1,0,4,0.0017256255392579811,4,0.0017256255392579811,4,0,0,0,0,0,0,0,0,0,0
ellipses,linear,50,0.3,25,2353,2352,2353,1,2352,1,0,0,0,0,0,0,0,0,0,0,0,0,0,0,0,0,2,0.0008499787505312367,1,0.00042517006802721087,0,2351,0.99915002124946872,2351,0.99957482993197277,0,4,0.0016999575010624734,4,0.0017006802721088435,4,0,0,0,0,0,0,0,0,0,0
ellipses,linear,64,0,25,2898,2898,2898,1,2898,1,0,0,0,0,0,0,0,0,0,0,0,0,0,0,0,0,0,0,0,0,0,2898,1,2898,1,0,0,0,0,0,0,0,0,0,0,0,0,0,0,0,0
ellipses,linear,64,0.05,25,2901,2900,2901,1,2900,1,0,0,0,0,0,0,0,0,0,0,0,0,0,0,0,0,2,0.00068941744226128923,1,0.00034482758620689653,0,2899,0.99931058255773875,2899,0.99965517241379309,0,0,0,0,0,0,0,0,0,0,0,0,0,0,0,0
ellipses,linear,64,0.1,25,2904,2904,2904,1,2904,1,0,0,0,0,0,0,0,0,0,0,0,0,0,0,0,0,0,0,0,0,0,2904,1,2904,1,0,0,0,0,0,0,0,0,0,0,0,0,0,0,0,0
ellipses,linear,64,0.2,25,2924,2924,2924,1,2924,1,0,0,0,0,0,0,0,0,0,0,0,0,0,0,0,0,0,0,0,0,0,2924,1,2924,1,0,0,0,0,0,0,0,0,0,0,0,0,0,0,0,0
ellipses,linear,64,0.3,25,2967,2966,2967,1,2966,1,0,0,0,0,0,0,0,0,0,0,0,0,0,0,0,0,2,0.0006740815638692282,1,0.00033715441672285906,0,2965,0.99932591843613072,2965,0.99966284558327712,0,0,0,0,0,0,0,0,0,0,0,0,0,0,0,0
ellipses,safe_circle,100,0,25,4555,4555,4,0.00087815587266739845,4,0.00087815587266739845,0,4551,0.99912184412733263,4551,0.99912184412733263,0,0,0,0,0,0,0,0,0,0,0,0,0,0,0,0,4555,1,4555,1,0,4,0.00087815587266739845,4,0.00087815587266739845,4,0,0,0,0,0,0,0,0,0,0
ellipses,safe_circle,100,0.05,25,4555,4555,5,0.0010976948408342481,5,0.0010976948408342481,0,4550,0.99890230515916578,4550,0.99890230515916578,0,0,0,0,0,0,0,0,0,0,0,0,0,0,0,0,4555,1,4555,1,0,4,0.00087815587266739845,4,0.00087815587266739845,4,0,0,0,0,0,1,0.00021953896816684961,1,0.00021953896816684961,1
ellipses,safe_circle,100,0.1,25,4563,4563,16,0.0035064650449265836,16,0.0035064650449265836,0,4547,0.99649353495507342,4547,0.99649353495507342,0,0,0,0,0,0,0,0,0,0,0,0,0,0,0,0,4563,1,4563,1,0,15,0.0032873109796186721,15,0.0032873109796186721,15,0,0,0,0,0,1,0.00021915406530791147,1,0.00021915406530791147,1
ellipses,safe_circle,100,0.2,25,4610,4610,87,0.018872017353579174,87,0.018872017353579174,0,4523,0.98112798264642087,4523,0.98112798264642087,0,0,0,0,0,0,0,0,0,0,0,0,0,0,0,0,4610,1,4610,1,0,82,0.017787418655097614,82,0.017787418655097614,82,0,0,0,0,0,3,0.00065075921908893709,3,0.00065075921908893709,3
ellipses,safe_circle,100,0.3,25,4700,4700,222,0.04723404255319149,222,0.04723404255319149,0,4478,0.95276595744680848,4478,0.95276595744680848,0,0,0,0,0,0,0,0,0,0,0,0,0,0,0,0,4700,1,4700,1,0,211,0.044893617021276595,211,0.044893617021276595,211,0,0,0,0,0,4,0.00085106382978723403,4,0.00085106382978723403,4
ellipses,safe_circle,128,0,25,5814,5814,1,0.00017199862401100791,1,0.00017199862401100791,0,5813,0.99982800137598904,5813,0.99982800137598904,0,0,0,0,0,0,0,0,0,0,0,0,0,0,0,0,5814,1,5814,1,0,0,0,0,0,0,0,0,0,0,0,0,0,0,0,0
ellipses,safe_circle,128,0.05,25,5819,5819,15,0.0025777625021481355,15,0.0025777625021481355,0,5804,0.99742223749785186,5804,0.99742223749785186,0,0,0,0,0,0,0,0,0,0,0,0,0,0,0,0,5819,1,5819,1,0,9,0.0015466575012888812,9,0.0015466575012888812,9,0,0,0,0,0,6,0.0010311050008592541,6,0.0010311050008592541,6
ellipses,safe_circle,128,0.1,25,5828,5828,20,0.0034317089910775567,20,0.0034317089910775567,0,5808,0.99656829100892241,5808,0.99656829100892241,0,0,0,0,0,0,0,0,0,0,0,0,0,0,0,0,5828,1,5828,1,0,17,0.002916952642415923,17,0.002916952642415923,17,0,0,0,0,0,1,0.00017158544955387783,1,0.00017158544955387783,1
ellipses,safe_circle,128,0.2,25,5860,5860,66,0.011262798634812287,66,0.011262798634812287,0,5794,0.98873720136518772,5794,0.98873720136518772,0,0,0,0,0,0,0,0,0,0,0,0,0,0,0,0,5860,1,5860,1,0,62,0.010580204778156996,62,0.010580204778156996,62,0,0,0,0,0,2,0.00034129692832764505,2,0.00034129692832764505,2
ellipses,safe_circle,128,0.3,25,5950,5950,196,0.032941176470588238,196,0.032941176470588238,0,5754,0.96705882352941175,5754,0.96705882352941175,0,0,0,0,0,0,0,0,0,0,0,0,0,0,0,0,5950,1,5950,1,0,191,0.032100840336134452,191,0.032100840336134452,191,0,0,0,0,0,1,0.00016806722689075631,1,0.00016806722689075631,1
ellipses,safe_circle,150,0,25,6826,6826,0,0,0,0,0,6826,1,6826,1,0,0,0,0,0,0,0,0,0,0,0,0,0,0,0,0,6826,1,6826,1,0,0,0,0,0,0,0,0,0,0,0,0,0,0,0,0
ellipses,safe_circle,150,0.05,25,6828,6828,3,0.00043936731107205621,3,0.00043936731107205621,0,6825,0.99956063268892792,6825,0.99956063268892792,0,0,0,0,0,0,0,0,0,0,0,0,0,0,0,0,6828,1,6828,1,0,2,0.00029291154071470416,2,0.00029291154071470416,2,0,0,0,0,0,0,0,0,0,0
ellipses,safe_circle,150,0.1,25,6850,6850,31,0.0045255474452554744,31,0.0045255474452554744,0,6819,0.99547445255474454,6819,0.99547445255474454,0,0,0,0,0,0,0,0,0,0,0,0,0,0,0,0,6850,1,6850,1,0,27,0.0039416058394160583,27,0.0039416058394160583,27,0,0,0,0,0,4,0.00058394160583941611,4,0.00058394160583941611,4
ellipses,safe_circle,150,0.2,25,6904,6904,99,0.014339513325608342,99,0.014339513325608342,0,6805,0.98566048667439166,6805,0.98566048667439166,0,0,0,0,0,0,0,0,0,0,0,0,0,0,0,0,6904,1,6904,1,0,95,0.013760139049826188,95,0.013760139049826188,95,0,0,0,0,0,1,0.00014484356894553882,1,0.00014484356894553882,1
ellipses,safe_circle,150,0.3,25,7026,7026,258,0.036720751494449186,258,0.036720751494449186,0,6768,0.9632792485055508,6768,0.9632792485055508,0,0,0,0,0,0,0,0,0,0,0,0,0,0,0,0,7026,1,7026,1,0,247,0.035155138058639339,247,0.035155138058639339,247,0,0,0,0,0,3,0.00042698548249359521,3,0.00042698548249359521,3
ellipses,safe_circle,32,0,25,1452,1452,6,0.0041322314049586778,6,0.0041322314049586778,0,1446,0.99586776859504134,1446,0.99586776859504134,0,0,0,0,0,0,0,0,0,0,0,0,0,0,0,0,1452,1,1452,1,0,6,0.0041322314049586778,6,0.0041322314049586778,6,0,0,0,0,0,0,0,0,0,0
ellipses,safe_circle,32,0.05,25,1452,1452,6,0.0041322314049586778,6,0.0041322314049586778,0,1446,0.99586776859504134,1446,0.99586776859504134,0,0,0,0,0,0,0,0,0,0,0,0,0,0,0,0,1452,1,1452,1,0,5,0.0034435261707988982,5,0.0034435261707988982,5,0,0,0,0,0,1,0.00068870523415977963,1,0.00068870523415977963,1
ellipses,safe_circle,32,0.1,25,1459,1459,17,0.011651816312542838,17,0.011651816312542838,0,1442,0.98834818368745714,1442,0.98834818368745714,0,0,0,0,0,0,0,0,0,0,0,0,0,0,0,0,1459,1,1459,1,0,15,0.01028101439342015,15,0.01028101439342015,15,0,0,0,0,0,2,0.0013708019191226869,2,0.0013708019191226869,2
ellipses,safe_circle,32,0.2,25,1483,1483,46,0.031018206338503034,46,0.031018206338503034,0,1437,0.96898179366149695,1437,0.96898179366149695,0,0,0,0,0,0,0,0,0,0,0,0,0,0,0,0,1483,1,1483,1,0,42,0.028320971004720162,42,0.028320971004720162,42,0,0,0,0,0,4,0.0026972353337828725,4,0.0026972353337828725,4
ellipses,safe_circle,32,0.3,25,1524,1524,119,0.078083989501312331,119,0.078083989501312331,0,1405,0.92191601049868765,1405,0.92191601049868765,0,0,0,0,0,0,0,0,0,0,0,0,0,0,0,0,1524,1,1524,1,0,114,0.074803149606299218,114,0.074803149606299218,114,0,0,0,0,0,5,0.0032808398950131233,5,0.0032808398950131233,5
ellipses,safe_circle,50,0,25,2282,2282,6,0.0026292725679228747,6,0.0026292725679228747,0,2276,0.99737072743207711,2276,0.99737072743207711,0,0,0,0,0,0,0,0,0,0,0,0,0,0,0,0,2282,1,2282,1,0,6,0.0026292725679228747,6,0.0026292725679228747,6,0,0,0,0,0,0,0,0,0,0
ellipses,safe_circle,50,0.05,25,2284,2284,10,0.0043782837127845885,10,0.0043782837127845885,0,2274,0.99562171628721541,2274,0.99562171628721541,0,0,0,0,0,0,0,0,0,0,0,0,0,0,0,0,2284,1,2284,1,0,10,0.0043782837127845885,10,0.0043782837127845885,10,0,0,0,0,0,0,0,0,0,0
ellipses,safe_circle,50,0.1,25,2291,2291,21,0.0091663029244871234,21,0.0091663029244871234,0,2270,0.99083369707551283,2270,0.99083369707551283,0,0,0,0,0,0,0,0,0,0,0,0,0,0,0,0,2291,1,2291,1,0,18,0.0078568310781318203,18,0.0078568310781318203,18,0,0,0,0,0,2,0.00087298123090353555,2,0.00087298123090353555,2
ellipses,safe_circle,50,0.2,25,2318,2318,60,0.025884383088869714,60,0.025884383088869714,0,2258,0.97411561691113024,2258,0.97411561691113024,0,0,0,0,0,0,0,0,0,0,0,0,0,0,0,0,2318,1,2318,1,0,55,0.023727351164797239,55,0.023727351164797239,55,0,0,0,0,0,5,0.0021570319240724763,5,0.0021570319240724763,5
ellipses,safe_circle,50,0.3,25,2353,2353,113,0.048023799405014875,113,0.048023799405014875,0,2240,0.95197620059498511,2240,0.95197620059498511,0,0,0,0,0,0,0,0,0,0,0,0,0,0,0,0,2353,1,2353,1,0,106,0.045048873778155543,106,0.045048873778155543,106,0,0,0,0,0,5,0.0021249468763280916,5,0.0021249468763280916,5
ellipses,safe_circle,64,0,25,2898,2898,1,0.00034506556245686681,1,0.00034506556245686681,0,2897,0.99965493443754316,2897,0.99965493443754316,0,0,0,0,0,0,0,0,0,0,0,0,0,0,0,0,2898,1,2898,1,0,0,0,0,0,0,0,0,0,0,0,1,0.00034506556245686681,1,0.00034506556245686681,1
ellipses,safe_circle,64,0.05,25,2901,2901,7,0.0024129610479145121,7,0.0024129610479145121,0,2894,0.99758703895208545,2894,0.99758703895208545,0,0,0,0,0,0,0,0,0,0,0,0,0,0,0,0,2901,1,2901,1,0,5,0.001723543605653223,5,0.001723543605653223,5,0,0,0,0,0,2,0.00068941744226128923,2,0.00068941744226128923,2
ellipses,safe_circle,64,0.1,25,2904,2904,7,0.0024104683195592287,7,0.0024104683195592287,0,2897,0.99758953168044073,2897,0.99758953168044073,0,0,0,0,0,0,0,0,0,0,0,0,0,0,0,0,2904,1,2904,1,0,7,0.0024104683195592287,7,0.0024104683195592287,7,0,0,0,0,0,0,0,0,0,0
ellipses,safe_circle,64,0.2,25,2924,2924,39,0.013337893296853625,39,0.013337893296853625,0,2885,0.98666210670314636,2885,0.98666210670314636,0,0,0,0,0,0,0,0,0,0,0,0,0,0,0,0,2924,1,2924,1,0,35,0.011969904240766074,35,0.011969904240766074,35,0,0,0,0,0,2,0.00068399452804377564,2,0.00068399452804377564,2
ellipses,safe_circle,64,0.3,25,2967,2967,94,0.031681833501853725,94,0.031681833501853725,0,2873,0.96831816649814628,2873,0.96831816649814628,0,0,0,0,0,0,0,0,0,0,0,0,0,0,0,0,2967,1,2967,1,0,91,0.030670711156049881,91,0.030670711156049881,91,0,0,0,0,0,3,0.0010111223458038423,3,0.0010111223458038423,3
ellipses,safe_linear,100,0,25,4555,4555,4555,1,4555,1,0,0,0,0,0,0,0,0,0,0,0,0,0,0,0,0,0,0,0,0,0,4555,1,4555,1,0,0,0,0,0,0,0,0,0,0,0,0,0,0,0,0
ellipses,safe_linear,100,0.05,25,4555,4555,4555,1,4555,1,0,0,0,0,0,0,0,0,0,0,0,0,0,0,0,0,0,0,0,0,0,4555,1,4555,1,0,0,0,0,0,0,0,0,0,0,0,0,0,0,0,0
ellipses,safe_linear,100,0.1,25,4563,4563,4563,1,4563,1,0,0,0,0,0,0,0,0,0,0,0,0,0,0,0,0,0,0,0,0,0,4563,1,4563,1,0,0,0,0,0,0,0,0,0,0,0,0,0,0,0,0
ellipses,safe_linear,100,0.2,25,4610,4610,4610,1,4610,1,0,0,0,0,0,0,0,0,0,0,0,0,0,0,0,0,0,0,0,0,0,4610,1,4610,1,0,0,0,0,0,0,0,0,0,0,0,0,0,0,0,0
ellipses,safe_linear,100,0.3,25,4700,4700,4700,1,4700,1,0,0,0,0,0,0,0,0,0,0,0,0,0,0,0,0,0,0,0,0,0,4700,1,4700,1,0,0,0,0,0,0,0,0,0,0,0,0,0,0,0,0
ellipses,safe_linear,128,0,25,5814,5814,5814,1,5814,1,0,0,0,0,0,0,0,0,0,0,0,0,0,0,0,0,0,0,0,0,0,5814,1,5814,1,0,0,0,0,0,0,0,0,0,0,0,0,0,0,0,0
ellipses,safe_linear,128,0.05,25,5819,5819,5819,1,5819,1,0,0,0,0,0,0,0,0,0,0,0,0,0,0,0,0,0,0,0,0,0,5819,1,5819,1,0,0,0,0,0,0,0,0,0,0,0,0,0,0,0,0
ellipses,safe_linear,128,0.1,25,5828,5828,5828,1,5828,1,0,0,0,0,0,0,0,0,0,0,0,0,0,0,0,0,0,0,0,0,0,5828,1,5828,1,0,0,0,0,0,0,0,0,0,0,0,0,0,0,0,0
ellipses,safe_linear,128,0.2,25,5860,5860,5860,1,5860,1,0,0,0,0,0,0,0,0,0,0,0,0,0,0,0,0,0,0,0,0,0,5860,1,5860,1,0,0,0,0,0,0,0,0,0,0,0,0,0,0,0,0
ellipses,safe_linear,128,0.3,25,5950,5950,5950,1,5950,1,0,0,0,0,0,0,0,0,0,0,0,0,0,0,0,0,0,0,0,0,0,5950,1,5950,1,0,0,0,0,0,0,0,0,0,0,0,0,0,0,0,0
ellipses,safe_linear,150,0,25,6826,6826,6826,1,6826,1,0,0,0,0,0,0,0,0,0,0,0,0,0,0,0,0,0,0,0,0,0,6826,1,6826,1,0,0,0,0,0,0,0,0,0,0,0,0,0,0,0,0
ellipses,safe_linear,150,0.05,25,6828,6828,6828,1,6828,1,0,0,0,0,0,0,0,0,0,0,0,0,0,0,0,0,0,0,0,0,0,6828,1,6828,1,0,0,0,0,0,0,0,0,0,0,0,0,0,0,0,0
ellipses,safe_linear,150,0.1,25,6850,6850,6850,1,6850,1,0,0,0,0,0,0,0,0,0,0,0,0,0,0,0,0,0,0,0,0,0,6850,1,6850,1,0,0,0,0,0,0,0,0,0,0,0,0,0,0,0,0
ellipses,safe_linear,150,0.2,25,6904,6904,6904,1,6904,1,0,0,0,0,0,0,0,0,0,0,0,0,0,0,0,0,0,0,0,0,0,6904,1,6904,1,0,0,0,0,0,0,0,0,0,0,0,0,0,0,0,0
ellipses,safe_linear,150,0.3,25,7026,7026,7026,1,7026,1,0,0,0,0,0,0,0,0,0,0,0,0,0,0,0,0,0,0,0,0,0,7026,1,7026,1,0,0,0,0,0,0,0,0,0,0,0,0,0,0,0,0
ellipses,safe_linear,32,0,25,1452,1452,1452,1,1452,1,0,0,0,0,0,0,0,0,0,0,0,0,0,0,0,0,0,0,0,0,0,1452,1,1452,1,0,0,0,0,0,0,0,0,0,0,0,0,0,0,0,0
ellipses,safe_linear,32,0.05,25,1452,1452,1452,1,1452,1,0,0,0,0,0,0,0,0,0,0,0,0,0,0,0,0,0,0,0,0,0,1452,1,1452,1,0,0,0,0,0,0,0,0,0,0,0,0,0,0,0,0
ellipses,safe_linear,32,0.1,25,1459,1459,1459,1,1459,1,0,0,0,0,0,0,0,0,0,0,0,0,0,0,0,0,0,0,0,0,0,1459,1,1459,1,0,0,0,0,0,0,0,0,0,0,0,0,0,0,0,0
ellipses,safe_linear,32,0.2,25,1483,1483,1483,1,1483,1,0,0,0,0,0,0,0,0,0,0,0,0,0,0,0,0,0,0,0,0,0,1483,1,1483,1,0,0,0,0,0,0,0,0,0,0,0,0,0,0,0,0
ellipses,safe_linear,32,0.3,25,1524,1524,1524,1,1524,1,0,0,0,0,0,0,0,0,0,0,0,0,0,0,0,0,0,0,0,0,0,1524,1,1524,1,0,0,0,0,0,0,0,0,0,0,0,0,0,0,0,0
ellipses,safe_linear,50,0,25,2282,2282,2282,1,2282,1,0,0,0,0,0,0,0,0,0,0,0,0,0,0,0,0,0,0,0,0,0,2282,1,2282,1,0,0,0,0,0,0,0,0,0,0,0,0,0,0,0,0
ellipses,safe_linear,50,0.05,25,2284,2284,2284,1,2284,1,0,0,0,0,0,0,0,0,0,0,0,0,0,0,0,0,0,0,0,0,0,2284,1,2284,1,0,0,0,0,0,0,0,0,0,0,0,0,0,0,0,0
ellipses,safe_linear,50,0.1,25,2291,2291,2291,1,2291,1,0,0,0,0,0,0,0,0,0,0,0,0,0,0,0,0,0,0,0,0,0,2291,1,2291,1,0,0,0,0,0,0,0,0,0,0,0,0,0,0,0,0
ellipses,safe_linear,50,0.2,25,2318,2318,2318,1,2318,1,0,0,0,0,0,0,0,0,0,0,0,0,0,0,0,0,0,0,0,0,0,2318,1,2318,1,0,0,0,0,0,0,0,0,0,0,0,0,0,0,0,0
ellipses,safe_linear,50,0.3,25,2353,2353,2353,1,2353,1,0,0,0,0,0,0,0,0,0,0,0,0,0,0,0,0,0,0,0,0,0,2353,1,2353,1,0,0,0,0,0,0,0,0,0,0,0,0,0,0,0,0
ellipses,safe_linear,64,0,25,2898,2898,2898,1,2898,1,0,0,0,0,0,0,0,0,0,0,0,0,0,0,0,0,0,0,0,0,0,2898,1,2898,1,0,0,0,0,0,0,0,0,0,0,0,0,0,0,0,0
ellipses,safe_linear,64,0.05,25,2901,2901,2901,1,2901,1,0,0,0,0,0,0,0,0,0,0,0,0,0,0,0,0,0,0,0,0,0,2901,1,2901,1,0,0,0,0,0,0,0,0,0,0,0,0,0,0,0,0
ellipses,safe_linear,64,0.1,25,2904,2904,2904,1,2904,1,0,0,0,0,0,0,0,0,0,0,0,0,0,0,0,0,0,0,0,0,0,2904,1,2904,1,0,0,0,0,0,0,0,0,0,0,0,0,0,0,0,0
ellipses,safe_linear,64,0.2,25,2924,2924,2924,1,2924,1,0,0,0,0,0,0,0,0,0,0,0,0,0,0,0,0,0,0,0,0,0,2924,1,2924,1,0,0,0,0,0,0,0,0,0,0,0,0,0,0,0,0
ellipses,safe_linear,64,0.3,25,2967,2967,2967,1,2967,1,0,0,0,0,0,0,0,0,0,0,0,0,0,0,0,0,0,0,0,0,0,2967,1,2967,1,0,0,0,0,0,0,0,0,0,0,0,0,0,0,0,0
lines,ELVIRA,100,0,25,3602,3602,3602,1,3602,1,0,0,0,0,0,0,0,0,0,0,0,0,0,0,0,0,0,0,0,0,0,3602,1,3602,1,0,0,0,0,0,0,0,0,0,0,0,0,0,0,0,0
lines,ELVIRA,100,0.05,25,3602,3602,3602,1,3602,1,0,0,0,0,0,0,0,0,0,0,0,0,0,0,0,0,0,0,0,0,0,3602,1,3602,1,0,0,0,0,0,0,0,0,0,0,0,0,0,0,0,0
lines,ELVIRA,100,0.1,25,3604,3604,3604,1,3604,1,0,0,0,0,0,0,0,0,0,0,0,0,0,0,0,0,0,0,0,0,0,3604,1,3604,1,0,0,0,0,0,0,0,0,0,0,0,0,0,0,0,0
lines,ELVIRA,100,0.2,25,3638,3638,3638,1,3638,1,0,0,0,0,0,0,0,0,0,0,0,0,0,0,0,0,0,0,0,0,0,3638,1,3638,1,0,0,0,0,0,0,0,0,0,0,0,0,0,0,0,0
lines,ELVIRA,100,0.3,25,3682,3682,3682,1,3682,1,0,0,0,0,0,0,0,0,0,0,0,0,0,0,0,0,0,0,0,0,0,3682,1,3682,1,0,0,0,0,0,0,0,0,0,0,0,0,0,0,0,0
lines,ELVIRA,128,0,25,4609,4609,4609,1,4609,1,0,0,0,0,0,0,0,0,0,0,0,0,0,0,0,0,0,0,0,0,0,4609,1,4609,1,0,0,0,0,0,0,0,0,0,0,0,0,0,0,0,0
lines,ELVIRA,128,0.05,25,4608,4608,4608,1,4608,1,0,0,0,0,0,0,0,0,0,0,0,0,0,0,0,0,0,0,0,0,0,4608,1,4608,1,0,0,0,0,0,0,0,0,0,0,0,0,0,0,0,0
lines,ELVIRA,128,0.1,25,4617,4617,4617,1,4617,1,0,0,0,0,0,0,0,0,0,0,0,0,0,0,0,0,0,0,0,0,0,4617,1,4617,1,0,0,0,0,0,0,0,0,0,0,0,0,0,0,0,0
lines,ELVIRA,128,0.2,25,4651,4651,4651,1,4651,1,0,0,0,0,0,0,0,0,0,0,0,0,0,0,0,0,0,0,0,0,0,4651,1,4651,1,0,0,0,0,0,0,0,0,0,0,0,0,0,0,0,0
lines,ELVIRA,128,0.3,25,4705,4705,4705,1,4705,1,0,0,0,0,0,0,0,0,0,0,0,0,0,0,0,0,0,0,0,0,0,4705,1,4705,1,0,0,0,0,0,0,0,0,0,0,0,0,0,0,0,0
lines,ELVIRA,150,0,25,5402,5402,5402,1,5402,1,0,0,0,0,0,0,0,0,0,0,0,0,0,0,0,0,0,0,0,0,0,5402,1,5402,1,0,0,0,0,0,0,0,0,0,0,0,0,0,0,0,0
lines,ELVIRA,150,0.05,25,5404,5404,5404,1,5404,1,0,0,0,0,0,0,0,0,0,0,0,0,0,0,0,0,0,0,0,0,0,5404,1,5404,1,0,0,0,0,0,0,0,0,0,0,0,0,0,0,0,0
lines,ELVIRA,150,0.1,25,5416,5416,5416,1,5416,1,0,0,0,0,0,0,0,0,0,0,0,0,0,0,0,0,0,0,0,0,0,5416,1,5416,1,0,0,0,0,0,0,0,0,0,0,0,0,0,0,0,0
lines,ELVIRA,150,0.2,25,5458,5458,5458,1,5458,1,0,0,0,0,0,0,0,0,0,0,0,0,0,0,0,0,0,0,0,0,0,5458,1,5458,1,0,0,0,0,0,0,0,0,0,0,0,0,0,0,0,0
lines,ELVIRA,150,0.3,25,5524,5524,5524,1,5524,1,0,0,0,0,0,0,0,0,0,0,0,0,0,0,0,0,0,0,0,0,0,5524,1,5524,1,0,0,0,0,0,0,0,0,0,0,0,0,0,0,0,0
lines,ELVIRA,32,0,25,1155,1155,1155,1,1155,1,0,0,0,0,0,0,0,0,0,0,0,0,0,0,0,0,0,0,0,0,0,1155,1,1155,1,0,0,0,0,0,0,0,0,0,0,0,0,0,0,0,0
lines,ELVIRA,32,0.05,25,1155,1155,1155,1,1155,1,0,0,0,0,0,0,0,0,0,0,0,0,0,0,0,0,0,0,0,0,0,1155,1,1155,1,0,0,0,0,0,0,0,0,0,0,0,0,0,0,0,0
lines,ELVIRA,32,0.1,25,1157,1157,1157,1,1157,1,0,0,0,0,0,0,0,0,0,0,0,0,0,0,0,0,0,0,0,0,0,1157,1,1157,1,0,0,0,0,0,0,0,0,0,0,0,0,0,0,0,0
lines,ELVIRA,32,0.2,25,1171,1171,1171,1,1171,1,0,0,0,0,0,0,0,0,0,0,0,0,0,0,0,0,0,0,0,0,0,1171,1,1171,1,0,0,0,0,0,0,0,0,0,0,0,0,0,0,0,0
lines,ELVIRA,32,0.3,25,1181,1181,1181,1,1181,1,0,0,0,0,0,0,0,0,0,0,0,0,0,0,0,0,0,0,0,0,0,1181,1,1181,1,0,0,0,0,0,0,0,0,0,0,0,0,0,0,0,0
lines,ELVIRA,50,0,25,1802,1802,1802,1,1802,1,0,0,0,0,0,0,0,0,0,0,0,0,0,0,0,0,0,0,0,0,0,1802,1,1802,1,0,0,0,0,0,0,0,0,0,0,0,0,0,0,0,0
lines,ELVIRA,50,0.05,25,1802,1802,1802,1,1802,1,0,0,0,0,0,0,0,0,0,0,0,0,0,0,0,0,0,0,0,0,0,1802,1,1802,1,0,0,0,0,0,0,0,0,0,0,0,0,0,0,0,0
lines,ELVIRA,50,0.1,25,1804,1804,1804,1,1804,1,0,0,0,0,0,0,0,0,0,0,0,0,0,0,0,0,0,0,0,0,0,1804,1,1804,1,0,0,0,0,0,0,0,0,0,0,0,0,0,0,0,0
lines,ELVIRA,50,0.2,25,1816,1816,1816,1,1816,1,0,0,0,0,0,0,0,0,0,0,0,0,0,0,0,0,0,0,0,0,0,1816,1,1816,1,0,0,0,0,0,0,0,0,0,0,0,0,0,0,0,0
lines,ELVIRA,50,0.3,25,1852,1852,1852,1,1852,1,0,0,0,0,0,0,0,0,0,0,0,0,0,0,0,0,0,0,0,0,0,1852,1,1852,1,0,0,0,0,0,0,0,0,0,0,0,0,0,0,0,0
lines,ELVIRA,64,0,25,2307,2307,2307,1,2307,1,0,0,0,0,0,0,0,0,0,0,0,0,0,0,0,0,0,0,0,0,0,2307,1,2307,1,0,0,0,0,0,0,0,0,0,0,0,0,0,0,0,0
lines,ELVIRA,64,0.05,25,2307,2307,2307,1,2307,1,0,0,0,0,0,0,0,0,0,0,0,0,0,0,0,0,0,0,0,0,0,2307,1,2307,1,0,0,0,0,0,0,0,0,0,0,0,0,0,0,0,0
lines,ELVIRA,64,0.1,25,2311,2311,2311,1,2311,1,0,0,0,0,0,0,0,0,0,0,0,0,0,0,0,0,0,0,0,0,0,2311,1,2311,1,0,0,0,0,0,0,0,0,0,0,0,0,0,0,0,0
lines,ELVIRA,64,0.2,25,2331,2331,2331,1,2331,1,0,0,0,0,0,0,0,0,0,0,0,0,0,0,0,0,0,0,0,0,0,2331,1,2331,1,0,0,0,0,0,0,0,0,0,0,0,0,0,0,0,0
lines,ELVIRA,64,0.3,25,2367,2367,2367,1,2367,1,0,0,0,0,0,0,0,0,0,0,0,0,0,0,0,0,0,0,0,0,0,2367,1,2367,1,0,0,0,0,0,0,0,0,0,0,0,0,0,0,0,0
lines,LVIRA,100,0,25,3602,3602,3602,1,3602,1,0,0,0,0,0,0,0,0,0,0,0,0,0,0,0,0,0,0,0,0,0,3602,1,3602,1,0,0,0,0,0,0,0,0,0,0,0,0,0,0,0,0
lines,LVIRA,100,0.05,25,3602,3602,3602,1,3602,1,0,0,0,0,0,0,0,0,0,0,0,0,0,0,0,0,0,0,0,0,0,3602,1,3602,1,0,0,0,0,0,0,0,0,0,0,0,0,0,0,0,0
lines,LVIRA,100,0.1,25,3604,3604,3604,1,3604,1,0,0,0,0,0,0,0,0,0,0,0,0,0,0,0,0,0,0,0,0,0,3604,1,3604,1,0,0,0,0,0,0,0,0,0,0,0,0,0,0,0,0
lines,LVIRA,100,0.2,25,3638,3638,3638,1,3638,1,0,0,0,0,0,0,0,0,0,0,0,0,0,0,0,0,0,0,0,0,0,3638,1,3638,1,0,0,0,0,0,0,0,0,0,0,0,0,0,0,0,0
lines,LVIRA,100,0.3,25,3682,3682,3682,1,3682,1,0,0,0,0,0,0,0,0,0,0,0,0,0,0,0,0,0,0,0,0,0,3682,1,3682,1,0,0,0,0,0,0,0,0,0,0,0,0,0,0,0,0
lines,LVIRA,128,0,25,4609,4609,4609,1,4609,1,0,0,0,0,0,0,0,0,0,0,0,0,0,0,0,0,0,0,0,0,0,4609,1,4609,1,0,0,0,0,0,0,0,0,0,0,0,0,0,0,0,0
lines,LVIRA,128,0.05,25,4608,4608,4608,1,4608,1,0,0,0,0,0,0,0,0,0,0,0,0,0,0,0,0,0,0,0,0,0,4608,1,4608,1,0,0,0,0,0,0,0,0,0,0,0,0,0,0,0,0
lines,LVIRA,128,0.1,25,4617,4617,4617,1,4617,1,0,0,0,0,0,0,0,0,0,0,0,0,0,0,0,0,0,0,0,0,0,4617,1,4617,1,0,0,0,0,0,0,0,0,0,0,0,0,0,0,0,0
lines,LVIRA,128,0.2,25,4651,4651,4651,1,4651,1,0,0,0,0,0,0,0,0,0,0,0,0,0,0,0,0,0,0,0,0,0,4651,1,4651,1,0,0,0,0,0,0,0,0,0,0,0,0,0,0,0,0
lines,LVIRA,128,0.3,25,4705,4705,4705,1,4705,1,0,0,0,0,0,0,0,0,0,0,0,0,0,0,0,0,0,0,0,0,0,4705,1,4705,1,0,0,0,0,0,0,0,0,0,0,0,0,0,0,0,0
lines,LVIRA,150,0,25,5402,5402,5402,1,5402,1,0,0,0,0,0,0,0,0,0,0,0,0,0,0,0,0,0,0,0,0,0,5402,1,5402,1,0,0,0,0,0,0,0,0,0,0,0,0,0,0,0,0
lines,LVIRA,150,0.05,25,5404,5404,5404,1,5404,1,0,0,0,0,0,0,0,0,0,0,0,0,0,0,0,0,0,0,0,0,0,5404,1,5404,1,0,0,0,0,0,0,0,0,0,0,0,0,0,0,0,0
lines,LVIRA,150,0.1,25,5416,5416,5416,1,5416,1,0,0,0,0,0,0,0,0,0,0,0,0,0,0,0,0,0,0,0,0,0,5416,1,5416,1,0,0,0,0,0,0,0,0,0,0,0,0,0,0,0,0
lines,LVIRA,150,0.2,25,5458,5458,5458,1,5458,1,0,0,0,0,0,0,0,0,0,0,0,0,0,0,0,0,0,0,0,0,0,5458,1,5458,1,0,0,0,0,0,0,0,0,0,0,0,0,0,0,0,0
lines,LVIRA,150,0.3,25,5524,5524,5524,1,5524,1,0,0,0,0,0,0,0,0,0,0,0,0,0,0,0,0,0,0,0,0,0,5524,1,5524,1,0,0,0,0,0,0,0,0,0,0,0,0,0,0,0,0
lines,LVIRA,32,0,25,1155,1155,1155,1,1155,1,0,0,0,0,0,0,0,0,0,0,0,0,0,0,0,0,0,0,0,0,0,1155,1,1155,1,0,0,0,0,0,0,0,0,0,0,0,0,0,0,0,0
lines,LVIRA,32,0.05,25,1155,1155,1155,1,1155,1,0,0,0,0,0,0,0,0,0,0,0,0,0,0,0,0,0,0,0,0,0,1155,1,1155,1,0,0,0,0,0,0,0,0,0,0,0,0,0,0,0,0
lines,LVIRA,32,0.1,25,1157,1157,1157,1,1157,1,0,0,0,0,0,0,0,0,0,0,0,0,0,0,0,0,0,0,0,0,0,1157,1,1157,1,0,0,0,0,0,0,0,0,0,0,0,0,0,0,0,0
lines,LVIRA,32,0.2,25,1171,1171,1171,1,1171,1,0,0,0,0,0,0,0,0,0,0,0,0,0,0,0,0,0,0,0,0,0,1171,1,1171,1,0,0,0,0,0,0,0,0,0,0,0,0,0,0,0,0
lines,LVIRA,32,0.3,25,1181,1181,1181,1,1181,1,0,0,0,0,0,0,0,0,0,0,0,0,0,0,0,0,0,0,0,0,0,1181,1,1181,1,0,0,0,0,0,0,0,0,0,0,0,0,0,0,0,0
lines,LVIRA,50,0,25,1802,1802,1802,1,1802,1,0,0,0,0,0,0,0,0,0,0,0,0,0,0,0,0,0,0,0,0,0,1802,1,1802,1,0,0,0,0,0,0,0,0,0,0,0,0,0,0,0,0
lines,LVIRA,50,0.05,25,1802,1802,1802,1,1802,1,0,0,0,0,0,0,0,0,0,0,0,0,0,0,0,0,0,0,0,0,0,1802,1,1802,1,0,0,0,0,0,0,0,0,0,0,0,0,0,0,0,0
lines,LVIRA,50,0.1,25,1804,1804,1804,1,1804,1,0,0,0,0,0,0,0,0,0,0,0,0,0,0,0,0,0,0,0,0,0,1804,1,1804,1,0,0,0,0,0,0,0,0,0,0,0,0,0,0,0,0
lines,LVIRA,50,0.2,25,1816,1816,1816,1,1816,1,0,0,0,0,0,0,0,0,0,0,0,0,0,0,0,0,0,0,0,0,0,1816,1,1816,1,0,0,0,0,0,0,0,0,0,0,0,0,0,0,0,0
lines,LVIRA,50,0.3,25,1852,1852,1852,1,1852,1,0,0,0,0,0,0,0,0,0,0,0,0,0,0,0,0,0,0,0,0,0,1852,1,1852,1,0,0,0,0,0,0,0,0,0,0,0,0,0,0,0,0
lines,LVIRA,64,0,25,2307,2307,2307,1,2307,1,0,0,0,0,0,0,0,0,0,0,0,0,0,0,0,0,0,0,0,0,0,2307,1,2307,1,0,0,0,0,0,0,0,0,0,0,0,0,0,0,0,0
lines,LVIRA,64,0.05,25,2307,2307,2307,1,2307,1,0,0,0,0,0,0,0,0,0,0,0,0,0,0,0,0,0,0,0,0,0,2307,1,2307,1,0,0,0,0,0,0,0,0,0,0,0,0,0,0,0,0
lines,LVIRA,64,0.1,25,2311,2311,2311,1,2311,1,0,0,0,0,0,0,0,0,0,0,0,0,0,0,0,0,0,0,0,0,0,2311,1,2311,1,0,0,0,0,0,0,0,0,0,0,0,0,0,0,0,0
lines,LVIRA,64,0.2,25,2331,2331,2331,1,2331,1,0,0,0,0,0,0,0,0,0,0,0,0,0,0,0,0,0,0,0,0,0,2331,1,2331,1,0,0,0,0,0,0,0,0,0,0,0,0,0,0,0,0
lines,LVIRA,64,0.3,25,2367,2367,2367,1,2367,1,0,0,0,0,0,0,0,0,0,0,0,0,0,0,0,0,0,0,0,0,0,2367,1,2367,1,0,0,0,0,0,0,0,0,0,0,0,0,0,0,0,0
lines,Youngs,100,0,25,3602,3602,3602,1,3602,1,0,0,0,0,0,0,0,0,0,0,0,0,0,0,0,0,0,0,0,0,0,3602,1,3602,1,0,0,0,0,0,0,0,0,0,0,0,0,0,0,0,0
lines,Youngs,100,0.05,25,3602,3602,3602,1,3602,1,0,0,0,0,0,0,0,0,0,0,0,0,0,0,0,0,0,0,0,0,0,3602,1,3602,1,0,0,0,0,0,0,0,0,0,0,0,0,0,0,0,0
lines,Youngs,100,0.1,25,3604,3604,3604,1,3604,1,0,0,0,0,0,0,0,0,0,0,0,0,0,0,0,0,0,0,0,0,0,3604,1,3604,1,0,0,0,0,0,0,0,0,0,0,0,0,0,0,0,0
lines,Youngs,100,0.2,25,3638,3638,3638,1,3638,1,0,0,0,0,0,0,0,0,0,0,0,0,0,0,0,0,0,0,0,0,0,3638,1,3638,1,0,0,0,0,0,0,0,0,0,0,0,0,0,0,0,0
lines,Youngs,100,0.3,25,3682,3682,3682,1,3682,1,0,0,0,0,0,0,0,0,0,0,0,0,0,0,0,0,0,0,0,0,0,3682,1,3682,1,0,0,0,0,0,0,0,0,0,0,0,0,0,0,0,0
lines,Youngs,128,0,25,4609,4609,4609,1,4609,1,0,0,0,0,0,0,0,0,0,0,0,0,0,0,0,0,0,0,0,0,0,4609,1,4609,1,0,0,0,0,0,0,0,0,0,0,0,0,0,0,0,0
lines,Youngs,128,0.05,25,4608,4608,4608,1,4608,1,0,0,0,0,0,0,0,0,0,0,0,0,0,0,0,0,0,0,0,0,0,4608,1,4608,1,0,0,0,0,0,0,0,0,0,0,0,0,0,0,0,0
lines,Youngs,128,0.1,25,4617,4617,4617,1,4617,1,0,0,0,0,0,0,0,0,0,0,0,0,0,0,0,0,0,0,0,0,0,4617,1,4617,1,0,0,0,0,0,0,0,0,0,0,0,0,0,0,0,0
lines,Youngs,128,0.2,25,4651,4651,4651,1,4651,1,0,0,0,0,0,0,0,0,0,0,0,0,0,0,0,0,0,0,0,0,0,4651,1,4651,1,0,0,0,0,0,0,0,0,0,0,0,0,0,0,0,0
lines,Youngs,128,0.3,25,4705,4705,4705,1,4705,1,0,0,0,0,0,0,0,0,0,0,0,0,0,0,0,0,0,0,0,0,0,4705,1,4705,1,0,0,0,0,0,0,0,0,0,0,0,0,0,0,0,0
lines,Youngs,150,0,25,5402,5402,5402,1,5402,1,0,0,0,0,0,0,0,0,0,0,0,0,0,0,0,0,0,0,0,0,0,5402,1,5402,1,0,0,0,0,0,0,0,0,0,0,0,0,0,0,0,0
lines,Youngs,150,0.05,25,5404,5404,5404,1,5404,1,0,0,0,0,0,0,0,0,0,0,0,0,0,0,0,0,0,0,0,0,0,5404,1,5404,1,0,0,0,0,0,0,0,0,0,0,0,0,0,0,0,0
lines,Youngs,150,0.1,25,5416,5416,5416,1,5416,1,0,0,0,0,0,0,0,0,0,0,0,0,0,0,0,0,0,0,0,0,0,5416,1,5416,1,0,0,0,0,0,0,0,0,0,0,0,0,0,0,0,0
lines,Youngs,150,0.2,25,5458,5458,5458,1,5458,1,0,0,0,0,0,0,0,0,0,0,0,0,0,0,0,0,0,0,0,0,0,5458,1,5458,1,0,0,0,0,0,0,0,0,0,0,0,0,0,0,0,0
lines,Youngs,150,0.3,25,5524,5524,5524,1,5524,1,0,0,0,0,0,0,0,0,0,0,0,0,0,0,0,0,0,0,0,0,0,5524,1,5524,1,0,0,0,0,0,0,0,0,0,0,0,0,0,0,0,0
lines,Youngs,32,0,25,1155,1155,1155,1,1155,1,0,0,0,0,0,0,0,0,0,0,0,0,0,0,0,0,0,0,0,0,0,1155,1,1155,1,0,0,0,0,0,0,0,0,0,0,0,0,0,0,0,0
lines,Youngs,32,0.05,25,1155,1155,1155,1,1155,1,0,0,0,0,0,0,0,0,0,0,0,0,0,0,0,0,0,0,0,0,0,1155,1,1155,1,0,0,0,0,0,0,0,0,0,0,0,0,0,0,0,0
lines,Youngs,32,0.1,25,1157,1157,1157,1,1157,1,0,0,0,0,0,0,0,0,0,0,0,0,0,0,0,0,0,0,0,0,0,1157,1,1157,1,0,0,0,0,0,0,0,0,0,0,0,0,0,0,0,0
lines,Youngs,32,0.2,25,1171,1171,1171,1,1171,1,0,0,0,0,0,0,0,0,0,0,0,0,0,0,0,0,0,0,0,0,0,1171,1,1171,1,0,0,0,0,0,0,0,0,0,0,0,0,0,0,0,0
lines,Youngs,32,0.3,25,1181,1181,1181,1,1181,1,0,0,0,0,0,0,0,0,0,0,0,0,0,0,0,0,0,0,0,0,0,1181,1,1181,1,0,0,0,0,0,0,0,0,0,0,0,0,0,0,0,0
lines,Youngs,50,0,25,1802,1802,1802,1,1802,1,0,0,0,0,0,0,0,0,0,0,0,0,0,0,0,0,0,0,0,0,0,1802,1,1802,1,0,0,0,0,0,0,0,0,0,0,0,0,0,0,0,0
lines,Youngs,50,0.05,25,1802,1802,1802,1,1802,1,0,0,0,0,0,0,0,0,0,0,0,0,0,0,0,0,0,0,0,0,0,1802,1,1802,1,0,0,0,0,0,0,0,0,0,0,0,0,0,0,0,0
lines,Youngs,50,0.1,25,1804,1804,1804,1,1804,1,0,0,0,0,0,0,0,0,0,0,0,0,0,0,0,0,0,0,0,0,0,1804,1,1804,1,0,0,0,0,0,0,0,0,0,0,0,0,0,0,0,0
lines,Youngs,50,0.2,25,1816,1816,1816,1,1816,1,0,0,0,0,0,0,0,0,0,0,0,0,0,0,0,0,0,0,0,0,0,1816,1,1816,1,0,0,0,0,0,0,0,0,0,0,0,0,0,0,0,0
lines,Youngs,50,0.3,25,1852,1852,1852,1,1852,1,0,0,0,0,0,0,0,0,0,0,0,0,0,0,0,0,0,0,0,0,0,1852,1,1852,1,0,0,0,0,0,0,0,0,0,0,0,0,0,0,0,0
lines,Youngs,64,0,25,2307,2307,2307,1,2307,1,0,0,0,0,0,0,0,0,0,0,0,0,0,0,0,0,0,0,0,0,0,2307,1,2307,1,0,0,0,0,0,0,0,0,0,0,0,0,0,0,0,0
lines,Youngs,64,0.05,25,2307,2307,2307,1,2307,1,0,0,0,0,0,0,0,0,0,0,0,0,0,0,0,0,0,0,0,0,0,2307,1,2307,1,0,0,0,0,0,0,0,0,0,0,0,0,0,0,0,0
lines,Youngs,64,0.1,25,2311,2311,2311,1,2311,1,0,0,0,0,0,0,0,0,0,0,0,0,0,0,0,0,0,0,0,0,0,2311,1,2311,1,0,0,0,0,0,0,0,0,0,0,0,0,0,0,0,0
lines,Youngs,64,0.2,25,2331,2331,2331,1,2331,1,0,0,0,0,0,0,0,0,0,0,0,0,0,0,0,0,0,0,0,0,0,2331,1,2331,1,0,0,0,0,0,0,0,0,0,0,0,0,0,0,0,0
lines,Youngs,64,0.3,25,2367,2367,2367,1,2367,1,0,0,0,0,0,0,0,0,0,0,0,0,0,0,0,0,0,0,0,0,0,2367,1,2367,1,0,0,0,0,0,0,0,0,0,0,0,0,0,0,0,0
lines,linear,100,0,25,3602,3602,3602,1,3602,1,0,0,0,0,0,0,0,0,0,0,0,0,0,0,0,0,0,0,0,0,0,3602,1,3602,1,0,0,0,0,0,0,0,0,0,0,0,0,0,0,0,0
lines,linear,100,0.05,25,3602,3602,3602,1,3602,1,0,0,0,0,0,0,0,0,0,0,0,0,0,0,0,0,0,0,0,0,0,3602,1,3602,1,0,0,0,0,0,0,0,0,0,0,0,0,0,0,0,0
lines,linear,100,0.1,25,3604,3604,3604,1,3604,1,0,0,0,0,0,0,0,0,0,0,0,0,0,0,0,0,0,0,0,0,0,3604,1,3604,1,0,0,0,0,0,0,0,0,0,0,0,0,0,0,0,0
lines,linear,100,0.2,25,3638,3637,3638,1,3637,1,0,0,0,0,0,0,0,0,0,0,0,0,0,0,0,0,2,0.00054975261132490382,1,0.00027495188342040145,0,3636,0.99945024738867505,3636,0.99972504811657958,0,0,0,0,0,0,0,0,0,0,0,0,0,0,0,0
lines,linear,100,0.3,25,3682,3682,3682,1,3682,1,0,0,0,0,0,0,0,0,0,0,0,0,0,0,0,0,0,0,0,0,0,3682,1,3682,1,0,2,0.00054318305268875606,2,0.00054318305268875606,2,0,0,0,0,0,0,0,0,0,0
lines,linear,128,0,25,4609,4609,4609,1,4609,1,0,0,0,0,0,0,0,0,0,0,0,0,0,0,0,0,0,0,0,0,0,4609,1,4609,1,0,0,0,0,0,0,0,0,0,0,0,0,0,0,0,0
lines,linear,128,0.05,25,4608,4608,4608,1,4608,1,0,0,0,0,0,0,0,0,0,0,0,0,0,0,0,0,0,0,0,0,0,4608,1,4608,1,0,0,0,0,0,0,0,0,0,0,0,0,0,0,0,0
lines,linear,128,0.1,25,4617,4617,4617,1,4617,1,0,0,0,0,0,0,0,0,0,0,0,0,0,0,0,0,0,0,0,0,0,4617,1,4617,1,0,0,0,0,0,0,0,0,0,0,0,0,0,0,0,0
lines,linear,128,0.2,25,4651,4651,4651,1,4651,1,0,0,0,0,0,0,0,0,0,0,0,0,0,0,0,0,0,0,0,0,0,4651,1,4651,1,0,0,0,0,0,0,0,0,0,0,0,0,0,0,0,0
lines,linear,128,0.3,25,4705,4705,4705,1,4705,1,0,0,0,0,0,0,0,0,0,0,0,0,0,0,0,0,0,0,0,0,0,4705,1,4705,1,0,0,0,0,0,0,0,0,0,0,0,0,0,0,0,0
lines,linear,150,0,25,5402,5402,5402,1,5402,1,0,0,0,0,0,0,0,0,0,0,0,0,0,0,0,0,0,0,0,0,0,5402,1,5402,1,0,0,0,0,0,0,0,0,0,0,0,0,0,0,0,0
lines,linear,150,0.05,25,5404,5404,5404,1,5404,1,0,0,0,0,0,0,0,0,0,0,0,0,0,0,0,0,0,0,0,0,0,5404,1,5404,1,0,0,0,0,0,0,0,0,0,0,0,0,0,0,0,0
lines,linear,150,0.1,25,5416,5416,5416,1,5416,1,0,0,0,0,0,0,0,0,0,0,0,0,0,0,0,0,0,0,0,0,0,5416,1,5416,1,0,0,0,0,0,0,0,0,0,0,0,0,0,0,0,0
lines,linear,150,0.2,25,5458,5458,5458,1,5458,1,0,0,0,0,0,0,0,0,0,0,0,0,0,0,0,0,0,0,0,0,0,5458,1,5458,1,0,0,0,0,0,0,0,0,0,0,0,0,0,0,0,0
lines,linear,150,0.3,25,5524,5524,5524,1,5524,1,0,0,0,0,0,0,0,0,0,0,0,0,0,0,0,0,0,0,0,0,0,5524,1,5524,1,0,291,0.052679217958001449,291,0.052679217958001449,291,0,0,0,0,0,0,0,0,0,0
lines,linear,32,0,25,1155,1155,1155,1,1155,1,0,0,0,0,0,0,0,0,0,0,0,0,0,0,0,0,0,0,0,0,0,1155,1,1155,1,0,0,0,0,0,0,0,0,0,0,0,0,0,0,0,0
lines,linear,32,0.05,25,1155,1155,1155,1,1155,1,0,0,0,0,0,0,0,0,0,0,0,0,0,0,0,0,0,0,0,0,0,1155,1,1155,1,0,0,0,0,0,0,0,0,0,0,0,0,0,0,0,0
lines,linear,32,0.1,25,1157,1157,1157,1,1157,1,0,0,0,0,0,0,0,0,0,0,0,0,0,0,0,0,0,0,0,0,0,1157,1,1157,1,0,0,0,0,0,0,0,0,0,0,0,0,0,0,0,0
lines,linear,32,0.2,25,1171,1169,1171,1,1169,1,0,0,0,0,0,0,0,0,0,0,0,0,0,0,0,0,4,0.0034158838599487617,2,0.001710863986313088,0,1167,0.99658411614005127,1167,0.99828913601368696,0,0,0,0,0,0,0,0,0,0,0,0,0,0,0,0
lines,linear,32,0.3,25,1181,1179,1181,1,1179,1,0,0,0,0,0,0,0,0,0,0,0,0,0,0,0,0,4,0.0033869602032176121,2,0.0016963528413910093,0,1177,0.9966130397967824,1177,0.99830364715860898,0,0,0,0,0,0,0,0,0,0,0,0,0,0,0,0
lines,linear,50,0,25,1802,1802,1802,1,1802,1,0,0,0,0,0,0,0,0,0,0,0,0,0,0,0,0,0,0,0,0,0,1802,1,1802,1,0,0,0,0,0,0,0,0,0,0,0,0,0,0,0,0
lines,linear,50,0.05,25,1802,1802,1802,1,1802,1,0,0,0,0,0,0,0,0,0,0,0,0,0,0,0,0,0,0,0,0,0,1802,1,1802,1,0,0,0,0,0,0,0,0,0,0,0,0,0,0,0,0
lines,linear,50,0.1,25,1804,1804,1804,1,1804,1,0,0,0,0,0,0,0,0,0,0,0,0,0,0,0,0,0,0,0,0,0,1804,1,1804,1,0,0,0,0,0,0,0,0,0,0,0,0,0,0,0,0
lines,linear,50,0.2,25,1816,1815,1816,1,1815,1,0,0,0,0,0,0,0,0,0,0,0,0,0,0,0,0,2,0.0011013215859030838,1,0.00055096418732782364,0,1814,0.99889867841409696,1814,0.99944903581267219,0,0,0,0,0,0,0,0,0,0,0,0,0,0,0,0
lines,linear,50,0.3,25,1852,1850,1852,1,1850,1,0,0,0,0,0,0,0,0,0,0,0,0,0,0,0,0,4,0.0021598272138228943,2,0.0010810810810810811,0,1848,0.99784017278617709,1848,0.99891891891891893,0,0,0,0,0,0,0,0,0,0,0,0,0,0,0,0
lines,linear,64,0,25,2307,2307,2307,1,2307,1,0,0,0,0,0,0,0,0,0,0,0,0,0,0,0,0,0,0,0,0,0,2307,1,2307,1,0,0,0,0,0,0,0,0,0,0,0,0,0,0,0,0
lines,linear,64,0.05,25,2307,2307,2307,1,2307,1,0,0,0,0,0,0,0,0,0,0,0,0,0,0,0,0,0,0,0,0,0,2307,1,2307,1,0,0,0,0,0,0,0,0,0,0,0,0,0,0,0,0
lines,linear,64,0.1,25,2311,2311,2311,1,2311,1,0,0,0,0,0,0,0,0,0,0,0,0,0,0,0,0,0,0,0,0,0,2311,1,2311,1,0,0,0,0,0,0,0,0,0,0,0,0,0,0,0,0
lines,linear,64,0.2,25,2331,2330,2331,1,2330,1,0,0,0,0,0,0,0,0,0,0,0,0,0,0,0,0,2,0.00085800085800085801,1,0.00042918454935622315,0,2329,0.99914199914199919,2329,0.99957081545064375,0,0,0,0,0,0,0,0,0,0,0,0,0,0,0,0
lines,linear,64,0.3,25,2367,2365,2367,1,2365,1,0,0,0,0,0,0,0,0,0,0,0,0,0,0,0,0,4,0.0016899028305872412,2,0.00084566596194503166,0,2363,0.99831009716941277,2363,0.99915433403805498,0,0,0,0,0,0,0,0,0,0,0,0,0,0,0,0
lines,safe_linear,100,0,25,3602,3602,3602,1,3602,1,0,0,0,0,0,0,0,0,0,0,0,0,0,0,0,0,0,0,0,0,0,3602,1,3602,1,0,0,0,0,0,0,0,0,0,0,0,0,0,0,0,0
lines,safe_linear,100,0.05,25,3602,3602,3602,1,3602,1,0,0,0,0,0,0,0,0,0,0,0,0,0,0,0,0,0,0,0,0,0,3602,1,3602,1,0,0,0,0,0,0,0,0,0,0,0,0,0,0,0,0
lines,safe_linear,100,0.1,25,3604,3604,3604,1,3604,1,0,0,0,0,0,0,0,0,0,0,0,0,0,0,0,0,0,0,0,0,0,3604,1,3604,1,0,0,0,0,0,0,0,0,0,0,0,0,0,0,0,0
lines,safe_linear,100,0.2,25,3638,3638,3638,1,3638,1,0,0,0,0,0,0,0,0,0,0,0,0,0,0,0,0,0,0,0,0,0,3638,1,3638,1,0,0,0,0,0,0,0,0,0,0,0,0,0,0,0,0
lines,safe_linear,100,0.3,25,3682,3682,3682,1,3682,1,0,0,0,0,0,0,0,0,0,0,0,0,0,0,0,0,0,0,0,0,0,3682,1,3682,1,0,0,0,0,0,0,0,0,0,0,0,0,0,0,0,0
lines,safe_linear,128,0,25,4609,4609,4609,1,4609,1,0,0,0,0,0,0,0,0,0,0,0,0,0,0,0,0,0,0,0,0,0,4609,1,4609,1,0,0,0,0,0,0,0,0,0,0,0,0,0,0,0,0
lines,safe_linear,128,0.05,25,4608,4608,4608,1,4608,1,0,0,0,0,0,0,0,0,0,0,0,0,0,0,0,0,0,0,0,0,0,4608,1,4608,1,0,0,0,0,0,0,0,0,0,0,0,0,0,0,0,0
lines,safe_linear,128,0.1,25,4617,4617,4617,1,4617,1,0,0,0,0,0,0,0,0,0,0,0,0,0,0,0,0,0,0,0,0,0,4617,1,4617,1,0,0,0,0,0,0,0,0,0,0,0,0,0,0,0,0
lines,safe_linear,128,0.2,25,4651,4651,4651,1,4651,1,0,0,0,0,0,0,0,0,0,0,0,0,0,0,0,0,0,0,0,0,0,4651,1,4651,1,0,0,0,0,0,0,0,0,0,0,0,0,0,0,0,0
lines,safe_linear,128,0.3,25,4705,4705,4705,1,4705,1,0,0,0,0,0,0,0,0,0,0,0,0,0,0,0,0,0,0,0,0,0,4705,1,4705,1,0,0,0,0,0,0,0,0,0,0,0,0,0,0,0,0
lines,safe_linear,150,0,25,5402,5402,5402,1,5402,1,0,0,0,0,0,0,0,0,0,0,0,0,0,0,0,0,0,0,0,0,0,5402,1,5402,1,0,0,0,0,0,0,0,0,0,0,0,0,0,0,0,0
lines,safe_linear,150,0.05,25,5404,5404,5404,1,5404,1,0,0,0,0,0,0,0,0,0,0,0,0,0,0,0,0,0,0,0,0,0,5404,1,5404,1,0,0,0,0,0,0,0,0,0,0,0,0,0,0,0,0
lines,safe_linear,150,0.1,25,5416,5416,5416,1,5416,1,0,0,0,0,0,0,0,0,0,0,0,0,0,0,0,0,0,0,0,0,0,5416,1,5416,1,0,0,0,0,0,0,0,0,0,0,0,0,0,0,0,0
lines,safe_linear,150,0.2,25,5458,5458,5458,1,5458,1,0,0,0,0,0,0,0,0,0,0,0,0,0,0,0,0,0,0,0,0,0,5458,1,5458,1,0,0,0,0,0,0,0,0,0,0,0,0,0,0,0,0
lines,safe_linear,150,0.3,25,5524,5524,5524,1,5524,1,0,0,0,0,0,0,0,0,0,0,0,0,0,0,0,0,0,0,0,0,0,5524,1,5524,1,0,0,0,0,0,0,0,0,0,0,0,0,0,0,0,0
lines,safe_linear,32,0,25,1155,1155,1155,1,1155,1,0,0,0,0,0,0,0,0,0,0,0,0,0,0,0,0,0,0,0,0,0,1155,1,1155,1,0,0,0,0,0,0,0,0,0,0,0,0,0,0,0,0
lines,safe_linear,32,0.05,25,1155,1155,1155,1,1155,1,0,0,0,0,0,0,0,0,0,0,0,0,0,0,0,0,0,0,0,0,0,1155,1,1155,1,0,0,0,0,0,0,0,0,0,0,0,0,0,0,0,0
lines,safe_linear,32,0.1,25,1157,1157,1157,1,1157,1,0,0,0,0,0,0,0,0,0,0,0,0,0,0,0,0,0,0,0,0,0,1157,1,1157,1,0,0,0,0,0,0,0,0,0,0,0,0,0,0,0,0
lines,safe_linear,32,0.2,25,1171,1171,1171,1,1171,1,0,0,0,0,0,0,0,0,0,0,0,0,0,0,0,0,0,0,0,0,0,1171,1,1171,1,0,0,0,0,0,0,0,0,0,0,0,0,0,0,0,0
lines,safe_linear,32,0.3,25,1181,1181,1181,1,1181,1,0,0,0,0,0,0,0,0,0,0,0,0,0,0,0,0,0,0,0,0,0,1181,1,1181,1,0,0,0,0,0,0,0,0,0,0,0,0,0,0,0,0
lines,safe_linear,50,0,25,1802,1802,1802,1,1802,1,0,0,0,0,0,0,0,0,0,0,0,0,0,0,0,0,0,0,0,0,0,1802,1,1802,1,0,0,0,0,0,0,0,0,0,0,0,0,0,0,0,0
lines,safe_linear,50,0.05,25,1802,1802,1802,1,1802,1,0,0,0,0,0,0,0,0,0,0,0,0,0,0,0,0,0,0,0,0,0,1802,1,1802,1,0,0,0,0,0,0,0,0,0,0,0,0,0,0,0,0
lines,safe_linear,50,0.1,25,1804,1804,1804,1,1804,1,0,0,0,0,0,0,0,0,0,0,0,0,0,0,0,0,0,0,0,0,0,1804,1,1804,1,0,0,0,0,0,0,0,0,0,0,0,0,0,0,0,0
lines,safe_linear,50,0.2,25,1816,1816,1816,1,1816,1,0,0,0,0,0,0,0,0,0,0,0,0,0,0,0,0,0,0,0,0,0,1816,1,1816,1,0,0,0,0,0,0,0,0,0,0,0,0,0,0,0,0
lines,safe_linear,50,0.3,25,1852,1852,1852,1,1852,1,0,0,0,0,0,0,0,0,0,0,0,0,0,0,0,0,0,0,0,0,0,1852,1,1852,1,0,0,0,0,0,0,0,0,0,0,0,0,0,0,0,0
lines,safe_linear,64,0,25,2307,2307,2307,1,2307,1,0,0,0,0,0,0,0,0,0,0,0,0,0,0,0,0,0,0,0,0,0,2307,1,2307,1,0,0,0,0,0,0,0,0,0,0,0,0,0,0,0,0
lines,safe_linear,64,0.05,25,2307,2307,2307,1,2307,1,0,0,0,0,0,0,0,0,0,0,0,0,0,0,0,0,0,0,0,0,0,2307,1,2307,1,0,0,0,0,0,0,0,0,0,0,0,0,0,0,0,0
lines,safe_linear,64,0.1,25,2311,2311,2311,1,2311,1,0,0,0,0,0,0,0,0,0,0,0,0,0,0,0,0,0,0,0,0,0,2311,1,2311,1,0,0,0,0,0,0,0,0,0,0,0,0,0,0,0,0
lines,safe_linear,64,0.2,25,2331,2331,2331,1,2331,1,0,0,0,0,0,0,0,0,0,0,0,0,0,0,0,0,0,0,0,0,0,2331,1,2331,1,0,0,0,0,0,0,0,0,0,0,0,0,0,0,0,0
lines,safe_linear,64,0.3,25,2367,2367,2367,1,2367,1,0,0,0,0,0,0,0,0,0,0,0,0,0,0,0,0,0,0,0,0,0,2367,1,2367,1,0,0,0,0,0,0,0,0,0,0,0,0,0,0,0,0
squares,ELVIRA,100,0,25,2525,2525,2525,1,2525,1,0,0,0,0,0,0,0,0,0,0,0,0,0,0,0,0,0,0,0,0,0,2525,1,2525,1,0,0,0,0,0,0,0,0,0,0,0,0,0,0,0,0
squares,ELVIRA,100,0.05,25,2520,2520,2520,1,2520,1,0,0,0,0,0,0,0,0,0,0,0,0,0,0,0,0,0,0,0,0,0,2520,1,2520,1,0,0,0,0,0,0,0,0,0,0,0,0,0,0,0,0
squares,ELVIRA,100,0.1,25,2519,2519,2519,1,2519,1,0,0,0,0,0,0,0,0,0,0,0,0,0,0,0,0,0,0,0,0,0,2519,1,2519,1,0,0,0,0,0,0,0,0,0,0,0,0,0,0,0,0
squares,ELVIRA,100,0.2,25,2540,2540,2540,1,2540,1,0,0,0,0,0,0,0,0,0,0,0,0,0,0,0,0,0,0,0,0,0,2540,1,2540,1,0,0,0,0,0,0,0,0,0,0,0,0,0,0,0,0
squares,ELVIRA,100,0.3,25,2577,2577,2577,1,2577,1,0,0,0,0,0,0,0,0,0,0,0,0,0,0,0,0,0,0,0,0,0,2577,1,2577,1,0,0,0,0,0,0,0,0,0,0,0,0,0,0,0,0
squares,ELVIRA,128,0,25,3230,3230,3230,1,3230,1,0,0,0,0,0,0,0,0,0,0,0,0,0,0,0,0,0,0,0,0,0,3230,1,3230,1,0,0,0,0,0,0,0,0,0,0,0,0,0,0,0,0
squares,ELVIRA,128,0.05,25,3230,3230,3230,1,3230,1,0,0,0,0,0,0,0,0,0,0,0,0,0,0,0,0,0,0,0,0,0,3230,1,3230,1,0,0,0,0,0,0,0,0,0,0,0,0,0,0,0,0
squares,ELVIRA,128,0.1,25,3238,3238,3238,1,3238,1,0,0,0,0,0,0,0,0,0,0,0,0,0,0,0,0,0,0,0,0,0,3238,1,3238,1,0,0,0,0,0,0,0,0,0,0,0,0,0,0,0,0
squares,ELVIRA,128,0.2,25,3272,3272,3272,1,3272,1,0,0,0,0,0,0,0,0,0,0,0,0,0,0,0,0,0,0,0,0,0,3272,1,3272,1,0,0,0,0,0,0,0,0,0,0,0,0,0,0,0,0
squares,ELVIRA,128,0.3,25,3348,3348,3348,1,3348,1,0,0,0,0,0,0,0,0,0,0,0,0,0,0,0,0,0,0,0,0,0,3348,1,3348,1,0,0,0,0,0,0,0,0,0,0,0,0,0,0,0,0
squares,ELVIRA,150,0,25,3793,3793,3793,1,3793,1,0,0,0,0,0,0,0,0,0,0,0,0,0,0,0,0,0,0,0,0,0,3793,1,3793,1,0,0,0,0,0,0,0,0,0,0,0,0,0,0,0,0
squares,ELVIRA,150,0.05,25,3798,3798,3798,1,3798,1,0,0,0,0,0,0,0,0,0,0,0,0,0,0,0,0,0,0,0,0,0,3798,1,3798,1,0,0,0,0,0,0,0,0,0,0,0,0,0,0,0,0
squares,ELVIRA,150,0.1,25,3806,3806,3806,1,3806,1,0,0,0,0,0,0,0,0,0,0,0,0,0,0,0,0,0,0,0,0,0,3806,1,3806,1,0,0,0,0,0,0,0,0,0,0,0,0,0,0,0,0
squares,ELVIRA,150,0.2,25,3856,3856,3856,1,3856,1,0,0,0,0,0,0,0,0,0,0,0,0,0,0,0,0,0,0,0,0,0,3856,1,3856,1,0,0,0,0,0,0,0,0,0,0,0,0,0,0,0,0
squares,ELVIRA,150,0.3,25,3916,3916,3916,1,3916,1,0,0,0,0,0,0,0,0,0,0,0,0,0,0,0,0,0,0,0,0,0,3916,1,3916,1,0,0,0,0,0,0,0,0,0,0,0,0,0,0,0,0
squares,ELVIRA,50,0,25,1257,1257,1257,1,1257,1,0,0,0,0,0,0,0,0,0,0,0,0,0,0,0,0,0,0,0,0,0,1257,1,1257,1,0,0,0,0,0,0,0,0,0,0,0,0,0,0,0,0
squares,ELVIRA,50,0.05,25,1258,1258,1258,1,1258,1,0,0,0,0,0,0,0,0,0,0,0,0,0,0,0,0,0,0,0,0,0,1258,1,1258,1,0,0,0,0,0,0,0,0,0,0,0,0,0,0,0,0
squares,ELVIRA,50,0.1,25,1257,1257,1257,1,1257,1,0,0,0,0,0,0,0,0,0,0,0,0,0,0,0,0,0,0,0,0,0,1257,1,1257,1,0,0,0,0,0,0,0,0,0,0,0,0,0,0,0,0
squares,ELVIRA,50,0.2,25,1269,1269,1269,1,1269,1,0,0,0,0,0,0,0,0,0,0,0,0,0,0,0,0,0,0,0,0,0,1269,1,1269,1,0,0,0,0,0,0,0,0,0,0,0,0,0,0,0,0
squares,ELVIRA,50,0.3,25,1290,1290,1290,1,1290,1,0,0,0,0,0,0,0,0,0,0,0,0,0,0,0,0,0,0,0,0,0,1290,1,1290,1,0,0,0,0,0,0,0,0,0,0,0,0,0,0,0,0
squares,ELVIRA,64,0,25,1603,1603,1603,1,1603,1,0,0,0,0,0,0,0,0,0,0,0,0,0,0,0,0,0,0,0,0,0,1603,1,1603,1,0,0,0,0,0,0,0,0,0,0,0,0,0,0,0,0
squares,ELVIRA,64,0.05,25,1605,1605,1605,1,1605,1,0,0,0,0,0,0,0,0,0,0,0,0,0,0,0,0,0,0,0,0,0,1605,1,1605,1,0,0,0,0,0,0,0,0,0,0,0,0,0,0,0,0
squares,ELVIRA,64,0.1,25,1606,1606,1606,1,1606,1,0,0,0,0,0,0,0,0,0,0,0,0,0,0,0,0,0,0,0,0,0,1606,1,1606,1,0,0,0,0,0,0,0,0,0,0,0,0,0,0,0,0
squares,ELVIRA,64,0.2,25,1616,1616,1616,1,1616,1,0,0,0,0,0,0,0,0,0,0,0,0,0,0,0,0,0,0,0,0,0,1616,1,1616,1,0,0,0,0,0,0,0,0,0,0,0,0,0,0,0,0
squares,ELVIRA,64,0.3,25,1652,1652,1652,1,1652,1,0,0,0,0,0,0,0,0,0,0,0,0,0,0,0,0,0,0,0,0,0,1652,1,1652,1,0,0,0,0,0,0,0,0,0,0,0,0,0,0,0,0
squares,LVIRA,100,0,25,2525,2525,2525,1,2525,1,0,0,0,0,0,0,0,0,0,0,0,0,0,0,0,0,0,0,0,0,0,2525,1,2525,1,0,0,0,0,0,0,0,0,0,0,0,0,0,0,0,0
squares,LVIRA,100,0.05,25,2520,2520,2520,1,2520,1,0,0,0,0,0,0,0,0,0,0,0,0,0,0,0,0,0,0,0,0,0,2520,1,2520,1,0,0,0,0,0,0,0,0,0,0,0,0,0,0,0,0
squares,LVIRA,100,0.1,25,2519,2519,2519,1,2519,1,0,0,0,0,0,0,0,0,0,0,0,0,0,0,0,0,0,0,0,0,0,2519,1,2519,1,0,0,0,0,0,0,0,0,0,0,0,0,0,0,0,0
squares,LVIRA,100,0.2,25,2540,2540,2540,1,2540,1,0,0,0,0,0,0,0,0,0,0,0,0,0,0,0,0,0,0,0,0,0,2540,1,2540,1,0,0,0,0,0,0,0,0,0,0,0,0,0,0,0,0
squares,LVIRA,100,0.3,25,2577,2577,2577,1,2577,1,0,0,0,0,0,0,0,0,0,0,0,0,0,0,0,0,0,0,0,0,0,2577,1,2577,1,0,0,0,0,0,0,0,0,0,0,0,0,0,0,0,0
squares,LVIRA,128,0,25,3230,3230,3230,1,3230,1,0,0,0,0,0,0,0,0,0,0,0,0,0,0,0,0,0,0,0,0,0,3230,1,3230,1,0,0,0,0,0,0,0,0,0,0,0,0,0,0,0,0
squares,LVIRA,128,0.05,25,3230,3230,3230,1,3230,1,0,0,0,0,0,0,0,0,0,0,0,0,0,0,0,0,0,0,0,0,0,3230,1,3230,1,0,0,0,0,0,0,0,0,0,0,0,0,0,0,0,0
squares,LVIRA,128,0.1,25,3238,3238,3238,1,3238,1,0,0,0,0,0,0,0,0,0,0,0,0,0,0,0,0,0,0,0,0,0,3238,1,3238,1,0,0,0,0,0,0,0,0,0,0,0,0,0,0,0,0
squares,LVIRA,128,0.2,25,3272,3272,3272,1,3272,1,0,0,0,0,0,0,0,0,0,0,0,0,0,0,0,0,0,0,0,0,0,3272,1,3272,1,0,0,0,0,0,0,0,0,0,0,0,0,0,0,0,0
squares,LVIRA,128,0.3,25,3348,3348,3348,1,3348,1,0,0,0,0,0,0,0,0,0,0,0,0,0,0,0,0,0,0,0,0,0,3348,1,3348,1,0,0,0,0,0,0,0,0,0,0,0,0,0,0,0,0
squares,LVIRA,150,0,25,3793,3793,3793,1,3793,1,0,0,0,0,0,0,0,0,0,0,0,0,0,0,0,0,0,0,0,0,0,3793,1,3793,1,0,0,0,0,0,0,0,0,0,0,0,0,0,0,0,0
squares,LVIRA,150,0.05,25,3798,3798,3798,1,3798,1,0,0,0,0,0,0,0,0,0,0,0,0,0,0,0,0,0,0,0,0,0,3798,1,3798,1,0,0,0,0,0,0,0,0,0,0,0,0,0,0,0,0
squares,LVIRA,150,0.1,25,3806,3806,3806,1,3806,1,0,0,0,0,0,0,0,0,0,0,0,0,0,0,0,0,0,0,0,0,0,3806,1,3806,1,0,0,0,0,0,0,0,0,0,0,0,0,0,0,0,0
squares,LVIRA,150,0.2,25,3856,3856,3856,1,3856,1,0,0,0,0,0,0,0,0,0,0,0,0,0,0,0,0,0,0,0,0,0,3856,1,3856,1,0,0,0,0,0,0,0,0,0,0,0,0,0,0,0,0
squares,LVIRA,150,0.3,25,3916,3916,3916,1,3916,1,0,0,0,0,0,0,0,0,0,0,0,0,0,0,0,0,0,0,0,0,0,3916,1,3916,1,0,0,0,0,0,0,0,0,0,0,0,0,0,0,0,0
squares,LVIRA,50,0,25,1257,1257,1257,1,1257,1,0,0,0,0,0,0,0,0,0,0,0,0,0,0,0,0,0,0,0,0,0,1257,1,1257,1,0,0,0,0,0,0,0,0,0,0,0,0,0,0,0,0
squares,LVIRA,50,0.05,25,1258,1258,1258,1,1258,1,0,0,0,0,0,0,0,0,0,0,0,0,0,0,0,0,0,0,0,0,0,1258,1,1258,1,0,0,0,0,0,0,0,0,0,0,0,0,0,0,0,0
squares,LVIRA,50,0.1,25,1257,1257,1257,1,1257,1,0,0,0,0,0,0,0,0,0,0,0,0,0,0,0,0,0,0,0,0,0,1257,1,1257,1,0,0,0,0,0,0,0,0,0,0,0,0,0,0,0,0
squares,LVIRA,50,0.2,25,1269,1269,1269,1,1269,1,0,0,0,0,0,0,0,0,0,0,0,0,0,0,0,0,0,0,0,0,0,1269,1,1269,1,0,0,0,0,0,0,0,0,0,0,0,0,0,0,0,0
squares,LVIRA,50,0.3,25,1290,1290,1290,1,1290,1,0,0,0,0,0,0,0,0,0,0,0,0,0,0,0,0,0,0,0,0,0,1290,1,1290,1,0,0,0,0,0,0,0,0,0,0,0,0,0,0,0,0
squares,LVIRA,64,0,25,1603,1603,1603,1,1603,1,0,0,0,0,0,0,0,0,0,0,0,0,0,0,0,0,0,0,0,0,0,1603,1,1603,1,0,0,0,0,0,0,0,0,0,0,0,0,0,0,0,0
squares,LVIRA,64,0.05,25,1605,1605,1605,1,1605,1,0,0,0,0,0,0,0,0,0,0,0,0,0,0,0,0,0,0,0,0,0,1605,1,1605,1,0,0,0,0,0,0,0,0,0,0,0,0,0,0,0,0
squares,LVIRA,64,0.1,25,1606,1606,1606,1,1606,1,0,0,0,0,0,0,0,0,0,0,0,0,0,0,0,0,0,0,0,0,0,1606,1,1606,1,0,0,0,0,0,0,0,0,0,0,0,0,0,0,0,0
squares,LVIRA,64,0.2,25,1616,1616,1616,1,1616,1,0,0,0,0,0,0,0,0,0,0,0,0,0,0,0,0,0,0,0,0,0,1616,1,1616,1,0,0,0,0,0,0,0,0,0,0,0,0,0,0,0,0
squares,LVIRA,64,0.3,25,1652,1652,1652,1,1652,1,0,0,0,0,0,0,0,0,0,0,0,0,0,0,0,0,0,0,0,0,0,1652,1,1652,1,0,0,0,0,0,0,0,0,0,0,0,0,0,0,0,0
squares,Youngs,100,0,25,2525,2525,2525,1,2525,1,0,0,0,0,0,0,0,0,0,0,0,0,0,0,0,0,0,0,0,0,0,2525,1,2525,1,0,0,0,0,0,0,0,0,0,0,0,0,0,0,0,0
squares,Youngs,100,0.05,25,2520,2520,2520,1,2520,1,0,0,0,0,0,0,0,0,0,0,0,0,0,0,0,0,0,0,0,0,0,2520,1,2520,1,0,0,0,0,0,0,0,0,0,0,0,0,0,0,0,0
squares,Youngs,100,0.1,25,2519,2519,2519,1,2519,1,0,0,0,0,0,0,0,0,0,0,0,0,0,0,0,0,0,0,0,0,0,2519,1,2519,1,0,0,0,0,0,0,0,0,0,0,0,0,0,0,0,0
squares,Youngs,100,0.2,25,2540,2540,2540,1,2540,1,0,0,0,0,0,0,0,0,0,0,0,0,0,0,0,0,0,0,0,0,0,2540,1,2540,1,0,0,0,0,0,0,0,0,0,0,0,0,0,0,0,0
squares,Youngs,100,0.3,25,2577,2577,2577,1,2577,1,0,0,0,0,0,0,0,0,0,0,0,0,0,0,0,0,0,0,0,0,0,2577,1,2577,1,0,0,0,0,0,0,0,0,0,0,0,0,0,0,0,0
squares,Youngs,128,0,25,3230,3230,3230,1,3230,1,0,0,0,0,0,0,0,0,0,0,0,0,0,0,0,0,0,0,0,0,0,3230,1,3230,1,0,0,0,0,0,0,0,0,0,0,0,0,0,0,0,0
squares,Youngs,128,0.05,25,3230,3230,3230,1,3230,1,0,0,0,0,0,0,0,0,0,0,0,0,0,0,0,0,0,0,0,0,0,3230,1,3230,1,0,0,0,0,0,0,0,0,0,0,0,0,0,0,0,0
squares,Youngs,128,0.1,25,3238,3238,3238,1,3238,1,0,0,0,0,0,0,0,0,0,0,0,0,0,0,0,0,0,0,0,0,0,3238,1,3238,1,0,0,0,0,0,0,0,0,0,0,0,0,0,0,0,0
squares,Youngs,128,0.2,25,3272,3272,3272,1,3272,1,0,0,0,0,0,0,0,0,0,0,0,0,0,0,0,0,0,0,0,0,0,3272,1,3272,1,0,0,0,0,0,0,0,0,0,0,0,0,0,0,0,0
squares,Youngs,128,0.3,25,3348,3348,3348,1,3348,1,0,0,0,0,0,0,0,0,0,0,0,0,0,0,0,0,0,0,0,0,0,3348,1,3348,1,0,0,0,0,0,0,0,0,0,0,0,0,0,0,0,0
squares,Youngs,150,0,25,3793,3793,3793,1,3793,1,0,0,0,0,0,0,0,0,0,0,0,0,0,0,0,0,0,0,0,0,0,3793,1,3793,1,0,0,0,0,0,0,0,0,0,0,0,0,0,0,0,0
squares,Youngs,150,0.05,25,3798,3798,3798,1,3798,1,0,0,0,0,0,0,0,0,0,0,0,0,0,0,0,0,0,0,0,0,0,3798,1,3798,1,0,0,0,0,0,0,0,0,0,0,0,0,0,0,0,0
squares,Youngs,150,0.1,25,3806,3806,3806,1,3806,1,0,0,0,0,0,0,0,0,0,0,0,0,0,0,0,0,0,0,0,0,0,3806,1,3806,1,0,0,0,0,0,0,0,0,0,0,0,0,0,0,0,0
squares,Youngs,150,0.2,25,3856,3856,3856,1,3856,1,0,0,0,0,0,0,0,0,0,0,0,0,0,0,0,0,0,0,0,0,0,3856,1,3856,1,0,0,0,0,0,0,0,0,0,0,0,0,0,0,0,0
squares,Youngs,150,0.3,25,3916,3916,3916,1,3916,1,0,0,0,0,0,0,0,0,0,0,0,0,0,0,0,0,0,0,0,0,0,3916,1,3916,1,0,0,0,0,0,0,0,0,0,0,0,0,0,0,0,0
squares,Youngs,50,0,25,1257,1257,1257,1,1257,1,0,0,0,0,0,0,0,0,0,0,0,0,0,0,0,0,0,0,0,0,0,1257,1,1257,1,0,0,0,0,0,0,0,0,0,0,0,0,0,0,0,0
squares,Youngs,50,0.05,25,1258,1258,1258,1,1258,1,0,0,0,0,0,0,0,0,0,0,0,0,0,0,0,0,0,0,0,0,0,1258,1,1258,1,0,0,0,0,0,0,0,0,0,0,0,0,0,0,0,0
squares,Youngs,50,0.1,25,1257,1257,1257,1,1257,1,0,0,0,0,0,0,0,0,0,0,0,0,0,0,0,0,0,0,0,0,0,1257,1,1257,1,0,0,0,0,0,0,0,0,0,0,0,0,0,0,0,0
squares,Youngs,50,0.2,25,1269,1269,1269,1,1269,1,0,0,0,0,0,0,0,0,0,0,0,0,0,0,0,0,0,0,0,0,0,1269,1,1269,1,0,0,0,0,0,0,0,0,0,0,0,0,0,0,0,0
squares,Youngs,50,0.3,25,1290,1290,1290,1,1290,1,0,0,0,0,0,0,0,0,0,0,0,0,0,0,0,0,0,0,0,0,0,1290,1,1290,1,0,0,0,0,0,0,0,0,0,0,0,0,0,0,0,0
squares,Youngs,64,0,25,1603,1603,1603,1,1603,1,0,0,0,0,0,0,0,0,0,0,0,0,0,0,0,0,0,0,0,0,0,1603,1,1603,1,0,0,0,0,0,0,0,0,0,0,0,0,0,0,0,0
squares,Youngs,64,0.05,25,1605,1605,1605,1,1605,1,0,0,0,0,0,0,0,0,0,0,0,0,0,0,0,0,0,0,0,0,0,1605,1,1605,1,0,0,0,0,0,0,0,0,0,0,0,0,0,0,0,0
squares,Youngs,64,0.1,25,1606,1606,1606,1,1606,1,0,0,0,0,0,0,0,0,0,0,0,0,0,0,0,0,0,0,0,0,0,1606,1,1606,1,0,0,0,0,0,0,0,0,0,0,0,0,0,0,0,0
squares,Youngs,64,0.2,25,1616,1616,1616,1,1616,1,0,0,0,0,0,0,0,0,0,0,0,0,0,0,0,0,0,0,0,0,0,1616,1,1616,1,0,0,0,0,0,0,0,0,0,0,0,0,0,0,0,0
squares,Youngs,64,0.3,25,1652,1652,1652,1,1652,1,0,0,0,0,0,0,0,0,0,0,0,0,0,0,0,0,0,0,0,0,0,1652,1,1652,1,0,0,0,0,0,0,0,0,0,0,0,0,0,0,0,0
squares,circular,100,0,25,2525,2512,2244,0.88871287128712873,2242,0.89251592356687903,0,281,0.11128712871287129,270,0.10748407643312102,0,0,0,0,0,0,0,0,0,0,0,26,0.010297029702970298,13,0.0051751592356687895,0,2499,0.98970297029702969,2499,0.9948248407643312,0,0,0,0,0,0,0,0,0,0,0,30,0.011881188118811881,28,0.011146496815286623,28
squares,circular,100,0.05,25,2520,2504,2230,0.88492063492063489,2228,0.88977635782747599,0,290,0.11507936507936507,276,0.11022364217252396,0,0,0,0,0,0,0,0,0,0,0,32,0.012698412698412698,16,0.0063897763578274758,0,2488,0.98730158730158735,2488,0.99361022364217255,0,0,0,0,0,0,0,0,0,0,0,25,0.0099206349206349201,23,0.0091853035143769964,23
squares,circular,100,0.1,25,2519,2502,2222,0.88209606986899558,2220,0.88729016786570747,0,297,0.11790393013100436,282,0.11270983213429256,0,0,0,0,0,0,0,0,0,0,0,34,0.013497419610956728,17,0.0067945643485211827,0,2485,0.98650258038904326,2485,0.99320543565147879,0,0,0,0,0,0,0,0,0,0,0,20,0.0079396585946804286,18,0.0071942446043165471,18
squares,circular,100,0.2,25,2540,2522,2239,0.88149606299212602,2239,0.88778747026169702,0,301,0.11850393700787401,283,0.11221252973830294,0,0,0,0,0,0,0,0,0,0,0,36,0.014173228346456693,18,0.0071371927042030133,0,2504,0.98582677165354327,2504,0.99286280729579701,0,2,0.0007874015748031496,2,0.00079302141157811261,2,0,0,0,0,0,16,0.0062992125984251968,16,0.0063441712926249009,16
squares,circular,100,0.3,25,2577,2557,2277,0.88358556461001159,2274,0.88932342588971447,0,300,0.11641443538998836,283,0.11067657411028549,0,0,0,0,0,0,0,0,0,0,0,40,0.015521924718665115,20,0.0078216660148611658,0,2537,0.98447807528133491,2537,0.99217833398513888,0,1,0.00038804811796662784,1,0.00039108330074305825,1,0,0,0,0,0,23,0.0089251067132324405,21,0.0082127493156042234,21
squares,circular,128,0,25,3230,3216,2941,0.91052631578947374,2941,0.91449004975124382,0,289,0.089473684210526316,275,0.085509950248756225,0,0,0,0,0,0,0,0,0,0,0,28,0.0086687306501547993,14,0.0043532338308457713,0,3202,0.99133126934984517,3202,0.99564676616915426,0,0,0,0,0,0,0,0,0,0,0,25,0.0077399380804953561,25,0.0077736318407960201,25
squares,circular,128,0.05,25,3230,3214,2936,0.90897832817337465,2936,0.91350342252644678,0,294,0.091021671826625392,278,0.086496577473553202,0,0,0,0,0,0,0,0,0,0,0,32,0.0099071207430340563,16,0.0049782202862476664,0,3198,0.99009287925696599,3198,0.99502177971375239,0,0,0,0,0,0,0,0,0,0,0,22,0.0068111455108359137,22,0.0068450528935905417,22
squares,circular,128,0.1,25,3238,3222,2945,0.90951204447189626,2943,0.91340782122905029,0,293,0.090487955528103764,279,0.086592178770949726,0,0,0,0,0,0,0,0,0,0,0,32,0.0098826436071649173,16,0.0049658597144630664,0,3206,0.99011735639283505,3206,0.99503414028553694,0,0,0,0,0,0,0,0,0,0,0,23,0.0071031500926497836,21,0.0065176908752327747,21
squares,circular,128,0.2,25,3272,3256,2977,0.90984107579462103,2975,0.91369778869778873,0,295,0.090158924205378979,281,0.086302211302211301,0,0,0,0,0,0,0,0,0,0,0,32,0.0097799511002444987,16,0.0049140049140049139,0,3240,0.99022004889975546,3240,0.99508599508599505,0,0,0,0,0,0,0,0,0,0,0,21,0.0064180929095354524,19,0.0058353808353808351,19
squares,circular,128,0.3,25,3348,3330,3052,0.91158900836320189,3050,0.91591591591591592,0,296,0.088410991636798095,280,0.08408408408408409,0,0,0,0,0,0,0,0,0,0,0,36,0.010752688172043012,18,0.0054054054054054057,0,3312,0.989247311827957,3312,0.99459459459459465,0,4,0.0011947431302270011,4,0.0012012012012012011,4,0,0,0,0,0,23,0.0068697729988052569,22,0.0066066066066066062,22
squares,circular,150,0,25,3793,3778,3499,0.92248879514895865,3497,0.92562202223398626,0,294,0.07751120485104139,281,0.074377977766013764,0,0,0,0,0,0,0,0,0,0,0,30,0.0079093066174532028,15,0.0039703546850185286,0,3763,0.99209069338254685,3763,0.9960296453149815,0,0,0,0,0,0,0,0,0,0,0,21,0.0055365146322172423,19,0.0050291159343568027,19
squares,circular,150,0.05,25,3798,3786,3505,0.92285413375460768,3505,0.92577918647649238,0,293,0.077145866245392311,281,0.074220813523507664,0,0,0,0,0,0,0,0,0,0,0,24,0.0063191153238546603,12,0.0031695721077654518,0,3774,0.99368088467614535,3774,0.99683042789223453,0,0,0,0,0,0,0,0,0,0,0,19,0.0050026329647182731,19,0.005018489170628632,19
squares,circular,150,0.1,25,3806,3794,3517,0.9240672622175512,3517,0.92698998418555612,0,289,0.075932737782448759,277,0.073010015814443857,0,0,0,0,0,0,0,0,0,0,0,24,0.0063058328954282714,12,0.0031628887717448603,0,3782,0.9936941671045717,3782,0.99683711122825513,0,0,0,0,0,0,0,0,0,0,0,26,0.0068313189700472936,26,0.0068529256721138639,26
squares,circular,150,0.2,25,3856,3840,3559,0.92297717842323657,3557,0.9263020833333333,0,297,0.077022821576763489,283,0.073697916666666669,0,0,0,0,0,0,0,0,0,0,0,32,0.0082987551867219917,16,0.0041666666666666666,0,3824,0.99170124481327804,3824,0.99583333333333335,0,4,0.001037344398340249,4,0.0010416666666666667,4,0,0,0,0,0,24,0.0062240663900414933,22,0.0057291666666666663,22
squares,circular,150,0.3,25,3916,3901,3633,0.92773237997957103,3629,0.93027428864393746,0,283,0.07226762002042901,272,0.06972571135606255,0,0,0,0,0,0,0,0,0,0,0,30,0.0076608784473953017,15,0.0038451679056652139,0,3886,0.99233912155260473,3886,0.99615483209433475,0,3,0.0007660878447395301,3,0.00076903358113304286,3,0,0,0,0,0,41,0.010469867211440245,37,0.0094847475006408621,37
squares,circular,50,0,25,1257,1238,957,0.76133651551312653,956,0.77221324717285944,0,300,0.2386634844868735,282,0.22778675282714056,0,0,0,0,0,0,0,0,0,0,0,38,0.030230708035003977,19,0.015347334410339256,0,1219,0.96976929196499606,1219,0.98465266558966069,0,0,0,0,0,0,0,0,0,0,0,18,0.014319809069212411,17,0.013731825525040387,17
squares,circular,50,0.05,25,1258,1236,950,0.75516693163751991,950,0.76860841423948223,0,308,0.24483306836248012,286,0.2313915857605178,0,0,0,0,0,0,0,0,0,0,0,44,0.034976152623211444,22,0.017799352750809062,0,1214,0.96502384737678859,1214,0.98220064724919098,0,0,0,0,0,0,0,0,0,0,0,14,0.011128775834658187,14,0.011326860841423949,14
squares,circular,50,0.1,25,1257,1236,950,0.75576770087509948,950,0.76860841423948223,0,307,0.24423229912490055,286,0.2313915857605178,0,0,0,0,0,0,0,0,0,0,0,42,0.033412887828162291,21,0.016990291262135922,0,1215,0.96658711217183768,1215,0.98300970873786409,0,0,0,0,0,0,0,0,0,0,0,14,0.011137629276054098,14,0.011326860841423949,14
squares,circular,50,0.2,25,1269,1250,964,0.75965327029156815,963,0.77039999999999997,0,305,0.24034672970843185,287,0.2296,0,0,0,0,0,0,0,0,0,0,0,38,0.029944838455476755,19,0.0152,0,1231,0.9700551615445232,1231,0.98480000000000001,0,2,0.0015760441292356187,2,0.0016000000000000001,2,0,0,0,0,0,14,0.01103230890464933,13,0.0104,13
squares,circular,50,0.3,25,1290,1273,991,0.7682170542635659,990,0.77769049489395126,0,299,0.2317829457364341,283,0.22230950510604872,0,0,0,0,0,0,0,0,0,0,0,34,0.026356589147286821,17,0.013354281225451689,0,1256,0.97364341085271322,1256,0.98664571877454832,0,3,0.0023255813953488372,3,0.0023566378633150041,3,0,0,0,0,0,20,0.015503875968992248,20,0.015710919088766692,20
squares,circular,64,0,25,1603,1592,1312,0.81846537741734249,1311,0.82349246231155782,0,291,0.18153462258265751,281,0.17650753768844221,0,0,0,0,0,0,0,0,0,0,0,22,0.013724266999376169,11,0.0069095477386934678,0,1581,0.98627573300062388,1581,0.99309045226130654,0,0,0,0,0,0,0,0,0,0,0,20,0.012476606363069246,19,0.01193467336683417,19
squares,circular,64,0.05,25,1605,1594,1311,0.81682242990654208,1310,0.821831869510665,0,294,0.18317757009345795,284,0.178168130489335,0,0,0,0,0,0,0,0,0,0,0,22,0.013707165109034268,11,0.0069008782936010038,0,1583,0.98629283489096575,1583,0.99309912170639902,0,0,0,0,0,0,0,0,0,0,0,16,0.0099688473520249225,15,0.0094102885821831864,15
squares,circular,64,0.1,25,1606,1594,1315,0.81880448318804488,1315,0.82496863237139273,0,291,0.18119551681195517,279,0.17503136762860727,0,0,0,0,0,0,0,0,0,0,0,24,0.014943960149439602,12,0.0075282308657465494,0,1582,0.98505603985056045,1582,0.9924717691342535,0,0,0,0,0,0,0,0,0,0,0,21,0.013075965130759652,21,0.013174404015056462,21
squares,circular,64,0.2,25,1616,1600,1315,0.81373762376237624,1314,0.82125000000000004,0,301,0.18626237623762376,286,0.17874999999999999,0,0,0,0,0,0,0,0,0,0,0,32,0.019801980198019802,16,0.01,0,1584,0.98019801980198018,1584,0.98999999999999999,0,0,0,0,0,0,0,0,0,0,0,15,0.0092821782178217817,14,0.0087500000000000008,14
squares,circular,64,0.3,25,1652,1639,1355,0.82021791767554475,1354,0.82611348383160466,0,297,0.17978208232445519,285,0.17388651616839537,0,0,0,0,0,0,0,0,0,0,0,26,0.015738498789346248,13,0.0079316656497864547,0,1626,0.9842615012106537,1626,0.99206833435021358,0,3,0.0018159806295399517,3,0.0018303843807199512,3,0,0,0,0,0,18,0.010895883777239709,17,0.010372178157413058,17
squares,linear,100,0,25,2525,2512,2525,1,2512,1,0,0,0,0,0,0,0,0,0,0,0,0,0,0,0,0,26,0.010297029702970298,13,0.0051751592356687895,0,2499,0.98970297029702969,2499,0.9948248407643312,0,0,0,0,0,0,0,0,0,0,0,0,0,0,0,0
squares,linear,100,0.05,25,2520,2504,2520,1,2504,1,0,0,0,0,0,0,0,0,0,0,0,0,0,0,0,0,32,0.012698412698412698,16,0.0063897763578274758,0,2488,0.98730158730158735,2488,0.99361022364217255,0,0,0,0,0,0,0,0,0,0,0,0,0,0,0,0
squares,linear,100,0.1,25,2519,2502,2519,1,2502,1,0,0,0,0,0,0,0,0,0,0,0,0,0,0,0,0,34,0.013497419610956728,17,0.0067945643485211827,0,2485,0.98650258038904326,2485,0.99320543565147879,0,0,0,0,0,0,0,0,0,0,0,0,0,0,0,0
squares,linear,100,0.2,25,2540,2522,2540,1,2522,1,0,0,0,0,0,0,0,0,0,0,0,0,0,0,0,0,36,0.014173228346456693,18,0.0071371927042030133,0,2504,0.98582677165354327,2504,0.99286280729579701,0,2,0.0007874015748031496,2,0.00079302141157811261,2,0,0,0,0,0,0,0,0,0,0
squares,linear,100,0.3,25,2577,2557,2577,1,2557,1,0,0,0,0,0,0,0,0,0,0,0,0,0,0,0,0,40,0.015521924718665115,20,0.0078216660148611658,0,2537,0.98447807528133491,2537,0.99217833398513888,0,1,0.00038804811796662784,1,0.00039108330074305825,1,0,0,0,0,0,0,0,0,0,0
squares,linear,128,0,25,3230,3216,3230,1,3216,1,0,0,0,0,0,0,0,0,0,0,0,0,0,0,0,0,28,0.0086687306501547993,14,0.0043532338308457713,0,3202,0.99133126934984517,3202,0.99564676616915426,0,0,0,0,0,0,0,0,0,0,0,0,0,0,0,0
squares,linear,128,0.05,25,3230,3214,3230,1,3214,1,0,0,0,0,0,0,0,0,0,0,0,0,0,0,0,0,32,0.0099071207430340563,16,0.0049782202862476664,0,3198,0.99009287925696599,3198,0.99502177971375239,0,0,0,0,0,0,0,0,0,0,0,0,0,0,0,0
squares,linear,128,0.1,25,3238,3222,3238,1,3222,1,0,0,0,0,0,0,0,0,0,0,0,0,0,0,0,0,32,0.0098826436071649173,16,0.0049658597144630664,0,3206,0.99011735639283505,3206,0.99503414028553694,0,0,0,0,0,0,0,0,0,0,0,0,0,0,0,0
squares,linear,128,0.2,25,3272,3256,3272,1,3256,1,0,0,0,0,0,0,0,0,0,0,0,0,0,0,0,0,32,0.0097799511002444987,16,0.0049140049140049139,0,3240,0.99022004889975546,3240,0.99508599508599505,0,0,0,0,0,0,0,0,0,0,0,0,0,0,0,0
squares,linear,128,0.3,25,3348,3330,3348,1,3330,1,0,0,0,0,0,0,0,0,0,0,0,0,0,0,0,0,36,0.010752688172043012,18,0.0054054054054054057,0,3312,0.989247311827957,3312,0.99459459459459465,0,4,0.0011947431302270011,4,0.0012012012012012011,4,0,0,0,0,0,0,0,0,0,0
squares,linear,150,0,25,3793,3778,3793,1,3778,1,0,0,0,0,0,0,0,0,0,0,0,0,0,0,0,0,30,0.0079093066174532028,15,0.0039703546850185286,0,3763,0.99209069338254685,3763,0.9960296453149815,0,0,0,0,0,0,0,0,0,0,0,0,0,0,0,0
squares,linear,150,0.05,25,3798,3786,3798,1,3786,1,0,0,0,0,0,0,0,0,0,0,0,0,0,0,0,0,24,0.0063191153238546603,12,0.0031695721077654518,0,3774,0.99368088467614535,3774,0.99683042789223453,0,0,0,0,0,0,0,0,0,0,0,0,0,0,0,0
squares,linear,150,0.1,25,3806,3794,3806,1,3794,1,0,0,0,0,0,0,0,0,0,0,0,0,0,0,0,0,24,0.0063058328954282714,12,0.0031628887717448603,0,3782,0.9936941671045717,3782,0.99683711122825513,0,0,0,0,0,0,0,0,0,0,0,0,0,0,0,0
squares,linear,150,0.2,25,3856,3840,3856,1,3840,1,0,0,0,0,0,0,0,0,0,0,0,0,0,0,0,0,32,0.0082987551867219917,16,0.0041666666666666666,0,3824,0.99170124481327804,3824,0.99583333333333335,0,4,0.001037344398340249,4,0.0010416666666666667,4,0,0,0,0,0,0,0,0,0,0
squares,linear,150,0.3,25,3916,3901,3916,1,3901,1,0,0,0,0,0,0,0,0,0,0,0,0,0,0,0,0,30,0.0076608784473953017,15,0.0038451679056652139,0,3886,0.99233912155260473,3886,0.99615483209433475,0,3,0.0007660878447395301,3,0.00076903358113304286,3,0,0,0,0,0,0,0,0,0,0
squares,linear,50,0,25,1257,1238,1257,1,1238,1,0,0,0,0,0,0,0,0,0,0,0,0,0,0,0,0,38,0.030230708035003977,19,0.015347334410339256,0,1219,0.96976929196499606,1219,0.98465266558966069,0,0,0,0,0,0,0,0,0,0,0,0,0,0,0,0
squares,linear,50,0.05,25,1258,1236,1258,1,1236,1,0,0,0,0,0,0,0,0,0,0,0,0,0,0,0,0,44,0.034976152623211444,22,0.017799352750809062,0,1214,0.96502384737678859,1214,0.98220064724919098,0,0,0,0,0,0,0,0,0,0,0,0,0,0,0,0
squares,linear,50,0.1,25,1257,1236,1257,1,1236,1,0,0,0,0,0,0,0,0,0,0,0,0,0,0,0,0,42,0.033412887828162291,21,0.016990291262135922,0,1215,0.96658711217183768,1215,0.98300970873786409,0,0,0,0,0,0,0,0,0,0,0,0,0,0,0,0
squares,linear,50,0.2,25,1269,1250,1269,1,1250,1,0,0,0,0,0,0,0,0,0,0,0,0,0,0,0,0,38,0.029944838455476755,19,0.0152,0,1231,0.9700551615445232,1231,0.98480000000000001,0,2,0.0015760441292356187,2,0.0016000000000000001,2,0,0,0,0,0,0,0,0,0,0
squares,linear,50,0.3,25,1290,1273,1290,1,1273,1,0,0,0,0,0,0,0,0,0,0,0,0,0,0,0,0,34,0.026356589147286821,17,0.013354281225451689,0,1256,0.97364341085271322,1256,0.98664571877454832,0,3,0.0023255813953488372,3,0.0023566378633150041,3,0,0,0,0,0,0,0,0,0,0
squares,linear,64,0,25,1603,1592,1603,1,1592,1,0,0,0,0,0,0,0,0,0,0,0,0,0,0,0,0,22,0.013724266999376169,11,0.0069095477386934678,0,1581,0.98627573300062388,1581,0.99309045226130654,0,0,0,0,0,0,0,0,0,0,0,0,0,0,0,0
squares,linear,64,0.05,25,1605,1594,1605,1,1594,1,0,0,0,0,0,0,0,0,0,0,0,0,0,0,0,0,22,0.013707165109034268,11,0.0069008782936010038,0,1583,0.98629283489096575,1583,0.99309912170639902,0,0,0,0,0,0,0,0,0,0,0,0,0,0,0,0
squares,linear,64,0.1,25,1606,1594,1606,1,1594,1,0,0,0,0,0,0,0,0,0,0,0,0,0,0,0,0,24,0.014943960149439602,12,0.0075282308657465494,0,1582,0.98505603985056045,1582,0.9924717691342535,0,0,0,0,0,0,0,0,0,0,0,0,0,0,0,0
squares,linear,64,0.2,25,1616,1600,1616,1,1600,1,0,0,0,0,0,0,0,0,0,0,0,0,0,0,0,0,32,0.019801980198019802,16,0.01,0,1584,0.98019801980198018,1584,0.98999999999999999,0,0,0,0,0,0,0,0,0,0,0,0,0,0,0,0
squares,linear,64,0.3,25,1652,1639,1652,1,1639,1,0,0,0,0,0,0,0,0,0,0,0,0,0,0,0,0,26,0.015738498789346248,13,0.0079316656497864547,0,1626,0.9842615012106537,1626,0.99206833435021358,0,3,0.0018159806295399517,3,0.0018303843807199512,3,0,0,0,0,0,0,0,0,0,0
squares,linear+corner,100,0,25,2525,2512,2215,0.87722772277227723,2215,0.88176751592356684,0,0,0,0,0,0,310,0.12277227722772277,297,0.11823248407643312,0,0,0,0,0,0,26,0.010297029702970298,13,0.0051751592356687895,0,2499,0.98970297029702969,2499,0.9948248407643312,0,0,0,0,0,0,0,0,0,0,0,0,0,0,0,0
squares,linear+corner,100,0.05,25,2520,2504,2205,0.875,2205,0.88059105431309903,0,0,0,0,0,0,315,0.125,299,0.11940894568690096,0,0,0,0,0,0,32,0.012698412698412698,16,0.0063897763578274758,0,2488,0.98730158730158735,2488,0.99361022364217255,0,0,0,0,0,0,0,0,0,0,0,0,0,0,0,0
squares,linear+corner,100,0.1,25,2519,2502,2202,0.8741564112743152,2202,0.88009592326139086,0,0,0,0,0,0,317,0.1258435887256848,300,0.11990407673860912,0,0,0,0,0,0,34,0.013497419610956728,17,0.0067945643485211827,0,2485,0.98650258038904326,2485,0.99320543565147879,0,0,0,0,0,0,0,0,0,0,0,0,0,0,0,0
squares,linear+corner,100,0.2,25,2540,2522,2223,0.87519685039370076,2223,0.88144329896907214,0,0,0,0,0,0,317,0.12480314960629921,299,0.11855670103092783,0,0,0,0,0,0,36,0.014173228346456693,18,0.0071371927042030133,0,2504,0.98582677165354327,2504,0.99286280729579701,0,2,0.0007874015748031496,2,0.00079302141157811261,2,0,0,0,0,0,0,0,0,0,0
squares,linear+corner,100,0.3,25,2577,2557,2254,0.87466045789677915,2253,0.88111067657411024,0,0,0,0,0,0,323,0.12533954210322079,304,0.11888932342588972,0,0,0,0,0,0,40,0.015521924718665115,20,0.0078216660148611658,0,2537,0.98447807528133491,2537,0.99217833398513888,0,1,0.00038804811796662784,1,0.00039108330074305825,1,0,0,0,0,0,0,0,0,0,0
squares,linear+corner,128,0,25,3230,3216,2917,0.90309597523219809,2917,0.90702736318407962,0,0,0,0,0,0,313,0.096904024767801855,299,0.092972636815920398,0,0,0,0,0,0,28,0.0086687306501547993,14,0.0043532338308457713,0,3202,0.99133126934984517,3202,0.99564676616915426,0,0,0,0,0,0,0,0,0,0,0,0,0,0,0,0
squares,linear+corner,128,0.05,25,3230,3214,2915,0.9024767801857585,2915,0.90696950840074675,0,0,0,0,0,0,315,0.097523219814241488,299,0.093030491599253265,0,0,0,0,0,0,32,0.0099071207430340563,16,0.0049782202862476664,0,3198,0.99009287925696599,3198,0.99502177971375239,0,0,0,0,0,0,0,0,0,0,0,0,0,0,0,0
squares,linear+corner,128,0.1,25,3238,3222,2923,0.90271772699197039,2923,0.90720049658597146,0,0,0,0,0,0,315,0.097282273008029649,299,0.092799503414028553,0,0,0,0,0,0,32,0.0098826436071649173,16,0.0049658597144630664,0,3206,0.99011735639283505,3206,0.99503414028553694,0,0,0,0,0,0,0,0,0,0,0,0,0,0,0,0
squares,linear+corner,128,0.2,25,3272,3256,2956,0.9034229828850856,2956,0.90786240786240791,0,0,0,0,0,0,316,0.096577017114914426,300,0.092137592137592136,0,0,0,0,0,0,32,0.0097799511002444987,16,0.0049140049140049139,0,3240,0.99022004889975546,3240,0.99508599508599505,0,0,0,0,0,0,0,0,0,0,0,0,0,0,0,0
squares,linear+corner,128,0.3,25,3348,3330,3030,0.90501792114695345,3029,0.90960960960960957,0,0,0,0,0,0,318,0.094982078853046589,301,0.090390390390390388,0,0,0,0,0,0,36,0.010752688172043012,18,0.0054054054054054057,0,3312,0.989247311827957,3312,0.99459459459459465,0,4,0.0011947431302270011,4,0.0012012012012012011,4,0,0,0,0,0,0,0,0,0,0
squares,linear+corner,150,0,25,3793,3778,3479,0.91721592407065644,3479,0.92085759661196398,0,0,0,0,0,0,314,0.082784075929343531,299,0.079142403388035992,0,0,0,0,0,0,30,0.0079093066174532028,15,0.0039703546850185286,0,3763,0.99209069338254685,3763,0.9960296453149815,0,0,0,0,0,0,0,0,0,0,0,0,0,0,0,0
squares,linear+corner,150,0.05,25,3798,3786,3488,0.91837809373354395,3488,0.9212889593238246,0,0,0,0,0,0,310,0.081621906266456032,298,0.078711040676175389,0,0,0,0,0,0,24,0.0063191153238546603,12,0.0031695721077654518,0,3774,0.99368088467614535,3774,0.99683042789223453,0,0,0,0,0,0,0,0,0,0,0,0,0,0,0,0
squares,linear+corner,150,0.1,25,3806,3794,3497,0.91881240147136101,3497,0.92171850289931467,0,0,0,0,0,0,309,0.081187598528638993,297,0.078281497100685299,0,0,0,0,0,0,24,0.0063058328954282714,12,0.0031628887717448603,0,3782,0.9936941671045717,3782,0.99683711122825513,0,0,0,0,0,0,0,0,0,0,0,0,0,0,0,0
squares,linear+corner,150,0.2,25,3856,3840,3540,0.91804979253112029,3540,0.921875,0,0,0,0,0,0,316,0.081950207468879668,300,0.078125,0,0,0,0,0,0,32,0.0082987551867219917,16,0.0041666666666666666,0,3824,0.99170124481327804,3824,0.99583333333333335,0,4,0.001037344398340249,4,0.0010416666666666667,4,0,0,0,0,0,0,0,0,0,0
squares,linear+corner,150,0.3,25,3916,3901,3604,0.92032686414708886,3604,0.92386567546782872,0,0,0,0,0,0,312,0.079673135852911137,297,0.076134324532171241,0,0,0,0,0,0,30,0.0076608784473953017,15,0.0038451679056652139,0,3886,0.99233912155260473,3886,0.99615483209433475,0,3,0.0007660878447395301,3,0.00076903358113304286,3,0,0,0,0,0,0,0,0,0,0
squares,linear+corner,50,0,25,1257,1238,940,0.74781225139220364,940,0.75928917609046853,0,0,0,0,0,0,317,0.25218774860779636,298,0.2407108239095315,0,0,0,0,0,0,38,0.030230708035003977,19,0.015347334410339256,0,1219,0.96976929196499606,1219,0.98465266558966069,0,0,0,0,0,0,0,0,0,0,0,0,0,0,0,0
squares,linear+corner,50,0.05,25,1258,1236,939,0.74642289348171698,939,0.75970873786407767,0,0,0,0,0,0,319,0.25357710651828297,297,0.24029126213592233,0,0,0,0,0,0,44,0.034976152623211444,22,0.017799352750809062,0,1214,0.96502384737678859,1214,0.98220064724919098,0,0,0,0,0,0,0,0,0,0,0,0,0,0,0,0
squares,linear+corner,50,0.1,25,1257,1236,938,0.74622116149562445,938,0.75889967637540456,0,0,0,0,0,0,319,0.25377883850437549,298,0.24110032362459546,0,0,0,0,0,0,42,0.033412887828162291,21,0.016990291262135922,0,1215,0.96658711217183768,1215,0.98300970873786409,0,0,0,0,0,0,0,0,0,0,0,0,0,0,0,0
squares,linear+corner,50,0.2,25,1269,1250,950,0.7486209613869188,950,0.76000000000000001,0,0,0,0,0,0,319,0.25137903861308114,300,0.23999999999999999,0,0,0,0,0,0,38,0.029944838455476755,19,0.0152,0,1231,0.9700551615445232,1231,0.98480000000000001,0,2,0.0015760441292356187,2,0.0016000000000000001,2,0,0,0,0,0,0,0,0,0,0
squares,linear+corner,50,0.3,25,1290,1273,976,0.75658914728682169,975,0.7659073055773763,0,0,0,0,0,0,314,0.24341085271317831,298,0.23409269442262373,0,0,0,0,0,0,34,0.026356589147286821,17,0.013354281225451689,0,1256,0.97364341085271322,1256,0.98664571877454832,0,3,0.0023255813953488372,3,0.0023566378633150041,3,0,0,0,0,0,0,0,0,0,0
squares,linear+corner,64,0,25,1603,1592,1292,0.80598877105427325,1292,0.81155778894472363,0,0,0,0,0,0,311,0.19401122894572675,300,0.18844221105527639,0,0,0,0,0,0,22,0.013724266999376169,11,0.0069095477386934678,0,1581,0.98627573300062388,1581,0.99309045226130654,0,0,0,0,0,0,0,0,0,0,0,0,0,0,0,0
squares,linear+corner,64,0.05,25,1605,1594,1295,0.80685358255451711,1295,0.81242158092848182,0,0,0,0,0,0,310,0.19314641744548286,299,0.1875784190715182,0,0,0,0,0,0,22,0.013707165109034268,11,0.0069008782936010038,0,1583,0.98629283489096575,1583,0.99309912170639902,0,0,0,0,0,0,0,0,0,0,0,0,0,0,0,0
squares,linear+corner,64,0.1,25,1606,1594,1294,0.80572851805728518,1294,0.8117942283563363,0,0,0,0,0,0,312,0.19427148194271482,300,0.18820577164366373,0,0,0,0,0,0,24,0.014943960149439602,12,0.0075282308657465494,0,1582,0.98505603985056045,1582,0.9924717691342535,0,0,0,0,0,0,0,0,0,0,0,0,0,0,0,0
squares,linear+corner,64,0.2,25,1616,1600,1301,0.80507425742574257,1301,0.81312499999999999,0,0,0,0,0,0,315,0.19492574257425743,299,0.18687500000000001,0,0,0,0,0,0,32,0.019801980198019802,16,0.01,0,1584,0.98019801980198018,1584,0.98999999999999999,0,0,0,0,0,0,0,0,0,0,0,0,0,0,0,0
squares,linear+corner,64,0.3,25,1652,1639,1339,0.81053268765133168,1339,0.81696156192800484,0,0,0,0,0,0,313,0.18946731234866829,300,0.18303843807199513,0,0,0,0,0,0,26,0.015738498789346248,13,0.0079316656497864547,0,1626,0.9842615012106537,1626,0.99206833435021358,0,3,0.0018159806295399517,3,0.0018303843807199512,3,0,0,0,0,0,0,0,0,0,0
squares,safe_circle,100,0,25,2525,2525,2294,0.90851485148514854,2294,0.90851485148514854,0,231,0.091485148514851483,231,0.091485148514851483,0,0,0,0,0,0,0,0,0,0,0,0,0,0,0,0,2525,1,2525,1,0,83,0.032871287128712873,83,0.032871287128712873,83,0,0,0,0,0,27,0.010693069306930694,27,0.010693069306930694,27
squares,safe_circle,100,0.05,25,2520,2520,2285,0.90674603174603174,2285,0.90674603174603174,0,235,0.093253968253968256,235,0.093253968253968256,0,0,0,0,0,0,0,0,0,0,0,0,0,0,0,0,2520,1,2520,1,0,81,0.03214285714285714,81,0.03214285714285714,81,0,0,0,0,0,23,0.0091269841269841275,23,0.0091269841269841275,23
squares,safe_circle,100,0.1,25,2519,2519,2276,0.90353314807463281,2276,0.90353314807463281,0,243,0.096466851925367206,243,0.096466851925367206,0,0,0,0,0,0,0,0,0,0,0,0,0,0,0,0,2519,1,2519,1,0,78,0.030964668519253672,78,0.030964668519253672,78,0,0,0,0,0,19,0.0075426756649464074,19,0.0075426756649464074,19
squares,safe_circle,100,0.2,25,2540,2540,2298,0.90472440944881893,2298,0.90472440944881893,0,242,0.095275590551181108,242,0.095275590551181108,0,0,0,0,0,0,0,0,0,0,0,0,0,0,0,0,2540,1,2540,1,0,110,0.043307086614173228,110,0.043307086614173228,110,0,0,0,0,0,16,0.0062992125984251968,16,0.0062992125984251968,16
squares,safe_circle,100,0.3,25,2577,2577,2338,0.90725649980597589,2338,0.90725649980597589,0,239,0.092743500194024053,239,0.092743500194024053,0,0,0,0,0,0,0,0,0,0,0,0,0,0,0,0,2577,1,2577,1,0,159,0.061699650756693827,159,0.061699650756693827,159,0,0,0,0,0,18,0.0069848661233993014,18,0.0069848661233993014,18
squares,safe_circle,128,0,25,3230,3230,2995,0.9272445820433437,2995,0.9272445820433437,0,235,0.07275541795665634,235,0.07275541795665634,0,0,0,0,0,0,0,0,0,0,0,0,0,0,0,0,3230,1,3230,1,0,72,0.022291021671826627,72,0.022291021671826627,72,0,0,0,0,0,29,0.0089783281733746122,29,0.0089783281733746122,29
squares,safe_circle,128,0.05,25,3230,3230,2992,0.9263157894736842,2992,0.9263157894736842,0,238,0.073684210526315783,238,0.073684210526315783,0,0,0,0,0,0,0,0,0,0,0,0,0,0,0,0,3230,1,3230,1,0,75,0.023219814241486069,75,0.023219814241486069,75,0,0,0,0,0,22,0.0068111455108359137,22,0.0068111455108359137,22
squares,safe_circle,128,0.1,25,3238,3238,2996,0.92526250772081531,2996,0.92526250772081531,0,242,0.074737492279184678,242,0.074737492279184678,0,0,0,0,0,0,0,0,0,0,0,0,0,0,0,0,3238,1,3238,1,0,83,0.025633106856084002,83,0.025633106856084002,83,0,0,0,0,0,20,0.0061766522544780727,20,0.0061766522544780727,20
squares,safe_circle,128,0.2,25,3272,3272,3029,0.92573349633251834,3029,0.92573349633251834,0,243,0.074266503667481665,243,0.074266503667481665,0,0,0,0,0,0,0,0,0,0,0,0,0,0,0,0,3272,1,3272,1,0,122,0.03728606356968215,122,0.03728606356968215,122,0,0,0,0,0,18,0.0055012224938875308,18,0.0055012224938875308,18
squares,safe_circle,128,0.3,25,3348,3348,3118,0.93130227001194743,3118,0.93130227001194743,0,230,0.068697729988052569,230,0.068697729988052569,0,0,0,0,0,0,0,0,0,0,0,0,0,0,0,0,3348,1,3348,1,0,225,0.067204301075268813,225,0.067204301075268813,225,0,0,0,0,0,20,0.0059737156511350063,20,0.0059737156511350063,20
squares,safe_circle,150,0,25,3793,3793,3550,0.93593461639862907,3550,0.93593461639862907,0,243,0.064065383601370943,243,0.064065383601370943,0,0,0,0,0,0,0,0,0,0,0,0,0,0,0,0,3793,1,3793,1,0,78,0.020564197205378328,78,0.020564197205378328,78,0,0,0,0,0,18,0.0047455839704719218,18,0.0047455839704719218,18
squares,safe_circle,150,0.05,25,3798,3798,3560,0.93733543970510791,3560,0.93733543970510791,0,238,0.062664560294892049,238,0.062664560294892049,0,0,0,0,0,0,0,0,0,0,0,0,0,0,0,0,3798,1,3798,1,0,85,0.02238020010531859,85,0.02238020010531859,85,0,0,0,0,0,20,0.0052659294365455505,20,0.0052659294365455505,20
squares,safe_circle,150,0.1,25,3806,3806,3574,0.93904361534419334,3574,0.93904361534419334,0,232,0.06095638465580662,232,0.06095638465580662,0,0,0,0,0,0,0,0,0,0,0,0,0,0,0,0,3806,1,3806,1,0,97,0.025486074619022595,97,0.025486074619022595,97,0,0,0,0,0,26,0.0068313189700472936,26,0.0068313189700472936,26
squares,safe_circle,150,0.2,25,3856,3856,3624,0.93983402489626555,3624,0.93983402489626555,0,232,0.060165975103734441,232,0.060165975103734441,0,0,0,0,0,0,0,0,0,0,0,0,0,0,0,0,3856,1,3856,1,0,166,0.043049792531120332,166,0.043049792531120332,166,0,0,0,0,0,16,0.0041493775933609959,16,0.0041493775933609959,16
squares,safe_circle,150,0.3,25,3916,3916,3700,0.94484167517875384,3700,0.94484167517875384,0,216,0.05515832482124617,216,0.05515832482124617,0,0,0,0,0,0,0,0,0,0,0,0,0,0,0,0,3916,1,3916,1,0,242,0.061797752808988762,242,0.061797752808988762,242,0,0,0,0,0,32,0.008171603677221655,32,0.008171603677221655,32
squares,safe_circle,50,0,25,1257,1257,1022,0.81304693715194909,1022,0.81304693715194909,0,235,0.18695306284805091,235,0.18695306284805091,0,0,0,0,0,0,0,0,0,0,0,0,0,0,0,0,1257,1,1257,1,0,94,0.074781225139220364,94,0.074781225139220364,94,0,0,0,0,0,16,0.012728719172633254,16,0.012728719172633254,16
squares,safe_circle,50,0.05,25,1258,1258,1019,0.81001589825119236,1019,0.81001589825119236,0,239,0.18998410174880764,239,0.18998410174880764,0,0,0,0,0,0,0,0,0,0,0,0,0,0,0,0,1258,1,1258,1,0,97,0.077106518282988867,97,0.077106518282988867,97,0,0,0,0,0,14,0.011128775834658187,14,0.011128775834658187,14
squares,safe_circle,50,0.1,25,1257,1257,1019,0.8106603023070803,1019,0.8106603023070803,0,238,0.18933969769291964,238,0.18933969769291964,0,0,0,0,0,0,0,0,0,0,0,0,0,0,0,0,1257,1,1257,1,0,95,0.075576770087509945,95,0.075576770087509945,95,0,0,0,0,0,15,0.011933174224343675,15,0.011933174224343675,15
squares,safe_circle,50,0.2,25,1269,1269,1030,0.81166272655634353,1030,0.81166272655634353,0,239,0.18833727344365642,239,0.18833727344365642,0,0,0,0,0,0,0,0,0,0,0,0,0,0,0,0,1269,1,1269,1,0,108,0.085106382978723402,108,0.085106382978723402,108,0,0,0,0,0,10,0.0078802206461780922,10,0.0078802206461780922,10
squares,safe_circle,50,0.3,25,1290,1290,1056,0.81860465116279069,1056,0.81860465116279069,0,234,0.18139534883720931,234,0.18139534883720931,0,0,0,0,0,0,0,0,0,0,0,0,0,0,0,0,1290,1,1290,1,0,137,0.1062015503875969,137,0.1062015503875969,137,0,0,0,0,0,17,0.013178294573643411,17,0.013178294573643411,17
squares,safe_circle,64,0,25,1603,1603,1363,0.85028072364316909,1363,0.85028072364316909,0,240,0.14971927635683094,240,0.14971927635683094,0,0,0,0,0,0,0,0,0,0,0,0,0,0,0,0,1603,1,1603,1,0,80,0.049906425452276984,80,0.049906425452276984,80,0,0,0,0,0,19,0.011852776044915784,19,0.011852776044915784,19
squares,safe_circle,64,0.05,25,1605,1605,1355,0.84423676012461057,1355,0.84423676012461057,0,250,0.1557632398753894,250,0.1557632398753894,0,0,0,0,0,0,0,0,0,0,0,0,0,0,0,0,1605,1,1605,1,0,72,0.044859813084112146,72,0.044859813084112146,72,0,0,0,0,0,14,0.0087227414330218068,14,0.0087227414330218068,14
squares,safe_circle,64,0.1,25,1606,1606,1361,0.84744707347447068,1361,0.84744707347447068,0,245,0.15255292652552926,245,0.15255292652552926,0,0,0,0,0,0,0,0,0,0,0,0,0,0,0,0,1606,1,1606,1,0,71,0.044209215442092158,71,0.044209215442092158,71,0,0,0,0,0,23,0.014321295143212951,23,0.014321295143212951,23
squares,safe_circle,64,0.2,25,1616,1616,1362,0.84282178217821779,1362,0.84282178217821779,0,254,0.15717821782178218,254,0.15717821782178218,0,0,0,0,0,0,0,0,0,0,0,0,0,0,0,0,1616,1,1616,1,0,81,0.050123762376237627,81,0.050123762376237627,81,0,0,0,0,0,11,0.0068069306930693069,11,0.0068069306930693069,11
squares,safe_circle,64,0.3,25,1652,1652,1406,0.85108958837772397,1406,0.85108958837772397,0,246,0.14891041162227603,246,0.14891041162227603,0,0,0,0,0,0,0,0,0,0,0,0,0,0,0,0,1652,1,1652,1,0,122,0.073849878934624691,122,0.073849878934624691,122,0,0,0,0,0,15,0.0090799031476997572,15,0.0090799031476997572,15
squares,safe_linear,100,0,25,2525,2525,2525,1,2525,1,0,0,0,0,0,0,0,0,0,0,0,0,0,0,0,0,0,0,0,0,0,2525,1,2525,1,0,0,0,0,0,0,0,0,0,0,0,0,0,0,0,0
squares,safe_linear,100,0.05,25,2520,2520,2520,1,2520,1,0,0,0,0,0,0,0,0,0,0,0,0,0,0,0,0,0,0,0,0,0,2520,1,2520,1,0,0,0,0,0,0,0,0,0,0,0,0,0,0,0,0
squares,safe_linear,100,0.1,25,2519,2519,2519,1,2519,1,0,0,0,0,0,0,0,0,0,0,0,0,0,0,0,0,0,0,0,0,0,2519,1,2519,1,0,0,0,0,0,0,0,0,0,0,0,0,0,0,0,0
squares,safe_linear,100,0.2,25,2540,2540,2540,1,2540,1,0,0,0,0,0,0,0,0,0,0,0,0,0,0,0,0,0,0,0,0,0,2540,1,2540,1,0,0,0,0,0,0,0,0,0,0,0,0,0,0,0,0
squares,safe_linear,100,0.3,25,2577,2577,2577,1,2577,1,0,0,0,0,0,0,0,0,0,0,0,0,0,0,0,0,0,0,0,0,0,2577,1,2577,1,0,0,0,0,0,0,0,0,0,0,0,0,0,0,0,0
squares,safe_linear,128,0,25,3230,3230,3230,1,3230,1,0,0,0,0,0,0,0,0,0,0,0,0,0,0,0,0,0,0,0,0,0,3230,1,3230,1,0,0,0,0,0,0,0,0,0,0,0,0,0,0,0,0
squares,safe_linear,128,0.05,25,3230,3230,3230,1,3230,1,0,0,0,0,0,0,0,0,0,0,0,0,0,0,0,0,0,0,0,0,0,3230,1,3230,1,0,0,0,0,0,0,0,0,0,0,0,0,0,0,0,0
squares,safe_linear,128,0.1,25,3238,3238,3238,1,3238,1,0,0,0,0,0,0,0,0,0,0,0,0,0,0,0,0,0,0,0,0,0,3238,1,3238,1,0,0,0,0,0,0,0,0,0,0,0,0,0,0,0,0
squares,safe_linear,128,0.2,25,3272,3272,3272,1,3272,1,0,0,0,0,0,0,0,0,0,0,0,0,0,0,0,0,0,0,0,0,0,3272,1,3272,1,0,0,0,0,0,0,0,0,0,0,0,0,0,0,0,0
squares,safe_linear,128,0.3,25,3348,3348,3348,1,3348,1,0,0,0,0,0,0,0,0,0,0,0,0,0,0,0,0,0,0,0,0,0,3348,1,3348,1,0,0,0,0,0,0,0,0,0,0,0,0,0,0,0,0
squares,safe_linear,150,0,25,3793,3793,3793,1,3793,1,0,0,0,0,0,0,0,0,0,0,0,0,0,0,0,0,0,0,0,0,0,3793,1,3793,1,0,0,0,0,0,0,0,0,0,0,0,0,0,0,0,0
squares,safe_linear,150,0.05,25,3798,3798,3798,1,3798,1,0,0,0,0,0,0,0,0,0,0,0,0,0,0,0,0,0,0,0,0,0,3798,1,3798,1,0,0,0,0,0,0,0,0,0,0,0,0,0,0,0,0
squares,safe_linear,150,0.1,25,3806,3806,3806,1,3806,1,0,0,0,0,0,0,0,0,0,0,0,0,0,0,0,0,0,0,0,0,0,3806,1,3806,1,0,0,0,0,0,0,0,0,0,0,0,0,0,0,0,0
squares,safe_linear,150,0.2,25,3856,3856,3856,1,3856,1,0,0,0,0,0,0,0,0,0,0,0,0,0,0,0,0,0,0,0,0,0,3856,1,3856,1,0,0,0,0,0,0,0,0,0,0,0,0,0,0,0,0
squares,safe_linear,150,0.3,25,3916,3916,3916,1,3916,1,0,0,0,0,0,0,0,0,0,0,0,0,0,0,0,0,0,0,0,0,0,3916,1,3916,1,0,0,0,0,0,0,0,0,0,0,0,0,0,0,0,0
squares,safe_linear,50,0,25,1257,1257,1257,1,1257,1,0,0,0,0,0,0,0,0,0,0,0,0,0,0,0,0,0,0,0,0,0,1257,1,1257,1,0,0,0,0,0,0,0,0,0,0,0,0,0,0,0,0
squares,safe_linear,50,0.05,25,1258,1258,1258,1,1258,1,0,0,0,0,0,0,0,0,0,0,0,0,0,0,0,0,0,0,0,0,0,1258,1,1258,1,0,0,0,0,0,0,0,0,0,0,0,0,0,0,0,0
squares,safe_linear,50,0.1,25,1257,1257,1257,1,1257,1,0,0,0,0,0,0,0,0,0,0,0,0,0,0,0,0,0,0,0,0,0,1257,1,1257,1,0,0,0,0,0,0,0,0,0,0,0,0,0,0,0,0
squares,safe_linear,50,0.2,25,1269,1269,1269,1,1269,1,0,0,0,0,0,0,0,0,0,0,0,0,0,0,0,0,0,0,0,0,0,1269,1,1269,1,0,0,0,0,0,0,0,0,0,0,0,0,0,0,0,0
squares,safe_linear,50,0.3,25,1290,1290,1290,1,1290,1,0,0,0,0,0,0,0,0,0,0,0,0,0,0,0,0,0,0,0,0,0,1290,1,1290,1,0,0,0,0,0,0,0,0,0,0,0,0,0,0,0,0
squares,safe_linear,64,0,25,1603,1603,1603,1,1603,1,0,0,0,0,0,0,0,0,0,0,0,0,0,0,0,0,0,0,0,0,0,1603,1,1603,1,0,0,0,0,0,0,0,0,0,0,0,0,0,0,0,0
squares,safe_linear,64,0.05,25,1605,1605,1605,1,1605,1,0,0,0,0,0,0,0,0,0,0,0,0,0,0,0,0,0,0,0,0,0,1605,1,1605,1,0,0,0,0,0,0,0,0,0,0,0,0,0,0,0,0
squares,safe_linear,64,0.1,25,1606,1606,1606,1,1606,1,0,0,0,0,0,0,0,0,0,0,0,0,0,0,0,0,0,0,0,0,0,1606,1,1606,1,0,0,0,0,0,0,0,0,0,0,0,0,0,0,0,0
squares,safe_linear,64,0.2,25,1616,1616,1616,1,1616,1,0,0,0,0,0,0,0,0,0,0,0,0,0,0,0,0,0,0,0,0,0,1616,1,1616,1,0,0,0,0,0,0,0,0,0,0,0,0,0,0,0,0
squares,safe_linear,64,0.3,25,1652,1652,1652,1,1652,1,0,0,0,0,0,0,0,0,0,0,0,0,0,0,0,0,0,0,0,0,0,1652,1,1652,1,0,0,0,0,0,0,0,0,0,0,0,0,0,0,0,0
zalesak,ELVIRA,100,0,25,4545,4545,4545,1,4545,1,0,0,0,0,0,0,0,0,0,0,0,0,0,0,0,0,0,0,0,0,0,4545,1,4545,1,0,0,0,0,0,0,0,0,0,0,0,0,0,0,0,0
zalesak,ELVIRA,100,0.05,25,4549,4549,4549,1,4549,1,0,0,0,0,0,0,0,0,0,0,0,0,0,0,0,0,0,0,0,0,0,4549,1,4549,1,0,0,0,0,0,0,0,0,0,0,0,0,0,0,0,0
zalesak,ELVIRA,100,0.1,25,4576,4576,4576,1,4576,1,0,0,0,0,0,0,0,0,0,0,0,0,0,0,0,0,0,0,0,0,0,4576,1,4576,1,0,0,0,0,0,0,0,0,0,0,0,0,0,0,0,0
zalesak,ELVIRA,100,0.2,25,4630,4630,4630,1,4630,1,0,0,0,0,0,0,0,0,0,0,0,0,0,0,0,0,0,0,0,0,0,4630,1,4630,1,0,0,0,0,0,0,0,0,0,0,0,0,0,0,0,0
zalesak,ELVIRA,100,0.3,25,4706,4706,4706,1,4706,1,0,0,0,0,0,0,0,0,0,0,0,0,0,0,0,0,0,0,0,0,0,4706,1,4706,1,0,0,0,0,0,0,0,0,0,0,0,0,0,0,0,0
zalesak,ELVIRA,128,0,25,5816,5816,5816,1,5816,1,0,0,0,0,0,0,0,0,0,0,0,0,0,0,0,0,0,0,0,0,0,5816,1,5816,1,0,0,0,0,0,0,0,0,0,0,0,0,0,0,0,0
zalesak,ELVIRA,128,0.05,25,5823,5823,5823,1,5823,1,0,0,0,0,0,0,0,0,0,0,0,0,0,0,0,0,0,0,0,0,0,5823,1,5823,1,0,0,0,0,0,0,0,0,0,0,0,0,0,0,0,0
zalesak,ELVIRA,128,0.1,25,5842,5842,5842,1,5842,1,0,0,0,0,0,0,0,0,0,0,0,0,0,0,0,0,0,0,0,0,0,5842,1,5842,1,0,0,0,0,0,0,0,0,0,0,0,0,0,0,0,0
zalesak,ELVIRA,128,0.2,25,5911,5911,5911,1,5911,1,0,0,0,0,0,0,0,0,0,0,0,0,0,0,0,0,0,0,0,0,0,5911,1,5911,1,0,0,0,0,0,0,0,0,0,0,0,0,0,0,0,0
zalesak,ELVIRA,128,0.3,25,6020,6020,6020,1,6020,1,0,0,0,0,0,0,0,0,0,0,0,0,0,0,0,0,0,0,0,0,0,6020,1,6020,1,0,0,0,0,0,0,0,0,0,0,0,0,0,0,0,0
zalesak,ELVIRA,150,0,25,6830,6830,6830,1,6830,1,0,0,0,0,0,0,0,0,0,0,0,0,0,0,0,0,0,0,0,0,0,6830,1,6830,1,0,0,0,0,0,0,0,0,0,0,0,0,0,0,0,0
zalesak,ELVIRA,150,0.05,25,6835,6835,6835,1,6835,1,0,0,0,0,0,0,0,0,0,0,0,0,0,0,0,0,0,0,0,0,0,6835,1,6835,1,0,0,0,0,0,0,0,0,0,0,0,0,0,0,0,0
zalesak,ELVIRA,150,0.1,25,6859,6859,6859,1,6859,1,0,0,0,0,0,0,0,0,0,0,0,0,0,0,0,0,0,0,0,0,0,6859,1,6859,1,0,0,0,0,0,0,0,0,0,0,0,0,0,0,0,0
zalesak,ELVIRA,150,0.2,25,6943,6943,6943,1,6943,1,0,0,0,0,0,0,0,0,0,0,0,0,0,0,0,0,0,0,0,0,0,6943,1,6943,1,0,0,0,0,0,0,0,0,0,0,0,0,0,0,0,0
zalesak,ELVIRA,150,0.3,25,7040,7040,7040,1,7040,1,0,0,0,0,0,0,0,0,0,0,0,0,0,0,0,0,0,0,0,0,0,7040,1,7040,1,0,0,0,0,0,0,0,0,0,0,0,0,0,0,0,0
zalesak,ELVIRA,50,0,25,2266,2266,2266,1,2266,1,0,0,0,0,0,0,0,0,0,0,0,0,0,0,0,0,0,0,0,0,0,2266,1,2266,1,0,0,0,0,0,0,0,0,0,0,0,0,0,0,0,0
zalesak,ELVIRA,50,0.05,25,2268,2268,2268,1,2268,1,0,0,0,0,0,0,0,0,0,0,0,0,0,0,0,0,0,0,0,0,0,2268,1,2268,1,0,0,0,0,0,0,0,0,0,0,0,0,0,0,0,0
zalesak,ELVIRA,50,0.1,25,2277,2277,2277,1,2277,1,0,0,0,0,0,0,0,0,0,0,0,0,0,0,0,0,0,0,0,0,0,2277,1,2277,1,0,0,0,0,0,0,0,0,0,0,0,0,0,0,0,0
zalesak,ELVIRA,50,0.2,25,2299,2299,2299,1,2299,1,0,0,0,0,0,0,0,0,0,0,0,0,0,0,0,0,0,0,0,0,0,2299,1,2299,1,0,0,0,0,0,0,0,0,0,0,0,0,0,0,0,0
zalesak,ELVIRA,50,0.3,25,2347,2347,2347,1,2347,1,0,0,0,0,0,0,0,0,0,0,0,0,0,0,0,0,0,0,0,0,0,2347,1,2347,1,0,0,0,0,0,0,0,0,0,0,0,0,0,0,0,0
zalesak,ELVIRA,64,0,25,2905,2905,2905,1,2905,1,0,0,0,0,0,0,0,0,0,0,0,0,0,0,0,0,0,0,0,0,0,2905,1,2905,1,0,0,0,0,0,0,0,0,0,0,0,0,0,0,0,0
zalesak,ELVIRA,64,0.05,25,2906,2906,2906,1,2906,1,0,0,0,0,0,0,0,0,0,0,0,0,0,0,0,0,0,0,0,0,0,2906,1,2906,1,0,0,0,0,0,0,0,0,0,0,0,0,0,0,0,0
zalesak,ELVIRA,64,0.1,25,2913,2913,2913,1,2913,1,0,0,0,0,0,0,0,0,0,0,0,0,0,0,0,0,0,0,0,0,0,2913,1,2913,1,0,0,0,0,0,0,0,0,0,0,0,0,0,0,0,0
zalesak,ELVIRA,64,0.2,25,2951,2951,2951,1,2951,1,0,0,0,0,0,0,0,0,0,0,0,0,0,0,0,0,0,0,0,0,0,2951,1,2951,1,0,0,0,0,0,0,0,0,0,0,0,0,0,0,0,0
zalesak,ELVIRA,64,0.3,25,2985,2985,2985,1,2985,1,0,0,0,0,0,0,0,0,0,0,0,0,0,0,0,0,0,0,0,0,0,2985,1,2985,1,0,0,0,0,0,0,0,0,0,0,0,0,0,0,0,0
zalesak,LVIRA,100,0,25,4545,4545,4545,1,4545,1,0,0,0,0,0,0,0,0,0,0,0,0,0,0,0,0,0,0,0,0,0,4545,1,4545,1,0,0,0,0,0,0,0,0,0,0,0,0,0,0,0,0
zalesak,LVIRA,100,0.05,25,4549,4549,4549,1,4549,1,0,0,0,0,0,0,0,0,0,0,0,0,0,0,0,0,0,0,0,0,0,4549,1,4549,1,0,0,0,0,0,0,0,0,0,0,0,0,0,0,0,0
zalesak,LVIRA,100,0.1,25,4576,4576,4576,1,4576,1,0,0,0,0,0,0,0,0,0,0,0,0,0,0,0,0,0,0,0,0,0,4576,1,4576,1,0,0,0,0,0,0,0,0,0,0,0,0,0,0,0,0
zalesak,LVIRA,100,0.2,25,4630,4630,4630,1,4630,1,0,0,0,0,0,0,0,0,0,0,0,0,0,0,0,0,0,0,0,0,0,4630,1,4630,1,0,0,0,0,0,0,0,0,0,0,0,0,0,0,0,0
zalesak,LVIRA,100,0.3,25,4706,4706,4706,1,4706,1,0,0,0,0,0,0,0,0,0,0,0,0,0,0,0,0,0,0,0,0,0,4706,1,4706,1,0,0,0,0,0,0,0,0,0,0,0,0,0,0,0,0
zalesak,LVIRA,128,0,25,5816,5816,5816,1,5816,1,0,0,0,0,0,0,0,0,0,0,0,0,0,0,0,0,0,0,0,0,0,5816,1,5816,1,0,0,0,0,0,0,0,0,0,0,0,0,0,0,0,0
zalesak,LVIRA,128,0.05,25,5823,5823,5823,1,5823,1,0,0,0,0,0,0,0,0,0,0,0,0,0,0,0,0,0,0,0,0,0,5823,1,5823,1,0,0,0,0,0,0,0,0,0,0,0,0,0,0,0,0
zalesak,LVIRA,128,0.1,25,5842,5842,5842,1,5842,1,0,0,0,0,0,0,0,0,0,0,0,0,0,0,0,0,0,0,0,0,0,5842,1,5842,1,0,0,0,0,0,0,0,0,0,0,0,0,0,0,0,0
zalesak,LVIRA,128,0.2,25,5911,5911,5911,1,5911,1,0,0,0,0,0,0,0,0,0,0,0,0,0,0,0,0,0,0,0,0,0,5911,1,5911,1,0,0,0,0,0,0,0,0,0,0,0,0,0,0,0,0
zalesak,LVIRA,128,0.3,25,6020,6020,6020,1,6020,1,0,0,0,0,0,0,0,0,0,0,0,0,0,0,0,0,0,0,0,0,0,6020,1,6020,1,0,0,0,0,0,0,0,0,0,0,0,0,0,0,0,0
zalesak,LVIRA,150,0,25,6830,6830,6830,1,6830,1,0,0,0,0,0,0,0,0,0,0,0,0,0,0,0,0,0,0,0,0,0,6830,1,6830,1,0,0,0,0,0,0,0,0,0,0,0,0,0,0,0,0
zalesak,LVIRA,150,0.05,25,6835,6835,6835,1,6835,1,0,0,0,0,0,0,0,0,0,0,0,0,0,0,0,0,0,0,0,0,0,6835,1,6835,1,0,0,0,0,0,0,0,0,0,0,0,0,0,0,0,0
zalesak,LVIRA,150,0.1,25,6859,6859,6859,1,6859,1,0,0,0,0,0,0,0,0,0,0,0,0,0,0,0,0,0,0,0,0,0,6859,1,6859,1,0,0,0,0,0,0,0,0,0,0,0,0,0,0,0,0
zalesak,LVIRA,150,0.2,25,6943,6943,6943,1,6943,1,0,0,0,0,0,0,0,0,0,0,0,0,0,0,0,0,0,0,0,0,0,6943,1,6943,1,0,0,0,0,0,0,0,0,0,0,0,0,0,0,0,0
zalesak,LVIRA,150,0.3,25,7040,7040,7040,1,7040,1,0,0,0,0,0,0,0,0,0,0,0,0,0,0,0,0,0,0,0,0,0,7040,1,7040,1,0,0,0,0,0,0,0,0,0,0,0,0,0,0,0,0
zalesak,LVIRA,50,0,25,2266,2266,2266,1,2266,1,0,0,0,0,0,0,0,0,0,0,0,0,0,0,0,0,0,0,0,0,0,2266,1,2266,1,0,0,0,0,0,0,0,0,0,0,0,0,0,0,0,0
zalesak,LVIRA,50,0.05,25,2268,2268,2268,1,2268,1,0,0,0,0,0,0,0,0,0,0,0,0,0,0,0,0,0,0,0,0,0,2268,1,2268,1,0,0,0,0,0,0,0,0,0,0,0,0,0,0,0,0
zalesak,LVIRA,50,0.1,25,2277,2277,2277,1,2277,1,0,0,0,0,0,0,0,0,0,0,0,0,0,0,0,0,0,0,0,0,0,2277,1,2277,1,0,0,0,0,0,0,0,0,0,0,0,0,0,0,0,0
zalesak,LVIRA,50,0.2,25,2299,2299,2299,1,2299,1,0,0,0,0,0,0,0,0,0,0,0,0,0,0,0,0,0,0,0,0,0,2299,1,2299,1,0,0,0,0,0,0,0,0,0,0,0,0,0,0,0,0
zalesak,LVIRA,50,0.3,25,2347,2347,2347,1,2347,1,0,0,0,0,0,0,0,0,0,0,0,0,0,0,0,0,0,0,0,0,0,2347,1,2347,1,0,0,0,0,0,0,0,0,0,0,0,0,0,0,0,0
zalesak,LVIRA,64,0,25,2905,2905,2905,1,2905,1,0,0,0,0,0,0,0,0,0,0,0,0,0,0,0,0,0,0,0,0,0,2905,1,2905,1,0,0,0,0,0,0,0,0,0,0,0,0,0,0,0,0
zalesak,LVIRA,64,0.05,25,2906,2906,2906,1,2906,1,0,0,0,0,0,0,0,0,0,0,0,0,0,0,0,0,0,0,0,0,0,2906,1,2906,1,0,0,0,0,0,0,0,0,0,0,0,0,0,0,0,0
zalesak,LVIRA,64,0.1,25,2913,2913,2913,1,2913,1,0,0,0,0,0,0,0,0,0,0,0,0,0,0,0,0,0,0,0,0,0,2913,1,2913,1,0,0,0,0,0,0,0,0,0,0,0,0,0,0,0,0
zalesak,LVIRA,64,0.2,25,2951,2951,2951,1,2951,1,0,0,0,0,0,0,0,0,0,0,0,0,0,0,0,0,0,0,0,0,0,2951,1,2951,1,0,0,0,0,0,0,0,0,0,0,0,0,0,0,0,0
zalesak,LVIRA,64,0.3,25,2985,2985,2985,1,2985,1,0,0,0,0,0,0,0,0,0,0,0,0,0,0,0,0,0,0,0,0,0,2985,1,2985,1,0,0,0,0,0,0,0,0,0,0,0,0,0,0,0,0
zalesak,Youngs,100,0,25,4545,4545,4545,1,4545,1,0,0,0,0,0,0,0,0,0,0,0,0,0,0,0,0,0,0,0,0,0,4545,1,4545,1,0,0,0,0,0,0,0,0,0,0,0,0,0,0,0,0
zalesak,Youngs,100,0.05,25,4549,4549,4549,1,4549,1,0,0,0,0,0,0,0,0,0,0,0,0,0,0,0,0,0,0,0,0,0,4549,1,4549,1,0,0,0,0,0,0,0,0,0,0,0,0,0,0,0,0
zalesak,Youngs,100,0.1,25,4576,4576,4576,1,4576,1,0,0,0,0,0,0,0,0,0,0,0,0,0,0,0,0,0,0,0,0,0,4576,1,4576,1,0,0,0,0,0,0,0,0,0,0,0,0,0,0,0,0
zalesak,Youngs,100,0.2,25,4630,4630,4630,1,4630,1,0,0,0,0,0,0,0,0,0,0,0,0,0,0,0,0,0,0,0,0,0,4630,1,4630,1,0,0,0,0,0,0,0,0,0,0,0,0,0,0,0,0
zalesak,Youngs,100,0.3,25,4706,4706,4706,1,4706,1,0,0,0,0,0,0,0,0,0,0,0,0,0,0,0,0,0,0,0,0,0,4706,1,4706,1,0,0,0,0,0,0,0,0,0,0,0,0,0,0,0,0
zalesak,Youngs,128,0,25,5816,5816,5816,1,5816,1,0,0,0,0,0,0,0,0,0,0,0,0,0,0,0,0,0,0,0,0,0,5816,1,5816,1,0,0,0,0,0,0,0,0,0,0,0,0,0,0,0,0
zalesak,Youngs,128,0.05,25,5823,5823,5823,1,5823,1,0,0,0,0,0,0,0,0,0,0,0,0,0,0,0,0,0,0,0,0,0,5823,1,5823,1,0,0,0,0,0,0,0,0,0,0,0,0,0,0,0,0
zalesak,Youngs,128,0.1,25,5842,5842,5842,1,5842,1,0,0,0,0,0,0,0,0,0,0,0,0,0,0,0,0,0,0,0,0,0,5842,1,5842,1,0,0,0,0,0,0,0,0,0,0,0,0,0,0,0,0
zalesak,Youngs,128,0.2,25,5911,5911,5911,1,5911,1,0,0,0,0,0,0,0,0,0,0,0,0,0,0,0,0,0,0,0,0,0,5911,1,5911,1,0,0,0,0,0,0,0,0,0,0,0,0,0,0,0,0
zalesak,Youngs,128,0.3,25,6020,6020,6020,1,6020,1,0,0,0,0,0,0,0,0,0,0,0,0,0,0,0,0,0,0,0,0,0,6020,1,6020,1,0,0,0,0,0,0,0,0,0,0,0,0,0,0,0,0
zalesak,Youngs,150,0,25,6830,6830,6830,1,6830,1,0,0,0,0,0,0,0,0,0,0,0,0,0,0,0,0,0,0,0,0,0,6830,1,6830,1,0,0,0,0,0,0,0,0,0,0,0,0,0,0,0,0
zalesak,Youngs,150,0.05,25,6835,6835,6835,1,6835,1,0,0,0,0,0,0,0,0,0,0,0,0,0,0,0,0,0,0,0,0,0,6835,1,6835,1,0,0,0,0,0,0,0,0,0,0,0,0,0,0,0,0
zalesak,Youngs,150,0.1,25,6859,6859,6859,1,6859,1,0,0,0,0,0,0,0,0,0,0,0,0,0,0,0,0,0,0,0,0,0,6859,1,6859,1,0,0,0,0,0,0,0,0,0,0,0,0,0,0,0,0
zalesak,Youngs,150,0.2,25,6943,6943,6943,1,6943,1,0,0,0,0,0,0,0,0,0,0,0,0,0,0,0,0,0,0,0,0,0,6943,1,6943,1,0,0,0,0,0,0,0,0,0,0,0,0,0,0,0,0
zalesak,Youngs,150,0.3,25,7040,7040,7040,1,7040,1,0,0,0,0,0,0,0,0,0,0,0,0,0,0,0,0,0,0,0,0,0,7040,1,7040,1,0,0,0,0,0,0,0,0,0,0,0,0,0,0,0,0
zalesak,Youngs,50,0,25,2266,2266,2266,1,2266,1,0,0,0,0,0,0,0,0,0,0,0,0,0,0,0,0,0,0,0,0,0,2266,1,2266,1,0,0,0,0,0,0,0,0,0,0,0,0,0,0,0,0
zalesak,Youngs,50,0.05,25,2268,2268,2268,1,2268,1,0,0,0,0,0,0,0,0,0,0,0,0,0,0,0,0,0,0,0,0,0,2268,1,2268,1,0,0,0,0,0,0,0,0,0,0,0,0,0,0,0,0
zalesak,Youngs,50,0.1,25,2277,2277,2277,1,2277,1,0,0,0,0,0,0,0,0,0,0,0,0,0,0,0,0,0,0,0,0,0,2277,1,2277,1,0,0,0,0,0,0,0,0,0,0,0,0,0,0,0,0
zalesak,Youngs,50,0.2,25,2299,2299,2299,1,2299,1,0,0,0,0,0,0,0,0,0,0,0,0,0,0,0,0,0,0,0,0,0,2299,1,2299,1,0,0,0,0,0,0,0,0,0,0,0,0,0,0,0,0
zalesak,Youngs,50,0.3,25,2347,2347,2347,1,2347,1,0,0,0,0,0,0,0,0,0,0,0,0,0,0,0,0,0,0,0,0,0,2347,1,2347,1,0,0,0,0,0,0,0,0,0,0,0,0,0,0,0,0
zalesak,Youngs,64,0,25,2905,2905,2905,1,2905,1,0,0,0,0,0,0,0,0,0,0,0,0,0,0,0,0,0,0,0,0,0,2905,1,2905,1,0,0,0,0,0,0,0,0,0,0,0,0,0,0,0,0
zalesak,Youngs,64,0.05,25,2906,2906,2906,1,2906,1,0,0,0,0,0,0,0,0,0,0,0,0,0,0,0,0,0,0,0,0,0,2906,1,2906,1,0,0,0,0,0,0,0,0,0,0,0,0,0,0,0,0
zalesak,Youngs,64,0.1,25,2913,2913,2913,1,2913,1,0,0,0,0,0,0,0,0,0,0,0,0,0,0,0,0,0,0,0,0,0,2913,1,2913,1,0,0,0,0,0,0,0,0,0,0,0,0,0,0,0,0
zalesak,Youngs,64,0.2,25,2951,2951,2951,1,2951,1,0,0,0,0,0,0,0,0,0,0,0,0,0,0,0,0,0,0,0,0,0,2951,1,2951,1,0,0,0,0,0,0,0,0,0,0,0,0,0,0,0,0
zalesak,Youngs,64,0.3,25,2985,2985,2985,1,2985,1,0,0,0,0,0,0,0,0,0,0,0,0,0,0,0,0,0,0,0,0,0,2985,1,2985,1,0,0,0,0,0,0,0,0,0,0,0,0,0,0,0,0
zalesak,circular,100,0,25,4545,4528,1507,0.33157315731573156,1504,0.33215547703180209,0,3038,0.66842684268426844,3024,0.66784452296819785,0,0,0,0,0,0,0,0,0,0,0,34,0.0074807480748074811,17,0.0037544169611307418,0,4511,0.99251925192519252,4511,0.99624558303886923,0,0,0,0,0,0,0,0,0,0,0,36,0.0079207920792079209,33,0.0072879858657243814,33
zalesak,circular,100,0.05,25,4549,4534,1510,0.33194108595295668,1508,0.3325981473312748,0,3039,0.66805891404704332,3026,0.6674018526687252,0,0,0,0,0,0,0,0,0,0,0,30,0.006594856012310398,15,0.0033083370092633437,0,4519,0.99340514398768964,4519,0.99669166299073664,0,0,0,0,0,0,0,0,0,0,0,38,0.0083534842822598366,36,0.0079400088222320239,36
zalesak,circular,100,0.1,25,4576,4562,1515,0.33107517482517484,1514,0.33187198597106532,0,3061,0.66892482517482521,3048,0.66812801402893462,0,0,0,0,0,0,0,0,0,0,0,28,0.006118881118881119,14,0.0030688294607628232,0,4548,0.99388111888111885,4548,0.99693117053923719,0,0,0,0,0,0,0,0,0,0,0,31,0.0067744755244755241,30,0.00657606313020605,30
zalesak,circular,100,0.2,25,4630,4613,1537,0.33196544276457884,1534,0.33253847821374377,0,3093,0.66803455723542116,3079,0.66746152178625628,0,0,0,0,0,0,0,0,0,0,0,34,0.00734341252699784,17,0.0036852373726425319,0,4596,0.99265658747300212,4596,0.99631476262735752,0,3,0.00064794816414686827,3,0.00065033600693691746,3,0,0,0,0,0,41,0.0088552915766738662,38,0.0082375894212009543,38
zalesak,circular,100,0.3,25,4706,4688,1574,0.33446663833404167,1570,0.33489761092150172,0,3132,0.66553336166595833,3118,0.66510238907849828,0,0,0,0,0,0,0,0,0,0,0,36,0.0076498087547811301,18,0.0038395904436860067,0,4670,0.99235019124521884,4670,0.99616040955631402,0,4,0.0008499787505312367,4,0.00085324232081911264,4,0,0,0,0,0,40,0.0084997875053123666,36,0.0076791808873720134,36
zalesak,circular,128,0,25,5816,5802,1989,0.34198762035763414,1987,0.34246811444329539,0,3827,0.65801237964236592,3815,0.65753188555670461,0,0,0,0,0,0,0,0,0,0,0,28,0.0048143053645116922,14,0.0024129610479145121,0,5788,0.99518569463548834,5788,0.99758703895208545,0,0,0,0,0,0,0,0,0,0,0,34,0.0058459422283356263,32,0.0055153395380903138,32
zalesak,circular,128,0.05,25,5823,5810,1987,0.34123304138760091,1986,0.34182444061962136,0,3836,0.65876695861239909,3824,0.65817555938037864,0,0,0,0,0,0,0,0,0,0,0,26,0.0044650523784990556,13,0.0022375215146299482,0,5797,0.99553494762150097,5797,0.99776247848537003,0,0,0,0,0,0,0,0,0,0,0,30,0.0051519835136527563,29,0.0049913941480206545,29
zalesak,circular,128,0.1,25,5842,5828,1998,0.34200616227319414,1998,0.34282772820864793,0,3844,0.65799383772680586,3830,0.65717227179135207,0,0,0,0,0,0,0,0,0,0,0,28,0.0047928791509756936,14,0.0024021962937542897,0,5814,0.9952071208490243,5814,0.99759780370624573,0,2,0.00034234851078397807,2,0.00034317089910775565,2,0,0,0,0,0,30,0.0051352276617596714,30,0.0051475634866163349,30
zalesak,circular,128,0.2,25,5911,5895,2024,0.34241245136186771,2022,0.3430025445292621,0,3887,0.65758754863813229,3873,0.65699745547073796,0,0,0,0,0,0,0,0,0,0,0,32,0.0054136355946540352,16,0.0027141645462256149,0,5879,0.99458636440534598,5879,0.99728583545377436,0,1,0.0001691761123329386,1,0.00016963528413910093,1,0,0,0,0,0,27,0.0045677550329893419,25,0.0042408821034775231,25
zalesak,circular,128,0.3,25,6020,6001,2065,0.34302325581395349,2064,0.34394267622062991,0,3955,0.65697674418604646,3937,0.65605732377937009,0,0,0,0,0,0,0,0,0,0,0,38,0.0063122923588039871,19,0.0031661389768371938,0,5982,0.99368770764119596,5982,0.99683386102316285,0,3,0.00049833887043189363,3,0.00049991668055324114,3,0,0,0,0,0,23,0.0038205980066445184,22,0.0036660556573904347,22
zalesak,circular,150,0,25,6830,6812,2366,0.34641288433382139,2365,0.3471814445096888,0,4464,0.65358711566617866,4447,0.6528185554903112,0,0,0,0,0,0,0,0,0,0,0,36,0.0052708638360175692,18,0.0026423957721667646,0,6794,0.9947291361639824,6794,0.99735760422783326,0,0,0,0,0,0,0,0,0,0,0,29,0.0042459736456808197,28,0.0041103934233705222,28
zalesak,circular,150,0.05,25,6835,6816,2374,0.34732991953182152,2372,0.34800469483568075,0,4461,0.65267008046817854,4444,0.65199530516431925,0,0,0,0,0,0,0,0,0,0,0,38,0.0055596196049743961,19,0.0027875586854460093,0,6797,0.99444038039502558,6797,0.997212441314554,0,0,0,0,0,0,0,0,0,0,0,35,0.0051207022677395757,33,0.0048415492957746475,33
zalesak,circular,150,0.1,25,6859,6838,2391,0.34859308937162853,2387,0.34907867797601638,0,4468,0.65140691062837153,4451,0.65092132202398367,0,0,0,0,0,0,0,0,0,0,0,42,0.0061233415949846918,21,0.0030710734132787364,0,6817,0.99387665840501527,6817,0.99692892658672128,0,0,0,0,0,0,0,0,0,0,0,39,0.0056859600524857851,36,0.005264697279906405,36
zalesak,circular,150,0.2,25,6943,6920,2430,0.34999279850208842,2427,0.35072254335260117,0,4513,0.65000720149791158,4493,0.64927745664739889,0,0,0,0,0,0,0,0,0,0,0,46,0.0066253780786403576,23,0.003323699421965318,0,6897,0.99337462192135961,6897,0.99667630057803469,0,0,0,0,0,0,0,0,0,0,0,39,0.0056171683710211726,37,0.0053468208092485548,37
zalesak,circular,150,0.3,25,7040,7013,2457,0.34900568181818181,2454,0.34992157421930697,0,4583,0.65099431818181819,4559,0.65007842578069297,0,0,0,0,0,0,0,0,0,0,0,54,0.0076704545454545454,27,0.0038499928703835734,0,6986,0.99232954545454544,6986,0.99615000712961643,0,7,0.00099431818181818172,7,0.00099814629972907456,7,0,0,0,0,0,29,0.0041193181818181815,27,0.0038499928703835734,27
zalesak,circular,50,0,25,2266,2246,656,0.28949691085613416,655,0.29162956366874443,0,1610,0.71050308914386584,1591,0.70837043633125552,0,0,0,0,0,0,0,0,0,0,0,40,0.017652250661959398,20,0.0089047195013357075,0,2226,0.98234774933804059,2226,0.99109528049866424,0,0,0,0,0,0,0,0,0,0,0,38,0.016769638128861428,37,0.016473731077471059,37
zalesak,circular,50,0.05,25,2268,2246,642,0.28306878306878308,641,0.28539626001780943,0,1626,0.71693121693121697,1605,0.71460373998219051,0,0,0,0,0,0,0,0,0,0,0,44,0.019400352733686066,22,0.0097951914514692786,0,2224,0.98059964726631388,2224,0.99020480854853077,0,0,0,0,0,0,0,0,0,0,0,27,0.011904761904761904,26,0.011576135351736421,26
zalesak,circular,50,0.1,25,2277,2252,645,0.28326745718050067,643,0.2855239786856128,0,1632,0.71673254281949939,1609,0.71447602131438726,0,0,0,0,0,0,0,0,0,0,0,50,0.021958717610891524,25,0.011101243339253997,0,2227,0.97804128238910848,2227,0.988898756660746,0,0,0,0,0,0,0,0,0,0,0,27,0.011857707509881422,25,0.011101243339253997,25
zalesak,circular,50,0.2,25,2299,2279,652,0.28360156589821661,649,0.28477402369460292,0,1647,0.71639843410178339,1630,0.71522597630539708,0,0,0,0,0,0,0,0,0,0,0,40,0.017398869073510223,20,0.0087757788503729714,0,2259,0.98260113092648982,2259,0.99122422114962705,0,1,0.00043497172683775554,1,0.00043878894251864854,1,0,0,0,0,0,30,0.013049151805132666,27,0.01184730144800351,27
zalesak,circular,50,0.3,25,2347,2321,686,0.29228802726885383,679,0.29254631624299871,0,1661,0.70771197273114617,1642,0.70745368375700124,0,0,0,0,0,0,0,0,0,0,0,51,0.021729867916489135,25,0.010771219302024989,0,2296,0.97827013208351088,2296,0.98922878069797504,0,7,0.0029825308904985089,7,0.0030159414045669969,7,0,0,0,0,0,37,0.015764806135492117,30,0.012925463162429988,30
zalesak,circular,64,0,25,2905,2886,882,0.30361445783132529,881,0.30526680526680527,0,2023,0.69638554216867465,2005,0.69473319473319473,0,0,0,0,0,0,0,0,0,0,0,38,0.013080895008605853,19,0.0065835065835065836,0,2867,0.98691910499139412,2867,0.99341649341649341,0,0,0,0,0,0,0,0,0,0,0,30,0.010327022375215147,29,0.010048510048510048,29
zalesak,circular,64,0.05,25,2906,2884,880,0.30282174810736406,880,0.30513176144244103,0,2026,0.69717825189263594,2004,0.69486823855755897,0,0,0,0,0,0,0,0,0,0,0,44,0.015141087405368204,22,0.0076282940360610264,0,2862,0.98485891259463176,2862,0.99237170596393898,0,0,0,0,0,0,0,0,0,0,0,28,0.009635237439779766,28,0.0097087378640776691,28
zalesak,circular,64,0.1,25,2913,2892,881,0.30243734981119119,881,0.30463347164591975,0,2032,0.69756265018880881,2011,0.69536652835408019,0,0,0,0,0,0,0,0,0,0,0,42,0.014418125643666324,21,0.007261410788381743,0,2871,0.98558187435633371,2871,0.99273858921161828,0,0,0,0,0,0,0,0,0,0,0,29,0.0099553724682457951,29,0.010027662517289074,29
zalesak,circular,64,0.2,25,2951,2926,908,0.30769230769230771,904,0.30895420369104581,0,2043,0.69230769230769229,2022,0.69104579630895424,0,0,0,0,0,0,0,0,0,0,0,50,0.016943409013893594,25,0.008544087491455913,0,2901,0.98305659098610643,2901,0.99145591250854403,0,0,0,0,0,0,0,0,0,0,0,42,0.01423246357167062,38,0.012987012987012988,38
zalesak,circular,64,0.3,25,2985,2960,915,0.30653266331658291,912,0.30810810810810813,0,2070,0.69346733668341709,2048,0.69189189189189193,0,0,0,0,0,0,0,0,0,0,0,50,0.01675041876046901,25,0.0084459459459459464,0,2935,0.98324958123953099,2935,0.99155405405405406,0,0,0,0,0,0,0,0,0,0,0,34,0.011390284757118929,31,0.010472972972972974,31
zalesak,circular+corner,100,0,25,4545,4528,1425,0.31353135313531355,1425,0.31470848056537104,0,2710,0.5962596259625963,2710,0.59849823321554774,0,157,0.034543454345434543,150,0.03312720848056537,0,253,0.055665566556655666,243,0.053666077738515901,0,34,0.0074807480748074811,17,0.0037544169611307418,0,4511,0.99251925192519252,4511,0.99624558303886923,0,0,0,0,0,0,1,0.00022002200220022002,1,0.00022084805653710247,1,0,0,0,0,0
zalesak,circular+corner,100,0.05,25,4549,4534,1423,0.31281600351725652,1423,0.31385090427878254,0,2716,0.59705429764783469,2716,0.59902955447728279,0,155,0.034073422730270392,149,0.032862814292015881,0,255,0.056056276104638383,246,0.054256726951918834,0,30,0.006594856012310398,15,0.0033083370092633437,0,4519,0.99340514398768964,4519,0.99669166299073664,0,0,0,0,0,0,0,0,0,0,0,0,0,0,0,0
zalesak,circular+corner,100,0.1,25,4576,4562,1437,0.31402972027972026,1437,0.3149934239368698,0,2731,0.59680944055944052,2731,0.59864094695309078,0,156,0.034090909090909088,150,0.032880315651030251,0,252,0.055069930069930072,244,0.053485313459009205,0,28,0.006118881118881119,14,0.0030688294607628232,0,4548,0.99388111888111885,4548,0.99693117053923719,0,0,0,0,0,0,0,0,0,0,0,0,0,0,0,0
zalesak,circular+corner,100,0.2,25,4630,4613,1453,0.31382289416846654,1453,0.31497940602644697,0,2767,0.59762419006479484,2767,0.59982657706481679,0,163,0.035205183585313174,154,0.033383915022761758,0,247,0.053347732181425488,239,0.051810101885974423,0,34,0.00734341252699784,17,0.0036852373726425319,0,4596,0.99265658747300212,4596,0.99631476262735752,0,3,0.00064794816414686827,3,0.00065033600693691746,3,2,0.00043196544276457883,2,0.00043355733795794494,2,0,0,0,0,0
zalesak,circular+corner,100,0.3,25,4706,4688,1491,0.31682957926051847,1491,0.31804607508532423,0,2812,0.59753506162345937,2812,0.59982935153583616,0,158,0.033574160645983848,148,0.031569965870307165,0,245,0.052061198470038247,237,0.050554607508532426,0,36,0.0076498087547811301,18,0.0038395904436860067,0,4670,0.99235019124521884,4670,0.99616040955631402,0,4,0.0008499787505312367,4,0.00085324232081911264,4,2,0.00042498937526561835,2,0.00042662116040955632,2,0,0,0,0,0
zalesak,circular+corner,128,0,25,5816,5802,1909,0.32823246217331498,1909,0.32902447431920029,0,3501,0.60196011004126548,3501,0.60341261633919341,0,159,0.027338376891334251,150,0.025853154084798345,0,247,0.042469050894085279,242,0.041709755256808,0,28,0.0048143053645116922,14,0.0024129610479145121,0,5788,0.99518569463548834,5788,0.99758703895208545,0,0,0,0,0,0,0,0,0,0,0,0,0,0,0,0
zalesak,circular+corner,128,0.05,25,5823,5810,1909,0.32783788425210375,1909,0.32857142857142857,0,3506,0.60209513996221875,3506,0.60344234079173842,0,157,0.026962047054782758,150,0.025817555938037865,0,251,0.043104928730894727,245,0.042168674698795178,0,26,0.0044650523784990556,13,0.0022375215146299482,0,5797,0.99553494762150097,5797,0.99776247848537003,0,0,0,0,0,0,0,0,0,0,0,0,0,0,0,0
zalesak,circular+corner,128,0.1,25,5842,5828,1920,0.32865457035261897,1920,0.32944406314344543,0,3511,0.60099281068127353,3511,0.60243651338366511,0,156,0.02670318384115029,150,0.025737817433081674,0,255,0.043649435124957205,247,0.042381606039807826,0,28,0.0047928791509756936,14,0.0024021962937542897,0,5814,0.9952071208490243,5814,0.99759780370624573,0,2,0.00034234851078397807,2,0.00034317089910775565,2,0,0,0,0,0,0,0,0,0,0
zalesak,circular+corner,128,0.2,25,5911,5895,1958,0.33124682794789378,1957,0.33197625106022055,0,3551,0.60074437489426491,3551,0.60237489397794741,0,157,0.026560649636271357,151,0.025614927905004241,0,245,0.041448147521569952,236,0.040033927056827817,0,32,0.0054136355946540352,16,0.0027141645462256149,0,5879,0.99458636440534598,5879,0.99728583545377436,0,1,0.0001691761123329386,1,0.00016963528413910093,1,5,0.00084588056166469297,4,0.00067854113655640372,4,0,0,0,0,0
zalesak,circular+corner,128,0.3,25,6020,6001,2001,0.3323920265780731,2000,0.3332777870354941,0,3613,0.60016611295681066,3613,0.60206632227962009,0,158,0.026245847176079733,151,0.025162472921179804,0,248,0.041196013289036548,237,0.039493417763706046,0,38,0.0063122923588039871,19,0.0031661389768371938,0,5982,0.99368770764119596,5982,0.99683386102316285,0,3,0.00049833887043189363,3,0.00049991668055324114,3,4,0.00066445182724252495,3,0.00049991668055324114,3,0,0,0,0,0
zalesak,circular+corner,150,0,25,6830,6812,2292,0.33557833089311861,2292,0.33646506165590134,0,4130,0.60468521229868233,4130,0.60628302994715211,0,157,0.022986822840409957,149,0.021873165002935995,0,251,0.036749633967789165,241,0.035378743394010571,0,36,0.0052708638360175692,18,0.0026423957721667646,0,6794,0.9947291361639824,6794,0.99735760422783326,0,0,0,0,0,0,2,0.00029282576866764275,2,0.00029359953024075161,2,0,0,0,0,0
zalesak,circular+corner,150,0.05,25,6835,6816,2292,0.33533284564740307,2292,0.33626760563380281,0,4134,0.60482809070958299,4134,0.60651408450704225,0,158,0.023116313094367229,150,0.022007042253521125,0,251,0.036722750548646668,240,0.035211267605633804,0,38,0.0055596196049743961,19,0.0027875586854460093,0,6797,0.99444038039502558,6797,0.997212441314554,0,0,0,0,0,0,1,0.0001463057790782736,1,0.00014671361502347418,1,0,0,0,0,0
zalesak,circular+corner,150,0.1,25,6859,6838,2304,0.33590902463916023,2303,0.33679438432290143,0,4141,0.60373232249599063,4141,0.60558642878034508,0,157,0.022889634057442775,150,0.02193623866627669,0,257,0.037469018807406329,244,0.035682948230476748,0,42,0.0061233415949846918,21,0.0030710734132787364,0,6817,0.99387665840501527,6817,0.99692892658672128,0,0,0,0,0,0,0,0,0,0,0,0,0,0,0,0
zalesak,circular+corner,150,0.2,25,6943,6920,2343,0.33746219213596429,2342,0.33843930635838149,0,4182,0.60233328532334729,4182,0.6043352601156069,0,159,0.022900763358778626,152,0.021965317919075144,0,259,0.03730375918190984,244,0.035260115606936419,0,46,0.0066253780786403576,23,0.003323699421965318,0,6897,0.99337462192135961,6897,0.99667630057803469,0,0,0,0,0,0,1,0.00014402995823131211,1,0.00014450867052023122,1,0,0,0,0,0
zalesak,circular+corner,150,0.3,25,7040,7013,2378,0.33778409090909089,2377,0.33894196492228718,0,4237,0.60184659090909087,4237,0.60416369599315556,0,164,0.023295454545454546,152,0.021674033936974191,0,261,0.037073863636363634,247,0.035220305147583057,0,54,0.0076704545454545454,27,0.0038499928703835734,0,6986,0.99232954545454544,6986,0.99615000712961643,0,7,0.00099431818181818172,7,0.00099814629972907456,7,0,0,0,0,0,0,0,0,0,0
zalesak,circular+corner,50,0,25,2266,2246,629,0.27758164165931154,629,0.28005342831700802,0,1367,0.60326566637246248,1358,0.60463045414069461,0,12,0.0052956751985878204,12,0.0053428317008014248,0,258,0.11385701676963812,247,0.10997328584149599,0,40,0.017652250661959398,20,0.0089047195013357075,0,2226,0.98234774933804059,2226,0.99109528049866424,0,0,0,0,0,0,46,0.020300088261253312,46,0.020480854853072127,46,0,0,0,0,0
zalesak,circular+corner,50,0.05,25,2268,2246,634,0.27954144620811289,633,0.28183437221727514,0,1377,0.6071428571428571,1366,0.60819234194122884,0,12,0.0052910052910052907,12,0.0053428317008014248,0,245,0.10802469135802469,235,0.10463045414069456,0,44,0.019400352733686066,22,0.0097951914514692786,0,2224,0.98059964726631388,2224,0.99020480854853077,0,0,0,0,0,0,51,0.022486772486772486,51,0.022707034728406055,51,0,0,0,0,0
zalesak,circular+corner,50,0.1,25,2277,2252,626,0.27492314448836186,624,0.27708703374777977,0,1384,0.60781730346947738,1372,0.60923623445825936,0,12,0.005270092226613966,12,0.0053285968028419185,0,255,0.11198945981554677,244,0.10834813499111901,0,50,0.021958717610891524,25,0.011101243339253997,0,2227,0.97804128238910848,2227,0.988898756660746,0,0,0,0,0,0,46,0.020202020202020204,46,0.020426287744227355,46,0,0,0,0,0
zalesak,circular+corner,50,0.2,25,2299,2279,633,0.27533710308829928,631,0.2768758227292672,0,1401,0.6093953892996955,1392,0.61079420798595874,0,24,0.010439321444106133,24,0.010530934620447565,0,241,0.10482818616789909,232,0.10179903466432647,0,40,0.017398869073510223,20,0.0087757788503729714,0,2259,0.98260113092648982,2259,0.99122422114962705,0,1,0.00043497172683775554,1,0.00043878894251864854,1,44,0.019138755980861243,44,0.019306713470820535,44,0,0,0,0,0
zalesak,circular+corner,50,0.3,25,2347,2321,671,0.28589688964635707,667,0.28737613097802672,0,1417,0.60374946740519808,1408,0.60663507109004744,0,33,0.01406050276949297,32,0.013787160706591986,0,226,0.096293140178951853,214,0.092201637225333907,0,51,0.021729867916489135,25,0.010771219302024989,0,2296,0.97827013208351088,2296,0.98922878069797504,0,7,0.0029825308904985089,7,0.0030159414045669969,7,45,0.019173412867490414,45,0.01938819474364498,45,0,0,0,0,0
zalesak,circular+corner,64,0,25,2905,2886,837,0.28812392426850258,836,0.28967428967428965,0,1739,0.59862306368330465,1733,0.60048510048510051,0,77,0.026506024096385541,72,0.024948024948024949,0,252,0.086746987951807228,245,0.084892584892584888,0,38,0.013080895008605853,19,0.0065835065835065836,0,2867,0.98691910499139412,2867,0.99341649341649341,0,0,0,0,0,0,26,0.0089500860585197926,26,0.0090090090090090089,26,0,0,0,0,0
zalesak,circular+corner,64,0.05,25,2906,2884,830,0.28561596696490021,830,0.28779472954230234,0,1741,0.59910529938059187,1733,0.60090152565880717,0,84,0.028905712319339298,78,0.027045769764216365,0,251,0.086373021335168623,243,0.084257975034674068,0,44,0.015141087405368204,22,0.0076282940360610264,0,2862,0.98485891259463176,2862,0.99237170596393898,0,0,0,0,0,0,24,0.0082587749483826571,24,0.008321775312066574,24,0,0,0,0,0
zalesak,circular+corner,64,0.1,25,2913,2892,835,0.28664606934431858,835,0.2887275242047026,0,1746,0.5993820803295572,1738,0.60096818810511754,0,83,0.028492962581531067,78,0.026970954356846474,0,249,0.085478887744593196,241,0.083333333333333329,0,42,0.014418125643666324,21,0.007261410788381743,0,2871,0.98558187435633371,2871,0.99273858921161828,0,0,0,0,0,0,25,0.0085822176450394781,25,0.0086445366528354085,25,0,0,0,0,0
zalesak,circular+corner,64,0.2,25,2951,2926,858,0.29074889867841408,855,0.29220779220779219,0,1763,0.59742460182988821,1759,0.60116199589883801,0,79,0.026770586241951881,72,0.024606971975393029,0,251,0.085055913249745846,240,0.082023239917976762,0,50,0.016943409013893594,25,0.008544087491455913,0,2901,0.98305659098610643,2901,0.99145591250854403,0,0,0,0,0,0,28,0.0094883090477804136,26,0.0088858509911141498,26,0,0,0,0,0
zalesak,circular+corner,64,0.3,25,2985,2960,865,0.2897822445561139,863,0.29155405405405405,0,1783,0.59731993299832498,1778,0.6006756756756757,0,83,0.027805695142378559,77,0.026013513513513515,0,254,0.08509212730318258,242,0.081756756756756754,0,50,0.01675041876046901,25,0.0084459459459459464,0,2935,0.98324958123953099,2935,0.99155405405405406,0,0,0,0,0,0,26,0.0087102177554438855,24,0.0081081081081081086,24,0,0,0,0,0
zalesak,linear,100,0,25,4545,4528,4545,1,4528,1,0,0,0,0,0,0,0,0,0,0,0,0,0,0,0,0,34,0.0074807480748074811,17,0.0037544169611307418,0,4511,0.99251925192519252,4511,0.99624558303886923,0,0,0,0,0,0,0,0,0,0,0,0,0,0,0,0
zalesak,linear,100,0.05,25,4549,4534,4549,1,4534,1,0,0,0,0,0,0,0,0,0,0,0,0,0,0,0,0,30,0.006594856012310398,15,0.0033083370092633437,0,4519,0.99340514398768964,4519,0.99669166299073664,0,0,0,0,0,0,0,0,0,0,0,0,0,0,0,0
zalesak,linear,100,0.1,25,4576,4562,4576,1,4562,1,0,0,0,0,0,0,0,0,0,0,0,0,0,0,0,0,28,0.006118881118881119,14,0.0030688294607628232,0,4548,0.99388111888111885,4548,0.99693117053923719,0,0,0,0,0,0,0,0,0,0,0,0,0,0,0,0
zalesak,linear,100,0.2,25,4630,4613,4630,1,4613,1,0,0,0,0,0,0,0,0,0,0,0,0,0,0,0,0,34,0.00734341252699784,17,0.0036852373726425319,0,4596,0.99265658747300212,4596,0.99631476262735752,0,3,0.00064794816414686827,3,0.00065033600693691746,3,0,0,0,0,0,0,0,0,0,0
zalesak,linear,100,0.3,25,4706,4688,4706,1,4688,1,0,0,0,0,0,0,0,0,0,0,0,0,0,0,0,0,36,0.0076498087547811301,18,0.0038395904436860067,0,4670,0.99235019124521884,4670,0.99616040955631402,0,4,0.0008499787505312367,4,0.00085324232081911264,4,0,0,0,0,0,0,0,0,0,0
zalesak,linear,128,0,25,5816,5802,5816,1,5802,1,0,0,0,0,0,0,0,0,0,0,0,0,0,0,0,0,28,0.0048143053645116922,14,0.0024129610479145121,0,5788,0.99518569463548834,5788,0.99758703895208545,0,0,0,0,0,0,0,0,0,0,0,0,0,0,0,0
zalesak,linear,128,0.05,25,5823,5810,5823,1,5810,1,0,0,0,0,0,0,0,0,0,0,0,0,0,0,0,0,26,0.0044650523784990556,13,0.0022375215146299482,0,5797,0.99553494762150097,5797,0.99776247848537003,0,0,0,0,0,0,0,0,0,0,0,0,0,0,0,0
zalesak,linear,128,0.1,25,5842,5828,5842,1,5828,1,0,0,0,0,0,0,0,0,0,0,0,0,0,0,0,0,28,0.0047928791509756936,14,0.0024021962937542897,0,5814,0.9952071208490243,5814,0.99759780370624573,0,2,0.00034234851078397807,2,0.00034317089910775565,2,0,0,0,0,0,0,0,0,0,0
zalesak,linear,128,0.2,25,5911,5895,5911,1,5895,1,0,0,0,0,0,0,0,0,0,0,0,0,0,0,0,0,32,0.0054136355946540352,16,0.0027141645462256149,0,5879,0.99458636440534598,5879,0.99728583545377436,0,1,0.0001691761123329386,1,0.00016963528413910093,1,0,0,0,0,0,0,0,0,0,0
zalesak,linear,128,0.3,25,6020,6001,6020,1,6001,1,0,0,0,0,0,0,0,0,0,0,0,0,0,0,0,0,38,0.0063122923588039871,19,0.0031661389768371938,0,5982,0.99368770764119596,5982,0.99683386102316285,0,3,0.00049833887043189363,3,0.00049991668055324114,3,0,0,0,0,0,0,0,0,0,0
zalesak,linear,150,0,25,6830,6812,6830,1,6812,1,0,0,0,0,0,0,0,0,0,0,0,0,0,0,0,0,36,0.0052708638360175692,18,0.0026423957721667646,0,6794,0.9947291361639824,6794,0.99735760422783326,0,0,0,0,0,0,0,0,0,0,0,0,0,0,0,0
zalesak,linear,150,0.05,25,6835,6816,6835,1,6816,1,0,0,0,0,0,0,0,0,0,0,0,0,0,0,0,0,38,0.0055596196049743961,19,0.0027875586854460093,0,6797,0.99444038039502558,6797,0.997212441314554,0,0,0,0,0,0,0,0,0,0,0,0,0,0,0,0
zalesak,linear,150,0.1,25,6859,6838,6859,1,6838,1,0,0,0,0,0,0,0,0,0,0,0,0,0,0,0,0,42,0.0061233415949846918,21,0.0030710734132787364,0,6817,0.99387665840501527,6817,0.99692892658672128,0,0,0,0,0,0,0,0,0,0,0,0,0,0,0,0
zalesak,linear,150,0.2,25,6943,6920,6943,1,6920,1,0,0,0,0,0,0,0,0,0,0,0,0,0,0,0,0,46,0.0066253780786403576,23,0.003323699421965318,0,6897,0.99337462192135961,6897,0.99667630057803469,0,0,0,0,0,0,0,0,0,0,0,0,0,0,0,0
zalesak,linear,150,0.3,25,7040,7013,7040,1,7013,1,0,0,0,0,0,0,0,0,0,0,0,0,0,0,0,0,54,0.0076704545454545454,27,0.0038499928703835734,0,6986,0.99232954545454544,6986,0.99615000712961643,0,7,0.00099431818181818172,7,0.00099814629972907456,7,0,0,0,0,0,0,0,0,0,0
zalesak,linear,50,0,25,2266,2246,2266,1,2246,1,0,0,0,0,0,0,0,0,0,0,0,0,0,0,0,0,40,0.017652250661959398,20,0.0089047195013357075,0,2226,0.98234774933804059,2226,0.99109528049866424,0,0,0,0,0,0,0,0,0,0,0,0,0,0,0,0
zalesak,linear,50,0.05,25,2268,2246,2268,1,2246,1,0,0,0,0,0,0,0,0,0,0,0,0,0,0,0,0,44,0.019400352733686066,22,0.0097951914514692786,0,2224,0.98059964726631388,2224,0.99020480854853077,0,0,0,0,0,0,0,0,0,0,0,0,0,0,0,0
zalesak,linear,50,0.1,25,2277,2252,2277,1,2252,1,0,0,0,0,0,0,0,0,0,0,0,0,0,0,0,0,50,0.021958717610891524,25,0.011101243339253997,0,2227,0.97804128238910848,2227,0.988898756660746,0,0,0,0,0,0,0,0,0,0,0,0,0,0,0,0
zalesak,linear,50,0.2,25,2299,2279,2299,1,2279,1,0,0,0,0,0,0,0,0,0,0,0,0,0,0,0,0,40,0.017398869073510223,20,0.0087757788503729714,0,2259,0.98260113092648982,2259,0.99122422114962705,0,1,0.00043497172683775554,1,0.00043878894251864854,1,0,0,0,0,0,0,0,0,0,0
zalesak,linear,50,0.3,25,2347,2321,2347,1,2321,1,0,0,0,0,0,0,0,0,0,0,0,0,0,0,0,0,51,0.021729867916489135,25,0.010771219302024989,0,2296,0.97827013208351088,2296,0.98922878069797504,0,7,0.0029825308904985089,7,0.0030159414045669969,7,0,0,0,0,0,0,0,0,0,0
zalesak,linear,64,0,25,2905,2886,2905,1,2886,1,0,0,0,0,0,0,0,0,0,0,0,0,0,0,0,0,38,0.013080895008605853,19,0.0065835065835065836,0,2867,0.98691910499139412,2867,0.99341649341649341,0,0,0,0,0,0,0,0,0,0,0,0,0,0,0,0
zalesak,linear,64,0.05,25,2906,2884,2906,1,2884,1,0,0,0,0,0,0,0,0,0,0,0,0,0,0,0,0,44,0.015141087405368204,22,0.0076282940360610264,0,2862,0.98485891259463176,2862,0.99237170596393898,0,0,0,0,0,0,0,0,0,0,0,0,0,0,0,0
zalesak,linear,64,0.1,25,2913,2892,2913,1,2892,1,0,0,0,0,0,0,0,0,0,0,0,0,0,0,0,0,42,0.014418125643666324,21,0.007261410788381743,0,2871,0.98558187435633371,2871,0.99273858921161828,0,0,0,0,0,0,0,0,0,0,0,0,0,0,0,0
zalesak,linear,64,0.2,25,2951,2926,2951,1,2926,1,0,0,0,0,0,0,0,0,0,0,0,0,0,0,0,0,50,0.016943409013893594,25,0.008544087491455913,0,2901,0.98305659098610643,2901,0.99145591250854403,0,0,0,0,0,0,0,0,0,0,0,0,0,0,0,0
zalesak,linear,64,0.3,25,2985,2960,2985,1,2960,1,0,0,0,0,0,0,0,0,0,0,0,0,0,0,0,0,50,0.01675041876046901,25,0.0084459459459459464,0,2935,0.98324958123953099,2935,0.99155405405405406,0,0,0,0,0,0,0,0,0,0,0,0,0,0,0,0
zalesak,safe_circle,100,0,25,4545,4545,1574,0.34631463146314634,1574,0.34631463146314634,0,2971,0.65368536853685366,2971,0.65368536853685366,0,0,0,0,0,0,0,0,0,0,0,0,0,0,0,0,4545,1,4545,1,0,94,0.020682068206820683,94,0.020682068206820683,94,0,0,0,0,0,27,0.0059405940594059407,27,0.0059405940594059407,27
zalesak,safe_circle,100,0.05,25,4549,4549,1586,0.34864805451747638,1586,0.34864805451747638,0,2963,0.65135194548252362,2963,0.65135194548252362,0,0,0,0,0,0,0,0,0,0,0,0,0,0,0,0,4549,1,4549,1,0,96,0.021103539239393274,96,0.021103539239393274,96,0,0,0,0,0,34,0.0074741701472851177,34,0.0074741701472851177,34
zalesak,safe_circle,100,0.1,25,4576,4576,1619,0.35380244755244755,1619,0.35380244755244755,0,2957,0.64619755244755239,2957,0.64619755244755239,0,0,0,0,0,0,0,0,0,0,0,0,0,0,0,0,4576,1,4576,1,0,135,0.029501748251748252,135,0.029501748251748252,135,0,0,0,0,0,29,0.0063374125874125871,29,0.0063374125874125871,29
zalesak,safe_circle,100,0.2,25,4630,4630,1699,0.36695464362850971,1699,0.36695464362850971,0,2931,0.63304535637149029,2931,0.63304535637149029,0,0,0,0,0,0,0,0,0,0,0,0,0,0,0,0,4630,1,4630,1,0,212,0.045788336933045355,212,0.045788336933045355,212,0,0,0,0,0,35,0.0075593952483801298,35,0.0075593952483801298,35
zalesak,safe_circle,100,0.3,25,4706,4706,1786,0.3795155121121972,1786,0.3795155121121972,0,2920,0.62048448788780286,2920,0.62048448788780286,0,0,0,0,0,0,0,0,0,0,0,0,0,0,0,0,4706,1,4706,1,0,322,0.068423289417764557,322,0.068423289417764557,322,0,0,0,0,0,33,0.0070123246918827025,33,0.0070123246918827025,33
zalesak,safe_circle,128,0,25,5816,5816,2051,0.35264786795048142,2051,0.35264786795048142,0,3765,0.64735213204951858,3765,0.64735213204951858,0,0,0,0,0,0,0,0,0,0,0,0,0,0,0,0,5816,1,5816,1,0,84,0.014442916093535076,84,0.014442916093535076,84,0,0,0,0,0,33,0.0056740027510316371,33,0.0056740027510316371,33
zalesak,safe_circle,128,0.05,25,5823,5823,2052,0.35239567233384855,2052,0.35239567233384855,0,3771,0.6476043276661515,3771,0.6476043276661515,0,0,0,0,0,0,0,0,0,0,0,0,0,0,0,0,5823,1,5823,1,0,94,0.01614288167611197,94,0.01614288167611197,94,0,0,0,0,0,29,0.0049802507298643307,29,0.0049802507298643307,29
zalesak,safe_circle,128,0.1,25,5842,5842,2086,0.35706949674768917,2086,0.35706949674768917,0,3756,0.64293050325231083,3756,0.64293050325231083,0,0,0,0,0,0,0,0,0,0,0,0,0,0,0,0,5842,1,5842,1,0,122,0.020883259157822662,122,0.020883259157822662,122,0,0,0,0,0,35,0.0059910989387196162,35,0.0059910989387196162,35
zalesak,safe_circle,128,0.2,25,5911,5911,2162,0.36575875486381321,2162,0.36575875486381321,0,3749,0.63424124513618674,3749,0.63424124513618674,0,0,0,0,0,0,0,0,0,0,0,0,0,0,0,0,5911,1,5911,1,0,218,0.036880392488580611,218,0.036880392488580611,218,0,0,0,0,0,25,0.0042294028083234647,25,0.0042294028083234647,25
zalesak,safe_circle,128,0.3,25,6020,6020,2301,0.38222591362126246,2301,0.38222591362126246,0,3719,0.61777408637873754,3719,0.61777408637873754,0,0,0,0,0,0,0,0,0,0,0,0,0,0,0,0,6020,1,6020,1,0,380,0.063122923588039864,380,0.063122923588039864,380,0,0,0,0,0,24,0.0039867109634551491,24,0.0039867109634551491,24
zalesak,safe_circle,150,0,25,6830,6830,2444,0.35783308931185942,2444,0.35783308931185942,0,4386,0.64216691068814058,4386,0.64216691068814058,0,0,0,0,0,0,0,0,0,0,0,0,0,0,0,0,6830,1,6830,1,0,109,0.015959004392386528,109,0.015959004392386528,109,0,0,0,0,0,23,0.0033674963396778915,23,0.0033674963396778915,23
zalesak,safe_circle,150,0.05,25,6835,6835,2451,0.35859546452084856,2451,0.35859546452084856,0,4384,0.64140453547915144,4384,0.64140453547915144,0,0,0,0,0,0,0,0,0,0,0,0,0,0,0,0,6835,1,6835,1,0,113,0.016532553035844916,113,0.016532553035844916,113,0,0,0,0,0,27,0.0039502560351133871,27,0.0039502560351133871,27
zalesak,safe_circle,150,0.1,25,6859,6859,2485,0.36229771103659425,2485,0.36229771103659425,0,4374,0.63770228896340575,4374,0.63770228896340575,0,0,0,0,0,0,0,0,0,0,0,0,0,0,0,0,6859,1,6859,1,0,152,0.022160664819944598,152,0.022160664819944598,152,0,0,0,0,0,28,0.0040822277299897942,28,0.0040822277299897942,28
zalesak,safe_circle,150,0.2,25,6943,6943,2592,0.37332565173556098,2592,0.37332565173556098,0,4351,0.62667434826443902,4351,0.62667434826443902,0,0,0,0,0,0,0,0,0,0,0,0,0,0,0,0,6943,1,6943,1,0,259,0.03730375918190984,259,0.03730375918190984,259,0,0,0,0,0,33,0.0047529886216333,33,0.0047529886216333,33
zalesak,safe_circle,150,0.3,25,7040,7040,2693,0.38252840909090907,2693,0.38252840909090907,0,4347,0.61747159090909087,4347,0.61747159090909087,0,0,0,0,0,0,0,0,0,0,0,0,0,0,0,0,7040,1,7040,1,0,390,0.055397727272727272,390,0.055397727272727272,390,0,0,0,0,0,23,0.0032670454545454543,23,0.0032670454545454543,23
zalesak,safe_circle,50,0,25,2266,2266,740,0.3265666372462489,740,0.3265666372462489,0,1526,0.6734333627537511,1526,0.6734333627537511,0,0,0,0,0,0,0,0,0,0,0,0,0,0,0,0,2266,1,2266,1,0,111,0.048984995586937335,111,0.048984995586937335,111,0,0,0,0,0,29,0.012797881729920565,29,0.012797881729920565,29
zalesak,safe_circle,50,0.05,25,2268,2268,737,0.32495590828924165,737,0.32495590828924165,0,1531,0.67504409171075841,1531,0.67504409171075841,0,0,0,0,0,0,0,0,0,0,0,0,0,0,0,0,2268,1,2268,1,0,116,0.05114638447971781,116,0.05114638447971781,116,0,0,0,0,0,23,0.010141093474426807,23,0.010141093474426807,23
zalesak,safe_circle,50,0.1,25,2277,2277,751,0.32981993851559072,751,0.32981993851559072,0,1526,0.67018006148440934,1526,0.67018006148440934,0,0,0,0,0,0,0,0,0,0,0,0,0,0,0,0,2277,1,2277,1,0,131,0.057531840140535792,131,0.057531840140535792,131,0,0,0,0,0,19,0.0083443126921387799,19,0.0083443126921387799,19
zalesak,safe_circle,50,0.2,25,2299,2299,769,0.33449325793823403,769,0.33449325793823403,0,1530,0.66550674206176597,1530,0.66550674206176597,0,0,0,0,0,0,0,0,0,0,0,0,0,0,0,0,2299,1,2299,1,0,148,0.064375815571987821,148,0.064375815571987821,148,0,0,0,0,0,26,0.011309264897781644,26,0.011309264897781644,26
zalesak,safe_circle,50,0.3,25,2347,2347,820,0.34938219002982529,820,0.34938219002982529,0,1527,0.65061780997017471,1527,0.65061780997017471,0,0,0,0,0,0,0,0,0,0,0,0,0,0,0,0,2347,1,2347,1,0,217,0.092458457605453764,217,0.092458457605453764,217,0,0,0,0,0,22,0.0093736685129953128,22,0.0093736685129953128,22
zalesak,safe_circle,64,0,25,2905,2905,969,0.3335628227194492,969,0.3335628227194492,0,1936,0.66643717728055074,1936,0.66643717728055074,0,0,0,0,0,0,0,0,0,0,0,0,0,0,0,0,2905,1,2905,1,0,114,0.039242685025817556,114,0.039242685025817556,114,0,0,0,0,0,30,0.010327022375215147,30,0.010327022375215147,30
zalesak,safe_circle,64,0.05,25,2906,2906,978,0.33654507914659326,978,0.33654507914659326,0,1928,0.66345492085340674,1928,0.66345492085340674,0,0,0,0,0,0,0,0,0,0,0,0,0,0,0,0,2906,1,2906,1,0,124,0.042670337233310394,124,0.042670337233310394,124,0,0,0,0,0,27,0.0092911218169304879,27,0.0092911218169304879,27
zalesak,safe_circle,64,0.1,25,2913,2913,983,0.33745279780295229,983,0.33745279780295229,0,1930,0.66254720219704777,1930,0.66254720219704777,0,0,0,0,0,0,0,0,0,0,0,0,0,0,0,0,2913,1,2913,1,0,131,0.044970820460006868,131,0.044970820460006868,131,0,0,0,0,0,28,0.0096120837624442158,28,0.0096120837624442158,28
zalesak,safe_circle,64,0.2,25,2951,2951,1034,0.35038969840731954,1034,0.35038969840731954,0,1917,0.64961030159268041,1917,0.64961030159268041,0,0,0,0,0,0,0,0,0,0,0,0,0,0,0,0,2951,1,2951,1,0,191,0.064723822433073536,191,0.064723822433073536,191,0,0,0,0,0,35,0.011860386309725517,35,0.011860386309725517,35
zalesak,safe_circle,64,0.3,25,2985,2985,1068,0.35778894472361811,1068,0.35778894472361811,0,1917,0.64221105527638189,1917,0.64221105527638189,0,0,0,0,0,0,0,0,0,0,0,0,0,0,0,0,2985,1,2985,1,0,229,0.076716917922948075,229,0.076716917922948075,229,0,0,0,0,0,31,0.010385259631490788,31,0.010385259631490788,31
zalesak,safe_linear,100,0,25,4545,4545,4545,1,4545,1,0,0,0,0,0,0,0,0,0,0,0,0,0,0,0,0,0,0,0,0,0,4545,1,4545,1,0,0,0,0,0,0,0,0,0,0,0,0,0,0,0,0
zalesak,safe_linear,100,0.05,25,4549,4549,4549,1,4549,1,0,0,0,0,0,0,0,0,0,0,0,0,0,0,0,0,0,0,0,0,0,4549,1,4549,1,0,0,0,0,0,0,0,0,0,0,0,0,0,0,0,0
zalesak,safe_linear,100,0.1,25,4576,4576,4576,1,4576,1,0,0,0,0,0,0,0,0,0,0,0,0,0,0,0,0,0,0,0,0,0,4576,1,4576,1,0,0,0,0,0,0,0,0,0,0,0,0,0,0,0,0
zalesak,safe_linear,100,0.2,25,4630,4630,4630,1,4630,1,0,0,0,0,0,0,0,0,0,0,0,0,0,0,0,0,0,0,0,0,0,4630,1,4630,1,0,0,0,0,0,0,0,0,0,0,0,0,0,0,0,0
zalesak,safe_linear,100,0.3,25,4706,4706,4706,1,4706,1,0,0,0,0,0,0,0,0,0,0,0,0,0,0,0,0,0,0,0,0,0,4706,1,4706,1,0,0,0,0,0,0,0,0,0,0,0,0,0,0,0,0
zalesak,safe_linear,128,0,25,5816,5816,5816,1,5816,1,0,0,0,0,0,0,0,0,0,0,0,0,0,0,0,0,0,0,0,0,0,5816,1,5816,1,0,0,0,0,0,0,0,0,0,0,0,0,0,0,0,0
zalesak,safe_linear,128,0.05,25,5823,5823,5823,1,5823,1,0,0,0,0,0,0,0,0,0,0,0,0,0,0,0,0,0,0,0,0,0,5823,1,5823,1,0,0,0,0,0,0,0,0,0,0,0,0,0,0,0,0
zalesak,safe_linear,128,0.1,25,5842,5842,5842,1,5842,1,0,0,0,0,0,0,0,0,0,0,0,0,0,0,0,0,0,0,0,0,0,5842,1,5842,1,0,0,0,0,0,0,0,0,0,0,0,0,0,0,0,0
zalesak,safe_linear,128,0.2,25,5911,5911,5911,1,5911,1,0,0,0,0,0,0,0,0,0,0,0,0,0,0,0,0,0,0,0,0,0,5911,1,5911,1,0,0,0,0,0,0,0,0,0,0,0,0,0,0,0,0
zalesak,safe_linear,128,0.3,25,6020,6020,6020,1,6020,1,0,0,0,0,0,0,0,0,0,0,0,0,0,0,0,0,0,0,0,0,0,6020,1,6020,1,0,0,0,0,0,0,0,0,0,0,0,0,0,0,0,0
zalesak,safe_linear,150,0,25,6830,6830,6830,1,6830,1,0,0,0,0,0,0,0,0,0,0,0,0,0,0,0,0,0,0,0,0,0,6830,1,6830,1,0,0,0,0,0,0,0,0,0,0,0,0,0,0,0,0
zalesak,safe_linear,150,0.05,25,6835,6835,6835,1,6835,1,0,0,0,0,0,0,0,0,0,0,0,0,0,0,0,0,0,0,0,0,0,6835,1,6835,1,0,0,0,0,0,0,0,0,0,0,0,0,0,0,0,0
zalesak,safe_linear,150,0.1,25,6859,6859,6859,1,6859,1,0,0,0,0,0,0,0,0,0,0,0,0,0,0,0,0,0,0,0,0,0,6859,1,6859,1,0,0,0,0,0,0,0,0,0,0,0,0,0,0,0,0
zalesak,safe_linear,150,0.2,25,6943,6943,6943,1,6943,1,0,0,0,0,0,0,0,0,0,0,0,0,0,0,0,0,0,0,0,0,0,6943,1,6943,1,0,0,0,0,0,0,0,0,0,0,0,0,0,0,0,0
zalesak,safe_linear,150,0.3,25,7040,7040,7040,1,7040,1,0,0,0,0,0,0,0,0,0,0,0,0,0,0,0,0,0,0,0,0,0,7040,1,7040,1,0,0,0,0,0,0,0,0,0,0,0,0,0,0,0,0
zalesak,safe_linear,50,0,25,2266,2266,2266,1,2266,1,0,0,0,0,0,0,0,0,0,0,0,0,0,0,0,0,0,0,0,0,0,2266,1,2266,1,0,0,0,0,0,0,0,0,0,0,0,0,0,0,0,0
zalesak,safe_linear,50,0.05,25,2268,2268,2268,1,2268,1,0,0,0,0,0,0,0,0,0,0,0,0,0,0,0,0,0,0,0,0,0,2268,1,2268,1,0,0,0,0,0,0,0,0,0,0,0,0,0,0,0,0
zalesak,safe_linear,50,0.1,25,2277,2277,2277,1,2277,1,0,0,0,0,0,0,0,0,0,0,0,0,0,0,0,0,0,0,0,0,0,2277,1,2277,1,0,0,0,0,0,0,0,0,0,0,0,0,0,0,0,0
zalesak,safe_linear,50,0.2,25,2299,2299,2299,1,2299,1,0,0,0,0,0,0,0,0,0,0,0,0,0,0,0,0,0,0,0,0,0,2299,1,2299,1,0,0,0,0,0,0,0,0,0,0,0,0,0,0,0,0
zalesak,safe_linear,50,0.3,25,2347,2347,2347,1,2347,1,0,0,0,0,0,0,0,0,0,0,0,0,0,0,0,0,0,0,0,0,0,2347,1,2347,1,0,0,0,0,0,0,0,0,0,0,0,0,0,0,0,0
zalesak,safe_linear,64,0,25,2905,2905,2905,1,2905,1,0,0,0,0,0,0,0,0,0,0,0,0,0,0,0,0,0,0,0,0,0,2905,1,2905,1,0,0,0,0,0,0,0,0,0,0,0,0,0,0,0,0
zalesak,safe_linear,64,0.05,25,2906,2906,2906,1,2906,1,0,0,0,0,0,0,0,0,0,0,0,0,0,0,0,0,0,0,0,0,0,2906,1,2906,1,0,0,0,0,0,0,0,0,0,0,0,0,0,0,0,0
zalesak,safe_linear,64,0.1,25,2913,2913,2913,1,2913,1,0,0,0,0,0,0,0,0,0,0,0,0,0,0,0,0,0,0,0,0,0,2913,1,2913,1,0,0,0,0,0,0,0,0,0,0,0,0,0,0,0,0
zalesak,safe_linear,64,0.2,25,2951,2951,2951,1,2951,1,0,0,0,0,0,0,0,0,0,0,0,0,0,0,0,0,0,0,0,0,0,2951,1,2951,1,0,0,0,0,0,0,0,0,0,0,0,0,0,0,0,0
zalesak,safe_linear,64,0.3,25,2985,2985,2985,1,2985,1,0,0,0,0,0,0,0,0,0,0,0,0,0,0,0,0,0,0,0,0,0,2985,1,2985,1,0,0,0,0,0,0,0,0,0,0,0,0,0,0,0,0
