scope,experiment,method,N,wiggle,category,subtype,case_count,mixed_cell_denominator,july_mixed_cell_count,final_mixed_cell_count,mixed_cell_count_delta,july_fraction_of_mixed_cells,final_fraction_of_mixed_cells,mixed_cell_fraction_delta,component_denominator,july_component_count,final_component_count,component_count_delta,july_fraction_of_components,final_fraction_of_components,component_fraction_delta,july_event_count,final_event_count,event_count_delta
method,circles,circular,,,construction_path,direct_fit,750,52855,52813,52813,0,0.99920537319080505,0.99920537319080505,0,52836,52813,52813,0,0.99956469074116128,0.99956469074116128,0,0,0,0
method,circles,circular,,,construction_path,merged,750,52855,38,38,0,0.00071894806546211334,0.00071894806546211334,0,52836,19,19,0,0.00035960330077977138,0.00035960330077977138,0,0,0,0
method,circles,circular,,,construction_path,plic_fallback,750,52855,4,4,0,7.5678743732854033e-05,7.5678743732854033e-05,0,52836,4,4,0,7.570595805889923e-05,7.570595805889923e-05,0,0,0,0
method,circles,circular,,,final_facet,circular,750,52855,52844,52844,0,0.99979188345473469,0.99979188345473469,0,52836,52825,52825,0,0.99979180861533801,0.99979180861533801,0,0,0,0
method,circles,circular,,,final_facet,curved_corner,750,52855,0,0,0,0,0,0,52836,0,0,0,0,0,0,0,0,0
method,circles,circular,,,final_facet,linear,750,52855,11,11,0,0.0002081165452653486,0.0002081165452653486,0,52836,11,11,0,0.00020819138466197289,0.00020819138466197289,0,0,0,0
method,circles,circular,,,final_facet,linear_corner,750,52855,0,0,0,0,0,0,52836,0,0,0,0,0,0,0,0,0
method,circles,circular,,,merge,independent,750,52855,52817,52817,0,0.99928105193453787,0.99928105193453787,0,52836,52817,52817,0,0.99964039669922022,0.99964039669922022,0,0,0,0
method,circles,circular,,,merge,merged,750,52855,38,38,0,0.00071894806546211334,0.00071894806546211334,0,52836,19,19,0,0.00035960330077977138,0.00035960330077977138,0,0,0,0
method,circles,circular,,,orientation_status,oriented,750,52855,52851,52851,0,0.99992432125626718,0.99992432125626718,0,52836,0,0,0,0,0,0,0,0,0
method,circles,circular,,,orientation_status,unresolved_or_deadend,750,52855,4,4,0,7.5678743732854033e-05,7.5678743732854033e-05,0,52836,0,0,0,0,0,0,0,0,0
method,circles,circular,,,plic_fallback_policy,ELVIRA,750,52855,0,0,0,0,0,0,52836,0,0,0,0,0,0,0,0,0
method,circles,circular,,,plic_fallback_policy,LVIRA,750,52855,4,4,0,7.5678743732854033e-05,7.5678743732854033e-05,0,52836,4,4,0,7.570595805889923e-05,7.570595805889923e-05,0,4,4,0
method,circles,circular,,,plic_fallback_policy,Youngs,750,52855,0,0,0,0,0,0,52836,0,0,0,0,0,0,0,0,0
method,circles,circular,,,rescue,corner_arc_corner_triplet,750,52855,0,0,0,0,0,0,52836,0,0,0,0,0,0,0,0,0
method,circles,circular,,,rescue,curved_corner_loop,750,52855,0,0,0,0,0,0,52836,0,0,0,0,0,0,0,0,0
method,circles,circular,,,rescue,curved_corner_transition,750,52855,0,0,0,0,0,0,52836,0,0,0,0,0,0,0,0,0
method,circles,circular,,,rescue,exact_linear_support,750,52855,0,0,0,0,0,0,52836,0,0,0,0,0,0,0,0,0
method,circles,linear,,,construction_path,direct_fit,750,52855,52813,52813,0,0.99920537319080505,0.99920537319080505,0,52836,52813,52813,0,0.99956469074116128,0.99956469074116128,0,0,0,0
method,circles,linear,,,construction_path,merged,750,52855,38,38,0,0.00071894806546211334,0.00071894806546211334,0,52836,19,19,0,0.00035960330077977138,0.00035960330077977138,0,0,0,0
method,circles,linear,,,construction_path,plic_fallback,750,52855,4,4,0,7.5678743732854033e-05,7.5678743732854033e-05,0,52836,4,4,0,7.570595805889923e-05,7.570595805889923e-05,0,0,0,0
method,circles,linear,,,final_facet,circular,750,52855,0,0,0,0,0,0,52836,0,0,0,0,0,0,0,0,0
method,circles,linear,,,final_facet,curved_corner,750,52855,0,0,0,0,0,0,52836,0,0,0,0,0,0,0,0,0
method,circles,linear,,,final_facet,linear,750,52855,52855,52855,0,1,1,0,52836,52836,52836,0,1,1,0,0,0,0
method,circles,linear,,,final_facet,linear_corner,750,52855,0,0,0,0,0,0,52836,0,0,0,0,0,0,0,0,0
method,circles,linear,,,merge,independent,750,52855,52817,52817,0,0.99928105193453787,0.99928105193453787,0,52836,52817,52817,0,0.99964039669922022,0.99964039669922022,0,0,0,0
method,circles,linear,,,merge,merged,750,52855,38,38,0,0.00071894806546211334,0.00071894806546211334,0,52836,19,19,0,0.00035960330077977138,0.00035960330077977138,0,0,0,0
method,circles,linear,,,orientation_status,oriented,750,52855,52851,52851,0,0.99992432125626718,0.99992432125626718,0,52836,0,0,0,0,0,0,0,0,0
method,circles,linear,,,orientation_status,unresolved_or_deadend,750,52855,4,4,0,7.5678743732854033e-05,7.5678743732854033e-05,0,52836,0,0,0,0,0,0,0,0,0
method,circles,linear,,,plic_fallback_policy,ELVIRA,750,52855,0,0,0,0,0,0,52836,0,0,0,0,0,0,0,0,0
method,circles,linear,,,plic_fallback_policy,LVIRA,750,52855,4,4,0,7.5678743732854033e-05,7.5678743732854033e-05,0,52836,4,4,0,7.570595805889923e-05,7.570595805889923e-05,0,4,4,0
method,circles,linear,,,plic_fallback_policy,Youngs,750,52855,0,0,0,0,0,0,52836,0,0,0,0,0,0,0,0,0
method,circles,linear,,,rescue,corner_arc_corner_triplet,750,52855,0,0,0,0,0,0,52836,0,0,0,0,0,0,0,0,0
method,circles,linear,,,rescue,curved_corner_loop,750,52855,0,0,0,0,0,0,52836,0,0,0,0,0,0,0,0,0
method,circles,linear,,,rescue,curved_corner_transition,750,52855,0,0,0,0,0,0,52836,0,0,0,0,0,0,0,0,0
method,circles,linear,,,rescue,exact_linear_support,750,52855,0,0,0,0,0,0,52836,0,0,0,0,0,0,0,0,0
method,ellipses,circular,,,construction_path,direct_fit,750,120180,120140,120140,0,0.99966716591779003,0.99966716591779003,0,120166,120140,120140,0,0.9997836326415126,0.9997836326415126,0,0,0,0
method,ellipses,circular,,,construction_path,merged,750,120180,28,28,0,0.00023298385754701281,0.00023298385754701281,0,120166,14,14,0,0.00011650550072399848,0.00011650550072399848,0,0,0,0
method,ellipses,circular,,,construction_path,plic_fallback,750,120180,12,12,0,9.9850224663005485e-05,9.9850224663005485e-05,0,120166,12,12,0,9.9861857763427261e-05,9.9861857763427261e-05,0,0,0,0
method,ellipses,circular,,,final_facet,circular,750,120180,120122,120122,0,0.99951739058079547,0.99951739058079547,0,120166,120110,120110,0,0.99953397799710397,0.99953397799710397,0,0,0,0
method,ellipses,circular,,,final_facet,curved_corner,750,120180,0,0,0,0,0,0,120166,0,0,0,0,0,0,0,0,0
method,ellipses,circular,,,final_facet,linear,750,120180,58,58,0,0.00048260941920452656,0.00048260941920452656,0,120166,56,56,0,0.0004660220028959939,0.0004660220028959939,0,0,0,0
method,ellipses,circular,,,final_facet,linear_corner,750,120180,0,0,0,0,0,0,120166,0,0,0,0,0,0,0,0,0
method,ellipses,circular,,,merge,independent,750,120180,120152,120152,0,0.999767016142453,0.999767016142453,0,120166,120152,120152,0,0.99988349449927605,0.99988349449927605,0,0,0,0
method,ellipses,circular,,,merge,merged,750,120180,28,28,0,0.00023298385754701281,0.00023298385754701281,0,120166,14,14,0,0.00011650550072399848,0.00011650550072399848,0,0,0,0
method,ellipses,circular,,,orientation_status,oriented,750,120180,120168,120168,0,0.99990014977533703,0.99990014977533703,0,120166,0,0,0,0,0,0,0,0,0
method,ellipses,circular,,,orientation_status,unresolved_or_deadend,750,120180,12,12,0,9.9850224663005485e-05,9.9850224663005485e-05,0,120166,0,0,0,0,0,0,0,0,0
method,ellipses,circular,,,plic_fallback_policy,ELVIRA,750,120180,0,0,0,0,0,0,120166,0,0,0,0,0,0,0,0,0
method,ellipses,circular,,,plic_fallback_policy,LVIRA,750,120180,12,12,0,9.9850224663005485e-05,9.9850224663005485e-05,0,120166,12,12,0,9.9861857763427261e-05,9.9861857763427261e-05,0,12,12,0
method,ellipses,circular,,,plic_fallback_policy,Youngs,750,120180,0,0,0,0,0,0,120166,0,0,0,0,0,0,0,0,0
method,ellipses,circular,,,rescue,corner_arc_corner_triplet,750,120180,0,0,0,0,0,0,120166,0,0,0,0,0,0,0,0,0
method,ellipses,circular,,,rescue,curved_corner_loop,750,120180,0,0,0,0,0,0,120166,0,0,0,0,0,0,0,0,0
method,ellipses,circular,,,rescue,curved_corner_transition,750,120180,0,0,0,0,0,0,120166,0,0,0,0,0,0,0,0,0
method,ellipses,circular,,,rescue,exact_linear_support,750,120180,0,0,0,0,0,0,120166,0,0,0,0,0,0,0,0,0
method,ellipses,linear,,,construction_path,direct_fit,750,120180,120140,120140,0,0.99966716591779003,0.99966716591779003,0,120166,120140,120140,0,0.9997836326415126,0.9997836326415126,0,0,0,0
method,ellipses,linear,,,construction_path,merged,750,120180,28,28,0,0.00023298385754701281,0.00023298385754701281,0,120166,14,14,0,0.00011650550072399848,0.00011650550072399848,0,0,0,0
method,ellipses,linear,,,construction_path,plic_fallback,750,120180,12,12,0,9.9850224663005485e-05,9.9850224663005485e-05,0,120166,12,12,0,9.9861857763427261e-05,9.9861857763427261e-05,0,0,0,0
method,ellipses,linear,,,final_facet,circular,750,120180,0,0,0,0,0,0,120166,0,0,0,0,0,0,0,0,0
method,ellipses,linear,,,final_facet,curved_corner,750,120180,0,0,0,0,0,0,120166,0,0,0,0,0,0,0,0,0
method,ellipses,linear,,,final_facet,linear,750,120180,120180,120180,0,1,1,0,120166,120166,120166,0,1,1,0,0,0,0
method,ellipses,linear,,,final_facet,linear_corner,750,120180,0,0,0,0,0,0,120166,0,0,0,0,0,0,0,0,0
method,ellipses,linear,,,merge,independent,750,120180,120152,120152,0,0.999767016142453,0.999767016142453,0,120166,120152,120152,0,0.99988349449927605,0.99988349449927605,0,0,0,0
method,ellipses,linear,,,merge,merged,750,120180,28,28,0,0.00023298385754701281,0.00023298385754701281,0,120166,14,14,0,0.00011650550072399848,0.00011650550072399848,0,0,0,0
method,ellipses,linear,,,orientation_status,oriented,750,120180,120168,120168,0,0.99990014977533703,0.99990014977533703,0,120166,0,0,0,0,0,0,0,0,0
method,ellipses,linear,,,orientation_status,unresolved_or_deadend,750,120180,12,12,0,9.9850224663005485e-05,9.9850224663005485e-05,0,120166,0,0,0,0,0,0,0,0,0
method,ellipses,linear,,,plic_fallback_policy,ELVIRA,750,120180,0,0,0,0,0,0,120166,0,0,0,0,0,0,0,0,0
method,ellipses,linear,,,plic_fallback_policy,LVIRA,750,120180,12,12,0,9.9850224663005485e-05,9.9850224663005485e-05,0,120166,12,12,0,9.9861857763427261e-05,9.9861857763427261e-05,0,12,12,0
method,ellipses,linear,,,plic_fallback_policy,Youngs,750,120180,0,0,0,0,0,0,120166,0,0,0,0,0,0,0,0,0
method,ellipses,linear,,,rescue,corner_arc_corner_triplet,750,120180,0,0,0,0,0,0,120166,0,0,0,0,0,0,0,0,0
method,ellipses,linear,,,rescue,curved_corner_loop,750,120180,0,0,0,0,0,0,120166,0,0,0,0,0,0,0,0,0
method,ellipses,linear,,,rescue,curved_corner_transition,750,120180,0,0,0,0,0,0,120166,0,0,0,0,0,0,0,0,0
method,ellipses,linear,,,rescue,exact_linear_support,750,120180,0,0,0,0,0,0,120166,0,0,0,0,0,0,0,0,0
method,lines,linear,,,construction_path,direct_fit,750,95040,94725,94725,0,0.99668560606060608,0.99668560606060608,0,95029,94725,94725,0,0.99680097654400235,0.99680097654400235,0,0,0,0
method,lines,linear,,,construction_path,merged,750,95040,22,22,0,0.00023148148148148149,0.00023148148148148149,0,95029,11,11,0,0.00011575413821044102,0.00011575413821044102,0,0,0,0
method,lines,linear,,,construction_path,plic_fallback,750,95040,293,293,0,0.0030829124579124581,0.0030829124579124581,0,95029,293,293,0,0.003083269317787202,0.003083269317787202,0,0,0,0
method,lines,linear,,,final_facet,circular,750,95040,0,0,0,0,0,0,95029,0,0,0,0,0,0,0,0,0
method,lines,linear,,,final_facet,curved_corner,750,95040,0,0,0,0,0,0,95029,0,0,0,0,0,0,0,0,0
method,lines,linear,,,final_facet,linear,750,95040,95040,95040,0,1,1,0,95029,95029,95029,0,1,1,0,0,0,0
method,lines,linear,,,final_facet,linear_corner,750,95040,0,0,0,0,0,0,95029,0,0,0,0,0,0,0,0,0
method,lines,linear,,,merge,independent,750,95040,95018,95018,0,0.99976851851851856,0.99976851851851856,0,95029,95018,95018,0,0.99988424586178959,0.99988424586178959,0,0,0,0
method,lines,linear,,,merge,merged,750,95040,22,22,0,0.00023148148148148149,0.00023148148148148149,0,95029,11,11,0,0.00011575413821044102,0.00011575413821044102,0,0,0,0
method,lines,linear,,,orientation_status,oriented,750,95040,94747,94747,0,0.99691708754208752,0.99691708754208752,0,95029,0,0,0,0,0,0,0,0,0
method,lines,linear,,,orientation_status,unresolved_or_deadend,750,95040,293,293,0,0.0030829124579124581,0.0030829124579124581,0,95029,0,0,0,0,0,0,0,0,0
method,lines,linear,,,plic_fallback_policy,ELVIRA,750,95040,0,0,0,0,0,0,95029,0,0,0,0,0,0,0,0,0
method,lines,linear,,,plic_fallback_policy,LVIRA,750,95040,293,293,0,0.0030829124579124581,0.0030829124579124581,0,95029,293,293,0,0.003083269317787202,0.003083269317787202,0,293,293,0
method,lines,linear,,,plic_fallback_policy,Youngs,750,95040,0,0,0,0,0,0,95029,0,0,0,0,0,0,0,0,0
method,lines,linear,,,rescue,corner_arc_corner_triplet,750,95040,0,0,0,0,0,0,95029,0,0,0,0,0,0,0,0,0
method,lines,linear,,,rescue,curved_corner_loop,750,95040,0,0,0,0,0,0,95029,0,0,0,0,0,0,0,0,0
method,lines,linear,,,rescue,curved_corner_transition,750,95040,0,0,0,0,0,0,95029,0,0,0,0,0,0,0,0,0
method,lines,linear,,,rescue,exact_linear_support,750,95040,0,0,0,0,0,0,95029,0,0,0,0,0,0,0,0,0
method,squares,circular,,,construction_path,direct_fit,625,62581,61769,61769,0,0.98702481583867308,0.98702481583867308,0,62186,61769,61769,0,0.9932943106165375,0.9932943106165375,0,0,0,0
method,squares,circular,,,construction_path,merged,625,62581,790,790,0,0.012623639762867324,0.012623639762867324,0,62186,395,395,0,0.0063519120059177311,0.0063519120059177311,0,0,0,0
method,squares,circular,,,construction_path,plic_fallback,625,62581,22,22,0,0.00035154439845959634,0.00035154439845959634,0,62186,22,22,0,0.00035377737754478498,0.00035377737754478498,0,0,0,0
method,squares,circular,,,final_facet,circular,625,62581,7382,7385,3,0.11795912497403366,0.11800706284655087,4.7937872517209157e-05,62186,7018,7020,2,0.11285498343678642,0.11288714501656322,3.2161579776798788e-05,0,0,0
method,squares,circular,,,final_facet,curved_corner,625,62581,0,0,0,0,0,0,62186,0,0,0,0,0,0,0,0,0
method,squares,circular,,,final_facet,linear,625,62581,55199,55196,-3,0.8820408750259664,0.88199293715344917,-4.7937872517223035e-05,62186,55168,55166,-2,0.88714501656321354,0.88711285498343684,-3.2161579776701643e-05,0,0,0
method,squares,circular,,,final_facet,linear_corner,625,62581,0,0,0,0,0,0,62186,0,0,0,0,0,0,0,0,0
method,squares,circular,,,merge,independent,625,62581,61791,61791,0,0.98737636023713271,0.98737636023713271,0,62186,61791,61791,0,0.99364808799408222,0.99364808799408222,0,0,0,0
method,squares,circular,,,merge,merged,625,62581,790,790,0,0.012623639762867324,0.012623639762867324,0,62186,395,395,0,0.0063519120059177311,0.0063519120059177311,0,0,0,0
method,squares,circular,,,orientation_status,oriented,625,62581,62559,62559,0,0.99964845560154036,0.99964845560154036,0,62186,0,0,0,0,0,0,0,0,0
method,squares,circular,,,orientation_status,unresolved_or_deadend,625,62581,22,22,0,0.00035154439845959634,0.00035154439845959634,0,62186,0,0,0,0,0,0,0,0,0
method,squares,circular,,,plic_fallback_policy,ELVIRA,625,62581,0,0,0,0,0,0,62186,0,0,0,0,0,0,0,0,0
method,squares,circular,,,plic_fallback_policy,LVIRA,625,62581,22,22,0,0.00035154439845959634,0.00035154439845959634,0,62186,22,22,0,0.00035377737754478498,0.00035377737754478498,0,22,22,0
method,squares,circular,,,plic_fallback_policy,Youngs,625,62581,0,0,0,0,0,0,62186,0,0,0,0,0,0,0,0,0
method,squares,circular,,,rescue,corner_arc_corner_triplet,625,62581,0,0,0,0,0,0,62186,0,0,0,0,0,0,0,0,0
method,squares,circular,,,rescue,curved_corner_loop,625,62581,0,0,0,0,0,0,62186,0,0,0,0,0,0,0,0,0
method,squares,circular,,,rescue,curved_corner_transition,625,62581,0,0,0,0,0,0,62186,0,0,0,0,0,0,0,0,0
method,squares,circular,,,rescue,exact_linear_support,625,62581,0,0,0,0,0,0,62186,0,0,0,0,0,0,0,0,0
method,squares,linear,,,construction_path,direct_fit,625,62581,61769,61769,0,0.98702481583867308,0.98702481583867308,0,62186,61769,61769,0,0.9932943106165375,0.9932943106165375,0,0,0,0
method,squares,linear,,,construction_path,merged,625,62581,790,790,0,0.012623639762867324,0.012623639762867324,0,62186,395,395,0,0.0063519120059177311,0.0063519120059177311,0,0,0,0
method,squares,linear,,,construction_path,plic_fallback,625,62581,22,22,0,0.00035154439845959634,0.00035154439845959634,0,62186,22,22,0,0.00035377737754478498,0.00035377737754478498,0,0,0,0
method,squares,linear,,,final_facet,circular,625,62581,0,0,0,0,0,0,62186,0,0,0,0,0,0,0,0,0
method,squares,linear,,,final_facet,curved_corner,625,62581,0,0,0,0,0,0,62186,0,0,0,0,0,0,0,0,0
method,squares,linear,,,final_facet,linear,625,62581,62581,62581,0,1,1,0,62186,62186,62186,0,1,1,0,0,0,0
method,squares,linear,,,final_facet,linear_corner,625,62581,0,0,0,0,0,0,62186,0,0,0,0,0,0,0,0,0
method,squares,linear,,,merge,independent,625,62581,61791,61791,0,0.98737636023713271,0.98737636023713271,0,62186,61791,61791,0,0.99364808799408222,0.99364808799408222,0,0,0,0
method,squares,linear,,,merge,merged,625,62581,790,790,0,0.012623639762867324,0.012623639762867324,0,62186,395,395,0,0.0063519120059177311,0.0063519120059177311,0,0,0,0
method,squares,linear,,,orientation_status,oriented,625,62581,62559,62559,0,0.99964845560154036,0.99964845560154036,0,62186,0,0,0,0,0,0,0,0,0
method,squares,linear,,,orientation_status,unresolved_or_deadend,625,62581,22,22,0,0.00035154439845959634,0.00035154439845959634,0,62186,0,0,0,0,0,0,0,0,0
method,squares,linear,,,plic_fallback_policy,ELVIRA,625,62581,0,0,0,0,0,0,62186,0,0,0,0,0,0,0,0,0
method,squares,linear,,,plic_fallback_policy,LVIRA,625,62581,22,22,0,0.00035154439845959634,0.00035154439845959634,0,62186,22,22,0,0.00035377737754478498,0.00035377737754478498,0,22,22,0
method,squares,linear,,,plic_fallback_policy,Youngs,625,62581,0,0,0,0,0,0,62186,0,0,0,0,0,0,0,0,0
method,squares,linear,,,rescue,corner_arc_corner_triplet,625,62581,0,0,0,0,0,0,62186,0,0,0,0,0,0,0,0,0
method,squares,linear,,,rescue,curved_corner_loop,625,62581,0,0,0,0,0,0,62186,0,0,0,0,0,0,0,0,0
method,squares,linear,,,rescue,curved_corner_transition,625,62581,0,0,0,0,0,0,62186,0,0,0,0,0,0,0,0,0
method,squares,linear,,,rescue,exact_linear_support,625,62581,0,0,0,0,0,0,62186,0,0,0,0,0,0,0,0,0
method,squares,linear+corner,,,construction_path,direct_fit,625,62581,61769,61769,0,0.98702481583867308,0.98702481583867308,0,62186,61769,61769,0,0.9932943106165375,0.9932943106165375,0,0,0,0
method,squares,linear+corner,,,construction_path,merged,625,62581,790,790,0,0.012623639762867324,0.012623639762867324,0,62186,395,395,0,0.0063519120059177311,0.0063519120059177311,0,0,0,0
method,squares,linear+corner,,,construction_path,plic_fallback,625,62581,22,22,0,0.00035154439845959634,0.00035154439845959634,0,62186,22,22,0,0.00035377737754478498,0.00035377737754478498,0,0,0,0
method,squares,linear+corner,,,final_facet,circular,625,62581,0,0,0,0,0,0,62186,0,0,0,0,0,0,0,0,0
method,squares,linear+corner,,,final_facet,curved_corner,625,62581,0,0,0,0,0,0,62186,0,0,0,0,0,0,0,0,0
method,squares,linear+corner,,,final_facet,linear,625,62581,54712,54712,0,0.87425896038733797,0.87425896038733797,0,62186,54709,54709,0,0.87976393400443831,0.87976393400443831,0,0,0,0
method,squares,linear+corner,,,final_facet,linear_corner,625,62581,7869,7869,0,0.125741039612662,0.125741039612662,0,62186,7477,7477,0,0.12023606599556171,0.12023606599556171,0,0,0,0
method,squares,linear+corner,,,merge,independent,625,62581,61791,61791,0,0.98737636023713271,0.98737636023713271,0,62186,61791,61791,0,0.99364808799408222,0.99364808799408222,0,0,0,0
method,squares,linear+corner,,,merge,merged,625,62581,790,790,0,0.012623639762867324,0.012623639762867324,0,62186,395,395,0,0.0063519120059177311,0.0063519120059177311,0,0,0,0
method,squares,linear+corner,,,orientation_status,oriented,625,62581,62559,62559,0,0.99964845560154036,0.99964845560154036,0,62186,0,0,0,0,0,0,0,0,0
method,squares,linear+corner,,,orientation_status,unresolved_or_deadend,625,62581,22,22,0,0.00035154439845959634,0.00035154439845959634,0,62186,0,0,0,0,0,0,0,0,0
method,squares,linear+corner,,,plic_fallback_policy,ELVIRA,625,62581,0,0,0,0,0,0,62186,0,0,0,0,0,0,0,0,0
method,squares,linear+corner,,,plic_fallback_policy,LVIRA,625,62581,22,22,0,0.00035154439845959634,0.00035154439845959634,0,62186,22,22,0,0.00035377737754478498,0.00035377737754478498,0,22,22,0
method,squares,linear+corner,,,plic_fallback_policy,Youngs,625,62581,0,0,0,0,0,0,62186,0,0,0,0,0,0,0,0,0
method,squares,linear+corner,,,rescue,corner_arc_corner_triplet,625,62581,0,0,0,0,0,0,62186,0,0,0,0,0,0,0,0,0
method,squares,linear+corner,,,rescue,curved_corner_loop,625,62581,0,0,0,0,0,0,62186,0,0,0,0,0,0,0,0,0
method,squares,linear+corner,,,rescue,curved_corner_transition,625,62581,0,0,0,0,0,0,62186,0,0,0,0,0,0,0,0,0
method,squares,linear+corner,,,rescue,exact_linear_support,625,62581,0,0,0,0,0,0,62186,0,0,0,0,0,0,0,0,0
method,zalesak,circular,,,construction_path,direct_fit,625,113042,112035,112035,0,0.99109180658516305,0.99109180658516305,0,112552,112035,112035,0,0.99540656763096169,0.99540656763096169,0,0,0,0
method,zalesak,circular,,,construction_path,merged,625,113042,979,979,0,0.0086604978680490437,0.0086604978680490437,0,112552,489,489,0,0.0043446584689743406,0.0043446584689743406,0,0,0,0
method,zalesak,circular,,,construction_path,plic_fallback,625,113042,28,28,0,0.00024769554678791955,0.00024769554678791955,0,112552,28,28,0,0.00024877390006397044,0.00024877390006397044,0,0,0,0
method,zalesak,circular,,,final_facet,circular,625,113042,75573,75571,-2,0.66853912705012297,0.66852143451106671,-1.7692539056257672e-05,112552,75136,75135,-1,0.6675669912573744,0.66755810647522917,-8.884782145224257e-06,0,0,0
method,zalesak,circular,,,final_facet,curved_corner,625,113042,0,0,0,0,0,0,112552,0,0,0,0,0,0,0,0,0
method,zalesak,circular,,,final_facet,linear,625,113042,37469,37471,2,0.33146087294987703,0.33147856548893334,1.7692539056313183e-05,112552,37416,37417,1,0.33243300874262566,0.33244189352477077,8.8847821451132347e-06,0,0,0
method,zalesak,circular,,,final_facet,linear_corner,625,113042,0,0,0,0,0,0,112552,0,0,0,0,0,0,0,0,0
method,zalesak,circular,,,merge,independent,625,113042,112063,112063,0,0.99133950213195099,0.99133950213195099,0,112552,112063,112063,0,0.99565534153102564,0.99565534153102564,0,0,0,0
method,zalesak,circular,,,merge,merged,625,113042,979,979,0,0.0086604978680490437,0.0086604978680490437,0,112552,489,489,0,0.0043446584689743406,0.0043446584689743406,0,0,0,0
method,zalesak,circular,,,orientation_status,oriented,625,113042,113014,113014,0,0.99975230445321206,0.99975230445321206,0,112552,0,0,0,0,0,0,0,0,0
method,zalesak,circular,,,orientation_status,unresolved_or_deadend,625,113042,28,28,0,0.00024769554678791955,0.00024769554678791955,0,112552,0,0,0,0,0,0,0,0,0
method,zalesak,circular,,,plic_fallback_policy,ELVIRA,625,113042,0,0,0,0,0,0,112552,0,0,0,0,0,0,0,0,0
method,zalesak,circular,,,plic_fallback_policy,LVIRA,625,113042,28,28,0,0.00024769554678791955,0.00024769554678791955,0,112552,28,28,0,0.00024877390006397044,0.00024877390006397044,0,28,28,0
method,zalesak,circular,,,plic_fallback_policy,Youngs,625,113042,0,0,0,0,0,0,112552,0,0,0,0,0,0,0,0,0
method,zalesak,circular,,,rescue,corner_arc_corner_triplet,625,113042,0,0,0,0,0,0,112552,0,0,0,0,0,0,0,0,0
method,zalesak,circular,,,rescue,curved_corner_loop,625,113042,0,0,0,0,0,0,112552,0,0,0,0,0,0,0,0,0
method,zalesak,circular,,,rescue,curved_corner_transition,625,113042,0,0,0,0,0,0,112552,0,0,0,0,0,0,0,0,0
method,zalesak,circular,,,rescue,exact_linear_support,625,113042,0,0,0,0,0,0,112552,0,0,0,0,0,0,0,0,0
method,zalesak,circular+corner,,,construction_path,direct_fit,625,113042,112035,112035,0,0.99109180658516305,0.99109180658516305,0,112552,112035,112035,0,0.99540656763096169,0.99540656763096169,0,0,0,0
method,zalesak,circular+corner,,,construction_path,merged,625,113042,979,979,0,0.0086604978680490437,0.0086604978680490437,0,112552,489,489,0,0.0043446584689743406,0.0043446584689743406,0,0,0,0
method,zalesak,circular+corner,,,construction_path,plic_fallback,625,113042,28,28,0,0.00024769554678791955,0.00024769554678791955,0,112552,28,28,0,0.00024877390006397044,0.00024877390006397044,0,0,0,0
method,zalesak,circular+corner,,,final_facet,circular,625,113042,67958,67960,2,0.60117478459333695,0.60119247713239332,1.7692539056368695e-05,112552,67877,67879,2,0.60307235766579004,0.60309012723008026,1.7769564290226469e-05,0,0,0
method,zalesak,circular+corner,,,final_facet,curved_corner,625,113042,6264,6259,-5,0.055413032324268856,0.055368800976628156,-4.4231347640699692e-05,112552,6020,6015,-5,0.05348638851375364,0.053441964603027935,-4.4423910725704951e-05,0,0,0
method,zalesak,circular+corner,,,final_facet,linear,625,113042,35950,35953,3,0.31802338953663239,0.31804992834521684,2.653880858444202e-05,112552,35930,35933,3,0.31923022247494492,0.31925687682138032,2.6654346435395215e-05,0,0,0
method,zalesak,circular+corner,,,final_facet,linear_corner,625,113042,2870,2870,0,0.025388793545761752,0.025388793545761752,0,112552,2725,2725,0,0.024211031345511409,0.024211031345511409,0,0,0,0
method,zalesak,circular+corner,,,merge,independent,625,113042,112063,112063,0,0.99133950213195099,0.99133950213195099,0,112552,112063,112063,0,0.99565534153102564,0.99565534153102564,0,0,0,0
method,zalesak,circular+corner,,,merge,merged,625,113042,979,979,0,0.0086604978680490437,0.0086604978680490437,0,112552,489,489,0,0.0043446584689743406,0.0043446584689743406,0,0,0,0
method,zalesak,circular+corner,,,orientation_status,oriented,625,113042,113014,113014,0,0.99975230445321206,0.99975230445321206,0,112552,0,0,0,0,0,0,0,0,0
method,zalesak,circular+corner,,,orientation_status,unresolved_or_deadend,625,113042,28,28,0,0.00024769554678791955,0.00024769554678791955,0,112552,0,0,0,0,0,0,0,0,0
method,zalesak,circular+corner,,,plic_fallback_policy,ELVIRA,625,113042,0,0,0,0,0,0,112552,0,0,0,0,0,0,0,0,0
method,zalesak,circular+corner,,,plic_fallback_policy,LVIRA,625,113042,28,28,0,0.00024769554678791955,0.00024769554678791955,0,112552,28,28,0,0.00024877390006397044,0.00024877390006397044,0,28,28,0
method,zalesak,circular+corner,,,plic_fallback_policy,Youngs,625,113042,0,0,0,0,0,0,112552,0,0,0,0,0,0,0,0,0
method,zalesak,circular+corner,,,rescue,corner_arc_corner_triplet,625,113042,0,0,0,0,0,0,112552,0,0,0,0,0,0,0,0,0
method,zalesak,circular+corner,,,rescue,curved_corner_loop,625,113042,0,0,0,0,0,0,112552,0,0,0,0,0,0,0,0,0
method,zalesak,circular+corner,,,rescue,curved_corner_transition,625,113042,0,0,0,0,0,0,112552,0,0,0,0,0,0,0,0,0
method,zalesak,circular+corner,,,rescue,exact_linear_support,625,113042,378,379,1,0.0033438898816369137,0.0033527361511650538,8.8462695281401119e-06,112552,372,373,1,0.0033051389579927502,0.0033140237401378917,8.884782145141424e-06,372,373,1
method,zalesak,linear,,,construction_path,direct_fit,625,113042,112035,112035,0,0.99109180658516305,0.99109180658516305,0,112552,112035,112035,0,0.99540656763096169,0.99540656763096169,0,0,0,0
method,zalesak,linear,,,construction_path,merged,625,113042,979,979,0,0.0086604978680490437,0.0086604978680490437,0,112552,489,489,0,0.0043446584689743406,0.0043446584689743406,0,0,0,0
method,zalesak,linear,,,construction_path,plic_fallback,625,113042,28,28,0,0.00024769554678791955,0.00024769554678791955,0,112552,28,28,0,0.00024877390006397044,0.00024877390006397044,0,0,0,0
method,zalesak,linear,,,final_facet,circular,625,113042,0,0,0,0,0,0,112552,0,0,0,0,0,0,0,0,0
method,zalesak,linear,,,final_facet,curved_corner,625,113042,0,0,0,0,0,0,112552,0,0,0,0,0,0,0,0,0
method,zalesak,linear,,,final_facet,linear,625,113042,113042,113042,0,1,1,0,112552,112552,112552,0,1,1,0,0,0,0
method,zalesak,linear,,,final_facet,linear_corner,625,113042,0,0,0,0,0,0,112552,0,0,0,0,0,0,0,0,0
method,zalesak,linear,,,merge,independent,625,113042,112063,112063,0,0.99133950213195099,0.99133950213195099,0,112552,112063,112063,0,0.99565534153102564,0.99565534153102564,0,0,0,0
method,zalesak,linear,,,merge,merged,625,113042,979,979,0,0.0086604978680490437,0.0086604978680490437,0,112552,489,489,0,0.0043446584689743406,0.0043446584689743406,0,0,0,0
method,zalesak,linear,,,orientation_status,oriented,625,113042,113014,113014,0,0.99975230445321206,0.99975230445321206,0,112552,0,0,0,0,0,0,0,0,0
method,zalesak,linear,,,orientation_status,unresolved_or_deadend,625,113042,28,28,0,0.00024769554678791955,0.00024769554678791955,0,112552,0,0,0,0,0,0,0,0,0
method,zalesak,linear,,,plic_fallback_policy,ELVIRA,625,113042,0,0,0,0,0,0,112552,0,0,0,0,0,0,0,0,0
method,zalesak,linear,,,plic_fallback_policy,LVIRA,625,113042,28,28,0,0.00024769554678791955,0.00024769554678791955,0,112552,28,28,0,0.00024877390006397044,0.00024877390006397044,0,28,28,0
method,zalesak,linear,,,plic_fallback_policy,Youngs,625,113042,0,0,0,0,0,0,112552,0,0,0,0,0,0,0,0,0
method,zalesak,linear,,,rescue,corner_arc_corner_triplet,625,113042,0,0,0,0,0,0,112552,0,0,0,0,0,0,0,0,0
method,zalesak,linear,,,rescue,curved_corner_loop,625,113042,0,0,0,0,0,0,112552,0,0,0,0,0,0,0,0,0
method,zalesak,linear,,,rescue,curved_corner_transition,625,113042,0,0,0,0,0,0,112552,0,0,0,0,0,0,0,0,0
method,zalesak,linear,,,rescue,exact_linear_support,625,113042,0,0,0,0,0,0,112552,0,0,0,0,0,0,0,0,0
overall,,,,,construction_path,direct_fit,7500,967979,962043,962043,0,0.99386763555820945,0.99386763555820945,0,965247,962043,962043,0,0.99668064236407883,0.99668064236407883,0,0,0,0
overall,,,,,construction_path,merged,7500,967979,5461,5461,0,0.0056416513168157578,0.0056416513168157578,0,965247,2729,2729,0,0.002827255614366064,0.002827255614366064,0,0,0,0
overall,,,,,construction_path,plic_fallback,7500,967979,475,475,0,0.00049071312497481862,0.00049071312497481862,0,965247,475,475,0,0.0004921020215551045,0.0004921020215551045,0,0,0,0
overall,,,,,final_facet,circular,7500,967979,323879,323882,3,0.33459300253414587,0.33459610177493521,3.0992407893393192e-06,965247,322966,322969,3,0.33459415051277031,0.33459725852553801,3.1080127677052261e-06,0,0,0
overall,,,,,final_facet,curved_corner,7500,967979,6264,6259,-5,0.0064712147680889773,0.0064660493667734525,-5.1654013155247661e-06,965247,6020,6015,-5,0.0062367456205510092,0.0062315655992714819,-5.1800212795272138e-06,0,0,0
overall,,,,,final_facet,linear,7500,967979,627097,627099,2,0.64784153375228182,0.64784359991280804,2.0661605262262128e-06,965247,626059,626061,2,0.64859978844793098,0.64860186045644275,2.0720085117664766e-06,0,0,0
overall,,,,,final_facet,linear_corner,7500,967979,10739,10739,0,0.011094248945483321,0.011094248945483321,0,965247,10202,10202,0,0.010569315418747741,0.010569315418747741,0,0,0,0
overall,,,,,merge,independent,7500,967979,962518,962518,0,0.99435834868318429,0.99435834868318429,0,965247,962518,962518,0,0.99717274438563397,0.99717274438563397,0,0,0,0
overall,,,,,merge,merged,7500,967979,5461,5461,0,0.0056416513168157578,0.0056416513168157578,0,965247,2729,2729,0,0.002827255614366064,0.002827255614366064,0,0,0,0
overall,,,,,orientation_status,oriented,7500,967979,967504,967504,0,0.99950928687502516,0.99950928687502516,0,965247,0,0,0,0,0,0,0,0,0
overall,,,,,orientation_status,unresolved_or_deadend,7500,967979,475,475,0,0.00049071312497481862,0.00049071312497481862,0,965247,0,0,0,0,0,0,0,0,0
overall,,,,,plic_fallback_policy,ELVIRA,7500,967979,0,0,0,0,0,0,965247,0,0,0,0,0,0,0,0,0
overall,,,,,plic_fallback_policy,LVIRA,7500,967979,475,475,0,0.00049071312497481862,0.00049071312497481862,0,965247,475,475,0,0.0004921020215551045,0.0004921020215551045,0,475,475,0
overall,,,,,plic_fallback_policy,Youngs,7500,967979,0,0,0,0,0,0,965247,0,0,0,0,0,0,0,0,0
overall,,,,,rescue,corner_arc_corner_triplet,7500,967979,0,0,0,0,0,0,965247,0,0,0,0,0,0,0,0,0
overall,,,,,rescue,curved_corner_loop,7500,967979,0,0,0,0,0,0,965247,0,0,0,0,0,0,0,0,0
overall,,,,,rescue,curved_corner_transition,7500,967979,0,0,0,0,0,0,965247,0,0,0,0,0,0,0,0,0
overall,,,,,rescue,exact_linear_support,7500,967979,378,379,1,0.00039050433945364517,0.00039153741971675003,1.0330802631048665e-06,965247,372,373,1,0.00038539358319683977,0.00038642958745274523,1.0360042559054644e-06,372,373,1
setting,circles,circular,100,0,construction_path,direct_fit,25,2000,2000,2000,0,1,1,0,2000,2000,2000,0,1,1,0,0,0,0
setting,circles,circular,100,0,construction_path,merged,25,2000,0,0,0,0,0,0,2000,0,0,0,0,0,0,0,0,0
setting,circles,circular,100,0,construction_path,plic_fallback,25,2000,0,0,0,0,0,0,2000,0,0,0,0,0,0,0,0,0
setting,circles,circular,100,0,final_facet,circular,25,2000,2000,2000,0,1,1,0,2000,2000,2000,0,1,1,0,0,0,0
setting,circles,circular,100,0,final_facet,curved_corner,25,2000,0,0,0,0,0,0,2000,0,0,0,0,0,0,0,0,0
setting,circles,circular,100,0,final_facet,linear,25,2000,0,0,0,0,0,0,2000,0,0,0,0,0,0,0,0,0
setting,circles,circular,100,0,final_facet,linear_corner,25,2000,0,0,0,0,0,0,2000,0,0,0,0,0,0,0,0,0
setting,circles,circular,100,0,merge,independent,25,2000,2000,2000,0,1,1,0,2000,2000,2000,0,1,1,0,0,0,0
setting,circles,circular,100,0,merge,merged,25,2000,0,0,0,0,0,0,2000,0,0,0,0,0,0,0,0,0
setting,circles,circular,100,0,orientation_status,oriented,25,2000,2000,2000,0,1,1,0,2000,0,0,0,0,0,0,0,0,0
setting,circles,circular,100,0,orientation_status,unresolved_or_deadend,25,2000,0,0,0,0,0,0,2000,0,0,0,0,0,0,0,0,0
setting,circles,circular,100,0,plic_fallback_policy,ELVIRA,25,2000,0,0,0,0,0,0,2000,0,0,0,0,0,0,0,0,0
setting,circles,circular,100,0,plic_fallback_policy,LVIRA,25,2000,0,0,0,0,0,0,2000,0,0,0,0,0,0,0,0,0
setting,circles,circular,100,0,plic_fallback_policy,Youngs,25,2000,0,0,0,0,0,0,2000,0,0,0,0,0,0,0,0,0
setting,circles,circular,100,0,rescue,corner_arc_corner_triplet,25,2000,0,0,0,0,0,0,2000,0,0,0,0,0,0,0,0,0
setting,circles,circular,100,0,rescue,curved_corner_loop,25,2000,0,0,0,0,0,0,2000,0,0,0,0,0,0,0,0,0
setting,circles,circular,100,0,rescue,curved_corner_transition,25,2000,0,0,0,0,0,0,2000,0,0,0,0,0,0,0,0,0
setting,circles,circular,100,0,rescue,exact_linear_support,25,2000,0,0,0,0,0,0,2000,0,0,0,0,0,0,0,0,0
setting,circles,circular,100,0.05,construction_path,direct_fit,25,2002,2000,2000,0,0.99900099900099903,0.99900099900099903,0,2002,2000,2000,0,0.99900099900099903,0.99900099900099903,0,0,0,0
setting,circles,circular,100,0.05,construction_path,merged,25,2002,0,0,0,0,0,0,2002,0,0,0,0,0,0,0,0,0
setting,circles,circular,100,0.05,construction_path,plic_fallback,25,2002,2,2,0,0.000999000999000999,0.000999000999000999,0,2002,2,2,0,0.000999000999000999,0.000999000999000999,0,0,0,0
setting,circles,circular,100,0.05,final_facet,circular,25,2002,2000,2000,0,0.99900099900099903,0.99900099900099903,0,2002,2000,2000,0,0.99900099900099903,0.99900099900099903,0,0,0,0
setting,circles,circular,100,0.05,final_facet,curved_corner,25,2002,0,0,0,0,0,0,2002,0,0,0,0,0,0,0,0,0
setting,circles,circular,100,0.05,final_facet,linear,25,2002,2,2,0,0.000999000999000999,0.000999000999000999,0,2002,2,2,0,0.000999000999000999,0.000999000999000999,0,0,0,0
setting,circles,circular,100,0.05,final_facet,linear_corner,25,2002,0,0,0,0,0,0,2002,0,0,0,0,0,0,0,0,0
setting,circles,circular,100,0.05,merge,independent,25,2002,2002,2002,0,1,1,0,2002,2002,2002,0,1,1,0,0,0,0
setting,circles,circular,100,0.05,merge,merged,25,2002,0,0,0,0,0,0,2002,0,0,0,0,0,0,0,0,0
setting,circles,circular,100,0.05,orientation_status,oriented,25,2002,2000,2000,0,0.99900099900099903,0.99900099900099903,0,2002,0,0,0,0,0,0,0,0,0
setting,circles,circular,100,0.05,orientation_status,unresolved_or_deadend,25,2002,2,2,0,0.000999000999000999,0.000999000999000999,0,2002,0,0,0,0,0,0,0,0,0
setting,circles,circular,100,0.05,plic_fallback_policy,ELVIRA,25,2002,0,0,0,0,0,0,2002,0,0,0,0,0,0,0,0,0
setting,circles,circular,100,0.05,plic_fallback_policy,LVIRA,25,2002,2,2,0,0.000999000999000999,0.000999000999000999,0,2002,2,2,0,0.000999000999000999,0.000999000999000999,0,2,2,0
setting,circles,circular,100,0.05,plic_fallback_policy,Youngs,25,2002,0,0,0,0,0,0,2002,0,0,0,0,0,0,0,0,0
setting,circles,circular,100,0.05,rescue,corner_arc_corner_triplet,25,2002,0,0,0,0,0,0,2002,0,0,0,0,0,0,0,0,0
setting,circles,circular,100,0.05,rescue,curved_corner_loop,25,2002,0,0,0,0,0,0,2002,0,0,0,0,0,0,0,0,0
setting,circles,circular,100,0.05,rescue,curved_corner_transition,25,2002,0,0,0,0,0,0,2002,0,0,0,0,0,0,0,0,0
setting,circles,circular,100,0.05,rescue,exact_linear_support,25,2002,0,0,0,0,0,0,2002,0,0,0,0,0,0,0,0,0
setting,circles,circular,100,0.1,construction_path,direct_fit,25,2010,2010,2010,0,1,1,0,2010,2010,2010,0,1,1,0,0,0,0
setting,circles,circular,100,0.1,construction_path,merged,25,2010,0,0,0,0,0,0,2010,0,0,0,0,0,0,0,0,0
setting,circles,circular,100,0.1,construction_path,plic_fallback,25,2010,0,0,0,0,0,0,2010,0,0,0,0,0,0,0,0,0
setting,circles,circular,100,0.1,final_facet,circular,25,2010,2010,2010,0,1,1,0,2010,2010,2010,0,1,1,0,0,0,0
setting,circles,circular,100,0.1,final_facet,curved_corner,25,2010,0,0,0,0,0,0,2010,0,0,0,0,0,0,0,0,0
setting,circles,circular,100,0.1,final_facet,linear,25,2010,0,0,0,0,0,0,2010,0,0,0,0,0,0,0,0,0
setting,circles,circular,100,0.1,final_facet,linear_corner,25,2010,0,0,0,0,0,0,2010,0,0,0,0,0,0,0,0,0
setting,circles,circular,100,0.1,merge,independent,25,2010,2010,2010,0,1,1,0,2010,2010,2010,0,1,1,0,0,0,0
setting,circles,circular,100,0.1,merge,merged,25,2010,0,0,0,0,0,0,2010,0,0,0,0,0,0,0,0,0
setting,circles,circular,100,0.1,orientation_status,oriented,25,2010,2010,2010,0,1,1,0,2010,0,0,0,0,0,0,0,0,0
setting,circles,circular,100,0.1,orientation_status,unresolved_or_deadend,25,2010,0,0,0,0,0,0,2010,0,0,0,0,0,0,0,0,0
setting,circles,circular,100,0.1,plic_fallback_policy,ELVIRA,25,2010,0,0,0,0,0,0,2010,0,0,0,0,0,0,0,0,0
setting,circles,circular,100,0.1,plic_fallback_policy,LVIRA,25,2010,0,0,0,0,0,0,2010,0,0,0,0,0,0,0,0,0
setting,circles,circular,100,0.1,plic_fallback_policy,Youngs,25,2010,0,0,0,0,0,0,2010,0,0,0,0,0,0,0,0,0
setting,circles,circular,100,0.1,rescue,corner_arc_corner_triplet,25,2010,0,0,0,0,0,0,2010,0,0,0,0,0,0,0,0,0
setting,circles,circular,100,0.1,rescue,curved_corner_loop,25,2010,0,0,0,0,0,0,2010,0,0,0,0,0,0,0,0,0
setting,circles,circular,100,0.1,rescue,curved_corner_transition,25,2010,0,0,0,0,0,0,2010,0,0,0,0,0,0,0,0,0
setting,circles,circular,100,0.1,rescue,exact_linear_support,25,2010,0,0,0,0,0,0,2010,0,0,0,0,0,0,0,0,0
setting,circles,circular,100,0.2,construction_path,direct_fit,25,2041,2035,2035,0,0.99706026457618813,0.99706026457618813,0,2038,2035,2035,0,0.99852796859666337,0.99852796859666337,0,0,0,0
setting,circles,circular,100,0.2,construction_path,merged,25,2041,6,6,0,0.0029397354238118569,0.0029397354238118569,0,2038,3,3,0,0.0014720314033366045,0.0014720314033366045,0,0,0,0
setting,circles,circular,100,0.2,construction_path,plic_fallback,25,2041,0,0,0,0,0,0,2038,0,0,0,0,0,0,0,0,0
setting,circles,circular,100,0.2,final_facet,circular,25,2041,2041,2041,0,1,1,0,2038,2038,2038,0,1,1,0,0,0,0
setting,circles,circular,100,0.2,final_facet,curved_corner,25,2041,0,0,0,0,0,0,2038,0,0,0,0,0,0,0,0,0
setting,circles,circular,100,0.2,final_facet,linear,25,2041,0,0,0,0,0,0,2038,0,0,0,0,0,0,0,0,0
setting,circles,circular,100,0.2,final_facet,linear_corner,25,2041,0,0,0,0,0,0,2038,0,0,0,0,0,0,0,0,0
setting,circles,circular,100,0.2,merge,independent,25,2041,2035,2035,0,0.99706026457618813,0.99706026457618813,0,2038,2035,2035,0,0.99852796859666337,0.99852796859666337,0,0,0,0
setting,circles,circular,100,0.2,merge,merged,25,2041,6,6,0,0.0029397354238118569,0.0029397354238118569,0,2038,3,3,0,0.0014720314033366045,0.0014720314033366045,0,0,0,0
setting,circles,circular,100,0.2,orientation_status,oriented,25,2041,2041,2041,0,1,1,0,2038,0,0,0,0,0,0,0,0,0
setting,circles,circular,100,0.2,orientation_status,unresolved_or_deadend,25,2041,0,0,0,0,0,0,2038,0,0,0,0,0,0,0,0,0
setting,circles,circular,100,0.2,plic_fallback_policy,ELVIRA,25,2041,0,0,0,0,0,0,2038,0,0,0,0,0,0,0,0,0
setting,circles,circular,100,0.2,plic_fallback_policy,LVIRA,25,2041,0,0,0,0,0,0,2038,0,0,0,0,0,0,0,0,0
setting,circles,circular,100,0.2,plic_fallback_policy,Youngs,25,2041,0,0,0,0,0,0,2038,0,0,0,0,0,0,0,0,0
setting,circles,circular,100,0.2,rescue,corner_arc_corner_triplet,25,2041,0,0,0,0,0,0,2038,0,0,0,0,0,0,0,0,0
setting,circles,circular,100,0.2,rescue,curved_corner_loop,25,2041,0,0,0,0,0,0,2038,0,0,0,0,0,0,0,0,0
setting,circles,circular,100,0.2,rescue,curved_corner_transition,25,2041,0,0,0,0,0,0,2038,0,0,0,0,0,0,0,0,0
setting,circles,circular,100,0.2,rescue,exact_linear_support,25,2041,0,0,0,0,0,0,2038,0,0,0,0,0,0,0,0,0
setting,circles,circular,100,0.3,construction_path,direct_fit,25,2087,2085,2085,0,0.99904168663152848,0.99904168663152848,0,2086,2085,2085,0,0.99952061361457334,0.99952061361457334,0,0,0,0
setting,circles,circular,100,0.3,construction_path,merged,25,2087,2,2,0,0.00095831336847149022,0.00095831336847149022,0,2086,1,1,0,0.00047938638542665386,0.00047938638542665386,0,0,0,0
setting,circles,circular,100,0.3,construction_path,plic_fallback,25,2087,0,0,0,0,0,0,2086,0,0,0,0,0,0,0,0,0
setting,circles,circular,100,0.3,final_facet,circular,25,2087,2087,2087,0,1,1,0,2086,2086,2086,0,1,1,0,0,0,0
setting,circles,circular,100,0.3,final_facet,curved_corner,25,2087,0,0,0,0,0,0,2086,0,0,0,0,0,0,0,0,0
setting,circles,circular,100,0.3,final_facet,linear,25,2087,0,0,0,0,0,0,2086,0,0,0,0,0,0,0,0,0
setting,circles,circular,100,0.3,final_facet,linear_corner,25,2087,0,0,0,0,0,0,2086,0,0,0,0,0,0,0,0,0
setting,circles,circular,100,0.3,merge,independent,25,2087,2085,2085,0,0.99904168663152848,0.99904168663152848,0,2086,2085,2085,0,0.99952061361457334,0.99952061361457334,0,0,0,0
setting,circles,circular,100,0.3,merge,merged,25,2087,2,2,0,0.00095831336847149022,0.00095831336847149022,0,2086,1,1,0,0.00047938638542665386,0.00047938638542665386,0,0,0,0
setting,circles,circular,100,0.3,orientation_status,oriented,25,2087,2087,2087,0,1,1,0,2086,0,0,0,0,0,0,0,0,0
setting,circles,circular,100,0.3,orientation_status,unresolved_or_deadend,25,2087,0,0,0,0,0,0,2086,0,0,0,0,0,0,0,0,0
setting,circles,circular,100,0.3,plic_fallback_policy,ELVIRA,25,2087,0,0,0,0,0,0,2086,0,0,0,0,0,0,0,0,0
setting,circles,circular,100,0.3,plic_fallback_policy,LVIRA,25,2087,0,0,0,0,0,0,2086,0,0,0,0,0,0,0,0,0
setting,circles,circular,100,0.3,plic_fallback_policy,Youngs,25,2087,0,0,0,0,0,0,2086,0,0,0,0,0,0,0,0,0
setting,circles,circular,100,0.3,rescue,corner_arc_corner_triplet,25,2087,0,0,0,0,0,0,2086,0,0,0,0,0,0,0,0,0
setting,circles,circular,100,0.3,rescue,curved_corner_loop,25,2087,0,0,0,0,0,0,2086,0,0,0,0,0,0,0,0,0
setting,circles,circular,100,0.3,rescue,curved_corner_transition,25,2087,0,0,0,0,0,0,2086,0,0,0,0,0,0,0,0,0
setting,circles,circular,100,0.3,rescue,exact_linear_support,25,2087,0,0,0,0,0,0,2086,0,0,0,0,0,0,0,0,0
setting,circles,circular,128,0,construction_path,direct_fit,25,2549,2547,2547,0,0.99921537857983522,0.99921537857983522,0,2548,2547,2547,0,0.99960753532182101,0.99960753532182101,0,0,0,0
setting,circles,circular,128,0,construction_path,merged,25,2549,2,2,0,0.00078462142016477048,0.00078462142016477048,0,2548,1,1,0,0.00039246467817896392,0.00039246467817896392,0,0,0,0
setting,circles,circular,128,0,construction_path,plic_fallback,25,2549,0,0,0,0,0,0,2548,0,0,0,0,0,0,0,0,0
setting,circles,circular,128,0,final_facet,circular,25,2549,2549,2549,0,1,1,0,2548,2548,2548,0,1,1,0,0,0,0
setting,circles,circular,128,0,final_facet,curved_corner,25,2549,0,0,0,0,0,0,2548,0,0,0,0,0,0,0,0,0
setting,circles,circular,128,0,final_facet,linear,25,2549,0,0,0,0,0,0,2548,0,0,0,0,0,0,0,0,0
setting,circles,circular,128,0,final_facet,linear_corner,25,2549,0,0,0,0,0,0,2548,0,0,0,0,0,0,0,0,0
setting,circles,circular,128,0,merge,independent,25,2549,2547,2547,0,0.99921537857983522,0.99921537857983522,0,2548,2547,2547,0,0.99960753532182101,0.99960753532182101,0,0,0,0
setting,circles,circular,128,0,merge,merged,25,2549,2,2,0,0.00078462142016477048,0.00078462142016477048,0,2548,1,1,0,0.00039246467817896392,0.00039246467817896392,0,0,0,0
setting,circles,circular,128,0,orientation_status,oriented,25,2549,2549,2549,0,1,1,0,2548,0,0,0,0,0,0,0,0,0
setting,circles,circular,128,0,orientation_status,unresolved_or_deadend,25,2549,0,0,0,0,0,0,2548,0,0,0,0,0,0,0,0,0
setting,circles,circular,128,0,plic_fallback_policy,ELVIRA,25,2549,0,0,0,0,0,0,2548,0,0,0,0,0,0,0,0,0
setting,circles,circular,128,0,plic_fallback_policy,LVIRA,25,2549,0,0,0,0,0,0,2548,0,0,0,0,0,0,0,0,0
setting,circles,circular,128,0,plic_fallback_policy,Youngs,25,2549,0,0,0,0,0,0,2548,0,0,0,0,0,0,0,0,0
setting,circles,circular,128,0,rescue,corner_arc_corner_triplet,25,2549,0,0,0,0,0,0,2548,0,0,0,0,0,0,0,0,0
setting,circles,circular,128,0,rescue,curved_corner_loop,25,2549,0,0,0,0,0,0,2548,0,0,0,0,0,0,0,0,0
setting,circles,circular,128,0,rescue,curved_corner_transition,25,2549,0,0,0,0,0,0,2548,0,0,0,0,0,0,0,0,0
setting,circles,circular,128,0,rescue,exact_linear_support,25,2549,0,0,0,0,0,0,2548,0,0,0,0,0,0,0,0,0
setting,circles,circular,128,0.05,construction_path,direct_fit,25,2549,2547,2547,0,0.99921537857983522,0.99921537857983522,0,2548,2547,2547,0,0.99960753532182101,0.99960753532182101,0,0,0,0
setting,circles,circular,128,0.05,construction_path,merged,25,2549,2,2,0,0.00078462142016477048,0.00078462142016477048,0,2548,1,1,0,0.00039246467817896392,0.00039246467817896392,0,0,0,0
setting,circles,circular,128,0.05,construction_path,plic_fallback,25,2549,0,0,0,0,0,0,2548,0,0,0,0,0,0,0,0,0
setting,circles,circular,128,0.05,final_facet,circular,25,2549,2549,2549,0,1,1,0,2548,2548,2548,0,1,1,0,0,0,0
setting,circles,circular,128,0.05,final_facet,curved_corner,25,2549,0,0,0,0,0,0,2548,0,0,0,0,0,0,0,0,0
setting,circles,circular,128,0.05,final_facet,linear,25,2549,0,0,0,0,0,0,2548,0,0,0,0,0,0,0,0,0
setting,circles,circular,128,0.05,final_facet,linear_corner,25,2549,0,0,0,0,0,0,2548,0,0,0,0,0,0,0,0,0
setting,circles,circular,128,0.05,merge,independent,25,2549,2547,2547,0,0.99921537857983522,0.99921537857983522,0,2548,2547,2547,0,0.99960753532182101,0.99960753532182101,0,0,0,0
setting,circles,circular,128,0.05,merge,merged,25,2549,2,2,0,0.00078462142016477048,0.00078462142016477048,0,2548,1,1,0,0.00039246467817896392,0.00039246467817896392,0,0,0,0
setting,circles,circular,128,0.05,orientation_status,oriented,25,2549,2549,2549,0,1,1,0,2548,0,0,0,0,0,0,0,0,0
setting,circles,circular,128,0.05,orientation_status,unresolved_or_deadend,25,2549,0,0,0,0,0,0,2548,0,0,0,0,0,0,0,0,0
setting,circles,circular,128,0.05,plic_fallback_policy,ELVIRA,25,2549,0,0,0,0,0,0,2548,0,0,0,0,0,0,0,0,0
setting,circles,circular,128,0.05,plic_fallback_policy,LVIRA,25,2549,0,0,0,0,0,0,2548,0,0,0,0,0,0,0,0,0
setting,circles,circular,128,0.05,plic_fallback_policy,Youngs,25,2549,0,0,0,0,0,0,2548,0,0,0,0,0,0,0,0,0
setting,circles,circular,128,0.05,rescue,corner_arc_corner_triplet,25,2549,0,0,0,0,0,0,2548,0,0,0,0,0,0,0,0,0
setting,circles,circular,128,0.05,rescue,curved_corner_loop,25,2549,0,0,0,0,0,0,2548,0,0,0,0,0,0,0,0,0
setting,circles,circular,128,0.05,rescue,curved_corner_transition,25,2549,0,0,0,0,0,0,2548,0,0,0,0,0,0,0,0,0
setting,circles,circular,128,0.05,rescue,exact_linear_support,25,2549,0,0,0,0,0,0,2548,0,0,0,0,0,0,0,0,0
setting,circles,circular,128,0.1,construction_path,direct_fit,25,2552,2548,2548,0,0.99843260188087779,0.99843260188087779,0,2550,2548,2548,0,0.99921568627450985,0.99921568627450985,0,0,0,0
setting,circles,circular,128,0.1,construction_path,merged,25,2552,4,4,0,0.001567398119122257,0.001567398119122257,0,2550,2,2,0,0.00078431372549019605,0.00078431372549019605,0,0,0,0
setting,circles,circular,128,0.1,construction_path,plic_fallback,25,2552,0,0,0,0,0,0,2550,0,0,0,0,0,0,0,0,0
setting,circles,circular,128,0.1,final_facet,circular,25,2552,2552,2552,0,1,1,0,2550,2550,2550,0,1,1,0,0,0,0
setting,circles,circular,128,0.1,final_facet,curved_corner,25,2552,0,0,0,0,0,0,2550,0,0,0,0,0,0,0,0,0
setting,circles,circular,128,0.1,final_facet,linear,25,2552,0,0,0,0,0,0,2550,0,0,0,0,0,0,0,0,0
setting,circles,circular,128,0.1,final_facet,linear_corner,25,2552,0,0,0,0,0,0,2550,0,0,0,0,0,0,0,0,0
setting,circles,circular,128,0.1,merge,independent,25,2552,2548,2548,0,0.99843260188087779,0.99843260188087779,0,2550,2548,2548,0,0.99921568627450985,0.99921568627450985,0,0,0,0
setting,circles,circular,128,0.1,merge,merged,25,2552,4,4,0,0.001567398119122257,0.001567398119122257,0,2550,2,2,0,0.00078431372549019605,0.00078431372549019605,0,0,0,0
setting,circles,circular,128,0.1,orientation_status,oriented,25,2552,2552,2552,0,1,1,0,2550,0,0,0,0,0,0,0,0,0
setting,circles,circular,128,0.1,orientation_status,unresolved_or_deadend,25,2552,0,0,0,0,0,0,2550,0,0,0,0,0,0,0,0,0
setting,circles,circular,128,0.1,plic_fallback_policy,ELVIRA,25,2552,0,0,0,0,0,0,2550,0,0,0,0,0,0,0,0,0
setting,circles,circular,128,0.1,plic_fallback_policy,LVIRA,25,2552,0,0,0,0,0,0,2550,0,0,0,0,0,0,0,0,0
setting,circles,circular,128,0.1,plic_fallback_policy,Youngs,25,2552,0,0,0,0,0,0,2550,0,0,0,0,0,0,0,0,0
setting,circles,circular,128,0.1,rescue,corner_arc_corner_triplet,25,2552,0,0,0,0,0,0,2550,0,0,0,0,0,0,0,0,0
setting,circles,circular,128,0.1,rescue,curved_corner_loop,25,2552,0,0,0,0,0,0,2550,0,0,0,0,0,0,0,0,0
setting,circles,circular,128,0.1,rescue,curved_corner_transition,25,2552,0,0,0,0,0,0,2550,0,0,0,0,0,0,0,0,0
setting,circles,circular,128,0.1,rescue,exact_linear_support,25,2552,0,0,0,0,0,0,2550,0,0,0,0,0,0,0,0,0
setting,circles,circular,128,0.2,construction_path,direct_fit,25,2577,2575,2575,0,0.99922390376406678,0.99922390376406678,0,2576,2575,2575,0,0.99961180124223603,0.99961180124223603,0,0,0,0
setting,circles,circular,128,0.2,construction_path,merged,25,2577,2,2,0,0.00077609623593325567,0.00077609623593325567,0,2576,1,1,0,0.00038819875776397513,0.00038819875776397513,0,0,0,0
setting,circles,circular,128,0.2,construction_path,plic_fallback,25,2577,0,0,0,0,0,0,2576,0,0,0,0,0,0,0,0,0
setting,circles,circular,128,0.2,final_facet,circular,25,2577,2577,2577,0,1,1,0,2576,2576,2576,0,1,1,0,0,0,0
setting,circles,circular,128,0.2,final_facet,curved_corner,25,2577,0,0,0,0,0,0,2576,0,0,0,0,0,0,0,0,0
setting,circles,circular,128,0.2,final_facet,linear,25,2577,0,0,0,0,0,0,2576,0,0,0,0,0,0,0,0,0
setting,circles,circular,128,0.2,final_facet,linear_corner,25,2577,0,0,0,0,0,0,2576,0,0,0,0,0,0,0,0,0
setting,circles,circular,128,0.2,merge,independent,25,2577,2575,2575,0,0.99922390376406678,0.99922390376406678,0,2576,2575,2575,0,0.99961180124223603,0.99961180124223603,0,0,0,0
setting,circles,circular,128,0.2,merge,merged,25,2577,2,2,0,0.00077609623593325567,0.00077609623593325567,0,2576,1,1,0,0.00038819875776397513,0.00038819875776397513,0,0,0,0
setting,circles,circular,128,0.2,orientation_status,oriented,25,2577,2577,2577,0,1,1,0,2576,0,0,0,0,0,0,0,0,0
setting,circles,circular,128,0.2,orientation_status,unresolved_or_deadend,25,2577,0,0,0,0,0,0,2576,0,0,0,0,0,0,0,0,0
setting,circles,circular,128,0.2,plic_fallback_policy,ELVIRA,25,2577,0,0,0,0,0,0,2576,0,0,0,0,0,0,0,0,0
setting,circles,circular,128,0.2,plic_fallback_policy,LVIRA,25,2577,0,0,0,0,0,0,2576,0,0,0,0,0,0,0,0,0
setting,circles,circular,128,0.2,plic_fallback_policy,Youngs,25,2577,0,0,0,0,0,0,2576,0,0,0,0,0,0,0,0,0
setting,circles,circular,128,0.2,rescue,corner_arc_corner_triplet,25,2577,0,0,0,0,0,0,2576,0,0,0,0,0,0,0,0,0
setting,circles,circular,128,0.2,rescue,curved_corner_loop,25,2577,0,0,0,0,0,0,2576,0,0,0,0,0,0,0,0,0
setting,circles,circular,128,0.2,rescue,curved_corner_transition,25,2577,0,0,0,0,0,0,2576,0,0,0,0,0,0,0,0,0
setting,circles,circular,128,0.2,rescue,exact_linear_support,25,2577,0,0,0,0,0,0,2576,0,0,0,0,0,0,0,0,0
setting,circles,circular,128,0.3,construction_path,direct_fit,25,2614,2614,2614,0,1,1,0,2614,2614,2614,0,1,1,0,0,0,0
setting,circles,circular,128,0.3,construction_path,merged,25,2614,0,0,0,0,0,0,2614,0,0,0,0,0,0,0,0,0
setting,circles,circular,128,0.3,construction_path,plic_fallback,25,2614,0,0,0,0,0,0,2614,0,0,0,0,0,0,0,0,0
setting,circles,circular,128,0.3,final_facet,circular,25,2614,2609,2609,0,0.99808722264728389,0.99808722264728389,0,2614,2609,2609,0,0.99808722264728389,0.99808722264728389,0,0,0,0
setting,circles,circular,128,0.3,final_facet,curved_corner,25,2614,0,0,0,0,0,0,2614,0,0,0,0,0,0,0,0,0
setting,circles,circular,128,0.3,final_facet,linear,25,2614,5,5,0,0.0019127773527161439,0.0019127773527161439,0,2614,5,5,0,0.0019127773527161439,0.0019127773527161439,0,0,0,0
setting,circles,circular,128,0.3,final_facet,linear_corner,25,2614,0,0,0,0,0,0,2614,0,0,0,0,0,0,0,0,0
setting,circles,circular,128,0.3,merge,independent,25,2614,2614,2614,0,1,1,0,2614,2614,2614,0,1,1,0,0,0,0
setting,circles,circular,128,0.3,merge,merged,25,2614,0,0,0,0,0,0,2614,0,0,0,0,0,0,0,0,0
setting,circles,circular,128,0.3,orientation_status,oriented,25,2614,2614,2614,0,1,1,0,2614,0,0,0,0,0,0,0,0,0
setting,circles,circular,128,0.3,orientation_status,unresolved_or_deadend,25,2614,0,0,0,0,0,0,2614,0,0,0,0,0,0,0,0,0
setting,circles,circular,128,0.3,plic_fallback_policy,ELVIRA,25,2614,0,0,0,0,0,0,2614,0,0,0,0,0,0,0,0,0
setting,circles,circular,128,0.3,plic_fallback_policy,LVIRA,25,2614,0,0,0,0,0,0,2614,0,0,0,0,0,0,0,0,0
setting,circles,circular,128,0.3,plic_fallback_policy,Youngs,25,2614,0,0,0,0,0,0,2614,0,0,0,0,0,0,0,0,0
setting,circles,circular,128,0.3,rescue,corner_arc_corner_triplet,25,2614,0,0,0,0,0,0,2614,0,0,0,0,0,0,0,0,0
setting,circles,circular,128,0.3,rescue,curved_corner_loop,25,2614,0,0,0,0,0,0,2614,0,0,0,0,0,0,0,0,0
setting,circles,circular,128,0.3,rescue,curved_corner_transition,25,2614,0,0,0,0,0,0,2614,0,0,0,0,0,0,0,0,0
setting,circles,circular,128,0.3,rescue,exact_linear_support,25,2614,0,0,0,0,0,0,2614,0,0,0,0,0,0,0,0,0
setting,circles,circular,150,0,construction_path,direct_fit,25,3000,3000,3000,0,1,1,0,3000,3000,3000,0,1,1,0,0,0,0
setting,circles,circular,150,0,construction_path,merged,25,3000,0,0,0,0,0,0,3000,0,0,0,0,0,0,0,0,0
setting,circles,circular,150,0,construction_path,plic_fallback,25,3000,0,0,0,0,0,0,3000,0,0,0,0,0,0,0,0,0
setting,circles,circular,150,0,final_facet,circular,25,3000,3000,3000,0,1,1,0,3000,3000,3000,0,1,1,0,0,0,0
setting,circles,circular,150,0,final_facet,curved_corner,25,3000,0,0,0,0,0,0,3000,0,0,0,0,0,0,0,0,0
setting,circles,circular,150,0,final_facet,linear,25,3000,0,0,0,0,0,0,3000,0,0,0,0,0,0,0,0,0
setting,circles,circular,150,0,final_facet,linear_corner,25,3000,0,0,0,0,0,0,3000,0,0,0,0,0,0,0,0,0
setting,circles,circular,150,0,merge,independent,25,3000,3000,3000,0,1,1,0,3000,3000,3000,0,1,1,0,0,0,0
setting,circles,circular,150,0,merge,merged,25,3000,0,0,0,0,0,0,3000,0,0,0,0,0,0,0,0,0
setting,circles,circular,150,0,orientation_status,oriented,25,3000,3000,3000,0,1,1,0,3000,0,0,0,0,0,0,0,0,0
setting,circles,circular,150,0,orientation_status,unresolved_or_deadend,25,3000,0,0,0,0,0,0,3000,0,0,0,0,0,0,0,0,0
setting,circles,circular,150,0,plic_fallback_policy,ELVIRA,25,3000,0,0,0,0,0,0,3000,0,0,0,0,0,0,0,0,0
setting,circles,circular,150,0,plic_fallback_policy,LVIRA,25,3000,0,0,0,0,0,0,3000,0,0,0,0,0,0,0,0,0
setting,circles,circular,150,0,plic_fallback_policy,Youngs,25,3000,0,0,0,0,0,0,3000,0,0,0,0,0,0,0,0,0
setting,circles,circular,150,0,rescue,corner_arc_corner_triplet,25,3000,0,0,0,0,0,0,3000,0,0,0,0,0,0,0,0,0
setting,circles,circular,150,0,rescue,curved_corner_loop,25,3000,0,0,0,0,0,0,3000,0,0,0,0,0,0,0,0,0
setting,circles,circular,150,0,rescue,curved_corner_transition,25,3000,0,0,0,0,0,0,3000,0,0,0,0,0,0,0,0,0
setting,circles,circular,150,0,rescue,exact_linear_support,25,3000,0,0,0,0,0,0,3000,0,0,0,0,0,0,0,0,0
setting,circles,circular,150,0.05,construction_path,direct_fit,25,3000,3000,3000,0,1,1,0,3000,3000,3000,0,1,1,0,0,0,0
setting,circles,circular,150,0.05,construction_path,merged,25,3000,0,0,0,0,0,0,3000,0,0,0,0,0,0,0,0,0
setting,circles,circular,150,0.05,construction_path,plic_fallback,25,3000,0,0,0,0,0,0,3000,0,0,0,0,0,0,0,0,0
setting,circles,circular,150,0.05,final_facet,circular,25,3000,3000,3000,0,1,1,0,3000,3000,3000,0,1,1,0,0,0,0
setting,circles,circular,150,0.05,final_facet,curved_corner,25,3000,0,0,0,0,0,0,3000,0,0,0,0,0,0,0,0,0
setting,circles,circular,150,0.05,final_facet,linear,25,3000,0,0,0,0,0,0,3000,0,0,0,0,0,0,0,0,0
setting,circles,circular,150,0.05,final_facet,linear_corner,25,3000,0,0,0,0,0,0,3000,0,0,0,0,0,0,0,0,0
setting,circles,circular,150,0.05,merge,independent,25,3000,3000,3000,0,1,1,0,3000,3000,3000,0,1,1,0,0,0,0
setting,circles,circular,150,0.05,merge,merged,25,3000,0,0,0,0,0,0,3000,0,0,0,0,0,0,0,0,0
setting,circles,circular,150,0.05,orientation_status,oriented,25,3000,3000,3000,0,1,1,0,3000,0,0,0,0,0,0,0,0,0
setting,circles,circular,150,0.05,orientation_status,unresolved_or_deadend,25,3000,0,0,0,0,0,0,3000,0,0,0,0,0,0,0,0,0
setting,circles,circular,150,0.05,plic_fallback_policy,ELVIRA,25,3000,0,0,0,0,0,0,3000,0,0,0,0,0,0,0,0,0
setting,circles,circular,150,0.05,plic_fallback_policy,LVIRA,25,3000,0,0,0,0,0,0,3000,0,0,0,0,0,0,0,0,0
setting,circles,circular,150,0.05,plic_fallback_policy,Youngs,25,3000,0,0,0,0,0,0,3000,0,0,0,0,0,0,0,0,0
setting,circles,circular,150,0.05,rescue,corner_arc_corner_triplet,25,3000,0,0,0,0,0,0,3000,0,0,0,0,0,0,0,0,0
setting,circles,circular,150,0.05,rescue,curved_corner_loop,25,3000,0,0,0,0,0,0,3000,0,0,0,0,0,0,0,0,0
setting,circles,circular,150,0.05,rescue,curved_corner_transition,25,3000,0,0,0,0,0,0,3000,0,0,0,0,0,0,0,0,0
setting,circles,circular,150,0.05,rescue,exact_linear_support,25,3000,0,0,0,0,0,0,3000,0,0,0,0,0,0,0,0,0
setting,circles,circular,150,0.1,construction_path,direct_fit,25,3005,3001,3001,0,0.99866888519134778,0.99866888519134778,0,3004,3001,3001,0,0.99900133155792281,0.99900133155792281,0,0,0,0
setting,circles,circular,150,0.1,construction_path,merged,25,3005,2,2,0,0.00066555740432612314,0.00066555740432612314,0,3004,1,1,0,0.00033288948069241014,0.00033288948069241014,0,0,0,0
setting,circles,circular,150,0.1,construction_path,plic_fallback,25,3005,2,2,0,0.00066555740432612314,0.00066555740432612314,0,3004,2,2,0,0.00066577896138482028,0.00066577896138482028,0,0,0,0
setting,circles,circular,150,0.1,final_facet,circular,25,3005,3002,3002,0,0.99900166389351086,0.99900166389351086,0,3004,3001,3001,0,0.99900133155792281,0.99900133155792281,0,0,0,0
setting,circles,circular,150,0.1,final_facet,curved_corner,25,3005,0,0,0,0,0,0,3004,0,0,0,0,0,0,0,0,0
setting,circles,circular,150,0.1,final_facet,linear,25,3005,3,3,0,0.00099833610648918472,0.00099833610648918472,0,3004,3,3,0,0.00099866844207723037,0.00099866844207723037,0,0,0,0
setting,circles,circular,150,0.1,final_facet,linear_corner,25,3005,0,0,0,0,0,0,3004,0,0,0,0,0,0,0,0,0
setting,circles,circular,150,0.1,merge,independent,25,3005,3003,3003,0,0.99933444259567383,0.99933444259567383,0,3004,3003,3003,0,0.99966711051930757,0.99966711051930757,0,0,0,0
setting,circles,circular,150,0.1,merge,merged,25,3005,2,2,0,0.00066555740432612314,0.00066555740432612314,0,3004,1,1,0,0.00033288948069241014,0.00033288948069241014,0,0,0,0
setting,circles,circular,150,0.1,orientation_status,oriented,25,3005,3003,3003,0,0.99933444259567383,0.99933444259567383,0,3004,0,0,0,0,0,0,0,0,0
setting,circles,circular,150,0.1,orientation_status,unresolved_or_deadend,25,3005,2,2,0,0.00066555740432612314,0.00066555740432612314,0,3004,0,0,0,0,0,0,0,0,0
setting,circles,circular,150,0.1,plic_fallback_policy,ELVIRA,25,3005,0,0,0,0,0,0,3004,0,0,0,0,0,0,0,0,0
setting,circles,circular,150,0.1,plic_fallback_policy,LVIRA,25,3005,2,2,0,0.00066555740432612314,0.00066555740432612314,0,3004,2,2,0,0.00066577896138482028,0.00066577896138482028,0,2,2,0
setting,circles,circular,150,0.1,plic_fallback_policy,Youngs,25,3005,0,0,0,0,0,0,3004,0,0,0,0,0,0,0,0,0
setting,circles,circular,150,0.1,rescue,corner_arc_corner_triplet,25,3005,0,0,0,0,0,0,3004,0,0,0,0,0,0,0,0,0
setting,circles,circular,150,0.1,rescue,curved_corner_loop,25,3005,0,0,0,0,0,0,3004,0,0,0,0,0,0,0,0,0
setting,circles,circular,150,0.1,rescue,curved_corner_transition,25,3005,0,0,0,0,0,0,3004,0,0,0,0,0,0,0,0,0
setting,circles,circular,150,0.1,rescue,exact_linear_support,25,3005,0,0,0,0,0,0,3004,0,0,0,0,0,0,0,0,0
setting,circles,circular,150,0.2,construction_path,direct_fit,25,3044,3044,3044,0,1,1,0,3044,3044,3044,0,1,1,0,0,0,0
setting,circles,circular,150,0.2,construction_path,merged,25,3044,0,0,0,0,0,0,3044,0,0,0,0,0,0,0,0,0
setting,circles,circular,150,0.2,construction_path,plic_fallback,25,3044,0,0,0,0,0,0,3044,0,0,0,0,0,0,0,0,0
setting,circles,circular,150,0.2,final_facet,circular,25,3044,3044,3044,0,1,1,0,3044,3044,3044,0,1,1,0,0,0,0
setting,circles,circular,150,0.2,final_facet,curved_corner,25,3044,0,0,0,0,0,0,3044,0,0,0,0,0,0,0,0,0
setting,circles,circular,150,0.2,final_facet,linear,25,3044,0,0,0,0,0,0,3044,0,0,0,0,0,0,0,0,0
setting,circles,circular,150,0.2,final_facet,linear_corner,25,3044,0,0,0,0,0,0,3044,0,0,0,0,0,0,0,0,0
setting,circles,circular,150,0.2,merge,independent,25,3044,3044,3044,0,1,1,0,3044,3044,3044,0,1,1,0,0,0,0
setting,circles,circular,150,0.2,merge,merged,25,3044,0,0,0,0,0,0,3044,0,0,0,0,0,0,0,0,0
setting,circles,circular,150,0.2,orientation_status,oriented,25,3044,3044,3044,0,1,1,0,3044,0,0,0,0,0,0,0,0,0
setting,circles,circular,150,0.2,orientation_status,unresolved_or_deadend,25,3044,0,0,0,0,0,0,3044,0,0,0,0,0,0,0,0,0
setting,circles,circular,150,0.2,plic_fallback_policy,ELVIRA,25,3044,0,0,0,0,0,0,3044,0,0,0,0,0,0,0,0,0
setting,circles,circular,150,0.2,plic_fallback_policy,LVIRA,25,3044,0,0,0,0,0,0,3044,0,0,0,0,0,0,0,0,0
setting,circles,circular,150,0.2,plic_fallback_policy,Youngs,25,3044,0,0,0,0,0,0,3044,0,0,0,0,0,0,0,0,0
setting,circles,circular,150,0.2,rescue,corner_arc_corner_triplet,25,3044,0,0,0,0,0,0,3044,0,0,0,0,0,0,0,0,0
setting,circles,circular,150,0.2,rescue,curved_corner_loop,25,3044,0,0,0,0,0,0,3044,0,0,0,0,0,0,0,0,0
setting,circles,circular,150,0.2,rescue,curved_corner_transition,25,3044,0,0,0,0,0,0,3044,0,0,0,0,0,0,0,0,0
setting,circles,circular,150,0.2,rescue,exact_linear_support,25,3044,0,0,0,0,0,0,3044,0,0,0,0,0,0,0,0,0
setting,circles,circular,150,0.3,construction_path,direct_fit,25,3080,3080,3080,0,1,1,0,3080,3080,3080,0,1,1,0,0,0,0
setting,circles,circular,150,0.3,construction_path,merged,25,3080,0,0,0,0,0,0,3080,0,0,0,0,0,0,0,0,0
setting,circles,circular,150,0.3,construction_path,plic_fallback,25,3080,0,0,0,0,0,0,3080,0,0,0,0,0,0,0,0,0
setting,circles,circular,150,0.3,final_facet,circular,25,3080,3080,3080,0,1,1,0,3080,3080,3080,0,1,1,0,0,0,0
setting,circles,circular,150,0.3,final_facet,curved_corner,25,3080,0,0,0,0,0,0,3080,0,0,0,0,0,0,0,0,0
setting,circles,circular,150,0.3,final_facet,linear,25,3080,0,0,0,0,0,0,3080,0,0,0,0,0,0,0,0,0
setting,circles,circular,150,0.3,final_facet,linear_corner,25,3080,0,0,0,0,0,0,3080,0,0,0,0,0,0,0,0,0
setting,circles,circular,150,0.3,merge,independent,25,3080,3080,3080,0,1,1,0,3080,3080,3080,0,1,1,0,0,0,0
setting,circles,circular,150,0.3,merge,merged,25,3080,0,0,0,0,0,0,3080,0,0,0,0,0,0,0,0,0
setting,circles,circular,150,0.3,orientation_status,oriented,25,3080,3080,3080,0,1,1,0,3080,0,0,0,0,0,0,0,0,0
setting,circles,circular,150,0.3,orientation_status,unresolved_or_deadend,25,3080,0,0,0,0,0,0,3080,0,0,0,0,0,0,0,0,0
setting,circles,circular,150,0.3,plic_fallback_policy,ELVIRA,25,3080,0,0,0,0,0,0,3080,0,0,0,0,0,0,0,0,0
setting,circles,circular,150,0.3,plic_fallback_policy,LVIRA,25,3080,0,0,0,0,0,0,3080,0,0,0,0,0,0,0,0,0
setting,circles,circular,150,0.3,plic_fallback_policy,Youngs,25,3080,0,0,0,0,0,0,3080,0,0,0,0,0,0,0,0,0
setting,circles,circular,150,0.3,rescue,corner_arc_corner_triplet,25,3080,0,0,0,0,0,0,3080,0,0,0,0,0,0,0,0,0
setting,circles,circular,150,0.3,rescue,curved_corner_loop,25,3080,0,0,0,0,0,0,3080,0,0,0,0,0,0,0,0,0
setting,circles,circular,150,0.3,rescue,curved_corner_transition,25,3080,0,0,0,0,0,0,3080,0,0,0,0,0,0,0,0,0
setting,circles,circular,150,0.3,rescue,exact_linear_support,25,3080,0,0,0,0,0,0,3080,0,0,0,0,0,0,0,0,0
setting,circles,circular,32,0,construction_path,direct_fit,25,652,648,648,0,0.99386503067484666,0.99386503067484666,0,650,648,648,0,0.99692307692307691,0.99692307692307691,0,0,0,0
setting,circles,circular,32,0,construction_path,merged,25,652,4,4,0,0.0061349693251533744,0.0061349693251533744,0,650,2,2,0,0.0030769230769230769,0.0030769230769230769,0,0,0,0
setting,circles,circular,32,0,construction_path,plic_fallback,25,652,0,0,0,0,0,0,650,0,0,0,0,0,0,0,0,0
setting,circles,circular,32,0,final_facet,circular,25,652,652,652,0,1,1,0,650,650,650,0,1,1,0,0,0,0
setting,circles,circular,32,0,final_facet,curved_corner,25,652,0,0,0,0,0,0,650,0,0,0,0,0,0,0,0,0
setting,circles,circular,32,0,final_facet,linear,25,652,0,0,0,0,0,0,650,0,0,0,0,0,0,0,0,0
setting,circles,circular,32,0,final_facet,linear_corner,25,652,0,0,0,0,0,0,650,0,0,0,0,0,0,0,0,0
setting,circles,circular,32,0,merge,independent,25,652,648,648,0,0.99386503067484666,0.99386503067484666,0,650,648,648,0,0.99692307692307691,0.99692307692307691,0,0,0,0
setting,circles,circular,32,0,merge,merged,25,652,4,4,0,0.0061349693251533744,0.0061349693251533744,0,650,2,2,0,0.0030769230769230769,0.0030769230769230769,0,0,0,0
setting,circles,circular,32,0,orientation_status,oriented,25,652,652,652,0,1,1,0,650,0,0,0,0,0,0,0,0,0
setting,circles,circular,32,0,orientation_status,unresolved_or_deadend,25,652,0,0,0,0,0,0,650,0,0,0,0,0,0,0,0,0
setting,circles,circular,32,0,plic_fallback_policy,ELVIRA,25,652,0,0,0,0,0,0,650,0,0,0,0,0,0,0,0,0
setting,circles,circular,32,0,plic_fallback_policy,LVIRA,25,652,0,0,0,0,0,0,650,0,0,0,0,0,0,0,0,0
setting,circles,circular,32,0,plic_fallback_policy,Youngs,25,652,0,0,0,0,0,0,650,0,0,0,0,0,0,0,0,0
setting,circles,circular,32,0,rescue,corner_arc_corner_triplet,25,652,0,0,0,0,0,0,650,0,0,0,0,0,0,0,0,0
setting,circles,circular,32,0,rescue,curved_corner_loop,25,652,0,0,0,0,0,0,650,0,0,0,0,0,0,0,0,0
setting,circles,circular,32,0,rescue,curved_corner_transition,25,652,0,0,0,0,0,0,650,0,0,0,0,0,0,0,0,0
setting,circles,circular,32,0,rescue,exact_linear_support,25,652,0,0,0,0,0,0,650,0,0,0,0,0,0,0,0,0
setting,circles,circular,32,0.05,construction_path,direct_fit,25,654,654,654,0,1,1,0,654,654,654,0,1,1,0,0,0,0
setting,circles,circular,32,0.05,construction_path,merged,25,654,0,0,0,0,0,0,654,0,0,0,0,0,0,0,0,0
setting,circles,circular,32,0.05,construction_path,plic_fallback,25,654,0,0,0,0,0,0,654,0,0,0,0,0,0,0,0,0
setting,circles,circular,32,0.05,final_facet,circular,25,654,654,654,0,1,1,0,654,654,654,0,1,1,0,0,0,0
setting,circles,circular,32,0.05,final_facet,curved_corner,25,654,0,0,0,0,0,0,654,0,0,0,0,0,0,0,0,0
setting,circles,circular,32,0.05,final_facet,linear,25,654,0,0,0,0,0,0,654,0,0,0,0,0,0,0,0,0
setting,circles,circular,32,0.05,final_facet,linear_corner,25,654,0,0,0,0,0,0,654,0,0,0,0,0,0,0,0,0
setting,circles,circular,32,0.05,merge,independent,25,654,654,654,0,1,1,0,654,654,654,0,1,1,0,0,0,0
setting,circles,circular,32,0.05,merge,merged,25,654,0,0,0,0,0,0,654,0,0,0,0,0,0,0,0,0
setting,circles,circular,32,0.05,orientation_status,oriented,25,654,654,654,0,1,1,0,654,0,0,0,0,0,0,0,0,0
setting,circles,circular,32,0.05,orientation_status,unresolved_or_deadend,25,654,0,0,0,0,0,0,654,0,0,0,0,0,0,0,0,0
setting,circles,circular,32,0.05,plic_fallback_policy,ELVIRA,25,654,0,0,0,0,0,0,654,0,0,0,0,0,0,0,0,0
setting,circles,circular,32,0.05,plic_fallback_policy,LVIRA,25,654,0,0,0,0,0,0,654,0,0,0,0,0,0,0,0,0
setting,circles,circular,32,0.05,plic_fallback_policy,Youngs,25,654,0,0,0,0,0,0,654,0,0,0,0,0,0,0,0,0
setting,circles,circular,32,0.05,rescue,corner_arc_corner_triplet,25,654,0,0,0,0,0,0,654,0,0,0,0,0,0,0,0,0
setting,circles,circular,32,0.05,rescue,curved_corner_loop,25,654,0,0,0,0,0,0,654,0,0,0,0,0,0,0,0,0
setting,circles,circular,32,0.05,rescue,curved_corner_transition,25,654,0,0,0,0,0,0,654,0,0,0,0,0,0,0,0,0
setting,circles,circular,32,0.05,rescue,exact_linear_support,25,654,0,0,0,0,0,0,654,0,0,0,0,0,0,0,0,0
setting,circles,circular,32,0.1,construction_path,direct_fit,25,656,656,656,0,1,1,0,656,656,656,0,1,1,0,0,0,0
setting,circles,circular,32,0.1,construction_path,merged,25,656,0,0,0,0,0,0,656,0,0,0,0,0,0,0,0,0
setting,circles,circular,32,0.1,construction_path,plic_fallback,25,656,0,0,0,0,0,0,656,0,0,0,0,0,0,0,0,0
setting,circles,circular,32,0.1,final_facet,circular,25,656,656,656,0,1,1,0,656,656,656,0,1,1,0,0,0,0
setting,circles,circular,32,0.1,final_facet,curved_corner,25,656,0,0,0,0,0,0,656,0,0,0,0,0,0,0,0,0
setting,circles,circular,32,0.1,final_facet,linear,25,656,0,0,0,0,0,0,656,0,0,0,0,0,0,0,0,0
setting,circles,circular,32,0.1,final_facet,linear_corner,25,656,0,0,0,0,0,0,656,0,0,0,0,0,0,0,0,0
setting,circles,circular,32,0.1,merge,independent,25,656,656,656,0,1,1,0,656,656,656,0,1,1,0,0,0,0
setting,circles,circular,32,0.1,merge,merged,25,656,0,0,0,0,0,0,656,0,0,0,0,0,0,0,0,0
setting,circles,circular,32,0.1,orientation_status,oriented,25,656,656,656,0,1,1,0,656,0,0,0,0,0,0,0,0,0
setting,circles,circular,32,0.1,orientation_status,unresolved_or_deadend,25,656,0,0,0,0,0,0,656,0,0,0,0,0,0,0,0,0
setting,circles,circular,32,0.1,plic_fallback_policy,ELVIRA,25,656,0,0,0,0,0,0,656,0,0,0,0,0,0,0,0,0
setting,circles,circular,32,0.1,plic_fallback_policy,LVIRA,25,656,0,0,0,0,0,0,656,0,0,0,0,0,0,0,0,0
setting,circles,circular,32,0.1,plic_fallback_policy,Youngs,25,656,0,0,0,0,0,0,656,0,0,0,0,0,0,0,0,0
setting,circles,circular,32,0.1,rescue,corner_arc_corner_triplet,25,656,0,0,0,0,0,0,656,0,0,0,0,0,0,0,0,0
setting,circles,circular,32,0.1,rescue,curved_corner_loop,25,656,0,0,0,0,0,0,656,0,0,0,0,0,0,0,0,0
setting,circles,circular,32,0.1,rescue,curved_corner_transition,25,656,0,0,0,0,0,0,656,0,0,0,0,0,0,0,0,0
setting,circles,circular,32,0.1,rescue,exact_linear_support,25,656,0,0,0,0,0,0,656,0,0,0,0,0,0,0,0,0
setting,circles,circular,32,0.2,construction_path,direct_fit,25,663,661,661,0,0.99698340874811464,0.99698340874811464,0,662,661,661,0,0.99848942598187307,0.99848942598187307,0,0,0,0
setting,circles,circular,32,0.2,construction_path,merged,25,663,2,2,0,0.0030165912518853697,0.0030165912518853697,0,662,1,1,0,0.0015105740181268882,0.0015105740181268882,0,0,0,0
setting,circles,circular,32,0.2,construction_path,plic_fallback,25,663,0,0,0,0,0,0,662,0,0,0,0,0,0,0,0,0
setting,circles,circular,32,0.2,final_facet,circular,25,663,663,663,0,1,1,0,662,662,662,0,1,1,0,0,0,0
setting,circles,circular,32,0.2,final_facet,curved_corner,25,663,0,0,0,0,0,0,662,0,0,0,0,0,0,0,0,0
setting,circles,circular,32,0.2,final_facet,linear,25,663,0,0,0,0,0,0,662,0,0,0,0,0,0,0,0,0
setting,circles,circular,32,0.2,final_facet,linear_corner,25,663,0,0,0,0,0,0,662,0,0,0,0,0,0,0,0,0
setting,circles,circular,32,0.2,merge,independent,25,663,661,661,0,0.99698340874811464,0.99698340874811464,0,662,661,661,0,0.99848942598187307,0.99848942598187307,0,0,0,0
setting,circles,circular,32,0.2,merge,merged,25,663,2,2,0,0.0030165912518853697,0.0030165912518853697,0,662,1,1,0,0.0015105740181268882,0.0015105740181268882,0,0,0,0
setting,circles,circular,32,0.2,orientation_status,oriented,25,663,663,663,0,1,1,0,662,0,0,0,0,0,0,0,0,0
setting,circles,circular,32,0.2,orientation_status,unresolved_or_deadend,25,663,0,0,0,0,0,0,662,0,0,0,0,0,0,0,0,0
setting,circles,circular,32,0.2,plic_fallback_policy,ELVIRA,25,663,0,0,0,0,0,0,662,0,0,0,0,0,0,0,0,0
setting,circles,circular,32,0.2,plic_fallback_policy,LVIRA,25,663,0,0,0,0,0,0,662,0,0,0,0,0,0,0,0,0
setting,circles,circular,32,0.2,plic_fallback_policy,Youngs,25,663,0,0,0,0,0,0,662,0,0,0,0,0,0,0,0,0
setting,circles,circular,32,0.2,rescue,corner_arc_corner_triplet,25,663,0,0,0,0,0,0,662,0,0,0,0,0,0,0,0,0
setting,circles,circular,32,0.2,rescue,curved_corner_loop,25,663,0,0,0,0,0,0,662,0,0,0,0,0,0,0,0,0
setting,circles,circular,32,0.2,rescue,curved_corner_transition,25,663,0,0,0,0,0,0,662,0,0,0,0,0,0,0,0,0
setting,circles,circular,32,0.2,rescue,exact_linear_support,25,663,0,0,0,0,0,0,662,0,0,0,0,0,0,0,0,0
setting,circles,circular,32,0.3,construction_path,direct_fit,25,673,667,667,0,0.99108469539375932,0.99108469539375932,0,670,667,667,0,0.9955223880597015,0.9955223880597015,0,0,0,0
setting,circles,circular,32,0.3,construction_path,merged,25,673,6,6,0,0.0089153046062407128,0.0089153046062407128,0,670,3,3,0,0.0044776119402985077,0.0044776119402985077,0,0,0,0
setting,circles,circular,32,0.3,construction_path,plic_fallback,25,673,0,0,0,0,0,0,670,0,0,0,0,0,0,0,0,0
setting,circles,circular,32,0.3,final_facet,circular,25,673,672,672,0,0.99851411589895989,0.99851411589895989,0,670,669,669,0,0.9985074626865672,0.9985074626865672,0,0,0,0
setting,circles,circular,32,0.3,final_facet,curved_corner,25,673,0,0,0,0,0,0,670,0,0,0,0,0,0,0,0,0
setting,circles,circular,32,0.3,final_facet,linear,25,673,1,1,0,0.0014858841010401188,0.0014858841010401188,0,670,1,1,0,0.0014925373134328358,0.0014925373134328358,0,0,0,0
setting,circles,circular,32,0.3,final_facet,linear_corner,25,673,0,0,0,0,0,0,670,0,0,0,0,0,0,0,0,0
setting,circles,circular,32,0.3,merge,independent,25,673,667,667,0,0.99108469539375932,0.99108469539375932,0,670,667,667,0,0.9955223880597015,0.9955223880597015,0,0,0,0
setting,circles,circular,32,0.3,merge,merged,25,673,6,6,0,0.0089153046062407128,0.0089153046062407128,0,670,3,3,0,0.0044776119402985077,0.0044776119402985077,0,0,0,0
setting,circles,circular,32,0.3,orientation_status,oriented,25,673,673,673,0,1,1,0,670,0,0,0,0,0,0,0,0,0
setting,circles,circular,32,0.3,orientation_status,unresolved_or_deadend,25,673,0,0,0,0,0,0,670,0,0,0,0,0,0,0,0,0
setting,circles,circular,32,0.3,plic_fallback_policy,ELVIRA,25,673,0,0,0,0,0,0,670,0,0,0,0,0,0,0,0,0
setting,circles,circular,32,0.3,plic_fallback_policy,LVIRA,25,673,0,0,0,0,0,0,670,0,0,0,0,0,0,0,0,0
setting,circles,circular,32,0.3,plic_fallback_policy,Youngs,25,673,0,0,0,0,0,0,670,0,0,0,0,0,0,0,0,0
setting,circles,circular,32,0.3,rescue,corner_arc_corner_triplet,25,673,0,0,0,0,0,0,670,0,0,0,0,0,0,0,0,0
setting,circles,circular,32,0.3,rescue,curved_corner_loop,25,673,0,0,0,0,0,0,670,0,0,0,0,0,0,0,0,0
setting,circles,circular,32,0.3,rescue,curved_corner_transition,25,673,0,0,0,0,0,0,670,0,0,0,0,0,0,0,0,0
setting,circles,circular,32,0.3,rescue,exact_linear_support,25,673,0,0,0,0,0,0,670,0,0,0,0,0,0,0,0,0
setting,circles,circular,50,0,construction_path,direct_fit,25,1000,1000,1000,0,1,1,0,1000,1000,1000,0,1,1,0,0,0,0
setting,circles,circular,50,0,construction_path,merged,25,1000,0,0,0,0,0,0,1000,0,0,0,0,0,0,0,0,0
setting,circles,circular,50,0,construction_path,plic_fallback,25,1000,0,0,0,0,0,0,1000,0,0,0,0,0,0,0,0,0
setting,circles,circular,50,0,final_facet,circular,25,1000,1000,1000,0,1,1,0,1000,1000,1000,0,1,1,0,0,0,0
setting,circles,circular,50,0,final_facet,curved_corner,25,1000,0,0,0,0,0,0,1000,0,0,0,0,0,0,0,0,0
setting,circles,circular,50,0,final_facet,linear,25,1000,0,0,0,0,0,0,1000,0,0,0,0,0,0,0,0,0
setting,circles,circular,50,0,final_facet,linear_corner,25,1000,0,0,0,0,0,0,1000,0,0,0,0,0,0,0,0,0
setting,circles,circular,50,0,merge,independent,25,1000,1000,1000,0,1,1,0,1000,1000,1000,0,1,1,0,0,0,0
setting,circles,circular,50,0,merge,merged,25,1000,0,0,0,0,0,0,1000,0,0,0,0,0,0,0,0,0
setting,circles,circular,50,0,orientation_status,oriented,25,1000,1000,1000,0,1,1,0,1000,0,0,0,0,0,0,0,0,0
setting,circles,circular,50,0,orientation_status,unresolved_or_deadend,25,1000,0,0,0,0,0,0,1000,0,0,0,0,0,0,0,0,0
setting,circles,circular,50,0,plic_fallback_policy,ELVIRA,25,1000,0,0,0,0,0,0,1000,0,0,0,0,0,0,0,0,0
setting,circles,circular,50,0,plic_fallback_policy,LVIRA,25,1000,0,0,0,0,0,0,1000,0,0,0,0,0,0,0,0,0
setting,circles,circular,50,0,plic_fallback_policy,Youngs,25,1000,0,0,0,0,0,0,1000,0,0,0,0,0,0,0,0,0
setting,circles,circular,50,0,rescue,corner_arc_corner_triplet,25,1000,0,0,0,0,0,0,1000,0,0,0,0,0,0,0,0,0
setting,circles,circular,50,0,rescue,curved_corner_loop,25,1000,0,0,0,0,0,0,1000,0,0,0,0,0,0,0,0,0
setting,circles,circular,50,0,rescue,curved_corner_transition,25,1000,0,0,0,0,0,0,1000,0,0,0,0,0,0,0,0,0
setting,circles,circular,50,0,rescue,exact_linear_support,25,1000,0,0,0,0,0,0,1000,0,0,0,0,0,0,0,0,0
setting,circles,circular,50,0.05,construction_path,direct_fit,25,1000,1000,1000,0,1,1,0,1000,1000,1000,0,1,1,0,0,0,0
setting,circles,circular,50,0.05,construction_path,merged,25,1000,0,0,0,0,0,0,1000,0,0,0,0,0,0,0,0,0
setting,circles,circular,50,0.05,construction_path,plic_fallback,25,1000,0,0,0,0,0,0,1000,0,0,0,0,0,0,0,0,0
setting,circles,circular,50,0.05,final_facet,circular,25,1000,1000,1000,0,1,1,0,1000,1000,1000,0,1,1,0,0,0,0
setting,circles,circular,50,0.05,final_facet,curved_corner,25,1000,0,0,0,0,0,0,1000,0,0,0,0,0,0,0,0,0
setting,circles,circular,50,0.05,final_facet,linear,25,1000,0,0,0,0,0,0,1000,0,0,0,0,0,0,0,0,0
setting,circles,circular,50,0.05,final_facet,linear_corner,25,1000,0,0,0,0,0,0,1000,0,0,0,0,0,0,0,0,0
setting,circles,circular,50,0.05,merge,independent,25,1000,1000,1000,0,1,1,0,1000,1000,1000,0,1,1,0,0,0,0
setting,circles,circular,50,0.05,merge,merged,25,1000,0,0,0,0,0,0,1000,0,0,0,0,0,0,0,0,0
setting,circles,circular,50,0.05,orientation_status,oriented,25,1000,1000,1000,0,1,1,0,1000,0,0,0,0,0,0,0,0,0
setting,circles,circular,50,0.05,orientation_status,unresolved_or_deadend,25,1000,0,0,0,0,0,0,1000,0,0,0,0,0,0,0,0,0
setting,circles,circular,50,0.05,plic_fallback_policy,ELVIRA,25,1000,0,0,0,0,0,0,1000,0,0,0,0,0,0,0,0,0
setting,circles,circular,50,0.05,plic_fallback_policy,LVIRA,25,1000,0,0,0,0,0,0,1000,0,0,0,0,0,0,0,0,0
setting,circles,circular,50,0.05,plic_fallback_policy,Youngs,25,1000,0,0,0,0,0,0,1000,0,0,0,0,0,0,0,0,0
setting,circles,circular,50,0.05,rescue,corner_arc_corner_triplet,25,1000,0,0,0,0,0,0,1000,0,0,0,0,0,0,0,0,0
setting,circles,circular,50,0.05,rescue,curved_corner_loop,25,1000,0,0,0,0,0,0,1000,0,0,0,0,0,0,0,0,0
setting,circles,circular,50,0.05,rescue,curved_corner_transition,25,1000,0,0,0,0,0,0,1000,0,0,0,0,0,0,0,0,0
setting,circles,circular,50,0.05,rescue,exact_linear_support,25,1000,0,0,0,0,0,0,1000,0,0,0,0,0,0,0,0,0
setting,circles,circular,50,0.1,construction_path,direct_fit,25,1002,1002,1002,0,1,1,0,1002,1002,1002,0,1,1,0,0,0,0
setting,circles,circular,50,0.1,construction_path,merged,25,1002,0,0,0,0,0,0,1002,0,0,0,0,0,0,0,0,0
setting,circles,circular,50,0.1,construction_path,plic_fallback,25,1002,0,0,0,0,0,0,1002,0,0,0,0,0,0,0,0,0
setting,circles,circular,50,0.1,final_facet,circular,25,1002,1002,1002,0,1,1,0,1002,1002,1002,0,1,1,0,0,0,0
setting,circles,circular,50,0.1,final_facet,curved_corner,25,1002,0,0,0,0,0,0,1002,0,0,0,0,0,0,0,0,0
setting,circles,circular,50,0.1,final_facet,linear,25,1002,0,0,0,0,0,0,1002,0,0,0,0,0,0,0,0,0
setting,circles,circular,50,0.1,final_facet,linear_corner,25,1002,0,0,0,0,0,0,1002,0,0,0,0,0,0,0,0,0
setting,circles,circular,50,0.1,merge,independent,25,1002,1002,1002,0,1,1,0,1002,1002,1002,0,1,1,0,0,0,0
setting,circles,circular,50,0.1,merge,merged,25,1002,0,0,0,0,0,0,1002,0,0,0,0,0,0,0,0,0
setting,circles,circular,50,0.1,orientation_status,oriented,25,1002,1002,1002,0,1,1,0,1002,0,0,0,0,0,0,0,0,0
setting,circles,circular,50,0.1,orientation_status,unresolved_or_deadend,25,1002,0,0,0,0,0,0,1002,0,0,0,0,0,0,0,0,0
setting,circles,circular,50,0.1,plic_fallback_policy,ELVIRA,25,1002,0,0,0,0,0,0,1002,0,0,0,0,0,0,0,0,0
setting,circles,circular,50,0.1,plic_fallback_policy,LVIRA,25,1002,0,0,0,0,0,0,1002,0,0,0,0,0,0,0,0,0
setting,circles,circular,50,0.1,plic_fallback_policy,Youngs,25,1002,0,0,0,0,0,0,1002,0,0,0,0,0,0,0,0,0
setting,circles,circular,50,0.1,rescue,corner_arc_corner_triplet,25,1002,0,0,0,0,0,0,1002,0,0,0,0,0,0,0,0,0
setting,circles,circular,50,0.1,rescue,curved_corner_loop,25,1002,0,0,0,0,0,0,1002,0,0,0,0,0,0,0,0,0
setting,circles,circular,50,0.1,rescue,curved_corner_transition,25,1002,0,0,0,0,0,0,1002,0,0,0,0,0,0,0,0,0
setting,circles,circular,50,0.1,rescue,exact_linear_support,25,1002,0,0,0,0,0,0,1002,0,0,0,0,0,0,0,0,0
setting,circles,circular,50,0.2,construction_path,direct_fit,25,1016,1016,1016,0,1,1,0,1016,1016,1016,0,1,1,0,0,0,0
setting,circles,circular,50,0.2,construction_path,merged,25,1016,0,0,0,0,0,0,1016,0,0,0,0,0,0,0,0,0
setting,circles,circular,50,0.2,construction_path,plic_fallback,25,1016,0,0,0,0,0,0,1016,0,0,0,0,0,0,0,0,0
setting,circles,circular,50,0.2,final_facet,circular,25,1016,1016,1016,0,1,1,0,1016,1016,1016,0,1,1,0,0,0,0
setting,circles,circular,50,0.2,final_facet,curved_corner,25,1016,0,0,0,0,0,0,1016,0,0,0,0,0,0,0,0,0
setting,circles,circular,50,0.2,final_facet,linear,25,1016,0,0,0,0,0,0,1016,0,0,0,0,0,0,0,0,0
setting,circles,circular,50,0.2,final_facet,linear_corner,25,1016,0,0,0,0,0,0,1016,0,0,0,0,0,0,0,0,0
setting,circles,circular,50,0.2,merge,independent,25,1016,1016,1016,0,1,1,0,1016,1016,1016,0,1,1,0,0,0,0
setting,circles,circular,50,0.2,merge,merged,25,1016,0,0,0,0,0,0,1016,0,0,0,0,0,0,0,0,0
setting,circles,circular,50,0.2,orientation_status,oriented,25,1016,1016,1016,0,1,1,0,1016,0,0,0,0,0,0,0,0,0
setting,circles,circular,50,0.2,orientation_status,unresolved_or_deadend,25,1016,0,0,0,0,0,0,1016,0,0,0,0,0,0,0,0,0
setting,circles,circular,50,0.2,plic_fallback_policy,ELVIRA,25,1016,0,0,0,0,0,0,1016,0,0,0,0,0,0,0,0,0
setting,circles,circular,50,0.2,plic_fallback_policy,LVIRA,25,1016,0,0,0,0,0,0,1016,0,0,0,0,0,0,0,0,0
setting,circles,circular,50,0.2,plic_fallback_policy,Youngs,25,1016,0,0,0,0,0,0,1016,0,0,0,0,0,0,0,0,0
setting,circles,circular,50,0.2,rescue,corner_arc_corner_triplet,25,1016,0,0,0,0,0,0,1016,0,0,0,0,0,0,0,0,0
setting,circles,circular,50,0.2,rescue,curved_corner_loop,25,1016,0,0,0,0,0,0,1016,0,0,0,0,0,0,0,0,0
setting,circles,circular,50,0.2,rescue,curved_corner_transition,25,1016,0,0,0,0,0,0,1016,0,0,0,0,0,0,0,0,0
setting,circles,circular,50,0.2,rescue,exact_linear_support,25,1016,0,0,0,0,0,0,1016,0,0,0,0,0,0,0,0,0
setting,circles,circular,50,0.3,construction_path,direct_fit,25,1042,1042,1042,0,1,1,0,1042,1042,1042,0,1,1,0,0,0,0
setting,circles,circular,50,0.3,construction_path,merged,25,1042,0,0,0,0,0,0,1042,0,0,0,0,0,0,0,0,0
setting,circles,circular,50,0.3,construction_path,plic_fallback,25,1042,0,0,0,0,0,0,1042,0,0,0,0,0,0,0,0,0
setting,circles,circular,50,0.3,final_facet,circular,25,1042,1042,1042,0,1,1,0,1042,1042,1042,0,1,1,0,0,0,0
setting,circles,circular,50,0.3,final_facet,curved_corner,25,1042,0,0,0,0,0,0,1042,0,0,0,0,0,0,0,0,0
setting,circles,circular,50,0.3,final_facet,linear,25,1042,0,0,0,0,0,0,1042,0,0,0,0,0,0,0,0,0
setting,circles,circular,50,0.3,final_facet,linear_corner,25,1042,0,0,0,0,0,0,1042,0,0,0,0,0,0,0,0,0
setting,circles,circular,50,0.3,merge,independent,25,1042,1042,1042,0,1,1,0,1042,1042,1042,0,1,1,0,0,0,0
setting,circles,circular,50,0.3,merge,merged,25,1042,0,0,0,0,0,0,1042,0,0,0,0,0,0,0,0,0
setting,circles,circular,50,0.3,orientation_status,oriented,25,1042,1042,1042,0,1,1,0,1042,0,0,0,0,0,0,0,0,0
setting,circles,circular,50,0.3,orientation_status,unresolved_or_deadend,25,1042,0,0,0,0,0,0,1042,0,0,0,0,0,0,0,0,0
setting,circles,circular,50,0.3,plic_fallback_policy,ELVIRA,25,1042,0,0,0,0,0,0,1042,0,0,0,0,0,0,0,0,0
setting,circles,circular,50,0.3,plic_fallback_policy,LVIRA,25,1042,0,0,0,0,0,0,1042,0,0,0,0,0,0,0,0,0
setting,circles,circular,50,0.3,plic_fallback_policy,Youngs,25,1042,0,0,0,0,0,0,1042,0,0,0,0,0,0,0,0,0
setting,circles,circular,50,0.3,rescue,corner_arc_corner_triplet,25,1042,0,0,0,0,0,0,1042,0,0,0,0,0,0,0,0,0
setting,circles,circular,50,0.3,rescue,curved_corner_loop,25,1042,0,0,0,0,0,0,1042,0,0,0,0,0,0,0,0,0
setting,circles,circular,50,0.3,rescue,curved_corner_transition,25,1042,0,0,0,0,0,0,1042,0,0,0,0,0,0,0,0,0
setting,circles,circular,50,0.3,rescue,exact_linear_support,25,1042,0,0,0,0,0,0,1042,0,0,0,0,0,0,0,0,0
setting,circles,circular,64,0,construction_path,direct_fit,25,1258,1254,1254,0,0.99682034976152623,0.99682034976152623,0,1256,1254,1254,0,0.99840764331210186,0.99840764331210186,0,0,0,0
setting,circles,circular,64,0,construction_path,merged,25,1258,4,4,0,0.0031796502384737681,0.0031796502384737681,0,1256,2,2,0,0.0015923566878980893,0.0015923566878980893,0,0,0,0
setting,circles,circular,64,0,construction_path,plic_fallback,25,1258,0,0,0,0,0,0,1256,0,0,0,0,0,0,0,0,0
setting,circles,circular,64,0,final_facet,circular,25,1258,1258,1258,0,1,1,0,1256,1256,1256,0,1,1,0,0,0,0
setting,circles,circular,64,0,final_facet,curved_corner,25,1258,0,0,0,0,0,0,1256,0,0,0,0,0,0,0,0,0
setting,circles,circular,64,0,final_facet,linear,25,1258,0,0,0,0,0,0,1256,0,0,0,0,0,0,0,0,0
setting,circles,circular,64,0,final_facet,linear_corner,25,1258,0,0,0,0,0,0,1256,0,0,0,0,0,0,0,0,0
setting,circles,circular,64,0,merge,independent,25,1258,1254,1254,0,0.99682034976152623,0.99682034976152623,0,1256,1254,1254,0,0.99840764331210186,0.99840764331210186,0,0,0,0
setting,circles,circular,64,0,merge,merged,25,1258,4,4,0,0.0031796502384737681,0.0031796502384737681,0,1256,2,2,0,0.0015923566878980893,0.0015923566878980893,0,0,0,0
setting,circles,circular,64,0,orientation_status,oriented,25,1258,1258,1258,0,1,1,0,1256,0,0,0,0,0,0,0,0,0
setting,circles,circular,64,0,orientation_status,unresolved_or_deadend,25,1258,0,0,0,0,0,0,1256,0,0,0,0,0,0,0,0,0
setting,circles,circular,64,0,plic_fallback_policy,ELVIRA,25,1258,0,0,0,0,0,0,1256,0,0,0,0,0,0,0,0,0
setting,circles,circular,64,0,plic_fallback_policy,LVIRA,25,1258,0,0,0,0,0,0,1256,0,0,0,0,0,0,0,0,0
setting,circles,circular,64,0,plic_fallback_policy,Youngs,25,1258,0,0,0,0,0,0,1256,0,0,0,0,0,0,0,0,0
setting,circles,circular,64,0,rescue,corner_arc_corner_triplet,25,1258,0,0,0,0,0,0,1256,0,0,0,0,0,0,0,0,0
setting,circles,circular,64,0,rescue,curved_corner_loop,25,1258,0,0,0,0,0,0,1256,0,0,0,0,0,0,0,0,0
setting,circles,circular,64,0,rescue,curved_corner_transition,25,1258,0,0,0,0,0,0,1256,0,0,0,0,0,0,0,0,0
setting,circles,circular,64,0,rescue,exact_linear_support,25,1258,0,0,0,0,0,0,1256,0,0,0,0,0,0,0,0,0
setting,circles,circular,64,0.05,construction_path,direct_fit,25,1261,1259,1259,0,0.99841395717684378,0.99841395717684378,0,1260,1259,1259,0,0.99920634920634921,0.99920634920634921,0,0,0,0
setting,circles,circular,64,0.05,construction_path,merged,25,1261,2,2,0,0.0015860428231562252,0.0015860428231562252,0,1260,1,1,0,0.00079365079365079365,0.00079365079365079365,0,0,0,0
setting,circles,circular,64,0.05,construction_path,plic_fallback,25,1261,0,0,0,0,0,0,1260,0,0,0,0,0,0,0,0,0
setting,circles,circular,64,0.05,final_facet,circular,25,1261,1261,1261,0,1,1,0,1260,1260,1260,0,1,1,0,0,0,0
setting,circles,circular,64,0.05,final_facet,curved_corner,25,1261,0,0,0,0,0,0,1260,0,0,0,0,0,0,0,0,0
setting,circles,circular,64,0.05,final_facet,linear,25,1261,0,0,0,0,0,0,1260,0,0,0,0,0,0,0,0,0
setting,circles,circular,64,0.05,final_facet,linear_corner,25,1261,0,0,0,0,0,0,1260,0,0,0,0,0,0,0,0,0
setting,circles,circular,64,0.05,merge,independent,25,1261,1259,1259,0,0.99841395717684378,0.99841395717684378,0,1260,1259,1259,0,0.99920634920634921,0.99920634920634921,0,0,0,0
setting,circles,circular,64,0.05,merge,merged,25,1261,2,2,0,0.0015860428231562252,0.0015860428231562252,0,1260,1,1,0,0.00079365079365079365,0.00079365079365079365,0,0,0,0
setting,circles,circular,64,0.05,orientation_status,oriented,25,1261,1261,1261,0,1,1,0,1260,0,0,0,0,0,0,0,0,0
setting,circles,circular,64,0.05,orientation_status,unresolved_or_deadend,25,1261,0,0,0,0,0,0,1260,0,0,0,0,0,0,0,0,0
setting,circles,circular,64,0.05,plic_fallback_policy,ELVIRA,25,1261,0,0,0,0,0,0,1260,0,0,0,0,0,0,0,0,0
setting,circles,circular,64,0.05,plic_fallback_policy,LVIRA,25,1261,0,0,0,0,0,0,1260,0,0,0,0,0,0,0,0,0
setting,circles,circular,64,0.05,plic_fallback_policy,Youngs,25,1261,0,0,0,0,0,0,1260,0,0,0,0,0,0,0,0,0
setting,circles,circular,64,0.05,rescue,corner_arc_corner_triplet,25,1261,0,0,0,0,0,0,1260,0,0,0,0,0,0,0,0,0
setting,circles,circular,64,0.05,rescue,curved_corner_loop,25,1261,0,0,0,0,0,0,1260,0,0,0,0,0,0,0,0,0
setting,circles,circular,64,0.05,rescue,curved_corner_transition,25,1261,0,0,0,0,0,0,1260,0,0,0,0,0,0,0,0,0
setting,circles,circular,64,0.05,rescue,exact_linear_support,25,1261,0,0,0,0,0,0,1260,0,0,0,0,0,0,0,0,0
setting,circles,circular,64,0.1,construction_path,direct_fit,25,1268,1268,1268,0,1,1,0,1268,1268,1268,0,1,1,0,0,0,0
setting,circles,circular,64,0.1,construction_path,merged,25,1268,0,0,0,0,0,0,1268,0,0,0,0,0,0,0,0,0
setting,circles,circular,64,0.1,construction_path,plic_fallback,25,1268,0,0,0,0,0,0,1268,0,0,0,0,0,0,0,0,0
setting,circles,circular,64,0.1,final_facet,circular,25,1268,1268,1268,0,1,1,0,1268,1268,1268,0,1,1,0,0,0,0
setting,circles,circular,64,0.1,final_facet,curved_corner,25,1268,0,0,0,0,0,0,1268,0,0,0,0,0,0,0,0,0
setting,circles,circular,64,0.1,final_facet,linear,25,1268,0,0,0,0,0,0,1268,0,0,0,0,0,0,0,0,0
setting,circles,circular,64,0.1,final_facet,linear_corner,25,1268,0,0,0,0,0,0,1268,0,0,0,0,0,0,0,0,0
setting,circles,circular,64,0.1,merge,independent,25,1268,1268,1268,0,1,1,0,1268,1268,1268,0,1,1,0,0,0,0
setting,circles,circular,64,0.1,merge,merged,25,1268,0,0,0,0,0,0,1268,0,0,0,0,0,0,0,0,0
setting,circles,circular,64,0.1,orientation_status,oriented,25,1268,1268,1268,0,1,1,0,1268,0,0,0,0,0,0,0,0,0
setting,circles,circular,64,0.1,orientation_status,unresolved_or_deadend,25,1268,0,0,0,0,0,0,1268,0,0,0,0,0,0,0,0,0
setting,circles,circular,64,0.1,plic_fallback_policy,ELVIRA,25,1268,0,0,0,0,0,0,1268,0,0,0,0,0,0,0,0,0
setting,circles,circular,64,0.1,plic_fallback_policy,LVIRA,25,1268,0,0,0,0,0,0,1268,0,0,0,0,0,0,0,0,0
setting,circles,circular,64,0.1,plic_fallback_policy,Youngs,25,1268,0,0,0,0,0,0,1268,0,0,0,0,0,0,0,0,0
setting,circles,circular,64,0.1,rescue,corner_arc_corner_triplet,25,1268,0,0,0,0,0,0,1268,0,0,0,0,0,0,0,0,0
setting,circles,circular,64,0.1,rescue,curved_corner_loop,25,1268,0,0,0,0,0,0,1268,0,0,0,0,0,0,0,0,0
setting,circles,circular,64,0.1,rescue,curved_corner_transition,25,1268,0,0,0,0,0,0,1268,0,0,0,0,0,0,0,0,0
setting,circles,circular,64,0.1,rescue,exact_linear_support,25,1268,0,0,0,0,0,0,1268,0,0,0,0,0,0,0,0,0
setting,circles,circular,64,0.2,construction_path,direct_fit,25,1284,1284,1284,0,1,1,0,1284,1284,1284,0,1,1,0,0,0,0
setting,circles,circular,64,0.2,construction_path,merged,25,1284,0,0,0,0,0,0,1284,0,0,0,0,0,0,0,0,0
setting,circles,circular,64,0.2,construction_path,plic_fallback,25,1284,0,0,0,0,0,0,1284,0,0,0,0,0,0,0,0,0
setting,circles,circular,64,0.2,final_facet,circular,25,1284,1284,1284,0,1,1,0,1284,1284,1284,0,1,1,0,0,0,0
setting,circles,circular,64,0.2,final_facet,curved_corner,25,1284,0,0,0,0,0,0,1284,0,0,0,0,0,0,0,0,0
setting,circles,circular,64,0.2,final_facet,linear,25,1284,0,0,0,0,0,0,1284,0,0,0,0,0,0,0,0,0
setting,circles,circular,64,0.2,final_facet,linear_corner,25,1284,0,0,0,0,0,0,1284,0,0,0,0,0,0,0,0,0
setting,circles,circular,64,0.2,merge,independent,25,1284,1284,1284,0,1,1,0,1284,1284,1284,0,1,1,0,0,0,0
setting,circles,circular,64,0.2,merge,merged,25,1284,0,0,0,0,0,0,1284,0,0,0,0,0,0,0,0,0
setting,circles,circular,64,0.2,orientation_status,oriented,25,1284,1284,1284,0,1,1,0,1284,0,0,0,0,0,0,0,0,0
setting,circles,circular,64,0.2,orientation_status,unresolved_or_deadend,25,1284,0,0,0,0,0,0,1284,0,0,0,0,0,0,0,0,0
setting,circles,circular,64,0.2,plic_fallback_policy,ELVIRA,25,1284,0,0,0,0,0,0,1284,0,0,0,0,0,0,0,0,0
setting,circles,circular,64,0.2,plic_fallback_policy,LVIRA,25,1284,0,0,0,0,0,0,1284,0,0,0,0,0,0,0,0,0
setting,circles,circular,64,0.2,plic_fallback_policy,Youngs,25,1284,0,0,0,0,0,0,1284,0,0,0,0,0,0,0,0,0
setting,circles,circular,64,0.2,rescue,corner_arc_corner_triplet,25,1284,0,0,0,0,0,0,1284,0,0,0,0,0,0,0,0,0
setting,circles,circular,64,0.2,rescue,curved_corner_loop,25,1284,0,0,0,0,0,0,1284,0,0,0,0,0,0,0,0,0
setting,circles,circular,64,0.2,rescue,curved_corner_transition,25,1284,0,0,0,0,0,0,1284,0,0,0,0,0,0,0,0,0
setting,circles,circular,64,0.2,rescue,exact_linear_support,25,1284,0,0,0,0,0,0,1284,0,0,0,0,0,0,0,0,0
setting,circles,circular,64,0.3,construction_path,direct_fit,25,1316,1316,1316,0,1,1,0,1316,1316,1316,0,1,1,0,0,0,0
setting,circles,circular,64,0.3,construction_path,merged,25,1316,0,0,0,0,0,0,1316,0,0,0,0,0,0,0,0,0
setting,circles,circular,64,0.3,construction_path,plic_fallback,25,1316,0,0,0,0,0,0,1316,0,0,0,0,0,0,0,0,0
setting,circles,circular,64,0.3,final_facet,circular,25,1316,1316,1316,0,1,1,0,1316,1316,1316,0,1,1,0,0,0,0
setting,circles,circular,64,0.3,final_facet,curved_corner,25,1316,0,0,0,0,0,0,1316,0,0,0,0,0,0,0,0,0
setting,circles,circular,64,0.3,final_facet,linear,25,1316,0,0,0,0,0,0,1316,0,0,0,0,0,0,0,0,0
setting,circles,circular,64,0.3,final_facet,linear_corner,25,1316,0,0,0,0,0,0,1316,0,0,0,0,0,0,0,0,0
setting,circles,circular,64,0.3,merge,independent,25,1316,1316,1316,0,1,1,0,1316,1316,1316,0,1,1,0,0,0,0
setting,circles,circular,64,0.3,merge,merged,25,1316,0,0,0,0,0,0,1316,0,0,0,0,0,0,0,0,0
setting,circles,circular,64,0.3,orientation_status,oriented,25,1316,1316,1316,0,1,1,0,1316,0,0,0,0,0,0,0,0,0
setting,circles,circular,64,0.3,orientation_status,unresolved_or_deadend,25,1316,0,0,0,0,0,0,1316,0,0,0,0,0,0,0,0,0
setting,circles,circular,64,0.3,plic_fallback_policy,ELVIRA,25,1316,0,0,0,0,0,0,1316,0,0,0,0,0,0,0,0,0
setting,circles,circular,64,0.3,plic_fallback_policy,LVIRA,25,1316,0,0,0,0,0,0,1316,0,0,0,0,0,0,0,0,0
setting,circles,circular,64,0.3,plic_fallback_policy,Youngs,25,1316,0,0,0,0,0,0,1316,0,0,0,0,0,0,0,0,0
setting,circles,circular,64,0.3,rescue,corner_arc_corner_triplet,25,1316,0,0,0,0,0,0,1316,0,0,0,0,0,0,0,0,0
setting,circles,circular,64,0.3,rescue,curved_corner_loop,25,1316,0,0,0,0,0,0,1316,0,0,0,0,0,0,0,0,0
setting,circles,circular,64,0.3,rescue,curved_corner_transition,25,1316,0,0,0,0,0,0,1316,0,0,0,0,0,0,0,0,0
setting,circles,circular,64,0.3,rescue,exact_linear_support,25,1316,0,0,0,0,0,0,1316,0,0,0,0,0,0,0,0,0
setting,circles,linear,100,0,construction_path,direct_fit,25,2000,2000,2000,0,1,1,0,2000,2000,2000,0,1,1,0,0,0,0
setting,circles,linear,100,0,construction_path,merged,25,2000,0,0,0,0,0,0,2000,0,0,0,0,0,0,0,0,0
setting,circles,linear,100,0,construction_path,plic_fallback,25,2000,0,0,0,0,0,0,2000,0,0,0,0,0,0,0,0,0
setting,circles,linear,100,0,final_facet,circular,25,2000,0,0,0,0,0,0,2000,0,0,0,0,0,0,0,0,0
setting,circles,linear,100,0,final_facet,curved_corner,25,2000,0,0,0,0,0,0,2000,0,0,0,0,0,0,0,0,0
setting,circles,linear,100,0,final_facet,linear,25,2000,2000,2000,0,1,1,0,2000,2000,2000,0,1,1,0,0,0,0
setting,circles,linear,100,0,final_facet,linear_corner,25,2000,0,0,0,0,0,0,2000,0,0,0,0,0,0,0,0,0
setting,circles,linear,100,0,merge,independent,25,2000,2000,2000,0,1,1,0,2000,2000,2000,0,1,1,0,0,0,0
setting,circles,linear,100,0,merge,merged,25,2000,0,0,0,0,0,0,2000,0,0,0,0,0,0,0,0,0
setting,circles,linear,100,0,orientation_status,oriented,25,2000,2000,2000,0,1,1,0,2000,0,0,0,0,0,0,0,0,0
setting,circles,linear,100,0,orientation_status,unresolved_or_deadend,25,2000,0,0,0,0,0,0,2000,0,0,0,0,0,0,0,0,0
setting,circles,linear,100,0,plic_fallback_policy,ELVIRA,25,2000,0,0,0,0,0,0,2000,0,0,0,0,0,0,0,0,0
setting,circles,linear,100,0,plic_fallback_policy,LVIRA,25,2000,0,0,0,0,0,0,2000,0,0,0,0,0,0,0,0,0
setting,circles,linear,100,0,plic_fallback_policy,Youngs,25,2000,0,0,0,0,0,0,2000,0,0,0,0,0,0,0,0,0
setting,circles,linear,100,0,rescue,corner_arc_corner_triplet,25,2000,0,0,0,0,0,0,2000,0,0,0,0,0,0,0,0,0
setting,circles,linear,100,0,rescue,curved_corner_loop,25,2000,0,0,0,0,0,0,2000,0,0,0,0,0,0,0,0,0
setting,circles,linear,100,0,rescue,curved_corner_transition,25,2000,0,0,0,0,0,0,2000,0,0,0,0,0,0,0,0,0
setting,circles,linear,100,0,rescue,exact_linear_support,25,2000,0,0,0,0,0,0,2000,0,0,0,0,0,0,0,0,0
setting,circles,linear,100,0.05,construction_path,direct_fit,25,2002,2000,2000,0,0.99900099900099903,0.99900099900099903,0,2002,2000,2000,0,0.99900099900099903,0.99900099900099903,0,0,0,0
setting,circles,linear,100,0.05,construction_path,merged,25,2002,0,0,0,0,0,0,2002,0,0,0,0,0,0,0,0,0
setting,circles,linear,100,0.05,construction_path,plic_fallback,25,2002,2,2,0,0.000999000999000999,0.000999000999000999,0,2002,2,2,0,0.000999000999000999,0.000999000999000999,0,0,0,0
setting,circles,linear,100,0.05,final_facet,circular,25,2002,0,0,0,0,0,0,2002,0,0,0,0,0,0,0,0,0
setting,circles,linear,100,0.05,final_facet,curved_corner,25,2002,0,0,0,0,0,0,2002,0,0,0,0,0,0,0,0,0
setting,circles,linear,100,0.05,final_facet,linear,25,2002,2002,2002,0,1,1,0,2002,2002,2002,0,1,1,0,0,0,0
setting,circles,linear,100,0.05,final_facet,linear_corner,25,2002,0,0,0,0,0,0,2002,0,0,0,0,0,0,0,0,0
setting,circles,linear,100,0.05,merge,independent,25,2002,2002,2002,0,1,1,0,2002,2002,2002,0,1,1,0,0,0,0
setting,circles,linear,100,0.05,merge,merged,25,2002,0,0,0,0,0,0,2002,0,0,0,0,0,0,0,0,0
setting,circles,linear,100,0.05,orientation_status,oriented,25,2002,2000,2000,0,0.99900099900099903,0.99900099900099903,0,2002,0,0,0,0,0,0,0,0,0
setting,circles,linear,100,0.05,orientation_status,unresolved_or_deadend,25,2002,2,2,0,0.000999000999000999,0.000999000999000999,0,2002,0,0,0,0,0,0,0,0,0
setting,circles,linear,100,0.05,plic_fallback_policy,ELVIRA,25,2002,0,0,0,0,0,0,2002,0,0,0,0,0,0,0,0,0
setting,circles,linear,100,0.05,plic_fallback_policy,LVIRA,25,2002,2,2,0,0.000999000999000999,0.000999000999000999,0,2002,2,2,0,0.000999000999000999,0.000999000999000999,0,2,2,0
setting,circles,linear,100,0.05,plic_fallback_policy,Youngs,25,2002,0,0,0,0,0,0,2002,0,0,0,0,0,0,0,0,0
setting,circles,linear,100,0.05,rescue,corner_arc_corner_triplet,25,2002,0,0,0,0,0,0,2002,0,0,0,0,0,0,0,0,0
setting,circles,linear,100,0.05,rescue,curved_corner_loop,25,2002,0,0,0,0,0,0,2002,0,0,0,0,0,0,0,0,0
setting,circles,linear,100,0.05,rescue,curved_corner_transition,25,2002,0,0,0,0,0,0,2002,0,0,0,0,0,0,0,0,0
setting,circles,linear,100,0.05,rescue,exact_linear_support,25,2002,0,0,0,0,0,0,2002,0,0,0,0,0,0,0,0,0
setting,circles,linear,100,0.1,construction_path,direct_fit,25,2010,2010,2010,0,1,1,0,2010,2010,2010,0,1,1,0,0,0,0
setting,circles,linear,100,0.1,construction_path,merged,25,2010,0,0,0,0,0,0,2010,0,0,0,0,0,0,0,0,0
setting,circles,linear,100,0.1,construction_path,plic_fallback,25,2010,0,0,0,0,0,0,2010,0,0,0,0,0,0,0,0,0
setting,circles,linear,100,0.1,final_facet,circular,25,2010,0,0,0,0,0,0,2010,0,0,0,0,0,0,0,0,0
setting,circles,linear,100,0.1,final_facet,curved_corner,25,2010,0,0,0,0,0,0,2010,0,0,0,0,0,0,0,0,0
setting,circles,linear,100,0.1,final_facet,linear,25,2010,2010,2010,0,1,1,0,2010,2010,2010,0,1,1,0,0,0,0
setting,circles,linear,100,0.1,final_facet,linear_corner,25,2010,0,0,0,0,0,0,2010,0,0,0,0,0,0,0,0,0
setting,circles,linear,100,0.1,merge,independent,25,2010,2010,2010,0,1,1,0,2010,2010,2010,0,1,1,0,0,0,0
setting,circles,linear,100,0.1,merge,merged,25,2010,0,0,0,0,0,0,2010,0,0,0,0,0,0,0,0,0
setting,circles,linear,100,0.1,orientation_status,oriented,25,2010,2010,2010,0,1,1,0,2010,0,0,0,0,0,0,0,0,0
setting,circles,linear,100,0.1,orientation_status,unresolved_or_deadend,25,2010,0,0,0,0,0,0,2010,0,0,0,0,0,0,0,0,0
setting,circles,linear,100,0.1,plic_fallback_policy,ELVIRA,25,2010,0,0,0,0,0,0,2010,0,0,0,0,0,0,0,0,0
setting,circles,linear,100,0.1,plic_fallback_policy,LVIRA,25,2010,0,0,0,0,0,0,2010,0,0,0,0,0,0,0,0,0
setting,circles,linear,100,0.1,plic_fallback_policy,Youngs,25,2010,0,0,0,0,0,0,2010,0,0,0,0,0,0,0,0,0
setting,circles,linear,100,0.1,rescue,corner_arc_corner_triplet,25,2010,0,0,0,0,0,0,2010,0,0,0,0,0,0,0,0,0
setting,circles,linear,100,0.1,rescue,curved_corner_loop,25,2010,0,0,0,0,0,0,2010,0,0,0,0,0,0,0,0,0
setting,circles,linear,100,0.1,rescue,curved_corner_transition,25,2010,0,0,0,0,0,0,2010,0,0,0,0,0,0,0,0,0
setting,circles,linear,100,0.1,rescue,exact_linear_support,25,2010,0,0,0,0,0,0,2010,0,0,0,0,0,0,0,0,0
setting,circles,linear,100,0.2,construction_path,direct_fit,25,2041,2035,2035,0,0.99706026457618813,0.99706026457618813,0,2038,2035,2035,0,0.99852796859666337,0.99852796859666337,0,0,0,0
setting,circles,linear,100,0.2,construction_path,merged,25,2041,6,6,0,0.0029397354238118569,0.0029397354238118569,0,2038,3,3,0,0.0014720314033366045,0.0014720314033366045,0,0,0,0
setting,circles,linear,100,0.2,construction_path,plic_fallback,25,2041,0,0,0,0,0,0,2038,0,0,0,0,0,0,0,0,0
setting,circles,linear,100,0.2,final_facet,circular,25,2041,0,0,0,0,0,0,2038,0,0,0,0,0,0,0,0,0
setting,circles,linear,100,0.2,final_facet,curved_corner,25,2041,0,0,0,0,0,0,2038,0,0,0,0,0,0,0,0,0
setting,circles,linear,100,0.2,final_facet,linear,25,2041,2041,2041,0,1,1,0,2038,2038,2038,0,1,1,0,0,0,0
setting,circles,linear,100,0.2,final_facet,linear_corner,25,2041,0,0,0,0,0,0,2038,0,0,0,0,0,0,0,0,0
setting,circles,linear,100,0.2,merge,independent,25,2041,2035,2035,0,0.99706026457618813,0.99706026457618813,0,2038,2035,2035,0,0.99852796859666337,0.99852796859666337,0,0,0,0
setting,circles,linear,100,0.2,merge,merged,25,2041,6,6,0,0.0029397354238118569,0.0029397354238118569,0,2038,3,3,0,0.0014720314033366045,0.0014720314033366045,0,0,0,0
setting,circles,linear,100,0.2,orientation_status,oriented,25,2041,2041,2041,0,1,1,0,2038,0,0,0,0,0,0,0,0,0
setting,circles,linear,100,0.2,orientation_status,unresolved_or_deadend,25,2041,0,0,0,0,0,0,2038,0,0,0,0,0,0,0,0,0
setting,circles,linear,100,0.2,plic_fallback_policy,ELVIRA,25,2041,0,0,0,0,0,0,2038,0,0,0,0,0,0,0,0,0
setting,circles,linear,100,0.2,plic_fallback_policy,LVIRA,25,2041,0,0,0,0,0,0,2038,0,0,0,0,0,0,0,0,0
setting,circles,linear,100,0.2,plic_fallback_policy,Youngs,25,2041,0,0,0,0,0,0,2038,0,0,0,0,0,0,0,0,0
setting,circles,linear,100,0.2,rescue,corner_arc_corner_triplet,25,2041,0,0,0,0,0,0,2038,0,0,0,0,0,0,0,0,0
setting,circles,linear,100,0.2,rescue,curved_corner_loop,25,2041,0,0,0,0,0,0,2038,0,0,0,0,0,0,0,0,0
setting,circles,linear,100,0.2,rescue,curved_corner_transition,25,2041,0,0,0,0,0,0,2038,0,0,0,0,0,0,0,0,0
setting,circles,linear,100,0.2,rescue,exact_linear_support,25,2041,0,0,0,0,0,0,2038,0,0,0,0,0,0,0,0,0
setting,circles,linear,100,0.3,construction_path,direct_fit,25,2087,2085,2085,0,0.99904168663152848,0.99904168663152848,0,2086,2085,2085,0,0.99952061361457334,0.99952061361457334,0,0,0,0
setting,circles,linear,100,0.3,construction_path,merged,25,2087,2,2,0,0.00095831336847149022,0.00095831336847149022,0,2086,1,1,0,0.00047938638542665386,0.00047938638542665386,0,0,0,0
setting,circles,linear,100,0.3,construction_path,plic_fallback,25,2087,0,0,0,0,0,0,2086,0,0,0,0,0,0,0,0,0
setting,circles,linear,100,0.3,final_facet,circular,25,2087,0,0,0,0,0,0,2086,0,0,0,0,0,0,0,0,0
setting,circles,linear,100,0.3,final_facet,curved_corner,25,2087,0,0,0,0,0,0,2086,0,0,0,0,0,0,0,0,0
setting,circles,linear,100,0.3,final_facet,linear,25,2087,2087,2087,0,1,1,0,2086,2086,2086,0,1,1,0,0,0,0
setting,circles,linear,100,0.3,final_facet,linear_corner,25,2087,0,0,0,0,0,0,2086,0,0,0,0,0,0,0,0,0
setting,circles,linear,100,0.3,merge,independent,25,2087,2085,2085,0,0.99904168663152848,0.99904168663152848,0,2086,2085,2085,0,0.99952061361457334,0.99952061361457334,0,0,0,0
setting,circles,linear,100,0.3,merge,merged,25,2087,2,2,0,0.00095831336847149022,0.00095831336847149022,0,2086,1,1,0,0.00047938638542665386,0.00047938638542665386,0,0,0,0
setting,circles,linear,100,0.3,orientation_status,oriented,25,2087,2087,2087,0,1,1,0,2086,0,0,0,0,0,0,0,0,0
setting,circles,linear,100,0.3,orientation_status,unresolved_or_deadend,25,2087,0,0,0,0,0,0,2086,0,0,0,0,0,0,0,0,0
setting,circles,linear,100,0.3,plic_fallback_policy,ELVIRA,25,2087,0,0,0,0,0,0,2086,0,0,0,0,0,0,0,0,0
setting,circles,linear,100,0.3,plic_fallback_policy,LVIRA,25,2087,0,0,0,0,0,0,2086,0,0,0,0,0,0,0,0,0
setting,circles,linear,100,0.3,plic_fallback_policy,Youngs,25,2087,0,0,0,0,0,0,2086,0,0,0,0,0,0,0,0,0
setting,circles,linear,100,0.3,rescue,corner_arc_corner_triplet,25,2087,0,0,0,0,0,0,2086,0,0,0,0,0,0,0,0,0
setting,circles,linear,100,0.3,rescue,curved_corner_loop,25,2087,0,0,0,0,0,0,2086,0,0,0,0,0,0,0,0,0
setting,circles,linear,100,0.3,rescue,curved_corner_transition,25,2087,0,0,0,0,0,0,2086,0,0,0,0,0,0,0,0,0
setting,circles,linear,100,0.3,rescue,exact_linear_support,25,2087,0,0,0,0,0,0,2086,0,0,0,0,0,0,0,0,0
setting,circles,linear,128,0,construction_path,direct_fit,25,2549,2547,2547,0,0.99921537857983522,0.99921537857983522,0,2548,2547,2547,0,0.99960753532182101,0.99960753532182101,0,0,0,0
setting,circles,linear,128,0,construction_path,merged,25,2549,2,2,0,0.00078462142016477048,0.00078462142016477048,0,2548,1,1,0,0.00039246467817896392,0.00039246467817896392,0,0,0,0
setting,circles,linear,128,0,construction_path,plic_fallback,25,2549,0,0,0,0,0,0,2548,0,0,0,0,0,0,0,0,0
setting,circles,linear,128,0,final_facet,circular,25,2549,0,0,0,0,0,0,2548,0,0,0,0,0,0,0,0,0
setting,circles,linear,128,0,final_facet,curved_corner,25,2549,0,0,0,0,0,0,2548,0,0,0,0,0,0,0,0,0
setting,circles,linear,128,0,final_facet,linear,25,2549,2549,2549,0,1,1,0,2548,2548,2548,0,1,1,0,0,0,0
setting,circles,linear,128,0,final_facet,linear_corner,25,2549,0,0,0,0,0,0,2548,0,0,0,0,0,0,0,0,0
setting,circles,linear,128,0,merge,independent,25,2549,2547,2547,0,0.99921537857983522,0.99921537857983522,0,2548,2547,2547,0,0.99960753532182101,0.99960753532182101,0,0,0,0
setting,circles,linear,128,0,merge,merged,25,2549,2,2,0,0.00078462142016477048,0.00078462142016477048,0,2548,1,1,0,0.00039246467817896392,0.00039246467817896392,0,0,0,0
setting,circles,linear,128,0,orientation_status,oriented,25,2549,2549,2549,0,1,1,0,2548,0,0,0,0,0,0,0,0,0
setting,circles,linear,128,0,orientation_status,unresolved_or_deadend,25,2549,0,0,0,0,0,0,2548,0,0,0,0,0,0,0,0,0
setting,circles,linear,128,0,plic_fallback_policy,ELVIRA,25,2549,0,0,0,0,0,0,2548,0,0,0,0,0,0,0,0,0
setting,circles,linear,128,0,plic_fallback_policy,LVIRA,25,2549,0,0,0,0,0,0,2548,0,0,0,0,0,0,0,0,0
setting,circles,linear,128,0,plic_fallback_policy,Youngs,25,2549,0,0,0,0,0,0,2548,0,0,0,0,0,0,0,0,0
setting,circles,linear,128,0,rescue,corner_arc_corner_triplet,25,2549,0,0,0,0,0,0,2548,0,0,0,0,0,0,0,0,0
setting,circles,linear,128,0,rescue,curved_corner_loop,25,2549,0,0,0,0,0,0,2548,0,0,0,0,0,0,0,0,0
setting,circles,linear,128,0,rescue,curved_corner_transition,25,2549,0,0,0,0,0,0,2548,0,0,0,0,0,0,0,0,0
setting,circles,linear,128,0,rescue,exact_linear_support,25,2549,0,0,0,0,0,0,2548,0,0,0,0,0,0,0,0,0
setting,circles,linear,128,0.05,construction_path,direct_fit,25,2549,2547,2547,0,0.99921537857983522,0.99921537857983522,0,2548,2547,2547,0,0.99960753532182101,0.99960753532182101,0,0,0,0
setting,circles,linear,128,0.05,construction_path,merged,25,2549,2,2,0,0.00078462142016477048,0.00078462142016477048,0,2548,1,1,0,0.00039246467817896392,0.00039246467817896392,0,0,0,0
setting,circles,linear,128,0.05,construction_path,plic_fallback,25,2549,0,0,0,0,0,0,2548,0,0,0,0,0,0,0,0,0
setting,circles,linear,128,0.05,final_facet,circular,25,2549,0,0,0,0,0,0,2548,0,0,0,0,0,0,0,0,0
setting,circles,linear,128,0.05,final_facet,curved_corner,25,2549,0,0,0,0,0,0,2548,0,0,0,0,0,0,0,0,0
setting,circles,linear,128,0.05,final_facet,linear,25,2549,2549,2549,0,1,1,0,2548,2548,2548,0,1,1,0,0,0,0
setting,circles,linear,128,0.05,final_facet,linear_corner,25,2549,0,0,0,0,0,0,2548,0,0,0,0,0,0,0,0,0
setting,circles,linear,128,0.05,merge,independent,25,2549,2547,2547,0,0.99921537857983522,0.99921537857983522,0,2548,2547,2547,0,0.99960753532182101,0.99960753532182101,0,0,0,0
setting,circles,linear,128,0.05,merge,merged,25,2549,2,2,0,0.00078462142016477048,0.00078462142016477048,0,2548,1,1,0,0.00039246467817896392,0.00039246467817896392,0,0,0,0
setting,circles,linear,128,0.05,orientation_status,oriented,25,2549,2549,2549,0,1,1,0,2548,0,0,0,0,0,0,0,0,0
setting,circles,linear,128,0.05,orientation_status,unresolved_or_deadend,25,2549,0,0,0,0,0,0,2548,0,0,0,0,0,0,0,0,0
setting,circles,linear,128,0.05,plic_fallback_policy,ELVIRA,25,2549,0,0,0,0,0,0,2548,0,0,0,0,0,0,0,0,0
setting,circles,linear,128,0.05,plic_fallback_policy,LVIRA,25,2549,0,0,0,0,0,0,2548,0,0,0,0,0,0,0,0,0
setting,circles,linear,128,0.05,plic_fallback_policy,Youngs,25,2549,0,0,0,0,0,0,2548,0,0,0,0,0,0,0,0,0
setting,circles,linear,128,0.05,rescue,corner_arc_corner_triplet,25,2549,0,0,0,0,0,0,2548,0,0,0,0,0,0,0,0,0
setting,circles,linear,128,0.05,rescue,curved_corner_loop,25,2549,0,0,0,0,0,0,2548,0,0,0,0,0,0,0,0,0
setting,circles,linear,128,0.05,rescue,curved_corner_transition,25,2549,0,0,0,0,0,0,2548,0,0,0,0,0,0,0,0,0
setting,circles,linear,128,0.05,rescue,exact_linear_support,25,2549,0,0,0,0,0,0,2548,0,0,0,0,0,0,0,0,0
setting,circles,linear,128,0.1,construction_path,direct_fit,25,2552,2548,2548,0,0.99843260188087779,0.99843260188087779,0,2550,2548,2548,0,0.99921568627450985,0.99921568627450985,0,0,0,0
setting,circles,linear,128,0.1,construction_path,merged,25,2552,4,4,0,0.001567398119122257,0.001567398119122257,0,2550,2,2,0,0.00078431372549019605,0.00078431372549019605,0,0,0,0
setting,circles,linear,128,0.1,construction_path,plic_fallback,25,2552,0,0,0,0,0,0,2550,0,0,0,0,0,0,0,0,0
setting,circles,linear,128,0.1,final_facet,circular,25,2552,0,0,0,0,0,0,2550,0,0,0,0,0,0,0,0,0
setting,circles,linear,128,0.1,final_facet,curved_corner,25,2552,0,0,0,0,0,0,2550,0,0,0,0,0,0,0,0,0
setting,circles,linear,128,0.1,final_facet,linear,25,2552,2552,2552,0,1,1,0,2550,2550,2550,0,1,1,0,0,0,0
setting,circles,linear,128,0.1,final_facet,linear_corner,25,2552,0,0,0,0,0,0,2550,0,0,0,0,0,0,0,0,0
setting,circles,linear,128,0.1,merge,independent,25,2552,2548,2548,0,0.99843260188087779,0.99843260188087779,0,2550,2548,2548,0,0.99921568627450985,0.99921568627450985,0,0,0,0
setting,circles,linear,128,0.1,merge,merged,25,2552,4,4,0,0.001567398119122257,0.001567398119122257,0,2550,2,2,0,0.00078431372549019605,0.00078431372549019605,0,0,0,0
setting,circles,linear,128,0.1,orientation_status,oriented,25,2552,2552,2552,0,1,1,0,2550,0,0,0,0,0,0,0,0,0
setting,circles,linear,128,0.1,orientation_status,unresolved_or_deadend,25,2552,0,0,0,0,0,0,2550,0,0,0,0,0,0,0,0,0
setting,circles,linear,128,0.1,plic_fallback_policy,ELVIRA,25,2552,0,0,0,0,0,0,2550,0,0,0,0,0,0,0,0,0
setting,circles,linear,128,0.1,plic_fallback_policy,LVIRA,25,2552,0,0,0,0,0,0,2550,0,0,0,0,0,0,0,0,0
setting,circles,linear,128,0.1,plic_fallback_policy,Youngs,25,2552,0,0,0,0,0,0,2550,0,0,0,0,0,0,0,0,0
setting,circles,linear,128,0.1,rescue,corner_arc_corner_triplet,25,2552,0,0,0,0,0,0,2550,0,0,0,0,0,0,0,0,0
setting,circles,linear,128,0.1,rescue,curved_corner_loop,25,2552,0,0,0,0,0,0,2550,0,0,0,0,0,0,0,0,0
setting,circles,linear,128,0.1,rescue,curved_corner_transition,25,2552,0,0,0,0,0,0,2550,0,0,0,0,0,0,0,0,0
setting,circles,linear,128,0.1,rescue,exact_linear_support,25,2552,0,0,0,0,0,0,2550,0,0,0,0,0,0,0,0,0
setting,circles,linear,128,0.2,construction_path,direct_fit,25,2577,2575,2575,0,0.99922390376406678,0.99922390376406678,0,2576,2575,2575,0,0.99961180124223603,0.99961180124223603,0,0,0,0
setting,circles,linear,128,0.2,construction_path,merged,25,2577,2,2,0,0.00077609623593325567,0.00077609623593325567,0,2576,1,1,0,0.00038819875776397513,0.00038819875776397513,0,0,0,0
setting,circles,linear,128,0.2,construction_path,plic_fallback,25,2577,0,0,0,0,0,0,2576,0,0,0,0,0,0,0,0,0
setting,circles,linear,128,0.2,final_facet,circular,25,2577,0,0,0,0,0,0,2576,0,0,0,0,0,0,0,0,0
setting,circles,linear,128,0.2,final_facet,curved_corner,25,2577,0,0,0,0,0,0,2576,0,0,0,0,0,0,0,0,0
setting,circles,linear,128,0.2,final_facet,linear,25,2577,2577,2577,0,1,1,0,2576,2576,2576,0,1,1,0,0,0,0
setting,circles,linear,128,0.2,final_facet,linear_corner,25,2577,0,0,0,0,0,0,2576,0,0,0,0,0,0,0,0,0
setting,circles,linear,128,0.2,merge,independent,25,2577,2575,2575,0,0.99922390376406678,0.99922390376406678,0,2576,2575,2575,0,0.99961180124223603,0.99961180124223603,0,0,0,0
setting,circles,linear,128,0.2,merge,merged,25,2577,2,2,0,0.00077609623593325567,0.00077609623593325567,0,2576,1,1,0,0.00038819875776397513,0.00038819875776397513,0,0,0,0
setting,circles,linear,128,0.2,orientation_status,oriented,25,2577,2577,2577,0,1,1,0,2576,0,0,0,0,0,0,0,0,0
setting,circles,linear,128,0.2,orientation_status,unresolved_or_deadend,25,2577,0,0,0,0,0,0,2576,0,0,0,0,0,0,0,0,0
setting,circles,linear,128,0.2,plic_fallback_policy,ELVIRA,25,2577,0,0,0,0,0,0,2576,0,0,0,0,0,0,0,0,0
setting,circles,linear,128,0.2,plic_fallback_policy,LVIRA,25,2577,0,0,0,0,0,0,2576,0,0,0,0,0,0,0,0,0
setting,circles,linear,128,0.2,plic_fallback_policy,Youngs,25,2577,0,0,0,0,0,0,2576,0,0,0,0,0,0,0,0,0
setting,circles,linear,128,0.2,rescue,corner_arc_corner_triplet,25,2577,0,0,0,0,0,0,2576,0,0,0,0,0,0,0,0,0
setting,circles,linear,128,0.2,rescue,curved_corner_loop,25,2577,0,0,0,0,0,0,2576,0,0,0,0,0,0,0,0,0
setting,circles,linear,128,0.2,rescue,curved_corner_transition,25,2577,0,0,0,0,0,0,2576,0,0,0,0,0,0,0,0,0
setting,circles,linear,128,0.2,rescue,exact_linear_support,25,2577,0,0,0,0,0,0,2576,0,0,0,0,0,0,0,0,0
setting,circles,linear,128,0.3,construction_path,direct_fit,25,2614,2614,2614,0,1,1,0,2614,2614,2614,0,1,1,0,0,0,0
setting,circles,linear,128,0.3,construction_path,merged,25,2614,0,0,0,0,0,0,2614,0,0,0,0,0,0,0,0,0
setting,circles,linear,128,0.3,construction_path,plic_fallback,25,2614,0,0,0,0,0,0,2614,0,0,0,0,0,0,0,0,0
setting,circles,linear,128,0.3,final_facet,circular,25,2614,0,0,0,0,0,0,2614,0,0,0,0,0,0,0,0,0
setting,circles,linear,128,0.3,final_facet,curved_corner,25,2614,0,0,0,0,0,0,2614,0,0,0,0,0,0,0,0,0
setting,circles,linear,128,0.3,final_facet,linear,25,2614,2614,2614,0,1,1,0,2614,2614,2614,0,1,1,0,0,0,0
setting,circles,linear,128,0.3,final_facet,linear_corner,25,2614,0,0,0,0,0,0,2614,0,0,0,0,0,0,0,0,0
setting,circles,linear,128,0.3,merge,independent,25,2614,2614,2614,0,1,1,0,2614,2614,2614,0,1,1,0,0,0,0
setting,circles,linear,128,0.3,merge,merged,25,2614,0,0,0,0,0,0,2614,0,0,0,0,0,0,0,0,0
setting,circles,linear,128,0.3,orientation_status,oriented,25,2614,2614,2614,0,1,1,0,2614,0,0,0,0,0,0,0,0,0
setting,circles,linear,128,0.3,orientation_status,unresolved_or_deadend,25,2614,0,0,0,0,0,0,2614,0,0,0,0,0,0,0,0,0
setting,circles,linear,128,0.3,plic_fallback_policy,ELVIRA,25,2614,0,0,0,0,0,0,2614,0,0,0,0,0,0,0,0,0
setting,circles,linear,128,0.3,plic_fallback_policy,LVIRA,25,2614,0,0,0,0,0,0,2614,0,0,0,0,0,0,0,0,0
setting,circles,linear,128,0.3,plic_fallback_policy,Youngs,25,2614,0,0,0,0,0,0,2614,0,0,0,0,0,0,0,0,0
setting,circles,linear,128,0.3,rescue,corner_arc_corner_triplet,25,2614,0,0,0,0,0,0,2614,0,0,0,0,0,0,0,0,0
setting,circles,linear,128,0.3,rescue,curved_corner_loop,25,2614,0,0,0,0,0,0,2614,0,0,0,0,0,0,0,0,0
setting,circles,linear,128,0.3,rescue,curved_corner_transition,25,2614,0,0,0,0,0,0,2614,0,0,0,0,0,0,0,0,0
setting,circles,linear,128,0.3,rescue,exact_linear_support,25,2614,0,0,0,0,0,0,2614,0,0,0,0,0,0,0,0,0
setting,circles,linear,150,0,construction_path,direct_fit,25,3000,3000,3000,0,1,1,0,3000,3000,3000,0,1,1,0,0,0,0
setting,circles,linear,150,0,construction_path,merged,25,3000,0,0,0,0,0,0,3000,0,0,0,0,0,0,0,0,0
setting,circles,linear,150,0,construction_path,plic_fallback,25,3000,0,0,0,0,0,0,3000,0,0,0,0,0,0,0,0,0
setting,circles,linear,150,0,final_facet,circular,25,3000,0,0,0,0,0,0,3000,0,0,0,0,0,0,0,0,0
setting,circles,linear,150,0,final_facet,curved_corner,25,3000,0,0,0,0,0,0,3000,0,0,0,0,0,0,0,0,0
setting,circles,linear,150,0,final_facet,linear,25,3000,3000,3000,0,1,1,0,3000,3000,3000,0,1,1,0,0,0,0
setting,circles,linear,150,0,final_facet,linear_corner,25,3000,0,0,0,0,0,0,3000,0,0,0,0,0,0,0,0,0
setting,circles,linear,150,0,merge,independent,25,3000,3000,3000,0,1,1,0,3000,3000,3000,0,1,1,0,0,0,0
setting,circles,linear,150,0,merge,merged,25,3000,0,0,0,0,0,0,3000,0,0,0,0,0,0,0,0,0
setting,circles,linear,150,0,orientation_status,oriented,25,3000,3000,3000,0,1,1,0,3000,0,0,0,0,0,0,0,0,0
setting,circles,linear,150,0,orientation_status,unresolved_or_deadend,25,3000,0,0,0,0,0,0,3000,0,0,0,0,0,0,0,0,0
setting,circles,linear,150,0,plic_fallback_policy,ELVIRA,25,3000,0,0,0,0,0,0,3000,0,0,0,0,0,0,0,0,0
setting,circles,linear,150,0,plic_fallback_policy,LVIRA,25,3000,0,0,0,0,0,0,3000,0,0,0,0,0,0,0,0,0
setting,circles,linear,150,0,plic_fallback_policy,Youngs,25,3000,0,0,0,0,0,0,3000,0,0,0,0,0,0,0,0,0
setting,circles,linear,150,0,rescue,corner_arc_corner_triplet,25,3000,0,0,0,0,0,0,3000,0,0,0,0,0,0,0,0,0
setting,circles,linear,150,0,rescue,curved_corner_loop,25,3000,0,0,0,0,0,0,3000,0,0,0,0,0,0,0,0,0
setting,circles,linear,150,0,rescue,curved_corner_transition,25,3000,0,0,0,0,0,0,3000,0,0,0,0,0,0,0,0,0
setting,circles,linear,150,0,rescue,exact_linear_support,25,3000,0,0,0,0,0,0,3000,0,0,0,0,0,0,0,0,0
setting,circles,linear,150,0.05,construction_path,direct_fit,25,3000,3000,3000,0,1,1,0,3000,3000,3000,0,1,1,0,0,0,0
setting,circles,linear,150,0.05,construction_path,merged,25,3000,0,0,0,0,0,0,3000,0,0,0,0,0,0,0,0,0
setting,circles,linear,150,0.05,construction_path,plic_fallback,25,3000,0,0,0,0,0,0,3000,0,0,0,0,0,0,0,0,0
setting,circles,linear,150,0.05,final_facet,circular,25,3000,0,0,0,0,0,0,3000,0,0,0,0,0,0,0,0,0
setting,circles,linear,150,0.05,final_facet,curved_corner,25,3000,0,0,0,0,0,0,3000,0,0,0,0,0,0,0,0,0
setting,circles,linear,150,0.05,final_facet,linear,25,3000,3000,3000,0,1,1,0,3000,3000,3000,0,1,1,0,0,0,0
setting,circles,linear,150,0.05,final_facet,linear_corner,25,3000,0,0,0,0,0,0,3000,0,0,0,0,0,0,0,0,0
setting,circles,linear,150,0.05,merge,independent,25,3000,3000,3000,0,1,1,0,3000,3000,3000,0,1,1,0,0,0,0
setting,circles,linear,150,0.05,merge,merged,25,3000,0,0,0,0,0,0,3000,0,0,0,0,0,0,0,0,0
setting,circles,linear,150,0.05,orientation_status,oriented,25,3000,3000,3000,0,1,1,0,3000,0,0,0,0,0,0,0,0,0
setting,circles,linear,150,0.05,orientation_status,unresolved_or_deadend,25,3000,0,0,0,0,0,0,3000,0,0,0,0,0,0,0,0,0
setting,circles,linear,150,0.05,plic_fallback_policy,ELVIRA,25,3000,0,0,0,0,0,0,3000,0,0,0,0,0,0,0,0,0
setting,circles,linear,150,0.05,plic_fallback_policy,LVIRA,25,3000,0,0,0,0,0,0,3000,0,0,0,0,0,0,0,0,0
setting,circles,linear,150,0.05,plic_fallback_policy,Youngs,25,3000,0,0,0,0,0,0,3000,0,0,0,0,0,0,0,0,0
setting,circles,linear,150,0.05,rescue,corner_arc_corner_triplet,25,3000,0,0,0,0,0,0,3000,0,0,0,0,0,0,0,0,0
setting,circles,linear,150,0.05,rescue,curved_corner_loop,25,3000,0,0,0,0,0,0,3000,0,0,0,0,0,0,0,0,0
setting,circles,linear,150,0.05,rescue,curved_corner_transition,25,3000,0,0,0,0,0,0,3000,0,0,0,0,0,0,0,0,0
setting,circles,linear,150,0.05,rescue,exact_linear_support,25,3000,0,0,0,0,0,0,3000,0,0,0,0,0,0,0,0,0
setting,circles,linear,150,0.1,construction_path,direct_fit,25,3005,3001,3001,0,0.99866888519134778,0.99866888519134778,0,3004,3001,3001,0,0.99900133155792281,0.99900133155792281,0,0,0,0
setting,circles,linear,150,0.1,construction_path,merged,25,3005,2,2,0,0.00066555740432612314,0.00066555740432612314,0,3004,1,1,0,0.00033288948069241014,0.00033288948069241014,0,0,0,0
setting,circles,linear,150,0.1,construction_path,plic_fallback,25,3005,2,2,0,0.00066555740432612314,0.00066555740432612314,0,3004,2,2,0,0.00066577896138482028,0.00066577896138482028,0,0,0,0
setting,circles,linear,150,0.1,final_facet,circular,25,3005,0,0,0,0,0,0,3004,0,0,0,0,0,0,0,0,0
setting,circles,linear,150,0.1,final_facet,curved_corner,25,3005,0,0,0,0,0,0,3004,0,0,0,0,0,0,0,0,0
setting,circles,linear,150,0.1,final_facet,linear,25,3005,3005,3005,0,1,1,0,3004,3004,3004,0,1,1,0,0,0,0
setting,circles,linear,150,0.1,final_facet,linear_corner,25,3005,0,0,0,0,0,0,3004,0,0,0,0,0,0,0,0,0
setting,circles,linear,150,0.1,merge,independent,25,3005,3003,3003,0,0.99933444259567383,0.99933444259567383,0,3004,3003,3003,0,0.99966711051930757,0.99966711051930757,0,0,0,0
setting,circles,linear,150,0.1,merge,merged,25,3005,2,2,0,0.00066555740432612314,0.00066555740432612314,0,3004,1,1,0,0.00033288948069241014,0.00033288948069241014,0,0,0,0
setting,circles,linear,150,0.1,orientation_status,oriented,25,3005,3003,3003,0,0.99933444259567383,0.99933444259567383,0,3004,0,0,0,0,0,0,0,0,0
setting,circles,linear,150,0.1,orientation_status,unresolved_or_deadend,25,3005,2,2,0,0.00066555740432612314,0.00066555740432612314,0,3004,0,0,0,0,0,0,0,0,0
setting,circles,linear,150,0.1,plic_fallback_policy,ELVIRA,25,3005,0,0,0,0,0,0,3004,0,0,0,0,0,0,0,0,0
setting,circles,linear,150,0.1,plic_fallback_policy,LVIRA,25,3005,2,2,0,0.00066555740432612314,0.00066555740432612314,0,3004,2,2,0,0.00066577896138482028,0.00066577896138482028,0,2,2,0
setting,circles,linear,150,0.1,plic_fallback_policy,Youngs,25,3005,0,0,0,0,0,0,3004,0,0,0,0,0,0,0,0,0
setting,circles,linear,150,0.1,rescue,corner_arc_corner_triplet,25,3005,0,0,0,0,0,0,3004,0,0,0,0,0,0,0,0,0
setting,circles,linear,150,0.1,rescue,curved_corner_loop,25,3005,0,0,0,0,0,0,3004,0,0,0,0,0,0,0,0,0
setting,circles,linear,150,0.1,rescue,curved_corner_transition,25,3005,0,0,0,0,0,0,3004,0,0,0,0,0,0,0,0,0
setting,circles,linear,150,0.1,rescue,exact_linear_support,25,3005,0,0,0,0,0,0,3004,0,0,0,0,0,0,0,0,0
setting,circles,linear,150,0.2,construction_path,direct_fit,25,3044,3044,3044,0,1,1,0,3044,3044,3044,0,1,1,0,0,0,0
setting,circles,linear,150,0.2,construction_path,merged,25,3044,0,0,0,0,0,0,3044,0,0,0,0,0,0,0,0,0
setting,circles,linear,150,0.2,construction_path,plic_fallback,25,3044,0,0,0,0,0,0,3044,0,0,0,0,0,0,0,0,0
setting,circles,linear,150,0.2,final_facet,circular,25,3044,0,0,0,0,0,0,3044,0,0,0,0,0,0,0,0,0
setting,circles,linear,150,0.2,final_facet,curved_corner,25,3044,0,0,0,0,0,0,3044,0,0,0,0,0,0,0,0,0
setting,circles,linear,150,0.2,final_facet,linear,25,3044,3044,3044,0,1,1,0,3044,3044,3044,0,1,1,0,0,0,0
setting,circles,linear,150,0.2,final_facet,linear_corner,25,3044,0,0,0,0,0,0,3044,0,0,0,0,0,0,0,0,0
setting,circles,linear,150,0.2,merge,independent,25,3044,3044,3044,0,1,1,0,3044,3044,3044,0,1,1,0,0,0,0
setting,circles,linear,150,0.2,merge,merged,25,3044,0,0,0,0,0,0,3044,0,0,0,0,0,0,0,0,0
setting,circles,linear,150,0.2,orientation_status,oriented,25,3044,3044,3044,0,1,1,0,3044,0,0,0,0,0,0,0,0,0
setting,circles,linear,150,0.2,orientation_status,unresolved_or_deadend,25,3044,0,0,0,0,0,0,3044,0,0,0,0,0,0,0,0,0
setting,circles,linear,150,0.2,plic_fallback_policy,ELVIRA,25,3044,0,0,0,0,0,0,3044,0,0,0,0,0,0,0,0,0
setting,circles,linear,150,0.2,plic_fallback_policy,LVIRA,25,3044,0,0,0,0,0,0,3044,0,0,0,0,0,0,0,0,0
setting,circles,linear,150,0.2,plic_fallback_policy,Youngs,25,3044,0,0,0,0,0,0,3044,0,0,0,0,0,0,0,0,0
setting,circles,linear,150,0.2,rescue,corner_arc_corner_triplet,25,3044,0,0,0,0,0,0,3044,0,0,0,0,0,0,0,0,0
setting,circles,linear,150,0.2,rescue,curved_corner_loop,25,3044,0,0,0,0,0,0,3044,0,0,0,0,0,0,0,0,0
setting,circles,linear,150,0.2,rescue,curved_corner_transition,25,3044,0,0,0,0,0,0,3044,0,0,0,0,0,0,0,0,0
setting,circles,linear,150,0.2,rescue,exact_linear_support,25,3044,0,0,0,0,0,0,3044,0,0,0,0,0,0,0,0,0
setting,circles,linear,150,0.3,construction_path,direct_fit,25,3080,3080,3080,0,1,1,0,3080,3080,3080,0,1,1,0,0,0,0
setting,circles,linear,150,0.3,construction_path,merged,25,3080,0,0,0,0,0,0,3080,0,0,0,0,0,0,0,0,0
setting,circles,linear,150,0.3,construction_path,plic_fallback,25,3080,0,0,0,0,0,0,3080,0,0,0,0,0,0,0,0,0
setting,circles,linear,150,0.3,final_facet,circular,25,3080,0,0,0,0,0,0,3080,0,0,0,0,0,0,0,0,0
setting,circles,linear,150,0.3,final_facet,curved_corner,25,3080,0,0,0,0,0,0,3080,0,0,0,0,0,0,0,0,0
setting,circles,linear,150,0.3,final_facet,linear,25,3080,3080,3080,0,1,1,0,3080,3080,3080,0,1,1,0,0,0,0
setting,circles,linear,150,0.3,final_facet,linear_corner,25,3080,0,0,0,0,0,0,3080,0,0,0,0,0,0,0,0,0
setting,circles,linear,150,0.3,merge,independent,25,3080,3080,3080,0,1,1,0,3080,3080,3080,0,1,1,0,0,0,0
setting,circles,linear,150,0.3,merge,merged,25,3080,0,0,0,0,0,0,3080,0,0,0,0,0,0,0,0,0
setting,circles,linear,150,0.3,orientation_status,oriented,25,3080,3080,3080,0,1,1,0,3080,0,0,0,0,0,0,0,0,0
setting,circles,linear,150,0.3,orientation_status,unresolved_or_deadend,25,3080,0,0,0,0,0,0,3080,0,0,0,0,0,0,0,0,0
setting,circles,linear,150,0.3,plic_fallback_policy,ELVIRA,25,3080,0,0,0,0,0,0,3080,0,0,0,0,0,0,0,0,0
setting,circles,linear,150,0.3,plic_fallback_policy,LVIRA,25,3080,0,0,0,0,0,0,3080,0,0,0,0,0,0,0,0,0
setting,circles,linear,150,0.3,plic_fallback_policy,Youngs,25,3080,0,0,0,0,0,0,3080,0,0,0,0,0,0,0,0,0
setting,circles,linear,150,0.3,rescue,corner_arc_corner_triplet,25,3080,0,0,0,0,0,0,3080,0,0,0,0,0,0,0,0,0
setting,circles,linear,150,0.3,rescue,curved_corner_loop,25,3080,0,0,0,0,0,0,3080,0,0,0,0,0,0,0,0,0
setting,circles,linear,150,0.3,rescue,curved_corner_transition,25,3080,0,0,0,0,0,0,3080,0,0,0,0,0,0,0,0,0
setting,circles,linear,150,0.3,rescue,exact_linear_support,25,3080,0,0,0,0,0,0,3080,0,0,0,0,0,0,0,0,0
setting,circles,linear,32,0,construction_path,direct_fit,25,652,648,648,0,0.99386503067484666,0.99386503067484666,0,650,648,648,0,0.99692307692307691,0.99692307692307691,0,0,0,0
setting,circles,linear,32,0,construction_path,merged,25,652,4,4,0,0.0061349693251533744,0.0061349693251533744,0,650,2,2,0,0.0030769230769230769,0.0030769230769230769,0,0,0,0
setting,circles,linear,32,0,construction_path,plic_fallback,25,652,0,0,0,0,0,0,650,0,0,0,0,0,0,0,0,0
setting,circles,linear,32,0,final_facet,circular,25,652,0,0,0,0,0,0,650,0,0,0,0,0,0,0,0,0
setting,circles,linear,32,0,final_facet,curved_corner,25,652,0,0,0,0,0,0,650,0,0,0,0,0,0,0,0,0
setting,circles,linear,32,0,final_facet,linear,25,652,652,652,0,1,1,0,650,650,650,0,1,1,0,0,0,0
setting,circles,linear,32,0,final_facet,linear_corner,25,652,0,0,0,0,0,0,650,0,0,0,0,0,0,0,0,0
setting,circles,linear,32,0,merge,independent,25,652,648,648,0,0.99386503067484666,0.99386503067484666,0,650,648,648,0,0.99692307692307691,0.99692307692307691,0,0,0,0
setting,circles,linear,32,0,merge,merged,25,652,4,4,0,0.0061349693251533744,0.0061349693251533744,0,650,2,2,0,0.0030769230769230769,0.0030769230769230769,0,0,0,0
setting,circles,linear,32,0,orientation_status,oriented,25,652,652,652,0,1,1,0,650,0,0,0,0,0,0,0,0,0
setting,circles,linear,32,0,orientation_status,unresolved_or_deadend,25,652,0,0,0,0,0,0,650,0,0,0,0,0,0,0,0,0
setting,circles,linear,32,0,plic_fallback_policy,ELVIRA,25,652,0,0,0,0,0,0,650,0,0,0,0,0,0,0,0,0
setting,circles,linear,32,0,plic_fallback_policy,LVIRA,25,652,0,0,0,0,0,0,650,0,0,0,0,0,0,0,0,0
setting,circles,linear,32,0,plic_fallback_policy,Youngs,25,652,0,0,0,0,0,0,650,0,0,0,0,0,0,0,0,0
setting,circles,linear,32,0,rescue,corner_arc_corner_triplet,25,652,0,0,0,0,0,0,650,0,0,0,0,0,0,0,0,0
setting,circles,linear,32,0,rescue,curved_corner_loop,25,652,0,0,0,0,0,0,650,0,0,0,0,0,0,0,0,0
setting,circles,linear,32,0,rescue,curved_corner_transition,25,652,0,0,0,0,0,0,650,0,0,0,0,0,0,0,0,0
setting,circles,linear,32,0,rescue,exact_linear_support,25,652,0,0,0,0,0,0,650,0,0,0,0,0,0,0,0,0
setting,circles,linear,32,0.05,construction_path,direct_fit,25,654,654,654,0,1,1,0,654,654,654,0,1,1,0,0,0,0
setting,circles,linear,32,0.05,construction_path,merged,25,654,0,0,0,0,0,0,654,0,0,0,0,0,0,0,0,0
setting,circles,linear,32,0.05,construction_path,plic_fallback,25,654,0,0,0,0,0,0,654,0,0,0,0,0,0,0,0,0
setting,circles,linear,32,0.05,final_facet,circular,25,654,0,0,0,0,0,0,654,0,0,0,0,0,0,0,0,0
setting,circles,linear,32,0.05,final_facet,curved_corner,25,654,0,0,0,0,0,0,654,0,0,0,0,0,0,0,0,0
setting,circles,linear,32,0.05,final_facet,linear,25,654,654,654,0,1,1,0,654,654,654,0,1,1,0,0,0,0
setting,circles,linear,32,0.05,final_facet,linear_corner,25,654,0,0,0,0,0,0,654,0,0,0,0,0,0,0,0,0
setting,circles,linear,32,0.05,merge,independent,25,654,654,654,0,1,1,0,654,654,654,0,1,1,0,0,0,0
setting,circles,linear,32,0.05,merge,merged,25,654,0,0,0,0,0,0,654,0,0,0,0,0,0,0,0,0
setting,circles,linear,32,0.05,orientation_status,oriented,25,654,654,654,0,1,1,0,654,0,0,0,0,0,0,0,0,0
setting,circles,linear,32,0.05,orientation_status,unresolved_or_deadend,25,654,0,0,0,0,0,0,654,0,0,0,0,0,0,0,0,0
setting,circles,linear,32,0.05,plic_fallback_policy,ELVIRA,25,654,0,0,0,0,0,0,654,0,0,0,0,0,0,0,0,0
setting,circles,linear,32,0.05,plic_fallback_policy,LVIRA,25,654,0,0,0,0,0,0,654,0,0,0,0,0,0,0,0,0
setting,circles,linear,32,0.05,plic_fallback_policy,Youngs,25,654,0,0,0,0,0,0,654,0,0,0,0,0,0,0,0,0
setting,circles,linear,32,0.05,rescue,corner_arc_corner_triplet,25,654,0,0,0,0,0,0,654,0,0,0,0,0,0,0,0,0
setting,circles,linear,32,0.05,rescue,curved_corner_loop,25,654,0,0,0,0,0,0,654,0,0,0,0,0,0,0,0,0
setting,circles,linear,32,0.05,rescue,curved_corner_transition,25,654,0,0,0,0,0,0,654,0,0,0,0,0,0,0,0,0
setting,circles,linear,32,0.05,rescue,exact_linear_support,25,654,0,0,0,0,0,0,654,0,0,0,0,0,0,0,0,0
setting,circles,linear,32,0.1,construction_path,direct_fit,25,656,656,656,0,1,1,0,656,656,656,0,1,1,0,0,0,0
setting,circles,linear,32,0.1,construction_path,merged,25,656,0,0,0,0,0,0,656,0,0,0,0,0,0,0,0,0
setting,circles,linear,32,0.1,construction_path,plic_fallback,25,656,0,0,0,0,0,0,656,0,0,0,0,0,0,0,0,0
setting,circles,linear,32,0.1,final_facet,circular,25,656,0,0,0,0,0,0,656,0,0,0,0,0,0,0,0,0
setting,circles,linear,32,0.1,final_facet,curved_corner,25,656,0,0,0,0,0,0,656,0,0,0,0,0,0,0,0,0
setting,circles,linear,32,0.1,final_facet,linear,25,656,656,656,0,1,1,0,656,656,656,0,1,1,0,0,0,0
setting,circles,linear,32,0.1,final_facet,linear_corner,25,656,0,0,0,0,0,0,656,0,0,0,0,0,0,0,0,0
setting,circles,linear,32,0.1,merge,independent,25,656,656,656,0,1,1,0,656,656,656,0,1,1,0,0,0,0
setting,circles,linear,32,0.1,merge,merged,25,656,0,0,0,0,0,0,656,0,0,0,0,0,0,0,0,0
setting,circles,linear,32,0.1,orientation_status,oriented,25,656,656,656,0,1,1,0,656,0,0,0,0,0,0,0,0,0
setting,circles,linear,32,0.1,orientation_status,unresolved_or_deadend,25,656,0,0,0,0,0,0,656,0,0,0,0,0,0,0,0,0
setting,circles,linear,32,0.1,plic_fallback_policy,ELVIRA,25,656,0,0,0,0,0,0,656,0,0,0,0,0,0,0,0,0
setting,circles,linear,32,0.1,plic_fallback_policy,LVIRA,25,656,0,0,0,0,0,0,656,0,0,0,0,0,0,0,0,0
setting,circles,linear,32,0.1,plic_fallback_policy,Youngs,25,656,0,0,0,0,0,0,656,0,0,0,0,0,0,0,0,0
setting,circles,linear,32,0.1,rescue,corner_arc_corner_triplet,25,656,0,0,0,0,0,0,656,0,0,0,0,0,0,0,0,0
setting,circles,linear,32,0.1,rescue,curved_corner_loop,25,656,0,0,0,0,0,0,656,0,0,0,0,0,0,0,0,0
setting,circles,linear,32,0.1,rescue,curved_corner_transition,25,656,0,0,0,0,0,0,656,0,0,0,0,0,0,0,0,0
setting,circles,linear,32,0.1,rescue,exact_linear_support,25,656,0,0,0,0,0,0,656,0,0,0,0,0,0,0,0,0
setting,circles,linear,32,0.2,construction_path,direct_fit,25,663,661,661,0,0.99698340874811464,0.99698340874811464,0,662,661,661,0,0.99848942598187307,0.99848942598187307,0,0,0,0
setting,circles,linear,32,0.2,construction_path,merged,25,663,2,2,0,0.0030165912518853697,0.0030165912518853697,0,662,1,1,0,0.0015105740181268882,0.0015105740181268882,0,0,0,0
setting,circles,linear,32,0.2,construction_path,plic_fallback,25,663,0,0,0,0,0,0,662,0,0,0,0,0,0,0,0,0
setting,circles,linear,32,0.2,final_facet,circular,25,663,0,0,0,0,0,0,662,0,0,0,0,0,0,0,0,0
setting,circles,linear,32,0.2,final_facet,curved_corner,25,663,0,0,0,0,0,0,662,0,0,0,0,0,0,0,0,0
setting,circles,linear,32,0.2,final_facet,linear,25,663,663,663,0,1,1,0,662,662,662,0,1,1,0,0,0,0
setting,circles,linear,32,0.2,final_facet,linear_corner,25,663,0,0,0,0,0,0,662,0,0,0,0,0,0,0,0,0
setting,circles,linear,32,0.2,merge,independent,25,663,661,661,0,0.99698340874811464,0.99698340874811464,0,662,661,661,0,0.99848942598187307,0.99848942598187307,0,0,0,0
setting,circles,linear,32,0.2,merge,merged,25,663,2,2,0,0.0030165912518853697,0.0030165912518853697,0,662,1,1,0,0.0015105740181268882,0.0015105740181268882,0,0,0,0
setting,circles,linear,32,0.2,orientation_status,oriented,25,663,663,663,0,1,1,0,662,0,0,0,0,0,0,0,0,0
setting,circles,linear,32,0.2,orientation_status,unresolved_or_deadend,25,663,0,0,0,0,0,0,662,0,0,0,0,0,0,0,0,0
setting,circles,linear,32,0.2,plic_fallback_policy,ELVIRA,25,663,0,0,0,0,0,0,662,0,0,0,0,0,0,0,0,0
setting,circles,linear,32,0.2,plic_fallback_policy,LVIRA,25,663,0,0,0,0,0,0,662,0,0,0,0,0,0,0,0,0
setting,circles,linear,32,0.2,plic_fallback_policy,Youngs,25,663,0,0,0,0,0,0,662,0,0,0,0,0,0,0,0,0
setting,circles,linear,32,0.2,rescue,corner_arc_corner_triplet,25,663,0,0,0,0,0,0,662,0,0,0,0,0,0,0,0,0
setting,circles,linear,32,0.2,rescue,curved_corner_loop,25,663,0,0,0,0,0,0,662,0,0,0,0,0,0,0,0,0
setting,circles,linear,32,0.2,rescue,curved_corner_transition,25,663,0,0,0,0,0,0,662,0,0,0,0,0,0,0,0,0
setting,circles,linear,32,0.2,rescue,exact_linear_support,25,663,0,0,0,0,0,0,662,0,0,0,0,0,0,0,0,0
setting,circles,linear,32,0.3,construction_path,direct_fit,25,673,667,667,0,0.99108469539375932,0.99108469539375932,0,670,667,667,0,0.9955223880597015,0.9955223880597015,0,0,0,0
setting,circles,linear,32,0.3,construction_path,merged,25,673,6,6,0,0.0089153046062407128,0.0089153046062407128,0,670,3,3,0,0.0044776119402985077,0.0044776119402985077,0,0,0,0
setting,circles,linear,32,0.3,construction_path,plic_fallback,25,673,0,0,0,0,0,0,670,0,0,0,0,0,0,0,0,0
setting,circles,linear,32,0.3,final_facet,circular,25,673,0,0,0,0,0,0,670,0,0,0,0,0,0,0,0,0
setting,circles,linear,32,0.3,final_facet,curved_corner,25,673,0,0,0,0,0,0,670,0,0,0,0,0,0,0,0,0
setting,circles,linear,32,0.3,final_facet,linear,25,673,673,673,0,1,1,0,670,670,670,0,1,1,0,0,0,0
setting,circles,linear,32,0.3,final_facet,linear_corner,25,673,0,0,0,0,0,0,670,0,0,0,0,0,0,0,0,0
setting,circles,linear,32,0.3,merge,independent,25,673,667,667,0,0.99108469539375932,0.99108469539375932,0,670,667,667,0,0.9955223880597015,0.9955223880597015,0,0,0,0
setting,circles,linear,32,0.3,merge,merged,25,673,6,6,0,0.0089153046062407128,0.0089153046062407128,0,670,3,3,0,0.0044776119402985077,0.0044776119402985077,0,0,0,0
setting,circles,linear,32,0.3,orientation_status,oriented,25,673,673,673,0,1,1,0,670,0,0,0,0,0,0,0,0,0
setting,circles,linear,32,0.3,orientation_status,unresolved_or_deadend,25,673,0,0,0,0,0,0,670,0,0,0,0,0,0,0,0,0
setting,circles,linear,32,0.3,plic_fallback_policy,ELVIRA,25,673,0,0,0,0,0,0,670,0,0,0,0,0,0,0,0,0
setting,circles,linear,32,0.3,plic_fallback_policy,LVIRA,25,673,0,0,0,0,0,0,670,0,0,0,0,0,0,0,0,0
setting,circles,linear,32,0.3,plic_fallback_policy,Youngs,25,673,0,0,0,0,0,0,670,0,0,0,0,0,0,0,0,0
setting,circles,linear,32,0.3,rescue,corner_arc_corner_triplet,25,673,0,0,0,0,0,0,670,0,0,0,0,0,0,0,0,0
setting,circles,linear,32,0.3,rescue,curved_corner_loop,25,673,0,0,0,0,0,0,670,0,0,0,0,0,0,0,0,0
setting,circles,linear,32,0.3,rescue,curved_corner_transition,25,673,0,0,0,0,0,0,670,0,0,0,0,0,0,0,0,0
setting,circles,linear,32,0.3,rescue,exact_linear_support,25,673,0,0,0,0,0,0,670,0,0,0,0,0,0,0,0,0
setting,circles,linear,50,0,construction_path,direct_fit,25,1000,1000,1000,0,1,1,0,1000,1000,1000,0,1,1,0,0,0,0
setting,circles,linear,50,0,construction_path,merged,25,1000,0,0,0,0,0,0,1000,0,0,0,0,0,0,0,0,0
setting,circles,linear,50,0,construction_path,plic_fallback,25,1000,0,0,0,0,0,0,1000,0,0,0,0,0,0,0,0,0
setting,circles,linear,50,0,final_facet,circular,25,1000,0,0,0,0,0,0,1000,0,0,0,0,0,0,0,0,0
setting,circles,linear,50,0,final_facet,curved_corner,25,1000,0,0,0,0,0,0,1000,0,0,0,0,0,0,0,0,0
setting,circles,linear,50,0,final_facet,linear,25,1000,1000,1000,0,1,1,0,1000,1000,1000,0,1,1,0,0,0,0
setting,circles,linear,50,0,final_facet,linear_corner,25,1000,0,0,0,0,0,0,1000,0,0,0,0,0,0,0,0,0
setting,circles,linear,50,0,merge,independent,25,1000,1000,1000,0,1,1,0,1000,1000,1000,0,1,1,0,0,0,0
setting,circles,linear,50,0,merge,merged,25,1000,0,0,0,0,0,0,1000,0,0,0,0,0,0,0,0,0
setting,circles,linear,50,0,orientation_status,oriented,25,1000,1000,1000,0,1,1,0,1000,0,0,0,0,0,0,0,0,0
setting,circles,linear,50,0,orientation_status,unresolved_or_deadend,25,1000,0,0,0,0,0,0,1000,0,0,0,0,0,0,0,0,0
setting,circles,linear,50,0,plic_fallback_policy,ELVIRA,25,1000,0,0,0,0,0,0,1000,0,0,0,0,0,0,0,0,0
setting,circles,linear,50,0,plic_fallback_policy,LVIRA,25,1000,0,0,0,0,0,0,1000,0,0,0,0,0,0,0,0,0
setting,circles,linear,50,0,plic_fallback_policy,Youngs,25,1000,0,0,0,0,0,0,1000,0,0,0,0,0,0,0,0,0
setting,circles,linear,50,0,rescue,corner_arc_corner_triplet,25,1000,0,0,0,0,0,0,1000,0,0,0,0,0,0,0,0,0
setting,circles,linear,50,0,rescue,curved_corner_loop,25,1000,0,0,0,0,0,0,1000,0,0,0,0,0,0,0,0,0
setting,circles,linear,50,0,rescue,curved_corner_transition,25,1000,0,0,0,0,0,0,1000,0,0,0,0,0,0,0,0,0
setting,circles,linear,50,0,rescue,exact_linear_support,25,1000,0,0,0,0,0,0,1000,0,0,0,0,0,0,0,0,0
setting,circles,linear,50,0.05,construction_path,direct_fit,25,1000,1000,1000,0,1,1,0,1000,1000,1000,0,1,1,0,0,0,0
setting,circles,linear,50,0.05,construction_path,merged,25,1000,0,0,0,0,0,0,1000,0,0,0,0,0,0,0,0,0
setting,circles,linear,50,0.05,construction_path,plic_fallback,25,1000,0,0,0,0,0,0,1000,0,0,0,0,0,0,0,0,0
setting,circles,linear,50,0.05,final_facet,circular,25,1000,0,0,0,0,0,0,1000,0,0,0,0,0,0,0,0,0
setting,circles,linear,50,0.05,final_facet,curved_corner,25,1000,0,0,0,0,0,0,1000,0,0,0,0,0,0,0,0,0
setting,circles,linear,50,0.05,final_facet,linear,25,1000,1000,1000,0,1,1,0,1000,1000,1000,0,1,1,0,0,0,0
setting,circles,linear,50,0.05,final_facet,linear_corner,25,1000,0,0,0,0,0,0,1000,0,0,0,0,0,0,0,0,0
setting,circles,linear,50,0.05,merge,independent,25,1000,1000,1000,0,1,1,0,1000,1000,1000,0,1,1,0,0,0,0
setting,circles,linear,50,0.05,merge,merged,25,1000,0,0,0,0,0,0,1000,0,0,0,0,0,0,0,0,0
setting,circles,linear,50,0.05,orientation_status,oriented,25,1000,1000,1000,0,1,1,0,1000,0,0,0,0,0,0,0,0,0
setting,circles,linear,50,0.05,orientation_status,unresolved_or_deadend,25,1000,0,0,0,0,0,0,1000,0,0,0,0,0,0,0,0,0
setting,circles,linear,50,0.05,plic_fallback_policy,ELVIRA,25,1000,0,0,0,0,0,0,1000,0,0,0,0,0,0,0,0,0
setting,circles,linear,50,0.05,plic_fallback_policy,LVIRA,25,1000,0,0,0,0,0,0,1000,0,0,0,0,0,0,0,0,0
setting,circles,linear,50,0.05,plic_fallback_policy,Youngs,25,1000,0,0,0,0,0,0,1000,0,0,0,0,0,0,0,0,0
setting,circles,linear,50,0.05,rescue,corner_arc_corner_triplet,25,1000,0,0,0,0,0,0,1000,0,0,0,0,0,0,0,0,0
setting,circles,linear,50,0.05,rescue,curved_corner_loop,25,1000,0,0,0,0,0,0,1000,0,0,0,0,0,0,0,0,0
setting,circles,linear,50,0.05,rescue,curved_corner_transition,25,1000,0,0,0,0,0,0,1000,0,0,0,0,0,0,0,0,0
setting,circles,linear,50,0.05,rescue,exact_linear_support,25,1000,0,0,0,0,0,0,1000,0,0,0,0,0,0,0,0,0
setting,circles,linear,50,0.1,construction_path,direct_fit,25,1002,1002,1002,0,1,1,0,1002,1002,1002,0,1,1,0,0,0,0
setting,circles,linear,50,0.1,construction_path,merged,25,1002,0,0,0,0,0,0,1002,0,0,0,0,0,0,0,0,0
setting,circles,linear,50,0.1,construction_path,plic_fallback,25,1002,0,0,0,0,0,0,1002,0,0,0,0,0,0,0,0,0
setting,circles,linear,50,0.1,final_facet,circular,25,1002,0,0,0,0,0,0,1002,0,0,0,0,0,0,0,0,0
setting,circles,linear,50,0.1,final_facet,curved_corner,25,1002,0,0,0,0,0,0,1002,0,0,0,0,0,0,0,0,0
setting,circles,linear,50,0.1,final_facet,linear,25,1002,1002,1002,0,1,1,0,1002,1002,1002,0,1,1,0,0,0,0
setting,circles,linear,50,0.1,final_facet,linear_corner,25,1002,0,0,0,0,0,0,1002,0,0,0,0,0,0,0,0,0
setting,circles,linear,50,0.1,merge,independent,25,1002,1002,1002,0,1,1,0,1002,1002,1002,0,1,1,0,0,0,0
setting,circles,linear,50,0.1,merge,merged,25,1002,0,0,0,0,0,0,1002,0,0,0,0,0,0,0,0,0
setting,circles,linear,50,0.1,orientation_status,oriented,25,1002,1002,1002,0,1,1,0,1002,0,0,0,0,0,0,0,0,0
setting,circles,linear,50,0.1,orientation_status,unresolved_or_deadend,25,1002,0,0,0,0,0,0,1002,0,0,0,0,0,0,0,0,0
setting,circles,linear,50,0.1,plic_fallback_policy,ELVIRA,25,1002,0,0,0,0,0,0,1002,0,0,0,0,0,0,0,0,0
setting,circles,linear,50,0.1,plic_fallback_policy,LVIRA,25,1002,0,0,0,0,0,0,1002,0,0,0,0,0,0,0,0,0
setting,circles,linear,50,0.1,plic_fallback_policy,Youngs,25,1002,0,0,0,0,0,0,1002,0,0,0,0,0,0,0,0,0
setting,circles,linear,50,0.1,rescue,corner_arc_corner_triplet,25,1002,0,0,0,0,0,0,1002,0,0,0,0,0,0,0,0,0
setting,circles,linear,50,0.1,rescue,curved_corner_loop,25,1002,0,0,0,0,0,0,1002,0,0,0,0,0,0,0,0,0
setting,circles,linear,50,0.1,rescue,curved_corner_transition,25,1002,0,0,0,0,0,0,1002,0,0,0,0,0,0,0,0,0
setting,circles,linear,50,0.1,rescue,exact_linear_support,25,1002,0,0,0,0,0,0,1002,0,0,0,0,0,0,0,0,0
setting,circles,linear,50,0.2,construction_path,direct_fit,25,1016,1016,1016,0,1,1,0,1016,1016,1016,0,1,1,0,0,0,0
setting,circles,linear,50,0.2,construction_path,merged,25,1016,0,0,0,0,0,0,1016,0,0,0,0,0,0,0,0,0
setting,circles,linear,50,0.2,construction_path,plic_fallback,25,1016,0,0,0,0,0,0,1016,0,0,0,0,0,0,0,0,0
setting,circles,linear,50,0.2,final_facet,circular,25,1016,0,0,0,0,0,0,1016,0,0,0,0,0,0,0,0,0
setting,circles,linear,50,0.2,final_facet,curved_corner,25,1016,0,0,0,0,0,0,1016,0,0,0,0,0,0,0,0,0
setting,circles,linear,50,0.2,final_facet,linear,25,1016,1016,1016,0,1,1,0,1016,1016,1016,0,1,1,0,0,0,0
setting,circles,linear,50,0.2,final_facet,linear_corner,25,1016,0,0,0,0,0,0,1016,0,0,0,0,0,0,0,0,0
setting,circles,linear,50,0.2,merge,independent,25,1016,1016,1016,0,1,1,0,1016,1016,1016,0,1,1,0,0,0,0
setting,circles,linear,50,0.2,merge,merged,25,1016,0,0,0,0,0,0,1016,0,0,0,0,0,0,0,0,0
setting,circles,linear,50,0.2,orientation_status,oriented,25,1016,1016,1016,0,1,1,0,1016,0,0,0,0,0,0,0,0,0
setting,circles,linear,50,0.2,orientation_status,unresolved_or_deadend,25,1016,0,0,0,0,0,0,1016,0,0,0,0,0,0,0,0,0
setting,circles,linear,50,0.2,plic_fallback_policy,ELVIRA,25,1016,0,0,0,0,0,0,1016,0,0,0,0,0,0,0,0,0
setting,circles,linear,50,0.2,plic_fallback_policy,LVIRA,25,1016,0,0,0,0,0,0,1016,0,0,0,0,0,0,0,0,0
setting,circles,linear,50,0.2,plic_fallback_policy,Youngs,25,1016,0,0,0,0,0,0,1016,0,0,0,0,0,0,0,0,0
setting,circles,linear,50,0.2,rescue,corner_arc_corner_triplet,25,1016,0,0,0,0,0,0,1016,0,0,0,0,0,0,0,0,0
setting,circles,linear,50,0.2,rescue,curved_corner_loop,25,1016,0,0,0,0,0,0,1016,0,0,0,0,0,0,0,0,0
setting,circles,linear,50,0.2,rescue,curved_corner_transition,25,1016,0,0,0,0,0,0,1016,0,0,0,0,0,0,0,0,0
setting,circles,linear,50,0.2,rescue,exact_linear_support,25,1016,0,0,0,0,0,0,1016,0,0,0,0,0,0,0,0,0
setting,circles,linear,50,0.3,construction_path,direct_fit,25,1042,1042,1042,0,1,1,0,1042,1042,1042,0,1,1,0,0,0,0
setting,circles,linear,50,0.3,construction_path,merged,25,1042,0,0,0,0,0,0,1042,0,0,0,0,0,0,0,0,0
setting,circles,linear,50,0.3,construction_path,plic_fallback,25,1042,0,0,0,0,0,0,1042,0,0,0,0,0,0,0,0,0
setting,circles,linear,50,0.3,final_facet,circular,25,1042,0,0,0,0,0,0,1042,0,0,0,0,0,0,0,0,0
setting,circles,linear,50,0.3,final_facet,curved_corner,25,1042,0,0,0,0,0,0,1042,0,0,0,0,0,0,0,0,0
setting,circles,linear,50,0.3,final_facet,linear,25,1042,1042,1042,0,1,1,0,1042,1042,1042,0,1,1,0,0,0,0
setting,circles,linear,50,0.3,final_facet,linear_corner,25,1042,0,0,0,0,0,0,1042,0,0,0,0,0,0,0,0,0
setting,circles,linear,50,0.3,merge,independent,25,1042,1042,1042,0,1,1,0,1042,1042,1042,0,1,1,0,0,0,0
setting,circles,linear,50,0.3,merge,merged,25,1042,0,0,0,0,0,0,1042,0,0,0,0,0,0,0,0,0
setting,circles,linear,50,0.3,orientation_status,oriented,25,1042,1042,1042,0,1,1,0,1042,0,0,0,0,0,0,0,0,0
setting,circles,linear,50,0.3,orientation_status,unresolved_or_deadend,25,1042,0,0,0,0,0,0,1042,0,0,0,0,0,0,0,0,0
setting,circles,linear,50,0.3,plic_fallback_policy,ELVIRA,25,1042,0,0,0,0,0,0,1042,0,0,0,0,0,0,0,0,0
setting,circles,linear,50,0.3,plic_fallback_policy,LVIRA,25,1042,0,0,0,0,0,0,1042,0,0,0,0,0,0,0,0,0
setting,circles,linear,50,0.3,plic_fallback_policy,Youngs,25,1042,0,0,0,0,0,0,1042,0,0,0,0,0,0,0,0,0
setting,circles,linear,50,0.3,rescue,corner_arc_corner_triplet,25,1042,0,0,0,0,0,0,1042,0,0,0,0,0,0,0,0,0
setting,circles,linear,50,0.3,rescue,curved_corner_loop,25,1042,0,0,0,0,0,0,1042,0,0,0,0,0,0,0,0,0
setting,circles,linear,50,0.3,rescue,curved_corner_transition,25,1042,0,0,0,0,0,0,1042,0,0,0,0,0,0,0,0,0
setting,circles,linear,50,0.3,rescue,exact_linear_support,25,1042,0,0,0,0,0,0,1042,0,0,0,0,0,0,0,0,0
setting,circles,linear,64,0,construction_path,direct_fit,25,1258,1254,1254,0,0.99682034976152623,0.99682034976152623,0,1256,1254,1254,0,0.99840764331210186,0.99840764331210186,0,0,0,0
setting,circles,linear,64,0,construction_path,merged,25,1258,4,4,0,0.0031796502384737681,0.0031796502384737681,0,1256,2,2,0,0.0015923566878980893,0.0015923566878980893,0,0,0,0
setting,circles,linear,64,0,construction_path,plic_fallback,25,1258,0,0,0,0,0,0,1256,0,0,0,0,0,0,0,0,0
setting,circles,linear,64,0,final_facet,circular,25,1258,0,0,0,0,0,0,1256,0,0,0,0,0,0,0,0,0
setting,circles,linear,64,0,final_facet,curved_corner,25,1258,0,0,0,0,0,0,1256,0,0,0,0,0,0,0,0,0
setting,circles,linear,64,0,final_facet,linear,25,1258,1258,1258,0,1,1,0,1256,1256,1256,0,1,1,0,0,0,0
setting,circles,linear,64,0,final_facet,linear_corner,25,1258,0,0,0,0,0,0,1256,0,0,0,0,0,0,0,0,0
setting,circles,linear,64,0,merge,independent,25,1258,1254,1254,0,0.99682034976152623,0.99682034976152623,0,1256,1254,1254,0,0.99840764331210186,0.99840764331210186,0,0,0,0
setting,circles,linear,64,0,merge,merged,25,1258,4,4,0,0.0031796502384737681,0.0031796502384737681,0,1256,2,2,0,0.0015923566878980893,0.0015923566878980893,0,0,0,0
setting,circles,linear,64,0,orientation_status,oriented,25,1258,1258,1258,0,1,1,0,1256,0,0,0,0,0,0,0,0,0
setting,circles,linear,64,0,orientation_status,unresolved_or_deadend,25,1258,0,0,0,0,0,0,1256,0,0,0,0,0,0,0,0,0
setting,circles,linear,64,0,plic_fallback_policy,ELVIRA,25,1258,0,0,0,0,0,0,1256,0,0,0,0,0,0,0,0,0
setting,circles,linear,64,0,plic_fallback_policy,LVIRA,25,1258,0,0,0,0,0,0,1256,0,0,0,0,0,0,0,0,0
setting,circles,linear,64,0,plic_fallback_policy,Youngs,25,1258,0,0,0,0,0,0,1256,0,0,0,0,0,0,0,0,0
setting,circles,linear,64,0,rescue,corner_arc_corner_triplet,25,1258,0,0,0,0,0,0,1256,0,0,0,0,0,0,0,0,0
setting,circles,linear,64,0,rescue,curved_corner_loop,25,1258,0,0,0,0,0,0,1256,0,0,0,0,0,0,0,0,0
setting,circles,linear,64,0,rescue,curved_corner_transition,25,1258,0,0,0,0,0,0,1256,0,0,0,0,0,0,0,0,0
setting,circles,linear,64,0,rescue,exact_linear_support,25,1258,0,0,0,0,0,0,1256,0,0,0,0,0,0,0,0,0
setting,circles,linear,64,0.05,construction_path,direct_fit,25,1261,1259,1259,0,0.99841395717684378,0.99841395717684378,0,1260,1259,1259,0,0.99920634920634921,0.99920634920634921,0,0,0,0
setting,circles,linear,64,0.05,construction_path,merged,25,1261,2,2,0,0.0015860428231562252,0.0015860428231562252,0,1260,1,1,0,0.00079365079365079365,0.00079365079365079365,0,0,0,0
setting,circles,linear,64,0.05,construction_path,plic_fallback,25,1261,0,0,0,0,0,0,1260,0,0,0,0,0,0,0,0,0
setting,circles,linear,64,0.05,final_facet,circular,25,1261,0,0,0,0,0,0,1260,0,0,0,0,0,0,0,0,0
setting,circles,linear,64,0.05,final_facet,curved_corner,25,1261,0,0,0,0,0,0,1260,0,0,0,0,0,0,0,0,0
setting,circles,linear,64,0.05,final_facet,linear,25,1261,1261,1261,0,1,1,0,1260,1260,1260,0,1,1,0,0,0,0
setting,circles,linear,64,0.05,final_facet,linear_corner,25,1261,0,0,0,0,0,0,1260,0,0,0,0,0,0,0,0,0
setting,circles,linear,64,0.05,merge,independent,25,1261,1259,1259,0,0.99841395717684378,0.99841395717684378,0,1260,1259,1259,0,0.99920634920634921,0.99920634920634921,0,0,0,0
setting,circles,linear,64,0.05,merge,merged,25,1261,2,2,0,0.0015860428231562252,0.0015860428231562252,0,1260,1,1,0,0.00079365079365079365,0.00079365079365079365,0,0,0,0
setting,circles,linear,64,0.05,orientation_status,oriented,25,1261,1261,1261,0,1,1,0,1260,0,0,0,0,0,0,0,0,0
setting,circles,linear,64,0.05,orientation_status,unresolved_or_deadend,25,1261,0,0,0,0,0,0,1260,0,0,0,0,0,0,0,0,0
setting,circles,linear,64,0.05,plic_fallback_policy,ELVIRA,25,1261,0,0,0,0,0,0,1260,0,0,0,0,0,0,0,0,0
setting,circles,linear,64,0.05,plic_fallback_policy,LVIRA,25,1261,0,0,0,0,0,0,1260,0,0,0,0,0,0,0,0,0
setting,circles,linear,64,0.05,plic_fallback_policy,Youngs,25,1261,0,0,0,0,0,0,1260,0,0,0,0,0,0,0,0,0
setting,circles,linear,64,0.05,rescue,corner_arc_corner_triplet,25,1261,0,0,0,0,0,0,1260,0,0,0,0,0,0,0,0,0
setting,circles,linear,64,0.05,rescue,curved_corner_loop,25,1261,0,0,0,0,0,0,1260,0,0,0,0,0,0,0,0,0
setting,circles,linear,64,0.05,rescue,curved_corner_transition,25,1261,0,0,0,0,0,0,1260,0,0,0,0,0,0,0,0,0
setting,circles,linear,64,0.05,rescue,exact_linear_support,25,1261,0,0,0,0,0,0,1260,0,0,0,0,0,0,0,0,0
setting,circles,linear,64,0.1,construction_path,direct_fit,25,1268,1268,1268,0,1,1,0,1268,1268,1268,0,1,1,0,0,0,0
setting,circles,linear,64,0.1,construction_path,merged,25,1268,0,0,0,0,0,0,1268,0,0,0,0,0,0,0,0,0
setting,circles,linear,64,0.1,construction_path,plic_fallback,25,1268,0,0,0,0,0,0,1268,0,0,0,0,0,0,0,0,0
setting,circles,linear,64,0.1,final_facet,circular,25,1268,0,0,0,0,0,0,1268,0,0,0,0,0,0,0,0,0
setting,circles,linear,64,0.1,final_facet,curved_corner,25,1268,0,0,0,0,0,0,1268,0,0,0,0,0,0,0,0,0
setting,circles,linear,64,0.1,final_facet,linear,25,1268,1268,1268,0,1,1,0,1268,1268,1268,0,1,1,0,0,0,0
setting,circles,linear,64,0.1,final_facet,linear_corner,25,1268,0,0,0,0,0,0,1268,0,0,0,0,0,0,0,0,0
setting,circles,linear,64,0.1,merge,independent,25,1268,1268,1268,0,1,1,0,1268,1268,1268,0,1,1,0,0,0,0
setting,circles,linear,64,0.1,merge,merged,25,1268,0,0,0,0,0,0,1268,0,0,0,0,0,0,0,0,0
setting,circles,linear,64,0.1,orientation_status,oriented,25,1268,1268,1268,0,1,1,0,1268,0,0,0,0,0,0,0,0,0
setting,circles,linear,64,0.1,orientation_status,unresolved_or_deadend,25,1268,0,0,0,0,0,0,1268,0,0,0,0,0,0,0,0,0
setting,circles,linear,64,0.1,plic_fallback_policy,ELVIRA,25,1268,0,0,0,0,0,0,1268,0,0,0,0,0,0,0,0,0
setting,circles,linear,64,0.1,plic_fallback_policy,LVIRA,25,1268,0,0,0,0,0,0,1268,0,0,0,0,0,0,0,0,0
setting,circles,linear,64,0.1,plic_fallback_policy,Youngs,25,1268,0,0,0,0,0,0,1268,0,0,0,0,0,0,0,0,0
setting,circles,linear,64,0.1,rescue,corner_arc_corner_triplet,25,1268,0,0,0,0,0,0,1268,0,0,0,0,0,0,0,0,0
setting,circles,linear,64,0.1,rescue,curved_corner_loop,25,1268,0,0,0,0,0,0,1268,0,0,0,0,0,0,0,0,0
setting,circles,linear,64,0.1,rescue,curved_corner_transition,25,1268,0,0,0,0,0,0,1268,0,0,0,0,0,0,0,0,0
setting,circles,linear,64,0.1,rescue,exact_linear_support,25,1268,0,0,0,0,0,0,1268,0,0,0,0,0,0,0,0,0
setting,circles,linear,64,0.2,construction_path,direct_fit,25,1284,1284,1284,0,1,1,0,1284,1284,1284,0,1,1,0,0,0,0
setting,circles,linear,64,0.2,construction_path,merged,25,1284,0,0,0,0,0,0,1284,0,0,0,0,0,0,0,0,0
setting,circles,linear,64,0.2,construction_path,plic_fallback,25,1284,0,0,0,0,0,0,1284,0,0,0,0,0,0,0,0,0
setting,circles,linear,64,0.2,final_facet,circular,25,1284,0,0,0,0,0,0,1284,0,0,0,0,0,0,0,0,0
setting,circles,linear,64,0.2,final_facet,curved_corner,25,1284,0,0,0,0,0,0,1284,0,0,0,0,0,0,0,0,0
setting,circles,linear,64,0.2,final_facet,linear,25,1284,1284,1284,0,1,1,0,1284,1284,1284,0,1,1,0,0,0,0
setting,circles,linear,64,0.2,final_facet,linear_corner,25,1284,0,0,0,0,0,0,1284,0,0,0,0,0,0,0,0,0
setting,circles,linear,64,0.2,merge,independent,25,1284,1284,1284,0,1,1,0,1284,1284,1284,0,1,1,0,0,0,0
setting,circles,linear,64,0.2,merge,merged,25,1284,0,0,0,0,0,0,1284,0,0,0,0,0,0,0,0,0
setting,circles,linear,64,0.2,orientation_status,oriented,25,1284,1284,1284,0,1,1,0,1284,0,0,0,0,0,0,0,0,0
setting,circles,linear,64,0.2,orientation_status,unresolved_or_deadend,25,1284,0,0,0,0,0,0,1284,0,0,0,0,0,0,0,0,0
setting,circles,linear,64,0.2,plic_fallback_policy,ELVIRA,25,1284,0,0,0,0,0,0,1284,0,0,0,0,0,0,0,0,0
setting,circles,linear,64,0.2,plic_fallback_policy,LVIRA,25,1284,0,0,0,0,0,0,1284,0,0,0,0,0,0,0,0,0
setting,circles,linear,64,0.2,plic_fallback_policy,Youngs,25,1284,0,0,0,0,0,0,1284,0,0,0,0,0,0,0,0,0
setting,circles,linear,64,0.2,rescue,corner_arc_corner_triplet,25,1284,0,0,0,0,0,0,1284,0,0,0,0,0,0,0,0,0
setting,circles,linear,64,0.2,rescue,curved_corner_loop,25,1284,0,0,0,0,0,0,1284,0,0,0,0,0,0,0,0,0
setting,circles,linear,64,0.2,rescue,curved_corner_transition,25,1284,0,0,0,0,0,0,1284,0,0,0,0,0,0,0,0,0
setting,circles,linear,64,0.2,rescue,exact_linear_support,25,1284,0,0,0,0,0,0,1284,0,0,0,0,0,0,0,0,0
setting,circles,linear,64,0.3,construction_path,direct_fit,25,1316,1316,1316,0,1,1,0,1316,1316,1316,0,1,1,0,0,0,0
setting,circles,linear,64,0.3,construction_path,merged,25,1316,0,0,0,0,0,0,1316,0,0,0,0,0,0,0,0,0
setting,circles,linear,64,0.3,construction_path,plic_fallback,25,1316,0,0,0,0,0,0,1316,0,0,0,0,0,0,0,0,0
setting,circles,linear,64,0.3,final_facet,circular,25,1316,0,0,0,0,0,0,1316,0,0,0,0,0,0,0,0,0
setting,circles,linear,64,0.3,final_facet,curved_corner,25,1316,0,0,0,0,0,0,1316,0,0,0,0,0,0,0,0,0
setting,circles,linear,64,0.3,final_facet,linear,25,1316,1316,1316,0,1,1,0,1316,1316,1316,0,1,1,0,0,0,0
setting,circles,linear,64,0.3,final_facet,linear_corner,25,1316,0,0,0,0,0,0,1316,0,0,0,0,0,0,0,0,0
setting,circles,linear,64,0.3,merge,independent,25,1316,1316,1316,0,1,1,0,1316,1316,1316,0,1,1,0,0,0,0
setting,circles,linear,64,0.3,merge,merged,25,1316,0,0,0,0,0,0,1316,0,0,0,0,0,0,0,0,0
setting,circles,linear,64,0.3,orientation_status,oriented,25,1316,1316,1316,0,1,1,0,1316,0,0,0,0,0,0,0,0,0
setting,circles,linear,64,0.3,orientation_status,unresolved_or_deadend,25,1316,0,0,0,0,0,0,1316,0,0,0,0,0,0,0,0,0
setting,circles,linear,64,0.3,plic_fallback_policy,ELVIRA,25,1316,0,0,0,0,0,0,1316,0,0,0,0,0,0,0,0,0
setting,circles,linear,64,0.3,plic_fallback_policy,LVIRA,25,1316,0,0,0,0,0,0,1316,0,0,0,0,0,0,0,0,0
setting,circles,linear,64,0.3,plic_fallback_policy,Youngs,25,1316,0,0,0,0,0,0,1316,0,0,0,0,0,0,0,0,0
setting,circles,linear,64,0.3,rescue,corner_arc_corner_triplet,25,1316,0,0,0,0,0,0,1316,0,0,0,0,0,0,0,0,0
setting,circles,linear,64,0.3,rescue,curved_corner_loop,25,1316,0,0,0,0,0,0,1316,0,0,0,0,0,0,0,0,0
setting,circles,linear,64,0.3,rescue,curved_corner_transition,25,1316,0,0,0,0,0,0,1316,0,0,0,0,0,0,0,0,0
setting,circles,linear,64,0.3,rescue,exact_linear_support,25,1316,0,0,0,0,0,0,1316,0,0,0,0,0,0,0,0,0
setting,ellipses,circular,100,0,construction_path,direct_fit,25,4555,4553,4553,0,0.99956092206366631,0.99956092206366631,0,4554,4553,4553,0,0.99978041282389107,0.99978041282389107,0,0,0,0
setting,ellipses,circular,100,0,construction_path,merged,25,4555,2,2,0,0.00043907793633369923,0.00043907793633369923,0,4554,1,1,0,0.00021958717610891525,0.00021958717610891525,0,0,0,0
setting,ellipses,circular,100,0,construction_path,plic_fallback,25,4555,0,0,0,0,0,0,4554,0,0,0,0,0,0,0,0,0
setting,ellipses,circular,100,0,final_facet,circular,25,4555,4555,4555,0,1,1,0,4554,4554,4554,0,1,1,0,0,0,0
setting,ellipses,circular,100,0,final_facet,curved_corner,25,4555,0,0,0,0,0,0,4554,0,0,0,0,0,0,0,0,0
setting,ellipses,circular,100,0,final_facet,linear,25,4555,0,0,0,0,0,0,4554,0,0,0,0,0,0,0,0,0
setting,ellipses,circular,100,0,final_facet,linear_corner,25,4555,0,0,0,0,0,0,4554,0,0,0,0,0,0,0,0,0
setting,ellipses,circular,100,0,merge,independent,25,4555,4553,4553,0,0.99956092206366631,0.99956092206366631,0,4554,4553,4553,0,0.99978041282389107,0.99978041282389107,0,0,0,0
setting,ellipses,circular,100,0,merge,merged,25,4555,2,2,0,0.00043907793633369923,0.00043907793633369923,0,4554,1,1,0,0.00021958717610891525,0.00021958717610891525,0,0,0,0
setting,ellipses,circular,100,0,orientation_status,oriented,25,4555,4555,4555,0,1,1,0,4554,0,0,0,0,0,0,0,0,0
setting,ellipses,circular,100,0,orientation_status,unresolved_or_deadend,25,4555,0,0,0,0,0,0,4554,0,0,0,0,0,0,0,0,0
setting,ellipses,circular,100,0,plic_fallback_policy,ELVIRA,25,4555,0,0,0,0,0,0,4554,0,0,0,0,0,0,0,0,0
setting,ellipses,circular,100,0,plic_fallback_policy,LVIRA,25,4555,0,0,0,0,0,0,4554,0,0,0,0,0,0,0,0,0
setting,ellipses,circular,100,0,plic_fallback_policy,Youngs,25,4555,0,0,0,0,0,0,4554,0,0,0,0,0,0,0,0,0
setting,ellipses,circular,100,0,rescue,corner_arc_corner_triplet,25,4555,0,0,0,0,0,0,4554,0,0,0,0,0,0,0,0,0
setting,ellipses,circular,100,0,rescue,curved_corner_loop,25,4555,0,0,0,0,0,0,4554,0,0,0,0,0,0,0,0,0
setting,ellipses,circular,100,0,rescue,curved_corner_transition,25,4555,0,0,0,0,0,0,4554,0,0,0,0,0,0,0,0,0
setting,ellipses,circular,100,0,rescue,exact_linear_support,25,4555,0,0,0,0,0,0,4554,0,0,0,0,0,0,0,0,0
setting,ellipses,circular,100,0.05,construction_path,direct_fit,25,4555,4553,4553,0,0.99956092206366631,0.99956092206366631,0,4554,4553,4553,0,0.99978041282389107,0.99978041282389107,0,0,0,0
setting,ellipses,circular,100,0.05,construction_path,merged,25,4555,2,2,0,0.00043907793633369923,0.00043907793633369923,0,4554,1,1,0,0.00021958717610891525,0.00021958717610891525,0,0,0,0
setting,ellipses,circular,100,0.05,construction_path,plic_fallback,25,4555,0,0,0,0,0,0,4554,0,0,0,0,0,0,0,0,0
setting,ellipses,circular,100,0.05,final_facet,circular,25,4555,4555,4555,0,1,1,0,4554,4554,4554,0,1,1,0,0,0,0
setting,ellipses,circular,100,0.05,final_facet,curved_corner,25,4555,0,0,0,0,0,0,4554,0,0,0,0,0,0,0,0,0
setting,ellipses,circular,100,0.05,final_facet,linear,25,4555,0,0,0,0,0,0,4554,0,0,0,0,0,0,0,0,0
setting,ellipses,circular,100,0.05,final_facet,linear_corner,25,4555,0,0,0,0,0,0,4554,0,0,0,0,0,0,0,0,0
setting,ellipses,circular,100,0.05,merge,independent,25,4555,4553,4553,0,0.99956092206366631,0.99956092206366631,0,4554,4553,4553,0,0.99978041282389107,0.99978041282389107,0,0,0,0
setting,ellipses,circular,100,0.05,merge,merged,25,4555,2,2,0,0.00043907793633369923,0.00043907793633369923,0,4554,1,1,0,0.00021958717610891525,0.00021958717610891525,0,0,0,0
setting,ellipses,circular,100,0.05,orientation_status,oriented,25,4555,4555,4555,0,1,1,0,4554,0,0,0,0,0,0,0,0,0
setting,ellipses,circular,100,0.05,orientation_status,unresolved_or_deadend,25,4555,0,0,0,0,0,0,4554,0,0,0,0,0,0,0,0,0
setting,ellipses,circular,100,0.05,plic_fallback_policy,ELVIRA,25,4555,0,0,0,0,0,0,4554,0,0,0,0,0,0,0,0,0
setting,ellipses,circular,100,0.05,plic_fallback_policy,LVIRA,25,4555,0,0,0,0,0,0,4554,0,0,0,0,0,0,0,0,0
setting,ellipses,circular,100,0.05,plic_fallback_policy,Youngs,25,4555,0,0,0,0,0,0,4554,0,0,0,0,0,0,0,0,0
setting,ellipses,circular,100,0.05,rescue,corner_arc_corner_triplet,25,4555,0,0,0,0,0,0,4554,0,0,0,0,0,0,0,0,0
setting,ellipses,circular,100,0.05,rescue,curved_corner_loop,25,4555,0,0,0,0,0,0,4554,0,0,0,0,0,0,0,0,0
setting,ellipses,circular,100,0.05,rescue,curved_corner_transition,25,4555,0,0,0,0,0,0,4554,0,0,0,0,0,0,0,0,0
setting,ellipses,circular,100,0.05,rescue,exact_linear_support,25,4555,0,0,0,0,0,0,4554,0,0,0,0,0,0,0,0,0
setting,ellipses,circular,100,0.1,construction_path,direct_fit,25,4563,4561,4561,0,0.99956169186938415,0.99956169186938415,0,4562,4561,4561,0,0.99978079789565977,0.99978079789565977,0,0,0,0
setting,ellipses,circular,100,0.1,construction_path,merged,25,4563,2,2,0,0.00043830813061582295,0.00043830813061582295,0,4562,1,1,0,0.00021920210434020167,0.00021920210434020167,0,0,0,0
setting,ellipses,circular,100,0.1,construction_path,plic_fallback,25,4563,0,0,0,0,0,0,4562,0,0,0,0,0,0,0,0,0
setting,ellipses,circular,100,0.1,final_facet,circular,25,4563,4563,4563,0,1,1,0,4562,4562,4562,0,1,1,0,0,0,0
setting,ellipses,circular,100,0.1,final_facet,curved_corner,25,4563,0,0,0,0,0,0,4562,0,0,0,0,0,0,0,0,0
setting,ellipses,circular,100,0.1,final_facet,linear,25,4563,0,0,0,0,0,0,4562,0,0,0,0,0,0,0,0,0
setting,ellipses,circular,100,0.1,final_facet,linear_corner,25,4563,0,0,0,0,0,0,4562,0,0,0,0,0,0,0,0,0
setting,ellipses,circular,100,0.1,merge,independent,25,4563,4561,4561,0,0.99956169186938415,0.99956169186938415,0,4562,4561,4561,0,0.99978079789565977,0.99978079789565977,0,0,0,0
setting,ellipses,circular,100,0.1,merge,merged,25,4563,2,2,0,0.00043830813061582295,0.00043830813061582295,0,4562,1,1,0,0.00021920210434020167,0.00021920210434020167,0,0,0,0
setting,ellipses,circular,100,0.1,orientation_status,oriented,25,4563,4563,4563,0,1,1,0,4562,0,0,0,0,0,0,0,0,0
setting,ellipses,circular,100,0.1,orientation_status,unresolved_or_deadend,25,4563,0,0,0,0,0,0,4562,0,0,0,0,0,0,0,0,0
setting,ellipses,circular,100,0.1,plic_fallback_policy,ELVIRA,25,4563,0,0,0,0,0,0,4562,0,0,0,0,0,0,0,0,0
setting,ellipses,circular,100,0.1,plic_fallback_policy,LVIRA,25,4563,0,0,0,0,0,0,4562,0,0,0,0,0,0,0,0,0
setting,ellipses,circular,100,0.1,plic_fallback_policy,Youngs,25,4563,0,0,0,0,0,0,4562,0,0,0,0,0,0,0,0,0
setting,ellipses,circular,100,0.1,rescue,corner_arc_corner_triplet,25,4563,0,0,0,0,0,0,4562,0,0,0,0,0,0,0,0,0
setting,ellipses,circular,100,0.1,rescue,curved_corner_loop,25,4563,0,0,0,0,0,0,4562,0,0,0,0,0,0,0,0,0
setting,ellipses,circular,100,0.1,rescue,curved_corner_transition,25,4563,0,0,0,0,0,0,4562,0,0,0,0,0,0,0,0,0
setting,ellipses,circular,100,0.1,rescue,exact_linear_support,25,4563,0,0,0,0,0,0,4562,0,0,0,0,0,0,0,0,0
setting,ellipses,circular,100,0.2,construction_path,direct_fit,25,4610,4610,4610,0,1,1,0,4610,4610,4610,0,1,1,0,0,0,0
setting,ellipses,circular,100,0.2,construction_path,merged,25,4610,0,0,0,0,0,0,4610,0,0,0,0,0,0,0,0,0
setting,ellipses,circular,100,0.2,construction_path,plic_fallback,25,4610,0,0,0,0,0,0,4610,0,0,0,0,0,0,0,0,0
setting,ellipses,circular,100,0.2,final_facet,circular,25,4610,4608,4608,0,0.99956616052060743,0.99956616052060743,0,4610,4608,4608,0,0.99956616052060743,0.99956616052060743,0,0,0,0
setting,ellipses,circular,100,0.2,final_facet,curved_corner,25,4610,0,0,0,0,0,0,4610,0,0,0,0,0,0,0,0,0
setting,ellipses,circular,100,0.2,final_facet,linear,25,4610,2,2,0,0.00043383947939262471,0.00043383947939262471,0,4610,2,2,0,0.00043383947939262471,0.00043383947939262471,0,0,0,0
setting,ellipses,circular,100,0.2,final_facet,linear_corner,25,4610,0,0,0,0,0,0,4610,0,0,0,0,0,0,0,0,0
setting,ellipses,circular,100,0.2,merge,independent,25,4610,4610,4610,0,1,1,0,4610,4610,4610,0,1,1,0,0,0,0
setting,ellipses,circular,100,0.2,merge,merged,25,4610,0,0,0,0,0,0,4610,0,0,0,0,0,0,0,0,0
setting,ellipses,circular,100,0.2,orientation_status,oriented,25,4610,4610,4610,0,1,1,0,4610,0,0,0,0,0,0,0,0,0
setting,ellipses,circular,100,0.2,orientation_status,unresolved_or_deadend,25,4610,0,0,0,0,0,0,4610,0,0,0,0,0,0,0,0,0
setting,ellipses,circular,100,0.2,plic_fallback_policy,ELVIRA,25,4610,0,0,0,0,0,0,4610,0,0,0,0,0,0,0,0,0
setting,ellipses,circular,100,0.2,plic_fallback_policy,LVIRA,25,4610,0,0,0,0,0,0,4610,0,0,0,0,0,0,0,0,0
setting,ellipses,circular,100,0.2,plic_fallback_policy,Youngs,25,4610,0,0,0,0,0,0,4610,0,0,0,0,0,0,0,0,0
setting,ellipses,circular,100,0.2,rescue,corner_arc_corner_triplet,25,4610,0,0,0,0,0,0,4610,0,0,0,0,0,0,0,0,0
setting,ellipses,circular,100,0.2,rescue,curved_corner_loop,25,4610,0,0,0,0,0,0,4610,0,0,0,0,0,0,0,0,0
setting,ellipses,circular,100,0.2,rescue,curved_corner_transition,25,4610,0,0,0,0,0,0,4610,0,0,0,0,0,0,0,0,0
setting,ellipses,circular,100,0.2,rescue,exact_linear_support,25,4610,0,0,0,0,0,0,4610,0,0,0,0,0,0,0,0,0
setting,ellipses,circular,100,0.3,construction_path,direct_fit,25,4700,4700,4700,0,1,1,0,4700,4700,4700,0,1,1,0,0,0,0
setting,ellipses,circular,100,0.3,construction_path,merged,25,4700,0,0,0,0,0,0,4700,0,0,0,0,0,0,0,0,0
setting,ellipses,circular,100,0.3,construction_path,plic_fallback,25,4700,0,0,0,0,0,0,4700,0,0,0,0,0,0,0,0,0
setting,ellipses,circular,100,0.3,final_facet,circular,25,4700,4692,4692,0,0.99829787234042555,0.99829787234042555,0,4700,4692,4692,0,0.99829787234042555,0.99829787234042555,0,0,0,0
setting,ellipses,circular,100,0.3,final_facet,curved_corner,25,4700,0,0,0,0,0,0,4700,0,0,0,0,0,0,0,0,0
setting,ellipses,circular,100,0.3,final_facet,linear,25,4700,8,8,0,0.0017021276595744681,0.0017021276595744681,0,4700,8,8,0,0.0017021276595744681,0.0017021276595744681,0,0,0,0
setting,ellipses,circular,100,0.3,final_facet,linear_corner,25,4700,0,0,0,0,0,0,4700,0,0,0,0,0,0,0,0,0
setting,ellipses,circular,100,0.3,merge,independent,25,4700,4700,4700,0,1,1,0,4700,4700,4700,0,1,1,0,0,0,0
setting,ellipses,circular,100,0.3,merge,merged,25,4700,0,0,0,0,0,0,4700,0,0,0,0,0,0,0,0,0
setting,ellipses,circular,100,0.3,orientation_status,oriented,25,4700,4700,4700,0,1,1,0,4700,0,0,0,0,0,0,0,0,0
setting,ellipses,circular,100,0.3,orientation_status,unresolved_or_deadend,25,4700,0,0,0,0,0,0,4700,0,0,0,0,0,0,0,0,0
setting,ellipses,circular,100,0.3,plic_fallback_policy,ELVIRA,25,4700,0,0,0,0,0,0,4700,0,0,0,0,0,0,0,0,0
setting,ellipses,circular,100,0.3,plic_fallback_policy,LVIRA,25,4700,0,0,0,0,0,0,4700,0,0,0,0,0,0,0,0,0
setting,ellipses,circular,100,0.3,plic_fallback_policy,Youngs,25,4700,0,0,0,0,0,0,4700,0,0,0,0,0,0,0,0,0
setting,ellipses,circular,100,0.3,rescue,corner_arc_corner_triplet,25,4700,0,0,0,0,0,0,4700,0,0,0,0,0,0,0,0,0
setting,ellipses,circular,100,0.3,rescue,curved_corner_loop,25,4700,0,0,0,0,0,0,4700,0,0,0,0,0,0,0,0,0
setting,ellipses,circular,100,0.3,rescue,curved_corner_transition,25,4700,0,0,0,0,0,0,4700,0,0,0,0,0,0,0,0,0
setting,ellipses,circular,100,0.3,rescue,exact_linear_support,25,4700,0,0,0,0,0,0,4700,0,0,0,0,0,0,0,0,0
setting,ellipses,circular,128,0,construction_path,direct_fit,25,5814,5814,5814,0,1,1,0,5814,5814,5814,0,1,1,0,0,0,0
setting,ellipses,circular,128,0,construction_path,merged,25,5814,0,0,0,0,0,0,5814,0,0,0,0,0,0,0,0,0
setting,ellipses,circular,128,0,construction_path,plic_fallback,25,5814,0,0,0,0,0,0,5814,0,0,0,0,0,0,0,0,0
setting,ellipses,circular,128,0,final_facet,circular,25,5814,5813,5813,0,0.99982800137598904,0.99982800137598904,0,5814,5813,5813,0,0.99982800137598904,0.99982800137598904,0,0,0,0
setting,ellipses,circular,128,0,final_facet,curved_corner,25,5814,0,0,0,0,0,0,5814,0,0,0,0,0,0,0,0,0
setting,ellipses,circular,128,0,final_facet,linear,25,5814,1,1,0,0.00017199862401100791,0.00017199862401100791,0,5814,1,1,0,0.00017199862401100791,0.00017199862401100791,0,0,0,0
setting,ellipses,circular,128,0,final_facet,linear_corner,25,5814,0,0,0,0,0,0,5814,0,0,0,0,0,0,0,0,0
setting,ellipses,circular,128,0,merge,independent,25,5814,5814,5814,0,1,1,0,5814,5814,5814,0,1,1,0,0,0,0
setting,ellipses,circular,128,0,merge,merged,25,5814,0,0,0,0,0,0,5814,0,0,0,0,0,0,0,0,0
setting,ellipses,circular,128,0,orientation_status,oriented,25,5814,5814,5814,0,1,1,0,5814,0,0,0,0,0,0,0,0,0
setting,ellipses,circular,128,0,orientation_status,unresolved_or_deadend,25,5814,0,0,0,0,0,0,5814,0,0,0,0,0,0,0,0,0
setting,ellipses,circular,128,0,plic_fallback_policy,ELVIRA,25,5814,0,0,0,0,0,0,5814,0,0,0,0,0,0,0,0,0
setting,ellipses,circular,128,0,plic_fallback_policy,LVIRA,25,5814,0,0,0,0,0,0,5814,0,0,0,0,0,0,0,0,0
setting,ellipses,circular,128,0,plic_fallback_policy,Youngs,25,5814,0,0,0,0,0,0,5814,0,0,0,0,0,0,0,0,0
setting,ellipses,circular,128,0,rescue,corner_arc_corner_triplet,25,5814,0,0,0,0,0,0,5814,0,0,0,0,0,0,0,0,0
setting,ellipses,circular,128,0,rescue,curved_corner_loop,25,5814,0,0,0,0,0,0,5814,0,0,0,0,0,0,0,0,0
setting,ellipses,circular,128,0,rescue,curved_corner_transition,25,5814,0,0,0,0,0,0,5814,0,0,0,0,0,0,0,0,0
setting,ellipses,circular,128,0,rescue,exact_linear_support,25,5814,0,0,0,0,0,0,5814,0,0,0,0,0,0,0,0,0
setting,ellipses,circular,128,0.05,construction_path,direct_fit,25,5819,5817,5817,0,0.99965629833304692,0.99965629833304692,0,5818,5817,5817,0,0.99982811962873841,0.99982811962873841,0,0,0,0
setting,ellipses,circular,128,0.05,construction_path,merged,25,5819,2,2,0,0.00034370166695308474,0.00034370166695308474,0,5818,1,1,0,0.00017188037126160193,0.00017188037126160193,0,0,0,0
setting,ellipses,circular,128,0.05,construction_path,plic_fallback,25,5819,0,0,0,0,0,0,5818,0,0,0,0,0,0,0,0,0
setting,ellipses,circular,128,0.05,final_facet,circular,25,5819,5819,5819,0,1,1,0,5818,5818,5818,0,1,1,0,0,0,0
setting,ellipses,circular,128,0.05,final_facet,curved_corner,25,5819,0,0,0,0,0,0,5818,0,0,0,0,0,0,0,0,0
setting,ellipses,circular,128,0.05,final_facet,linear,25,5819,0,0,0,0,0,0,5818,0,0,0,0,0,0,0,0,0
setting,ellipses,circular,128,0.05,final_facet,linear_corner,25,5819,0,0,0,0,0,0,5818,0,0,0,0,0,0,0,0,0
setting,ellipses,circular,128,0.05,merge,independent,25,5819,5817,5817,0,0.99965629833304692,0.99965629833304692,0,5818,5817,5817,0,0.99982811962873841,0.99982811962873841,0,0,0,0
setting,ellipses,circular,128,0.05,merge,merged,25,5819,2,2,0,0.00034370166695308474,0.00034370166695308474,0,5818,1,1,0,0.00017188037126160193,0.00017188037126160193,0,0,0,0
setting,ellipses,circular,128,0.05,orientation_status,oriented,25,5819,5819,5819,0,1,1,0,5818,0,0,0,0,0,0,0,0,0
setting,ellipses,circular,128,0.05,orientation_status,unresolved_or_deadend,25,5819,0,0,0,0,0,0,5818,0,0,0,0,0,0,0,0,0
setting,ellipses,circular,128,0.05,plic_fallback_policy,ELVIRA,25,5819,0,0,0,0,0,0,5818,0,0,0,0,0,0,0,0,0
setting,ellipses,circular,128,0.05,plic_fallback_policy,LVIRA,25,5819,0,0,0,0,0,0,5818,0,0,0,0,0,0,0,0,0
setting,ellipses,circular,128,0.05,plic_fallback_policy,Youngs,25,5819,0,0,0,0,0,0,5818,0,0,0,0,0,0,0,0,0
setting,ellipses,circular,128,0.05,rescue,corner_arc_corner_triplet,25,5819,0,0,0,0,0,0,5818,0,0,0,0,0,0,0,0,0
setting,ellipses,circular,128,0.05,rescue,curved_corner_loop,25,5819,0,0,0,0,0,0,5818,0,0,0,0,0,0,0,0,0
setting,ellipses,circular,128,0.05,rescue,curved_corner_transition,25,5819,0,0,0,0,0,0,5818,0,0,0,0,0,0,0,0,0
setting,ellipses,circular,128,0.05,rescue,exact_linear_support,25,5819,0,0,0,0,0,0,5818,0,0,0,0,0,0,0,0,0
setting,ellipses,circular,128,0.1,construction_path,direct_fit,25,5828,5828,5828,0,1,1,0,5828,5828,5828,0,1,1,0,0,0,0
setting,ellipses,circular,128,0.1,construction_path,merged,25,5828,0,0,0,0,0,0,5828,0,0,0,0,0,0,0,0,0
setting,ellipses,circular,128,0.1,construction_path,plic_fallback,25,5828,0,0,0,0,0,0,5828,0,0,0,0,0,0,0,0,0
setting,ellipses,circular,128,0.1,final_facet,circular,25,5828,5826,5826,0,0.99965682910089226,0.99965682910089226,0,5828,5826,5826,0,0.99965682910089226,0.99965682910089226,0,0,0,0
setting,ellipses,circular,128,0.1,final_facet,curved_corner,25,5828,0,0,0,0,0,0,5828,0,0,0,0,0,0,0,0,0
setting,ellipses,circular,128,0.1,final_facet,linear,25,5828,2,2,0,0.00034317089910775565,0.00034317089910775565,0,5828,2,2,0,0.00034317089910775565,0.00034317089910775565,0,0,0,0
setting,ellipses,circular,128,0.1,final_facet,linear_corner,25,5828,0,0,0,0,0,0,5828,0,0,0,0,0,0,0,0,0
setting,ellipses,circular,128,0.1,merge,independent,25,5828,5828,5828,0,1,1,0,5828,5828,5828,0,1,1,0,0,0,0
setting,ellipses,circular,128,0.1,merge,merged,25,5828,0,0,0,0,0,0,5828,0,0,0,0,0,0,0,0,0
setting,ellipses,circular,128,0.1,orientation_status,oriented,25,5828,5828,5828,0,1,1,0,5828,0,0,0,0,0,0,0,0,0
setting,ellipses,circular,128,0.1,orientation_status,unresolved_or_deadend,25,5828,0,0,0,0,0,0,5828,0,0,0,0,0,0,0,0,0
setting,ellipses,circular,128,0.1,plic_fallback_policy,ELVIRA,25,5828,0,0,0,0,0,0,5828,0,0,0,0,0,0,0,0,0
setting,ellipses,circular,128,0.1,plic_fallback_policy,LVIRA,25,5828,0,0,0,0,0,0,5828,0,0,0,0,0,0,0,0,0
setting,ellipses,circular,128,0.1,plic_fallback_policy,Youngs,25,5828,0,0,0,0,0,0,5828,0,0,0,0,0,0,0,0,0
setting,ellipses,circular,128,0.1,rescue,corner_arc_corner_triplet,25,5828,0,0,0,0,0,0,5828,0,0,0,0,0,0,0,0,0
setting,ellipses,circular,128,0.1,rescue,curved_corner_loop,25,5828,0,0,0,0,0,0,5828,0,0,0,0,0,0,0,0,0
setting,ellipses,circular,128,0.1,rescue,curved_corner_transition,25,5828,0,0,0,0,0,0,5828,0,0,0,0,0,0,0,0,0
setting,ellipses,circular,128,0.1,rescue,exact_linear_support,25,5828,0,0,0,0,0,0,5828,0,0,0,0,0,0,0,0,0
setting,ellipses,circular,128,0.2,construction_path,direct_fit,25,5860,5858,5858,0,0.99965870307167237,0.99965870307167237,0,5860,5858,5858,0,0.99965870307167237,0.99965870307167237,0,0,0,0
setting,ellipses,circular,128,0.2,construction_path,merged,25,5860,0,0,0,0,0,0,5860,0,0,0,0,0,0,0,0,0
setting,ellipses,circular,128,0.2,construction_path,plic_fallback,25,5860,2,2,0,0.00034129692832764505,0.00034129692832764505,0,5860,2,2,0,0.00034129692832764505,0.00034129692832764505,0,0,0,0
setting,ellipses,circular,128,0.2,final_facet,circular,25,5860,5856,5856,0,0.99931740614334474,0.99931740614334474,0,5860,5856,5856,0,0.99931740614334474,0.99931740614334474,0,0,0,0
setting,ellipses,circular,128,0.2,final_facet,curved_corner,25,5860,0,0,0,0,0,0,5860,0,0,0,0,0,0,0,0,0
setting,ellipses,circular,128,0.2,final_facet,linear,25,5860,4,4,0,0.00068259385665529011,0.00068259385665529011,0,5860,4,4,0,0.00068259385665529011,0.00068259385665529011,0,0,0,0
setting,ellipses,circular,128,0.2,final_facet,linear_corner,25,5860,0,0,0,0,0,0,5860,0,0,0,0,0,0,0,0,0
setting,ellipses,circular,128,0.2,merge,independent,25,5860,5860,5860,0,1,1,0,5860,5860,5860,0,1,1,0,0,0,0
setting,ellipses,circular,128,0.2,merge,merged,25,5860,0,0,0,0,0,0,5860,0,0,0,0,0,0,0,0,0
setting,ellipses,circular,128,0.2,orientation_status,oriented,25,5860,5858,5858,0,0.99965870307167237,0.99965870307167237,0,5860,0,0,0,0,0,0,0,0,0
setting,ellipses,circular,128,0.2,orientation_status,unresolved_or_deadend,25,5860,2,2,0,0.00034129692832764505,0.00034129692832764505,0,5860,0,0,0,0,0,0,0,0,0
setting,ellipses,circular,128,0.2,plic_fallback_policy,ELVIRA,25,5860,0,0,0,0,0,0,5860,0,0,0,0,0,0,0,0,0
setting,ellipses,circular,128,0.2,plic_fallback_policy,LVIRA,25,5860,2,2,0,0.00034129692832764505,0.00034129692832764505,0,5860,2,2,0,0.00034129692832764505,0.00034129692832764505,0,2,2,0
setting,ellipses,circular,128,0.2,plic_fallback_policy,Youngs,25,5860,0,0,0,0,0,0,5860,0,0,0,0,0,0,0,0,0
setting,ellipses,circular,128,0.2,rescue,corner_arc_corner_triplet,25,5860,0,0,0,0,0,0,5860,0,0,0,0,0,0,0,0,0
setting,ellipses,circular,128,0.2,rescue,curved_corner_loop,25,5860,0,0,0,0,0,0,5860,0,0,0,0,0,0,0,0,0
setting,ellipses,circular,128,0.2,rescue,curved_corner_transition,25,5860,0,0,0,0,0,0,5860,0,0,0,0,0,0,0,0,0
setting,ellipses,circular,128,0.2,rescue,exact_linear_support,25,5860,0,0,0,0,0,0,5860,0,0,0,0,0,0,0,0,0
setting,ellipses,circular,128,0.3,construction_path,direct_fit,25,5950,5950,5950,0,1,1,0,5950,5950,5950,0,1,1,0,0,0,0
setting,ellipses,circular,128,0.3,construction_path,merged,25,5950,0,0,0,0,0,0,5950,0,0,0,0,0,0,0,0,0
setting,ellipses,circular,128,0.3,construction_path,plic_fallback,25,5950,0,0,0,0,0,0,5950,0,0,0,0,0,0,0,0,0
setting,ellipses,circular,128,0.3,final_facet,circular,25,5950,5946,5946,0,0.999327731092437,0.999327731092437,0,5950,5946,5946,0,0.999327731092437,0.999327731092437,0,0,0,0
setting,ellipses,circular,128,0.3,final_facet,curved_corner,25,5950,0,0,0,0,0,0,5950,0,0,0,0,0,0,0,0,0
setting,ellipses,circular,128,0.3,final_facet,linear,25,5950,4,4,0,0.00067226890756302523,0.00067226890756302523,0,5950,4,4,0,0.00067226890756302523,0.00067226890756302523,0,0,0,0
setting,ellipses,circular,128,0.3,final_facet,linear_corner,25,5950,0,0,0,0,0,0,5950,0,0,0,0,0,0,0,0,0
setting,ellipses,circular,128,0.3,merge,independent,25,5950,5950,5950,0,1,1,0,5950,5950,5950,0,1,1,0,0,0,0
setting,ellipses,circular,128,0.3,merge,merged,25,5950,0,0,0,0,0,0,5950,0,0,0,0,0,0,0,0,0
setting,ellipses,circular,128,0.3,orientation_status,oriented,25,5950,5950,5950,0,1,1,0,5950,0,0,0,0,0,0,0,0,0
setting,ellipses,circular,128,0.3,orientation_status,unresolved_or_deadend,25,5950,0,0,0,0,0,0,5950,0,0,0,0,0,0,0,0,0
setting,ellipses,circular,128,0.3,plic_fallback_policy,ELVIRA,25,5950,0,0,0,0,0,0,5950,0,0,0,0,0,0,0,0,0
setting,ellipses,circular,128,0.3,plic_fallback_policy,LVIRA,25,5950,0,0,0,0,0,0,5950,0,0,0,0,0,0,0,0,0
setting,ellipses,circular,128,0.3,plic_fallback_policy,Youngs,25,5950,0,0,0,0,0,0,5950,0,0,0,0,0,0,0,0,0
setting,ellipses,circular,128,0.3,rescue,corner_arc_corner_triplet,25,5950,0,0,0,0,0,0,5950,0,0,0,0,0,0,0,0,0
setting,ellipses,circular,128,0.3,rescue,curved_corner_loop,25,5950,0,0,0,0,0,0,5950,0,0,0,0,0,0,0,0,0
setting,ellipses,circular,128,0.3,rescue,curved_corner_transition,25,5950,0,0,0,0,0,0,5950,0,0,0,0,0,0,0,0,0
setting,ellipses,circular,128,0.3,rescue,exact_linear_support,25,5950,0,0,0,0,0,0,5950,0,0,0,0,0,0,0,0,0
setting,ellipses,circular,150,0,construction_path,direct_fit,25,6826,6826,6826,0,1,1,0,6826,6826,6826,0,1,1,0,0,0,0
setting,ellipses,circular,150,0,construction_path,merged,25,6826,0,0,0,0,0,0,6826,0,0,0,0,0,0,0,0,0
setting,ellipses,circular,150,0,construction_path,plic_fallback,25,6826,0,0,0,0,0,0,6826,0,0,0,0,0,0,0,0,0
setting,ellipses,circular,150,0,final_facet,circular,25,6826,6826,6826,0,1,1,0,6826,6826,6826,0,1,1,0,0,0,0
setting,ellipses,circular,150,0,final_facet,curved_corner,25,6826,0,0,0,0,0,0,6826,0,0,0,0,0,0,0,0,0
setting,ellipses,circular,150,0,final_facet,linear,25,6826,0,0,0,0,0,0,6826,0,0,0,0,0,0,0,0,0
setting,ellipses,circular,150,0,final_facet,linear_corner,25,6826,0,0,0,0,0,0,6826,0,0,0,0,0,0,0,0,0
setting,ellipses,circular,150,0,merge,independent,25,6826,6826,6826,0,1,1,0,6826,6826,6826,0,1,1,0,0,0,0
setting,ellipses,circular,150,0,merge,merged,25,6826,0,0,0,0,0,0,6826,0,0,0,0,0,0,0,0,0
setting,ellipses,circular,150,0,orientation_status,oriented,25,6826,6826,6826,0,1,1,0,6826,0,0,0,0,0,0,0,0,0
setting,ellipses,circular,150,0,orientation_status,unresolved_or_deadend,25,6826,0,0,0,0,0,0,6826,0,0,0,0,0,0,0,0,0
setting,ellipses,circular,150,0,plic_fallback_policy,ELVIRA,25,6826,0,0,0,0,0,0,6826,0,0,0,0,0,0,0,0,0
setting,ellipses,circular,150,0,plic_fallback_policy,LVIRA,25,6826,0,0,0,0,0,0,6826,0,0,0,0,0,0,0,0,0
setting,ellipses,circular,150,0,plic_fallback_policy,Youngs,25,6826,0,0,0,0,0,0,6826,0,0,0,0,0,0,0,0,0
setting,ellipses,circular,150,0,rescue,corner_arc_corner_triplet,25,6826,0,0,0,0,0,0,6826,0,0,0,0,0,0,0,0,0
setting,ellipses,circular,150,0,rescue,curved_corner_loop,25,6826,0,0,0,0,0,0,6826,0,0,0,0,0,0,0,0,0
setting,ellipses,circular,150,0,rescue,curved_corner_transition,25,6826,0,0,0,0,0,0,6826,0,0,0,0,0,0,0,0,0
setting,ellipses,circular,150,0,rescue,exact_linear_support,25,6826,0,0,0,0,0,0,6826,0,0,0,0,0,0,0,0,0
setting,ellipses,circular,150,0.05,construction_path,direct_fit,25,6828,6828,6828,0,1,1,0,6828,6828,6828,0,1,1,0,0,0,0
setting,ellipses,circular,150,0.05,construction_path,merged,25,6828,0,0,0,0,0,0,6828,0,0,0,0,0,0,0,0,0
setting,ellipses,circular,150,0.05,construction_path,plic_fallback,25,6828,0,0,0,0,0,0,6828,0,0,0,0,0,0,0,0,0
setting,ellipses,circular,150,0.05,final_facet,circular,25,6828,6827,6827,0,0.99985354422964268,0.99985354422964268,0,6828,6827,6827,0,0.99985354422964268,0.99985354422964268,0,0,0,0
setting,ellipses,circular,150,0.05,final_facet,curved_corner,25,6828,0,0,0,0,0,0,6828,0,0,0,0,0,0,0,0,0
setting,ellipses,circular,150,0.05,final_facet,linear,25,6828,1,1,0,0.00014645577035735208,0.00014645577035735208,0,6828,1,1,0,0.00014645577035735208,0.00014645577035735208,0,0,0,0
setting,ellipses,circular,150,0.05,final_facet,linear_corner,25,6828,0,0,0,0,0,0,6828,0,0,0,0,0,0,0,0,0
setting,ellipses,circular,150,0.05,merge,independent,25,6828,6828,6828,0,1,1,0,6828,6828,6828,0,1,1,0,0,0,0
setting,ellipses,circular,150,0.05,merge,merged,25,6828,0,0,0,0,0,0,6828,0,0,0,0,0,0,0,0,0
setting,ellipses,circular,150,0.05,orientation_status,oriented,25,6828,6828,6828,0,1,1,0,6828,0,0,0,0,0,0,0,0,0
setting,ellipses,circular,150,0.05,orientation_status,unresolved_or_deadend,25,6828,0,0,0,0,0,0,6828,0,0,0,0,0,0,0,0,0
setting,ellipses,circular,150,0.05,plic_fallback_policy,ELVIRA,25,6828,0,0,0,0,0,0,6828,0,0,0,0,0,0,0,0,0
setting,ellipses,circular,150,0.05,plic_fallback_policy,LVIRA,25,6828,0,0,0,0,0,0,6828,0,0,0,0,0,0,0,0,0
setting,ellipses,circular,150,0.05,plic_fallback_policy,Youngs,25,6828,0,0,0,0,0,0,6828,0,0,0,0,0,0,0,0,0
setting,ellipses,circular,150,0.05,rescue,corner_arc_corner_triplet,25,6828,0,0,0,0,0,0,6828,0,0,0,0,0,0,0,0,0
setting,ellipses,circular,150,0.05,rescue,curved_corner_loop,25,6828,0,0,0,0,0,0,6828,0,0,0,0,0,0,0,0,0
setting,ellipses,circular,150,0.05,rescue,curved_corner_transition,25,6828,0,0,0,0,0,0,6828,0,0,0,0,0,0,0,0,0
setting,ellipses,circular,150,0.05,rescue,exact_linear_support,25,6828,0,0,0,0,0,0,6828,0,0,0,0,0,0,0,0,0
setting,ellipses,circular,150,0.1,construction_path,direct_fit,25,6850,6846,6846,0,0.99941605839416059,0.99941605839416059,0,6848,6846,6846,0,0.99970794392523366,0.99970794392523366,0,0,0,0
setting,ellipses,circular,150,0.1,construction_path,merged,25,6850,4,4,0,0.00058394160583941611,0.00058394160583941611,0,6848,2,2,0,0.00029205607476635512,0.00029205607476635512,0,0,0,0
setting,ellipses,circular,150,0.1,construction_path,plic_fallback,25,6850,0,0,0,0,0,0,6848,0,0,0,0,0,0,0,0,0
setting,ellipses,circular,150,0.1,final_facet,circular,25,6850,6850,6850,0,1,1,0,6848,6848,6848,0,1,1,0,0,0,0
setting,ellipses,circular,150,0.1,final_facet,curved_corner,25,6850,0,0,0,0,0,0,6848,0,0,0,0,0,0,0,0,0
setting,ellipses,circular,150,0.1,final_facet,linear,25,6850,0,0,0,0,0,0,6848,0,0,0,0,0,0,0,0,0
setting,ellipses,circular,150,0.1,final_facet,linear_corner,25,6850,0,0,0,0,0,0,6848,0,0,0,0,0,0,0,0,0
setting,ellipses,circular,150,0.1,merge,independent,25,6850,6846,6846,0,0.99941605839416059,0.99941605839416059,0,6848,6846,6846,0,0.99970794392523366,0.99970794392523366,0,0,0,0
setting,ellipses,circular,150,0.1,merge,merged,25,6850,4,4,0,0.00058394160583941611,0.00058394160583941611,0,6848,2,2,0,0.00029205607476635512,0.00029205607476635512,0,0,0,0
setting,ellipses,circular,150,0.1,orientation_status,oriented,25,6850,6850,6850,0,1,1,0,6848,0,0,0,0,0,0,0,0,0
setting,ellipses,circular,150,0.1,orientation_status,unresolved_or_deadend,25,6850,0,0,0,0,0,0,6848,0,0,0,0,0,0,0,0,0
setting,ellipses,circular,150,0.1,plic_fallback_policy,ELVIRA,25,6850,0,0,0,0,0,0,6848,0,0,0,0,0,0,0,0,0
setting,ellipses,circular,150,0.1,plic_fallback_policy,LVIRA,25,6850,0,0,0,0,0,0,6848,0,0,0,0,0,0,0,0,0
setting,ellipses,circular,150,0.1,plic_fallback_policy,Youngs,25,6850,0,0,0,0,0,0,6848,0,0,0,0,0,0,0,0,0
setting,ellipses,circular,150,0.1,rescue,corner_arc_corner_triplet,25,6850,0,0,0,0,0,0,6848,0,0,0,0,0,0,0,0,0
setting,ellipses,circular,150,0.1,rescue,curved_corner_loop,25,6850,0,0,0,0,0,0,6848,0,0,0,0,0,0,0,0,0
setting,ellipses,circular,150,0.1,rescue,curved_corner_transition,25,6850,0,0,0,0,0,0,6848,0,0,0,0,0,0,0,0,0
setting,ellipses,circular,150,0.1,rescue,exact_linear_support,25,6850,0,0,0,0,0,0,6848,0,0,0,0,0,0,0,0,0
setting,ellipses,circular,150,0.2,construction_path,direct_fit,25,6904,6904,6904,0,1,1,0,6904,6904,6904,0,1,1,0,0,0,0
setting,ellipses,circular,150,0.2,construction_path,merged,25,6904,0,0,0,0,0,0,6904,0,0,0,0,0,0,0,0,0
setting,ellipses,circular,150,0.2,construction_path,plic_fallback,25,6904,0,0,0,0,0,0,6904,0,0,0,0,0,0,0,0,0
setting,ellipses,circular,150,0.2,final_facet,circular,25,6904,6901,6901,0,0.99956546929316337,0.99956546929316337,0,6904,6901,6901,0,0.99956546929316337,0.99956546929316337,0,0,0,0
setting,ellipses,circular,150,0.2,final_facet,curved_corner,25,6904,0,0,0,0,0,0,6904,0,0,0,0,0,0,0,0,0
setting,ellipses,circular,150,0.2,final_facet,linear,25,6904,3,3,0,0.00043453070683661645,0.00043453070683661645,0,6904,3,3,0,0.00043453070683661645,0.00043453070683661645,0,0,0,0
setting,ellipses,circular,150,0.2,final_facet,linear_corner,25,6904,0,0,0,0,0,0,6904,0,0,0,0,0,0,0,0,0
setting,ellipses,circular,150,0.2,merge,independent,25,6904,6904,6904,0,1,1,0,6904,6904,6904,0,1,1,0,0,0,0
setting,ellipses,circular,150,0.2,merge,merged,25,6904,0,0,0,0,0,0,6904,0,0,0,0,0,0,0,0,0
setting,ellipses,circular,150,0.2,orientation_status,oriented,25,6904,6904,6904,0,1,1,0,6904,0,0,0,0,0,0,0,0,0
setting,ellipses,circular,150,0.2,orientation_status,unresolved_or_deadend,25,6904,0,0,0,0,0,0,6904,0,0,0,0,0,0,0,0,0
setting,ellipses,circular,150,0.2,plic_fallback_policy,ELVIRA,25,6904,0,0,0,0,0,0,6904,0,0,0,0,0,0,0,0,0
setting,ellipses,circular,150,0.2,plic_fallback_policy,LVIRA,25,6904,0,0,0,0,0,0,6904,0,0,0,0,0,0,0,0,0
setting,ellipses,circular,150,0.2,plic_fallback_policy,Youngs,25,6904,0,0,0,0,0,0,6904,0,0,0,0,0,0,0,0,0
setting,ellipses,circular,150,0.2,rescue,corner_arc_corner_triplet,25,6904,0,0,0,0,0,0,6904,0,0,0,0,0,0,0,0,0
setting,ellipses,circular,150,0.2,rescue,curved_corner_loop,25,6904,0,0,0,0,0,0,6904,0,0,0,0,0,0,0,0,0
setting,ellipses,circular,150,0.2,rescue,curved_corner_transition,25,6904,0,0,0,0,0,0,6904,0,0,0,0,0,0,0,0,0
setting,ellipses,circular,150,0.2,rescue,exact_linear_support,25,6904,0,0,0,0,0,0,6904,0,0,0,0,0,0,0,0,0
setting,ellipses,circular,150,0.3,construction_path,direct_fit,25,7026,7026,7026,0,1,1,0,7026,7026,7026,0,1,1,0,0,0,0
setting,ellipses,circular,150,0.3,construction_path,merged,25,7026,0,0,0,0,0,0,7026,0,0,0,0,0,0,0,0,0
setting,ellipses,circular,150,0.3,construction_path,plic_fallback,25,7026,0,0,0,0,0,0,7026,0,0,0,0,0,0,0,0,0
setting,ellipses,circular,150,0.3,final_facet,circular,25,7026,7018,7018,0,0.99886137204668379,0.99886137204668379,0,7026,7018,7018,0,0.99886137204668379,0.99886137204668379,0,0,0,0
setting,ellipses,circular,150,0.3,final_facet,curved_corner,25,7026,0,0,0,0,0,0,7026,0,0,0,0,0,0,0,0,0
setting,ellipses,circular,150,0.3,final_facet,linear,25,7026,8,8,0,0.001138627953316254,0.001138627953316254,0,7026,8,8,0,0.001138627953316254,0.001138627953316254,0,0,0,0
setting,ellipses,circular,150,0.3,final_facet,linear_corner,25,7026,0,0,0,0,0,0,7026,0,0,0,0,0,0,0,0,0
setting,ellipses,circular,150,0.3,merge,independent,25,7026,7026,7026,0,1,1,0,7026,7026,7026,0,1,1,0,0,0,0
setting,ellipses,circular,150,0.3,merge,merged,25,7026,0,0,0,0,0,0,7026,0,0,0,0,0,0,0,0,0
setting,ellipses,circular,150,0.3,orientation_status,oriented,25,7026,7026,7026,0,1,1,0,7026,0,0,0,0,0,0,0,0,0
setting,ellipses,circular,150,0.3,orientation_status,unresolved_or_deadend,25,7026,0,0,0,0,0,0,7026,0,0,0,0,0,0,0,0,0
setting,ellipses,circular,150,0.3,plic_fallback_policy,ELVIRA,25,7026,0,0,0,0,0,0,7026,0,0,0,0,0,0,0,0,0
setting,ellipses,circular,150,0.3,plic_fallback_policy,LVIRA,25,7026,0,0,0,0,0,0,7026,0,0,0,0,0,0,0,0,0
setting,ellipses,circular,150,0.3,plic_fallback_policy,Youngs,25,7026,0,0,0,0,0,0,7026,0,0,0,0,0,0,0,0,0
setting,ellipses,circular,150,0.3,rescue,corner_arc_corner_triplet,25,7026,0,0,0,0,0,0,7026,0,0,0,0,0,0,0,0,0
setting,ellipses,circular,150,0.3,rescue,curved_corner_loop,25,7026,0,0,0,0,0,0,7026,0,0,0,0,0,0,0,0,0
setting,ellipses,circular,150,0.3,rescue,curved_corner_transition,25,7026,0,0,0,0,0,0,7026,0,0,0,0,0,0,0,0,0
setting,ellipses,circular,150,0.3,rescue,exact_linear_support,25,7026,0,0,0,0,0,0,7026,0,0,0,0,0,0,0,0,0
setting,ellipses,circular,32,0,construction_path,direct_fit,25,1452,1452,1452,0,1,1,0,1452,1452,1452,0,1,1,0,0,0,0
setting,ellipses,circular,32,0,construction_path,merged,25,1452,0,0,0,0,0,0,1452,0,0,0,0,0,0,0,0,0
setting,ellipses,circular,32,0,construction_path,plic_fallback,25,1452,0,0,0,0,0,0,1452,0,0,0,0,0,0,0,0,0
setting,ellipses,circular,32,0,final_facet,circular,25,1452,1452,1452,0,1,1,0,1452,1452,1452,0,1,1,0,0,0,0
setting,ellipses,circular,32,0,final_facet,curved_corner,25,1452,0,0,0,0,0,0,1452,0,0,0,0,0,0,0,0,0
setting,ellipses,circular,32,0,final_facet,linear,25,1452,0,0,0,0,0,0,1452,0,0,0,0,0,0,0,0,0
setting,ellipses,circular,32,0,final_facet,linear_corner,25,1452,0,0,0,0,0,0,1452,0,0,0,0,0,0,0,0,0
setting,ellipses,circular,32,0,merge,independent,25,1452,1452,1452,0,1,1,0,1452,1452,1452,0,1,1,0,0,0,0
setting,ellipses,circular,32,0,merge,merged,25,1452,0,0,0,0,0,0,1452,0,0,0,0,0,0,0,0,0
setting,ellipses,circular,32,0,orientation_status,oriented,25,1452,1452,1452,0,1,1,0,1452,0,0,0,0,0,0,0,0,0
setting,ellipses,circular,32,0,orientation_status,unresolved_or_deadend,25,1452,0,0,0,0,0,0,1452,0,0,0,0,0,0,0,0,0
setting,ellipses,circular,32,0,plic_fallback_policy,ELVIRA,25,1452,0,0,0,0,0,0,1452,0,0,0,0,0,0,0,0,0
setting,ellipses,circular,32,0,plic_fallback_policy,LVIRA,25,1452,0,0,0,0,0,0,1452,0,0,0,0,0,0,0,0,0
setting,ellipses,circular,32,0,plic_fallback_policy,Youngs,25,1452,0,0,0,0,0,0,1452,0,0,0,0,0,0,0,0,0
setting,ellipses,circular,32,0,rescue,corner_arc_corner_triplet,25,1452,0,0,0,0,0,0,1452,0,0,0,0,0,0,0,0,0
setting,ellipses,circular,32,0,rescue,curved_corner_loop,25,1452,0,0,0,0,0,0,1452,0,0,0,0,0,0,0,0,0
setting,ellipses,circular,32,0,rescue,curved_corner_transition,25,1452,0,0,0,0,0,0,1452,0,0,0,0,0,0,0,0,0
setting,ellipses,circular,32,0,rescue,exact_linear_support,25,1452,0,0,0,0,0,0,1452,0,0,0,0,0,0,0,0,0
setting,ellipses,circular,32,0.05,construction_path,direct_fit,25,1452,1452,1452,0,1,1,0,1452,1452,1452,0,1,1,0,0,0,0
setting,ellipses,circular,32,0.05,construction_path,merged,25,1452,0,0,0,0,0,0,1452,0,0,0,0,0,0,0,0,0
setting,ellipses,circular,32,0.05,construction_path,plic_fallback,25,1452,0,0,0,0,0,0,1452,0,0,0,0,0,0,0,0,0
setting,ellipses,circular,32,0.05,final_facet,circular,25,1452,1452,1452,0,1,1,0,1452,1452,1452,0,1,1,0,0,0,0
setting,ellipses,circular,32,0.05,final_facet,curved_corner,25,1452,0,0,0,0,0,0,1452,0,0,0,0,0,0,0,0,0
setting,ellipses,circular,32,0.05,final_facet,linear,25,1452,0,0,0,0,0,0,1452,0,0,0,0,0,0,0,0,0
setting,ellipses,circular,32,0.05,final_facet,linear_corner,25,1452,0,0,0,0,0,0,1452,0,0,0,0,0,0,0,0,0
setting,ellipses,circular,32,0.05,merge,independent,25,1452,1452,1452,0,1,1,0,1452,1452,1452,0,1,1,0,0,0,0
setting,ellipses,circular,32,0.05,merge,merged,25,1452,0,0,0,0,0,0,1452,0,0,0,0,0,0,0,0,0
setting,ellipses,circular,32,0.05,orientation_status,oriented,25,1452,1452,1452,0,1,1,0,1452,0,0,0,0,0,0,0,0,0
setting,ellipses,circular,32,0.05,orientation_status,unresolved_or_deadend,25,1452,0,0,0,0,0,0,1452,0,0,0,0,0,0,0,0,0
setting,ellipses,circular,32,0.05,plic_fallback_policy,ELVIRA,25,1452,0,0,0,0,0,0,1452,0,0,0,0,0,0,0,0,0
setting,ellipses,circular,32,0.05,plic_fallback_policy,LVIRA,25,1452,0,0,0,0,0,0,1452,0,0,0,0,0,0,0,0,0
setting,ellipses,circular,32,0.05,plic_fallback_policy,Youngs,25,1452,0,0,0,0,0,0,1452,0,0,0,0,0,0,0,0,0
setting,ellipses,circular,32,0.05,rescue,corner_arc_corner_triplet,25,1452,0,0,0,0,0,0,1452,0,0,0,0,0,0,0,0,0
setting,ellipses,circular,32,0.05,rescue,curved_corner_loop,25,1452,0,0,0,0,0,0,1452,0,0,0,0,0,0,0,0,0
setting,ellipses,circular,32,0.05,rescue,curved_corner_transition,25,1452,0,0,0,0,0,0,1452,0,0,0,0,0,0,0,0,0
setting,ellipses,circular,32,0.05,rescue,exact_linear_support,25,1452,0,0,0,0,0,0,1452,0,0,0,0,0,0,0,0,0
setting,ellipses,circular,32,0.1,construction_path,direct_fit,25,1459,1457,1457,0,0.99862919808087736,0.99862919808087736,0,1458,1457,1457,0,0.9993141289437586,0.9993141289437586,0,0,0,0
setting,ellipses,circular,32,0.1,construction_path,merged,25,1459,2,2,0,0.0013708019191226869,0.0013708019191226869,0,1458,1,1,0,0.00068587105624142656,0.00068587105624142656,0,0,0,0
setting,ellipses,circular,32,0.1,construction_path,plic_fallback,25,1459,0,0,0,0,0,0,1458,0,0,0,0,0,0,0,0,0
setting,ellipses,circular,32,0.1,final_facet,circular,25,1459,1458,1458,0,0.99931459904043862,0.99931459904043862,0,1458,1457,1457,0,0.9993141289437586,0.9993141289437586,0,0,0,0
setting,ellipses,circular,32,0.1,final_facet,curved_corner,25,1459,0,0,0,0,0,0,1458,0,0,0,0,0,0,0,0,0
setting,ellipses,circular,32,0.1,final_facet,linear,25,1459,1,1,0,0.00068540095956134343,0.00068540095956134343,0,1458,1,1,0,0.00068587105624142656,0.00068587105624142656,0,0,0,0
setting,ellipses,circular,32,0.1,final_facet,linear_corner,25,1459,0,0,0,0,0,0,1458,0,0,0,0,0,0,0,0,0
setting,ellipses,circular,32,0.1,merge,independent,25,1459,1457,1457,0,0.99862919808087736,0.99862919808087736,0,1458,1457,1457,0,0.9993141289437586,0.9993141289437586,0,0,0,0
setting,ellipses,circular,32,0.1,merge,merged,25,1459,2,2,0,0.0013708019191226869,0.0013708019191226869,0,1458,1,1,0,0.00068587105624142656,0.00068587105624142656,0,0,0,0
setting,ellipses,circular,32,0.1,orientation_status,oriented,25,1459,1459,1459,0,1,1,0,1458,0,0,0,0,0,0,0,0,0
setting,ellipses,circular,32,0.1,orientation_status,unresolved_or_deadend,25,1459,0,0,0,0,0,0,1458,0,0,0,0,0,0,0,0,0
setting,ellipses,circular,32,0.1,plic_fallback_policy,ELVIRA,25,1459,0,0,0,0,0,0,1458,0,0,0,0,0,0,0,0,0
setting,ellipses,circular,32,0.1,plic_fallback_policy,LVIRA,25,1459,0,0,0,0,0,0,1458,0,0,0,0,0,0,0,0,0
setting,ellipses,circular,32,0.1,plic_fallback_policy,Youngs,25,1459,0,0,0,0,0,0,1458,0,0,0,0,0,0,0,0,0
setting,ellipses,circular,32,0.1,rescue,corner_arc_corner_triplet,25,1459,0,0,0,0,0,0,1458,0,0,0,0,0,0,0,0,0
setting,ellipses,circular,32,0.1,rescue,curved_corner_loop,25,1459,0,0,0,0,0,0,1458,0,0,0,0,0,0,0,0,0
setting,ellipses,circular,32,0.1,rescue,curved_corner_transition,25,1459,0,0,0,0,0,0,1458,0,0,0,0,0,0,0,0,0
setting,ellipses,circular,32,0.1,rescue,exact_linear_support,25,1459,0,0,0,0,0,0,1458,0,0,0,0,0,0,0,0,0
setting,ellipses,circular,32,0.2,construction_path,direct_fit,25,1483,1479,1479,0,0.99730276466621715,0.99730276466621715,0,1482,1479,1479,0,0.99797570850202433,0.99797570850202433,0,0,0,0
setting,ellipses,circular,32,0.2,construction_path,merged,25,1483,2,2,0,0.0013486176668914363,0.0013486176668914363,0,1482,1,1,0,0.00067476383265856947,0.00067476383265856947,0,0,0,0
setting,ellipses,circular,32,0.2,construction_path,plic_fallback,25,1483,2,2,0,0.0013486176668914363,0.0013486176668914363,0,1482,2,2,0,0.0013495276653171389,0.0013495276653171389,0,0,0,0
setting,ellipses,circular,32,0.2,final_facet,circular,25,1483,1481,1481,0,0.99865138233310857,0.99865138233310857,0,1482,1480,1480,0,0.99865047233468285,0.99865047233468285,0,0,0,0
setting,ellipses,circular,32,0.2,final_facet,curved_corner,25,1483,0,0,0,0,0,0,1482,0,0,0,0,0,0,0,0,0
setting,ellipses,circular,32,0.2,final_facet,linear,25,1483,2,2,0,0.0013486176668914363,0.0013486176668914363,0,1482,2,2,0,0.0013495276653171389,0.0013495276653171389,0,0,0,0
setting,ellipses,circular,32,0.2,final_facet,linear_corner,25,1483,0,0,0,0,0,0,1482,0,0,0,0,0,0,0,0,0
setting,ellipses,circular,32,0.2,merge,independent,25,1483,1481,1481,0,0.99865138233310857,0.99865138233310857,0,1482,1481,1481,0,0.99932523616734148,0.99932523616734148,0,0,0,0
setting,ellipses,circular,32,0.2,merge,merged,25,1483,2,2,0,0.0013486176668914363,0.0013486176668914363,0,1482,1,1,0,0.00067476383265856947,0.00067476383265856947,0,0,0,0
setting,ellipses,circular,32,0.2,orientation_status,oriented,25,1483,1481,1481,0,0.99865138233310857,0.99865138233310857,0,1482,0,0,0,0,0,0,0,0,0
setting,ellipses,circular,32,0.2,orientation_status,unresolved_or_deadend,25,1483,2,2,0,0.0013486176668914363,0.0013486176668914363,0,1482,0,0,0,0,0,0,0,0,0
setting,ellipses,circular,32,0.2,plic_fallback_policy,ELVIRA,25,1483,0,0,0,0,0,0,1482,0,0,0,0,0,0,0,0,0
setting,ellipses,circular,32,0.2,plic_fallback_policy,LVIRA,25,1483,2,2,0,0.0013486176668914363,0.0013486176668914363,0,1482,2,2,0,0.0013495276653171389,0.0013495276653171389,0,2,2,0
setting,ellipses,circular,32,0.2,plic_fallback_policy,Youngs,25,1483,0,0,0,0,0,0,1482,0,0,0,0,0,0,0,0,0
setting,ellipses,circular,32,0.2,rescue,corner_arc_corner_triplet,25,1483,0,0,0,0,0,0,1482,0,0,0,0,0,0,0,0,0
setting,ellipses,circular,32,0.2,rescue,curved_corner_loop,25,1483,0,0,0,0,0,0,1482,0,0,0,0,0,0,0,0,0
setting,ellipses,circular,32,0.2,rescue,curved_corner_transition,25,1483,0,0,0,0,0,0,1482,0,0,0,0,0,0,0,0,0
setting,ellipses,circular,32,0.2,rescue,exact_linear_support,25,1483,0,0,0,0,0,0,1482,0,0,0,0,0,0,0,0,0
setting,ellipses,circular,32,0.3,construction_path,direct_fit,25,1524,1520,1520,0,0.99737532808398954,0.99737532808398954,0,1522,1520,1520,0,0.99868593955321949,0.99868593955321949,0,0,0,0
setting,ellipses,circular,32,0.3,construction_path,merged,25,1524,4,4,0,0.0026246719160104987,0.0026246719160104987,0,1522,2,2,0,0.0013140604467805519,0.0013140604467805519,0,0,0,0
setting,ellipses,circular,32,0.3,construction_path,plic_fallback,25,1524,0,0,0,0,0,0,1522,0,0,0,0,0,0,0,0,0
setting,ellipses,circular,32,0.3,final_facet,circular,25,1524,1521,1521,0,0.99803149606299213,0.99803149606299213,0,1522,1520,1520,0,0.99868593955321949,0.99868593955321949,0,0,0,0
setting,ellipses,circular,32,0.3,final_facet,curved_corner,25,1524,0,0,0,0,0,0,1522,0,0,0,0,0,0,0,0,0
setting,ellipses,circular,32,0.3,final_facet,linear,25,1524,3,3,0,0.001968503937007874,0.001968503937007874,0,1522,2,2,0,0.0013140604467805519,0.0013140604467805519,0,0,0,0
setting,ellipses,circular,32,0.3,final_facet,linear_corner,25,1524,0,0,0,0,0,0,1522,0,0,0,0,0,0,0,0,0
setting,ellipses,circular,32,0.3,merge,independent,25,1524,1520,1520,0,0.99737532808398954,0.99737532808398954,0,1522,1520,1520,0,0.99868593955321949,0.99868593955321949,0,0,0,0
setting,ellipses,circular,32,0.3,merge,merged,25,1524,4,4,0,0.0026246719160104987,0.0026246719160104987,0,1522,2,2,0,0.0013140604467805519,0.0013140604467805519,0,0,0,0
setting,ellipses,circular,32,0.3,orientation_status,oriented,25,1524,1524,1524,0,1,1,0,1522,0,0,0,0,0,0,0,0,0
setting,ellipses,circular,32,0.3,orientation_status,unresolved_or_deadend,25,1524,0,0,0,0,0,0,1522,0,0,0,0,0,0,0,0,0
setting,ellipses,circular,32,0.3,plic_fallback_policy,ELVIRA,25,1524,0,0,0,0,0,0,1522,0,0,0,0,0,0,0,0,0
setting,ellipses,circular,32,0.3,plic_fallback_policy,LVIRA,25,1524,0,0,0,0,0,0,1522,0,0,0,0,0,0,0,0,0
setting,ellipses,circular,32,0.3,plic_fallback_policy,Youngs,25,1524,0,0,0,0,0,0,1522,0,0,0,0,0,0,0,0,0
setting,ellipses,circular,32,0.3,rescue,corner_arc_corner_triplet,25,1524,0,0,0,0,0,0,1522,0,0,0,0,0,0,0,0,0
setting,ellipses,circular,32,0.3,rescue,curved_corner_loop,25,1524,0,0,0,0,0,0,1522,0,0,0,0,0,0,0,0,0
setting,ellipses,circular,32,0.3,rescue,curved_corner_transition,25,1524,0,0,0,0,0,0,1522,0,0,0,0,0,0,0,0,0
setting,ellipses,circular,32,0.3,rescue,exact_linear_support,25,1524,0,0,0,0,0,0,1522,0,0,0,0,0,0,0,0,0
setting,ellipses,circular,50,0,construction_path,direct_fit,25,2282,2282,2282,0,1,1,0,2282,2282,2282,0,1,1,0,0,0,0
setting,ellipses,circular,50,0,construction_path,merged,25,2282,0,0,0,0,0,0,2282,0,0,0,0,0,0,0,0,0
setting,ellipses,circular,50,0,construction_path,plic_fallback,25,2282,0,0,0,0,0,0,2282,0,0,0,0,0,0,0,0,0
setting,ellipses,circular,50,0,final_facet,circular,25,2282,2282,2282,0,1,1,0,2282,2282,2282,0,1,1,0,0,0,0
setting,ellipses,circular,50,0,final_facet,curved_corner,25,2282,0,0,0,0,0,0,2282,0,0,0,0,0,0,0,0,0
setting,ellipses,circular,50,0,final_facet,linear,25,2282,0,0,0,0,0,0,2282,0,0,0,0,0,0,0,0,0
setting,ellipses,circular,50,0,final_facet,linear_corner,25,2282,0,0,0,0,0,0,2282,0,0,0,0,0,0,0,0,0
setting,ellipses,circular,50,0,merge,independent,25,2282,2282,2282,0,1,1,0,2282,2282,2282,0,1,1,0,0,0,0
setting,ellipses,circular,50,0,merge,merged,25,2282,0,0,0,0,0,0,2282,0,0,0,0,0,0,0,0,0
setting,ellipses,circular,50,0,orientation_status,oriented,25,2282,2282,2282,0,1,1,0,2282,0,0,0,0,0,0,0,0,0
setting,ellipses,circular,50,0,orientation_status,unresolved_or_deadend,25,2282,0,0,0,0,0,0,2282,0,0,0,0,0,0,0,0,0
setting,ellipses,circular,50,0,plic_fallback_policy,ELVIRA,25,2282,0,0,0,0,0,0,2282,0,0,0,0,0,0,0,0,0
setting,ellipses,circular,50,0,plic_fallback_policy,LVIRA,25,2282,0,0,0,0,0,0,2282,0,0,0,0,0,0,0,0,0
setting,ellipses,circular,50,0,plic_fallback_policy,Youngs,25,2282,0,0,0,0,0,0,2282,0,0,0,0,0,0,0,0,0
setting,ellipses,circular,50,0,rescue,corner_arc_corner_triplet,25,2282,0,0,0,0,0,0,2282,0,0,0,0,0,0,0,0,0
setting,ellipses,circular,50,0,rescue,curved_corner_loop,25,2282,0,0,0,0,0,0,2282,0,0,0,0,0,0,0,0,0
setting,ellipses,circular,50,0,rescue,curved_corner_transition,25,2282,0,0,0,0,0,0,2282,0,0,0,0,0,0,0,0,0
setting,ellipses,circular,50,0,rescue,exact_linear_support,25,2282,0,0,0,0,0,0,2282,0,0,0,0,0,0,0,0,0
setting,ellipses,circular,50,0.05,construction_path,direct_fit,25,2284,2284,2284,0,1,1,0,2284,2284,2284,0,1,1,0,0,0,0
setting,ellipses,circular,50,0.05,construction_path,merged,25,2284,0,0,0,0,0,0,2284,0,0,0,0,0,0,0,0,0
setting,ellipses,circular,50,0.05,construction_path,plic_fallback,25,2284,0,0,0,0,0,0,2284,0,0,0,0,0,0,0,0,0
setting,ellipses,circular,50,0.05,final_facet,circular,25,2284,2284,2284,0,1,1,0,2284,2284,2284,0,1,1,0,0,0,0
setting,ellipses,circular,50,0.05,final_facet,curved_corner,25,2284,0,0,0,0,0,0,2284,0,0,0,0,0,0,0,0,0
setting,ellipses,circular,50,0.05,final_facet,linear,25,2284,0,0,0,0,0,0,2284,0,0,0,0,0,0,0,0,0
setting,ellipses,circular,50,0.05,final_facet,linear_corner,25,2284,0,0,0,0,0,0,2284,0,0,0,0,0,0,0,0,0
setting,ellipses,circular,50,0.05,merge,independent,25,2284,2284,2284,0,1,1,0,2284,2284,2284,0,1,1,0,0,0,0
setting,ellipses,circular,50,0.05,merge,merged,25,2284,0,0,0,0,0,0,2284,0,0,0,0,0,0,0,0,0
setting,ellipses,circular,50,0.05,orientation_status,oriented,25,2284,2284,2284,0,1,1,0,2284,0,0,0,0,0,0,0,0,0
setting,ellipses,circular,50,0.05,orientation_status,unresolved_or_deadend,25,2284,0,0,0,0,0,0,2284,0,0,0,0,0,0,0,0,0
setting,ellipses,circular,50,0.05,plic_fallback_policy,ELVIRA,25,2284,0,0,0,0,0,0,2284,0,0,0,0,0,0,0,0,0
setting,ellipses,circular,50,0.05,plic_fallback_policy,LVIRA,25,2284,0,0,0,0,0,0,2284,0,0,0,0,0,0,0,0,0
setting,ellipses,circular,50,0.05,plic_fallback_policy,Youngs,25,2284,0,0,0,0,0,0,2284,0,0,0,0,0,0,0,0,0
setting,ellipses,circular,50,0.05,rescue,corner_arc_corner_triplet,25,2284,0,0,0,0,0,0,2284,0,0,0,0,0,0,0,0,0
setting,ellipses,circular,50,0.05,rescue,curved_corner_loop,25,2284,0,0,0,0,0,0,2284,0,0,0,0,0,0,0,0,0
setting,ellipses,circular,50,0.05,rescue,curved_corner_transition,25,2284,0,0,0,0,0,0,2284,0,0,0,0,0,0,0,0,0
setting,ellipses,circular,50,0.05,rescue,exact_linear_support,25,2284,0,0,0,0,0,0,2284,0,0,0,0,0,0,0,0,0
setting,ellipses,circular,50,0.1,construction_path,direct_fit,25,2291,2289,2289,0,0.99912701876909649,0.99912701876909649,0,2290,2289,2289,0,0.99956331877729254,0.99956331877729254,0,0,0,0
setting,ellipses,circular,50,0.1,construction_path,merged,25,2291,2,2,0,0.00087298123090353555,0.00087298123090353555,0,2290,1,1,0,0.00043668122270742359,0.00043668122270742359,0,0,0,0
setting,ellipses,circular,50,0.1,construction_path,plic_fallback,25,2291,0,0,0,0,0,0,2290,0,0,0,0,0,0,0,0,0
setting,ellipses,circular,50,0.1,final_facet,circular,25,2291,2289,2289,0,0.99912701876909649,0.99912701876909649,0,2290,2288,2288,0,0.9991266375545852,0.9991266375545852,0,0,0,0
setting,ellipses,circular,50,0.1,final_facet,curved_corner,25,2291,0,0,0,0,0,0,2290,0,0,0,0,0,0,0,0,0
setting,ellipses,circular,50,0.1,final_facet,linear,25,2291,2,2,0,0.00087298123090353555,0.00087298123090353555,0,2290,2,2,0,0.00087336244541484718,0.00087336244541484718,0,0,0,0
setting,ellipses,circular,50,0.1,final_facet,linear_corner,25,2291,0,0,0,0,0,0,2290,0,0,0,0,0,0,0,0,0
setting,ellipses,circular,50,0.1,merge,independent,25,2291,2289,2289,0,0.99912701876909649,0.99912701876909649,0,2290,2289,2289,0,0.99956331877729254,0.99956331877729254,0,0,0,0
setting,ellipses,circular,50,0.1,merge,merged,25,2291,2,2,0,0.00087298123090353555,0.00087298123090353555,0,2290,1,1,0,0.00043668122270742359,0.00043668122270742359,0,0,0,0
setting,ellipses,circular,50,0.1,orientation_status,oriented,25,2291,2291,2291,0,1,1,0,2290,0,0,0,0,0,0,0,0,0
setting,ellipses,circular,50,0.1,orientation_status,unresolved_or_deadend,25,2291,0,0,0,0,0,0,2290,0,0,0,0,0,0,0,0,0
setting,ellipses,circular,50,0.1,plic_fallback_policy,ELVIRA,25,2291,0,0,0,0,0,0,2290,0,0,0,0,0,0,0,0,0
setting,ellipses,circular,50,0.1,plic_fallback_policy,LVIRA,25,2291,0,0,0,0,0,0,2290,0,0,0,0,0,0,0,0,0
setting,ellipses,circular,50,0.1,plic_fallback_policy,Youngs,25,2291,0,0,0,0,0,0,2290,0,0,0,0,0,0,0,0,0
setting,ellipses,circular,50,0.1,rescue,corner_arc_corner_triplet,25,2291,0,0,0,0,0,0,2290,0,0,0,0,0,0,0,0,0
setting,ellipses,circular,50,0.1,rescue,curved_corner_loop,25,2291,0,0,0,0,0,0,2290,0,0,0,0,0,0,0,0,0
setting,ellipses,circular,50,0.1,rescue,curved_corner_transition,25,2291,0,0,0,0,0,0,2290,0,0,0,0,0,0,0,0,0
setting,ellipses,circular,50,0.1,rescue,exact_linear_support,25,2291,0,0,0,0,0,0,2290,0,0,0,0,0,0,0,0,0
setting,ellipses,circular,50,0.2,construction_path,direct_fit,25,2318,2314,2314,0,0.99827437446074196,0.99827437446074196,0,2318,2314,2314,0,0.99827437446074196,0.99827437446074196,0,0,0,0
setting,ellipses,circular,50,0.2,construction_path,merged,25,2318,0,0,0,0,0,0,2318,0,0,0,0,0,0,0,0,0
setting,ellipses,circular,50,0.2,construction_path,plic_fallback,25,2318,4,4,0,0.0017256255392579811,0.0017256255392579811,0,2318,4,4,0,0.0017256255392579811,0.0017256255392579811,0,0,0,0
setting,ellipses,circular,50,0.2,final_facet,circular,25,2318,2313,2313,0,0.99784296807592754,0.99784296807592754,0,2318,2313,2313,0,0.99784296807592754,0.99784296807592754,0,0,0,0
setting,ellipses,circular,50,0.2,final_facet,curved_corner,25,2318,0,0,0,0,0,0,2318,0,0,0,0,0,0,0,0,0
setting,ellipses,circular,50,0.2,final_facet,linear,25,2318,5,5,0,0.0021570319240724763,0.0021570319240724763,0,2318,5,5,0,0.0021570319240724763,0.0021570319240724763,0,0,0,0
setting,ellipses,circular,50,0.2,final_facet,linear_corner,25,2318,0,0,0,0,0,0,2318,0,0,0,0,0,0,0,0,0
setting,ellipses,circular,50,0.2,merge,independent,25,2318,2318,2318,0,1,1,0,2318,2318,2318,0,1,1,0,0,0,0
setting,ellipses,circular,50,0.2,merge,merged,25,2318,0,0,0,0,0,0,2318,0,0,0,0,0,0,0,0,0
setting,ellipses,circular,50,0.2,orientation_status,oriented,25,2318,2314,2314,0,0.99827437446074196,0.99827437446074196,0,2318,0,0,0,0,0,0,0,0,0
setting,ellipses,circular,50,0.2,orientation_status,unresolved_or_deadend,25,2318,4,4,0,0.0017256255392579811,0.0017256255392579811,0,2318,0,0,0,0,0,0,0,0,0
setting,ellipses,circular,50,0.2,plic_fallback_policy,ELVIRA,25,2318,0,0,0,0,0,0,2318,0,0,0,0,0,0,0,0,0
setting,ellipses,circular,50,0.2,plic_fallback_policy,LVIRA,25,2318,4,4,0,0.0017256255392579811,0.0017256255392579811,0,2318,4,4,0,0.0017256255392579811,0.0017256255392579811,0,4,4,0
setting,ellipses,circular,50,0.2,plic_fallback_policy,Youngs,25,2318,0,0,0,0,0,0,2318,0,0,0,0,0,0,0,0,0
setting,ellipses,circular,50,0.2,rescue,corner_arc_corner_triplet,25,2318,0,0,0,0,0,0,2318,0,0,0,0,0,0,0,0,0
setting,ellipses,circular,50,0.2,rescue,curved_corner_loop,25,2318,0,0,0,0,0,0,2318,0,0,0,0,0,0,0,0,0
setting,ellipses,circular,50,0.2,rescue,curved_corner_transition,25,2318,0,0,0,0,0,0,2318,0,0,0,0,0,0,0,0,0
setting,ellipses,circular,50,0.2,rescue,exact_linear_support,25,2318,0,0,0,0,0,0,2318,0,0,0,0,0,0,0,0,0
setting,ellipses,circular,50,0.3,construction_path,direct_fit,25,2353,2347,2347,0,0.99745006374840628,0.99745006374840628,0,2352,2347,2347,0,0.99787414965986398,0.99787414965986398,0,0,0,0
setting,ellipses,circular,50,0.3,construction_path,merged,25,2353,2,2,0,0.0008499787505312367,0.0008499787505312367,0,2352,1,1,0,0.00042517006802721087,0.00042517006802721087,0,0,0,0
setting,ellipses,circular,50,0.3,construction_path,plic_fallback,25,2353,4,4,0,0.0016999575010624734,0.0016999575010624734,0,2352,4,4,0,0.0017006802721088435,0.0017006802721088435,0,0,0,0
setting,ellipses,circular,50,0.3,final_facet,circular,25,2353,2345,2345,0,0.996600084997875,0.996600084997875,0,2352,2344,2344,0,0.99659863945578231,0.99659863945578231,0,0,0,0
setting,ellipses,circular,50,0.3,final_facet,curved_corner,25,2353,0,0,0,0,0,0,2352,0,0,0,0,0,0,0,0,0
setting,ellipses,circular,50,0.3,final_facet,linear,25,2353,8,8,0,0.0033999150021249468,0.0033999150021249468,0,2352,8,8,0,0.0034013605442176869,0.0034013605442176869,0,0,0,0
setting,ellipses,circular,50,0.3,final_facet,linear_corner,25,2353,0,0,0,0,0,0,2352,0,0,0,0,0,0,0,0,0
setting,ellipses,circular,50,0.3,merge,independent,25,2353,2351,2351,0,0.99915002124946872,0.99915002124946872,0,2352,2351,2351,0,0.99957482993197277,0.99957482993197277,0,0,0,0
setting,ellipses,circular,50,0.3,merge,merged,25,2353,2,2,0,0.0008499787505312367,0.0008499787505312367,0,2352,1,1,0,0.00042517006802721087,0.00042517006802721087,0,0,0,0
setting,ellipses,circular,50,0.3,orientation_status,oriented,25,2353,2349,2349,0,0.99830004249893756,0.99830004249893756,0,2352,0,0,0,0,0,0,0,0,0
setting,ellipses,circular,50,0.3,orientation_status,unresolved_or_deadend,25,2353,4,4,0,0.0016999575010624734,0.0016999575010624734,0,2352,0,0,0,0,0,0,0,0,0
setting,ellipses,circular,50,0.3,plic_fallback_policy,ELVIRA,25,2353,0,0,0,0,0,0,2352,0,0,0,0,0,0,0,0,0
setting,ellipses,circular,50,0.3,plic_fallback_policy,LVIRA,25,2353,4,4,0,0.0016999575010624734,0.0016999575010624734,0,2352,4,4,0,0.0017006802721088435,0.0017006802721088435,0,4,4,0
setting,ellipses,circular,50,0.3,plic_fallback_policy,Youngs,25,2353,0,0,0,0,0,0,2352,0,0,0,0,0,0,0,0,0
setting,ellipses,circular,50,0.3,rescue,corner_arc_corner_triplet,25,2353,0,0,0,0,0,0,2352,0,0,0,0,0,0,0,0,0
setting,ellipses,circular,50,0.3,rescue,curved_corner_loop,25,2353,0,0,0,0,0,0,2352,0,0,0,0,0,0,0,0,0
setting,ellipses,circular,50,0.3,rescue,curved_corner_transition,25,2353,0,0,0,0,0,0,2352,0,0,0,0,0,0,0,0,0
setting,ellipses,circular,50,0.3,rescue,exact_linear_support,25,2353,0,0,0,0,0,0,2352,0,0,0,0,0,0,0,0,0
setting,ellipses,circular,64,0,construction_path,direct_fit,25,2898,2898,2898,0,1,1,0,2898,2898,2898,0,1,1,0,0,0,0
setting,ellipses,circular,64,0,construction_path,merged,25,2898,0,0,0,0,0,0,2898,0,0,0,0,0,0,0,0,0
setting,ellipses,circular,64,0,construction_path,plic_fallback,25,2898,0,0,0,0,0,0,2898,0,0,0,0,0,0,0,0,0
setting,ellipses,circular,64,0,final_facet,circular,25,2898,2898,2898,0,1,1,0,2898,2898,2898,0,1,1,0,0,0,0
setting,ellipses,circular,64,0,final_facet,curved_corner,25,2898,0,0,0,0,0,0,2898,0,0,0,0,0,0,0,0,0
setting,ellipses,circular,64,0,final_facet,linear,25,2898,0,0,0,0,0,0,2898,0,0,0,0,0,0,0,0,0
setting,ellipses,circular,64,0,final_facet,linear_corner,25,2898,0,0,0,0,0,0,2898,0,0,0,0,0,0,0,0,0
setting,ellipses,circular,64,0,merge,independent,25,2898,2898,2898,0,1,1,0,2898,2898,2898,0,1,1,0,0,0,0
setting,ellipses,circular,64,0,merge,merged,25,2898,0,0,0,0,0,0,2898,0,0,0,0,0,0,0,0,0
setting,ellipses,circular,64,0,orientation_status,oriented,25,2898,2898,2898,0,1,1,0,2898,0,0,0,0,0,0,0,0,0
setting,ellipses,circular,64,0,orientation_status,unresolved_or_deadend,25,2898,0,0,0,0,0,0,2898,0,0,0,0,0,0,0,0,0
setting,ellipses,circular,64,0,plic_fallback_policy,ELVIRA,25,2898,0,0,0,0,0,0,2898,0,0,0,0,0,0,0,0,0
setting,ellipses,circular,64,0,plic_fallback_policy,LVIRA,25,2898,0,0,0,0,0,0,2898,0,0,0,0,0,0,0,0,0
setting,ellipses,circular,64,0,plic_fallback_policy,Youngs,25,2898,0,0,0,0,0,0,2898,0,0,0,0,0,0,0,0,0
setting,ellipses,circular,64,0,rescue,corner_arc_corner_triplet,25,2898,0,0,0,0,0,0,2898,0,0,0,0,0,0,0,0,0
setting,ellipses,circular,64,0,rescue,curved_corner_loop,25,2898,0,0,0,0,0,0,2898,0,0,0,0,0,0,0,0,0
setting,ellipses,circular,64,0,rescue,curved_corner_transition,25,2898,0,0,0,0,0,0,2898,0,0,0,0,0,0,0,0,0
setting,ellipses,circular,64,0,rescue,exact_linear_support,25,2898,0,0,0,0,0,0,2898,0,0,0,0,0,0,0,0,0
setting,ellipses,circular,64,0.05,construction_path,direct_fit,25,2901,2899,2899,0,0.99931058255773875,0.99931058255773875,0,2900,2899,2899,0,0.99965517241379309,0.99965517241379309,0,0,0,0
setting,ellipses,circular,64,0.05,construction_path,merged,25,2901,2,2,0,0.00068941744226128923,0.00068941744226128923,0,2900,1,1,0,0.00034482758620689653,0.00034482758620689653,0,0,0,0
setting,ellipses,circular,64,0.05,construction_path,plic_fallback,25,2901,0,0,0,0,0,0,2900,0,0,0,0,0,0,0,0,0
setting,ellipses,circular,64,0.05,final_facet,circular,25,2901,2901,2901,0,1,1,0,2900,2900,2900,0,1,1,0,0,0,0
setting,ellipses,circular,64,0.05,final_facet,curved_corner,25,2901,0,0,0,0,0,0,2900,0,0,0,0,0,0,0,0,0
setting,ellipses,circular,64,0.05,final_facet,linear,25,2901,0,0,0,0,0,0,2900,0,0,0,0,0,0,0,0,0
setting,ellipses,circular,64,0.05,final_facet,linear_corner,25,2901,0,0,0,0,0,0,2900,0,0,0,0,0,0,0,0,0
setting,ellipses,circular,64,0.05,merge,independent,25,2901,2899,2899,0,0.99931058255773875,0.99931058255773875,0,2900,2899,2899,0,0.99965517241379309,0.99965517241379309,0,0,0,0
setting,ellipses,circular,64,0.05,merge,merged,25,2901,2,2,0,0.00068941744226128923,0.00068941744226128923,0,2900,1,1,0,0.00034482758620689653,0.00034482758620689653,0,0,0,0
setting,ellipses,circular,64,0.05,orientation_status,oriented,25,2901,2901,2901,0,1,1,0,2900,0,0,0,0,0,0,0,0,0
setting,ellipses,circular,64,0.05,orientation_status,unresolved_or_deadend,25,2901,0,0,0,0,0,0,2900,0,0,0,0,0,0,0,0,0
setting,ellipses,circular,64,0.05,plic_fallback_policy,ELVIRA,25,2901,0,0,0,0,0,0,2900,0,0,0,0,0,0,0,0,0
setting,ellipses,circular,64,0.05,plic_fallback_policy,LVIRA,25,2901,0,0,0,0,0,0,2900,0,0,0,0,0,0,0,0,0
setting,ellipses,circular,64,0.05,plic_fallback_policy,Youngs,25,2901,0,0,0,0,0,0,2900,0,0,0,0,0,0,0,0,0
setting,ellipses,circular,64,0.05,rescue,corner_arc_corner_triplet,25,2901,0,0,0,0,0,0,2900,0,0,0,0,0,0,0,0,0
setting,ellipses,circular,64,0.05,rescue,curved_corner_loop,25,2901,0,0,0,0,0,0,2900,0,0,0,0,0,0,0,0,0
setting,ellipses,circular,64,0.05,rescue,curved_corner_transition,25,2901,0,0,0,0,0,0,2900,0,0,0,0,0,0,0,0,0
setting,ellipses,circular,64,0.05,rescue,exact_linear_support,25,2901,0,0,0,0,0,0,2900,0,0,0,0,0,0,0,0,0
setting,ellipses,circular,64,0.1,construction_path,direct_fit,25,2904,2904,2904,0,1,1,0,2904,2904,2904,0,1,1,0,0,0,0
setting,ellipses,circular,64,0.1,construction_path,merged,25,2904,0,0,0,0,0,0,2904,0,0,0,0,0,0,0,0,0
setting,ellipses,circular,64,0.1,construction_path,plic_fallback,25,2904,0,0,0,0,0,0,2904,0,0,0,0,0,0,0,0,0
setting,ellipses,circular,64,0.1,final_facet,circular,25,2904,2904,2904,0,1,1,0,2904,2904,2904,0,1,1,0,0,0,0
setting,ellipses,circular,64,0.1,final_facet,curved_corner,25,2904,0,0,0,0,0,0,2904,0,0,0,0,0,0,0,0,0
setting,ellipses,circular,64,0.1,final_facet,linear,25,2904,0,0,0,0,0,0,2904,0,0,0,0,0,0,0,0,0
setting,ellipses,circular,64,0.1,final_facet,linear_corner,25,2904,0,0,0,0,0,0,2904,0,0,0,0,0,0,0,0,0
setting,ellipses,circular,64,0.1,merge,independent,25,2904,2904,2904,0,1,1,0,2904,2904,2904,0,1,1,0,0,0,0
setting,ellipses,circular,64,0.1,merge,merged,25,2904,0,0,0,0,0,0,2904,0,0,0,0,0,0,0,0,0
setting,ellipses,circular,64,0.1,orientation_status,oriented,25,2904,2904,2904,0,1,1,0,2904,0,0,0,0,0,0,0,0,0
setting,ellipses,circular,64,0.1,orientation_status,unresolved_or_deadend,25,2904,0,0,0,0,0,0,2904,0,0,0,0,0,0,0,0,0
setting,ellipses,circular,64,0.1,plic_fallback_policy,ELVIRA,25,2904,0,0,0,0,0,0,2904,0,0,0,0,0,0,0,0,0
setting,ellipses,circular,64,0.1,plic_fallback_policy,LVIRA,25,2904,0,0,0,0,0,0,2904,0,0,0,0,0,0,0,0,0
setting,ellipses,circular,64,0.1,plic_fallback_policy,Youngs,25,2904,0,0,0,0,0,0,2904,0,0,0,0,0,0,0,0,0
setting,ellipses,circular,64,0.1,rescue,corner_arc_corner_triplet,25,2904,0,0,0,0,0,0,2904,0,0,0,0,0,0,0,0,0
setting,ellipses,circular,64,0.1,rescue,curved_corner_loop,25,2904,0,0,0,0,0,0,2904,0,0,0,0,0,0,0,0,0
setting,ellipses,circular,64,0.1,rescue,curved_corner_transition,25,2904,0,0,0,0,0,0,2904,0,0,0,0,0,0,0,0,0
setting,ellipses,circular,64,0.1,rescue,exact_linear_support,25,2904,0,0,0,0,0,0,2904,0,0,0,0,0,0,0,0,0
setting,ellipses,circular,64,0.2,construction_path,direct_fit,25,2924,2924,2924,0,1,1,0,2924,2924,2924,0,1,1,0,0,0,0
setting,ellipses,circular,64,0.2,construction_path,merged,25,2924,0,0,0,0,0,0,2924,0,0,0,0,0,0,0,0,0
setting,ellipses,circular,64,0.2,construction_path,plic_fallback,25,2924,0,0,0,0,0,0,2924,0,0,0,0,0,0,0,0,0
setting,ellipses,circular,64,0.2,final_facet,circular,25,2924,2922,2922,0,0.9993160054719562,0.9993160054719562,0,2924,2922,2922,0,0.9993160054719562,0.9993160054719562,0,0,0,0
setting,ellipses,circular,64,0.2,final_facet,curved_corner,25,2924,0,0,0,0,0,0,2924,0,0,0,0,0,0,0,0,0
setting,ellipses,circular,64,0.2,final_facet,linear,25,2924,2,2,0,0.00068399452804377564,0.00068399452804377564,0,2924,2,2,0,0.00068399452804377564,0.00068399452804377564,0,0,0,0
setting,ellipses,circular,64,0.2,final_facet,linear_corner,25,2924,0,0,0,0,0,0,2924,0,0,0,0,0,0,0,0,0
setting,ellipses,circular,64,0.2,merge,independent,25,2924,2924,2924,0,1,1,0,2924,2924,2924,0,1,1,0,0,0,0
setting,ellipses,circular,64,0.2,merge,merged,25,2924,0,0,0,0,0,0,2924,0,0,0,0,0,0,0,0,0
setting,ellipses,circular,64,0.2,orientation_status,oriented,25,2924,2924,2924,0,1,1,0,2924,0,0,0,0,0,0,0,0,0
setting,ellipses,circular,64,0.2,orientation_status,unresolved_or_deadend,25,2924,0,0,0,0,0,0,2924,0,0,0,0,0,0,0,0,0
setting,ellipses,circular,64,0.2,plic_fallback_policy,ELVIRA,25,2924,0,0,0,0,0,0,2924,0,0,0,0,0,0,0,0,0
setting,ellipses,circular,64,0.2,plic_fallback_policy,LVIRA,25,2924,0,0,0,0,0,0,2924,0,0,0,0,0,0,0,0,0
setting,ellipses,circular,64,0.2,plic_fallback_policy,Youngs,25,2924,0,0,0,0,0,0,2924,0,0,0,0,0,0,0,0,0
setting,ellipses,circular,64,0.2,rescue,corner_arc_corner_triplet,25,2924,0,0,0,0,0,0,2924,0,0,0,0,0,0,0,0,0
setting,ellipses,circular,64,0.2,rescue,curved_corner_loop,25,2924,0,0,0,0,0,0,2924,0,0,0,0,0,0,0,0,0
setting,ellipses,circular,64,0.2,rescue,curved_corner_transition,25,2924,0,0,0,0,0,0,2924,0,0,0,0,0,0,0,0,0
setting,ellipses,circular,64,0.2,rescue,exact_linear_support,25,2924,0,0,0,0,0,0,2924,0,0,0,0,0,0,0,0,0
setting,ellipses,circular,64,0.3,construction_path,direct_fit,25,2967,2965,2965,0,0.99932591843613072,0.99932591843613072,0,2966,2965,2965,0,0.99966284558327712,0.99966284558327712,0,0,0,0
setting,ellipses,circular,64,0.3,construction_path,merged,25,2967,2,2,0,0.0006740815638692282,0.0006740815638692282,0,2966,1,1,0,0.00033715441672285906,0.00033715441672285906,0,0,0,0
setting,ellipses,circular,64,0.3,construction_path,plic_fallback,25,2967,0,0,0,0,0,0,2966,0,0,0,0,0,0,0,0,0
setting,ellipses,circular,64,0.3,final_facet,circular,25,2967,2965,2965,0,0.99932591843613072,0.99932591843613072,0,2966,2965,2965,0,0.99966284558327712,0.99966284558327712,0,0,0,0
setting,ellipses,circular,64,0.3,final_facet,curved_corner,25,2967,0,0,0,0,0,0,2966,0,0,0,0,0,0,0,0,0
setting,ellipses,circular,64,0.3,final_facet,linear,25,2967,2,2,0,0.0006740815638692282,0.0006740815638692282,0,2966,1,1,0,0.00033715441672285906,0.00033715441672285906,0,0,0,0
setting,ellipses,circular,64,0.3,final_facet,linear_corner,25,2967,0,0,0,0,0,0,2966,0,0,0,0,0,0,0,0,0
setting,ellipses,circular,64,0.3,merge,independent,25,2967,2965,2965,0,0.99932591843613072,0.99932591843613072,0,2966,2965,2965,0,0.99966284558327712,0.99966284558327712,0,0,0,0
setting,ellipses,circular,64,0.3,merge,merged,25,2967,2,2,0,0.0006740815638692282,0.0006740815638692282,0,2966,1,1,0,0.00033715441672285906,0.00033715441672285906,0,0,0,0
setting,ellipses,circular,64,0.3,orientation_status,oriented,25,2967,2967,2967,0,1,1,0,2966,0,0,0,0,0,0,0,0,0
setting,ellipses,circular,64,0.3,orientation_status,unresolved_or_deadend,25,2967,0,0,0,0,0,0,2966,0,0,0,0,0,0,0,0,0
setting,ellipses,circular,64,0.3,plic_fallback_policy,ELVIRA,25,2967,0,0,0,0,0,0,2966,0,0,0,0,0,0,0,0,0
setting,ellipses,circular,64,0.3,plic_fallback_policy,LVIRA,25,2967,0,0,0,0,0,0,2966,0,0,0,0,0,0,0,0,0
setting,ellipses,circular,64,0.3,plic_fallback_policy,Youngs,25,2967,0,0,0,0,0,0,2966,0,0,0,0,0,0,0,0,0
setting,ellipses,circular,64,0.3,rescue,corner_arc_corner_triplet,25,2967,0,0,0,0,0,0,2966,0,0,0,0,0,0,0,0,0
setting,ellipses,circular,64,0.3,rescue,curved_corner_loop,25,2967,0,0,0,0,0,0,2966,0,0,0,0,0,0,0,0,0
setting,ellipses,circular,64,0.3,rescue,curved_corner_transition,25,2967,0,0,0,0,0,0,2966,0,0,0,0,0,0,0,0,0
setting,ellipses,circular,64,0.3,rescue,exact_linear_support,25,2967,0,0,0,0,0,0,2966,0,0,0,0,0,0,0,0,0
setting,ellipses,linear,100,0,construction_path,direct_fit,25,4555,4553,4553,0,0.99956092206366631,0.99956092206366631,0,4554,4553,4553,0,0.99978041282389107,0.99978041282389107,0,0,0,0
setting,ellipses,linear,100,0,construction_path,merged,25,4555,2,2,0,0.00043907793633369923,0.00043907793633369923,0,4554,1,1,0,0.00021958717610891525,0.00021958717610891525,0,0,0,0
setting,ellipses,linear,100,0,construction_path,plic_fallback,25,4555,0,0,0,0,0,0,4554,0,0,0,0,0,0,0,0,0
setting,ellipses,linear,100,0,final_facet,circular,25,4555,0,0,0,0,0,0,4554,0,0,0,0,0,0,0,0,0
setting,ellipses,linear,100,0,final_facet,curved_corner,25,4555,0,0,0,0,0,0,4554,0,0,0,0,0,0,0,0,0
setting,ellipses,linear,100,0,final_facet,linear,25,4555,4555,4555,0,1,1,0,4554,4554,4554,0,1,1,0,0,0,0
setting,ellipses,linear,100,0,final_facet,linear_corner,25,4555,0,0,0,0,0,0,4554,0,0,0,0,0,0,0,0,0
setting,ellipses,linear,100,0,merge,independent,25,4555,4553,4553,0,0.99956092206366631,0.99956092206366631,0,4554,4553,4553,0,0.99978041282389107,0.99978041282389107,0,0,0,0
setting,ellipses,linear,100,0,merge,merged,25,4555,2,2,0,0.00043907793633369923,0.00043907793633369923,0,4554,1,1,0,0.00021958717610891525,0.00021958717610891525,0,0,0,0
setting,ellipses,linear,100,0,orientation_status,oriented,25,4555,4555,4555,0,1,1,0,4554,0,0,0,0,0,0,0,0,0
setting,ellipses,linear,100,0,orientation_status,unresolved_or_deadend,25,4555,0,0,0,0,0,0,4554,0,0,0,0,0,0,0,0,0
setting,ellipses,linear,100,0,plic_fallback_policy,ELVIRA,25,4555,0,0,0,0,0,0,4554,0,0,0,0,0,0,0,0,0
setting,ellipses,linear,100,0,plic_fallback_policy,LVIRA,25,4555,0,0,0,0,0,0,4554,0,0,0,0,0,0,0,0,0
setting,ellipses,linear,100,0,plic_fallback_policy,Youngs,25,4555,0,0,0,0,0,0,4554,0,0,0,0,0,0,0,0,0
setting,ellipses,linear,100,0,rescue,corner_arc_corner_triplet,25,4555,0,0,0,0,0,0,4554,0,0,0,0,0,0,0,0,0
setting,ellipses,linear,100,0,rescue,curved_corner_loop,25,4555,0,0,0,0,0,0,4554,0,0,0,0,0,0,0,0,0
setting,ellipses,linear,100,0,rescue,curved_corner_transition,25,4555,0,0,0,0,0,0,4554,0,0,0,0,0,0,0,0,0
setting,ellipses,linear,100,0,rescue,exact_linear_support,25,4555,0,0,0,0,0,0,4554,0,0,0,0,0,0,0,0,0
setting,ellipses,linear,100,0.05,construction_path,direct_fit,25,4555,4553,4553,0,0.99956092206366631,0.99956092206366631,0,4554,4553,4553,0,0.99978041282389107,0.99978041282389107,0,0,0,0
setting,ellipses,linear,100,0.05,construction_path,merged,25,4555,2,2,0,0.00043907793633369923,0.00043907793633369923,0,4554,1,1,0,0.00021958717610891525,0.00021958717610891525,0,0,0,0
setting,ellipses,linear,100,0.05,construction_path,plic_fallback,25,4555,0,0,0,0,0,0,4554,0,0,0,0,0,0,0,0,0
setting,ellipses,linear,100,0.05,final_facet,circular,25,4555,0,0,0,0,0,0,4554,0,0,0,0,0,0,0,0,0
setting,ellipses,linear,100,0.05,final_facet,curved_corner,25,4555,0,0,0,0,0,0,4554,0,0,0,0,0,0,0,0,0
setting,ellipses,linear,100,0.05,final_facet,linear,25,4555,4555,4555,0,1,1,0,4554,4554,4554,0,1,1,0,0,0,0
setting,ellipses,linear,100,0.05,final_facet,linear_corner,25,4555,0,0,0,0,0,0,4554,0,0,0,0,0,0,0,0,0
setting,ellipses,linear,100,0.05,merge,independent,25,4555,4553,4553,0,0.99956092206366631,0.99956092206366631,0,4554,4553,4553,0,0.99978041282389107,0.99978041282389107,0,0,0,0
setting,ellipses,linear,100,0.05,merge,merged,25,4555,2,2,0,0.00043907793633369923,0.00043907793633369923,0,4554,1,1,0,0.00021958717610891525,0.00021958717610891525,0,0,0,0
setting,ellipses,linear,100,0.05,orientation_status,oriented,25,4555,4555,4555,0,1,1,0,4554,0,0,0,0,0,0,0,0,0
setting,ellipses,linear,100,0.05,orientation_status,unresolved_or_deadend,25,4555,0,0,0,0,0,0,4554,0,0,0,0,0,0,0,0,0
setting,ellipses,linear,100,0.05,plic_fallback_policy,ELVIRA,25,4555,0,0,0,0,0,0,4554,0,0,0,0,0,0,0,0,0
setting,ellipses,linear,100,0.05,plic_fallback_policy,LVIRA,25,4555,0,0,0,0,0,0,4554,0,0,0,0,0,0,0,0,0
setting,ellipses,linear,100,0.05,plic_fallback_policy,Youngs,25,4555,0,0,0,0,0,0,4554,0,0,0,0,0,0,0,0,0
setting,ellipses,linear,100,0.05,rescue,corner_arc_corner_triplet,25,4555,0,0,0,0,0,0,4554,0,0,0,0,0,0,0,0,0
setting,ellipses,linear,100,0.05,rescue,curved_corner_loop,25,4555,0,0,0,0,0,0,4554,0,0,0,0,0,0,0,0,0
setting,ellipses,linear,100,0.05,rescue,curved_corner_transition,25,4555,0,0,0,0,0,0,4554,0,0,0,0,0,0,0,0,0
setting,ellipses,linear,100,0.05,rescue,exact_linear_support,25,4555,0,0,0,0,0,0,4554,0,0,0,0,0,0,0,0,0
setting,ellipses,linear,100,0.1,construction_path,direct_fit,25,4563,4561,4561,0,0.99956169186938415,0.99956169186938415,0,4562,4561,4561,0,0.99978079789565977,0.99978079789565977,0,0,0,0
setting,ellipses,linear,100,0.1,construction_path,merged,25,4563,2,2,0,0.00043830813061582295,0.00043830813061582295,0,4562,1,1,0,0.00021920210434020167,0.00021920210434020167,0,0,0,0
setting,ellipses,linear,100,0.1,construction_path,plic_fallback,25,4563,0,0,0,0,0,0,4562,0,0,0,0,0,0,0,0,0
setting,ellipses,linear,100,0.1,final_facet,circular,25,4563,0,0,0,0,0,0,4562,0,0,0,0,0,0,0,0,0
setting,ellipses,linear,100,0.1,final_facet,curved_corner,25,4563,0,0,0,0,0,0,4562,0,0,0,0,0,0,0,0,0
setting,ellipses,linear,100,0.1,final_facet,linear,25,4563,4563,4563,0,1,1,0,4562,4562,4562,0,1,1,0,0,0,0
setting,ellipses,linear,100,0.1,final_facet,linear_corner,25,4563,0,0,0,0,0,0,4562,0,0,0,0,0,0,0,0,0
setting,ellipses,linear,100,0.1,merge,independent,25,4563,4561,4561,0,0.99956169186938415,0.99956169186938415,0,4562,4561,4561,0,0.99978079789565977,0.99978079789565977,0,0,0,0
setting,ellipses,linear,100,0.1,merge,merged,25,4563,2,2,0,0.00043830813061582295,0.00043830813061582295,0,4562,1,1,0,0.00021920210434020167,0.00021920210434020167,0,0,0,0
setting,ellipses,linear,100,0.1,orientation_status,oriented,25,4563,4563,4563,0,1,1,0,4562,0,0,0,0,0,0,0,0,0
setting,ellipses,linear,100,0.1,orientation_status,unresolved_or_deadend,25,4563,0,0,0,0,0,0,4562,0,0,0,0,0,0,0,0,0
setting,ellipses,linear,100,0.1,plic_fallback_policy,ELVIRA,25,4563,0,0,0,0,0,0,4562,0,0,0,0,0,0,0,0,0
setting,ellipses,linear,100,0.1,plic_fallback_policy,LVIRA,25,4563,0,0,0,0,0,0,4562,0,0,0,0,0,0,0,0,0
setting,ellipses,linear,100,0.1,plic_fallback_policy,Youngs,25,4563,0,0,0,0,0,0,4562,0,0,0,0,0,0,0,0,0
setting,ellipses,linear,100,0.1,rescue,corner_arc_corner_triplet,25,4563,0,0,0,0,0,0,4562,0,0,0,0,0,0,0,0,0
setting,ellipses,linear,100,0.1,rescue,curved_corner_loop,25,4563,0,0,0,0,0,0,4562,0,0,0,0,0,0,0,0,0
setting,ellipses,linear,100,0.1,rescue,curved_corner_transition,25,4563,0,0,0,0,0,0,4562,0,0,0,0,0,0,0,0,0
setting,ellipses,linear,100,0.1,rescue,exact_linear_support,25,4563,0,0,0,0,0,0,4562,0,0,0,0,0,0,0,0,0
setting,ellipses,linear,100,0.2,construction_path,direct_fit,25,4610,4610,4610,0,1,1,0,4610,4610,4610,0,1,1,0,0,0,0
setting,ellipses,linear,100,0.2,construction_path,merged,25,4610,0,0,0,0,0,0,4610,0,0,0,0,0,0,0,0,0
setting,ellipses,linear,100,0.2,construction_path,plic_fallback,25,4610,0,0,0,0,0,0,4610,0,0,0,0,0,0,0,0,0
setting,ellipses,linear,100,0.2,final_facet,circular,25,4610,0,0,0,0,0,0,4610,0,0,0,0,0,0,0,0,0
setting,ellipses,linear,100,0.2,final_facet,curved_corner,25,4610,0,0,0,0,0,0,4610,0,0,0,0,0,0,0,0,0
setting,ellipses,linear,100,0.2,final_facet,linear,25,4610,4610,4610,0,1,1,0,4610,4610,4610,0,1,1,0,0,0,0
setting,ellipses,linear,100,0.2,final_facet,linear_corner,25,4610,0,0,0,0,0,0,4610,0,0,0,0,0,0,0,0,0
setting,ellipses,linear,100,0.2,merge,independent,25,4610,4610,4610,0,1,1,0,4610,4610,4610,0,1,1,0,0,0,0
setting,ellipses,linear,100,0.2,merge,merged,25,4610,0,0,0,0,0,0,4610,0,0,0,0,0,0,0,0,0
setting,ellipses,linear,100,0.2,orientation_status,oriented,25,4610,4610,4610,0,1,1,0,4610,0,0,0,0,0,0,0,0,0
setting,ellipses,linear,100,0.2,orientation_status,unresolved_or_deadend,25,4610,0,0,0,0,0,0,4610,0,0,0,0,0,0,0,0,0
setting,ellipses,linear,100,0.2,plic_fallback_policy,ELVIRA,25,4610,0,0,0,0,0,0,4610,0,0,0,0,0,0,0,0,0
setting,ellipses,linear,100,0.2,plic_fallback_policy,LVIRA,25,4610,0,0,0,0,0,0,4610,0,0,0,0,0,0,0,0,0
setting,ellipses,linear,100,0.2,plic_fallback_policy,Youngs,25,4610,0,0,0,0,0,0,4610,0,0,0,0,0,0,0,0,0
setting,ellipses,linear,100,0.2,rescue,corner_arc_corner_triplet,25,4610,0,0,0,0,0,0,4610,0,0,0,0,0,0,0,0,0
setting,ellipses,linear,100,0.2,rescue,curved_corner_loop,25,4610,0,0,0,0,0,0,4610,0,0,0,0,0,0,0,0,0
setting,ellipses,linear,100,0.2,rescue,curved_corner_transition,25,4610,0,0,0,0,0,0,4610,0,0,0,0,0,0,0,0,0
setting,ellipses,linear,100,0.2,rescue,exact_linear_support,25,4610,0,0,0,0,0,0,4610,0,0,0,0,0,0,0,0,0
setting,ellipses,linear,100,0.3,construction_path,direct_fit,25,4700,4700,4700,0,1,1,0,4700,4700,4700,0,1,1,0,0,0,0
setting,ellipses,linear,100,0.3,construction_path,merged,25,4700,0,0,0,0,0,0,4700,0,0,0,0,0,0,0,0,0
setting,ellipses,linear,100,0.3,construction_path,plic_fallback,25,4700,0,0,0,0,0,0,4700,0,0,0,0,0,0,0,0,0
setting,ellipses,linear,100,0.3,final_facet,circular,25,4700,0,0,0,0,0,0,4700,0,0,0,0,0,0,0,0,0
setting,ellipses,linear,100,0.3,final_facet,curved_corner,25,4700,0,0,0,0,0,0,4700,0,0,0,0,0,0,0,0,0
setting,ellipses,linear,100,0.3,final_facet,linear,25,4700,4700,4700,0,1,1,0,4700,4700,4700,0,1,1,0,0,0,0
setting,ellipses,linear,100,0.3,final_facet,linear_corner,25,4700,0,0,0,0,0,0,4700,0,0,0,0,0,0,0,0,0
setting,ellipses,linear,100,0.3,merge,independent,25,4700,4700,4700,0,1,1,0,4700,4700,4700,0,1,1,0,0,0,0
setting,ellipses,linear,100,0.3,merge,merged,25,4700,0,0,0,0,0,0,4700,0,0,0,0,0,0,0,0,0
setting,ellipses,linear,100,0.3,orientation_status,oriented,25,4700,4700,4700,0,1,1,0,4700,0,0,0,0,0,0,0,0,0
setting,ellipses,linear,100,0.3,orientation_status,unresolved_or_deadend,25,4700,0,0,0,0,0,0,4700,0,0,0,0,0,0,0,0,0
setting,ellipses,linear,100,0.3,plic_fallback_policy,ELVIRA,25,4700,0,0,0,0,0,0,4700,0,0,0,0,0,0,0,0,0
setting,ellipses,linear,100,0.3,plic_fallback_policy,LVIRA,25,4700,0,0,0,0,0,0,4700,0,0,0,0,0,0,0,0,0
setting,ellipses,linear,100,0.3,plic_fallback_policy,Youngs,25,4700,0,0,0,0,0,0,4700,0,0,0,0,0,0,0,0,0
setting,ellipses,linear,100,0.3,rescue,corner_arc_corner_triplet,25,4700,0,0,0,0,0,0,4700,0,0,0,0,0,0,0,0,0
setting,ellipses,linear,100,0.3,rescue,curved_corner_loop,25,4700,0,0,0,0,0,0,4700,0,0,0,0,0,0,0,0,0
setting,ellipses,linear,100,0.3,rescue,curved_corner_transition,25,4700,0,0,0,0,0,0,4700,0,0,0,0,0,0,0,0,0
setting,ellipses,linear,100,0.3,rescue,exact_linear_support,25,4700,0,0,0,0,0,0,4700,0,0,0,0,0,0,0,0,0
setting,ellipses,linear,128,0,construction_path,direct_fit,25,5814,5814,5814,0,1,1,0,5814,5814,5814,0,1,1,0,0,0,0
setting,ellipses,linear,128,0,construction_path,merged,25,5814,0,0,0,0,0,0,5814,0,0,0,0,0,0,0,0,0
setting,ellipses,linear,128,0,construction_path,plic_fallback,25,5814,0,0,0,0,0,0,5814,0,0,0,0,0,0,0,0,0
setting,ellipses,linear,128,0,final_facet,circular,25,5814,0,0,0,0,0,0,5814,0,0,0,0,0,0,0,0,0
setting,ellipses,linear,128,0,final_facet,curved_corner,25,5814,0,0,0,0,0,0,5814,0,0,0,0,0,0,0,0,0
setting,ellipses,linear,128,0,final_facet,linear,25,5814,5814,5814,0,1,1,0,5814,5814,5814,0,1,1,0,0,0,0
setting,ellipses,linear,128,0,final_facet,linear_corner,25,5814,0,0,0,0,0,0,5814,0,0,0,0,0,0,0,0,0
setting,ellipses,linear,128,0,merge,independent,25,5814,5814,5814,0,1,1,0,5814,5814,5814,0,1,1,0,0,0,0
setting,ellipses,linear,128,0,merge,merged,25,5814,0,0,0,0,0,0,5814,0,0,0,0,0,0,0,0,0
setting,ellipses,linear,128,0,orientation_status,oriented,25,5814,5814,5814,0,1,1,0,5814,0,0,0,0,0,0,0,0,0
setting,ellipses,linear,128,0,orientation_status,unresolved_or_deadend,25,5814,0,0,0,0,0,0,5814,0,0,0,0,0,0,0,0,0
setting,ellipses,linear,128,0,plic_fallback_policy,ELVIRA,25,5814,0,0,0,0,0,0,5814,0,0,0,0,0,0,0,0,0
setting,ellipses,linear,128,0,plic_fallback_policy,LVIRA,25,5814,0,0,0,0,0,0,5814,0,0,0,0,0,0,0,0,0
setting,ellipses,linear,128,0,plic_fallback_policy,Youngs,25,5814,0,0,0,0,0,0,5814,0,0,0,0,0,0,0,0,0
setting,ellipses,linear,128,0,rescue,corner_arc_corner_triplet,25,5814,0,0,0,0,0,0,5814,0,0,0,0,0,0,0,0,0
setting,ellipses,linear,128,0,rescue,curved_corner_loop,25,5814,0,0,0,0,0,0,5814,0,0,0,0,0,0,0,0,0
setting,ellipses,linear,128,0,rescue,curved_corner_transition,25,5814,0,0,0,0,0,0,5814,0,0,0,0,0,0,0,0,0
setting,ellipses,linear,128,0,rescue,exact_linear_support,25,5814,0,0,0,0,0,0,5814,0,0,0,0,0,0,0,0,0
setting,ellipses,linear,128,0.05,construction_path,direct_fit,25,5819,5817,5817,0,0.99965629833304692,0.99965629833304692,0,5818,5817,5817,0,0.99982811962873841,0.99982811962873841,0,0,0,0
setting,ellipses,linear,128,0.05,construction_path,merged,25,5819,2,2,0,0.00034370166695308474,0.00034370166695308474,0,5818,1,1,0,0.00017188037126160193,0.00017188037126160193,0,0,0,0
setting,ellipses,linear,128,0.05,construction_path,plic_fallback,25,5819,0,0,0,0,0,0,5818,0,0,0,0,0,0,0,0,0
setting,ellipses,linear,128,0.05,final_facet,circular,25,5819,0,0,0,0,0,0,5818,0,0,0,0,0,0,0,0,0
setting,ellipses,linear,128,0.05,final_facet,curved_corner,25,5819,0,0,0,0,0,0,5818,0,0,0,0,0,0,0,0,0
setting,ellipses,linear,128,0.05,final_facet,linear,25,5819,5819,5819,0,1,1,0,5818,5818,5818,0,1,1,0,0,0,0
setting,ellipses,linear,128,0.05,final_facet,linear_corner,25,5819,0,0,0,0,0,0,5818,0,0,0,0,0,0,0,0,0
setting,ellipses,linear,128,0.05,merge,independent,25,5819,5817,5817,0,0.99965629833304692,0.99965629833304692,0,5818,5817,5817,0,0.99982811962873841,0.99982811962873841,0,0,0,0
setting,ellipses,linear,128,0.05,merge,merged,25,5819,2,2,0,0.00034370166695308474,0.00034370166695308474,0,5818,1,1,0,0.00017188037126160193,0.00017188037126160193,0,0,0,0
setting,ellipses,linear,128,0.05,orientation_status,oriented,25,5819,5819,5819,0,1,1,0,5818,0,0,0,0,0,0,0,0,0
setting,ellipses,linear,128,0.05,orientation_status,unresolved_or_deadend,25,5819,0,0,0,0,0,0,5818,0,0,0,0,0,0,0,0,0
setting,ellipses,linear,128,0.05,plic_fallback_policy,ELVIRA,25,5819,0,0,0,0,0,0,5818,0,0,0,0,0,0,0,0,0
setting,ellipses,linear,128,0.05,plic_fallback_policy,LVIRA,25,5819,0,0,0,0,0,0,5818,0,0,0,0,0,0,0,0,0
setting,ellipses,linear,128,0.05,plic_fallback_policy,Youngs,25,5819,0,0,0,0,0,0,5818,0,0,0,0,0,0,0,0,0
setting,ellipses,linear,128,0.05,rescue,corner_arc_corner_triplet,25,5819,0,0,0,0,0,0,5818,0,0,0,0,0,0,0,0,0
setting,ellipses,linear,128,0.05,rescue,curved_corner_loop,25,5819,0,0,0,0,0,0,5818,0,0,0,0,0,0,0,0,0
setting,ellipses,linear,128,0.05,rescue,curved_corner_transition,25,5819,0,0,0,0,0,0,5818,0,0,0,0,0,0,0,0,0
setting,ellipses,linear,128,0.05,rescue,exact_linear_support,25,5819,0,0,0,0,0,0,5818,0,0,0,0,0,0,0,0,0
setting,ellipses,linear,128,0.1,construction_path,direct_fit,25,5828,5828,5828,0,1,1,0,5828,5828,5828,0,1,1,0,0,0,0
setting,ellipses,linear,128,0.1,construction_path,merged,25,5828,0,0,0,0,0,0,5828,0,0,0,0,0,0,0,0,0
setting,ellipses,linear,128,0.1,construction_path,plic_fallback,25,5828,0,0,0,0,0,0,5828,0,0,0,0,0,0,0,0,0
setting,ellipses,linear,128,0.1,final_facet,circular,25,5828,0,0,0,0,0,0,5828,0,0,0,0,0,0,0,0,0
setting,ellipses,linear,128,0.1,final_facet,curved_corner,25,5828,0,0,0,0,0,0,5828,0,0,0,0,0,0,0,0,0
setting,ellipses,linear,128,0.1,final_facet,linear,25,5828,5828,5828,0,1,1,0,5828,5828,5828,0,1,1,0,0,0,0
setting,ellipses,linear,128,0.1,final_facet,linear_corner,25,5828,0,0,0,0,0,0,5828,0,0,0,0,0,0,0,0,0
setting,ellipses,linear,128,0.1,merge,independent,25,5828,5828,5828,0,1,1,0,5828,5828,5828,0,1,1,0,0,0,0
setting,ellipses,linear,128,0.1,merge,merged,25,5828,0,0,0,0,0,0,5828,0,0,0,0,0,0,0,0,0
setting,ellipses,linear,128,0.1,orientation_status,oriented,25,5828,5828,5828,0,1,1,0,5828,0,0,0,0,0,0,0,0,0
setting,ellipses,linear,128,0.1,orientation_status,unresolved_or_deadend,25,5828,0,0,0,0,0,0,5828,0,0,0,0,0,0,0,0,0
setting,ellipses,linear,128,0.1,plic_fallback_policy,ELVIRA,25,5828,0,0,0,0,0,0,5828,0,0,0,0,0,0,0,0,0
setting,ellipses,linear,128,0.1,plic_fallback_policy,LVIRA,25,5828,0,0,0,0,0,0,5828,0,0,0,0,0,0,0,0,0
setting,ellipses,linear,128,0.1,plic_fallback_policy,Youngs,25,5828,0,0,0,0,0,0,5828,0,0,0,0,0,0,0,0,0
setting,ellipses,linear,128,0.1,rescue,corner_arc_corner_triplet,25,5828,0,0,0,0,0,0,5828,0,0,0,0,0,0,0,0,0
setting,ellipses,linear,128,0.1,rescue,curved_corner_loop,25,5828,0,0,0,0,0,0,5828,0,0,0,0,0,0,0,0,0
setting,ellipses,linear,128,0.1,rescue,curved_corner_transition,25,5828,0,0,0,0,0,0,5828,0,0,0,0,0,0,0,0,0
setting,ellipses,linear,128,0.1,rescue,exact_linear_support,25,5828,0,0,0,0,0,0,5828,0,0,0,0,0,0,0,0,0
setting,ellipses,linear,128,0.2,construction_path,direct_fit,25,5860,5858,5858,0,0.99965870307167237,0.99965870307167237,0,5860,5858,5858,0,0.99965870307167237,0.99965870307167237,0,0,0,0
setting,ellipses,linear,128,0.2,construction_path,merged,25,5860,0,0,0,0,0,0,5860,0,0,0,0,0,0,0,0,0
setting,ellipses,linear,128,0.2,construction_path,plic_fallback,25,5860,2,2,0,0.00034129692832764505,0.00034129692832764505,0,5860,2,2,0,0.00034129692832764505,0.00034129692832764505,0,0,0,0
setting,ellipses,linear,128,0.2,final_facet,circular,25,5860,0,0,0,0,0,0,5860,0,0,0,0,0,0,0,0,0
setting,ellipses,linear,128,0.2,final_facet,curved_corner,25,5860,0,0,0,0,0,0,5860,0,0,0,0,0,0,0,0,0
setting,ellipses,linear,128,0.2,final_facet,linear,25,5860,5860,5860,0,1,1,0,5860,5860,5860,0,1,1,0,0,0,0
setting,ellipses,linear,128,0.2,final_facet,linear_corner,25,5860,0,0,0,0,0,0,5860,0,0,0,0,0,0,0,0,0
setting,ellipses,linear,128,0.2,merge,independent,25,5860,5860,5860,0,1,1,0,5860,5860,5860,0,1,1,0,0,0,0
setting,ellipses,linear,128,0.2,merge,merged,25,5860,0,0,0,0,0,0,5860,0,0,0,0,0,0,0,0,0
setting,ellipses,linear,128,0.2,orientation_status,oriented,25,5860,5858,5858,0,0.99965870307167237,0.99965870307167237,0,5860,0,0,0,0,0,0,0,0,0
setting,ellipses,linear,128,0.2,orientation_status,unresolved_or_deadend,25,5860,2,2,0,0.00034129692832764505,0.00034129692832764505,0,5860,0,0,0,0,0,0,0,0,0
setting,ellipses,linear,128,0.2,plic_fallback_policy,ELVIRA,25,5860,0,0,0,0,0,0,5860,0,0,0,0,0,0,0,0,0
setting,ellipses,linear,128,0.2,plic_fallback_policy,LVIRA,25,5860,2,2,0,0.00034129692832764505,0.00034129692832764505,0,5860,2,2,0,0.00034129692832764505,0.00034129692832764505,0,2,2,0
setting,ellipses,linear,128,0.2,plic_fallback_policy,Youngs,25,5860,0,0,0,0,0,0,5860,0,0,0,0,0,0,0,0,0
setting,ellipses,linear,128,0.2,rescue,corner_arc_corner_triplet,25,5860,0,0,0,0,0,0,5860,0,0,0,0,0,0,0,0,0
setting,ellipses,linear,128,0.2,rescue,curved_corner_loop,25,5860,0,0,0,0,0,0,5860,0,0,0,0,0,0,0,0,0
setting,ellipses,linear,128,0.2,rescue,curved_corner_transition,25,5860,0,0,0,0,0,0,5860,0,0,0,0,0,0,0,0,0
setting,ellipses,linear,128,0.2,rescue,exact_linear_support,25,5860,0,0,0,0,0,0,5860,0,0,0,0,0,0,0,0,0
setting,ellipses,linear,128,0.3,construction_path,direct_fit,25,5950,5950,5950,0,1,1,0,5950,5950,5950,0,1,1,0,0,0,0
setting,ellipses,linear,128,0.3,construction_path,merged,25,5950,0,0,0,0,0,0,5950,0,0,0,0,0,0,0,0,0
setting,ellipses,linear,128,0.3,construction_path,plic_fallback,25,5950,0,0,0,0,0,0,5950,0,0,0,0,0,0,0,0,0
setting,ellipses,linear,128,0.3,final_facet,circular,25,5950,0,0,0,0,0,0,5950,0,0,0,0,0,0,0,0,0
setting,ellipses,linear,128,0.3,final_facet,curved_corner,25,5950,0,0,0,0,0,0,5950,0,0,0,0,0,0,0,0,0
setting,ellipses,linear,128,0.3,final_facet,linear,25,5950,5950,5950,0,1,1,0,5950,5950,5950,0,1,1,0,0,0,0
setting,ellipses,linear,128,0.3,final_facet,linear_corner,25,5950,0,0,0,0,0,0,5950,0,0,0,0,0,0,0,0,0
setting,ellipses,linear,128,0.3,merge,independent,25,5950,5950,5950,0,1,1,0,5950,5950,5950,0,1,1,0,0,0,0
setting,ellipses,linear,128,0.3,merge,merged,25,5950,0,0,0,0,0,0,5950,0,0,0,0,0,0,0,0,0
setting,ellipses,linear,128,0.3,orientation_status,oriented,25,5950,5950,5950,0,1,1,0,5950,0,0,0,0,0,0,0,0,0
setting,ellipses,linear,128,0.3,orientation_status,unresolved_or_deadend,25,5950,0,0,0,0,0,0,5950,0,0,0,0,0,0,0,0,0
setting,ellipses,linear,128,0.3,plic_fallback_policy,ELVIRA,25,5950,0,0,0,0,0,0,5950,0,0,0,0,0,0,0,0,0
setting,ellipses,linear,128,0.3,plic_fallback_policy,LVIRA,25,5950,0,0,0,0,0,0,5950,0,0,0,0,0,0,0,0,0
setting,ellipses,linear,128,0.3,plic_fallback_policy,Youngs,25,5950,0,0,0,0,0,0,5950,0,0,0,0,0,0,0,0,0
setting,ellipses,linear,128,0.3,rescue,corner_arc_corner_triplet,25,5950,0,0,0,0,0,0,5950,0,0,0,0,0,0,0,0,0
setting,ellipses,linear,128,0.3,rescue,curved_corner_loop,25,5950,0,0,0,0,0,0,5950,0,0,0,0,0,0,0,0,0
setting,ellipses,linear,128,0.3,rescue,curved_corner_transition,25,5950,0,0,0,0,0,0,5950,0,0,0,0,0,0,0,0,0
setting,ellipses,linear,128,0.3,rescue,exact_linear_support,25,5950,0,0,0,0,0,0,5950,0,0,0,0,0,0,0,0,0
setting,ellipses,linear,150,0,construction_path,direct_fit,25,6826,6826,6826,0,1,1,0,6826,6826,6826,0,1,1,0,0,0,0
setting,ellipses,linear,150,0,construction_path,merged,25,6826,0,0,0,0,0,0,6826,0,0,0,0,0,0,0,0,0
setting,ellipses,linear,150,0,construction_path,plic_fallback,25,6826,0,0,0,0,0,0,6826,0,0,0,0,0,0,0,0,0
setting,ellipses,linear,150,0,final_facet,circular,25,6826,0,0,0,0,0,0,6826,0,0,0,0,0,0,0,0,0
setting,ellipses,linear,150,0,final_facet,curved_corner,25,6826,0,0,0,0,0,0,6826,0,0,0,0,0,0,0,0,0
setting,ellipses,linear,150,0,final_facet,linear,25,6826,6826,6826,0,1,1,0,6826,6826,6826,0,1,1,0,0,0,0
setting,ellipses,linear,150,0,final_facet,linear_corner,25,6826,0,0,0,0,0,0,6826,0,0,0,0,0,0,0,0,0
setting,ellipses,linear,150,0,merge,independent,25,6826,6826,6826,0,1,1,0,6826,6826,6826,0,1,1,0,0,0,0
setting,ellipses,linear,150,0,merge,merged,25,6826,0,0,0,0,0,0,6826,0,0,0,0,0,0,0,0,0
setting,ellipses,linear,150,0,orientation_status,oriented,25,6826,6826,6826,0,1,1,0,6826,0,0,0,0,0,0,0,0,0
setting,ellipses,linear,150,0,orientation_status,unresolved_or_deadend,25,6826,0,0,0,0,0,0,6826,0,0,0,0,0,0,0,0,0
setting,ellipses,linear,150,0,plic_fallback_policy,ELVIRA,25,6826,0,0,0,0,0,0,6826,0,0,0,0,0,0,0,0,0
setting,ellipses,linear,150,0,plic_fallback_policy,LVIRA,25,6826,0,0,0,0,0,0,6826,0,0,0,0,0,0,0,0,0
setting,ellipses,linear,150,0,plic_fallback_policy,Youngs,25,6826,0,0,0,0,0,0,6826,0,0,0,0,0,0,0,0,0
setting,ellipses,linear,150,0,rescue,corner_arc_corner_triplet,25,6826,0,0,0,0,0,0,6826,0,0,0,0,0,0,0,0,0
setting,ellipses,linear,150,0,rescue,curved_corner_loop,25,6826,0,0,0,0,0,0,6826,0,0,0,0,0,0,0,0,0
setting,ellipses,linear,150,0,rescue,curved_corner_transition,25,6826,0,0,0,0,0,0,6826,0,0,0,0,0,0,0,0,0
setting,ellipses,linear,150,0,rescue,exact_linear_support,25,6826,0,0,0,0,0,0,6826,0,0,0,0,0,0,0,0,0
setting,ellipses,linear,150,0.05,construction_path,direct_fit,25,6828,6828,6828,0,1,1,0,6828,6828,6828,0,1,1,0,0,0,0
setting,ellipses,linear,150,0.05,construction_path,merged,25,6828,0,0,0,0,0,0,6828,0,0,0,0,0,0,0,0,0
setting,ellipses,linear,150,0.05,construction_path,plic_fallback,25,6828,0,0,0,0,0,0,6828,0,0,0,0,0,0,0,0,0
setting,ellipses,linear,150,0.05,final_facet,circular,25,6828,0,0,0,0,0,0,6828,0,0,0,0,0,0,0,0,0
setting,ellipses,linear,150,0.05,final_facet,curved_corner,25,6828,0,0,0,0,0,0,6828,0,0,0,0,0,0,0,0,0
setting,ellipses,linear,150,0.05,final_facet,linear,25,6828,6828,6828,0,1,1,0,6828,6828,6828,0,1,1,0,0,0,0
setting,ellipses,linear,150,0.05,final_facet,linear_corner,25,6828,0,0,0,0,0,0,6828,0,0,0,0,0,0,0,0,0
setting,ellipses,linear,150,0.05,merge,independent,25,6828,6828,6828,0,1,1,0,6828,6828,6828,0,1,1,0,0,0,0
setting,ellipses,linear,150,0.05,merge,merged,25,6828,0,0,0,0,0,0,6828,0,0,0,0,0,0,0,0,0
setting,ellipses,linear,150,0.05,orientation_status,oriented,25,6828,6828,6828,0,1,1,0,6828,0,0,0,0,0,0,0,0,0
setting,ellipses,linear,150,0.05,orientation_status,unresolved_or_deadend,25,6828,0,0,0,0,0,0,6828,0,0,0,0,0,0,0,0,0
setting,ellipses,linear,150,0.05,plic_fallback_policy,ELVIRA,25,6828,0,0,0,0,0,0,6828,0,0,0,0,0,0,0,0,0
setting,ellipses,linear,150,0.05,plic_fallback_policy,LVIRA,25,6828,0,0,0,0,0,0,6828,0,0,0,0,0,0,0,0,0
setting,ellipses,linear,150,0.05,plic_fallback_policy,Youngs,25,6828,0,0,0,0,0,0,6828,0,0,0,0,0,0,0,0,0
setting,ellipses,linear,150,0.05,rescue,corner_arc_corner_triplet,25,6828,0,0,0,0,0,0,6828,0,0,0,0,0,0,0,0,0
setting,ellipses,linear,150,0.05,rescue,curved_corner_loop,25,6828,0,0,0,0,0,0,6828,0,0,0,0,0,0,0,0,0
setting,ellipses,linear,150,0.05,rescue,curved_corner_transition,25,6828,0,0,0,0,0,0,6828,0,0,0,0,0,0,0,0,0
setting,ellipses,linear,150,0.05,rescue,exact_linear_support,25,6828,0,0,0,0,0,0,6828,0,0,0,0,0,0,0,0,0
setting,ellipses,linear,150,0.1,construction_path,direct_fit,25,6850,6846,6846,0,0.99941605839416059,0.99941605839416059,0,6848,6846,6846,0,0.99970794392523366,0.99970794392523366,0,0,0,0
setting,ellipses,linear,150,0.1,construction_path,merged,25,6850,4,4,0,0.00058394160583941611,0.00058394160583941611,0,6848,2,2,0,0.00029205607476635512,0.00029205607476635512,0,0,0,0
setting,ellipses,linear,150,0.1,construction_path,plic_fallback,25,6850,0,0,0,0,0,0,6848,0,0,0,0,0,0,0,0,0
setting,ellipses,linear,150,0.1,final_facet,circular,25,6850,0,0,0,0,0,0,6848,0,0,0,0,0,0,0,0,0
setting,ellipses,linear,150,0.1,final_facet,curved_corner,25,6850,0,0,0,0,0,0,6848,0,0,0,0,0,0,0,0,0
setting,ellipses,linear,150,0.1,final_facet,linear,25,6850,6850,6850,0,1,1,0,6848,6848,6848,0,1,1,0,0,0,0
setting,ellipses,linear,150,0.1,final_facet,linear_corner,25,6850,0,0,0,0,0,0,6848,0,0,0,0,0,0,0,0,0
setting,ellipses,linear,150,0.1,merge,independent,25,6850,6846,6846,0,0.99941605839416059,0.99941605839416059,0,6848,6846,6846,0,0.99970794392523366,0.99970794392523366,0,0,0,0
setting,ellipses,linear,150,0.1,merge,merged,25,6850,4,4,0,0.00058394160583941611,0.00058394160583941611,0,6848,2,2,0,0.00029205607476635512,0.00029205607476635512,0,0,0,0
setting,ellipses,linear,150,0.1,orientation_status,oriented,25,6850,6850,6850,0,1,1,0,6848,0,0,0,0,0,0,0,0,0
setting,ellipses,linear,150,0.1,orientation_status,unresolved_or_deadend,25,6850,0,0,0,0,0,0,6848,0,0,0,0,0,0,0,0,0
setting,ellipses,linear,150,0.1,plic_fallback_policy,ELVIRA,25,6850,0,0,0,0,0,0,6848,0,0,0,0,0,0,0,0,0
setting,ellipses,linear,150,0.1,plic_fallback_policy,LVIRA,25,6850,0,0,0,0,0,0,6848,0,0,0,0,0,0,0,0,0
setting,ellipses,linear,150,0.1,plic_fallback_policy,Youngs,25,6850,0,0,0,0,0,0,6848,0,0,0,0,0,0,0,0,0
setting,ellipses,linear,150,0.1,rescue,corner_arc_corner_triplet,25,6850,0,0,0,0,0,0,6848,0,0,0,0,0,0,0,0,0
setting,ellipses,linear,150,0.1,rescue,curved_corner_loop,25,6850,0,0,0,0,0,0,6848,0,0,0,0,0,0,0,0,0
setting,ellipses,linear,150,0.1,rescue,curved_corner_transition,25,6850,0,0,0,0,0,0,6848,0,0,0,0,0,0,0,0,0
setting,ellipses,linear,150,0.1,rescue,exact_linear_support,25,6850,0,0,0,0,0,0,6848,0,0,0,0,0,0,0,0,0
setting,ellipses,linear,150,0.2,construction_path,direct_fit,25,6904,6904,6904,0,1,1,0,6904,6904,6904,0,1,1,0,0,0,0
setting,ellipses,linear,150,0.2,construction_path,merged,25,6904,0,0,0,0,0,0,6904,0,0,0,0,0,0,0,0,0
setting,ellipses,linear,150,0.2,construction_path,plic_fallback,25,6904,0,0,0,0,0,0,6904,0,0,0,0,0,0,0,0,0
setting,ellipses,linear,150,0.2,final_facet,circular,25,6904,0,0,0,0,0,0,6904,0,0,0,0,0,0,0,0,0
setting,ellipses,linear,150,0.2,final_facet,curved_corner,25,6904,0,0,0,0,0,0,6904,0,0,0,0,0,0,0,0,0
setting,ellipses,linear,150,0.2,final_facet,linear,25,6904,6904,6904,0,1,1,0,6904,6904,6904,0,1,1,0,0,0,0
setting,ellipses,linear,150,0.2,final_facet,linear_corner,25,6904,0,0,0,0,0,0,6904,0,0,0,0,0,0,0,0,0
setting,ellipses,linear,150,0.2,merge,independent,25,6904,6904,6904,0,1,1,0,6904,6904,6904,0,1,1,0,0,0,0
setting,ellipses,linear,150,0.2,merge,merged,25,6904,0,0,0,0,0,0,6904,0,0,0,0,0,0,0,0,0
setting,ellipses,linear,150,0.2,orientation_status,oriented,25,6904,6904,6904,0,1,1,0,6904,0,0,0,0,0,0,0,0,0
setting,ellipses,linear,150,0.2,orientation_status,unresolved_or_deadend,25,6904,0,0,0,0,0,0,6904,0,0,0,0,0,0,0,0,0
setting,ellipses,linear,150,0.2,plic_fallback_policy,ELVIRA,25,6904,0,0,0,0,0,0,6904,0,0,0,0,0,0,0,0,0
setting,ellipses,linear,150,0.2,plic_fallback_policy,LVIRA,25,6904,0,0,0,0,0,0,6904,0,0,0,0,0,0,0,0,0
setting,ellipses,linear,150,0.2,plic_fallback_policy,Youngs,25,6904,0,0,0,0,0,0,6904,0,0,0,0,0,0,0,0,0
setting,ellipses,linear,150,0.2,rescue,corner_arc_corner_triplet,25,6904,0,0,0,0,0,0,6904,0,0,0,0,0,0,0,0,0
setting,ellipses,linear,150,0.2,rescue,curved_corner_loop,25,6904,0,0,0,0,0,0,6904,0,0,0,0,0,0,0,0,0
setting,ellipses,linear,150,0.2,rescue,curved_corner_transition,25,6904,0,0,0,0,0,0,6904,0,0,0,0,0,0,0,0,0
setting,ellipses,linear,150,0.2,rescue,exact_linear_support,25,6904,0,0,0,0,0,0,6904,0,0,0,0,0,0,0,0,0
setting,ellipses,linear,150,0.3,construction_path,direct_fit,25,7026,7026,7026,0,1,1,0,7026,7026,7026,0,1,1,0,0,0,0
setting,ellipses,linear,150,0.3,construction_path,merged,25,7026,0,0,0,0,0,0,7026,0,0,0,0,0,0,0,0,0
setting,ellipses,linear,150,0.3,construction_path,plic_fallback,25,7026,0,0,0,0,0,0,7026,0,0,0,0,0,0,0,0,0
setting,ellipses,linear,150,0.3,final_facet,circular,25,7026,0,0,0,0,0,0,7026,0,0,0,0,0,0,0,0,0
setting,ellipses,linear,150,0.3,final_facet,curved_corner,25,7026,0,0,0,0,0,0,7026,0,0,0,0,0,0,0,0,0
setting,ellipses,linear,150,0.3,final_facet,linear,25,7026,7026,7026,0,1,1,0,7026,7026,7026,0,1,1,0,0,0,0
setting,ellipses,linear,150,0.3,final_facet,linear_corner,25,7026,0,0,0,0,0,0,7026,0,0,0,0,0,0,0,0,0
setting,ellipses,linear,150,0.3,merge,independent,25,7026,7026,7026,0,1,1,0,7026,7026,7026,0,1,1,0,0,0,0
setting,ellipses,linear,150,0.3,merge,merged,25,7026,0,0,0,0,0,0,7026,0,0,0,0,0,0,0,0,0
setting,ellipses,linear,150,0.3,orientation_status,oriented,25,7026,7026,7026,0,1,1,0,7026,0,0,0,0,0,0,0,0,0
setting,ellipses,linear,150,0.3,orientation_status,unresolved_or_deadend,25,7026,0,0,0,0,0,0,7026,0,0,0,0,0,0,0,0,0
setting,ellipses,linear,150,0.3,plic_fallback_policy,ELVIRA,25,7026,0,0,0,0,0,0,7026,0,0,0,0,0,0,0,0,0
setting,ellipses,linear,150,0.3,plic_fallback_policy,LVIRA,25,7026,0,0,0,0,0,0,7026,0,0,0,0,0,0,0,0,0
setting,ellipses,linear,150,0.3,plic_fallback_policy,Youngs,25,7026,0,0,0,0,0,0,7026,0,0,0,0,0,0,0,0,0
setting,ellipses,linear,150,0.3,rescue,corner_arc_corner_triplet,25,7026,0,0,0,0,0,0,7026,0,0,0,0,0,0,0,0,0
setting,ellipses,linear,150,0.3,rescue,curved_corner_loop,25,7026,0,0,0,0,0,0,7026,0,0,0,0,0,0,0,0,0
setting,ellipses,linear,150,0.3,rescue,curved_corner_transition,25,7026,0,0,0,0,0,0,7026,0,0,0,0,0,0,0,0,0
setting,ellipses,linear,150,0.3,rescue,exact_linear_support,25,7026,0,0,0,0,0,0,7026,0,0,0,0,0,0,0,0,0
setting,ellipses,linear,32,0,construction_path,direct_fit,25,1452,1452,1452,0,1,1,0,1452,1452,1452,0,1,1,0,0,0,0
setting,ellipses,linear,32,0,construction_path,merged,25,1452,0,0,0,0,0,0,1452,0,0,0,0,0,0,0,0,0
setting,ellipses,linear,32,0,construction_path,plic_fallback,25,1452,0,0,0,0,0,0,1452,0,0,0,0,0,0,0,0,0
setting,ellipses,linear,32,0,final_facet,circular,25,1452,0,0,0,0,0,0,1452,0,0,0,0,0,0,0,0,0
setting,ellipses,linear,32,0,final_facet,curved_corner,25,1452,0,0,0,0,0,0,1452,0,0,0,0,0,0,0,0,0
setting,ellipses,linear,32,0,final_facet,linear,25,1452,1452,1452,0,1,1,0,1452,1452,1452,0,1,1,0,0,0,0
setting,ellipses,linear,32,0,final_facet,linear_corner,25,1452,0,0,0,0,0,0,1452,0,0,0,0,0,0,0,0,0
setting,ellipses,linear,32,0,merge,independent,25,1452,1452,1452,0,1,1,0,1452,1452,1452,0,1,1,0,0,0,0
setting,ellipses,linear,32,0,merge,merged,25,1452,0,0,0,0,0,0,1452,0,0,0,0,0,0,0,0,0
setting,ellipses,linear,32,0,orientation_status,oriented,25,1452,1452,1452,0,1,1,0,1452,0,0,0,0,0,0,0,0,0
setting,ellipses,linear,32,0,orientation_status,unresolved_or_deadend,25,1452,0,0,0,0,0,0,1452,0,0,0,0,0,0,0,0,0
setting,ellipses,linear,32,0,plic_fallback_policy,ELVIRA,25,1452,0,0,0,0,0,0,1452,0,0,0,0,0,0,0,0,0
setting,ellipses,linear,32,0,plic_fallback_policy,LVIRA,25,1452,0,0,0,0,0,0,1452,0,0,0,0,0,0,0,0,0
setting,ellipses,linear,32,0,plic_fallback_policy,Youngs,25,1452,0,0,0,0,0,0,1452,0,0,0,0,0,0,0,0,0
setting,ellipses,linear,32,0,rescue,corner_arc_corner_triplet,25,1452,0,0,0,0,0,0,1452,0,0,0,0,0,0,0,0,0
setting,ellipses,linear,32,0,rescue,curved_corner_loop,25,1452,0,0,0,0,0,0,1452,0,0,0,0,0,0,0,0,0
setting,ellipses,linear,32,0,rescue,curved_corner_transition,25,1452,0,0,0,0,0,0,1452,0,0,0,0,0,0,0,0,0
setting,ellipses,linear,32,0,rescue,exact_linear_support,25,1452,0,0,0,0,0,0,1452,0,0,0,0,0,0,0,0,0
setting,ellipses,linear,32,0.05,construction_path,direct_fit,25,1452,1452,1452,0,1,1,0,1452,1452,1452,0,1,1,0,0,0,0
setting,ellipses,linear,32,0.05,construction_path,merged,25,1452,0,0,0,0,0,0,1452,0,0,0,0,0,0,0,0,0
setting,ellipses,linear,32,0.05,construction_path,plic_fallback,25,1452,0,0,0,0,0,0,1452,0,0,0,0,0,0,0,0,0
setting,ellipses,linear,32,0.05,final_facet,circular,25,1452,0,0,0,0,0,0,1452,0,0,0,0,0,0,0,0,0
setting,ellipses,linear,32,0.05,final_facet,curved_corner,25,1452,0,0,0,0,0,0,1452,0,0,0,0,0,0,0,0,0
setting,ellipses,linear,32,0.05,final_facet,linear,25,1452,1452,1452,0,1,1,0,1452,1452,1452,0,1,1,0,0,0,0
setting,ellipses,linear,32,0.05,final_facet,linear_corner,25,1452,0,0,0,0,0,0,1452,0,0,0,0,0,0,0,0,0
setting,ellipses,linear,32,0.05,merge,independent,25,1452,1452,1452,0,1,1,0,1452,1452,1452,0,1,1,0,0,0,0
setting,ellipses,linear,32,0.05,merge,merged,25,1452,0,0,0,0,0,0,1452,0,0,0,0,0,0,0,0,0
setting,ellipses,linear,32,0.05,orientation_status,oriented,25,1452,1452,1452,0,1,1,0,1452,0,0,0,0,0,0,0,0,0
setting,ellipses,linear,32,0.05,orientation_status,unresolved_or_deadend,25,1452,0,0,0,0,0,0,1452,0,0,0,0,0,0,0,0,0
setting,ellipses,linear,32,0.05,plic_fallback_policy,ELVIRA,25,1452,0,0,0,0,0,0,1452,0,0,0,0,0,0,0,0,0
setting,ellipses,linear,32,0.05,plic_fallback_policy,LVIRA,25,1452,0,0,0,0,0,0,1452,0,0,0,0,0,0,0,0,0
setting,ellipses,linear,32,0.05,plic_fallback_policy,Youngs,25,1452,0,0,0,0,0,0,1452,0,0,0,0,0,0,0,0,0
setting,ellipses,linear,32,0.05,rescue,corner_arc_corner_triplet,25,1452,0,0,0,0,0,0,1452,0,0,0,0,0,0,0,0,0
setting,ellipses,linear,32,0.05,rescue,curved_corner_loop,25,1452,0,0,0,0,0,0,1452,0,0,0,0,0,0,0,0,0
setting,ellipses,linear,32,0.05,rescue,curved_corner_transition,25,1452,0,0,0,0,0,0,1452,0,0,0,0,0,0,0,0,0
setting,ellipses,linear,32,0.05,rescue,exact_linear_support,25,1452,0,0,0,0,0,0,1452,0,0,0,0,0,0,0,0,0
setting,ellipses,linear,32,0.1,construction_path,direct_fit,25,1459,1457,1457,0,0.99862919808087736,0.99862919808087736,0,1458,1457,1457,0,0.9993141289437586,0.9993141289437586,0,0,0,0
setting,ellipses,linear,32,0.1,construction_path,merged,25,1459,2,2,0,0.0013708019191226869,0.0013708019191226869,0,1458,1,1,0,0.00068587105624142656,0.00068587105624142656,0,0,0,0
setting,ellipses,linear,32,0.1,construction_path,plic_fallback,25,1459,0,0,0,0,0,0,1458,0,0,0,0,0,0,0,0,0
setting,ellipses,linear,32,0.1,final_facet,circular,25,1459,0,0,0,0,0,0,1458,0,0,0,0,0,0,0,0,0
setting,ellipses,linear,32,0.1,final_facet,curved_corner,25,1459,0,0,0,0,0,0,1458,0,0,0,0,0,0,0,0,0
setting,ellipses,linear,32,0.1,final_facet,linear,25,1459,1459,1459,0,1,1,0,1458,1458,1458,0,1,1,0,0,0,0
setting,ellipses,linear,32,0.1,final_facet,linear_corner,25,1459,0,0,0,0,0,0,1458,0,0,0,0,0,0,0,0,0
setting,ellipses,linear,32,0.1,merge,independent,25,1459,1457,1457,0,0.99862919808087736,0.99862919808087736,0,1458,1457,1457,0,0.9993141289437586,0.9993141289437586,0,0,0,0
setting,ellipses,linear,32,0.1,merge,merged,25,1459,2,2,0,0.0013708019191226869,0.0013708019191226869,0,1458,1,1,0,0.00068587105624142656,0.00068587105624142656,0,0,0,0
setting,ellipses,linear,32,0.1,orientation_status,oriented,25,1459,1459,1459,0,1,1,0,1458,0,0,0,0,0,0,0,0,0
setting,ellipses,linear,32,0.1,orientation_status,unresolved_or_deadend,25,1459,0,0,0,0,0,0,1458,0,0,0,0,0,0,0,0,0
setting,ellipses,linear,32,0.1,plic_fallback_policy,ELVIRA,25,1459,0,0,0,0,0,0,1458,0,0,0,0,0,0,0,0,0
setting,ellipses,linear,32,0.1,plic_fallback_policy,LVIRA,25,1459,0,0,0,0,0,0,1458,0,0,0,0,0,0,0,0,0
setting,ellipses,linear,32,0.1,plic_fallback_policy,Youngs,25,1459,0,0,0,0,0,0,1458,0,0,0,0,0,0,0,0,0
setting,ellipses,linear,32,0.1,rescue,corner_arc_corner_triplet,25,1459,0,0,0,0,0,0,1458,0,0,0,0,0,0,0,0,0
setting,ellipses,linear,32,0.1,rescue,curved_corner_loop,25,1459,0,0,0,0,0,0,1458,0,0,0,0,0,0,0,0,0
setting,ellipses,linear,32,0.1,rescue,curved_corner_transition,25,1459,0,0,0,0,0,0,1458,0,0,0,0,0,0,0,0,0
setting,ellipses,linear,32,0.1,rescue,exact_linear_support,25,1459,0,0,0,0,0,0,1458,0,0,0,0,0,0,0,0,0
setting,ellipses,linear,32,0.2,construction_path,direct_fit,25,1483,1479,1479,0,0.99730276466621715,0.99730276466621715,0,1482,1479,1479,0,0.99797570850202433,0.99797570850202433,0,0,0,0
setting,ellipses,linear,32,0.2,construction_path,merged,25,1483,2,2,0,0.0013486176668914363,0.0013486176668914363,0,1482,1,1,0,0.00067476383265856947,0.00067476383265856947,0,0,0,0
setting,ellipses,linear,32,0.2,construction_path,plic_fallback,25,1483,2,2,0,0.0013486176668914363,0.0013486176668914363,0,1482,2,2,0,0.0013495276653171389,0.0013495276653171389,0,0,0,0
setting,ellipses,linear,32,0.2,final_facet,circular,25,1483,0,0,0,0,0,0,1482,0,0,0,0,0,0,0,0,0
setting,ellipses,linear,32,0.2,final_facet,curved_corner,25,1483,0,0,0,0,0,0,1482,0,0,0,0,0,0,0,0,0
setting,ellipses,linear,32,0.2,final_facet,linear,25,1483,1483,1483,0,1,1,0,1482,1482,1482,0,1,1,0,0,0,0
setting,ellipses,linear,32,0.2,final_facet,linear_corner,25,1483,0,0,0,0,0,0,1482,0,0,0,0,0,0,0,0,0
setting,ellipses,linear,32,0.2,merge,independent,25,1483,1481,1481,0,0.99865138233310857,0.99865138233310857,0,1482,1481,1481,0,0.99932523616734148,0.99932523616734148,0,0,0,0
setting,ellipses,linear,32,0.2,merge,merged,25,1483,2,2,0,0.0013486176668914363,0.0013486176668914363,0,1482,1,1,0,0.00067476383265856947,0.00067476383265856947,0,0,0,0
setting,ellipses,linear,32,0.2,orientation_status,oriented,25,1483,1481,1481,0,0.99865138233310857,0.99865138233310857,0,1482,0,0,0,0,0,0,0,0,0
setting,ellipses,linear,32,0.2,orientation_status,unresolved_or_deadend,25,1483,2,2,0,0.0013486176668914363,0.0013486176668914363,0,1482,0,0,0,0,0,0,0,0,0
setting,ellipses,linear,32,0.2,plic_fallback_policy,ELVIRA,25,1483,0,0,0,0,0,0,1482,0,0,0,0,0,0,0,0,0
setting,ellipses,linear,32,0.2,plic_fallback_policy,LVIRA,25,1483,2,2,0,0.0013486176668914363,0.0013486176668914363,0,1482,2,2,0,0.0013495276653171389,0.0013495276653171389,0,2,2,0
setting,ellipses,linear,32,0.2,plic_fallback_policy,Youngs,25,1483,0,0,0,0,0,0,1482,0,0,0,0,0,0,0,0,0
setting,ellipses,linear,32,0.2,rescue,corner_arc_corner_triplet,25,1483,0,0,0,0,0,0,1482,0,0,0,0,0,0,0,0,0
setting,ellipses,linear,32,0.2,rescue,curved_corner_loop,25,1483,0,0,0,0,0,0,1482,0,0,0,0,0,0,0,0,0
setting,ellipses,linear,32,0.2,rescue,curved_corner_transition,25,1483,0,0,0,0,0,0,1482,0,0,0,0,0,0,0,0,0
setting,ellipses,linear,32,0.2,rescue,exact_linear_support,25,1483,0,0,0,0,0,0,1482,0,0,0,0,0,0,0,0,0
setting,ellipses,linear,32,0.3,construction_path,direct_fit,25,1524,1520,1520,0,0.99737532808398954,0.99737532808398954,0,1522,1520,1520,0,0.99868593955321949,0.99868593955321949,0,0,0,0
setting,ellipses,linear,32,0.3,construction_path,merged,25,1524,4,4,0,0.0026246719160104987,0.0026246719160104987,0,1522,2,2,0,0.0013140604467805519,0.0013140604467805519,0,0,0,0
setting,ellipses,linear,32,0.3,construction_path,plic_fallback,25,1524,0,0,0,0,0,0,1522,0,0,0,0,0,0,0,0,0
setting,ellipses,linear,32,0.3,final_facet,circular,25,1524,0,0,0,0,0,0,1522,0,0,0,0,0,0,0,0,0
setting,ellipses,linear,32,0.3,final_facet,curved_corner,25,1524,0,0,0,0,0,0,1522,0,0,0,0,0,0,0,0,0
setting,ellipses,linear,32,0.3,final_facet,linear,25,1524,1524,1524,0,1,1,0,1522,1522,1522,0,1,1,0,0,0,0
setting,ellipses,linear,32,0.3,final_facet,linear_corner,25,1524,0,0,0,0,0,0,1522,0,0,0,0,0,0,0,0,0
setting,ellipses,linear,32,0.3,merge,independent,25,1524,1520,1520,0,0.99737532808398954,0.99737532808398954,0,1522,1520,1520,0,0.99868593955321949,0.99868593955321949,0,0,0,0
setting,ellipses,linear,32,0.3,merge,merged,25,1524,4,4,0,0.0026246719160104987,0.0026246719160104987,0,1522,2,2,0,0.0013140604467805519,0.0013140604467805519,0,0,0,0
setting,ellipses,linear,32,0.3,orientation_status,oriented,25,1524,1524,1524,0,1,1,0,1522,0,0,0,0,0,0,0,0,0
setting,ellipses,linear,32,0.3,orientation_status,unresolved_or_deadend,25,1524,0,0,0,0,0,0,1522,0,0,0,0,0,0,0,0,0
setting,ellipses,linear,32,0.3,plic_fallback_policy,ELVIRA,25,1524,0,0,0,0,0,0,1522,0,0,0,0,0,0,0,0,0
setting,ellipses,linear,32,0.3,plic_fallback_policy,LVIRA,25,1524,0,0,0,0,0,0,1522,0,0,0,0,0,0,0,0,0
setting,ellipses,linear,32,0.3,plic_fallback_policy,Youngs,25,1524,0,0,0,0,0,0,1522,0,0,0,0,0,0,0,0,0
setting,ellipses,linear,32,0.3,rescue,corner_arc_corner_triplet,25,1524,0,0,0,0,0,0,1522,0,0,0,0,0,0,0,0,0
setting,ellipses,linear,32,0.3,rescue,curved_corner_loop,25,1524,0,0,0,0,0,0,1522,0,0,0,0,0,0,0,0,0
setting,ellipses,linear,32,0.3,rescue,curved_corner_transition,25,1524,0,0,0,0,0,0,1522,0,0,0,0,0,0,0,0,0
setting,ellipses,linear,32,0.3,rescue,exact_linear_support,25,1524,0,0,0,0,0,0,1522,0,0,0,0,0,0,0,0,0
setting,ellipses,linear,50,0,construction_path,direct_fit,25,2282,2282,2282,0,1,1,0,2282,2282,2282,0,1,1,0,0,0,0
setting,ellipses,linear,50,0,construction_path,merged,25,2282,0,0,0,0,0,0,2282,0,0,0,0,0,0,0,0,0
setting,ellipses,linear,50,0,construction_path,plic_fallback,25,2282,0,0,0,0,0,0,2282,0,0,0,0,0,0,0,0,0
setting,ellipses,linear,50,0,final_facet,circular,25,2282,0,0,0,0,0,0,2282,0,0,0,0,0,0,0,0,0
setting,ellipses,linear,50,0,final_facet,curved_corner,25,2282,0,0,0,0,0,0,2282,0,0,0,0,0,0,0,0,0
setting,ellipses,linear,50,0,final_facet,linear,25,2282,2282,2282,0,1,1,0,2282,2282,2282,0,1,1,0,0,0,0
setting,ellipses,linear,50,0,final_facet,linear_corner,25,2282,0,0,0,0,0,0,2282,0,0,0,0,0,0,0,0,0
setting,ellipses,linear,50,0,merge,independent,25,2282,2282,2282,0,1,1,0,2282,2282,2282,0,1,1,0,0,0,0
setting,ellipses,linear,50,0,merge,merged,25,2282,0,0,0,0,0,0,2282,0,0,0,0,0,0,0,0,0
setting,ellipses,linear,50,0,orientation_status,oriented,25,2282,2282,2282,0,1,1,0,2282,0,0,0,0,0,0,0,0,0
setting,ellipses,linear,50,0,orientation_status,unresolved_or_deadend,25,2282,0,0,0,0,0,0,2282,0,0,0,0,0,0,0,0,0
setting,ellipses,linear,50,0,plic_fallback_policy,ELVIRA,25,2282,0,0,0,0,0,0,2282,0,0,0,0,0,0,0,0,0
setting,ellipses,linear,50,0,plic_fallback_policy,LVIRA,25,2282,0,0,0,0,0,0,2282,0,0,0,0,0,0,0,0,0
setting,ellipses,linear,50,0,plic_fallback_policy,Youngs,25,2282,0,0,0,0,0,0,2282,0,0,0,0,0,0,0,0,0
setting,ellipses,linear,50,0,rescue,corner_arc_corner_triplet,25,2282,0,0,0,0,0,0,2282,0,0,0,0,0,0,0,0,0
setting,ellipses,linear,50,0,rescue,curved_corner_loop,25,2282,0,0,0,0,0,0,2282,0,0,0,0,0,0,0,0,0
setting,ellipses,linear,50,0,rescue,curved_corner_transition,25,2282,0,0,0,0,0,0,2282,0,0,0,0,0,0,0,0,0
setting,ellipses,linear,50,0,rescue,exact_linear_support,25,2282,0,0,0,0,0,0,2282,0,0,0,0,0,0,0,0,0
setting,ellipses,linear,50,0.05,construction_path,direct_fit,25,2284,2284,2284,0,1,1,0,2284,2284,2284,0,1,1,0,0,0,0
setting,ellipses,linear,50,0.05,construction_path,merged,25,2284,0,0,0,0,0,0,2284,0,0,0,0,0,0,0,0,0
setting,ellipses,linear,50,0.05,construction_path,plic_fallback,25,2284,0,0,0,0,0,0,2284,0,0,0,0,0,0,0,0,0
setting,ellipses,linear,50,0.05,final_facet,circular,25,2284,0,0,0,0,0,0,2284,0,0,0,0,0,0,0,0,0
setting,ellipses,linear,50,0.05,final_facet,curved_corner,25,2284,0,0,0,0,0,0,2284,0,0,0,0,0,0,0,0,0
setting,ellipses,linear,50,0.05,final_facet,linear,25,2284,2284,2284,0,1,1,0,2284,2284,2284,0,1,1,0,0,0,0
setting,ellipses,linear,50,0.05,final_facet,linear_corner,25,2284,0,0,0,0,0,0,2284,0,0,0,0,0,0,0,0,0
setting,ellipses,linear,50,0.05,merge,independent,25,2284,2284,2284,0,1,1,0,2284,2284,2284,0,1,1,0,0,0,0
setting,ellipses,linear,50,0.05,merge,merged,25,2284,0,0,0,0,0,0,2284,0,0,0,0,0,0,0,0,0
setting,ellipses,linear,50,0.05,orientation_status,oriented,25,2284,2284,2284,0,1,1,0,2284,0,0,0,0,0,0,0,0,0
setting,ellipses,linear,50,0.05,orientation_status,unresolved_or_deadend,25,2284,0,0,0,0,0,0,2284,0,0,0,0,0,0,0,0,0
setting,ellipses,linear,50,0.05,plic_fallback_policy,ELVIRA,25,2284,0,0,0,0,0,0,2284,0,0,0,0,0,0,0,0,0
setting,ellipses,linear,50,0.05,plic_fallback_policy,LVIRA,25,2284,0,0,0,0,0,0,2284,0,0,0,0,0,0,0,0,0
setting,ellipses,linear,50,0.05,plic_fallback_policy,Youngs,25,2284,0,0,0,0,0,0,2284,0,0,0,0,0,0,0,0,0
setting,ellipses,linear,50,0.05,rescue,corner_arc_corner_triplet,25,2284,0,0,0,0,0,0,2284,0,0,0,0,0,0,0,0,0
setting,ellipses,linear,50,0.05,rescue,curved_corner_loop,25,2284,0,0,0,0,0,0,2284,0,0,0,0,0,0,0,0,0
setting,ellipses,linear,50,0.05,rescue,curved_corner_transition,25,2284,0,0,0,0,0,0,2284,0,0,0,0,0,0,0,0,0
setting,ellipses,linear,50,0.05,rescue,exact_linear_support,25,2284,0,0,0,0,0,0,2284,0,0,0,0,0,0,0,0,0
setting,ellipses,linear,50,0.1,construction_path,direct_fit,25,2291,2289,2289,0,0.99912701876909649,0.99912701876909649,0,2290,2289,2289,0,0.99956331877729254,0.99956331877729254,0,0,0,0
setting,ellipses,linear,50,0.1,construction_path,merged,25,2291,2,2,0,0.00087298123090353555,0.00087298123090353555,0,2290,1,1,0,0.00043668122270742359,0.00043668122270742359,0,0,0,0
setting,ellipses,linear,50,0.1,construction_path,plic_fallback,25,2291,0,0,0,0,0,0,2290,0,0,0,0,0,0,0,0,0
setting,ellipses,linear,50,0.1,final_facet,circular,25,2291,0,0,0,0,0,0,2290,0,0,0,0,0,0,0,0,0
setting,ellipses,linear,50,0.1,final_facet,curved_corner,25,2291,0,0,0,0,0,0,2290,0,0,0,0,0,0,0,0,0
setting,ellipses,linear,50,0.1,final_facet,linear,25,2291,2291,2291,0,1,1,0,2290,2290,2290,0,1,1,0,0,0,0
setting,ellipses,linear,50,0.1,final_facet,linear_corner,25,2291,0,0,0,0,0,0,2290,0,0,0,0,0,0,0,0,0
setting,ellipses,linear,50,0.1,merge,independent,25,2291,2289,2289,0,0.99912701876909649,0.99912701876909649,0,2290,2289,2289,0,0.99956331877729254,0.99956331877729254,0,0,0,0
setting,ellipses,linear,50,0.1,merge,merged,25,2291,2,2,0,0.00087298123090353555,0.00087298123090353555,0,2290,1,1,0,0.00043668122270742359,0.00043668122270742359,0,0,0,0
setting,ellipses,linear,50,0.1,orientation_status,oriented,25,2291,2291,2291,0,1,1,0,2290,0,0,0,0,0,0,0,0,0
setting,ellipses,linear,50,0.1,orientation_status,unresolved_or_deadend,25,2291,0,0,0,0,0,0,2290,0,0,0,0,0,0,0,0,0
setting,ellipses,linear,50,0.1,plic_fallback_policy,ELVIRA,25,2291,0,0,0,0,0,0,2290,0,0,0,0,0,0,0,0,0
setting,ellipses,linear,50,0.1,plic_fallback_policy,LVIRA,25,2291,0,0,0,0,0,0,2290,0,0,0,0,0,0,0,0,0
setting,ellipses,linear,50,0.1,plic_fallback_policy,Youngs,25,2291,0,0,0,0,0,0,2290,0,0,0,0,0,0,0,0,0
setting,ellipses,linear,50,0.1,rescue,corner_arc_corner_triplet,25,2291,0,0,0,0,0,0,2290,0,0,0,0,0,0,0,0,0
setting,ellipses,linear,50,0.1,rescue,curved_corner_loop,25,2291,0,0,0,0,0,0,2290,0,0,0,0,0,0,0,0,0
setting,ellipses,linear,50,0.1,rescue,curved_corner_transition,25,2291,0,0,0,0,0,0,2290,0,0,0,0,0,0,0,0,0
setting,ellipses,linear,50,0.1,rescue,exact_linear_support,25,2291,0,0,0,0,0,0,2290,0,0,0,0,0,0,0,0,0
setting,ellipses,linear,50,0.2,construction_path,direct_fit,25,2318,2314,2314,0,0.99827437446074196,0.99827437446074196,0,2318,2314,2314,0,0.99827437446074196,0.99827437446074196,0,0,0,0
setting,ellipses,linear,50,0.2,construction_path,merged,25,2318,0,0,0,0,0,0,2318,0,0,0,0,0,0,0,0,0
setting,ellipses,linear,50,0.2,construction_path,plic_fallback,25,2318,4,4,0,0.0017256255392579811,0.0017256255392579811,0,2318,4,4,0,0.0017256255392579811,0.0017256255392579811,0,0,0,0
setting,ellipses,linear,50,0.2,final_facet,circular,25,2318,0,0,0,0,0,0,2318,0,0,0,0,0,0,0,0,0
setting,ellipses,linear,50,0.2,final_facet,curved_corner,25,2318,0,0,0,0,0,0,2318,0,0,0,0,0,0,0,0,0
setting,ellipses,linear,50,0.2,final_facet,linear,25,2318,2318,2318,0,1,1,0,2318,2318,2318,0,1,1,0,0,0,0
setting,ellipses,linear,50,0.2,final_facet,linear_corner,25,2318,0,0,0,0,0,0,2318,0,0,0,0,0,0,0,0,0
setting,ellipses,linear,50,0.2,merge,independent,25,2318,2318,2318,0,1,1,0,2318,2318,2318,0,1,1,0,0,0,0
setting,ellipses,linear,50,0.2,merge,merged,25,2318,0,0,0,0,0,0,2318,0,0,0,0,0,0,0,0,0
setting,ellipses,linear,50,0.2,orientation_status,oriented,25,2318,2314,2314,0,0.99827437446074196,0.99827437446074196,0,2318,0,0,0,0,0,0,0,0,0
setting,ellipses,linear,50,0.2,orientation_status,unresolved_or_deadend,25,2318,4,4,0,0.0017256255392579811,0.0017256255392579811,0,2318,0,0,0,0,0,0,0,0,0
setting,ellipses,linear,50,0.2,plic_fallback_policy,ELVIRA,25,2318,0,0,0,0,0,0,2318,0,0,0,0,0,0,0,0,0
setting,ellipses,linear,50,0.2,plic_fallback_policy,LVIRA,25,2318,4,4,0,0.0017256255392579811,0.0017256255392579811,0,2318,4,4,0,0.0017256255392579811,0.0017256255392579811,0,4,4,0
setting,ellipses,linear,50,0.2,plic_fallback_policy,Youngs,25,2318,0,0,0,0,0,0,2318,0,0,0,0,0,0,0,0,0
setting,ellipses,linear,50,0.2,rescue,corner_arc_corner_triplet,25,2318,0,0,0,0,0,0,2318,0,0,0,0,0,0,0,0,0
setting,ellipses,linear,50,0.2,rescue,curved_corner_loop,25,2318,0,0,0,0,0,0,2318,0,0,0,0,0,0,0,0,0
setting,ellipses,linear,50,0.2,rescue,curved_corner_transition,25,2318,0,0,0,0,0,0,2318,0,0,0,0,0,0,0,0,0
setting,ellipses,linear,50,0.2,rescue,exact_linear_support,25,2318,0,0,0,0,0,0,2318,0,0,0,0,0,0,0,0,0
setting,ellipses,linear,50,0.3,construction_path,direct_fit,25,2353,2347,2347,0,0.99745006374840628,0.99745006374840628,0,2352,2347,2347,0,0.99787414965986398,0.99787414965986398,0,0,0,0
setting,ellipses,linear,50,0.3,construction_path,merged,25,2353,2,2,0,0.0008499787505312367,0.0008499787505312367,0,2352,1,1,0,0.00042517006802721087,0.00042517006802721087,0,0,0,0
setting,ellipses,linear,50,0.3,construction_path,plic_fallback,25,2353,4,4,0,0.0016999575010624734,0.0016999575010624734,0,2352,4,4,0,0.0017006802721088435,0.0017006802721088435,0,0,0,0
setting,ellipses,linear,50,0.3,final_facet,circular,25,2353,0,0,0,0,0,0,2352,0,0,0,0,0,0,0,0,0
setting,ellipses,linear,50,0.3,final_facet,curved_corner,25,2353,0,0,0,0,0,0,2352,0,0,0,0,0,0,0,0,0
setting,ellipses,linear,50,0.3,final_facet,linear,25,2353,2353,2353,0,1,1,0,2352,2352,2352,0,1,1,0,0,0,0
setting,ellipses,linear,50,0.3,final_facet,linear_corner,25,2353,0,0,0,0,0,0,2352,0,0,0,0,0,0,0,0,0
setting,ellipses,linear,50,0.3,merge,independent,25,2353,2351,2351,0,0.99915002124946872,0.99915002124946872,0,2352,2351,2351,0,0.99957482993197277,0.99957482993197277,0,0,0,0
setting,ellipses,linear,50,0.3,merge,merged,25,2353,2,2,0,0.0008499787505312367,0.0008499787505312367,0,2352,1,1,0,0.00042517006802721087,0.00042517006802721087,0,0,0,0
setting,ellipses,linear,50,0.3,orientation_status,oriented,25,2353,2349,2349,0,0.99830004249893756,0.99830004249893756,0,2352,0,0,0,0,0,0,0,0,0
setting,ellipses,linear,50,0.3,orientation_status,unresolved_or_deadend,25,2353,4,4,0,0.0016999575010624734,0.0016999575010624734,0,2352,0,0,0,0,0,0,0,0,0
setting,ellipses,linear,50,0.3,plic_fallback_policy,ELVIRA,25,2353,0,0,0,0,0,0,2352,0,0,0,0,0,0,0,0,0
setting,ellipses,linear,50,0.3,plic_fallback_policy,LVIRA,25,2353,4,4,0,0.0016999575010624734,0.0016999575010624734,0,2352,4,4,0,0.0017006802721088435,0.0017006802721088435,0,4,4,0
setting,ellipses,linear,50,0.3,plic_fallback_policy,Youngs,25,2353,0,0,0,0,0,0,2352,0,0,0,0,0,0,0,0,0
setting,ellipses,linear,50,0.3,rescue,corner_arc_corner_triplet,25,2353,0,0,0,0,0,0,2352,0,0,0,0,0,0,0,0,0
setting,ellipses,linear,50,0.3,rescue,curved_corner_loop,25,2353,0,0,0,0,0,0,2352,0,0,0,0,0,0,0,0,0
setting,ellipses,linear,50,0.3,rescue,curved_corner_transition,25,2353,0,0,0,0,0,0,2352,0,0,0,0,0,0,0,0,0
setting,ellipses,linear,50,0.3,rescue,exact_linear_support,25,2353,0,0,0,0,0,0,2352,0,0,0,0,0,0,0,0,0
setting,ellipses,linear,64,0,construction_path,direct_fit,25,2898,2898,2898,0,1,1,0,2898,2898,2898,0,1,1,0,0,0,0
setting,ellipses,linear,64,0,construction_path,merged,25,2898,0,0,0,0,0,0,2898,0,0,0,0,0,0,0,0,0
setting,ellipses,linear,64,0,construction_path,plic_fallback,25,2898,0,0,0,0,0,0,2898,0,0,0,0,0,0,0,0,0
setting,ellipses,linear,64,0,final_facet,circular,25,2898,0,0,0,0,0,0,2898,0,0,0,0,0,0,0,0,0
setting,ellipses,linear,64,0,final_facet,curved_corner,25,2898,0,0,0,0,0,0,2898,0,0,0,0,0,0,0,0,0
setting,ellipses,linear,64,0,final_facet,linear,25,2898,2898,2898,0,1,1,0,2898,2898,2898,0,1,1,0,0,0,0
setting,ellipses,linear,64,0,final_facet,linear_corner,25,2898,0,0,0,0,0,0,2898,0,0,0,0,0,0,0,0,0
setting,ellipses,linear,64,0,merge,independent,25,2898,2898,2898,0,1,1,0,2898,2898,2898,0,1,1,0,0,0,0
setting,ellipses,linear,64,0,merge,merged,25,2898,0,0,0,0,0,0,2898,0,0,0,0,0,0,0,0,0
setting,ellipses,linear,64,0,orientation_status,oriented,25,2898,2898,2898,0,1,1,0,2898,0,0,0,0,0,0,0,0,0
setting,ellipses,linear,64,0,orientation_status,unresolved_or_deadend,25,2898,0,0,0,0,0,0,2898,0,0,0,0,0,0,0,0,0
setting,ellipses,linear,64,0,plic_fallback_policy,ELVIRA,25,2898,0,0,0,0,0,0,2898,0,0,0,0,0,0,0,0,0
setting,ellipses,linear,64,0,plic_fallback_policy,LVIRA,25,2898,0,0,0,0,0,0,2898,0,0,0,0,0,0,0,0,0
setting,ellipses,linear,64,0,plic_fallback_policy,Youngs,25,2898,0,0,0,0,0,0,2898,0,0,0,0,0,0,0,0,0
setting,ellipses,linear,64,0,rescue,corner_arc_corner_triplet,25,2898,0,0,0,0,0,0,2898,0,0,0,0,0,0,0,0,0
setting,ellipses,linear,64,0,rescue,curved_corner_loop,25,2898,0,0,0,0,0,0,2898,0,0,0,0,0,0,0,0,0
setting,ellipses,linear,64,0,rescue,curved_corner_transition,25,2898,0,0,0,0,0,0,2898,0,0,0,0,0,0,0,0,0
setting,ellipses,linear,64,0,rescue,exact_linear_support,25,2898,0,0,0,0,0,0,2898,0,0,0,0,0,0,0,0,0
setting,ellipses,linear,64,0.05,construction_path,direct_fit,25,2901,2899,2899,0,0.99931058255773875,0.99931058255773875,0,2900,2899,2899,0,0.99965517241379309,0.99965517241379309,0,0,0,0
setting,ellipses,linear,64,0.05,construction_path,merged,25,2901,2,2,0,0.00068941744226128923,0.00068941744226128923,0,2900,1,1,0,0.00034482758620689653,0.00034482758620689653,0,0,0,0
setting,ellipses,linear,64,0.05,construction_path,plic_fallback,25,2901,0,0,0,0,0,0,2900,0,0,0,0,0,0,0,0,0
setting,ellipses,linear,64,0.05,final_facet,circular,25,2901,0,0,0,0,0,0,2900,0,0,0,0,0,0,0,0,0
setting,ellipses,linear,64,0.05,final_facet,curved_corner,25,2901,0,0,0,0,0,0,2900,0,0,0,0,0,0,0,0,0
setting,ellipses,linear,64,0.05,final_facet,linear,25,2901,2901,2901,0,1,1,0,2900,2900,2900,0,1,1,0,0,0,0
setting,ellipses,linear,64,0.05,final_facet,linear_corner,25,2901,0,0,0,0,0,0,2900,0,0,0,0,0,0,0,0,0
setting,ellipses,linear,64,0.05,merge,independent,25,2901,2899,2899,0,0.99931058255773875,0.99931058255773875,0,2900,2899,2899,0,0.99965517241379309,0.99965517241379309,0,0,0,0
setting,ellipses,linear,64,0.05,merge,merged,25,2901,2,2,0,0.00068941744226128923,0.00068941744226128923,0,2900,1,1,0,0.00034482758620689653,0.00034482758620689653,0,0,0,0
setting,ellipses,linear,64,0.05,orientation_status,oriented,25,2901,2901,2901,0,1,1,0,2900,0,0,0,0,0,0,0,0,0
setting,ellipses,linear,64,0.05,orientation_status,unresolved_or_deadend,25,2901,0,0,0,0,0,0,2900,0,0,0,0,0,0,0,0,0
setting,ellipses,linear,64,0.05,plic_fallback_policy,ELVIRA,25,2901,0,0,0,0,0,0,2900,0,0,0,0,0,0,0,0,0
setting,ellipses,linear,64,0.05,plic_fallback_policy,LVIRA,25,2901,0,0,0,0,0,0,2900,0,0,0,0,0,0,0,0,0
setting,ellipses,linear,64,0.05,plic_fallback_policy,Youngs,25,2901,0,0,0,0,0,0,2900,0,0,0,0,0,0,0,0,0
setting,ellipses,linear,64,0.05,rescue,corner_arc_corner_triplet,25,2901,0,0,0,0,0,0,2900,0,0,0,0,0,0,0,0,0
setting,ellipses,linear,64,0.05,rescue,curved_corner_loop,25,2901,0,0,0,0,0,0,2900,0,0,0,0,0,0,0,0,0
setting,ellipses,linear,64,0.05,rescue,curved_corner_transition,25,2901,0,0,0,0,0,0,2900,0,0,0,0,0,0,0,0,0
setting,ellipses,linear,64,0.05,rescue,exact_linear_support,25,2901,0,0,0,0,0,0,2900,0,0,0,0,0,0,0,0,0
setting,ellipses,linear,64,0.1,construction_path,direct_fit,25,2904,2904,2904,0,1,1,0,2904,2904,2904,0,1,1,0,0,0,0
setting,ellipses,linear,64,0.1,construction_path,merged,25,2904,0,0,0,0,0,0,2904,0,0,0,0,0,0,0,0,0
setting,ellipses,linear,64,0.1,construction_path,plic_fallback,25,2904,0,0,0,0,0,0,2904,0,0,0,0,0,0,0,0,0
setting,ellipses,linear,64,0.1,final_facet,circular,25,2904,0,0,0,0,0,0,2904,0,0,0,0,0,0,0,0,0
setting,ellipses,linear,64,0.1,final_facet,curved_corner,25,2904,0,0,0,0,0,0,2904,0,0,0,0,0,0,0,0,0
setting,ellipses,linear,64,0.1,final_facet,linear,25,2904,2904,2904,0,1,1,0,2904,2904,2904,0,1,1,0,0,0,0
setting,ellipses,linear,64,0.1,final_facet,linear_corner,25,2904,0,0,0,0,0,0,2904,0,0,0,0,0,0,0,0,0
setting,ellipses,linear,64,0.1,merge,independent,25,2904,2904,2904,0,1,1,0,2904,2904,2904,0,1,1,0,0,0,0
setting,ellipses,linear,64,0.1,merge,merged,25,2904,0,0,0,0,0,0,2904,0,0,0,0,0,0,0,0,0
setting,ellipses,linear,64,0.1,orientation_status,oriented,25,2904,2904,2904,0,1,1,0,2904,0,0,0,0,0,0,0,0,0
setting,ellipses,linear,64,0.1,orientation_status,unresolved_or_deadend,25,2904,0,0,0,0,0,0,2904,0,0,0,0,0,0,0,0,0
setting,ellipses,linear,64,0.1,plic_fallback_policy,ELVIRA,25,2904,0,0,0,0,0,0,2904,0,0,0,0,0,0,0,0,0
setting,ellipses,linear,64,0.1,plic_fallback_policy,LVIRA,25,2904,0,0,0,0,0,0,2904,0,0,0,0,0,0,0,0,0
setting,ellipses,linear,64,0.1,plic_fallback_policy,Youngs,25,2904,0,0,0,0,0,0,2904,0,0,0,0,0,0,0,0,0
setting,ellipses,linear,64,0.1,rescue,corner_arc_corner_triplet,25,2904,0,0,0,0,0,0,2904,0,0,0,0,0,0,0,0,0
setting,ellipses,linear,64,0.1,rescue,curved_corner_loop,25,2904,0,0,0,0,0,0,2904,0,0,0,0,0,0,0,0,0
setting,ellipses,linear,64,0.1,rescue,curved_corner_transition,25,2904,0,0,0,0,0,0,2904,0,0,0,0,0,0,0,0,0
setting,ellipses,linear,64,0.1,rescue,exact_linear_support,25,2904,0,0,0,0,0,0,2904,0,0,0,0,0,0,0,0,0
setting,ellipses,linear,64,0.2,construction_path,direct_fit,25,2924,2924,2924,0,1,1,0,2924,2924,2924,0,1,1,0,0,0,0
setting,ellipses,linear,64,0.2,construction_path,merged,25,2924,0,0,0,0,0,0,2924,0,0,0,0,0,0,0,0,0
setting,ellipses,linear,64,0.2,construction_path,plic_fallback,25,2924,0,0,0,0,0,0,2924,0,0,0,0,0,0,0,0,0
setting,ellipses,linear,64,0.2,final_facet,circular,25,2924,0,0,0,0,0,0,2924,0,0,0,0,0,0,0,0,0
setting,ellipses,linear,64,0.2,final_facet,curved_corner,25,2924,0,0,0,0,0,0,2924,0,0,0,0,0,0,0,0,0
setting,ellipses,linear,64,0.2,final_facet,linear,25,2924,2924,2924,0,1,1,0,2924,2924,2924,0,1,1,0,0,0,0
setting,ellipses,linear,64,0.2,final_facet,linear_corner,25,2924,0,0,0,0,0,0,2924,0,0,0,0,0,0,0,0,0
setting,ellipses,linear,64,0.2,merge,independent,25,2924,2924,2924,0,1,1,0,2924,2924,2924,0,1,1,0,0,0,0
setting,ellipses,linear,64,0.2,merge,merged,25,2924,0,0,0,0,0,0,2924,0,0,0,0,0,0,0,0,0
setting,ellipses,linear,64,0.2,orientation_status,oriented,25,2924,2924,2924,0,1,1,0,2924,0,0,0,0,0,0,0,0,0
setting,ellipses,linear,64,0.2,orientation_status,unresolved_or_deadend,25,2924,0,0,0,0,0,0,2924,0,0,0,0,0,0,0,0,0
setting,ellipses,linear,64,0.2,plic_fallback_policy,ELVIRA,25,2924,0,0,0,0,0,0,2924,0,0,0,0,0,0,0,0,0
setting,ellipses,linear,64,0.2,plic_fallback_policy,LVIRA,25,2924,0,0,0,0,0,0,2924,0,0,0,0,0,0,0,0,0
setting,ellipses,linear,64,0.2,plic_fallback_policy,Youngs,25,2924,0,0,0,0,0,0,2924,0,0,0,0,0,0,0,0,0
setting,ellipses,linear,64,0.2,rescue,corner_arc_corner_triplet,25,2924,0,0,0,0,0,0,2924,0,0,0,0,0,0,0,0,0
setting,ellipses,linear,64,0.2,rescue,curved_corner_loop,25,2924,0,0,0,0,0,0,2924,0,0,0,0,0,0,0,0,0
setting,ellipses,linear,64,0.2,rescue,curved_corner_transition,25,2924,0,0,0,0,0,0,2924,0,0,0,0,0,0,0,0,0
setting,ellipses,linear,64,0.2,rescue,exact_linear_support,25,2924,0,0,0,0,0,0,2924,0,0,0,0,0,0,0,0,0
setting,ellipses,linear,64,0.3,construction_path,direct_fit,25,2967,2965,2965,0,0.99932591843613072,0.99932591843613072,0,2966,2965,2965,0,0.99966284558327712,0.99966284558327712,0,0,0,0
setting,ellipses,linear,64,0.3,construction_path,merged,25,2967,2,2,0,0.0006740815638692282,0.0006740815638692282,0,2966,1,1,0,0.00033715441672285906,0.00033715441672285906,0,0,0,0
setting,ellipses,linear,64,0.3,construction_path,plic_fallback,25,2967,0,0,0,0,0,0,2966,0,0,0,0,0,0,0,0,0
setting,ellipses,linear,64,0.3,final_facet,circular,25,2967,0,0,0,0,0,0,2966,0,0,0,0,0,0,0,0,0
setting,ellipses,linear,64,0.3,final_facet,curved_corner,25,2967,0,0,0,0,0,0,2966,0,0,0,0,0,0,0,0,0
setting,ellipses,linear,64,0.3,final_facet,linear,25,2967,2967,2967,0,1,1,0,2966,2966,2966,0,1,1,0,0,0,0
setting,ellipses,linear,64,0.3,final_facet,linear_corner,25,2967,0,0,0,0,0,0,2966,0,0,0,0,0,0,0,0,0
setting,ellipses,linear,64,0.3,merge,independent,25,2967,2965,2965,0,0.99932591843613072,0.99932591843613072,0,2966,2965,2965,0,0.99966284558327712,0.99966284558327712,0,0,0,0
setting,ellipses,linear,64,0.3,merge,merged,25,2967,2,2,0,0.0006740815638692282,0.0006740815638692282,0,2966,1,1,0,0.00033715441672285906,0.00033715441672285906,0,0,0,0
setting,ellipses,linear,64,0.3,orientation_status,oriented,25,2967,2967,2967,0,1,1,0,2966,0,0,0,0,0,0,0,0,0
setting,ellipses,linear,64,0.3,orientation_status,unresolved_or_deadend,25,2967,0,0,0,0,0,0,2966,0,0,0,0,0,0,0,0,0
setting,ellipses,linear,64,0.3,plic_fallback_policy,ELVIRA,25,2967,0,0,0,0,0,0,2966,0,0,0,0,0,0,0,0,0
setting,ellipses,linear,64,0.3,plic_fallback_policy,LVIRA,25,2967,0,0,0,0,0,0,2966,0,0,0,0,0,0,0,0,0
setting,ellipses,linear,64,0.3,plic_fallback_policy,Youngs,25,2967,0,0,0,0,0,0,2966,0,0,0,0,0,0,0,0,0
setting,ellipses,linear,64,0.3,rescue,corner_arc_corner_triplet,25,2967,0,0,0,0,0,0,2966,0,0,0,0,0,0,0,0,0
setting,ellipses,linear,64,0.3,rescue,curved_corner_loop,25,2967,0,0,0,0,0,0,2966,0,0,0,0,0,0,0,0,0
setting,ellipses,linear,64,0.3,rescue,curved_corner_transition,25,2967,0,0,0,0,0,0,2966,0,0,0,0,0,0,0,0,0
setting,ellipses,linear,64,0.3,rescue,exact_linear_support,25,2967,0,0,0,0,0,0,2966,0,0,0,0,0,0,0,0,0
setting,lines,linear,100,0,construction_path,direct_fit,25,3602,3602,3602,0,1,1,0,3602,3602,3602,0,1,1,0,0,0,0
setting,lines,linear,100,0,construction_path,merged,25,3602,0,0,0,0,0,0,3602,0,0,0,0,0,0,0,0,0
setting,lines,linear,100,0,construction_path,plic_fallback,25,3602,0,0,0,0,0,0,3602,0,0,0,0,0,0,0,0,0
setting,lines,linear,100,0,final_facet,circular,25,3602,0,0,0,0,0,0,3602,0,0,0,0,0,0,0,0,0
setting,lines,linear,100,0,final_facet,curved_corner,25,3602,0,0,0,0,0,0,3602,0,0,0,0,0,0,0,0,0
setting,lines,linear,100,0,final_facet,linear,25,3602,3602,3602,0,1,1,0,3602,3602,3602,0,1,1,0,0,0,0
setting,lines,linear,100,0,final_facet,linear_corner,25,3602,0,0,0,0,0,0,3602,0,0,0,0,0,0,0,0,0
setting,lines,linear,100,0,merge,independent,25,3602,3602,3602,0,1,1,0,3602,3602,3602,0,1,1,0,0,0,0
setting,lines,linear,100,0,merge,merged,25,3602,0,0,0,0,0,0,3602,0,0,0,0,0,0,0,0,0
setting,lines,linear,100,0,orientation_status,oriented,25,3602,3602,3602,0,1,1,0,3602,0,0,0,0,0,0,0,0,0
setting,lines,linear,100,0,orientation_status,unresolved_or_deadend,25,3602,0,0,0,0,0,0,3602,0,0,0,0,0,0,0,0,0
setting,lines,linear,100,0,plic_fallback_policy,ELVIRA,25,3602,0,0,0,0,0,0,3602,0,0,0,0,0,0,0,0,0
setting,lines,linear,100,0,plic_fallback_policy,LVIRA,25,3602,0,0,0,0,0,0,3602,0,0,0,0,0,0,0,0,0
setting,lines,linear,100,0,plic_fallback_policy,Youngs,25,3602,0,0,0,0,0,0,3602,0,0,0,0,0,0,0,0,0
setting,lines,linear,100,0,rescue,corner_arc_corner_triplet,25,3602,0,0,0,0,0,0,3602,0,0,0,0,0,0,0,0,0
setting,lines,linear,100,0,rescue,curved_corner_loop,25,3602,0,0,0,0,0,0,3602,0,0,0,0,0,0,0,0,0
setting,lines,linear,100,0,rescue,curved_corner_transition,25,3602,0,0,0,0,0,0,3602,0,0,0,0,0,0,0,0,0
setting,lines,linear,100,0,rescue,exact_linear_support,25,3602,0,0,0,0,0,0,3602,0,0,0,0,0,0,0,0,0
setting,lines,linear,100,0.05,construction_path,direct_fit,25,3602,3602,3602,0,1,1,0,3602,3602,3602,0,1,1,0,0,0,0
setting,lines,linear,100,0.05,construction_path,merged,25,3602,0,0,0,0,0,0,3602,0,0,0,0,0,0,0,0,0
setting,lines,linear,100,0.05,construction_path,plic_fallback,25,3602,0,0,0,0,0,0,3602,0,0,0,0,0,0,0,0,0
setting,lines,linear,100,0.05,final_facet,circular,25,3602,0,0,0,0,0,0,3602,0,0,0,0,0,0,0,0,0
setting,lines,linear,100,0.05,final_facet,curved_corner,25,3602,0,0,0,0,0,0,3602,0,0,0,0,0,0,0,0,0
setting,lines,linear,100,0.05,final_facet,linear,25,3602,3602,3602,0,1,1,0,3602,3602,3602,0,1,1,0,0,0,0
setting,lines,linear,100,0.05,final_facet,linear_corner,25,3602,0,0,0,0,0,0,3602,0,0,0,0,0,0,0,0,0
setting,lines,linear,100,0.05,merge,independent,25,3602,3602,3602,0,1,1,0,3602,3602,3602,0,1,1,0,0,0,0
setting,lines,linear,100,0.05,merge,merged,25,3602,0,0,0,0,0,0,3602,0,0,0,0,0,0,0,0,0
setting,lines,linear,100,0.05,orientation_status,oriented,25,3602,3602,3602,0,1,1,0,3602,0,0,0,0,0,0,0,0,0
setting,lines,linear,100,0.05,orientation_status,unresolved_or_deadend,25,3602,0,0,0,0,0,0,3602,0,0,0,0,0,0,0,0,0
setting,lines,linear,100,0.05,plic_fallback_policy,ELVIRA,25,3602,0,0,0,0,0,0,3602,0,0,0,0,0,0,0,0,0
setting,lines,linear,100,0.05,plic_fallback_policy,LVIRA,25,3602,0,0,0,0,0,0,3602,0,0,0,0,0,0,0,0,0
setting,lines,linear,100,0.05,plic_fallback_policy,Youngs,25,3602,0,0,0,0,0,0,3602,0,0,0,0,0,0,0,0,0
setting,lines,linear,100,0.05,rescue,corner_arc_corner_triplet,25,3602,0,0,0,0,0,0,3602,0,0,0,0,0,0,0,0,0
setting,lines,linear,100,0.05,rescue,curved_corner_loop,25,3602,0,0,0,0,0,0,3602,0,0,0,0,0,0,0,0,0
setting,lines,linear,100,0.05,rescue,curved_corner_transition,25,3602,0,0,0,0,0,0,3602,0,0,0,0,0,0,0,0,0
setting,lines,linear,100,0.05,rescue,exact_linear_support,25,3602,0,0,0,0,0,0,3602,0,0,0,0,0,0,0,0,0
setting,lines,linear,100,0.1,construction_path,direct_fit,25,3604,3604,3604,0,1,1,0,3604,3604,3604,0,1,1,0,0,0,0
setting,lines,linear,100,0.1,construction_path,merged,25,3604,0,0,0,0,0,0,3604,0,0,0,0,0,0,0,0,0
setting,lines,linear,100,0.1,construction_path,plic_fallback,25,3604,0,0,0,0,0,0,3604,0,0,0,0,0,0,0,0,0
setting,lines,linear,100,0.1,final_facet,circular,25,3604,0,0,0,0,0,0,3604,0,0,0,0,0,0,0,0,0
setting,lines,linear,100,0.1,final_facet,curved_corner,25,3604,0,0,0,0,0,0,3604,0,0,0,0,0,0,0,0,0
setting,lines,linear,100,0.1,final_facet,linear,25,3604,3604,3604,0,1,1,0,3604,3604,3604,0,1,1,0,0,0,0
setting,lines,linear,100,0.1,final_facet,linear_corner,25,3604,0,0,0,0,0,0,3604,0,0,0,0,0,0,0,0,0
setting,lines,linear,100,0.1,merge,independent,25,3604,3604,3604,0,1,1,0,3604,3604,3604,0,1,1,0,0,0,0
setting,lines,linear,100,0.1,merge,merged,25,3604,0,0,0,0,0,0,3604,0,0,0,0,0,0,0,0,0
setting,lines,linear,100,0.1,orientation_status,oriented,25,3604,3604,3604,0,1,1,0,3604,0,0,0,0,0,0,0,0,0
setting,lines,linear,100,0.1,orientation_status,unresolved_or_deadend,25,3604,0,0,0,0,0,0,3604,0,0,0,0,0,0,0,0,0
setting,lines,linear,100,0.1,plic_fallback_policy,ELVIRA,25,3604,0,0,0,0,0,0,3604,0,0,0,0,0,0,0,0,0
setting,lines,linear,100,0.1,plic_fallback_policy,LVIRA,25,3604,0,0,0,0,0,0,3604,0,0,0,0,0,0,0,0,0
setting,lines,linear,100,0.1,plic_fallback_policy,Youngs,25,3604,0,0,0,0,0,0,3604,0,0,0,0,0,0,0,0,0
setting,lines,linear,100,0.1,rescue,corner_arc_corner_triplet,25,3604,0,0,0,0,0,0,3604,0,0,0,0,0,0,0,0,0
setting,lines,linear,100,0.1,rescue,curved_corner_loop,25,3604,0,0,0,0,0,0,3604,0,0,0,0,0,0,0,0,0
setting,lines,linear,100,0.1,rescue,curved_corner_transition,25,3604,0,0,0,0,0,0,3604,0,0,0,0,0,0,0,0,0
setting,lines,linear,100,0.1,rescue,exact_linear_support,25,3604,0,0,0,0,0,0,3604,0,0,0,0,0,0,0,0,0
setting,lines,linear,100,0.2,construction_path,direct_fit,25,3638,3636,3636,0,0.99945024738867505,0.99945024738867505,0,3637,3636,3636,0,0.99972504811657958,0.99972504811657958,0,0,0,0
setting,lines,linear,100,0.2,construction_path,merged,25,3638,2,2,0,0.00054975261132490382,0.00054975261132490382,0,3637,1,1,0,0.00027495188342040145,0.00027495188342040145,0,0,0,0
setting,lines,linear,100,0.2,construction_path,plic_fallback,25,3638,0,0,0,0,0,0,3637,0,0,0,0,0,0,0,0,0
setting,lines,linear,100,0.2,final_facet,circular,25,3638,0,0,0,0,0,0,3637,0,0,0,0,0,0,0,0,0
setting,lines,linear,100,0.2,final_facet,curved_corner,25,3638,0,0,0,0,0,0,3637,0,0,0,0,0,0,0,0,0
setting,lines,linear,100,0.2,final_facet,linear,25,3638,3638,3638,0,1,1,0,3637,3637,3637,0,1,1,0,0,0,0
setting,lines,linear,100,0.2,final_facet,linear_corner,25,3638,0,0,0,0,0,0,3637,0,0,0,0,0,0,0,0,0
setting,lines,linear,100,0.2,merge,independent,25,3638,3636,3636,0,0.99945024738867505,0.99945024738867505,0,3637,3636,3636,0,0.99972504811657958,0.99972504811657958,0,0,0,0
setting,lines,linear,100,0.2,merge,merged,25,3638,2,2,0,0.00054975261132490382,0.00054975261132490382,0,3637,1,1,0,0.00027495188342040145,0.00027495188342040145,0,0,0,0
setting,lines,linear,100,0.2,orientation_status,oriented,25,3638,3638,3638,0,1,1,0,3637,0,0,0,0,0,0,0,0,0
setting,lines,linear,100,0.2,orientation_status,unresolved_or_deadend,25,3638,0,0,0,0,0,0,3637,0,0,0,0,0,0,0,0,0
setting,lines,linear,100,0.2,plic_fallback_policy,ELVIRA,25,3638,0,0,0,0,0,0,3637,0,0,0,0,0,0,0,0,0
setting,lines,linear,100,0.2,plic_fallback_policy,LVIRA,25,3638,0,0,0,0,0,0,3637,0,0,0,0,0,0,0,0,0
setting,lines,linear,100,0.2,plic_fallback_policy,Youngs,25,3638,0,0,0,0,0,0,3637,0,0,0,0,0,0,0,0,0
setting,lines,linear,100,0.2,rescue,corner_arc_corner_triplet,25,3638,0,0,0,0,0,0,3637,0,0,0,0,0,0,0,0,0
setting,lines,linear,100,0.2,rescue,curved_corner_loop,25,3638,0,0,0,0,0,0,3637,0,0,0,0,0,0,0,0,0
setting,lines,linear,100,0.2,rescue,curved_corner_transition,25,3638,0,0,0,0,0,0,3637,0,0,0,0,0,0,0,0,0
setting,lines,linear,100,0.2,rescue,exact_linear_support,25,3638,0,0,0,0,0,0,3637,0,0,0,0,0,0,0,0,0
setting,lines,linear,100,0.3,construction_path,direct_fit,25,3682,3680,3680,0,0.99945681694731126,0.99945681694731126,0,3682,3680,3680,0,0.99945681694731126,0.99945681694731126,0,0,0,0
setting,lines,linear,100,0.3,construction_path,merged,25,3682,0,0,0,0,0,0,3682,0,0,0,0,0,0,0,0,0
setting,lines,linear,100,0.3,construction_path,plic_fallback,25,3682,2,2,0,0.00054318305268875606,0.00054318305268875606,0,3682,2,2,0,0.00054318305268875606,0.00054318305268875606,0,0,0,0
setting,lines,linear,100,0.3,final_facet,circular,25,3682,0,0,0,0,0,0,3682,0,0,0,0,0,0,0,0,0
setting,lines,linear,100,0.3,final_facet,curved_corner,25,3682,0,0,0,0,0,0,3682,0,0,0,0,0,0,0,0,0
setting,lines,linear,100,0.3,final_facet,linear,25,3682,3682,3682,0,1,1,0,3682,3682,3682,0,1,1,0,0,0,0
setting,lines,linear,100,0.3,final_facet,linear_corner,25,3682,0,0,0,0,0,0,3682,0,0,0,0,0,0,0,0,0
setting,lines,linear,100,0.3,merge,independent,25,3682,3682,3682,0,1,1,0,3682,3682,3682,0,1,1,0,0,0,0
setting,lines,linear,100,0.3,merge,merged,25,3682,0,0,0,0,0,0,3682,0,0,0,0,0,0,0,0,0
setting,lines,linear,100,0.3,orientation_status,oriented,25,3682,3680,3680,0,0.99945681694731126,0.99945681694731126,0,3682,0,0,0,0,0,0,0,0,0
setting,lines,linear,100,0.3,orientation_status,unresolved_or_deadend,25,3682,2,2,0,0.00054318305268875606,0.00054318305268875606,0,3682,0,0,0,0,0,0,0,0,0
setting,lines,linear,100,0.3,plic_fallback_policy,ELVIRA,25,3682,0,0,0,0,0,0,3682,0,0,0,0,0,0,0,0,0
setting,lines,linear,100,0.3,plic_fallback_policy,LVIRA,25,3682,2,2,0,0.00054318305268875606,0.00054318305268875606,0,3682,2,2,0,0.00054318305268875606,0.00054318305268875606,0,2,2,0
setting,lines,linear,100,0.3,plic_fallback_policy,Youngs,25,3682,0,0,0,0,0,0,3682,0,0,0,0,0,0,0,0,0
setting,lines,linear,100,0.3,rescue,corner_arc_corner_triplet,25,3682,0,0,0,0,0,0,3682,0,0,0,0,0,0,0,0,0
setting,lines,linear,100,0.3,rescue,curved_corner_loop,25,3682,0,0,0,0,0,0,3682,0,0,0,0,0,0,0,0,0
setting,lines,linear,100,0.3,rescue,curved_corner_transition,25,3682,0,0,0,0,0,0,3682,0,0,0,0,0,0,0,0,0
setting,lines,linear,100,0.3,rescue,exact_linear_support,25,3682,0,0,0,0,0,0,3682,0,0,0,0,0,0,0,0,0
setting,lines,linear,128,0,construction_path,direct_fit,25,4609,4609,4609,0,1,1,0,4609,4609,4609,0,1,1,0,0,0,0
setting,lines,linear,128,0,construction_path,merged,25,4609,0,0,0,0,0,0,4609,0,0,0,0,0,0,0,0,0
setting,lines,linear,128,0,construction_path,plic_fallback,25,4609,0,0,0,0,0,0,4609,0,0,0,0,0,0,0,0,0
setting,lines,linear,128,0,final_facet,circular,25,4609,0,0,0,0,0,0,4609,0,0,0,0,0,0,0,0,0
setting,lines,linear,128,0,final_facet,curved_corner,25,4609,0,0,0,0,0,0,4609,0,0,0,0,0,0,0,0,0
setting,lines,linear,128,0,final_facet,linear,25,4609,4609,4609,0,1,1,0,4609,4609,4609,0,1,1,0,0,0,0
setting,lines,linear,128,0,final_facet,linear_corner,25,4609,0,0,0,0,0,0,4609,0,0,0,0,0,0,0,0,0
setting,lines,linear,128,0,merge,independent,25,4609,4609,4609,0,1,1,0,4609,4609,4609,0,1,1,0,0,0,0
setting,lines,linear,128,0,merge,merged,25,4609,0,0,0,0,0,0,4609,0,0,0,0,0,0,0,0,0
setting,lines,linear,128,0,orientation_status,oriented,25,4609,4609,4609,0,1,1,0,4609,0,0,0,0,0,0,0,0,0
setting,lines,linear,128,0,orientation_status,unresolved_or_deadend,25,4609,0,0,0,0,0,0,4609,0,0,0,0,0,0,0,0,0
setting,lines,linear,128,0,plic_fallback_policy,ELVIRA,25,4609,0,0,0,0,0,0,4609,0,0,0,0,0,0,0,0,0
setting,lines,linear,128,0,plic_fallback_policy,LVIRA,25,4609,0,0,0,0,0,0,4609,0,0,0,0,0,0,0,0,0
setting,lines,linear,128,0,plic_fallback_policy,Youngs,25,4609,0,0,0,0,0,0,4609,0,0,0,0,0,0,0,0,0
setting,lines,linear,128,0,rescue,corner_arc_corner_triplet,25,4609,0,0,0,0,0,0,4609,0,0,0,0,0,0,0,0,0
setting,lines,linear,128,0,rescue,curved_corner_loop,25,4609,0,0,0,0,0,0,4609,0,0,0,0,0,0,0,0,0
setting,lines,linear,128,0,rescue,curved_corner_transition,25,4609,0,0,0,0,0,0,4609,0,0,0,0,0,0,0,0,0
setting,lines,linear,128,0,rescue,exact_linear_support,25,4609,0,0,0,0,0,0,4609,0,0,0,0,0,0,0,0,0
setting,lines,linear,128,0.05,construction_path,direct_fit,25,4608,4608,4608,0,1,1,0,4608,4608,4608,0,1,1,0,0,0,0
setting,lines,linear,128,0.05,construction_path,merged,25,4608,0,0,0,0,0,0,4608,0,0,0,0,0,0,0,0,0
setting,lines,linear,128,0.05,construction_path,plic_fallback,25,4608,0,0,0,0,0,0,4608,0,0,0,0,0,0,0,0,0
setting,lines,linear,128,0.05,final_facet,circular,25,4608,0,0,0,0,0,0,4608,0,0,0,0,0,0,0,0,0
setting,lines,linear,128,0.05,final_facet,curved_corner,25,4608,0,0,0,0,0,0,4608,0,0,0,0,0,0,0,0,0
setting,lines,linear,128,0.05,final_facet,linear,25,4608,4608,4608,0,1,1,0,4608,4608,4608,0,1,1,0,0,0,0
setting,lines,linear,128,0.05,final_facet,linear_corner,25,4608,0,0,0,0,0,0,4608,0,0,0,0,0,0,0,0,0
setting,lines,linear,128,0.05,merge,independent,25,4608,4608,4608,0,1,1,0,4608,4608,4608,0,1,1,0,0,0,0
setting,lines,linear,128,0.05,merge,merged,25,4608,0,0,0,0,0,0,4608,0,0,0,0,0,0,0,0,0
setting,lines,linear,128,0.05,orientation_status,oriented,25,4608,4608,4608,0,1,1,0,4608,0,0,0,0,0,0,0,0,0
setting,lines,linear,128,0.05,orientation_status,unresolved_or_deadend,25,4608,0,0,0,0,0,0,4608,0,0,0,0,0,0,0,0,0
setting,lines,linear,128,0.05,plic_fallback_policy,ELVIRA,25,4608,0,0,0,0,0,0,4608,0,0,0,0,0,0,0,0,0
setting,lines,linear,128,0.05,plic_fallback_policy,LVIRA,25,4608,0,0,0,0,0,0,4608,0,0,0,0,0,0,0,0,0
setting,lines,linear,128,0.05,plic_fallback_policy,Youngs,25,4608,0,0,0,0,0,0,4608,0,0,0,0,0,0,0,0,0
setting,lines,linear,128,0.05,rescue,corner_arc_corner_triplet,25,4608,0,0,0,0,0,0,4608,0,0,0,0,0,0,0,0,0
setting,lines,linear,128,0.05,rescue,curved_corner_loop,25,4608,0,0,0,0,0,0,4608,0,0,0,0,0,0,0,0,0
setting,lines,linear,128,0.05,rescue,curved_corner_transition,25,4608,0,0,0,0,0,0,4608,0,0,0,0,0,0,0,0,0
setting,lines,linear,128,0.05,rescue,exact_linear_support,25,4608,0,0,0,0,0,0,4608,0,0,0,0,0,0,0,0,0
setting,lines,linear,128,0.1,construction_path,direct_fit,25,4617,4617,4617,0,1,1,0,4617,4617,4617,0,1,1,0,0,0,0
setting,lines,linear,128,0.1,construction_path,merged,25,4617,0,0,0,0,0,0,4617,0,0,0,0,0,0,0,0,0
setting,lines,linear,128,0.1,construction_path,plic_fallback,25,4617,0,0,0,0,0,0,4617,0,0,0,0,0,0,0,0,0
setting,lines,linear,128,0.1,final_facet,circular,25,4617,0,0,0,0,0,0,4617,0,0,0,0,0,0,0,0,0
setting,lines,linear,128,0.1,final_facet,curved_corner,25,4617,0,0,0,0,0,0,4617,0,0,0,0,0,0,0,0,0
setting,lines,linear,128,0.1,final_facet,linear,25,4617,4617,4617,0,1,1,0,4617,4617,4617,0,1,1,0,0,0,0
setting,lines,linear,128,0.1,final_facet,linear_corner,25,4617,0,0,0,0,0,0,4617,0,0,0,0,0,0,0,0,0
setting,lines,linear,128,0.1,merge,independent,25,4617,4617,4617,0,1,1,0,4617,4617,4617,0,1,1,0,0,0,0
setting,lines,linear,128,0.1,merge,merged,25,4617,0,0,0,0,0,0,4617,0,0,0,0,0,0,0,0,0
setting,lines,linear,128,0.1,orientation_status,oriented,25,4617,4617,4617,0,1,1,0,4617,0,0,0,0,0,0,0,0,0
setting,lines,linear,128,0.1,orientation_status,unresolved_or_deadend,25,4617,0,0,0,0,0,0,4617,0,0,0,0,0,0,0,0,0
setting,lines,linear,128,0.1,plic_fallback_policy,ELVIRA,25,4617,0,0,0,0,0,0,4617,0,0,0,0,0,0,0,0,0
setting,lines,linear,128,0.1,plic_fallback_policy,LVIRA,25,4617,0,0,0,0,0,0,4617,0,0,0,0,0,0,0,0,0
setting,lines,linear,128,0.1,plic_fallback_policy,Youngs,25,4617,0,0,0,0,0,0,4617,0,0,0,0,0,0,0,0,0
setting,lines,linear,128,0.1,rescue,corner_arc_corner_triplet,25,4617,0,0,0,0,0,0,4617,0,0,0,0,0,0,0,0,0
setting,lines,linear,128,0.1,rescue,curved_corner_loop,25,4617,0,0,0,0,0,0,4617,0,0,0,0,0,0,0,0,0
setting,lines,linear,128,0.1,rescue,curved_corner_transition,25,4617,0,0,0,0,0,0,4617,0,0,0,0,0,0,0,0,0
setting,lines,linear,128,0.1,rescue,exact_linear_support,25,4617,0,0,0,0,0,0,4617,0,0,0,0,0,0,0,0,0
setting,lines,linear,128,0.2,construction_path,direct_fit,25,4651,4651,4651,0,1,1,0,4651,4651,4651,0,1,1,0,0,0,0
setting,lines,linear,128,0.2,construction_path,merged,25,4651,0,0,0,0,0,0,4651,0,0,0,0,0,0,0,0,0
setting,lines,linear,128,0.2,construction_path,plic_fallback,25,4651,0,0,0,0,0,0,4651,0,0,0,0,0,0,0,0,0
setting,lines,linear,128,0.2,final_facet,circular,25,4651,0,0,0,0,0,0,4651,0,0,0,0,0,0,0,0,0
setting,lines,linear,128,0.2,final_facet,curved_corner,25,4651,0,0,0,0,0,0,4651,0,0,0,0,0,0,0,0,0
setting,lines,linear,128,0.2,final_facet,linear,25,4651,4651,4651,0,1,1,0,4651,4651,4651,0,1,1,0,0,0,0
setting,lines,linear,128,0.2,final_facet,linear_corner,25,4651,0,0,0,0,0,0,4651,0,0,0,0,0,0,0,0,0
setting,lines,linear,128,0.2,merge,independent,25,4651,4651,4651,0,1,1,0,4651,4651,4651,0,1,1,0,0,0,0
setting,lines,linear,128,0.2,merge,merged,25,4651,0,0,0,0,0,0,4651,0,0,0,0,0,0,0,0,0
setting,lines,linear,128,0.2,orientation_status,oriented,25,4651,4651,4651,0,1,1,0,4651,0,0,0,0,0,0,0,0,0
setting,lines,linear,128,0.2,orientation_status,unresolved_or_deadend,25,4651,0,0,0,0,0,0,4651,0,0,0,0,0,0,0,0,0
setting,lines,linear,128,0.2,plic_fallback_policy,ELVIRA,25,4651,0,0,0,0,0,0,4651,0,0,0,0,0,0,0,0,0
setting,lines,linear,128,0.2,plic_fallback_policy,LVIRA,25,4651,0,0,0,0,0,0,4651,0,0,0,0,0,0,0,0,0
setting,lines,linear,128,0.2,plic_fallback_policy,Youngs,25,4651,0,0,0,0,0,0,4651,0,0,0,0,0,0,0,0,0
setting,lines,linear,128,0.2,rescue,corner_arc_corner_triplet,25,4651,0,0,0,0,0,0,4651,0,0,0,0,0,0,0,0,0
setting,lines,linear,128,0.2,rescue,curved_corner_loop,25,4651,0,0,0,0,0,0,4651,0,0,0,0,0,0,0,0,0
setting,lines,linear,128,0.2,rescue,curved_corner_transition,25,4651,0,0,0,0,0,0,4651,0,0,0,0,0,0,0,0,0
setting,lines,linear,128,0.2,rescue,exact_linear_support,25,4651,0,0,0,0,0,0,4651,0,0,0,0,0,0,0,0,0
setting,lines,linear,128,0.3,construction_path,direct_fit,25,4705,4705,4705,0,1,1,0,4705,4705,4705,0,1,1,0,0,0,0
setting,lines,linear,128,0.3,construction_path,merged,25,4705,0,0,0,0,0,0,4705,0,0,0,0,0,0,0,0,0
setting,lines,linear,128,0.3,construction_path,plic_fallback,25,4705,0,0,0,0,0,0,4705,0,0,0,0,0,0,0,0,0
setting,lines,linear,128,0.3,final_facet,circular,25,4705,0,0,0,0,0,0,4705,0,0,0,0,0,0,0,0,0
setting,lines,linear,128,0.3,final_facet,curved_corner,25,4705,0,0,0,0,0,0,4705,0,0,0,0,0,0,0,0,0
setting,lines,linear,128,0.3,final_facet,linear,25,4705,4705,4705,0,1,1,0,4705,4705,4705,0,1,1,0,0,0,0
setting,lines,linear,128,0.3,final_facet,linear_corner,25,4705,0,0,0,0,0,0,4705,0,0,0,0,0,0,0,0,0
setting,lines,linear,128,0.3,merge,independent,25,4705,4705,4705,0,1,1,0,4705,4705,4705,0,1,1,0,0,0,0
setting,lines,linear,128,0.3,merge,merged,25,4705,0,0,0,0,0,0,4705,0,0,0,0,0,0,0,0,0
setting,lines,linear,128,0.3,orientation_status,oriented,25,4705,4705,4705,0,1,1,0,4705,0,0,0,0,0,0,0,0,0
setting,lines,linear,128,0.3,orientation_status,unresolved_or_deadend,25,4705,0,0,0,0,0,0,4705,0,0,0,0,0,0,0,0,0
setting,lines,linear,128,0.3,plic_fallback_policy,ELVIRA,25,4705,0,0,0,0,0,0,4705,0,0,0,0,0,0,0,0,0
setting,lines,linear,128,0.3,plic_fallback_policy,LVIRA,25,4705,0,0,0,0,0,0,4705,0,0,0,0,0,0,0,0,0
setting,lines,linear,128,0.3,plic_fallback_policy,Youngs,25,4705,0,0,0,0,0,0,4705,0,0,0,0,0,0,0,0,0
setting,lines,linear,128,0.3,rescue,corner_arc_corner_triplet,25,4705,0,0,0,0,0,0,4705,0,0,0,0,0,0,0,0,0
setting,lines,linear,128,0.3,rescue,curved_corner_loop,25,4705,0,0,0,0,0,0,4705,0,0,0,0,0,0,0,0,0
setting,lines,linear,128,0.3,rescue,curved_corner_transition,25,4705,0,0,0,0,0,0,4705,0,0,0,0,0,0,0,0,0
setting,lines,linear,128,0.3,rescue,exact_linear_support,25,4705,0,0,0,0,0,0,4705,0,0,0,0,0,0,0,0,0
setting,lines,linear,150,0,construction_path,direct_fit,25,5402,5402,5402,0,1,1,0,5402,5402,5402,0,1,1,0,0,0,0
setting,lines,linear,150,0,construction_path,merged,25,5402,0,0,0,0,0,0,5402,0,0,0,0,0,0,0,0,0
setting,lines,linear,150,0,construction_path,plic_fallback,25,5402,0,0,0,0,0,0,5402,0,0,0,0,0,0,0,0,0
setting,lines,linear,150,0,final_facet,circular,25,5402,0,0,0,0,0,0,5402,0,0,0,0,0,0,0,0,0
setting,lines,linear,150,0,final_facet,curved_corner,25,5402,0,0,0,0,0,0,5402,0,0,0,0,0,0,0,0,0
setting,lines,linear,150,0,final_facet,linear,25,5402,5402,5402,0,1,1,0,5402,5402,5402,0,1,1,0,0,0,0
setting,lines,linear,150,0,final_facet,linear_corner,25,5402,0,0,0,0,0,0,5402,0,0,0,0,0,0,0,0,0
setting,lines,linear,150,0,merge,independent,25,5402,5402,5402,0,1,1,0,5402,5402,5402,0,1,1,0,0,0,0
setting,lines,linear,150,0,merge,merged,25,5402,0,0,0,0,0,0,5402,0,0,0,0,0,0,0,0,0
setting,lines,linear,150,0,orientation_status,oriented,25,5402,5402,5402,0,1,1,0,5402,0,0,0,0,0,0,0,0,0
setting,lines,linear,150,0,orientation_status,unresolved_or_deadend,25,5402,0,0,0,0,0,0,5402,0,0,0,0,0,0,0,0,0
setting,lines,linear,150,0,plic_fallback_policy,ELVIRA,25,5402,0,0,0,0,0,0,5402,0,0,0,0,0,0,0,0,0
setting,lines,linear,150,0,plic_fallback_policy,LVIRA,25,5402,0,0,0,0,0,0,5402,0,0,0,0,0,0,0,0,0
setting,lines,linear,150,0,plic_fallback_policy,Youngs,25,5402,0,0,0,0,0,0,5402,0,0,0,0,0,0,0,0,0
setting,lines,linear,150,0,rescue,corner_arc_corner_triplet,25,5402,0,0,0,0,0,0,5402,0,0,0,0,0,0,0,0,0
setting,lines,linear,150,0,rescue,curved_corner_loop,25,5402,0,0,0,0,0,0,5402,0,0,0,0,0,0,0,0,0
setting,lines,linear,150,0,rescue,curved_corner_transition,25,5402,0,0,0,0,0,0,5402,0,0,0,0,0,0,0,0,0
setting,lines,linear,150,0,rescue,exact_linear_support,25,5402,0,0,0,0,0,0,5402,0,0,0,0,0,0,0,0,0
setting,lines,linear,150,0.05,construction_path,direct_fit,25,5404,5404,5404,0,1,1,0,5404,5404,5404,0,1,1,0,0,0,0
setting,lines,linear,150,0.05,construction_path,merged,25,5404,0,0,0,0,0,0,5404,0,0,0,0,0,0,0,0,0
setting,lines,linear,150,0.05,construction_path,plic_fallback,25,5404,0,0,0,0,0,0,5404,0,0,0,0,0,0,0,0,0
setting,lines,linear,150,0.05,final_facet,circular,25,5404,0,0,0,0,0,0,5404,0,0,0,0,0,0,0,0,0
setting,lines,linear,150,0.05,final_facet,curved_corner,25,5404,0,0,0,0,0,0,5404,0,0,0,0,0,0,0,0,0
setting,lines,linear,150,0.05,final_facet,linear,25,5404,5404,5404,0,1,1,0,5404,5404,5404,0,1,1,0,0,0,0
setting,lines,linear,150,0.05,final_facet,linear_corner,25,5404,0,0,0,0,0,0,5404,0,0,0,0,0,0,0,0,0
setting,lines,linear,150,0.05,merge,independent,25,5404,5404,5404,0,1,1,0,5404,5404,5404,0,1,1,0,0,0,0
setting,lines,linear,150,0.05,merge,merged,25,5404,0,0,0,0,0,0,5404,0,0,0,0,0,0,0,0,0
setting,lines,linear,150,0.05,orientation_status,oriented,25,5404,5404,5404,0,1,1,0,5404,0,0,0,0,0,0,0,0,0
setting,lines,linear,150,0.05,orientation_status,unresolved_or_deadend,25,5404,0,0,0,0,0,0,5404,0,0,0,0,0,0,0,0,0
setting,lines,linear,150,0.05,plic_fallback_policy,ELVIRA,25,5404,0,0,0,0,0,0,5404,0,0,0,0,0,0,0,0,0
setting,lines,linear,150,0.05,plic_fallback_policy,LVIRA,25,5404,0,0,0,0,0,0,5404,0,0,0,0,0,0,0,0,0
setting,lines,linear,150,0.05,plic_fallback_policy,Youngs,25,5404,0,0,0,0,0,0,5404,0,0,0,0,0,0,0,0,0
setting,lines,linear,150,0.05,rescue,corner_arc_corner_triplet,25,5404,0,0,0,0,0,0,5404,0,0,0,0,0,0,0,0,0
setting,lines,linear,150,0.05,rescue,curved_corner_loop,25,5404,0,0,0,0,0,0,5404,0,0,0,0,0,0,0,0,0
setting,lines,linear,150,0.05,rescue,curved_corner_transition,25,5404,0,0,0,0,0,0,5404,0,0,0,0,0,0,0,0,0
setting,lines,linear,150,0.05,rescue,exact_linear_support,25,5404,0,0,0,0,0,0,5404,0,0,0,0,0,0,0,0,0
setting,lines,linear,150,0.1,construction_path,direct_fit,25,5416,5416,5416,0,1,1,0,5416,5416,5416,0,1,1,0,0,0,0
setting,lines,linear,150,0.1,construction_path,merged,25,5416,0,0,0,0,0,0,5416,0,0,0,0,0,0,0,0,0
setting,lines,linear,150,0.1,construction_path,plic_fallback,25,5416,0,0,0,0,0,0,5416,0,0,0,0,0,0,0,0,0
setting,lines,linear,150,0.1,final_facet,circular,25,5416,0,0,0,0,0,0,5416,0,0,0,0,0,0,0,0,0
setting,lines,linear,150,0.1,final_facet,curved_corner,25,5416,0,0,0,0,0,0,5416,0,0,0,0,0,0,0,0,0
setting,lines,linear,150,0.1,final_facet,linear,25,5416,5416,5416,0,1,1,0,5416,5416,5416,0,1,1,0,0,0,0
setting,lines,linear,150,0.1,final_facet,linear_corner,25,5416,0,0,0,0,0,0,5416,0,0,0,0,0,0,0,0,0
setting,lines,linear,150,0.1,merge,independent,25,5416,5416,5416,0,1,1,0,5416,5416,5416,0,1,1,0,0,0,0
setting,lines,linear,150,0.1,merge,merged,25,5416,0,0,0,0,0,0,5416,0,0,0,0,0,0,0,0,0
setting,lines,linear,150,0.1,orientation_status,oriented,25,5416,5416,5416,0,1,1,0,5416,0,0,0,0,0,0,0,0,0
setting,lines,linear,150,0.1,orientation_status,unresolved_or_deadend,25,5416,0,0,0,0,0,0,5416,0,0,0,0,0,0,0,0,0
setting,lines,linear,150,0.1,plic_fallback_policy,ELVIRA,25,5416,0,0,0,0,0,0,5416,0,0,0,0,0,0,0,0,0
setting,lines,linear,150,0.1,plic_fallback_policy,LVIRA,25,5416,0,0,0,0,0,0,5416,0,0,0,0,0,0,0,0,0
setting,lines,linear,150,0.1,plic_fallback_policy,Youngs,25,5416,0,0,0,0,0,0,5416,0,0,0,0,0,0,0,0,0
setting,lines,linear,150,0.1,rescue,corner_arc_corner_triplet,25,5416,0,0,0,0,0,0,5416,0,0,0,0,0,0,0,0,0
setting,lines,linear,150,0.1,rescue,curved_corner_loop,25,5416,0,0,0,0,0,0,5416,0,0,0,0,0,0,0,0,0
setting,lines,linear,150,0.1,rescue,curved_corner_transition,25,5416,0,0,0,0,0,0,5416,0,0,0,0,0,0,0,0,0
setting,lines,linear,150,0.1,rescue,exact_linear_support,25,5416,0,0,0,0,0,0,5416,0,0,0,0,0,0,0,0,0
setting,lines,linear,150,0.2,construction_path,direct_fit,25,5458,5458,5458,0,1,1,0,5458,5458,5458,0,1,1,0,0,0,0
setting,lines,linear,150,0.2,construction_path,merged,25,5458,0,0,0,0,0,0,5458,0,0,0,0,0,0,0,0,0
setting,lines,linear,150,0.2,construction_path,plic_fallback,25,5458,0,0,0,0,0,0,5458,0,0,0,0,0,0,0,0,0
setting,lines,linear,150,0.2,final_facet,circular,25,5458,0,0,0,0,0,0,5458,0,0,0,0,0,0,0,0,0
setting,lines,linear,150,0.2,final_facet,curved_corner,25,5458,0,0,0,0,0,0,5458,0,0,0,0,0,0,0,0,0
setting,lines,linear,150,0.2,final_facet,linear,25,5458,5458,5458,0,1,1,0,5458,5458,5458,0,1,1,0,0,0,0
setting,lines,linear,150,0.2,final_facet,linear_corner,25,5458,0,0,0,0,0,0,5458,0,0,0,0,0,0,0,0,0
setting,lines,linear,150,0.2,merge,independent,25,5458,5458,5458,0,1,1,0,5458,5458,5458,0,1,1,0,0,0,0
setting,lines,linear,150,0.2,merge,merged,25,5458,0,0,0,0,0,0,5458,0,0,0,0,0,0,0,0,0
setting,lines,linear,150,0.2,orientation_status,oriented,25,5458,5458,5458,0,1,1,0,5458,0,0,0,0,0,0,0,0,0
setting,lines,linear,150,0.2,orientation_status,unresolved_or_deadend,25,5458,0,0,0,0,0,0,5458,0,0,0,0,0,0,0,0,0
setting,lines,linear,150,0.2,plic_fallback_policy,ELVIRA,25,5458,0,0,0,0,0,0,5458,0,0,0,0,0,0,0,0,0
setting,lines,linear,150,0.2,plic_fallback_policy,LVIRA,25,5458,0,0,0,0,0,0,5458,0,0,0,0,0,0,0,0,0
setting,lines,linear,150,0.2,plic_fallback_policy,Youngs,25,5458,0,0,0,0,0,0,5458,0,0,0,0,0,0,0,0,0
setting,lines,linear,150,0.2,rescue,corner_arc_corner_triplet,25,5458,0,0,0,0,0,0,5458,0,0,0,0,0,0,0,0,0
setting,lines,linear,150,0.2,rescue,curved_corner_loop,25,5458,0,0,0,0,0,0,5458,0,0,0,0,0,0,0,0,0
setting,lines,linear,150,0.2,rescue,curved_corner_transition,25,5458,0,0,0,0,0,0,5458,0,0,0,0,0,0,0,0,0
setting,lines,linear,150,0.2,rescue,exact_linear_support,25,5458,0,0,0,0,0,0,5458,0,0,0,0,0,0,0,0,0
setting,lines,linear,150,0.3,construction_path,direct_fit,25,5524,5233,5233,0,0.94732078204199854,0.94732078204199854,0,5524,5233,5233,0,0.94732078204199854,0.94732078204199854,0,0,0,0
setting,lines,linear,150,0.3,construction_path,merged,25,5524,0,0,0,0,0,0,5524,0,0,0,0,0,0,0,0,0
setting,lines,linear,150,0.3,construction_path,plic_fallback,25,5524,291,291,0,0.052679217958001449,0.052679217958001449,0,5524,291,291,0,0.052679217958001449,0.052679217958001449,0,0,0,0
setting,lines,linear,150,0.3,final_facet,circular,25,5524,0,0,0,0,0,0,5524,0,0,0,0,0,0,0,0,0
setting,lines,linear,150,0.3,final_facet,curved_corner,25,5524,0,0,0,0,0,0,5524,0,0,0,0,0,0,0,0,0
setting,lines,linear,150,0.3,final_facet,linear,25,5524,5524,5524,0,1,1,0,5524,5524,5524,0,1,1,0,0,0,0
setting,lines,linear,150,0.3,final_facet,linear_corner,25,5524,0,0,0,0,0,0,5524,0,0,0,0,0,0,0,0,0
setting,lines,linear,150,0.3,merge,independent,25,5524,5524,5524,0,1,1,0,5524,5524,5524,0,1,1,0,0,0,0
setting,lines,linear,150,0.3,merge,merged,25,5524,0,0,0,0,0,0,5524,0,0,0,0,0,0,0,0,0
setting,lines,linear,150,0.3,orientation_status,oriented,25,5524,5233,5233,0,0.94732078204199854,0.94732078204199854,0,5524,0,0,0,0,0,0,0,0,0
setting,lines,linear,150,0.3,orientation_status,unresolved_or_deadend,25,5524,291,291,0,0.052679217958001449,0.052679217958001449,0,5524,0,0,0,0,0,0,0,0,0
setting,lines,linear,150,0.3,plic_fallback_policy,ELVIRA,25,5524,0,0,0,0,0,0,5524,0,0,0,0,0,0,0,0,0
setting,lines,linear,150,0.3,plic_fallback_policy,LVIRA,25,5524,291,291,0,0.052679217958001449,0.052679217958001449,0,5524,291,291,0,0.052679217958001449,0.052679217958001449,0,291,291,0
setting,lines,linear,150,0.3,plic_fallback_policy,Youngs,25,5524,0,0,0,0,0,0,5524,0,0,0,0,0,0,0,0,0
setting,lines,linear,150,0.3,rescue,corner_arc_corner_triplet,25,5524,0,0,0,0,0,0,5524,0,0,0,0,0,0,0,0,0
setting,lines,linear,150,0.3,rescue,curved_corner_loop,25,5524,0,0,0,0,0,0,5524,0,0,0,0,0,0,0,0,0
setting,lines,linear,150,0.3,rescue,curved_corner_transition,25,5524,0,0,0,0,0,0,5524,0,0,0,0,0,0,0,0,0
setting,lines,linear,150,0.3,rescue,exact_linear_support,25,5524,0,0,0,0,0,0,5524,0,0,0,0,0,0,0,0,0
setting,lines,linear,32,0,construction_path,direct_fit,25,1155,1155,1155,0,1,1,0,1155,1155,1155,0,1,1,0,0,0,0
setting,lines,linear,32,0,construction_path,merged,25,1155,0,0,0,0,0,0,1155,0,0,0,0,0,0,0,0,0
setting,lines,linear,32,0,construction_path,plic_fallback,25,1155,0,0,0,0,0,0,1155,0,0,0,0,0,0,0,0,0
setting,lines,linear,32,0,final_facet,circular,25,1155,0,0,0,0,0,0,1155,0,0,0,0,0,0,0,0,0
setting,lines,linear,32,0,final_facet,curved_corner,25,1155,0,0,0,0,0,0,1155,0,0,0,0,0,0,0,0,0
setting,lines,linear,32,0,final_facet,linear,25,1155,1155,1155,0,1,1,0,1155,1155,1155,0,1,1,0,0,0,0
setting,lines,linear,32,0,final_facet,linear_corner,25,1155,0,0,0,0,0,0,1155,0,0,0,0,0,0,0,0,0
setting,lines,linear,32,0,merge,independent,25,1155,1155,1155,0,1,1,0,1155,1155,1155,0,1,1,0,0,0,0
setting,lines,linear,32,0,merge,merged,25,1155,0,0,0,0,0,0,1155,0,0,0,0,0,0,0,0,0
setting,lines,linear,32,0,orientation_status,oriented,25,1155,1155,1155,0,1,1,0,1155,0,0,0,0,0,0,0,0,0
setting,lines,linear,32,0,orientation_status,unresolved_or_deadend,25,1155,0,0,0,0,0,0,1155,0,0,0,0,0,0,0,0,0
setting,lines,linear,32,0,plic_fallback_policy,ELVIRA,25,1155,0,0,0,0,0,0,1155,0,0,0,0,0,0,0,0,0
setting,lines,linear,32,0,plic_fallback_policy,LVIRA,25,1155,0,0,0,0,0,0,1155,0,0,0,0,0,0,0,0,0
setting,lines,linear,32,0,plic_fallback_policy,Youngs,25,1155,0,0,0,0,0,0,1155,0,0,0,0,0,0,0,0,0
setting,lines,linear,32,0,rescue,corner_arc_corner_triplet,25,1155,0,0,0,0,0,0,1155,0,0,0,0,0,0,0,0,0
setting,lines,linear,32,0,rescue,curved_corner_loop,25,1155,0,0,0,0,0,0,1155,0,0,0,0,0,0,0,0,0
setting,lines,linear,32,0,rescue,curved_corner_transition,25,1155,0,0,0,0,0,0,1155,0,0,0,0,0,0,0,0,0
setting,lines,linear,32,0,rescue,exact_linear_support,25,1155,0,0,0,0,0,0,1155,0,0,0,0,0,0,0,0,0
setting,lines,linear,32,0.05,construction_path,direct_fit,25,1155,1155,1155,0,1,1,0,1155,1155,1155,0,1,1,0,0,0,0
setting,lines,linear,32,0.05,construction_path,merged,25,1155,0,0,0,0,0,0,1155,0,0,0,0,0,0,0,0,0
setting,lines,linear,32,0.05,construction_path,plic_fallback,25,1155,0,0,0,0,0,0,1155,0,0,0,0,0,0,0,0,0
setting,lines,linear,32,0.05,final_facet,circular,25,1155,0,0,0,0,0,0,1155,0,0,0,0,0,0,0,0,0
setting,lines,linear,32,0.05,final_facet,curved_corner,25,1155,0,0,0,0,0,0,1155,0,0,0,0,0,0,0,0,0
setting,lines,linear,32,0.05,final_facet,linear,25,1155,1155,1155,0,1,1,0,1155,1155,1155,0,1,1,0,0,0,0
setting,lines,linear,32,0.05,final_facet,linear_corner,25,1155,0,0,0,0,0,0,1155,0,0,0,0,0,0,0,0,0
setting,lines,linear,32,0.05,merge,independent,25,1155,1155,1155,0,1,1,0,1155,1155,1155,0,1,1,0,0,0,0
setting,lines,linear,32,0.05,merge,merged,25,1155,0,0,0,0,0,0,1155,0,0,0,0,0,0,0,0,0
setting,lines,linear,32,0.05,orientation_status,oriented,25,1155,1155,1155,0,1,1,0,1155,0,0,0,0,0,0,0,0,0
setting,lines,linear,32,0.05,orientation_status,unresolved_or_deadend,25,1155,0,0,0,0,0,0,1155,0,0,0,0,0,0,0,0,0
setting,lines,linear,32,0.05,plic_fallback_policy,ELVIRA,25,1155,0,0,0,0,0,0,1155,0,0,0,0,0,0,0,0,0
setting,lines,linear,32,0.05,plic_fallback_policy,LVIRA,25,1155,0,0,0,0,0,0,1155,0,0,0,0,0,0,0,0,0
setting,lines,linear,32,0.05,plic_fallback_policy,Youngs,25,1155,0,0,0,0,0,0,1155,0,0,0,0,0,0,0,0,0
setting,lines,linear,32,0.05,rescue,corner_arc_corner_triplet,25,1155,0,0,0,0,0,0,1155,0,0,0,0,0,0,0,0,0
setting,lines,linear,32,0.05,rescue,curved_corner_loop,25,1155,0,0,0,0,0,0,1155,0,0,0,0,0,0,0,0,0
setting,lines,linear,32,0.05,rescue,curved_corner_transition,25,1155,0,0,0,0,0,0,1155,0,0,0,0,0,0,0,0,0
setting,lines,linear,32,0.05,rescue,exact_linear_support,25,1155,0,0,0,0,0,0,1155,0,0,0,0,0,0,0,0,0
setting,lines,linear,32,0.1,construction_path,direct_fit,25,1157,1157,1157,0,1,1,0,1157,1157,1157,0,1,1,0,0,0,0
setting,lines,linear,32,0.1,construction_path,merged,25,1157,0,0,0,0,0,0,1157,0,0,0,0,0,0,0,0,0
setting,lines,linear,32,0.1,construction_path,plic_fallback,25,1157,0,0,0,0,0,0,1157,0,0,0,0,0,0,0,0,0
setting,lines,linear,32,0.1,final_facet,circular,25,1157,0,0,0,0,0,0,1157,0,0,0,0,0,0,0,0,0
setting,lines,linear,32,0.1,final_facet,curved_corner,25,1157,0,0,0,0,0,0,1157,0,0,0,0,0,0,0,0,0
setting,lines,linear,32,0.1,final_facet,linear,25,1157,1157,1157,0,1,1,0,1157,1157,1157,0,1,1,0,0,0,0
setting,lines,linear,32,0.1,final_facet,linear_corner,25,1157,0,0,0,0,0,0,1157,0,0,0,0,0,0,0,0,0
setting,lines,linear,32,0.1,merge,independent,25,1157,1157,1157,0,1,1,0,1157,1157,1157,0,1,1,0,0,0,0
setting,lines,linear,32,0.1,merge,merged,25,1157,0,0,0,0,0,0,1157,0,0,0,0,0,0,0,0,0
setting,lines,linear,32,0.1,orientation_status,oriented,25,1157,1157,1157,0,1,1,0,1157,0,0,0,0,0,0,0,0,0
setting,lines,linear,32,0.1,orientation_status,unresolved_or_deadend,25,1157,0,0,0,0,0,0,1157,0,0,0,0,0,0,0,0,0
setting,lines,linear,32,0.1,plic_fallback_policy,ELVIRA,25,1157,0,0,0,0,0,0,1157,0,0,0,0,0,0,0,0,0
setting,lines,linear,32,0.1,plic_fallback_policy,LVIRA,25,1157,0,0,0,0,0,0,1157,0,0,0,0,0,0,0,0,0
setting,lines,linear,32,0.1,plic_fallback_policy,Youngs,25,1157,0,0,0,0,0,0,1157,0,0,0,0,0,0,0,0,0
setting,lines,linear,32,0.1,rescue,corner_arc_corner_triplet,25,1157,0,0,0,0,0,0,1157,0,0,0,0,0,0,0,0,0
setting,lines,linear,32,0.1,rescue,curved_corner_loop,25,1157,0,0,0,0,0,0,1157,0,0,0,0,0,0,0,0,0
setting,lines,linear,32,0.1,rescue,curved_corner_transition,25,1157,0,0,0,0,0,0,1157,0,0,0,0,0,0,0,0,0
setting,lines,linear,32,0.1,rescue,exact_linear_support,25,1157,0,0,0,0,0,0,1157,0,0,0,0,0,0,0,0,0
setting,lines,linear,32,0.2,construction_path,direct_fit,25,1171,1167,1167,0,0.99658411614005127,0.99658411614005127,0,1169,1167,1167,0,0.99828913601368696,0.99828913601368696,0,0,0,0
setting,lines,linear,32,0.2,construction_path,merged,25,1171,4,4,0,0.0034158838599487617,0.0034158838599487617,0,1169,2,2,0,0.001710863986313088,0.001710863986313088,0,0,0,0
setting,lines,linear,32,0.2,construction_path,plic_fallback,25,1171,0,0,0,0,0,0,1169,0,0,0,0,0,0,0,0,0
setting,lines,linear,32,0.2,final_facet,circular,25,1171,0,0,0,0,0,0,1169,0,0,0,0,0,0,0,0,0
setting,lines,linear,32,0.2,final_facet,curved_corner,25,1171,0,0,0,0,0,0,1169,0,0,0,0,0,0,0,0,0
setting,lines,linear,32,0.2,final_facet,linear,25,1171,1171,1171,0,1,1,0,1169,1169,1169,0,1,1,0,0,0,0
setting,lines,linear,32,0.2,final_facet,linear_corner,25,1171,0,0,0,0,0,0,1169,0,0,0,0,0,0,0,0,0
setting,lines,linear,32,0.2,merge,independent,25,1171,1167,1167,0,0.99658411614005127,0.99658411614005127,0,1169,1167,1167,0,0.99828913601368696,0.99828913601368696,0,0,0,0
setting,lines,linear,32,0.2,merge,merged,25,1171,4,4,0,0.0034158838599487617,0.0034158838599487617,0,1169,2,2,0,0.001710863986313088,0.001710863986313088,0,0,0,0
setting,lines,linear,32,0.2,orientation_status,oriented,25,1171,1171,1171,0,1,1,0,1169,0,0,0,0,0,0,0,0,0
setting,lines,linear,32,0.2,orientation_status,unresolved_or_deadend,25,1171,0,0,0,0,0,0,1169,0,0,0,0,0,0,0,0,0
setting,lines,linear,32,0.2,plic_fallback_policy,ELVIRA,25,1171,0,0,0,0,0,0,1169,0,0,0,0,0,0,0,0,0
setting,lines,linear,32,0.2,plic_fallback_policy,LVIRA,25,1171,0,0,0,0,0,0,1169,0,0,0,0,0,0,0,0,0
setting,lines,linear,32,0.2,plic_fallback_policy,Youngs,25,1171,0,0,0,0,0,0,1169,0,0,0,0,0,0,0,0,0
setting,lines,linear,32,0.2,rescue,corner_arc_corner_triplet,25,1171,0,0,0,0,0,0,1169,0,0,0,0,0,0,0,0,0
setting,lines,linear,32,0.2,rescue,curved_corner_loop,25,1171,0,0,0,0,0,0,1169,0,0,0,0,0,0,0,0,0
setting,lines,linear,32,0.2,rescue,curved_corner_transition,25,1171,0,0,0,0,0,0,1169,0,0,0,0,0,0,0,0,0
setting,lines,linear,32,0.2,rescue,exact_linear_support,25,1171,0,0,0,0,0,0,1169,0,0,0,0,0,0,0,0,0
setting,lines,linear,32,0.3,construction_path,direct_fit,25,1181,1177,1177,0,0.9966130397967824,0.9966130397967824,0,1179,1177,1177,0,0.99830364715860898,0.99830364715860898,0,0,0,0
setting,lines,linear,32,0.3,construction_path,merged,25,1181,4,4,0,0.0033869602032176121,0.0033869602032176121,0,1179,2,2,0,0.0016963528413910093,0.0016963528413910093,0,0,0,0
setting,lines,linear,32,0.3,construction_path,plic_fallback,25,1181,0,0,0,0,0,0,1179,0,0,0,0,0,0,0,0,0
setting,lines,linear,32,0.3,final_facet,circular,25,1181,0,0,0,0,0,0,1179,0,0,0,0,0,0,0,0,0
setting,lines,linear,32,0.3,final_facet,curved_corner,25,1181,0,0,0,0,0,0,1179,0,0,0,0,0,0,0,0,0
setting,lines,linear,32,0.3,final_facet,linear,25,1181,1181,1181,0,1,1,0,1179,1179,1179,0,1,1,0,0,0,0
setting,lines,linear,32,0.3,final_facet,linear_corner,25,1181,0,0,0,0,0,0,1179,0,0,0,0,0,0,0,0,0
setting,lines,linear,32,0.3,merge,independent,25,1181,1177,1177,0,0.9966130397967824,0.9966130397967824,0,1179,1177,1177,0,0.99830364715860898,0.99830364715860898,0,0,0,0
setting,lines,linear,32,0.3,merge,merged,25,1181,4,4,0,0.0033869602032176121,0.0033869602032176121,0,1179,2,2,0,0.0016963528413910093,0.0016963528413910093,0,0,0,0
setting,lines,linear,32,0.3,orientation_status,oriented,25,1181,1181,1181,0,1,1,0,1179,0,0,0,0,0,0,0,0,0
setting,lines,linear,32,0.3,orientation_status,unresolved_or_deadend,25,1181,0,0,0,0,0,0,1179,0,0,0,0,0,0,0,0,0
setting,lines,linear,32,0.3,plic_fallback_policy,ELVIRA,25,1181,0,0,0,0,0,0,1179,0,0,0,0,0,0,0,0,0
setting,lines,linear,32,0.3,plic_fallback_policy,LVIRA,25,1181,0,0,0,0,0,0,1179,0,0,0,0,0,0,0,0,0
setting,lines,linear,32,0.3,plic_fallback_policy,Youngs,25,1181,0,0,0,0,0,0,1179,0,0,0,0,0,0,0,0,0
setting,lines,linear,32,0.3,rescue,corner_arc_corner_triplet,25,1181,0,0,0,0,0,0,1179,0,0,0,0,0,0,0,0,0
setting,lines,linear,32,0.3,rescue,curved_corner_loop,25,1181,0,0,0,0,0,0,1179,0,0,0,0,0,0,0,0,0
setting,lines,linear,32,0.3,rescue,curved_corner_transition,25,1181,0,0,0,0,0,0,1179,0,0,0,0,0,0,0,0,0
setting,lines,linear,32,0.3,rescue,exact_linear_support,25,1181,0,0,0,0,0,0,1179,0,0,0,0,0,0,0,0,0
setting,lines,linear,50,0,construction_path,direct_fit,25,1802,1802,1802,0,1,1,0,1802,1802,1802,0,1,1,0,0,0,0
setting,lines,linear,50,0,construction_path,merged,25,1802,0,0,0,0,0,0,1802,0,0,0,0,0,0,0,0,0
setting,lines,linear,50,0,construction_path,plic_fallback,25,1802,0,0,0,0,0,0,1802,0,0,0,0,0,0,0,0,0
setting,lines,linear,50,0,final_facet,circular,25,1802,0,0,0,0,0,0,1802,0,0,0,0,0,0,0,0,0
setting,lines,linear,50,0,final_facet,curved_corner,25,1802,0,0,0,0,0,0,1802,0,0,0,0,0,0,0,0,0
setting,lines,linear,50,0,final_facet,linear,25,1802,1802,1802,0,1,1,0,1802,1802,1802,0,1,1,0,0,0,0
setting,lines,linear,50,0,final_facet,linear_corner,25,1802,0,0,0,0,0,0,1802,0,0,0,0,0,0,0,0,0
setting,lines,linear,50,0,merge,independent,25,1802,1802,1802,0,1,1,0,1802,1802,1802,0,1,1,0,0,0,0
setting,lines,linear,50,0,merge,merged,25,1802,0,0,0,0,0,0,1802,0,0,0,0,0,0,0,0,0
setting,lines,linear,50,0,orientation_status,oriented,25,1802,1802,1802,0,1,1,0,1802,0,0,0,0,0,0,0,0,0
setting,lines,linear,50,0,orientation_status,unresolved_or_deadend,25,1802,0,0,0,0,0,0,1802,0,0,0,0,0,0,0,0,0
setting,lines,linear,50,0,plic_fallback_policy,ELVIRA,25,1802,0,0,0,0,0,0,1802,0,0,0,0,0,0,0,0,0
setting,lines,linear,50,0,plic_fallback_policy,LVIRA,25,1802,0,0,0,0,0,0,1802,0,0,0,0,0,0,0,0,0
setting,lines,linear,50,0,plic_fallback_policy,Youngs,25,1802,0,0,0,0,0,0,1802,0,0,0,0,0,0,0,0,0
setting,lines,linear,50,0,rescue,corner_arc_corner_triplet,25,1802,0,0,0,0,0,0,1802,0,0,0,0,0,0,0,0,0
setting,lines,linear,50,0,rescue,curved_corner_loop,25,1802,0,0,0,0,0,0,1802,0,0,0,0,0,0,0,0,0
setting,lines,linear,50,0,rescue,curved_corner_transition,25,1802,0,0,0,0,0,0,1802,0,0,0,0,0,0,0,0,0
setting,lines,linear,50,0,rescue,exact_linear_support,25,1802,0,0,0,0,0,0,1802,0,0,0,0,0,0,0,0,0
setting,lines,linear,50,0.05,construction_path,direct_fit,25,1802,1802,1802,0,1,1,0,1802,1802,1802,0,1,1,0,0,0,0
setting,lines,linear,50,0.05,construction_path,merged,25,1802,0,0,0,0,0,0,1802,0,0,0,0,0,0,0,0,0
setting,lines,linear,50,0.05,construction_path,plic_fallback,25,1802,0,0,0,0,0,0,1802,0,0,0,0,0,0,0,0,0
setting,lines,linear,50,0.05,final_facet,circular,25,1802,0,0,0,0,0,0,1802,0,0,0,0,0,0,0,0,0
setting,lines,linear,50,0.05,final_facet,curved_corner,25,1802,0,0,0,0,0,0,1802,0,0,0,0,0,0,0,0,0
setting,lines,linear,50,0.05,final_facet,linear,25,1802,1802,1802,0,1,1,0,1802,1802,1802,0,1,1,0,0,0,0
setting,lines,linear,50,0.05,final_facet,linear_corner,25,1802,0,0,0,0,0,0,1802,0,0,0,0,0,0,0,0,0
setting,lines,linear,50,0.05,merge,independent,25,1802,1802,1802,0,1,1,0,1802,1802,1802,0,1,1,0,0,0,0
setting,lines,linear,50,0.05,merge,merged,25,1802,0,0,0,0,0,0,1802,0,0,0,0,0,0,0,0,0
setting,lines,linear,50,0.05,orientation_status,oriented,25,1802,1802,1802,0,1,1,0,1802,0,0,0,0,0,0,0,0,0
setting,lines,linear,50,0.05,orientation_status,unresolved_or_deadend,25,1802,0,0,0,0,0,0,1802,0,0,0,0,0,0,0,0,0
setting,lines,linear,50,0.05,plic_fallback_policy,ELVIRA,25,1802,0,0,0,0,0,0,1802,0,0,0,0,0,0,0,0,0
setting,lines,linear,50,0.05,plic_fallback_policy,LVIRA,25,1802,0,0,0,0,0,0,1802,0,0,0,0,0,0,0,0,0
setting,lines,linear,50,0.05,plic_fallback_policy,Youngs,25,1802,0,0,0,0,0,0,1802,0,0,0,0,0,0,0,0,0
setting,lines,linear,50,0.05,rescue,corner_arc_corner_triplet,25,1802,0,0,0,0,0,0,1802,0,0,0,0,0,0,0,0,0
setting,lines,linear,50,0.05,rescue,curved_corner_loop,25,1802,0,0,0,0,0,0,1802,0,0,0,0,0,0,0,0,0
setting,lines,linear,50,0.05,rescue,curved_corner_transition,25,1802,0,0,0,0,0,0,1802,0,0,0,0,0,0,0,0,0
setting,lines,linear,50,0.05,rescue,exact_linear_support,25,1802,0,0,0,0,0,0,1802,0,0,0,0,0,0,0,0,0
setting,lines,linear,50,0.1,construction_path,direct_fit,25,1804,1804,1804,0,1,1,0,1804,1804,1804,0,1,1,0,0,0,0
setting,lines,linear,50,0.1,construction_path,merged,25,1804,0,0,0,0,0,0,1804,0,0,0,0,0,0,0,0,0
setting,lines,linear,50,0.1,construction_path,plic_fallback,25,1804,0,0,0,0,0,0,1804,0,0,0,0,0,0,0,0,0
setting,lines,linear,50,0.1,final_facet,circular,25,1804,0,0,0,0,0,0,1804,0,0,0,0,0,0,0,0,0
setting,lines,linear,50,0.1,final_facet,curved_corner,25,1804,0,0,0,0,0,0,1804,0,0,0,0,0,0,0,0,0
setting,lines,linear,50,0.1,final_facet,linear,25,1804,1804,1804,0,1,1,0,1804,1804,1804,0,1,1,0,0,0,0
setting,lines,linear,50,0.1,final_facet,linear_corner,25,1804,0,0,0,0,0,0,1804,0,0,0,0,0,0,0,0,0
setting,lines,linear,50,0.1,merge,independent,25,1804,1804,1804,0,1,1,0,1804,1804,1804,0,1,1,0,0,0,0
setting,lines,linear,50,0.1,merge,merged,25,1804,0,0,0,0,0,0,1804,0,0,0,0,0,0,0,0,0
setting,lines,linear,50,0.1,orientation_status,oriented,25,1804,1804,1804,0,1,1,0,1804,0,0,0,0,0,0,0,0,0
setting,lines,linear,50,0.1,orientation_status,unresolved_or_deadend,25,1804,0,0,0,0,0,0,1804,0,0,0,0,0,0,0,0,0
setting,lines,linear,50,0.1,plic_fallback_policy,ELVIRA,25,1804,0,0,0,0,0,0,1804,0,0,0,0,0,0,0,0,0
setting,lines,linear,50,0.1,plic_fallback_policy,LVIRA,25,1804,0,0,0,0,0,0,1804,0,0,0,0,0,0,0,0,0
setting,lines,linear,50,0.1,plic_fallback_policy,Youngs,25,1804,0,0,0,0,0,0,1804,0,0,0,0,0,0,0,0,0
setting,lines,linear,50,0.1,rescue,corner_arc_corner_triplet,25,1804,0,0,0,0,0,0,1804,0,0,0,0,0,0,0,0,0
setting,lines,linear,50,0.1,rescue,curved_corner_loop,25,1804,0,0,0,0,0,0,1804,0,0,0,0,0,0,0,0,0
setting,lines,linear,50,0.1,rescue,curved_corner_transition,25,1804,0,0,0,0,0,0,1804,0,0,0,0,0,0,0,0,0
setting,lines,linear,50,0.1,rescue,exact_linear_support,25,1804,0,0,0,0,0,0,1804,0,0,0,0,0,0,0,0,0
setting,lines,linear,50,0.2,construction_path,direct_fit,25,1816,1814,1814,0,0.99889867841409696,0.99889867841409696,0,1815,1814,1814,0,0.99944903581267219,0.99944903581267219,0,0,0,0
setting,lines,linear,50,0.2,construction_path,merged,25,1816,2,2,0,0.0011013215859030838,0.0011013215859030838,0,1815,1,1,0,0.00055096418732782364,0.00055096418732782364,0,0,0,0
setting,lines,linear,50,0.2,construction_path,plic_fallback,25,1816,0,0,0,0,0,0,1815,0,0,0,0,0,0,0,0,0
setting,lines,linear,50,0.2,final_facet,circular,25,1816,0,0,0,0,0,0,1815,0,0,0,0,0,0,0,0,0
setting,lines,linear,50,0.2,final_facet,curved_corner,25,1816,0,0,0,0,0,0,1815,0,0,0,0,0,0,0,0,0
setting,lines,linear,50,0.2,final_facet,linear,25,1816,1816,1816,0,1,1,0,1815,1815,1815,0,1,1,0,0,0,0
setting,lines,linear,50,0.2,final_facet,linear_corner,25,1816,0,0,0,0,0,0,1815,0,0,0,0,0,0,0,0,0
setting,lines,linear,50,0.2,merge,independent,25,1816,1814,1814,0,0.99889867841409696,0.99889867841409696,0,1815,1814,1814,0,0.99944903581267219,0.99944903581267219,0,0,0,0
setting,lines,linear,50,0.2,merge,merged,25,1816,2,2,0,0.0011013215859030838,0.0011013215859030838,0,1815,1,1,0,0.00055096418732782364,0.00055096418732782364,0,0,0,0
setting,lines,linear,50,0.2,orientation_status,oriented,25,1816,1816,1816,0,1,1,0,1815,0,0,0,0,0,0,0,0,0
setting,lines,linear,50,0.2,orientation_status,unresolved_or_deadend,25,1816,0,0,0,0,0,0,1815,0,0,0,0,0,0,0,0,0
setting,lines,linear,50,0.2,plic_fallback_policy,ELVIRA,25,1816,0,0,0,0,0,0,1815,0,0,0,0,0,0,0,0,0
setting,lines,linear,50,0.2,plic_fallback_policy,LVIRA,25,1816,0,0,0,0,0,0,1815,0,0,0,0,0,0,0,0,0
setting,lines,linear,50,0.2,plic_fallback_policy,Youngs,25,1816,0,0,0,0,0,0,1815,0,0,0,0,0,0,0,0,0
setting,lines,linear,50,0.2,rescue,corner_arc_corner_triplet,25,1816,0,0,0,0,0,0,1815,0,0,0,0,0,0,0,0,0
setting,lines,linear,50,0.2,rescue,curved_corner_loop,25,1816,0,0,0,0,0,0,1815,0,0,0,0,0,0,0,0,0
setting,lines,linear,50,0.2,rescue,curved_corner_transition,25,1816,0,0,0,0,0,0,1815,0,0,0,0,0,0,0,0,0
setting,lines,linear,50,0.2,rescue,exact_linear_support,25,1816,0,0,0,0,0,0,1815,0,0,0,0,0,0,0,0,0
setting,lines,linear,50,0.3,construction_path,direct_fit,25,1852,1848,1848,0,0.99784017278617709,0.99784017278617709,0,1850,1848,1848,0,0.99891891891891893,0.99891891891891893,0,0,0,0
setting,lines,linear,50,0.3,construction_path,merged,25,1852,4,4,0,0.0021598272138228943,0.0021598272138228943,0,1850,2,2,0,0.0010810810810810811,0.0010810810810810811,0,0,0,0
setting,lines,linear,50,0.3,construction_path,plic_fallback,25,1852,0,0,0,0,0,0,1850,0,0,0,0,0,0,0,0,0
setting,lines,linear,50,0.3,final_facet,circular,25,1852,0,0,0,0,0,0,1850,0,0,0,0,0,0,0,0,0
setting,lines,linear,50,0.3,final_facet,curved_corner,25,1852,0,0,0,0,0,0,1850,0,0,0,0,0,0,0,0,0
setting,lines,linear,50,0.3,final_facet,linear,25,1852,1852,1852,0,1,1,0,1850,1850,1850,0,1,1,0,0,0,0
setting,lines,linear,50,0.3,final_facet,linear_corner,25,1852,0,0,0,0,0,0,1850,0,0,0,0,0,0,0,0,0
setting,lines,linear,50,0.3,merge,independent,25,1852,1848,1848,0,0.99784017278617709,0.99784017278617709,0,1850,1848,1848,0,0.99891891891891893,0.99891891891891893,0,0,0,0
setting,lines,linear,50,0.3,merge,merged,25,1852,4,4,0,0.0021598272138228943,0.0021598272138228943,0,1850,2,2,0,0.0010810810810810811,0.0010810810810810811,0,0,0,0
setting,lines,linear,50,0.3,orientation_status,oriented,25,1852,1852,1852,0,1,1,0,1850,0,0,0,0,0,0,0,0,0
setting,lines,linear,50,0.3,orientation_status,unresolved_or_deadend,25,1852,0,0,0,0,0,0,1850,0,0,0,0,0,0,0,0,0
setting,lines,linear,50,0.3,plic_fallback_policy,ELVIRA,25,1852,0,0,0,0,0,0,1850,0,0,0,0,0,0,0,0,0
setting,lines,linear,50,0.3,plic_fallback_policy,LVIRA,25,1852,0,0,0,0,0,0,1850,0,0,0,0,0,0,0,0,0
setting,lines,linear,50,0.3,plic_fallback_policy,Youngs,25,1852,0,0,0,0,0,0,1850,0,0,0,0,0,0,0,0,0
setting,lines,linear,50,0.3,rescue,corner_arc_corner_triplet,25,1852,0,0,0,0,0,0,1850,0,0,0,0,0,0,0,0,0
setting,lines,linear,50,0.3,rescue,curved_corner_loop,25,1852,0,0,0,0,0,0,1850,0,0,0,0,0,0,0,0,0
setting,lines,linear,50,0.3,rescue,curved_corner_transition,25,1852,0,0,0,0,0,0,1850,0,0,0,0,0,0,0,0,0
setting,lines,linear,50,0.3,rescue,exact_linear_support,25,1852,0,0,0,0,0,0,1850,0,0,0,0,0,0,0,0,0
setting,lines,linear,64,0,construction_path,direct_fit,25,2307,2307,2307,0,1,1,0,2307,2307,2307,0,1,1,0,0,0,0
setting,lines,linear,64,0,construction_path,merged,25,2307,0,0,0,0,0,0,2307,0,0,0,0,0,0,0,0,0
setting,lines,linear,64,0,construction_path,plic_fallback,25,2307,0,0,0,0,0,0,2307,0,0,0,0,0,0,0,0,0
setting,lines,linear,64,0,final_facet,circular,25,2307,0,0,0,0,0,0,2307,0,0,0,0,0,0,0,0,0
setting,lines,linear,64,0,final_facet,curved_corner,25,2307,0,0,0,0,0,0,2307,0,0,0,0,0,0,0,0,0
setting,lines,linear,64,0,final_facet,linear,25,2307,2307,2307,0,1,1,0,2307,2307,2307,0,1,1,0,0,0,0
setting,lines,linear,64,0,final_facet,linear_corner,25,2307,0,0,0,0,0,0,2307,0,0,0,0,0,0,0,0,0
setting,lines,linear,64,0,merge,independent,25,2307,2307,2307,0,1,1,0,2307,2307,2307,0,1,1,0,0,0,0
setting,lines,linear,64,0,merge,merged,25,2307,0,0,0,0,0,0,2307,0,0,0,0,0,0,0,0,0
setting,lines,linear,64,0,orientation_status,oriented,25,2307,2307,2307,0,1,1,0,2307,0,0,0,0,0,0,0,0,0
setting,lines,linear,64,0,orientation_status,unresolved_or_deadend,25,2307,0,0,0,0,0,0,2307,0,0,0,0,0,0,0,0,0
setting,lines,linear,64,0,plic_fallback_policy,ELVIRA,25,2307,0,0,0,0,0,0,2307,0,0,0,0,0,0,0,0,0
setting,lines,linear,64,0,plic_fallback_policy,LVIRA,25,2307,0,0,0,0,0,0,2307,0,0,0,0,0,0,0,0,0
setting,lines,linear,64,0,plic_fallback_policy,Youngs,25,2307,0,0,0,0,0,0,2307,0,0,0,0,0,0,0,0,0
setting,lines,linear,64,0,rescue,corner_arc_corner_triplet,25,2307,0,0,0,0,0,0,2307,0,0,0,0,0,0,0,0,0
setting,lines,linear,64,0,rescue,curved_corner_loop,25,2307,0,0,0,0,0,0,2307,0,0,0,0,0,0,0,0,0
setting,lines,linear,64,0,rescue,curved_corner_transition,25,2307,0,0,0,0,0,0,2307,0,0,0,0,0,0,0,0,0
setting,lines,linear,64,0,rescue,exact_linear_support,25,2307,0,0,0,0,0,0,2307,0,0,0,0,0,0,0,0,0
setting,lines,linear,64,0.05,construction_path,direct_fit,25,2307,2307,2307,0,1,1,0,2307,2307,2307,0,1,1,0,0,0,0
setting,lines,linear,64,0.05,construction_path,merged,25,2307,0,0,0,0,0,0,2307,0,0,0,0,0,0,0,0,0
setting,lines,linear,64,0.05,construction_path,plic_fallback,25,2307,0,0,0,0,0,0,2307,0,0,0,0,0,0,0,0,0
setting,lines,linear,64,0.05,final_facet,circular,25,2307,0,0,0,0,0,0,2307,0,0,0,0,0,0,0,0,0
setting,lines,linear,64,0.05,final_facet,curved_corner,25,2307,0,0,0,0,0,0,2307,0,0,0,0,0,0,0,0,0
setting,lines,linear,64,0.05,final_facet,linear,25,2307,2307,2307,0,1,1,0,2307,2307,2307,0,1,1,0,0,0,0
setting,lines,linear,64,0.05,final_facet,linear_corner,25,2307,0,0,0,0,0,0,2307,0,0,0,0,0,0,0,0,0
setting,lines,linear,64,0.05,merge,independent,25,2307,2307,2307,0,1,1,0,2307,2307,2307,0,1,1,0,0,0,0
setting,lines,linear,64,0.05,merge,merged,25,2307,0,0,0,0,0,0,2307,0,0,0,0,0,0,0,0,0
setting,lines,linear,64,0.05,orientation_status,oriented,25,2307,2307,2307,0,1,1,0,2307,0,0,0,0,0,0,0,0,0
setting,lines,linear,64,0.05,orientation_status,unresolved_or_deadend,25,2307,0,0,0,0,0,0,2307,0,0,0,0,0,0,0,0,0
setting,lines,linear,64,0.05,plic_fallback_policy,ELVIRA,25,2307,0,0,0,0,0,0,2307,0,0,0,0,0,0,0,0,0
setting,lines,linear,64,0.05,plic_fallback_policy,LVIRA,25,2307,0,0,0,0,0,0,2307,0,0,0,0,0,0,0,0,0
setting,lines,linear,64,0.05,plic_fallback_policy,Youngs,25,2307,0,0,0,0,0,0,2307,0,0,0,0,0,0,0,0,0
setting,lines,linear,64,0.05,rescue,corner_arc_corner_triplet,25,2307,0,0,0,0,0,0,2307,0,0,0,0,0,0,0,0,0
setting,lines,linear,64,0.05,rescue,curved_corner_loop,25,2307,0,0,0,0,0,0,2307,0,0,0,0,0,0,0,0,0
setting,lines,linear,64,0.05,rescue,curved_corner_transition,25,2307,0,0,0,0,0,0,2307,0,0,0,0,0,0,0,0,0
setting,lines,linear,64,0.05,rescue,exact_linear_support,25,2307,0,0,0,0,0,0,2307,0,0,0,0,0,0,0,0,0
setting,lines,linear,64,0.1,construction_path,direct_fit,25,2311,2311,2311,0,1,1,0,2311,2311,2311,0,1,1,0,0,0,0
setting,lines,linear,64,0.1,construction_path,merged,25,2311,0,0,0,0,0,0,2311,0,0,0,0,0,0,0,0,0
setting,lines,linear,64,0.1,construction_path,plic_fallback,25,2311,0,0,0,0,0,0,2311,0,0,0,0,0,0,0,0,0
setting,lines,linear,64,0.1,final_facet,circular,25,2311,0,0,0,0,0,0,2311,0,0,0,0,0,0,0,0,0
setting,lines,linear,64,0.1,final_facet,curved_corner,25,2311,0,0,0,0,0,0,2311,0,0,0,0,0,0,0,0,0
setting,lines,linear,64,0.1,final_facet,linear,25,2311,2311,2311,0,1,1,0,2311,2311,2311,0,1,1,0,0,0,0
setting,lines,linear,64,0.1,final_facet,linear_corner,25,2311,0,0,0,0,0,0,2311,0,0,0,0,0,0,0,0,0
setting,lines,linear,64,0.1,merge,independent,25,2311,2311,2311,0,1,1,0,2311,2311,2311,0,1,1,0,0,0,0
setting,lines,linear,64,0.1,merge,merged,25,2311,0,0,0,0,0,0,2311,0,0,0,0,0,0,0,0,0
setting,lines,linear,64,0.1,orientation_status,oriented,25,2311,2311,2311,0,1,1,0,2311,0,0,0,0,0,0,0,0,0
setting,lines,linear,64,0.1,orientation_status,unresolved_or_deadend,25,2311,0,0,0,0,0,0,2311,0,0,0,0,0,0,0,0,0
setting,lines,linear,64,0.1,plic_fallback_policy,ELVIRA,25,2311,0,0,0,0,0,0,2311,0,0,0,0,0,0,0,0,0
setting,lines,linear,64,0.1,plic_fallback_policy,LVIRA,25,2311,0,0,0,0,0,0,2311,0,0,0,0,0,0,0,0,0
setting,lines,linear,64,0.1,plic_fallback_policy,Youngs,25,2311,0,0,0,0,0,0,2311,0,0,0,0,0,0,0,0,0
setting,lines,linear,64,0.1,rescue,corner_arc_corner_triplet,25,2311,0,0,0,0,0,0,2311,0,0,0,0,0,0,0,0,0
setting,lines,linear,64,0.1,rescue,curved_corner_loop,25,2311,0,0,0,0,0,0,2311,0,0,0,0,0,0,0,0,0
setting,lines,linear,64,0.1,rescue,curved_corner_transition,25,2311,0,0,0,0,0,0,2311,0,0,0,0,0,0,0,0,0
setting,lines,linear,64,0.1,rescue,exact_linear_support,25,2311,0,0,0,0,0,0,2311,0,0,0,0,0,0,0,0,0
setting,lines,linear,64,0.2,construction_path,direct_fit,25,2331,2329,2329,0,0.99914199914199919,0.99914199914199919,0,2330,2329,2329,0,0.99957081545064375,0.99957081545064375,0,0,0,0
setting,lines,linear,64,0.2,construction_path,merged,25,2331,2,2,0,0.00085800085800085801,0.00085800085800085801,0,2330,1,1,0,0.00042918454935622315,0.00042918454935622315,0,0,0,0
setting,lines,linear,64,0.2,construction_path,plic_fallback,25,2331,0,0,0,0,0,0,2330,0,0,0,0,0,0,0,0,0
setting,lines,linear,64,0.2,final_facet,circular,25,2331,0,0,0,0,0,0,2330,0,0,0,0,0,0,0,0,0
setting,lines,linear,64,0.2,final_facet,curved_corner,25,2331,0,0,0,0,0,0,2330,0,0,0,0,0,0,0,0,0
setting,lines,linear,64,0.2,final_facet,linear,25,2331,2331,2331,0,1,1,0,2330,2330,2330,0,1,1,0,0,0,0
setting,lines,linear,64,0.2,final_facet,linear_corner,25,2331,0,0,0,0,0,0,2330,0,0,0,0,0,0,0,0,0
setting,lines,linear,64,0.2,merge,independent,25,2331,2329,2329,0,0.99914199914199919,0.99914199914199919,0,2330,2329,2329,0,0.99957081545064375,0.99957081545064375,0,0,0,0
setting,lines,linear,64,0.2,merge,merged,25,2331,2,2,0,0.00085800085800085801,0.00085800085800085801,0,2330,1,1,0,0.00042918454935622315,0.00042918454935622315,0,0,0,0
setting,lines,linear,64,0.2,orientation_status,oriented,25,2331,2331,2331,0,1,1,0,2330,0,0,0,0,0,0,0,0,0
setting,lines,linear,64,0.2,orientation_status,unresolved_or_deadend,25,2331,0,0,0,0,0,0,2330,0,0,0,0,0,0,0,0,0
setting,lines,linear,64,0.2,plic_fallback_policy,ELVIRA,25,2331,0,0,0,0,0,0,2330,0,0,0,0,0,0,0,0,0
setting,lines,linear,64,0.2,plic_fallback_policy,LVIRA,25,2331,0,0,0,0,0,0,2330,0,0,0,0,0,0,0,0,0
setting,lines,linear,64,0.2,plic_fallback_policy,Youngs,25,2331,0,0,0,0,0,0,2330,0,0,0,0,0,0,0,0,0
setting,lines,linear,64,0.2,rescue,corner_arc_corner_triplet,25,2331,0,0,0,0,0,0,2330,0,0,0,0,0,0,0,0,0
setting,lines,linear,64,0.2,rescue,curved_corner_loop,25,2331,0,0,0,0,0,0,2330,0,0,0,0,0,0,0,0,0
setting,lines,linear,64,0.2,rescue,curved_corner_transition,25,2331,0,0,0,0,0,0,2330,0,0,0,0,0,0,0,0,0
setting,lines,linear,64,0.2,rescue,exact_linear_support,25,2331,0,0,0,0,0,0,2330,0,0,0,0,0,0,0,0,0
setting,lines,linear,64,0.3,construction_path,direct_fit,25,2367,2363,2363,0,0.99831009716941277,0.99831009716941277,0,2365,2363,2363,0,0.99915433403805498,0.99915433403805498,0,0,0,0
setting,lines,linear,64,0.3,construction_path,merged,25,2367,4,4,0,0.0016899028305872412,0.0016899028305872412,0,2365,2,2,0,0.00084566596194503166,0.00084566596194503166,0,0,0,0
setting,lines,linear,64,0.3,construction_path,plic_fallback,25,2367,0,0,0,0,0,0,2365,0,0,0,0,0,0,0,0,0
setting,lines,linear,64,0.3,final_facet,circular,25,2367,0,0,0,0,0,0,2365,0,0,0,0,0,0,0,0,0
setting,lines,linear,64,0.3,final_facet,curved_corner,25,2367,0,0,0,0,0,0,2365,0,0,0,0,0,0,0,0,0
setting,lines,linear,64,0.3,final_facet,linear,25,2367,2367,2367,0,1,1,0,2365,2365,2365,0,1,1,0,0,0,0
setting,lines,linear,64,0.3,final_facet,linear_corner,25,2367,0,0,0,0,0,0,2365,0,0,0,0,0,0,0,0,0
setting,lines,linear,64,0.3,merge,independent,25,2367,2363,2363,0,0.99831009716941277,0.99831009716941277,0,2365,2363,2363,0,0.99915433403805498,0.99915433403805498,0,0,0,0
setting,lines,linear,64,0.3,merge,merged,25,2367,4,4,0,0.0016899028305872412,0.0016899028305872412,0,2365,2,2,0,0.00084566596194503166,0.00084566596194503166,0,0,0,0
setting,lines,linear,64,0.3,orientation_status,oriented,25,2367,2367,2367,0,1,1,0,2365,0,0,0,0,0,0,0,0,0
setting,lines,linear,64,0.3,orientation_status,unresolved_or_deadend,25,2367,0,0,0,0,0,0,2365,0,0,0,0,0,0,0,0,0
setting,lines,linear,64,0.3,plic_fallback_policy,ELVIRA,25,2367,0,0,0,0,0,0,2365,0,0,0,0,0,0,0,0,0
setting,lines,linear,64,0.3,plic_fallback_policy,LVIRA,25,2367,0,0,0,0,0,0,2365,0,0,0,0,0,0,0,0,0
setting,lines,linear,64,0.3,plic_fallback_policy,Youngs,25,2367,0,0,0,0,0,0,2365,0,0,0,0,0,0,0,0,0
setting,lines,linear,64,0.3,rescue,corner_arc_corner_triplet,25,2367,0,0,0,0,0,0,2365,0,0,0,0,0,0,0,0,0
setting,lines,linear,64,0.3,rescue,curved_corner_loop,25,2367,0,0,0,0,0,0,2365,0,0,0,0,0,0,0,0,0
setting,lines,linear,64,0.3,rescue,curved_corner_transition,25,2367,0,0,0,0,0,0,2365,0,0,0,0,0,0,0,0,0
setting,lines,linear,64,0.3,rescue,exact_linear_support,25,2367,0,0,0,0,0,0,2365,0,0,0,0,0,0,0,0,0
setting,squares,circular,100,0,construction_path,direct_fit,25,2525,2499,2499,0,0.98970297029702969,0.98970297029702969,0,2512,2499,2499,0,0.9948248407643312,0.9948248407643312,0,0,0,0
setting,squares,circular,100,0,construction_path,merged,25,2525,26,26,0,0.010297029702970298,0.010297029702970298,0,2512,13,13,0,0.0051751592356687895,0.0051751592356687895,0,0,0,0
setting,squares,circular,100,0,construction_path,plic_fallback,25,2525,0,0,0,0,0,0,2512,0,0,0,0,0,0,0,0,0
setting,squares,circular,100,0,final_facet,circular,25,2525,280,281,1,0.11089108910891089,0.11128712871287129,0.00039603960396039639,2512,269,270,1,0.1070859872611465,0.10748407643312102,0.0003980891719745222,0,0,0
setting,squares,circular,100,0,final_facet,curved_corner,25,2525,0,0,0,0,0,0,2512,0,0,0,0,0,0,0,0,0
setting,squares,circular,100,0,final_facet,linear,25,2525,2245,2244,-1,0.88910891089108912,0.88871287128712873,-0.00039603960396039639,2512,2243,2242,-1,0.89291401273885351,0.89251592356687903,-0.00039808917197448057,0,0,0
setting,squares,circular,100,0,final_facet,linear_corner,25,2525,0,0,0,0,0,0,2512,0,0,0,0,0,0,0,0,0
setting,squares,circular,100,0,merge,independent,25,2525,2499,2499,0,0.98970297029702969,0.98970297029702969,0,2512,2499,2499,0,0.9948248407643312,0.9948248407643312,0,0,0,0
setting,squares,circular,100,0,merge,merged,25,2525,26,26,0,0.010297029702970298,0.010297029702970298,0,2512,13,13,0,0.0051751592356687895,0.0051751592356687895,0,0,0,0
setting,squares,circular,100,0,orientation_status,oriented,25,2525,2525,2525,0,1,1,0,2512,0,0,0,0,0,0,0,0,0
setting,squares,circular,100,0,orientation_status,unresolved_or_deadend,25,2525,0,0,0,0,0,0,2512,0,0,0,0,0,0,0,0,0
setting,squares,circular,100,0,plic_fallback_policy,ELVIRA,25,2525,0,0,0,0,0,0,2512,0,0,0,0,0,0,0,0,0
setting,squares,circular,100,0,plic_fallback_policy,LVIRA,25,2525,0,0,0,0,0,0,2512,0,0,0,0,0,0,0,0,0
setting,squares,circular,100,0,plic_fallback_policy,Youngs,25,2525,0,0,0,0,0,0,2512,0,0,0,0,0,0,0,0,0
setting,squares,circular,100,0,rescue,corner_arc_corner_triplet,25,2525,0,0,0,0,0,0,2512,0,0,0,0,0,0,0,0,0
setting,squares,circular,100,0,rescue,curved_corner_loop,25,2525,0,0,0,0,0,0,2512,0,0,0,0,0,0,0,0,0
setting,squares,circular,100,0,rescue,curved_corner_transition,25,2525,0,0,0,0,0,0,2512,0,0,0,0,0,0,0,0,0
setting,squares,circular,100,0,rescue,exact_linear_support,25,2525,0,0,0,0,0,0,2512,0,0,0,0,0,0,0,0,0
setting,squares,circular,100,0.05,construction_path,direct_fit,25,2520,2488,2488,0,0.98730158730158735,0.98730158730158735,0,2504,2488,2488,0,0.99361022364217255,0.99361022364217255,0,0,0,0
setting,squares,circular,100,0.05,construction_path,merged,25,2520,32,32,0,0.012698412698412698,0.012698412698412698,0,2504,16,16,0,0.0063897763578274758,0.0063897763578274758,0,0,0,0
setting,squares,circular,100,0.05,construction_path,plic_fallback,25,2520,0,0,0,0,0,0,2504,0,0,0,0,0,0,0,0,0
setting,squares,circular,100,0.05,final_facet,circular,25,2520,291,290,-1,0.11547619047619048,0.11507936507936507,-0.00039682539682540929,2504,277,276,-1,0.11062300319488817,0.11022364217252396,-0.00039936102236420856,0,0,0
setting,squares,circular,100,0.05,final_facet,curved_corner,25,2520,0,0,0,0,0,0,2504,0,0,0,0,0,0,0,0,0
setting,squares,circular,100,0.05,final_facet,linear,25,2520,2229,2230,1,0.88452380952380949,0.88492063492063489,0.00039682539682539542,2504,2227,2228,1,0.88937699680511184,0.88977635782747599,0.00039936102236415305,0,0,0
setting,squares,circular,100,0.05,final_facet,linear_corner,25,2520,0,0,0,0,0,0,2504,0,0,0,0,0,0,0,0,0
setting,squares,circular,100,0.05,merge,independent,25,2520,2488,2488,0,0.98730158730158735,0.98730158730158735,0,2504,2488,2488,0,0.99361022364217255,0.99361022364217255,0,0,0,0
setting,squares,circular,100,0.05,merge,merged,25,2520,32,32,0,0.012698412698412698,0.012698412698412698,0,2504,16,16,0,0.0063897763578274758,0.0063897763578274758,0,0,0,0
setting,squares,circular,100,0.05,orientation_status,oriented,25,2520,2520,2520,0,1,1,0,2504,0,0,0,0,0,0,0,0,0
setting,squares,circular,100,0.05,orientation_status,unresolved_or_deadend,25,2520,0,0,0,0,0,0,2504,0,0,0,0,0,0,0,0,0
setting,squares,circular,100,0.05,plic_fallback_policy,ELVIRA,25,2520,0,0,0,0,0,0,2504,0,0,0,0,0,0,0,0,0
setting,squares,circular,100,0.05,plic_fallback_policy,LVIRA,25,2520,0,0,0,0,0,0,2504,0,0,0,0,0,0,0,0,0
setting,squares,circular,100,0.05,plic_fallback_policy,Youngs,25,2520,0,0,0,0,0,0,2504,0,0,0,0,0,0,0,0,0
setting,squares,circular,100,0.05,rescue,corner_arc_corner_triplet,25,2520,0,0,0,0,0,0,2504,0,0,0,0,0,0,0,0,0
setting,squares,circular,100,0.05,rescue,curved_corner_loop,25,2520,0,0,0,0,0,0,2504,0,0,0,0,0,0,0,0,0
setting,squares,circular,100,0.05,rescue,curved_corner_transition,25,2520,0,0,0,0,0,0,2504,0,0,0,0,0,0,0,0,0
setting,squares,circular,100,0.05,rescue,exact_linear_support,25,2520,0,0,0,0,0,0,2504,0,0,0,0,0,0,0,0,0
setting,squares,circular,100,0.1,construction_path,direct_fit,25,2519,2485,2485,0,0.98650258038904326,0.98650258038904326,0,2502,2485,2485,0,0.99320543565147879,0.99320543565147879,0,0,0,0
setting,squares,circular,100,0.1,construction_path,merged,25,2519,34,34,0,0.013497419610956728,0.013497419610956728,0,2502,17,17,0,0.0067945643485211827,0.0067945643485211827,0,0,0,0
setting,squares,circular,100,0.1,construction_path,plic_fallback,25,2519,0,0,0,0,0,0,2502,0,0,0,0,0,0,0,0,0
setting,squares,circular,100,0.1,final_facet,circular,25,2519,294,297,3,0.1167129813418023,0.11790393013100436,0.001190948789202062,2502,279,282,3,0.11151079136690648,0.11270983213429256,0.0011990407673860837,0,0,0
setting,squares,circular,100,0.1,final_facet,curved_corner,25,2519,0,0,0,0,0,0,2502,0,0,0,0,0,0,0,0,0
setting,squares,circular,100,0.1,final_facet,linear,25,2519,2225,2222,-3,0.8832870186581977,0.88209606986899558,-0.0011909487892021176,2502,2223,2220,-3,0.88848920863309355,0.88729016786570747,-0.0011990407673860837,0,0,0
setting,squares,circular,100,0.1,final_facet,linear_corner,25,2519,0,0,0,0,0,0,2502,0,0,0,0,0,0,0,0,0
setting,squares,circular,100,0.1,merge,independent,25,2519,2485,2485,0,0.98650258038904326,0.98650258038904326,0,2502,2485,2485,0,0.99320543565147879,0.99320543565147879,0,0,0,0
setting,squares,circular,100,0.1,merge,merged,25,2519,34,34,0,0.013497419610956728,0.013497419610956728,0,2502,17,17,0,0.0067945643485211827,0.0067945643485211827,0,0,0,0
setting,squares,circular,100,0.1,orientation_status,oriented,25,2519,2519,2519,0,1,1,0,2502,0,0,0,0,0,0,0,0,0
setting,squares,circular,100,0.1,orientation_status,unresolved_or_deadend,25,2519,0,0,0,0,0,0,2502,0,0,0,0,0,0,0,0,0
setting,squares,circular,100,0.1,plic_fallback_policy,ELVIRA,25,2519,0,0,0,0,0,0,2502,0,0,0,0,0,0,0,0,0
setting,squares,circular,100,0.1,plic_fallback_policy,LVIRA,25,2519,0,0,0,0,0,0,2502,0,0,0,0,0,0,0,0,0
setting,squares,circular,100,0.1,plic_fallback_policy,Youngs,25,2519,0,0,0,0,0,0,2502,0,0,0,0,0,0,0,0,0
setting,squares,circular,100,0.1,rescue,corner_arc_corner_triplet,25,2519,0,0,0,0,0,0,2502,0,0,0,0,0,0,0,0,0
setting,squares,circular,100,0.1,rescue,curved_corner_loop,25,2519,0,0,0,0,0,0,2502,0,0,0,0,0,0,0,0,0
setting,squares,circular,100,0.1,rescue,curved_corner_transition,25,2519,0,0,0,0,0,0,2502,0,0,0,0,0,0,0,0,0
setting,squares,circular,100,0.1,rescue,exact_linear_support,25,2519,0,0,0,0,0,0,2502,0,0,0,0,0,0,0,0,0
setting,squares,circular,100,0.2,construction_path,direct_fit,25,2540,2502,2502,0,0.98503937007874021,0.98503937007874021,0,2522,2502,2502,0,0.9920697858842189,0.9920697858842189,0,0,0,0
setting,squares,circular,100,0.2,construction_path,merged,25,2540,36,36,0,0.014173228346456693,0.014173228346456693,0,2522,18,18,0,0.0071371927042030133,0.0071371927042030133,0,0,0,0
setting,squares,circular,100,0.2,construction_path,plic_fallback,25,2540,2,2,0,0.0007874015748031496,0.0007874015748031496,0,2522,2,2,0,0.00079302141157811261,0.00079302141157811261,0,0,0,0
setting,squares,circular,100,0.2,final_facet,circular,25,2540,299,301,2,0.11771653543307087,0.11850393700787401,0.00078740157480314266,2522,282,283,1,0.11181601903251388,0.11221252973830294,0.0003965107057890549,0,0,0
setting,squares,circular,100,0.2,final_facet,curved_corner,25,2540,0,0,0,0,0,0,2522,0,0,0,0,0,0,0,0,0
setting,squares,circular,100,0.2,final_facet,linear,25,2540,2241,2239,-2,0.88228346456692919,0.88149606299212602,-0.00078740157480317041,2522,2240,2239,-1,0.88818398096748608,0.88778747026169702,-0.0003965107057890549,0,0,0
setting,squares,circular,100,0.2,final_facet,linear_corner,25,2540,0,0,0,0,0,0,2522,0,0,0,0,0,0,0,0,0
setting,squares,circular,100,0.2,merge,independent,25,2540,2504,2504,0,0.98582677165354327,0.98582677165354327,0,2522,2504,2504,0,0.99286280729579701,0.99286280729579701,0,0,0,0
setting,squares,circular,100,0.2,merge,merged,25,2540,36,36,0,0.014173228346456693,0.014173228346456693,0,2522,18,18,0,0.0071371927042030133,0.0071371927042030133,0,0,0,0
setting,squares,circular,100,0.2,orientation_status,oriented,25,2540,2538,2538,0,0.99921259842519683,0.99921259842519683,0,2522,0,0,0,0,0,0,0,0,0
setting,squares,circular,100,0.2,orientation_status,unresolved_or_deadend,25,2540,2,2,0,0.0007874015748031496,0.0007874015748031496,0,2522,0,0,0,0,0,0,0,0,0
setting,squares,circular,100,0.2,plic_fallback_policy,ELVIRA,25,2540,0,0,0,0,0,0,2522,0,0,0,0,0,0,0,0,0
setting,squares,circular,100,0.2,plic_fallback_policy,LVIRA,25,2540,2,2,0,0.0007874015748031496,0.0007874015748031496,0,2522,2,2,0,0.00079302141157811261,0.00079302141157811261,0,2,2,0
setting,squares,circular,100,0.2,plic_fallback_policy,Youngs,25,2540,0,0,0,0,0,0,2522,0,0,0,0,0,0,0,0,0
setting,squares,circular,100,0.2,rescue,corner_arc_corner_triplet,25,2540,0,0,0,0,0,0,2522,0,0,0,0,0,0,0,0,0
setting,squares,circular,100,0.2,rescue,curved_corner_loop,25,2540,0,0,0,0,0,0,2522,0,0,0,0,0,0,0,0,0
setting,squares,circular,100,0.2,rescue,curved_corner_transition,25,2540,0,0,0,0,0,0,2522,0,0,0,0,0,0,0,0,0
setting,squares,circular,100,0.2,rescue,exact_linear_support,25,2540,0,0,0,0,0,0,2522,0,0,0,0,0,0,0,0,0
setting,squares,circular,100,0.3,construction_path,direct_fit,25,2577,2536,2536,0,0.98409002716336824,0.98409002716336824,0,2557,2536,2536,0,0.99178725068439577,0.99178725068439577,0,0,0,0
setting,squares,circular,100,0.3,construction_path,merged,25,2577,40,40,0,0.015521924718665115,0.015521924718665115,0,2557,20,20,0,0.0078216660148611658,0.0078216660148611658,0,0,0,0
setting,squares,circular,100,0.3,construction_path,plic_fallback,25,2577,1,1,0,0.00038804811796662784,0.00038804811796662784,0,2557,1,1,0,0.00039108330074305825,0.00039108330074305825,0,0,0,0
setting,squares,circular,100,0.3,final_facet,circular,25,2577,300,300,0,0.11641443538998836,0.11641443538998836,0,2557,283,283,0,0.11067657411028549,0.11067657411028549,0,0,0,0
setting,squares,circular,100,0.3,final_facet,curved_corner,25,2577,0,0,0,0,0,0,2557,0,0,0,0,0,0,0,0,0
setting,squares,circular,100,0.3,final_facet,linear,25,2577,2277,2277,0,0.88358556461001159,0.88358556461001159,0,2557,2274,2274,0,0.88932342588971447,0.88932342588971447,0,0,0,0
setting,squares,circular,100,0.3,final_facet,linear_corner,25,2577,0,0,0,0,0,0,2557,0,0,0,0,0,0,0,0,0
setting,squares,circular,100,0.3,merge,independent,25,2577,2537,2537,0,0.98447807528133491,0.98447807528133491,0,2557,2537,2537,0,0.99217833398513888,0.99217833398513888,0,0,0,0
setting,squares,circular,100,0.3,merge,merged,25,2577,40,40,0,0.015521924718665115,0.015521924718665115,0,2557,20,20,0,0.0078216660148611658,0.0078216660148611658,0,0,0,0
setting,squares,circular,100,0.3,orientation_status,oriented,25,2577,2576,2576,0,0.99961195188203333,0.99961195188203333,0,2557,0,0,0,0,0,0,0,0,0
setting,squares,circular,100,0.3,orientation_status,unresolved_or_deadend,25,2577,1,1,0,0.00038804811796662784,0.00038804811796662784,0,2557,0,0,0,0,0,0,0,0,0
setting,squares,circular,100,0.3,plic_fallback_policy,ELVIRA,25,2577,0,0,0,0,0,0,2557,0,0,0,0,0,0,0,0,0
setting,squares,circular,100,0.3,plic_fallback_policy,LVIRA,25,2577,1,1,0,0.00038804811796662784,0.00038804811796662784,0,2557,1,1,0,0.00039108330074305825,0.00039108330074305825,0,1,1,0
setting,squares,circular,100,0.3,plic_fallback_policy,Youngs,25,2577,0,0,0,0,0,0,2557,0,0,0,0,0,0,0,0,0
setting,squares,circular,100,0.3,rescue,corner_arc_corner_triplet,25,2577,0,0,0,0,0,0,2557,0,0,0,0,0,0,0,0,0
setting,squares,circular,100,0.3,rescue,curved_corner_loop,25,2577,0,0,0,0,0,0,2557,0,0,0,0,0,0,0,0,0
setting,squares,circular,100,0.3,rescue,curved_corner_transition,25,2577,0,0,0,0,0,0,2557,0,0,0,0,0,0,0,0,0
setting,squares,circular,100,0.3,rescue,exact_linear_support,25,2577,0,0,0,0,0,0,2557,0,0,0,0,0,0,0,0,0
setting,squares,circular,128,0,construction_path,direct_fit,25,3230,3202,3202,0,0.99133126934984517,0.99133126934984517,0,3216,3202,3202,0,0.99564676616915426,0.99564676616915426,0,0,0,0
setting,squares,circular,128,0,construction_path,merged,25,3230,28,28,0,0.0086687306501547993,0.0086687306501547993,0,3216,14,14,0,0.0043532338308457713,0.0043532338308457713,0,0,0,0
setting,squares,circular,128,0,construction_path,plic_fallback,25,3230,0,0,0,0,0,0,3216,0,0,0,0,0,0,0,0,0
setting,squares,circular,128,0,final_facet,circular,25,3230,289,289,0,0.089473684210526316,0.089473684210526316,0,3216,275,275,0,0.085509950248756225,0.085509950248756225,0,0,0,0
setting,squares,circular,128,0,final_facet,curved_corner,25,3230,0,0,0,0,0,0,3216,0,0,0,0,0,0,0,0,0
setting,squares,circular,128,0,final_facet,linear,25,3230,2941,2941,0,0.91052631578947374,0.91052631578947374,0,3216,2941,2941,0,0.91449004975124382,0.91449004975124382,0,0,0,0
setting,squares,circular,128,0,final_facet,linear_corner,25,3230,0,0,0,0,0,0,3216,0,0,0,0,0,0,0,0,0
setting,squares,circular,128,0,merge,independent,25,3230,3202,3202,0,0.99133126934984517,0.99133126934984517,0,3216,3202,3202,0,0.99564676616915426,0.99564676616915426,0,0,0,0
setting,squares,circular,128,0,merge,merged,25,3230,28,28,0,0.0086687306501547993,0.0086687306501547993,0,3216,14,14,0,0.0043532338308457713,0.0043532338308457713,0,0,0,0
setting,squares,circular,128,0,orientation_status,oriented,25,3230,3230,3230,0,1,1,0,3216,0,0,0,0,0,0,0,0,0
setting,squares,circular,128,0,orientation_status,unresolved_or_deadend,25,3230,0,0,0,0,0,0,3216,0,0,0,0,0,0,0,0,0
setting,squares,circular,128,0,plic_fallback_policy,ELVIRA,25,3230,0,0,0,0,0,0,3216,0,0,0,0,0,0,0,0,0
setting,squares,circular,128,0,plic_fallback_policy,LVIRA,25,3230,0,0,0,0,0,0,3216,0,0,0,0,0,0,0,0,0
setting,squares,circular,128,0,plic_fallback_policy,Youngs,25,3230,0,0,0,0,0,0,3216,0,0,0,0,0,0,0,0,0
setting,squares,circular,128,0,rescue,corner_arc_corner_triplet,25,3230,0,0,0,0,0,0,3216,0,0,0,0,0,0,0,0,0
setting,squares,circular,128,0,rescue,curved_corner_loop,25,3230,0,0,0,0,0,0,3216,0,0,0,0,0,0,0,0,0
setting,squares,circular,128,0,rescue,curved_corner_transition,25,3230,0,0,0,0,0,0,3216,0,0,0,0,0,0,0,0,0
setting,squares,circular,128,0,rescue,exact_linear_support,25,3230,0,0,0,0,0,0,3216,0,0,0,0,0,0,0,0,0
setting,squares,circular,128,0.05,construction_path,direct_fit,25,3230,3198,3198,0,0.99009287925696599,0.99009287925696599,0,3214,3198,3198,0,0.99502177971375239,0.99502177971375239,0,0,0,0
setting,squares,circular,128,0.05,construction_path,merged,25,3230,32,32,0,0.0099071207430340563,0.0099071207430340563,0,3214,16,16,0,0.0049782202862476664,0.0049782202862476664,0,0,0,0
setting,squares,circular,128,0.05,construction_path,plic_fallback,25,3230,0,0,0,0,0,0,3214,0,0,0,0,0,0,0,0,0
setting,squares,circular,128,0.05,final_facet,circular,25,3230,294,294,0,0.091021671826625392,0.091021671826625392,0,3214,278,278,0,0.086496577473553202,0.086496577473553202,0,0,0,0
setting,squares,circular,128,0.05,final_facet,curved_corner,25,3230,0,0,0,0,0,0,3214,0,0,0,0,0,0,0,0,0
setting,squares,circular,128,0.05,final_facet,linear,25,3230,2936,2936,0,0.90897832817337465,0.90897832817337465,0,3214,2936,2936,0,0.91350342252644678,0.91350342252644678,0,0,0,0
setting,squares,circular,128,0.05,final_facet,linear_corner,25,3230,0,0,0,0,0,0,3214,0,0,0,0,0,0,0,0,0
setting,squares,circular,128,0.05,merge,independent,25,3230,3198,3198,0,0.99009287925696599,0.99009287925696599,0,3214,3198,3198,0,0.99502177971375239,0.99502177971375239,0,0,0,0
setting,squares,circular,128,0.05,merge,merged,25,3230,32,32,0,0.0099071207430340563,0.0099071207430340563,0,3214,16,16,0,0.0049782202862476664,0.0049782202862476664,0,0,0,0
setting,squares,circular,128,0.05,orientation_status,oriented,25,3230,3230,3230,0,1,1,0,3214,0,0,0,0,0,0,0,0,0
setting,squares,circular,128,0.05,orientation_status,unresolved_or_deadend,25,3230,0,0,0,0,0,0,3214,0,0,0,0,0,0,0,0,0
setting,squares,circular,128,0.05,plic_fallback_policy,ELVIRA,25,3230,0,0,0,0,0,0,3214,0,0,0,0,0,0,0,0,0
setting,squares,circular,128,0.05,plic_fallback_policy,LVIRA,25,3230,0,0,0,0,0,0,3214,0,0,0,0,0,0,0,0,0
setting,squares,circular,128,0.05,plic_fallback_policy,Youngs,25,3230,0,0,0,0,0,0,3214,0,0,0,0,0,0,0,0,0
setting,squares,circular,128,0.05,rescue,corner_arc_corner_triplet,25,3230,0,0,0,0,0,0,3214,0,0,0,0,0,0,0,0,0
setting,squares,circular,128,0.05,rescue,curved_corner_loop,25,3230,0,0,0,0,0,0,3214,0,0,0,0,0,0,0,0,0
setting,squares,circular,128,0.05,rescue,curved_corner_transition,25,3230,0,0,0,0,0,0,3214,0,0,0,0,0,0,0,0,0
setting,squares,circular,128,0.05,rescue,exact_linear_support,25,3230,0,0,0,0,0,0,3214,0,0,0,0,0,0,0,0,0
setting,squares,circular,128,0.1,construction_path,direct_fit,25,3238,3206,3206,0,0.99011735639283505,0.99011735639283505,0,3222,3206,3206,0,0.99503414028553694,0.99503414028553694,0,0,0,0
setting,squares,circular,128,0.1,construction_path,merged,25,3238,32,32,0,0.0098826436071649173,0.0098826436071649173,0,3222,16,16,0,0.0049658597144630664,0.0049658597144630664,0,0,0,0
setting,squares,circular,128,0.1,construction_path,plic_fallback,25,3238,0,0,0,0,0,0,3222,0,0,0,0,0,0,0,0,0
setting,squares,circular,128,0.1,final_facet,circular,25,3238,295,293,-2,0.091105620753551581,0.090487955528103764,-0.00061766522544781655,3222,281,279,-2,0.087212911235257609,0.086592178770949726,-0.00062073246430788265,0,0,0
setting,squares,circular,128,0.1,final_facet,curved_corner,25,3238,0,0,0,0,0,0,3222,0,0,0,0,0,0,0,0,0
setting,squares,circular,128,0.1,final_facet,linear,25,3238,2943,2945,2,0.90889437924644845,0.90951204447189626,0.00061766522544781655,3222,2941,2943,2,0.91278708876474235,0.91340782122905029,0.00062073246430793816,0,0,0
setting,squares,circular,128,0.1,final_facet,linear_corner,25,3238,0,0,0,0,0,0,3222,0,0,0,0,0,0,0,0,0
setting,squares,circular,128,0.1,merge,independent,25,3238,3206,3206,0,0.99011735639283505,0.99011735639283505,0,3222,3206,3206,0,0.99503414028553694,0.99503414028553694,0,0,0,0
setting,squares,circular,128,0.1,merge,merged,25,3238,32,32,0,0.0098826436071649173,0.0098826436071649173,0,3222,16,16,0,0.0049658597144630664,0.0049658597144630664,0,0,0,0
setting,squares,circular,128,0.1,orientation_status,oriented,25,3238,3238,3238,0,1,1,0,3222,0,0,0,0,0,0,0,0,0
setting,squares,circular,128,0.1,orientation_status,unresolved_or_deadend,25,3238,0,0,0,0,0,0,3222,0,0,0,0,0,0,0,0,0
setting,squares,circular,128,0.1,plic_fallback_policy,ELVIRA,25,3238,0,0,0,0,0,0,3222,0,0,0,0,0,0,0,0,0
setting,squares,circular,128,0.1,plic_fallback_policy,LVIRA,25,3238,0,0,0,0,0,0,3222,0,0,0,0,0,0,0,0,0
setting,squares,circular,128,0.1,plic_fallback_policy,Youngs,25,3238,0,0,0,0,0,0,3222,0,0,0,0,0,0,0,0,0
setting,squares,circular,128,0.1,rescue,corner_arc_corner_triplet,25,3238,0,0,0,0,0,0,3222,0,0,0,0,0,0,0,0,0
setting,squares,circular,128,0.1,rescue,curved_corner_loop,25,3238,0,0,0,0,0,0,3222,0,0,0,0,0,0,0,0,0
setting,squares,circular,128,0.1,rescue,curved_corner_transition,25,3238,0,0,0,0,0,0,3222,0,0,0,0,0,0,0,0,0
setting,squares,circular,128,0.1,rescue,exact_linear_support,25,3238,0,0,0,0,0,0,3222,0,0,0,0,0,0,0,0,0
setting,squares,circular,128,0.2,construction_path,direct_fit,25,3272,3240,3240,0,0.99022004889975546,0.99022004889975546,0,3256,3240,3240,0,0.99508599508599505,0.99508599508599505,0,0,0,0
setting,squares,circular,128,0.2,construction_path,merged,25,3272,32,32,0,0.0097799511002444987,0.0097799511002444987,0,3256,16,16,0,0.0049140049140049139,0.0049140049140049139,0,0,0,0
setting,squares,circular,128,0.2,construction_path,plic_fallback,25,3272,0,0,0,0,0,0,3256,0,0,0,0,0,0,0,0,0
setting,squares,circular,128,0.2,final_facet,circular,25,3272,295,295,0,0.090158924205378979,0.090158924205378979,0,3256,281,281,0,0.086302211302211301,0.086302211302211301,0,0,0,0
setting,squares,circular,128,0.2,final_facet,curved_corner,25,3272,0,0,0,0,0,0,3256,0,0,0,0,0,0,0,0,0
setting,squares,circular,128,0.2,final_facet,linear,25,3272,2977,2977,0,0.90984107579462103,0.90984107579462103,0,3256,2975,2975,0,0.91369778869778873,0.91369778869778873,0,0,0,0
setting,squares,circular,128,0.2,final_facet,linear_corner,25,3272,0,0,0,0,0,0,3256,0,0,0,0,0,0,0,0,0
setting,squares,circular,128,0.2,merge,independent,25,3272,3240,3240,0,0.99022004889975546,0.99022004889975546,0,3256,3240,3240,0,0.99508599508599505,0.99508599508599505,0,0,0,0
setting,squares,circular,128,0.2,merge,merged,25,3272,32,32,0,0.0097799511002444987,0.0097799511002444987,0,3256,16,16,0,0.0049140049140049139,0.0049140049140049139,0,0,0,0
setting,squares,circular,128,0.2,orientation_status,oriented,25,3272,3272,3272,0,1,1,0,3256,0,0,0,0,0,0,0,0,0
setting,squares,circular,128,0.2,orientation_status,unresolved_or_deadend,25,3272,0,0,0,0,0,0,3256,0,0,0,0,0,0,0,0,0
setting,squares,circular,128,0.2,plic_fallback_policy,ELVIRA,25,3272,0,0,0,0,0,0,3256,0,0,0,0,0,0,0,0,0
setting,squares,circular,128,0.2,plic_fallback_policy,LVIRA,25,3272,0,0,0,0,0,0,3256,0,0,0,0,0,0,0,0,0
setting,squares,circular,128,0.2,plic_fallback_policy,Youngs,25,3272,0,0,0,0,0,0,3256,0,0,0,0,0,0,0,0,0
setting,squares,circular,128,0.2,rescue,corner_arc_corner_triplet,25,3272,0,0,0,0,0,0,3256,0,0,0,0,0,0,0,0,0
setting,squares,circular,128,0.2,rescue,curved_corner_loop,25,3272,0,0,0,0,0,0,3256,0,0,0,0,0,0,0,0,0
setting,squares,circular,128,0.2,rescue,curved_corner_transition,25,3272,0,0,0,0,0,0,3256,0,0,0,0,0,0,0,0,0
setting,squares,circular,128,0.2,rescue,exact_linear_support,25,3272,0,0,0,0,0,0,3256,0,0,0,0,0,0,0,0,0
setting,squares,circular,128,0.3,construction_path,direct_fit,25,3348,3308,3308,0,0.98805256869772995,0.98805256869772995,0,3330,3308,3308,0,0.99339339339339339,0.99339339339339339,0,0,0,0
setting,squares,circular,128,0.3,construction_path,merged,25,3348,36,36,0,0.010752688172043012,0.010752688172043012,0,3330,18,18,0,0.0054054054054054057,0.0054054054054054057,0,0,0,0
setting,squares,circular,128,0.3,construction_path,plic_fallback,25,3348,4,4,0,0.0011947431302270011,0.0011947431302270011,0,3330,4,4,0,0.0012012012012012011,0.0012012012012012011,0,0,0,0
setting,squares,circular,128,0.3,final_facet,circular,25,3348,296,296,0,0.088410991636798095,0.088410991636798095,0,3330,280,280,0,0.08408408408408409,0.08408408408408409,0,0,0,0
setting,squares,circular,128,0.3,final_facet,curved_corner,25,3348,0,0,0,0,0,0,3330,0,0,0,0,0,0,0,0,0
setting,squares,circular,128,0.3,final_facet,linear,25,3348,3052,3052,0,0.91158900836320189,0.91158900836320189,0,3330,3050,3050,0,0.91591591591591592,0.91591591591591592,0,0,0,0
setting,squares,circular,128,0.3,final_facet,linear_corner,25,3348,0,0,0,0,0,0,3330,0,0,0,0,0,0,0,0,0
setting,squares,circular,128,0.3,merge,independent,25,3348,3312,3312,0,0.989247311827957,0.989247311827957,0,3330,3312,3312,0,0.99459459459459465,0.99459459459459465,0,0,0,0
setting,squares,circular,128,0.3,merge,merged,25,3348,36,36,0,0.010752688172043012,0.010752688172043012,0,3330,18,18,0,0.0054054054054054057,0.0054054054054054057,0,0,0,0
setting,squares,circular,128,0.3,orientation_status,oriented,25,3348,3344,3344,0,0.99880525686977295,0.99880525686977295,0,3330,0,0,0,0,0,0,0,0,0
setting,squares,circular,128,0.3,orientation_status,unresolved_or_deadend,25,3348,4,4,0,0.0011947431302270011,0.0011947431302270011,0,3330,0,0,0,0,0,0,0,0,0
setting,squares,circular,128,0.3,plic_fallback_policy,ELVIRA,25,3348,0,0,0,0,0,0,3330,0,0,0,0,0,0,0,0,0
setting,squares,circular,128,0.3,plic_fallback_policy,LVIRA,25,3348,4,4,0,0.0011947431302270011,0.0011947431302270011,0,3330,4,4,0,0.0012012012012012011,0.0012012012012012011,0,4,4,0
setting,squares,circular,128,0.3,plic_fallback_policy,Youngs,25,3348,0,0,0,0,0,0,3330,0,0,0,0,0,0,0,0,0
setting,squares,circular,128,0.3,rescue,corner_arc_corner_triplet,25,3348,0,0,0,0,0,0,3330,0,0,0,0,0,0,0,0,0
setting,squares,circular,128,0.3,rescue,curved_corner_loop,25,3348,0,0,0,0,0,0,3330,0,0,0,0,0,0,0,0,0
setting,squares,circular,128,0.3,rescue,curved_corner_transition,25,3348,0,0,0,0,0,0,3330,0,0,0,0,0,0,0,0,0
setting,squares,circular,128,0.3,rescue,exact_linear_support,25,3348,0,0,0,0,0,0,3330,0,0,0,0,0,0,0,0,0
setting,squares,circular,150,0,construction_path,direct_fit,25,3793,3763,3763,0,0.99209069338254685,0.99209069338254685,0,3778,3763,3763,0,0.9960296453149815,0.9960296453149815,0,0,0,0
setting,squares,circular,150,0,construction_path,merged,25,3793,30,30,0,0.0079093066174532028,0.0079093066174532028,0,3778,15,15,0,0.0039703546850185286,0.0039703546850185286,0,0,0,0
setting,squares,circular,150,0,construction_path,plic_fallback,25,3793,0,0,0,0,0,0,3778,0,0,0,0,0,0,0,0,0
setting,squares,circular,150,0,final_facet,circular,25,3793,294,294,0,0.07751120485104139,0.07751120485104139,0,3778,281,281,0,0.074377977766013764,0.074377977766013764,0,0,0,0
setting,squares,circular,150,0,final_facet,curved_corner,25,3793,0,0,0,0,0,0,3778,0,0,0,0,0,0,0,0,0
setting,squares,circular,150,0,final_facet,linear,25,3793,3499,3499,0,0.92248879514895865,0.92248879514895865,0,3778,3497,3497,0,0.92562202223398626,0.92562202223398626,0,0,0,0
setting,squares,circular,150,0,final_facet,linear_corner,25,3793,0,0,0,0,0,0,3778,0,0,0,0,0,0,0,0,0
setting,squares,circular,150,0,merge,independent,25,3793,3763,3763,0,0.99209069338254685,0.99209069338254685,0,3778,3763,3763,0,0.9960296453149815,0.9960296453149815,0,0,0,0
setting,squares,circular,150,0,merge,merged,25,3793,30,30,0,0.0079093066174532028,0.0079093066174532028,0,3778,15,15,0,0.0039703546850185286,0.0039703546850185286,0,0,0,0
setting,squares,circular,150,0,orientation_status,oriented,25,3793,3793,3793,0,1,1,0,3778,0,0,0,0,0,0,0,0,0
setting,squares,circular,150,0,orientation_status,unresolved_or_deadend,25,3793,0,0,0,0,0,0,3778,0,0,0,0,0,0,0,0,0
setting,squares,circular,150,0,plic_fallback_policy,ELVIRA,25,3793,0,0,0,0,0,0,3778,0,0,0,0,0,0,0,0,0
setting,squares,circular,150,0,plic_fallback_policy,LVIRA,25,3793,0,0,0,0,0,0,3778,0,0,0,0,0,0,0,0,0
setting,squares,circular,150,0,plic_fallback_policy,Youngs,25,3793,0,0,0,0,0,0,3778,0,0,0,0,0,0,0,0,0
setting,squares,circular,150,0,rescue,corner_arc_corner_triplet,25,3793,0,0,0,0,0,0,3778,0,0,0,0,0,0,0,0,0
setting,squares,circular,150,0,rescue,curved_corner_loop,25,3793,0,0,0,0,0,0,3778,0,0,0,0,0,0,0,0,0
setting,squares,circular,150,0,rescue,curved_corner_transition,25,3793,0,0,0,0,0,0,3778,0,0,0,0,0,0,0,0,0
setting,squares,circular,150,0,rescue,exact_linear_support,25,3793,0,0,0,0,0,0,3778,0,0,0,0,0,0,0,0,0
setting,squares,circular,150,0.05,construction_path,direct_fit,25,3798,3774,3774,0,0.99368088467614535,0.99368088467614535,0,3786,3774,3774,0,0.99683042789223453,0.99683042789223453,0,0,0,0
setting,squares,circular,150,0.05,construction_path,merged,25,3798,24,24,0,0.0063191153238546603,0.0063191153238546603,0,3786,12,12,0,0.0031695721077654518,0.0031695721077654518,0,0,0,0
setting,squares,circular,150,0.05,construction_path,plic_fallback,25,3798,0,0,0,0,0,0,3786,0,0,0,0,0,0,0,0,0
setting,squares,circular,150,0.05,final_facet,circular,25,3798,293,293,0,0.077145866245392311,0.077145866245392311,0,3786,281,281,0,0.074220813523507664,0.074220813523507664,0,0,0,0
setting,squares,circular,150,0.05,final_facet,curved_corner,25,3798,0,0,0,0,0,0,3786,0,0,0,0,0,0,0,0,0
setting,squares,circular,150,0.05,final_facet,linear,25,3798,3505,3505,0,0.92285413375460768,0.92285413375460768,0,3786,3505,3505,0,0.92577918647649238,0.92577918647649238,0,0,0,0
setting,squares,circular,150,0.05,final_facet,linear_corner,25,3798,0,0,0,0,0,0,3786,0,0,0,0,0,0,0,0,0
setting,squares,circular,150,0.05,merge,independent,25,3798,3774,3774,0,0.99368088467614535,0.99368088467614535,0,3786,3774,3774,0,0.99683042789223453,0.99683042789223453,0,0,0,0
setting,squares,circular,150,0.05,merge,merged,25,3798,24,24,0,0.0063191153238546603,0.0063191153238546603,0,3786,12,12,0,0.0031695721077654518,0.0031695721077654518,0,0,0,0
setting,squares,circular,150,0.05,orientation_status,oriented,25,3798,3798,3798,0,1,1,0,3786,0,0,0,0,0,0,0,0,0
setting,squares,circular,150,0.05,orientation_status,unresolved_or_deadend,25,3798,0,0,0,0,0,0,3786,0,0,0,0,0,0,0,0,0
setting,squares,circular,150,0.05,plic_fallback_policy,ELVIRA,25,3798,0,0,0,0,0,0,3786,0,0,0,0,0,0,0,0,0
setting,squares,circular,150,0.05,plic_fallback_policy,LVIRA,25,3798,0,0,0,0,0,0,3786,0,0,0,0,0,0,0,0,0
setting,squares,circular,150,0.05,plic_fallback_policy,Youngs,25,3798,0,0,0,0,0,0,3786,0,0,0,0,0,0,0,0,0
setting,squares,circular,150,0.05,rescue,corner_arc_corner_triplet,25,3798,0,0,0,0,0,0,3786,0,0,0,0,0,0,0,0,0
setting,squares,circular,150,0.05,rescue,curved_corner_loop,25,3798,0,0,0,0,0,0,3786,0,0,0,0,0,0,0,0,0
setting,squares,circular,150,0.05,rescue,curved_corner_transition,25,3798,0,0,0,0,0,0,3786,0,0,0,0,0,0,0,0,0
setting,squares,circular,150,0.05,rescue,exact_linear_support,25,3798,0,0,0,0,0,0,3786,0,0,0,0,0,0,0,0,0
setting,squares,circular,150,0.1,construction_path,direct_fit,25,3806,3782,3782,0,0.9936941671045717,0.9936941671045717,0,3794,3782,3782,0,0.99683711122825513,0.99683711122825513,0,0,0,0
setting,squares,circular,150,0.1,construction_path,merged,25,3806,24,24,0,0.0063058328954282714,0.0063058328954282714,0,3794,12,12,0,0.0031628887717448603,0.0031628887717448603,0,0,0,0
setting,squares,circular,150,0.1,construction_path,plic_fallback,25,3806,0,0,0,0,0,0,3794,0,0,0,0,0,0,0,0,0
setting,squares,circular,150,0.1,final_facet,circular,25,3806,289,289,0,0.075932737782448759,0.075932737782448759,0,3794,277,277,0,0.073010015814443857,0.073010015814443857,0,0,0,0
setting,squares,circular,150,0.1,final_facet,curved_corner,25,3806,0,0,0,0,0,0,3794,0,0,0,0,0,0,0,0,0
setting,squares,circular,150,0.1,final_facet,linear,25,3806,3517,3517,0,0.9240672622175512,0.9240672622175512,0,3794,3517,3517,0,0.92698998418555612,0.92698998418555612,0,0,0,0
setting,squares,circular,150,0.1,final_facet,linear_corner,25,3806,0,0,0,0,0,0,3794,0,0,0,0,0,0,0,0,0
setting,squares,circular,150,0.1,merge,independent,25,3806,3782,3782,0,0.9936941671045717,0.9936941671045717,0,3794,3782,3782,0,0.99683711122825513,0.99683711122825513,0,0,0,0
setting,squares,circular,150,0.1,merge,merged,25,3806,24,24,0,0.0063058328954282714,0.0063058328954282714,0,3794,12,12,0,0.0031628887717448603,0.0031628887717448603,0,0,0,0
setting,squares,circular,150,0.1,orientation_status,oriented,25,3806,3806,3806,0,1,1,0,3794,0,0,0,0,0,0,0,0,0
setting,squares,circular,150,0.1,orientation_status,unresolved_or_deadend,25,3806,0,0,0,0,0,0,3794,0,0,0,0,0,0,0,0,0
setting,squares,circular,150,0.1,plic_fallback_policy,ELVIRA,25,3806,0,0,0,0,0,0,3794,0,0,0,0,0,0,0,0,0
setting,squares,circular,150,0.1,plic_fallback_policy,LVIRA,25,3806,0,0,0,0,0,0,3794,0,0,0,0,0,0,0,0,0
setting,squares,circular,150,0.1,plic_fallback_policy,Youngs,25,3806,0,0,0,0,0,0,3794,0,0,0,0,0,0,0,0,0
setting,squares,circular,150,0.1,rescue,corner_arc_corner_triplet,25,3806,0,0,0,0,0,0,3794,0,0,0,0,0,0,0,0,0
setting,squares,circular,150,0.1,rescue,curved_corner_loop,25,3806,0,0,0,0,0,0,3794,0,0,0,0,0,0,0,0,0
setting,squares,circular,150,0.1,rescue,curved_corner_transition,25,3806,0,0,0,0,0,0,3794,0,0,0,0,0,0,0,0,0
setting,squares,circular,150,0.1,rescue,exact_linear_support,25,3806,0,0,0,0,0,0,3794,0,0,0,0,0,0,0,0,0
setting,squares,circular,150,0.2,construction_path,direct_fit,25,3856,3820,3820,0,0.99066390041493779,0.99066390041493779,0,3840,3820,3820,0,0.99479166666666663,0.99479166666666663,0,0,0,0
setting,squares,circular,150,0.2,construction_path,merged,25,3856,32,32,0,0.0082987551867219917,0.0082987551867219917,0,3840,16,16,0,0.0041666666666666666,0.0041666666666666666,0,0,0,0
setting,squares,circular,150,0.2,construction_path,plic_fallback,25,3856,4,4,0,0.001037344398340249,0.001037344398340249,0,3840,4,4,0,0.0010416666666666667,0.0010416666666666667,0,0,0,0
setting,squares,circular,150,0.2,final_facet,circular,25,3856,297,297,0,0.077022821576763489,0.077022821576763489,0,3840,283,283,0,0.073697916666666669,0.073697916666666669,0,0,0,0
setting,squares,circular,150,0.2,final_facet,curved_corner,25,3856,0,0,0,0,0,0,3840,0,0,0,0,0,0,0,0,0
setting,squares,circular,150,0.2,final_facet,linear,25,3856,3559,3559,0,0.92297717842323657,0.92297717842323657,0,3840,3557,3557,0,0.9263020833333333,0.9263020833333333,0,0,0,0
setting,squares,circular,150,0.2,final_facet,linear_corner,25,3856,0,0,0,0,0,0,3840,0,0,0,0,0,0,0,0,0
setting,squares,circular,150,0.2,merge,independent,25,3856,3824,3824,0,0.99170124481327804,0.99170124481327804,0,3840,3824,3824,0,0.99583333333333335,0.99583333333333335,0,0,0,0
setting,squares,circular,150,0.2,merge,merged,25,3856,32,32,0,0.0082987551867219917,0.0082987551867219917,0,3840,16,16,0,0.0041666666666666666,0.0041666666666666666,0,0,0,0
setting,squares,circular,150,0.2,orientation_status,oriented,25,3856,3852,3852,0,0.99896265560165975,0.99896265560165975,0,3840,0,0,0,0,0,0,0,0,0
setting,squares,circular,150,0.2,orientation_status,unresolved_or_deadend,25,3856,4,4,0,0.001037344398340249,0.001037344398340249,0,3840,0,0,0,0,0,0,0,0,0
setting,squares,circular,150,0.2,plic_fallback_policy,ELVIRA,25,3856,0,0,0,0,0,0,3840,0,0,0,0,0,0,0,0,0
setting,squares,circular,150,0.2,plic_fallback_policy,LVIRA,25,3856,4,4,0,0.001037344398340249,0.001037344398340249,0,3840,4,4,0,0.0010416666666666667,0.0010416666666666667,0,4,4,0
setting,squares,circular,150,0.2,plic_fallback_policy,Youngs,25,3856,0,0,0,0,0,0,3840,0,0,0,0,0,0,0,0,0
setting,squares,circular,150,0.2,rescue,corner_arc_corner_triplet,25,3856,0,0,0,0,0,0,3840,0,0,0,0,0,0,0,0,0
setting,squares,circular,150,0.2,rescue,curved_corner_loop,25,3856,0,0,0,0,0,0,3840,0,0,0,0,0,0,0,0,0
setting,squares,circular,150,0.2,rescue,curved_corner_transition,25,3856,0,0,0,0,0,0,3840,0,0,0,0,0,0,0,0,0
setting,squares,circular,150,0.2,rescue,exact_linear_support,25,3856,0,0,0,0,0,0,3840,0,0,0,0,0,0,0,0,0
setting,squares,circular,150,0.3,construction_path,direct_fit,25,3916,3883,3883,0,0.9915730337078652,0.9915730337078652,0,3901,3883,3883,0,0.99538579851320175,0.99538579851320175,0,0,0,0
setting,squares,circular,150,0.3,construction_path,merged,25,3916,30,30,0,0.0076608784473953017,0.0076608784473953017,0,3901,15,15,0,0.0038451679056652139,0.0038451679056652139,0,0,0,0
setting,squares,circular,150,0.3,construction_path,plic_fallback,25,3916,3,3,0,0.0007660878447395301,0.0007660878447395301,0,3901,3,3,0,0.00076903358113304286,0.00076903358113304286,0,0,0,0
setting,squares,circular,150,0.3,final_facet,circular,25,3916,283,283,0,0.07226762002042901,0.07226762002042901,0,3901,272,272,0,0.06972571135606255,0.06972571135606255,0,0,0,0
setting,squares,circular,150,0.3,final_facet,curved_corner,25,3916,0,0,0,0,0,0,3901,0,0,0,0,0,0,0,0,0
setting,squares,circular,150,0.3,final_facet,linear,25,3916,3633,3633,0,0.92773237997957103,0.92773237997957103,0,3901,3629,3629,0,0.93027428864393746,0.93027428864393746,0,0,0,0
setting,squares,circular,150,0.3,final_facet,linear_corner,25,3916,0,0,0,0,0,0,3901,0,0,0,0,0,0,0,0,0
setting,squares,circular,150,0.3,merge,independent,25,3916,3886,3886,0,0.99233912155260473,0.99233912155260473,0,3901,3886,3886,0,0.99615483209433475,0.99615483209433475,0,0,0,0
setting,squares,circular,150,0.3,merge,merged,25,3916,30,30,0,0.0076608784473953017,0.0076608784473953017,0,3901,15,15,0,0.0038451679056652139,0.0038451679056652139,0,0,0,0
setting,squares,circular,150,0.3,orientation_status,oriented,25,3916,3913,3913,0,0.99923391215526047,0.99923391215526047,0,3901,0,0,0,0,0,0,0,0,0
setting,squares,circular,150,0.3,orientation_status,unresolved_or_deadend,25,3916,3,3,0,0.0007660878447395301,0.0007660878447395301,0,3901,0,0,0,0,0,0,0,0,0
setting,squares,circular,150,0.3,plic_fallback_policy,ELVIRA,25,3916,0,0,0,0,0,0,3901,0,0,0,0,0,0,0,0,0
setting,squares,circular,150,0.3,plic_fallback_policy,LVIRA,25,3916,3,3,0,0.0007660878447395301,0.0007660878447395301,0,3901,3,3,0,0.00076903358113304286,0.00076903358113304286,0,3,3,0
setting,squares,circular,150,0.3,plic_fallback_policy,Youngs,25,3916,0,0,0,0,0,0,3901,0,0,0,0,0,0,0,0,0
setting,squares,circular,150,0.3,rescue,corner_arc_corner_triplet,25,3916,0,0,0,0,0,0,3901,0,0,0,0,0,0,0,0,0
setting,squares,circular,150,0.3,rescue,curved_corner_loop,25,3916,0,0,0,0,0,0,3901,0,0,0,0,0,0,0,0,0
setting,squares,circular,150,0.3,rescue,curved_corner_transition,25,3916,0,0,0,0,0,0,3901,0,0,0,0,0,0,0,0,0
setting,squares,circular,150,0.3,rescue,exact_linear_support,25,3916,0,0,0,0,0,0,3901,0,0,0,0,0,0,0,0,0
setting,squares,circular,50,0,construction_path,direct_fit,25,1257,1219,1219,0,0.96976929196499606,0.96976929196499606,0,1238,1219,1219,0,0.98465266558966069,0.98465266558966069,0,0,0,0
setting,squares,circular,50,0,construction_path,merged,25,1257,38,38,0,0.030230708035003977,0.030230708035003977,0,1238,19,19,0,0.015347334410339256,0.015347334410339256,0,0,0,0
setting,squares,circular,50,0,construction_path,plic_fallback,25,1257,0,0,0,0,0,0,1238,0,0,0,0,0,0,0,0,0
setting,squares,circular,50,0,final_facet,circular,25,1257,300,300,0,0.2386634844868735,0.2386634844868735,0,1238,282,282,0,0.22778675282714056,0.22778675282714056,0,0,0,0
setting,squares,circular,50,0,final_facet,curved_corner,25,1257,0,0,0,0,0,0,1238,0,0,0,0,0,0,0,0,0
setting,squares,circular,50,0,final_facet,linear,25,1257,957,957,0,0.76133651551312653,0.76133651551312653,0,1238,956,956,0,0.77221324717285944,0.77221324717285944,0,0,0,0
setting,squares,circular,50,0,final_facet,linear_corner,25,1257,0,0,0,0,0,0,1238,0,0,0,0,0,0,0,0,0
setting,squares,circular,50,0,merge,independent,25,1257,1219,1219,0,0.96976929196499606,0.96976929196499606,0,1238,1219,1219,0,0.98465266558966069,0.98465266558966069,0,0,0,0
setting,squares,circular,50,0,merge,merged,25,1257,38,38,0,0.030230708035003977,0.030230708035003977,0,1238,19,19,0,0.015347334410339256,0.015347334410339256,0,0,0,0
setting,squares,circular,50,0,orientation_status,oriented,25,1257,1257,1257,0,1,1,0,1238,0,0,0,0,0,0,0,0,0
setting,squares,circular,50,0,orientation_status,unresolved_or_deadend,25,1257,0,0,0,0,0,0,1238,0,0,0,0,0,0,0,0,0
setting,squares,circular,50,0,plic_fallback_policy,ELVIRA,25,1257,0,0,0,0,0,0,1238,0,0,0,0,0,0,0,0,0
setting,squares,circular,50,0,plic_fallback_policy,LVIRA,25,1257,0,0,0,0,0,0,1238,0,0,0,0,0,0,0,0,0
setting,squares,circular,50,0,plic_fallback_policy,Youngs,25,1257,0,0,0,0,0,0,1238,0,0,0,0,0,0,0,0,0
setting,squares,circular,50,0,rescue,corner_arc_corner_triplet,25,1257,0,0,0,0,0,0,1238,0,0,0,0,0,0,0,0,0
setting,squares,circular,50,0,rescue,curved_corner_loop,25,1257,0,0,0,0,0,0,1238,0,0,0,0,0,0,0,0,0
setting,squares,circular,50,0,rescue,curved_corner_transition,25,1257,0,0,0,0,0,0,1238,0,0,0,0,0,0,0,0,0
setting,squares,circular,50,0,rescue,exact_linear_support,25,1257,0,0,0,0,0,0,1238,0,0,0,0,0,0,0,0,0
setting,squares,circular,50,0.05,construction_path,direct_fit,25,1258,1214,1214,0,0.96502384737678859,0.96502384737678859,0,1236,1214,1214,0,0.98220064724919098,0.98220064724919098,0,0,0,0
setting,squares,circular,50,0.05,construction_path,merged,25,1258,44,44,0,0.034976152623211444,0.034976152623211444,0,1236,22,22,0,0.017799352750809062,0.017799352750809062,0,0,0,0
setting,squares,circular,50,0.05,construction_path,plic_fallback,25,1258,0,0,0,0,0,0,1236,0,0,0,0,0,0,0,0,0
setting,squares,circular,50,0.05,final_facet,circular,25,1258,309,308,-1,0.24562798092209856,0.24483306836248012,-0.00079491255961844365,1236,287,286,-1,0.23220064724919093,0.2313915857605178,-0.00080906148867312955,0,0,0
setting,squares,circular,50,0.05,final_facet,curved_corner,25,1258,0,0,0,0,0,0,1236,0,0,0,0,0,0,0,0,0
setting,squares,circular,50,0.05,final_facet,linear,25,1258,949,950,1,0.75437201907790141,0.75516693163751991,0.00079491255961849916,1236,949,950,1,0.76779935275080902,0.76860841423948223,0.00080906148867321281,0,0,0
setting,squares,circular,50,0.05,final_facet,linear_corner,25,1258,0,0,0,0,0,0,1236,0,0,0,0,0,0,0,0,0
setting,squares,circular,50,0.05,merge,independent,25,1258,1214,1214,0,0.96502384737678859,0.96502384737678859,0,1236,1214,1214,0,0.98220064724919098,0.98220064724919098,0,0,0,0
setting,squares,circular,50,0.05,merge,merged,25,1258,44,44,0,0.034976152623211444,0.034976152623211444,0,1236,22,22,0,0.017799352750809062,0.017799352750809062,0,0,0,0
setting,squares,circular,50,0.05,orientation_status,oriented,25,1258,1258,1258,0,1,1,0,1236,0,0,0,0,0,0,0,0,0
setting,squares,circular,50,0.05,orientation_status,unresolved_or_deadend,25,1258,0,0,0,0,0,0,1236,0,0,0,0,0,0,0,0,0
setting,squares,circular,50,0.05,plic_fallback_policy,ELVIRA,25,1258,0,0,0,0,0,0,1236,0,0,0,0,0,0,0,0,0
setting,squares,circular,50,0.05,plic_fallback_policy,LVIRA,25,1258,0,0,0,0,0,0,1236,0,0,0,0,0,0,0,0,0
setting,squares,circular,50,0.05,plic_fallback_policy,Youngs,25,1258,0,0,0,0,0,0,1236,0,0,0,0,0,0,0,0,0
setting,squares,circular,50,0.05,rescue,corner_arc_corner_triplet,25,1258,0,0,0,0,0,0,1236,0,0,0,0,0,0,0,0,0
setting,squares,circular,50,0.05,rescue,curved_corner_loop,25,1258,0,0,0,0,0,0,1236,0,0,0,0,0,0,0,0,0
setting,squares,circular,50,0.05,rescue,curved_corner_transition,25,1258,0,0,0,0,0,0,1236,0,0,0,0,0,0,0,0,0
setting,squares,circular,50,0.05,rescue,exact_linear_support,25,1258,0,0,0,0,0,0,1236,0,0,0,0,0,0,0,0,0
setting,squares,circular,50,0.1,construction_path,direct_fit,25,1257,1215,1215,0,0.96658711217183768,0.96658711217183768,0,1236,1215,1215,0,0.98300970873786409,0.98300970873786409,0,0,0,0
setting,squares,circular,50,0.1,construction_path,merged,25,1257,42,42,0,0.033412887828162291,0.033412887828162291,0,1236,21,21,0,0.016990291262135922,0.016990291262135922,0,0,0,0
setting,squares,circular,50,0.1,construction_path,plic_fallback,25,1257,0,0,0,0,0,0,1236,0,0,0,0,0,0,0,0,0
setting,squares,circular,50,0.1,final_facet,circular,25,1257,307,307,0,0.24423229912490055,0.24423229912490055,0,1236,286,286,0,0.2313915857605178,0.2313915857605178,0,0,0,0
setting,squares,circular,50,0.1,final_facet,curved_corner,25,1257,0,0,0,0,0,0,1236,0,0,0,0,0,0,0,0,0
setting,squares,circular,50,0.1,final_facet,linear,25,1257,950,950,0,0.75576770087509948,0.75576770087509948,0,1236,950,950,0,0.76860841423948223,0.76860841423948223,0,0,0,0
setting,squares,circular,50,0.1,final_facet,linear_corner,25,1257,0,0,0,0,0,0,1236,0,0,0,0,0,0,0,0,0
setting,squares,circular,50,0.1,merge,independent,25,1257,1215,1215,0,0.96658711217183768,0.96658711217183768,0,1236,1215,1215,0,0.98300970873786409,0.98300970873786409,0,0,0,0
setting,squares,circular,50,0.1,merge,merged,25,1257,42,42,0,0.033412887828162291,0.033412887828162291,0,1236,21,21,0,0.016990291262135922,0.016990291262135922,0,0,0,0
setting,squares,circular,50,0.1,orientation_status,oriented,25,1257,1257,1257,0,1,1,0,1236,0,0,0,0,0,0,0,0,0
setting,squares,circular,50,0.1,orientation_status,unresolved_or_deadend,25,1257,0,0,0,0,0,0,1236,0,0,0,0,0,0,0,0,0
setting,squares,circular,50,0.1,plic_fallback_policy,ELVIRA,25,1257,0,0,0,0,0,0,1236,0,0,0,0,0,0,0,0,0
setting,squares,circular,50,0.1,plic_fallback_policy,LVIRA,25,1257,0,0,0,0,0,0,1236,0,0,0,0,0,0,0,0,0
setting,squares,circular,50,0.1,plic_fallback_policy,Youngs,25,1257,0,0,0,0,0,0,1236,0,0,0,0,0,0,0,0,0
setting,squares,circular,50,0.1,rescue,corner_arc_corner_triplet,25,1257,0,0,0,0,0,0,1236,0,0,0,0,0,0,0,0,0
setting,squares,circular,50,0.1,rescue,curved_corner_loop,25,1257,0,0,0,0,0,0,1236,0,0,0,0,0,0,0,0,0
setting,squares,circular,50,0.1,rescue,curved_corner_transition,25,1257,0,0,0,0,0,0,1236,0,0,0,0,0,0,0,0,0
setting,squares,circular,50,0.1,rescue,exact_linear_support,25,1257,0,0,0,0,0,0,1236,0,0,0,0,0,0,0,0,0
setting,squares,circular,50,0.2,construction_path,direct_fit,25,1269,1229,1229,0,0.96847911741528758,0.96847911741528758,0,1250,1229,1229,0,0.98319999999999996,0.98319999999999996,0,0,0,0
setting,squares,circular,50,0.2,construction_path,merged,25,1269,38,38,0,0.029944838455476755,0.029944838455476755,0,1250,19,19,0,0.0152,0.0152,0,0,0,0
setting,squares,circular,50,0.2,construction_path,plic_fallback,25,1269,2,2,0,0.0015760441292356187,0.0015760441292356187,0,1250,2,2,0,0.0016000000000000001,0.0016000000000000001,0,0,0,0
setting,squares,circular,50,0.2,final_facet,circular,25,1269,305,305,0,0.24034672970843185,0.24034672970843185,0,1250,287,287,0,0.2296,0.2296,0,0,0,0
setting,squares,circular,50,0.2,final_facet,curved_corner,25,1269,0,0,0,0,0,0,1250,0,0,0,0,0,0,0,0,0
setting,squares,circular,50,0.2,final_facet,linear,25,1269,964,964,0,0.75965327029156815,0.75965327029156815,0,1250,963,963,0,0.77039999999999997,0.77039999999999997,0,0,0,0
setting,squares,circular,50,0.2,final_facet,linear_corner,25,1269,0,0,0,0,0,0,1250,0,0,0,0,0,0,0,0,0
setting,squares,circular,50,0.2,merge,independent,25,1269,1231,1231,0,0.9700551615445232,0.9700551615445232,0,1250,1231,1231,0,0.98480000000000001,0.98480000000000001,0,0,0,0
setting,squares,circular,50,0.2,merge,merged,25,1269,38,38,0,0.029944838455476755,0.029944838455476755,0,1250,19,19,0,0.0152,0.0152,0,0,0,0
setting,squares,circular,50,0.2,orientation_status,oriented,25,1269,1267,1267,0,0.99842395587076438,0.99842395587076438,0,1250,0,0,0,0,0,0,0,0,0
setting,squares,circular,50,0.2,orientation_status,unresolved_or_deadend,25,1269,2,2,0,0.0015760441292356187,0.0015760441292356187,0,1250,0,0,0,0,0,0,0,0,0
setting,squares,circular,50,0.2,plic_fallback_policy,ELVIRA,25,1269,0,0,0,0,0,0,1250,0,0,0,0,0,0,0,0,0
setting,squares,circular,50,0.2,plic_fallback_policy,LVIRA,25,1269,2,2,0,0.0015760441292356187,0.0015760441292356187,0,1250,2,2,0,0.0016000000000000001,0.0016000000000000001,0,2,2,0
setting,squares,circular,50,0.2,plic_fallback_policy,Youngs,25,1269,0,0,0,0,0,0,1250,0,0,0,0,0,0,0,0,0
setting,squares,circular,50,0.2,rescue,corner_arc_corner_triplet,25,1269,0,0,0,0,0,0,1250,0,0,0,0,0,0,0,0,0
setting,squares,circular,50,0.2,rescue,curved_corner_loop,25,1269,0,0,0,0,0,0,1250,0,0,0,0,0,0,0,0,0
setting,squares,circular,50,0.2,rescue,curved_corner_transition,25,1269,0,0,0,0,0,0,1250,0,0,0,0,0,0,0,0,0
setting,squares,circular,50,0.2,rescue,exact_linear_support,25,1269,0,0,0,0,0,0,1250,0,0,0,0,0,0,0,0,0
setting,squares,circular,50,0.3,construction_path,direct_fit,25,1290,1253,1253,0,0.97131782945736433,0.97131782945736433,0,1273,1253,1253,0,0.98428908091123335,0.98428908091123335,0,0,0,0
setting,squares,circular,50,0.3,construction_path,merged,25,1290,34,34,0,0.026356589147286821,0.026356589147286821,0,1273,17,17,0,0.013354281225451689,0.013354281225451689,0,0,0,0
setting,squares,circular,50,0.3,construction_path,plic_fallback,25,1290,3,3,0,0.0023255813953488372,0.0023255813953488372,0,1273,3,3,0,0.0023566378633150041,0.0023566378633150041,0,0,0,0
setting,squares,circular,50,0.3,final_facet,circular,25,1290,299,299,0,0.2317829457364341,0.2317829457364341,0,1273,283,283,0,0.22230950510604872,0.22230950510604872,0,0,0,0
setting,squares,circular,50,0.3,final_facet,curved_corner,25,1290,0,0,0,0,0,0,1273,0,0,0,0,0,0,0,0,0
setting,squares,circular,50,0.3,final_facet,linear,25,1290,991,991,0,0.7682170542635659,0.7682170542635659,0,1273,990,990,0,0.77769049489395126,0.77769049489395126,0,0,0,0
setting,squares,circular,50,0.3,final_facet,linear_corner,25,1290,0,0,0,0,0,0,1273,0,0,0,0,0,0,0,0,0
setting,squares,circular,50,0.3,merge,independent,25,1290,1256,1256,0,0.97364341085271322,0.97364341085271322,0,1273,1256,1256,0,0.98664571877454832,0.98664571877454832,0,0,0,0
setting,squares,circular,50,0.3,merge,merged,25,1290,34,34,0,0.026356589147286821,0.026356589147286821,0,1273,17,17,0,0.013354281225451689,0.013354281225451689,0,0,0,0
setting,squares,circular,50,0.3,orientation_status,oriented,25,1290,1287,1287,0,0.99767441860465111,0.99767441860465111,0,1273,0,0,0,0,0,0,0,0,0
setting,squares,circular,50,0.3,orientation_status,unresolved_or_deadend,25,1290,3,3,0,0.0023255813953488372,0.0023255813953488372,0,1273,0,0,0,0,0,0,0,0,0
setting,squares,circular,50,0.3,plic_fallback_policy,ELVIRA,25,1290,0,0,0,0,0,0,1273,0,0,0,0,0,0,0,0,0
setting,squares,circular,50,0.3,plic_fallback_policy,LVIRA,25,1290,3,3,0,0.0023255813953488372,0.0023255813953488372,0,1273,3,3,0,0.0023566378633150041,0.0023566378633150041,0,3,3,0
setting,squares,circular,50,0.3,plic_fallback_policy,Youngs,25,1290,0,0,0,0,0,0,1273,0,0,0,0,0,0,0,0,0
setting,squares,circular,50,0.3,rescue,corner_arc_corner_triplet,25,1290,0,0,0,0,0,0,1273,0,0,0,0,0,0,0,0,0
setting,squares,circular,50,0.3,rescue,curved_corner_loop,25,1290,0,0,0,0,0,0,1273,0,0,0,0,0,0,0,0,0
setting,squares,circular,50,0.3,rescue,curved_corner_transition,25,1290,0,0,0,0,0,0,1273,0,0,0,0,0,0,0,0,0
setting,squares,circular,50,0.3,rescue,exact_linear_support,25,1290,0,0,0,0,0,0,1273,0,0,0,0,0,0,0,0,0
setting,squares,circular,64,0,construction_path,direct_fit,25,1603,1581,1581,0,0.98627573300062388,0.98627573300062388,0,1592,1581,1581,0,0.99309045226130654,0.99309045226130654,0,0,0,0
setting,squares,circular,64,0,construction_path,merged,25,1603,22,22,0,0.013724266999376169,0.013724266999376169,0,1592,11,11,0,0.0069095477386934678,0.0069095477386934678,0,0,0,0
setting,squares,circular,64,0,construction_path,plic_fallback,25,1603,0,0,0,0,0,0,1592,0,0,0,0,0,0,0,0,0
setting,squares,circular,64,0,final_facet,circular,25,1603,291,291,0,0.18153462258265751,0.18153462258265751,0,1592,281,281,0,0.17650753768844221,0.17650753768844221,0,0,0,0
setting,squares,circular,64,0,final_facet,curved_corner,25,1603,0,0,0,0,0,0,1592,0,0,0,0,0,0,0,0,0
setting,squares,circular,64,0,final_facet,linear,25,1603,1312,1312,0,0.81846537741734249,0.81846537741734249,0,1592,1311,1311,0,0.82349246231155782,0.82349246231155782,0,0,0,0
setting,squares,circular,64,0,final_facet,linear_corner,25,1603,0,0,0,0,0,0,1592,0,0,0,0,0,0,0,0,0
setting,squares,circular,64,0,merge,independent,25,1603,1581,1581,0,0.98627573300062388,0.98627573300062388,0,1592,1581,1581,0,0.99309045226130654,0.99309045226130654,0,0,0,0
setting,squares,circular,64,0,merge,merged,25,1603,22,22,0,0.013724266999376169,0.013724266999376169,0,1592,11,11,0,0.0069095477386934678,0.0069095477386934678,0,0,0,0
setting,squares,circular,64,0,orientation_status,oriented,25,1603,1603,1603,0,1,1,0,1592,0,0,0,0,0,0,0,0,0
setting,squares,circular,64,0,orientation_status,unresolved_or_deadend,25,1603,0,0,0,0,0,0,1592,0,0,0,0,0,0,0,0,0
setting,squares,circular,64,0,plic_fallback_policy,ELVIRA,25,1603,0,0,0,0,0,0,1592,0,0,0,0,0,0,0,0,0
setting,squares,circular,64,0,plic_fallback_policy,LVIRA,25,1603,0,0,0,0,0,0,1592,0,0,0,0,0,0,0,0,0
setting,squares,circular,64,0,plic_fallback_policy,Youngs,25,1603,0,0,0,0,0,0,1592,0,0,0,0,0,0,0,0,0
setting,squares,circular,64,0,rescue,corner_arc_corner_triplet,25,1603,0,0,0,0,0,0,1592,0,0,0,0,0,0,0,0,0
setting,squares,circular,64,0,rescue,curved_corner_loop,25,1603,0,0,0,0,0,0,1592,0,0,0,0,0,0,0,0,0
setting,squares,circular,64,0,rescue,curved_corner_transition,25,1603,0,0,0,0,0,0,1592,0,0,0,0,0,0,0,0,0
setting,squares,circular,64,0,rescue,exact_linear_support,25,1603,0,0,0,0,0,0,1592,0,0,0,0,0,0,0,0,0
setting,squares,circular,64,0.05,construction_path,direct_fit,25,1605,1583,1583,0,0.98629283489096575,0.98629283489096575,0,1594,1583,1583,0,0.99309912170639902,0.99309912170639902,0,0,0,0
setting,squares,circular,64,0.05,construction_path,merged,25,1605,22,22,0,0.013707165109034268,0.013707165109034268,0,1594,11,11,0,0.0069008782936010038,0.0069008782936010038,0,0,0,0
setting,squares,circular,64,0.05,construction_path,plic_fallback,25,1605,0,0,0,0,0,0,1594,0,0,0,0,0,0,0,0,0
setting,squares,circular,64,0.05,final_facet,circular,25,1605,294,294,0,0.18317757009345795,0.18317757009345795,0,1594,284,284,0,0.178168130489335,0.178168130489335,0,0,0,0
setting,squares,circular,64,0.05,final_facet,curved_corner,25,1605,0,0,0,0,0,0,1594,0,0,0,0,0,0,0,0,0
setting,squares,circular,64,0.05,final_facet,linear,25,1605,1311,1311,0,0.81682242990654208,0.81682242990654208,0,1594,1310,1310,0,0.821831869510665,0.821831869510665,0,0,0,0
setting,squares,circular,64,0.05,final_facet,linear_corner,25,1605,0,0,0,0,0,0,1594,0,0,0,0,0,0,0,0,0
setting,squares,circular,64,0.05,merge,independent,25,1605,1583,1583,0,0.98629283489096575,0.98629283489096575,0,1594,1583,1583,0,0.99309912170639902,0.99309912170639902,0,0,0,0
setting,squares,circular,64,0.05,merge,merged,25,1605,22,22,0,0.013707165109034268,0.013707165109034268,0,1594,11,11,0,0.0069008782936010038,0.0069008782936010038,0,0,0,0
setting,squares,circular,64,0.05,orientation_status,oriented,25,1605,1605,1605,0,1,1,0,1594,0,0,0,0,0,0,0,0,0
setting,squares,circular,64,0.05,orientation_status,unresolved_or_deadend,25,1605,0,0,0,0,0,0,1594,0,0,0,0,0,0,0,0,0
setting,squares,circular,64,0.05,plic_fallback_policy,ELVIRA,25,1605,0,0,0,0,0,0,1594,0,0,0,0,0,0,0,0,0
setting,squares,circular,64,0.05,plic_fallback_policy,LVIRA,25,1605,0,0,0,0,0,0,1594,0,0,0,0,0,0,0,0,0
setting,squares,circular,64,0.05,plic_fallback_policy,Youngs,25,1605,0,0,0,0,0,0,1594,0,0,0,0,0,0,0,0,0
setting,squares,circular,64,0.05,rescue,corner_arc_corner_triplet,25,1605,0,0,0,0,0,0,1594,0,0,0,0,0,0,0,0,0
setting,squares,circular,64,0.05,rescue,curved_corner_loop,25,1605,0,0,0,0,0,0,1594,0,0,0,0,0,0,0,0,0
setting,squares,circular,64,0.05,rescue,curved_corner_transition,25,1605,0,0,0,0,0,0,1594,0,0,0,0,0,0,0,0,0
setting,squares,circular,64,0.05,rescue,exact_linear_support,25,1605,0,0,0,0,0,0,1594,0,0,0,0,0,0,0,0,0
setting,squares,circular,64,0.1,construction_path,direct_fit,25,1606,1582,1582,0,0.98505603985056045,0.98505603985056045,0,1594,1582,1582,0,0.9924717691342535,0.9924717691342535,0,0,0,0
setting,squares,circular,64,0.1,construction_path,merged,25,1606,24,24,0,0.014943960149439602,0.014943960149439602,0,1594,12,12,0,0.0075282308657465494,0.0075282308657465494,0,0,0,0
setting,squares,circular,64,0.1,construction_path,plic_fallback,25,1606,0,0,0,0,0,0,1594,0,0,0,0,0,0,0,0,0
setting,squares,circular,64,0.1,final_facet,circular,25,1606,290,291,1,0.18057285180572852,0.18119551681195517,0.00062266500622665255,1594,278,279,1,0.17440401505646172,0.17503136762860727,0.00062735257214555085,0,0,0
setting,squares,circular,64,0.1,final_facet,curved_corner,25,1606,0,0,0,0,0,0,1594,0,0,0,0,0,0,0,0,0
setting,squares,circular,64,0.1,final_facet,linear,25,1606,1316,1315,-1,0.81942714819427154,0.81880448318804488,-0.00062266500622665255,1594,1316,1315,-1,0.82559598494353825,0.82496863237139273,-0.00062735257214552309,0,0,0
setting,squares,circular,64,0.1,final_facet,linear_corner,25,1606,0,0,0,0,0,0,1594,0,0,0,0,0,0,0,0,0
setting,squares,circular,64,0.1,merge,independent,25,1606,1582,1582,0,0.98505603985056045,0.98505603985056045,0,1594,1582,1582,0,0.9924717691342535,0.9924717691342535,0,0,0,0
setting,squares,circular,64,0.1,merge,merged,25,1606,24,24,0,0.014943960149439602,0.014943960149439602,0,1594,12,12,0,0.0075282308657465494,0.0075282308657465494,0,0,0,0
setting,squares,circular,64,0.1,orientation_status,oriented,25,1606,1606,1606,0,1,1,0,1594,0,0,0,0,0,0,0,0,0
setting,squares,circular,64,0.1,orientation_status,unresolved_or_deadend,25,1606,0,0,0,0,0,0,1594,0,0,0,0,0,0,0,0,0
setting,squares,circular,64,0.1,plic_fallback_policy,ELVIRA,25,1606,0,0,0,0,0,0,1594,0,0,0,0,0,0,0,0,0
setting,squares,circular,64,0.1,plic_fallback_policy,LVIRA,25,1606,0,0,0,0,0,0,1594,0,0,0,0,0,0,0,0,0
setting,squares,circular,64,0.1,plic_fallback_policy,Youngs,25,1606,0,0,0,0,0,0,1594,0,0,0,0,0,0,0,0,0
setting,squares,circular,64,0.1,rescue,corner_arc_corner_triplet,25,1606,0,0,0,0,0,0,1594,0,0,0,0,0,0,0,0,0
setting,squares,circular,64,0.1,rescue,curved_corner_loop,25,1606,0,0,0,0,0,0,1594,0,0,0,0,0,0,0,0,0
setting,squares,circular,64,0.1,rescue,curved_corner_transition,25,1606,0,0,0,0,0,0,1594,0,0,0,0,0,0,0,0,0
setting,squares,circular,64,0.1,rescue,exact_linear_support,25,1606,0,0,0,0,0,0,1594,0,0,0,0,0,0,0,0,0
setting,squares,circular,64,0.2,construction_path,direct_fit,25,1616,1584,1584,0,0.98019801980198018,0.98019801980198018,0,1600,1584,1584,0,0.98999999999999999,0.98999999999999999,0,0,0,0
setting,squares,circular,64,0.2,construction_path,merged,25,1616,32,32,0,0.019801980198019802,0.019801980198019802,0,1600,16,16,0,0.01,0.01,0,0,0,0
setting,squares,circular,64,0.2,construction_path,plic_fallback,25,1616,0,0,0,0,0,0,1600,0,0,0,0,0,0,0,0,0
setting,squares,circular,64,0.2,final_facet,circular,25,1616,301,301,0,0.18626237623762376,0.18626237623762376,0,1600,286,286,0,0.17874999999999999,0.17874999999999999,0,0,0,0
setting,squares,circular,64,0.2,final_facet,curved_corner,25,1616,0,0,0,0,0,0,1600,0,0,0,0,0,0,0,0,0
setting,squares,circular,64,0.2,final_facet,linear,25,1616,1315,1315,0,0.81373762376237624,0.81373762376237624,0,1600,1314,1314,0,0.82125000000000004,0.82125000000000004,0,0,0,0
setting,squares,circular,64,0.2,final_facet,linear_corner,25,1616,0,0,0,0,0,0,1600,0,0,0,0,0,0,0,0,0
setting,squares,circular,64,0.2,merge,independent,25,1616,1584,1584,0,0.98019801980198018,0.98019801980198018,0,1600,1584,1584,0,0.98999999999999999,0.98999999999999999,0,0,0,0
setting,squares,circular,64,0.2,merge,merged,25,1616,32,32,0,0.019801980198019802,0.019801980198019802,0,1600,16,16,0,0.01,0.01,0,0,0,0
setting,squares,circular,64,0.2,orientation_status,oriented,25,1616,1616,1616,0,1,1,0,1600,0,0,0,0,0,0,0,0,0
setting,squares,circular,64,0.2,orientation_status,unresolved_or_deadend,25,1616,0,0,0,0,0,0,1600,0,0,0,0,0,0,0,0,0
setting,squares,circular,64,0.2,plic_fallback_policy,ELVIRA,25,1616,0,0,0,0,0,0,1600,0,0,0,0,0,0,0,0,0
setting,squares,circular,64,0.2,plic_fallback_policy,LVIRA,25,1616,0,0,0,0,0,0,1600,0,0,0,0,0,0,0,0,0
setting,squares,circular,64,0.2,plic_fallback_policy,Youngs,25,1616,0,0,0,0,0,0,1600,0,0,0,0,0,0,0,0,0
setting,squares,circular,64,0.2,rescue,corner_arc_corner_triplet,25,1616,0,0,0,0,0,0,1600,0,0,0,0,0,0,0,0,0
setting,squares,circular,64,0.2,rescue,curved_corner_loop,25,1616,0,0,0,0,0,0,1600,0,0,0,0,0,0,0,0,0
setting,squares,circular,64,0.2,rescue,curved_corner_transition,25,1616,0,0,0,0,0,0,1600,0,0,0,0,0,0,0,0,0
setting,squares,circular,64,0.2,rescue,exact_linear_support,25,1616,0,0,0,0,0,0,1600,0,0,0,0,0,0,0,0,0
setting,squares,circular,64,0.3,construction_path,direct_fit,25,1652,1623,1623,0,0.98244552058111378,0.98244552058111378,0,1639,1623,1623,0,0.99023794996949355,0.99023794996949355,0,0,0,0
setting,squares,circular,64,0.3,construction_path,merged,25,1652,26,26,0,0.015738498789346248,0.015738498789346248,0,1639,13,13,0,0.0079316656497864547,0.0079316656497864547,0,0,0,0
setting,squares,circular,64,0.3,construction_path,plic_fallback,25,1652,3,3,0,0.0018159806295399517,0.0018159806295399517,0,1639,3,3,0,0.0018303843807199512,0.0018303843807199512,0,0,0,0
setting,squares,circular,64,0.3,final_facet,circular,25,1652,297,297,0,0.17978208232445519,0.17978208232445519,0,1639,285,285,0,0.17388651616839537,0.17388651616839537,0,0,0,0
setting,squares,circular,64,0.3,final_facet,curved_corner,25,1652,0,0,0,0,0,0,1639,0,0,0,0,0,0,0,0,0
setting,squares,circular,64,0.3,final_facet,linear,25,1652,1355,1355,0,0.82021791767554475,0.82021791767554475,0,1639,1354,1354,0,0.82611348383160466,0.82611348383160466,0,0,0,0
setting,squares,circular,64,0.3,final_facet,linear_corner,25,1652,0,0,0,0,0,0,1639,0,0,0,0,0,0,0,0,0
setting,squares,circular,64,0.3,merge,independent,25,1652,1626,1626,0,0.9842615012106537,0.9842615012106537,0,1639,1626,1626,0,0.99206833435021358,0.99206833435021358,0,0,0,0
setting,squares,circular,64,0.3,merge,merged,25,1652,26,26,0,0.015738498789346248,0.015738498789346248,0,1639,13,13,0,0.0079316656497864547,0.0079316656497864547,0,0,0,0
setting,squares,circular,64,0.3,orientation_status,oriented,25,1652,1649,1649,0,0.99818401937046008,0.99818401937046008,0,1639,0,0,0,0,0,0,0,0,0
setting,squares,circular,64,0.3,orientation_status,unresolved_or_deadend,25,1652,3,3,0,0.0018159806295399517,0.0018159806295399517,0,1639,0,0,0,0,0,0,0,0,0
setting,squares,circular,64,0.3,plic_fallback_policy,ELVIRA,25,1652,0,0,0,0,0,0,1639,0,0,0,0,0,0,0,0,0
setting,squares,circular,64,0.3,plic_fallback_policy,LVIRA,25,1652,3,3,0,0.0018159806295399517,0.0018159806295399517,0,1639,3,3,0,0.0018303843807199512,0.0018303843807199512,0,3,3,0
setting,squares,circular,64,0.3,plic_fallback_policy,Youngs,25,1652,0,0,0,0,0,0,1639,0,0,0,0,0,0,0,0,0
setting,squares,circular,64,0.3,rescue,corner_arc_corner_triplet,25,1652,0,0,0,0,0,0,1639,0,0,0,0,0,0,0,0,0
setting,squares,circular,64,0.3,rescue,curved_corner_loop,25,1652,0,0,0,0,0,0,1639,0,0,0,0,0,0,0,0,0
setting,squares,circular,64,0.3,rescue,curved_corner_transition,25,1652,0,0,0,0,0,0,1639,0,0,0,0,0,0,0,0,0
setting,squares,circular,64,0.3,rescue,exact_linear_support,25,1652,0,0,0,0,0,0,1639,0,0,0,0,0,0,0,0,0
setting,squares,linear,100,0,construction_path,direct_fit,25,2525,2499,2499,0,0.98970297029702969,0.98970297029702969,0,2512,2499,2499,0,0.9948248407643312,0.9948248407643312,0,0,0,0
setting,squares,linear,100,0,construction_path,merged,25,2525,26,26,0,0.010297029702970298,0.010297029702970298,0,2512,13,13,0,0.0051751592356687895,0.0051751592356687895,0,0,0,0
setting,squares,linear,100,0,construction_path,plic_fallback,25,2525,0,0,0,0,0,0,2512,0,0,0,0,0,0,0,0,0
setting,squares,linear,100,0,final_facet,circular,25,2525,0,0,0,0,0,0,2512,0,0,0,0,0,0,0,0,0
setting,squares,linear,100,0,final_facet,curved_corner,25,2525,0,0,0,0,0,0,2512,0,0,0,0,0,0,0,0,0
setting,squares,linear,100,0,final_facet,linear,25,2525,2525,2525,0,1,1,0,2512,2512,2512,0,1,1,0,0,0,0
setting,squares,linear,100,0,final_facet,linear_corner,25,2525,0,0,0,0,0,0,2512,0,0,0,0,0,0,0,0,0
setting,squares,linear,100,0,merge,independent,25,2525,2499,2499,0,0.98970297029702969,0.98970297029702969,0,2512,2499,2499,0,0.9948248407643312,0.9948248407643312,0,0,0,0
setting,squares,linear,100,0,merge,merged,25,2525,26,26,0,0.010297029702970298,0.010297029702970298,0,2512,13,13,0,0.0051751592356687895,0.0051751592356687895,0,0,0,0
setting,squares,linear,100,0,orientation_status,oriented,25,2525,2525,2525,0,1,1,0,2512,0,0,0,0,0,0,0,0,0
setting,squares,linear,100,0,orientation_status,unresolved_or_deadend,25,2525,0,0,0,0,0,0,2512,0,0,0,0,0,0,0,0,0
setting,squares,linear,100,0,plic_fallback_policy,ELVIRA,25,2525,0,0,0,0,0,0,2512,0,0,0,0,0,0,0,0,0
setting,squares,linear,100,0,plic_fallback_policy,LVIRA,25,2525,0,0,0,0,0,0,2512,0,0,0,0,0,0,0,0,0
setting,squares,linear,100,0,plic_fallback_policy,Youngs,25,2525,0,0,0,0,0,0,2512,0,0,0,0,0,0,0,0,0
setting,squares,linear,100,0,rescue,corner_arc_corner_triplet,25,2525,0,0,0,0,0,0,2512,0,0,0,0,0,0,0,0,0
setting,squares,linear,100,0,rescue,curved_corner_loop,25,2525,0,0,0,0,0,0,2512,0,0,0,0,0,0,0,0,0
setting,squares,linear,100,0,rescue,curved_corner_transition,25,2525,0,0,0,0,0,0,2512,0,0,0,0,0,0,0,0,0
setting,squares,linear,100,0,rescue,exact_linear_support,25,2525,0,0,0,0,0,0,2512,0,0,0,0,0,0,0,0,0
setting,squares,linear,100,0.05,construction_path,direct_fit,25,2520,2488,2488,0,0.98730158730158735,0.98730158730158735,0,2504,2488,2488,0,0.99361022364217255,0.99361022364217255,0,0,0,0
setting,squares,linear,100,0.05,construction_path,merged,25,2520,32,32,0,0.012698412698412698,0.012698412698412698,0,2504,16,16,0,0.0063897763578274758,0.0063897763578274758,0,0,0,0
setting,squares,linear,100,0.05,construction_path,plic_fallback,25,2520,0,0,0,0,0,0,2504,0,0,0,0,0,0,0,0,0
setting,squares,linear,100,0.05,final_facet,circular,25,2520,0,0,0,0,0,0,2504,0,0,0,0,0,0,0,0,0
setting,squares,linear,100,0.05,final_facet,curved_corner,25,2520,0,0,0,0,0,0,2504,0,0,0,0,0,0,0,0,0
setting,squares,linear,100,0.05,final_facet,linear,25,2520,2520,2520,0,1,1,0,2504,2504,2504,0,1,1,0,0,0,0
setting,squares,linear,100,0.05,final_facet,linear_corner,25,2520,0,0,0,0,0,0,2504,0,0,0,0,0,0,0,0,0
setting,squares,linear,100,0.05,merge,independent,25,2520,2488,2488,0,0.98730158730158735,0.98730158730158735,0,2504,2488,2488,0,0.99361022364217255,0.99361022364217255,0,0,0,0
setting,squares,linear,100,0.05,merge,merged,25,2520,32,32,0,0.012698412698412698,0.012698412698412698,0,2504,16,16,0,0.0063897763578274758,0.0063897763578274758,0,0,0,0
setting,squares,linear,100,0.05,orientation_status,oriented,25,2520,2520,2520,0,1,1,0,2504,0,0,0,0,0,0,0,0,0
setting,squares,linear,100,0.05,orientation_status,unresolved_or_deadend,25,2520,0,0,0,0,0,0,2504,0,0,0,0,0,0,0,0,0
setting,squares,linear,100,0.05,plic_fallback_policy,ELVIRA,25,2520,0,0,0,0,0,0,2504,0,0,0,0,0,0,0,0,0
setting,squares,linear,100,0.05,plic_fallback_policy,LVIRA,25,2520,0,0,0,0,0,0,2504,0,0,0,0,0,0,0,0,0
setting,squares,linear,100,0.05,plic_fallback_policy,Youngs,25,2520,0,0,0,0,0,0,2504,0,0,0,0,0,0,0,0,0
setting,squares,linear,100,0.05,rescue,corner_arc_corner_triplet,25,2520,0,0,0,0,0,0,2504,0,0,0,0,0,0,0,0,0
setting,squares,linear,100,0.05,rescue,curved_corner_loop,25,2520,0,0,0,0,0,0,2504,0,0,0,0,0,0,0,0,0
setting,squares,linear,100,0.05,rescue,curved_corner_transition,25,2520,0,0,0,0,0,0,2504,0,0,0,0,0,0,0,0,0
setting,squares,linear,100,0.05,rescue,exact_linear_support,25,2520,0,0,0,0,0,0,2504,0,0,0,0,0,0,0,0,0
setting,squares,linear,100,0.1,construction_path,direct_fit,25,2519,2485,2485,0,0.98650258038904326,0.98650258038904326,0,2502,2485,2485,0,0.99320543565147879,0.99320543565147879,0,0,0,0
setting,squares,linear,100,0.1,construction_path,merged,25,2519,34,34,0,0.013497419610956728,0.013497419610956728,0,2502,17,17,0,0.0067945643485211827,0.0067945643485211827,0,0,0,0
setting,squares,linear,100,0.1,construction_path,plic_fallback,25,2519,0,0,0,0,0,0,2502,0,0,0,0,0,0,0,0,0
setting,squares,linear,100,0.1,final_facet,circular,25,2519,0,0,0,0,0,0,2502,0,0,0,0,0,0,0,0,0
setting,squares,linear,100,0.1,final_facet,curved_corner,25,2519,0,0,0,0,0,0,2502,0,0,0,0,0,0,0,0,0
setting,squares,linear,100,0.1,final_facet,linear,25,2519,2519,2519,0,1,1,0,2502,2502,2502,0,1,1,0,0,0,0
setting,squares,linear,100,0.1,final_facet,linear_corner,25,2519,0,0,0,0,0,0,2502,0,0,0,0,0,0,0,0,0
setting,squares,linear,100,0.1,merge,independent,25,2519,2485,2485,0,0.98650258038904326,0.98650258038904326,0,2502,2485,2485,0,0.99320543565147879,0.99320543565147879,0,0,0,0
setting,squares,linear,100,0.1,merge,merged,25,2519,34,34,0,0.013497419610956728,0.013497419610956728,0,2502,17,17,0,0.0067945643485211827,0.0067945643485211827,0,0,0,0
setting,squares,linear,100,0.1,orientation_status,oriented,25,2519,2519,2519,0,1,1,0,2502,0,0,0,0,0,0,0,0,0
setting,squares,linear,100,0.1,orientation_status,unresolved_or_deadend,25,2519,0,0,0,0,0,0,2502,0,0,0,0,0,0,0,0,0
setting,squares,linear,100,0.1,plic_fallback_policy,ELVIRA,25,2519,0,0,0,0,0,0,2502,0,0,0,0,0,0,0,0,0
setting,squares,linear,100,0.1,plic_fallback_policy,LVIRA,25,2519,0,0,0,0,0,0,2502,0,0,0,0,0,0,0,0,0
setting,squares,linear,100,0.1,plic_fallback_policy,Youngs,25,2519,0,0,0,0,0,0,2502,0,0,0,0,0,0,0,0,0
setting,squares,linear,100,0.1,rescue,corner_arc_corner_triplet,25,2519,0,0,0,0,0,0,2502,0,0,0,0,0,0,0,0,0
setting,squares,linear,100,0.1,rescue,curved_corner_loop,25,2519,0,0,0,0,0,0,2502,0,0,0,0,0,0,0,0,0
setting,squares,linear,100,0.1,rescue,curved_corner_transition,25,2519,0,0,0,0,0,0,2502,0,0,0,0,0,0,0,0,0
setting,squares,linear,100,0.1,rescue,exact_linear_support,25,2519,0,0,0,0,0,0,2502,0,0,0,0,0,0,0,0,0
setting,squares,linear,100,0.2,construction_path,direct_fit,25,2540,2502,2502,0,0.98503937007874021,0.98503937007874021,0,2522,2502,2502,0,0.9920697858842189,0.9920697858842189,0,0,0,0
setting,squares,linear,100,0.2,construction_path,merged,25,2540,36,36,0,0.014173228346456693,0.014173228346456693,0,2522,18,18,0,0.0071371927042030133,0.0071371927042030133,0,0,0,0
setting,squares,linear,100,0.2,construction_path,plic_fallback,25,2540,2,2,0,0.0007874015748031496,0.0007874015748031496,0,2522,2,2,0,0.00079302141157811261,0.00079302141157811261,0,0,0,0
setting,squares,linear,100,0.2,final_facet,circular,25,2540,0,0,0,0,0,0,2522,0,0,0,0,0,0,0,0,0
setting,squares,linear,100,0.2,final_facet,curved_corner,25,2540,0,0,0,0,0,0,2522,0,0,0,0,0,0,0,0,0
setting,squares,linear,100,0.2,final_facet,linear,25,2540,2540,2540,0,1,1,0,2522,2522,2522,0,1,1,0,0,0,0
setting,squares,linear,100,0.2,final_facet,linear_corner,25,2540,0,0,0,0,0,0,2522,0,0,0,0,0,0,0,0,0
setting,squares,linear,100,0.2,merge,independent,25,2540,2504,2504,0,0.98582677165354327,0.98582677165354327,0,2522,2504,2504,0,0.99286280729579701,0.99286280729579701,0,0,0,0
setting,squares,linear,100,0.2,merge,merged,25,2540,36,36,0,0.014173228346456693,0.014173228346456693,0,2522,18,18,0,0.0071371927042030133,0.0071371927042030133,0,0,0,0
setting,squares,linear,100,0.2,orientation_status,oriented,25,2540,2538,2538,0,0.99921259842519683,0.99921259842519683,0,2522,0,0,0,0,0,0,0,0,0
setting,squares,linear,100,0.2,orientation_status,unresolved_or_deadend,25,2540,2,2,0,0.0007874015748031496,0.0007874015748031496,0,2522,0,0,0,0,0,0,0,0,0
setting,squares,linear,100,0.2,plic_fallback_policy,ELVIRA,25,2540,0,0,0,0,0,0,2522,0,0,0,0,0,0,0,0,0
setting,squares,linear,100,0.2,plic_fallback_policy,LVIRA,25,2540,2,2,0,0.0007874015748031496,0.0007874015748031496,0,2522,2,2,0,0.00079302141157811261,0.00079302141157811261,0,2,2,0
setting,squares,linear,100,0.2,plic_fallback_policy,Youngs,25,2540,0,0,0,0,0,0,2522,0,0,0,0,0,0,0,0,0
setting,squares,linear,100,0.2,rescue,corner_arc_corner_triplet,25,2540,0,0,0,0,0,0,2522,0,0,0,0,0,0,0,0,0
setting,squares,linear,100,0.2,rescue,curved_corner_loop,25,2540,0,0,0,0,0,0,2522,0,0,0,0,0,0,0,0,0
setting,squares,linear,100,0.2,rescue,curved_corner_transition,25,2540,0,0,0,0,0,0,2522,0,0,0,0,0,0,0,0,0
setting,squares,linear,100,0.2,rescue,exact_linear_support,25,2540,0,0,0,0,0,0,2522,0,0,0,0,0,0,0,0,0
setting,squares,linear,100,0.3,construction_path,direct_fit,25,2577,2536,2536,0,0.98409002716336824,0.98409002716336824,0,2557,2536,2536,0,0.99178725068439577,0.99178725068439577,0,0,0,0
setting,squares,linear,100,0.3,construction_path,merged,25,2577,40,40,0,0.015521924718665115,0.015521924718665115,0,2557,20,20,0,0.0078216660148611658,0.0078216660148611658,0,0,0,0
setting,squares,linear,100,0.3,construction_path,plic_fallback,25,2577,1,1,0,0.00038804811796662784,0.00038804811796662784,0,2557,1,1,0,0.00039108330074305825,0.00039108330074305825,0,0,0,0
setting,squares,linear,100,0.3,final_facet,circular,25,2577,0,0,0,0,0,0,2557,0,0,0,0,0,0,0,0,0
setting,squares,linear,100,0.3,final_facet,curved_corner,25,2577,0,0,0,0,0,0,2557,0,0,0,0,0,0,0,0,0
setting,squares,linear,100,0.3,final_facet,linear,25,2577,2577,2577,0,1,1,0,2557,2557,2557,0,1,1,0,0,0,0
setting,squares,linear,100,0.3,final_facet,linear_corner,25,2577,0,0,0,0,0,0,2557,0,0,0,0,0,0,0,0,0
setting,squares,linear,100,0.3,merge,independent,25,2577,2537,2537,0,0.98447807528133491,0.98447807528133491,0,2557,2537,2537,0,0.99217833398513888,0.99217833398513888,0,0,0,0
setting,squares,linear,100,0.3,merge,merged,25,2577,40,40,0,0.015521924718665115,0.015521924718665115,0,2557,20,20,0,0.0078216660148611658,0.0078216660148611658,0,0,0,0
setting,squares,linear,100,0.3,orientation_status,oriented,25,2577,2576,2576,0,0.99961195188203333,0.99961195188203333,0,2557,0,0,0,0,0,0,0,0,0
setting,squares,linear,100,0.3,orientation_status,unresolved_or_deadend,25,2577,1,1,0,0.00038804811796662784,0.00038804811796662784,0,2557,0,0,0,0,0,0,0,0,0
setting,squares,linear,100,0.3,plic_fallback_policy,ELVIRA,25,2577,0,0,0,0,0,0,2557,0,0,0,0,0,0,0,0,0
setting,squares,linear,100,0.3,plic_fallback_policy,LVIRA,25,2577,1,1,0,0.00038804811796662784,0.00038804811796662784,0,2557,1,1,0,0.00039108330074305825,0.00039108330074305825,0,1,1,0
setting,squares,linear,100,0.3,plic_fallback_policy,Youngs,25,2577,0,0,0,0,0,0,2557,0,0,0,0,0,0,0,0,0
setting,squares,linear,100,0.3,rescue,corner_arc_corner_triplet,25,2577,0,0,0,0,0,0,2557,0,0,0,0,0,0,0,0,0
setting,squares,linear,100,0.3,rescue,curved_corner_loop,25,2577,0,0,0,0,0,0,2557,0,0,0,0,0,0,0,0,0
setting,squares,linear,100,0.3,rescue,curved_corner_transition,25,2577,0,0,0,0,0,0,2557,0,0,0,0,0,0,0,0,0
setting,squares,linear,100,0.3,rescue,exact_linear_support,25,2577,0,0,0,0,0,0,2557,0,0,0,0,0,0,0,0,0
setting,squares,linear,128,0,construction_path,direct_fit,25,3230,3202,3202,0,0.99133126934984517,0.99133126934984517,0,3216,3202,3202,0,0.99564676616915426,0.99564676616915426,0,0,0,0
setting,squares,linear,128,0,construction_path,merged,25,3230,28,28,0,0.0086687306501547993,0.0086687306501547993,0,3216,14,14,0,0.0043532338308457713,0.0043532338308457713,0,0,0,0
setting,squares,linear,128,0,construction_path,plic_fallback,25,3230,0,0,0,0,0,0,3216,0,0,0,0,0,0,0,0,0
setting,squares,linear,128,0,final_facet,circular,25,3230,0,0,0,0,0,0,3216,0,0,0,0,0,0,0,0,0
setting,squares,linear,128,0,final_facet,curved_corner,25,3230,0,0,0,0,0,0,3216,0,0,0,0,0,0,0,0,0
setting,squares,linear,128,0,final_facet,linear,25,3230,3230,3230,0,1,1,0,3216,3216,3216,0,1,1,0,0,0,0
setting,squares,linear,128,0,final_facet,linear_corner,25,3230,0,0,0,0,0,0,3216,0,0,0,0,0,0,0,0,0
setting,squares,linear,128,0,merge,independent,25,3230,3202,3202,0,0.99133126934984517,0.99133126934984517,0,3216,3202,3202,0,0.99564676616915426,0.99564676616915426,0,0,0,0
setting,squares,linear,128,0,merge,merged,25,3230,28,28,0,0.0086687306501547993,0.0086687306501547993,0,3216,14,14,0,0.0043532338308457713,0.0043532338308457713,0,0,0,0
setting,squares,linear,128,0,orientation_status,oriented,25,3230,3230,3230,0,1,1,0,3216,0,0,0,0,0,0,0,0,0
setting,squares,linear,128,0,orientation_status,unresolved_or_deadend,25,3230,0,0,0,0,0,0,3216,0,0,0,0,0,0,0,0,0
setting,squares,linear,128,0,plic_fallback_policy,ELVIRA,25,3230,0,0,0,0,0,0,3216,0,0,0,0,0,0,0,0,0
setting,squares,linear,128,0,plic_fallback_policy,LVIRA,25,3230,0,0,0,0,0,0,3216,0,0,0,0,0,0,0,0,0
setting,squares,linear,128,0,plic_fallback_policy,Youngs,25,3230,0,0,0,0,0,0,3216,0,0,0,0,0,0,0,0,0
setting,squares,linear,128,0,rescue,corner_arc_corner_triplet,25,3230,0,0,0,0,0,0,3216,0,0,0,0,0,0,0,0,0
setting,squares,linear,128,0,rescue,curved_corner_loop,25,3230,0,0,0,0,0,0,3216,0,0,0,0,0,0,0,0,0
setting,squares,linear,128,0,rescue,curved_corner_transition,25,3230,0,0,0,0,0,0,3216,0,0,0,0,0,0,0,0,0
setting,squares,linear,128,0,rescue,exact_linear_support,25,3230,0,0,0,0,0,0,3216,0,0,0,0,0,0,0,0,0
setting,squares,linear,128,0.05,construction_path,direct_fit,25,3230,3198,3198,0,0.99009287925696599,0.99009287925696599,0,3214,3198,3198,0,0.99502177971375239,0.99502177971375239,0,0,0,0
setting,squares,linear,128,0.05,construction_path,merged,25,3230,32,32,0,0.0099071207430340563,0.0099071207430340563,0,3214,16,16,0,0.0049782202862476664,0.0049782202862476664,0,0,0,0
setting,squares,linear,128,0.05,construction_path,plic_fallback,25,3230,0,0,0,0,0,0,3214,0,0,0,0,0,0,0,0,0
setting,squares,linear,128,0.05,final_facet,circular,25,3230,0,0,0,0,0,0,3214,0,0,0,0,0,0,0,0,0
setting,squares,linear,128,0.05,final_facet,curved_corner,25,3230,0,0,0,0,0,0,3214,0,0,0,0,0,0,0,0,0
setting,squares,linear,128,0.05,final_facet,linear,25,3230,3230,3230,0,1,1,0,3214,3214,3214,0,1,1,0,0,0,0
setting,squares,linear,128,0.05,final_facet,linear_corner,25,3230,0,0,0,0,0,0,3214,0,0,0,0,0,0,0,0,0
setting,squares,linear,128,0.05,merge,independent,25,3230,3198,3198,0,0.99009287925696599,0.99009287925696599,0,3214,3198,3198,0,0.99502177971375239,0.99502177971375239,0,0,0,0
setting,squares,linear,128,0.05,merge,merged,25,3230,32,32,0,0.0099071207430340563,0.0099071207430340563,0,3214,16,16,0,0.0049782202862476664,0.0049782202862476664,0,0,0,0
setting,squares,linear,128,0.05,orientation_status,oriented,25,3230,3230,3230,0,1,1,0,3214,0,0,0,0,0,0,0,0,0
setting,squares,linear,128,0.05,orientation_status,unresolved_or_deadend,25,3230,0,0,0,0,0,0,3214,0,0,0,0,0,0,0,0,0
setting,squares,linear,128,0.05,plic_fallback_policy,ELVIRA,25,3230,0,0,0,0,0,0,3214,0,0,0,0,0,0,0,0,0
setting,squares,linear,128,0.05,plic_fallback_policy,LVIRA,25,3230,0,0,0,0,0,0,3214,0,0,0,0,0,0,0,0,0
setting,squares,linear,128,0.05,plic_fallback_policy,Youngs,25,3230,0,0,0,0,0,0,3214,0,0,0,0,0,0,0,0,0
setting,squares,linear,128,0.05,rescue,corner_arc_corner_triplet,25,3230,0,0,0,0,0,0,3214,0,0,0,0,0,0,0,0,0
setting,squares,linear,128,0.05,rescue,curved_corner_loop,25,3230,0,0,0,0,0,0,3214,0,0,0,0,0,0,0,0,0
setting,squares,linear,128,0.05,rescue,curved_corner_transition,25,3230,0,0,0,0,0,0,3214,0,0,0,0,0,0,0,0,0
setting,squares,linear,128,0.05,rescue,exact_linear_support,25,3230,0,0,0,0,0,0,3214,0,0,0,0,0,0,0,0,0
setting,squares,linear,128,0.1,construction_path,direct_fit,25,3238,3206,3206,0,0.99011735639283505,0.99011735639283505,0,3222,3206,3206,0,0.99503414028553694,0.99503414028553694,0,0,0,0
setting,squares,linear,128,0.1,construction_path,merged,25,3238,32,32,0,0.0098826436071649173,0.0098826436071649173,0,3222,16,16,0,0.0049658597144630664,0.0049658597144630664,0,0,0,0
setting,squares,linear,128,0.1,construction_path,plic_fallback,25,3238,0,0,0,0,0,0,3222,0,0,0,0,0,0,0,0,0
setting,squares,linear,128,0.1,final_facet,circular,25,3238,0,0,0,0,0,0,3222,0,0,0,0,0,0,0,0,0
setting,squares,linear,128,0.1,final_facet,curved_corner,25,3238,0,0,0,0,0,0,3222,0,0,0,0,0,0,0,0,0
setting,squares,linear,128,0.1,final_facet,linear,25,3238,3238,3238,0,1,1,0,3222,3222,3222,0,1,1,0,0,0,0
setting,squares,linear,128,0.1,final_facet,linear_corner,25,3238,0,0,0,0,0,0,3222,0,0,0,0,0,0,0,0,0
setting,squares,linear,128,0.1,merge,independent,25,3238,3206,3206,0,0.99011735639283505,0.99011735639283505,0,3222,3206,3206,0,0.99503414028553694,0.99503414028553694,0,0,0,0
setting,squares,linear,128,0.1,merge,merged,25,3238,32,32,0,0.0098826436071649173,0.0098826436071649173,0,3222,16,16,0,0.0049658597144630664,0.0049658597144630664,0,0,0,0
setting,squares,linear,128,0.1,orientation_status,oriented,25,3238,3238,3238,0,1,1,0,3222,0,0,0,0,0,0,0,0,0
setting,squares,linear,128,0.1,orientation_status,unresolved_or_deadend,25,3238,0,0,0,0,0,0,3222,0,0,0,0,0,0,0,0,0
setting,squares,linear,128,0.1,plic_fallback_policy,ELVIRA,25,3238,0,0,0,0,0,0,3222,0,0,0,0,0,0,0,0,0
setting,squares,linear,128,0.1,plic_fallback_policy,LVIRA,25,3238,0,0,0,0,0,0,3222,0,0,0,0,0,0,0,0,0
setting,squares,linear,128,0.1,plic_fallback_policy,Youngs,25,3238,0,0,0,0,0,0,3222,0,0,0,0,0,0,0,0,0
setting,squares,linear,128,0.1,rescue,corner_arc_corner_triplet,25,3238,0,0,0,0,0,0,3222,0,0,0,0,0,0,0,0,0
setting,squares,linear,128,0.1,rescue,curved_corner_loop,25,3238,0,0,0,0,0,0,3222,0,0,0,0,0,0,0,0,0
setting,squares,linear,128,0.1,rescue,curved_corner_transition,25,3238,0,0,0,0,0,0,3222,0,0,0,0,0,0,0,0,0
setting,squares,linear,128,0.1,rescue,exact_linear_support,25,3238,0,0,0,0,0,0,3222,0,0,0,0,0,0,0,0,0
setting,squares,linear,128,0.2,construction_path,direct_fit,25,3272,3240,3240,0,0.99022004889975546,0.99022004889975546,0,3256,3240,3240,0,0.99508599508599505,0.99508599508599505,0,0,0,0
setting,squares,linear,128,0.2,construction_path,merged,25,3272,32,32,0,0.0097799511002444987,0.0097799511002444987,0,3256,16,16,0,0.0049140049140049139,0.0049140049140049139,0,0,0,0
setting,squares,linear,128,0.2,construction_path,plic_fallback,25,3272,0,0,0,0,0,0,3256,0,0,0,0,0,0,0,0,0
setting,squares,linear,128,0.2,final_facet,circular,25,3272,0,0,0,0,0,0,3256,0,0,0,0,0,0,0,0,0
setting,squares,linear,128,0.2,final_facet,curved_corner,25,3272,0,0,0,0,0,0,3256,0,0,0,0,0,0,0,0,0
setting,squares,linear,128,0.2,final_facet,linear,25,3272,3272,3272,0,1,1,0,3256,3256,3256,0,1,1,0,0,0,0
setting,squares,linear,128,0.2,final_facet,linear_corner,25,3272,0,0,0,0,0,0,3256,0,0,0,0,0,0,0,0,0
setting,squares,linear,128,0.2,merge,independent,25,3272,3240,3240,0,0.99022004889975546,0.99022004889975546,0,3256,3240,3240,0,0.99508599508599505,0.99508599508599505,0,0,0,0
setting,squares,linear,128,0.2,merge,merged,25,3272,32,32,0,0.0097799511002444987,0.0097799511002444987,0,3256,16,16,0,0.0049140049140049139,0.0049140049140049139,0,0,0,0
setting,squares,linear,128,0.2,orientation_status,oriented,25,3272,3272,3272,0,1,1,0,3256,0,0,0,0,0,0,0,0,0
setting,squares,linear,128,0.2,orientation_status,unresolved_or_deadend,25,3272,0,0,0,0,0,0,3256,0,0,0,0,0,0,0,0,0
setting,squares,linear,128,0.2,plic_fallback_policy,ELVIRA,25,3272,0,0,0,0,0,0,3256,0,0,0,0,0,0,0,0,0
setting,squares,linear,128,0.2,plic_fallback_policy,LVIRA,25,3272,0,0,0,0,0,0,3256,0,0,0,0,0,0,0,0,0
setting,squares,linear,128,0.2,plic_fallback_policy,Youngs,25,3272,0,0,0,0,0,0,3256,0,0,0,0,0,0,0,0,0
setting,squares,linear,128,0.2,rescue,corner_arc_corner_triplet,25,3272,0,0,0,0,0,0,3256,0,0,0,0,0,0,0,0,0
setting,squares,linear,128,0.2,rescue,curved_corner_loop,25,3272,0,0,0,0,0,0,3256,0,0,0,0,0,0,0,0,0
setting,squares,linear,128,0.2,rescue,curved_corner_transition,25,3272,0,0,0,0,0,0,3256,0,0,0,0,0,0,0,0,0
setting,squares,linear,128,0.2,rescue,exact_linear_support,25,3272,0,0,0,0,0,0,3256,0,0,0,0,0,0,0,0,0
setting,squares,linear,128,0.3,construction_path,direct_fit,25,3348,3308,3308,0,0.98805256869772995,0.98805256869772995,0,3330,3308,3308,0,0.99339339339339339,0.99339339339339339,0,0,0,0
setting,squares,linear,128,0.3,construction_path,merged,25,3348,36,36,0,0.010752688172043012,0.010752688172043012,0,3330,18,18,0,0.0054054054054054057,0.0054054054054054057,0,0,0,0
setting,squares,linear,128,0.3,construction_path,plic_fallback,25,3348,4,4,0,0.0011947431302270011,0.0011947431302270011,0,3330,4,4,0,0.0012012012012012011,0.0012012012012012011,0,0,0,0
setting,squares,linear,128,0.3,final_facet,circular,25,3348,0,0,0,0,0,0,3330,0,0,0,0,0,0,0,0,0
setting,squares,linear,128,0.3,final_facet,curved_corner,25,3348,0,0,0,0,0,0,3330,0,0,0,0,0,0,0,0,0
setting,squares,linear,128,0.3,final_facet,linear,25,3348,3348,3348,0,1,1,0,3330,3330,3330,0,1,1,0,0,0,0
setting,squares,linear,128,0.3,final_facet,linear_corner,25,3348,0,0,0,0,0,0,3330,0,0,0,0,0,0,0,0,0
setting,squares,linear,128,0.3,merge,independent,25,3348,3312,3312,0,0.989247311827957,0.989247311827957,0,3330,3312,3312,0,0.99459459459459465,0.99459459459459465,0,0,0,0
setting,squares,linear,128,0.3,merge,merged,25,3348,36,36,0,0.010752688172043012,0.010752688172043012,0,3330,18,18,0,0.0054054054054054057,0.0054054054054054057,0,0,0,0
setting,squares,linear,128,0.3,orientation_status,oriented,25,3348,3344,3344,0,0.99880525686977295,0.99880525686977295,0,3330,0,0,0,0,0,0,0,0,0
setting,squares,linear,128,0.3,orientation_status,unresolved_or_deadend,25,3348,4,4,0,0.0011947431302270011,0.0011947431302270011,0,3330,0,0,0,0,0,0,0,0,0
setting,squares,linear,128,0.3,plic_fallback_policy,ELVIRA,25,3348,0,0,0,0,0,0,3330,0,0,0,0,0,0,0,0,0
setting,squares,linear,128,0.3,plic_fallback_policy,LVIRA,25,3348,4,4,0,0.0011947431302270011,0.0011947431302270011,0,3330,4,4,0,0.0012012012012012011,0.0012012012012012011,0,4,4,0
setting,squares,linear,128,0.3,plic_fallback_policy,Youngs,25,3348,0,0,0,0,0,0,3330,0,0,0,0,0,0,0,0,0
setting,squares,linear,128,0.3,rescue,corner_arc_corner_triplet,25,3348,0,0,0,0,0,0,3330,0,0,0,0,0,0,0,0,0
setting,squares,linear,128,0.3,rescue,curved_corner_loop,25,3348,0,0,0,0,0,0,3330,0,0,0,0,0,0,0,0,0
setting,squares,linear,128,0.3,rescue,curved_corner_transition,25,3348,0,0,0,0,0,0,3330,0,0,0,0,0,0,0,0,0
setting,squares,linear,128,0.3,rescue,exact_linear_support,25,3348,0,0,0,0,0,0,3330,0,0,0,0,0,0,0,0,0
setting,squares,linear,150,0,construction_path,direct_fit,25,3793,3763,3763,0,0.99209069338254685,0.99209069338254685,0,3778,3763,3763,0,0.9960296453149815,0.9960296453149815,0,0,0,0
setting,squares,linear,150,0,construction_path,merged,25,3793,30,30,0,0.0079093066174532028,0.0079093066174532028,0,3778,15,15,0,0.0039703546850185286,0.0039703546850185286,0,0,0,0
setting,squares,linear,150,0,construction_path,plic_fallback,25,3793,0,0,0,0,0,0,3778,0,0,0,0,0,0,0,0,0
setting,squares,linear,150,0,final_facet,circular,25,3793,0,0,0,0,0,0,3778,0,0,0,0,0,0,0,0,0
setting,squares,linear,150,0,final_facet,curved_corner,25,3793,0,0,0,0,0,0,3778,0,0,0,0,0,0,0,0,0
setting,squares,linear,150,0,final_facet,linear,25,3793,3793,3793,0,1,1,0,3778,3778,3778,0,1,1,0,0,0,0
setting,squares,linear,150,0,final_facet,linear_corner,25,3793,0,0,0,0,0,0,3778,0,0,0,0,0,0,0,0,0
setting,squares,linear,150,0,merge,independent,25,3793,3763,3763,0,0.99209069338254685,0.99209069338254685,0,3778,3763,3763,0,0.9960296453149815,0.9960296453149815,0,0,0,0
setting,squares,linear,150,0,merge,merged,25,3793,30,30,0,0.0079093066174532028,0.0079093066174532028,0,3778,15,15,0,0.0039703546850185286,0.0039703546850185286,0,0,0,0
setting,squares,linear,150,0,orientation_status,oriented,25,3793,3793,3793,0,1,1,0,3778,0,0,0,0,0,0,0,0,0
setting,squares,linear,150,0,orientation_status,unresolved_or_deadend,25,3793,0,0,0,0,0,0,3778,0,0,0,0,0,0,0,0,0
setting,squares,linear,150,0,plic_fallback_policy,ELVIRA,25,3793,0,0,0,0,0,0,3778,0,0,0,0,0,0,0,0,0
setting,squares,linear,150,0,plic_fallback_policy,LVIRA,25,3793,0,0,0,0,0,0,3778,0,0,0,0,0,0,0,0,0
setting,squares,linear,150,0,plic_fallback_policy,Youngs,25,3793,0,0,0,0,0,0,3778,0,0,0,0,0,0,0,0,0
setting,squares,linear,150,0,rescue,corner_arc_corner_triplet,25,3793,0,0,0,0,0,0,3778,0,0,0,0,0,0,0,0,0
setting,squares,linear,150,0,rescue,curved_corner_loop,25,3793,0,0,0,0,0,0,3778,0,0,0,0,0,0,0,0,0
setting,squares,linear,150,0,rescue,curved_corner_transition,25,3793,0,0,0,0,0,0,3778,0,0,0,0,0,0,0,0,0
setting,squares,linear,150,0,rescue,exact_linear_support,25,3793,0,0,0,0,0,0,3778,0,0,0,0,0,0,0,0,0
setting,squares,linear,150,0.05,construction_path,direct_fit,25,3798,3774,3774,0,0.99368088467614535,0.99368088467614535,0,3786,3774,3774,0,0.99683042789223453,0.99683042789223453,0,0,0,0
setting,squares,linear,150,0.05,construction_path,merged,25,3798,24,24,0,0.0063191153238546603,0.0063191153238546603,0,3786,12,12,0,0.0031695721077654518,0.0031695721077654518,0,0,0,0
setting,squares,linear,150,0.05,construction_path,plic_fallback,25,3798,0,0,0,0,0,0,3786,0,0,0,0,0,0,0,0,0
setting,squares,linear,150,0.05,final_facet,circular,25,3798,0,0,0,0,0,0,3786,0,0,0,0,0,0,0,0,0
setting,squares,linear,150,0.05,final_facet,curved_corner,25,3798,0,0,0,0,0,0,3786,0,0,0,0,0,0,0,0,0
setting,squares,linear,150,0.05,final_facet,linear,25,3798,3798,3798,0,1,1,0,3786,3786,3786,0,1,1,0,0,0,0
setting,squares,linear,150,0.05,final_facet,linear_corner,25,3798,0,0,0,0,0,0,3786,0,0,0,0,0,0,0,0,0
setting,squares,linear,150,0.05,merge,independent,25,3798,3774,3774,0,0.99368088467614535,0.99368088467614535,0,3786,3774,3774,0,0.99683042789223453,0.99683042789223453,0,0,0,0
setting,squares,linear,150,0.05,merge,merged,25,3798,24,24,0,0.0063191153238546603,0.0063191153238546603,0,3786,12,12,0,0.0031695721077654518,0.0031695721077654518,0,0,0,0
setting,squares,linear,150,0.05,orientation_status,oriented,25,3798,3798,3798,0,1,1,0,3786,0,0,0,0,0,0,0,0,0
setting,squares,linear,150,0.05,orientation_status,unresolved_or_deadend,25,3798,0,0,0,0,0,0,3786,0,0,0,0,0,0,0,0,0
setting,squares,linear,150,0.05,plic_fallback_policy,ELVIRA,25,3798,0,0,0,0,0,0,3786,0,0,0,0,0,0,0,0,0
setting,squares,linear,150,0.05,plic_fallback_policy,LVIRA,25,3798,0,0,0,0,0,0,3786,0,0,0,0,0,0,0,0,0
setting,squares,linear,150,0.05,plic_fallback_policy,Youngs,25,3798,0,0,0,0,0,0,3786,0,0,0,0,0,0,0,0,0
setting,squares,linear,150,0.05,rescue,corner_arc_corner_triplet,25,3798,0,0,0,0,0,0,3786,0,0,0,0,0,0,0,0,0
setting,squares,linear,150,0.05,rescue,curved_corner_loop,25,3798,0,0,0,0,0,0,3786,0,0,0,0,0,0,0,0,0
setting,squares,linear,150,0.05,rescue,curved_corner_transition,25,3798,0,0,0,0,0,0,3786,0,0,0,0,0,0,0,0,0
setting,squares,linear,150,0.05,rescue,exact_linear_support,25,3798,0,0,0,0,0,0,3786,0,0,0,0,0,0,0,0,0
setting,squares,linear,150,0.1,construction_path,direct_fit,25,3806,3782,3782,0,0.9936941671045717,0.9936941671045717,0,3794,3782,3782,0,0.99683711122825513,0.99683711122825513,0,0,0,0
setting,squares,linear,150,0.1,construction_path,merged,25,3806,24,24,0,0.0063058328954282714,0.0063058328954282714,0,3794,12,12,0,0.0031628887717448603,0.0031628887717448603,0,0,0,0
setting,squares,linear,150,0.1,construction_path,plic_fallback,25,3806,0,0,0,0,0,0,3794,0,0,0,0,0,0,0,0,0
setting,squares,linear,150,0.1,final_facet,circular,25,3806,0,0,0,0,0,0,3794,0,0,0,0,0,0,0,0,0
setting,squares,linear,150,0.1,final_facet,curved_corner,25,3806,0,0,0,0,0,0,3794,0,0,0,0,0,0,0,0,0
setting,squares,linear,150,0.1,final_facet,linear,25,3806,3806,3806,0,1,1,0,3794,3794,3794,0,1,1,0,0,0,0
setting,squares,linear,150,0.1,final_facet,linear_corner,25,3806,0,0,0,0,0,0,3794,0,0,0,0,0,0,0,0,0
setting,squares,linear,150,0.1,merge,independent,25,3806,3782,3782,0,0.9936941671045717,0.9936941671045717,0,3794,3782,3782,0,0.99683711122825513,0.99683711122825513,0,0,0,0
setting,squares,linear,150,0.1,merge,merged,25,3806,24,24,0,0.0063058328954282714,0.0063058328954282714,0,3794,12,12,0,0.0031628887717448603,0.0031628887717448603,0,0,0,0
setting,squares,linear,150,0.1,orientation_status,oriented,25,3806,3806,3806,0,1,1,0,3794,0,0,0,0,0,0,0,0,0
setting,squares,linear,150,0.1,orientation_status,unresolved_or_deadend,25,3806,0,0,0,0,0,0,3794,0,0,0,0,0,0,0,0,0
setting,squares,linear,150,0.1,plic_fallback_policy,ELVIRA,25,3806,0,0,0,0,0,0,3794,0,0,0,0,0,0,0,0,0
setting,squares,linear,150,0.1,plic_fallback_policy,LVIRA,25,3806,0,0,0,0,0,0,3794,0,0,0,0,0,0,0,0,0
setting,squares,linear,150,0.1,plic_fallback_policy,Youngs,25,3806,0,0,0,0,0,0,3794,0,0,0,0,0,0,0,0,0
setting,squares,linear,150,0.1,rescue,corner_arc_corner_triplet,25,3806,0,0,0,0,0,0,3794,0,0,0,0,0,0,0,0,0
setting,squares,linear,150,0.1,rescue,curved_corner_loop,25,3806,0,0,0,0,0,0,3794,0,0,0,0,0,0,0,0,0
setting,squares,linear,150,0.1,rescue,curved_corner_transition,25,3806,0,0,0,0,0,0,3794,0,0,0,0,0,0,0,0,0
setting,squares,linear,150,0.1,rescue,exact_linear_support,25,3806,0,0,0,0,0,0,3794,0,0,0,0,0,0,0,0,0
setting,squares,linear,150,0.2,construction_path,direct_fit,25,3856,3820,3820,0,0.99066390041493779,0.99066390041493779,0,3840,3820,3820,0,0.99479166666666663,0.99479166666666663,0,0,0,0
setting,squares,linear,150,0.2,construction_path,merged,25,3856,32,32,0,0.0082987551867219917,0.0082987551867219917,0,3840,16,16,0,0.0041666666666666666,0.0041666666666666666,0,0,0,0
setting,squares,linear,150,0.2,construction_path,plic_fallback,25,3856,4,4,0,0.001037344398340249,0.001037344398340249,0,3840,4,4,0,0.0010416666666666667,0.0010416666666666667,0,0,0,0
setting,squares,linear,150,0.2,final_facet,circular,25,3856,0,0,0,0,0,0,3840,0,0,0,0,0,0,0,0,0
setting,squares,linear,150,0.2,final_facet,curved_corner,25,3856,0,0,0,0,0,0,3840,0,0,0,0,0,0,0,0,0
setting,squares,linear,150,0.2,final_facet,linear,25,3856,3856,3856,0,1,1,0,3840,3840,3840,0,1,1,0,0,0,0
setting,squares,linear,150,0.2,final_facet,linear_corner,25,3856,0,0,0,0,0,0,3840,0,0,0,0,0,0,0,0,0
setting,squares,linear,150,0.2,merge,independent,25,3856,3824,3824,0,0.99170124481327804,0.99170124481327804,0,3840,3824,3824,0,0.99583333333333335,0.99583333333333335,0,0,0,0
setting,squares,linear,150,0.2,merge,merged,25,3856,32,32,0,0.0082987551867219917,0.0082987551867219917,0,3840,16,16,0,0.0041666666666666666,0.0041666666666666666,0,0,0,0
setting,squares,linear,150,0.2,orientation_status,oriented,25,3856,3852,3852,0,0.99896265560165975,0.99896265560165975,0,3840,0,0,0,0,0,0,0,0,0
setting,squares,linear,150,0.2,orientation_status,unresolved_or_deadend,25,3856,4,4,0,0.001037344398340249,0.001037344398340249,0,3840,0,0,0,0,0,0,0,0,0
setting,squares,linear,150,0.2,plic_fallback_policy,ELVIRA,25,3856,0,0,0,0,0,0,3840,0,0,0,0,0,0,0,0,0
setting,squares,linear,150,0.2,plic_fallback_policy,LVIRA,25,3856,4,4,0,0.001037344398340249,0.001037344398340249,0,3840,4,4,0,0.0010416666666666667,0.0010416666666666667,0,4,4,0
setting,squares,linear,150,0.2,plic_fallback_policy,Youngs,25,3856,0,0,0,0,0,0,3840,0,0,0,0,0,0,0,0,0
setting,squares,linear,150,0.2,rescue,corner_arc_corner_triplet,25,3856,0,0,0,0,0,0,3840,0,0,0,0,0,0,0,0,0
setting,squares,linear,150,0.2,rescue,curved_corner_loop,25,3856,0,0,0,0,0,0,3840,0,0,0,0,0,0,0,0,0
setting,squares,linear,150,0.2,rescue,curved_corner_transition,25,3856,0,0,0,0,0,0,3840,0,0,0,0,0,0,0,0,0
setting,squares,linear,150,0.2,rescue,exact_linear_support,25,3856,0,0,0,0,0,0,3840,0,0,0,0,0,0,0,0,0
setting,squares,linear,150,0.3,construction_path,direct_fit,25,3916,3883,3883,0,0.9915730337078652,0.9915730337078652,0,3901,3883,3883,0,0.99538579851320175,0.99538579851320175,0,0,0,0
setting,squares,linear,150,0.3,construction_path,merged,25,3916,30,30,0,0.0076608784473953017,0.0076608784473953017,0,3901,15,15,0,0.0038451679056652139,0.0038451679056652139,0,0,0,0
setting,squares,linear,150,0.3,construction_path,plic_fallback,25,3916,3,3,0,0.0007660878447395301,0.0007660878447395301,0,3901,3,3,0,0.00076903358113304286,0.00076903358113304286,0,0,0,0
setting,squares,linear,150,0.3,final_facet,circular,25,3916,0,0,0,0,0,0,3901,0,0,0,0,0,0,0,0,0
setting,squares,linear,150,0.3,final_facet,curved_corner,25,3916,0,0,0,0,0,0,3901,0,0,0,0,0,0,0,0,0
setting,squares,linear,150,0.3,final_facet,linear,25,3916,3916,3916,0,1,1,0,3901,3901,3901,0,1,1,0,0,0,0
setting,squares,linear,150,0.3,final_facet,linear_corner,25,3916,0,0,0,0,0,0,3901,0,0,0,0,0,0,0,0,0
setting,squares,linear,150,0.3,merge,independent,25,3916,3886,3886,0,0.99233912155260473,0.99233912155260473,0,3901,3886,3886,0,0.99615483209433475,0.99615483209433475,0,0,0,0
setting,squares,linear,150,0.3,merge,merged,25,3916,30,30,0,0.0076608784473953017,0.0076608784473953017,0,3901,15,15,0,0.0038451679056652139,0.0038451679056652139,0,0,0,0
setting,squares,linear,150,0.3,orientation_status,oriented,25,3916,3913,3913,0,0.99923391215526047,0.99923391215526047,0,3901,0,0,0,0,0,0,0,0,0
setting,squares,linear,150,0.3,orientation_status,unresolved_or_deadend,25,3916,3,3,0,0.0007660878447395301,0.0007660878447395301,0,3901,0,0,0,0,0,0,0,0,0
setting,squares,linear,150,0.3,plic_fallback_policy,ELVIRA,25,3916,0,0,0,0,0,0,3901,0,0,0,0,0,0,0,0,0
setting,squares,linear,150,0.3,plic_fallback_policy,LVIRA,25,3916,3,3,0,0.0007660878447395301,0.0007660878447395301,0,3901,3,3,0,0.00076903358113304286,0.00076903358113304286,0,3,3,0
setting,squares,linear,150,0.3,plic_fallback_policy,Youngs,25,3916,0,0,0,0,0,0,3901,0,0,0,0,0,0,0,0,0
setting,squares,linear,150,0.3,rescue,corner_arc_corner_triplet,25,3916,0,0,0,0,0,0,3901,0,0,0,0,0,0,0,0,0
setting,squares,linear,150,0.3,rescue,curved_corner_loop,25,3916,0,0,0,0,0,0,3901,0,0,0,0,0,0,0,0,0
setting,squares,linear,150,0.3,rescue,curved_corner_transition,25,3916,0,0,0,0,0,0,3901,0,0,0,0,0,0,0,0,0
setting,squares,linear,150,0.3,rescue,exact_linear_support,25,3916,0,0,0,0,0,0,3901,0,0,0,0,0,0,0,0,0
setting,squares,linear,50,0,construction_path,direct_fit,25,1257,1219,1219,0,0.96976929196499606,0.96976929196499606,0,1238,1219,1219,0,0.98465266558966069,0.98465266558966069,0,0,0,0
setting,squares,linear,50,0,construction_path,merged,25,1257,38,38,0,0.030230708035003977,0.030230708035003977,0,1238,19,19,0,0.015347334410339256,0.015347334410339256,0,0,0,0
setting,squares,linear,50,0,construction_path,plic_fallback,25,1257,0,0,0,0,0,0,1238,0,0,0,0,0,0,0,0,0
setting,squares,linear,50,0,final_facet,circular,25,1257,0,0,0,0,0,0,1238,0,0,0,0,0,0,0,0,0
setting,squares,linear,50,0,final_facet,curved_corner,25,1257,0,0,0,0,0,0,1238,0,0,0,0,0,0,0,0,0
setting,squares,linear,50,0,final_facet,linear,25,1257,1257,1257,0,1,1,0,1238,1238,1238,0,1,1,0,0,0,0
setting,squares,linear,50,0,final_facet,linear_corner,25,1257,0,0,0,0,0,0,1238,0,0,0,0,0,0,0,0,0
setting,squares,linear,50,0,merge,independent,25,1257,1219,1219,0,0.96976929196499606,0.96976929196499606,0,1238,1219,1219,0,0.98465266558966069,0.98465266558966069,0,0,0,0
setting,squares,linear,50,0,merge,merged,25,1257,38,38,0,0.030230708035003977,0.030230708035003977,0,1238,19,19,0,0.015347334410339256,0.015347334410339256,0,0,0,0
setting,squares,linear,50,0,orientation_status,oriented,25,1257,1257,1257,0,1,1,0,1238,0,0,0,0,0,0,0,0,0
setting,squares,linear,50,0,orientation_status,unresolved_or_deadend,25,1257,0,0,0,0,0,0,1238,0,0,0,0,0,0,0,0,0
setting,squares,linear,50,0,plic_fallback_policy,ELVIRA,25,1257,0,0,0,0,0,0,1238,0,0,0,0,0,0,0,0,0
setting,squares,linear,50,0,plic_fallback_policy,LVIRA,25,1257,0,0,0,0,0,0,1238,0,0,0,0,0,0,0,0,0
setting,squares,linear,50,0,plic_fallback_policy,Youngs,25,1257,0,0,0,0,0,0,1238,0,0,0,0,0,0,0,0,0
setting,squares,linear,50,0,rescue,corner_arc_corner_triplet,25,1257,0,0,0,0,0,0,1238,0,0,0,0,0,0,0,0,0
setting,squares,linear,50,0,rescue,curved_corner_loop,25,1257,0,0,0,0,0,0,1238,0,0,0,0,0,0,0,0,0
setting,squares,linear,50,0,rescue,curved_corner_transition,25,1257,0,0,0,0,0,0,1238,0,0,0,0,0,0,0,0,0
setting,squares,linear,50,0,rescue,exact_linear_support,25,1257,0,0,0,0,0,0,1238,0,0,0,0,0,0,0,0,0
setting,squares,linear,50,0.05,construction_path,direct_fit,25,1258,1214,1214,0,0.96502384737678859,0.96502384737678859,0,1236,1214,1214,0,0.98220064724919098,0.98220064724919098,0,0,0,0
setting,squares,linear,50,0.05,construction_path,merged,25,1258,44,44,0,0.034976152623211444,0.034976152623211444,0,1236,22,22,0,0.017799352750809062,0.017799352750809062,0,0,0,0
setting,squares,linear,50,0.05,construction_path,plic_fallback,25,1258,0,0,0,0,0,0,1236,0,0,0,0,0,0,0,0,0
setting,squares,linear,50,0.05,final_facet,circular,25,1258,0,0,0,0,0,0,1236,0,0,0,0,0,0,0,0,0
setting,squares,linear,50,0.05,final_facet,curved_corner,25,1258,0,0,0,0,0,0,1236,0,0,0,0,0,0,0,0,0
setting,squares,linear,50,0.05,final_facet,linear,25,1258,1258,1258,0,1,1,0,1236,1236,1236,0,1,1,0,0,0,0
setting,squares,linear,50,0.05,final_facet,linear_corner,25,1258,0,0,0,0,0,0,1236,0,0,0,0,0,0,0,0,0
setting,squares,linear,50,0.05,merge,independent,25,1258,1214,1214,0,0.96502384737678859,0.96502384737678859,0,1236,1214,1214,0,0.98220064724919098,0.98220064724919098,0,0,0,0
setting,squares,linear,50,0.05,merge,merged,25,1258,44,44,0,0.034976152623211444,0.034976152623211444,0,1236,22,22,0,0.017799352750809062,0.017799352750809062,0,0,0,0
setting,squares,linear,50,0.05,orientation_status,oriented,25,1258,1258,1258,0,1,1,0,1236,0,0,0,0,0,0,0,0,0
setting,squares,linear,50,0.05,orientation_status,unresolved_or_deadend,25,1258,0,0,0,0,0,0,1236,0,0,0,0,0,0,0,0,0
setting,squares,linear,50,0.05,plic_fallback_policy,ELVIRA,25,1258,0,0,0,0,0,0,1236,0,0,0,0,0,0,0,0,0
setting,squares,linear,50,0.05,plic_fallback_policy,LVIRA,25,1258,0,0,0,0,0,0,1236,0,0,0,0,0,0,0,0,0
setting,squares,linear,50,0.05,plic_fallback_policy,Youngs,25,1258,0,0,0,0,0,0,1236,0,0,0,0,0,0,0,0,0
setting,squares,linear,50,0.05,rescue,corner_arc_corner_triplet,25,1258,0,0,0,0,0,0,1236,0,0,0,0,0,0,0,0,0
setting,squares,linear,50,0.05,rescue,curved_corner_loop,25,1258,0,0,0,0,0,0,1236,0,0,0,0,0,0,0,0,0
setting,squares,linear,50,0.05,rescue,curved_corner_transition,25,1258,0,0,0,0,0,0,1236,0,0,0,0,0,0,0,0,0
setting,squares,linear,50,0.05,rescue,exact_linear_support,25,1258,0,0,0,0,0,0,1236,0,0,0,0,0,0,0,0,0
setting,squares,linear,50,0.1,construction_path,direct_fit,25,1257,1215,1215,0,0.96658711217183768,0.96658711217183768,0,1236,1215,1215,0,0.98300970873786409,0.98300970873786409,0,0,0,0
setting,squares,linear,50,0.1,construction_path,merged,25,1257,42,42,0,0.033412887828162291,0.033412887828162291,0,1236,21,21,0,0.016990291262135922,0.016990291262135922,0,0,0,0
setting,squares,linear,50,0.1,construction_path,plic_fallback,25,1257,0,0,0,0,0,0,1236,0,0,0,0,0,0,0,0,0
setting,squares,linear,50,0.1,final_facet,circular,25,1257,0,0,0,0,0,0,1236,0,0,0,0,0,0,0,0,0
setting,squares,linear,50,0.1,final_facet,curved_corner,25,1257,0,0,0,0,0,0,1236,0,0,0,0,0,0,0,0,0
setting,squares,linear,50,0.1,final_facet,linear,25,1257,1257,1257,0,1,1,0,1236,1236,1236,0,1,1,0,0,0,0
setting,squares,linear,50,0.1,final_facet,linear_corner,25,1257,0,0,0,0,0,0,1236,0,0,0,0,0,0,0,0,0
setting,squares,linear,50,0.1,merge,independent,25,1257,1215,1215,0,0.96658711217183768,0.96658711217183768,0,1236,1215,1215,0,0.98300970873786409,0.98300970873786409,0,0,0,0
setting,squares,linear,50,0.1,merge,merged,25,1257,42,42,0,0.033412887828162291,0.033412887828162291,0,1236,21,21,0,0.016990291262135922,0.016990291262135922,0,0,0,0
setting,squares,linear,50,0.1,orientation_status,oriented,25,1257,1257,1257,0,1,1,0,1236,0,0,0,0,0,0,0,0,0
setting,squares,linear,50,0.1,orientation_status,unresolved_or_deadend,25,1257,0,0,0,0,0,0,1236,0,0,0,0,0,0,0,0,0
setting,squares,linear,50,0.1,plic_fallback_policy,ELVIRA,25,1257,0,0,0,0,0,0,1236,0,0,0,0,0,0,0,0,0
setting,squares,linear,50,0.1,plic_fallback_policy,LVIRA,25,1257,0,0,0,0,0,0,1236,0,0,0,0,0,0,0,0,0
setting,squares,linear,50,0.1,plic_fallback_policy,Youngs,25,1257,0,0,0,0,0,0,1236,0,0,0,0,0,0,0,0,0
setting,squares,linear,50,0.1,rescue,corner_arc_corner_triplet,25,1257,0,0,0,0,0,0,1236,0,0,0,0,0,0,0,0,0
setting,squares,linear,50,0.1,rescue,curved_corner_loop,25,1257,0,0,0,0,0,0,1236,0,0,0,0,0,0,0,0,0
setting,squares,linear,50,0.1,rescue,curved_corner_transition,25,1257,0,0,0,0,0,0,1236,0,0,0,0,0,0,0,0,0
setting,squares,linear,50,0.1,rescue,exact_linear_support,25,1257,0,0,0,0,0,0,1236,0,0,0,0,0,0,0,0,0
setting,squares,linear,50,0.2,construction_path,direct_fit,25,1269,1229,1229,0,0.96847911741528758,0.96847911741528758,0,1250,1229,1229,0,0.98319999999999996,0.98319999999999996,0,0,0,0
setting,squares,linear,50,0.2,construction_path,merged,25,1269,38,38,0,0.029944838455476755,0.029944838455476755,0,1250,19,19,0,0.0152,0.0152,0,0,0,0
setting,squares,linear,50,0.2,construction_path,plic_fallback,25,1269,2,2,0,0.0015760441292356187,0.0015760441292356187,0,1250,2,2,0,0.0016000000000000001,0.0016000000000000001,0,0,0,0
setting,squares,linear,50,0.2,final_facet,circular,25,1269,0,0,0,0,0,0,1250,0,0,0,0,0,0,0,0,0
setting,squares,linear,50,0.2,final_facet,curved_corner,25,1269,0,0,0,0,0,0,1250,0,0,0,0,0,0,0,0,0
setting,squares,linear,50,0.2,final_facet,linear,25,1269,1269,1269,0,1,1,0,1250,1250,1250,0,1,1,0,0,0,0
setting,squares,linear,50,0.2,final_facet,linear_corner,25,1269,0,0,0,0,0,0,1250,0,0,0,0,0,0,0,0,0
setting,squares,linear,50,0.2,merge,independent,25,1269,1231,1231,0,0.9700551615445232,0.9700551615445232,0,1250,1231,1231,0,0.98480000000000001,0.98480000000000001,0,0,0,0
setting,squares,linear,50,0.2,merge,merged,25,1269,38,38,0,0.029944838455476755,0.029944838455476755,0,1250,19,19,0,0.0152,0.0152,0,0,0,0
setting,squares,linear,50,0.2,orientation_status,oriented,25,1269,1267,1267,0,0.99842395587076438,0.99842395587076438,0,1250,0,0,0,0,0,0,0,0,0
setting,squares,linear,50,0.2,orientation_status,unresolved_or_deadend,25,1269,2,2,0,0.0015760441292356187,0.0015760441292356187,0,1250,0,0,0,0,0,0,0,0,0
setting,squares,linear,50,0.2,plic_fallback_policy,ELVIRA,25,1269,0,0,0,0,0,0,1250,0,0,0,0,0,0,0,0,0
setting,squares,linear,50,0.2,plic_fallback_policy,LVIRA,25,1269,2,2,0,0.0015760441292356187,0.0015760441292356187,0,1250,2,2,0,0.0016000000000000001,0.0016000000000000001,0,2,2,0
setting,squares,linear,50,0.2,plic_fallback_policy,Youngs,25,1269,0,0,0,0,0,0,1250,0,0,0,0,0,0,0,0,0
setting,squares,linear,50,0.2,rescue,corner_arc_corner_triplet,25,1269,0,0,0,0,0,0,1250,0,0,0,0,0,0,0,0,0
setting,squares,linear,50,0.2,rescue,curved_corner_loop,25,1269,0,0,0,0,0,0,1250,0,0,0,0,0,0,0,0,0
setting,squares,linear,50,0.2,rescue,curved_corner_transition,25,1269,0,0,0,0,0,0,1250,0,0,0,0,0,0,0,0,0
setting,squares,linear,50,0.2,rescue,exact_linear_support,25,1269,0,0,0,0,0,0,1250,0,0,0,0,0,0,0,0,0
setting,squares,linear,50,0.3,construction_path,direct_fit,25,1290,1253,1253,0,0.97131782945736433,0.97131782945736433,0,1273,1253,1253,0,0.98428908091123335,0.98428908091123335,0,0,0,0
setting,squares,linear,50,0.3,construction_path,merged,25,1290,34,34,0,0.026356589147286821,0.026356589147286821,0,1273,17,17,0,0.013354281225451689,0.013354281225451689,0,0,0,0
setting,squares,linear,50,0.3,construction_path,plic_fallback,25,1290,3,3,0,0.0023255813953488372,0.0023255813953488372,0,1273,3,3,0,0.0023566378633150041,0.0023566378633150041,0,0,0,0
setting,squares,linear,50,0.3,final_facet,circular,25,1290,0,0,0,0,0,0,1273,0,0,0,0,0,0,0,0,0
setting,squares,linear,50,0.3,final_facet,curved_corner,25,1290,0,0,0,0,0,0,1273,0,0,0,0,0,0,0,0,0
setting,squares,linear,50,0.3,final_facet,linear,25,1290,1290,1290,0,1,1,0,1273,1273,1273,0,1,1,0,0,0,0
setting,squares,linear,50,0.3,final_facet,linear_corner,25,1290,0,0,0,0,0,0,1273,0,0,0,0,0,0,0,0,0
setting,squares,linear,50,0.3,merge,independent,25,1290,1256,1256,0,0.97364341085271322,0.97364341085271322,0,1273,1256,1256,0,0.98664571877454832,0.98664571877454832,0,0,0,0
setting,squares,linear,50,0.3,merge,merged,25,1290,34,34,0,0.026356589147286821,0.026356589147286821,0,1273,17,17,0,0.013354281225451689,0.013354281225451689,0,0,0,0
setting,squares,linear,50,0.3,orientation_status,oriented,25,1290,1287,1287,0,0.99767441860465111,0.99767441860465111,0,1273,0,0,0,0,0,0,0,0,0
setting,squares,linear,50,0.3,orientation_status,unresolved_or_deadend,25,1290,3,3,0,0.0023255813953488372,0.0023255813953488372,0,1273,0,0,0,0,0,0,0,0,0
setting,squares,linear,50,0.3,plic_fallback_policy,ELVIRA,25,1290,0,0,0,0,0,0,1273,0,0,0,0,0,0,0,0,0
setting,squares,linear,50,0.3,plic_fallback_policy,LVIRA,25,1290,3,3,0,0.0023255813953488372,0.0023255813953488372,0,1273,3,3,0,0.0023566378633150041,0.0023566378633150041,0,3,3,0
setting,squares,linear,50,0.3,plic_fallback_policy,Youngs,25,1290,0,0,0,0,0,0,1273,0,0,0,0,0,0,0,0,0
setting,squares,linear,50,0.3,rescue,corner_arc_corner_triplet,25,1290,0,0,0,0,0,0,1273,0,0,0,0,0,0,0,0,0
setting,squares,linear,50,0.3,rescue,curved_corner_loop,25,1290,0,0,0,0,0,0,1273,0,0,0,0,0,0,0,0,0
setting,squares,linear,50,0.3,rescue,curved_corner_transition,25,1290,0,0,0,0,0,0,1273,0,0,0,0,0,0,0,0,0
setting,squares,linear,50,0.3,rescue,exact_linear_support,25,1290,0,0,0,0,0,0,1273,0,0,0,0,0,0,0,0,0
setting,squares,linear,64,0,construction_path,direct_fit,25,1603,1581,1581,0,0.98627573300062388,0.98627573300062388,0,1592,1581,1581,0,0.99309045226130654,0.99309045226130654,0,0,0,0
setting,squares,linear,64,0,construction_path,merged,25,1603,22,22,0,0.013724266999376169,0.013724266999376169,0,1592,11,11,0,0.0069095477386934678,0.0069095477386934678,0,0,0,0
setting,squares,linear,64,0,construction_path,plic_fallback,25,1603,0,0,0,0,0,0,1592,0,0,0,0,0,0,0,0,0
setting,squares,linear,64,0,final_facet,circular,25,1603,0,0,0,0,0,0,1592,0,0,0,0,0,0,0,0,0
setting,squares,linear,64,0,final_facet,curved_corner,25,1603,0,0,0,0,0,0,1592,0,0,0,0,0,0,0,0,0
setting,squares,linear,64,0,final_facet,linear,25,1603,1603,1603,0,1,1,0,1592,1592,1592,0,1,1,0,0,0,0
setting,squares,linear,64,0,final_facet,linear_corner,25,1603,0,0,0,0,0,0,1592,0,0,0,0,0,0,0,0,0
setting,squares,linear,64,0,merge,independent,25,1603,1581,1581,0,0.98627573300062388,0.98627573300062388,0,1592,1581,1581,0,0.99309045226130654,0.99309045226130654,0,0,0,0
setting,squares,linear,64,0,merge,merged,25,1603,22,22,0,0.013724266999376169,0.013724266999376169,0,1592,11,11,0,0.0069095477386934678,0.0069095477386934678,0,0,0,0
setting,squares,linear,64,0,orientation_status,oriented,25,1603,1603,1603,0,1,1,0,1592,0,0,0,0,0,0,0,0,0
setting,squares,linear,64,0,orientation_status,unresolved_or_deadend,25,1603,0,0,0,0,0,0,1592,0,0,0,0,0,0,0,0,0
setting,squares,linear,64,0,plic_fallback_policy,ELVIRA,25,1603,0,0,0,0,0,0,1592,0,0,0,0,0,0,0,0,0
setting,squares,linear,64,0,plic_fallback_policy,LVIRA,25,1603,0,0,0,0,0,0,1592,0,0,0,0,0,0,0,0,0
setting,squares,linear,64,0,plic_fallback_policy,Youngs,25,1603,0,0,0,0,0,0,1592,0,0,0,0,0,0,0,0,0
setting,squares,linear,64,0,rescue,corner_arc_corner_triplet,25,1603,0,0,0,0,0,0,1592,0,0,0,0,0,0,0,0,0
setting,squares,linear,64,0,rescue,curved_corner_loop,25,1603,0,0,0,0,0,0,1592,0,0,0,0,0,0,0,0,0
setting,squares,linear,64,0,rescue,curved_corner_transition,25,1603,0,0,0,0,0,0,1592,0,0,0,0,0,0,0,0,0
setting,squares,linear,64,0,rescue,exact_linear_support,25,1603,0,0,0,0,0,0,1592,0,0,0,0,0,0,0,0,0
setting,squares,linear,64,0.05,construction_path,direct_fit,25,1605,1583,1583,0,0.98629283489096575,0.98629283489096575,0,1594,1583,1583,0,0.99309912170639902,0.99309912170639902,0,0,0,0
setting,squares,linear,64,0.05,construction_path,merged,25,1605,22,22,0,0.013707165109034268,0.013707165109034268,0,1594,11,11,0,0.0069008782936010038,0.0069008782936010038,0,0,0,0
setting,squares,linear,64,0.05,construction_path,plic_fallback,25,1605,0,0,0,0,0,0,1594,0,0,0,0,0,0,0,0,0
setting,squares,linear,64,0.05,final_facet,circular,25,1605,0,0,0,0,0,0,1594,0,0,0,0,0,0,0,0,0
setting,squares,linear,64,0.05,final_facet,curved_corner,25,1605,0,0,0,0,0,0,1594,0,0,0,0,0,0,0,0,0
setting,squares,linear,64,0.05,final_facet,linear,25,1605,1605,1605,0,1,1,0,1594,1594,1594,0,1,1,0,0,0,0
setting,squares,linear,64,0.05,final_facet,linear_corner,25,1605,0,0,0,0,0,0,1594,0,0,0,0,0,0,0,0,0
setting,squares,linear,64,0.05,merge,independent,25,1605,1583,1583,0,0.98629283489096575,0.98629283489096575,0,1594,1583,1583,0,0.99309912170639902,0.99309912170639902,0,0,0,0
setting,squares,linear,64,0.05,merge,merged,25,1605,22,22,0,0.013707165109034268,0.013707165109034268,0,1594,11,11,0,0.0069008782936010038,0.0069008782936010038,0,0,0,0
setting,squares,linear,64,0.05,orientation_status,oriented,25,1605,1605,1605,0,1,1,0,1594,0,0,0,0,0,0,0,0,0
setting,squares,linear,64,0.05,orientation_status,unresolved_or_deadend,25,1605,0,0,0,0,0,0,1594,0,0,0,0,0,0,0,0,0
setting,squares,linear,64,0.05,plic_fallback_policy,ELVIRA,25,1605,0,0,0,0,0,0,1594,0,0,0,0,0,0,0,0,0
setting,squares,linear,64,0.05,plic_fallback_policy,LVIRA,25,1605,0,0,0,0,0,0,1594,0,0,0,0,0,0,0,0,0
setting,squares,linear,64,0.05,plic_fallback_policy,Youngs,25,1605,0,0,0,0,0,0,1594,0,0,0,0,0,0,0,0,0
setting,squares,linear,64,0.05,rescue,corner_arc_corner_triplet,25,1605,0,0,0,0,0,0,1594,0,0,0,0,0,0,0,0,0
setting,squares,linear,64,0.05,rescue,curved_corner_loop,25,1605,0,0,0,0,0,0,1594,0,0,0,0,0,0,0,0,0
setting,squares,linear,64,0.05,rescue,curved_corner_transition,25,1605,0,0,0,0,0,0,1594,0,0,0,0,0,0,0,0,0
setting,squares,linear,64,0.05,rescue,exact_linear_support,25,1605,0,0,0,0,0,0,1594,0,0,0,0,0,0,0,0,0
setting,squares,linear,64,0.1,construction_path,direct_fit,25,1606,1582,1582,0,0.98505603985056045,0.98505603985056045,0,1594,1582,1582,0,0.9924717691342535,0.9924717691342535,0,0,0,0
setting,squares,linear,64,0.1,construction_path,merged,25,1606,24,24,0,0.014943960149439602,0.014943960149439602,0,1594,12,12,0,0.0075282308657465494,0.0075282308657465494,0,0,0,0
setting,squares,linear,64,0.1,construction_path,plic_fallback,25,1606,0,0,0,0,0,0,1594,0,0,0,0,0,0,0,0,0
setting,squares,linear,64,0.1,final_facet,circular,25,1606,0,0,0,0,0,0,1594,0,0,0,0,0,0,0,0,0
setting,squares,linear,64,0.1,final_facet,curved_corner,25,1606,0,0,0,0,0,0,1594,0,0,0,0,0,0,0,0,0
setting,squares,linear,64,0.1,final_facet,linear,25,1606,1606,1606,0,1,1,0,1594,1594,1594,0,1,1,0,0,0,0
setting,squares,linear,64,0.1,final_facet,linear_corner,25,1606,0,0,0,0,0,0,1594,0,0,0,0,0,0,0,0,0
setting,squares,linear,64,0.1,merge,independent,25,1606,1582,1582,0,0.98505603985056045,0.98505603985056045,0,1594,1582,1582,0,0.9924717691342535,0.9924717691342535,0,0,0,0
setting,squares,linear,64,0.1,merge,merged,25,1606,24,24,0,0.014943960149439602,0.014943960149439602,0,1594,12,12,0,0.0075282308657465494,0.0075282308657465494,0,0,0,0
setting,squares,linear,64,0.1,orientation_status,oriented,25,1606,1606,1606,0,1,1,0,1594,0,0,0,0,0,0,0,0,0
setting,squares,linear,64,0.1,orientation_status,unresolved_or_deadend,25,1606,0,0,0,0,0,0,1594,0,0,0,0,0,0,0,0,0
setting,squares,linear,64,0.1,plic_fallback_policy,ELVIRA,25,1606,0,0,0,0,0,0,1594,0,0,0,0,0,0,0,0,0
setting,squares,linear,64,0.1,plic_fallback_policy,LVIRA,25,1606,0,0,0,0,0,0,1594,0,0,0,0,0,0,0,0,0
setting,squares,linear,64,0.1,plic_fallback_policy,Youngs,25,1606,0,0,0,0,0,0,1594,0,0,0,0,0,0,0,0,0
setting,squares,linear,64,0.1,rescue,corner_arc_corner_triplet,25,1606,0,0,0,0,0,0,1594,0,0,0,0,0,0,0,0,0
setting,squares,linear,64,0.1,rescue,curved_corner_loop,25,1606,0,0,0,0,0,0,1594,0,0,0,0,0,0,0,0,0
setting,squares,linear,64,0.1,rescue,curved_corner_transition,25,1606,0,0,0,0,0,0,1594,0,0,0,0,0,0,0,0,0
setting,squares,linear,64,0.1,rescue,exact_linear_support,25,1606,0,0,0,0,0,0,1594,0,0,0,0,0,0,0,0,0
setting,squares,linear,64,0.2,construction_path,direct_fit,25,1616,1584,1584,0,0.98019801980198018,0.98019801980198018,0,1600,1584,1584,0,0.98999999999999999,0.98999999999999999,0,0,0,0
setting,squares,linear,64,0.2,construction_path,merged,25,1616,32,32,0,0.019801980198019802,0.019801980198019802,0,1600,16,16,0,0.01,0.01,0,0,0,0
setting,squares,linear,64,0.2,construction_path,plic_fallback,25,1616,0,0,0,0,0,0,1600,0,0,0,0,0,0,0,0,0
setting,squares,linear,64,0.2,final_facet,circular,25,1616,0,0,0,0,0,0,1600,0,0,0,0,0,0,0,0,0
setting,squares,linear,64,0.2,final_facet,curved_corner,25,1616,0,0,0,0,0,0,1600,0,0,0,0,0,0,0,0,0
setting,squares,linear,64,0.2,final_facet,linear,25,1616,1616,1616,0,1,1,0,1600,1600,1600,0,1,1,0,0,0,0
setting,squares,linear,64,0.2,final_facet,linear_corner,25,1616,0,0,0,0,0,0,1600,0,0,0,0,0,0,0,0,0
setting,squares,linear,64,0.2,merge,independent,25,1616,1584,1584,0,0.98019801980198018,0.98019801980198018,0,1600,1584,1584,0,0.98999999999999999,0.98999999999999999,0,0,0,0
setting,squares,linear,64,0.2,merge,merged,25,1616,32,32,0,0.019801980198019802,0.019801980198019802,0,1600,16,16,0,0.01,0.01,0,0,0,0
setting,squares,linear,64,0.2,orientation_status,oriented,25,1616,1616,1616,0,1,1,0,1600,0,0,0,0,0,0,0,0,0
setting,squares,linear,64,0.2,orientation_status,unresolved_or_deadend,25,1616,0,0,0,0,0,0,1600,0,0,0,0,0,0,0,0,0
setting,squares,linear,64,0.2,plic_fallback_policy,ELVIRA,25,1616,0,0,0,0,0,0,1600,0,0,0,0,0,0,0,0,0
setting,squares,linear,64,0.2,plic_fallback_policy,LVIRA,25,1616,0,0,0,0,0,0,1600,0,0,0,0,0,0,0,0,0
setting,squares,linear,64,0.2,plic_fallback_policy,Youngs,25,1616,0,0,0,0,0,0,1600,0,0,0,0,0,0,0,0,0
setting,squares,linear,64,0.2,rescue,corner_arc_corner_triplet,25,1616,0,0,0,0,0,0,1600,0,0,0,0,0,0,0,0,0
setting,squares,linear,64,0.2,rescue,curved_corner_loop,25,1616,0,0,0,0,0,0,1600,0,0,0,0,0,0,0,0,0
setting,squares,linear,64,0.2,rescue,curved_corner_transition,25,1616,0,0,0,0,0,0,1600,0,0,0,0,0,0,0,0,0
setting,squares,linear,64,0.2,rescue,exact_linear_support,25,1616,0,0,0,0,0,0,1600,0,0,0,0,0,0,0,0,0
setting,squares,linear,64,0.3,construction_path,direct_fit,25,1652,1623,1623,0,0.98244552058111378,0.98244552058111378,0,1639,1623,1623,0,0.99023794996949355,0.99023794996949355,0,0,0,0
setting,squares,linear,64,0.3,construction_path,merged,25,1652,26,26,0,0.015738498789346248,0.015738498789346248,0,1639,13,13,0,0.0079316656497864547,0.0079316656497864547,0,0,0,0
setting,squares,linear,64,0.3,construction_path,plic_fallback,25,1652,3,3,0,0.0018159806295399517,0.0018159806295399517,0,1639,3,3,0,0.0018303843807199512,0.0018303843807199512,0,0,0,0
setting,squares,linear,64,0.3,final_facet,circular,25,1652,0,0,0,0,0,0,1639,0,0,0,0,0,0,0,0,0
setting,squares,linear,64,0.3,final_facet,curved_corner,25,1652,0,0,0,0,0,0,1639,0,0,0,0,0,0,0,0,0
setting,squares,linear,64,0.3,final_facet,linear,25,1652,1652,1652,0,1,1,0,1639,1639,1639,0,1,1,0,0,0,0
setting,squares,linear,64,0.3,final_facet,linear_corner,25,1652,0,0,0,0,0,0,1639,0,0,0,0,0,0,0,0,0
setting,squares,linear,64,0.3,merge,independent,25,1652,1626,1626,0,0.9842615012106537,0.9842615012106537,0,1639,1626,1626,0,0.99206833435021358,0.99206833435021358,0,0,0,0
setting,squares,linear,64,0.3,merge,merged,25,1652,26,26,0,0.015738498789346248,0.015738498789346248,0,1639,13,13,0,0.0079316656497864547,0.0079316656497864547,0,0,0,0
setting,squares,linear,64,0.3,orientation_status,oriented,25,1652,1649,1649,0,0.99818401937046008,0.99818401937046008,0,1639,0,0,0,0,0,0,0,0,0
setting,squares,linear,64,0.3,orientation_status,unresolved_or_deadend,25,1652,3,3,0,0.0018159806295399517,0.0018159806295399517,0,1639,0,0,0,0,0,0,0,0,0
setting,squares,linear,64,0.3,plic_fallback_policy,ELVIRA,25,1652,0,0,0,0,0,0,1639,0,0,0,0,0,0,0,0,0
setting,squares,linear,64,0.3,plic_fallback_policy,LVIRA,25,1652,3,3,0,0.0018159806295399517,0.0018159806295399517,0,1639,3,3,0,0.0018303843807199512,0.0018303843807199512,0,3,3,0
setting,squares,linear,64,0.3,plic_fallback_policy,Youngs,25,1652,0,0,0,0,0,0,1639,0,0,0,0,0,0,0,0,0
setting,squares,linear,64,0.3,rescue,corner_arc_corner_triplet,25,1652,0,0,0,0,0,0,1639,0,0,0,0,0,0,0,0,0
setting,squares,linear,64,0.3,rescue,curved_corner_loop,25,1652,0,0,0,0,0,0,1639,0,0,0,0,0,0,0,0,0
setting,squares,linear,64,0.3,rescue,curved_corner_transition,25,1652,0,0,0,0,0,0,1639,0,0,0,0,0,0,0,0,0
setting,squares,linear,64,0.3,rescue,exact_linear_support,25,1652,0,0,0,0,0,0,1639,0,0,0,0,0,0,0,0,0
setting,squares,linear+corner,100,0,construction_path,direct_fit,25,2525,2499,2499,0,0.98970297029702969,0.98970297029702969,0,2512,2499,2499,0,0.9948248407643312,0.9948248407643312,0,0,0,0
setting,squares,linear+corner,100,0,construction_path,merged,25,2525,26,26,0,0.010297029702970298,0.010297029702970298,0,2512,13,13,0,0.0051751592356687895,0.0051751592356687895,0,0,0,0
setting,squares,linear+corner,100,0,construction_path,plic_fallback,25,2525,0,0,0,0,0,0,2512,0,0,0,0,0,0,0,0,0
setting,squares,linear+corner,100,0,final_facet,circular,25,2525,0,0,0,0,0,0,2512,0,0,0,0,0,0,0,0,0
setting,squares,linear+corner,100,0,final_facet,curved_corner,25,2525,0,0,0,0,0,0,2512,0,0,0,0,0,0,0,0,0
setting,squares,linear+corner,100,0,final_facet,linear,25,2525,2215,2215,0,0.87722772277227723,0.87722772277227723,0,2512,2215,2215,0,0.88176751592356684,0.88176751592356684,0,0,0,0
setting,squares,linear+corner,100,0,final_facet,linear_corner,25,2525,310,310,0,0.12277227722772277,0.12277227722772277,0,2512,297,297,0,0.11823248407643312,0.11823248407643312,0,0,0,0
setting,squares,linear+corner,100,0,merge,independent,25,2525,2499,2499,0,0.98970297029702969,0.98970297029702969,0,2512,2499,2499,0,0.9948248407643312,0.9948248407643312,0,0,0,0
setting,squares,linear+corner,100,0,merge,merged,25,2525,26,26,0,0.010297029702970298,0.010297029702970298,0,2512,13,13,0,0.0051751592356687895,0.0051751592356687895,0,0,0,0
setting,squares,linear+corner,100,0,orientation_status,oriented,25,2525,2525,2525,0,1,1,0,2512,0,0,0,0,0,0,0,0,0
setting,squares,linear+corner,100,0,orientation_status,unresolved_or_deadend,25,2525,0,0,0,0,0,0,2512,0,0,0,0,0,0,0,0,0
setting,squares,linear+corner,100,0,plic_fallback_policy,ELVIRA,25,2525,0,0,0,0,0,0,2512,0,0,0,0,0,0,0,0,0
setting,squares,linear+corner,100,0,plic_fallback_policy,LVIRA,25,2525,0,0,0,0,0,0,2512,0,0,0,0,0,0,0,0,0
setting,squares,linear+corner,100,0,plic_fallback_policy,Youngs,25,2525,0,0,0,0,0,0,2512,0,0,0,0,0,0,0,0,0
setting,squares,linear+corner,100,0,rescue,corner_arc_corner_triplet,25,2525,0,0,0,0,0,0,2512,0,0,0,0,0,0,0,0,0
setting,squares,linear+corner,100,0,rescue,curved_corner_loop,25,2525,0,0,0,0,0,0,2512,0,0,0,0,0,0,0,0,0
setting,squares,linear+corner,100,0,rescue,curved_corner_transition,25,2525,0,0,0,0,0,0,2512,0,0,0,0,0,0,0,0,0
setting,squares,linear+corner,100,0,rescue,exact_linear_support,25,2525,0,0,0,0,0,0,2512,0,0,0,0,0,0,0,0,0
setting,squares,linear+corner,100,0.05,construction_path,direct_fit,25,2520,2488,2488,0,0.98730158730158735,0.98730158730158735,0,2504,2488,2488,0,0.99361022364217255,0.99361022364217255,0,0,0,0
setting,squares,linear+corner,100,0.05,construction_path,merged,25,2520,32,32,0,0.012698412698412698,0.012698412698412698,0,2504,16,16,0,0.0063897763578274758,0.0063897763578274758,0,0,0,0
setting,squares,linear+corner,100,0.05,construction_path,plic_fallback,25,2520,0,0,0,0,0,0,2504,0,0,0,0,0,0,0,0,0
setting,squares,linear+corner,100,0.05,final_facet,circular,25,2520,0,0,0,0,0,0,2504,0,0,0,0,0,0,0,0,0
setting,squares,linear+corner,100,0.05,final_facet,curved_corner,25,2520,0,0,0,0,0,0,2504,0,0,0,0,0,0,0,0,0
setting,squares,linear+corner,100,0.05,final_facet,linear,25,2520,2205,2205,0,0.875,0.875,0,2504,2205,2205,0,0.88059105431309903,0.88059105431309903,0,0,0,0
setting,squares,linear+corner,100,0.05,final_facet,linear_corner,25,2520,315,315,0,0.125,0.125,0,2504,299,299,0,0.11940894568690096,0.11940894568690096,0,0,0,0
setting,squares,linear+corner,100,0.05,merge,independent,25,2520,2488,2488,0,0.98730158730158735,0.98730158730158735,0,2504,2488,2488,0,0.99361022364217255,0.99361022364217255,0,0,0,0
setting,squares,linear+corner,100,0.05,merge,merged,25,2520,32,32,0,0.012698412698412698,0.012698412698412698,0,2504,16,16,0,0.0063897763578274758,0.0063897763578274758,0,0,0,0
setting,squares,linear+corner,100,0.05,orientation_status,oriented,25,2520,2520,2520,0,1,1,0,2504,0,0,0,0,0,0,0,0,0
setting,squares,linear+corner,100,0.05,orientation_status,unresolved_or_deadend,25,2520,0,0,0,0,0,0,2504,0,0,0,0,0,0,0,0,0
setting,squares,linear+corner,100,0.05,plic_fallback_policy,ELVIRA,25,2520,0,0,0,0,0,0,2504,0,0,0,0,0,0,0,0,0
setting,squares,linear+corner,100,0.05,plic_fallback_policy,LVIRA,25,2520,0,0,0,0,0,0,2504,0,0,0,0,0,0,0,0,0
setting,squares,linear+corner,100,0.05,plic_fallback_policy,Youngs,25,2520,0,0,0,0,0,0,2504,0,0,0,0,0,0,0,0,0
setting,squares,linear+corner,100,0.05,rescue,corner_arc_corner_triplet,25,2520,0,0,0,0,0,0,2504,0,0,0,0,0,0,0,0,0
setting,squares,linear+corner,100,0.05,rescue,curved_corner_loop,25,2520,0,0,0,0,0,0,2504,0,0,0,0,0,0,0,0,0
setting,squares,linear+corner,100,0.05,rescue,curved_corner_transition,25,2520,0,0,0,0,0,0,2504,0,0,0,0,0,0,0,0,0
setting,squares,linear+corner,100,0.05,rescue,exact_linear_support,25,2520,0,0,0,0,0,0,2504,0,0,0,0,0,0,0,0,0
setting,squares,linear+corner,100,0.1,construction_path,direct_fit,25,2519,2485,2485,0,0.98650258038904326,0.98650258038904326,0,2502,2485,2485,0,0.99320543565147879,0.99320543565147879,0,0,0,0
setting,squares,linear+corner,100,0.1,construction_path,merged,25,2519,34,34,0,0.013497419610956728,0.013497419610956728,0,2502,17,17,0,0.0067945643485211827,0.0067945643485211827,0,0,0,0
setting,squares,linear+corner,100,0.1,construction_path,plic_fallback,25,2519,0,0,0,0,0,0,2502,0,0,0,0,0,0,0,0,0
setting,squares,linear+corner,100,0.1,final_facet,circular,25,2519,0,0,0,0,0,0,2502,0,0,0,0,0,0,0,0,0
setting,squares,linear+corner,100,0.1,final_facet,curved_corner,25,2519,0,0,0,0,0,0,2502,0,0,0,0,0,0,0,0,0
setting,squares,linear+corner,100,0.1,final_facet,linear,25,2519,2202,2202,0,0.8741564112743152,0.8741564112743152,0,2502,2202,2202,0,0.88009592326139086,0.88009592326139086,0,0,0,0
setting,squares,linear+corner,100,0.1,final_facet,linear_corner,25,2519,317,317,0,0.1258435887256848,0.1258435887256848,0,2502,300,300,0,0.11990407673860912,0.11990407673860912,0,0,0,0
setting,squares,linear+corner,100,0.1,merge,independent,25,2519,2485,2485,0,0.98650258038904326,0.98650258038904326,0,2502,2485,2485,0,0.99320543565147879,0.99320543565147879,0,0,0,0
setting,squares,linear+corner,100,0.1,merge,merged,25,2519,34,34,0,0.013497419610956728,0.013497419610956728,0,2502,17,17,0,0.0067945643485211827,0.0067945643485211827,0,0,0,0
setting,squares,linear+corner,100,0.1,orientation_status,oriented,25,2519,2519,2519,0,1,1,0,2502,0,0,0,0,0,0,0,0,0
setting,squares,linear+corner,100,0.1,orientation_status,unresolved_or_deadend,25,2519,0,0,0,0,0,0,2502,0,0,0,0,0,0,0,0,0
setting,squares,linear+corner,100,0.1,plic_fallback_policy,ELVIRA,25,2519,0,0,0,0,0,0,2502,0,0,0,0,0,0,0,0,0
setting,squares,linear+corner,100,0.1,plic_fallback_policy,LVIRA,25,2519,0,0,0,0,0,0,2502,0,0,0,0,0,0,0,0,0
setting,squares,linear+corner,100,0.1,plic_fallback_policy,Youngs,25,2519,0,0,0,0,0,0,2502,0,0,0,0,0,0,0,0,0
setting,squares,linear+corner,100,0.1,rescue,corner_arc_corner_triplet,25,2519,0,0,0,0,0,0,2502,0,0,0,0,0,0,0,0,0
setting,squares,linear+corner,100,0.1,rescue,curved_corner_loop,25,2519,0,0,0,0,0,0,2502,0,0,0,0,0,0,0,0,0
setting,squares,linear+corner,100,0.1,rescue,curved_corner_transition,25,2519,0,0,0,0,0,0,2502,0,0,0,0,0,0,0,0,0
setting,squares,linear+corner,100,0.1,rescue,exact_linear_support,25,2519,0,0,0,0,0,0,2502,0,0,0,0,0,0,0,0,0
setting,squares,linear+corner,100,0.2,construction_path,direct_fit,25,2540,2502,2502,0,0.98503937007874021,0.98503937007874021,0,2522,2502,2502,0,0.9920697858842189,0.9920697858842189,0,0,0,0
setting,squares,linear+corner,100,0.2,construction_path,merged,25,2540,36,36,0,0.014173228346456693,0.014173228346456693,0,2522,18,18,0,0.0071371927042030133,0.0071371927042030133,0,0,0,0
setting,squares,linear+corner,100,0.2,construction_path,plic_fallback,25,2540,2,2,0,0.0007874015748031496,0.0007874015748031496,0,2522,2,2,0,0.00079302141157811261,0.00079302141157811261,0,0,0,0
setting,squares,linear+corner,100,0.2,final_facet,circular,25,2540,0,0,0,0,0,0,2522,0,0,0,0,0,0,0,0,0
setting,squares,linear+corner,100,0.2,final_facet,curved_corner,25,2540,0,0,0,0,0,0,2522,0,0,0,0,0,0,0,0,0
setting,squares,linear+corner,100,0.2,final_facet,linear,25,2540,2223,2223,0,0.87519685039370076,0.87519685039370076,0,2522,2223,2223,0,0.88144329896907214,0.88144329896907214,0,0,0,0
setting,squares,linear+corner,100,0.2,final_facet,linear_corner,25,2540,317,317,0,0.12480314960629921,0.12480314960629921,0,2522,299,299,0,0.11855670103092783,0.11855670103092783,0,0,0,0
setting,squares,linear+corner,100,0.2,merge,independent,25,2540,2504,2504,0,0.98582677165354327,0.98582677165354327,0,2522,2504,2504,0,0.99286280729579701,0.99286280729579701,0,0,0,0
setting,squares,linear+corner,100,0.2,merge,merged,25,2540,36,36,0,0.014173228346456693,0.014173228346456693,0,2522,18,18,0,0.0071371927042030133,0.0071371927042030133,0,0,0,0
setting,squares,linear+corner,100,0.2,orientation_status,oriented,25,2540,2538,2538,0,0.99921259842519683,0.99921259842519683,0,2522,0,0,0,0,0,0,0,0,0
setting,squares,linear+corner,100,0.2,orientation_status,unresolved_or_deadend,25,2540,2,2,0,0.0007874015748031496,0.0007874015748031496,0,2522,0,0,0,0,0,0,0,0,0
setting,squares,linear+corner,100,0.2,plic_fallback_policy,ELVIRA,25,2540,0,0,0,0,0,0,2522,0,0,0,0,0,0,0,0,0
setting,squares,linear+corner,100,0.2,plic_fallback_policy,LVIRA,25,2540,2,2,0,0.0007874015748031496,0.0007874015748031496,0,2522,2,2,0,0.00079302141157811261,0.00079302141157811261,0,2,2,0
setting,squares,linear+corner,100,0.2,plic_fallback_policy,Youngs,25,2540,0,0,0,0,0,0,2522,0,0,0,0,0,0,0,0,0
setting,squares,linear+corner,100,0.2,rescue,corner_arc_corner_triplet,25,2540,0,0,0,0,0,0,2522,0,0,0,0,0,0,0,0,0
setting,squares,linear+corner,100,0.2,rescue,curved_corner_loop,25,2540,0,0,0,0,0,0,2522,0,0,0,0,0,0,0,0,0
setting,squares,linear+corner,100,0.2,rescue,curved_corner_transition,25,2540,0,0,0,0,0,0,2522,0,0,0,0,0,0,0,0,0
setting,squares,linear+corner,100,0.2,rescue,exact_linear_support,25,2540,0,0,0,0,0,0,2522,0,0,0,0,0,0,0,0,0
setting,squares,linear+corner,100,0.3,construction_path,direct_fit,25,2577,2536,2536,0,0.98409002716336824,0.98409002716336824,0,2557,2536,2536,0,0.99178725068439577,0.99178725068439577,0,0,0,0
setting,squares,linear+corner,100,0.3,construction_path,merged,25,2577,40,40,0,0.015521924718665115,0.015521924718665115,0,2557,20,20,0,0.0078216660148611658,0.0078216660148611658,0,0,0,0
setting,squares,linear+corner,100,0.3,construction_path,plic_fallback,25,2577,1,1,0,0.00038804811796662784,0.00038804811796662784,0,2557,1,1,0,0.00039108330074305825,0.00039108330074305825,0,0,0,0
setting,squares,linear+corner,100,0.3,final_facet,circular,25,2577,0,0,0,0,0,0,2557,0,0,0,0,0,0,0,0,0
setting,squares,linear+corner,100,0.3,final_facet,curved_corner,25,2577,0,0,0,0,0,0,2557,0,0,0,0,0,0,0,0,0
setting,squares,linear+corner,100,0.3,final_facet,linear,25,2577,2254,2254,0,0.87466045789677915,0.87466045789677915,0,2557,2253,2253,0,0.88111067657411024,0.88111067657411024,0,0,0,0
setting,squares,linear+corner,100,0.3,final_facet,linear_corner,25,2577,323,323,0,0.12533954210322079,0.12533954210322079,0,2557,304,304,0,0.11888932342588972,0.11888932342588972,0,0,0,0
setting,squares,linear+corner,100,0.3,merge,independent,25,2577,2537,2537,0,0.98447807528133491,0.98447807528133491,0,2557,2537,2537,0,0.99217833398513888,0.99217833398513888,0,0,0,0
setting,squares,linear+corner,100,0.3,merge,merged,25,2577,40,40,0,0.015521924718665115,0.015521924718665115,0,2557,20,20,0,0.0078216660148611658,0.0078216660148611658,0,0,0,0
setting,squares,linear+corner,100,0.3,orientation_status,oriented,25,2577,2576,2576,0,0.99961195188203333,0.99961195188203333,0,2557,0,0,0,0,0,0,0,0,0
setting,squares,linear+corner,100,0.3,orientation_status,unresolved_or_deadend,25,2577,1,1,0,0.00038804811796662784,0.00038804811796662784,0,2557,0,0,0,0,0,0,0,0,0
setting,squares,linear+corner,100,0.3,plic_fallback_policy,ELVIRA,25,2577,0,0,0,0,0,0,2557,0,0,0,0,0,0,0,0,0
setting,squares,linear+corner,100,0.3,plic_fallback_policy,LVIRA,25,2577,1,1,0,0.00038804811796662784,0.00038804811796662784,0,2557,1,1,0,0.00039108330074305825,0.00039108330074305825,0,1,1,0
setting,squares,linear+corner,100,0.3,plic_fallback_policy,Youngs,25,2577,0,0,0,0,0,0,2557,0,0,0,0,0,0,0,0,0
setting,squares,linear+corner,100,0.3,rescue,corner_arc_corner_triplet,25,2577,0,0,0,0,0,0,2557,0,0,0,0,0,0,0,0,0
setting,squares,linear+corner,100,0.3,rescue,curved_corner_loop,25,2577,0,0,0,0,0,0,2557,0,0,0,0,0,0,0,0,0
setting,squares,linear+corner,100,0.3,rescue,curved_corner_transition,25,2577,0,0,0,0,0,0,2557,0,0,0,0,0,0,0,0,0
setting,squares,linear+corner,100,0.3,rescue,exact_linear_support,25,2577,0,0,0,0,0,0,2557,0,0,0,0,0,0,0,0,0
setting,squares,linear+corner,128,0,construction_path,direct_fit,25,3230,3202,3202,0,0.99133126934984517,0.99133126934984517,0,3216,3202,3202,0,0.99564676616915426,0.99564676616915426,0,0,0,0
setting,squares,linear+corner,128,0,construction_path,merged,25,3230,28,28,0,0.0086687306501547993,0.0086687306501547993,0,3216,14,14,0,0.0043532338308457713,0.0043532338308457713,0,0,0,0
setting,squares,linear+corner,128,0,construction_path,plic_fallback,25,3230,0,0,0,0,0,0,3216,0,0,0,0,0,0,0,0,0
setting,squares,linear+corner,128,0,final_facet,circular,25,3230,0,0,0,0,0,0,3216,0,0,0,0,0,0,0,0,0
setting,squares,linear+corner,128,0,final_facet,curved_corner,25,3230,0,0,0,0,0,0,3216,0,0,0,0,0,0,0,0,0
setting,squares,linear+corner,128,0,final_facet,linear,25,3230,2917,2917,0,0.90309597523219809,0.90309597523219809,0,3216,2917,2917,0,0.90702736318407962,0.90702736318407962,0,0,0,0
setting,squares,linear+corner,128,0,final_facet,linear_corner,25,3230,313,313,0,0.096904024767801855,0.096904024767801855,0,3216,299,299,0,0.092972636815920398,0.092972636815920398,0,0,0,0
setting,squares,linear+corner,128,0,merge,independent,25,3230,3202,3202,0,0.99133126934984517,0.99133126934984517,0,3216,3202,3202,0,0.99564676616915426,0.99564676616915426,0,0,0,0
setting,squares,linear+corner,128,0,merge,merged,25,3230,28,28,0,0.0086687306501547993,0.0086687306501547993,0,3216,14,14,0,0.0043532338308457713,0.0043532338308457713,0,0,0,0
setting,squares,linear+corner,128,0,orientation_status,oriented,25,3230,3230,3230,0,1,1,0,3216,0,0,0,0,0,0,0,0,0
setting,squares,linear+corner,128,0,orientation_status,unresolved_or_deadend,25,3230,0,0,0,0,0,0,3216,0,0,0,0,0,0,0,0,0
setting,squares,linear+corner,128,0,plic_fallback_policy,ELVIRA,25,3230,0,0,0,0,0,0,3216,0,0,0,0,0,0,0,0,0
setting,squares,linear+corner,128,0,plic_fallback_policy,LVIRA,25,3230,0,0,0,0,0,0,3216,0,0,0,0,0,0,0,0,0
setting,squares,linear+corner,128,0,plic_fallback_policy,Youngs,25,3230,0,0,0,0,0,0,3216,0,0,0,0,0,0,0,0,0
setting,squares,linear+corner,128,0,rescue,corner_arc_corner_triplet,25,3230,0,0,0,0,0,0,3216,0,0,0,0,0,0,0,0,0
setting,squares,linear+corner,128,0,rescue,curved_corner_loop,25,3230,0,0,0,0,0,0,3216,0,0,0,0,0,0,0,0,0
setting,squares,linear+corner,128,0,rescue,curved_corner_transition,25,3230,0,0,0,0,0,0,3216,0,0,0,0,0,0,0,0,0
setting,squares,linear+corner,128,0,rescue,exact_linear_support,25,3230,0,0,0,0,0,0,3216,0,0,0,0,0,0,0,0,0
setting,squares,linear+corner,128,0.05,construction_path,direct_fit,25,3230,3198,3198,0,0.99009287925696599,0.99009287925696599,0,3214,3198,3198,0,0.99502177971375239,0.99502177971375239,0,0,0,0
setting,squares,linear+corner,128,0.05,construction_path,merged,25,3230,32,32,0,0.0099071207430340563,0.0099071207430340563,0,3214,16,16,0,0.0049782202862476664,0.0049782202862476664,0,0,0,0
setting,squares,linear+corner,128,0.05,construction_path,plic_fallback,25,3230,0,0,0,0,0,0,3214,0,0,0,0,0,0,0,0,0
setting,squares,linear+corner,128,0.05,final_facet,circular,25,3230,0,0,0,0,0,0,3214,0,0,0,0,0,0,0,0,0
setting,squares,linear+corner,128,0.05,final_facet,curved_corner,25,3230,0,0,0,0,0,0,3214,0,0,0,0,0,0,0,0,0
setting,squares,linear+corner,128,0.05,final_facet,linear,25,3230,2915,2915,0,0.9024767801857585,0.9024767801857585,0,3214,2915,2915,0,0.90696950840074675,0.90696950840074675,0,0,0,0
setting,squares,linear+corner,128,0.05,final_facet,linear_corner,25,3230,315,315,0,0.097523219814241488,0.097523219814241488,0,3214,299,299,0,0.093030491599253265,0.093030491599253265,0,0,0,0
setting,squares,linear+corner,128,0.05,merge,independent,25,3230,3198,3198,0,0.99009287925696599,0.99009287925696599,0,3214,3198,3198,0,0.99502177971375239,0.99502177971375239,0,0,0,0
setting,squares,linear+corner,128,0.05,merge,merged,25,3230,32,32,0,0.0099071207430340563,0.0099071207430340563,0,3214,16,16,0,0.0049782202862476664,0.0049782202862476664,0,0,0,0
setting,squares,linear+corner,128,0.05,orientation_status,oriented,25,3230,3230,3230,0,1,1,0,3214,0,0,0,0,0,0,0,0,0
setting,squares,linear+corner,128,0.05,orientation_status,unresolved_or_deadend,25,3230,0,0,0,0,0,0,3214,0,0,0,0,0,0,0,0,0
setting,squares,linear+corner,128,0.05,plic_fallback_policy,ELVIRA,25,3230,0,0,0,0,0,0,3214,0,0,0,0,0,0,0,0,0
setting,squares,linear+corner,128,0.05,plic_fallback_policy,LVIRA,25,3230,0,0,0,0,0,0,3214,0,0,0,0,0,0,0,0,0
setting,squares,linear+corner,128,0.05,plic_fallback_policy,Youngs,25,3230,0,0,0,0,0,0,3214,0,0,0,0,0,0,0,0,0
setting,squares,linear+corner,128,0.05,rescue,corner_arc_corner_triplet,25,3230,0,0,0,0,0,0,3214,0,0,0,0,0,0,0,0,0
setting,squares,linear+corner,128,0.05,rescue,curved_corner_loop,25,3230,0,0,0,0,0,0,3214,0,0,0,0,0,0,0,0,0
setting,squares,linear+corner,128,0.05,rescue,curved_corner_transition,25,3230,0,0,0,0,0,0,3214,0,0,0,0,0,0,0,0,0
setting,squares,linear+corner,128,0.05,rescue,exact_linear_support,25,3230,0,0,0,0,0,0,3214,0,0,0,0,0,0,0,0,0
setting,squares,linear+corner,128,0.1,construction_path,direct_fit,25,3238,3206,3206,0,0.99011735639283505,0.99011735639283505,0,3222,3206,3206,0,0.99503414028553694,0.99503414028553694,0,0,0,0
setting,squares,linear+corner,128,0.1,construction_path,merged,25,3238,32,32,0,0.0098826436071649173,0.0098826436071649173,0,3222,16,16,0,0.0049658597144630664,0.0049658597144630664,0,0,0,0
setting,squares,linear+corner,128,0.1,construction_path,plic_fallback,25,3238,0,0,0,0,0,0,3222,0,0,0,0,0,0,0,0,0
setting,squares,linear+corner,128,0.1,final_facet,circular,25,3238,0,0,0,0,0,0,3222,0,0,0,0,0,0,0,0,0
setting,squares,linear+corner,128,0.1,final_facet,curved_corner,25,3238,0,0,0,0,0,0,3222,0,0,0,0,0,0,0,0,0
setting,squares,linear+corner,128,0.1,final_facet,linear,25,3238,2923,2923,0,0.90271772699197039,0.90271772699197039,0,3222,2923,2923,0,0.90720049658597146,0.90720049658597146,0,0,0,0
setting,squares,linear+corner,128,0.1,final_facet,linear_corner,25,3238,315,315,0,0.097282273008029649,0.097282273008029649,0,3222,299,299,0,0.092799503414028553,0.092799503414028553,0,0,0,0
setting,squares,linear+corner,128,0.1,merge,independent,25,3238,3206,3206,0,0.99011735639283505,0.99011735639283505,0,3222,3206,3206,0,0.99503414028553694,0.99503414028553694,0,0,0,0
setting,squares,linear+corner,128,0.1,merge,merged,25,3238,32,32,0,0.0098826436071649173,0.0098826436071649173,0,3222,16,16,0,0.0049658597144630664,0.0049658597144630664,0,0,0,0
setting,squares,linear+corner,128,0.1,orientation_status,oriented,25,3238,3238,3238,0,1,1,0,3222,0,0,0,0,0,0,0,0,0
setting,squares,linear+corner,128,0.1,orientation_status,unresolved_or_deadend,25,3238,0,0,0,0,0,0,3222,0,0,0,0,0,0,0,0,0
setting,squares,linear+corner,128,0.1,plic_fallback_policy,ELVIRA,25,3238,0,0,0,0,0,0,3222,0,0,0,0,0,0,0,0,0
setting,squares,linear+corner,128,0.1,plic_fallback_policy,LVIRA,25,3238,0,0,0,0,0,0,3222,0,0,0,0,0,0,0,0,0
setting,squares,linear+corner,128,0.1,plic_fallback_policy,Youngs,25,3238,0,0,0,0,0,0,3222,0,0,0,0,0,0,0,0,0
setting,squares,linear+corner,128,0.1,rescue,corner_arc_corner_triplet,25,3238,0,0,0,0,0,0,3222,0,0,0,0,0,0,0,0,0
setting,squares,linear+corner,128,0.1,rescue,curved_corner_loop,25,3238,0,0,0,0,0,0,3222,0,0,0,0,0,0,0,0,0
setting,squares,linear+corner,128,0.1,rescue,curved_corner_transition,25,3238,0,0,0,0,0,0,3222,0,0,0,0,0,0,0,0,0
setting,squares,linear+corner,128,0.1,rescue,exact_linear_support,25,3238,0,0,0,0,0,0,3222,0,0,0,0,0,0,0,0,0
setting,squares,linear+corner,128,0.2,construction_path,direct_fit,25,3272,3240,3240,0,0.99022004889975546,0.99022004889975546,0,3256,3240,3240,0,0.99508599508599505,0.99508599508599505,0,0,0,0
setting,squares,linear+corner,128,0.2,construction_path,merged,25,3272,32,32,0,0.0097799511002444987,0.0097799511002444987,0,3256,16,16,0,0.0049140049140049139,0.0049140049140049139,0,0,0,0
setting,squares,linear+corner,128,0.2,construction_path,plic_fallback,25,3272,0,0,0,0,0,0,3256,0,0,0,0,0,0,0,0,0
setting,squares,linear+corner,128,0.2,final_facet,circular,25,3272,0,0,0,0,0,0,3256,0,0,0,0,0,0,0,0,0
setting,squares,linear+corner,128,0.2,final_facet,curved_corner,25,3272,0,0,0,0,0,0,3256,0,0,0,0,0,0,0,0,0
setting,squares,linear+corner,128,0.2,final_facet,linear,25,3272,2956,2956,0,0.9034229828850856,0.9034229828850856,0,3256,2956,2956,0,0.90786240786240791,0.90786240786240791,0,0,0,0
setting,squares,linear+corner,128,0.2,final_facet,linear_corner,25,3272,316,316,0,0.096577017114914426,0.096577017114914426,0,3256,300,300,0,0.092137592137592136,0.092137592137592136,0,0,0,0
setting,squares,linear+corner,128,0.2,merge,independent,25,3272,3240,3240,0,0.99022004889975546,0.99022004889975546,0,3256,3240,3240,0,0.99508599508599505,0.99508599508599505,0,0,0,0
setting,squares,linear+corner,128,0.2,merge,merged,25,3272,32,32,0,0.0097799511002444987,0.0097799511002444987,0,3256,16,16,0,0.0049140049140049139,0.0049140049140049139,0,0,0,0
setting,squares,linear+corner,128,0.2,orientation_status,oriented,25,3272,3272,3272,0,1,1,0,3256,0,0,0,0,0,0,0,0,0
setting,squares,linear+corner,128,0.2,orientation_status,unresolved_or_deadend,25,3272,0,0,0,0,0,0,3256,0,0,0,0,0,0,0,0,0
setting,squares,linear+corner,128,0.2,plic_fallback_policy,ELVIRA,25,3272,0,0,0,0,0,0,3256,0,0,0,0,0,0,0,0,0
setting,squares,linear+corner,128,0.2,plic_fallback_policy,LVIRA,25,3272,0,0,0,0,0,0,3256,0,0,0,0,0,0,0,0,0
setting,squares,linear+corner,128,0.2,plic_fallback_policy,Youngs,25,3272,0,0,0,0,0,0,3256,0,0,0,0,0,0,0,0,0
setting,squares,linear+corner,128,0.2,rescue,corner_arc_corner_triplet,25,3272,0,0,0,0,0,0,3256,0,0,0,0,0,0,0,0,0
setting,squares,linear+corner,128,0.2,rescue,curved_corner_loop,25,3272,0,0,0,0,0,0,3256,0,0,0,0,0,0,0,0,0
setting,squares,linear+corner,128,0.2,rescue,curved_corner_transition,25,3272,0,0,0,0,0,0,3256,0,0,0,0,0,0,0,0,0
setting,squares,linear+corner,128,0.2,rescue,exact_linear_support,25,3272,0,0,0,0,0,0,3256,0,0,0,0,0,0,0,0,0
setting,squares,linear+corner,128,0.3,construction_path,direct_fit,25,3348,3308,3308,0,0.98805256869772995,0.98805256869772995,0,3330,3308,3308,0,0.99339339339339339,0.99339339339339339,0,0,0,0
setting,squares,linear+corner,128,0.3,construction_path,merged,25,3348,36,36,0,0.010752688172043012,0.010752688172043012,0,3330,18,18,0,0.0054054054054054057,0.0054054054054054057,0,0,0,0
setting,squares,linear+corner,128,0.3,construction_path,plic_fallback,25,3348,4,4,0,0.0011947431302270011,0.0011947431302270011,0,3330,4,4,0,0.0012012012012012011,0.0012012012012012011,0,0,0,0
setting,squares,linear+corner,128,0.3,final_facet,circular,25,3348,0,0,0,0,0,0,3330,0,0,0,0,0,0,0,0,0
setting,squares,linear+corner,128,0.3,final_facet,curved_corner,25,3348,0,0,0,0,0,0,3330,0,0,0,0,0,0,0,0,0
setting,squares,linear+corner,128,0.3,final_facet,linear,25,3348,3030,3030,0,0.90501792114695345,0.90501792114695345,0,3330,3029,3029,0,0.90960960960960957,0.90960960960960957,0,0,0,0
setting,squares,linear+corner,128,0.3,final_facet,linear_corner,25,3348,318,318,0,0.094982078853046589,0.094982078853046589,0,3330,301,301,0,0.090390390390390388,0.090390390390390388,0,0,0,0
setting,squares,linear+corner,128,0.3,merge,independent,25,3348,3312,3312,0,0.989247311827957,0.989247311827957,0,3330,3312,3312,0,0.99459459459459465,0.99459459459459465,0,0,0,0
setting,squares,linear+corner,128,0.3,merge,merged,25,3348,36,36,0,0.010752688172043012,0.010752688172043012,0,3330,18,18,0,0.0054054054054054057,0.0054054054054054057,0,0,0,0
setting,squares,linear+corner,128,0.3,orientation_status,oriented,25,3348,3344,3344,0,0.99880525686977295,0.99880525686977295,0,3330,0,0,0,0,0,0,0,0,0
setting,squares,linear+corner,128,0.3,orientation_status,unresolved_or_deadend,25,3348,4,4,0,0.0011947431302270011,0.0011947431302270011,0,3330,0,0,0,0,0,0,0,0,0
setting,squares,linear+corner,128,0.3,plic_fallback_policy,ELVIRA,25,3348,0,0,0,0,0,0,3330,0,0,0,0,0,0,0,0,0
setting,squares,linear+corner,128,0.3,plic_fallback_policy,LVIRA,25,3348,4,4,0,0.0011947431302270011,0.0011947431302270011,0,3330,4,4,0,0.0012012012012012011,0.0012012012012012011,0,4,4,0
setting,squares,linear+corner,128,0.3,plic_fallback_policy,Youngs,25,3348,0,0,0,0,0,0,3330,0,0,0,0,0,0,0,0,0
setting,squares,linear+corner,128,0.3,rescue,corner_arc_corner_triplet,25,3348,0,0,0,0,0,0,3330,0,0,0,0,0,0,0,0,0
setting,squares,linear+corner,128,0.3,rescue,curved_corner_loop,25,3348,0,0,0,0,0,0,3330,0,0,0,0,0,0,0,0,0
setting,squares,linear+corner,128,0.3,rescue,curved_corner_transition,25,3348,0,0,0,0,0,0,3330,0,0,0,0,0,0,0,0,0
setting,squares,linear+corner,128,0.3,rescue,exact_linear_support,25,3348,0,0,0,0,0,0,3330,0,0,0,0,0,0,0,0,0
setting,squares,linear+corner,150,0,construction_path,direct_fit,25,3793,3763,3763,0,0.99209069338254685,0.99209069338254685,0,3778,3763,3763,0,0.9960296453149815,0.9960296453149815,0,0,0,0
setting,squares,linear+corner,150,0,construction_path,merged,25,3793,30,30,0,0.0079093066174532028,0.0079093066174532028,0,3778,15,15,0,0.0039703546850185286,0.0039703546850185286,0,0,0,0
setting,squares,linear+corner,150,0,construction_path,plic_fallback,25,3793,0,0,0,0,0,0,3778,0,0,0,0,0,0,0,0,0
setting,squares,linear+corner,150,0,final_facet,circular,25,3793,0,0,0,0,0,0,3778,0,0,0,0,0,0,0,0,0
setting,squares,linear+corner,150,0,final_facet,curved_corner,25,3793,0,0,0,0,0,0,3778,0,0,0,0,0,0,0,0,0
setting,squares,linear+corner,150,0,final_facet,linear,25,3793,3479,3479,0,0.91721592407065644,0.91721592407065644,0,3778,3479,3479,0,0.92085759661196398,0.92085759661196398,0,0,0,0
setting,squares,linear+corner,150,0,final_facet,linear_corner,25,3793,314,314,0,0.082784075929343531,0.082784075929343531,0,3778,299,299,0,0.079142403388035992,0.079142403388035992,0,0,0,0
setting,squares,linear+corner,150,0,merge,independent,25,3793,3763,3763,0,0.99209069338254685,0.99209069338254685,0,3778,3763,3763,0,0.9960296453149815,0.9960296453149815,0,0,0,0
setting,squares,linear+corner,150,0,merge,merged,25,3793,30,30,0,0.0079093066174532028,0.0079093066174532028,0,3778,15,15,0,0.0039703546850185286,0.0039703546850185286,0,0,0,0
setting,squares,linear+corner,150,0,orientation_status,oriented,25,3793,3793,3793,0,1,1,0,3778,0,0,0,0,0,0,0,0,0
setting,squares,linear+corner,150,0,orientation_status,unresolved_or_deadend,25,3793,0,0,0,0,0,0,3778,0,0,0,0,0,0,0,0,0
setting,squares,linear+corner,150,0,plic_fallback_policy,ELVIRA,25,3793,0,0,0,0,0,0,3778,0,0,0,0,0,0,0,0,0
setting,squares,linear+corner,150,0,plic_fallback_policy,LVIRA,25,3793,0,0,0,0,0,0,3778,0,0,0,0,0,0,0,0,0
setting,squares,linear+corner,150,0,plic_fallback_policy,Youngs,25,3793,0,0,0,0,0,0,3778,0,0,0,0,0,0,0,0,0
setting,squares,linear+corner,150,0,rescue,corner_arc_corner_triplet,25,3793,0,0,0,0,0,0,3778,0,0,0,0,0,0,0,0,0
setting,squares,linear+corner,150,0,rescue,curved_corner_loop,25,3793,0,0,0,0,0,0,3778,0,0,0,0,0,0,0,0,0
setting,squares,linear+corner,150,0,rescue,curved_corner_transition,25,3793,0,0,0,0,0,0,3778,0,0,0,0,0,0,0,0,0
setting,squares,linear+corner,150,0,rescue,exact_linear_support,25,3793,0,0,0,0,0,0,3778,0,0,0,0,0,0,0,0,0
setting,squares,linear+corner,150,0.05,construction_path,direct_fit,25,3798,3774,3774,0,0.99368088467614535,0.99368088467614535,0,3786,3774,3774,0,0.99683042789223453,0.99683042789223453,0,0,0,0
setting,squares,linear+corner,150,0.05,construction_path,merged,25,3798,24,24,0,0.0063191153238546603,0.0063191153238546603,0,3786,12,12,0,0.0031695721077654518,0.0031695721077654518,0,0,0,0
setting,squares,linear+corner,150,0.05,construction_path,plic_fallback,25,3798,0,0,0,0,0,0,3786,0,0,0,0,0,0,0,0,0
setting,squares,linear+corner,150,0.05,final_facet,circular,25,3798,0,0,0,0,0,0,3786,0,0,0,0,0,0,0,0,0
setting,squares,linear+corner,150,0.05,final_facet,curved_corner,25,3798,0,0,0,0,0,0,3786,0,0,0,0,0,0,0,0,0
setting,squares,linear+corner,150,0.05,final_facet,linear,25,3798,3488,3488,0,0.91837809373354395,0.91837809373354395,0,3786,3488,3488,0,0.9212889593238246,0.9212889593238246,0,0,0,0
setting,squares,linear+corner,150,0.05,final_facet,linear_corner,25,3798,310,310,0,0.081621906266456032,0.081621906266456032,0,3786,298,298,0,0.078711040676175389,0.078711040676175389,0,0,0,0
setting,squares,linear+corner,150,0.05,merge,independent,25,3798,3774,3774,0,0.99368088467614535,0.99368088467614535,0,3786,3774,3774,0,0.99683042789223453,0.99683042789223453,0,0,0,0
setting,squares,linear+corner,150,0.05,merge,merged,25,3798,24,24,0,0.0063191153238546603,0.0063191153238546603,0,3786,12,12,0,0.0031695721077654518,0.0031695721077654518,0,0,0,0
setting,squares,linear+corner,150,0.05,orientation_status,oriented,25,3798,3798,3798,0,1,1,0,3786,0,0,0,0,0,0,0,0,0
setting,squares,linear+corner,150,0.05,orientation_status,unresolved_or_deadend,25,3798,0,0,0,0,0,0,3786,0,0,0,0,0,0,0,0,0
setting,squares,linear+corner,150,0.05,plic_fallback_policy,ELVIRA,25,3798,0,0,0,0,0,0,3786,0,0,0,0,0,0,0,0,0
setting,squares,linear+corner,150,0.05,plic_fallback_policy,LVIRA,25,3798,0,0,0,0,0,0,3786,0,0,0,0,0,0,0,0,0
setting,squares,linear+corner,150,0.05,plic_fallback_policy,Youngs,25,3798,0,0,0,0,0,0,3786,0,0,0,0,0,0,0,0,0
setting,squares,linear+corner,150,0.05,rescue,corner_arc_corner_triplet,25,3798,0,0,0,0,0,0,3786,0,0,0,0,0,0,0,0,0
setting,squares,linear+corner,150,0.05,rescue,curved_corner_loop,25,3798,0,0,0,0,0,0,3786,0,0,0,0,0,0,0,0,0
setting,squares,linear+corner,150,0.05,rescue,curved_corner_transition,25,3798,0,0,0,0,0,0,3786,0,0,0,0,0,0,0,0,0
setting,squares,linear+corner,150,0.05,rescue,exact_linear_support,25,3798,0,0,0,0,0,0,3786,0,0,0,0,0,0,0,0,0
setting,squares,linear+corner,150,0.1,construction_path,direct_fit,25,3806,3782,3782,0,0.9936941671045717,0.9936941671045717,0,3794,3782,3782,0,0.99683711122825513,0.99683711122825513,0,0,0,0
setting,squares,linear+corner,150,0.1,construction_path,merged,25,3806,24,24,0,0.0063058328954282714,0.0063058328954282714,0,3794,12,12,0,0.0031628887717448603,0.0031628887717448603,0,0,0,0
setting,squares,linear+corner,150,0.1,construction_path,plic_fallback,25,3806,0,0,0,0,0,0,3794,0,0,0,0,0,0,0,0,0
setting,squares,linear+corner,150,0.1,final_facet,circular,25,3806,0,0,0,0,0,0,3794,0,0,0,0,0,0,0,0,0
setting,squares,linear+corner,150,0.1,final_facet,curved_corner,25,3806,0,0,0,0,0,0,3794,0,0,0,0,0,0,0,0,0
setting,squares,linear+corner,150,0.1,final_facet,linear,25,3806,3497,3497,0,0.91881240147136101,0.91881240147136101,0,3794,3497,3497,0,0.92171850289931467,0.92171850289931467,0,0,0,0
setting,squares,linear+corner,150,0.1,final_facet,linear_corner,25,3806,309,309,0,0.081187598528638993,0.081187598528638993,0,3794,297,297,0,0.078281497100685299,0.078281497100685299,0,0,0,0
setting,squares,linear+corner,150,0.1,merge,independent,25,3806,3782,3782,0,0.9936941671045717,0.9936941671045717,0,3794,3782,3782,0,0.99683711122825513,0.99683711122825513,0,0,0,0
setting,squares,linear+corner,150,0.1,merge,merged,25,3806,24,24,0,0.0063058328954282714,0.0063058328954282714,0,3794,12,12,0,0.0031628887717448603,0.0031628887717448603,0,0,0,0
setting,squares,linear+corner,150,0.1,orientation_status,oriented,25,3806,3806,3806,0,1,1,0,3794,0,0,0,0,0,0,0,0,0
setting,squares,linear+corner,150,0.1,orientation_status,unresolved_or_deadend,25,3806,0,0,0,0,0,0,3794,0,0,0,0,0,0,0,0,0
setting,squares,linear+corner,150,0.1,plic_fallback_policy,ELVIRA,25,3806,0,0,0,0,0,0,3794,0,0,0,0,0,0,0,0,0
setting,squares,linear+corner,150,0.1,plic_fallback_policy,LVIRA,25,3806,0,0,0,0,0,0,3794,0,0,0,0,0,0,0,0,0
setting,squares,linear+corner,150,0.1,plic_fallback_policy,Youngs,25,3806,0,0,0,0,0,0,3794,0,0,0,0,0,0,0,0,0
setting,squares,linear+corner,150,0.1,rescue,corner_arc_corner_triplet,25,3806,0,0,0,0,0,0,3794,0,0,0,0,0,0,0,0,0
setting,squares,linear+corner,150,0.1,rescue,curved_corner_loop,25,3806,0,0,0,0,0,0,3794,0,0,0,0,0,0,0,0,0
setting,squares,linear+corner,150,0.1,rescue,curved_corner_transition,25,3806,0,0,0,0,0,0,3794,0,0,0,0,0,0,0,0,0
setting,squares,linear+corner,150,0.1,rescue,exact_linear_support,25,3806,0,0,0,0,0,0,3794,0,0,0,0,0,0,0,0,0
setting,squares,linear+corner,150,0.2,construction_path,direct_fit,25,3856,3820,3820,0,0.99066390041493779,0.99066390041493779,0,3840,3820,3820,0,0.99479166666666663,0.99479166666666663,0,0,0,0
setting,squares,linear+corner,150,0.2,construction_path,merged,25,3856,32,32,0,0.0082987551867219917,0.0082987551867219917,0,3840,16,16,0,0.0041666666666666666,0.0041666666666666666,0,0,0,0
setting,squares,linear+corner,150,0.2,construction_path,plic_fallback,25,3856,4,4,0,0.001037344398340249,0.001037344398340249,0,3840,4,4,0,0.0010416666666666667,0.0010416666666666667,0,0,0,0
setting,squares,linear+corner,150,0.2,final_facet,circular,25,3856,0,0,0,0,0,0,3840,0,0,0,0,0,0,0,0,0
setting,squares,linear+corner,150,0.2,final_facet,curved_corner,25,3856,0,0,0,0,0,0,3840,0,0,0,0,0,0,0,0,0
setting,squares,linear+corner,150,0.2,final_facet,linear,25,3856,3540,3540,0,0.91804979253112029,0.91804979253112029,0,3840,3540,3540,0,0.921875,0.921875,0,0,0,0
setting,squares,linear+corner,150,0.2,final_facet,linear_corner,25,3856,316,316,0,0.081950207468879668,0.081950207468879668,0,3840,300,300,0,0.078125,0.078125,0,0,0,0
setting,squares,linear+corner,150,0.2,merge,independent,25,3856,3824,3824,0,0.99170124481327804,0.99170124481327804,0,3840,3824,3824,0,0.99583333333333335,0.99583333333333335,0,0,0,0
setting,squares,linear+corner,150,0.2,merge,merged,25,3856,32,32,0,0.0082987551867219917,0.0082987551867219917,0,3840,16,16,0,0.0041666666666666666,0.0041666666666666666,0,0,0,0
setting,squares,linear+corner,150,0.2,orientation_status,oriented,25,3856,3852,3852,0,0.99896265560165975,0.99896265560165975,0,3840,0,0,0,0,0,0,0,0,0
setting,squares,linear+corner,150,0.2,orientation_status,unresolved_or_deadend,25,3856,4,4,0,0.001037344398340249,0.001037344398340249,0,3840,0,0,0,0,0,0,0,0,0
setting,squares,linear+corner,150,0.2,plic_fallback_policy,ELVIRA,25,3856,0,0,0,0,0,0,3840,0,0,0,0,0,0,0,0,0
setting,squares,linear+corner,150,0.2,plic_fallback_policy,LVIRA,25,3856,4,4,0,0.001037344398340249,0.001037344398340249,0,3840,4,4,0,0.0010416666666666667,0.0010416666666666667,0,4,4,0
setting,squares,linear+corner,150,0.2,plic_fallback_policy,Youngs,25,3856,0,0,0,0,0,0,3840,0,0,0,0,0,0,0,0,0
setting,squares,linear+corner,150,0.2,rescue,corner_arc_corner_triplet,25,3856,0,0,0,0,0,0,3840,0,0,0,0,0,0,0,0,0
setting,squares,linear+corner,150,0.2,rescue,curved_corner_loop,25,3856,0,0,0,0,0,0,3840,0,0,0,0,0,0,0,0,0
setting,squares,linear+corner,150,0.2,rescue,curved_corner_transition,25,3856,0,0,0,0,0,0,3840,0,0,0,0,0,0,0,0,0
setting,squares,linear+corner,150,0.2,rescue,exact_linear_support,25,3856,0,0,0,0,0,0,3840,0,0,0,0,0,0,0,0,0
setting,squares,linear+corner,150,0.3,construction_path,direct_fit,25,3916,3883,3883,0,0.9915730337078652,0.9915730337078652,0,3901,3883,3883,0,0.99538579851320175,0.99538579851320175,0,0,0,0
setting,squares,linear+corner,150,0.3,construction_path,merged,25,3916,30,30,0,0.0076608784473953017,0.0076608784473953017,0,3901,15,15,0,0.0038451679056652139,0.0038451679056652139,0,0,0,0
setting,squares,linear+corner,150,0.3,construction_path,plic_fallback,25,3916,3,3,0,0.0007660878447395301,0.0007660878447395301,0,3901,3,3,0,0.00076903358113304286,0.00076903358113304286,0,0,0,0
setting,squares,linear+corner,150,0.3,final_facet,circular,25,3916,0,0,0,0,0,0,3901,0,0,0,0,0,0,0,0,0
setting,squares,linear+corner,150,0.3,final_facet,curved_corner,25,3916,0,0,0,0,0,0,3901,0,0,0,0,0,0,0,0,0
setting,squares,linear+corner,150,0.3,final_facet,linear,25,3916,3604,3604,0,0.92032686414708886,0.92032686414708886,0,3901,3604,3604,0,0.92386567546782872,0.92386567546782872,0,0,0,0
setting,squares,linear+corner,150,0.3,final_facet,linear_corner,25,3916,312,312,0,0.079673135852911137,0.079673135852911137,0,3901,297,297,0,0.076134324532171241,0.076134324532171241,0,0,0,0
setting,squares,linear+corner,150,0.3,merge,independent,25,3916,3886,3886,0,0.99233912155260473,0.99233912155260473,0,3901,3886,3886,0,0.99615483209433475,0.99615483209433475,0,0,0,0
setting,squares,linear+corner,150,0.3,merge,merged,25,3916,30,30,0,0.0076608784473953017,0.0076608784473953017,0,3901,15,15,0,0.0038451679056652139,0.0038451679056652139,0,0,0,0
setting,squares,linear+corner,150,0.3,orientation_status,oriented,25,3916,3913,3913,0,0.99923391215526047,0.99923391215526047,0,3901,0,0,0,0,0,0,0,0,0
setting,squares,linear+corner,150,0.3,orientation_status,unresolved_or_deadend,25,3916,3,3,0,0.0007660878447395301,0.0007660878447395301,0,3901,0,0,0,0,0,0,0,0,0
setting,squares,linear+corner,150,0.3,plic_fallback_policy,ELVIRA,25,3916,0,0,0,0,0,0,3901,0,0,0,0,0,0,0,0,0
setting,squares,linear+corner,150,0.3,plic_fallback_policy,LVIRA,25,3916,3,3,0,0.0007660878447395301,0.0007660878447395301,0,3901,3,3,0,0.00076903358113304286,0.00076903358113304286,0,3,3,0
setting,squares,linear+corner,150,0.3,plic_fallback_policy,Youngs,25,3916,0,0,0,0,0,0,3901,0,0,0,0,0,0,0,0,0
setting,squares,linear+corner,150,0.3,rescue,corner_arc_corner_triplet,25,3916,0,0,0,0,0,0,3901,0,0,0,0,0,0,0,0,0
setting,squares,linear+corner,150,0.3,rescue,curved_corner_loop,25,3916,0,0,0,0,0,0,3901,0,0,0,0,0,0,0,0,0
setting,squares,linear+corner,150,0.3,rescue,curved_corner_transition,25,3916,0,0,0,0,0,0,3901,0,0,0,0,0,0,0,0,0
setting,squares,linear+corner,150,0.3,rescue,exact_linear_support,25,3916,0,0,0,0,0,0,3901,0,0,0,0,0,0,0,0,0
setting,squares,linear+corner,50,0,construction_path,direct_fit,25,1257,1219,1219,0,0.96976929196499606,0.96976929196499606,0,1238,1219,1219,0,0.98465266558966069,0.98465266558966069,0,0,0,0
setting,squares,linear+corner,50,0,construction_path,merged,25,1257,38,38,0,0.030230708035003977,0.030230708035003977,0,1238,19,19,0,0.015347334410339256,0.015347334410339256,0,0,0,0
setting,squares,linear+corner,50,0,construction_path,plic_fallback,25,1257,0,0,0,0,0,0,1238,0,0,0,0,0,0,0,0,0
setting,squares,linear+corner,50,0,final_facet,circular,25,1257,0,0,0,0,0,0,1238,0,0,0,0,0,0,0,0,0
setting,squares,linear+corner,50,0,final_facet,curved_corner,25,1257,0,0,0,0,0,0,1238,0,0,0,0,0,0,0,0,0
setting,squares,linear+corner,50,0,final_facet,linear,25,1257,940,940,0,0.74781225139220364,0.74781225139220364,0,1238,940,940,0,0.75928917609046853,0.75928917609046853,0,0,0,0
setting,squares,linear+corner,50,0,final_facet,linear_corner,25,1257,317,317,0,0.25218774860779636,0.25218774860779636,0,1238,298,298,0,0.2407108239095315,0.2407108239095315,0,0,0,0
setting,squares,linear+corner,50,0,merge,independent,25,1257,1219,1219,0,0.96976929196499606,0.96976929196499606,0,1238,1219,1219,0,0.98465266558966069,0.98465266558966069,0,0,0,0
setting,squares,linear+corner,50,0,merge,merged,25,1257,38,38,0,0.030230708035003977,0.030230708035003977,0,1238,19,19,0,0.015347334410339256,0.015347334410339256,0,0,0,0
setting,squares,linear+corner,50,0,orientation_status,oriented,25,1257,1257,1257,0,1,1,0,1238,0,0,0,0,0,0,0,0,0
setting,squares,linear+corner,50,0,orientation_status,unresolved_or_deadend,25,1257,0,0,0,0,0,0,1238,0,0,0,0,0,0,0,0,0
setting,squares,linear+corner,50,0,plic_fallback_policy,ELVIRA,25,1257,0,0,0,0,0,0,1238,0,0,0,0,0,0,0,0,0
setting,squares,linear+corner,50,0,plic_fallback_policy,LVIRA,25,1257,0,0,0,0,0,0,1238,0,0,0,0,0,0,0,0,0
setting,squares,linear+corner,50,0,plic_fallback_policy,Youngs,25,1257,0,0,0,0,0,0,1238,0,0,0,0,0,0,0,0,0
setting,squares,linear+corner,50,0,rescue,corner_arc_corner_triplet,25,1257,0,0,0,0,0,0,1238,0,0,0,0,0,0,0,0,0
setting,squares,linear+corner,50,0,rescue,curved_corner_loop,25,1257,0,0,0,0,0,0,1238,0,0,0,0,0,0,0,0,0
setting,squares,linear+corner,50,0,rescue,curved_corner_transition,25,1257,0,0,0,0,0,0,1238,0,0,0,0,0,0,0,0,0
setting,squares,linear+corner,50,0,rescue,exact_linear_support,25,1257,0,0,0,0,0,0,1238,0,0,0,0,0,0,0,0,0
setting,squares,linear+corner,50,0.05,construction_path,direct_fit,25,1258,1214,1214,0,0.96502384737678859,0.96502384737678859,0,1236,1214,1214,0,0.98220064724919098,0.98220064724919098,0,0,0,0
setting,squares,linear+corner,50,0.05,construction_path,merged,25,1258,44,44,0,0.034976152623211444,0.034976152623211444,0,1236,22,22,0,0.017799352750809062,0.017799352750809062,0,0,0,0
setting,squares,linear+corner,50,0.05,construction_path,plic_fallback,25,1258,0,0,0,0,0,0,1236,0,0,0,0,0,0,0,0,0
setting,squares,linear+corner,50,0.05,final_facet,circular,25,1258,0,0,0,0,0,0,1236,0,0,0,0,0,0,0,0,0
setting,squares,linear+corner,50,0.05,final_facet,curved_corner,25,1258,0,0,0,0,0,0,1236,0,0,0,0,0,0,0,0,0
setting,squares,linear+corner,50,0.05,final_facet,linear,25,1258,939,939,0,0.74642289348171698,0.74642289348171698,0,1236,939,939,0,0.75970873786407767,0.75970873786407767,0,0,0,0
setting,squares,linear+corner,50,0.05,final_facet,linear_corner,25,1258,319,319,0,0.25357710651828297,0.25357710651828297,0,1236,297,297,0,0.24029126213592233,0.24029126213592233,0,0,0,0
setting,squares,linear+corner,50,0.05,merge,independent,25,1258,1214,1214,0,0.96502384737678859,0.96502384737678859,0,1236,1214,1214,0,0.98220064724919098,0.98220064724919098,0,0,0,0
setting,squares,linear+corner,50,0.05,merge,merged,25,1258,44,44,0,0.034976152623211444,0.034976152623211444,0,1236,22,22,0,0.017799352750809062,0.017799352750809062,0,0,0,0
setting,squares,linear+corner,50,0.05,orientation_status,oriented,25,1258,1258,1258,0,1,1,0,1236,0,0,0,0,0,0,0,0,0
setting,squares,linear+corner,50,0.05,orientation_status,unresolved_or_deadend,25,1258,0,0,0,0,0,0,1236,0,0,0,0,0,0,0,0,0
setting,squares,linear+corner,50,0.05,plic_fallback_policy,ELVIRA,25,1258,0,0,0,0,0,0,1236,0,0,0,0,0,0,0,0,0
setting,squares,linear+corner,50,0.05,plic_fallback_policy,LVIRA,25,1258,0,0,0,0,0,0,1236,0,0,0,0,0,0,0,0,0
setting,squares,linear+corner,50,0.05,plic_fallback_policy,Youngs,25,1258,0,0,0,0,0,0,1236,0,0,0,0,0,0,0,0,0
setting,squares,linear+corner,50,0.05,rescue,corner_arc_corner_triplet,25,1258,0,0,0,0,0,0,1236,0,0,0,0,0,0,0,0,0
setting,squares,linear+corner,50,0.05,rescue,curved_corner_loop,25,1258,0,0,0,0,0,0,1236,0,0,0,0,0,0,0,0,0
setting,squares,linear+corner,50,0.05,rescue,curved_corner_transition,25,1258,0,0,0,0,0,0,1236,0,0,0,0,0,0,0,0,0
setting,squares,linear+corner,50,0.05,rescue,exact_linear_support,25,1258,0,0,0,0,0,0,1236,0,0,0,0,0,0,0,0,0
setting,squares,linear+corner,50,0.1,construction_path,direct_fit,25,1257,1215,1215,0,0.96658711217183768,0.96658711217183768,0,1236,1215,1215,0,0.98300970873786409,0.98300970873786409,0,0,0,0
setting,squares,linear+corner,50,0.1,construction_path,merged,25,1257,42,42,0,0.033412887828162291,0.033412887828162291,0,1236,21,21,0,0.016990291262135922,0.016990291262135922,0,0,0,0
setting,squares,linear+corner,50,0.1,construction_path,plic_fallback,25,1257,0,0,0,0,0,0,1236,0,0,0,0,0,0,0,0,0
setting,squares,linear+corner,50,0.1,final_facet,circular,25,1257,0,0,0,0,0,0,1236,0,0,0,0,0,0,0,0,0
setting,squares,linear+corner,50,0.1,final_facet,curved_corner,25,1257,0,0,0,0,0,0,1236,0,0,0,0,0,0,0,0,0
setting,squares,linear+corner,50,0.1,final_facet,linear,25,1257,938,938,0,0.74622116149562445,0.74622116149562445,0,1236,938,938,0,0.75889967637540456,0.75889967637540456,0,0,0,0
setting,squares,linear+corner,50,0.1,final_facet,linear_corner,25,1257,319,319,0,0.25377883850437549,0.25377883850437549,0,1236,298,298,0,0.24110032362459546,0.24110032362459546,0,0,0,0
setting,squares,linear+corner,50,0.1,merge,independent,25,1257,1215,1215,0,0.96658711217183768,0.96658711217183768,0,1236,1215,1215,0,0.98300970873786409,0.98300970873786409,0,0,0,0
setting,squares,linear+corner,50,0.1,merge,merged,25,1257,42,42,0,0.033412887828162291,0.033412887828162291,0,1236,21,21,0,0.016990291262135922,0.016990291262135922,0,0,0,0
setting,squares,linear+corner,50,0.1,orientation_status,oriented,25,1257,1257,1257,0,1,1,0,1236,0,0,0,0,0,0,0,0,0
setting,squares,linear+corner,50,0.1,orientation_status,unresolved_or_deadend,25,1257,0,0,0,0,0,0,1236,0,0,0,0,0,0,0,0,0
setting,squares,linear+corner,50,0.1,plic_fallback_policy,ELVIRA,25,1257,0,0,0,0,0,0,1236,0,0,0,0,0,0,0,0,0
setting,squares,linear+corner,50,0.1,plic_fallback_policy,LVIRA,25,1257,0,0,0,0,0,0,1236,0,0,0,0,0,0,0,0,0
setting,squares,linear+corner,50,0.1,plic_fallback_policy,Youngs,25,1257,0,0,0,0,0,0,1236,0,0,0,0,0,0,0,0,0
setting,squares,linear+corner,50,0.1,rescue,corner_arc_corner_triplet,25,1257,0,0,0,0,0,0,1236,0,0,0,0,0,0,0,0,0
setting,squares,linear+corner,50,0.1,rescue,curved_corner_loop,25,1257,0,0,0,0,0,0,1236,0,0,0,0,0,0,0,0,0
setting,squares,linear+corner,50,0.1,rescue,curved_corner_transition,25,1257,0,0,0,0,0,0,1236,0,0,0,0,0,0,0,0,0
setting,squares,linear+corner,50,0.1,rescue,exact_linear_support,25,1257,0,0,0,0,0,0,1236,0,0,0,0,0,0,0,0,0
setting,squares,linear+corner,50,0.2,construction_path,direct_fit,25,1269,1229,1229,0,0.96847911741528758,0.96847911741528758,0,1250,1229,1229,0,0.98319999999999996,0.98319999999999996,0,0,0,0
setting,squares,linear+corner,50,0.2,construction_path,merged,25,1269,38,38,0,0.029944838455476755,0.029944838455476755,0,1250,19,19,0,0.0152,0.0152,0,0,0,0
setting,squares,linear+corner,50,0.2,construction_path,plic_fallback,25,1269,2,2,0,0.0015760441292356187,0.0015760441292356187,0,1250,2,2,0,0.0016000000000000001,0.0016000000000000001,0,0,0,0
setting,squares,linear+corner,50,0.2,final_facet,circular,25,1269,0,0,0,0,0,0,1250,0,0,0,0,0,0,0,0,0
setting,squares,linear+corner,50,0.2,final_facet,curved_corner,25,1269,0,0,0,0,0,0,1250,0,0,0,0,0,0,0,0,0
setting,squares,linear+corner,50,0.2,final_facet,linear,25,1269,950,950,0,0.7486209613869188,0.7486209613869188,0,1250,950,950,0,0.76000000000000001,0.76000000000000001,0,0,0,0
setting,squares,linear+corner,50,0.2,final_facet,linear_corner,25,1269,319,319,0,0.25137903861308114,0.25137903861308114,0,1250,300,300,0,0.23999999999999999,0.23999999999999999,0,0,0,0
setting,squares,linear+corner,50,0.2,merge,independent,25,1269,1231,1231,0,0.9700551615445232,0.9700551615445232,0,1250,1231,1231,0,0.98480000000000001,0.98480000000000001,0,0,0,0
setting,squares,linear+corner,50,0.2,merge,merged,25,1269,38,38,0,0.029944838455476755,0.029944838455476755,0,1250,19,19,0,0.0152,0.0152,0,0,0,0
setting,squares,linear+corner,50,0.2,orientation_status,oriented,25,1269,1267,1267,0,0.99842395587076438,0.99842395587076438,0,1250,0,0,0,0,0,0,0,0,0
setting,squares,linear+corner,50,0.2,orientation_status,unresolved_or_deadend,25,1269,2,2,0,0.0015760441292356187,0.0015760441292356187,0,1250,0,0,0,0,0,0,0,0,0
setting,squares,linear+corner,50,0.2,plic_fallback_policy,ELVIRA,25,1269,0,0,0,0,0,0,1250,0,0,0,0,0,0,0,0,0
setting,squares,linear+corner,50,0.2,plic_fallback_policy,LVIRA,25,1269,2,2,0,0.0015760441292356187,0.0015760441292356187,0,1250,2,2,0,0.0016000000000000001,0.0016000000000000001,0,2,2,0
setting,squares,linear+corner,50,0.2,plic_fallback_policy,Youngs,25,1269,0,0,0,0,0,0,1250,0,0,0,0,0,0,0,0,0
setting,squares,linear+corner,50,0.2,rescue,corner_arc_corner_triplet,25,1269,0,0,0,0,0,0,1250,0,0,0,0,0,0,0,0,0
setting,squares,linear+corner,50,0.2,rescue,curved_corner_loop,25,1269,0,0,0,0,0,0,1250,0,0,0,0,0,0,0,0,0
setting,squares,linear+corner,50,0.2,rescue,curved_corner_transition,25,1269,0,0,0,0,0,0,1250,0,0,0,0,0,0,0,0,0
setting,squares,linear+corner,50,0.2,rescue,exact_linear_support,25,1269,0,0,0,0,0,0,1250,0,0,0,0,0,0,0,0,0
setting,squares,linear+corner,50,0.3,construction_path,direct_fit,25,1290,1253,1253,0,0.97131782945736433,0.97131782945736433,0,1273,1253,1253,0,0.98428908091123335,0.98428908091123335,0,0,0,0
setting,squares,linear+corner,50,0.3,construction_path,merged,25,1290,34,34,0,0.026356589147286821,0.026356589147286821,0,1273,17,17,0,0.013354281225451689,0.013354281225451689,0,0,0,0
setting,squares,linear+corner,50,0.3,construction_path,plic_fallback,25,1290,3,3,0,0.0023255813953488372,0.0023255813953488372,0,1273,3,3,0,0.0023566378633150041,0.0023566378633150041,0,0,0,0
setting,squares,linear+corner,50,0.3,final_facet,circular,25,1290,0,0,0,0,0,0,1273,0,0,0,0,0,0,0,0,0
setting,squares,linear+corner,50,0.3,final_facet,curved_corner,25,1290,0,0,0,0,0,0,1273,0,0,0,0,0,0,0,0,0
setting,squares,linear+corner,50,0.3,final_facet,linear,25,1290,976,976,0,0.75658914728682169,0.75658914728682169,0,1273,975,975,0,0.7659073055773763,0.7659073055773763,0,0,0,0
setting,squares,linear+corner,50,0.3,final_facet,linear_corner,25,1290,314,314,0,0.24341085271317831,0.24341085271317831,0,1273,298,298,0,0.23409269442262373,0.23409269442262373,0,0,0,0
setting,squares,linear+corner,50,0.3,merge,independent,25,1290,1256,1256,0,0.97364341085271322,0.97364341085271322,0,1273,1256,1256,0,0.98664571877454832,0.98664571877454832,0,0,0,0
setting,squares,linear+corner,50,0.3,merge,merged,25,1290,34,34,0,0.026356589147286821,0.026356589147286821,0,1273,17,17,0,0.013354281225451689,0.013354281225451689,0,0,0,0
setting,squares,linear+corner,50,0.3,orientation_status,oriented,25,1290,1287,1287,0,0.99767441860465111,0.99767441860465111,0,1273,0,0,0,0,0,0,0,0,0
setting,squares,linear+corner,50,0.3,orientation_status,unresolved_or_deadend,25,1290,3,3,0,0.0023255813953488372,0.0023255813953488372,0,1273,0,0,0,0,0,0,0,0,0
setting,squares,linear+corner,50,0.3,plic_fallback_policy,ELVIRA,25,1290,0,0,0,0,0,0,1273,0,0,0,0,0,0,0,0,0
setting,squares,linear+corner,50,0.3,plic_fallback_policy,LVIRA,25,1290,3,3,0,0.0023255813953488372,0.0023255813953488372,0,1273,3,3,0,0.0023566378633150041,0.0023566378633150041,0,3,3,0
setting,squares,linear+corner,50,0.3,plic_fallback_policy,Youngs,25,1290,0,0,0,0,0,0,1273,0,0,0,0,0,0,0,0,0
setting,squares,linear+corner,50,0.3,rescue,corner_arc_corner_triplet,25,1290,0,0,0,0,0,0,1273,0,0,0,0,0,0,0,0,0
setting,squares,linear+corner,50,0.3,rescue,curved_corner_loop,25,1290,0,0,0,0,0,0,1273,0,0,0,0,0,0,0,0,0
setting,squares,linear+corner,50,0.3,rescue,curved_corner_transition,25,1290,0,0,0,0,0,0,1273,0,0,0,0,0,0,0,0,0
setting,squares,linear+corner,50,0.3,rescue,exact_linear_support,25,1290,0,0,0,0,0,0,1273,0,0,0,0,0,0,0,0,0
setting,squares,linear+corner,64,0,construction_path,direct_fit,25,1603,1581,1581,0,0.98627573300062388,0.98627573300062388,0,1592,1581,1581,0,0.99309045226130654,0.99309045226130654,0,0,0,0
setting,squares,linear+corner,64,0,construction_path,merged,25,1603,22,22,0,0.013724266999376169,0.013724266999376169,0,1592,11,11,0,0.0069095477386934678,0.0069095477386934678,0,0,0,0
setting,squares,linear+corner,64,0,construction_path,plic_fallback,25,1603,0,0,0,0,0,0,1592,0,0,0,0,0,0,0,0,0
setting,squares,linear+corner,64,0,final_facet,circular,25,1603,0,0,0,0,0,0,1592,0,0,0,0,0,0,0,0,0
setting,squares,linear+corner,64,0,final_facet,curved_corner,25,1603,0,0,0,0,0,0,1592,0,0,0,0,0,0,0,0,0
setting,squares,linear+corner,64,0,final_facet,linear,25,1603,1292,1292,0,0.80598877105427325,0.80598877105427325,0,1592,1292,1292,0,0.81155778894472363,0.81155778894472363,0,0,0,0
setting,squares,linear+corner,64,0,final_facet,linear_corner,25,1603,311,311,0,0.19401122894572675,0.19401122894572675,0,1592,300,300,0,0.18844221105527639,0.18844221105527639,0,0,0,0
setting,squares,linear+corner,64,0,merge,independent,25,1603,1581,1581,0,0.98627573300062388,0.98627573300062388,0,1592,1581,1581,0,0.99309045226130654,0.99309045226130654,0,0,0,0
setting,squares,linear+corner,64,0,merge,merged,25,1603,22,22,0,0.013724266999376169,0.013724266999376169,0,1592,11,11,0,0.0069095477386934678,0.0069095477386934678,0,0,0,0
setting,squares,linear+corner,64,0,orientation_status,oriented,25,1603,1603,1603,0,1,1,0,1592,0,0,0,0,0,0,0,0,0
setting,squares,linear+corner,64,0,orientation_status,unresolved_or_deadend,25,1603,0,0,0,0,0,0,1592,0,0,0,0,0,0,0,0,0
setting,squares,linear+corner,64,0,plic_fallback_policy,ELVIRA,25,1603,0,0,0,0,0,0,1592,0,0,0,0,0,0,0,0,0
setting,squares,linear+corner,64,0,plic_fallback_policy,LVIRA,25,1603,0,0,0,0,0,0,1592,0,0,0,0,0,0,0,0,0
setting,squares,linear+corner,64,0,plic_fallback_policy,Youngs,25,1603,0,0,0,0,0,0,1592,0,0,0,0,0,0,0,0,0
setting,squares,linear+corner,64,0,rescue,corner_arc_corner_triplet,25,1603,0,0,0,0,0,0,1592,0,0,0,0,0,0,0,0,0
setting,squares,linear+corner,64,0,rescue,curved_corner_loop,25,1603,0,0,0,0,0,0,1592,0,0,0,0,0,0,0,0,0
setting,squares,linear+corner,64,0,rescue,curved_corner_transition,25,1603,0,0,0,0,0,0,1592,0,0,0,0,0,0,0,0,0
setting,squares,linear+corner,64,0,rescue,exact_linear_support,25,1603,0,0,0,0,0,0,1592,0,0,0,0,0,0,0,0,0
setting,squares,linear+corner,64,0.05,construction_path,direct_fit,25,1605,1583,1583,0,0.98629283489096575,0.98629283489096575,0,1594,1583,1583,0,0.99309912170639902,0.99309912170639902,0,0,0,0
setting,squares,linear+corner,64,0.05,construction_path,merged,25,1605,22,22,0,0.013707165109034268,0.013707165109034268,0,1594,11,11,0,0.0069008782936010038,0.0069008782936010038,0,0,0,0
setting,squares,linear+corner,64,0.05,construction_path,plic_fallback,25,1605,0,0,0,0,0,0,1594,0,0,0,0,0,0,0,0,0
setting,squares,linear+corner,64,0.05,final_facet,circular,25,1605,0,0,0,0,0,0,1594,0,0,0,0,0,0,0,0,0
setting,squares,linear+corner,64,0.05,final_facet,curved_corner,25,1605,0,0,0,0,0,0,1594,0,0,0,0,0,0,0,0,0
setting,squares,linear+corner,64,0.05,final_facet,linear,25,1605,1295,1295,0,0.80685358255451711,0.80685358255451711,0,1594,1295,1295,0,0.81242158092848182,0.81242158092848182,0,0,0,0
setting,squares,linear+corner,64,0.05,final_facet,linear_corner,25,1605,310,310,0,0.19314641744548286,0.19314641744548286,0,1594,299,299,0,0.1875784190715182,0.1875784190715182,0,0,0,0
setting,squares,linear+corner,64,0.05,merge,independent,25,1605,1583,1583,0,0.98629283489096575,0.98629283489096575,0,1594,1583,1583,0,0.99309912170639902,0.99309912170639902,0,0,0,0
setting,squares,linear+corner,64,0.05,merge,merged,25,1605,22,22,0,0.013707165109034268,0.013707165109034268,0,1594,11,11,0,0.0069008782936010038,0.0069008782936010038,0,0,0,0
setting,squares,linear+corner,64,0.05,orientation_status,oriented,25,1605,1605,1605,0,1,1,0,1594,0,0,0,0,0,0,0,0,0
setting,squares,linear+corner,64,0.05,orientation_status,unresolved_or_deadend,25,1605,0,0,0,0,0,0,1594,0,0,0,0,0,0,0,0,0
setting,squares,linear+corner,64,0.05,plic_fallback_policy,ELVIRA,25,1605,0,0,0,0,0,0,1594,0,0,0,0,0,0,0,0,0
setting,squares,linear+corner,64,0.05,plic_fallback_policy,LVIRA,25,1605,0,0,0,0,0,0,1594,0,0,0,0,0,0,0,0,0
setting,squares,linear+corner,64,0.05,plic_fallback_policy,Youngs,25,1605,0,0,0,0,0,0,1594,0,0,0,0,0,0,0,0,0
setting,squares,linear+corner,64,0.05,rescue,corner_arc_corner_triplet,25,1605,0,0,0,0,0,0,1594,0,0,0,0,0,0,0,0,0
setting,squares,linear+corner,64,0.05,rescue,curved_corner_loop,25,1605,0,0,0,0,0,0,1594,0,0,0,0,0,0,0,0,0
setting,squares,linear+corner,64,0.05,rescue,curved_corner_transition,25,1605,0,0,0,0,0,0,1594,0,0,0,0,0,0,0,0,0
setting,squares,linear+corner,64,0.05,rescue,exact_linear_support,25,1605,0,0,0,0,0,0,1594,0,0,0,0,0,0,0,0,0
setting,squares,linear+corner,64,0.1,construction_path,direct_fit,25,1606,1582,1582,0,0.98505603985056045,0.98505603985056045,0,1594,1582,1582,0,0.9924717691342535,0.9924717691342535,0,0,0,0
setting,squares,linear+corner,64,0.1,construction_path,merged,25,1606,24,24,0,0.014943960149439602,0.014943960149439602,0,1594,12,12,0,0.0075282308657465494,0.0075282308657465494,0,0,0,0
setting,squares,linear+corner,64,0.1,construction_path,plic_fallback,25,1606,0,0,0,0,0,0,1594,0,0,0,0,0,0,0,0,0
setting,squares,linear+corner,64,0.1,final_facet,circular,25,1606,0,0,0,0,0,0,1594,0,0,0,0,0,0,0,0,0
setting,squares,linear+corner,64,0.1,final_facet,curved_corner,25,1606,0,0,0,0,0,0,1594,0,0,0,0,0,0,0,0,0
setting,squares,linear+corner,64,0.1,final_facet,linear,25,1606,1294,1294,0,0.80572851805728518,0.80572851805728518,0,1594,1294,1294,0,0.8117942283563363,0.8117942283563363,0,0,0,0
setting,squares,linear+corner,64,0.1,final_facet,linear_corner,25,1606,312,312,0,0.19427148194271482,0.19427148194271482,0,1594,300,300,0,0.18820577164366373,0.18820577164366373,0,0,0,0
setting,squares,linear+corner,64,0.1,merge,independent,25,1606,1582,1582,0,0.98505603985056045,0.98505603985056045,0,1594,1582,1582,0,0.9924717691342535,0.9924717691342535,0,0,0,0
setting,squares,linear+corner,64,0.1,merge,merged,25,1606,24,24,0,0.014943960149439602,0.014943960149439602,0,1594,12,12,0,0.0075282308657465494,0.0075282308657465494,0,0,0,0
setting,squares,linear+corner,64,0.1,orientation_status,oriented,25,1606,1606,1606,0,1,1,0,1594,0,0,0,0,0,0,0,0,0
setting,squares,linear+corner,64,0.1,orientation_status,unresolved_or_deadend,25,1606,0,0,0,0,0,0,1594,0,0,0,0,0,0,0,0,0
setting,squares,linear+corner,64,0.1,plic_fallback_policy,ELVIRA,25,1606,0,0,0,0,0,0,1594,0,0,0,0,0,0,0,0,0
setting,squares,linear+corner,64,0.1,plic_fallback_policy,LVIRA,25,1606,0,0,0,0,0,0,1594,0,0,0,0,0,0,0,0,0
setting,squares,linear+corner,64,0.1,plic_fallback_policy,Youngs,25,1606,0,0,0,0,0,0,1594,0,0,0,0,0,0,0,0,0
setting,squares,linear+corner,64,0.1,rescue,corner_arc_corner_triplet,25,1606,0,0,0,0,0,0,1594,0,0,0,0,0,0,0,0,0
setting,squares,linear+corner,64,0.1,rescue,curved_corner_loop,25,1606,0,0,0,0,0,0,1594,0,0,0,0,0,0,0,0,0
setting,squares,linear+corner,64,0.1,rescue,curved_corner_transition,25,1606,0,0,0,0,0,0,1594,0,0,0,0,0,0,0,0,0
setting,squares,linear+corner,64,0.1,rescue,exact_linear_support,25,1606,0,0,0,0,0,0,1594,0,0,0,0,0,0,0,0,0
setting,squares,linear+corner,64,0.2,construction_path,direct_fit,25,1616,1584,1584,0,0.98019801980198018,0.98019801980198018,0,1600,1584,1584,0,0.98999999999999999,0.98999999999999999,0,0,0,0
setting,squares,linear+corner,64,0.2,construction_path,merged,25,1616,32,32,0,0.019801980198019802,0.019801980198019802,0,1600,16,16,0,0.01,0.01,0,0,0,0
setting,squares,linear+corner,64,0.2,construction_path,plic_fallback,25,1616,0,0,0,0,0,0,1600,0,0,0,0,0,0,0,0,0
setting,squares,linear+corner,64,0.2,final_facet,circular,25,1616,0,0,0,0,0,0,1600,0,0,0,0,0,0,0,0,0
setting,squares,linear+corner,64,0.2,final_facet,curved_corner,25,1616,0,0,0,0,0,0,1600,0,0,0,0,0,0,0,0,0
setting,squares,linear+corner,64,0.2,final_facet,linear,25,1616,1301,1301,0,0.80507425742574257,0.80507425742574257,0,1600,1301,1301,0,0.81312499999999999,0.81312499999999999,0,0,0,0
setting,squares,linear+corner,64,0.2,final_facet,linear_corner,25,1616,315,315,0,0.19492574257425743,0.19492574257425743,0,1600,299,299,0,0.18687500000000001,0.18687500000000001,0,0,0,0
setting,squares,linear+corner,64,0.2,merge,independent,25,1616,1584,1584,0,0.98019801980198018,0.98019801980198018,0,1600,1584,1584,0,0.98999999999999999,0.98999999999999999,0,0,0,0
setting,squares,linear+corner,64,0.2,merge,merged,25,1616,32,32,0,0.019801980198019802,0.019801980198019802,0,1600,16,16,0,0.01,0.01,0,0,0,0
setting,squares,linear+corner,64,0.2,orientation_status,oriented,25,1616,1616,1616,0,1,1,0,1600,0,0,0,0,0,0,0,0,0
setting,squares,linear+corner,64,0.2,orientation_status,unresolved_or_deadend,25,1616,0,0,0,0,0,0,1600,0,0,0,0,0,0,0,0,0
setting,squares,linear+corner,64,0.2,plic_fallback_policy,ELVIRA,25,1616,0,0,0,0,0,0,1600,0,0,0,0,0,0,0,0,0
setting,squares,linear+corner,64,0.2,plic_fallback_policy,LVIRA,25,1616,0,0,0,0,0,0,1600,0,0,0,0,0,0,0,0,0
setting,squares,linear+corner,64,0.2,plic_fallback_policy,Youngs,25,1616,0,0,0,0,0,0,1600,0,0,0,0,0,0,0,0,0
setting,squares,linear+corner,64,0.2,rescue,corner_arc_corner_triplet,25,1616,0,0,0,0,0,0,1600,0,0,0,0,0,0,0,0,0
setting,squares,linear+corner,64,0.2,rescue,curved_corner_loop,25,1616,0,0,0,0,0,0,1600,0,0,0,0,0,0,0,0,0
setting,squares,linear+corner,64,0.2,rescue,curved_corner_transition,25,1616,0,0,0,0,0,0,1600,0,0,0,0,0,0,0,0,0
setting,squares,linear+corner,64,0.2,rescue,exact_linear_support,25,1616,0,0,0,0,0,0,1600,0,0,0,0,0,0,0,0,0
setting,squares,linear+corner,64,0.3,construction_path,direct_fit,25,1652,1623,1623,0,0.98244552058111378,0.98244552058111378,0,1639,1623,1623,0,0.99023794996949355,0.99023794996949355,0,0,0,0
setting,squares,linear+corner,64,0.3,construction_path,merged,25,1652,26,26,0,0.015738498789346248,0.015738498789346248,0,1639,13,13,0,0.0079316656497864547,0.0079316656497864547,0,0,0,0
setting,squares,linear+corner,64,0.3,construction_path,plic_fallback,25,1652,3,3,0,0.0018159806295399517,0.0018159806295399517,0,1639,3,3,0,0.0018303843807199512,0.0018303843807199512,0,0,0,0
setting,squares,linear+corner,64,0.3,final_facet,circular,25,1652,0,0,0,0,0,0,1639,0,0,0,0,0,0,0,0,0
setting,squares,linear+corner,64,0.3,final_facet,curved_corner,25,1652,0,0,0,0,0,0,1639,0,0,0,0,0,0,0,0,0
setting,squares,linear+corner,64,0.3,final_facet,linear,25,1652,1339,1339,0,0.81053268765133168,0.81053268765133168,0,1639,1339,1339,0,0.81696156192800484,0.81696156192800484,0,0,0,0
setting,squares,linear+corner,64,0.3,final_facet,linear_corner,25,1652,313,313,0,0.18946731234866829,0.18946731234866829,0,1639,300,300,0,0.18303843807199513,0.18303843807199513,0,0,0,0
setting,squares,linear+corner,64,0.3,merge,independent,25,1652,1626,1626,0,0.9842615012106537,0.9842615012106537,0,1639,1626,1626,0,0.99206833435021358,0.99206833435021358,0,0,0,0
setting,squares,linear+corner,64,0.3,merge,merged,25,1652,26,26,0,0.015738498789346248,0.015738498789346248,0,1639,13,13,0,0.0079316656497864547,0.0079316656497864547,0,0,0,0
setting,squares,linear+corner,64,0.3,orientation_status,oriented,25,1652,1649,1649,0,0.99818401937046008,0.99818401937046008,0,1639,0,0,0,0,0,0,0,0,0
setting,squares,linear+corner,64,0.3,orientation_status,unresolved_or_deadend,25,1652,3,3,0,0.0018159806295399517,0.0018159806295399517,0,1639,0,0,0,0,0,0,0,0,0
setting,squares,linear+corner,64,0.3,plic_fallback_policy,ELVIRA,25,1652,0,0,0,0,0,0,1639,0,0,0,0,0,0,0,0,0
setting,squares,linear+corner,64,0.3,plic_fallback_policy,LVIRA,25,1652,3,3,0,0.0018159806295399517,0.0018159806295399517,0,1639,3,3,0,0.0018303843807199512,0.0018303843807199512,0,3,3,0
setting,squares,linear+corner,64,0.3,plic_fallback_policy,Youngs,25,1652,0,0,0,0,0,0,1639,0,0,0,0,0,0,0,0,0
setting,squares,linear+corner,64,0.3,rescue,corner_arc_corner_triplet,25,1652,0,0,0,0,0,0,1639,0,0,0,0,0,0,0,0,0
setting,squares,linear+corner,64,0.3,rescue,curved_corner_loop,25,1652,0,0,0,0,0,0,1639,0,0,0,0,0,0,0,0,0
setting,squares,linear+corner,64,0.3,rescue,curved_corner_transition,25,1652,0,0,0,0,0,0,1639,0,0,0,0,0,0,0,0,0
setting,squares,linear+corner,64,0.3,rescue,exact_linear_support,25,1652,0,0,0,0,0,0,1639,0,0,0,0,0,0,0,0,0
setting,zalesak,circular,100,0,construction_path,direct_fit,25,4545,4511,4511,0,0.99251925192519252,0.99251925192519252,0,4528,4511,4511,0,0.99624558303886923,0.99624558303886923,0,0,0,0
setting,zalesak,circular,100,0,construction_path,merged,25,4545,34,34,0,0.0074807480748074811,0.0074807480748074811,0,4528,17,17,0,0.0037544169611307418,0.0037544169611307418,0,0,0,0
setting,zalesak,circular,100,0,construction_path,plic_fallback,25,4545,0,0,0,0,0,0,4528,0,0,0,0,0,0,0,0,0
setting,zalesak,circular,100,0,final_facet,circular,25,4545,3038,3038,0,0.66842684268426844,0.66842684268426844,0,4528,3024,3024,0,0.66784452296819785,0.66784452296819785,0,0,0,0
setting,zalesak,circular,100,0,final_facet,curved_corner,25,4545,0,0,0,0,0,0,4528,0,0,0,0,0,0,0,0,0
setting,zalesak,circular,100,0,final_facet,linear,25,4545,1507,1507,0,0.33157315731573156,0.33157315731573156,0,4528,1504,1504,0,0.33215547703180209,0.33215547703180209,0,0,0,0
setting,zalesak,circular,100,0,final_facet,linear_corner,25,4545,0,0,0,0,0,0,4528,0,0,0,0,0,0,0,0,0
setting,zalesak,circular,100,0,merge,independent,25,4545,4511,4511,0,0.99251925192519252,0.99251925192519252,0,4528,4511,4511,0,0.99624558303886923,0.99624558303886923,0,0,0,0
setting,zalesak,circular,100,0,merge,merged,25,4545,34,34,0,0.0074807480748074811,0.0074807480748074811,0,4528,17,17,0,0.0037544169611307418,0.0037544169611307418,0,0,0,0
setting,zalesak,circular,100,0,orientation_status,oriented,25,4545,4545,4545,0,1,1,0,4528,0,0,0,0,0,0,0,0,0
setting,zalesak,circular,100,0,orientation_status,unresolved_or_deadend,25,4545,0,0,0,0,0,0,4528,0,0,0,0,0,0,0,0,0
setting,zalesak,circular,100,0,plic_fallback_policy,ELVIRA,25,4545,0,0,0,0,0,0,4528,0,0,0,0,0,0,0,0,0
setting,zalesak,circular,100,0,plic_fallback_policy,LVIRA,25,4545,0,0,0,0,0,0,4528,0,0,0,0,0,0,0,0,0
setting,zalesak,circular,100,0,plic_fallback_policy,Youngs,25,4545,0,0,0,0,0,0,4528,0,0,0,0,0,0,0,0,0
setting,zalesak,circular,100,0,rescue,corner_arc_corner_triplet,25,4545,0,0,0,0,0,0,4528,0,0,0,0,0,0,0,0,0
setting,zalesak,circular,100,0,rescue,curved_corner_loop,25,4545,0,0,0,0,0,0,4528,0,0,0,0,0,0,0,0,0
setting,zalesak,circular,100,0,rescue,curved_corner_transition,25,4545,0,0,0,0,0,0,4528,0,0,0,0,0,0,0,0,0
setting,zalesak,circular,100,0,rescue,exact_linear_support,25,4545,0,0,0,0,0,0,4528,0,0,0,0,0,0,0,0,0
setting,zalesak,circular,100,0.05,construction_path,direct_fit,25,4549,4519,4519,0,0.99340514398768964,0.99340514398768964,0,4534,4519,4519,0,0.99669166299073664,0.99669166299073664,0,0,0,0
setting,zalesak,circular,100,0.05,construction_path,merged,25,4549,30,30,0,0.006594856012310398,0.006594856012310398,0,4534,15,15,0,0.0033083370092633437,0.0033083370092633437,0,0,0,0
setting,zalesak,circular,100,0.05,construction_path,plic_fallback,25,4549,0,0,0,0,0,0,4534,0,0,0,0,0,0,0,0,0
setting,zalesak,circular,100,0.05,final_facet,circular,25,4549,3040,3039,-1,0.66827874258078701,0.66805891404704332,-0.00021982853374369338,4534,3027,3026,-1,0.66762240846934273,0.6674018526687252,-0.00022055580061752789,0,0,0
setting,zalesak,circular,100,0.05,final_facet,curved_corner,25,4549,0,0,0,0,0,0,4534,0,0,0,0,0,0,0,0,0
setting,zalesak,circular,100,0.05,final_facet,linear,25,4549,1509,1510,1,0.33172125741921299,0.33194108595295668,0.00021982853374369338,4534,1507,1508,1,0.33237759153065727,0.3325981473312748,0.00022055580061752789,0,0,0
setting,zalesak,circular,100,0.05,final_facet,linear_corner,25,4549,0,0,0,0,0,0,4534,0,0,0,0,0,0,0,0,0
setting,zalesak,circular,100,0.05,merge,independent,25,4549,4519,4519,0,0.99340514398768964,0.99340514398768964,0,4534,4519,4519,0,0.99669166299073664,0.99669166299073664,0,0,0,0
setting,zalesak,circular,100,0.05,merge,merged,25,4549,30,30,0,0.006594856012310398,0.006594856012310398,0,4534,15,15,0,0.0033083370092633437,0.0033083370092633437,0,0,0,0
setting,zalesak,circular,100,0.05,orientation_status,oriented,25,4549,4549,4549,0,1,1,0,4534,0,0,0,0,0,0,0,0,0
setting,zalesak,circular,100,0.05,orientation_status,unresolved_or_deadend,25,4549,0,0,0,0,0,0,4534,0,0,0,0,0,0,0,0,0
setting,zalesak,circular,100,0.05,plic_fallback_policy,ELVIRA,25,4549,0,0,0,0,0,0,4534,0,0,0,0,0,0,0,0,0
setting,zalesak,circular,100,0.05,plic_fallback_policy,LVIRA,25,4549,0,0,0,0,0,0,4534,0,0,0,0,0,0,0,0,0
setting,zalesak,circular,100,0.05,plic_fallback_policy,Youngs,25,4549,0,0,0,0,0,0,4534,0,0,0,0,0,0,0,0,0
setting,zalesak,circular,100,0.05,rescue,corner_arc_corner_triplet,25,4549,0,0,0,0,0,0,4534,0,0,0,0,0,0,0,0,0
setting,zalesak,circular,100,0.05,rescue,curved_corner_loop,25,4549,0,0,0,0,0,0,4534,0,0,0,0,0,0,0,0,0
setting,zalesak,circular,100,0.05,rescue,curved_corner_transition,25,4549,0,0,0,0,0,0,4534,0,0,0,0,0,0,0,0,0
setting,zalesak,circular,100,0.05,rescue,exact_linear_support,25,4549,0,0,0,0,0,0,4534,0,0,0,0,0,0,0,0,0
setting,zalesak,circular,100,0.1,construction_path,direct_fit,25,4576,4548,4548,0,0.99388111888111885,0.99388111888111885,0,4562,4548,4548,0,0.99693117053923719,0.99693117053923719,0,0,0,0
setting,zalesak,circular,100,0.1,construction_path,merged,25,4576,28,28,0,0.006118881118881119,0.006118881118881119,0,4562,14,14,0,0.0030688294607628232,0.0030688294607628232,0,0,0,0
setting,zalesak,circular,100,0.1,construction_path,plic_fallback,25,4576,0,0,0,0,0,0,4562,0,0,0,0,0,0,0,0,0
setting,zalesak,circular,100,0.1,final_facet,circular,25,4576,3060,3061,1,0.66870629370629375,0.66892482517482521,0.00021853146853145766,4562,3047,3048,1,0.6679088119245945,0.66812801402893462,0.00021920210434012155,0,0,0
setting,zalesak,circular,100,0.1,final_facet,curved_corner,25,4576,0,0,0,0,0,0,4562,0,0,0,0,0,0,0,0,0
setting,zalesak,circular,100,0.1,final_facet,linear,25,4576,1516,1515,-1,0.3312937062937063,0.33107517482517484,-0.00021853146853145766,4562,1515,1514,-1,0.3320911880754055,0.33187198597106532,-0.00021920210434017706,0,0,0
setting,zalesak,circular,100,0.1,final_facet,linear_corner,25,4576,0,0,0,0,0,0,4562,0,0,0,0,0,0,0,0,0
setting,zalesak,circular,100,0.1,merge,independent,25,4576,4548,4548,0,0.99388111888111885,0.99388111888111885,0,4562,4548,4548,0,0.99693117053923719,0.99693117053923719,0,0,0,0
setting,zalesak,circular,100,0.1,merge,merged,25,4576,28,28,0,0.006118881118881119,0.006118881118881119,0,4562,14,14,0,0.0030688294607628232,0.0030688294607628232,0,0,0,0
setting,zalesak,circular,100,0.1,orientation_status,oriented,25,4576,4576,4576,0,1,1,0,4562,0,0,0,0,0,0,0,0,0
setting,zalesak,circular,100,0.1,orientation_status,unresolved_or_deadend,25,4576,0,0,0,0,0,0,4562,0,0,0,0,0,0,0,0,0
setting,zalesak,circular,100,0.1,plic_fallback_policy,ELVIRA,25,4576,0,0,0,0,0,0,4562,0,0,0,0,0,0,0,0,0
setting,zalesak,circular,100,0.1,plic_fallback_policy,LVIRA,25,4576,0,0,0,0,0,0,4562,0,0,0,0,0,0,0,0,0
setting,zalesak,circular,100,0.1,plic_fallback_policy,Youngs,25,4576,0,0,0,0,0,0,4562,0,0,0,0,0,0,0,0,0
setting,zalesak,circular,100,0.1,rescue,corner_arc_corner_triplet,25,4576,0,0,0,0,0,0,4562,0,0,0,0,0,0,0,0,0
setting,zalesak,circular,100,0.1,rescue,curved_corner_loop,25,4576,0,0,0,0,0,0,4562,0,0,0,0,0,0,0,0,0
setting,zalesak,circular,100,0.1,rescue,curved_corner_transition,25,4576,0,0,0,0,0,0,4562,0,0,0,0,0,0,0,0,0
setting,zalesak,circular,100,0.1,rescue,exact_linear_support,25,4576,0,0,0,0,0,0,4562,0,0,0,0,0,0,0,0,0
setting,zalesak,circular,100,0.2,construction_path,direct_fit,25,4630,4593,4593,0,0.9920086393088553,0.9920086393088553,0,4613,4593,4593,0,0.99566442662042054,0.99566442662042054,0,0,0,0
setting,zalesak,circular,100,0.2,construction_path,merged,25,4630,34,34,0,0.00734341252699784,0.00734341252699784,0,4613,17,17,0,0.0036852373726425319,0.0036852373726425319,0,0,0,0
setting,zalesak,circular,100,0.2,construction_path,plic_fallback,25,4630,3,3,0,0.00064794816414686827,0.00064794816414686827,0,4613,3,3,0,0.00065033600693691746,0.00065033600693691746,0,0,0,0
setting,zalesak,circular,100,0.2,final_facet,circular,25,4630,3093,3093,0,0.66803455723542116,0.66803455723542116,0,4613,3079,3079,0,0.66746152178625628,0.66746152178625628,0,0,0,0
setting,zalesak,circular,100,0.2,final_facet,curved_corner,25,4630,0,0,0,0,0,0,4613,0,0,0,0,0,0,0,0,0
setting,zalesak,circular,100,0.2,final_facet,linear,25,4630,1537,1537,0,0.33196544276457884,0.33196544276457884,0,4613,1534,1534,0,0.33253847821374377,0.33253847821374377,0,0,0,0
setting,zalesak,circular,100,0.2,final_facet,linear_corner,25,4630,0,0,0,0,0,0,4613,0,0,0,0,0,0,0,0,0
setting,zalesak,circular,100,0.2,merge,independent,25,4630,4596,4596,0,0.99265658747300212,0.99265658747300212,0,4613,4596,4596,0,0.99631476262735752,0.99631476262735752,0,0,0,0
setting,zalesak,circular,100,0.2,merge,merged,25,4630,34,34,0,0.00734341252699784,0.00734341252699784,0,4613,17,17,0,0.0036852373726425319,0.0036852373726425319,0,0,0,0
setting,zalesak,circular,100,0.2,orientation_status,oriented,25,4630,4627,4627,0,0.99935205183585318,0.99935205183585318,0,4613,0,0,0,0,0,0,0,0,0
setting,zalesak,circular,100,0.2,orientation_status,unresolved_or_deadend,25,4630,3,3,0,0.00064794816414686827,0.00064794816414686827,0,4613,0,0,0,0,0,0,0,0,0
setting,zalesak,circular,100,0.2,plic_fallback_policy,ELVIRA,25,4630,0,0,0,0,0,0,4613,0,0,0,0,0,0,0,0,0
setting,zalesak,circular,100,0.2,plic_fallback_policy,LVIRA,25,4630,3,3,0,0.00064794816414686827,0.00064794816414686827,0,4613,3,3,0,0.00065033600693691746,0.00065033600693691746,0,3,3,0
setting,zalesak,circular,100,0.2,plic_fallback_policy,Youngs,25,4630,0,0,0,0,0,0,4613,0,0,0,0,0,0,0,0,0
setting,zalesak,circular,100,0.2,rescue,corner_arc_corner_triplet,25,4630,0,0,0,0,0,0,4613,0,0,0,0,0,0,0,0,0
setting,zalesak,circular,100,0.2,rescue,curved_corner_loop,25,4630,0,0,0,0,0,0,4613,0,0,0,0,0,0,0,0,0
setting,zalesak,circular,100,0.2,rescue,curved_corner_transition,25,4630,0,0,0,0,0,0,4613,0,0,0,0,0,0,0,0,0
setting,zalesak,circular,100,0.2,rescue,exact_linear_support,25,4630,0,0,0,0,0,0,4613,0,0,0,0,0,0,0,0,0
setting,zalesak,circular,100,0.3,construction_path,direct_fit,25,4706,4666,4666,0,0.99150021249468767,0.99150021249468767,0,4688,4666,4666,0,0.99530716723549484,0.99530716723549484,0,0,0,0
setting,zalesak,circular,100,0.3,construction_path,merged,25,4706,36,36,0,0.0076498087547811301,0.0076498087547811301,0,4688,18,18,0,0.0038395904436860067,0.0038395904436860067,0,0,0,0
setting,zalesak,circular,100,0.3,construction_path,plic_fallback,25,4706,4,4,0,0.0008499787505312367,0.0008499787505312367,0,4688,4,4,0,0.00085324232081911264,0.00085324232081911264,0,0,0,0
setting,zalesak,circular,100,0.3,final_facet,circular,25,4706,3132,3132,0,0.66553336166595833,0.66553336166595833,0,4688,3118,3118,0,0.66510238907849828,0.66510238907849828,0,0,0,0
setting,zalesak,circular,100,0.3,final_facet,curved_corner,25,4706,0,0,0,0,0,0,4688,0,0,0,0,0,0,0,0,0
setting,zalesak,circular,100,0.3,final_facet,linear,25,4706,1574,1574,0,0.33446663833404167,0.33446663833404167,0,4688,1570,1570,0,0.33489761092150172,0.33489761092150172,0,0,0,0
setting,zalesak,circular,100,0.3,final_facet,linear_corner,25,4706,0,0,0,0,0,0,4688,0,0,0,0,0,0,0,0,0
setting,zalesak,circular,100,0.3,merge,independent,25,4706,4670,4670,0,0.99235019124521884,0.99235019124521884,0,4688,4670,4670,0,0.99616040955631402,0.99616040955631402,0,0,0,0
setting,zalesak,circular,100,0.3,merge,merged,25,4706,36,36,0,0.0076498087547811301,0.0076498087547811301,0,4688,18,18,0,0.0038395904436860067,0.0038395904436860067,0,0,0,0
setting,zalesak,circular,100,0.3,orientation_status,oriented,25,4706,4702,4702,0,0.99915002124946872,0.99915002124946872,0,4688,0,0,0,0,0,0,0,0,0
setting,zalesak,circular,100,0.3,orientation_status,unresolved_or_deadend,25,4706,4,4,0,0.0008499787505312367,0.0008499787505312367,0,4688,0,0,0,0,0,0,0,0,0
setting,zalesak,circular,100,0.3,plic_fallback_policy,ELVIRA,25,4706,0,0,0,0,0,0,4688,0,0,0,0,0,0,0,0,0
setting,zalesak,circular,100,0.3,plic_fallback_policy,LVIRA,25,4706,4,4,0,0.0008499787505312367,0.0008499787505312367,0,4688,4,4,0,0.00085324232081911264,0.00085324232081911264,0,4,4,0
setting,zalesak,circular,100,0.3,plic_fallback_policy,Youngs,25,4706,0,0,0,0,0,0,4688,0,0,0,0,0,0,0,0,0
setting,zalesak,circular,100,0.3,rescue,corner_arc_corner_triplet,25,4706,0,0,0,0,0,0,4688,0,0,0,0,0,0,0,0,0
setting,zalesak,circular,100,0.3,rescue,curved_corner_loop,25,4706,0,0,0,0,0,0,4688,0,0,0,0,0,0,0,0,0
setting,zalesak,circular,100,0.3,rescue,curved_corner_transition,25,4706,0,0,0,0,0,0,4688,0,0,0,0,0,0,0,0,0
setting,zalesak,circular,100,0.3,rescue,exact_linear_support,25,4706,0,0,0,0,0,0,4688,0,0,0,0,0,0,0,0,0
setting,zalesak,circular,128,0,construction_path,direct_fit,25,5816,5788,5788,0,0.99518569463548834,0.99518569463548834,0,5802,5788,5788,0,0.99758703895208545,0.99758703895208545,0,0,0,0
setting,zalesak,circular,128,0,construction_path,merged,25,5816,28,28,0,0.0048143053645116922,0.0048143053645116922,0,5802,14,14,0,0.0024129610479145121,0.0024129610479145121,0,0,0,0
setting,zalesak,circular,128,0,construction_path,plic_fallback,25,5816,0,0,0,0,0,0,5802,0,0,0,0,0,0,0,0,0
setting,zalesak,circular,128,0,final_facet,circular,25,5816,3827,3827,0,0.65801237964236592,0.65801237964236592,0,5802,3815,3815,0,0.65753188555670461,0.65753188555670461,0,0,0,0
setting,zalesak,circular,128,0,final_facet,curved_corner,25,5816,0,0,0,0,0,0,5802,0,0,0,0,0,0,0,0,0
setting,zalesak,circular,128,0,final_facet,linear,25,5816,1989,1989,0,0.34198762035763414,0.34198762035763414,0,5802,1987,1987,0,0.34246811444329539,0.34246811444329539,0,0,0,0
setting,zalesak,circular,128,0,final_facet,linear_corner,25,5816,0,0,0,0,0,0,5802,0,0,0,0,0,0,0,0,0
setting,zalesak,circular,128,0,merge,independent,25,5816,5788,5788,0,0.99518569463548834,0.99518569463548834,0,5802,5788,5788,0,0.99758703895208545,0.99758703895208545,0,0,0,0
setting,zalesak,circular,128,0,merge,merged,25,5816,28,28,0,0.0048143053645116922,0.0048143053645116922,0,5802,14,14,0,0.0024129610479145121,0.0024129610479145121,0,0,0,0
setting,zalesak,circular,128,0,orientation_status,oriented,25,5816,5816,5816,0,1,1,0,5802,0,0,0,0,0,0,0,0,0
setting,zalesak,circular,128,0,orientation_status,unresolved_or_deadend,25,5816,0,0,0,0,0,0,5802,0,0,0,0,0,0,0,0,0
setting,zalesak,circular,128,0,plic_fallback_policy,ELVIRA,25,5816,0,0,0,0,0,0,5802,0,0,0,0,0,0,0,0,0
setting,zalesak,circular,128,0,plic_fallback_policy,LVIRA,25,5816,0,0,0,0,0,0,5802,0,0,0,0,0,0,0,0,0
setting,zalesak,circular,128,0,plic_fallback_policy,Youngs,25,5816,0,0,0,0,0,0,5802,0,0,0,0,0,0,0,0,0
setting,zalesak,circular,128,0,rescue,corner_arc_corner_triplet,25,5816,0,0,0,0,0,0,5802,0,0,0,0,0,0,0,0,0
setting,zalesak,circular,128,0,rescue,curved_corner_loop,25,5816,0,0,0,0,0,0,5802,0,0,0,0,0,0,0,0,0
setting,zalesak,circular,128,0,rescue,curved_corner_transition,25,5816,0,0,0,0,0,0,5802,0,0,0,0,0,0,0,0,0
setting,zalesak,circular,128,0,rescue,exact_linear_support,25,5816,0,0,0,0,0,0,5802,0,0,0,0,0,0,0,0,0
setting,zalesak,circular,128,0.05,construction_path,direct_fit,25,5823,5797,5797,0,0.99553494762150097,0.99553494762150097,0,5810,5797,5797,0,0.99776247848537003,0.99776247848537003,0,0,0,0
setting,zalesak,circular,128,0.05,construction_path,merged,25,5823,26,26,0,0.0044650523784990556,0.0044650523784990556,0,5810,13,13,0,0.0022375215146299482,0.0022375215146299482,0,0,0,0
setting,zalesak,circular,128,0.05,construction_path,plic_fallback,25,5823,0,0,0,0,0,0,5810,0,0,0,0,0,0,0,0,0
setting,zalesak,circular,128,0.05,final_facet,circular,25,5823,3836,3836,0,0.65876695861239909,0.65876695861239909,0,5810,3824,3824,0,0.65817555938037864,0.65817555938037864,0,0,0,0
setting,zalesak,circular,128,0.05,final_facet,curved_corner,25,5823,0,0,0,0,0,0,5810,0,0,0,0,0,0,0,0,0
setting,zalesak,circular,128,0.05,final_facet,linear,25,5823,1987,1987,0,0.34123304138760091,0.34123304138760091,0,5810,1986,1986,0,0.34182444061962136,0.34182444061962136,0,0,0,0
setting,zalesak,circular,128,0.05,final_facet,linear_corner,25,5823,0,0,0,0,0,0,5810,0,0,0,0,0,0,0,0,0
setting,zalesak,circular,128,0.05,merge,independent,25,5823,5797,5797,0,0.99553494762150097,0.99553494762150097,0,5810,5797,5797,0,0.99776247848537003,0.99776247848537003,0,0,0,0
setting,zalesak,circular,128,0.05,merge,merged,25,5823,26,26,0,0.0044650523784990556,0.0044650523784990556,0,5810,13,13,0,0.0022375215146299482,0.0022375215146299482,0,0,0,0
setting,zalesak,circular,128,0.05,orientation_status,oriented,25,5823,5823,5823,0,1,1,0,5810,0,0,0,0,0,0,0,0,0
setting,zalesak,circular,128,0.05,orientation_status,unresolved_or_deadend,25,5823,0,0,0,0,0,0,5810,0,0,0,0,0,0,0,0,0
setting,zalesak,circular,128,0.05,plic_fallback_policy,ELVIRA,25,5823,0,0,0,0,0,0,5810,0,0,0,0,0,0,0,0,0
setting,zalesak,circular,128,0.05,plic_fallback_policy,LVIRA,25,5823,0,0,0,0,0,0,5810,0,0,0,0,0,0,0,0,0
setting,zalesak,circular,128,0.05,plic_fallback_policy,Youngs,25,5823,0,0,0,0,0,0,5810,0,0,0,0,0,0,0,0,0
setting,zalesak,circular,128,0.05,rescue,corner_arc_corner_triplet,25,5823,0,0,0,0,0,0,5810,0,0,0,0,0,0,0,0,0
setting,zalesak,circular,128,0.05,rescue,curved_corner_loop,25,5823,0,0,0,0,0,0,5810,0,0,0,0,0,0,0,0,0
setting,zalesak,circular,128,0.05,rescue,curved_corner_transition,25,5823,0,0,0,0,0,0,5810,0,0,0,0,0,0,0,0,0
setting,zalesak,circular,128,0.05,rescue,exact_linear_support,25,5823,0,0,0,0,0,0,5810,0,0,0,0,0,0,0,0,0
setting,zalesak,circular,128,0.1,construction_path,direct_fit,25,5842,5812,5812,0,0.99486477233824033,0.99486477233824033,0,5828,5812,5812,0,0.997254632807138,0.997254632807138,0,0,0,0
setting,zalesak,circular,128,0.1,construction_path,merged,25,5842,28,28,0,0.0047928791509756936,0.0047928791509756936,0,5828,14,14,0,0.0024021962937542897,0.0024021962937542897,0,0,0,0
setting,zalesak,circular,128,0.1,construction_path,plic_fallback,25,5842,2,2,0,0.00034234851078397807,0.00034234851078397807,0,5828,2,2,0,0.00034317089910775565,0.00034317089910775565,0,0,0,0
setting,zalesak,circular,128,0.1,final_facet,circular,25,5842,3845,3844,-1,0.6581650119821979,0.65799383772680586,-0.00017117425539203701,5828,3831,3830,-1,0.65734385724090594,0.65717227179135207,-0.00017158544955386823,0,0,0
setting,zalesak,circular,128,0.1,final_facet,curved_corner,25,5842,0,0,0,0,0,0,5828,0,0,0,0,0,0,0,0,0
setting,zalesak,circular,128,0.1,final_facet,linear,25,5842,1997,1998,1,0.3418349880178021,0.34200616227319414,0.00017117425539203701,5828,1997,1998,1,0.34265614275909401,0.34282772820864793,0.00017158544955392374,0,0,0
setting,zalesak,circular,128,0.1,final_facet,linear_corner,25,5842,0,0,0,0,0,0,5828,0,0,0,0,0,0,0,0,0
setting,zalesak,circular,128,0.1,merge,independent,25,5842,5814,5814,0,0.9952071208490243,0.9952071208490243,0,5828,5814,5814,0,0.99759780370624573,0.99759780370624573,0,0,0,0
setting,zalesak,circular,128,0.1,merge,merged,25,5842,28,28,0,0.0047928791509756936,0.0047928791509756936,0,5828,14,14,0,0.0024021962937542897,0.0024021962937542897,0,0,0,0
setting,zalesak,circular,128,0.1,orientation_status,oriented,25,5842,5840,5840,0,0.99965765148921604,0.99965765148921604,0,5828,0,0,0,0,0,0,0,0,0
setting,zalesak,circular,128,0.1,orientation_status,unresolved_or_deadend,25,5842,2,2,0,0.00034234851078397807,0.00034234851078397807,0,5828,0,0,0,0,0,0,0,0,0
setting,zalesak,circular,128,0.1,plic_fallback_policy,ELVIRA,25,5842,0,0,0,0,0,0,5828,0,0,0,0,0,0,0,0,0
setting,zalesak,circular,128,0.1,plic_fallback_policy,LVIRA,25,5842,2,2,0,0.00034234851078397807,0.00034234851078397807,0,5828,2,2,0,0.00034317089910775565,0.00034317089910775565,0,2,2,0
setting,zalesak,circular,128,0.1,plic_fallback_policy,Youngs,25,5842,0,0,0,0,0,0,5828,0,0,0,0,0,0,0,0,0
setting,zalesak,circular,128,0.1,rescue,corner_arc_corner_triplet,25,5842,0,0,0,0,0,0,5828,0,0,0,0,0,0,0,0,0
setting,zalesak,circular,128,0.1,rescue,curved_corner_loop,25,5842,0,0,0,0,0,0,5828,0,0,0,0,0,0,0,0,0
setting,zalesak,circular,128,0.1,rescue,curved_corner_transition,25,5842,0,0,0,0,0,0,5828,0,0,0,0,0,0,0,0,0
setting,zalesak,circular,128,0.1,rescue,exact_linear_support,25,5842,0,0,0,0,0,0,5828,0,0,0,0,0,0,0,0,0
setting,zalesak,circular,128,0.2,construction_path,direct_fit,25,5911,5878,5878,0,0.99441718829301307,0.99441718829301307,0,5895,5878,5878,0,0.99711620016963531,0.99711620016963531,0,0,0,0
setting,zalesak,circular,128,0.2,construction_path,merged,25,5911,32,32,0,0.0054136355946540352,0.0054136355946540352,0,5895,16,16,0,0.0027141645462256149,0.0027141645462256149,0,0,0,0
setting,zalesak,circular,128,0.2,construction_path,plic_fallback,25,5911,1,1,0,0.0001691761123329386,0.0001691761123329386,0,5895,1,1,0,0.00016963528413910093,0.00016963528413910093,0,0,0,0
setting,zalesak,circular,128,0.2,final_facet,circular,25,5911,3886,3887,1,0.65741837252579938,0.65758754863813229,0.00016917611233291385,5895,3872,3873,1,0.6568278201865988,0.65699745547073796,0.00016963528413915796,0,0,0
setting,zalesak,circular,128,0.2,final_facet,curved_corner,25,5911,0,0,0,0,0,0,5895,0,0,0,0,0,0,0,0,0
setting,zalesak,circular,128,0.2,final_facet,linear,25,5911,2025,2024,-1,0.34258162747420062,0.34241245136186771,-0.00016917611233291385,5895,2023,2022,-1,0.3431721798134012,0.3430025445292621,-0.00016963528413910245,0,0,0
setting,zalesak,circular,128,0.2,final_facet,linear_corner,25,5911,0,0,0,0,0,0,5895,0,0,0,0,0,0,0,0,0
setting,zalesak,circular,128,0.2,merge,independent,25,5911,5879,5879,0,0.99458636440534598,0.99458636440534598,0,5895,5879,5879,0,0.99728583545377436,0.99728583545377436,0,0,0,0
setting,zalesak,circular,128,0.2,merge,merged,25,5911,32,32,0,0.0054136355946540352,0.0054136355946540352,0,5895,16,16,0,0.0027141645462256149,0.0027141645462256149,0,0,0,0
setting,zalesak,circular,128,0.2,orientation_status,oriented,25,5911,5910,5910,0,0.99983082388766709,0.99983082388766709,0,5895,0,0,0,0,0,0,0,0,0
setting,zalesak,circular,128,0.2,orientation_status,unresolved_or_deadend,25,5911,1,1,0,0.0001691761123329386,0.0001691761123329386,0,5895,0,0,0,0,0,0,0,0,0
setting,zalesak,circular,128,0.2,plic_fallback_policy,ELVIRA,25,5911,0,0,0,0,0,0,5895,0,0,0,0,0,0,0,0,0
setting,zalesak,circular,128,0.2,plic_fallback_policy,LVIRA,25,5911,1,1,0,0.0001691761123329386,0.0001691761123329386,0,5895,1,1,0,0.00016963528413910093,0.00016963528413910093,0,1,1,0
setting,zalesak,circular,128,0.2,plic_fallback_policy,Youngs,25,5911,0,0,0,0,0,0,5895,0,0,0,0,0,0,0,0,0
setting,zalesak,circular,128,0.2,rescue,corner_arc_corner_triplet,25,5911,0,0,0,0,0,0,5895,0,0,0,0,0,0,0,0,0
setting,zalesak,circular,128,0.2,rescue,curved_corner_loop,25,5911,0,0,0,0,0,0,5895,0,0,0,0,0,0,0,0,0
setting,zalesak,circular,128,0.2,rescue,curved_corner_transition,25,5911,0,0,0,0,0,0,5895,0,0,0,0,0,0,0,0,0
setting,zalesak,circular,128,0.2,rescue,exact_linear_support,25,5911,0,0,0,0,0,0,5895,0,0,0,0,0,0,0,0,0
setting,zalesak,circular,128,0.3,construction_path,direct_fit,25,6020,5979,5979,0,0.99318936877076414,0.99318936877076414,0,6001,5979,5979,0,0.99633394434260958,0.99633394434260958,0,0,0,0
setting,zalesak,circular,128,0.3,construction_path,merged,25,6020,38,38,0,0.0063122923588039871,0.0063122923588039871,0,6001,19,19,0,0.0031661389768371938,0.0031661389768371938,0,0,0,0
setting,zalesak,circular,128,0.3,construction_path,plic_fallback,25,6020,3,3,0,0.00049833887043189363,0.00049833887043189363,0,6001,3,3,0,0.00049991668055324114,0.00049991668055324114,0,0,0,0
setting,zalesak,circular,128,0.3,final_facet,circular,25,6020,3955,3955,0,0.65697674418604646,0.65697674418604646,0,6001,3937,3937,0,0.65605732377937009,0.65605732377937009,0,0,0,0
setting,zalesak,circular,128,0.3,final_facet,curved_corner,25,6020,0,0,0,0,0,0,6001,0,0,0,0,0,0,0,0,0
setting,zalesak,circular,128,0.3,final_facet,linear,25,6020,2065,2065,0,0.34302325581395349,0.34302325581395349,0,6001,2064,2064,0,0.34394267622062991,0.34394267622062991,0,0,0,0
setting,zalesak,circular,128,0.3,final_facet,linear_corner,25,6020,0,0,0,0,0,0,6001,0,0,0,0,0,0,0,0,0
setting,zalesak,circular,128,0.3,merge,independent,25,6020,5982,5982,0,0.99368770764119596,0.99368770764119596,0,6001,5982,5982,0,0.99683386102316285,0.99683386102316285,0,0,0,0
setting,zalesak,circular,128,0.3,merge,merged,25,6020,38,38,0,0.0063122923588039871,0.0063122923588039871,0,6001,19,19,0,0.0031661389768371938,0.0031661389768371938,0,0,0,0
setting,zalesak,circular,128,0.3,orientation_status,oriented,25,6020,6017,6017,0,0.99950166112956806,0.99950166112956806,0,6001,0,0,0,0,0,0,0,0,0
setting,zalesak,circular,128,0.3,orientation_status,unresolved_or_deadend,25,6020,3,3,0,0.00049833887043189363,0.00049833887043189363,0,6001,0,0,0,0,0,0,0,0,0
setting,zalesak,circular,128,0.3,plic_fallback_policy,ELVIRA,25,6020,0,0,0,0,0,0,6001,0,0,0,0,0,0,0,0,0
setting,zalesak,circular,128,0.3,plic_fallback_policy,LVIRA,25,6020,3,3,0,0.00049833887043189363,0.00049833887043189363,0,6001,3,3,0,0.00049991668055324114,0.00049991668055324114,0,3,3,0
setting,zalesak,circular,128,0.3,plic_fallback_policy,Youngs,25,6020,0,0,0,0,0,0,6001,0,0,0,0,0,0,0,0,0
setting,zalesak,circular,128,0.3,rescue,corner_arc_corner_triplet,25,6020,0,0,0,0,0,0,6001,0,0,0,0,0,0,0,0,0
setting,zalesak,circular,128,0.3,rescue,curved_corner_loop,25,6020,0,0,0,0,0,0,6001,0,0,0,0,0,0,0,0,0
setting,zalesak,circular,128,0.3,rescue,curved_corner_transition,25,6020,0,0,0,0,0,0,6001,0,0,0,0,0,0,0,0,0
setting,zalesak,circular,128,0.3,rescue,exact_linear_support,25,6020,0,0,0,0,0,0,6001,0,0,0,0,0,0,0,0,0
setting,zalesak,circular,150,0,construction_path,direct_fit,25,6830,6794,6794,0,0.9947291361639824,0.9947291361639824,0,6812,6794,6794,0,0.99735760422783326,0.99735760422783326,0,0,0,0
setting,zalesak,circular,150,0,construction_path,merged,25,6830,36,36,0,0.0052708638360175692,0.0052708638360175692,0,6812,18,18,0,0.0026423957721667646,0.0026423957721667646,0,0,0,0
setting,zalesak,circular,150,0,construction_path,plic_fallback,25,6830,0,0,0,0,0,0,6812,0,0,0,0,0,0,0,0,0
setting,zalesak,circular,150,0,final_facet,circular,25,6830,4465,4464,-1,0.65373352855051248,0.65358711566617866,-0.00014641288433381305,6812,4448,4447,-1,0.65296535525543165,0.6528185554903112,-0.00014679976512044224,0,0,0
setting,zalesak,circular,150,0,final_facet,curved_corner,25,6830,0,0,0,0,0,0,6812,0,0,0,0,0,0,0,0,0
setting,zalesak,circular,150,0,final_facet,linear,25,6830,2365,2366,1,0.34626647144948758,0.34641288433382139,0.00014641288433381305,6812,2364,2365,1,0.34703464474456841,0.3471814445096888,0.00014679976512038673,0,0,0
setting,zalesak,circular,150,0,final_facet,linear_corner,25,6830,0,0,0,0,0,0,6812,0,0,0,0,0,0,0,0,0
setting,zalesak,circular,150,0,merge,independent,25,6830,6794,6794,0,0.9947291361639824,0.9947291361639824,0,6812,6794,6794,0,0.99735760422783326,0.99735760422783326,0,0,0,0
setting,zalesak,circular,150,0,merge,merged,25,6830,36,36,0,0.0052708638360175692,0.0052708638360175692,0,6812,18,18,0,0.0026423957721667646,0.0026423957721667646,0,0,0,0
setting,zalesak,circular,150,0,orientation_status,oriented,25,6830,6830,6830,0,1,1,0,6812,0,0,0,0,0,0,0,0,0
setting,zalesak,circular,150,0,orientation_status,unresolved_or_deadend,25,6830,0,0,0,0,0,0,6812,0,0,0,0,0,0,0,0,0
setting,zalesak,circular,150,0,plic_fallback_policy,ELVIRA,25,6830,0,0,0,0,0,0,6812,0,0,0,0,0,0,0,0,0
setting,zalesak,circular,150,0,plic_fallback_policy,LVIRA,25,6830,0,0,0,0,0,0,6812,0,0,0,0,0,0,0,0,0
setting,zalesak,circular,150,0,plic_fallback_policy,Youngs,25,6830,0,0,0,0,0,0,6812,0,0,0,0,0,0,0,0,0
setting,zalesak,circular,150,0,rescue,corner_arc_corner_triplet,25,6830,0,0,0,0,0,0,6812,0,0,0,0,0,0,0,0,0
setting,zalesak,circular,150,0,rescue,curved_corner_loop,25,6830,0,0,0,0,0,0,6812,0,0,0,0,0,0,0,0,0
setting,zalesak,circular,150,0,rescue,curved_corner_transition,25,6830,0,0,0,0,0,0,6812,0,0,0,0,0,0,0,0,0
setting,zalesak,circular,150,0,rescue,exact_linear_support,25,6830,0,0,0,0,0,0,6812,0,0,0,0,0,0,0,0,0
setting,zalesak,circular,150,0.05,construction_path,direct_fit,25,6835,6797,6797,0,0.99444038039502558,0.99444038039502558,0,6816,6797,6797,0,0.997212441314554,0.997212441314554,0,0,0,0
setting,zalesak,circular,150,0.05,construction_path,merged,25,6835,38,38,0,0.0055596196049743961,0.0055596196049743961,0,6816,19,19,0,0.0027875586854460093,0.0027875586854460093,0,0,0,0
setting,zalesak,circular,150,0.05,construction_path,plic_fallback,25,6835,0,0,0,0,0,0,6816,0,0,0,0,0,0,0,0,0
setting,zalesak,circular,150,0.05,final_facet,circular,25,6835,4459,4461,2,0.65237746891002191,0.65267008046817854,0.0002926115581566302,6816,4442,4444,2,0.65170187793427226,0.65199530516431925,0.00029342723004699423,0,0,0
setting,zalesak,circular,150,0.05,final_facet,curved_corner,25,6835,0,0,0,0,0,0,6816,0,0,0,0,0,0,0,0,0
setting,zalesak,circular,150,0.05,final_facet,linear,25,6835,2376,2374,-2,0.34762253108997804,0.34732991953182152,-0.00029261155815651918,6816,2374,2372,-2,0.34829812206572769,0.34800469483568075,-0.00029342723004693871,0,0,0
setting,zalesak,circular,150,0.05,final_facet,linear_corner,25,6835,0,0,0,0,0,0,6816,0,0,0,0,0,0,0,0,0
setting,zalesak,circular,150,0.05,merge,independent,25,6835,6797,6797,0,0.99444038039502558,0.99444038039502558,0,6816,6797,6797,0,0.997212441314554,0.997212441314554,0,0,0,0
setting,zalesak,circular,150,0.05,merge,merged,25,6835,38,38,0,0.0055596196049743961,0.0055596196049743961,0,6816,19,19,0,0.0027875586854460093,0.0027875586854460093,0,0,0,0
setting,zalesak,circular,150,0.05,orientation_status,oriented,25,6835,6835,6835,0,1,1,0,6816,0,0,0,0,0,0,0,0,0
setting,zalesak,circular,150,0.05,orientation_status,unresolved_or_deadend,25,6835,0,0,0,0,0,0,6816,0,0,0,0,0,0,0,0,0
setting,zalesak,circular,150,0.05,plic_fallback_policy,ELVIRA,25,6835,0,0,0,0,0,0,6816,0,0,0,0,0,0,0,0,0
setting,zalesak,circular,150,0.05,plic_fallback_policy,LVIRA,25,6835,0,0,0,0,0,0,6816,0,0,0,0,0,0,0,0,0
setting,zalesak,circular,150,0.05,plic_fallback_policy,Youngs,25,6835,0,0,0,0,0,0,6816,0,0,0,0,0,0,0,0,0
setting,zalesak,circular,150,0.05,rescue,corner_arc_corner_triplet,25,6835,0,0,0,0,0,0,6816,0,0,0,0,0,0,0,0,0
setting,zalesak,circular,150,0.05,rescue,curved_corner_loop,25,6835,0,0,0,0,0,0,6816,0,0,0,0,0,0,0,0,0
setting,zalesak,circular,150,0.05,rescue,curved_corner_transition,25,6835,0,0,0,0,0,0,6816,0,0,0,0,0,0,0,0,0
setting,zalesak,circular,150,0.05,rescue,exact_linear_support,25,6835,0,0,0,0,0,0,6816,0,0,0,0,0,0,0,0,0
setting,zalesak,circular,150,0.1,construction_path,direct_fit,25,6859,6817,6817,0,0.99387665840501527,0.99387665840501527,0,6838,6817,6817,0,0.99692892658672128,0.99692892658672128,0,0,0,0
setting,zalesak,circular,150,0.1,construction_path,merged,25,6859,42,42,0,0.0061233415949846918,0.0061233415949846918,0,6838,21,21,0,0.0030710734132787364,0.0030710734132787364,0,0,0,0
setting,zalesak,circular,150,0.1,construction_path,plic_fallback,25,6859,0,0,0,0,0,0,6838,0,0,0,0,0,0,0,0,0
setting,zalesak,circular,150,0.1,final_facet,circular,25,6859,4468,4468,0,0.65140691062837153,0.65140691062837153,0,6838,4451,4451,0,0.65092132202398367,0.65092132202398367,0,0,0,0
setting,zalesak,circular,150,0.1,final_facet,curved_corner,25,6859,0,0,0,0,0,0,6838,0,0,0,0,0,0,0,0,0
setting,zalesak,circular,150,0.1,final_facet,linear,25,6859,2391,2391,0,0.34859308937162853,0.34859308937162853,0,6838,2387,2387,0,0.34907867797601638,0.34907867797601638,0,0,0,0
setting,zalesak,circular,150,0.1,final_facet,linear_corner,25,6859,0,0,0,0,0,0,6838,0,0,0,0,0,0,0,0,0
setting,zalesak,circular,150,0.1,merge,independent,25,6859,6817,6817,0,0.99387665840501527,0.99387665840501527,0,6838,6817,6817,0,0.99692892658672128,0.99692892658672128,0,0,0,0
setting,zalesak,circular,150,0.1,merge,merged,25,6859,42,42,0,0.0061233415949846918,0.0061233415949846918,0,6838,21,21,0,0.0030710734132787364,0.0030710734132787364,0,0,0,0
setting,zalesak,circular,150,0.1,orientation_status,oriented,25,6859,6859,6859,0,1,1,0,6838,0,0,0,0,0,0,0,0,0
setting,zalesak,circular,150,0.1,orientation_status,unresolved_or_deadend,25,6859,0,0,0,0,0,0,6838,0,0,0,0,0,0,0,0,0
setting,zalesak,circular,150,0.1,plic_fallback_policy,ELVIRA,25,6859,0,0,0,0,0,0,6838,0,0,0,0,0,0,0,0,0
setting,zalesak,circular,150,0.1,plic_fallback_policy,LVIRA,25,6859,0,0,0,0,0,0,6838,0,0,0,0,0,0,0,0,0
setting,zalesak,circular,150,0.1,plic_fallback_policy,Youngs,25,6859,0,0,0,0,0,0,6838,0,0,0,0,0,0,0,0,0
setting,zalesak,circular,150,0.1,rescue,corner_arc_corner_triplet,25,6859,0,0,0,0,0,0,6838,0,0,0,0,0,0,0,0,0
setting,zalesak,circular,150,0.1,rescue,curved_corner_loop,25,6859,0,0,0,0,0,0,6838,0,0,0,0,0,0,0,0,0
setting,zalesak,circular,150,0.1,rescue,curved_corner_transition,25,6859,0,0,0,0,0,0,6838,0,0,0,0,0,0,0,0,0
setting,zalesak,circular,150,0.1,rescue,exact_linear_support,25,6859,0,0,0,0,0,0,6838,0,0,0,0,0,0,0,0,0
setting,zalesak,circular,150,0.2,construction_path,direct_fit,25,6943,6897,6897,0,0.99337462192135961,0.99337462192135961,0,6920,6897,6897,0,0.99667630057803469,0.99667630057803469,0,0,0,0
setting,zalesak,circular,150,0.2,construction_path,merged,25,6943,46,46,0,0.0066253780786403576,0.0066253780786403576,0,6920,23,23,0,0.003323699421965318,0.003323699421965318,0,0,0,0
setting,zalesak,circular,150,0.2,construction_path,plic_fallback,25,6943,0,0,0,0,0,0,6920,0,0,0,0,0,0,0,0,0
setting,zalesak,circular,150,0.2,final_facet,circular,25,6943,4513,4513,0,0.65000720149791158,0.65000720149791158,0,6920,4493,4493,0,0.64927745664739889,0.64927745664739889,0,0,0,0
setting,zalesak,circular,150,0.2,final_facet,curved_corner,25,6943,0,0,0,0,0,0,6920,0,0,0,0,0,0,0,0,0
setting,zalesak,circular,150,0.2,final_facet,linear,25,6943,2430,2430,0,0.34999279850208842,0.34999279850208842,0,6920,2427,2427,0,0.35072254335260117,0.35072254335260117,0,0,0,0
setting,zalesak,circular,150,0.2,final_facet,linear_corner,25,6943,0,0,0,0,0,0,6920,0,0,0,0,0,0,0,0,0
setting,zalesak,circular,150,0.2,merge,independent,25,6943,6897,6897,0,0.99337462192135961,0.99337462192135961,0,6920,6897,6897,0,0.99667630057803469,0.99667630057803469,0,0,0,0
setting,zalesak,circular,150,0.2,merge,merged,25,6943,46,46,0,0.0066253780786403576,0.0066253780786403576,0,6920,23,23,0,0.003323699421965318,0.003323699421965318,0,0,0,0
setting,zalesak,circular,150,0.2,orientation_status,oriented,25,6943,6943,6943,0,1,1,0,6920,0,0,0,0,0,0,0,0,0
setting,zalesak,circular,150,0.2,orientation_status,unresolved_or_deadend,25,6943,0,0,0,0,0,0,6920,0,0,0,0,0,0,0,0,0
setting,zalesak,circular,150,0.2,plic_fallback_policy,ELVIRA,25,6943,0,0,0,0,0,0,6920,0,0,0,0,0,0,0,0,0
setting,zalesak,circular,150,0.2,plic_fallback_policy,LVIRA,25,6943,0,0,0,0,0,0,6920,0,0,0,0,0,0,0,0,0
setting,zalesak,circular,150,0.2,plic_fallback_policy,Youngs,25,6943,0,0,0,0,0,0,6920,0,0,0,0,0,0,0,0,0
setting,zalesak,circular,150,0.2,rescue,corner_arc_corner_triplet,25,6943,0,0,0,0,0,0,6920,0,0,0,0,0,0,0,0,0
setting,zalesak,circular,150,0.2,rescue,curved_corner_loop,25,6943,0,0,0,0,0,0,6920,0,0,0,0,0,0,0,0,0
setting,zalesak,circular,150,0.2,rescue,curved_corner_transition,25,6943,0,0,0,0,0,0,6920,0,0,0,0,0,0,0,0,0
setting,zalesak,circular,150,0.2,rescue,exact_linear_support,25,6943,0,0,0,0,0,0,6920,0,0,0,0,0,0,0,0,0
setting,zalesak,circular,150,0.3,construction_path,direct_fit,25,7040,6979,6979,0,0.99133522727272727,0.99133522727272727,0,7013,6979,6979,0,0.99515186082988738,0.99515186082988738,0,0,0,0
setting,zalesak,circular,150,0.3,construction_path,merged,25,7040,54,54,0,0.0076704545454545454,0.0076704545454545454,0,7013,27,27,0,0.0038499928703835734,0.0038499928703835734,0,0,0,0
setting,zalesak,circular,150,0.3,construction_path,plic_fallback,25,7040,7,7,0,0.00099431818181818172,0.00099431818181818172,0,7013,7,7,0,0.00099814629972907456,0.00099814629972907456,0,0,0,0
setting,zalesak,circular,150,0.3,final_facet,circular,25,7040,4582,4583,1,0.65085227272727275,0.65099431818181819,0.00014204545454543638,7013,4558,4559,1,0.64993583345216033,0.65007842578069297,0.00014259232853264248,0,0,0
setting,zalesak,circular,150,0.3,final_facet,curved_corner,25,7040,0,0,0,0,0,0,7013,0,0,0,0,0,0,0,0,0
setting,zalesak,circular,150,0.3,final_facet,linear,25,7040,2458,2457,-1,0.34914772727272725,0.34900568181818181,-0.00014204545454543638,7013,2455,2454,-1,0.35006416654783973,0.34992157421930697,-0.0001425923285327535,0,0,0
setting,zalesak,circular,150,0.3,final_facet,linear_corner,25,7040,0,0,0,0,0,0,7013,0,0,0,0,0,0,0,0,0
setting,zalesak,circular,150,0.3,merge,independent,25,7040,6986,6986,0,0.99232954545454544,0.99232954545454544,0,7013,6986,6986,0,0.99615000712961643,0.99615000712961643,0,0,0,0
setting,zalesak,circular,150,0.3,merge,merged,25,7040,54,54,0,0.0076704545454545454,0.0076704545454545454,0,7013,27,27,0,0.0038499928703835734,0.0038499928703835734,0,0,0,0
setting,zalesak,circular,150,0.3,orientation_status,oriented,25,7040,7033,7033,0,0.99900568181818183,0.99900568181818183,0,7013,0,0,0,0,0,0,0,0,0
setting,zalesak,circular,150,0.3,orientation_status,unresolved_or_deadend,25,7040,7,7,0,0.00099431818181818172,0.00099431818181818172,0,7013,0,0,0,0,0,0,0,0,0
setting,zalesak,circular,150,0.3,plic_fallback_policy,ELVIRA,25,7040,0,0,0,0,0,0,7013,0,0,0,0,0,0,0,0,0
setting,zalesak,circular,150,0.3,plic_fallback_policy,LVIRA,25,7040,7,7,0,0.00099431818181818172,0.00099431818181818172,0,7013,7,7,0,0.00099814629972907456,0.00099814629972907456,0,7,7,0
setting,zalesak,circular,150,0.3,plic_fallback_policy,Youngs,25,7040,0,0,0,0,0,0,7013,0,0,0,0,0,0,0,0,0
setting,zalesak,circular,150,0.3,rescue,corner_arc_corner_triplet,25,7040,0,0,0,0,0,0,7013,0,0,0,0,0,0,0,0,0
setting,zalesak,circular,150,0.3,rescue,curved_corner_loop,25,7040,0,0,0,0,0,0,7013,0,0,0,0,0,0,0,0,0
setting,zalesak,circular,150,0.3,rescue,curved_corner_transition,25,7040,0,0,0,0,0,0,7013,0,0,0,0,0,0,0,0,0
setting,zalesak,circular,150,0.3,rescue,exact_linear_support,25,7040,0,0,0,0,0,0,7013,0,0,0,0,0,0,0,0,0
setting,zalesak,circular,50,0,construction_path,direct_fit,25,2266,2226,2226,0,0.98234774933804059,0.98234774933804059,0,2246,2226,2226,0,0.99109528049866424,0.99109528049866424,0,0,0,0
setting,zalesak,circular,50,0,construction_path,merged,25,2266,40,40,0,0.017652250661959398,0.017652250661959398,0,2246,20,20,0,0.0089047195013357075,0.0089047195013357075,0,0,0,0
setting,zalesak,circular,50,0,construction_path,plic_fallback,25,2266,0,0,0,0,0,0,2246,0,0,0,0,0,0,0,0,0
setting,zalesak,circular,50,0,final_facet,circular,25,2266,1610,1610,0,0.71050308914386584,0.71050308914386584,0,2246,1591,1591,0,0.70837043633125552,0.70837043633125552,0,0,0,0
setting,zalesak,circular,50,0,final_facet,curved_corner,25,2266,0,0,0,0,0,0,2246,0,0,0,0,0,0,0,0,0
setting,zalesak,circular,50,0,final_facet,linear,25,2266,656,656,0,0.28949691085613416,0.28949691085613416,0,2246,655,655,0,0.29162956366874443,0.29162956366874443,0,0,0,0
setting,zalesak,circular,50,0,final_facet,linear_corner,25,2266,0,0,0,0,0,0,2246,0,0,0,0,0,0,0,0,0
setting,zalesak,circular,50,0,merge,independent,25,2266,2226,2226,0,0.98234774933804059,0.98234774933804059,0,2246,2226,2226,0,0.99109528049866424,0.99109528049866424,0,0,0,0
setting,zalesak,circular,50,0,merge,merged,25,2266,40,40,0,0.017652250661959398,0.017652250661959398,0,2246,20,20,0,0.0089047195013357075,0.0089047195013357075,0,0,0,0
setting,zalesak,circular,50,0,orientation_status,oriented,25,2266,2266,2266,0,1,1,0,2246,0,0,0,0,0,0,0,0,0
setting,zalesak,circular,50,0,orientation_status,unresolved_or_deadend,25,2266,0,0,0,0,0,0,2246,0,0,0,0,0,0,0,0,0
setting,zalesak,circular,50,0,plic_fallback_policy,ELVIRA,25,2266,0,0,0,0,0,0,2246,0,0,0,0,0,0,0,0,0
setting,zalesak,circular,50,0,plic_fallback_policy,LVIRA,25,2266,0,0,0,0,0,0,2246,0,0,0,0,0,0,0,0,0
setting,zalesak,circular,50,0,plic_fallback_policy,Youngs,25,2266,0,0,0,0,0,0,2246,0,0,0,0,0,0,0,0,0
setting,zalesak,circular,50,0,rescue,corner_arc_corner_triplet,25,2266,0,0,0,0,0,0,2246,0,0,0,0,0,0,0,0,0
setting,zalesak,circular,50,0,rescue,curved_corner_loop,25,2266,0,0,0,0,0,0,2246,0,0,0,0,0,0,0,0,0
setting,zalesak,circular,50,0,rescue,curved_corner_transition,25,2266,0,0,0,0,0,0,2246,0,0,0,0,0,0,0,0,0
setting,zalesak,circular,50,0,rescue,exact_linear_support,25,2266,0,0,0,0,0,0,2246,0,0,0,0,0,0,0,0,0
setting,zalesak,circular,50,0.05,construction_path,direct_fit,25,2268,2224,2224,0,0.98059964726631388,0.98059964726631388,0,2246,2224,2224,0,0.99020480854853077,0.99020480854853077,0,0,0,0
setting,zalesak,circular,50,0.05,construction_path,merged,25,2268,44,44,0,0.019400352733686066,0.019400352733686066,0,2246,22,22,0,0.0097951914514692786,0.0097951914514692786,0,0,0,0
setting,zalesak,circular,50,0.05,construction_path,plic_fallback,25,2268,0,0,0,0,0,0,2246,0,0,0,0,0,0,0,0,0
setting,zalesak,circular,50,0.05,final_facet,circular,25,2268,1627,1626,-1,0.71737213403880074,0.71693121693121697,-0.00044091710758376035,2246,1606,1605,-1,0.71504897595725736,0.71460373998219051,-0.00044523597506684887,0,0,0
setting,zalesak,circular,50,0.05,final_facet,curved_corner,25,2268,0,0,0,0,0,0,2246,0,0,0,0,0,0,0,0,0
setting,zalesak,circular,50,0.05,final_facet,linear,25,2268,641,642,1,0.28262786596119932,0.28306878306878308,0.00044091710758376035,2246,640,641,1,0.28495102404274264,0.28539626001780943,0.00044523597506679335,0,0,0
setting,zalesak,circular,50,0.05,final_facet,linear_corner,25,2268,0,0,0,0,0,0,2246,0,0,0,0,0,0,0,0,0
setting,zalesak,circular,50,0.05,merge,independent,25,2268,2224,2224,0,0.98059964726631388,0.98059964726631388,0,2246,2224,2224,0,0.99020480854853077,0.99020480854853077,0,0,0,0
setting,zalesak,circular,50,0.05,merge,merged,25,2268,44,44,0,0.019400352733686066,0.019400352733686066,0,2246,22,22,0,0.0097951914514692786,0.0097951914514692786,0,0,0,0
setting,zalesak,circular,50,0.05,orientation_status,oriented,25,2268,2268,2268,0,1,1,0,2246,0,0,0,0,0,0,0,0,0
setting,zalesak,circular,50,0.05,orientation_status,unresolved_or_deadend,25,2268,0,0,0,0,0,0,2246,0,0,0,0,0,0,0,0,0
setting,zalesak,circular,50,0.05,plic_fallback_policy,ELVIRA,25,2268,0,0,0,0,0,0,2246,0,0,0,0,0,0,0,0,0
setting,zalesak,circular,50,0.05,plic_fallback_policy,LVIRA,25,2268,0,0,0,0,0,0,2246,0,0,0,0,0,0,0,0,0
setting,zalesak,circular,50,0.05,plic_fallback_policy,Youngs,25,2268,0,0,0,0,0,0,2246,0,0,0,0,0,0,0,0,0
setting,zalesak,circular,50,0.05,rescue,corner_arc_corner_triplet,25,2268,0,0,0,0,0,0,2246,0,0,0,0,0,0,0,0,0
setting,zalesak,circular,50,0.05,rescue,curved_corner_loop,25,2268,0,0,0,0,0,0,2246,0,0,0,0,0,0,0,0,0
setting,zalesak,circular,50,0.05,rescue,curved_corner_transition,25,2268,0,0,0,0,0,0,2246,0,0,0,0,0,0,0,0,0
setting,zalesak,circular,50,0.05,rescue,exact_linear_support,25,2268,0,0,0,0,0,0,2246,0,0,0,0,0,0,0,0,0
setting,zalesak,circular,50,0.1,construction_path,direct_fit,25,2277,2227,2227,0,0.97804128238910848,0.97804128238910848,0,2252,2227,2227,0,0.988898756660746,0.988898756660746,0,0,0,0
setting,zalesak,circular,50,0.1,construction_path,merged,25,2277,50,50,0,0.021958717610891524,0.021958717610891524,0,2252,25,25,0,0.011101243339253997,0.011101243339253997,0,0,0,0
setting,zalesak,circular,50,0.1,construction_path,plic_fallback,25,2277,0,0,0,0,0,0,2252,0,0,0,0,0,0,0,0,0
setting,zalesak,circular,50,0.1,final_facet,circular,25,2277,1632,1632,0,0.71673254281949939,0.71673254281949939,0,2252,1609,1609,0,0.71447602131438726,0.71447602131438726,0,0,0,0
setting,zalesak,circular,50,0.1,final_facet,curved_corner,25,2277,0,0,0,0,0,0,2252,0,0,0,0,0,0,0,0,0
setting,zalesak,circular,50,0.1,final_facet,linear,25,2277,645,645,0,0.28326745718050067,0.28326745718050067,0,2252,643,643,0,0.2855239786856128,0.2855239786856128,0,0,0,0
setting,zalesak,circular,50,0.1,final_facet,linear_corner,25,2277,0,0,0,0,0,0,2252,0,0,0,0,0,0,0,0,0
setting,zalesak,circular,50,0.1,merge,independent,25,2277,2227,2227,0,0.97804128238910848,0.97804128238910848,0,2252,2227,2227,0,0.988898756660746,0.988898756660746,0,0,0,0
setting,zalesak,circular,50,0.1,merge,merged,25,2277,50,50,0,0.021958717610891524,0.021958717610891524,0,2252,25,25,0,0.011101243339253997,0.011101243339253997,0,0,0,0
setting,zalesak,circular,50,0.1,orientation_status,oriented,25,2277,2277,2277,0,1,1,0,2252,0,0,0,0,0,0,0,0,0
setting,zalesak,circular,50,0.1,orientation_status,unresolved_or_deadend,25,2277,0,0,0,0,0,0,2252,0,0,0,0,0,0,0,0,0
setting,zalesak,circular,50,0.1,plic_fallback_policy,ELVIRA,25,2277,0,0,0,0,0,0,2252,0,0,0,0,0,0,0,0,0
setting,zalesak,circular,50,0.1,plic_fallback_policy,LVIRA,25,2277,0,0,0,0,0,0,2252,0,0,0,0,0,0,0,0,0
setting,zalesak,circular,50,0.1,plic_fallback_policy,Youngs,25,2277,0,0,0,0,0,0,2252,0,0,0,0,0,0,0,0,0
setting,zalesak,circular,50,0.1,rescue,corner_arc_corner_triplet,25,2277,0,0,0,0,0,0,2252,0,0,0,0,0,0,0,0,0
setting,zalesak,circular,50,0.1,rescue,curved_corner_loop,25,2277,0,0,0,0,0,0,2252,0,0,0,0,0,0,0,0,0
setting,zalesak,circular,50,0.1,rescue,curved_corner_transition,25,2277,0,0,0,0,0,0,2252,0,0,0,0,0,0,0,0,0
setting,zalesak,circular,50,0.1,rescue,exact_linear_support,25,2277,0,0,0,0,0,0,2252,0,0,0,0,0,0,0,0,0
setting,zalesak,circular,50,0.2,construction_path,direct_fit,25,2299,2258,2258,0,0.982166159199652,0.982166159199652,0,2279,2258,2258,0,0.99078543220710835,0.99078543220710835,0,0,0,0
setting,zalesak,circular,50,0.2,construction_path,merged,25,2299,40,40,0,0.017398869073510223,0.017398869073510223,0,2279,20,20,0,0.0087757788503729714,0.0087757788503729714,0,0,0,0
setting,zalesak,circular,50,0.2,construction_path,plic_fallback,25,2299,1,1,0,0.00043497172683775554,0.00043497172683775554,0,2279,1,1,0,0.00043878894251864854,0.00043878894251864854,0,0,0,0
setting,zalesak,circular,50,0.2,final_facet,circular,25,2299,1647,1647,0,0.71639843410178339,0.71639843410178339,0,2279,1630,1630,0,0.71522597630539708,0.71522597630539708,0,0,0,0
setting,zalesak,circular,50,0.2,final_facet,curved_corner,25,2299,0,0,0,0,0,0,2279,0,0,0,0,0,0,0,0,0
setting,zalesak,circular,50,0.2,final_facet,linear,25,2299,652,652,0,0.28360156589821661,0.28360156589821661,0,2279,649,649,0,0.28477402369460292,0.28477402369460292,0,0,0,0
setting,zalesak,circular,50,0.2,final_facet,linear_corner,25,2299,0,0,0,0,0,0,2279,0,0,0,0,0,0,0,0,0
setting,zalesak,circular,50,0.2,merge,independent,25,2299,2259,2259,0,0.98260113092648982,0.98260113092648982,0,2279,2259,2259,0,0.99122422114962705,0.99122422114962705,0,0,0,0
setting,zalesak,circular,50,0.2,merge,merged,25,2299,40,40,0,0.017398869073510223,0.017398869073510223,0,2279,20,20,0,0.0087757788503729714,0.0087757788503729714,0,0,0,0
setting,zalesak,circular,50,0.2,orientation_status,oriented,25,2299,2298,2298,0,0.99956502827316229,0.99956502827316229,0,2279,0,0,0,0,0,0,0,0,0
setting,zalesak,circular,50,0.2,orientation_status,unresolved_or_deadend,25,2299,1,1,0,0.00043497172683775554,0.00043497172683775554,0,2279,0,0,0,0,0,0,0,0,0
setting,zalesak,circular,50,0.2,plic_fallback_policy,ELVIRA,25,2299,0,0,0,0,0,0,2279,0,0,0,0,0,0,0,0,0
setting,zalesak,circular,50,0.2,plic_fallback_policy,LVIRA,25,2299,1,1,0,0.00043497172683775554,0.00043497172683775554,0,2279,1,1,0,0.00043878894251864854,0.00043878894251864854,0,1,1,0
setting,zalesak,circular,50,0.2,plic_fallback_policy,Youngs,25,2299,0,0,0,0,0,0,2279,0,0,0,0,0,0,0,0,0
setting,zalesak,circular,50,0.2,rescue,corner_arc_corner_triplet,25,2299,0,0,0,0,0,0,2279,0,0,0,0,0,0,0,0,0
setting,zalesak,circular,50,0.2,rescue,curved_corner_loop,25,2299,0,0,0,0,0,0,2279,0,0,0,0,0,0,0,0,0
setting,zalesak,circular,50,0.2,rescue,curved_corner_transition,25,2299,0,0,0,0,0,0,2279,0,0,0,0,0,0,0,0,0
setting,zalesak,circular,50,0.2,rescue,exact_linear_support,25,2299,0,0,0,0,0,0,2279,0,0,0,0,0,0,0,0,0
setting,zalesak,circular,50,0.3,construction_path,direct_fit,25,2347,2289,2289,0,0.97528760119301239,0.97528760119301239,0,2321,2289,2289,0,0.98621283929340797,0.98621283929340797,0,0,0,0
setting,zalesak,circular,50,0.3,construction_path,merged,25,2347,51,51,0,0.021729867916489135,0.021729867916489135,0,2321,25,25,0,0.010771219302024989,0.010771219302024989,0,0,0,0
setting,zalesak,circular,50,0.3,construction_path,plic_fallback,25,2347,7,7,0,0.0029825308904985089,0.0029825308904985089,0,2321,7,7,0,0.0030159414045669969,0.0030159414045669969,0,0,0,0
setting,zalesak,circular,50,0.3,final_facet,circular,25,2347,1663,1661,-2,0.70856412441414574,0.70771197273114617,-0.000852151682999569,2321,1643,1642,-1,0.70788453252908234,0.70745368375700124,-0.00043084877208110495,0,0,0
setting,zalesak,circular,50,0.3,final_facet,curved_corner,25,2347,0,0,0,0,0,0,2321,0,0,0,0,0,0,0,0,0
setting,zalesak,circular,50,0.3,final_facet,linear,25,2347,684,686,2,0.29143587558585426,0.29228802726885383,0.000852151682999569,2321,678,679,1,0.29211546747091771,0.29254631624299871,0.00043084877208099392,0,0,0
setting,zalesak,circular,50,0.3,final_facet,linear_corner,25,2347,0,0,0,0,0,0,2321,0,0,0,0,0,0,0,0,0
setting,zalesak,circular,50,0.3,merge,independent,25,2347,2296,2296,0,0.97827013208351088,0.97827013208351088,0,2321,2296,2296,0,0.98922878069797504,0.98922878069797504,0,0,0,0
setting,zalesak,circular,50,0.3,merge,merged,25,2347,51,51,0,0.021729867916489135,0.021729867916489135,0,2321,25,25,0,0.010771219302024989,0.010771219302024989,0,0,0,0
setting,zalesak,circular,50,0.3,orientation_status,oriented,25,2347,2340,2340,0,0.99701746910950151,0.99701746910950151,0,2321,0,0,0,0,0,0,0,0,0
setting,zalesak,circular,50,0.3,orientation_status,unresolved_or_deadend,25,2347,7,7,0,0.0029825308904985089,0.0029825308904985089,0,2321,0,0,0,0,0,0,0,0,0
setting,zalesak,circular,50,0.3,plic_fallback_policy,ELVIRA,25,2347,0,0,0,0,0,0,2321,0,0,0,0,0,0,0,0,0
setting,zalesak,circular,50,0.3,plic_fallback_policy,LVIRA,25,2347,7,7,0,0.0029825308904985089,0.0029825308904985089,0,2321,7,7,0,0.0030159414045669969,0.0030159414045669969,0,7,7,0
setting,zalesak,circular,50,0.3,plic_fallback_policy,Youngs,25,2347,0,0,0,0,0,0,2321,0,0,0,0,0,0,0,0,0
setting,zalesak,circular,50,0.3,rescue,corner_arc_corner_triplet,25,2347,0,0,0,0,0,0,2321,0,0,0,0,0,0,0,0,0
setting,zalesak,circular,50,0.3,rescue,curved_corner_loop,25,2347,0,0,0,0,0,0,2321,0,0,0,0,0,0,0,0,0
setting,zalesak,circular,50,0.3,rescue,curved_corner_transition,25,2347,0,0,0,0,0,0,2321,0,0,0,0,0,0,0,0,0
setting,zalesak,circular,50,0.3,rescue,exact_linear_support,25,2347,0,0,0,0,0,0,2321,0,0,0,0,0,0,0,0,0
setting,zalesak,circular,64,0,construction_path,direct_fit,25,2905,2867,2867,0,0.98691910499139412,0.98691910499139412,0,2886,2867,2867,0,0.99341649341649341,0.99341649341649341,0,0,0,0
setting,zalesak,circular,64,0,construction_path,merged,25,2905,38,38,0,0.013080895008605853,0.013080895008605853,0,2886,19,19,0,0.0065835065835065836,0.0065835065835065836,0,0,0,0
setting,zalesak,circular,64,0,construction_path,plic_fallback,25,2905,0,0,0,0,0,0,2886,0,0,0,0,0,0,0,0,0
setting,zalesak,circular,64,0,final_facet,circular,25,2905,2023,2023,0,0.69638554216867465,0.69638554216867465,0,2886,2005,2005,0,0.69473319473319473,0.69473319473319473,0,0,0,0
setting,zalesak,circular,64,0,final_facet,curved_corner,25,2905,0,0,0,0,0,0,2886,0,0,0,0,0,0,0,0,0
setting,zalesak,circular,64,0,final_facet,linear,25,2905,882,882,0,0.30361445783132529,0.30361445783132529,0,2886,881,881,0,0.30526680526680527,0.30526680526680527,0,0,0,0
setting,zalesak,circular,64,0,final_facet,linear_corner,25,2905,0,0,0,0,0,0,2886,0,0,0,0,0,0,0,0,0
setting,zalesak,circular,64,0,merge,independent,25,2905,2867,2867,0,0.98691910499139412,0.98691910499139412,0,2886,2867,2867,0,0.99341649341649341,0.99341649341649341,0,0,0,0
setting,zalesak,circular,64,0,merge,merged,25,2905,38,38,0,0.013080895008605853,0.013080895008605853,0,2886,19,19,0,0.0065835065835065836,0.0065835065835065836,0,0,0,0
setting,zalesak,circular,64,0,orientation_status,oriented,25,2905,2905,2905,0,1,1,0,2886,0,0,0,0,0,0,0,0,0
setting,zalesak,circular,64,0,orientation_status,unresolved_or_deadend,25,2905,0,0,0,0,0,0,2886,0,0,0,0,0,0,0,0,0
setting,zalesak,circular,64,0,plic_fallback_policy,ELVIRA,25,2905,0,0,0,0,0,0,2886,0,0,0,0,0,0,0,0,0
setting,zalesak,circular,64,0,plic_fallback_policy,LVIRA,25,2905,0,0,0,0,0,0,2886,0,0,0,0,0,0,0,0,0
setting,zalesak,circular,64,0,plic_fallback_policy,Youngs,25,2905,0,0,0,0,0,0,2886,0,0,0,0,0,0,0,0,0
setting,zalesak,circular,64,0,rescue,corner_arc_corner_triplet,25,2905,0,0,0,0,0,0,2886,0,0,0,0,0,0,0,0,0
setting,zalesak,circular,64,0,rescue,curved_corner_loop,25,2905,0,0,0,0,0,0,2886,0,0,0,0,0,0,0,0,0
setting,zalesak,circular,64,0,rescue,curved_corner_transition,25,2905,0,0,0,0,0,0,2886,0,0,0,0,0,0,0,0,0
setting,zalesak,circular,64,0,rescue,exact_linear_support,25,2905,0,0,0,0,0,0,2886,0,0,0,0,0,0,0,0,0
setting,zalesak,circular,64,0.05,construction_path,direct_fit,25,2906,2862,2862,0,0.98485891259463176,0.98485891259463176,0,2884,2862,2862,0,0.99237170596393898,0.99237170596393898,0,0,0,0
setting,zalesak,circular,64,0.05,construction_path,merged,25,2906,44,44,0,0.015141087405368204,0.015141087405368204,0,2884,22,22,0,0.0076282940360610264,0.0076282940360610264,0,0,0,0
setting,zalesak,circular,64,0.05,construction_path,plic_fallback,25,2906,0,0,0,0,0,0,2884,0,0,0,0,0,0,0,0,0
setting,zalesak,circular,64,0.05,final_facet,circular,25,2906,2026,2026,0,0.69717825189263594,0.69717825189263594,0,2884,2004,2004,0,0.69486823855755897,0.69486823855755897,0,0,0,0
setting,zalesak,circular,64,0.05,final_facet,curved_corner,25,2906,0,0,0,0,0,0,2884,0,0,0,0,0,0,0,0,0
setting,zalesak,circular,64,0.05,final_facet,linear,25,2906,880,880,0,0.30282174810736406,0.30282174810736406,0,2884,880,880,0,0.30513176144244103,0.30513176144244103,0,0,0,0
setting,zalesak,circular,64,0.05,final_facet,linear_corner,25,2906,0,0,0,0,0,0,2884,0,0,0,0,0,0,0,0,0
setting,zalesak,circular,64,0.05,merge,independent,25,2906,2862,2862,0,0.98485891259463176,0.98485891259463176,0,2884,2862,2862,0,0.99237170596393898,0.99237170596393898,0,0,0,0
setting,zalesak,circular,64,0.05,merge,merged,25,2906,44,44,0,0.015141087405368204,0.015141087405368204,0,2884,22,22,0,0.0076282940360610264,0.0076282940360610264,0,0,0,0
setting,zalesak,circular,64,0.05,orientation_status,oriented,25,2906,2906,2906,0,1,1,0,2884,0,0,0,0,0,0,0,0,0
setting,zalesak,circular,64,0.05,orientation_status,unresolved_or_deadend,25,2906,0,0,0,0,0,0,2884,0,0,0,0,0,0,0,0,0
setting,zalesak,circular,64,0.05,plic_fallback_policy,ELVIRA,25,2906,0,0,0,0,0,0,2884,0,0,0,0,0,0,0,0,0
setting,zalesak,circular,64,0.05,plic_fallback_policy,LVIRA,25,2906,0,0,0,0,0,0,2884,0,0,0,0,0,0,0,0,0
setting,zalesak,circular,64,0.05,plic_fallback_policy,Youngs,25,2906,0,0,0,0,0,0,2884,0,0,0,0,0,0,0,0,0
setting,zalesak,circular,64,0.05,rescue,corner_arc_corner_triplet,25,2906,0,0,0,0,0,0,2884,0,0,0,0,0,0,0,0,0
setting,zalesak,circular,64,0.05,rescue,curved_corner_loop,25,2906,0,0,0,0,0,0,2884,0,0,0,0,0,0,0,0,0
setting,zalesak,circular,64,0.05,rescue,curved_corner_transition,25,2906,0,0,0,0,0,0,2884,0,0,0,0,0,0,0,0,0
setting,zalesak,circular,64,0.05,rescue,exact_linear_support,25,2906,0,0,0,0,0,0,2884,0,0,0,0,0,0,0,0,0
setting,zalesak,circular,64,0.1,construction_path,direct_fit,25,2913,2871,2871,0,0.98558187435633371,0.98558187435633371,0,2892,2871,2871,0,0.99273858921161828,0.99273858921161828,0,0,0,0
setting,zalesak,circular,64,0.1,construction_path,merged,25,2913,42,42,0,0.014418125643666324,0.014418125643666324,0,2892,21,21,0,0.007261410788381743,0.007261410788381743,0,0,0,0
setting,zalesak,circular,64,0.1,construction_path,plic_fallback,25,2913,0,0,0,0,0,0,2892,0,0,0,0,0,0,0,0,0
setting,zalesak,circular,64,0.1,final_facet,circular,25,2913,2033,2032,-1,0.69790593889461039,0.69756265018880881,-0.000343288705801581,2892,2012,2011,-1,0.69571230982019361,0.69536652835408019,-0.00034578146611341509,0,0,0
setting,zalesak,circular,64,0.1,final_facet,curved_corner,25,2913,0,0,0,0,0,0,2892,0,0,0,0,0,0,0,0,0
setting,zalesak,circular,64,0.1,final_facet,linear,25,2913,880,881,1,0.30209406110538961,0.30243734981119119,0.000343288705801581,2892,880,881,1,0.30428769017980634,0.30463347164591975,0.00034578146611341509,0,0,0
setting,zalesak,circular,64,0.1,final_facet,linear_corner,25,2913,0,0,0,0,0,0,2892,0,0,0,0,0,0,0,0,0
setting,zalesak,circular,64,0.1,merge,independent,25,2913,2871,2871,0,0.98558187435633371,0.98558187435633371,0,2892,2871,2871,0,0.99273858921161828,0.99273858921161828,0,0,0,0
setting,zalesak,circular,64,0.1,merge,merged,25,2913,42,42,0,0.014418125643666324,0.014418125643666324,0,2892,21,21,0,0.007261410788381743,0.007261410788381743,0,0,0,0
setting,zalesak,circular,64,0.1,orientation_status,oriented,25,2913,2913,2913,0,1,1,0,2892,0,0,0,0,0,0,0,0,0
setting,zalesak,circular,64,0.1,orientation_status,unresolved_or_deadend,25,2913,0,0,0,0,0,0,2892,0,0,0,0,0,0,0,0,0
setting,zalesak,circular,64,0.1,plic_fallback_policy,ELVIRA,25,2913,0,0,0,0,0,0,2892,0,0,0,0,0,0,0,0,0
setting,zalesak,circular,64,0.1,plic_fallback_policy,LVIRA,25,2913,0,0,0,0,0,0,2892,0,0,0,0,0,0,0,0,0
setting,zalesak,circular,64,0.1,plic_fallback_policy,Youngs,25,2913,0,0,0,0,0,0,2892,0,0,0,0,0,0,0,0,0
setting,zalesak,circular,64,0.1,rescue,corner_arc_corner_triplet,25,2913,0,0,0,0,0,0,2892,0,0,0,0,0,0,0,0,0
setting,zalesak,circular,64,0.1,rescue,curved_corner_loop,25,2913,0,0,0,0,0,0,2892,0,0,0,0,0,0,0,0,0
setting,zalesak,circular,64,0.1,rescue,curved_corner_transition,25,2913,0,0,0,0,0,0,2892,0,0,0,0,0,0,0,0,0
setting,zalesak,circular,64,0.1,rescue,exact_linear_support,25,2913,0,0,0,0,0,0,2892,0,0,0,0,0,0,0,0,0
setting,zalesak,circular,64,0.2,construction_path,direct_fit,25,2951,2901,2901,0,0.98305659098610643,0.98305659098610643,0,2926,2901,2901,0,0.99145591250854403,0.99145591250854403,0,0,0,0
setting,zalesak,circular,64,0.2,construction_path,merged,25,2951,50,50,0,0.016943409013893594,0.016943409013893594,0,2926,25,25,0,0.008544087491455913,0.008544087491455913,0,0,0,0
setting,zalesak,circular,64,0.2,construction_path,plic_fallback,25,2951,0,0,0,0,0,0,2926,0,0,0,0,0,0,0,0,0
setting,zalesak,circular,64,0.2,final_facet,circular,25,2951,2043,2043,0,0.69230769230769229,0.69230769230769229,0,2926,2022,2022,0,0.69104579630895424,0.69104579630895424,0,0,0,0
setting,zalesak,circular,64,0.2,final_facet,curved_corner,25,2951,0,0,0,0,0,0,2926,0,0,0,0,0,0,0,0,0
setting,zalesak,circular,64,0.2,final_facet,linear,25,2951,908,908,0,0.30769230769230771,0.30769230769230771,0,2926,904,904,0,0.30895420369104581,0.30895420369104581,0,0,0,0
setting,zalesak,circular,64,0.2,final_facet,linear_corner,25,2951,0,0,0,0,0,0,2926,0,0,0,0,0,0,0,0,0
setting,zalesak,circular,64,0.2,merge,independent,25,2951,2901,2901,0,0.98305659098610643,0.98305659098610643,0,2926,2901,2901,0,0.99145591250854403,0.99145591250854403,0,0,0,0
setting,zalesak,circular,64,0.2,merge,merged,25,2951,50,50,0,0.016943409013893594,0.016943409013893594,0,2926,25,25,0,0.008544087491455913,0.008544087491455913,0,0,0,0
setting,zalesak,circular,64,0.2,orientation_status,oriented,25,2951,2951,2951,0,1,1,0,2926,0,0,0,0,0,0,0,0,0
setting,zalesak,circular,64,0.2,orientation_status,unresolved_or_deadend,25,2951,0,0,0,0,0,0,2926,0,0,0,0,0,0,0,0,0
setting,zalesak,circular,64,0.2,plic_fallback_policy,ELVIRA,25,2951,0,0,0,0,0,0,2926,0,0,0,0,0,0,0,0,0
setting,zalesak,circular,64,0.2,plic_fallback_policy,LVIRA,25,2951,0,0,0,0,0,0,2926,0,0,0,0,0,0,0,0,0
setting,zalesak,circular,64,0.2,plic_fallback_policy,Youngs,25,2951,0,0,0,0,0,0,2926,0,0,0,0,0,0,0,0,0
setting,zalesak,circular,64,0.2,rescue,corner_arc_corner_triplet,25,2951,0,0,0,0,0,0,2926,0,0,0,0,0,0,0,0,0
setting,zalesak,circular,64,0.2,rescue,curved_corner_loop,25,2951,0,0,0,0,0,0,2926,0,0,0,0,0,0,0,0,0
setting,zalesak,circular,64,0.2,rescue,curved_corner_transition,25,2951,0,0,0,0,0,0,2926,0,0,0,0,0,0,0,0,0
setting,zalesak,circular,64,0.2,rescue,exact_linear_support,25,2951,0,0,0,0,0,0,2926,0,0,0,0,0,0,0,0,0
setting,zalesak,circular,64,0.3,construction_path,direct_fit,25,2985,2935,2935,0,0.98324958123953099,0.98324958123953099,0,2960,2935,2935,0,0.99155405405405406,0.99155405405405406,0,0,0,0
setting,zalesak,circular,64,0.3,construction_path,merged,25,2985,50,50,0,0.01675041876046901,0.01675041876046901,0,2960,25,25,0,0.0084459459459459464,0.0084459459459459464,0,0,0,0
setting,zalesak,circular,64,0.3,construction_path,plic_fallback,25,2985,0,0,0,0,0,0,2960,0,0,0,0,0,0,0,0,0
setting,zalesak,circular,64,0.3,final_facet,circular,25,2985,2070,2070,0,0.69346733668341709,0.69346733668341709,0,2960,2048,2048,0,0.69189189189189193,0.69189189189189193,0,0,0,0
setting,zalesak,circular,64,0.3,final_facet,curved_corner,25,2985,0,0,0,0,0,0,2960,0,0,0,0,0,0,0,0,0
setting,zalesak,circular,64,0.3,final_facet,linear,25,2985,915,915,0,0.30653266331658291,0.30653266331658291,0,2960,912,912,0,0.30810810810810813,0.30810810810810813,0,0,0,0
setting,zalesak,circular,64,0.3,final_facet,linear_corner,25,2985,0,0,0,0,0,0,2960,0,0,0,0,0,0,0,0,0
setting,zalesak,circular,64,0.3,merge,independent,25,2985,2935,2935,0,0.98324958123953099,0.98324958123953099,0,2960,2935,2935,0,0.99155405405405406,0.99155405405405406,0,0,0,0
setting,zalesak,circular,64,0.3,merge,merged,25,2985,50,50,0,0.01675041876046901,0.01675041876046901,0,2960,25,25,0,0.0084459459459459464,0.0084459459459459464,0,0,0,0
setting,zalesak,circular,64,0.3,orientation_status,oriented,25,2985,2985,2985,0,1,1,0,2960,0,0,0,0,0,0,0,0,0
setting,zalesak,circular,64,0.3,orientation_status,unresolved_or_deadend,25,2985,0,0,0,0,0,0,2960,0,0,0,0,0,0,0,0,0
setting,zalesak,circular,64,0.3,plic_fallback_policy,ELVIRA,25,2985,0,0,0,0,0,0,2960,0,0,0,0,0,0,0,0,0
setting,zalesak,circular,64,0.3,plic_fallback_policy,LVIRA,25,2985,0,0,0,0,0,0,2960,0,0,0,0,0,0,0,0,0
setting,zalesak,circular,64,0.3,plic_fallback_policy,Youngs,25,2985,0,0,0,0,0,0,2960,0,0,0,0,0,0,0,0,0
setting,zalesak,circular,64,0.3,rescue,corner_arc_corner_triplet,25,2985,0,0,0,0,0,0,2960,0,0,0,0,0,0,0,0,0
setting,zalesak,circular,64,0.3,rescue,curved_corner_loop,25,2985,0,0,0,0,0,0,2960,0,0,0,0,0,0,0,0,0
setting,zalesak,circular,64,0.3,rescue,curved_corner_transition,25,2985,0,0,0,0,0,0,2960,0,0,0,0,0,0,0,0,0
setting,zalesak,circular,64,0.3,rescue,exact_linear_support,25,2985,0,0,0,0,0,0,2960,0,0,0,0,0,0,0,0,0
setting,zalesak,circular+corner,100,0,construction_path,direct_fit,25,4545,4511,4511,0,0.99251925192519252,0.99251925192519252,0,4528,4511,4511,0,0.99624558303886923,0.99624558303886923,0,0,0,0
setting,zalesak,circular+corner,100,0,construction_path,merged,25,4545,34,34,0,0.0074807480748074811,0.0074807480748074811,0,4528,17,17,0,0.0037544169611307418,0.0037544169611307418,0,0,0,0
setting,zalesak,circular+corner,100,0,construction_path,plic_fallback,25,4545,0,0,0,0,0,0,4528,0,0,0,0,0,0,0,0,0
setting,zalesak,circular+corner,100,0,final_facet,circular,25,4545,2710,2710,0,0.5962596259625963,0.5962596259625963,0,4528,2710,2710,0,0.59849823321554774,0.59849823321554774,0,0,0,0
setting,zalesak,circular+corner,100,0,final_facet,curved_corner,25,4545,253,253,0,0.055665566556655666,0.055665566556655666,0,4528,243,243,0,0.053666077738515901,0.053666077738515901,0,0,0,0
setting,zalesak,circular+corner,100,0,final_facet,linear,25,4545,1425,1425,0,0.31353135313531355,0.31353135313531355,0,4528,1425,1425,0,0.31470848056537104,0.31470848056537104,0,0,0,0
setting,zalesak,circular+corner,100,0,final_facet,linear_corner,25,4545,157,157,0,0.034543454345434543,0.034543454345434543,0,4528,150,150,0,0.03312720848056537,0.03312720848056537,0,0,0,0
setting,zalesak,circular+corner,100,0,merge,independent,25,4545,4511,4511,0,0.99251925192519252,0.99251925192519252,0,4528,4511,4511,0,0.99624558303886923,0.99624558303886923,0,0,0,0
setting,zalesak,circular+corner,100,0,merge,merged,25,4545,34,34,0,0.0074807480748074811,0.0074807480748074811,0,4528,17,17,0,0.0037544169611307418,0.0037544169611307418,0,0,0,0
setting,zalesak,circular+corner,100,0,orientation_status,oriented,25,4545,4545,4545,0,1,1,0,4528,0,0,0,0,0,0,0,0,0
setting,zalesak,circular+corner,100,0,orientation_status,unresolved_or_deadend,25,4545,0,0,0,0,0,0,4528,0,0,0,0,0,0,0,0,0
setting,zalesak,circular+corner,100,0,plic_fallback_policy,ELVIRA,25,4545,0,0,0,0,0,0,4528,0,0,0,0,0,0,0,0,0
setting,zalesak,circular+corner,100,0,plic_fallback_policy,LVIRA,25,4545,0,0,0,0,0,0,4528,0,0,0,0,0,0,0,0,0
setting,zalesak,circular+corner,100,0,plic_fallback_policy,Youngs,25,4545,0,0,0,0,0,0,4528,0,0,0,0,0,0,0,0,0
setting,zalesak,circular+corner,100,0,rescue,corner_arc_corner_triplet,25,4545,0,0,0,0,0,0,4528,0,0,0,0,0,0,0,0,0
setting,zalesak,circular+corner,100,0,rescue,curved_corner_loop,25,4545,0,0,0,0,0,0,4528,0,0,0,0,0,0,0,0,0
setting,zalesak,circular+corner,100,0,rescue,curved_corner_transition,25,4545,0,0,0,0,0,0,4528,0,0,0,0,0,0,0,0,0
setting,zalesak,circular+corner,100,0,rescue,exact_linear_support,25,4545,1,1,0,0.00022002200220022002,0.00022002200220022002,0,4528,1,1,0,0.00022084805653710247,0.00022084805653710247,0,1,1,0
setting,zalesak,circular+corner,100,0.05,construction_path,direct_fit,25,4549,4519,4519,0,0.99340514398768964,0.99340514398768964,0,4534,4519,4519,0,0.99669166299073664,0.99669166299073664,0,0,0,0
setting,zalesak,circular+corner,100,0.05,construction_path,merged,25,4549,30,30,0,0.006594856012310398,0.006594856012310398,0,4534,15,15,0,0.0033083370092633437,0.0033083370092633437,0,0,0,0
setting,zalesak,circular+corner,100,0.05,construction_path,plic_fallback,25,4549,0,0,0,0,0,0,4534,0,0,0,0,0,0,0,0,0
setting,zalesak,circular+corner,100,0.05,final_facet,circular,25,4549,2716,2716,0,0.59705429764783469,0.59705429764783469,0,4534,2716,2716,0,0.59902955447728279,0.59902955447728279,0,0,0,0
setting,zalesak,circular+corner,100,0.05,final_facet,curved_corner,25,4549,255,255,0,0.056056276104638383,0.056056276104638383,0,4534,246,246,0,0.054256726951918834,0.054256726951918834,0,0,0,0
setting,zalesak,circular+corner,100,0.05,final_facet,linear,25,4549,1423,1423,0,0.31281600351725652,0.31281600351725652,0,4534,1423,1423,0,0.31385090427878254,0.31385090427878254,0,0,0,0
setting,zalesak,circular+corner,100,0.05,final_facet,linear_corner,25,4549,155,155,0,0.034073422730270392,0.034073422730270392,0,4534,149,149,0,0.032862814292015881,0.032862814292015881,0,0,0,0
setting,zalesak,circular+corner,100,0.05,merge,independent,25,4549,4519,4519,0,0.99340514398768964,0.99340514398768964,0,4534,4519,4519,0,0.99669166299073664,0.99669166299073664,0,0,0,0
setting,zalesak,circular+corner,100,0.05,merge,merged,25,4549,30,30,0,0.006594856012310398,0.006594856012310398,0,4534,15,15,0,0.0033083370092633437,0.0033083370092633437,0,0,0,0
setting,zalesak,circular+corner,100,0.05,orientation_status,oriented,25,4549,4549,4549,0,1,1,0,4534,0,0,0,0,0,0,0,0,0
setting,zalesak,circular+corner,100,0.05,orientation_status,unresolved_or_deadend,25,4549,0,0,0,0,0,0,4534,0,0,0,0,0,0,0,0,0
setting,zalesak,circular+corner,100,0.05,plic_fallback_policy,ELVIRA,25,4549,0,0,0,0,0,0,4534,0,0,0,0,0,0,0,0,0
setting,zalesak,circular+corner,100,0.05,plic_fallback_policy,LVIRA,25,4549,0,0,0,0,0,0,4534,0,0,0,0,0,0,0,0,0
setting,zalesak,circular+corner,100,0.05,plic_fallback_policy,Youngs,25,4549,0,0,0,0,0,0,4534,0,0,0,0,0,0,0,0,0
setting,zalesak,circular+corner,100,0.05,rescue,corner_arc_corner_triplet,25,4549,0,0,0,0,0,0,4534,0,0,0,0,0,0,0,0,0
setting,zalesak,circular+corner,100,0.05,rescue,curved_corner_loop,25,4549,0,0,0,0,0,0,4534,0,0,0,0,0,0,0,0,0
setting,zalesak,circular+corner,100,0.05,rescue,curved_corner_transition,25,4549,0,0,0,0,0,0,4534,0,0,0,0,0,0,0,0,0
setting,zalesak,circular+corner,100,0.05,rescue,exact_linear_support,25,4549,0,0,0,0,0,0,4534,0,0,0,0,0,0,0,0,0
setting,zalesak,circular+corner,100,0.1,construction_path,direct_fit,25,4576,4548,4548,0,0.99388111888111885,0.99388111888111885,0,4562,4548,4548,0,0.99693117053923719,0.99693117053923719,0,0,0,0
setting,zalesak,circular+corner,100,0.1,construction_path,merged,25,4576,28,28,0,0.006118881118881119,0.006118881118881119,0,4562,14,14,0,0.0030688294607628232,0.0030688294607628232,0,0,0,0
setting,zalesak,circular+corner,100,0.1,construction_path,plic_fallback,25,4576,0,0,0,0,0,0,4562,0,0,0,0,0,0,0,0,0
setting,zalesak,circular+corner,100,0.1,final_facet,circular,25,4576,2731,2731,0,0.59680944055944052,0.59680944055944052,0,4562,2731,2731,0,0.59864094695309078,0.59864094695309078,0,0,0,0
setting,zalesak,circular+corner,100,0.1,final_facet,curved_corner,25,4576,252,252,0,0.055069930069930072,0.055069930069930072,0,4562,244,244,0,0.053485313459009205,0.053485313459009205,0,0,0,0
setting,zalesak,circular+corner,100,0.1,final_facet,linear,25,4576,1437,1437,0,0.31402972027972026,0.31402972027972026,0,4562,1437,1437,0,0.3149934239368698,0.3149934239368698,0,0,0,0
setting,zalesak,circular+corner,100,0.1,final_facet,linear_corner,25,4576,156,156,0,0.034090909090909088,0.034090909090909088,0,4562,150,150,0,0.032880315651030251,0.032880315651030251,0,0,0,0
setting,zalesak,circular+corner,100,0.1,merge,independent,25,4576,4548,4548,0,0.99388111888111885,0.99388111888111885,0,4562,4548,4548,0,0.99693117053923719,0.99693117053923719,0,0,0,0
setting,zalesak,circular+corner,100,0.1,merge,merged,25,4576,28,28,0,0.006118881118881119,0.006118881118881119,0,4562,14,14,0,0.0030688294607628232,0.0030688294607628232,0,0,0,0
setting,zalesak,circular+corner,100,0.1,orientation_status,oriented,25,4576,4576,4576,0,1,1,0,4562,0,0,0,0,0,0,0,0,0
setting,zalesak,circular+corner,100,0.1,orientation_status,unresolved_or_deadend,25,4576,0,0,0,0,0,0,4562,0,0,0,0,0,0,0,0,0
setting,zalesak,circular+corner,100,0.1,plic_fallback_policy,ELVIRA,25,4576,0,0,0,0,0,0,4562,0,0,0,0,0,0,0,0,0
setting,zalesak,circular+corner,100,0.1,plic_fallback_policy,LVIRA,25,4576,0,0,0,0,0,0,4562,0,0,0,0,0,0,0,0,0
setting,zalesak,circular+corner,100,0.1,plic_fallback_policy,Youngs,25,4576,0,0,0,0,0,0,4562,0,0,0,0,0,0,0,0,0
setting,zalesak,circular+corner,100,0.1,rescue,corner_arc_corner_triplet,25,4576,0,0,0,0,0,0,4562,0,0,0,0,0,0,0,0,0
setting,zalesak,circular+corner,100,0.1,rescue,curved_corner_loop,25,4576,0,0,0,0,0,0,4562,0,0,0,0,0,0,0,0,0
setting,zalesak,circular+corner,100,0.1,rescue,curved_corner_transition,25,4576,0,0,0,0,0,0,4562,0,0,0,0,0,0,0,0,0
setting,zalesak,circular+corner,100,0.1,rescue,exact_linear_support,25,4576,0,0,0,0,0,0,4562,0,0,0,0,0,0,0,0,0
setting,zalesak,circular+corner,100,0.2,construction_path,direct_fit,25,4630,4593,4593,0,0.9920086393088553,0.9920086393088553,0,4613,4593,4593,0,0.99566442662042054,0.99566442662042054,0,0,0,0
setting,zalesak,circular+corner,100,0.2,construction_path,merged,25,4630,34,34,0,0.00734341252699784,0.00734341252699784,0,4613,17,17,0,0.0036852373726425319,0.0036852373726425319,0,0,0,0
setting,zalesak,circular+corner,100,0.2,construction_path,plic_fallback,25,4630,3,3,0,0.00064794816414686827,0.00064794816414686827,0,4613,3,3,0,0.00065033600693691746,0.00065033600693691746,0,0,0,0
setting,zalesak,circular+corner,100,0.2,final_facet,circular,25,4630,2767,2767,0,0.59762419006479484,0.59762419006479484,0,4613,2767,2767,0,0.59982657706481679,0.59982657706481679,0,0,0,0
setting,zalesak,circular+corner,100,0.2,final_facet,curved_corner,25,4630,247,247,0,0.053347732181425488,0.053347732181425488,0,4613,239,239,0,0.051810101885974423,0.051810101885974423,0,0,0,0
setting,zalesak,circular+corner,100,0.2,final_facet,linear,25,4630,1453,1453,0,0.31382289416846654,0.31382289416846654,0,4613,1453,1453,0,0.31497940602644697,0.31497940602644697,0,0,0,0
setting,zalesak,circular+corner,100,0.2,final_facet,linear_corner,25,4630,163,163,0,0.035205183585313174,0.035205183585313174,0,4613,154,154,0,0.033383915022761758,0.033383915022761758,0,0,0,0
setting,zalesak,circular+corner,100,0.2,merge,independent,25,4630,4596,4596,0,0.99265658747300212,0.99265658747300212,0,4613,4596,4596,0,0.99631476262735752,0.99631476262735752,0,0,0,0
setting,zalesak,circular+corner,100,0.2,merge,merged,25,4630,34,34,0,0.00734341252699784,0.00734341252699784,0,4613,17,17,0,0.0036852373726425319,0.0036852373726425319,0,0,0,0
setting,zalesak,circular+corner,100,0.2,orientation_status,oriented,25,4630,4627,4627,0,0.99935205183585318,0.99935205183585318,0,4613,0,0,0,0,0,0,0,0,0
setting,zalesak,circular+corner,100,0.2,orientation_status,unresolved_or_deadend,25,4630,3,3,0,0.00064794816414686827,0.00064794816414686827,0,4613,0,0,0,0,0,0,0,0,0
setting,zalesak,circular+corner,100,0.2,plic_fallback_policy,ELVIRA,25,4630,0,0,0,0,0,0,4613,0,0,0,0,0,0,0,0,0
setting,zalesak,circular+corner,100,0.2,plic_fallback_policy,LVIRA,25,4630,3,3,0,0.00064794816414686827,0.00064794816414686827,0,4613,3,3,0,0.00065033600693691746,0.00065033600693691746,0,3,3,0
setting,zalesak,circular+corner,100,0.2,plic_fallback_policy,Youngs,25,4630,0,0,0,0,0,0,4613,0,0,0,0,0,0,0,0,0
setting,zalesak,circular+corner,100,0.2,rescue,corner_arc_corner_triplet,25,4630,0,0,0,0,0,0,4613,0,0,0,0,0,0,0,0,0
setting,zalesak,circular+corner,100,0.2,rescue,curved_corner_loop,25,4630,0,0,0,0,0,0,4613,0,0,0,0,0,0,0,0,0
setting,zalesak,circular+corner,100,0.2,rescue,curved_corner_transition,25,4630,0,0,0,0,0,0,4613,0,0,0,0,0,0,0,0,0
setting,zalesak,circular+corner,100,0.2,rescue,exact_linear_support,25,4630,2,2,0,0.00043196544276457883,0.00043196544276457883,0,4613,2,2,0,0.00043355733795794494,0.00043355733795794494,0,2,2,0
setting,zalesak,circular+corner,100,0.3,construction_path,direct_fit,25,4706,4666,4666,0,0.99150021249468767,0.99150021249468767,0,4688,4666,4666,0,0.99530716723549484,0.99530716723549484,0,0,0,0
setting,zalesak,circular+corner,100,0.3,construction_path,merged,25,4706,36,36,0,0.0076498087547811301,0.0076498087547811301,0,4688,18,18,0,0.0038395904436860067,0.0038395904436860067,0,0,0,0
setting,zalesak,circular+corner,100,0.3,construction_path,plic_fallback,25,4706,4,4,0,0.0008499787505312367,0.0008499787505312367,0,4688,4,4,0,0.00085324232081911264,0.00085324232081911264,0,0,0,0
setting,zalesak,circular+corner,100,0.3,final_facet,circular,25,4706,2812,2812,0,0.59753506162345937,0.59753506162345937,0,4688,2812,2812,0,0.59982935153583616,0.59982935153583616,0,0,0,0
setting,zalesak,circular+corner,100,0.3,final_facet,curved_corner,25,4706,245,245,0,0.052061198470038247,0.052061198470038247,0,4688,237,237,0,0.050554607508532426,0.050554607508532426,0,0,0,0
setting,zalesak,circular+corner,100,0.3,final_facet,linear,25,4706,1491,1491,0,0.31682957926051847,0.31682957926051847,0,4688,1491,1491,0,0.31804607508532423,0.31804607508532423,0,0,0,0
setting,zalesak,circular+corner,100,0.3,final_facet,linear_corner,25,4706,158,158,0,0.033574160645983848,0.033574160645983848,0,4688,148,148,0,0.031569965870307165,0.031569965870307165,0,0,0,0
setting,zalesak,circular+corner,100,0.3,merge,independent,25,4706,4670,4670,0,0.99235019124521884,0.99235019124521884,0,4688,4670,4670,0,0.99616040955631402,0.99616040955631402,0,0,0,0
setting,zalesak,circular+corner,100,0.3,merge,merged,25,4706,36,36,0,0.0076498087547811301,0.0076498087547811301,0,4688,18,18,0,0.0038395904436860067,0.0038395904436860067,0,0,0,0
setting,zalesak,circular+corner,100,0.3,orientation_status,oriented,25,4706,4702,4702,0,0.99915002124946872,0.99915002124946872,0,4688,0,0,0,0,0,0,0,0,0
setting,zalesak,circular+corner,100,0.3,orientation_status,unresolved_or_deadend,25,4706,4,4,0,0.0008499787505312367,0.0008499787505312367,0,4688,0,0,0,0,0,0,0,0,0
setting,zalesak,circular+corner,100,0.3,plic_fallback_policy,ELVIRA,25,4706,0,0,0,0,0,0,4688,0,0,0,0,0,0,0,0,0
setting,zalesak,circular+corner,100,0.3,plic_fallback_policy,LVIRA,25,4706,4,4,0,0.0008499787505312367,0.0008499787505312367,0,4688,4,4,0,0.00085324232081911264,0.00085324232081911264,0,4,4,0
setting,zalesak,circular+corner,100,0.3,plic_fallback_policy,Youngs,25,4706,0,0,0,0,0,0,4688,0,0,0,0,0,0,0,0,0
setting,zalesak,circular+corner,100,0.3,rescue,corner_arc_corner_triplet,25,4706,0,0,0,0,0,0,4688,0,0,0,0,0,0,0,0,0
setting,zalesak,circular+corner,100,0.3,rescue,curved_corner_loop,25,4706,0,0,0,0,0,0,4688,0,0,0,0,0,0,0,0,0
setting,zalesak,circular+corner,100,0.3,rescue,curved_corner_transition,25,4706,0,0,0,0,0,0,4688,0,0,0,0,0,0,0,0,0
setting,zalesak,circular+corner,100,0.3,rescue,exact_linear_support,25,4706,2,2,0,0.00042498937526561835,0.00042498937526561835,0,4688,2,2,0,0.00042662116040955632,0.00042662116040955632,0,2,2,0
setting,zalesak,circular+corner,128,0,construction_path,direct_fit,25,5816,5788,5788,0,0.99518569463548834,0.99518569463548834,0,5802,5788,5788,0,0.99758703895208545,0.99758703895208545,0,0,0,0
setting,zalesak,circular+corner,128,0,construction_path,merged,25,5816,28,28,0,0.0048143053645116922,0.0048143053645116922,0,5802,14,14,0,0.0024129610479145121,0.0024129610479145121,0,0,0,0
setting,zalesak,circular+corner,128,0,construction_path,plic_fallback,25,5816,0,0,0,0,0,0,5802,0,0,0,0,0,0,0,0,0
setting,zalesak,circular+corner,128,0,final_facet,circular,25,5816,3501,3501,0,0.60196011004126548,0.60196011004126548,0,5802,3501,3501,0,0.60341261633919341,0.60341261633919341,0,0,0,0
setting,zalesak,circular+corner,128,0,final_facet,curved_corner,25,5816,247,247,0,0.042469050894085279,0.042469050894085279,0,5802,242,242,0,0.041709755256808,0.041709755256808,0,0,0,0
setting,zalesak,circular+corner,128,0,final_facet,linear,25,5816,1909,1909,0,0.32823246217331498,0.32823246217331498,0,5802,1909,1909,0,0.32902447431920029,0.32902447431920029,0,0,0,0
setting,zalesak,circular+corner,128,0,final_facet,linear_corner,25,5816,159,159,0,0.027338376891334251,0.027338376891334251,0,5802,150,150,0,0.025853154084798345,0.025853154084798345,0,0,0,0
setting,zalesak,circular+corner,128,0,merge,independent,25,5816,5788,5788,0,0.99518569463548834,0.99518569463548834,0,5802,5788,5788,0,0.99758703895208545,0.99758703895208545,0,0,0,0
setting,zalesak,circular+corner,128,0,merge,merged,25,5816,28,28,0,0.0048143053645116922,0.0048143053645116922,0,5802,14,14,0,0.0024129610479145121,0.0024129610479145121,0,0,0,0
setting,zalesak,circular+corner,128,0,orientation_status,oriented,25,5816,5816,5816,0,1,1,0,5802,0,0,0,0,0,0,0,0,0
setting,zalesak,circular+corner,128,0,orientation_status,unresolved_or_deadend,25,5816,0,0,0,0,0,0,5802,0,0,0,0,0,0,0,0,0
setting,zalesak,circular+corner,128,0,plic_fallback_policy,ELVIRA,25,5816,0,0,0,0,0,0,5802,0,0,0,0,0,0,0,0,0
setting,zalesak,circular+corner,128,0,plic_fallback_policy,LVIRA,25,5816,0,0,0,0,0,0,5802,0,0,0,0,0,0,0,0,0
setting,zalesak,circular+corner,128,0,plic_fallback_policy,Youngs,25,5816,0,0,0,0,0,0,5802,0,0,0,0,0,0,0,0,0
setting,zalesak,circular+corner,128,0,rescue,corner_arc_corner_triplet,25,5816,0,0,0,0,0,0,5802,0,0,0,0,0,0,0,0,0
setting,zalesak,circular+corner,128,0,rescue,curved_corner_loop,25,5816,0,0,0,0,0,0,5802,0,0,0,0,0,0,0,0,0
setting,zalesak,circular+corner,128,0,rescue,curved_corner_transition,25,5816,0,0,0,0,0,0,5802,0,0,0,0,0,0,0,0,0
setting,zalesak,circular+corner,128,0,rescue,exact_linear_support,25,5816,0,0,0,0,0,0,5802,0,0,0,0,0,0,0,0,0
setting,zalesak,circular+corner,128,0.05,construction_path,direct_fit,25,5823,5797,5797,0,0.99553494762150097,0.99553494762150097,0,5810,5797,5797,0,0.99776247848537003,0.99776247848537003,0,0,0,0
setting,zalesak,circular+corner,128,0.05,construction_path,merged,25,5823,26,26,0,0.0044650523784990556,0.0044650523784990556,0,5810,13,13,0,0.0022375215146299482,0.0022375215146299482,0,0,0,0
setting,zalesak,circular+corner,128,0.05,construction_path,plic_fallback,25,5823,0,0,0,0,0,0,5810,0,0,0,0,0,0,0,0,0
setting,zalesak,circular+corner,128,0.05,final_facet,circular,25,5823,3506,3506,0,0.60209513996221875,0.60209513996221875,0,5810,3506,3506,0,0.60344234079173842,0.60344234079173842,0,0,0,0
setting,zalesak,circular+corner,128,0.05,final_facet,curved_corner,25,5823,251,251,0,0.043104928730894727,0.043104928730894727,0,5810,245,245,0,0.042168674698795178,0.042168674698795178,0,0,0,0
setting,zalesak,circular+corner,128,0.05,final_facet,linear,25,5823,1909,1909,0,0.32783788425210375,0.32783788425210375,0,5810,1909,1909,0,0.32857142857142857,0.32857142857142857,0,0,0,0
setting,zalesak,circular+corner,128,0.05,final_facet,linear_corner,25,5823,157,157,0,0.026962047054782758,0.026962047054782758,0,5810,150,150,0,0.025817555938037865,0.025817555938037865,0,0,0,0
setting,zalesak,circular+corner,128,0.05,merge,independent,25,5823,5797,5797,0,0.99553494762150097,0.99553494762150097,0,5810,5797,5797,0,0.99776247848537003,0.99776247848537003,0,0,0,0
setting,zalesak,circular+corner,128,0.05,merge,merged,25,5823,26,26,0,0.0044650523784990556,0.0044650523784990556,0,5810,13,13,0,0.0022375215146299482,0.0022375215146299482,0,0,0,0
setting,zalesak,circular+corner,128,0.05,orientation_status,oriented,25,5823,5823,5823,0,1,1,0,5810,0,0,0,0,0,0,0,0,0
setting,zalesak,circular+corner,128,0.05,orientation_status,unresolved_or_deadend,25,5823,0,0,0,0,0,0,5810,0,0,0,0,0,0,0,0,0
setting,zalesak,circular+corner,128,0.05,plic_fallback_policy,ELVIRA,25,5823,0,0,0,0,0,0,5810,0,0,0,0,0,0,0,0,0
setting,zalesak,circular+corner,128,0.05,plic_fallback_policy,LVIRA,25,5823,0,0,0,0,0,0,5810,0,0,0,0,0,0,0,0,0
setting,zalesak,circular+corner,128,0.05,plic_fallback_policy,Youngs,25,5823,0,0,0,0,0,0,5810,0,0,0,0,0,0,0,0,0
setting,zalesak,circular+corner,128,0.05,rescue,corner_arc_corner_triplet,25,5823,0,0,0,0,0,0,5810,0,0,0,0,0,0,0,0,0
setting,zalesak,circular+corner,128,0.05,rescue,curved_corner_loop,25,5823,0,0,0,0,0,0,5810,0,0,0,0,0,0,0,0,0
setting,zalesak,circular+corner,128,0.05,rescue,curved_corner_transition,25,5823,0,0,0,0,0,0,5810,0,0,0,0,0,0,0,0,0
setting,zalesak,circular+corner,128,0.05,rescue,exact_linear_support,25,5823,0,0,0,0,0,0,5810,0,0,0,0,0,0,0,0,0
setting,zalesak,circular+corner,128,0.1,construction_path,direct_fit,25,5842,5812,5812,0,0.99486477233824033,0.99486477233824033,0,5828,5812,5812,0,0.997254632807138,0.997254632807138,0,0,0,0
setting,zalesak,circular+corner,128,0.1,construction_path,merged,25,5842,28,28,0,0.0047928791509756936,0.0047928791509756936,0,5828,14,14,0,0.0024021962937542897,0.0024021962937542897,0,0,0,0
setting,zalesak,circular+corner,128,0.1,construction_path,plic_fallback,25,5842,2,2,0,0.00034234851078397807,0.00034234851078397807,0,5828,2,2,0,0.00034317089910775565,0.00034317089910775565,0,0,0,0
setting,zalesak,circular+corner,128,0.1,final_facet,circular,25,5842,3511,3511,0,0.60099281068127353,0.60099281068127353,0,5828,3511,3511,0,0.60243651338366511,0.60243651338366511,0,0,0,0
setting,zalesak,circular+corner,128,0.1,final_facet,curved_corner,25,5842,255,255,0,0.043649435124957205,0.043649435124957205,0,5828,247,247,0,0.042381606039807826,0.042381606039807826,0,0,0,0
setting,zalesak,circular+corner,128,0.1,final_facet,linear,25,5842,1920,1920,0,0.32865457035261897,0.32865457035261897,0,5828,1920,1920,0,0.32944406314344543,0.32944406314344543,0,0,0,0
setting,zalesak,circular+corner,128,0.1,final_facet,linear_corner,25,5842,156,156,0,0.02670318384115029,0.02670318384115029,0,5828,150,150,0,0.025737817433081674,0.025737817433081674,0,0,0,0
setting,zalesak,circular+corner,128,0.1,merge,independent,25,5842,5814,5814,0,0.9952071208490243,0.9952071208490243,0,5828,5814,5814,0,0.99759780370624573,0.99759780370624573,0,0,0,0
setting,zalesak,circular+corner,128,0.1,merge,merged,25,5842,28,28,0,0.0047928791509756936,0.0047928791509756936,0,5828,14,14,0,0.0024021962937542897,0.0024021962937542897,0,0,0,0
setting,zalesak,circular+corner,128,0.1,orientation_status,oriented,25,5842,5840,5840,0,0.99965765148921604,0.99965765148921604,0,5828,0,0,0,0,0,0,0,0,0
setting,zalesak,circular+corner,128,0.1,orientation_status,unresolved_or_deadend,25,5842,2,2,0,0.00034234851078397807,0.00034234851078397807,0,5828,0,0,0,0,0,0,0,0,0
setting,zalesak,circular+corner,128,0.1,plic_fallback_policy,ELVIRA,25,5842,0,0,0,0,0,0,5828,0,0,0,0,0,0,0,0,0
setting,zalesak,circular+corner,128,0.1,plic_fallback_policy,LVIRA,25,5842,2,2,0,0.00034234851078397807,0.00034234851078397807,0,5828,2,2,0,0.00034317089910775565,0.00034317089910775565,0,2,2,0
setting,zalesak,circular+corner,128,0.1,plic_fallback_policy,Youngs,25,5842,0,0,0,0,0,0,5828,0,0,0,0,0,0,0,0,0
setting,zalesak,circular+corner,128,0.1,rescue,corner_arc_corner_triplet,25,5842,0,0,0,0,0,0,5828,0,0,0,0,0,0,0,0,0
setting,zalesak,circular+corner,128,0.1,rescue,curved_corner_loop,25,5842,0,0,0,0,0,0,5828,0,0,0,0,0,0,0,0,0
setting,zalesak,circular+corner,128,0.1,rescue,curved_corner_transition,25,5842,0,0,0,0,0,0,5828,0,0,0,0,0,0,0,0,0
setting,zalesak,circular+corner,128,0.1,rescue,exact_linear_support,25,5842,0,0,0,0,0,0,5828,0,0,0,0,0,0,0,0,0
setting,zalesak,circular+corner,128,0.2,construction_path,direct_fit,25,5911,5878,5878,0,0.99441718829301307,0.99441718829301307,0,5895,5878,5878,0,0.99711620016963531,0.99711620016963531,0,0,0,0
setting,zalesak,circular+corner,128,0.2,construction_path,merged,25,5911,32,32,0,0.0054136355946540352,0.0054136355946540352,0,5895,16,16,0,0.0027141645462256149,0.0027141645462256149,0,0,0,0
setting,zalesak,circular+corner,128,0.2,construction_path,plic_fallback,25,5911,1,1,0,0.0001691761123329386,0.0001691761123329386,0,5895,1,1,0,0.00016963528413910093,0.00016963528413910093,0,0,0,0
setting,zalesak,circular+corner,128,0.2,final_facet,circular,25,5911,3551,3551,0,0.60074437489426491,0.60074437489426491,0,5895,3551,3551,0,0.60237489397794741,0.60237489397794741,0,0,0,0
setting,zalesak,circular+corner,128,0.2,final_facet,curved_corner,25,5911,245,245,0,0.041448147521569952,0.041448147521569952,0,5895,236,236,0,0.040033927056827817,0.040033927056827817,0,0,0,0
setting,zalesak,circular+corner,128,0.2,final_facet,linear,25,5911,1958,1958,0,0.33124682794789378,0.33124682794789378,0,5895,1957,1957,0,0.33197625106022055,0.33197625106022055,0,0,0,0
setting,zalesak,circular+corner,128,0.2,final_facet,linear_corner,25,5911,157,157,0,0.026560649636271357,0.026560649636271357,0,5895,151,151,0,0.025614927905004241,0.025614927905004241,0,0,0,0
setting,zalesak,circular+corner,128,0.2,merge,independent,25,5911,5879,5879,0,0.99458636440534598,0.99458636440534598,0,5895,5879,5879,0,0.99728583545377436,0.99728583545377436,0,0,0,0
setting,zalesak,circular+corner,128,0.2,merge,merged,25,5911,32,32,0,0.0054136355946540352,0.0054136355946540352,0,5895,16,16,0,0.0027141645462256149,0.0027141645462256149,0,0,0,0
setting,zalesak,circular+corner,128,0.2,orientation_status,oriented,25,5911,5910,5910,0,0.99983082388766709,0.99983082388766709,0,5895,0,0,0,0,0,0,0,0,0
setting,zalesak,circular+corner,128,0.2,orientation_status,unresolved_or_deadend,25,5911,1,1,0,0.0001691761123329386,0.0001691761123329386,0,5895,0,0,0,0,0,0,0,0,0
setting,zalesak,circular+corner,128,0.2,plic_fallback_policy,ELVIRA,25,5911,0,0,0,0,0,0,5895,0,0,0,0,0,0,0,0,0
setting,zalesak,circular+corner,128,0.2,plic_fallback_policy,LVIRA,25,5911,1,1,0,0.0001691761123329386,0.0001691761123329386,0,5895,1,1,0,0.00016963528413910093,0.00016963528413910093,0,1,1,0
setting,zalesak,circular+corner,128,0.2,plic_fallback_policy,Youngs,25,5911,0,0,0,0,0,0,5895,0,0,0,0,0,0,0,0,0
setting,zalesak,circular+corner,128,0.2,rescue,corner_arc_corner_triplet,25,5911,0,0,0,0,0,0,5895,0,0,0,0,0,0,0,0,0
setting,zalesak,circular+corner,128,0.2,rescue,curved_corner_loop,25,5911,0,0,0,0,0,0,5895,0,0,0,0,0,0,0,0,0
setting,zalesak,circular+corner,128,0.2,rescue,curved_corner_transition,25,5911,0,0,0,0,0,0,5895,0,0,0,0,0,0,0,0,0
setting,zalesak,circular+corner,128,0.2,rescue,exact_linear_support,25,5911,5,5,0,0.00084588056166469297,0.00084588056166469297,0,5895,4,4,0,0.00067854113655640372,0.00067854113655640372,0,4,4,0
setting,zalesak,circular+corner,128,0.3,construction_path,direct_fit,25,6020,5979,5979,0,0.99318936877076414,0.99318936877076414,0,6001,5979,5979,0,0.99633394434260958,0.99633394434260958,0,0,0,0
setting,zalesak,circular+corner,128,0.3,construction_path,merged,25,6020,38,38,0,0.0063122923588039871,0.0063122923588039871,0,6001,19,19,0,0.0031661389768371938,0.0031661389768371938,0,0,0,0
setting,zalesak,circular+corner,128,0.3,construction_path,plic_fallback,25,6020,3,3,0,0.00049833887043189363,0.00049833887043189363,0,6001,3,3,0,0.00049991668055324114,0.00049991668055324114,0,0,0,0
setting,zalesak,circular+corner,128,0.3,final_facet,circular,25,6020,3613,3613,0,0.60016611295681066,0.60016611295681066,0,6001,3613,3613,0,0.60206632227962009,0.60206632227962009,0,0,0,0
setting,zalesak,circular+corner,128,0.3,final_facet,curved_corner,25,6020,248,248,0,0.041196013289036548,0.041196013289036548,0,6001,237,237,0,0.039493417763706046,0.039493417763706046,0,0,0,0
setting,zalesak,circular+corner,128,0.3,final_facet,linear,25,6020,2001,2001,0,0.3323920265780731,0.3323920265780731,0,6001,2000,2000,0,0.3332777870354941,0.3332777870354941,0,0,0,0
setting,zalesak,circular+corner,128,0.3,final_facet,linear_corner,25,6020,158,158,0,0.026245847176079733,0.026245847176079733,0,6001,151,151,0,0.025162472921179804,0.025162472921179804,0,0,0,0
setting,zalesak,circular+corner,128,0.3,merge,independent,25,6020,5982,5982,0,0.99368770764119596,0.99368770764119596,0,6001,5982,5982,0,0.99683386102316285,0.99683386102316285,0,0,0,0
setting,zalesak,circular+corner,128,0.3,merge,merged,25,6020,38,38,0,0.0063122923588039871,0.0063122923588039871,0,6001,19,19,0,0.0031661389768371938,0.0031661389768371938,0,0,0,0
setting,zalesak,circular+corner,128,0.3,orientation_status,oriented,25,6020,6017,6017,0,0.99950166112956806,0.99950166112956806,0,6001,0,0,0,0,0,0,0,0,0
setting,zalesak,circular+corner,128,0.3,orientation_status,unresolved_or_deadend,25,6020,3,3,0,0.00049833887043189363,0.00049833887043189363,0,6001,0,0,0,0,0,0,0,0,0
setting,zalesak,circular+corner,128,0.3,plic_fallback_policy,ELVIRA,25,6020,0,0,0,0,0,0,6001,0,0,0,0,0,0,0,0,0
setting,zalesak,circular+corner,128,0.3,plic_fallback_policy,LVIRA,25,6020,3,3,0,0.00049833887043189363,0.00049833887043189363,0,6001,3,3,0,0.00049991668055324114,0.00049991668055324114,0,3,3,0
setting,zalesak,circular+corner,128,0.3,plic_fallback_policy,Youngs,25,6020,0,0,0,0,0,0,6001,0,0,0,0,0,0,0,0,0
setting,zalesak,circular+corner,128,0.3,rescue,corner_arc_corner_triplet,25,6020,0,0,0,0,0,0,6001,0,0,0,0,0,0,0,0,0
setting,zalesak,circular+corner,128,0.3,rescue,curved_corner_loop,25,6020,0,0,0,0,0,0,6001,0,0,0,0,0,0,0,0,0
setting,zalesak,circular+corner,128,0.3,rescue,curved_corner_transition,25,6020,0,0,0,0,0,0,6001,0,0,0,0,0,0,0,0,0
setting,zalesak,circular+corner,128,0.3,rescue,exact_linear_support,25,6020,4,4,0,0.00066445182724252495,0.00066445182724252495,0,6001,3,3,0,0.00049991668055324114,0.00049991668055324114,0,3,3,0
setting,zalesak,circular+corner,150,0,construction_path,direct_fit,25,6830,6794,6794,0,0.9947291361639824,0.9947291361639824,0,6812,6794,6794,0,0.99735760422783326,0.99735760422783326,0,0,0,0
setting,zalesak,circular+corner,150,0,construction_path,merged,25,6830,36,36,0,0.0052708638360175692,0.0052708638360175692,0,6812,18,18,0,0.0026423957721667646,0.0026423957721667646,0,0,0,0
setting,zalesak,circular+corner,150,0,construction_path,plic_fallback,25,6830,0,0,0,0,0,0,6812,0,0,0,0,0,0,0,0,0
setting,zalesak,circular+corner,150,0,final_facet,circular,25,6830,4130,4130,0,0.60468521229868233,0.60468521229868233,0,6812,4130,4130,0,0.60628302994715211,0.60628302994715211,0,0,0,0
setting,zalesak,circular+corner,150,0,final_facet,curved_corner,25,6830,251,251,0,0.036749633967789165,0.036749633967789165,0,6812,241,241,0,0.035378743394010571,0.035378743394010571,0,0,0,0
setting,zalesak,circular+corner,150,0,final_facet,linear,25,6830,2292,2292,0,0.33557833089311861,0.33557833089311861,0,6812,2292,2292,0,0.33646506165590134,0.33646506165590134,0,0,0,0
setting,zalesak,circular+corner,150,0,final_facet,linear_corner,25,6830,157,157,0,0.022986822840409957,0.022986822840409957,0,6812,149,149,0,0.021873165002935995,0.021873165002935995,0,0,0,0
setting,zalesak,circular+corner,150,0,merge,independent,25,6830,6794,6794,0,0.9947291361639824,0.9947291361639824,0,6812,6794,6794,0,0.99735760422783326,0.99735760422783326,0,0,0,0
setting,zalesak,circular+corner,150,0,merge,merged,25,6830,36,36,0,0.0052708638360175692,0.0052708638360175692,0,6812,18,18,0,0.0026423957721667646,0.0026423957721667646,0,0,0,0
setting,zalesak,circular+corner,150,0,orientation_status,oriented,25,6830,6830,6830,0,1,1,0,6812,0,0,0,0,0,0,0,0,0
setting,zalesak,circular+corner,150,0,orientation_status,unresolved_or_deadend,25,6830,0,0,0,0,0,0,6812,0,0,0,0,0,0,0,0,0
setting,zalesak,circular+corner,150,0,plic_fallback_policy,ELVIRA,25,6830,0,0,0,0,0,0,6812,0,0,0,0,0,0,0,0,0
setting,zalesak,circular+corner,150,0,plic_fallback_policy,LVIRA,25,6830,0,0,0,0,0,0,6812,0,0,0,0,0,0,0,0,0
setting,zalesak,circular+corner,150,0,plic_fallback_policy,Youngs,25,6830,0,0,0,0,0,0,6812,0,0,0,0,0,0,0,0,0
setting,zalesak,circular+corner,150,0,rescue,corner_arc_corner_triplet,25,6830,0,0,0,0,0,0,6812,0,0,0,0,0,0,0,0,0
setting,zalesak,circular+corner,150,0,rescue,curved_corner_loop,25,6830,0,0,0,0,0,0,6812,0,0,0,0,0,0,0,0,0
setting,zalesak,circular+corner,150,0,rescue,curved_corner_transition,25,6830,0,0,0,0,0,0,6812,0,0,0,0,0,0,0,0,0
setting,zalesak,circular+corner,150,0,rescue,exact_linear_support,25,6830,2,2,0,0.00029282576866764275,0.00029282576866764275,0,6812,2,2,0,0.00029359953024075161,0.00029359953024075161,0,2,2,0
setting,zalesak,circular+corner,150,0.05,construction_path,direct_fit,25,6835,6797,6797,0,0.99444038039502558,0.99444038039502558,0,6816,6797,6797,0,0.997212441314554,0.997212441314554,0,0,0,0
setting,zalesak,circular+corner,150,0.05,construction_path,merged,25,6835,38,38,0,0.0055596196049743961,0.0055596196049743961,0,6816,19,19,0,0.0027875586854460093,0.0027875586854460093,0,0,0,0
setting,zalesak,circular+corner,150,0.05,construction_path,plic_fallback,25,6835,0,0,0,0,0,0,6816,0,0,0,0,0,0,0,0,0
setting,zalesak,circular+corner,150,0.05,final_facet,circular,25,6835,4134,4134,0,0.60482809070958299,0.60482809070958299,0,6816,4134,4134,0,0.60651408450704225,0.60651408450704225,0,0,0,0
setting,zalesak,circular+corner,150,0.05,final_facet,curved_corner,25,6835,251,251,0,0.036722750548646668,0.036722750548646668,0,6816,240,240,0,0.035211267605633804,0.035211267605633804,0,0,0,0
setting,zalesak,circular+corner,150,0.05,final_facet,linear,25,6835,2292,2292,0,0.33533284564740307,0.33533284564740307,0,6816,2292,2292,0,0.33626760563380281,0.33626760563380281,0,0,0,0
setting,zalesak,circular+corner,150,0.05,final_facet,linear_corner,25,6835,158,158,0,0.023116313094367229,0.023116313094367229,0,6816,150,150,0,0.022007042253521125,0.022007042253521125,0,0,0,0
setting,zalesak,circular+corner,150,0.05,merge,independent,25,6835,6797,6797,0,0.99444038039502558,0.99444038039502558,0,6816,6797,6797,0,0.997212441314554,0.997212441314554,0,0,0,0
setting,zalesak,circular+corner,150,0.05,merge,merged,25,6835,38,38,0,0.0055596196049743961,0.0055596196049743961,0,6816,19,19,0,0.0027875586854460093,0.0027875586854460093,0,0,0,0
setting,zalesak,circular+corner,150,0.05,orientation_status,oriented,25,6835,6835,6835,0,1,1,0,6816,0,0,0,0,0,0,0,0,0
setting,zalesak,circular+corner,150,0.05,orientation_status,unresolved_or_deadend,25,6835,0,0,0,0,0,0,6816,0,0,0,0,0,0,0,0,0
setting,zalesak,circular+corner,150,0.05,plic_fallback_policy,ELVIRA,25,6835,0,0,0,0,0,0,6816,0,0,0,0,0,0,0,0,0
setting,zalesak,circular+corner,150,0.05,plic_fallback_policy,LVIRA,25,6835,0,0,0,0,0,0,6816,0,0,0,0,0,0,0,0,0
setting,zalesak,circular+corner,150,0.05,plic_fallback_policy,Youngs,25,6835,0,0,0,0,0,0,6816,0,0,0,0,0,0,0,0,0
setting,zalesak,circular+corner,150,0.05,rescue,corner_arc_corner_triplet,25,6835,0,0,0,0,0,0,6816,0,0,0,0,0,0,0,0,0
setting,zalesak,circular+corner,150,0.05,rescue,curved_corner_loop,25,6835,0,0,0,0,0,0,6816,0,0,0,0,0,0,0,0,0
setting,zalesak,circular+corner,150,0.05,rescue,curved_corner_transition,25,6835,0,0,0,0,0,0,6816,0,0,0,0,0,0,0,0,0
setting,zalesak,circular+corner,150,0.05,rescue,exact_linear_support,25,6835,1,1,0,0.0001463057790782736,0.0001463057790782736,0,6816,1,1,0,0.00014671361502347418,0.00014671361502347418,0,1,1,0
setting,zalesak,circular+corner,150,0.1,construction_path,direct_fit,25,6859,6817,6817,0,0.99387665840501527,0.99387665840501527,0,6838,6817,6817,0,0.99692892658672128,0.99692892658672128,0,0,0,0
setting,zalesak,circular+corner,150,0.1,construction_path,merged,25,6859,42,42,0,0.0061233415949846918,0.0061233415949846918,0,6838,21,21,0,0.0030710734132787364,0.0030710734132787364,0,0,0,0
setting,zalesak,circular+corner,150,0.1,construction_path,plic_fallback,25,6859,0,0,0,0,0,0,6838,0,0,0,0,0,0,0,0,0
setting,zalesak,circular+corner,150,0.1,final_facet,circular,25,6859,4141,4141,0,0.60373232249599063,0.60373232249599063,0,6838,4141,4141,0,0.60558642878034508,0.60558642878034508,0,0,0,0
setting,zalesak,circular+corner,150,0.1,final_facet,curved_corner,25,6859,257,257,0,0.037469018807406329,0.037469018807406329,0,6838,244,244,0,0.035682948230476748,0.035682948230476748,0,0,0,0
setting,zalesak,circular+corner,150,0.1,final_facet,linear,25,6859,2304,2304,0,0.33590902463916023,0.33590902463916023,0,6838,2303,2303,0,0.33679438432290143,0.33679438432290143,0,0,0,0
setting,zalesak,circular+corner,150,0.1,final_facet,linear_corner,25,6859,157,157,0,0.022889634057442775,0.022889634057442775,0,6838,150,150,0,0.02193623866627669,0.02193623866627669,0,0,0,0
setting,zalesak,circular+corner,150,0.1,merge,independent,25,6859,6817,6817,0,0.99387665840501527,0.99387665840501527,0,6838,6817,6817,0,0.99692892658672128,0.99692892658672128,0,0,0,0
setting,zalesak,circular+corner,150,0.1,merge,merged,25,6859,42,42,0,0.0061233415949846918,0.0061233415949846918,0,6838,21,21,0,0.0030710734132787364,0.0030710734132787364,0,0,0,0
setting,zalesak,circular+corner,150,0.1,orientation_status,oriented,25,6859,6859,6859,0,1,1,0,6838,0,0,0,0,0,0,0,0,0
setting,zalesak,circular+corner,150,0.1,orientation_status,unresolved_or_deadend,25,6859,0,0,0,0,0,0,6838,0,0,0,0,0,0,0,0,0
setting,zalesak,circular+corner,150,0.1,plic_fallback_policy,ELVIRA,25,6859,0,0,0,0,0,0,6838,0,0,0,0,0,0,0,0,0
setting,zalesak,circular+corner,150,0.1,plic_fallback_policy,LVIRA,25,6859,0,0,0,0,0,0,6838,0,0,0,0,0,0,0,0,0
setting,zalesak,circular+corner,150,0.1,plic_fallback_policy,Youngs,25,6859,0,0,0,0,0,0,6838,0,0,0,0,0,0,0,0,0
setting,zalesak,circular+corner,150,0.1,rescue,corner_arc_corner_triplet,25,6859,0,0,0,0,0,0,6838,0,0,0,0,0,0,0,0,0
setting,zalesak,circular+corner,150,0.1,rescue,curved_corner_loop,25,6859,0,0,0,0,0,0,6838,0,0,0,0,0,0,0,0,0
setting,zalesak,circular+corner,150,0.1,rescue,curved_corner_transition,25,6859,0,0,0,0,0,0,6838,0,0,0,0,0,0,0,0,0
setting,zalesak,circular+corner,150,0.1,rescue,exact_linear_support,25,6859,0,0,0,0,0,0,6838,0,0,0,0,0,0,0,0,0
setting,zalesak,circular+corner,150,0.2,construction_path,direct_fit,25,6943,6897,6897,0,0.99337462192135961,0.99337462192135961,0,6920,6897,6897,0,0.99667630057803469,0.99667630057803469,0,0,0,0
setting,zalesak,circular+corner,150,0.2,construction_path,merged,25,6943,46,46,0,0.0066253780786403576,0.0066253780786403576,0,6920,23,23,0,0.003323699421965318,0.003323699421965318,0,0,0,0
setting,zalesak,circular+corner,150,0.2,construction_path,plic_fallback,25,6943,0,0,0,0,0,0,6920,0,0,0,0,0,0,0,0,0
setting,zalesak,circular+corner,150,0.2,final_facet,circular,25,6943,4182,4182,0,0.60233328532334729,0.60233328532334729,0,6920,4182,4182,0,0.6043352601156069,0.6043352601156069,0,0,0,0
setting,zalesak,circular+corner,150,0.2,final_facet,curved_corner,25,6943,259,259,0,0.03730375918190984,0.03730375918190984,0,6920,244,244,0,0.035260115606936419,0.035260115606936419,0,0,0,0
setting,zalesak,circular+corner,150,0.2,final_facet,linear,25,6943,2343,2343,0,0.33746219213596429,0.33746219213596429,0,6920,2342,2342,0,0.33843930635838149,0.33843930635838149,0,0,0,0
setting,zalesak,circular+corner,150,0.2,final_facet,linear_corner,25,6943,159,159,0,0.022900763358778626,0.022900763358778626,0,6920,152,152,0,0.021965317919075144,0.021965317919075144,0,0,0,0
setting,zalesak,circular+corner,150,0.2,merge,independent,25,6943,6897,6897,0,0.99337462192135961,0.99337462192135961,0,6920,6897,6897,0,0.99667630057803469,0.99667630057803469,0,0,0,0
setting,zalesak,circular+corner,150,0.2,merge,merged,25,6943,46,46,0,0.0066253780786403576,0.0066253780786403576,0,6920,23,23,0,0.003323699421965318,0.003323699421965318,0,0,0,0
setting,zalesak,circular+corner,150,0.2,orientation_status,oriented,25,6943,6943,6943,0,1,1,0,6920,0,0,0,0,0,0,0,0,0
setting,zalesak,circular+corner,150,0.2,orientation_status,unresolved_or_deadend,25,6943,0,0,0,0,0,0,6920,0,0,0,0,0,0,0,0,0
setting,zalesak,circular+corner,150,0.2,plic_fallback_policy,ELVIRA,25,6943,0,0,0,0,0,0,6920,0,0,0,0,0,0,0,0,0
setting,zalesak,circular+corner,150,0.2,plic_fallback_policy,LVIRA,25,6943,0,0,0,0,0,0,6920,0,0,0,0,0,0,0,0,0
setting,zalesak,circular+corner,150,0.2,plic_fallback_policy,Youngs,25,6943,0,0,0,0,0,0,6920,0,0,0,0,0,0,0,0,0
setting,zalesak,circular+corner,150,0.2,rescue,corner_arc_corner_triplet,25,6943,0,0,0,0,0,0,6920,0,0,0,0,0,0,0,0,0
setting,zalesak,circular+corner,150,0.2,rescue,curved_corner_loop,25,6943,0,0,0,0,0,0,6920,0,0,0,0,0,0,0,0,0
setting,zalesak,circular+corner,150,0.2,rescue,curved_corner_transition,25,6943,0,0,0,0,0,0,6920,0,0,0,0,0,0,0,0,0
setting,zalesak,circular+corner,150,0.2,rescue,exact_linear_support,25,6943,1,1,0,0.00014402995823131211,0.00014402995823131211,0,6920,1,1,0,0.00014450867052023122,0.00014450867052023122,0,1,1,0
setting,zalesak,circular+corner,150,0.3,construction_path,direct_fit,25,7040,6979,6979,0,0.99133522727272727,0.99133522727272727,0,7013,6979,6979,0,0.99515186082988738,0.99515186082988738,0,0,0,0
setting,zalesak,circular+corner,150,0.3,construction_path,merged,25,7040,54,54,0,0.0076704545454545454,0.0076704545454545454,0,7013,27,27,0,0.0038499928703835734,0.0038499928703835734,0,0,0,0
setting,zalesak,circular+corner,150,0.3,construction_path,plic_fallback,25,7040,7,7,0,0.00099431818181818172,0.00099431818181818172,0,7013,7,7,0,0.00099814629972907456,0.00099814629972907456,0,0,0,0
setting,zalesak,circular+corner,150,0.3,final_facet,circular,25,7040,4237,4237,0,0.60184659090909087,0.60184659090909087,0,7013,4237,4237,0,0.60416369599315556,0.60416369599315556,0,0,0,0
setting,zalesak,circular+corner,150,0.3,final_facet,curved_corner,25,7040,261,261,0,0.037073863636363634,0.037073863636363634,0,7013,247,247,0,0.035220305147583057,0.035220305147583057,0,0,0,0
setting,zalesak,circular+corner,150,0.3,final_facet,linear,25,7040,2378,2378,0,0.33778409090909089,0.33778409090909089,0,7013,2377,2377,0,0.33894196492228718,0.33894196492228718,0,0,0,0
setting,zalesak,circular+corner,150,0.3,final_facet,linear_corner,25,7040,164,164,0,0.023295454545454546,0.023295454545454546,0,7013,152,152,0,0.021674033936974191,0.021674033936974191,0,0,0,0
setting,zalesak,circular+corner,150,0.3,merge,independent,25,7040,6986,6986,0,0.99232954545454544,0.99232954545454544,0,7013,6986,6986,0,0.99615000712961643,0.99615000712961643,0,0,0,0
setting,zalesak,circular+corner,150,0.3,merge,merged,25,7040,54,54,0,0.0076704545454545454,0.0076704545454545454,0,7013,27,27,0,0.0038499928703835734,0.0038499928703835734,0,0,0,0
setting,zalesak,circular+corner,150,0.3,orientation_status,oriented,25,7040,7033,7033,0,0.99900568181818183,0.99900568181818183,0,7013,0,0,0,0,0,0,0,0,0
setting,zalesak,circular+corner,150,0.3,orientation_status,unresolved_or_deadend,25,7040,7,7,0,0.00099431818181818172,0.00099431818181818172,0,7013,0,0,0,0,0,0,0,0,0
setting,zalesak,circular+corner,150,0.3,plic_fallback_policy,ELVIRA,25,7040,0,0,0,0,0,0,7013,0,0,0,0,0,0,0,0,0
setting,zalesak,circular+corner,150,0.3,plic_fallback_policy,LVIRA,25,7040,7,7,0,0.00099431818181818172,0.00099431818181818172,0,7013,7,7,0,0.00099814629972907456,0.00099814629972907456,0,7,7,0
setting,zalesak,circular+corner,150,0.3,plic_fallback_policy,Youngs,25,7040,0,0,0,0,0,0,7013,0,0,0,0,0,0,0,0,0
setting,zalesak,circular+corner,150,0.3,rescue,corner_arc_corner_triplet,25,7040,0,0,0,0,0,0,7013,0,0,0,0,0,0,0,0,0
setting,zalesak,circular+corner,150,0.3,rescue,curved_corner_loop,25,7040,0,0,0,0,0,0,7013,0,0,0,0,0,0,0,0,0
setting,zalesak,circular+corner,150,0.3,rescue,curved_corner_transition,25,7040,0,0,0,0,0,0,7013,0,0,0,0,0,0,0,0,0
setting,zalesak,circular+corner,150,0.3,rescue,exact_linear_support,25,7040,0,0,0,0,0,0,7013,0,0,0,0,0,0,0,0,0
setting,zalesak,circular+corner,50,0,construction_path,direct_fit,25,2266,2226,2226,0,0.98234774933804059,0.98234774933804059,0,2246,2226,2226,0,0.99109528049866424,0.99109528049866424,0,0,0,0
setting,zalesak,circular+corner,50,0,construction_path,merged,25,2266,40,40,0,0.017652250661959398,0.017652250661959398,0,2246,20,20,0,0.0089047195013357075,0.0089047195013357075,0,0,0,0
setting,zalesak,circular+corner,50,0,construction_path,plic_fallback,25,2266,0,0,0,0,0,0,2246,0,0,0,0,0,0,0,0,0
setting,zalesak,circular+corner,50,0,final_facet,circular,25,2266,1367,1367,0,0.60326566637246248,0.60326566637246248,0,2246,1358,1358,0,0.60463045414069461,0.60463045414069461,0,0,0,0
setting,zalesak,circular+corner,50,0,final_facet,curved_corner,25,2266,258,258,0,0.11385701676963812,0.11385701676963812,0,2246,247,247,0,0.10997328584149599,0.10997328584149599,0,0,0,0
setting,zalesak,circular+corner,50,0,final_facet,linear,25,2266,629,629,0,0.27758164165931154,0.27758164165931154,0,2246,629,629,0,0.28005342831700802,0.28005342831700802,0,0,0,0
setting,zalesak,circular+corner,50,0,final_facet,linear_corner,25,2266,12,12,0,0.0052956751985878204,0.0052956751985878204,0,2246,12,12,0,0.0053428317008014248,0.0053428317008014248,0,0,0,0
setting,zalesak,circular+corner,50,0,merge,independent,25,2266,2226,2226,0,0.98234774933804059,0.98234774933804059,0,2246,2226,2226,0,0.99109528049866424,0.99109528049866424,0,0,0,0
setting,zalesak,circular+corner,50,0,merge,merged,25,2266,40,40,0,0.017652250661959398,0.017652250661959398,0,2246,20,20,0,0.0089047195013357075,0.0089047195013357075,0,0,0,0
setting,zalesak,circular+corner,50,0,orientation_status,oriented,25,2266,2266,2266,0,1,1,0,2246,0,0,0,0,0,0,0,0,0
setting,zalesak,circular+corner,50,0,orientation_status,unresolved_or_deadend,25,2266,0,0,0,0,0,0,2246,0,0,0,0,0,0,0,0,0
setting,zalesak,circular+corner,50,0,plic_fallback_policy,ELVIRA,25,2266,0,0,0,0,0,0,2246,0,0,0,0,0,0,0,0,0
setting,zalesak,circular+corner,50,0,plic_fallback_policy,LVIRA,25,2266,0,0,0,0,0,0,2246,0,0,0,0,0,0,0,0,0
setting,zalesak,circular+corner,50,0,plic_fallback_policy,Youngs,25,2266,0,0,0,0,0,0,2246,0,0,0,0,0,0,0,0,0
setting,zalesak,circular+corner,50,0,rescue,corner_arc_corner_triplet,25,2266,0,0,0,0,0,0,2246,0,0,0,0,0,0,0,0,0
setting,zalesak,circular+corner,50,0,rescue,curved_corner_loop,25,2266,0,0,0,0,0,0,2246,0,0,0,0,0,0,0,0,0
setting,zalesak,circular+corner,50,0,rescue,curved_corner_transition,25,2266,0,0,0,0,0,0,2246,0,0,0,0,0,0,0,0,0
setting,zalesak,circular+corner,50,0,rescue,exact_linear_support,25,2266,46,46,0,0.020300088261253312,0.020300088261253312,0,2246,46,46,0,0.020480854853072127,0.020480854853072127,0,46,46,0
setting,zalesak,circular+corner,50,0.05,construction_path,direct_fit,25,2268,2224,2224,0,0.98059964726631388,0.98059964726631388,0,2246,2224,2224,0,0.99020480854853077,0.99020480854853077,0,0,0,0
setting,zalesak,circular+corner,50,0.05,construction_path,merged,25,2268,44,44,0,0.019400352733686066,0.019400352733686066,0,2246,22,22,0,0.0097951914514692786,0.0097951914514692786,0,0,0,0
setting,zalesak,circular+corner,50,0.05,construction_path,plic_fallback,25,2268,0,0,0,0,0,0,2246,0,0,0,0,0,0,0,0,0
setting,zalesak,circular+corner,50,0.05,final_facet,circular,25,2268,1375,1377,2,0.60626102292768957,0.6071428571428571,0.0008818342151675207,2246,1364,1366,2,0.60730186999109526,0.60819234194122884,0.00089047195013358671,0,0,0
setting,zalesak,circular+corner,50,0.05,final_facet,curved_corner,25,2268,250,245,-5,0.11022927689594356,0.10802469135802469,-0.0022045855379188711,2246,240,235,-5,0.10685663401602849,0.10463045414069456,-0.0022261798753339251,0,0,0
setting,zalesak,circular+corner,50,0.05,final_facet,linear,25,2268,631,634,3,0.27821869488536155,0.27954144620811289,0.0013227513227513366,2246,630,633,3,0.28049866429207482,0.28183437221727514,0.0013357079252003246,0,0,0
setting,zalesak,circular+corner,50,0.05,final_facet,linear_corner,25,2268,12,12,0,0.0052910052910052907,0.0052910052910052907,0,2246,12,12,0,0.0053428317008014248,0.0053428317008014248,0,0,0,0
setting,zalesak,circular+corner,50,0.05,merge,independent,25,2268,2224,2224,0,0.98059964726631388,0.98059964726631388,0,2246,2224,2224,0,0.99020480854853077,0.99020480854853077,0,0,0,0
setting,zalesak,circular+corner,50,0.05,merge,merged,25,2268,44,44,0,0.019400352733686066,0.019400352733686066,0,2246,22,22,0,0.0097951914514692786,0.0097951914514692786,0,0,0,0
setting,zalesak,circular+corner,50,0.05,orientation_status,oriented,25,2268,2268,2268,0,1,1,0,2246,0,0,0,0,0,0,0,0,0
setting,zalesak,circular+corner,50,0.05,orientation_status,unresolved_or_deadend,25,2268,0,0,0,0,0,0,2246,0,0,0,0,0,0,0,0,0
setting,zalesak,circular+corner,50,0.05,plic_fallback_policy,ELVIRA,25,2268,0,0,0,0,0,0,2246,0,0,0,0,0,0,0,0,0
setting,zalesak,circular+corner,50,0.05,plic_fallback_policy,LVIRA,25,2268,0,0,0,0,0,0,2246,0,0,0,0,0,0,0,0,0
setting,zalesak,circular+corner,50,0.05,plic_fallback_policy,Youngs,25,2268,0,0,0,0,0,0,2246,0,0,0,0,0,0,0,0,0
setting,zalesak,circular+corner,50,0.05,rescue,corner_arc_corner_triplet,25,2268,0,0,0,0,0,0,2246,0,0,0,0,0,0,0,0,0
setting,zalesak,circular+corner,50,0.05,rescue,curved_corner_loop,25,2268,0,0,0,0,0,0,2246,0,0,0,0,0,0,0,0,0
setting,zalesak,circular+corner,50,0.05,rescue,curved_corner_transition,25,2268,0,0,0,0,0,0,2246,0,0,0,0,0,0,0,0,0
setting,zalesak,circular+corner,50,0.05,rescue,exact_linear_support,25,2268,50,51,1,0.022045855379188711,0.022486772486772486,0.00044091710758377423,2246,50,51,1,0.022261798753339269,0.022707034728406055,0.00044523597506678642,50,51,1
setting,zalesak,circular+corner,50,0.1,construction_path,direct_fit,25,2277,2227,2227,0,0.97804128238910848,0.97804128238910848,0,2252,2227,2227,0,0.988898756660746,0.988898756660746,0,0,0,0
setting,zalesak,circular+corner,50,0.1,construction_path,merged,25,2277,50,50,0,0.021958717610891524,0.021958717610891524,0,2252,25,25,0,0.011101243339253997,0.011101243339253997,0,0,0,0
setting,zalesak,circular+corner,50,0.1,construction_path,plic_fallback,25,2277,0,0,0,0,0,0,2252,0,0,0,0,0,0,0,0,0
setting,zalesak,circular+corner,50,0.1,final_facet,circular,25,2277,1384,1384,0,0.60781730346947738,0.60781730346947738,0,2252,1372,1372,0,0.60923623445825936,0.60923623445825936,0,0,0,0
setting,zalesak,circular+corner,50,0.1,final_facet,curved_corner,25,2277,255,255,0,0.11198945981554677,0.11198945981554677,0,2252,244,244,0,0.10834813499111901,0.10834813499111901,0,0,0,0
setting,zalesak,circular+corner,50,0.1,final_facet,linear,25,2277,626,626,0,0.27492314448836186,0.27492314448836186,0,2252,624,624,0,0.27708703374777977,0.27708703374777977,0,0,0,0
setting,zalesak,circular+corner,50,0.1,final_facet,linear_corner,25,2277,12,12,0,0.005270092226613966,0.005270092226613966,0,2252,12,12,0,0.0053285968028419185,0.0053285968028419185,0,0,0,0
setting,zalesak,circular+corner,50,0.1,merge,independent,25,2277,2227,2227,0,0.97804128238910848,0.97804128238910848,0,2252,2227,2227,0,0.988898756660746,0.988898756660746,0,0,0,0
setting,zalesak,circular+corner,50,0.1,merge,merged,25,2277,50,50,0,0.021958717610891524,0.021958717610891524,0,2252,25,25,0,0.011101243339253997,0.011101243339253997,0,0,0,0
setting,zalesak,circular+corner,50,0.1,orientation_status,oriented,25,2277,2277,2277,0,1,1,0,2252,0,0,0,0,0,0,0,0,0
setting,zalesak,circular+corner,50,0.1,orientation_status,unresolved_or_deadend,25,2277,0,0,0,0,0,0,2252,0,0,0,0,0,0,0,0,0
setting,zalesak,circular+corner,50,0.1,plic_fallback_policy,ELVIRA,25,2277,0,0,0,0,0,0,2252,0,0,0,0,0,0,0,0,0
setting,zalesak,circular+corner,50,0.1,plic_fallback_policy,LVIRA,25,2277,0,0,0,0,0,0,2252,0,0,0,0,0,0,0,0,0
setting,zalesak,circular+corner,50,0.1,plic_fallback_policy,Youngs,25,2277,0,0,0,0,0,0,2252,0,0,0,0,0,0,0,0,0
setting,zalesak,circular+corner,50,0.1,rescue,corner_arc_corner_triplet,25,2277,0,0,0,0,0,0,2252,0,0,0,0,0,0,0,0,0
setting,zalesak,circular+corner,50,0.1,rescue,curved_corner_loop,25,2277,0,0,0,0,0,0,2252,0,0,0,0,0,0,0,0,0
setting,zalesak,circular+corner,50,0.1,rescue,curved_corner_transition,25,2277,0,0,0,0,0,0,2252,0,0,0,0,0,0,0,0,0
setting,zalesak,circular+corner,50,0.1,rescue,exact_linear_support,25,2277,46,46,0,0.020202020202020204,0.020202020202020204,0,2252,46,46,0,0.020426287744227355,0.020426287744227355,0,46,46,0
setting,zalesak,circular+corner,50,0.2,construction_path,direct_fit,25,2299,2258,2258,0,0.982166159199652,0.982166159199652,0,2279,2258,2258,0,0.99078543220710835,0.99078543220710835,0,0,0,0
setting,zalesak,circular+corner,50,0.2,construction_path,merged,25,2299,40,40,0,0.017398869073510223,0.017398869073510223,0,2279,20,20,0,0.0087757788503729714,0.0087757788503729714,0,0,0,0
setting,zalesak,circular+corner,50,0.2,construction_path,plic_fallback,25,2299,1,1,0,0.00043497172683775554,0.00043497172683775554,0,2279,1,1,0,0.00043878894251864854,0.00043878894251864854,0,0,0,0
setting,zalesak,circular+corner,50,0.2,final_facet,circular,25,2299,1401,1401,0,0.6093953892996955,0.6093953892996955,0,2279,1392,1392,0,0.61079420798595874,0.61079420798595874,0,0,0,0
setting,zalesak,circular+corner,50,0.2,final_facet,curved_corner,25,2299,241,241,0,0.10482818616789909,0.10482818616789909,0,2279,232,232,0,0.10179903466432647,0.10179903466432647,0,0,0,0
setting,zalesak,circular+corner,50,0.2,final_facet,linear,25,2299,633,633,0,0.27533710308829928,0.27533710308829928,0,2279,631,631,0,0.2768758227292672,0.2768758227292672,0,0,0,0
setting,zalesak,circular+corner,50,0.2,final_facet,linear_corner,25,2299,24,24,0,0.010439321444106133,0.010439321444106133,0,2279,24,24,0,0.010530934620447565,0.010530934620447565,0,0,0,0
setting,zalesak,circular+corner,50,0.2,merge,independent,25,2299,2259,2259,0,0.98260113092648982,0.98260113092648982,0,2279,2259,2259,0,0.99122422114962705,0.99122422114962705,0,0,0,0
setting,zalesak,circular+corner,50,0.2,merge,merged,25,2299,40,40,0,0.017398869073510223,0.017398869073510223,0,2279,20,20,0,0.0087757788503729714,0.0087757788503729714,0,0,0,0
setting,zalesak,circular+corner,50,0.2,orientation_status,oriented,25,2299,2298,2298,0,0.99956502827316229,0.99956502827316229,0,2279,0,0,0,0,0,0,0,0,0
setting,zalesak,circular+corner,50,0.2,orientation_status,unresolved_or_deadend,25,2299,1,1,0,0.00043497172683775554,0.00043497172683775554,0,2279,0,0,0,0,0,0,0,0,0
setting,zalesak,circular+corner,50,0.2,plic_fallback_policy,ELVIRA,25,2299,0,0,0,0,0,0,2279,0,0,0,0,0,0,0,0,0
setting,zalesak,circular+corner,50,0.2,plic_fallback_policy,LVIRA,25,2299,1,1,0,0.00043497172683775554,0.00043497172683775554,0,2279,1,1,0,0.00043878894251864854,0.00043878894251864854,0,1,1,0
setting,zalesak,circular+corner,50,0.2,plic_fallback_policy,Youngs,25,2299,0,0,0,0,0,0,2279,0,0,0,0,0,0,0,0,0
setting,zalesak,circular+corner,50,0.2,rescue,corner_arc_corner_triplet,25,2299,0,0,0,0,0,0,2279,0,0,0,0,0,0,0,0,0
setting,zalesak,circular+corner,50,0.2,rescue,curved_corner_loop,25,2299,0,0,0,0,0,0,2279,0,0,0,0,0,0,0,0,0
setting,zalesak,circular+corner,50,0.2,rescue,curved_corner_transition,25,2299,0,0,0,0,0,0,2279,0,0,0,0,0,0,0,0,0
setting,zalesak,circular+corner,50,0.2,rescue,exact_linear_support,25,2299,44,44,0,0.019138755980861243,0.019138755980861243,0,2279,44,44,0,0.019306713470820535,0.019306713470820535,0,44,44,0
setting,zalesak,circular+corner,50,0.3,construction_path,direct_fit,25,2347,2289,2289,0,0.97528760119301239,0.97528760119301239,0,2321,2289,2289,0,0.98621283929340797,0.98621283929340797,0,0,0,0
setting,zalesak,circular+corner,50,0.3,construction_path,merged,25,2347,51,51,0,0.021729867916489135,0.021729867916489135,0,2321,25,25,0,0.010771219302024989,0.010771219302024989,0,0,0,0
setting,zalesak,circular+corner,50,0.3,construction_path,plic_fallback,25,2347,7,7,0,0.0029825308904985089,0.0029825308904985089,0,2321,7,7,0,0.0030159414045669969,0.0030159414045669969,0,0,0,0
setting,zalesak,circular+corner,50,0.3,final_facet,circular,25,2347,1417,1417,0,0.60374946740519808,0.60374946740519808,0,2321,1408,1408,0,0.60663507109004744,0.60663507109004744,0,0,0,0
setting,zalesak,circular+corner,50,0.3,final_facet,curved_corner,25,2347,226,226,0,0.096293140178951853,0.096293140178951853,0,2321,214,214,0,0.092201637225333907,0.092201637225333907,0,0,0,0
setting,zalesak,circular+corner,50,0.3,final_facet,linear,25,2347,671,671,0,0.28589688964635707,0.28589688964635707,0,2321,667,667,0,0.28737613097802672,0.28737613097802672,0,0,0,0
setting,zalesak,circular+corner,50,0.3,final_facet,linear_corner,25,2347,33,33,0,0.01406050276949297,0.01406050276949297,0,2321,32,32,0,0.013787160706591986,0.013787160706591986,0,0,0,0
setting,zalesak,circular+corner,50,0.3,merge,independent,25,2347,2296,2296,0,0.97827013208351088,0.97827013208351088,0,2321,2296,2296,0,0.98922878069797504,0.98922878069797504,0,0,0,0
setting,zalesak,circular+corner,50,0.3,merge,merged,25,2347,51,51,0,0.021729867916489135,0.021729867916489135,0,2321,25,25,0,0.010771219302024989,0.010771219302024989,0,0,0,0
setting,zalesak,circular+corner,50,0.3,orientation_status,oriented,25,2347,2340,2340,0,0.99701746910950151,0.99701746910950151,0,2321,0,0,0,0,0,0,0,0,0
setting,zalesak,circular+corner,50,0.3,orientation_status,unresolved_or_deadend,25,2347,7,7,0,0.0029825308904985089,0.0029825308904985089,0,2321,0,0,0,0,0,0,0,0,0
setting,zalesak,circular+corner,50,0.3,plic_fallback_policy,ELVIRA,25,2347,0,0,0,0,0,0,2321,0,0,0,0,0,0,0,0,0
setting,zalesak,circular+corner,50,0.3,plic_fallback_policy,LVIRA,25,2347,7,7,0,0.0029825308904985089,0.0029825308904985089,0,2321,7,7,0,0.0030159414045669969,0.0030159414045669969,0,7,7,0
setting,zalesak,circular+corner,50,0.3,plic_fallback_policy,Youngs,25,2347,0,0,0,0,0,0,2321,0,0,0,0,0,0,0,0,0
setting,zalesak,circular+corner,50,0.3,rescue,corner_arc_corner_triplet,25,2347,0,0,0,0,0,0,2321,0,0,0,0,0,0,0,0,0
setting,zalesak,circular+corner,50,0.3,rescue,curved_corner_loop,25,2347,0,0,0,0,0,0,2321,0,0,0,0,0,0,0,0,0
setting,zalesak,circular+corner,50,0.3,rescue,curved_corner_transition,25,2347,0,0,0,0,0,0,2321,0,0,0,0,0,0,0,0,0
setting,zalesak,circular+corner,50,0.3,rescue,exact_linear_support,25,2347,45,45,0,0.019173412867490414,0.019173412867490414,0,2321,45,45,0,0.01938819474364498,0.01938819474364498,0,45,45,0
setting,zalesak,circular+corner,64,0,construction_path,direct_fit,25,2905,2867,2867,0,0.98691910499139412,0.98691910499139412,0,2886,2867,2867,0,0.99341649341649341,0.99341649341649341,0,0,0,0
setting,zalesak,circular+corner,64,0,construction_path,merged,25,2905,38,38,0,0.013080895008605853,0.013080895008605853,0,2886,19,19,0,0.0065835065835065836,0.0065835065835065836,0,0,0,0
setting,zalesak,circular+corner,64,0,construction_path,plic_fallback,25,2905,0,0,0,0,0,0,2886,0,0,0,0,0,0,0,0,0
setting,zalesak,circular+corner,64,0,final_facet,circular,25,2905,1739,1739,0,0.59862306368330465,0.59862306368330465,0,2886,1733,1733,0,0.60048510048510051,0.60048510048510051,0,0,0,0
setting,zalesak,circular+corner,64,0,final_facet,curved_corner,25,2905,252,252,0,0.086746987951807228,0.086746987951807228,0,2886,245,245,0,0.084892584892584888,0.084892584892584888,0,0,0,0
setting,zalesak,circular+corner,64,0,final_facet,linear,25,2905,837,837,0,0.28812392426850258,0.28812392426850258,0,2886,836,836,0,0.28967428967428965,0.28967428967428965,0,0,0,0
setting,zalesak,circular+corner,64,0,final_facet,linear_corner,25,2905,77,77,0,0.026506024096385541,0.026506024096385541,0,2886,72,72,0,0.024948024948024949,0.024948024948024949,0,0,0,0
setting,zalesak,circular+corner,64,0,merge,independent,25,2905,2867,2867,0,0.98691910499139412,0.98691910499139412,0,2886,2867,2867,0,0.99341649341649341,0.99341649341649341,0,0,0,0
setting,zalesak,circular+corner,64,0,merge,merged,25,2905,38,38,0,0.013080895008605853,0.013080895008605853,0,2886,19,19,0,0.0065835065835065836,0.0065835065835065836,0,0,0,0
setting,zalesak,circular+corner,64,0,orientation_status,oriented,25,2905,2905,2905,0,1,1,0,2886,0,0,0,0,0,0,0,0,0
setting,zalesak,circular+corner,64,0,orientation_status,unresolved_or_deadend,25,2905,0,0,0,0,0,0,2886,0,0,0,0,0,0,0,0,0
setting,zalesak,circular+corner,64,0,plic_fallback_policy,ELVIRA,25,2905,0,0,0,0,0,0,2886,0,0,0,0,0,0,0,0,0
setting,zalesak,circular+corner,64,0,plic_fallback_policy,LVIRA,25,2905,0,0,0,0,0,0,2886,0,0,0,0,0,0,0,0,0
setting,zalesak,circular+corner,64,0,plic_fallback_policy,Youngs,25,2905,0,0,0,0,0,0,2886,0,0,0,0,0,0,0,0,0
setting,zalesak,circular+corner,64,0,rescue,corner_arc_corner_triplet,25,2905,0,0,0,0,0,0,2886,0,0,0,0,0,0,0,0,0
setting,zalesak,circular+corner,64,0,rescue,curved_corner_loop,25,2905,0,0,0,0,0,0,2886,0,0,0,0,0,0,0,0,0
setting,zalesak,circular+corner,64,0,rescue,curved_corner_transition,25,2905,0,0,0,0,0,0,2886,0,0,0,0,0,0,0,0,0
setting,zalesak,circular+corner,64,0,rescue,exact_linear_support,25,2905,26,26,0,0.0089500860585197926,0.0089500860585197926,0,2886,26,26,0,0.0090090090090090089,0.0090090090090090089,0,26,26,0
setting,zalesak,circular+corner,64,0.05,construction_path,direct_fit,25,2906,2862,2862,0,0.98485891259463176,0.98485891259463176,0,2884,2862,2862,0,0.99237170596393898,0.99237170596393898,0,0,0,0
setting,zalesak,circular+corner,64,0.05,construction_path,merged,25,2906,44,44,0,0.015141087405368204,0.015141087405368204,0,2884,22,22,0,0.0076282940360610264,0.0076282940360610264,0,0,0,0
setting,zalesak,circular+corner,64,0.05,construction_path,plic_fallback,25,2906,0,0,0,0,0,0,2884,0,0,0,0,0,0,0,0,0
setting,zalesak,circular+corner,64,0.05,final_facet,circular,25,2906,1741,1741,0,0.59910529938059187,0.59910529938059187,0,2884,1733,1733,0,0.60090152565880717,0.60090152565880717,0,0,0,0
setting,zalesak,circular+corner,64,0.05,final_facet,curved_corner,25,2906,251,251,0,0.086373021335168623,0.086373021335168623,0,2884,243,243,0,0.084257975034674068,0.084257975034674068,0,0,0,0
setting,zalesak,circular+corner,64,0.05,final_facet,linear,25,2906,830,830,0,0.28561596696490021,0.28561596696490021,0,2884,830,830,0,0.28779472954230234,0.28779472954230234,0,0,0,0
setting,zalesak,circular+corner,64,0.05,final_facet,linear_corner,25,2906,84,84,0,0.028905712319339298,0.028905712319339298,0,2884,78,78,0,0.027045769764216365,0.027045769764216365,0,0,0,0
setting,zalesak,circular+corner,64,0.05,merge,independent,25,2906,2862,2862,0,0.98485891259463176,0.98485891259463176,0,2884,2862,2862,0,0.99237170596393898,0.99237170596393898,0,0,0,0
setting,zalesak,circular+corner,64,0.05,merge,merged,25,2906,44,44,0,0.015141087405368204,0.015141087405368204,0,2884,22,22,0,0.0076282940360610264,0.0076282940360610264,0,0,0,0
setting,zalesak,circular+corner,64,0.05,orientation_status,oriented,25,2906,2906,2906,0,1,1,0,2884,0,0,0,0,0,0,0,0,0
setting,zalesak,circular+corner,64,0.05,orientation_status,unresolved_or_deadend,25,2906,0,0,0,0,0,0,2884,0,0,0,0,0,0,0,0,0
setting,zalesak,circular+corner,64,0.05,plic_fallback_policy,ELVIRA,25,2906,0,0,0,0,0,0,2884,0,0,0,0,0,0,0,0,0
setting,zalesak,circular+corner,64,0.05,plic_fallback_policy,LVIRA,25,2906,0,0,0,0,0,0,2884,0,0,0,0,0,0,0,0,0
setting,zalesak,circular+corner,64,0.05,plic_fallback_policy,Youngs,25,2906,0,0,0,0,0,0,2884,0,0,0,0,0,0,0,0,0
setting,zalesak,circular+corner,64,0.05,rescue,corner_arc_corner_triplet,25,2906,0,0,0,0,0,0,2884,0,0,0,0,0,0,0,0,0
setting,zalesak,circular+corner,64,0.05,rescue,curved_corner_loop,25,2906,0,0,0,0,0,0,2884,0,0,0,0,0,0,0,0,0
setting,zalesak,circular+corner,64,0.05,rescue,curved_corner_transition,25,2906,0,0,0,0,0,0,2884,0,0,0,0,0,0,0,0,0
setting,zalesak,circular+corner,64,0.05,rescue,exact_linear_support,25,2906,24,24,0,0.0082587749483826571,0.0082587749483826571,0,2884,24,24,0,0.008321775312066574,0.008321775312066574,0,24,24,0
setting,zalesak,circular+corner,64,0.1,construction_path,direct_fit,25,2913,2871,2871,0,0.98558187435633371,0.98558187435633371,0,2892,2871,2871,0,0.99273858921161828,0.99273858921161828,0,0,0,0
setting,zalesak,circular+corner,64,0.1,construction_path,merged,25,2913,42,42,0,0.014418125643666324,0.014418125643666324,0,2892,21,21,0,0.007261410788381743,0.007261410788381743,0,0,0,0
setting,zalesak,circular+corner,64,0.1,construction_path,plic_fallback,25,2913,0,0,0,0,0,0,2892,0,0,0,0,0,0,0,0,0
setting,zalesak,circular+corner,64,0.1,final_facet,circular,25,2913,1746,1746,0,0.5993820803295572,0.5993820803295572,0,2892,1738,1738,0,0.60096818810511754,0.60096818810511754,0,0,0,0
setting,zalesak,circular+corner,64,0.1,final_facet,curved_corner,25,2913,249,249,0,0.085478887744593196,0.085478887744593196,0,2892,241,241,0,0.083333333333333329,0.083333333333333329,0,0,0,0
setting,zalesak,circular+corner,64,0.1,final_facet,linear,25,2913,835,835,0,0.28664606934431858,0.28664606934431858,0,2892,835,835,0,0.2887275242047026,0.2887275242047026,0,0,0,0
setting,zalesak,circular+corner,64,0.1,final_facet,linear_corner,25,2913,83,83,0,0.028492962581531067,0.028492962581531067,0,2892,78,78,0,0.026970954356846474,0.026970954356846474,0,0,0,0
setting,zalesak,circular+corner,64,0.1,merge,independent,25,2913,2871,2871,0,0.98558187435633371,0.98558187435633371,0,2892,2871,2871,0,0.99273858921161828,0.99273858921161828,0,0,0,0
setting,zalesak,circular+corner,64,0.1,merge,merged,25,2913,42,42,0,0.014418125643666324,0.014418125643666324,0,2892,21,21,0,0.007261410788381743,0.007261410788381743,0,0,0,0
setting,zalesak,circular+corner,64,0.1,orientation_status,oriented,25,2913,2913,2913,0,1,1,0,2892,0,0,0,0,0,0,0,0,0
setting,zalesak,circular+corner,64,0.1,orientation_status,unresolved_or_deadend,25,2913,0,0,0,0,0,0,2892,0,0,0,0,0,0,0,0,0
setting,zalesak,circular+corner,64,0.1,plic_fallback_policy,ELVIRA,25,2913,0,0,0,0,0,0,2892,0,0,0,0,0,0,0,0,0
setting,zalesak,circular+corner,64,0.1,plic_fallback_policy,LVIRA,25,2913,0,0,0,0,0,0,2892,0,0,0,0,0,0,0,0,0
setting,zalesak,circular+corner,64,0.1,plic_fallback_policy,Youngs,25,2913,0,0,0,0,0,0,2892,0,0,0,0,0,0,0,0,0
setting,zalesak,circular+corner,64,0.1,rescue,corner_arc_corner_triplet,25,2913,0,0,0,0,0,0,2892,0,0,0,0,0,0,0,0,0
setting,zalesak,circular+corner,64,0.1,rescue,curved_corner_loop,25,2913,0,0,0,0,0,0,2892,0,0,0,0,0,0,0,0,0
setting,zalesak,circular+corner,64,0.1,rescue,curved_corner_transition,25,2913,0,0,0,0,0,0,2892,0,0,0,0,0,0,0,0,0
setting,zalesak,circular+corner,64,0.1,rescue,exact_linear_support,25,2913,25,25,0,0.0085822176450394781,0.0085822176450394781,0,2892,25,25,0,0.0086445366528354085,0.0086445366528354085,0,25,25,0
setting,zalesak,circular+corner,64,0.2,construction_path,direct_fit,25,2951,2901,2901,0,0.98305659098610643,0.98305659098610643,0,2926,2901,2901,0,0.99145591250854403,0.99145591250854403,0,0,0,0
setting,zalesak,circular+corner,64,0.2,construction_path,merged,25,2951,50,50,0,0.016943409013893594,0.016943409013893594,0,2926,25,25,0,0.008544087491455913,0.008544087491455913,0,0,0,0
setting,zalesak,circular+corner,64,0.2,construction_path,plic_fallback,25,2951,0,0,0,0,0,0,2926,0,0,0,0,0,0,0,0,0
setting,zalesak,circular+corner,64,0.2,final_facet,circular,25,2951,1763,1763,0,0.59742460182988821,0.59742460182988821,0,2926,1759,1759,0,0.60116199589883801,0.60116199589883801,0,0,0,0
setting,zalesak,circular+corner,64,0.2,final_facet,curved_corner,25,2951,251,251,0,0.085055913249745846,0.085055913249745846,0,2926,240,240,0,0.082023239917976762,0.082023239917976762,0,0,0,0
setting,zalesak,circular+corner,64,0.2,final_facet,linear,25,2951,858,858,0,0.29074889867841408,0.29074889867841408,0,2926,855,855,0,0.29220779220779219,0.29220779220779219,0,0,0,0
setting,zalesak,circular+corner,64,0.2,final_facet,linear_corner,25,2951,79,79,0,0.026770586241951881,0.026770586241951881,0,2926,72,72,0,0.024606971975393029,0.024606971975393029,0,0,0,0
setting,zalesak,circular+corner,64,0.2,merge,independent,25,2951,2901,2901,0,0.98305659098610643,0.98305659098610643,0,2926,2901,2901,0,0.99145591250854403,0.99145591250854403,0,0,0,0
setting,zalesak,circular+corner,64,0.2,merge,merged,25,2951,50,50,0,0.016943409013893594,0.016943409013893594,0,2926,25,25,0,0.008544087491455913,0.008544087491455913,0,0,0,0
setting,zalesak,circular+corner,64,0.2,orientation_status,oriented,25,2951,2951,2951,0,1,1,0,2926,0,0,0,0,0,0,0,0,0
setting,zalesak,circular+corner,64,0.2,orientation_status,unresolved_or_deadend,25,2951,0,0,0,0,0,0,2926,0,0,0,0,0,0,0,0,0
setting,zalesak,circular+corner,64,0.2,plic_fallback_policy,ELVIRA,25,2951,0,0,0,0,0,0,2926,0,0,0,0,0,0,0,0,0
setting,zalesak,circular+corner,64,0.2,plic_fallback_policy,LVIRA,25,2951,0,0,0,0,0,0,2926,0,0,0,0,0,0,0,0,0
setting,zalesak,circular+corner,64,0.2,plic_fallback_policy,Youngs,25,2951,0,0,0,0,0,0,2926,0,0,0,0,0,0,0,0,0
setting,zalesak,circular+corner,64,0.2,rescue,corner_arc_corner_triplet,25,2951,0,0,0,0,0,0,2926,0,0,0,0,0,0,0,0,0
setting,zalesak,circular+corner,64,0.2,rescue,curved_corner_loop,25,2951,0,0,0,0,0,0,2926,0,0,0,0,0,0,0,0,0
setting,zalesak,circular+corner,64,0.2,rescue,curved_corner_transition,25,2951,0,0,0,0,0,0,2926,0,0,0,0,0,0,0,0,0
setting,zalesak,circular+corner,64,0.2,rescue,exact_linear_support,25,2951,28,28,0,0.0094883090477804136,0.0094883090477804136,0,2926,26,26,0,0.0088858509911141498,0.0088858509911141498,0,26,26,0
setting,zalesak,circular+corner,64,0.3,construction_path,direct_fit,25,2985,2935,2935,0,0.98324958123953099,0.98324958123953099,0,2960,2935,2935,0,0.99155405405405406,0.99155405405405406,0,0,0,0
setting,zalesak,circular+corner,64,0.3,construction_path,merged,25,2985,50,50,0,0.01675041876046901,0.01675041876046901,0,2960,25,25,0,0.0084459459459459464,0.0084459459459459464,0,0,0,0
setting,zalesak,circular+corner,64,0.3,construction_path,plic_fallback,25,2985,0,0,0,0,0,0,2960,0,0,0,0,0,0,0,0,0
setting,zalesak,circular+corner,64,0.3,final_facet,circular,25,2985,1783,1783,0,0.59731993299832498,0.59731993299832498,0,2960,1778,1778,0,0.6006756756756757,0.6006756756756757,0,0,0,0
setting,zalesak,circular+corner,64,0.3,final_facet,curved_corner,25,2985,254,254,0,0.08509212730318258,0.08509212730318258,0,2960,242,242,0,0.081756756756756754,0.081756756756756754,0,0,0,0
setting,zalesak,circular+corner,64,0.3,final_facet,linear,25,2985,865,865,0,0.2897822445561139,0.2897822445561139,0,2960,863,863,0,0.29155405405405405,0.29155405405405405,0,0,0,0
setting,zalesak,circular+corner,64,0.3,final_facet,linear_corner,25,2985,83,83,0,0.027805695142378559,0.027805695142378559,0,2960,77,77,0,0.026013513513513515,0.026013513513513515,0,0,0,0
setting,zalesak,circular+corner,64,0.3,merge,independent,25,2985,2935,2935,0,0.98324958123953099,0.98324958123953099,0,2960,2935,2935,0,0.99155405405405406,0.99155405405405406,0,0,0,0
setting,zalesak,circular+corner,64,0.3,merge,merged,25,2985,50,50,0,0.01675041876046901,0.01675041876046901,0,2960,25,25,0,0.0084459459459459464,0.0084459459459459464,0,0,0,0
setting,zalesak,circular+corner,64,0.3,orientation_status,oriented,25,2985,2985,2985,0,1,1,0,2960,0,0,0,0,0,0,0,0,0
setting,zalesak,circular+corner,64,0.3,orientation_status,unresolved_or_deadend,25,2985,0,0,0,0,0,0,2960,0,0,0,0,0,0,0,0,0
setting,zalesak,circular+corner,64,0.3,plic_fallback_policy,ELVIRA,25,2985,0,0,0,0,0,0,2960,0,0,0,0,0,0,0,0,0
setting,zalesak,circular+corner,64,0.3,plic_fallback_policy,LVIRA,25,2985,0,0,0,0,0,0,2960,0,0,0,0,0,0,0,0,0
setting,zalesak,circular+corner,64,0.3,plic_fallback_policy,Youngs,25,2985,0,0,0,0,0,0,2960,0,0,0,0,0,0,0,0,0
setting,zalesak,circular+corner,64,0.3,rescue,corner_arc_corner_triplet,25,2985,0,0,0,0,0,0,2960,0,0,0,0,0,0,0,0,0
setting,zalesak,circular+corner,64,0.3,rescue,curved_corner_loop,25,2985,0,0,0,0,0,0,2960,0,0,0,0,0,0,0,0,0
setting,zalesak,circular+corner,64,0.3,rescue,curved_corner_transition,25,2985,0,0,0,0,0,0,2960,0,0,0,0,0,0,0,0,0
setting,zalesak,circular+corner,64,0.3,rescue,exact_linear_support,25,2985,26,26,0,0.0087102177554438855,0.0087102177554438855,0,2960,24,24,0,0.0081081081081081086,0.0081081081081081086,0,24,24,0
setting,zalesak,linear,100,0,construction_path,direct_fit,25,4545,4511,4511,0,0.99251925192519252,0.99251925192519252,0,4528,4511,4511,0,0.99624558303886923,0.99624558303886923,0,0,0,0
setting,zalesak,linear,100,0,construction_path,merged,25,4545,34,34,0,0.0074807480748074811,0.0074807480748074811,0,4528,17,17,0,0.0037544169611307418,0.0037544169611307418,0,0,0,0
setting,zalesak,linear,100,0,construction_path,plic_fallback,25,4545,0,0,0,0,0,0,4528,0,0,0,0,0,0,0,0,0
setting,zalesak,linear,100,0,final_facet,circular,25,4545,0,0,0,0,0,0,4528,0,0,0,0,0,0,0,0,0
setting,zalesak,linear,100,0,final_facet,curved_corner,25,4545,0,0,0,0,0,0,4528,0,0,0,0,0,0,0,0,0
setting,zalesak,linear,100,0,final_facet,linear,25,4545,4545,4545,0,1,1,0,4528,4528,4528,0,1,1,0,0,0,0
setting,zalesak,linear,100,0,final_facet,linear_corner,25,4545,0,0,0,0,0,0,4528,0,0,0,0,0,0,0,0,0
setting,zalesak,linear,100,0,merge,independent,25,4545,4511,4511,0,0.99251925192519252,0.99251925192519252,0,4528,4511,4511,0,0.99624558303886923,0.99624558303886923,0,0,0,0
setting,zalesak,linear,100,0,merge,merged,25,4545,34,34,0,0.0074807480748074811,0.0074807480748074811,0,4528,17,17,0,0.0037544169611307418,0.0037544169611307418,0,0,0,0
setting,zalesak,linear,100,0,orientation_status,oriented,25,4545,4545,4545,0,1,1,0,4528,0,0,0,0,0,0,0,0,0
setting,zalesak,linear,100,0,orientation_status,unresolved_or_deadend,25,4545,0,0,0,0,0,0,4528,0,0,0,0,0,0,0,0,0
setting,zalesak,linear,100,0,plic_fallback_policy,ELVIRA,25,4545,0,0,0,0,0,0,4528,0,0,0,0,0,0,0,0,0
setting,zalesak,linear,100,0,plic_fallback_policy,LVIRA,25,4545,0,0,0,0,0,0,4528,0,0,0,0,0,0,0,0,0
setting,zalesak,linear,100,0,plic_fallback_policy,Youngs,25,4545,0,0,0,0,0,0,4528,0,0,0,0,0,0,0,0,0
setting,zalesak,linear,100,0,rescue,corner_arc_corner_triplet,25,4545,0,0,0,0,0,0,4528,0,0,0,0,0,0,0,0,0
setting,zalesak,linear,100,0,rescue,curved_corner_loop,25,4545,0,0,0,0,0,0,4528,0,0,0,0,0,0,0,0,0
setting,zalesak,linear,100,0,rescue,curved_corner_transition,25,4545,0,0,0,0,0,0,4528,0,0,0,0,0,0,0,0,0
setting,zalesak,linear,100,0,rescue,exact_linear_support,25,4545,0,0,0,0,0,0,4528,0,0,0,0,0,0,0,0,0
setting,zalesak,linear,100,0.05,construction_path,direct_fit,25,4549,4519,4519,0,0.99340514398768964,0.99340514398768964,0,4534,4519,4519,0,0.99669166299073664,0.99669166299073664,0,0,0,0
setting,zalesak,linear,100,0.05,construction_path,merged,25,4549,30,30,0,0.006594856012310398,0.006594856012310398,0,4534,15,15,0,0.0033083370092633437,0.0033083370092633437,0,0,0,0
setting,zalesak,linear,100,0.05,construction_path,plic_fallback,25,4549,0,0,0,0,0,0,4534,0,0,0,0,0,0,0,0,0
setting,zalesak,linear,100,0.05,final_facet,circular,25,4549,0,0,0,0,0,0,4534,0,0,0,0,0,0,0,0,0
setting,zalesak,linear,100,0.05,final_facet,curved_corner,25,4549,0,0,0,0,0,0,4534,0,0,0,0,0,0,0,0,0
setting,zalesak,linear,100,0.05,final_facet,linear,25,4549,4549,4549,0,1,1,0,4534,4534,4534,0,1,1,0,0,0,0
setting,zalesak,linear,100,0.05,final_facet,linear_corner,25,4549,0,0,0,0,0,0,4534,0,0,0,0,0,0,0,0,0
setting,zalesak,linear,100,0.05,merge,independent,25,4549,4519,4519,0,0.99340514398768964,0.99340514398768964,0,4534,4519,4519,0,0.99669166299073664,0.99669166299073664,0,0,0,0
setting,zalesak,linear,100,0.05,merge,merged,25,4549,30,30,0,0.006594856012310398,0.006594856012310398,0,4534,15,15,0,0.0033083370092633437,0.0033083370092633437,0,0,0,0
setting,zalesak,linear,100,0.05,orientation_status,oriented,25,4549,4549,4549,0,1,1,0,4534,0,0,0,0,0,0,0,0,0
setting,zalesak,linear,100,0.05,orientation_status,unresolved_or_deadend,25,4549,0,0,0,0,0,0,4534,0,0,0,0,0,0,0,0,0
setting,zalesak,linear,100,0.05,plic_fallback_policy,ELVIRA,25,4549,0,0,0,0,0,0,4534,0,0,0,0,0,0,0,0,0
setting,zalesak,linear,100,0.05,plic_fallback_policy,LVIRA,25,4549,0,0,0,0,0,0,4534,0,0,0,0,0,0,0,0,0
setting,zalesak,linear,100,0.05,plic_fallback_policy,Youngs,25,4549,0,0,0,0,0,0,4534,0,0,0,0,0,0,0,0,0
setting,zalesak,linear,100,0.05,rescue,corner_arc_corner_triplet,25,4549,0,0,0,0,0,0,4534,0,0,0,0,0,0,0,0,0
setting,zalesak,linear,100,0.05,rescue,curved_corner_loop,25,4549,0,0,0,0,0,0,4534,0,0,0,0,0,0,0,0,0
setting,zalesak,linear,100,0.05,rescue,curved_corner_transition,25,4549,0,0,0,0,0,0,4534,0,0,0,0,0,0,0,0,0
setting,zalesak,linear,100,0.05,rescue,exact_linear_support,25,4549,0,0,0,0,0,0,4534,0,0,0,0,0,0,0,0,0
setting,zalesak,linear,100,0.1,construction_path,direct_fit,25,4576,4548,4548,0,0.99388111888111885,0.99388111888111885,0,4562,4548,4548,0,0.99693117053923719,0.99693117053923719,0,0,0,0
setting,zalesak,linear,100,0.1,construction_path,merged,25,4576,28,28,0,0.006118881118881119,0.006118881118881119,0,4562,14,14,0,0.0030688294607628232,0.0030688294607628232,0,0,0,0
setting,zalesak,linear,100,0.1,construction_path,plic_fallback,25,4576,0,0,0,0,0,0,4562,0,0,0,0,0,0,0,0,0
setting,zalesak,linear,100,0.1,final_facet,circular,25,4576,0,0,0,0,0,0,4562,0,0,0,0,0,0,0,0,0
setting,zalesak,linear,100,0.1,final_facet,curved_corner,25,4576,0,0,0,0,0,0,4562,0,0,0,0,0,0,0,0,0
setting,zalesak,linear,100,0.1,final_facet,linear,25,4576,4576,4576,0,1,1,0,4562,4562,4562,0,1,1,0,0,0,0
setting,zalesak,linear,100,0.1,final_facet,linear_corner,25,4576,0,0,0,0,0,0,4562,0,0,0,0,0,0,0,0,0
setting,zalesak,linear,100,0.1,merge,independent,25,4576,4548,4548,0,0.99388111888111885,0.99388111888111885,0,4562,4548,4548,0,0.99693117053923719,0.99693117053923719,0,0,0,0
setting,zalesak,linear,100,0.1,merge,merged,25,4576,28,28,0,0.006118881118881119,0.006118881118881119,0,4562,14,14,0,0.0030688294607628232,0.0030688294607628232,0,0,0,0
setting,zalesak,linear,100,0.1,orientation_status,oriented,25,4576,4576,4576,0,1,1,0,4562,0,0,0,0,0,0,0,0,0
setting,zalesak,linear,100,0.1,orientation_status,unresolved_or_deadend,25,4576,0,0,0,0,0,0,4562,0,0,0,0,0,0,0,0,0
setting,zalesak,linear,100,0.1,plic_fallback_policy,ELVIRA,25,4576,0,0,0,0,0,0,4562,0,0,0,0,0,0,0,0,0
setting,zalesak,linear,100,0.1,plic_fallback_policy,LVIRA,25,4576,0,0,0,0,0,0,4562,0,0,0,0,0,0,0,0,0
setting,zalesak,linear,100,0.1,plic_fallback_policy,Youngs,25,4576,0,0,0,0,0,0,4562,0,0,0,0,0,0,0,0,0
setting,zalesak,linear,100,0.1,rescue,corner_arc_corner_triplet,25,4576,0,0,0,0,0,0,4562,0,0,0,0,0,0,0,0,0
setting,zalesak,linear,100,0.1,rescue,curved_corner_loop,25,4576,0,0,0,0,0,0,4562,0,0,0,0,0,0,0,0,0
setting,zalesak,linear,100,0.1,rescue,curved_corner_transition,25,4576,0,0,0,0,0,0,4562,0,0,0,0,0,0,0,0,0
setting,zalesak,linear,100,0.1,rescue,exact_linear_support,25,4576,0,0,0,0,0,0,4562,0,0,0,0,0,0,0,0,0
setting,zalesak,linear,100,0.2,construction_path,direct_fit,25,4630,4593,4593,0,0.9920086393088553,0.9920086393088553,0,4613,4593,4593,0,0.99566442662042054,0.99566442662042054,0,0,0,0
setting,zalesak,linear,100,0.2,construction_path,merged,25,4630,34,34,0,0.00734341252699784,0.00734341252699784,0,4613,17,17,0,0.0036852373726425319,0.0036852373726425319,0,0,0,0
setting,zalesak,linear,100,0.2,construction_path,plic_fallback,25,4630,3,3,0,0.00064794816414686827,0.00064794816414686827,0,4613,3,3,0,0.00065033600693691746,0.00065033600693691746,0,0,0,0
setting,zalesak,linear,100,0.2,final_facet,circular,25,4630,0,0,0,0,0,0,4613,0,0,0,0,0,0,0,0,0
setting,zalesak,linear,100,0.2,final_facet,curved_corner,25,4630,0,0,0,0,0,0,4613,0,0,0,0,0,0,0,0,0
setting,zalesak,linear,100,0.2,final_facet,linear,25,4630,4630,4630,0,1,1,0,4613,4613,4613,0,1,1,0,0,0,0
setting,zalesak,linear,100,0.2,final_facet,linear_corner,25,4630,0,0,0,0,0,0,4613,0,0,0,0,0,0,0,0,0
setting,zalesak,linear,100,0.2,merge,independent,25,4630,4596,4596,0,0.99265658747300212,0.99265658747300212,0,4613,4596,4596,0,0.99631476262735752,0.99631476262735752,0,0,0,0
setting,zalesak,linear,100,0.2,merge,merged,25,4630,34,34,0,0.00734341252699784,0.00734341252699784,0,4613,17,17,0,0.0036852373726425319,0.0036852373726425319,0,0,0,0
setting,zalesak,linear,100,0.2,orientation_status,oriented,25,4630,4627,4627,0,0.99935205183585318,0.99935205183585318,0,4613,0,0,0,0,0,0,0,0,0
setting,zalesak,linear,100,0.2,orientation_status,unresolved_or_deadend,25,4630,3,3,0,0.00064794816414686827,0.00064794816414686827,0,4613,0,0,0,0,0,0,0,0,0
setting,zalesak,linear,100,0.2,plic_fallback_policy,ELVIRA,25,4630,0,0,0,0,0,0,4613,0,0,0,0,0,0,0,0,0
setting,zalesak,linear,100,0.2,plic_fallback_policy,LVIRA,25,4630,3,3,0,0.00064794816414686827,0.00064794816414686827,0,4613,3,3,0,0.00065033600693691746,0.00065033600693691746,0,3,3,0
setting,zalesak,linear,100,0.2,plic_fallback_policy,Youngs,25,4630,0,0,0,0,0,0,4613,0,0,0,0,0,0,0,0,0
setting,zalesak,linear,100,0.2,rescue,corner_arc_corner_triplet,25,4630,0,0,0,0,0,0,4613,0,0,0,0,0,0,0,0,0
setting,zalesak,linear,100,0.2,rescue,curved_corner_loop,25,4630,0,0,0,0,0,0,4613,0,0,0,0,0,0,0,0,0
setting,zalesak,linear,100,0.2,rescue,curved_corner_transition,25,4630,0,0,0,0,0,0,4613,0,0,0,0,0,0,0,0,0
setting,zalesak,linear,100,0.2,rescue,exact_linear_support,25,4630,0,0,0,0,0,0,4613,0,0,0,0,0,0,0,0,0
setting,zalesak,linear,100,0.3,construction_path,direct_fit,25,4706,4666,4666,0,0.99150021249468767,0.99150021249468767,0,4688,4666,4666,0,0.99530716723549484,0.99530716723549484,0,0,0,0
setting,zalesak,linear,100,0.3,construction_path,merged,25,4706,36,36,0,0.0076498087547811301,0.0076498087547811301,0,4688,18,18,0,0.0038395904436860067,0.0038395904436860067,0,0,0,0
setting,zalesak,linear,100,0.3,construction_path,plic_fallback,25,4706,4,4,0,0.0008499787505312367,0.0008499787505312367,0,4688,4,4,0,0.00085324232081911264,0.00085324232081911264,0,0,0,0
setting,zalesak,linear,100,0.3,final_facet,circular,25,4706,0,0,0,0,0,0,4688,0,0,0,0,0,0,0,0,0
setting,zalesak,linear,100,0.3,final_facet,curved_corner,25,4706,0,0,0,0,0,0,4688,0,0,0,0,0,0,0,0,0
setting,zalesak,linear,100,0.3,final_facet,linear,25,4706,4706,4706,0,1,1,0,4688,4688,4688,0,1,1,0,0,0,0
setting,zalesak,linear,100,0.3,final_facet,linear_corner,25,4706,0,0,0,0,0,0,4688,0,0,0,0,0,0,0,0,0
setting,zalesak,linear,100,0.3,merge,independent,25,4706,4670,4670,0,0.99235019124521884,0.99235019124521884,0,4688,4670,4670,0,0.99616040955631402,0.99616040955631402,0,0,0,0
setting,zalesak,linear,100,0.3,merge,merged,25,4706,36,36,0,0.0076498087547811301,0.0076498087547811301,0,4688,18,18,0,0.0038395904436860067,0.0038395904436860067,0,0,0,0
setting,zalesak,linear,100,0.3,orientation_status,oriented,25,4706,4702,4702,0,0.99915002124946872,0.99915002124946872,0,4688,0,0,0,0,0,0,0,0,0
setting,zalesak,linear,100,0.3,orientation_status,unresolved_or_deadend,25,4706,4,4,0,0.0008499787505312367,0.0008499787505312367,0,4688,0,0,0,0,0,0,0,0,0
setting,zalesak,linear,100,0.3,plic_fallback_policy,ELVIRA,25,4706,0,0,0,0,0,0,4688,0,0,0,0,0,0,0,0,0
setting,zalesak,linear,100,0.3,plic_fallback_policy,LVIRA,25,4706,4,4,0,0.0008499787505312367,0.0008499787505312367,0,4688,4,4,0,0.00085324232081911264,0.00085324232081911264,0,4,4,0
setting,zalesak,linear,100,0.3,plic_fallback_policy,Youngs,25,4706,0,0,0,0,0,0,4688,0,0,0,0,0,0,0,0,0
setting,zalesak,linear,100,0.3,rescue,corner_arc_corner_triplet,25,4706,0,0,0,0,0,0,4688,0,0,0,0,0,0,0,0,0
setting,zalesak,linear,100,0.3,rescue,curved_corner_loop,25,4706,0,0,0,0,0,0,4688,0,0,0,0,0,0,0,0,0
setting,zalesak,linear,100,0.3,rescue,curved_corner_transition,25,4706,0,0,0,0,0,0,4688,0,0,0,0,0,0,0,0,0
setting,zalesak,linear,100,0.3,rescue,exact_linear_support,25,4706,0,0,0,0,0,0,4688,0,0,0,0,0,0,0,0,0
setting,zalesak,linear,128,0,construction_path,direct_fit,25,5816,5788,5788,0,0.99518569463548834,0.99518569463548834,0,5802,5788,5788,0,0.99758703895208545,0.99758703895208545,0,0,0,0
setting,zalesak,linear,128,0,construction_path,merged,25,5816,28,28,0,0.0048143053645116922,0.0048143053645116922,0,5802,14,14,0,0.0024129610479145121,0.0024129610479145121,0,0,0,0
setting,zalesak,linear,128,0,construction_path,plic_fallback,25,5816,0,0,0,0,0,0,5802,0,0,0,0,0,0,0,0,0
setting,zalesak,linear,128,0,final_facet,circular,25,5816,0,0,0,0,0,0,5802,0,0,0,0,0,0,0,0,0
setting,zalesak,linear,128,0,final_facet,curved_corner,25,5816,0,0,0,0,0,0,5802,0,0,0,0,0,0,0,0,0
setting,zalesak,linear,128,0,final_facet,linear,25,5816,5816,5816,0,1,1,0,5802,5802,5802,0,1,1,0,0,0,0
setting,zalesak,linear,128,0,final_facet,linear_corner,25,5816,0,0,0,0,0,0,5802,0,0,0,0,0,0,0,0,0
setting,zalesak,linear,128,0,merge,independent,25,5816,5788,5788,0,0.99518569463548834,0.99518569463548834,0,5802,5788,5788,0,0.99758703895208545,0.99758703895208545,0,0,0,0
setting,zalesak,linear,128,0,merge,merged,25,5816,28,28,0,0.0048143053645116922,0.0048143053645116922,0,5802,14,14,0,0.0024129610479145121,0.0024129610479145121,0,0,0,0
setting,zalesak,linear,128,0,orientation_status,oriented,25,5816,5816,5816,0,1,1,0,5802,0,0,0,0,0,0,0,0,0
setting,zalesak,linear,128,0,orientation_status,unresolved_or_deadend,25,5816,0,0,0,0,0,0,5802,0,0,0,0,0,0,0,0,0
setting,zalesak,linear,128,0,plic_fallback_policy,ELVIRA,25,5816,0,0,0,0,0,0,5802,0,0,0,0,0,0,0,0,0
setting,zalesak,linear,128,0,plic_fallback_policy,LVIRA,25,5816,0,0,0,0,0,0,5802,0,0,0,0,0,0,0,0,0
setting,zalesak,linear,128,0,plic_fallback_policy,Youngs,25,5816,0,0,0,0,0,0,5802,0,0,0,0,0,0,0,0,0
setting,zalesak,linear,128,0,rescue,corner_arc_corner_triplet,25,5816,0,0,0,0,0,0,5802,0,0,0,0,0,0,0,0,0
setting,zalesak,linear,128,0,rescue,curved_corner_loop,25,5816,0,0,0,0,0,0,5802,0,0,0,0,0,0,0,0,0
setting,zalesak,linear,128,0,rescue,curved_corner_transition,25,5816,0,0,0,0,0,0,5802,0,0,0,0,0,0,0,0,0
setting,zalesak,linear,128,0,rescue,exact_linear_support,25,5816,0,0,0,0,0,0,5802,0,0,0,0,0,0,0,0,0
setting,zalesak,linear,128,0.05,construction_path,direct_fit,25,5823,5797,5797,0,0.99553494762150097,0.99553494762150097,0,5810,5797,5797,0,0.99776247848537003,0.99776247848537003,0,0,0,0
setting,zalesak,linear,128,0.05,construction_path,merged,25,5823,26,26,0,0.0044650523784990556,0.0044650523784990556,0,5810,13,13,0,0.0022375215146299482,0.0022375215146299482,0,0,0,0
setting,zalesak,linear,128,0.05,construction_path,plic_fallback,25,5823,0,0,0,0,0,0,5810,0,0,0,0,0,0,0,0,0
setting,zalesak,linear,128,0.05,final_facet,circular,25,5823,0,0,0,0,0,0,5810,0,0,0,0,0,0,0,0,0
setting,zalesak,linear,128,0.05,final_facet,curved_corner,25,5823,0,0,0,0,0,0,5810,0,0,0,0,0,0,0,0,0
setting,zalesak,linear,128,0.05,final_facet,linear,25,5823,5823,5823,0,1,1,0,5810,5810,5810,0,1,1,0,0,0,0
setting,zalesak,linear,128,0.05,final_facet,linear_corner,25,5823,0,0,0,0,0,0,5810,0,0,0,0,0,0,0,0,0
setting,zalesak,linear,128,0.05,merge,independent,25,5823,5797,5797,0,0.99553494762150097,0.99553494762150097,0,5810,5797,5797,0,0.99776247848537003,0.99776247848537003,0,0,0,0
setting,zalesak,linear,128,0.05,merge,merged,25,5823,26,26,0,0.0044650523784990556,0.0044650523784990556,0,5810,13,13,0,0.0022375215146299482,0.0022375215146299482,0,0,0,0
setting,zalesak,linear,128,0.05,orientation_status,oriented,25,5823,5823,5823,0,1,1,0,5810,0,0,0,0,0,0,0,0,0
setting,zalesak,linear,128,0.05,orientation_status,unresolved_or_deadend,25,5823,0,0,0,0,0,0,5810,0,0,0,0,0,0,0,0,0
setting,zalesak,linear,128,0.05,plic_fallback_policy,ELVIRA,25,5823,0,0,0,0,0,0,5810,0,0,0,0,0,0,0,0,0
setting,zalesak,linear,128,0.05,plic_fallback_policy,LVIRA,25,5823,0,0,0,0,0,0,5810,0,0,0,0,0,0,0,0,0
setting,zalesak,linear,128,0.05,plic_fallback_policy,Youngs,25,5823,0,0,0,0,0,0,5810,0,0,0,0,0,0,0,0,0
setting,zalesak,linear,128,0.05,rescue,corner_arc_corner_triplet,25,5823,0,0,0,0,0,0,5810,0,0,0,0,0,0,0,0,0
setting,zalesak,linear,128,0.05,rescue,curved_corner_loop,25,5823,0,0,0,0,0,0,5810,0,0,0,0,0,0,0,0,0
setting,zalesak,linear,128,0.05,rescue,curved_corner_transition,25,5823,0,0,0,0,0,0,5810,0,0,0,0,0,0,0,0,0
setting,zalesak,linear,128,0.05,rescue,exact_linear_support,25,5823,0,0,0,0,0,0,5810,0,0,0,0,0,0,0,0,0
setting,zalesak,linear,128,0.1,construction_path,direct_fit,25,5842,5812,5812,0,0.99486477233824033,0.99486477233824033,0,5828,5812,5812,0,0.997254632807138,0.997254632807138,0,0,0,0
setting,zalesak,linear,128,0.1,construction_path,merged,25,5842,28,28,0,0.0047928791509756936,0.0047928791509756936,0,5828,14,14,0,0.0024021962937542897,0.0024021962937542897,0,0,0,0
setting,zalesak,linear,128,0.1,construction_path,plic_fallback,25,5842,2,2,0,0.00034234851078397807,0.00034234851078397807,0,5828,2,2,0,0.00034317089910775565,0.00034317089910775565,0,0,0,0
setting,zalesak,linear,128,0.1,final_facet,circular,25,5842,0,0,0,0,0,0,5828,0,0,0,0,0,0,0,0,0
setting,zalesak,linear,128,0.1,final_facet,curved_corner,25,5842,0,0,0,0,0,0,5828,0,0,0,0,0,0,0,0,0
setting,zalesak,linear,128,0.1,final_facet,linear,25,5842,5842,5842,0,1,1,0,5828,5828,5828,0,1,1,0,0,0,0
setting,zalesak,linear,128,0.1,final_facet,linear_corner,25,5842,0,0,0,0,0,0,5828,0,0,0,0,0,0,0,0,0
setting,zalesak,linear,128,0.1,merge,independent,25,5842,5814,5814,0,0.9952071208490243,0.9952071208490243,0,5828,5814,5814,0,0.99759780370624573,0.99759780370624573,0,0,0,0
setting,zalesak,linear,128,0.1,merge,merged,25,5842,28,28,0,0.0047928791509756936,0.0047928791509756936,0,5828,14,14,0,0.0024021962937542897,0.0024021962937542897,0,0,0,0
setting,zalesak,linear,128,0.1,orientation_status,oriented,25,5842,5840,5840,0,0.99965765148921604,0.99965765148921604,0,5828,0,0,0,0,0,0,0,0,0
setting,zalesak,linear,128,0.1,orientation_status,unresolved_or_deadend,25,5842,2,2,0,0.00034234851078397807,0.00034234851078397807,0,5828,0,0,0,0,0,0,0,0,0
setting,zalesak,linear,128,0.1,plic_fallback_policy,ELVIRA,25,5842,0,0,0,0,0,0,5828,0,0,0,0,0,0,0,0,0
setting,zalesak,linear,128,0.1,plic_fallback_policy,LVIRA,25,5842,2,2,0,0.00034234851078397807,0.00034234851078397807,0,5828,2,2,0,0.00034317089910775565,0.00034317089910775565,0,2,2,0
setting,zalesak,linear,128,0.1,plic_fallback_policy,Youngs,25,5842,0,0,0,0,0,0,5828,0,0,0,0,0,0,0,0,0
setting,zalesak,linear,128,0.1,rescue,corner_arc_corner_triplet,25,5842,0,0,0,0,0,0,5828,0,0,0,0,0,0,0,0,0
setting,zalesak,linear,128,0.1,rescue,curved_corner_loop,25,5842,0,0,0,0,0,0,5828,0,0,0,0,0,0,0,0,0
setting,zalesak,linear,128,0.1,rescue,curved_corner_transition,25,5842,0,0,0,0,0,0,5828,0,0,0,0,0,0,0,0,0
setting,zalesak,linear,128,0.1,rescue,exact_linear_support,25,5842,0,0,0,0,0,0,5828,0,0,0,0,0,0,0,0,0
setting,zalesak,linear,128,0.2,construction_path,direct_fit,25,5911,5878,5878,0,0.99441718829301307,0.99441718829301307,0,5895,5878,5878,0,0.99711620016963531,0.99711620016963531,0,0,0,0
setting,zalesak,linear,128,0.2,construction_path,merged,25,5911,32,32,0,0.0054136355946540352,0.0054136355946540352,0,5895,16,16,0,0.0027141645462256149,0.0027141645462256149,0,0,0,0
setting,zalesak,linear,128,0.2,construction_path,plic_fallback,25,5911,1,1,0,0.0001691761123329386,0.0001691761123329386,0,5895,1,1,0,0.00016963528413910093,0.00016963528413910093,0,0,0,0
setting,zalesak,linear,128,0.2,final_facet,circular,25,5911,0,0,0,0,0,0,5895,0,0,0,0,0,0,0,0,0
setting,zalesak,linear,128,0.2,final_facet,curved_corner,25,5911,0,0,0,0,0,0,5895,0,0,0,0,0,0,0,0,0
setting,zalesak,linear,128,0.2,final_facet,linear,25,5911,5911,5911,0,1,1,0,5895,5895,5895,0,1,1,0,0,0,0
setting,zalesak,linear,128,0.2,final_facet,linear_corner,25,5911,0,0,0,0,0,0,5895,0,0,0,0,0,0,0,0,0
setting,zalesak,linear,128,0.2,merge,independent,25,5911,5879,5879,0,0.99458636440534598,0.99458636440534598,0,5895,5879,5879,0,0.99728583545377436,0.99728583545377436,0,0,0,0
setting,zalesak,linear,128,0.2,merge,merged,25,5911,32,32,0,0.0054136355946540352,0.0054136355946540352,0,5895,16,16,0,0.0027141645462256149,0.0027141645462256149,0,0,0,0
setting,zalesak,linear,128,0.2,orientation_status,oriented,25,5911,5910,5910,0,0.99983082388766709,0.99983082388766709,0,5895,0,0,0,0,0,0,0,0,0
setting,zalesak,linear,128,0.2,orientation_status,unresolved_or_deadend,25,5911,1,1,0,0.0001691761123329386,0.0001691761123329386,0,5895,0,0,0,0,0,0,0,0,0
setting,zalesak,linear,128,0.2,plic_fallback_policy,ELVIRA,25,5911,0,0,0,0,0,0,5895,0,0,0,0,0,0,0,0,0
setting,zalesak,linear,128,0.2,plic_fallback_policy,LVIRA,25,5911,1,1,0,0.0001691761123329386,0.0001691761123329386,0,5895,1,1,0,0.00016963528413910093,0.00016963528413910093,0,1,1,0
setting,zalesak,linear,128,0.2,plic_fallback_policy,Youngs,25,5911,0,0,0,0,0,0,5895,0,0,0,0,0,0,0,0,0
setting,zalesak,linear,128,0.2,rescue,corner_arc_corner_triplet,25,5911,0,0,0,0,0,0,5895,0,0,0,0,0,0,0,0,0
setting,zalesak,linear,128,0.2,rescue,curved_corner_loop,25,5911,0,0,0,0,0,0,5895,0,0,0,0,0,0,0,0,0
setting,zalesak,linear,128,0.2,rescue,curved_corner_transition,25,5911,0,0,0,0,0,0,5895,0,0,0,0,0,0,0,0,0
setting,zalesak,linear,128,0.2,rescue,exact_linear_support,25,5911,0,0,0,0,0,0,5895,0,0,0,0,0,0,0,0,0
setting,zalesak,linear,128,0.3,construction_path,direct_fit,25,6020,5979,5979,0,0.99318936877076414,0.99318936877076414,0,6001,5979,5979,0,0.99633394434260958,0.99633394434260958,0,0,0,0
setting,zalesak,linear,128,0.3,construction_path,merged,25,6020,38,38,0,0.0063122923588039871,0.0063122923588039871,0,6001,19,19,0,0.0031661389768371938,0.0031661389768371938,0,0,0,0
setting,zalesak,linear,128,0.3,construction_path,plic_fallback,25,6020,3,3,0,0.00049833887043189363,0.00049833887043189363,0,6001,3,3,0,0.00049991668055324114,0.00049991668055324114,0,0,0,0
setting,zalesak,linear,128,0.3,final_facet,circular,25,6020,0,0,0,0,0,0,6001,0,0,0,0,0,0,0,0,0
setting,zalesak,linear,128,0.3,final_facet,curved_corner,25,6020,0,0,0,0,0,0,6001,0,0,0,0,0,0,0,0,0
setting,zalesak,linear,128,0.3,final_facet,linear,25,6020,6020,6020,0,1,1,0,6001,6001,6001,0,1,1,0,0,0,0
setting,zalesak,linear,128,0.3,final_facet,linear_corner,25,6020,0,0,0,0,0,0,6001,0,0,0,0,0,0,0,0,0
setting,zalesak,linear,128,0.3,merge,independent,25,6020,5982,5982,0,0.99368770764119596,0.99368770764119596,0,6001,5982,5982,0,0.99683386102316285,0.99683386102316285,0,0,0,0
setting,zalesak,linear,128,0.3,merge,merged,25,6020,38,38,0,0.0063122923588039871,0.0063122923588039871,0,6001,19,19,0,0.0031661389768371938,0.0031661389768371938,0,0,0,0
setting,zalesak,linear,128,0.3,orientation_status,oriented,25,6020,6017,6017,0,0.99950166112956806,0.99950166112956806,0,6001,0,0,0,0,0,0,0,0,0
setting,zalesak,linear,128,0.3,orientation_status,unresolved_or_deadend,25,6020,3,3,0,0.00049833887043189363,0.00049833887043189363,0,6001,0,0,0,0,0,0,0,0,0
setting,zalesak,linear,128,0.3,plic_fallback_policy,ELVIRA,25,6020,0,0,0,0,0,0,6001,0,0,0,0,0,0,0,0,0
setting,zalesak,linear,128,0.3,plic_fallback_policy,LVIRA,25,6020,3,3,0,0.00049833887043189363,0.00049833887043189363,0,6001,3,3,0,0.00049991668055324114,0.00049991668055324114,0,3,3,0
setting,zalesak,linear,128,0.3,plic_fallback_policy,Youngs,25,6020,0,0,0,0,0,0,6001,0,0,0,0,0,0,0,0,0
setting,zalesak,linear,128,0.3,rescue,corner_arc_corner_triplet,25,6020,0,0,0,0,0,0,6001,0,0,0,0,0,0,0,0,0
setting,zalesak,linear,128,0.3,rescue,curved_corner_loop,25,6020,0,0,0,0,0,0,6001,0,0,0,0,0,0,0,0,0
setting,zalesak,linear,128,0.3,rescue,curved_corner_transition,25,6020,0,0,0,0,0,0,6001,0,0,0,0,0,0,0,0,0
setting,zalesak,linear,128,0.3,rescue,exact_linear_support,25,6020,0,0,0,0,0,0,6001,0,0,0,0,0,0,0,0,0
setting,zalesak,linear,150,0,construction_path,direct_fit,25,6830,6794,6794,0,0.9947291361639824,0.9947291361639824,0,6812,6794,6794,0,0.99735760422783326,0.99735760422783326,0,0,0,0
setting,zalesak,linear,150,0,construction_path,merged,25,6830,36,36,0,0.0052708638360175692,0.0052708638360175692,0,6812,18,18,0,0.0026423957721667646,0.0026423957721667646,0,0,0,0
setting,zalesak,linear,150,0,construction_path,plic_fallback,25,6830,0,0,0,0,0,0,6812,0,0,0,0,0,0,0,0,0
setting,zalesak,linear,150,0,final_facet,circular,25,6830,0,0,0,0,0,0,6812,0,0,0,0,0,0,0,0,0
setting,zalesak,linear,150,0,final_facet,curved_corner,25,6830,0,0,0,0,0,0,6812,0,0,0,0,0,0,0,0,0
setting,zalesak,linear,150,0,final_facet,linear,25,6830,6830,6830,0,1,1,0,6812,6812,6812,0,1,1,0,0,0,0
setting,zalesak,linear,150,0,final_facet,linear_corner,25,6830,0,0,0,0,0,0,6812,0,0,0,0,0,0,0,0,0
setting,zalesak,linear,150,0,merge,independent,25,6830,6794,6794,0,0.9947291361639824,0.9947291361639824,0,6812,6794,6794,0,0.99735760422783326,0.99735760422783326,0,0,0,0
setting,zalesak,linear,150,0,merge,merged,25,6830,36,36,0,0.0052708638360175692,0.0052708638360175692,0,6812,18,18,0,0.0026423957721667646,0.0026423957721667646,0,0,0,0
setting,zalesak,linear,150,0,orientation_status,oriented,25,6830,6830,6830,0,1,1,0,6812,0,0,0,0,0,0,0,0,0
setting,zalesak,linear,150,0,orientation_status,unresolved_or_deadend,25,6830,0,0,0,0,0,0,6812,0,0,0,0,0,0,0,0,0
setting,zalesak,linear,150,0,plic_fallback_policy,ELVIRA,25,6830,0,0,0,0,0,0,6812,0,0,0,0,0,0,0,0,0
setting,zalesak,linear,150,0,plic_fallback_policy,LVIRA,25,6830,0,0,0,0,0,0,6812,0,0,0,0,0,0,0,0,0
setting,zalesak,linear,150,0,plic_fallback_policy,Youngs,25,6830,0,0,0,0,0,0,6812,0,0,0,0,0,0,0,0,0
setting,zalesak,linear,150,0,rescue,corner_arc_corner_triplet,25,6830,0,0,0,0,0,0,6812,0,0,0,0,0,0,0,0,0
setting,zalesak,linear,150,0,rescue,curved_corner_loop,25,6830,0,0,0,0,0,0,6812,0,0,0,0,0,0,0,0,0
setting,zalesak,linear,150,0,rescue,curved_corner_transition,25,6830,0,0,0,0,0,0,6812,0,0,0,0,0,0,0,0,0
setting,zalesak,linear,150,0,rescue,exact_linear_support,25,6830,0,0,0,0,0,0,6812,0,0,0,0,0,0,0,0,0
setting,zalesak,linear,150,0.05,construction_path,direct_fit,25,6835,6797,6797,0,0.99444038039502558,0.99444038039502558,0,6816,6797,6797,0,0.997212441314554,0.997212441314554,0,0,0,0
setting,zalesak,linear,150,0.05,construction_path,merged,25,6835,38,38,0,0.0055596196049743961,0.0055596196049743961,0,6816,19,19,0,0.0027875586854460093,0.0027875586854460093,0,0,0,0
setting,zalesak,linear,150,0.05,construction_path,plic_fallback,25,6835,0,0,0,0,0,0,6816,0,0,0,0,0,0,0,0,0
setting,zalesak,linear,150,0.05,final_facet,circular,25,6835,0,0,0,0,0,0,6816,0,0,0,0,0,0,0,0,0
setting,zalesak,linear,150,0.05,final_facet,curved_corner,25,6835,0,0,0,0,0,0,6816,0,0,0,0,0,0,0,0,0
setting,zalesak,linear,150,0.05,final_facet,linear,25,6835,6835,6835,0,1,1,0,6816,6816,6816,0,1,1,0,0,0,0
setting,zalesak,linear,150,0.05,final_facet,linear_corner,25,6835,0,0,0,0,0,0,6816,0,0,0,0,0,0,0,0,0
setting,zalesak,linear,150,0.05,merge,independent,25,6835,6797,6797,0,0.99444038039502558,0.99444038039502558,0,6816,6797,6797,0,0.997212441314554,0.997212441314554,0,0,0,0
setting,zalesak,linear,150,0.05,merge,merged,25,6835,38,38,0,0.0055596196049743961,0.0055596196049743961,0,6816,19,19,0,0.0027875586854460093,0.0027875586854460093,0,0,0,0
setting,zalesak,linear,150,0.05,orientation_status,oriented,25,6835,6835,6835,0,1,1,0,6816,0,0,0,0,0,0,0,0,0
setting,zalesak,linear,150,0.05,orientation_status,unresolved_or_deadend,25,6835,0,0,0,0,0,0,6816,0,0,0,0,0,0,0,0,0
setting,zalesak,linear,150,0.05,plic_fallback_policy,ELVIRA,25,6835,0,0,0,0,0,0,6816,0,0,0,0,0,0,0,0,0
setting,zalesak,linear,150,0.05,plic_fallback_policy,LVIRA,25,6835,0,0,0,0,0,0,6816,0,0,0,0,0,0,0,0,0
setting,zalesak,linear,150,0.05,plic_fallback_policy,Youngs,25,6835,0,0,0,0,0,0,6816,0,0,0,0,0,0,0,0,0
setting,zalesak,linear,150,0.05,rescue,corner_arc_corner_triplet,25,6835,0,0,0,0,0,0,6816,0,0,0,0,0,0,0,0,0
setting,zalesak,linear,150,0.05,rescue,curved_corner_loop,25,6835,0,0,0,0,0,0,6816,0,0,0,0,0,0,0,0,0
setting,zalesak,linear,150,0.05,rescue,curved_corner_transition,25,6835,0,0,0,0,0,0,6816,0,0,0,0,0,0,0,0,0
setting,zalesak,linear,150,0.05,rescue,exact_linear_support,25,6835,0,0,0,0,0,0,6816,0,0,0,0,0,0,0,0,0
setting,zalesak,linear,150,0.1,construction_path,direct_fit,25,6859,6817,6817,0,0.99387665840501527,0.99387665840501527,0,6838,6817,6817,0,0.99692892658672128,0.99692892658672128,0,0,0,0
setting,zalesak,linear,150,0.1,construction_path,merged,25,6859,42,42,0,0.0061233415949846918,0.0061233415949846918,0,6838,21,21,0,0.0030710734132787364,0.0030710734132787364,0,0,0,0
setting,zalesak,linear,150,0.1,construction_path,plic_fallback,25,6859,0,0,0,0,0,0,6838,0,0,0,0,0,0,0,0,0
setting,zalesak,linear,150,0.1,final_facet,circular,25,6859,0,0,0,0,0,0,6838,0,0,0,0,0,0,0,0,0
setting,zalesak,linear,150,0.1,final_facet,curved_corner,25,6859,0,0,0,0,0,0,6838,0,0,0,0,0,0,0,0,0
setting,zalesak,linear,150,0.1,final_facet,linear,25,6859,6859,6859,0,1,1,0,6838,6838,6838,0,1,1,0,0,0,0
setting,zalesak,linear,150,0.1,final_facet,linear_corner,25,6859,0,0,0,0,0,0,6838,0,0,0,0,0,0,0,0,0
setting,zalesak,linear,150,0.1,merge,independent,25,6859,6817,6817,0,0.99387665840501527,0.99387665840501527,0,6838,6817,6817,0,0.99692892658672128,0.99692892658672128,0,0,0,0
setting,zalesak,linear,150,0.1,merge,merged,25,6859,42,42,0,0.0061233415949846918,0.0061233415949846918,0,6838,21,21,0,0.0030710734132787364,0.0030710734132787364,0,0,0,0
setting,zalesak,linear,150,0.1,orientation_status,oriented,25,6859,6859,6859,0,1,1,0,6838,0,0,0,0,0,0,0,0,0
setting,zalesak,linear,150,0.1,orientation_status,unresolved_or_deadend,25,6859,0,0,0,0,0,0,6838,0,0,0,0,0,0,0,0,0
setting,zalesak,linear,150,0.1,plic_fallback_policy,ELVIRA,25,6859,0,0,0,0,0,0,6838,0,0,0,0,0,0,0,0,0
setting,zalesak,linear,150,0.1,plic_fallback_policy,LVIRA,25,6859,0,0,0,0,0,0,6838,0,0,0,0,0,0,0,0,0
setting,zalesak,linear,150,0.1,plic_fallback_policy,Youngs,25,6859,0,0,0,0,0,0,6838,0,0,0,0,0,0,0,0,0
setting,zalesak,linear,150,0.1,rescue,corner_arc_corner_triplet,25,6859,0,0,0,0,0,0,6838,0,0,0,0,0,0,0,0,0
setting,zalesak,linear,150,0.1,rescue,curved_corner_loop,25,6859,0,0,0,0,0,0,6838,0,0,0,0,0,0,0,0,0
setting,zalesak,linear,150,0.1,rescue,curved_corner_transition,25,6859,0,0,0,0,0,0,6838,0,0,0,0,0,0,0,0,0
setting,zalesak,linear,150,0.1,rescue,exact_linear_support,25,6859,0,0,0,0,0,0,6838,0,0,0,0,0,0,0,0,0
setting,zalesak,linear,150,0.2,construction_path,direct_fit,25,6943,6897,6897,0,0.99337462192135961,0.99337462192135961,0,6920,6897,6897,0,0.99667630057803469,0.99667630057803469,0,0,0,0
setting,zalesak,linear,150,0.2,construction_path,merged,25,6943,46,46,0,0.0066253780786403576,0.0066253780786403576,0,6920,23,23,0,0.003323699421965318,0.003323699421965318,0,0,0,0
setting,zalesak,linear,150,0.2,construction_path,plic_fallback,25,6943,0,0,0,0,0,0,6920,0,0,0,0,0,0,0,0,0
setting,zalesak,linear,150,0.2,final_facet,circular,25,6943,0,0,0,0,0,0,6920,0,0,0,0,0,0,0,0,0
setting,zalesak,linear,150,0.2,final_facet,curved_corner,25,6943,0,0,0,0,0,0,6920,0,0,0,0,0,0,0,0,0
setting,zalesak,linear,150,0.2,final_facet,linear,25,6943,6943,6943,0,1,1,0,6920,6920,6920,0,1,1,0,0,0,0
setting,zalesak,linear,150,0.2,final_facet,linear_corner,25,6943,0,0,0,0,0,0,6920,0,0,0,0,0,0,0,0,0
setting,zalesak,linear,150,0.2,merge,independent,25,6943,6897,6897,0,0.99337462192135961,0.99337462192135961,0,6920,6897,6897,0,0.99667630057803469,0.99667630057803469,0,0,0,0
setting,zalesak,linear,150,0.2,merge,merged,25,6943,46,46,0,0.0066253780786403576,0.0066253780786403576,0,6920,23,23,0,0.003323699421965318,0.003323699421965318,0,0,0,0
setting,zalesak,linear,150,0.2,orientation_status,oriented,25,6943,6943,6943,0,1,1,0,6920,0,0,0,0,0,0,0,0,0
setting,zalesak,linear,150,0.2,orientation_status,unresolved_or_deadend,25,6943,0,0,0,0,0,0,6920,0,0,0,0,0,0,0,0,0
setting,zalesak,linear,150,0.2,plic_fallback_policy,ELVIRA,25,6943,0,0,0,0,0,0,6920,0,0,0,0,0,0,0,0,0
setting,zalesak,linear,150,0.2,plic_fallback_policy,LVIRA,25,6943,0,0,0,0,0,0,6920,0,0,0,0,0,0,0,0,0
setting,zalesak,linear,150,0.2,plic_fallback_policy,Youngs,25,6943,0,0,0,0,0,0,6920,0,0,0,0,0,0,0,0,0
setting,zalesak,linear,150,0.2,rescue,corner_arc_corner_triplet,25,6943,0,0,0,0,0,0,6920,0,0,0,0,0,0,0,0,0
setting,zalesak,linear,150,0.2,rescue,curved_corner_loop,25,6943,0,0,0,0,0,0,6920,0,0,0,0,0,0,0,0,0
setting,zalesak,linear,150,0.2,rescue,curved_corner_transition,25,6943,0,0,0,0,0,0,6920,0,0,0,0,0,0,0,0,0
setting,zalesak,linear,150,0.2,rescue,exact_linear_support,25,6943,0,0,0,0,0,0,6920,0,0,0,0,0,0,0,0,0
setting,zalesak,linear,150,0.3,construction_path,direct_fit,25,7040,6979,6979,0,0.99133522727272727,0.99133522727272727,0,7013,6979,6979,0,0.99515186082988738,0.99515186082988738,0,0,0,0
setting,zalesak,linear,150,0.3,construction_path,merged,25,7040,54,54,0,0.0076704545454545454,0.0076704545454545454,0,7013,27,27,0,0.0038499928703835734,0.0038499928703835734,0,0,0,0
setting,zalesak,linear,150,0.3,construction_path,plic_fallback,25,7040,7,7,0,0.00099431818181818172,0.00099431818181818172,0,7013,7,7,0,0.00099814629972907456,0.00099814629972907456,0,0,0,0
setting,zalesak,linear,150,0.3,final_facet,circular,25,7040,0,0,0,0,0,0,7013,0,0,0,0,0,0,0,0,0
setting,zalesak,linear,150,0.3,final_facet,curved_corner,25,7040,0,0,0,0,0,0,7013,0,0,0,0,0,0,0,0,0
setting,zalesak,linear,150,0.3,final_facet,linear,25,7040,7040,7040,0,1,1,0,7013,7013,7013,0,1,1,0,0,0,0
setting,zalesak,linear,150,0.3,final_facet,linear_corner,25,7040,0,0,0,0,0,0,7013,0,0,0,0,0,0,0,0,0
setting,zalesak,linear,150,0.3,merge,independent,25,7040,6986,6986,0,0.99232954545454544,0.99232954545454544,0,7013,6986,6986,0,0.99615000712961643,0.99615000712961643,0,0,0,0
setting,zalesak,linear,150,0.3,merge,merged,25,7040,54,54,0,0.0076704545454545454,0.0076704545454545454,0,7013,27,27,0,0.0038499928703835734,0.0038499928703835734,0,0,0,0
setting,zalesak,linear,150,0.3,orientation_status,oriented,25,7040,7033,7033,0,0.99900568181818183,0.99900568181818183,0,7013,0,0,0,0,0,0,0,0,0
setting,zalesak,linear,150,0.3,orientation_status,unresolved_or_deadend,25,7040,7,7,0,0.00099431818181818172,0.00099431818181818172,0,7013,0,0,0,0,0,0,0,0,0
setting,zalesak,linear,150,0.3,plic_fallback_policy,ELVIRA,25,7040,0,0,0,0,0,0,7013,0,0,0,0,0,0,0,0,0
setting,zalesak,linear,150,0.3,plic_fallback_policy,LVIRA,25,7040,7,7,0,0.00099431818181818172,0.00099431818181818172,0,7013,7,7,0,0.00099814629972907456,0.00099814629972907456,0,7,7,0
setting,zalesak,linear,150,0.3,plic_fallback_policy,Youngs,25,7040,0,0,0,0,0,0,7013,0,0,0,0,0,0,0,0,0
setting,zalesak,linear,150,0.3,rescue,corner_arc_corner_triplet,25,7040,0,0,0,0,0,0,7013,0,0,0,0,0,0,0,0,0
setting,zalesak,linear,150,0.3,rescue,curved_corner_loop,25,7040,0,0,0,0,0,0,7013,0,0,0,0,0,0,0,0,0
setting,zalesak,linear,150,0.3,rescue,curved_corner_transition,25,7040,0,0,0,0,0,0,7013,0,0,0,0,0,0,0,0,0
setting,zalesak,linear,150,0.3,rescue,exact_linear_support,25,7040,0,0,0,0,0,0,7013,0,0,0,0,0,0,0,0,0
setting,zalesak,linear,50,0,construction_path,direct_fit,25,2266,2226,2226,0,0.98234774933804059,0.98234774933804059,0,2246,2226,2226,0,0.99109528049866424,0.99109528049866424,0,0,0,0
setting,zalesak,linear,50,0,construction_path,merged,25,2266,40,40,0,0.017652250661959398,0.017652250661959398,0,2246,20,20,0,0.0089047195013357075,0.0089047195013357075,0,0,0,0
setting,zalesak,linear,50,0,construction_path,plic_fallback,25,2266,0,0,0,0,0,0,2246,0,0,0,0,0,0,0,0,0
setting,zalesak,linear,50,0,final_facet,circular,25,2266,0,0,0,0,0,0,2246,0,0,0,0,0,0,0,0,0
setting,zalesak,linear,50,0,final_facet,curved_corner,25,2266,0,0,0,0,0,0,2246,0,0,0,0,0,0,0,0,0
setting,zalesak,linear,50,0,final_facet,linear,25,2266,2266,2266,0,1,1,0,2246,2246,2246,0,1,1,0,0,0,0
setting,zalesak,linear,50,0,final_facet,linear_corner,25,2266,0,0,0,0,0,0,2246,0,0,0,0,0,0,0,0,0
setting,zalesak,linear,50,0,merge,independent,25,2266,2226,2226,0,0.98234774933804059,0.98234774933804059,0,2246,2226,2226,0,0.99109528049866424,0.99109528049866424,0,0,0,0
setting,zalesak,linear,50,0,merge,merged,25,2266,40,40,0,0.017652250661959398,0.017652250661959398,0,2246,20,20,0,0.0089047195013357075,0.0089047195013357075,0,0,0,0
setting,zalesak,linear,50,0,orientation_status,oriented,25,2266,2266,2266,0,1,1,0,2246,0,0,0,0,0,0,0,0,0
setting,zalesak,linear,50,0,orientation_status,unresolved_or_deadend,25,2266,0,0,0,0,0,0,2246,0,0,0,0,0,0,0,0,0
setting,zalesak,linear,50,0,plic_fallback_policy,ELVIRA,25,2266,0,0,0,0,0,0,2246,0,0,0,0,0,0,0,0,0
setting,zalesak,linear,50,0,plic_fallback_policy,LVIRA,25,2266,0,0,0,0,0,0,2246,0,0,0,0,0,0,0,0,0
setting,zalesak,linear,50,0,plic_fallback_policy,Youngs,25,2266,0,0,0,0,0,0,2246,0,0,0,0,0,0,0,0,0
setting,zalesak,linear,50,0,rescue,corner_arc_corner_triplet,25,2266,0,0,0,0,0,0,2246,0,0,0,0,0,0,0,0,0
setting,zalesak,linear,50,0,rescue,curved_corner_loop,25,2266,0,0,0,0,0,0,2246,0,0,0,0,0,0,0,0,0
setting,zalesak,linear,50,0,rescue,curved_corner_transition,25,2266,0,0,0,0,0,0,2246,0,0,0,0,0,0,0,0,0
setting,zalesak,linear,50,0,rescue,exact_linear_support,25,2266,0,0,0,0,0,0,2246,0,0,0,0,0,0,0,0,0
setting,zalesak,linear,50,0.05,construction_path,direct_fit,25,2268,2224,2224,0,0.98059964726631388,0.98059964726631388,0,2246,2224,2224,0,0.99020480854853077,0.99020480854853077,0,0,0,0
setting,zalesak,linear,50,0.05,construction_path,merged,25,2268,44,44,0,0.019400352733686066,0.019400352733686066,0,2246,22,22,0,0.0097951914514692786,0.0097951914514692786,0,0,0,0
setting,zalesak,linear,50,0.05,construction_path,plic_fallback,25,2268,0,0,0,0,0,0,2246,0,0,0,0,0,0,0,0,0
setting,zalesak,linear,50,0.05,final_facet,circular,25,2268,0,0,0,0,0,0,2246,0,0,0,0,0,0,0,0,0
setting,zalesak,linear,50,0.05,final_facet,curved_corner,25,2268,0,0,0,0,0,0,2246,0,0,0,0,0,0,0,0,0
setting,zalesak,linear,50,0.05,final_facet,linear,25,2268,2268,2268,0,1,1,0,2246,2246,2246,0,1,1,0,0,0,0
setting,zalesak,linear,50,0.05,final_facet,linear_corner,25,2268,0,0,0,0,0,0,2246,0,0,0,0,0,0,0,0,0
setting,zalesak,linear,50,0.05,merge,independent,25,2268,2224,2224,0,0.98059964726631388,0.98059964726631388,0,2246,2224,2224,0,0.99020480854853077,0.99020480854853077,0,0,0,0
setting,zalesak,linear,50,0.05,merge,merged,25,2268,44,44,0,0.019400352733686066,0.019400352733686066,0,2246,22,22,0,0.0097951914514692786,0.0097951914514692786,0,0,0,0
setting,zalesak,linear,50,0.05,orientation_status,oriented,25,2268,2268,2268,0,1,1,0,2246,0,0,0,0,0,0,0,0,0
setting,zalesak,linear,50,0.05,orientation_status,unresolved_or_deadend,25,2268,0,0,0,0,0,0,2246,0,0,0,0,0,0,0,0,0
setting,zalesak,linear,50,0.05,plic_fallback_policy,ELVIRA,25,2268,0,0,0,0,0,0,2246,0,0,0,0,0,0,0,0,0
setting,zalesak,linear,50,0.05,plic_fallback_policy,LVIRA,25,2268,0,0,0,0,0,0,2246,0,0,0,0,0,0,0,0,0
setting,zalesak,linear,50,0.05,plic_fallback_policy,Youngs,25,2268,0,0,0,0,0,0,2246,0,0,0,0,0,0,0,0,0
setting,zalesak,linear,50,0.05,rescue,corner_arc_corner_triplet,25,2268,0,0,0,0,0,0,2246,0,0,0,0,0,0,0,0,0
setting,zalesak,linear,50,0.05,rescue,curved_corner_loop,25,2268,0,0,0,0,0,0,2246,0,0,0,0,0,0,0,0,0
setting,zalesak,linear,50,0.05,rescue,curved_corner_transition,25,2268,0,0,0,0,0,0,2246,0,0,0,0,0,0,0,0,0
setting,zalesak,linear,50,0.05,rescue,exact_linear_support,25,2268,0,0,0,0,0,0,2246,0,0,0,0,0,0,0,0,0
setting,zalesak,linear,50,0.1,construction_path,direct_fit,25,2277,2227,2227,0,0.97804128238910848,0.97804128238910848,0,2252,2227,2227,0,0.988898756660746,0.988898756660746,0,0,0,0
setting,zalesak,linear,50,0.1,construction_path,merged,25,2277,50,50,0,0.021958717610891524,0.021958717610891524,0,2252,25,25,0,0.011101243339253997,0.011101243339253997,0,0,0,0
setting,zalesak,linear,50,0.1,construction_path,plic_fallback,25,2277,0,0,0,0,0,0,2252,0,0,0,0,0,0,0,0,0
setting,zalesak,linear,50,0.1,final_facet,circular,25,2277,0,0,0,0,0,0,2252,0,0,0,0,0,0,0,0,0
setting,zalesak,linear,50,0.1,final_facet,curved_corner,25,2277,0,0,0,0,0,0,2252,0,0,0,0,0,0,0,0,0
setting,zalesak,linear,50,0.1,final_facet,linear,25,2277,2277,2277,0,1,1,0,2252,2252,2252,0,1,1,0,0,0,0
setting,zalesak,linear,50,0.1,final_facet,linear_corner,25,2277,0,0,0,0,0,0,2252,0,0,0,0,0,0,0,0,0
setting,zalesak,linear,50,0.1,merge,independent,25,2277,2227,2227,0,0.97804128238910848,0.97804128238910848,0,2252,2227,2227,0,0.988898756660746,0.988898756660746,0,0,0,0
setting,zalesak,linear,50,0.1,merge,merged,25,2277,50,50,0,0.021958717610891524,0.021958717610891524,0,2252,25,25,0,0.011101243339253997,0.011101243339253997,0,0,0,0
setting,zalesak,linear,50,0.1,orientation_status,oriented,25,2277,2277,2277,0,1,1,0,2252,0,0,0,0,0,0,0,0,0
setting,zalesak,linear,50,0.1,orientation_status,unresolved_or_deadend,25,2277,0,0,0,0,0,0,2252,0,0,0,0,0,0,0,0,0
setting,zalesak,linear,50,0.1,plic_fallback_policy,ELVIRA,25,2277,0,0,0,0,0,0,2252,0,0,0,0,0,0,0,0,0
setting,zalesak,linear,50,0.1,plic_fallback_policy,LVIRA,25,2277,0,0,0,0,0,0,2252,0,0,0,0,0,0,0,0,0
setting,zalesak,linear,50,0.1,plic_fallback_policy,Youngs,25,2277,0,0,0,0,0,0,2252,0,0,0,0,0,0,0,0,0
setting,zalesak,linear,50,0.1,rescue,corner_arc_corner_triplet,25,2277,0,0,0,0,0,0,2252,0,0,0,0,0,0,0,0,0
setting,zalesak,linear,50,0.1,rescue,curved_corner_loop,25,2277,0,0,0,0,0,0,2252,0,0,0,0,0,0,0,0,0
setting,zalesak,linear,50,0.1,rescue,curved_corner_transition,25,2277,0,0,0,0,0,0,2252,0,0,0,0,0,0,0,0,0
setting,zalesak,linear,50,0.1,rescue,exact_linear_support,25,2277,0,0,0,0,0,0,2252,0,0,0,0,0,0,0,0,0
setting,zalesak,linear,50,0.2,construction_path,direct_fit,25,2299,2258,2258,0,0.982166159199652,0.982166159199652,0,2279,2258,2258,0,0.99078543220710835,0.99078543220710835,0,0,0,0
setting,zalesak,linear,50,0.2,construction_path,merged,25,2299,40,40,0,0.017398869073510223,0.017398869073510223,0,2279,20,20,0,0.0087757788503729714,0.0087757788503729714,0,0,0,0
setting,zalesak,linear,50,0.2,construction_path,plic_fallback,25,2299,1,1,0,0.00043497172683775554,0.00043497172683775554,0,2279,1,1,0,0.00043878894251864854,0.00043878894251864854,0,0,0,0
setting,zalesak,linear,50,0.2,final_facet,circular,25,2299,0,0,0,0,0,0,2279,0,0,0,0,0,0,0,0,0
setting,zalesak,linear,50,0.2,final_facet,curved_corner,25,2299,0,0,0,0,0,0,2279,0,0,0,0,0,0,0,0,0
setting,zalesak,linear,50,0.2,final_facet,linear,25,2299,2299,2299,0,1,1,0,2279,2279,2279,0,1,1,0,0,0,0
setting,zalesak,linear,50,0.2,final_facet,linear_corner,25,2299,0,0,0,0,0,0,2279,0,0,0,0,0,0,0,0,0
setting,zalesak,linear,50,0.2,merge,independent,25,2299,2259,2259,0,0.98260113092648982,0.98260113092648982,0,2279,2259,2259,0,0.99122422114962705,0.99122422114962705,0,0,0,0
setting,zalesak,linear,50,0.2,merge,merged,25,2299,40,40,0,0.017398869073510223,0.017398869073510223,0,2279,20,20,0,0.0087757788503729714,0.0087757788503729714,0,0,0,0
setting,zalesak,linear,50,0.2,orientation_status,oriented,25,2299,2298,2298,0,0.99956502827316229,0.99956502827316229,0,2279,0,0,0,0,0,0,0,0,0
setting,zalesak,linear,50,0.2,orientation_status,unresolved_or_deadend,25,2299,1,1,0,0.00043497172683775554,0.00043497172683775554,0,2279,0,0,0,0,0,0,0,0,0
setting,zalesak,linear,50,0.2,plic_fallback_policy,ELVIRA,25,2299,0,0,0,0,0,0,2279,0,0,0,0,0,0,0,0,0
setting,zalesak,linear,50,0.2,plic_fallback_policy,LVIRA,25,2299,1,1,0,0.00043497172683775554,0.00043497172683775554,0,2279,1,1,0,0.00043878894251864854,0.00043878894251864854,0,1,1,0
setting,zalesak,linear,50,0.2,plic_fallback_policy,Youngs,25,2299,0,0,0,0,0,0,2279,0,0,0,0,0,0,0,0,0
setting,zalesak,linear,50,0.2,rescue,corner_arc_corner_triplet,25,2299,0,0,0,0,0,0,2279,0,0,0,0,0,0,0,0,0
setting,zalesak,linear,50,0.2,rescue,curved_corner_loop,25,2299,0,0,0,0,0,0,2279,0,0,0,0,0,0,0,0,0
setting,zalesak,linear,50,0.2,rescue,curved_corner_transition,25,2299,0,0,0,0,0,0,2279,0,0,0,0,0,0,0,0,0
setting,zalesak,linear,50,0.2,rescue,exact_linear_support,25,2299,0,0,0,0,0,0,2279,0,0,0,0,0,0,0,0,0
setting,zalesak,linear,50,0.3,construction_path,direct_fit,25,2347,2289,2289,0,0.97528760119301239,0.97528760119301239,0,2321,2289,2289,0,0.98621283929340797,0.98621283929340797,0,0,0,0
setting,zalesak,linear,50,0.3,construction_path,merged,25,2347,51,51,0,0.021729867916489135,0.021729867916489135,0,2321,25,25,0,0.010771219302024989,0.010771219302024989,0,0,0,0
setting,zalesak,linear,50,0.3,construction_path,plic_fallback,25,2347,7,7,0,0.0029825308904985089,0.0029825308904985089,0,2321,7,7,0,0.0030159414045669969,0.0030159414045669969,0,0,0,0
setting,zalesak,linear,50,0.3,final_facet,circular,25,2347,0,0,0,0,0,0,2321,0,0,0,0,0,0,0,0,0
setting,zalesak,linear,50,0.3,final_facet,curved_corner,25,2347,0,0,0,0,0,0,2321,0,0,0,0,0,0,0,0,0
setting,zalesak,linear,50,0.3,final_facet,linear,25,2347,2347,2347,0,1,1,0,2321,2321,2321,0,1,1,0,0,0,0
setting,zalesak,linear,50,0.3,final_facet,linear_corner,25,2347,0,0,0,0,0,0,2321,0,0,0,0,0,0,0,0,0
setting,zalesak,linear,50,0.3,merge,independent,25,2347,2296,2296,0,0.97827013208351088,0.97827013208351088,0,2321,2296,2296,0,0.98922878069797504,0.98922878069797504,0,0,0,0
setting,zalesak,linear,50,0.3,merge,merged,25,2347,51,51,0,0.021729867916489135,0.021729867916489135,0,2321,25,25,0,0.010771219302024989,0.010771219302024989,0,0,0,0
setting,zalesak,linear,50,0.3,orientation_status,oriented,25,2347,2340,2340,0,0.99701746910950151,0.99701746910950151,0,2321,0,0,0,0,0,0,0,0,0
setting,zalesak,linear,50,0.3,orientation_status,unresolved_or_deadend,25,2347,7,7,0,0.0029825308904985089,0.0029825308904985089,0,2321,0,0,0,0,0,0,0,0,0
setting,zalesak,linear,50,0.3,plic_fallback_policy,ELVIRA,25,2347,0,0,0,0,0,0,2321,0,0,0,0,0,0,0,0,0
setting,zalesak,linear,50,0.3,plic_fallback_policy,LVIRA,25,2347,7,7,0,0.0029825308904985089,0.0029825308904985089,0,2321,7,7,0,0.0030159414045669969,0.0030159414045669969,0,7,7,0
setting,zalesak,linear,50,0.3,plic_fallback_policy,Youngs,25,2347,0,0,0,0,0,0,2321,0,0,0,0,0,0,0,0,0
setting,zalesak,linear,50,0.3,rescue,corner_arc_corner_triplet,25,2347,0,0,0,0,0,0,2321,0,0,0,0,0,0,0,0,0
setting,zalesak,linear,50,0.3,rescue,curved_corner_loop,25,2347,0,0,0,0,0,0,2321,0,0,0,0,0,0,0,0,0
setting,zalesak,linear,50,0.3,rescue,curved_corner_transition,25,2347,0,0,0,0,0,0,2321,0,0,0,0,0,0,0,0,0
setting,zalesak,linear,50,0.3,rescue,exact_linear_support,25,2347,0,0,0,0,0,0,2321,0,0,0,0,0,0,0,0,0
setting,zalesak,linear,64,0,construction_path,direct_fit,25,2905,2867,2867,0,0.98691910499139412,0.98691910499139412,0,2886,2867,2867,0,0.99341649341649341,0.99341649341649341,0,0,0,0
setting,zalesak,linear,64,0,construction_path,merged,25,2905,38,38,0,0.013080895008605853,0.013080895008605853,0,2886,19,19,0,0.0065835065835065836,0.0065835065835065836,0,0,0,0
setting,zalesak,linear,64,0,construction_path,plic_fallback,25,2905,0,0,0,0,0,0,2886,0,0,0,0,0,0,0,0,0
setting,zalesak,linear,64,0,final_facet,circular,25,2905,0,0,0,0,0,0,2886,0,0,0,0,0,0,0,0,0
setting,zalesak,linear,64,0,final_facet,curved_corner,25,2905,0,0,0,0,0,0,2886,0,0,0,0,0,0,0,0,0
setting,zalesak,linear,64,0,final_facet,linear,25,2905,2905,2905,0,1,1,0,2886,2886,2886,0,1,1,0,0,0,0
setting,zalesak,linear,64,0,final_facet,linear_corner,25,2905,0,0,0,0,0,0,2886,0,0,0,0,0,0,0,0,0
setting,zalesak,linear,64,0,merge,independent,25,2905,2867,2867,0,0.98691910499139412,0.98691910499139412,0,2886,2867,2867,0,0.99341649341649341,0.99341649341649341,0,0,0,0
setting,zalesak,linear,64,0,merge,merged,25,2905,38,38,0,0.013080895008605853,0.013080895008605853,0,2886,19,19,0,0.0065835065835065836,0.0065835065835065836,0,0,0,0
setting,zalesak,linear,64,0,orientation_status,oriented,25,2905,2905,2905,0,1,1,0,2886,0,0,0,0,0,0,0,0,0
setting,zalesak,linear,64,0,orientation_status,unresolved_or_deadend,25,2905,0,0,0,0,0,0,2886,0,0,0,0,0,0,0,0,0
setting,zalesak,linear,64,0,plic_fallback_policy,ELVIRA,25,2905,0,0,0,0,0,0,2886,0,0,0,0,0,0,0,0,0
setting,zalesak,linear,64,0,plic_fallback_policy,LVIRA,25,2905,0,0,0,0,0,0,2886,0,0,0,0,0,0,0,0,0
setting,zalesak,linear,64,0,plic_fallback_policy,Youngs,25,2905,0,0,0,0,0,0,2886,0,0,0,0,0,0,0,0,0
setting,zalesak,linear,64,0,rescue,corner_arc_corner_triplet,25,2905,0,0,0,0,0,0,2886,0,0,0,0,0,0,0,0,0
setting,zalesak,linear,64,0,rescue,curved_corner_loop,25,2905,0,0,0,0,0,0,2886,0,0,0,0,0,0,0,0,0
setting,zalesak,linear,64,0,rescue,curved_corner_transition,25,2905,0,0,0,0,0,0,2886,0,0,0,0,0,0,0,0,0
setting,zalesak,linear,64,0,rescue,exact_linear_support,25,2905,0,0,0,0,0,0,2886,0,0,0,0,0,0,0,0,0
setting,zalesak,linear,64,0.05,construction_path,direct_fit,25,2906,2862,2862,0,0.98485891259463176,0.98485891259463176,0,2884,2862,2862,0,0.99237170596393898,0.99237170596393898,0,0,0,0
setting,zalesak,linear,64,0.05,construction_path,merged,25,2906,44,44,0,0.015141087405368204,0.015141087405368204,0,2884,22,22,0,0.0076282940360610264,0.0076282940360610264,0,0,0,0
setting,zalesak,linear,64,0.05,construction_path,plic_fallback,25,2906,0,0,0,0,0,0,2884,0,0,0,0,0,0,0,0,0
setting,zalesak,linear,64,0.05,final_facet,circular,25,2906,0,0,0,0,0,0,2884,0,0,0,0,0,0,0,0,0
setting,zalesak,linear,64,0.05,final_facet,curved_corner,25,2906,0,0,0,0,0,0,2884,0,0,0,0,0,0,0,0,0
setting,zalesak,linear,64,0.05,final_facet,linear,25,2906,2906,2906,0,1,1,0,2884,2884,2884,0,1,1,0,0,0,0
setting,zalesak,linear,64,0.05,final_facet,linear_corner,25,2906,0,0,0,0,0,0,2884,0,0,0,0,0,0,0,0,0
setting,zalesak,linear,64,0.05,merge,independent,25,2906,2862,2862,0,0.98485891259463176,0.98485891259463176,0,2884,2862,2862,0,0.99237170596393898,0.99237170596393898,0,0,0,0
setting,zalesak,linear,64,0.05,merge,merged,25,2906,44,44,0,0.015141087405368204,0.015141087405368204,0,2884,22,22,0,0.0076282940360610264,0.0076282940360610264,0,0,0,0
setting,zalesak,linear,64,0.05,orientation_status,oriented,25,2906,2906,2906,0,1,1,0,2884,0,0,0,0,0,0,0,0,0
setting,zalesak,linear,64,0.05,orientation_status,unresolved_or_deadend,25,2906,0,0,0,0,0,0,2884,0,0,0,0,0,0,0,0,0
setting,zalesak,linear,64,0.05,plic_fallback_policy,ELVIRA,25,2906,0,0,0,0,0,0,2884,0,0,0,0,0,0,0,0,0
setting,zalesak,linear,64,0.05,plic_fallback_policy,LVIRA,25,2906,0,0,0,0,0,0,2884,0,0,0,0,0,0,0,0,0
setting,zalesak,linear,64,0.05,plic_fallback_policy,Youngs,25,2906,0,0,0,0,0,0,2884,0,0,0,0,0,0,0,0,0
setting,zalesak,linear,64,0.05,rescue,corner_arc_corner_triplet,25,2906,0,0,0,0,0,0,2884,0,0,0,0,0,0,0,0,0
setting,zalesak,linear,64,0.05,rescue,curved_corner_loop,25,2906,0,0,0,0,0,0,2884,0,0,0,0,0,0,0,0,0
setting,zalesak,linear,64,0.05,rescue,curved_corner_transition,25,2906,0,0,0,0,0,0,2884,0,0,0,0,0,0,0,0,0
setting,zalesak,linear,64,0.05,rescue,exact_linear_support,25,2906,0,0,0,0,0,0,2884,0,0,0,0,0,0,0,0,0
setting,zalesak,linear,64,0.1,construction_path,direct_fit,25,2913,2871,2871,0,0.98558187435633371,0.98558187435633371,0,2892,2871,2871,0,0.99273858921161828,0.99273858921161828,0,0,0,0
setting,zalesak,linear,64,0.1,construction_path,merged,25,2913,42,42,0,0.014418125643666324,0.014418125643666324,0,2892,21,21,0,0.007261410788381743,0.007261410788381743,0,0,0,0
setting,zalesak,linear,64,0.1,construction_path,plic_fallback,25,2913,0,0,0,0,0,0,2892,0,0,0,0,0,0,0,0,0
setting,zalesak,linear,64,0.1,final_facet,circular,25,2913,0,0,0,0,0,0,2892,0,0,0,0,0,0,0,0,0
setting,zalesak,linear,64,0.1,final_facet,curved_corner,25,2913,0,0,0,0,0,0,2892,0,0,0,0,0,0,0,0,0
setting,zalesak,linear,64,0.1,final_facet,linear,25,2913,2913,2913,0,1,1,0,2892,2892,2892,0,1,1,0,0,0,0
setting,zalesak,linear,64,0.1,final_facet,linear_corner,25,2913,0,0,0,0,0,0,2892,0,0,0,0,0,0,0,0,0
setting,zalesak,linear,64,0.1,merge,independent,25,2913,2871,2871,0,0.98558187435633371,0.98558187435633371,0,2892,2871,2871,0,0.99273858921161828,0.99273858921161828,0,0,0,0
setting,zalesak,linear,64,0.1,merge,merged,25,2913,42,42,0,0.014418125643666324,0.014418125643666324,0,2892,21,21,0,0.007261410788381743,0.007261410788381743,0,0,0,0
setting,zalesak,linear,64,0.1,orientation_status,oriented,25,2913,2913,2913,0,1,1,0,2892,0,0,0,0,0,0,0,0,0
setting,zalesak,linear,64,0.1,orientation_status,unresolved_or_deadend,25,2913,0,0,0,0,0,0,2892,0,0,0,0,0,0,0,0,0
setting,zalesak,linear,64,0.1,plic_fallback_policy,ELVIRA,25,2913,0,0,0,0,0,0,2892,0,0,0,0,0,0,0,0,0
setting,zalesak,linear,64,0.1,plic_fallback_policy,LVIRA,25,2913,0,0,0,0,0,0,2892,0,0,0,0,0,0,0,0,0
setting,zalesak,linear,64,0.1,plic_fallback_policy,Youngs,25,2913,0,0,0,0,0,0,2892,0,0,0,0,0,0,0,0,0
setting,zalesak,linear,64,0.1,rescue,corner_arc_corner_triplet,25,2913,0,0,0,0,0,0,2892,0,0,0,0,0,0,0,0,0
setting,zalesak,linear,64,0.1,rescue,curved_corner_loop,25,2913,0,0,0,0,0,0,2892,0,0,0,0,0,0,0,0,0
setting,zalesak,linear,64,0.1,rescue,curved_corner_transition,25,2913,0,0,0,0,0,0,2892,0,0,0,0,0,0,0,0,0
setting,zalesak,linear,64,0.1,rescue,exact_linear_support,25,2913,0,0,0,0,0,0,2892,0,0,0,0,0,0,0,0,0
setting,zalesak,linear,64,0.2,construction_path,direct_fit,25,2951,2901,2901,0,0.98305659098610643,0.98305659098610643,0,2926,2901,2901,0,0.99145591250854403,0.99145591250854403,0,0,0,0
setting,zalesak,linear,64,0.2,construction_path,merged,25,2951,50,50,0,0.016943409013893594,0.016943409013893594,0,2926,25,25,0,0.008544087491455913,0.008544087491455913,0,0,0,0
setting,zalesak,linear,64,0.2,construction_path,plic_fallback,25,2951,0,0,0,0,0,0,2926,0,0,0,0,0,0,0,0,0
setting,zalesak,linear,64,0.2,final_facet,circular,25,2951,0,0,0,0,0,0,2926,0,0,0,0,0,0,0,0,0
setting,zalesak,linear,64,0.2,final_facet,curved_corner,25,2951,0,0,0,0,0,0,2926,0,0,0,0,0,0,0,0,0
setting,zalesak,linear,64,0.2,final_facet,linear,25,2951,2951,2951,0,1,1,0,2926,2926,2926,0,1,1,0,0,0,0
setting,zalesak,linear,64,0.2,final_facet,linear_corner,25,2951,0,0,0,0,0,0,2926,0,0,0,0,0,0,0,0,0
setting,zalesak,linear,64,0.2,merge,independent,25,2951,2901,2901,0,0.98305659098610643,0.98305659098610643,0,2926,2901,2901,0,0.99145591250854403,0.99145591250854403,0,0,0,0
setting,zalesak,linear,64,0.2,merge,merged,25,2951,50,50,0,0.016943409013893594,0.016943409013893594,0,2926,25,25,0,0.008544087491455913,0.008544087491455913,0,0,0,0
setting,zalesak,linear,64,0.2,orientation_status,oriented,25,2951,2951,2951,0,1,1,0,2926,0,0,0,0,0,0,0,0,0
setting,zalesak,linear,64,0.2,orientation_status,unresolved_or_deadend,25,2951,0,0,0,0,0,0,2926,0,0,0,0,0,0,0,0,0
setting,zalesak,linear,64,0.2,plic_fallback_policy,ELVIRA,25,2951,0,0,0,0,0,0,2926,0,0,0,0,0,0,0,0,0
setting,zalesak,linear,64,0.2,plic_fallback_policy,LVIRA,25,2951,0,0,0,0,0,0,2926,0,0,0,0,0,0,0,0,0
setting,zalesak,linear,64,0.2,plic_fallback_policy,Youngs,25,2951,0,0,0,0,0,0,2926,0,0,0,0,0,0,0,0,0
setting,zalesak,linear,64,0.2,rescue,corner_arc_corner_triplet,25,2951,0,0,0,0,0,0,2926,0,0,0,0,0,0,0,0,0
setting,zalesak,linear,64,0.2,rescue,curved_corner_loop,25,2951,0,0,0,0,0,0,2926,0,0,0,0,0,0,0,0,0
setting,zalesak,linear,64,0.2,rescue,curved_corner_transition,25,2951,0,0,0,0,0,0,2926,0,0,0,0,0,0,0,0,0
setting,zalesak,linear,64,0.2,rescue,exact_linear_support,25,2951,0,0,0,0,0,0,2926,0,0,0,0,0,0,0,0,0
setting,zalesak,linear,64,0.3,construction_path,direct_fit,25,2985,2935,2935,0,0.98324958123953099,0.98324958123953099,0,2960,2935,2935,0,0.99155405405405406,0.99155405405405406,0,0,0,0
setting,zalesak,linear,64,0.3,construction_path,merged,25,2985,50,50,0,0.01675041876046901,0.01675041876046901,0,2960,25,25,0,0.0084459459459459464,0.0084459459459459464,0,0,0,0
setting,zalesak,linear,64,0.3,construction_path,plic_fallback,25,2985,0,0,0,0,0,0,2960,0,0,0,0,0,0,0,0,0
setting,zalesak,linear,64,0.3,final_facet,circular,25,2985,0,0,0,0,0,0,2960,0,0,0,0,0,0,0,0,0
setting,zalesak,linear,64,0.3,final_facet,curved_corner,25,2985,0,0,0,0,0,0,2960,0,0,0,0,0,0,0,0,0
setting,zalesak,linear,64,0.3,final_facet,linear,25,2985,2985,2985,0,1,1,0,2960,2960,2960,0,1,1,0,0,0,0
setting,zalesak,linear,64,0.3,final_facet,linear_corner,25,2985,0,0,0,0,0,0,2960,0,0,0,0,0,0,0,0,0
setting,zalesak,linear,64,0.3,merge,independent,25,2985,2935,2935,0,0.98324958123953099,0.98324958123953099,0,2960,2935,2935,0,0.99155405405405406,0.99155405405405406,0,0,0,0
setting,zalesak,linear,64,0.3,merge,merged,25,2985,50,50,0,0.01675041876046901,0.01675041876046901,0,2960,25,25,0,0.0084459459459459464,0.0084459459459459464,0,0,0,0
setting,zalesak,linear,64,0.3,orientation_status,oriented,25,2985,2985,2985,0,1,1,0,2960,0,0,0,0,0,0,0,0,0
setting,zalesak,linear,64,0.3,orientation_status,unresolved_or_deadend,25,2985,0,0,0,0,0,0,2960,0,0,0,0,0,0,0,0,0
setting,zalesak,linear,64,0.3,plic_fallback_policy,ELVIRA,25,2985,0,0,0,0,0,0,2960,0,0,0,0,0,0,0,0,0
setting,zalesak,linear,64,0.3,plic_fallback_policy,LVIRA,25,2985,0,0,0,0,0,0,2960,0,0,0,0,0,0,0,0,0
setting,zalesak,linear,64,0.3,plic_fallback_policy,Youngs,25,2985,0,0,0,0,0,0,2960,0,0,0,0,0,0,0,0,0
setting,zalesak,linear,64,0.3,rescue,corner_arc_corner_triplet,25,2985,0,0,0,0,0,0,2960,0,0,0,0,0,0,0,0,0
setting,zalesak,linear,64,0.3,rescue,curved_corner_loop,25,2985,0,0,0,0,0,0,2960,0,0,0,0,0,0,0,0,0
setting,zalesak,linear,64,0.3,rescue,curved_corner_transition,25,2985,0,0,0,0,0,0,2960,0,0,0,0,0,0,0,0,0
setting,zalesak,linear,64,0.3,rescue,exact_linear_support,25,2985,0,0,0,0,0,0,2960,0,0,0,0,0,0,0,0,0
