experiment,method,N,resolution_parameter,wiggle,seed,case_index,before_bundle_kind,before_facet_metadata_available,before_saved_metrics_available,mixed_cell_count,active_component_count,nonnull_facet_count,active_facet_invariant_pass,before_facet_metadata_sha256,after_facet_metadata_sha256,facet_metadata_hash_match,before_facet_vtp_sha256,after_facet_vtp_sha256,facet_vtp_hash_match,fallback_count,fallback_policy,fallback_provenance_match,before_hausdorff,after_hausdorff,hausdorff_abs_diff,hausdorff_match,before_facet_gap,after_facet_gap,facet_gap_abs_diff,facet_gap_match,after_area_error
squares,circular,50,0.5,0.2,0,0,retained_failed_partial,True,True,23,22,22,True,11e63074f7ffcb4f04f4d2f49f90f73b0baaad3cb6dd1ba652ecdc210183d531,11e63074f7ffcb4f04f4d2f49f90f73b0baaad3cb6dd1ba652ecdc210183d531,True,9929cac0c64924a279160e14aa8013e65640c0f71e53a0da20631e26fd78c952,9929cac0c64924a279160e14aa8013e65640c0f71e53a0da20631e26fd78c952,True,0,,True,0.5869197078633288,0.5869197078633288,0.0,True,0.14733605231648397,0.14733605231648397,0.0,True,2.9624018775859575e-10
squares,circular,50,0.5,0.2,0,1,retained_failed_partial,True,True,22,22,22,True,dcde839c01a31e6fa56a60d0b8f7e6f0cc45b523a000048281826d55e40d021b,dcde839c01a31e6fa56a60d0b8f7e6f0cc45b523a000048281826d55e40d021b,True,4de1ceb468f0d9a632f4a2f28e3320f6fe90091fa0c5f5a032ee1cb5cce7f5dc,4de1ceb468f0d9a632f4a2f28e3320f6fe90091fa0c5f5a032ee1cb5cce7f5dc,True,0,,True,0.5595641116259187,0.5595641116259187,0.0,True,0.1383841434223165,0.1383841434223165,0.0,True,7.56390440274803e-10
squares,circular,50,0.5,0.2,0,2,retained_failed_partial,True,True,27,26,26,True,20560140c4ba61cea76682e6c69987daf9e01bfc8b00788d6cc168a393c11ba3,20560140c4ba61cea76682e6c69987daf9e01bfc8b00788d6cc168a393c11ba3,True,df0614ce4384de261a8e5efeefacdad175a2a17f99c036e2164072faa3cdce6f,df0614ce4384de261a8e5efeefacdad175a2a17f99c036e2164072faa3cdce6f,True,0,,True,0.5110732166053826,0.5110732166053826,0.0,True,0.10623279991881593,0.10623279991881593,0.0,True,1.0175985945001339e-10
squares,circular,50,0.5,0.2,0,3,retained_failed_partial,True,False,30,30,30,True,c9367563edf17c144311c330cfe39ff1699a9af9fe29d5b5b183c678e2269714,c9367563edf17c144311c330cfe39ff1699a9af9fe29d5b5b183c678e2269714,True,2c29a1a77e937e177252bd7ec7b30f44ded11dc578c6a890f24e4c7784d673e0,2c29a1a77e937e177252bd7ec7b30f44ded11dc578c6a890f24e4c7784d673e0,True,2,LVIRA,True,,0.5119878118253407,,,,0.09199532916707209,,,1.0096312965157703e-10
squares,circular,50,0.5,0.2,0,4,retained_failed_partial,False,False,40,40,40,True,,997c49e3106d0fa82094f750a6484b79cba1d5f9c5c5f0f4487b5efc047bb874,,,3ab491c7a1510aae3a6841bb8eec84efc8c510902442443c7d1dadf416bfe5e0,,0,,,,0.32097699199544794,,,,0.054153970632551375,,,5.0993143036196236e-11
squares,circular,50,0.5,0.2,0,5,retained_failed_partial,False,False,31,30,30,True,,63cdf2504a4e14b2d796212343b3f212d8b54d87aa6e18b5791dee506de9c9fd,,,6233ec20840d5f23a7811d3bf6b6960eda41d99fc5da65cf7301a1458413956d,,0,,,,0.6710515891151673,,,,0.14589132886372533,,,3.990198528359237e-11
squares,circular,50,0.5,0.2,0,6,retained_failed_partial,False,False,39,38,38,True,,95cc1c9b7d88c4622c7881fbd3f2a36a3679d4085533766d35f0806dacfe7305,,,91e750e1687fce6d69004761cc3eb1c0e1094d8e8e16fa63b49367d35bf5f8df,,0,,,,0.4608612755817123,,,,0.0930588164920255,,,5.598909449419168e-10
squares,circular,50,0.5,0.2,0,7,retained_failed_partial,False,False,34,34,34,True,,1fbe9239599faee4fbc05da3f3c6472fbed542479980f2b5f786429a55e94ef4,,,802d081eebcf51745e9b4f426ce3151bff788c3667197e1a35f60541026239bd,,0,,,,0.6296944881433384,,,,0.1122942136802515,,,1.6475122233404911e-09
squares,circular,50,0.5,0.2,0,8,retained_failed_partial,False,False,46,44,44,True,,b1e37a55dbc27eb2f60f686f34310b4b7001ee7910d2c4fb322288472f0b0128,,,02c41dc4d0530e68ffae62a110306633a145665e94a3d031d3af2e01fe6f2f38,,0,,,,0.5572706771008354,,,,0.06825514933691375,,,2.6542249323717537e-08
squares,circular,50,0.5,0.2,0,9,retained_failed_partial,False,False,45,44,44,True,,f8384fb23f4c06fe68ca0fd5b18743ea4f4958c0f94318b289d1c529392c74d8,,,4adc467310a10b874ef3040fe293e0b051d3df26e384fba81b09b3fcc426ebad,,0,,,,0.5401678238471601,,,,0.06779116084929418,,,6.251671035221371e-11
squares,circular,50,0.5,0.2,0,10,retained_failed_partial,False,False,48,48,48,True,,df9a8b84a8617d94ecf4752e24b91938301974fd997e392370afd2f0e3962696,,,e793830842f591af73a407df4b12a3ff050c229919112989795ee49044689764,,0,,,,0.5035967112087165,,,,0.05385112762688286,,,1.91187325125682e-11
squares,circular,50,0.5,0.2,0,11,retained_failed_partial,False,False,46,44,44,True,,2ec84df6245fba51ffa8d9f9505975240b1cdce3b73f1186c34747de4e9553a2,,,70818671decaf6e6985ae086cc5bc505795c2402d1fce2c5f1aa6b8a7afac4c0,,0,,,,0.6886531495156225,,,,0.06891370671129358,,,4.0583453349073507e-10
squares,circular,50,0.5,0.2,0,12,retained_failed_partial,False,False,51,50,50,True,,6767f17d51932f00cf95473984bace3092aa82992b45d3de09d85188eb15342c,,,b91220e920c11c88d8564c80408bba64e916927dbed914f64a64e3888c6fc110,,0,,,,0.5719820494905647,,,,0.05949281040836407,,,6.504813359953062e-12
squares,circular,50,0.5,0.2,0,13,retained_failed_partial,False,False,50,50,50,True,,f0328661290cd9789c92b849aebc27560287690f1190051f8b80bf798619ca80,,,b82b5c001a76fd8d1b3f9c091d5373946c4d14211b7a53636a0d220fe71bd3aa,,0,,,,0.5743907369249359,,,,0.07554489395196003,,,7.67990647550673e-12
squares,circular,50,0.5,0.2,0,14,retained_failed_partial,False,False,52,50,50,True,,5ecb9447e8fee44902cd628ada11e6a37e654996b1a737019d06eaa719d6004f,,,4d10dc76bd0e3fea75af645e1c997be56f633b22fa30def9bdda9fe92dd5df36,,0,,,,0.6424465958126353,,,,0.07290078054586552,,,6.0590463708305235e-12
squares,circular,50,0.5,0.2,0,15,retained_failed_partial,False,False,59,58,58,True,,3c7d916d5f33477e0431df32c7f44abffac3f6cdb7806d6e91bf06c69b5400e8,,,e703f07c606275ba3f3d7914eb2d9ffe8779dda5c577ae2360133d6e897a4d00,,0,,,,0.7338740152391099,,,,0.05914443173613209,,,4.858034006577282e-10
squares,circular,50,0.5,0.2,0,16,retained_failed_partial,False,False,61,60,60,True,,a314bda3a4e6c95a978cf580234e1ce2415cfd16c5a975ade50e2031d01f37ff,,,17cb3bb2dd7301bea385f9b84d499a88dd9b33349b11fdfe42a32a2577daa7cb,,0,,,,0.4871219111978966,,,,0.04410201265016237,,,3.297185916498985e-11
squares,circular,50,0.5,0.2,0,17,retained_failed_partial,False,False,66,66,66,True,,c65c20c63edebf1341f578f843634efc8b530ffbf5accc70d2bcd6add1233561,,,6b7414828120e409c3160a5110cec221fa6597bf2cb1deefc79235b4d1bcd226,,0,,,,0.5809072246896738,,,,0.03518162548219458,,,3.474052721920665e-11
squares,circular,50,0.5,0.2,0,18,retained_failed_partial,False,False,72,72,72,True,,d1534387d054205ef7d4aaa238dd835e652e85daccd0cb0a9ed1e671bdff15f2,,,c01afe478763934aebfb5f745f9e571872a01c74f248f4dc2d1b8c782fa7bca4,,0,,,,0.3894376288559742,,,,0.0306365503745227,,,1.1257487657145729e-10
squares,circular,50,0.5,0.2,0,19,retained_failed_partial,False,False,60,60,60,True,,593dbe035457ec0139cd4994d1d0d2a048c304236933da04ea95ad7b2b77c94f,,,5c27584459bd637f3eb4c29c9453ce71d1a0a0ecc941c9feb4f97b59ec296f06,,0,,,,0.4770446947453204,,,,0.04931367336253489,,,1.3123346072080322e-10
squares,circular,50,0.5,0.2,0,20,retained_failed_partial,False,False,74,72,72,True,,faae8a979b00302a4c77fb016327fd956141925a23e9c520351e4acae1a56ab8,,,aa475e4b55199b08fb27a0162c45e5097a440e69f63f48180973750ee7c17596,,0,,,,0.5802645195074818,,,,0.046381029696624686,,,2.3721955802035026e-12
squares,circular,50,0.5,0.2,0,21,retained_failed_partial,False,False,77,76,76,True,,23741c74c2f406b4db532d49358a15a76d5ee4fd120ecee3ed21cc1a8c6688f5,,,4cb8a1107aecad9b572ec33395ad4031353825ff5a7a9cc9e71a33bd23772ba8,,0,,,,0.4650330798514246,,,,0.037440100307417026,,,1.0274462512230715e-11
squares,circular,50,0.5,0.2,0,22,retained_failed_partial,False,False,67,66,66,True,,afbf5b68a00c8f5c08186639e643edd06bc3bcb70defa0ce04f2c9d062a873c8,,,8eccc4c189f0af1153274b84511b0fc5d4abccd61fa9ec9abc467451ab833f3d,,0,,,,0.46078434427437975,,,,0.06671542822405321,,,2.615793342423918e-11
squares,circular,50,0.5,0.2,0,23,retained_failed_partial,False,False,83,82,82,True,,53f6ccacdfe5a0599de8cd8205d2ac8e71ede776abcab5c29f4ba4d2eb292460,,,bce914b7b12b115fe0a1f885f9dd0890a0c261e5b3dd415bbc98996b01eb48aa,,0,,,,0.3619831586558915,,,,0.030853899332704396,,,4.936776940559709e-11
squares,circular,50,0.5,0.2,0,24,retained_failed_partial,False,False,66,66,66,True,,274c125caee39adbfe54a2933196d25bebd9d245dd2ed89f7b606193ca99af0c,,,ee27c0cf1ae709d392e08ae717a1d8c3c930223fd308f0174ea017a53ce6c1ed,,0,,,,0.5468429082529069,,,,0.04351156763712831,,,3.46166097035195e-12
squares,circular,50,0.5,0.3,0,0,retained_failed_partial,True,True,23,22,22,True,68d8df537fb83b8da161038af8a17ba6cc063bebf7edb18b020a2a3964c7def8,68d8df537fb83b8da161038af8a17ba6cc063bebf7edb18b020a2a3964c7def8,True,959c4b132fd0c931378e478884593843c5889200bbd9377f55f8df8454be7c0e,959c4b132fd0c931378e478884593843c5889200bbd9377f55f8df8454be7c0e,True,0,,True,0.5599824888474689,0.5599824888474689,0.0,True,0.14793385651747287,0.14793385651747287,0.0,True,4.1634909587519983e-11
squares,circular,50,0.5,0.3,0,1,retained_failed_partial,True,True,25,24,24,True,2374b03a55c505bb6bea8915e40680be6b0b2aa3d70e644fe8689550741e4de7,2374b03a55c505bb6bea8915e40680be6b0b2aa3d70e644fe8689550741e4de7,True,cf852eed010de2cd03b039a6e5573bbbb63ef4f76c24595911583b66ac6c3103,cf852eed010de2cd03b039a6e5573bbbb63ef4f76c24595911583b66ac6c3103,True,0,,True,0.5828025656683007,0.5828025656683007,0.0,True,0.1493538524397423,0.1493538524397423,0.0,True,2.165354900035301e-11
squares,circular,50,0.5,0.3,0,2,retained_failed_partial,True,False,31,31,31,True,43bb126fb4da5ce8643ee18a6124045c82566ccfe18cab432d9b307baf8cf78c,43bb126fb4da5ce8643ee18a6124045c82566ccfe18cab432d9b307baf8cf78c,True,6a1017a493bb8797d8989370bc7e8911b5003de9069b23d2b90df89f772bd75e,6a1017a493bb8797d8989370bc7e8911b5003de9069b23d2b90df89f772bd75e,True,1,LVIRA,True,,0.49099866542180504,,,,0.083027742802003,,,4.613687462118543e-11
squares,circular,50,0.5,0.3,0,3,retained_failed_partial,False,False,30,30,30,True,,3652c05e4d1eb48315ab8fd770d2a48a156b1912d7108596b2cc0e09f1573634,,,21c98320463d4d326a58b23244cb0680b35c7832bc0665a164c331df7a892f37,,2,LVIRA,,,0.5243148962380033,,,,0.11092800247940904,,,5.724425779023191e-11
squares,circular,50,0.5,0.3,0,4,retained_failed_partial,False,False,40,40,40,True,,d3a0ba4f682f4d5803c495c3fc4d8d951ceb4c4fd3f988ffd43180100a7368d2,,,4c819112548853915e35b5cb0e96ff6400632d8b0fae525644b10e30e3919d7f,,0,,,,0.31328184781289553,,,,0.055132113448158146,,,8.3218827414927e-09
squares,circular,50,0.5,0.3,0,5,retained_failed_partial,False,False,32,32,32,True,,fe56fed6ddac61aa6f5ca81f81fafb1d77775e4f337d62f945cce12fc1559fbb,,,e0ef82af78ed7231746fbdcefc6b677136a845f37a4d3bfd952a9995867bc612,,0,,,,0.7387959244994035,,,,0.1180428710633466,,,4.370204790246428e-11
squares,circular,50,0.5,0.3,0,6,retained_failed_partial,False,False,38,36,36,True,,5c60448b79d2917ac6085bba6bc74f241de5d4e87e1ddc04da5176568f3eff6d,,,6ac12a281817cb3dd1d4dc43ff1408f737766c3b5e1caa0a416d301e61597e44,,0,,,,0.565362802537245,,,,0.10188984527929691,,,1.1189058780123739e-11
squares,circular,50,0.5,0.3,0,7,retained_failed_partial,False,False,35,34,34,True,,0115e03bf1da4039a315cffff58355bd1d8b4b14a106a220c12ab3243176096b,,,a6058a0ce3b0738ebb2966068a26d567e029fabd57629414ab7dc1af2ecbe115,,0,,,,1.047040577063798,,,,0.2599342237891307,,,5.521279470777744e-12
squares,circular,50,0.5,0.3,0,8,retained_failed_partial,False,False,47,46,46,True,,e0a224b18f031bf120e89db1689683416cd76b452ed2c6212d2fccdf9e6e883d,,,29ab6095660e48404237891650f753360bbac070c828b54917438f456d14ea98,,0,,,,0.5690380121259135,,,,0.04820882805548512,,,2.1583860892016803e-11
squares,circular,50,0.5,0.3,0,9,retained_failed_partial,False,False,45,44,44,True,,5334cd027b3b5b62fecc20acf4264f2003c74106cf9d032604dbfd1655cfc241,,,ac3842b43d604b2cfed6a8398a84de96c41d33f3ccf772bab9d3e959fd68de32,,0,,,,0.5609343210506812,,,,0.06594632759257853,,,1.056141662817994e-10
squares,circular,50,0.5,0.3,0,10,retained_failed_partial,False,False,48,48,48,True,,21a22426c4d356d55b9f9ed5e556b7a108ed8d7e3deb6045c404b85a76116d30,,,2f4fcc4cca904d49467ed126f578c71bab073062838667e5f3243a1f716b95a0,,0,,,,0.5200330009651954,,,,0.051752896241664126,,,3.916055605344598e-11
squares,circular,50,0.5,0.3,0,11,retained_failed_partial,False,False,49,48,48,True,,26be6bb603be9725be0cb6afea84b68915f2e481e804e406779103d52f36ffff,,,667a5637f424031861cea2887668f27c49cd15eba3ebd9ecef286da9cfd4482d,,0,,,,0.6968730485682295,,,,0.053316445956841506,,,3.4153835030098363e-12
squares,circular,50,0.5,0.3,0,12,retained_failed_partial,False,False,51,50,50,True,,bf74ddc811980db7a6521a158c5a01ea6bbe36d7fe280216788f6a0729ba9601,,,6f6c153d7d6627e9dbc3d93dbf48e59b8bfb97640b6f68984d7cf9bedfb5349c,,0,,,,0.8055587474715642,,,,0.10014477239223925,,,1.620181018499547e-11
squares,circular,50,0.5,0.3,0,13,retained_failed_partial,False,False,53,52,52,True,,a2724658ada55b3ab44962fca2c4bd72e8a39a99b5340352877d643a6fd0bdcb,,,a3fb6fbe0b9b2fdc51463f1f0273106ec510ea25715ddf19318d77b1844d0c68,,0,,,,1.8250257623172632,,,,0.11881660443416465,,,1.0185086043278743e-11
squares,circular,50,0.5,0.3,0,14,retained_failed_partial,False,False,52,50,50,True,,6217b3ce8ab5ecc57d663f8bc47a78d118c7fdc049a0c07f31fd23e0db5066fa,,,00d6b186d8163864f204140748bc76da588e04d4ac1ac901ba137eac843cb467,,0,,,,0.6544341676808862,,,,0.07246733888414127,,,1.816558588705435e-11
squares,circular,50,0.5,0.3,0,15,retained_failed_partial,False,False,59,58,58,True,,f41992ab8d61b74493d838dfaeb2e17c08108596d88e36378b5ea33f1ebdfb4a,,,cca838fc5b2d8ce24089e2570e3d37433e4d7e04efc8eb19435ff47e67b41248,,0,,,,0.9726161793957736,,,,0.059542963828259625,,,2.0672176686776252e-11
squares,circular,50,0.5,0.3,0,16,retained_failed_partial,False,False,63,62,62,True,,7720838b0fd231306f443d1050a02b895d71ff19d764bbc4ee60920c1ffefe95,,,8dc979419a5e2f7a51cbf4965299e8f07ba3e563c179f005ebf8ea968e73167c,,0,,,,0.5094724065449405,,,,0.04446101173562594,,,9.807258176040156e-11
squares,circular,50,0.5,0.3,0,17,retained_failed_partial,False,False,66,66,66,True,,40f4b19d1fb21618f2235df7b4f02b431b24aeaed7288c4da7abcbc61c17bef2,,,f3f02972fe0200b8e5e6be66f41a31d55f814f672170fc4b702d80ce97ff2b85,,0,,,,0.6000326687750035,,,,0.0326895394052077,,,7.948128472501492e-12
squares,circular,50,0.5,0.3,0,18,retained_failed_partial,False,False,72,72,72,True,,043ab501a6ef2119e4a394fb41395ac2e852a96f952000d617898d50fb482173,,,4fcf3e87c7b5e9023a883017fffe259b26ab6aca9c44dc79ddcd1b976f160169,,0,,,,0.39488176139129494,,,,0.028672743509384528,,,5.152542852228848e-09
squares,circular,50,0.5,0.3,0,19,retained_failed_partial,False,False,60,60,60,True,,bf097d715ab9028c8fd6576657e30d741c1f5f9796e91d4b632e107557b22e4b,,,d1241cd92d917216d7b5aaab4fcb3e71f142716e846b12ee9927590f780a2508,,0,,,,0.47269082305258014,,,,0.05132272454801072,,,8.538840078702049e-13
squares,circular,50,0.5,0.3,0,20,retained_failed_partial,False,False,73,72,72,True,,dfcd6022b2ce0dbecde2762b8a858f40d09f63f1ba4ffbb08c35e2136945db48,,,6b6d61429a1ca43d1fd5a9525d708043ce27a5f59ab60ee8bc287823ef959e42,,0,,,,0.619232355325486,,,,0.04354269443928681,,,4.256564250240166e-12
squares,circular,50,0.5,0.3,0,21,retained_failed_partial,False,False,77,76,76,True,,f5db572def79026bb6e102d6485215c50eb01089007780d3786303dbe23a999b,,,3e7cab333edb9e64a393f980860bf8a18b28eb4ecdc3cc8c67e2c091e75cef1a,,0,,,,0.48300332604466556,,,,0.038719177994394706,,,1.4862250225793902e-12
squares,circular,50,0.5,0.3,0,22,retained_failed_partial,False,False,66,66,66,True,,c3c133bfad86e93fe976e69ebb278f66c621e81799e845db7aa97cb97eb0cd57,,,bceb997365804f4951935c8bcb40865d5639448e1addee6cd67528cadc7eef8e,,0,,,,0.46127350809157175,,,,0.05976156387740819,,,3.9191267123960644e-11
squares,circular,50,0.5,0.3,0,23,retained_failed_partial,False,False,85,84,84,True,,44d0f5f6aa1821663e2b899a76247b80ebaa78f855ea0d50212040d33c793e57,,,fdc71b9e74a9f5d003f22866d1c8e0125ce4ae8ba65df6aefe4dc0e00ca74204,,0,,,,0.4246752292127111,,,,0.03471692743804914,,,5.095330701743218e-11
squares,circular,50,0.5,0.3,0,24,retained_failed_partial,False,False,70,70,70,True,,2caf60c9e80341426b8cd1ba00a7322f0cdc7f8c8326ebffea5deaab894c4219,,,a1536d1eeddf18c486de801fa243c153d6a6a4c809aa8d35898863c05cd95bfa,,0,,,,0.538941008405728,,,,0.04125709706559355,,,3.308911336158287e-10
squares,circular,64,0.64,0.2,0,0,archived_success,True,True,31,30,30,True,0c013daf74f348ac7bce556c04979d5547d33f38161baa798d64b18e10a2e9be,0c013daf74f348ac7bce556c04979d5547d33f38161baa798d64b18e10a2e9be,True,1f8e705556f7dd991acb4f86b021f3c0db6dc59acd90a1053ea78a96082bfa58,1f8e705556f7dd991acb4f86b021f3c0db6dc59acd90a1053ea78a96082bfa58,True,0,,True,0.38472339792351207,0.38472339792351207,0.0,True,0.08181335092879535,0.08181335092879535,0.0,True,1.1619821186037157e-09
squares,circular,64,0.64,0.2,0,1,archived_success,True,True,34,34,34,True,df2c919b8e0f4155532c4ac28b4276d28975c85542a070909d5890095d8c1316,df2c919b8e0f4155532c4ac28b4276d28975c85542a070909d5890095d8c1316,True,98a975522de90727926d79b5f05f932be8be71a74b8edb7d23fa6520a19f8473,98a975522de90727926d79b5f05f932be8be71a74b8edb7d23fa6520a19f8473,True,0,,True,0.3337538279832124,0.3337538279832124,0.0,True,0.07425304851100922,0.07425304851100922,0.0,True,2.300964053381812e-11
squares,circular,64,0.64,0.2,0,2,archived_success,True,True,33,32,32,True,b9bb51920099c99014aa32eb571cac597738945ece6119a0228960332ccadc6e,b9bb51920099c99014aa32eb571cac597738945ece6119a0228960332ccadc6e,True,46c2a88ffcf26bf0eff4f533b441685aa037ae9de0e635a176c7aa7682c00ec2,46c2a88ffcf26bf0eff4f533b441685aa037ae9de0e635a176c7aa7682c00ec2,True,0,,True,0.4102679989527931,0.4102679989527931,0.0,True,0.08314638159797276,0.08314638159797276,0.0,True,7.52833080639408e-10
squares,circular,64,0.64,0.2,0,3,archived_success,True,True,38,38,38,True,ec2502e84aaeb59f40d099d1a5ba57fee4388729c75cff8445c01a33c3b1d578,ec2502e84aaeb59f40d099d1a5ba57fee4388729c75cff8445c01a33c3b1d578,True,69382e5a7c50d73d23382173099eaa3c0998741f350a4817b7cdd254ab91da46,69382e5a7c50d73d23382173099eaa3c0998741f350a4817b7cdd254ab91da46,True,0,,True,0.4553718381670495,0.4553718381670495,0.0,True,0.06943031498870299,0.06943031498870299,0.0,True,1.54046361516225e-11
squares,circular,64,0.64,0.2,0,4,archived_success,True,True,48,48,48,True,9598107130fdc6a5195a8a4489376ea361a7a399d1312bf75bcd23037f7d0598,9598107130fdc6a5195a8a4489376ea361a7a399d1312bf75bcd23037f7d0598,True,e0e68d0d3eac6a3b73c87f9307061371c85b36d8ff9a24679bcc1a67e4b90a39,e0e68d0d3eac6a3b73c87f9307061371c85b36d8ff9a24679bcc1a67e4b90a39,True,0,,True,0.42243551011732605,0.42243551011732605,0.0,True,0.03528794768493254,0.03528794768493254,0.0,True,6.067273711314845e-11
squares,circular,64,0.64,0.2,0,5,archived_success,True,True,39,38,38,True,ed9dd73617170f21c357f4949bda5b028ba7050b7b36cca88f444f982e0f8f78,ed9dd73617170f21c357f4949bda5b028ba7050b7b36cca88f444f982e0f8f78,True,e9feb08e402997afffbd012f221dd33471e40f63ce9266e7fb71e463e0cb1590,e9feb08e402997afffbd012f221dd33471e40f63ce9266e7fb71e463e0cb1590,True,0,,True,0.48022051442343683,0.48022051442343683,0.0,True,0.06358311875368759,0.06358311875368759,0.0,True,2.3366788244263525e-12
squares,circular,64,0.64,0.2,0,6,archived_success,True,True,50,50,50,True,56872e35a550d081db3148198267768eb061c97d554eb4712187aee4ef500ead,56872e35a550d081db3148198267768eb061c97d554eb4712187aee4ef500ead,True,1a933fbd0184b3dbb708fc74c1c117e6948c3064593aee08670be3b03935f00b,1a933fbd0184b3dbb708fc74c1c117e6948c3064593aee08670be3b03935f00b,True,0,,True,0.4411048788004275,0.4411048788004275,0.0,True,0.032551570164167806,0.032551570164167806,0.0,True,1.0255470108921715e-09
squares,circular,64,0.64,0.2,0,7,archived_success,True,True,47,46,46,True,f438da4d8b7116b9c6aaa74a2bd9bcc1268fec1efc0a71307ac6470f68708877,f438da4d8b7116b9c6aaa74a2bd9bcc1268fec1efc0a71307ac6470f68708877,True,d5e0d2990c809d035ce68c70d17d724497bcdf1ffb440a7c88d01dfbe9412c29,d5e0d2990c809d035ce68c70d17d724497bcdf1ffb440a7c88d01dfbe9412c29,True,0,,True,0.41575479557086387,0.41575479557086387,0.0,True,0.054948917205556586,0.054948917205556586,0.0,True,2.6243724791057922e-11
squares,circular,64,0.64,0.2,0,8,archived_success,True,True,59,58,58,True,b67e0d376767ebb6dc7d5813435d2e9236c0afb558d3be53291542ac47352167,b67e0d376767ebb6dc7d5813435d2e9236c0afb558d3be53291542ac47352167,True,e19bed232b5861287694480fe19d1f5bf7b78392c487b1d5839a2fe34ae24fc1,e19bed232b5861287694480fe19d1f5bf7b78392c487b1d5839a2fe34ae24fc1,True,0,,True,0.440996317104952,0.440996317104952,0.0,True,0.03709993397393294,0.03709993397393294,0.0,True,8.832944269750684e-11
squares,circular,64,0.64,0.2,0,9,archived_success,True,True,60,60,60,True,934b703084a4162307fdd31939af529428a518e92829de24742838a5c8673902,934b703084a4162307fdd31939af529428a518e92829de24742838a5c8673902,True,72df8afbae56c4a08b0c84a175b6b3ae0893fb6db85c8a70acc91ac467be7203,72df8afbae56c4a08b0c84a175b6b3ae0893fb6db85c8a70acc91ac467be7203,True,0,,True,0.3449866711247407,0.3449866711247407,0.0,True,0.03671172595196769,0.03671172595196769,0.0,True,6.593785287132176e-10
squares,circular,64,0.64,0.2,0,10,archived_success,True,True,64,64,64,True,2291f1b05dee66d3103b24bb25b8b76137cf2469da6258bcda4836e98fe25ed7,2291f1b05dee66d3103b24bb25b8b76137cf2469da6258bcda4836e98fe25ed7,True,73062ce7c33c6f9bc81e4588f4b02dd3a0dbf704089d45041c65ba9001fcd527,73062ce7c33c6f9bc81e4588f4b02dd3a0dbf704089d45041c65ba9001fcd527,True,0,,True,0.3349193423383219,0.3349193423383219,0.0,True,0.015425368110192614,0.015425368110192614,0.0,True,1.59641261373081e-12
squares,circular,64,0.64,0.2,0,11,archived_success,True,True,59,58,58,True,d0cbe0bd67ae8a38533b285b120f0bc92e928e7f98f53db9bce93a80657bf318,d0cbe0bd67ae8a38533b285b120f0bc92e928e7f98f53db9bce93a80657bf318,True,7991235761d11e19f68007aa385abbe5f44e04c0d6ac47f55e92e7ee32335a22,7991235761d11e19f68007aa385abbe5f44e04c0d6ac47f55e92e7ee32335a22,True,0,,True,0.4342408951645029,0.4342408951645029,0.0,True,0.05609820186096601,0.05609820186096601,0.0,True,3.052332189386132e-10
squares,circular,64,0.64,0.2,0,12,archived_success,True,True,64,64,64,True,ed0e78d37ee3798b751eb6fa05757e5fd4428ec6b6701bb824f0b44921fe4b7f,ed0e78d37ee3798b751eb6fa05757e5fd4428ec6b6701bb824f0b44921fe4b7f,True,613d20b9b5ab7f66b0f90ea9fdeb30bc5c333f23bbff759a7afcb317a8ad5c48,613d20b9b5ab7f66b0f90ea9fdeb30bc5c333f23bbff759a7afcb317a8ad5c48,True,0,,True,0.46737671478922627,0.46737671478922627,0.0,True,0.04948075425404211,0.04948075425404211,0.0,True,1.8334958947543168e-10
squares,circular,64,0.64,0.2,0,13,archived_success,True,True,64,64,64,True,b76daed956254b463f91ef0aee310e521d896118b7770d3f225a71a5a1024866,b76daed956254b463f91ef0aee310e521d896118b7770d3f225a71a5a1024866,True,faa2e6051c41200722e7601ade6e34271789d119d9eb66db32a72c328c50d87a,faa2e6051c41200722e7601ade6e34271789d119d9eb66db32a72c328c50d87a,True,0,,True,0.39504757765395904,0.39504757765395904,0.0,True,0.03897827330317997,0.03897827330317997,0.0,True,6.641478557151316e-12
squares,circular,64,0.64,0.2,0,14,archived_success,True,True,67,66,66,True,25d9b81c6528534e03d730321aaf3b04d5c140e7397dc6fb824a4ce0279e0b48,25d9b81c6528534e03d730321aaf3b04d5c140e7397dc6fb824a4ce0279e0b48,True,218dff69c7859aabf8ddf0b5ee4c9db11fa9eb8ef3c6615ea42d3711e2b8a579,218dff69c7859aabf8ddf0b5ee4c9db11fa9eb8ef3c6615ea42d3711e2b8a579,True,0,,True,0.6590663644596665,0.6590663644596665,0.0,True,0.04771028344491379,0.04771028344491379,0.0,True,6.16833955838664e-12
squares,circular,64,0.64,0.2,0,15,archived_success,True,True,76,74,74,True,08590f165d26a0f71f5084490afa41d57a06f0aa7166c8a7aeb2bb0447c485f0,08590f165d26a0f71f5084490afa41d57a06f0aa7166c8a7aeb2bb0447c485f0,True,7de15d80cd92f0134c0ae612930ba1b890773ee723f67b96404c12fc7ff3d7e9,7de15d80cd92f0134c0ae612930ba1b890773ee723f67b96404c12fc7ff3d7e9,True,0,,True,0.4944518186428946,0.4944518186428946,0.0,True,0.04178008117119616,0.04178008117119616,0.0,True,6.664608796828709e-12
squares,circular,64,0.64,0.2,0,16,archived_success,True,True,75,74,74,True,f144c9de920a2ce19b3e00297439a1ca745200b08213dfebcb4e89d8c36968dd,f144c9de920a2ce19b3e00297439a1ca745200b08213dfebcb4e89d8c36968dd,True,49e1347c5f92669bcdedb8955b6ab7db088551cfa9d79a050b67d556c766d84f,49e1347c5f92669bcdedb8955b6ab7db088551cfa9d79a050b67d556c766d84f,True,0,,True,0.5111042306639555,0.5111042306639555,0.0,True,0.03739711563826425,0.03739711563826425,0.0,True,1.885552386508152e-12
squares,circular,64,0.64,0.2,0,17,archived_success,True,True,84,82,82,True,e52705381b3d0587ece4569d56b64c0a21f0f8ecde4bff27f1bb0170c7277a92,e52705381b3d0587ece4569d56b64c0a21f0f8ecde4bff27f1bb0170c7277a92,True,d562dabef41fe53cbbf620939d1e42bba61843656ef56848273462cfa36f9846,d562dabef41fe53cbbf620939d1e42bba61843656ef56848273462cfa36f9846,True,0,,True,0.35225670154212296,0.35225670154212296,0.0,True,0.031882344898618194,0.031882344898618194,0.0,True,1.4112016855600111e-11
squares,circular,64,0.64,0.2,0,18,archived_success,True,True,88,88,88,True,3825467ec208d2fc6b546d42c1725a3d188ef561f844c1bb3e9c3f70879f9f9d,3825467ec208d2fc6b546d42c1725a3d188ef561f844c1bb3e9c3f70879f9f9d,True,bed6cc0cc1410b50436a0e5986cbbcf42b98b28526a226902eb3e010bbdddafb,bed6cc0cc1410b50436a0e5986cbbcf42b98b28526a226902eb3e010bbdddafb,True,0,,True,0.3708115576107349,0.3708115576107349,0.0,True,0.01691699891615025,0.01691699891615025,0.0,True,8.937949470021951e-12
squares,circular,64,0.64,0.2,0,19,archived_success,True,True,78,78,78,True,f7aab6f5e87714006616809d16f2fe450bfc32f75946f25f710541f944f2f222,f7aab6f5e87714006616809d16f2fe450bfc32f75946f25f710541f944f2f222,True,42845d45997b68723893b9f4f2438cc726b703940ce546d3405d50fc1b11475f,42845d45997b68723893b9f4f2438cc726b703940ce546d3405d50fc1b11475f,True,0,,True,0.38921353710635076,0.38921353710635076,0.0,True,0.02525048732523758,0.02525048732523758,0.0,True,2.8816037124121188e-11
squares,circular,64,0.64,0.2,0,20,archived_success,True,True,95,94,94,True,47fc46b77dc6664359f0808f5c3f9e89976c75fa91f67d0a9e303227f8948176,47fc46b77dc6664359f0808f5c3f9e89976c75fa91f67d0a9e303227f8948176,True,a26f3c11a17a3c5f9060c3284bd449416fe3ebecef18c76b9646cb9c9586c6e4,a26f3c11a17a3c5f9060c3284bd449416fe3ebecef18c76b9646cb9c9586c6e4,True,0,,True,0.3666998714217655,0.3666998714217655,0.0,True,0.01715816711832517,0.01715816711832517,0.0,True,4.056486134351601e-11
squares,circular,64,0.64,0.2,0,21,archived_success,True,True,98,96,96,True,da0e5b292eb9ee869b711f47276c68a72cad15bbbf7d02195379de8a7873e872,da0e5b292eb9ee869b711f47276c68a72cad15bbbf7d02195379de8a7873e872,True,c507d8b6f03b3dc2a3ac526cf3bb83ccab677e494aede4c9d517f7d34cdc848d,c507d8b6f03b3dc2a3ac526cf3bb83ccab677e494aede4c9d517f7d34cdc848d,True,0,,True,0.3414030070063603,0.3414030070063603,0.0,True,0.024654195753711725,0.024654195753711725,0.0,True,2.4841191184093347e-10
squares,circular,64,0.64,0.2,0,22,archived_success,True,True,76,76,76,True,5165eb39eb0e4ca9a7db73649c493b3b364f07bbb88496741c2925c6df04c212,5165eb39eb0e4ca9a7db73649c493b3b364f07bbb88496741c2925c6df04c212,True,0dbf4dfd0692d0e66de0a35b5e95bc737aa567a3cd9fa5e60aa8c3418b517fc6,0dbf4dfd0692d0e66de0a35b5e95bc737aa567a3cd9fa5e60aa8c3418b517fc6,True,0,,True,0.3865957109642941,0.3865957109642941,0.0,True,0.02998265641991623,0.02998265641991623,0.0,True,7.289583101567371e-11
squares,circular,64,0.64,0.2,0,23,archived_success,True,True,103,102,102,True,1c0f827d8f8524ef3d3c88fc5682fb1faa0a013e5e1aa975e69e1952ebeb26a5,1c0f827d8f8524ef3d3c88fc5682fb1faa0a013e5e1aa975e69e1952ebeb26a5,True,2e1df5e84f6186aef9574f85b6f713983ea9467340848d50d29fb7662d57d3c5,2e1df5e84f6186aef9574f85b6f713983ea9467340848d50d29fb7662d57d3c5,True,0,,True,0.4138403639909949,0.4138403639909949,0.0,True,0.021512388808470267,0.021512388808470267,0.0,True,4.914591880409808e-12
squares,circular,64,0.64,0.2,0,24,archived_success,True,True,86,86,86,True,cdad0772b55776c4f523e464974713d9ed508f2e13755e4547a5cdcd6b1db5c5,cdad0772b55776c4f523e464974713d9ed508f2e13755e4547a5cdcd6b1db5c5,True,d546941f0048443f05a391c6ada226ce25db23714ef5cb9c70abdf8c4c92df65,d546941f0048443f05a391c6ada226ce25db23714ef5cb9c70abdf8c4c92df65,True,0,,True,0.44885763355654573,0.44885763355654573,0.0,True,0.03670477452637076,0.03670477452637076,0.0,True,7.76671670382271e-12
squares,circular,64,0.64,0.3,0,0,retained_failed_partial,True,True,31,30,30,True,585ca7d0f6b9b0ccc55771f7b8cc12e3e9490413ba455249d5bc38de2a6cdbe4,585ca7d0f6b9b0ccc55771f7b8cc12e3e9490413ba455249d5bc38de2a6cdbe4,True,bf31ac59ea23f8c375008fd07acf30c8bb84b3f31ce3576f2710e9a00e0259f5,bf31ac59ea23f8c375008fd07acf30c8bb84b3f31ce3576f2710e9a00e0259f5,True,0,,True,0.37926848406981306,0.37926848406981306,0.0,True,0.08393333471520649,0.08393333471520649,0.0,True,4.086246928257176e-12
squares,circular,64,0.64,0.3,0,1,retained_failed_partial,True,True,36,36,36,True,bb45c2b366fc3f6a6e6f1e3f9339b30836fcad55c4013398299cf7df2dbace72,bb45c2b366fc3f6a6e6f1e3f9339b30836fcad55c4013398299cf7df2dbace72,True,b7651fa4898af108bdac3dac02402ec0eb293660c9607a1e31c0385eff6accb9,b7651fa4898af108bdac3dac02402ec0eb293660c9607a1e31c0385eff6accb9,True,0,,True,0.42480050932065794,0.42480050932065794,0.0,True,0.05702956504378551,0.05702956504378551,0.0,True,6.895552916048082e-11
squares,circular,64,0.64,0.3,0,2,retained_failed_partial,True,True,34,34,34,True,dc17fa1bac4c161485cf2e398f3bcc6419ea8adae674f1cff72d40ce5dbd5ca0,dc17fa1bac4c161485cf2e398f3bcc6419ea8adae674f1cff72d40ce5dbd5ca0,True,7a810b47f3fedf4845343ac9cf8f361c39eb500bf05c1b2a55dc86e83748226e,7a810b47f3fedf4845343ac9cf8f361c39eb500bf05c1b2a55dc86e83748226e,True,0,,True,0.41232306530551344,0.41232306530551344,0.0,True,0.07411540851392952,0.07411540851392952,0.0,True,6.447877239043982e-11
squares,circular,64,0.64,0.3,0,3,retained_failed_partial,True,False,41,41,41,True,fd014ddd351521634959cb9421bb3c210b1634dca2fa0c7368f38ba3e42c4d07,fd014ddd351521634959cb9421bb3c210b1634dca2fa0c7368f38ba3e42c4d07,True,7ac561c5ec321734a6d3b0f2df4ff56f5495c6d8f107ba0dc15e892853db0849,7ac561c5ec321734a6d3b0f2df4ff56f5495c6d8f107ba0dc15e892853db0849,True,1,LVIRA,True,,1.485986861861955,,,,0.14050313891519822,,,3.06484559589989e-11
squares,circular,64,0.64,0.3,0,4,retained_failed_partial,False,False,48,48,48,True,,15a36176c5ecc854ccaa86c5b727f85b777b9fd9cc4c7cfd5660453b1ff992ee,,,98deb03b98f9c29f79dca7829220c54b53b717f8877a98ee7e20773794b2435c,,0,,,,0.5155930105069065,,,,0.04018174277817303,,,3.792853585789989e-08
squares,circular,64,0.64,0.3,0,5,retained_failed_partial,False,False,41,40,40,True,,4cb31ce14b62c86436e5d5ebdfefea89c63876f4731c462b47c387c0d25035f4,,,a78991fa6ae7d81fdfd39c2e2791dbf391ce91f7fb19e515a46a5239fff9545d,,0,,,,0.49144329719398683,,,,0.06036477305630692,,,2.973735620362724e-10
squares,circular,64,0.64,0.3,0,6,retained_failed_partial,False,False,49,48,48,True,,2c0bccd8239361c564368054796d99d10748eee7a22dfc6cfb7f1d891e82d1c6,,,8c71770c48e5d9633b52e6943f3f955647de0dbb52c2711d38c73007c123b8a2,,0,,,,0.4850198947368154,,,,0.042002567516765364,,,1.0759511298150958e-11
squares,circular,64,0.64,0.3,0,7,retained_failed_partial,False,False,51,50,50,True,,ec1f04ee6ce4517e155c92140955360b3e1dca52533cc96db779d30d0babcb78,,,c169b540ff7496cc878d02906dcb21d663636592a69506f6bb8a5128510eec17,,0,,,,0.6487089438197965,,,,0.06622523509902875,,,6.218288308737296e-13
squares,circular,64,0.64,0.3,0,8,retained_failed_partial,False,False,60,60,60,True,,d9c0a43ddd379891f34644c8d9cabcbb6cb4a47771f5f317cd3145b09a5a9898,,,1250c03fa1fcdbc902840f6d16f8161ae74b995ced4038313a5b957f2bcb9dde,,0,,,,0.6320007203797797,,,,0.03435052788672402,,,4.459723233630886e-11
squares,circular,64,0.64,0.3,0,9,retained_failed_partial,False,False,59,58,58,True,,8415549eaac325f500f4adb4f1cb790662f78ae3034190bd64ff31af2deb363a,,,7d4dbd499387cda608f9129c0d7f0f652c09860a039bd8ef0ea428aef09f72fb,,0,,,,0.63036601966982,,,,0.033128703652768786,,,1.8818683425703425e-09
squares,circular,64,0.64,0.3,0,10,retained_failed_partial,False,False,64,64,64,True,,5af4fb7858b46c7ee4e05d78f31d919ed568ff28e6abb4f32f1a6e51180e0c24,,,252e29604bf9c5fad142708ecdfb198a80a29fb74ea9ce269168ee51c39469ac,,0,,,,0.4515666941357613,,,,0.022165670780235354,,,4.045782984317632e-12
squares,circular,64,0.64,0.3,0,11,retained_failed_partial,False,False,63,62,62,True,,6c4b5581df443e4c24274355a68194d0fe7f4af28e8b85fc8a71bb8c1caa7703,,,94292d85eb2732662df007eae1a731c4826abaee049a09359f478e8dabe48da4,,0,,,,0.4322730705068385,,,,0.04326092555550744,,,3.89537170860995e-12
squares,circular,64,0.64,0.3,0,12,retained_failed_partial,False,False,64,64,64,True,,589864df67d3bf179903e16947452708e873ebbe3bc509ac08a649801c192498,,,56885d259d0de92975dbf9837370bcd7f05332130bb68d9be2b745e693d62203,,0,,,,0.4898853813653735,,,,0.047721629779574753,,,3.5733213100101826e-11
squares,circular,64,0.64,0.3,0,13,retained_failed_partial,False,False,64,64,64,True,,4ce71b10961c352527592930bdd6b259dd6a3bbdfec1edfbe2064f22cf932766,,,a51344a32f422311923acfa008c54f2abaf9c414af14838ae2bdb3f83012642f,,0,,,,0.38543938232879005,,,,0.04233633811151742,,,2.59795920009701e-12
squares,circular,64,0.64,0.3,0,14,retained_failed_partial,False,False,69,68,68,True,,ae95bf6a5a5f0ecbf31b003a080d2cfdc241891a248ae1da1fabc4f5df314282,,,cb61d0c114f372137caff28767c66abbf4d0f79e17d9a2f4a9d8ebd1ac4ff3d2,,0,,,,1.1326555235891842,,,,0.048860464819161675,,,1.4820867833778228e-11
squares,circular,64,0.64,0.3,0,15,retained_failed_partial,False,False,75,72,72,True,,996c4225f6c90fa102171d221cd36ec8a9eda68bfa15cf7e4766d3134810996c,,,09888ba46b9fcda44b93526f6e9a8352cf41fd2dff113ea427030386f4a69cd8,,0,,,,0.5239102267675877,,,,0.03943998160219866,,,2.0798003908827126e-12
squares,circular,64,0.64,0.3,0,16,retained_failed_partial,False,False,76,76,76,True,,39986e76cb56050b400c12cd49edecce926c71ba95374085531bcafc7388ccdf,,,4f4e2b6d89fca9e8fbdf23b42cbbe207300eccd4d1f54f53c994fe94fd296345,,0,,,,0.5574630306678098,,,,0.03432393078773201,,,3.713108330492209e-12
squares,circular,64,0.64,0.3,0,17,retained_failed_partial,False,False,84,84,84,True,,17ce736024b9421840def734aa7c56fb1bd1a2fc638f5d71246965dab78c5465,,,25dbb0a8a2d258d376500c31990934fc5953611cac407d2330ff1edcadfde6e8,,0,,,,0.3170361622931537,,,,0.02913715888924399,,,1.3204797521890733e-10
squares,circular,64,0.64,0.3,0,18,retained_failed_partial,False,False,88,88,88,True,,6c3406219c4146c54b0d1c8903d3aaa9641338718abafe0ffbfdd4afb4476e4d,,,c8d93431474afdc77de2a454ea99821b74515cf546842c82440571bf2d98792b,,0,,,,0.39303652455453,,,,0.018555272471381598,,,9.123002467905781e-12
squares,circular,64,0.64,0.3,0,19,retained_failed_partial,False,False,78,78,78,True,,9bfc7ae020558b8d6152ff556be1adc6e65713c0904786fd1eb7f7b9cbbaea43,,,fff29750dd2c3f2ef8c4620cc194a6ef04542e58d74d753af8a1f3d897a232ae,,0,,,,0.3678287636118234,,,,0.02877512775330728,,,1.840535428472296e-11
squares,circular,64,0.64,0.3,0,20,retained_failed_partial,False,False,96,96,96,True,,51f696bb67677bb98051501e045bba82d75e70f292f37092de54a692ac087bb8,,,35318a649ae36ee58ce4256736a1de3e291763a65f33545410704c2112d2f9de,,0,,,,0.3704156776271563,,,,0.014363600225607334,,,1.0017432061275992e-09
squares,circular,64,0.64,0.3,0,21,retained_failed_partial,False,False,98,96,96,True,,8ea2b2a61dceadb622f30e6934141da5a1c44203c94d520d135f6ce66b05c904,,,627817b5317240847b5d5c8ab231e38ef4156516bf107541c3b1d82a6098ebd2,,0,,,,0.4669513683276583,,,,0.03021239535735694,,,9.813830275623637e-10
squares,circular,64,0.64,0.3,0,22,retained_failed_partial,False,False,84,84,84,True,,77377220e7dc5cefee2f5af57069186599a29b175e9cc7339690d6b1474aaadc,,,837c0f6fe3da124bb0e02730661e9e2efc1334f156355ec0afe7b45262c91339,,0,,,,0.3552334473805088,,,,0.02595066206118733,,,1.756070741099271e-12
squares,circular,64,0.64,0.3,0,23,retained_failed_partial,False,False,103,102,102,True,,1590b1bd8fcb1cb28370dfff6c6ab8aede4da4fc08287a5c86ea787e4bb9e416,,,8fe81a2f1deddaf52cf1f8e33203c35f4303eb5f2979853bc0bdff0cfeb3eae0,,0,,,,0.39225642349300704,,,,0.02172031981204948,,,2.2158602587691913e-11
squares,circular,64,0.64,0.3,0,24,retained_failed_partial,False,False,96,96,96,True,,00565ccb04489fb8bb773ef31725a8caba6f2719d9c625e301d07532da81b075,,,7de459af8edc03d0806dfc6687df1e71686c166e64f20b300dfe5492b54e8a1b,,2,LVIRA,,,0.4687349216421306,,,,0.036868860326522764,,,1.1662638772582533e-11
squares,circular,100,1.0,0.2,0,0,retained_failed_partial,True,True,47,46,46,True,4d2c03ed5290ee3e7376e348ce828542d0fa02f79db3f079b59f6cf65f8b9970,4d2c03ed5290ee3e7376e348ce828542d0fa02f79db3f079b59f6cf65f8b9970,True,4d913e9acc1bedd38dcdc1367f2444c754c22021012bcbff75b19bc2c200e082,4d913e9acc1bedd38dcdc1367f2444c754c22021012bcbff75b19bc2c200e082,True,0,,True,0.3261062005795261,0.3261062005795261,0.0,True,0.03193622103085025,0.03193622103085025,0.0,True,4.520981815664511e-11
squares,circular,100,1.0,0.2,0,1,retained_failed_partial,True,True,46,46,46,True,d4fe4fd74fb332b09d451978c8ee8c77fc399d456c0b2d9d4dd3c3e47ad7cd69,d4fe4fd74fb332b09d451978c8ee8c77fc399d456c0b2d9d4dd3c3e47ad7cd69,True,e01f4910a9d905bf979622bab4397db53f7f56fdbee587bb6f79d5d4f59baaaa,e01f4910a9d905bf979622bab4397db53f7f56fdbee587bb6f79d5d4f59baaaa,True,0,,True,0.2974475803324127,0.2974475803324127,0.0,True,0.05833059696344065,0.05833059696344065,0.0,True,8.193122051272127e-12
squares,circular,100,1.0,0.2,0,2,retained_failed_partial,True,True,55,54,54,True,7d119e3c1f9005aba8c3064e00f01f1e134aa4e57be8d912ed39ac7f137c8050,7d119e3c1f9005aba8c3064e00f01f1e134aa4e57be8d912ed39ac7f137c8050,True,4aa9265f54238669804207dbc74007d875bf2f2f4b3f4f15e97c158a64a0d5f2,4aa9265f54238669804207dbc74007d875bf2f2f4b3f4f15e97c158a64a0d5f2,True,0,,True,0.2529351214495902,0.2529351214495902,0.0,True,0.03550809782958418,0.03550809782958418,0.0,True,1.0724264297271211e-11
squares,circular,100,1.0,0.2,0,3,retained_failed_partial,True,False,60,60,60,True,5d68b8d944a7936f0d78d8d250f361a5c160acf78e7886b0148b3d5e9ad71b6c,5d68b8d944a7936f0d78d8d250f361a5c160acf78e7886b0148b3d5e9ad71b6c,True,bfe9873a32dfa09fb231da2577b6e5796258ef163b71ee6ea7da0b5cca361a22,bfe9873a32dfa09fb231da2577b6e5796258ef163b71ee6ea7da0b5cca361a22,True,2,LVIRA,True,,0.24174181023862362,,,,0.022678374649100858,,,1.1926123521013151e-10
squares,circular,100,1.0,0.2,0,4,retained_failed_partial,False,False,73,72,72,True,,23c99bf72f6cfee312c14dd2f6233501c7367ebb0e8153a789edfcadcc811c5c,,,16b57766306af731426129c1cd5789f6d515922cdfb208add07adf3b512ccd1e,,0,,,,0.3262369728161114,,,,0.017476697980634677,,,7.117359135564886e-11
squares,circular,100,1.0,0.2,0,5,retained_failed_partial,False,False,68,68,68,True,,df157ee4ea6b1dd1be1414cb3d93c9c8e9ff125bcdb2f0a2e39f3c48acf321ef,,,f043064069b9b4cd3841f11410233c402a8391e8443a6b917fb7b4eb3b9e9aa9,,0,,,,0.27802282292668345,,,,0.01900357146761504,,,6.458270972289018e-13
squares,circular,100,1.0,0.2,0,6,retained_failed_partial,False,False,78,78,78,True,,a7167d4bc46bf4127e83aaa9b4acb8b5b85cf2c95ebbab28ec8d495f1b6fa9e2,,,012fe791e8d0f4efb808184d5426853378992b5b83ecee957905b16005381d15,,0,,,,0.3306553973259725,,,,0.03384723724548032,,,1.0254972369962895e-12
squares,circular,100,1.0,0.2,0,7,retained_failed_partial,False,False,75,74,74,True,,3a369f097b2b733b51291da5eead618692fd8e0adfa3a0c0095aba81f08e6704,,,395ec77652922cab432c00feaadc8cb430142610ee524109a5ce42a0c697d7fa,,0,,,,0.34293395146689765,,,,0.02444221568941919,,,2.919092339842637e-11
squares,circular,100,1.0,0.2,0,8,retained_failed_partial,False,False,91,90,90,True,,d83567912e523d5fee68554a91f85fb206e64983412601bfeb68fd7fc207aa47,,,99d47b16dfb8e647f9f1122b2486c6cffbe5cacf55cb586ceb164f11a179c92c,,0,,,,0.3282662494275058,,,,0.017338683216946302,,,3.991329596119346e-11
squares,circular,100,1.0,0.2,0,9,retained_failed_partial,False,False,92,92,92,True,,62942ddac56452f05348d7d122c898b68c993faf54f097c1eac4bc526c08f1bf,,,74fcf4577705490bb2017bd5624f9e1511ba9bde689e069f7bd119c13d1d3a4b,,0,,,,0.2358401963567751,,,,0.01347477641501357,,,1.8730390792032617e-10
squares,circular,100,1.0,0.2,0,10,retained_failed_partial,False,False,99,98,98,True,,3b9621a1c37793f92cfc083857fd85f913c1941075c9b17f728e82058a0aa81e,,,e832d4cf987cbc6ee621cf6bb7023b8179c641ce89d5aa87bfbfed5026d63415,,0,,,,0.22731441042380607,,,,0.013570811775550752,,,7.339731713298971e-11
squares,circular,100,1.0,0.2,0,11,retained_failed_partial,False,False,96,96,96,True,,7ef192f561cd8ebfd1b988df932e7d60d6ca2c6fe82e6eb8dbeba34eb4320836,,,6efabd989b92e195039f7bc460101b2be028cb4aff379a8736f004befc9d4746,,0,,,,0.23715231101900458,,,,0.006458560765955104,,,1.1797764451482215e-11
squares,circular,100,1.0,0.2,0,12,retained_failed_partial,False,False,103,102,102,True,,bdbaf7895b661a3f0bdfddde6b35612bc132666a92128c0fb0d250dc8c3acf3a,,,2ade5b57e96d21a9ea399be768f951d7c46ea94c753d88cae7d372b07f1dc663,,0,,,,0.25506384721234165,,,,0.014023749101375119,,,3.370797279740558e-12
squares,circular,100,1.0,0.2,0,13,retained_failed_partial,False,False,102,102,102,True,,8daa5928522890358f1112398cb8b364ba00f8f6b80c2f049f7ef60777ed3b55,,,29c70733fb5075aee26c66643585df6424e469c92dbac390f7fced1b14f51392,,0,,,,0.28539307458118857,,,,0.008887100369472798,,,1.2950189272038646e-11
squares,circular,100,1.0,0.2,0,14,retained_failed_partial,False,False,104,104,104,True,,96adb309139842669df2067361a37e34bf350db25095b9b630842b442bd9863b,,,9f6437df6cff88856d5dfb34c51900b06aba7b18dafea11cbde37df402e8a974,,0,,,,0.29359676059658835,,,,0.017192903624289733,,,4.323185880915124e-10
squares,circular,100,1.0,0.2,0,15,retained_failed_partial,False,False,119,118,118,True,,7b2aafea91a916afc9a2852049d8f5d6ecd4ebd3c1dc212f73b694792c3ea394,,,75828d0631b6b9949b6c9a0e033df335c4ed853d340e7515b60d732cbd4c835d,,0,,,,0.21603227895607657,,,,0.012462214782999378,,,7.471132993279306e-11
squares,circular,100,1.0,0.2,0,16,retained_failed_partial,False,False,117,116,116,True,,31a5bb60461bf0801f248a75426745cb4232d2aa7033da2a5a7aeeed499829d8,,,af6c326c1c50515bc705029c18a4076e91fc3b566bf7fe21c4740a18d2f84cf8,,0,,,,0.2879241858100441,,,,0.01405932956640195,,,5.468736023361727e-10
squares,circular,100,1.0,0.2,0,17,retained_failed_partial,False,False,130,128,128,True,,7831d73c3dec526e0a23e60f6a352986a4165dd635438b13afdf8410efab6cb2,,,fab86645f054738c4e7592645d53a0e30cd025597a64984975155557be474051,,0,,,,0.25834546322775975,,,,0.013043720247939596,,,2.51292078676258e-11
squares,circular,100,1.0,0.2,0,18,retained_failed_partial,False,False,140,140,140,True,,fd04b05836bf0fac38dc7265e56e8f333a30614b889d5498f5cc4e60f35cb248,,,26ddd7d5ddf8d9f06f2d63ddc96f6fbc1d63cd9772139448be6eda418e00816b,,0,,,,0.28823816246522327,,,,0.010375571693478202,,,9.81607955699585e-09
squares,circular,100,1.0,0.2,0,19,retained_failed_partial,False,False,121,120,120,True,,f8b8e9c66a99b9f134f9835086acddbaed62efa604d56405df0f1fab955647fe,,,94c59f9f0bddca33caf08cc9fd70c0bbd5360eaea40ae7a4f9f6c02ca3573b43,,0,,,,0.2773585163470693,,,,0.011895638373052405,,,1.4655912249727155e-12
squares,circular,100,1.0,0.2,0,20,retained_failed_partial,False,False,149,146,146,True,,e0b0badb40c34b61bbabef53546de773b54c63a5b4959e5b80600dcb3ffc4636,,,0b46959512ffb8d35f556ccb7b5a5e596e19cb40ffb544d9f6490e8f5200ce33,,0,,,,0.22734291877543233,,,,0.010653275060002649,,,5.460973723649289e-11
squares,circular,100,1.0,0.2,0,21,retained_failed_partial,False,False,153,152,152,True,,e5189b88a69fb8525d44d9d1ebaf915e3fcc18ac13755e3ee04bb1709a33045e,,,67944c01a0f1e6889756ac6917d0527669f066beac894ff8ec0ad9ad0c02e699,,0,,,,0.31393218092996716,,,,0.008109388006750274,,,5.3659841236815404e-12
squares,circular,100,1.0,0.2,0,22,retained_failed_partial,False,False,126,126,126,True,,f173649f01e76f0e1e4c3e77e1aaac2a7ddd5c41618aa890b3e683c14a7261c9,,,63e51a02fc8b3b818c3301545409a8722f730e396fc5f9cd9e08365c513324be,,0,,,,0.22798702165159734,,,,0.016110334188728908,,,1.4729341368394403e-13
squares,circular,100,1.0,0.2,0,23,retained_failed_partial,False,False,161,160,160,True,,fea5bf12ed255054028eb968876dc8a1fca67c7bc95c02fc6d47479267fc33e4,,,e5ae406dde950e85231c401ecf8a6db0607638400f9b16b096eae2e1844131dc,,0,,,,0.2895974494760535,,,,0.01001448647996961,,,1.5510974878387694e-11
squares,circular,100,1.0,0.2,0,24,retained_failed_partial,False,False,135,134,134,True,,98c2c90aed4e851a3b5c53bf0d013417dc400bd81dea290238c225a72c3cfb63,,,3fd8d6f85c6b2ea6e0680575216f83d83e85284a668aa6cbc519cc328cef0f79,,0,,,,0.8864909948477213,,,,0.028721441346148024,,,1.1254920902234284e-10
squares,circular,100,1.0,0.3,0,0,retained_failed_partial,True,True,48,46,46,True,80b87e97a2c850f91284c195d25c18d83e20737c60c74b4c22abfbe67e50ac54,80b87e97a2c850f91284c195d25c18d83e20737c60c74b4c22abfbe67e50ac54,True,19d16eb62706bb330c2e0ea965aa0bc4151729dd0bce408d3afd2a7aedddfb3f,19d16eb62706bb330c2e0ea965aa0bc4151729dd0bce408d3afd2a7aedddfb3f,True,0,,True,0.3242672278463008,0.3242672278463008,0.0,True,0.0333069734524095,0.0333069734524095,0.0,True,8.24795934532114e-11
squares,circular,100,1.0,0.3,0,1,retained_failed_partial,True,True,48,48,48,True,9ca908ab7b6cd95bea12938cd93ea129a66fa073b98eb5898cabdb9e3821a510,9ca908ab7b6cd95bea12938cd93ea129a66fa073b98eb5898cabdb9e3821a510,True,138e76ff57eefc3faf1bcfed8930087a5f859eec039b468e00b69c24a43aa9ac,138e76ff57eefc3faf1bcfed8930087a5f859eec039b468e00b69c24a43aa9ac,True,0,,True,0.3253445576651247,0.3253445576651247,0.0,True,0.04185718301147723,0.04185718301147723,0.0,True,1.2937819498055536e-10
squares,circular,100,1.0,0.3,0,2,retained_failed_partial,True,True,54,54,54,True,eaa356bf94d0fe32aa663938ce150b60ab20ad97d86cca340f98eab898514e13,eaa356bf94d0fe32aa663938ce150b60ab20ad97d86cca340f98eab898514e13,True,03447693a8f65f77b2365c2842085fd4ac233f3bbb34a47beca1f1e63032b2e1,03447693a8f65f77b2365c2842085fd4ac233f3bbb34a47beca1f1e63032b2e1,True,0,,True,0.2429810811197246,0.2429810811197246,0.0,True,0.026832659916060778,0.026832659916060778,0.0,True,2.977805626173178e-11
squares,circular,100,1.0,0.3,0,3,retained_failed_partial,True,True,61,60,60,True,b7b1ff373396aed9d4a56e2cd92652770ca1e780b8fdcdcd739e9810776a78d5,b7b1ff373396aed9d4a56e2cd92652770ca1e780b8fdcdcd739e9810776a78d5,True,029fa105a2803e05d35527f5bd9060d7f7b3cbae6e082bc6305019b0587afc6b,029fa105a2803e05d35527f5bd9060d7f7b3cbae6e082bc6305019b0587afc6b,True,0,,True,0.47906102575600573,0.47906102575600573,0.0,True,0.0650418211723088,0.0650418211723088,0.0,True,3.168086659249629e-09
squares,circular,100,1.0,0.3,0,4,retained_failed_partial,True,True,73,72,72,True,7b0602197ee95d28ab36f363c9a296a5b84632c2d127944cc0d9fdaeedc4b82e,7b0602197ee95d28ab36f363c9a296a5b84632c2d127944cc0d9fdaeedc4b82e,True,aafc8a57e668f22ed69b81e5a57aee59fdf36409e54ae25338ebefa2ad0dc9bd,aafc8a57e668f22ed69b81e5a57aee59fdf36409e54ae25338ebefa2ad0dc9bd,True,0,,True,0.32756205693369567,0.32756205693369567,0.0,True,0.017335744332942233,0.017335744332942233,0.0,True,1.3074581919212197e-11
squares,circular,100,1.0,0.3,0,5,retained_failed_partial,True,True,71,70,70,True,cd33f8962eb1fee4d357b596357344b7b1236370bfc28803b7f36887ec081531,cd33f8962eb1fee4d357b596357344b7b1236370bfc28803b7f36887ec081531,True,f4cea66b3f5b959964363a85995beb1180fe1f051cd984c5c92165ab012e3f1e,f4cea66b3f5b959964363a85995beb1180fe1f051cd984c5c92165ab012e3f1e,True,0,,True,0.26792113359854564,0.26792113359854564,0.0,True,0.012962451405200122,0.012962451405200122,0.0,True,1.2758292990830987e-11
squares,circular,100,1.0,0.3,0,6,retained_failed_partial,True,True,79,78,78,True,9e135c3a74efef1b39bf6c71ec0e88bc22bb35cc63b7eb8fc19de4cb73f9fc40,9e135c3a74efef1b39bf6c71ec0e88bc22bb35cc63b7eb8fc19de4cb73f9fc40,True,d1fd5b20478e6adae65c28a36dc4e7f75ba6b24a37fbc55552adb952995c6dbe,d1fd5b20478e6adae65c28a36dc4e7f75ba6b24a37fbc55552adb952995c6dbe,True,0,,True,0.5486884757464898,0.5486884757464898,0.0,True,0.03989361549423146,0.03989361549423146,0.0,True,4.4256348186723486e-12
squares,circular,100,1.0,0.3,0,7,retained_failed_partial,True,False,81,81,81,True,c57d3cb413382fa23b321f702da954a029b4705d13a1ecb79c4c6635cb3a01d5,c57d3cb413382fa23b321f702da954a029b4705d13a1ecb79c4c6635cb3a01d5,True,2621a1930dc36a3afc90272c512f6247aa751159fa7e2fd19f8942721cc5226e,2621a1930dc36a3afc90272c512f6247aa751159fa7e2fd19f8942721cc5226e,True,1,LVIRA,True,,0.35433713395081634,,,,0.03200154536220318,,,2.9597493477967897e-12
squares,circular,100,1.0,0.3,0,8,retained_failed_partial,False,False,91,90,90,True,,d90e616e5c917e34790787cdba0b793fa9a834947913ea2b3294b30236c0b7b2,,,911fced83f3a2516dfffdf59219ee7001415fa279ef7f0923a18a2b07301eebb,,0,,,,0.349980911395729,,,,0.020005488998139573,,,1.8525319721781836e-11
squares,circular,100,1.0,0.3,0,9,retained_failed_partial,False,False,92,92,92,True,,5e39e5e01ccebc1ffaf03d5fa99042688d676a6958852b5adcea8ff987cc86d7,,,06556a4e895b48f61ea41d493a5c74edb5f073a4c16c47dd564ccfbc65de59c8,,0,,,,0.24100892969137133,,,,0.014685739228590084,,,1.0117707154010266e-11
squares,circular,100,1.0,0.3,0,10,retained_failed_partial,False,False,99,98,98,True,,eb0677aa801a1c631b360523f86ac5b329381d937c839645c9b130130d15a1c9,,,5a5866156f4ef573116025360ba7365d3ee4dfb4d05936bd21748002a8adf453,,0,,,,0.23674489106604102,,,,0.0137096982560513,,,5.36643296876424e-12
squares,circular,100,1.0,0.3,0,11,retained_failed_partial,False,False,97,96,96,True,,90690ff3eeddbd40b13b7bc9c56ff4588e5b294f0cb6dd4cc927155263fb08e8,,,ad37832942ccc1750d829f491534f029ba3ff0916efd1441af914f19a3d7d96e,,0,,,,0.307385108750138,,,,0.011017906738159786,,,1.1152260006699803e-11
squares,circular,100,1.0,0.3,0,12,retained_failed_partial,False,False,103,102,102,True,,e3a783b30f4fffe887539a39bb590eac04257a689845217d1f47c5bb7f0c437a,,,5dc868a50128584d38a5a43f6bb5b5b6dbf23e61441b93d14b30df472f0e9aa1,,0,,,,0.2901008058032141,,,,0.01511914335302007,,,1.5795636736261993e-11
squares,circular,100,1.0,0.3,0,13,retained_failed_partial,False,False,104,104,104,True,,8c72f656678be9a14fe2ff4510bf7a7cecc05f15abc926c4535d6839e658c71d,,,cf33a2573b24ab4e375bcd4e909233b07dc68aea14a48405632fbf899e5bc4d2,,0,,,,0.29742847849760645,,,,0.01107380080148764,,,1.643259741591052e-12
squares,circular,100,1.0,0.3,0,14,retained_failed_partial,False,False,108,108,108,True,,5c885ea469f51a9d094e2a2b0be530963c1fbe141bbe5ba1e459c4d92948ad9e,,,82c813004e4e035a5c05ef31f83cbf44031ee84093ccfe87a31c607f03ecc13f,,0,,,,0.309276937157543,,,,0.018156615758672893,,,4.038232192738581e-12
squares,circular,100,1.0,0.3,0,15,retained_failed_partial,False,False,119,118,118,True,,b770127324b94ecace19e14362c28193051e86b5d44e9584a6d307ce4904018a,,,d9d3ff34b45e8c0a72d1e6949ff0b7ca2cf197e366680c263dddf562a5a0f0fb,,0,,,,0.20951684856929198,,,,0.013362996004591118,,,1.724922258565253e-10
squares,circular,100,1.0,0.3,0,16,retained_failed_partial,False,False,117,116,116,True,,2597592bb3ddd65e0dc735cadf25288f5d61033b0ed6a47cce9fcb27dd84e434,,,7e4c70b619052e48144118b5854f7e043ce577074c309f76f0f29b11a542f0c0,,0,,,,0.3836239789217032,,,,0.01859404814140792,,,7.54672016256964e-12
squares,circular,100,1.0,0.3,0,17,retained_failed_partial,False,False,130,128,128,True,,1bfef9c6c8282141051be26b8df73042c2eb726a099589812c6b30fdb90c5cb0,,,ddf31ba7073f8fa9c22edecebedb600b533623843f52c99632c56548fbe51633,,0,,,,0.2781476213082201,,,,0.012778615300829183,,,2.079132107051372e-12
squares,circular,100,1.0,0.3,0,18,retained_failed_partial,False,False,140,140,140,True,,f401639ad08c52dbc92a0968c23340d06ad53f52f5866d05f5446cc1bde6f75a,,,ef189800a6f7c6daf53c891904c7c76b91337eec632604aa80b812272ff83237,,0,,,,0.29605973514959594,,,,0.010201937569880998,,,1.3024688403564122e-11
squares,circular,100,1.0,0.3,0,19,retained_failed_partial,False,False,123,122,122,True,,d6d1aeb2917eb3eca80455ba5c39eee7e6727a16b7cb7997b335352a56992483,,,9d8c9e81e31b97b97509da0d9115470b29984fa4d415c322be4711f00ce39f62,,0,,,,0.27899107530082523,,,,0.010866229317609978,,,3.048285279260618e-11
squares,circular,100,1.0,0.3,0,20,retained_failed_partial,False,False,149,146,146,True,,d14811346a2449d80bb15b617b4686fa9702ffc211368d17ba8d5968597bafe7,,,7012b505558efbb14051210b1913fe01e4cf3ed970bb73149da0fac9e20e1162,,0,,,,0.23567200966328117,,,,0.010647010426392472,,,7.675956917897169e-12
squares,circular,100,1.0,0.3,0,21,retained_failed_partial,False,False,152,152,152,True,,e0b00a69d622a8b76f735e26e0d90e02930c2abd42d52b96d320e56afb77f87b,,,a19e5ab3d6539c727445134e494f42969b8c5d62fabba9960cfecd915f242e5b,,0,,,,0.33399261674444647,,,,0.012303436463448008,,,6.287830396907465e-12
squares,circular,100,1.0,0.3,0,22,retained_failed_partial,False,False,134,134,134,True,,844033238944031d1cc215862e711fd6b268e654c3e0f480a9d1ff7cbc1c6b66,,,1206fac771b6d1084f0d2a661c610451516f566c6ed22a52092a6d131dfaf8dc,,0,,,,0.22671513479963834,,,,0.012254599431369985,,,2.2817181030426754e-12
squares,circular,100,1.0,0.3,0,23,retained_failed_partial,False,False,161,160,160,True,,8b594e011975eacea2433f1b0e386c695093748c30bf3afbe3509625f9ea0101,,,3d6645673886cdb15c2a368649e2b6dab275bb6cb77e5e04835751b08383ba02,,0,,,,0.28460660564008206,,,,0.011560420001571134,,,7.485208353328907e-12
squares,circular,100,1.0,0.3,0,24,retained_failed_partial,False,False,143,142,142,True,,1a1effc8b78fa8139e349feeda614e101a46075ed23631af36a71f820e5100fe,,,ed874ad35f688cc45caed4d5ea852a7cf8ba96d06853b3887497977e3765341a,,0,,,,0.28504155268296594,,,,0.01542218743836163,,,9.312536107595361e-12
squares,circular,128,1.28,0.2,0,0,archived_success,True,True,65,64,64,True,0927c3592000e3b0f171ac3e8afb4c07236dc35f4e6aabc6b7450bb7e6aab5fb,0927c3592000e3b0f171ac3e8afb4c07236dc35f4e6aabc6b7450bb7e6aab5fb,True,47b395596f68a47f9a25d789da3d5ac5675b097f437b1f86c4c18abbad2b923c,47b395596f68a47f9a25d789da3d5ac5675b097f437b1f86c4c18abbad2b923c,True,0,,True,0.3173244656955188,0.3173244656955188,0.0,True,0.03512362632034133,0.03512362632034133,0.0,True,4.929877145168469e-11
squares,circular,128,1.28,0.2,0,1,archived_success,True,True,66,66,66,True,ee2826c338bbe16976d10584d951101b9c4b94752fb392ac388d4ffdcce53b33,ee2826c338bbe16976d10584d951101b9c4b94752fb392ac388d4ffdcce53b33,True,4aa977df483f4b158b8e6980a4e192b629c12c6b1d1b5c121485f7c8530ad342,4aa977df483f4b158b8e6980a4e192b629c12c6b1d1b5c121485f7c8530ad342,True,0,,True,0.22566016043419213,0.22566016043419213,0.0,True,0.022834515868028354,0.022834515868028354,0.0,True,9.249446928227494e-11
squares,circular,128,1.28,0.2,0,2,archived_success,True,True,68,68,68,True,2b442d9201a65adc6139973fc65343603200623cc36cadde81ad0b66c4608031,2b442d9201a65adc6139973fc65343603200623cc36cadde81ad0b66c4608031,True,f00b58dee30e2302adcd089ee326e5a6dd9727f0ab91937768a06edd78a06e1f,f00b58dee30e2302adcd089ee326e5a6dd9727f0ab91937768a06edd78a06e1f,True,0,,True,0.2304804791415816,0.2304804791415816,0.0,True,0.019636888276760932,0.019636888276760932,0.0,True,2.954298208047125e-11
squares,circular,128,1.28,0.2,0,3,archived_success,True,True,76,76,76,True,6a90e13752fbbfd4acd81ef93bebe0695984ab428f1802ead2f3a775d8a8fef6,6a90e13752fbbfd4acd81ef93bebe0695984ab428f1802ead2f3a775d8a8fef6,True,4d024a7de24194a3839eababea0b734a4b0e80d3a5574ee3d3d9262aca8657fd,4d024a7de24194a3839eababea0b734a4b0e80d3a5574ee3d3d9262aca8657fd,True,0,,True,0.1352361627864488,0.1352361627864488,0.0,True,0.017006903201132087,0.017006903201132087,0.0,True,1.4560771992036989e-10
squares,circular,128,1.28,0.2,0,4,archived_success,True,True,96,96,96,True,eda8d915c50a738fcb3a2916a509056f218806c3b53532694b14dec4f23f05ce,eda8d915c50a738fcb3a2916a509056f218806c3b53532694b14dec4f23f05ce,True,b6648f5f3940761e88f6b07eedda4aa3a26466afd1d5392a057e332212e5887d,b6648f5f3940761e88f6b07eedda4aa3a26466afd1d5392a057e332212e5887d,True,0,,True,0.26281981453779724,0.26281981453779724,0.0,True,0.013580563471831545,0.013580563471831545,0.0,True,3.8993698111392476e-12
squares,circular,128,1.28,0.2,0,5,archived_success,True,True,82,82,82,True,6831f28fe65db6b185b5be8c4b70220870ea7ed088f52d129f7b12fd0459ce80,6831f28fe65db6b185b5be8c4b70220870ea7ed088f52d129f7b12fd0459ce80,True,9dd6fed0c7d5feda45639daf1868a2fbbc740e9a97f8186db89c735a5d8728ed,9dd6fed0c7d5feda45639daf1868a2fbbc740e9a97f8186db89c735a5d8728ed,True,0,,True,0.17168867171984326,0.17168867171984326,0.0,True,0.016399411188303147,0.016399411188303147,0.0,True,3.193194310193156e-11
squares,circular,128,1.28,0.2,0,6,archived_success,True,True,100,100,100,True,81c064704db40064d1ca16c8b4edc4a7d0add0d8f6e1cca70cd0649d0613be50,81c064704db40064d1ca16c8b4edc4a7d0add0d8f6e1cca70cd0649d0613be50,True,65e4bc018b4a7a55421dd3dd65151b88b1339ef8e8b9b18f58958de8bbf4c738,65e4bc018b4a7a55421dd3dd65151b88b1339ef8e8b9b18f58958de8bbf4c738,True,0,,True,0.1805008987140989,0.1805008987140989,0.0,True,0.01017154107246545,0.01017154107246545,0.0,True,2.1460948683081653e-11
squares,circular,128,1.28,0.2,0,7,archived_success,True,True,93,92,92,True,f5c9e4db978201a437786d0af9015773fa23f75ef963819018839b5e574e5ca8,f5c9e4db978201a437786d0af9015773fa23f75ef963819018839b5e574e5ca8,True,209230d5878baf8fa9de7aedff156f5b872f0ae6e8afd43d6b2cb9ea5a5593e6,209230d5878baf8fa9de7aedff156f5b872f0ae6e8afd43d6b2cb9ea5a5593e6,True,0,,True,0.2573972526139834,0.2573972526139834,0.0,True,0.016050944368101255,0.016050944368101255,0.0,True,1.5492450029190065e-11
squares,circular,128,1.28,0.2,0,8,archived_success,True,True,120,120,120,True,1e15f7f93cacecf4e0e7dae9f28015b0821e3cde26de64bc43482c86081ca3ba,1e15f7f93cacecf4e0e7dae9f28015b0821e3cde26de64bc43482c86081ca3ba,True,dea68dcd96e7c427ec94e7400803e26392373adb88a221d740962b80787f3b6f,dea68dcd96e7c427ec94e7400803e26392373adb88a221d740962b80787f3b6f,True,0,,True,0.15659237560056583,0.15659237560056583,0.0,True,0.007803118962704125,0.007803118962704125,0.0,True,1.4603049125772207e-10
squares,circular,128,1.28,0.2,0,9,archived_success,True,True,120,116,116,True,d89468177c333a2c1767a71fa554e83a72d937dc5ff78bf05e14930d31ca41db,d89468177c333a2c1767a71fa554e83a72d937dc5ff78bf05e14930d31ca41db,True,c42c62a7ab80e33260b6455ef73a6abcc09f34f2f4cbe7fdc7990bd5fd1083a0,c42c62a7ab80e33260b6455ef73a6abcc09f34f2f4cbe7fdc7990bd5fd1083a0,True,0,,True,0.25189529699350877,0.25189529699350877,0.0,True,0.011060540951754677,0.011060540951754677,0.0,True,1.6073119012948456e-11
squares,circular,128,1.28,0.2,0,10,archived_success,True,True,126,124,124,True,f367e3c15505054e05a84c6f96949f3d6d6fca8812ddb0c76b9aec519428973b,f367e3c15505054e05a84c6f96949f3d6d6fca8812ddb0c76b9aec519428973b,True,0c809f2515e706622ec8371208c25b9b99722b0065803de45ceb99677f032b0d,0c809f2515e706622ec8371208c25b9b99722b0065803de45ceb99677f032b0d,True,0,,True,0.2408437354080919,0.2408437354080919,0.0,True,0.00904657243314573,0.00904657243314573,0.0,True,1.7938170489032927e-10
squares,circular,128,1.28,0.2,0,11,archived_success,True,True,122,122,122,True,512986c7fe07d5544d48818d527e669b1de574659a123d3e6fdd028dee602ae4,512986c7fe07d5544d48818d527e669b1de574659a123d3e6fdd028dee602ae4,True,12faaec232027c3bd66cce12e696065fc9c0501bcf753ebfd383744572ce92cf,12faaec232027c3bd66cce12e696065fc9c0501bcf753ebfd383744572ce92cf,True,0,,True,0.23080106679121284,0.23080106679121284,0.0,True,0.013084166998135584,0.013084166998135584,0.0,True,4.569937582830231e-11
squares,circular,128,1.28,0.2,0,12,archived_success,True,True,131,130,130,True,72cf65ae9fd91349a8cf7a740850ea4377fa351a16f9316b802c15eda80907c8,72cf65ae9fd91349a8cf7a740850ea4377fa351a16f9316b802c15eda80907c8,True,5d50b5318c46da045887b105c4b7f147fdbc0304410dd0b562c1cefefbd1e8e7,5d50b5318c46da045887b105c4b7f147fdbc0304410dd0b562c1cefefbd1e8e7,True,0,,True,0.25540689643582537,0.25540689643582537,0.0,True,0.010188803861469382,0.010188803861469382,0.0,True,2.2351556344868176e-12
squares,circular,128,1.28,0.2,0,13,archived_success,True,True,130,128,128,True,c940e14e50c21f74fde1e3c790b717819f85bdafa76b39ad6598a2237253bcab,c940e14e50c21f74fde1e3c790b717819f85bdafa76b39ad6598a2237253bcab,True,950cd101366c534f0053c85be00d57aac2015980b9000226646e34dbece0a5f3,950cd101366c534f0053c85be00d57aac2015980b9000226646e34dbece0a5f3,True,0,,True,0.20374051126012693,0.20374051126012693,0.0,True,0.00939671159354831,0.00939671159354831,0.0,True,2.614111791319935e-10
squares,circular,128,1.28,0.2,0,14,archived_success,True,True,137,136,136,True,c47918fa7b412914ca13d870e7a30bbe7acb72f17386ed676e3ac52fa9e99ef6,c47918fa7b412914ca13d870e7a30bbe7acb72f17386ed676e3ac52fa9e99ef6,True,dbd215523f5a65a685f5bc6d6bf575a545d934574c0a686ad6751864b960678d,dbd215523f5a65a685f5bc6d6bf575a545d934574c0a686ad6751864b960678d,True,0,,True,0.2638100513137398,0.2638100513137398,0.0,True,0.007952710668147792,0.007952710668147792,0.0,True,5.101105220238864e-11
squares,circular,128,1.28,0.2,0,15,archived_success,True,True,154,154,154,True,8c7b9b4fa3d762416139b904bb4c707aadf15e23df5126fc0ead9bf1e1b5ac63,8c7b9b4fa3d762416139b904bb4c707aadf15e23df5126fc0ead9bf1e1b5ac63,True,48f46abae774f198cda39d2c1f1ab0ff5258d7d98e8f9c00244315de1a6ca88a,48f46abae774f198cda39d2c1f1ab0ff5258d7d98e8f9c00244315de1a6ca88a,True,0,,True,0.2174646529820234,0.2174646529820234,0.0,True,0.008310577234488845,0.008310577234488845,0.0,True,1.2904703518315641e-12
squares,circular,128,1.28,0.2,0,16,archived_success,True,True,148,148,148,True,d4e54198ef5ef0a3d98d7dda074d89620638b96dc902b7052d46cd10cca186cb,d4e54198ef5ef0a3d98d7dda074d89620638b96dc902b7052d46cd10cca186cb,True,345c5efc6926c6362e5c33bc405145b16587bdeafb267a18ff94c900b18499ed,345c5efc6926c6362e5c33bc405145b16587bdeafb267a18ff94c900b18499ed,True,0,,True,0.22955710869553225,0.22955710869553225,0.0,True,0.00962024051975964,0.00962024051975964,0.0,True,4.165067862705448e-12
squares,circular,128,1.28,0.2,0,17,archived_success,True,True,168,164,164,True,9c031e59b362286fea7485f0e25173938db30d7ccee3cdd5399c804780e5357f,9c031e59b362286fea7485f0e25173938db30d7ccee3cdd5399c804780e5357f,True,a93858d33b1f0800718d9bb00343ef59f523b5a774888bf1df7016d5b2e3ad0f,a93858d33b1f0800718d9bb00343ef59f523b5a774888bf1df7016d5b2e3ad0f,True,0,,True,0.17790213591587678,0.17790213591587678,0.0,True,0.007600788486939692,0.007600788486939692,0.0,True,5.7560132488241705e-12
squares,circular,128,1.28,0.2,0,18,archived_success,True,True,180,180,180,True,14858277bc79205679d3e1e9ad07a8fa98b0cd10d95eb8c66453dcf6d4677ab8,14858277bc79205679d3e1e9ad07a8fa98b0cd10d95eb8c66453dcf6d4677ab8,True,85c762a1ae130cc0097e6a48eb17082505f0eb78bdbed9b60595911a5bfd2d01,85c762a1ae130cc0097e6a48eb17082505f0eb78bdbed9b60595911a5bfd2d01,True,0,,True,0.22486593041974448,0.22486593041974448,0.0,True,0.0055165826208646756,0.0055165826208646756,0.0,True,1.2543914119467595e-10
squares,circular,128,1.28,0.2,0,19,archived_success,True,True,154,154,154,True,9a986a4ca395ba8c4be3124bd95f199f095e1060ad50e0e0a529e8c116569ad3,9a986a4ca395ba8c4be3124bd95f199f095e1060ad50e0e0a529e8c116569ad3,True,5fb16d1e2be68b31c963b2b6b67645770170e2a66cee67e2cf6c391637f24a66,5fb16d1e2be68b31c963b2b6b67645770170e2a66cee67e2cf6c391637f24a66,True,0,,True,0.22908506477579815,0.22908506477579815,0.0,True,0.008564590648184616,0.008564590648184616,0.0,True,3.808123576363007e-12
squares,circular,128,1.28,0.2,0,20,archived_success,True,True,192,192,192,True,9ece4a8a185034ce05ce004f6c8f622e5bb9273881d695437e5227b30ac72c39,9ece4a8a185034ce05ce004f6c8f622e5bb9273881d695437e5227b30ac72c39,True,9b7d842c50456332a2bc2931deb0173726ca403183767e7a83b8bb154549336e,9b7d842c50456332a2bc2931deb0173726ca403183767e7a83b8bb154549336e,True,0,,True,0.32364525112668074,0.32364525112668074,0.0,True,0.00697775465548164,0.00697775465548164,0.0,True,5.165692878880172e-12
squares,circular,128,1.28,0.2,0,21,archived_success,True,True,196,196,196,True,a97d2d9afd9c138c50d82f95921a20e054a9e2855c4eacdddd77471cbcc22f65,a97d2d9afd9c138c50d82f95921a20e054a9e2855c4eacdddd77471cbcc22f65,True,b76a93b7def885a6071351c41fc026ee110bd75fdf5ae7b509bd88f394502b49,b76a93b7def885a6071351c41fc026ee110bd75fdf5ae7b509bd88f394502b49,True,0,,True,0.2504387649079185,0.2504387649079185,0.0,True,0.0067765414278311035,0.0067765414278311035,0.0,True,1.2048320022367892e-11
squares,circular,128,1.28,0.2,0,22,archived_success,True,True,168,168,168,True,f0b59b58e7378e88dada70428985ef3ee37f6a7897030e3d55938f3d75425c18,f0b59b58e7378e88dada70428985ef3ee37f6a7897030e3d55938f3d75425c18,True,a5b6b77e5049c09ea1f9e0dcad4cd8b882ec9bee1bf0c616b8c21f621b4b87f5,a5b6b77e5049c09ea1f9e0dcad4cd8b882ec9bee1bf0c616b8c21f621b4b87f5,True,0,,True,0.34067082336982746,0.34067082336982746,0.0,True,0.011997940191554816,0.011997940191554816,0.0,True,8.058195622192281e-11
squares,circular,128,1.28,0.2,0,23,archived_success,True,True,208,208,208,True,d20806191d2e73049a506851ccc01209ecbfa57bf43a8785e7d494b52f7ac4fa,d20806191d2e73049a506851ccc01209ecbfa57bf43a8785e7d494b52f7ac4fa,True,d2ceca9de3765a9036169889f501c4a981edcbb9b1d21e4268fc3c4bc2d83d87,d2ceca9de3765a9036169889f501c4a981edcbb9b1d21e4268fc3c4bc2d83d87,True,0,,True,0.20361330430734936,0.20361330430734936,0.0,True,0.004516349586054612,0.004516349586054612,0.0,True,3.50223791295628e-11
squares,circular,128,1.28,0.2,0,24,archived_success,True,True,172,172,172,True,6fe3886e7efd203524412abe8285d6c2370f65cdc210d8925d61283dce03a5b3,6fe3886e7efd203524412abe8285d6c2370f65cdc210d8925d61283dce03a5b3,True,d1d7a337e65bc745740788f24b498471fcade5c460e8b7ff687afa4207ce8e75,d1d7a337e65bc745740788f24b498471fcade5c460e8b7ff687afa4207ce8e75,True,0,,True,0.23725660296135387,0.23725660296135387,0.0,True,0.0071392928033264,0.0071392928033264,0.0,True,6.024637509077563e-12
squares,circular,128,1.28,0.3,0,0,retained_failed_partial,True,True,69,68,68,True,97e7843fb0d5f61b1da210aeef567ea61b3b8799f9bcd788b0e856a85f511086,97e7843fb0d5f61b1da210aeef567ea61b3b8799f9bcd788b0e856a85f511086,True,1248da96ef705dea2a8d6e8b554d158660ed862713e6c526c2997ff1be27471e,1248da96ef705dea2a8d6e8b554d158660ed862713e6c526c2997ff1be27471e,True,0,,True,0.18931755616427232,0.18931755616427232,0.0,True,0.03473150925611562,0.03473150925611562,0.0,True,3.5841578803629884e-11
squares,circular,128,1.28,0.3,0,1,retained_failed_partial,True,True,70,70,70,True,bec62f5c96bbb7a618c87ff83a23840fa6947df911de638393fcf4012d79dfc1,bec62f5c96bbb7a618c87ff83a23840fa6947df911de638393fcf4012d79dfc1,True,e134a225d6e173924ef335a16651774146a7fef3a012a99d44b27b9c5ad6cf16,e134a225d6e173924ef335a16651774146a7fef3a012a99d44b27b9c5ad6cf16,True,0,,True,0.22832541286421226,0.22832541286421226,0.0,True,0.013806136184229012,0.013806136184229012,0.0,True,9.09931445802763e-11
squares,circular,128,1.28,0.3,0,2,retained_failed_partial,True,True,72,72,72,True,9054f131a4db41de6ee8d095dc008dd55313ae6140a142916bd775073a0ef17f,9054f131a4db41de6ee8d095dc008dd55313ae6140a142916bd775073a0ef17f,True,f8f5d1f5df4e3740707a500e3c63b8214706dda503960299ddf56a3bf31a30de,f8f5d1f5df4e3740707a500e3c63b8214706dda503960299ddf56a3bf31a30de,True,0,,True,0.24790856490512445,0.24790856490512445,0.0,True,0.018547949910438795,0.018547949910438795,0.0,True,1.388682343733679e-11
squares,circular,128,1.28,0.3,0,3,retained_failed_partial,True,False,81,80,80,True,ce786f42dc694f5a83f4cdf1e937ff8de4d6714fa96867689b642caf1ff645b5,ce786f42dc694f5a83f4cdf1e937ff8de4d6714fa96867689b642caf1ff645b5,True,936ed2e69cb5a1e4d4e17442ae4f2b680511d51f747543975efe9fefad123ade,936ed2e69cb5a1e4d4e17442ae4f2b680511d51f747543975efe9fefad123ade,True,2,LVIRA,True,,0.34987399911566314,,,,0.01870538960836003,,,1.693699208270165e-10
squares,circular,128,1.28,0.3,0,4,retained_failed_partial,False,False,98,96,96,True,,a0555cf4446234a3a28a09faed9011054c95e5cffc32bee6775378296bb77920,,,c5771598120018538760529d2af7b48eaf90a6e645dd48d0774821531d406e6a,,0,,,,0.2039010891127988,,,,0.007314791380796996,,,1.8033978489455723e-11
squares,circular,128,1.28,0.3,0,5,retained_failed_partial,False,False,90,90,90,True,,678696b67547ea351e4d84d664860c2f5628e69c95844164fd1b5b2e9dc75d1b,,,6fb6b2f122e659430a75724b1cc63a0547318cfae7f808a76928fc6570a7b726,,0,,,,0.17547130485679396,,,,0.01566783798964609,,,7.235127927809452e-12
squares,circular,128,1.28,0.3,0,6,retained_failed_partial,False,False,99,98,98,True,,e3a30f349369bdab4d43edd389d62691bac9e23ab1e867f2054c03b95353ef8e,,,cbb9566a3df6c37a7c532e09cfd6fcd6bf7f568ebc0430ec5e6deca51d372d43,,0,,,,0.25369802162927146,,,,0.010102944334409295,,,8.243101313713057e-12
squares,circular,128,1.28,0.3,0,7,retained_failed_partial,False,False,97,96,96,True,,c63d67fe8e32f247f1dc41f42f3b890e713f43bab0355e69981209a108b462a5,,,1915897298810874c192d9d5de23ffc267edc10d7175808b9be89af85c7b2a93,,0,,,,0.2679485170386865,,,,0.01585799107916521,,,1.0361178250316148e-11
squares,circular,128,1.28,0.3,0,8,retained_failed_partial,False,False,120,120,120,True,,1742f78c7ac89f2772713c7e445abfaa6416dfa0134779656f4c979d6c54b2f0,,,f4cb5f0bd856020cec7af491be722ad283f99565bf8b8296d82e34791b1450bf,,0,,,,0.15056002341575325,,,,0.007868760386225434,,,4.0193124355128667e-10
squares,circular,128,1.28,0.3,0,9,retained_failed_partial,False,False,122,120,120,True,,aa19047d1fa482d05ffe2bcf7dc2c549229440d477f4d834a8e8481d09653f61,,,677e4f1a8fc4eccb0915e5d837db3a7a91cb60506d9ab4510de9be71482a9aa6,,0,,,,0.251850461307385,,,,0.007590735297346459,,,3.265912384502991e-11
squares,circular,128,1.28,0.3,0,10,retained_failed_partial,False,False,127,126,126,True,,e594f54e7cda157d47e6a94ff8bf4d6737fc832a387142fcf9e36fd39073b13d,,,141a1f20c8e213d731388c6bac73c548b69a1b66e322b0a0cde6ac63056e3564,,0,,,,0.21035542913975652,,,,0.009650110478535562,,,3.3970738095718747e-12
squares,circular,128,1.28,0.3,0,11,retained_failed_partial,False,False,124,124,124,True,,c7218da9871c5434cd3860a4e9c8584add5c41bd435aae1a043c9622b202f9c6,,,0119284f765882b054fd7d2131365d5e557710e962521c996390f09ebccfe342,,0,,,,0.2269015130834963,,,,0.012600739797586037,,,5.104529883912052e-11
squares,circular,128,1.28,0.3,0,12,retained_failed_partial,False,False,132,130,130,True,,f9f9904a7c163499f3b19848cc43ec89bd686bcb9b45cc576664046b9e027ecf,,,fdfcdc27cae226d9d7dfbb67788d83a278c89c97e6dd41065df30ddf9a254f06,,0,,,,0.31670490497684856,,,,0.014703517594213457,,,2.7253679830906517e-12
squares,circular,128,1.28,0.3,0,13,retained_failed_partial,False,False,134,132,132,True,,3d453866a185b75805ec59de6a68a610b38ffbb38932643a6ff6c7ef0c465f96,,,326e4d1bfd8e149d9e509908c9230970af780937a5b7df02e15190dea72e8e7a,,0,,,,0.21242260700502624,,,,0.010652924323755971,,,7.05613611116449e-11
squares,circular,128,1.28,0.3,0,14,retained_failed_partial,False,False,139,138,138,True,,30f6b434f2391f8972554188ed4a188eeecb997620982fb51f40c618b0578513,,,0e5e5aa99e342cd0b8f7df1d0c7ba56d81a8dd3855e8311f844bbafe85a01573,,0,,,,0.2746123988329938,,,,0.007997782266710015,,,4.6246309285505573e-11
squares,circular,128,1.28,0.3,0,15,retained_failed_partial,False,False,154,154,154,True,,93d3f5b5f20fad2f42ecd3104c4e61eb564dd1c7f0446fd60afdfd39a8545b51,,,b3063483180dfe85fe652ba70f1fc1f9319c6dcdaa89892b24b1873418a6ddf9,,0,,,,0.1808609873478454,,,,0.006653563181251886,,,2.4161938602269355e-11
squares,circular,128,1.28,0.3,0,16,retained_failed_partial,False,False,150,150,150,True,,a67d983a62fcf42b4cc685633ef434ca699d78a171537b7ad1567b24d8f8f684,,,de87f27bc3f4e23315b907e5a211144d46e58817cc7f4abf3e2986223a824a73,,0,,,,0.23762581574314812,,,,0.008503619892267621,,,2.812945137709214e-12
squares,circular,128,1.28,0.3,0,17,retained_failed_partial,False,False,167,164,164,True,,c058c79a11908fefec1ac4f79422760658b2f059f88d6dd6d22d6c23b464968f,,,a5d4b45b20d812bc5b942c8f7d97fd16b3582205d3357a47a5b11b6cc02368d0,,0,,,,0.18487908053818758,,,,0.00703686102520194,,,5.210650537344559e-13
squares,circular,128,1.28,0.3,0,18,retained_failed_partial,False,False,180,180,180,True,,92f7748526539c1f49b1fe2b8cf5bdebe50c5a0815c2d84008f682405639b5da,,,18ad1742a9daf762d0799f1af854ff7fd774bfe43410b7a1e6f487342493f526,,0,,,,0.23559435986051613,,,,0.005841740359072311,,,4.699521684534379e-11
squares,circular,128,1.28,0.3,0,19,retained_failed_partial,False,False,164,164,164,True,,fef3f4a4fe9f4d79195758189b8f057ce213c9e2b879e8cc40048d94ea39fb5b,,,94e3762fb3473c2e3e4756f66b18b47d8a7b515d6d6ddff8370dacae701d65a4,,0,,,,0.16131270812779272,,,,0.008502410677831815,,,9.681462590750213e-10
squares,circular,128,1.28,0.3,0,20,retained_failed_partial,False,False,192,192,192,True,,ad29c74ad57bc18c1d82af731dfa8b92b96236fe208eb7a6469e1be4caef77e4,,,f7765656012ca726eb2b017d11a2689f17fde95bb430eb7826290468afd39b29,,0,,,,0.3161028784405411,,,,0.007371123034382264,,,2.1185464957068283e-10
squares,circular,128,1.28,0.3,0,21,retained_failed_partial,False,False,196,196,196,True,,b4c7974a84b5ad5abff2bddb06c184568822845556acde03735ec1633509b721,,,a6b9556473e6c61ac1435b96492f27ab4ed6273e48866bc95b588d859b003b2f,,0,,,,0.26701439911695485,,,,0.0069032125561229165,,,1.0190778409218808e-11
squares,circular,128,1.28,0.3,0,22,retained_failed_partial,False,False,183,182,182,True,,d98e0ff573b4d37b8c3a6af235cf1cc0b806835978b7283d4720b212e220bce5,,,e863b3ac374f5d23a2c6ce5f3c83e24b863808eeabe8791281bc687acc1dea12,,2,LVIRA,,,0.24026296287847582,,,,0.011747981699093272,,,8.568924891610261e-11
squares,circular,128,1.28,0.3,0,23,retained_failed_partial,False,False,208,208,208,True,,667ba86e55cf9590af1f4dc07f0dd068c80ca431c152d663828f61eb1d8e1fd8,,,054a13caf662a0d511a0ffb38f12843da1ad621723b09d2a4c806df1e6ffd317,,0,,,,0.2553541475166871,,,,0.005177861405039937,,,2.5442091776095125e-12
squares,circular,128,1.28,0.3,0,24,retained_failed_partial,False,False,180,180,180,True,,4c688abf65ff9b43aaae05d77d106214f067ba996bab063979c41dbd8dad99a9,,,27024b3f4eb5d86faf46edc9f2710018f57113c58997a0204fda9c4136cacf4d,,0,,,,0.23860567004895544,,,,0.01100644309447191,,,6.190800725805328e-11
squares,circular,150,1.5,0.2,0,0,retained_failed_partial,True,True,72,72,72,True,8416a22a5e68c94d28ea5a8f258cde1accae946c7f77b1024bb1637b7e4f94ff,8416a22a5e68c94d28ea5a8f258cde1accae946c7f77b1024bb1637b7e4f94ff,True,4a7e9b0ace80e3fd3c3f2e0cbdd74569b7df984570c0619e6f98a84034108a6d,4a7e9b0ace80e3fd3c3f2e0cbdd74569b7df984570c0619e6f98a84034108a6d,True,0,,True,0.18543678595754876,0.18543678595754876,0.0,True,0.012249643480805008,0.012249643480805008,0.0,True,3.656740300952724e-10
squares,circular,150,1.5,0.2,0,1,retained_failed_partial,True,True,81,80,80,True,7bcf19d03eec8be8158943961f13d23a197b5729d50f333ff7fdf2f6b8a72264,7bcf19d03eec8be8158943961f13d23a197b5729d50f333ff7fdf2f6b8a72264,True,07b530f9792ebd2c5211900629fcd1744a4ab3ff0cc2cc75d3e1870fcf250f96,07b530f9792ebd2c5211900629fcd1744a4ab3ff0cc2cc75d3e1870fcf250f96,True,0,,True,0.3153901679334562,0.3153901679334562,0.0,True,0.022591370174023524,0.022591370174023524,0.0,True,2.52489408099325e-10
squares,circular,150,1.5,0.2,0,2,retained_failed_partial,True,False,86,86,86,True,72db0482c9759597b72f3040d4e4b3a8cb8bf34769b5e9299f8deba667faa40c,72db0482c9759597b72f3040d4e4b3a8cb8bf34769b5e9299f8deba667faa40c,True,278a608cd75657232e13aa7fa6f7e39f0911401cfa6df8280fee69018a2960fa,278a608cd75657232e13aa7fa6f7e39f0911401cfa6df8280fee69018a2960fa,True,2,LVIRA,True,,0.1382820305478804,,,,0.01640007275037631,,,1.957027953056758e-11
squares,circular,150,1.5,0.2,0,3,retained_failed_partial,False,False,89,88,88,True,,8b6cd2245b713a2f9d8be04e64753867750eafed092f687ee4498cda8ae96151,,,94ae6ef97d38b9caba84bce6f66bfe16486b907729d25884e9d96bc9ee0fc8ab,,0,,,,0.17748195325495053,,,,0.011161548503843932,,,2.5868620665425195e-10
squares,circular,150,1.5,0.2,0,4,retained_failed_partial,False,False,113,112,112,True,,d7bc5fe1b9b4521fa729f85d4e3cffc9d15706ef7fcc7d5118ab47d3ff1a1ab7,,,352a3c1103d46e58d09b3129eb074e241737c2db5cf5ca374b95ececaaa105e8,,0,,,,0.1993715875091072,,,,0.009533836142095258,,,2.2996025360326118e-11
squares,circular,150,1.5,0.2,0,5,retained_failed_partial,False,False,96,96,96,True,,7b00246169cb945b1fb868040c0695f47a7a654e30ad5836d9ea5b104764a8a0,,,b9324878a046fd73b7759a7a1ebcdafc8613f5faebc833dfa2dd47289625056d,,0,,,,0.18596294213078823,,,,0.010639401973677532,,,1.564549822840852e-10
squares,circular,150,1.5,0.2,0,6,retained_failed_partial,False,False,116,116,116,True,,c4e7e6d146f5c89c33837beb781dc27f6954325f813f3a24319cf62d21208334,,,bf6a4d28145f2e8d0683893058ca0b69dff8d166018f05029466695ca892281b,,0,,,,0.40473715647924136,,,,0.009188965034971741,,,3.5171490071970845e-12
squares,circular,150,1.5,0.2,0,7,retained_failed_partial,False,False,115,114,114,True,,4a1c2590deeb165e566dc2804f87d4850357e1502aca1fdaa510ee111acec686,,,bc6c21530021e01d95d98da1ff581c5222ad4dc5e4f644339b0cd0a982eace20,,0,,,,0.0843010637348447,,,,0.007129193340285673,,,5.718040804284436e-12
squares,circular,150,1.5,0.2,0,8,retained_failed_partial,False,False,142,142,142,True,,f49e89f51524f7edb10b938532012c6487770664586c48b742aebc7ed74deb96,,,a12d2fe2ecc414a5c96367475148edd07dc0c7441b0e1c223f946c277760e743,,0,,,,0.36952867875110385,,,,0.01980903340401079,,,1.6179649338539685e-10
squares,circular,150,1.5,0.2,0,9,retained_failed_partial,False,False,142,142,142,True,,2ba6cb343beecb9a8ad3edaca76f42ebb103a4e78851fa1865e0b4ee9d4990ac,,,063d29932856a3e37c11d5d54e8dd3bb0c668003fd64ae89aa8114df87d6aeee,,0,,,,0.18106169711761025,,,,0.008204958602128104,,,6.856469960198988e-13
squares,circular,150,1.5,0.2,0,10,retained_failed_partial,False,False,150,150,150,True,,8ae949d9bafdca971ab3aecaf0c368b5beb054d7a49795812f7265b68aa79578,,,a65d011c685740b04032340bf9266ba500148cd539e562e37a37742b92e50750,,0,,,,0.15999058159986368,,,,0.005247648672354158,,,3.441179012154792e-12
squares,circular,150,1.5,0.2,0,11,retained_failed_partial,False,False,144,144,144,True,,d97f31f6e6f58052c6a95834b3000f3f0102d70913461c351f752c5faf0acd53,,,b1919eb78bd184da62df6972c240957d65c81d6dd6125be45607ace881424893,,0,,,,0.14951540315910777,,,,0.0047397484125812645,,,4.033952213675819e-09
squares,circular,150,1.5,0.2,0,12,retained_failed_partial,False,False,154,152,152,True,,5327f82ae1e7d05f23589ca6e6fe0cafcfa9ff08f20847aa3a8612ea4ceb630e,,,ba5af872d2a6df4646f1fbb68566982b555d70c8584366f52bab8fdf7fcf66f5,,0,,,,0.20736799322707034,,,,0.006267391574340792,,,6.209583270428682e-10
squares,circular,150,1.5,0.2,0,13,retained_failed_partial,False,False,155,154,154,True,,4571eafe891224b722b201bcb77eab99b496ba11fc24414317e200b7cbec82e3,,,cb6845465e85b20b6dc1dedc559cb1ad99d2a3e1e46d802676a5aebc55b9316e,,2,LVIRA,,,0.3034814999844655,,,,0.0061292984285238215,,,1.93126102226828e-10
squares,circular,150,1.5,0.2,0,14,retained_failed_partial,False,False,159,158,158,True,,858ba2d19b3a033d4c1a972a3f53f40a406f2a383431130dbe7385d7675d625f,,,d03af42072698193852f6436d99b2b9a7e4d3419fe41c9c038dbca600c876eb8,,0,,,,0.20743275148647597,,,,0.00807404638582202,,,2.5276594236270517e-12
squares,circular,150,1.5,0.2,0,15,retained_failed_partial,False,False,179,178,178,True,,155a6a29edd30b8380cda068ffffec97a0a7541478a12380946a3fe2759bfb89,,,f0cb20b8fe83ded0abb2f8027b096da239be104b81f452f218990fe18eceac45,,0,,,,0.2040003772135761,,,,0.004872857209376002,,,6.516653060473301e-12
squares,circular,150,1.5,0.2,0,16,retained_failed_partial,False,False,175,174,174,True,,5ba1f320730bb26a1e25023e523cc9fa6763ced848fa3f78697515d0e44a5438,,,dfa26886a7bed807e6ed0c90b43ab843c336342188a5fad6c9e4acc260c50e8c,,0,,,,0.1957615342554644,,,,0.006841405524430308,,,2.1854832096964853e-11
squares,circular,150,1.5,0.2,0,17,retained_failed_partial,False,False,196,196,196,True,,fdcf79cf0196937b068f64966d20481ca4ffdb26bc457bcbc4a0ce9f61614ccc,,,ee1400e98d663fd2fff84fea230b1b43698037254a9aac9a11d72d73e4c42f8f,,0,,,,0.19825389686099648,,,,0.005004585227138074,,,9.11359290355266e-11
squares,circular,150,1.5,0.2,0,18,retained_failed_partial,False,False,211,210,210,True,,8d65b6035f623c3c35147c0bd55de9ca745a01b25a52263f82537a00e2217b21,,,eab03e685d4662ebddde534f4177fd9a50d03e39afc8df4302139bf5f0f32f94,,0,,,,0.2263755076435553,,,,0.005271673641144977,,,1.4389221252874911e-11
squares,circular,150,1.5,0.2,0,19,retained_failed_partial,False,False,182,182,182,True,,56aa2ac98ab785c30593bd7185f4a0a3d3d63649de56928ffcf3afa4b41bc34b,,,eaf418c6b3bb582bbe99b905a61f626f6fd17904caf7b3597e5888ee283e00b7,,0,,,,0.15819264064395333,,,,0.005893912317719648,,,8.03045877544759e-13
squares,circular,150,1.5,0.2,0,20,retained_failed_partial,False,False,224,222,222,True,,e821777ac113efb153a0f85f78068712d0d2e5e93602410a7d55a7d944b58a44,,,22c5ac2b81f2001f1704fdddac0963b00538d3560125603228f4590872972d55,,0,,,,0.15896408162994502,,,,0.004220353734988765,,,2.111420948950439e-12
squares,circular,150,1.5,0.2,0,21,retained_failed_partial,False,False,230,228,228,True,,99f2251bbd11f487f48fb5f6fefa0384b99c2fa1cdf377e85b5888a34ac103b3,,,e8ab0d8deacf3ded927ef10f426c26203ca24e5338d947ae67d0fa03771ebb32,,0,,,,0.1386549905685569,,,,0.00434387572186371,,,7.583846252162195e-12
squares,circular,150,1.5,0.2,0,22,retained_failed_partial,False,False,196,196,196,True,,d2b291030e93a74c0de4c36d8e1c0ee71df5a063ce9356c989578ac7726e5319,,,28ffd83d6e705360b0ec31ee6ad1ec702996edd314ed393633889d5d32c2a4fc,,0,,,,0.1965228314135653,,,,0.004372898882255246,,,1.8532536102936352e-11
squares,circular,150,1.5,0.2,0,23,retained_failed_partial,False,False,245,244,244,True,,7e7501f2f7ce1411b02fa3aa1320f69b6361274180a3cc40a82b3620a918decf,,,73e75ebfa2a7663bef136f3109405f899c71a055d88b0552cfa99b290712dfa1,,0,,,,0.19487266242747292,,,,0.0033284158457206987,,,1.725085268582451e-11
squares,circular,150,1.5,0.2,0,24,retained_failed_partial,False,False,204,204,204,True,,920d7789f6b9c177991c792b24d47b4f23c60f231ddb26f306d626b412adbd84,,,dd1d1fcac9563ca8fdf4444f11e1e4a84e3a51f0716fd70348d94a48bff9d04b,,0,,,,0.1856272542810693,,,,0.004660897862872022,,,1.1007658172364533e-10
squares,circular,150,1.5,0.3,0,0,retained_failed_partial,True,True,79,78,78,True,b864f6d37d5526c965f94d77c6f72010eb7067c60d5072650a8fb1e29f948873,b864f6d37d5526c965f94d77c6f72010eb7067c60d5072650a8fb1e29f948873,True,4c3bd9753928b95e634e099d0a3d740370f2c3b152417b868242bcb8afd07d93,4c3bd9753928b95e634e099d0a3d740370f2c3b152417b868242bcb8afd07d93,True,0,,True,0.1866831544391775,0.1866831544391775,0.0,True,0.0173221294333316,0.0173221294333316,0.0,True,3.2309713270175236e-11
squares,circular,150,1.5,0.3,0,1,retained_failed_partial,True,True,84,82,82,True,d2381dbca03cc297c7220c0e31b7ce21c6454e72931637ab7d16f1745e58eea3,d2381dbca03cc297c7220c0e31b7ce21c6454e72931637ab7d16f1745e58eea3,True,445204b15b0bb431036db1b9c578a1d8a53f47ee4953965d68d0360fad7d40ef,445204b15b0bb431036db1b9c578a1d8a53f47ee4953965d68d0360fad7d40ef,True,0,,True,0.3055913002736731,0.3055913002736731,0.0,True,0.02618733327460675,0.02618733327460675,0.0,True,2.825675246905815e-10
squares,circular,150,1.5,0.3,0,2,retained_failed_partial,True,True,88,88,88,True,037e97e5913ffebf037b496392b1ad560426cfbe73eeab5dde3a49290e6d0c4c,037e97e5913ffebf037b496392b1ad560426cfbe73eeab5dde3a49290e6d0c4c,True,2c7970c5c914ccfdb6ea0b02961f35b28d7bf821eab39ba9c5c27ba6ccab6ad5,2c7970c5c914ccfdb6ea0b02961f35b28d7bf821eab39ba9c5c27ba6ccab6ad5,True,0,,True,0.1674396956787917,0.1674396956787917,0.0,True,0.010355761751451404,0.010355761751451404,0.0,True,1.1503820693653753e-11
squares,circular,150,1.5,0.3,0,3,retained_failed_partial,True,True,91,90,90,True,5d17115edb2a4940284f86538a6fd9f7e0bd26d170610a72bfafb825f80fae35,5d17115edb2a4940284f86538a6fd9f7e0bd26d170610a72bfafb825f80fae35,True,b70aa429c809847d240ee015407dba3a95b38e80dfde148e8c051aeec7be4256,b70aa429c809847d240ee015407dba3a95b38e80dfde148e8c051aeec7be4256,True,0,,True,0.17537548637163458,0.17537548637163458,0.0,True,0.013502625695077595,0.013502625695077595,0.0,True,8.909897846640447e-11
squares,circular,150,1.5,0.3,0,4,retained_failed_partial,True,True,113,112,112,True,2a400f08e5cec7235d9ef221840189e54e22394fe8b07178a5b1f4803b1d8cbf,2a400f08e5cec7235d9ef221840189e54e22394fe8b07178a5b1f4803b1d8cbf,True,63d4167ae7f1892dab70bd8556f1dfeb3f6d46bd5bb45c2ebd28794a8fcd5e95,63d4167ae7f1892dab70bd8556f1dfeb3f6d46bd5bb45c2ebd28794a8fcd5e95,True,0,,True,0.35639748598937865,0.35639748598937865,0.0,True,0.02275036282461643,0.02275036282461643,0.0,True,2.107010893577705e-09
squares,circular,150,1.5,0.3,0,5,retained_failed_partial,True,True,98,98,98,True,b87184670ae538cdebbe89ee7e937ec6ba64f7aea983173f3cfc7111f2cfe136,b87184670ae538cdebbe89ee7e937ec6ba64f7aea983173f3cfc7111f2cfe136,True,7c3d50c737be91240fa688ceec9e0d78f868c6dd2840e16424ff6f46271ab9e9,7c3d50c737be91240fa688ceec9e0d78f868c6dd2840e16424ff6f46271ab9e9,True,0,,True,0.2482060106184796,0.2482060106184796,0.0,True,0.011455313106867752,0.011455313106867752,0.0,True,1.1736700672220325e-11
squares,circular,150,1.5,0.3,0,6,retained_failed_partial,True,True,116,116,116,True,ca1cd83767666b76fdce4fb2483bcf24f0aa74bc397a5adf8de1bf71c8693809,ca1cd83767666b76fdce4fb2483bcf24f0aa74bc397a5adf8de1bf71c8693809,True,99d18bd38f743f0eb8fa3fcc2140338a909a1cc158d7f712e66dc3a9d99a4b7d,99d18bd38f743f0eb8fa3fcc2140338a909a1cc158d7f712e66dc3a9d99a4b7d,True,0,,True,0.44493118160330375,0.44493118160330375,0.0,True,0.021433083367093365,0.021433083367093365,0.0,True,5.736083024541932e-12
squares,circular,150,1.5,0.3,0,7,retained_failed_partial,True,True,121,120,120,True,0fecb62f0051d1d7622a20aa4f20dfa54912221e8d4dbb8ae46e3308de1932a1,0fecb62f0051d1d7622a20aa4f20dfa54912221e8d4dbb8ae46e3308de1932a1,True,e858ea7c5c8dd187946bafdff92285b3f5a7206c8aba93e7dcc0c96ddcfe11ce,e858ea7c5c8dd187946bafdff92285b3f5a7206c8aba93e7dcc0c96ddcfe11ce,True,0,,True,0.1302472715234413,0.1302472715234413,0.0,True,0.006390198125670474,0.006390198125670474,0.0,True,3.280012209444001e-11
squares,circular,150,1.5,0.3,0,8,retained_failed_partial,True,True,142,142,142,True,d4d3b86cf02d0e45f604adbebddc66e46650f1f0932c8cf55a0faf6b09c74cb2,d4d3b86cf02d0e45f604adbebddc66e46650f1f0932c8cf55a0faf6b09c74cb2,True,a07c669002851e3243972e3f24a57d3f97d5376c45a2c6e3f000338b9c94bd2a,a07c669002851e3243972e3f24a57d3f97d5376c45a2c6e3f000338b9c94bd2a,True,0,,True,0.40683256756530833,0.40683256756530833,0.0,True,0.019869841915862538,0.019869841915862538,0.0,True,3.2007891915192577e-11
squares,circular,150,1.5,0.3,0,9,retained_failed_partial,True,True,142,142,142,True,7fc5a5cc450743eac66fca1eb1a9c6762f7bcfc2b69d87c53244d16103d520c3,7fc5a5cc450743eac66fca1eb1a9c6762f7bcfc2b69d87c53244d16103d520c3,True,0c3cea4e6cf40157e83e4ea02407316fa3ffb7e58e3d762791e7184223f4e0bc,0c3cea4e6cf40157e83e4ea02407316fa3ffb7e58e3d762791e7184223f4e0bc,True,0,,True,0.23432408733100285,0.23432408733100285,0.0,True,0.009263285039567692,0.009263285039567692,0.0,True,3.303295599714113e-11
squares,circular,150,1.5,0.3,0,10,retained_failed_partial,True,True,150,150,150,True,a0d8694bd54175e00998308a6e5c75ded35270c990f899449ab73e2813b64a2a,a0d8694bd54175e00998308a6e5c75ded35270c990f899449ab73e2813b64a2a,True,85e9b8246295ad3528553e478725de3b947c7bb67e12238898de9438208ace54,85e9b8246295ad3528553e478725de3b947c7bb67e12238898de9438208ace54,True,0,,True,0.17120658857077253,0.17120658857077253,0.0,True,0.00526972385640678,0.00526972385640678,0.0,True,1.1719885609575224e-10
squares,circular,150,1.5,0.3,0,11,retained_failed_partial,True,True,146,146,146,True,36e5ff480485930b3bc0f5c5b8b4e119782aeb0ce2032cca8e62a556f5c79fd4,36e5ff480485930b3bc0f5c5b8b4e119782aeb0ce2032cca8e62a556f5c79fd4,True,d2add51b9c77ab095c1c777cedfe4db9a033383795f81dc73f142ae64c2fad9e,d2add51b9c77ab095c1c777cedfe4db9a033383795f81dc73f142ae64c2fad9e,True,0,,True,0.14639871137796157,0.14639871137796157,0.0,True,0.004797465115232786,0.004797465115232786,0.0,True,5.5254529054268315e-11
squares,circular,150,1.5,0.3,0,12,retained_failed_partial,True,True,155,154,154,True,3a7cc869a5d06fc5e8307df242dff29f482c821ded03f29114607c1ddced9894,3a7cc869a5d06fc5e8307df242dff29f482c821ded03f29114607c1ddced9894,True,0cd8d3b4d35092036fe79bb475ca51b0d9e3a48fb150efc05ff273e94f88eb19,0cd8d3b4d35092036fe79bb475ca51b0d9e3a48fb150efc05ff273e94f88eb19,True,0,,True,0.21110215595797488,0.21110215595797488,0.0,True,0.005412842185921946,0.005412842185921946,0.0,True,8.427038262671098e-12
squares,circular,150,1.5,0.3,0,13,retained_failed_partial,True,False,156,156,156,True,3b392e340cefd63dbd147fdf788b2000aed477ad5f90c454419b315c5f27acee,3b392e340cefd63dbd147fdf788b2000aed477ad5f90c454419b315c5f27acee,True,e458f71b53958ae5c7ef720675ffac970621ab9af71db609e541724c35263209,e458f71b53958ae5c7ef720675ffac970621ab9af71db609e541724c35263209,True,2,LVIRA,True,,0.32112409677675396,,,,0.009198865342332371,,,8.549689833003853e-11
squares,circular,150,1.5,0.3,0,14,retained_failed_partial,False,False,167,166,166,True,,2ed53151f66ec7053f4465f9ea7d65e468c7c96b60de0344f913bc4344e0c9f7,,,b4bbd37c426842c62cc0c4fa3b52c1f9fcc4a673e7e75fa3d6df57f601622f57,,0,,,,0.2851834823156161,,,,0.007510228573981801,,,4.822294871687609e-09
squares,circular,150,1.5,0.3,0,15,retained_failed_partial,False,False,177,176,176,True,,bf5539aeaa2cf22707883a91614c5774f6a4b89e82e1ff6474f91c97f8e613e8,,,890a0670bd9dae2f82e783a19b66364ec53eb17a8dc423b512ebd2b33919223f,,0,,,,0.23175078997398277,,,,0.006409109647045916,,,4.022932095938315e-12
squares,circular,150,1.5,0.3,0,16,retained_failed_partial,False,False,175,174,174,True,,eb0ce612df91845c96c1cb8c274a193f9f9b3af0749bfac887e531348db99066,,,4c2a30d33aeddcdc1b106ec8992d92053a3923b23800a134bd88af4b6a23a5bd,,0,,,,0.19868693193422027,,,,0.00675573345922676,,,4.3791070680891474e-11
squares,circular,150,1.5,0.3,0,17,retained_failed_partial,False,False,196,196,196,True,,46add8ca404b3eb69f411797ff32f444c34128bbb14e433eb977ac112d39a4ef,,,03dc17e74ae3c232ada30c44a4b3185b079eaa91b37413dea64cd2a55121acdb,,0,,,,0.14696288927229184,,,,0.004591434347620901,,,3.698990217438243e-12
squares,circular,150,1.5,0.3,0,18,retained_failed_partial,False,False,211,210,210,True,,9b3f6192b50366c07004f4e85a926c1a94236d655e57fe8a2429f436073fbcae,,,3b8d888fdf860dcd46cb711353383fdc25c6a9ffb664472f5effcf9cdd32753c,,0,,,,0.29148235662800887,,,,0.006421173170514217,,,4.181533511906142e-12
squares,circular,150,1.5,0.3,0,19,retained_failed_partial,False,False,185,184,184,True,,68a1880841f0cb0386f297c0157ae5c3b709dfb14fdc610f13ca8dccae714dbf,,,86faff7d3861e5ae7304a92d6709f62b1a37a713e21598dfa0343dece3d57c0b,,0,,,,0.24145598067871304,,,,0.008383682514543937,,,1.0208593111832533e-11
squares,circular,150,1.5,0.3,0,20,retained_failed_partial,False,False,225,224,224,True,,ef07866db61a96cef18091ba7d9284c41f081c0308d2793c8df9b3923decc724,,,1fd58df051bc7c22dfdbd2bc7944c54e58d3be0f521f9ae3c531e53bb6909c55,,0,,,,0.15377884979991496,,,,0.0035940635228661763,,,6.9206840329504184e-12
squares,circular,150,1.5,0.3,0,21,retained_failed_partial,False,False,231,230,230,True,,55f9172091caf1c3af42bb1c01bb985ec7ea9a9e0a7270a859047b62766b96b1,,,f49333d9eed971074d995c985741187d50be26f53dd28899b8d5aa5a35d15586,,0,,,,0.1415679957943139,,,,0.0034284043753572717,,,1.682473240324319e-11
squares,circular,150,1.5,0.3,0,22,retained_failed_partial,False,False,206,206,206,True,,9805e49b3ff06ba050944347eb18f0276addc7375e7581a0895257e8b84edbec,,,b4e1aef32d884c6795816246ded724233d1043d860a25d9496c781470b6458b9,,0,,,,0.19834898521370903,,,,0.004851036452717622,,,1.2340400553209522e-11
squares,circular,150,1.5,0.3,0,23,retained_failed_partial,False,False,247,246,246,True,,f6c755bdf7d2e2f0ee670eb9c31c42ce0605a5e6fdee494c4eec96488ee400b7,,,2714b3d232d3f0d32024c6a8e4660bc7c3ef57063098a77d2d65e2930f66051f,,0,,,,0.21575758692551167,,,,0.0047463743311889,,,2.3943534846949035e-12
squares,circular,150,1.5,0.3,0,24,retained_failed_partial,False,False,215,215,215,True,,efb4f62d1c56d1606dbec92e548ea5372fce21cb526fceb1580a3731b4a5c9e7,,,b8391b667c80b53361b9d1ae315d2c851d2dfc7b9187afad71f60fd62fdf7b63,,1,LVIRA,,,0.18727307815629346,,,,0.004431194849619202,,,2.558013286423572e-11
squares,linear,50,0.5,0.2,0,0,retained_failed_partial,True,True,23,22,22,True,169e0f38fca6c8535a1bcf402b90c38c2942f277e04617ff05fcc586c19bd576,169e0f38fca6c8535a1bcf402b90c38c2942f277e04617ff05fcc586c19bd576,True,93ab6c026b7e234573601d74795df9636847783093fbacd3e2a056c4446be4dc,93ab6c026b7e234573601d74795df9636847783093fbacd3e2a056c4446be4dc,True,0,,True,0.7683858866478975,0.7683858866478975,0.0,True,0.25297254967391636,0.25297254967391636,0.0,True,2.1814060859163476e-12
squares,linear,50,0.5,0.2,0,1,retained_failed_partial,True,True,22,22,22,True,c8cffe0ae1293bba90450f4aadfade20f58c91380812c00080299878b052f0d3,c8cffe0ae1293bba90450f4aadfade20f58c91380812c00080299878b052f0d3,True,bb7a76727fd805951b73c97a4718226758b7b42bbb500d0fecf502a00c5163e6,bb7a76727fd805951b73c97a4718226758b7b42bbb500d0fecf502a00c5163e6,True,0,,True,0.5791724525951355,0.5791724525951355,0.0,True,0.22204192163637587,0.22204192163637587,0.0,True,1.330355836473216e-12
squares,linear,50,0.5,0.2,0,2,retained_failed_partial,True,True,27,26,26,True,6b7d0c4ae91b26de1b6758ce2aed9d1de9cacc54bbd5a8acb1cc9072111cfa17,6b7d0c4ae91b26de1b6758ce2aed9d1de9cacc54bbd5a8acb1cc9072111cfa17,True,e1e953026555f9858a2c47b3c0db8405fc38a05d7312dba73d8e81556ac21f0e,e1e953026555f9858a2c47b3c0db8405fc38a05d7312dba73d8e81556ac21f0e,True,0,,True,0.5914379115718521,0.5914379115718521,0.0,True,0.20780796361479167,0.20780796361479167,0.0,True,5.949645201104129e-12
squares,linear,50,0.5,0.2,0,3,retained_failed_partial,True,False,30,30,30,True,8cc034b218a7cb798002d5c7b56f5f0ebbb16641b6d291c74f63c10505a16690,8cc034b218a7cb798002d5c7b56f5f0ebbb16641b6d291c74f63c10505a16690,True,cd8afd97598217e9f72867ea4dda2f85a37ef27eb1ed98d99b84ece6e8b69dd0,cd8afd97598217e9f72867ea4dda2f85a37ef27eb1ed98d99b84ece6e8b69dd0,True,2,LVIRA,True,,0.4941660203233571,,,,0.12836929583142367,,,4.515186574749977e-12
squares,linear,50,0.5,0.2,0,4,retained_failed_partial,False,False,40,40,40,True,,a77a0867ca35137e82fbbb058d10775e333b825389d630fe79e6eea4b392b2ec,,,235bc1d7d4097716c65f7d5592c4e1ff4f4c2918fd29e2262c12fe8fc50f5e99,,0,,,,0.733268254328304,,,,0.08489167981053064,,,5.3733537408978835e-12
squares,linear,50,0.5,0.2,0,5,retained_failed_partial,False,False,31,30,30,True,,90b932437cccfdd852d242b305276955b1aee4582bf61d77ac908c5ba59cd1ea,,,7ee769c17b55238420727c540c1d005f131f557021e30fe85c9f269ba760bcc9,,0,,,,0.6710515891151673,,,,0.17394043575477325,,,5.179624635356986e-12
squares,linear,50,0.5,0.2,0,6,retained_failed_partial,False,False,39,38,38,True,,b30d289f9c4332b0c7841488c6d39b25ad465aa7bdb6bba020683e891c29d6e2,,,da80d50ba297f2aad0b7ccadf7a835d7f451379bce4b1dc84c12393f1d7c670a,,0,,,,0.5786187254274614,,,,0.12898599869782085,,,2.8696882048671875e-12
squares,linear,50,0.5,0.2,0,7,retained_failed_partial,False,False,34,34,34,True,,7a504e11dbedb637c2cf0e27f356c6c2e405816d325669ed6c5252f3bea55122,,,801790dca209d18f358cf7fc667989facb05173ce225a79c450d12cbf2773663,,0,,,,0.5621463874047775,,,,0.16622119294523824,,,1.1707225828854049e-11
squares,linear,50,0.5,0.2,0,8,retained_failed_partial,False,False,46,44,44,True,,4418375c3f0877fdb2025e04c5bda0ec9cbe35e99e37bd9f33857d65b2d52331,,,68028bb168abb2a5c585f5e47da8e66c6d31bc3af468da8cc57845caf09d53be,,0,,,,0.6645383260312813,,,,0.1402664088849264,,,5.30998622704712e-12
squares,linear,50,0.5,0.2,0,9,retained_failed_partial,False,False,45,44,44,True,,130572504535781d522cd548257090c4096d2174a58b3672eb32bb3c96b5dfb1,,,e95f361ae941a7f39d6ad6a7cccf68a0714eb0e96129b092aafcfad3c1f9376f,,0,,,,0.49533568386327176,,,,0.09776558604329379,,,3.887233185757766e-12
squares,linear,50,0.5,0.2,0,10,retained_failed_partial,False,False,48,48,48,True,,357cfe7deb7fba69e849b677c9a7185f183d803c704f1538f800946710896436,,,25fcef4f34acf6969b2370594f9f63202d2911ac602c4813cc00caf16faa8d37,,0,,,,0.8365871929161809,,,,0.11463827918213937,,,4.528011872074752e-13
squares,linear,50,0.5,0.2,0,11,retained_failed_partial,False,False,46,44,44,True,,04ecf9247c3475c70f5c819d12d255ea036294b6588645c65430e0d8f5170837,,,c2d73dc93f2fd368695393d6a1e94ffa2a0e6a460cc4e251fef475226f0795a1,,0,,,,0.6837055310043566,,,,0.12313628402071185,,,1.7802990702359493e-12
squares,linear,50,0.5,0.2,0,12,retained_failed_partial,False,False,51,50,50,True,,8bd34e567ea77d684c5d73567639cb61941cdd73057fb7d49e5b5bc228743b59,,,340312edece8bbe6ddf3e1f6ae95e5c2755429d95dc54e049940884187f63b3f,,0,,,,0.5779790333462171,,,,0.10179558168830086,,,6.073021529225154e-14
squares,linear,50,0.5,0.2,0,13,retained_failed_partial,False,False,50,50,50,True,,e760c99286a304a2232210f9a008bcce759079ce1e65683243c82a6c529e9b85,,,1d97288cfe8a1db421c11eaabc84b02f454782db1b7e8a1f18152bdbd547fd79,,0,,,,0.648315736637891,,,,0.10037472152164575,,,3.581071603111745e-13
squares,linear,50,0.5,0.2,0,14,retained_failed_partial,False,False,52,50,50,True,,a26d2123f889316e3513337aa54902b17967ace7b17c670624af937fab70a798,,,aab27605c73fd768df94c57841f35d0b6b48b3f17c1fa3975014448294bc2c49,,0,,,,0.7330942999628223,,,,0.11477374858312774,,,4.389486006261337e-12
squares,linear,50,0.5,0.2,0,15,retained_failed_partial,False,False,59,58,58,True,,643f3e40b20ebb85f40a1db02959d7bd2ceafb8a8fe013613985226846f49ad5,,,b03bc0129e652bbe6bdcf45a4b05945a74c0fe2d59314972c847724718404be0,,0,,,,0.7338740152391099,,,,0.09742492118414528,,,1.5050714348831699e-12
squares,linear,50,0.5,0.2,0,16,retained_failed_partial,False,False,61,60,60,True,,e310e8639448e1fe6130b90f0f3b17633433dc3a8f7bcfd79800b588d74ff6c2,,,e8a447a100c330e8708efcccabd73de29affa8a38894eac7e456b17f59e3dc81,,0,,,,0.674318530442947,,,,0.08161725112541666,,,5.421593752193654e-12
squares,linear,50,0.5,0.2,0,17,retained_failed_partial,False,False,66,66,66,True,,996b55950bfc35007a0e4768fd7b901cb9125209762049e435b57f7924ba1ecd,,,a65571725c66335da44a752262a2178fbf798695dcea01a116f7d85a33a19056,,0,,,,0.7440741814224969,,,,0.06619460399544412,,,1.1331524945500771e-13
squares,linear,50,0.5,0.2,0,18,retained_failed_partial,False,False,72,72,72,True,,65a9330660639c820d918b9b72f00cf383269b2a564cc19d13a11eaed054725b,,,6d63f591dca4856d335dae5572b29d467c3cbf44fc0633ac5b5671f4411fe106,,0,,,,0.7404022480213601,,,,0.05337872717949261,,,3.125620196719443e-13
squares,linear,50,0.5,0.2,0,19,retained_failed_partial,False,False,60,60,60,True,,530e8a458626aca87eb5efe1ba8975b68a9abf10fb107c2e90171f42e6b7e27e,,,0e99249bfd4353f24683c449396f16e928bbd99205adb8d3b501bb2b46120cb6,,0,,,,0.5771904869735679,,,,0.0666409193377677,,,4.286090742012378e-12
squares,linear,50,0.5,0.2,0,20,retained_failed_partial,False,False,74,72,72,True,,d61daf8676654f173816d72372615b3e35217dfc27d4e39d5bbe3086eafdbabe,,,13840fbd235a052e15c3d1705c3845c16007b05d1b388ad6d2db5991a652fd79,,0,,,,0.7468384672684157,,,,0.07927822058643812,,,8.618157546523015e-13
squares,linear,50,0.5,0.2,0,21,retained_failed_partial,False,False,77,76,76,True,,390b3b16b9ded48040545bacd02fba65b8230a824b2084d9813d75f7371f2720,,,02c96039b064bfa73cd1271096d2d567881b7b69066e64204427f96f8c8b7d39,,0,,,,0.5925706508488575,,,,0.05942489124540701,,,6.094873950956717e-13
squares,linear,50,0.5,0.2,0,22,retained_failed_partial,False,False,67,66,66,True,,61d08c046e34254fb91cb420aec0f25f246d0e73da52b58697d2e8f89c208e28,,,38cc81c9990c1cc46da6078ba81aee4ec3a021c0c5b5df437e970d6b6451fa67,,0,,,,0.9320158765553616,,,,0.08901960804465348,,,3.7105921735329615e-12
squares,linear,50,0.5,0.2,0,23,retained_failed_partial,False,False,83,82,82,True,,c54c2cdf8316b3595783d82474b15def9c359154d3aa01f43b971dd2e77fe2e6,,,07ad45e1d1b9b046c18cf13ff07bb507b56bf254887b63e95629289be7bad8c0,,0,,,,0.8094513552621999,,,,0.06350395253954116,,,2.3352575034210773e-12
squares,linear,50,0.5,0.2,0,24,retained_failed_partial,False,False,66,66,66,True,,bf089b24a122e99129e731740954fafb7d8c9b0142940137fc2483e28b775eeb,,,4269260514d9d8ba2f09977b54c52d69f69b5ef3b4ab56540e1a487026c7f1f5,,0,,,,0.5428292736197563,,,,0.06202996535547118,,,5.169222298495492e-12
squares,linear,50,0.5,0.3,0,0,retained_failed_partial,True,True,23,22,22,True,c05360af8bf1d475b6061238750db4dab050f34fcbdd2bdb039a4b5f623fe60c,c05360af8bf1d475b6061238750db4dab050f34fcbdd2bdb039a4b5f623fe60c,True,7abbcfb9924731449cba7160245fc18f634c152b3cfab50d7a3bd81883253673,7abbcfb9924731449cba7160245fc18f634c152b3cfab50d7a3bd81883253673,True,0,,True,0.7121346265087146,0.7121346265087146,0.0,True,0.243101113639519,0.243101113639519,0.0,True,4.778774193929393e-13
squares,linear,50,0.5,0.3,0,1,retained_failed_partial,True,True,25,24,24,True,3027488ba7e042eda5e18006bf9d48abbbc47ff570ffc8a8c188dcd16ba6b775,3027488ba7e042eda5e18006bf9d48abbbc47ff570ffc8a8c188dcd16ba6b775,True,ba904267ef26166e25aff165b2c93e0f1cce1a8bbb0f235cecb621cc7131c43b,ba904267ef26166e25aff165b2c93e0f1cce1a8bbb0f235cecb621cc7131c43b,True,0,,True,0.5051043622306334,0.5051043622306334,0.0,True,0.1952201086623119,0.1952201086623119,0.0,True,2.45686120035162e-12
squares,linear,50,0.5,0.3,0,2,retained_failed_partial,True,False,31,31,31,True,9108c8fcf2a2e94c17d2c5bcfa01f87237fd1ba17eb2a9be8d24f3900e255226,9108c8fcf2a2e94c17d2c5bcfa01f87237fd1ba17eb2a9be8d24f3900e255226,True,f9ce8d1cbb62a52dde00ba05bd73bc377b10f2613e3a2ce8a2ff8c9387f33baa,f9ce8d1cbb62a52dde00ba05bd73bc377b10f2613e3a2ce8a2ff8c9387f33baa,True,1,LVIRA,True,,0.4409938784637011,,,,0.13590474673089,,,5.456925678021307e-12
squares,linear,50,0.5,0.3,0,3,retained_failed_partial,False,False,30,30,30,True,,ee9ce166f9f71741b83fad58f42202e0b50972a327e58d979cd0da46ba48698c,,,5cd4e3bfe94d6f48981f422bfd3608e91ace9079ad878072ec103065a569fba1,,2,LVIRA,,,0.4472352690596824,,,,0.14806813065730987,,,2.421439788319802e-12
squares,linear,50,0.5,0.3,0,4,retained_failed_partial,False,False,40,40,40,True,,6618cc565f2fa947ff512eb4d2a456af3816aa1b6ac81c4024e09d1b2d79df4c,,,bed38b239f43f6ec0124a1ae3b16ad3abb902b38662aafd54552047c4816885e,,0,,,,0.5741987977972826,,,,0.08732943986851856,,,6.5052925691987315e-12
squares,linear,50,0.5,0.3,0,5,retained_failed_partial,False,False,32,32,32,True,,9ebc04cc3601588f22a7f2f61e34eb1d4c82811c888892320441350824d3ba74,,,e3e558b4c1b22c4e7133b25dc39cd6b9877806896dfe7ecb7694fdbbd6df140f,,0,,,,0.7387959244994035,,,,0.16350517486574553,,,3.74225365959247e-12
squares,linear,50,0.5,0.3,0,6,retained_failed_partial,False,False,38,36,36,True,,1000611325d49010ae0df7f216c5ba397cf284856d4c0e816afa7238840356a5,,,a2148699246a33134ded88fb7fe061319edbc9f0d3a367a3cd7ac34b0e083c25,,0,,,,0.5872063478323525,,,,0.13651990470340744,,,8.570525114489145e-12
squares,linear,50,0.5,0.3,0,7,retained_failed_partial,False,False,35,34,34,True,,0eb21087766983d0fb13b9109e6aea7cdac3c226579c19f86369db80002d33b4,,,675fc4c1323d48d4e572c61a5e658bcf0be31013b78d94a28955c812b7523ffb,,0,,,,0.6490460168265387,,,,0.20449550434071512,,,3.574106337893413e-13
squares,linear,50,0.5,0.3,0,8,retained_failed_partial,False,False,47,46,46,True,,56e6668091aa45043bb716703e22dcaa1d88e0b780ee2d6e98e59d7221945025,,,00d465777c42f574c78411e8c9f0cd5ea118f0429f743a1ddf8de19e5fc565fe,,0,,,,0.7301397655821025,,,,0.11703889940368505,,,3.7707982934890773e-14
squares,linear,50,0.5,0.3,0,9,retained_failed_partial,False,False,45,44,44,True,,f392cead21924189c693ffce3958e1e8794aca62a18519aabcb14e08c4d22d8e,,,a126d75042d255e48a3f66b5411cf1da4d4e9f868e5e24b2176229b18069c6a0,,0,,,,0.4991431549336011,,,,0.08718430543475673,,,3.153990324324806e-12
squares,linear,50,0.5,0.3,0,10,retained_failed_partial,False,False,48,48,48,True,,1f11e01d9356d347dad773a41b76db1eea4d07aa80e895b0b993a79866479001,,,40addb59df4655f281827cc4f98a4160cfc1aa2cf21fffe5c61840dc38439580,,0,,,,0.9369621126901003,,,,0.11907053044182984,,,4.023992441943493e-12
squares,linear,50,0.5,0.3,0,11,retained_failed_partial,False,False,49,48,48,True,,11100e1a21d31220444c0df7a4bb25775c1961bfdfb67c9cd5d97466a301af4e,,,debb46744954840a647127c4dbdf6d3d7e6d03a9fa8e58e4988e5583bb9a81a5,,0,,,,0.7261458249743221,,,,0.10726763016564729,,,4.173636379722252e-12
squares,linear,50,0.5,0.3,0,12,retained_failed_partial,False,False,51,50,50,True,,1428d1c28f22a62cd1e44a782d62deedcb7eb83aae01375ccad489aafcee1a1c,,,bf77aedd94de45e66fe7eac6bd5f89c9cc00532d9be46e08954ca56a3fc654c8,,0,,,,0.8055587474715642,,,,0.1406696489128358,,,5.9664093456411005e-12
squares,linear,50,0.5,0.3,0,13,retained_failed_partial,False,False,53,52,52,True,,bd010fce50c3020e95a80794baa7811a73f33e3964c8554b43ceb78772056a5a,,,21c65c14d05b8b0cc8a35efa2480c37d664f718d3bbbd2c642f994f4a876f2a8,,0,,,,1.8250257623172632,,,,0.14623365732271773,,,7.677864645597657e-12
squares,linear,50,0.5,0.3,0,14,retained_failed_partial,False,False,52,50,50,True,,346e061d918bed3ac944f80ec2c572bee799e1951c853cbbbeb863b9c2ddd091,,,ffccfb3ae1db7b13cd8ea70043961b3d7604a3037d1095c28f336567c3501430,,0,,,,0.7472095778127561,,,,0.1236246701394926,,,5.555327244865938e-12
squares,linear,50,0.5,0.3,0,15,retained_failed_partial,False,False,59,58,58,True,,72f9538b83656bd130677e5ac32ba018e231095836c4a92a3fb2d79e9c9a9dc0,,,a011372529ffee1f4852c3c9997b121b27dc036d2b131006e01345e08da272b9,,0,,,,0.9726161793957736,,,,0.09832635254039629,,,2.5912253602654097e-12
squares,linear,50,0.5,0.3,0,16,retained_failed_partial,False,False,63,62,62,True,,bb00727d89bbe672d6c8c6ea1f05bb355594b308abff70480adfc0bb558518a6,,,b2771cc0576b520fbc0ab30a04bc908528b9aba8524b8a560f2b835c4bc01735,,0,,,,0.7395036279910419,,,,0.07999280515873827,,,4.340281662602427e-12
squares,linear,50,0.5,0.3,0,17,retained_failed_partial,False,False,66,66,66,True,,2583fe2e20a4fbd71a3df7fbb99392f38cde6bd93536dc1e1d235a25c54ba11a,,,2ad1f3977f3e1773c14c5d38af65ec1a95b8d722ff1f9ed266eadc372d423082,,0,,,,0.6933779494152706,,,,0.0667685299542242,,,5.458565142110577e-12
squares,linear,50,0.5,0.3,0,18,retained_failed_partial,False,False,72,72,72,True,,c6c3fb281c743c1e3a219e0de5607fe4db45c98c8c92fbcf44c5caf2b0966443,,,4b011ce765df59c6e39845338bddac71104a2547762834d466e35edada48c830,,0,,,,0.7652233729000195,,,,0.051536944975569855,,,5.408687522760188e-13
squares,linear,50,0.5,0.3,0,19,retained_failed_partial,False,False,60,60,60,True,,c331626c586083afe344a5517102879d37f8abb71ea14156cd1133d808861f55,,,b507d17c049cc37dd13779c91a1d8b67bd95de62340741e283e6eff51923f678,,0,,,,0.47101869499906956,,,,0.06516712736315554,,,1.9749021329709955e-12
squares,linear,50,0.5,0.3,0,20,retained_failed_partial,False,False,73,72,72,True,,81afac48a63c700b21a7252f3d9611be4df4f051bbfa5f2efd226ac708e8ec2e,,,34c3306a5bdf0d3d3ea57bbad555d2a3919b3c41187a6ce0a133928cceb1c906,,0,,,,0.6642516445231432,,,,0.0794741453440064,,,2.289073992849698e-12
squares,linear,50,0.5,0.3,0,21,retained_failed_partial,False,False,77,76,76,True,,3144922f702c9b0304427fd6eaf17b6b6c5b0ac8d99f854c255256390471c095,,,673cad819f4ac90b2dc02b5de3d7052bb618ac9518d494d24e6e1c282cedc4da,,0,,,,0.629559857717823,,,,0.058831027391374545,,,1.4229508077816222e-12
squares,linear,50,0.5,0.3,0,22,retained_failed_partial,False,False,66,66,66,True,,4e4b8855e002225bc3055cb213ec85c974ed5e5da2f6b608ad2dc5ccbdc17592,,,9024fb2ee6763c88e6798b0f6b7d036c089a95fb9d68459ae320c848f3887424,,0,,,,0.5495825128367118,,,,0.07801625444176864,,,3.253841086414603e-12
squares,linear,50,0.5,0.3,0,23,retained_failed_partial,False,False,85,84,84,True,,1453dae4616ab992b8cab0d790e9b3e19598a55e0558888402edcc2ec4b8807d,,,04a68951cfa523b8b2b3ecd9e2459dd61e5f2d8abba0c5d365d2956c3e950499,,0,,,,1.0511975375399092,,,,0.062254941223059954,,,2.1642138880941244e-12
squares,linear,50,0.5,0.3,0,24,retained_failed_partial,False,False,70,70,70,True,,ecf79b365e9e7498e084c36146f2e223673396839ff6d26be3941c1aa6fff920,,,2552ad646306ca2ae3e8cd828d919f242287b2683fd68d7242cd4211237fc656,,0,,,,0.552442310828386,,,,0.061559831283972626,,,3.088151627703774e-12
squares,linear,64,0.64,0.2,0,0,archived_success,True,True,31,30,30,True,114055e1d62d64f02c5eafa19fe5a24c2b5917a4f3fcf8077e1737c47122399c,114055e1d62d64f02c5eafa19fe5a24c2b5917a4f3fcf8077e1737c47122399c,True,43e072cc6214de60c941f8fe312277a14a5b2c642272ef75677f27edbfe7f1d3,43e072cc6214de60c941f8fe312277a14a5b2c642272ef75677f27edbfe7f1d3,True,0,,True,0.43107191185999955,0.43107191185999955,0.0,True,0.12976459530706405,0.12976459530706405,0.0,True,8.871297637066788e-13
squares,linear,64,0.64,0.2,0,1,archived_success,True,True,34,34,34,True,3be1eaee1fc8a25ab7e17a6a56b421f195b3c366183c7bb9ce9bfa4444d77bcb,3be1eaee1fc8a25ab7e17a6a56b421f195b3c366183c7bb9ce9bfa4444d77bcb,True,01a6095fe74d2d711b7f4d7911d009cb8e56fa661b3cce7981fb862a33317b41,01a6095fe74d2d711b7f4d7911d009cb8e56fa661b3cce7981fb862a33317b41,True,0,,True,0.5412013692719779,0.5412013692719779,0.0,True,0.09667625514037381,0.09667625514037381,0.0,True,4.0793056944508777e-13
squares,linear,64,0.64,0.2,0,2,archived_success,True,True,33,32,32,True,5fae7aedc4057dd45cc2d28fedb1d64f806b382616fc0b5a105c99421dff6180,5fae7aedc4057dd45cc2d28fedb1d64f806b382616fc0b5a105c99421dff6180,True,c0a1b2143dfd35767ed0324548d7b3e0fcedb21466d410dc0897206cacd3fa2c,c0a1b2143dfd35767ed0324548d7b3e0fcedb21466d410dc0897206cacd3fa2c,True,0,,True,0.5377202415951625,0.5377202415951625,0.0,True,0.13285282593886177,0.13285282593886177,0.0,True,9.567760106143059e-12
squares,linear,64,0.64,0.2,0,3,archived_success,True,True,38,38,38,True,fc4a5a87590a6a1a03d162c771b857ad6d121875ac988894e72ed47a01a53054,fc4a5a87590a6a1a03d162c771b857ad6d121875ac988894e72ed47a01a53054,True,407048519e7e6b225b27adbf618539c6758205afba16958e34f7b9d9b4600ffe,407048519e7e6b225b27adbf618539c6758205afba16958e34f7b9d9b4600ffe,True,0,,True,0.45842016321110474,0.45842016321110474,0.0,True,0.09699796544473457,0.09699796544473457,0.0,True,1.1266732717952274e-12
squares,linear,64,0.64,0.2,0,4,archived_success,True,True,48,48,48,True,c77651ae0ebb652ce399e31573890b2ae5f82c43d780ed5af81782e137a4c2f4,c77651ae0ebb652ce399e31573890b2ae5f82c43d780ed5af81782e137a4c2f4,True,e694699cc05458fd873f6592693e27024000271472faa36b7baef1844c417edf,e694699cc05458fd873f6592693e27024000271472faa36b7baef1844c417edf,True,0,,True,0.5717604363427221,0.5717604363427221,0.0,True,0.08407800294454137,0.08407800294454137,0.0,True,4.6499284361066434e-12
squares,linear,64,0.64,0.2,0,5,archived_success,True,True,39,38,38,True,6a578db1009452ba18c03fd6a2682a8a3b6c0cb6399ac28b602484a69282f1a0,6a578db1009452ba18c03fd6a2682a8a3b6c0cb6399ac28b602484a69282f1a0,True,518b87615b381c5fa93e8d8c06c63eb2b21e5ce1da72e4cb25fc524d43b212cb,518b87615b381c5fa93e8d8c06c63eb2b21e5ce1da72e4cb25fc524d43b212cb,True,0,,True,0.6793284575872018,0.6793284575872018,0.0,True,0.11913326763055633,0.11913326763055633,0.0,True,8.218877565804491e-13
squares,linear,64,0.64,0.2,0,6,archived_success,True,True,50,50,50,True,66100fc656c07d7b338b292add7aace188c5484a8fa262f79b5e1168ee103d49,66100fc656c07d7b338b292add7aace188c5484a8fa262f79b5e1168ee103d49,True,8aff2ca5eadbe2e68a22addd3d6d4b3a338d97c3c9f5adf942117555193ae76a,8aff2ca5eadbe2e68a22addd3d6d4b3a338d97c3c9f5adf942117555193ae76a,True,0,,True,0.5167496787074471,0.5167496787074471,0.0,True,0.05937740403859872,0.05937740403859872,0.0,True,1.5558304112209206e-12
squares,linear,64,0.64,0.2,0,7,archived_success,True,True,47,46,46,True,8a7bc0ea3c2159e235bb3140fd8b27ee3de667e28df897521d632d9fc12ca1f9,8a7bc0ea3c2159e235bb3140fd8b27ee3de667e28df897521d632d9fc12ca1f9,True,7b0616dfa5d207d272aaeae698cdb1bf78b7539e413aa4a2438c4cd77e953c12,7b0616dfa5d207d272aaeae698cdb1bf78b7539e413aa4a2438c4cd77e953c12,True,0,,True,0.48256314632082753,0.48256314632082753,0.0,True,0.09035165049567553,0.09035165049567553,0.0,True,6.166082079391538e-12
squares,linear,64,0.64,0.2,0,8,archived_success,True,True,59,58,58,True,69a40a3cd1b95e92359b3b2a04b0c3b5eaad317ffa25dffb3bb86a01d249f45d,69a40a3cd1b95e92359b3b2a04b0c3b5eaad317ffa25dffb3bb86a01d249f45d,True,9b6d44f007964b599f174716563b5d8e3c0d895b3b373886d7c039aa57364958,9b6d44f007964b599f174716563b5d8e3c0d895b3b373886d7c039aa57364958,True,0,,True,0.6005638061565807,0.6005638061565807,0.0,True,0.0766363006696466,0.0766363006696466,0.0,True,4.487408874249228e-12
squares,linear,64,0.64,0.2,0,9,archived_success,True,True,60,60,60,True,8d33252957683c6f5e7a7d724ffee655379742b810d69419a878e9b887af8442,8d33252957683c6f5e7a7d724ffee655379742b810d69419a878e9b887af8442,True,54c01874cbace845019d020f854fd89a6cafac80986e9c01a3b6b359930a4118,54c01874cbace845019d020f854fd89a6cafac80986e9c01a3b6b359930a4118,True,0,,True,0.748842675632372,0.748842675632372,0.0,True,0.088226720523364,0.088226720523364,0.0,True,9.984339403674784e-12
squares,linear,64,0.64,0.2,0,10,archived_success,True,True,64,64,64,True,26b53dab7729c2db62a9e60a23e2c39cc6ea114328128a78b4d7e26e15efaccd,26b53dab7729c2db62a9e60a23e2c39cc6ea114328128a78b4d7e26e15efaccd,True,346b9b7f03810a89efca7267edf3f59d30f39f43367d8a0693bcf10213409b96,346b9b7f03810a89efca7267edf3f59d30f39f43367d8a0693bcf10213409b96,True,0,,True,0.41585815698198186,0.41585815698198186,0.0,True,0.04641599455541617,0.04641599455541617,0.0,True,2.821049446623729e-12
squares,linear,64,0.64,0.2,0,11,archived_success,True,True,59,58,58,True,10307d954a09fd1262da3674da6409430f858b4705f02f9e731cfd655bace7a2,10307d954a09fd1262da3674da6409430f858b4705f02f9e731cfd655bace7a2,True,862ffd7defbf0b07e07a60f92f7776a03230b76951de666510b5774dc6b265e9,862ffd7defbf0b07e07a60f92f7776a03230b76951de666510b5774dc6b265e9,True,0,,True,0.4693383209610171,0.4693383209610171,0.0,True,0.07940311007948224,0.07940311007948224,0.0,True,7.869015095311564e-12
squares,linear,64,0.64,0.2,0,12,archived_success,True,True,64,64,64,True,3fa75f075e68eace703013a0b471b96661efc44873ff843ae42d4de4ebf9f0a9,3fa75f075e68eace703013a0b471b96661efc44873ff843ae42d4de4ebf9f0a9,True,dc26245206152e7dd9549439154a895f1629baa5e49d4c800f0d15e044418a25,dc26245206152e7dd9549439154a895f1629baa5e49d4c800f0d15e044418a25,True,0,,True,0.46737671478922627,0.46737671478922627,0.0,True,0.05729078256764572,0.05729078256764572,0.0,True,5.080718718477594e-12
squares,linear,64,0.64,0.2,0,13,archived_success,True,True,64,64,64,True,ad518169fd312ed1d6890744537758871233a63545e996641f176f7cd3ba7cf3,ad518169fd312ed1d6890744537758871233a63545e996641f176f7cd3ba7cf3,True,b2d3afe1026381e66c4fbb9654a6d36b9ec6bb087287d6a456cc26c0f95f53e0,b2d3afe1026381e66c4fbb9654a6d36b9ec6bb087287d6a456cc26c0f95f53e0,True,0,,True,0.4559577155169925,0.4559577155169925,0.0,True,0.055746834805186704,0.055746834805186704,0.0,True,3.437218835797055e-12
squares,linear,64,0.64,0.2,0,14,archived_success,True,True,67,66,66,True,484e131e3c065cdef68938e9a813f9a1c190c3be69564fea907b21236e46b953,484e131e3c065cdef68938e9a813f9a1c190c3be69564fea907b21236e46b953,True,68d8598123118cc949789caf2e41520d594a11b52379b71973fa6e45143b0b13,68d8598123118cc949789caf2e41520d594a11b52379b71973fa6e45143b0b13,True,0,,True,0.6590663644596665,0.6590663644596665,0.0,True,0.07277380865781694,0.07277380865781694,0.0,True,9.250598846285808e-12
squares,linear,64,0.64,0.2,0,15,archived_success,True,True,76,74,74,True,9714a59b899c9013943b8dc1ac8c51118f6e0b952bcf9f767106147f290f5da2,9714a59b899c9013943b8dc1ac8c51118f6e0b952bcf9f767106147f290f5da2,True,77d9aa7c89c0f3f71b2eb30651485ce0e958060d63ae6ab7cfa466936369ff39,77d9aa7c89c0f3f71b2eb30651485ce0e958060d63ae6ab7cfa466936369ff39,True,0,,True,0.4944518186428946,0.4944518186428946,0.0,True,0.05332178981920063,0.05332178981920063,0.0,True,9.803692766300462e-12
squares,linear,64,0.64,0.2,0,16,archived_success,True,True,75,74,74,True,e996fc158ec0621292964f4059d73fd771ffc1c8da23ac8a84630c2d757ceb37,e996fc158ec0621292964f4059d73fd771ffc1c8da23ac8a84630c2d757ceb37,True,d7764d2e3a273a905b2db7f02b467a95f95009df7b8c099d70a7f76097762045,d7764d2e3a273a905b2db7f02b467a95f95009df7b8c099d70a7f76097762045,True,0,,True,0.5111042306639555,0.5111042306639555,0.0,True,0.0549475027916596,0.0549475027916596,0.0,True,1.4635843127675489e-12
squares,linear,64,0.64,0.2,0,17,archived_success,True,True,84,82,82,True,202240868990d35bc4c0610339e1a4a5a91c7aee920040742e20ba5d51341900,202240868990d35bc4c0610339e1a4a5a91c7aee920040742e20ba5d51341900,True,9b8bd3d0d239ac506c077f41efec053e356afdeb430ee3c760b95eb41139c54b,9b8bd3d0d239ac506c077f41efec053e356afdeb430ee3c760b95eb41139c54b,True,0,,True,0.654635934899434,0.654635934899434,0.0,True,0.057679422965265195,0.057679422965265195,0.0,True,4.911847447428221e-12
squares,linear,64,0.64,0.2,0,18,archived_success,True,True,88,88,88,True,20f13ae5ade2c4fd27428d15d665e211629d78587eefb58af8ddfe5057b70a7e,20f13ae5ade2c4fd27428d15d665e211629d78587eefb58af8ddfe5057b70a7e,True,43704a224a5902c1c9a7edc158db9bef0cc411363b616f6496c62ee07ec9454c,43704a224a5902c1c9a7edc158db9bef0cc411363b616f6496c62ee07ec9454c,True,0,,True,0.4920388753751896,0.4920388753751896,0.0,True,0.0514052918915022,0.0514052918915022,0.0,True,3.122574910276445e-12
squares,linear,64,0.64,0.2,0,19,archived_success,True,True,78,78,78,True,4b90b2dd2aba3baf1d54e2d6e415b6817277de81e2dd718d007fbabae4fe35c6,4b90b2dd2aba3baf1d54e2d6e415b6817277de81e2dd718d007fbabae4fe35c6,True,cdda3fdef53b0875eaa2f92f48d1dd2fc518294e449498c71354c944a272670e,cdda3fdef53b0875eaa2f92f48d1dd2fc518294e449498c71354c944a272670e,True,0,,True,0.43535205346866607,0.43535205346866607,0.0,True,0.04015646416636744,0.04015646416636744,0.0,True,7.300681439927644e-12
squares,linear,64,0.64,0.2,0,20,archived_success,True,True,95,94,94,True,b226b2de0e3c752da844f41a77f0205adba6cbdcc3ed438f292b8fc9ac4aa00e,b226b2de0e3c752da844f41a77f0205adba6cbdcc3ed438f292b8fc9ac4aa00e,True,f2eb64a89d74dd2c7d03b2abc7a5255384b405ada276426bcbe232bc0c612c51,f2eb64a89d74dd2c7d03b2abc7a5255384b405ada276426bcbe232bc0c612c51,True,0,,True,0.5560006184509042,0.5560006184509042,0.0,True,0.04268556862793931,0.04268556862793931,0.0,True,3.046887243022185e-12
squares,linear,64,0.64,0.2,0,21,archived_success,True,True,98,96,96,True,8fc5f183fdf6a4f5916d45b31d7a80be48f6824ed453eab692d524e864532797,8fc5f183fdf6a4f5916d45b31d7a80be48f6824ed453eab692d524e864532797,True,d9612f1d5e0b70f3e47398af3c452054f723cef12d3b89232a502a8dffe6add8,d9612f1d5e0b70f3e47398af3c452054f723cef12d3b89232a502a8dffe6add8,True,0,,True,0.4669733495753814,0.4669733495753814,0.0,True,0.04767635134212398,0.04767635134212398,0.0,True,1.0947797066218538e-12
squares,linear,64,0.64,0.2,0,22,archived_success,True,True,76,76,76,True,dc5efd1761148a72aa83d11bea6575debddf44260f34e753a737b1bfeda3557a,dc5efd1761148a72aa83d11bea6575debddf44260f34e753a737b1bfeda3557a,True,f7b44232754b39ace9887f56cf16207896dd3ad25e407ee1290a3aad94a92fca,f7b44232754b39ace9887f56cf16207896dd3ad25e407ee1290a3aad94a92fca,True,0,,True,0.4386794486831328,0.4386794486831328,0.0,True,0.03894354273742844,0.03894354273742844,0.0,True,8.512758797886493e-12
squares,linear,64,0.64,0.2,0,23,archived_success,True,True,103,102,102,True,880d192b5b196f3e4d24db656723ec16cbc09bce3126d2f1fb46c56978f2817b,880d192b5b196f3e4d24db656723ec16cbc09bce3126d2f1fb46c56978f2817b,True,9de5d9883f14de8daa1256dbe7d5ec333c053bb4345db4c818812e310ec6a7d2,9de5d9883f14de8daa1256dbe7d5ec333c053bb4345db4c818812e310ec6a7d2,True,0,,True,0.38905900637610097,0.38905900637610097,0.0,True,0.036829187988275676,0.036829187988275676,0.0,True,1.4159183605250279e-12
squares,linear,64,0.64,0.2,0,24,archived_success,True,True,86,86,86,True,a1ea3da7885fc683868bb2c1625e6e802015a1da6669fc8b0e92da30a6edf09d,a1ea3da7885fc683868bb2c1625e6e802015a1da6669fc8b0e92da30a6edf09d,True,a1be026202f3894a6e4f1ed59a8ed54aed9940b5744fa2f73edb86803557dcfa,a1be026202f3894a6e4f1ed59a8ed54aed9940b5744fa2f73edb86803557dcfa,True,0,,True,0.4440485801034121,0.4440485801034121,0.0,True,0.04687753757428092,0.04687753757428092,0.0,True,7.149178800047494e-12
squares,linear,64,0.64,0.3,0,0,retained_failed_partial,True,True,31,30,30,True,0fc41375ce978c842f8eeeaa296e0e49d329d6a7d2f4183f3b4e53266807d0de,0fc41375ce978c842f8eeeaa296e0e49d329d6a7d2f4183f3b4e53266807d0de,True,5e619a7c39727bd4b70f34f25ae84179f3a678259e84d0ddb99aa614bdba2886,5e619a7c39727bd4b70f34f25ae84179f3a678259e84d0ddb99aa614bdba2886,True,0,,True,0.4542671140093475,0.4542671140093475,0.0,True,0.13485016632629138,0.13485016632629138,0.0,True,7.804443400686522e-12
squares,linear,64,0.64,0.3,0,1,retained_failed_partial,True,True,36,36,36,True,d5960d862b4f6160c21086b7fef71523cd055792966e871064bcc7b1f319b64b,d5960d862b4f6160c21086b7fef71523cd055792966e871064bcc7b1f319b64b,True,0e44475511d377e7d389882f8ca1b5b7d71e9a6374ef012b011e82597e639b5f,0e44475511d377e7d389882f8ca1b5b7d71e9a6374ef012b011e82597e639b5f,True,0,,True,0.6600753703073121,0.6600753703073121,0.0,True,0.09250696603570592,0.09250696603570592,0.0,True,8.655682172210125e-12
squares,linear,64,0.64,0.3,0,2,retained_failed_partial,True,True,34,34,34,True,53bd783f3fa8f554a69e1281a7fd63ce3e648342602114c7dae09c00c851305c,53bd783f3fa8f554a69e1281a7fd63ce3e648342602114c7dae09c00c851305c,True,20e8160a80873af7930073ffce7cbf83990ae5aade7b8013f8f0396f9666b38a,20e8160a80873af7930073ffce7cbf83990ae5aade7b8013f8f0396f9666b38a,True,0,,True,0.5341636320087907,0.5341636320087907,0.0,True,0.1301075301097765,0.1301075301097765,0.0,True,6.7063828946519974e-12
squares,linear,64,0.64,0.3,0,3,retained_failed_partial,True,False,41,41,41,True,c72c84cfff091ac5132d19053f00f05ac269ca081931ed6705a3ec5d0992ed4a,c72c84cfff091ac5132d19053f00f05ac269ca081931ed6705a3ec5d0992ed4a,True,4a22f84492020f1f53f9eea551a9183e4fd56ff6e323a2bb2585eb43d96a8935,4a22f84492020f1f53f9eea551a9183e4fd56ff6e323a2bb2585eb43d96a8935,True,1,LVIRA,True,,0.5531403413855162,,,,0.16198049459075317,,,4.869631161442703e-12
squares,linear,64,0.64,0.3,0,4,retained_failed_partial,False,False,48,48,48,True,,cb04bec383080ff851c7db80779ab440b46b0c3a412886afa3d4995186bd2cb6,,,0f41d7491a471c4bb24dc64145920b21965736dbfb19105028bae24b86043870,,0,,,,0.6141744535870398,,,,0.0820950107911257,,,1.176058638269227e-11
squares,linear,64,0.64,0.3,0,5,retained_failed_partial,False,False,41,40,40,True,,b58950e0bf48975452f403fff89b5a96a72b089981b25d1df8b016827ad2cde6,,,a31ed343b14c5729ff79f6a35297c271a31813249cf9524831c51572bde1a4e3,,0,,,,0.7119509311017874,,,,0.11641117194409176,,,8.13548201787997e-12
squares,linear,64,0.64,0.3,0,6,retained_failed_partial,False,False,49,48,48,True,,193ee709676ebcdfb3f3e779a05d95fcdd6a38c2a5ad87c7ba49ca819314df51,,,dd7587f64deca3b6c2585fa0fdd01d7dd1712966ef05998df44ff87ecab18b28,,0,,,,0.5894543133308255,,,,0.08468809425033065,,,6.92233023269539e-12
squares,linear,64,0.64,0.3,0,7,retained_failed_partial,False,False,51,50,50,True,,9436836bae43b0a5c0f362ffb3ba5f18ea86d67b2df8e3d0c23ad0b4dd938b6a,,,8cbd1e091d99d85126c55488a0dec1cef7165f58c42b6476f203d1b319cd30a9,,0,,,,0.6487089438197965,,,,0.07528962208364635,,,3.0216950242366115e-12
squares,linear,64,0.64,0.3,0,8,retained_failed_partial,False,False,60,60,60,True,,eb47fad80e20050cee12f76fab24ee41e86f1037bc970e1fabcd96275dc786cd,,,109c14bb835fb377343b31a593e52c47e57626cab6962ff76e7c014b0290de49,,0,,,,0.6320007203797797,,,,0.062023936470519576,,,1.7562987328221617e-12
squares,linear,64,0.64,0.3,0,9,retained_failed_partial,False,False,59,58,58,True,,5498ef27e345f3d15b4adbe6f44eff5f7c379555c18b87851b4af81b46140da0,,,f120e2233038c9b7dc82b7bf75b5eeb38019d05dc83d82fd616d84358929ac75,,0,,,,0.8573349354990635,,,,0.10047554182726527,,,8.589053792322875e-12
squares,linear,64,0.64,0.3,0,10,retained_failed_partial,False,False,64,64,64,True,,88b5517ee64c7a2a92234bfc6349dff7e6bbb5854b15bbef3a7ca17c6a7a8654,,,41ce26cde503216f634a03a4d909d4ea4d8288615a9708dd73db7368e8ffe575,,0,,,,0.4515666941357613,,,,0.046695872230990296,,,3.45065431321018e-12
squares,linear,64,0.64,0.3,0,11,retained_failed_partial,False,False,63,62,62,True,,4afa72866a12e46b9d8b1ab9963dff732a7d857f14ec8e903043d42ae134f2b8,,,4787b0dbbd29a96fdc4456f3c8b7c4b8cfe34fb54b2009560bff25bee4ec083c,,0,,,,0.49034801345647416,,,,0.064404046463654,,,2.98179111979375e-12
squares,linear,64,0.64,0.3,0,12,retained_failed_partial,False,False,64,64,64,True,,831db55961123f17ca97ea8abecc265c685e16affd70f46b10b43b423d04c49c,,,c0e0294bc4588c79951031feb75bb95971f1ea51990ba6358aa0b126cf9b7b1b,,0,,,,0.4898853813653735,,,,0.05503353206607708,,,6.707306647694764e-12
squares,linear,64,0.64,0.3,0,13,retained_failed_partial,False,False,64,64,64,True,,158e47d4e116c9fb77ec8b36df1c3b33fd75086679d7c4b107b1e92072f99a30,,,be2b11be3107abc7965ec700e66c42e49661917fd7a38f603895480ed8c758f7,,0,,,,0.4966342865064342,,,,0.05869337371950943,,,5.409040843866797e-12
squares,linear,64,0.64,0.3,0,14,retained_failed_partial,False,False,69,68,68,True,,6f651952deebb22ce8fee4df224abae96597d9aba5bc55362ec982c96eb43b8b,,,cd071b50e404200c9f05a2c071c0f4bb3e1e7c775fe6210f75b75b2105a33533,,0,,,,1.1326555235891842,,,,0.06785092832180495,,,1.1721842336249495e-11
squares,linear,64,0.64,0.3,0,15,retained_failed_partial,False,False,75,72,72,True,,0ec7a639aaeb3d26acccdb53f14dbaf338cede09be2e90904232eb4bbef60f75,,,2d5c3ee1e3db84d364c9af57dd508b469dcc5778780d9bde2c5fe21728f660d1,,0,,,,0.5172907257050796,,,,0.06537073011332396,,,2.81207296806823e-12
squares,linear,64,0.64,0.3,0,16,retained_failed_partial,False,False,76,76,76,True,,4c217cc816d874c4b3334c2daad94bb2de4dc24e0b144a334f9ff3d0ff04324a,,,06989cd799e64fb8bb29907ca44969201935fe80a47e917bc522bc77d664d039,,0,,,,0.5574630306678098,,,,0.04730481634333786,,,7.612982329446957e-12
squares,linear,64,0.64,0.3,0,17,retained_failed_partial,False,False,84,84,84,True,,8fe8cc319c6481295e7179054de335c6d680125e924e297a4f60a723342d6daf,,,f1e8fc3c624e5b755a7c04b774bb95527550fb4efbb6fbe80e7a59986ca86a87,,0,,,,0.6807181129229247,,,,0.04809222866595395,,,5.5041224714944e-12
squares,linear,64,0.64,0.3,0,18,retained_failed_partial,False,False,88,88,88,True,,1a36cbfac28ef8bd25daba74089b8fecfeb80a1252a7c7effd379e0fb6efc9af,,,aa7237577b3a4e9eb2ec3e962e6afbfe1cb732b457297800543526214d33d89a,,0,,,,0.5088895698457656,,,,0.04937292920121776,,,8.41226945555548e-12
squares,linear,64,0.64,0.3,0,19,retained_failed_partial,False,False,78,78,78,True,,5e026ecc9884c6d2c204becadcd230d34e2898adc06ea1ef33be55e6e8d7d156,,,1b10298663b6831ae327ea797bc0d994b5aefcc17b603d5d8459f43f3b61e502,,0,,,,0.4771271896398788,,,,0.037318354541433375,,,5.535424475809765e-12
squares,linear,64,0.64,0.3,0,20,retained_failed_partial,False,False,96,96,96,True,,4cd64cb47a6b7df309a3c962d910168827af8d84e322b543fbe53e32afdfa48c,,,a76b73444849f62fc07ef98289d38715156110b6d3771c2d8b0dd8b1db12d36e,,0,,,,0.6387003826742831,,,,0.03703313133007835,,,5.1465305444998905e-12
squares,linear,64,0.64,0.3,0,21,retained_failed_partial,False,False,98,96,96,True,,fe775beca7850c482cf8a345b8201f13a4ca3c5e76b1fe5705ea4dba54e1d991,,,841a6fecc6c5de4b973073e9514571ad7961e63239721211472557408946d261,,0,,,,0.4979141648828789,,,,0.049787332440803224,,,2.6545578206736955e-12
squares,linear,64,0.64,0.3,0,22,retained_failed_partial,False,False,84,84,84,True,,a202ea58e46e84d339ee1290660a15958779010d920a9bf4c90489d3b216dd7f,,,53f390dd7060b650eed1213f72590824321c35d29185ee36ca4675c1bed627ba,,0,,,,0.27742927060580463,,,,0.02789321689097242,,,4.467717070318524e-12
squares,linear,64,0.64,0.3,0,23,retained_failed_partial,False,False,103,102,102,True,,5286276dda1eab084b2724a8faa2302afb408ef579b3dcde419843dd72fe4035,,,36957393ca965e5dd5c242857d30d94ba1c989c69041ce79030baa31a44801ce,,0,,,,0.3705333944957729,,,,0.036579527306030965,,,1.9254209205803043e-12
squares,linear,64,0.64,0.3,0,24,retained_failed_partial,False,False,96,96,96,True,,4a348e26455b2573f89357804704feed1eab6bbf006f32d502e92fbd12e16324,,,c0a71fade0209f6ddf84315e5c551af3719d57b21208b6b4c64f7d1f991b02b0,,2,LVIRA,,,0.4545042147906836,,,,0.050931514952562554,,,1.8225020303253528e-12
squares,linear,100,1.0,0.2,0,0,retained_failed_partial,True,True,47,46,46,True,6c83ebd431148842f773453fc8944a50538bbb33b73413c87ed10168df296df0,6c83ebd431148842f773453fc8944a50538bbb33b73413c87ed10168df296df0,True,92b7e591f4f05eb10cf07b7128fa373b1db04da6a18a275d8332b78be355cf32,92b7e591f4f05eb10cf07b7128fa373b1db04da6a18a275d8332b78be355cf32,True,0,,True,0.3365774675273129,0.3365774675273129,0.0,True,0.051267913925869844,0.051267913925869844,0.0,True,2.4711978729887993e-11
squares,linear,100,1.0,0.2,0,1,retained_failed_partial,True,True,46,46,46,True,c5b56a98e82c610fdcfc9118df13b21d747142616a238dfc2b048a2977869144,c5b56a98e82c610fdcfc9118df13b21d747142616a238dfc2b048a2977869144,True,6ef07423d28eff6e9df139a231e6b236b592b8168a7982c2437246ce32555ecb,6ef07423d28eff6e9df139a231e6b236b592b8168a7982c2437246ce32555ecb,True,0,,True,0.4249390728638502,0.4249390728638502,0.0,True,0.08006254148083362,0.08006254148083362,0.0,True,1.433685461272957e-11
squares,linear,100,1.0,0.2,0,2,retained_failed_partial,True,True,55,54,54,True,cf2de2185c959a275932e6c707448b0c2f6ef3e63f4c1f8a4c475f61f32ca146,cf2de2185c959a275932e6c707448b0c2f6ef3e63f4c1f8a4c475f61f32ca146,True,5680b801051460a0be78958d567118f5c7c41cdba5b07bddcfd2b363e44a9979,5680b801051460a0be78958d567118f5c7c41cdba5b07bddcfd2b363e44a9979,True,0,,True,0.2529351214495902,0.2529351214495902,0.0,True,0.044592351451265264,0.044592351451265264,0.0,True,1.2449214658967424e-12
squares,linear,100,1.0,0.2,0,3,retained_failed_partial,True,False,60,60,60,True,c33af409fd13b7047defd423ce6f072ee2eec3a992fb886f8863aa13e73e199a,c33af409fd13b7047defd423ce6f072ee2eec3a992fb886f8863aa13e73e199a,True,e5df423af2a76acd4a3e7f71001626d5b4987e9c90596dfd72e959d78d687e7d,e5df423af2a76acd4a3e7f71001626d5b4987e9c90596dfd72e959d78d687e7d,True,2,LVIRA,True,,0.22885672767833254,,,,0.03488627305129164,,,2.5237285694488168e-11
squares,linear,100,1.0,0.2,0,4,retained_failed_partial,False,False,73,72,72,True,,90202978abdb06c25a0d2e48e57d48972718598eb95b6e6bc25114f1a0bfe53b,,,a6e1631df05080e6fd434ba3ba3cbaf51365f535f15bfedb8902762e42e9b3ea,,0,,,,0.3140450433540488,,,,0.03283770388563048,,,1.00895325420942e-11
squares,linear,100,1.0,0.2,0,5,retained_failed_partial,False,False,68,68,68,True,,1bce644af19738051d75cf26693138127afc6a9cf8d3986a8c13aa344492fad0,,,5d382c1d1c4075596d126ee849a9f3ddccc5ff969b0f5426a49e8a557fad94fa,,0,,,,0.27358547120242716,,,,0.02865584049885096,,,1.577195997258103e-12
squares,linear,100,1.0,0.2,0,6,retained_failed_partial,False,False,78,78,78,True,,dd2a171996ca46d52afca2aeb1e4145febce7e5b8974b6f124c6be2013acb594,,,153ee6d2e41d2817568b5ae7161ded3aa174fcc4291287f480ca3faa5824c423,,0,,,,0.3306553973259725,,,,0.03969412145701906,,,6.172643886278987e-13
squares,linear,100,1.0,0.2,0,7,retained_failed_partial,False,False,75,74,74,True,,2636127b98ea03741d42391afaf42ad35ae27d072dfbf3cb7fb5fd74e3c178be,,,ec0953a277d117922994e557622404fee5bc0d1e4c9bcdcb858e351e7426ec2a,,0,,,,0.35572667275408093,,,,0.03879434927394647,,,1.435264064394317e-11
squares,linear,100,1.0,0.2,0,8,retained_failed_partial,False,False,91,90,90,True,,3549f94d7e7f81c76ed79f8b6ab0fcd0d4ca28d4e55c07b8cef1bc864fe02e23,,,ac7e3638a698b66e9fa2dd36050cd9476f0861636525b856808c3a8994b06b10,,0,,,,0.3282662494275058,,,,0.030853842104466653,,,8.274625864209395e-12
squares,linear,100,1.0,0.2,0,9,retained_failed_partial,False,False,92,92,92,True,,2a6fb52dabedbafcd8465899c351eb16ac65a2ba19bdbd4f79a1e0960ecd7a7c,,,7a6f8a65cee45a4e68db780e6f32e49ccb643a5564865033411f4b310635914e,,0,,,,0.31801500363875324,,,,0.03164426180319619,,,6.714893329543629e-12
squares,linear,100,1.0,0.2,0,10,retained_failed_partial,False,False,99,98,98,True,,b3374ea39c84f64d71f281fb2b0f0e2992750221e0717cf1e716c234c3e446fa,,,471a2c4ac0048cb4c42b05c921dcf8fa7a56b419be4e2646fd5b9ecd62cee03d,,0,,,,0.30520653293568106,,,,0.025961165879453612,,,1.7718217362230442e-11
squares,linear,100,1.0,0.2,0,11,retained_failed_partial,False,False,96,96,96,True,,39f4134f22bb8db472263c17f401dd714d51ae459163ba33c34e9955b65cc669,,,4e81812ed6f3e0af0d1fbdd8929e431c24e7735f9b44a51c24d48e282f307d4e,,0,,,,0.20607151486297726,,,,0.01507272792236665,,,1.1376614501728093e-11
squares,linear,100,1.0,0.2,0,12,retained_failed_partial,False,False,103,102,102,True,,a42431895ad54b33dc3a98a5dcbc4e423b29aad3e30cfa1341e77e6fd0a5a951,,,149b4905d04783974807cb7909085f929331a8c96139995fc1a8cca94db55210,,0,,,,0.494526957294804,,,,0.024664830437585824,,,6.752905959748702e-12
squares,linear,100,1.0,0.2,0,13,retained_failed_partial,False,False,102,102,102,True,,be33e32441e5babbed5fa2413a9ad436f7dff078a994f6c122de967f4f091302,,,d760e283404d18f52451ca04d922b028772a4967107909be358504cb94c7d998,,0,,,,0.2894889015928602,,,,0.02188138480997346,,,3.1888413493659054e-12
squares,linear,100,1.0,0.2,0,14,retained_failed_partial,False,False,104,104,104,True,,f7d9b7220090ebe9987752a306197c08f4e1a63f4336a648ad7a9ad66165b995,,,0248197865796e67ca715a2d98cbfef17611395cc92a9543913dea086b157532,,0,,,,0.2942287389561018,,,,0.023742689070652082,,,1.2278442366276358e-12
squares,linear,100,1.0,0.2,0,15,retained_failed_partial,False,False,119,118,118,True,,7f625ebaaf833999562d46d2b4cdfc359a8efba2c2d40382bb6ed14fe5e2f2e8,,,0d2aba33e375daa27bb2618b088f6d25fec6836fadb4a6a2457e6044bc169025,,0,,,,0.3461395939363125,,,,0.021684988471889058,,,1.7480198287646056e-12
squares,linear,100,1.0,0.2,0,16,retained_failed_partial,False,False,117,116,116,True,,18477b25e8ecfb3f16d9837e725c202ab47dc076993d8c548a49dd0cfa47e475,,,167f40dbb9e4db5d1a2d3021b9b14c8be8c6f45ea743aa78041f2dd3f90ddd8f,,0,,,,0.3573429337060716,,,,0.021186718741187396,,,6.426015568345436e-12
squares,linear,100,1.0,0.2,0,17,retained_failed_partial,False,False,130,128,128,True,,3ee98d23a054bd5346773a345941d0f4db86bc3826db8967adeb5ced22c41801,,,57e21fd33cf329c9d4e5cfefc69e4718f5621ea73a75e25a4ec55fb410970080,,0,,,,0.3798393143825597,,,,0.02470906362261976,,,2.3103093312233516e-12
squares,linear,100,1.0,0.2,0,18,retained_failed_partial,False,False,140,140,140,True,,6ba594e853b99a607a77b08f2f9c42b2316b34531d920cb6fe0357e7ef62a3c2,,,d536131d8b77aa91f8363052e22012ba4d57becd035b035c0080ecd890ff9755,,0,,,,0.4434722444045057,,,,0.018515782893438894,,,6.8722281480319716e-12
squares,linear,100,1.0,0.2,0,19,retained_failed_partial,False,False,121,120,120,True,,ab59eec174a5fce756e7d1b9643a5437c1e52eceae51ff4dbf6898ca7662f2ff,,,a1bee286fd143dc57b30d9d7a3a1a79032d82a4db213b9d6a63c336bdd5e2db0,,0,,,,0.27498936521933226,,,,0.019957235117195538,,,1.769393732346552e-12
squares,linear,100,1.0,0.2,0,20,retained_failed_partial,False,False,149,146,146,True,,c2dd4c770e67230ec79cbbe0d6e7af3905974820a13a6d1a63f1afd2a5269374,,,1be4376ba1b9a66b416afc3cf7d0cbd34146bff8413ce3e4620217815f55f620,,0,,,,0.34166082046742685,,,,0.02057281511385781,,,3.3506182895033534e-12
squares,linear,100,1.0,0.2,0,21,retained_failed_partial,False,False,153,152,152,True,,1d9a1aff698d5a5699b5e49d0888eb17bd0c88bcb142360adcf1c13211bf1d69,,,428a6615e9d721d662e097cc68baf798fd420cce692d9a0a47fadff00910a5c9,,0,,,,0.3958380886650662,,,,0.01967718444362211,,,8.471654800150975e-12
squares,linear,100,1.0,0.2,0,22,retained_failed_partial,False,False,126,126,126,True,,f56e0051e16b9cf9b94023bcc7bbe258efa18ed3ea2726cc92c4b2b90d8b7e56,,,637e15542fae6ae21cfe0800b61d8a6d0c47d13f1544cd9aa661aa62b12d81f3,,0,,,,0.26372454987111316,,,,0.01876020938209867,,,4.980008961390056e-12
squares,linear,100,1.0,0.2,0,23,retained_failed_partial,False,False,161,160,160,True,,b96802c09d1dd4480f9da7699bc102e6c9f74e9cce8f37a5c8a27d3e32ad1456,,,65520b7226d2040bcab200c8e728251cb1b6809b4c20b15dc7d603e415ab9175,,0,,,,0.3027719783002126,,,,0.016525423558924647,,,1.975240896780782e-12
squares,linear,100,1.0,0.2,0,24,retained_failed_partial,False,False,135,134,134,True,,935cf3b0eb7d968b0cf197d58a36c1fd40e9c76a4c1cc9630eb052f97cd18640,,,6d9f2f6037d2e1ae419eddffaa5ba72da245c62851cf5123c2e8180fbdbf7edb,,0,,,,0.5188915121386249,,,,0.025622880738207045,,,6.589670107075109e-12
squares,linear,100,1.0,0.3,0,0,retained_failed_partial,True,True,48,46,46,True,681abf6968bd0bed28e3736ac18c93ffbe1feb7623f0f4973733d368e33f01bd,681abf6968bd0bed28e3736ac18c93ffbe1feb7623f0f4973733d368e33f01bd,True,9331b13bfe6b63f97742662774ff1214ebb05b26a91d7a0a50fee2cb3cbb55f7,9331b13bfe6b63f97742662774ff1214ebb05b26a91d7a0a50fee2cb3cbb55f7,True,0,,True,0.3558848238407973,0.3558848238407973,0.0,True,0.054433440667379596,0.054433440667379596,0.0,True,2.295362080262321e-12
squares,linear,100,1.0,0.3,0,1,retained_failed_partial,True,True,48,48,48,True,c344d7b76c9fe89500064d6ef4665abace515597a654dbe0a657a52371d997e0,c344d7b76c9fe89500064d6ef4665abace515597a654dbe0a657a52371d997e0,True,afbbd8ad05ed676eb6ba980a60e03f712a6425237abaa433c68ed754fe50cb49,afbbd8ad05ed676eb6ba980a60e03f712a6425237abaa433c68ed754fe50cb49,True,0,,True,0.46749606682875916,0.46749606682875916,0.0,True,0.06771772000274241,0.06771772000274241,0.0,True,1.2889857845252407e-11
squares,linear,100,1.0,0.3,0,2,retained_failed_partial,True,True,54,54,54,True,7ed56ce4df739092086a9ee3fbb50cf16765569a76e64d259fc1917d973d49d1,7ed56ce4df739092086a9ee3fbb50cf16765569a76e64d259fc1917d973d49d1,True,b6356c990a2ce905d033868d6c1324e1a2605614c2c7fb648f418aa3625edd11,b6356c990a2ce905d033868d6c1324e1a2605614c2c7fb648f418aa3625edd11,True,0,,True,0.2578230151017911,0.2578230151017911,0.0,True,0.04263028055770281,0.04263028055770281,0.0,True,1.593218803568995e-11
squares,linear,100,1.0,0.3,0,3,retained_failed_partial,True,True,61,60,60,True,c06a413841bfe8a8e13d6f292c861bcf393c160277fd11f6d1650a6cc5619ada,c06a413841bfe8a8e13d6f292c861bcf393c160277fd11f6d1650a6cc5619ada,True,b763d6e07e4a07a7144b3c3d347d0262dfb0bbb35fd87844d7903c08aa723c07,b763d6e07e4a07a7144b3c3d347d0262dfb0bbb35fd87844d7903c08aa723c07,True,0,,True,0.3548538927585577,0.3548538927585577,0.0,True,0.08379017537543156,0.08379017537543156,0.0,True,3.4733818460594313e-12
squares,linear,100,1.0,0.3,0,4,retained_failed_partial,True,True,73,72,72,True,02a47ea0cf9723e40d94fee9be8232179a2d5e61d77f8b19368b4b01ef676db5,02a47ea0cf9723e40d94fee9be8232179a2d5e61d77f8b19368b4b01ef676db5,True,03bed3f2f00fd100b07f1698084c349e17540baff09757d6ffe60ea18bea5533,03bed3f2f00fd100b07f1698084c349e17540baff09757d6ffe60ea18bea5533,True,0,,True,0.3159220056196644,0.3159220056196644,0.0,True,0.031800794486288614,0.031800794486288614,0.0,True,3.3389520405398298e-12
squares,linear,100,1.0,0.3,0,5,retained_failed_partial,True,True,71,70,70,True,f87b94eef60bddbb063472a1aabcfa2ae4f2e222f0058829488216dbf64a6992,f87b94eef60bddbb063472a1aabcfa2ae4f2e222f0058829488216dbf64a6992,True,a4e38db9d88164b071665aa382e1b5801fb8247d45226ff5ab35d19c8e2d7dda,a4e38db9d88164b071665aa382e1b5801fb8247d45226ff5ab35d19c8e2d7dda,True,0,,True,0.31578483543801,0.31578483543801,0.0,True,0.027315536802357824,0.027315536802357824,0.0,True,1.9284860442352214e-11
squares,linear,100,1.0,0.3,0,6,retained_failed_partial,True,True,79,78,78,True,9d2a09af1bbb8e45ec6856a0c7e84d1ab1ed58d076989cb0e5c89169013052dd,9d2a09af1bbb8e45ec6856a0c7e84d1ab1ed58d076989cb0e5c89169013052dd,True,928e72c01c4713c64adfcdd60794c75ac7b500ff4793a3b0c5cabf11d487a93a,928e72c01c4713c64adfcdd60794c75ac7b500ff4793a3b0c5cabf11d487a93a,True,0,,True,0.5486884757464898,0.5486884757464898,0.0,True,0.04837572086678538,0.04837572086678538,0.0,True,1.3662711443309288e-12
squares,linear,100,1.0,0.3,0,7,retained_failed_partial,True,False,81,81,81,True,47fc5320bc326d58bff1935c186dd04db8801734b698b860b20031e2faf8f48c,47fc5320bc326d58bff1935c186dd04db8801734b698b860b20031e2faf8f48c,True,3116042ead4e87e475aca3b107e65fe3f912174d8628f7f475931e1321f1b3ed,3116042ead4e87e475aca3b107e65fe3f912174d8628f7f475931e1321f1b3ed,True,1,LVIRA,True,,0.28290544767513165,,,,0.04403101583031756,,,1.9436702763822932e-11
squares,linear,100,1.0,0.3,0,8,retained_failed_partial,False,False,91,90,90,True,,859a3c458afd37b1924ed8406507ceef12039ffeec69088c6f1fec9f5e134938,,,453bcf265c7bf547fb372d396eead4adab56d5a1099d6cf98a137e9793787bdc,,0,,,,0.349980911395729,,,,0.03136738618661576,,,1.2494571731881553e-11
squares,linear,100,1.0,0.3,0,9,retained_failed_partial,False,False,92,92,92,True,,5ea96261a269f954354972953c7705b5e63f4d8035c4463e515acba3378d5d66,,,d5e6192b9747589affc36bb8c30a8fd7c573846634547009504abd26d1b7deb5,,0,,,,0.34080105663039867,,,,0.03166012099348431,,,1.0350680674003924e-11
squares,linear,100,1.0,0.3,0,10,retained_failed_partial,False,False,99,98,98,True,,b6387e4b5836a6a913f8b0aaf05f2e251ef92aacd473c5d0e3c446bc97c92a99,,,7c5136cf567fc21ae13f29bcc3ba6c6488035180b460329e5a971d7e177249c7,,0,,,,0.306579337645013,,,,0.02561640150955717,,,1.963404646252653e-11
squares,linear,100,1.0,0.3,0,11,retained_failed_partial,False,False,97,96,96,True,,f14a945ac20803af05e14b412013edda1510f922afe23bc3c0f15ac352c56ee3,,,a136473e3951ea798e7efc49f0d40ee3fa9e2dadec88c982aff94a1c94c9ff0c,,0,,,,0.3180433454758884,,,,0.017687094989190893,,,3.4071579694013563e-12
squares,linear,100,1.0,0.3,0,12,retained_failed_partial,False,False,103,102,102,True,,2c2393c6dd1600d6c5027ff03a7b02f44dc60511a1b12deecc5a759f7d626457,,,416f54508d786b37803b177fdaa83c63860087f5fc075ae38cc23ad5bb5067ce,,0,,,,0.5640662908002653,,,,0.025091578882435343,,,1.5975982352019928e-11
squares,linear,100,1.0,0.3,0,13,retained_failed_partial,False,False,104,104,104,True,,876ebbd416ddb70cb2d66a522432a65f56c028919933359dd5ece23a93555a7b,,,d63a837ba7ff13bb85197d4f34ad83c14c64e02e6adeaf801d2088a68ee88d64,,0,,,,0.3250067501833387,,,,0.02221797549621047,,,1.114255994298089e-12
squares,linear,100,1.0,0.3,0,14,retained_failed_partial,False,False,108,108,108,True,,633eb9ea850a92ecc5f1820f17bcedfbed5a1098e7db2418923e845e05bfc377,,,6c946bf5de49fe56263e1e57ae4d19a002185fd46fd46ac90be8991152179784,,0,,,,0.309276937157543,,,,0.023446396023640553,,,1.1348293469249038e-11
squares,linear,100,1.0,0.3,0,15,retained_failed_partial,False,False,119,118,118,True,,dfde41e283342680ec47f2a780c0627b65d6618e72429b07b71811f129cf9498,,,bedb2348509818a7303db29a8437fc4b637b3262fa8cbba3289e117a56046c8b,,0,,,,0.299758571951826,,,,0.02139441785421912,,,1.6428425881368197e-11
squares,linear,100,1.0,0.3,0,16,retained_failed_partial,False,False,117,116,116,True,,0579f88018e13f642d07d198fe4cb86b6ee5f047dd1ae60aca565d76a0885848,,,cead4c4a951a3616f1ca573b3f2708c6e77b418abd92209d7500021b2e243ead,,0,,,,0.3836239789217032,,,,0.020799516106144292,,,3.978501568405741e-12
squares,linear,100,1.0,0.3,0,17,retained_failed_partial,False,False,130,128,128,True,,04c2feccd44d0f5adf076c9c62774174c597761e5415ded9086a1c23a0c65b24,,,044b8a78f0187f5a1580c307eed02f40c096b88489e87ca27155e60c27f703e9,,0,,,,0.42696737297891846,,,,0.025420896227240038,,,1.0992932153949172e-11
squares,linear,100,1.0,0.3,0,18,retained_failed_partial,False,False,140,140,140,True,,4ae14e7ba69ef64a6c4e0bfcb68fdc6b3c7eb241a10966319ab55361baccfb8c,,,5d415f510bc08146c642d8f93fb0bdab32df2d6b3157e4852b99414b54a6aaab,,0,,,,0.5095706257925475,,,,0.018902894808295188,,,6.088050924303464e-12
squares,linear,100,1.0,0.3,0,19,retained_failed_partial,False,False,123,122,122,True,,aaa544ac5f98c4e50ee70545d950e3bff3d22360da4ed26fbfdc0d9aeb0acc46,,,a0162eeb5b2ecd7da7bc9261f1a4065fc39a8a92506e3d24c68014b660441d41,,0,,,,0.28613770925909443,,,,0.01867826458795507,,,6.025381893328748e-12
squares,linear,100,1.0,0.3,0,20,retained_failed_partial,False,False,149,146,146,True,,ca6f175360dedf081494ea56d7d542d8d022016b1f097b885c0754c0334d4c2a,,,ee20b68ad46be1530c296c4763cf4bf706a368ce78533950005347767111e7c1,,0,,,,0.3721463892355188,,,,0.021025762479773065,,,6.57236255672972e-12
squares,linear,100,1.0,0.3,0,21,retained_failed_partial,False,False,152,152,152,True,,3adbec9c0f6f035e29fb54eafbf6095623c974f838cca512ed0993e37da03e7e,,,cccfd752e070b6e9a2fcf124e7e6c0f201a08006cdcfee3775a0c53ff7f158a3,,0,,,,0.4490850730786593,,,,0.019863152952651116,,,1.2517917277237691e-11
squares,linear,100,1.0,0.3,0,22,retained_failed_partial,False,False,134,134,134,True,,9f6d71df2648a9a4a047d0bd837a7b0c628c2faf06ff50eb9e77afb8ce68d5fb,,,388936a79252a6ea801629b05ded5471174a2e902b94ed8851c53f21b49aeea2,,0,,,,0.28044766714765523,,,,0.01721379869468474,,,5.705735517985824e-12
squares,linear,100,1.0,0.3,0,23,retained_failed_partial,False,False,161,160,160,True,,3d3860db45ee67375631ccf2a0aa75229c050d2f516c4f1fdbb4ebe550bb4496,,,ee1164088c86c596084890417ee7ee8f79410d79d3e738199eaba3a09d51940c,,0,,,,0.3295562028014885,,,,0.016690763947499566,,,3.639836881634995e-12
squares,linear,100,1.0,0.3,0,24,retained_failed_partial,False,False,143,142,142,True,,c6223b7881713b9aee1ec639d96cc68624828975a34dadfe3d52bd82a8b85979,,,81e992767ed865e5cfd526adbf68eb12ba97529206e8f660c63ad935ceba3122,,0,,,,0.5749882306867556,,,,0.022160543089907662,,,1.0854614487405284e-12
squares,linear,128,1.28,0.2,0,0,archived_success,True,True,65,64,64,True,075c238be74fd69036babe332a6da1ed5d428d33f4974346370fe0c7824f6c3e,075c238be74fd69036babe332a6da1ed5d428d33f4974346370fe0c7824f6c3e,True,32a289fe024c0710c00cf1e5200cf538126a56346ad1443fedf7f4614b7efe90,32a289fe024c0710c00cf1e5200cf538126a56346ad1443fedf7f4614b7efe90,True,0,,True,0.3173244656955188,0.3173244656955188,0.0,True,0.03959970019296194,0.03959970019296194,0.0,True,2.299687509346061e-11
squares,linear,128,1.28,0.2,0,1,archived_success,True,True,66,66,66,True,37b5e814b65f2338a298bc3a08295d5c1bf26c3afc9424fd61821b1decbbc21a,37b5e814b65f2338a298bc3a08295d5c1bf26c3afc9424fd61821b1decbbc21a,True,bba37fbaf1bcdd959758c37332fdc282a24ba2c47120d9296249b670e2e01afc,bba37fbaf1bcdd959758c37332fdc282a24ba2c47120d9296249b670e2e01afc,True,0,,True,0.20747468074665693,0.20747468074665693,0.0,True,0.03474866120192582,0.03474866120192582,0.0,True,3.987600954342214e-11
squares,linear,128,1.28,0.2,0,2,archived_success,True,True,68,68,68,True,0ec5ce10b5665e24b2be12b9eef9039e18f69a6411de734905746866329b40bc,0ec5ce10b5665e24b2be12b9eef9039e18f69a6411de734905746866329b40bc,True,8237e9d82359c5a5441b8e348c7dca3348fec1cfc7ef5eb0551a1b5f07066ffe,8237e9d82359c5a5441b8e348c7dca3348fec1cfc7ef5eb0551a1b5f07066ffe,True,0,,True,0.2304804791415816,0.2304804791415816,0.0,True,0.02947913799398966,0.02947913799398966,0.0,True,2.184517475497192e-11
squares,linear,128,1.28,0.2,0,3,archived_success,True,True,76,76,76,True,06a161f5e480d05aa163950a4f4cef5445c790bbd7dfe9e84e6a73cf90cc7b74,06a161f5e480d05aa163950a4f4cef5445c790bbd7dfe9e84e6a73cf90cc7b74,True,8460630f43942ebcfa7af48f8f369112e314145669ba5d0d4a77112d393be2f2,8460630f43942ebcfa7af48f8f369112e314145669ba5d0d4a77112d393be2f2,True,0,,True,0.20273921285994956,0.20273921285994956,0.0,True,0.024433397930801952,0.024433397930801952,0.0,True,4.020926767694078e-11
squares,linear,128,1.28,0.2,0,4,archived_success,True,True,96,96,96,True,06f96ff068a7448b9a8c1f487293d3838c218b52a0672cfefd0646ca8ca996df,06f96ff068a7448b9a8c1f487293d3838c218b52a0672cfefd0646ca8ca996df,True,f5bdb50db85ce69d31c6103653abc14ec05be20f927990c80bd497b810a56ba4,f5bdb50db85ce69d31c6103653abc14ec05be20f927990c80bd497b810a56ba4,True,0,,True,0.26281981453779724,0.26281981453779724,0.0,True,0.016036591439165786,0.016036591439165786,0.0,True,3.585311796171038e-12
squares,linear,128,1.28,0.2,0,5,archived_success,True,True,82,82,82,True,f615e377aa3e52b5341641987bc4a999ce763f06c383014600c7da6eb0e2e212,f615e377aa3e52b5341641987bc4a999ce763f06c383014600c7da6eb0e2e212,True,478ef182f8bc28ecc9f2341346f721c299239a91c75b8ebbb7794c81a006487e,478ef182f8bc28ecc9f2341346f721c299239a91c75b8ebbb7794c81a006487e,True,0,,True,0.28244441390094954,0.28244441390094954,0.0,True,0.02771239819973468,0.02771239819973468,0.0,True,1.5991098012906707e-12
squares,linear,128,1.28,0.2,0,6,archived_success,True,True,100,100,100,True,87395fe11a000f28285fdcc6fce0f10b701c5e3fc234e6f1284e5bcbde6729c0,87395fe11a000f28285fdcc6fce0f10b701c5e3fc234e6f1284e5bcbde6729c0,True,a3b6f42c3cf18a16aa45a8b62b5470eb729c8191fa4626a186355b8dbd671eb2,a3b6f42c3cf18a16aa45a8b62b5470eb729c8191fa4626a186355b8dbd671eb2,True,0,,True,0.21190820091662255,0.21190820091662255,0.0,True,0.015073206594652905,0.015073206594652905,0.0,True,4.3371071450798056e-12
squares,linear,128,1.28,0.2,0,7,archived_success,True,True,93,92,92,True,204edd8ae6b873c0a56bb7b25100a3ebb81693169f4cf772db7c1f2c9f27d20b,204edd8ae6b873c0a56bb7b25100a3ebb81693169f4cf772db7c1f2c9f27d20b,True,1f5895a40a9341033575a2705966969b0dc9522c92d7bd8043a3d1cf995b3368,1f5895a40a9341033575a2705966969b0dc9522c92d7bd8043a3d1cf995b3368,True,0,,True,0.25263189065515135,0.25263189065515135,0.0,True,0.025426265612794634,0.025426265612794634,0.0,True,1.1609329479238033e-11
squares,linear,128,1.28,0.2,0,8,archived_success,True,True,120,120,120,True,e181fadc475517d9d50b66f621c0676de54ecc1b4a77f785efe4f3d1c4605f14,e181fadc475517d9d50b66f621c0676de54ecc1b4a77f785efe4f3d1c4605f14,True,04f4a4febe1b996750c4a68870d40bfd4dfb3c79a1cf3473d7ccb458fb7b74c1,04f4a4febe1b996750c4a68870d40bfd4dfb3c79a1cf3473d7ccb458fb7b74c1,True,0,,True,0.19985401719126586,0.19985401719126586,0.0,True,0.013108401752810837,0.013108401752810837,0.0,True,4.071770312478396e-11
squares,linear,128,1.28,0.2,0,9,archived_success,True,True,120,116,116,True,4c851d42d5ea726bf8ed2d6f8d69cb7699dd7fe8386712a790739a9f664de774,4c851d42d5ea726bf8ed2d6f8d69cb7699dd7fe8386712a790739a9f664de774,True,78b2eb5d48777f7e61190ee2ebcffe027f44840e78e3f637aa28921504744971,78b2eb5d48777f7e61190ee2ebcffe027f44840e78e3f637aa28921504744971,True,0,,True,0.25794542586801267,0.25794542586801267,0.0,True,0.01908125230097403,0.01908125230097403,0.0,True,1.0198588903785833e-12
squares,linear,128,1.28,0.2,0,10,archived_success,True,True,126,124,124,True,9b130914ff8f44e2dddfe23e813e9d93335ca66246f16bf5e3b7945dde80a0e6,9b130914ff8f44e2dddfe23e813e9d93335ca66246f16bf5e3b7945dde80a0e6,True,1f052df85f1b74dc02fde31fe016ba49fc1feea52ca0d50bdde6580b4e40ac2c,1f052df85f1b74dc02fde31fe016ba49fc1feea52ca0d50bdde6580b4e40ac2c,True,0,,True,0.26634125324900265,0.26634125324900265,0.0,True,0.017672505673540864,0.017672505673540864,0.0,True,2.6034510606823845e-11
squares,linear,128,1.28,0.2,0,11,archived_success,True,True,122,122,122,True,ffa0792df40a80c9477c325d1c469a2aa438c32be7cc6166505473e570e83503,ffa0792df40a80c9477c325d1c469a2aa438c32be7cc6166505473e570e83503,True,270550a2624a9a70940aaa43972093f05b2a309e3e3a5a47d8f3b70ccb04b2ed,270550a2624a9a70940aaa43972093f05b2a309e3e3a5a47d8f3b70ccb04b2ed,True,0,,True,0.2441512683252671,0.2441512683252671,0.0,True,0.017762680962471324,0.017762680962471324,0.0,True,1.5993718127796246e-11
squares,linear,128,1.28,0.2,0,12,archived_success,True,True,131,130,130,True,5d4ce1c6042150930b662b89704f8154e9e00af736fccdc770253a6c8e92761b,5d4ce1c6042150930b662b89704f8154e9e00af736fccdc770253a6c8e92761b,True,c0a67a556804d1d07c844f5ed6697e55f0c58b757aa197e7799ce3f2f4d158e7,c0a67a556804d1d07c844f5ed6697e55f0c58b757aa197e7799ce3f2f4d158e7,True,0,,True,0.25540689643582537,0.25540689643582537,0.0,True,0.016171708077456944,0.016171708077456944,0.0,True,4.284740726829128e-12
squares,linear,128,1.28,0.2,0,13,archived_success,True,True,130,128,128,True,4457f14ca9fd83b4b6b2333f83daa8e8e1dfce32468060907f52e575b358f3af,4457f14ca9fd83b4b6b2333f83daa8e8e1dfce32468060907f52e575b358f3af,True,e0c69f5d7b2e7f0fc39c7e72495d6858b2450c4307533ca63ea2d699a74a931a,e0c69f5d7b2e7f0fc39c7e72495d6858b2450c4307533ca63ea2d699a74a931a,True,0,,True,0.30646814496508484,0.30646814496508484,0.0,True,0.0166480972633402,0.0166480972633402,0.0,True,2.3770040046089873e-11
squares,linear,128,1.28,0.2,0,14,archived_success,True,True,137,136,136,True,f6211ab84f8744054db3dd5abcab6eb0da26bb6858e18162b85e088b5c5c8eed,f6211ab84f8744054db3dd5abcab6eb0da26bb6858e18162b85e088b5c5c8eed,True,c64bbce1ce8e91f2c4010b1219029f3207f3b9eeb604175a3147ac1998cfd78c,c64bbce1ce8e91f2c4010b1219029f3207f3b9eeb604175a3147ac1998cfd78c,True,0,,True,0.2379929277223236,0.2379929277223236,0.0,True,0.014380216177346318,0.014380216177346318,0.0,True,6.631685677700081e-12
squares,linear,128,1.28,0.2,0,15,archived_success,True,True,154,154,154,True,133358552145298bd491e8d316b3b5067820daff7fc00de9c3c957ae73df130f,133358552145298bd491e8d316b3b5067820daff7fc00de9c3c957ae73df130f,True,1adad1734671686d43882527e6a62d970dfd6c06df068ceb3066e8311696b9d7,1adad1734671686d43882527e6a62d970dfd6c06df068ceb3066e8311696b9d7,True,0,,True,0.2174646529820234,0.2174646529820234,0.0,True,0.013179424168962959,0.013179424168962959,0.0,True,5.750409453767254e-12
squares,linear,128,1.28,0.2,0,16,archived_success,True,True,148,148,148,True,f441928b66cbc7932479331d243b4767cc08c72c6a0b315eb589542f2ebc9008,f441928b66cbc7932479331d243b4767cc08c72c6a0b315eb589542f2ebc9008,True,1c0ab103b754c217b9020fa2e02fc0044c6358f694d3598b3b903adf2972e927,1c0ab103b754c217b9020fa2e02fc0044c6358f694d3598b3b903adf2972e927,True,0,,True,0.2810566482589109,0.2810566482589109,0.0,True,0.013302156235236715,0.013302156235236715,0.0,True,8.13343688096037e-12
squares,linear,128,1.28,0.2,0,17,archived_success,True,True,168,164,164,True,30ec64acbe3bf8649dc9c76a47ff9c98f1be1158abaab93c524db0a9af093a13,30ec64acbe3bf8649dc9c76a47ff9c98f1be1158abaab93c524db0a9af093a13,True,c21c17398b788f3bfd535e5b8a816299b2a1f7ce15e9f13bc13c0040054d255a,c21c17398b788f3bfd535e5b8a816299b2a1f7ce15e9f13bc13c0040054d255a,True,0,,True,0.23663704804831726,0.23663704804831726,0.0,True,0.014653144139447703,0.014653144139447703,0.0,True,4.436961387774679e-12
squares,linear,128,1.28,0.2,0,18,archived_success,True,True,180,180,180,True,b26d7da4e9d01a14f0037f2289783f20a07b1ddf7f13e58075db9e35cdf26e1d,b26d7da4e9d01a14f0037f2289783f20a07b1ddf7f13e58075db9e35cdf26e1d,True,2eb6167a43797b0e691f52dc657a5aa44ba49b79f99ead0299d25561617dc933,2eb6167a43797b0e691f52dc657a5aa44ba49b79f99ead0299d25561617dc933,True,0,,True,0.22486593041974448,0.22486593041974448,0.0,True,0.010177319462245534,0.010177319462245534,0.0,True,3.94734392166428e-12
squares,linear,128,1.28,0.2,0,19,archived_success,True,True,154,154,154,True,5a291f826cc8ba45cbb88eae5de9fbce1845751bbf466a41cdb5b9cd5255cea6,5a291f826cc8ba45cbb88eae5de9fbce1845751bbf466a41cdb5b9cd5255cea6,True,a62d45014d375c373798a5eabd88949ce36d433f8a90d2b63c7892bcf5ecc013,a62d45014d375c373798a5eabd88949ce36d433f8a90d2b63c7892bcf5ecc013,True,0,,True,0.17109999293343128,0.17109999293343128,0.0,True,0.009939804458731497,0.009939804458731497,0.0,True,1.4850408327890523e-11
squares,linear,128,1.28,0.2,0,20,archived_success,True,True,192,192,192,True,2ef5f160403eb1cabdb68ca7c85eeed63f086e73c3488094df6818489129d737,2ef5f160403eb1cabdb68ca7c85eeed63f086e73c3488094df6818489129d737,True,6e0a79a1a7c6fea914acd6dc6f944fbbfe1918b9d450128dfaf43295f46d2b4d,6e0a79a1a7c6fea914acd6dc6f944fbbfe1918b9d450128dfaf43295f46d2b4d,True,0,,True,0.32364525112668074,0.32364525112668074,0.0,True,0.009087228329021367,0.009087228329021367,0.0,True,1.2194751881303896e-11
squares,linear,128,1.28,0.2,0,21,archived_success,True,True,196,196,196,True,ead055113f92a115114a397e8930a7379178e0ee654de0cdcc81d8697be0215f,ead055113f92a115114a397e8930a7379178e0ee654de0cdcc81d8697be0215f,True,445b0de87d1c55c14d9f3e8ebce34a6e5f2fca1dbd84bf33afcf01afa6aafe3a,445b0de87d1c55c14d9f3e8ebce34a6e5f2fca1dbd84bf33afcf01afa6aafe3a,True,0,,True,0.26022113742987873,0.26022113742987873,0.0,True,0.01129113278458882,0.01129113278458882,0.0,True,1.344504300413198e-11
squares,linear,128,1.28,0.2,0,22,archived_success,True,True,168,168,168,True,7ceaffe306770f934532c1fbee0fc55c10398c4fac3d3ae275acd7075264cdf3,7ceaffe306770f934532c1fbee0fc55c10398c4fac3d3ae275acd7075264cdf3,True,c81ca63ae05ef09118cb63e3640448a7d789bae41954429ade26a45e76877dee,c81ca63ae05ef09118cb63e3640448a7d789bae41954429ade26a45e76877dee,True,0,,True,0.34067082336982746,0.34067082336982746,0.0,True,0.014697884426515687,0.014697884426515687,0.0,True,1.299016979136776e-11
squares,linear,128,1.28,0.2,0,23,archived_success,True,True,208,208,208,True,e10061a4658ffe69365686651133785fefca5436f728cf0abd5778986b1a4914,e10061a4658ffe69365686651133785fefca5436f728cf0abd5778986b1a4914,True,46b4ce94c303fe74266c12517a504d0d9b6fa72f21cbf0868f076afc47d52898,46b4ce94c303fe74266c12517a504d0d9b6fa72f21cbf0868f076afc47d52898,True,0,,True,0.27788461781226603,0.27788461781226603,0.0,True,0.009760230959443126,0.009760230959443126,0.0,True,1.187998420892869e-11
squares,linear,128,1.28,0.2,0,24,archived_success,True,True,172,172,172,True,1a5cc35ac9bd88e500ae8f24ba4260af855a8d8e0aef5653fa6c57bc7e0a8a0f,1a5cc35ac9bd88e500ae8f24ba4260af855a8d8e0aef5653fa6c57bc7e0a8a0f,True,e734afbb5c229fa22772bc6cdeffeb26be33f5420e8d62832605fc9e8d813945,e734afbb5c229fa22772bc6cdeffeb26be33f5420e8d62832605fc9e8d813945,True,0,,True,0.20056228055448377,0.20056228055448377,0.0,True,0.01141830103034714,0.01141830103034714,0.0,True,5.335098181799852e-12
squares,linear,128,1.28,0.3,0,0,retained_failed_partial,True,True,69,68,68,True,c64730bb53db55823687226630f654a207371adc8658ba160a5ebf9762be8a7e,c64730bb53db55823687226630f654a207371adc8658ba160a5ebf9762be8a7e,True,2fff0dec7a945d1aa281bf25a0e70dc40e698313a295b0797498dde986fe0837,2fff0dec7a945d1aa281bf25a0e70dc40e698313a295b0797498dde986fe0837,True,0,,True,0.27061903409136495,0.27061903409136495,0.0,True,0.04403754227471443,0.04403754227471443,0.0,True,8.353999558170312e-12
squares,linear,128,1.28,0.3,0,1,retained_failed_partial,True,True,70,70,70,True,e8ad43a7242daf46fbbbfa18a7405bf21b02729d2a917c5d807241af5a2f5724,e8ad43a7242daf46fbbbfa18a7405bf21b02729d2a917c5d807241af5a2f5724,True,8522b7c74aa02ba63714346bde9b7f1a5fa53da87220b05c8bf92090510ea64c,8522b7c74aa02ba63714346bde9b7f1a5fa53da87220b05c8bf92090510ea64c,True,0,,True,0.22309074708032245,0.22309074708032245,0.0,True,0.027473700327339923,0.027473700327339923,0.0,True,1.7333852650954672e-11
squares,linear,128,1.28,0.3,0,2,retained_failed_partial,True,True,72,72,72,True,2e8437c4d57f95376ff2d1c1de5fbc1cd1013e36e945c5145373ef1f99b475d4,2e8437c4d57f95376ff2d1c1de5fbc1cd1013e36e945c5145373ef1f99b475d4,True,ecb6cbd46f98236077af3c3db4d0f30816193f7807e62e17f7ee16fe4bae1125,ecb6cbd46f98236077af3c3db4d0f30816193f7807e62e17f7ee16fe4bae1125,True,0,,True,0.24790856490512445,0.24790856490512445,0.0,True,0.026318303122338575,0.026318303122338575,0.0,True,1.5415740865909987e-11
squares,linear,128,1.28,0.3,0,3,retained_failed_partial,True,False,81,80,80,True,72b08b0df38a401936d3be14050e28b1cdf4aee1f098f9e7f0503c4bc1e19bef,72b08b0df38a401936d3be14050e28b1cdf4aee1f098f9e7f0503c4bc1e19bef,True,f46ba7d8598331e9bec44d8e41f3a6907901a251b00336fea9390c32340775fb,f46ba7d8598331e9bec44d8e41f3a6907901a251b00336fea9390c32340775fb,True,2,LVIRA,True,,0.34987399911566314,,,,0.02361282595887922,,,8.930852801078504e-12
squares,linear,128,1.28,0.3,0,4,retained_failed_partial,False,False,98,96,96,True,,64a87d065577401ff6acd50a31d3724b5de61f135f2d90f0e430685f51e66d51,,,88e7e18acbf44d67cebddda424e15d0c80a2862927cd988f5ce588a9887b6437,,0,,,,0.26801076440283167,,,,0.0173673603414625,,,7.15211220951312e-12
squares,linear,128,1.28,0.3,0,5,retained_failed_partial,False,False,90,90,90,True,,f058a3b5b27bcc6a4d7b732e5518ac330fd5c963edb037adac2052e8b3c1e7db,,,50fe6b328c7fb918fe970bf7d2e423465c8208e6380afc11f7af656d7c6525a2,,0,,,,0.3033019048899818,,,,0.023100439629618955,,,1.1686577920410107e-11
squares,linear,128,1.28,0.3,0,6,retained_failed_partial,False,False,99,98,98,True,,2ab767da7c74c607cfffcc67eee3d3e8ba2fd763a6c2a056ebeee7d60b356866,,,694bb3f82d0b05173c924f70c796845f7497f24141b0b48cffe7b94f7ff91ab6,,0,,,,0.2258827137810649,,,,0.017600904439153006,,,1.7569582324765725e-12
squares,linear,128,1.28,0.3,0,7,retained_failed_partial,False,False,97,96,96,True,,b0f300a874f6c3c62c7a090307cac0eb60734cfbbe48db8c85692dfe163d4d4a,,,7a3de7e9b0d91e6906c01747e39372d85249b178626fa97386520696293fd1c1,,0,,,,0.27180898751336025,,,,0.02485639769116717,,,1.4865583408623877e-12
squares,linear,128,1.28,0.3,0,8,retained_failed_partial,False,False,120,120,120,True,,73743d2e21697ef0c5af0e95d6ebbe84a35395cc452e333163239b654fea16c6,,,fa6a64456511d59100f244123dd621a1e9cbb1e0675d9101bd273d89d7e2a378,,0,,,,0.19794260865486016,,,,0.012454907150122353,,,2.99673454242962e-11
squares,linear,128,1.28,0.3,0,9,retained_failed_partial,False,False,122,120,120,True,,0786ccac5c28ba49914dcd6a7af92e99c5143010e53a04d1fc39eb3f8f3a1155,,,25461b5d1f62906137378b3bbf604784856c247105033d2f3a0ae634a6232438,,0,,,,0.2896855128427467,,,,0.013923041891679727,,,1.0375680073363438e-11
squares,linear,128,1.28,0.3,0,10,retained_failed_partial,False,False,127,126,126,True,,72e9b00f17bac717b02319a86568953dbcae1ec737ac3ee0a3eaf95cbf3b2cac,,,f1665ba8b3945d1696e568db004a4c25717779b765ff5415a6b9fdcc5fbe20b4,,0,,,,0.3135273181306598,,,,0.01442274726968662,,,4.065706005485056e-12
squares,linear,128,1.28,0.3,0,11,retained_failed_partial,False,False,124,124,124,True,,d6789ff45065b77a8885265120a1275fdfc29ba89a946f4a506a7e7dbbba8d7d,,,f2f7df4ad8d0769222305f88dab8637faaa69cc901e3bd21bda2a029f7cd2e26,,0,,,,0.28185751869366127,,,,0.017736037084144472,,,3.0380085844150447e-12
squares,linear,128,1.28,0.3,0,12,retained_failed_partial,False,False,132,130,130,True,,27d13a6d3fc0ac2643afbea2029df004d3db3b63a8493db7d9660abc56f297fd,,,6f7bbb951864c9fb79103dafdfb65aa678e576ad71b567d989deea5ecd877412,,0,,,,0.2782829269701643,,,,0.01576402130702808,,,9.033072151850021e-12
squares,linear,128,1.28,0.3,0,13,retained_failed_partial,False,False,134,132,132,True,,34736c7af69a6a4934beda910d4be0cd8bd5e600317df21fcb480b9c0e321c4c,,,7bb960ca826900c70d1ff2e3f51d42648f3fd7e694549e851552e3356447800e,,0,,,,0.36959489377613264,,,,0.01709413555404737,,,1.5738110359737483e-12
squares,linear,128,1.28,0.3,0,14,retained_failed_partial,False,False,139,138,138,True,,c5fb3379fb75ca94fb63d1361f51935715853b21d9e4fd79e0b0a17d2f1a8782,,,47c2a07661f1bcd30cb3d7208c71d764523b364fa9e3e083f1cf04dc6148820b,,0,,,,0.27979294954419687,,,,0.015492035287329153,,,2.06934936998076e-12
squares,linear,128,1.28,0.3,0,15,retained_failed_partial,False,False,154,154,154,True,,71c980650d141e75596838858254644a3f328acd4061d497d8484f0d0cad7966,,,5aa76f142d2ea04dd1e4a87de9bc32b8bb599fd2b6f5dc4dbcd681d0e9ce5652,,0,,,,0.22566321822219038,,,,0.01624106555888961,,,1.4592634425916545e-11
squares,linear,128,1.28,0.3,0,16,retained_failed_partial,False,False,150,150,150,True,,dbe0aad1e2cc4eb57683cfc081b831c195c9fd94693a79a309058643def8195c,,,616ac14270e8386371dc73fd23d030b78803b0297f95eff1e2e03301949cb0b8,,0,,,,0.3064611326824244,,,,0.012915057352421953,,,4.513477123619258e-12
squares,linear,128,1.28,0.3,0,17,retained_failed_partial,False,False,167,164,164,True,,ffb8ce69dabe62303a3fc57fc1f03868e21c709ea9e748be5f2adc0c02a66dd0,,,589d07c71bcdb7f4de15c371b0e2226f0c622a1f73eca0c8954ec7218d77f5c3,,0,,,,0.25088265710660124,,,,0.014518546565400067,,,6.708946258231437e-12
squares,linear,128,1.28,0.3,0,18,retained_failed_partial,False,False,180,180,180,True,,ea4c0744259d3c673473ee892d04f4ad8bc9e272f64783004a28996bfb05e9d3,,,fc4a04b5f7e93372abc1f6d2070a75ce64c16aa18ad2b18e017b91574ff1e292,,0,,,,0.23559435986051613,,,,0.010623479379452756,,,2.6692273132539937e-12
squares,linear,128,1.28,0.3,0,19,retained_failed_partial,False,False,164,164,164,True,,2ff76b76a7c6325850658619b62f93a9f75ad5664adb989173c754a1b76ad517,,,820a8b46d3ff4b9e9faec92fbb2ca69ebb777311ac90b13c73f5bbaaa8e13f21,,0,,,,0.1777778393994544,,,,0.011583439386483218,,,1.7867901779392546e-11
squares,linear,128,1.28,0.3,0,20,retained_failed_partial,False,False,192,192,192,True,,f0c3222e91e3e6a28e8a666f3d26d818b2199d46a9a52be78266373a4b30a193,,,3f50edbb1b73336d14d81e93137e2cefe59a5586adfb9b9d5c49ed63f5ec1261,,0,,,,0.3490336145813743,,,,0.009163349258663593,,,1.3909894397585242e-11
squares,linear,128,1.28,0.3,0,21,retained_failed_partial,False,False,196,196,196,True,,70cf6bf459c28ff19f8d54fba8afa68321a77d1d20df593af7a79894b12a6271,,,0d252a83808a2e5eb4ec7803500c3d7c607e04c275d087cd510bb6f91becf8e7,,0,,,,0.26701439911695485,,,,0.01103159910393115,,,5.5369356672044225e-12
squares,linear,128,1.28,0.3,0,22,retained_failed_partial,False,False,183,182,182,True,,86aa2bec2356fa19130312cea591cbccda5b8f049f7b1f4a831ba29b8dd3e047,,,e93f0aab2b720263a2430cfd67beafc2efc9767358ed245bf6ba20be51ebdcea,,2,LVIRA,,,0.34230705725230953,,,,0.019155763300716704,,,1.540696277352903e-11
squares,linear,128,1.28,0.3,0,23,retained_failed_partial,False,False,208,208,208,True,,2dc51a9184b722a465f1515a9513b1bee3274fa757ff2ea66052b270ef2bbbb8,,,0a66ad645a6f96dc49fabc177f8683e95e4446445c1a2dcede226eb5a2d0bca5,,0,,,,0.29458455255961824,,,,0.009254997207500264,,,2.840711821800419e-12
squares,linear,128,1.28,0.3,0,24,retained_failed_partial,False,False,180,180,180,True,,d87c2ade5eb1533c51d0741f13959421b1f5524e0680aaef62a6069b1ad1d077,,,4a99c3d1b4a58741988003efee193c5b5679a6b3cb786fa3e0f2446f31ced1be,,0,,,,0.3096117393620361,,,,0.014881927230530728,,,3.962971351520578e-12
squares,linear,150,1.5,0.2,0,0,retained_failed_partial,True,True,72,72,72,True,e5ff6df40d7f91da29e4d53b4113e9d51034e9d57576988cf8cb6379381def04,e5ff6df40d7f91da29e4d53b4113e9d51034e9d57576988cf8cb6379381def04,True,ece057b340ffc489b7e37dc57e261c5179d8d45db6ddb906c1a6574a6b01a05b,ece057b340ffc489b7e37dc57e261c5179d8d45db6ddb906c1a6574a6b01a05b,True,0,,True,0.18931774079822108,0.18931774079822108,0.0,True,0.019286400018461682,0.019286400018461682,0.0,True,3.838615008884498e-11
squares,linear,150,1.5,0.2,0,1,retained_failed_partial,True,True,81,80,80,True,3f6afa9f7361932d876f5f4296cf5100185a1f2e62da7a5e981ffcc7feb3cf8c,3f6afa9f7361932d876f5f4296cf5100185a1f2e62da7a5e981ffcc7feb3cf8c,True,e241f0799c893882e7f76d873d46e1699eedbccf80ae04062b24682935abcaf2,e241f0799c893882e7f76d873d46e1699eedbccf80ae04062b24682935abcaf2,True,0,,True,0.3153901679334562,0.3153901679334562,0.0,True,0.028081402008439837,0.028081402008439837,0.0,True,1.337983733105153e-11
squares,linear,150,1.5,0.2,0,2,retained_failed_partial,True,False,86,86,86,True,7d3800a59cf724926e94988a072b0bd844acb7d4677f480ce43ca8d1fd789bdc,7d3800a59cf724926e94988a072b0bd844acb7d4677f480ce43ca8d1fd789bdc,True,61dd860e0d4af58d053dcc3dce7ac9474f4fc8a5c6abaab3c6454130b9f78461,61dd860e0d4af58d053dcc3dce7ac9474f4fc8a5c6abaab3c6454130b9f78461,True,2,LVIRA,True,,0.17396705154285536,,,,0.021290476365787618,,,5.406019183150221e-11
squares,linear,150,1.5,0.2,0,3,retained_failed_partial,False,False,89,88,88,True,,238ab0014d8126a5a6fdd449fa5c244fc18b92aa4d3f6a9558a375c547959199,,,9690552d0bbf39fa3fb440f85a75cee73f8998eff33019318a7b76a5a057dadf,,0,,,,0.22854212551917538,,,,0.02449901979335086,,,2.38808681428892e-13
squares,linear,150,1.5,0.2,0,4,retained_failed_partial,False,False,113,112,112,True,,08b65ea1d4e86835c85f8d124787cd269c7d69d7a8466ef4fbf4d305576e0e25,,,fc11b448406879fb3710aae156b2842d7ae07e4445752cd22a408f72e2062da8,,0,,,,0.31426888096881905,,,,0.020267282933665802,,,3.326894833392674e-12
squares,linear,150,1.5,0.2,0,5,retained_failed_partial,False,False,96,96,96,True,,0a811a7188ffccdc9ad8ac0eff85f09c9f846172173921773e019703437d4eb5,,,3146c92cb266081b88fa26bd407a785620956bca8b423b29120d7cbc9f13ed7a,,0,,,,0.28399696223539955,,,,0.01541498115338361,,,1.0535357022753805e-11
squares,linear,150,1.5,0.2,0,6,retained_failed_partial,False,False,116,116,116,True,,8fa9fdf36cdf306b16fc748c3b7017d250c92e91129d2d993c5ed9b715ce59ac,,,9844ddb126518e24031ea7ab4bf4bd5d9066171636e2a458f03ff5b17de77522,,0,,,,0.40473715647924136,,,,0.017816543942751947,,,1.5661859925804864e-11
squares,linear,150,1.5,0.2,0,7,retained_failed_partial,False,False,115,114,114,True,,698b65bcea39d34d7b0a0cff2cde3fb00a50de1aed606b037acff2fb5c3ba051,,,980cb844ad56f2d74f9c1bedab49e9e4bba97eb5c1b6f93f9a0e7e76262dece9,,0,,,,0.11657180987411771,,,,0.009415848745058047,,,3.4116478359611404e-11
squares,linear,150,1.5,0.2,0,8,retained_failed_partial,False,False,142,142,142,True,,ec996f0b2ba98c14e82a69814c41435ff3107701877418a1fb402170d18c7ea8,,,1a1c6e15372431cdd9e3ebee611d05d3dcac391802baca8b5aed247c085597b5,,0,,,,0.36952867875110385,,,,0.024432790995909448,,,2.9982327708985675e-11
squares,linear,150,1.5,0.2,0,9,retained_failed_partial,False,False,142,142,142,True,,e0083297a5b50432b350d0159369010e8382b56e9b3e1db9f3288db63bf800dc,,,826756e5ff1e7607b31bb5706b0014545acd825d6d8e76001c2cf34544494a63,,0,,,,0.23421531506834334,,,,0.01145023736714955,,,1.5724287455652022e-11
squares,linear,150,1.5,0.2,0,10,retained_failed_partial,False,False,150,150,150,True,,683ecb0d7e2eb2192eae9223bd55c10da47704cffe44a83d43bde857a1c439d9,,,4d6cb1e5b1ed8b99359760e2556c78aef30fe277105f2c4e69df9fc3ed7662f3,,0,,,,0.19685664018117452,,,,0.010279686687964643,,,8.058159509100515e-12
squares,linear,150,1.5,0.2,0,11,retained_failed_partial,False,False,144,144,144,True,,fc7358399115c7af236041e52f54d315818171c71664f98030a4a4fbb201aa6e,,,37a2995cf2c156d49dd587924ba49364c71d5c4ff28f5bed820072312dade4b6,,0,,,,0.2714384932017392,,,,0.008136806245630497,,,5.646994091970857e-12
squares,linear,150,1.5,0.2,0,12,retained_failed_partial,False,False,154,152,152,True,,f3e7af81d28e98d42a3132a28783e9f158cf2897b4b11101b994512505c653f1,,,e25ff2e41e176a4dea25e8eeadfd74d6e2b09aae94b804be8e5a10b0ad689adc,,0,,,,0.2117762565585086,,,,0.011238725503088617,,,1.7644949959566072e-11
squares,linear,150,1.5,0.2,0,13,retained_failed_partial,False,False,155,154,154,True,,03fb92ab004bc4d5a822b77f4aa95a65d671e92bf76ecd7aec06cd503e68fb9f,,,98216823529ce12ce3e112922ef0bf3ae70dd251dbc486395f15a6d91915d935,,2,LVIRA,,,0.30462727464398126,,,,0.011646257167907487,,,9.459352398875947e-12
squares,linear,150,1.5,0.2,0,14,retained_failed_partial,False,False,159,158,158,True,,b80d415594ff86987062652d401265bc56f02e2c1961d153b242845672b8f38f,,,c8fd08d2fbac6d054ee4cb5e5bb3f65c53aee9040cad2913c522b9cdc438df96,,0,,,,0.2695377804928044,,,,0.011982353193680018,,,3.655830988288785e-11
squares,linear,150,1.5,0.2,0,15,retained_failed_partial,False,False,179,178,178,True,,63e6ad0c6a1214f923aff7d4f7c1ec3d465fbf2ab2adeaf5cf688e765bdef1d2,,,24fb63e52f5feafe7d9067f311dc8752a95a6070d1e2d00911072b84ce53054b,,0,,,,0.2744468499759495,,,,0.009992258227018255,,,2.2636967411073043e-11
squares,linear,150,1.5,0.2,0,16,retained_failed_partial,False,False,175,174,174,True,,d77234c417a10ce850261810cc607ed60169fb3ff0859b6ec4b036d89bc4cf41,,,2064297950ac38800d1242a31c90ce27276ef7f27c09a531e0fc439f3a5478ae,,0,,,,0.2991098409544372,,,,0.010947303535867448,,,1.36806070966638e-11
squares,linear,150,1.5,0.2,0,17,retained_failed_partial,False,False,196,196,196,True,,b1dba80400438f71f93751e660e8bdf9b4c15d5a5c68135301ec23c4b5848075,,,0762e47c2c4b2ae899760fcc27078d8637446d9dbb368b4917e49af3814dff15,,0,,,,0.19825389686099648,,,,0.00966615972638266,,,2.4727801039418984e-11
squares,linear,150,1.5,0.2,0,18,retained_failed_partial,False,False,211,210,210,True,,d7cb9fb6734049e0de6c0683ff982beaeea969175f38bb14db07999254b591d5,,,9bf6c03dad305ab776efe36c38b543737dc97e64b030467b2a59ab7c8a0b317b,,0,,,,0.26951313170106245,,,,0.0078852737733455,,,9.3406205984474e-12
squares,linear,150,1.5,0.2,0,19,retained_failed_partial,False,False,182,182,182,True,,2046d86a39a7e92a2f6592a380b29c6da613d8715235a5acfaf258687ba10934,,,7de7932aed0defa6a1827639afe665eac16cc02d02ad6f8db755f85583b76aa4,,0,,,,0.2439707519202357,,,,0.01144563486966796,,,3.0770359188652395e-11
squares,linear,150,1.5,0.2,0,20,retained_failed_partial,False,False,224,222,222,True,,3c5c076fe0247a5084578420649d56cb4f873988b8f6319719fb32ba5c54e929,,,981dde2d0ac057f6ae065bc26804219c62816aeeaad06f62ca5c81f2b1134c2c,,0,,,,0.18931158456678515,,,,0.007361252752255978,,,4.6302818158704235e-12
squares,linear,150,1.5,0.2,0,21,retained_failed_partial,False,False,230,228,228,True,,f41b839b28419d1207e1ee65f09d8c11eec719d8c3756dfd605d60b11ce2f3dc,,,d45107de8e3b10f950a72e6444c6addac148ccb45aee13326912a20d69b2c17e,,0,,,,0.178415661647937,,,,0.008381407883674823,,,4.1341881285765685e-12
squares,linear,150,1.5,0.2,0,22,retained_failed_partial,False,False,196,196,196,True,,e10935e6e8121007ebe81a5adcc668c32a1f956576dc3bcdeb3eab70865659b2,,,8ced78f442982a32c79345809d97de33d24eece1ff99d8acb2b0735eaaa8ad60,,0,,,,0.1594816795578977,,,,0.00767270413900631,,,2.0705910512071987e-11
squares,linear,150,1.5,0.2,0,23,retained_failed_partial,False,False,245,244,244,True,,db16ec3fac37bf7300be5412d9c7b8a913dd84f3ec15ebb635f4b83d3a791fe3,,,a0943ee54689d51b78a3ed49d3c8ffa12bb2a7f6a7348390916240ad7da933d6,,0,,,,0.22654294707429218,,,,0.006217546950813988,,,1.4076888710974109e-11
squares,linear,150,1.5,0.2,0,24,retained_failed_partial,False,False,204,204,204,True,,949360176db29fd8c6f0b7a2e4df44fc4fbbad7860f28824d993524423304f39,,,d98c0f872c543995d10762d40ba88749bd71d13bdc9d512c93bd20dd1dd65711,,0,,,,0.1919275165442413,,,,0.00681180272970279,,,2.596071489420977e-13
squares,linear,150,1.5,0.3,0,0,retained_failed_partial,True,True,79,78,78,True,84f5988b4c77b435e67530f8fd16bcc29cc6e67c33439dc971ed672dfbe7acf1,84f5988b4c77b435e67530f8fd16bcc29cc6e67c33439dc971ed672dfbe7acf1,True,5d5223034a5a5e8d454ed93a9f169f89d86edde97b708b3a8300dd9b7a22c935,5d5223034a5a5e8d454ed93a9f169f89d86edde97b708b3a8300dd9b7a22c935,True,0,,True,0.17068584520688748,0.17068584520688748,0.0,True,0.022035641657572463,0.022035641657572463,0.0,True,1.368070720397041e-12
squares,linear,150,1.5,0.3,0,1,retained_failed_partial,True,True,84,82,82,True,2c06ee7ce4abc1d57b6c046eaec609ca1174c450079563d93fe022c4863e8343,2c06ee7ce4abc1d57b6c046eaec609ca1174c450079563d93fe022c4863e8343,True,688e415d0b8534c714bcd7d51ee819ab915e4d9d488a398c2a2bb292281d9e18,688e415d0b8534c714bcd7d51ee819ab915e4d9d488a398c2a2bb292281d9e18,True,0,,True,0.31351809833072203,0.31351809833072203,0.0,True,0.03646128381546485,0.03646128381546485,0.0,True,4.098120415072493e-11
squares,linear,150,1.5,0.3,0,2,retained_failed_partial,True,True,88,88,88,True,fa3b297f7be505a6c89c34e302045273f04be54097a316c70477adf0b5684d04,fa3b297f7be505a6c89c34e302045273f04be54097a316c70477adf0b5684d04,True,0529e983ca5a42c538ad5324bb3795f9e6536d24753b4a60539b6986a4e11b25,0529e983ca5a42c538ad5324bb3795f9e6536d24753b4a60539b6986a4e11b25,True,0,,True,0.17154706252323076,0.17154706252323076,0.0,True,0.017628260779659767,0.017628260779659767,0.0,True,3.682371473496236e-12
squares,linear,150,1.5,0.3,0,3,retained_failed_partial,True,True,91,90,90,True,bde07a24c29edd833afb3bcfe07487c873f8e72e9db0f1156b17d9136023442e,bde07a24c29edd833afb3bcfe07487c873f8e72e9db0f1156b17d9136023442e,True,c8e0a09d5bdd27e9a18ddf41ade553a7338e9de9b0bbc8698a70abccacfdac94,c8e0a09d5bdd27e9a18ddf41ade553a7338e9de9b0bbc8698a70abccacfdac94,True,0,,True,0.22451410480626002,0.22451410480626002,0.0,True,0.021240669498006407,0.021240669498006407,0.0,True,3.968173280984538e-12
squares,linear,150,1.5,0.3,0,4,retained_failed_partial,True,True,113,112,112,True,761c2d5d8eaa6c2b5e92b382a44202f59ebea8aa26e5a28317af4a9270ff6260,761c2d5d8eaa6c2b5e92b382a44202f59ebea8aa26e5a28317af4a9270ff6260,True,bba2899c7d043712db16535726819540458f96c5301e1d35dcd10044bba51e53,bba2899c7d043712db16535726819540458f96c5301e1d35dcd10044bba51e53,True,0,,True,0.315836856349613,0.315836856349613,0.0,True,0.024117931120568117,0.024117931120568117,0.0,True,3.369199424345665e-11
squares,linear,150,1.5,0.3,0,5,retained_failed_partial,True,True,98,98,98,True,fe90c6544c8202ed66f396b46e0a731fdc950adcc3f47dd11c954c59e6015e35,fe90c6544c8202ed66f396b46e0a731fdc950adcc3f47dd11c954c59e6015e35,True,2cecaf60406318f8ba0073fc3fa8a002e91542fe79f558d5a301673d2b51f117,2cecaf60406318f8ba0073fc3fa8a002e91542fe79f558d5a301673d2b51f117,True,0,,True,0.2482060106184796,0.2482060106184796,0.0,True,0.015685625750583656,0.015685625750583656,0.0,True,3.1784922236350068e-12
squares,linear,150,1.5,0.3,0,6,retained_failed_partial,True,True,116,116,116,True,a39034f2933e4a1da580b67a529c7324fc415236780bcdcafc09b042941e3b39,a39034f2933e4a1da580b67a529c7324fc415236780bcdcafc09b042941e3b39,True,f0245e62acf63c3f4586c99deb2e69a6c7358d3edf1e5d22e7fbbc0e05077671,f0245e62acf63c3f4586c99deb2e69a6c7358d3edf1e5d22e7fbbc0e05077671,True,0,,True,0.44493118160330375,0.44493118160330375,0.0,True,0.02576490176249157,0.02576490176249157,0.0,True,7.800269514831491e-12
squares,linear,150,1.5,0.3,0,7,retained_failed_partial,True,True,121,120,120,True,3fe1fa3bf6bad6390a13eea06db2a60b9cce836e8cc02ae0ac0de36ff133c8a8,3fe1fa3bf6bad6390a13eea06db2a60b9cce836e8cc02ae0ac0de36ff133c8a8,True,54bd84c1be5853bda31cf3422d1a7eebbd2610879f97b0b9ad89334c6453503d,54bd84c1be5853bda31cf3422d1a7eebbd2610879f97b0b9ad89334c6453503d,True,0,,True,0.15578449200799566,0.15578449200799566,0.0,True,0.009963724691911391,0.009963724691911391,0.0,True,3.6547201887008104e-11
squares,linear,150,1.5,0.3,0,8,retained_failed_partial,True,True,142,142,142,True,0e5de3e74ef153606cfd60584dc26b07bb2a56845f33fd17287ba2c9fd4819be,0e5de3e74ef153606cfd60584dc26b07bb2a56845f33fd17287ba2c9fd4819be,True,bb7a513cccf081e4d79fc2a68c233295c7facc62d57a96193a1fc4bfc7f3439f,bb7a513cccf081e4d79fc2a68c233295c7facc62d57a96193a1fc4bfc7f3439f,True,0,,True,0.40683256756530833,0.40683256756530833,0.0,True,0.022719998463538667,0.022719998463538667,0.0,True,4.658653243797643e-12
squares,linear,150,1.5,0.3,0,9,retained_failed_partial,True,True,142,142,142,True,75787fd1972d0aa0c9107940d99a8c2a1eaf97b0f3298fc235097b0bae56a1bb,75787fd1972d0aa0c9107940d99a8c2a1eaf97b0f3298fc235097b0bae56a1bb,True,9136d748f27e17a333ac7c631a48b75e4fc19a0fab8e4758ba2ecaa51b5618b7,9136d748f27e17a333ac7c631a48b75e4fc19a0fab8e4758ba2ecaa51b5618b7,True,0,,True,0.23432408733100285,0.23432408733100285,0.0,True,0.012159560451538551,0.012159560451538551,0.0,True,9.808161694796898e-12
squares,linear,150,1.5,0.3,0,10,retained_failed_partial,True,True,150,150,150,True,4eb9b55116013cea9ba20ed866325fec30770b428ea120fcb0bfde14516cb03c,4eb9b55116013cea9ba20ed866325fec30770b428ea120fcb0bfde14516cb03c,True,e008844a7c1885b7fa5c9fb213e539320fdaee2d7ca5288f8ac44001e3a37d9d,e008844a7c1885b7fa5c9fb213e539320fdaee2d7ca5288f8ac44001e3a37d9d,True,0,,True,0.19479077135922745,0.19479077135922745,0.0,True,0.009681126071259778,0.009681126071259778,0.0,True,8.270729677589096e-12
squares,linear,150,1.5,0.3,0,11,retained_failed_partial,True,True,146,146,146,True,a50b182fb13577c6f93bf4fa469b8dbb275eece958310855309d1b5837df19f4,a50b182fb13577c6f93bf4fa469b8dbb275eece958310855309d1b5837df19f4,True,1ef506cebc1d9cb1fcda7297751b1578f9b08eb92783625256793d6e384e1664,1ef506cebc1d9cb1fcda7297751b1578f9b08eb92783625256793d6e384e1664,True,0,,True,0.276294376580127,0.276294376580127,0.0,True,0.008116794484414385,0.008116794484414385,0.0,True,8.663979467545013e-12
squares,linear,150,1.5,0.3,0,12,retained_failed_partial,True,True,155,154,154,True,04b35644c98ba80897719dcaa2ce27a9036c50d859419a0cb851c70db2a79391,04b35644c98ba80897719dcaa2ce27a9036c50d859419a0cb851c70db2a79391,True,d2299b44b2489c48e06a0cd163080b194ad1a85d2d251e030dc984bacf41feab,d2299b44b2489c48e06a0cd163080b194ad1a85d2d251e030dc984bacf41feab,True,0,,True,0.18358545906843193,0.18358545906843193,0.0,True,0.010525779537133418,0.010525779537133418,0.0,True,4.8227919223449e-12
squares,linear,150,1.5,0.3,0,13,retained_failed_partial,True,False,156,156,156,True,b52656c4421cbd43ceed1de958a926481653555b76cdd4783d2eacb89dc6abf2,b52656c4421cbd43ceed1de958a926481653555b76cdd4783d2eacb89dc6abf2,True,15768748a4ab20db874183afc3846788beb6c070b7bf87b963f145ed6cdfdd97,15768748a4ab20db874183afc3846788beb6c070b7bf87b963f145ed6cdfdd97,True,2,LVIRA,True,,0.32162712451993775,,,,0.01431404401696422,,,1.2816932308961509e-11
squares,linear,150,1.5,0.3,0,14,retained_failed_partial,False,False,167,166,166,True,,6da8a6e4493de6114915721aafd311c588a209ea45b6598163ce2fb1d6ebfdc8,,,237e1ac574873e43cd5b4195875415a1f10a3bb65d36aff91287bbc5293ee79a,,0,,,,0.2851834823156161,,,,0.010117427346774732,,,2.7865882325576606e-11
squares,linear,150,1.5,0.3,0,15,retained_failed_partial,False,False,177,176,176,True,,527009adf0d9810b785b6bd9ba606ae1febcd89b9531002e5d73fb15f3151abb,,,c717b756501a657d309571423ce89f73428d04c255a83d41df35643f5f692338,,0,,,,0.23175078997398277,,,,0.009799956048405539,,,2.2146408424836434e-11
squares,linear,150,1.5,0.3,0,16,retained_failed_partial,False,False,175,174,174,True,,91aa6258dd344815255b2e1fabc300c5047cee0633d7b2155a71219e6762df7a,,,efe2c276f449ffe5a60dd02d087e70d013c5b50994ba20301000a9903626b52c,,0,,,,0.26560401087728447,,,,0.010902707291560626,,,5.156421862820962e-12
squares,linear,150,1.5,0.3,0,17,retained_failed_partial,False,False,196,196,196,True,,329ee5e977eb05a597cf6549e453e835d3b81199f8e249958b2387906e063040,,,66347e3e336dd81f7197736f2f92b8b5c442d7ba9897dabbb1df54f93f2dd2cc,,0,,,,0.22987256819151852,,,,0.010107653891147967,,,2.560056147342237e-13
squares,linear,150,1.5,0.3,0,18,retained_failed_partial,False,False,211,210,210,True,,1baeadf21f7b2c05658cdc440a65f6419dcb3a2c4f706a32a9493bc43551d4db,,,1a3fb8f8db59cc25f5be78a5fbfa85f3243952a3440451516fa1c83df7434cde,,0,,,,0.29148235662800887,,,,0.008065387030359692,,,2.728005617313897e-11
squares,linear,150,1.5,0.3,0,19,retained_failed_partial,False,False,185,184,184,True,,50ce7053ee22f40e8733e0efbfd995e37cc299c8acb0606118f4d9bf83e25ba4,,,76e44ccf4aea8842f29bf13d2b9b349cf0d6058b2651a9268de79b4c845a8bc6,,0,,,,0.24145598067871304,,,,0.013084182376092188,,,5.4427655572791196e-11
squares,linear,150,1.5,0.3,0,20,retained_failed_partial,False,False,225,224,224,True,,e998fada0f6b4dce12903894ab61701373d52e47694c97007b0de10bb87978ea,,,d40c5d58d6305aa9cf270bb7013bde608da1dd9cd0979c8e1646fa83f420d498,,0,,,,0.1889716405017519,,,,0.0056433483132729,,,1.564309172434231e-11
squares,linear,150,1.5,0.3,0,21,retained_failed_partial,False,False,231,230,230,True,,581b9f54146b458770ef035b73358a9a21c8f202472e5e33300880c215192de7,,,0d07508a5ea2b927dee2622a2022063db74f7dd390a3728a66fc80ad1786a9d9,,0,,,,0.1860981943157549,,,,0.00728992398431709,,,4.159283270803601e-11
squares,linear,150,1.5,0.3,0,22,retained_failed_partial,False,False,206,206,206,True,,a5f000531f293874713ba00fa88c92aa869aebb2ab18f9d96ee20ba38757c3b4,,,f2b96dca043bb37bcbb5e9682b9f33425e490c1f18e048fe76a9f90ac5d80d4d,,0,,,,0.16827684735682813,,,,0.007158773006805746,,,2.006962775187274e-11
squares,linear,150,1.5,0.3,0,23,retained_failed_partial,False,False,247,246,246,True,,0f28b6c67d51ac0f61538baa5d9190f521ad0fd1c54824ff6e86b20eb87d1bc8,,,81354d7d06f51cf92811b7bf5f2cda2dc2310e4414267195ccb9ab2ab7ffdc3b,,0,,,,0.2589438554774041,,,,0.005830105671906587,,,3.4508456186808194e-11
squares,linear,150,1.5,0.3,0,24,retained_failed_partial,False,False,215,215,215,True,,196472c20055b1d9e92eb16845509e708249a09dc3f3489a2da21f5b7cf45365,,,35945c6d3366e9d232d02c1a325a77068b3c8003bed898d0fd49172c2b4ead3b,,1,LVIRA,,,0.18600070852766531,,,,0.006003287288539785,,,8.007026020330352e-12
squares,linear+corner,50,0.5,0.2,0,0,retained_failed_partial,True,True,23,22,22,True,24c2b8e6324dd85347d9600a2482650d6ec2a15ad7559885cf9fc80e7dabfe34,24c2b8e6324dd85347d9600a2482650d6ec2a15ad7559885cf9fc80e7dabfe34,True,c2556ce9af9819ba5f5b8f5d07a571258b371a947249994c8332027a7df1c288,c2556ce9af9819ba5f5b8f5d07a571258b371a947249994c8332027a7df1c288,True,0,,True,2.934735600330175e-10,2.934735600330175e-10,0.0,True,9.080062869961075e-12,9.080062869961075e-12,0.0,True,1.7003648853663984e-11
squares,linear+corner,50,0.5,0.2,0,1,retained_failed_partial,True,True,22,22,22,True,c2b57d5c3d742bd816e36af1a6f2b7e0d39b4331750ae372e8cdba8b4e5b6717,c2b57d5c3d742bd816e36af1a6f2b7e0d39b4331750ae372e8cdba8b4e5b6717,True,a9ad4298184e657749bf535f1aa86114577f48fc5da63958dcac97327c061a61,a9ad4298184e657749bf535f1aa86114577f48fc5da63958dcac97327c061a61,True,0,,True,3.23233243648429e-10,3.23233243648429e-10,0.0,True,7.1121653482445165e-12,7.1121653482445165e-12,0.0,True,3.000449740531765e-11
squares,linear+corner,50,0.5,0.2,0,2,retained_failed_partial,True,True,27,26,26,True,1153af4924ea0902f501fad6caf78b4eb7471986a97f7ff031a0d923a47b9eda,1153af4924ea0902f501fad6caf78b4eb7471986a97f7ff031a0d923a47b9eda,True,807f54a66cc0fac90de8ccfec25e3924d953e11f1b04cf3dddb39b177d49bb4e,807f54a66cc0fac90de8ccfec25e3924d953e11f1b04cf3dddb39b177d49bb4e,True,0,,True,2.0949587966429167e-10,2.0949587966429167e-10,0.0,True,2.1153053885252715e-11,2.1153053885252715e-11,0.0,True,8.498419072006783e-12
squares,linear+corner,50,0.5,0.2,0,3,retained_failed_partial,True,False,30,30,30,True,09fc44a859ab89258fcaff067ead37225b7a163b70f365fdc520d70fb645c1f5,09fc44a859ab89258fcaff067ead37225b7a163b70f365fdc520d70fb645c1f5,True,7b922a58b8e94fd16a84c952c0f6d3a8c2e25f6d76004ce5bc92ae3f6efb2b26,7b922a58b8e94fd16a84c952c0f6d3a8c2e25f6d76004ce5bc92ae3f6efb2b26,True,2,LVIRA,True,,0.3079462153467391,,,,1.926012320275917e-11,,,1.1002546390007515e-11
squares,linear+corner,50,0.5,0.2,0,4,retained_failed_partial,False,False,40,40,40,True,,fe45f5d3bc4b761943ee0b2d875c2391a045e18e61822d39aeca64ee96478441,,,129284c2efee66cfec62734ddfc2e4f65d08a57205bed7761e9d3d1d8c49d353,,0,,,,3.7582383409328424e-10,,,,3.5472520435331445e-11,,,2.703513699538595e-12
squares,linear+corner,50,0.5,0.2,0,5,retained_failed_partial,False,False,31,30,30,True,,3837dac378a06c764781995db11afbefaaf0e5148c8b1c51001aab12814dc168,,,0e9764f577f5cc36616d483c9be08ff14974bd7c6756babd6c154afd052920fc,,0,,,,5.554484735081227e-10,,,,3.831412080229638e-11,,,2.976254531852463e-11
squares,linear+corner,50,0.5,0.2,0,6,retained_failed_partial,False,False,39,38,38,True,,a7c751c3a18b268dee338d7315d72263fbe474fd1ee18b7321a53d8d3f36ea48,,,f202f5e3c1b1d98bc62439da613d9c7dfae8a581aa0c760f5f209379af1d1522,,0,,,,3.3521553396682316e-10,,,,4.5003463565716565e-11,,,6.9619102466046234e-12
squares,linear+corner,50,0.5,0.2,0,7,retained_failed_partial,False,False,34,34,34,True,,4412f04d2fa05aa1a3b153929e96468175cb8de6637351ac98741ebcadf58b66,,,408cca612a35c059553eac3a412986de9df942939f297795d2b5241ef0228f64,,0,,,,5.22825455844503e-10,,,,1.4046303580976846e-11,,,2.0511873073189662e-11
squares,linear+corner,50,0.5,0.2,0,8,retained_failed_partial,False,False,46,44,44,True,,cdd54312a033f665c39a4d0538ef111194cf954fa357272b78faa445e50d3d8f,,,21d83f3eee867a846f4f7bba37fde72250232af6c5fce1c705694484e0da9518,,0,,,,3.047285855350438e-10,,,,2.087829133153619e-11,,,1.5136145490052328e-12
squares,linear+corner,50,0.5,0.2,0,9,retained_failed_partial,False,False,45,44,44,True,,be35dddda8738fa47cf5359767669e559da76e79878032afa0a6606e37086b1d,,,ccdcae9bf9be3db9092ecdd28b2d22a08ab3b0f87f0d425f856c78e2198239e7,,0,,,,4.6459869142363215e-10,,,,6.707928427570545e-11,,,6.937364175572647e-12
squares,linear+corner,50,0.5,0.2,0,10,retained_failed_partial,False,False,48,48,48,True,,c59588ea7dc2d4e1e25be6df916ebadca6af30e29f1b763c581199571204211a,,,4e1598bd7b60bfde8ba5550725caa199237fffaa46a2e63b9aa58ebdbce8acee,,0,,,,4.107290120042894e-10,,,,3.1224380513917425e-11,,,8.992214362754412e-12
squares,linear+corner,50,0.5,0.2,0,11,retained_failed_partial,False,False,46,44,44,True,,4ba4770db60fa6db67d7c1c4c2f5a5a6c3332e95dd7810fd8476eca2eb12141a,,,6ed9759f956fc3de1cbca368aac1118e609286733fea75c8bae2f94deab1d299,,0,,,,3.3346582140652542e-09,,,,1.671192373520579e-10,,,3.844892008972095e-11
squares,linear+corner,50,0.5,0.2,0,12,retained_failed_partial,False,False,51,50,50,True,,362593d0a518d7b22657d65261cae089b78b8744066ca04df8a4aad75e4bab5b,,,5b02976149103c7a8f36f974d936cf5ad54163601a99c74a8dfb3599d28fb0b3,,0,,,,5.259683298650447e-10,,,,3.2626906011205705e-11,,,1.1926199679092357e-11
squares,linear+corner,50,0.5,0.2,0,13,retained_failed_partial,False,False,50,50,50,True,,ec187afc8697bff10f3c45699f72987421f55b7a96e03be93212cebafeafbd05,,,e4e3502d4b30351f0f5b8cd5470a6634e713ce06fafe1d3c96368e2eb303c019,,0,,,,3.000551962890892e-10,,,,3.009058390129666e-11,,,3.992894837469595e-12
squares,linear+corner,50,0.5,0.2,0,14,retained_failed_partial,False,False,52,50,50,True,,e355970e4ee85241e7bfc6089e566b04c63e485ce521185f6e315c751be16944,,,a403bd730b0fb44f151d691ad5e394df3d0d90d3521fc5a621ce404c179ca383,,0,,,,3.4910084074393603e-10,,,,4.1568206068403045e-11,,,1.225519422961796e-11
squares,linear+corner,50,0.5,0.2,0,15,retained_failed_partial,False,False,59,58,58,True,,eff217c9450270ee0471a3f562350036f9ee557fbd819b670e4cf2c2bb9cc8c3,,,6351daf420a2d57811b9d59f167aaf9fa0912146899f113195e7d7a9c4951763,,0,,,,4.2655655037233437e-10,,,,5.311471139129434e-11,,,4.381345180835251e-12
squares,linear+corner,50,0.5,0.2,0,16,retained_failed_partial,False,False,61,60,60,True,,a0a90dc42e2a7c94b8696e7e06e5f9e36902f00b165f3bd51d796f35940e991c,,,11b2c5d6bf3ae2ee5d380fc19293acf88ad022c07f52c5271006e85221ae24aa,,0,,,,4.967444310429152e-10,,,,6.742381863558457e-11,,,4.095257359478114e-12
squares,linear+corner,50,0.5,0.2,0,17,retained_failed_partial,False,False,66,66,66,True,,1e28f2ff69c5863f76e41bf395cf71fe57caf84c0f383ccbc3cfb2f6aed1a562,,,6fbb8bc4f795669c26cfc6a2889ac0f38870d4ea77d8d9d8990f6d2106b09ec7,,0,,,,3.0724420975901934e-09,,,,2.348724379148819e-10,,,8.211165777945185e-11
squares,linear+corner,50,0.5,0.2,0,18,retained_failed_partial,False,False,72,72,72,True,,b5e64d8d1f5e36ba74e9f0de54e1bd61caf0da27a1cfdb46d2ee7c09e0250a56,,,a193b9c5bf818cd2b6a0a7a2c4ba11478da61494b1ec2f740faf09a7f80b1fdf,,0,,,,1.5142176427294066e-08,,,,9.259833391645627e-11,,,1.457601722538145e-10
squares,linear+corner,50,0.5,0.2,0,19,retained_failed_partial,False,False,60,60,60,True,,23035a457edcc9b9b0a88641ad8bb81e55315bff4c3cbfa53a0f4fe839b007f0,,,8d4ad73150bd49e79a8f027df2e57eeceadba3196e09415341f8e0b8a4dd7859,,0,,,,1.675968738876605e-09,,,,1.4477101446146877e-10,,,9.449554007498285e-12
squares,linear+corner,50,0.5,0.2,0,20,retained_failed_partial,False,False,74,72,72,True,,c93e3fa24fa1bcd58a2c64e6610f2fa197868f20badfef96b88a0ea303646fad,,,39a64720dcdd0dc65503e1a13d262d3bd98adee260e41e5dcd26f90ec47dd84b,,0,,,,1.2772407058869477e-08,,,,4.490953401703221e-11,,,2.3462750399166435e-10
squares,linear+corner,50,0.5,0.2,0,21,retained_failed_partial,False,False,77,76,76,True,,7de22ceb9db3bed3fa370c1f45cc85429de0581f2089a418aa9adc7c5db7ce5a,,,2840fd6f9993ac1ba752c13d7c642dfbf01335234a334c511cddd91f9e8cca6e,,0,,,,6.068469559113564e-10,,,,5.7543098486036084e-11,,,1.1565694141400381e-11
squares,linear+corner,50,0.5,0.2,0,22,retained_failed_partial,False,False,67,66,66,True,,d4d196e7ee951909c55b02f95bcc96a051c8892af3d5fd79f64391f17440a86a,,,d786f6aa454bbf8526a2959755bfa3a2bac1b9d72d19cfc42864cdd1b2f4815b,,0,,,,6.843865362083009e-10,,,,5.185697954767455e-11,,,7.62262187246827e-12
squares,linear+corner,50,0.5,0.2,0,23,retained_failed_partial,False,False,83,82,82,True,,4637810983b2e32814be200fe5c3157bbef159010b82af089e80961dde82f837,,,fec4efcc5f2e83bc5a42c1342301d9cb0aeb929416fc0f805c1c8098ab8bdfdb,,0,,,,3.865472339309509e-09,,,,2.1558698374134692e-10,,,1.3020452565357854e-11
squares,linear+corner,50,0.5,0.2,0,24,retained_failed_partial,False,False,66,66,66,True,,2a0a9c2a2b69afef7c1ae8718097ef1b446e5cf3254a1328d0068ccc6e814578,,,048db40cf8564dbdb2984c7f00d58f8c19c267283a11540b6f0c826fe83e8dcb,,0,,,,1.4129160884030255e-09,,,,1.9333273469739466e-10,,,1.2974259855286962e-11
squares,linear+corner,50,0.5,0.3,0,0,retained_failed_partial,True,True,23,22,22,True,9a122faddf184880054c1f9e511d63e56fe388f911a6376d3876e3f07613ad39,9a122faddf184880054c1f9e511d63e56fe388f911a6376d3876e3f07613ad39,True,32ff122bebef11af116a10688475a8b432bcd199ae9566f2c616d49706294c95,32ff122bebef11af116a10688475a8b432bcd199ae9566f2c616d49706294c95,True,0,,True,1.6055848151695946e-09,1.6055848151695946e-09,0.0,True,2.7832626668209035e-10,2.7832626668209035e-10,0.0,True,6.374782005364306e-11
squares,linear+corner,50,0.5,0.3,0,1,retained_failed_partial,True,True,25,24,24,True,48f984a851e053b73e815ba342fa444fdbfb4223eefd462edc848c96df8deb16,48f984a851e053b73e815ba342fa444fdbfb4223eefd462edc848c96df8deb16,True,f43376115c9febb426b75e980b8e6e206470f7cb73e785b2f4e01596c27bd3a7,f43376115c9febb426b75e980b8e6e206470f7cb73e785b2f4e01596c27bd3a7,True,0,,True,5.435942521165907e-10,5.435942521165907e-10,0.0,True,5.381781580297685e-11,5.381781580297685e-11,0.0,True,7.499892085283894e-12
squares,linear+corner,50,0.5,0.3,0,2,retained_failed_partial,True,False,31,31,31,True,901c8f4a737f1373e19758842561ad7e38ab62e337730222b0cabf37e3ef4d5e,901c8f4a737f1373e19758842561ad7e38ab62e337730222b0cabf37e3ef4d5e,True,cfc341c34036de9e57836e1aa88cdb3d1853e677c4946dff7ce745efc7e0b97c,cfc341c34036de9e57836e1aa88cdb3d1853e677c4946dff7ce745efc7e0b97c,True,1,LVIRA,True,,0.6459553810477648,,,,0.013863347363052933,,,7.362620980407438e-10
squares,linear+corner,50,0.5,0.3,0,3,retained_failed_partial,False,False,30,30,30,True,,3c66e882901fdf332cbfaad478c4b637bca0ba6658ec8bd08da4ba725e9f23ac,,,abe489490ae43dbc3452106f88ac08772333c0124bf2a6235fd6fd0f4099f1d2,,2,LVIRA,,,0.3397955801244053,,,,3.3439903421976823e-12,,,4.996309555103409e-12
squares,linear+corner,50,0.5,0.3,0,4,retained_failed_partial,False,False,40,40,40,True,,275727aabd6a22d0f7ab94369d44892d0e8ef63e423d67998faf96daa652db3b,,,c1c37f9c8688cabe18a2340d8495cded5fc38650e279149752c87f74aa0e73ba,,0,,,,1.2263805154818827e-06,,,,5.8663384120221625e-09,,,2.558976313639963e-08
squares,linear+corner,50,0.5,0.3,0,5,retained_failed_partial,False,False,32,32,32,True,,e3ac125185f64069e0beef2a11bea9e861a538e778c85155d18d85975f1a4626,,,ca2603b1248ce05eae8928ca728ab4d55e20aa58786756e880f3f17ecb18021b,,0,,,,9.16654754496525e-10,,,,1.0478698161675581e-10,,,1.8464791840830343e-11
squares,linear+corner,50,0.5,0.3,0,6,retained_failed_partial,False,False,38,36,36,True,,e928e97ec65e9d07eeef9f7e4a2c857d1c5d6394d5aeccca4d23a26d92609a31,,,9923694a3cf221e73be477d6695fca7662f3c2c009eddc634d776bafddeed172,,0,,,,4.3058831106627475e-09,,,,1.3083673645337117e-10,,,1.8172658675262637e-10
squares,linear+corner,50,0.5,0.3,0,7,retained_failed_partial,False,False,35,34,34,True,,805529cb4615f6fc8aabde9784b1da0b8ccff6bc4e738bdbf4cf1c2ea732c546,,,a8ab13ac8c894a73782389e73036b5fedfa6f60a68a4aabdbc9f6b88fa7b7ed5,,0,,,,1.576472368887343e-10,,,,0.012908302193277751,,,3.900064835909292e-12
squares,linear+corner,50,0.5,0.3,0,8,retained_failed_partial,False,False,47,46,46,True,,a161358c4c51d0aaf3041c2b96640a924bf57e060e45cc2e8e306c49e09e004d,,,ce5952a61cde32edc4153c26d8cb6f5463a2d958e8cc47c06e803a0c7131f620,,0,,,,8.683256488668046e-09,,,,7.493887421410391e-11,,,3.3443360896886364e-10
squares,linear+corner,50,0.5,0.3,0,9,retained_failed_partial,False,False,45,44,44,True,,34d3ba2914f75e7f1b1a88491121cfb231eb301ab88ee96b45fe4187a43adfba,,,4da36bd36f5446d22d9df6ff86fe1c31f07a1c5226d4a14dec3af59b67f841d0,,0,,,,1.4526829245249008e-10,,,,1.6144489806885935e-11,,,9.82158482303762e-13
squares,linear+corner,50,0.5,0.3,0,10,retained_failed_partial,False,False,48,48,48,True,,7a563b57d63207dcddb6361d998c72a1b85562c6c4187bece5b763b9c5b5373e,,,761f9f57d13a2aa60e220d3af8720c62c47c29d45960b5f46db642c8bd57275e,,0,,,,4.875973257594086e-09,,,,8.278238621998738e-11,,,1.0457270913001064e-10
squares,linear+corner,50,0.5,0.3,0,11,retained_failed_partial,False,False,49,48,48,True,,0ce2649b82ecb629c16d2ef706e03a1854c28969a13a94e2fe5d36b5cdba6e90,,,49b745210ab0dd138aa7095b63df1c32b6b94d3801e746c553e44bca5cdce94f,,0,,,,4.077852343906225e-09,,,,1.564189719405663e-10,,,5.2222383671391595e-11
squares,linear+corner,50,0.5,0.3,0,12,retained_failed_partial,False,False,51,50,50,True,,46b42b8133ec52a70126a79b42911db9970c305ef615ddac5f81e60bff1f3280,,,990d03dd6999ccc6fdb082291c667f60dfb5176cc05d866e95d9d2373b4082ac,,0,,,,7.738688080854574e-10,,,,5.90787165173675e-11,,,2.8385256479155193e-12
squares,linear+corner,50,0.5,0.3,0,13,retained_failed_partial,False,False,53,52,52,True,,2313444e5821eed3a799f8f14b99930f5a9bee775bcaed2e6b7569e57a60c9c8,,,d8f2a1bb3e53e37513d407dc33157b02afdbd2254405e62ae7980cff3c76bcd8,,0,,,,3.6694674319229547e-09,,,,6.504107881061483e-10,,,2.7898943173376206e-11
squares,linear+corner,50,0.5,0.3,0,14,retained_failed_partial,False,False,52,50,50,True,,51f9ce00d0e702cd15b430c883bc74a0612c3424a7ce783e1c3206dbce76b79f,,,dbaf0b002f9f3c9af59ab243a4b978a920e92dda3cddefdef50497820b335954,,0,,,,3.9344886859479804e-10,,,,4.713964498145873e-11,,,6.430725211648617e-12
squares,linear+corner,50,0.5,0.3,0,15,retained_failed_partial,False,False,59,58,58,True,,1f3e883e7ccc851ae1cccedefa58159fb605172e375042dbf6ecb4f89ff77399,,,deb042de3ae1bce2a0b696c0133ad360d76ca80cb875099add86b5e9c3628b35,,0,,,,2.20026397382873e-10,,,,3.701147225333735e-11,,,6.983513503919216e-13
squares,linear+corner,50,0.5,0.3,0,16,retained_failed_partial,False,False,63,62,62,True,,8c5843622642a4dc35b7edc2d00777c4e49a228f3e0c3b431f568712e5ee2a56,,,3a17cd30680939a3338f3359c22b752875636dcd8eef5dd629a58e92b9c059d4,,0,,,,2.9220221203483056e-09,,,,1.949594659679708e-10,,,6.963213873052093e-11
squares,linear+corner,50,0.5,0.3,0,17,retained_failed_partial,False,False,66,66,66,True,,9f104c6d3166b4a2da9dfcb3ef1983800d6ab9b2f20d765204d4d6e49d7ebc16,,,aedd04894c7a7ad1de3b5157dc55d10ac6dcde04d23d752e6db36238158139bd,,0,,,,2.1649449030060906e-09,,,,1.056672432488391e-10,,,4.607773289264244e-11
squares,linear+corner,50,0.5,0.3,0,18,retained_failed_partial,False,False,72,72,72,True,,2291718c62d71fa05ad2546b8409aa387e6bebba3cbc9de4cdc03a8e57a2538e,,,afbc034c4349d01e59b601dbb4c8ce6240b3b38fcd22de8a3999258f5400e7f9,,0,,,,8.805903846526542e-07,,,,3.766417073151872e-09,,,1.1253657888112063e-08
squares,linear+corner,50,0.5,0.3,0,19,retained_failed_partial,False,False,60,60,60,True,,b2763403323b4602badfe668fee504bc0bfe98d4bc1f6792a8b8f10bd1fa3099,,,fd6e3cd7f216126ec6a75049df826f910eeb5d622345937856ffcd3bd509fce2,,0,,,,6.035050861595977e-10,,,,6.617114968730627e-11,,,5.902818314819605e-12
squares,linear+corner,50,0.5,0.3,0,20,retained_failed_partial,False,False,73,72,72,True,,0bfa98c24c4f2cfec32fe271c94d0e1366fc2d91f7e4b3d30ca734145f97646b,,,9b7b0ab915112d3c47ef11d2f5b20e7eb592ca61e31a685b605c0565d4335f4e,,0,,,,1.548279259091397e-09,,,,7.818694372382369e-11,,,1.2536338847962112e-11
squares,linear+corner,50,0.5,0.3,0,21,retained_failed_partial,False,False,77,76,76,True,,983a1b5978cc50c8e59bd759834c9caeea31c996b4968afb15c25cd90c6d4d46,,,12434e9431c2588f34ec2ff59909e69d5fae29d3d994fe5344ed0027ee3a853c,,0,,,,5.872130646480304e-10,,,,8.972010904095987e-11,,,1.1336150801154653e-11
squares,linear+corner,50,0.5,0.3,0,22,retained_failed_partial,False,False,66,66,66,True,,bb02f41951ac01d6f772c64f0e6f4f423d2ce4296ec52105af03682bed494554,,,8cd7cebfbfd78ef352b508a76c5bd425aa8e624a38d709d6224e9bb1f84446cb,,0,,,,3.859343310144776e-09,,,,3.139059913511962e-10,,,4.5733808728011274e-11
squares,linear+corner,50,0.5,0.3,0,23,retained_failed_partial,False,False,85,84,84,True,,a6482d65eead9b2ee3a1b21246898b424a9660fef47f0e4fcbd4aa2efc795f9f,,,eb3a7605ecd085d5ce159123224bea3c5a04451e11d24ee228e9a9f82931b2ee,,0,,,,1.3797966098831501e-09,,,,1.1158184432465231e-10,,,7.1431455070408416e-12
squares,linear+corner,50,0.5,0.3,0,24,retained_failed_partial,False,False,70,70,70,True,,6644a7f05d3a4e1ae0a8ae4f6f2f016f43f0c5fc726476657abe025c64f432bc,,,2cc8be810f4d40a6b2352bcd788cb90978af9028dd9c3a3055bfe5e8d28afaf3,,0,,,,1.2434669295288313e-09,,,,1.7983053672457507e-10,,,1.959810865102258e-11
squares,linear+corner,64,0.64,0.2,0,0,archived_success,True,True,31,30,30,True,52816dfb962e64d7ccdd33ddc68b87bb1e12bf4d50645227f3627f5b0d6ad23f,52816dfb962e64d7ccdd33ddc68b87bb1e12bf4d50645227f3627f5b0d6ad23f,True,e51e84f5e6f60b05d2062801144798425ab70208968b25efcc163d4bb58bd389,e51e84f5e6f60b05d2062801144798425ab70208968b25efcc163d4bb58bd389,True,0,,True,2.3804777388618547e-10,2.3804777388618547e-10,0.0,True,2.268240215420749e-11,2.268240215420749e-11,0.0,True,4.395016920959042e-12
squares,linear+corner,64,0.64,0.2,0,1,archived_success,True,True,34,34,34,True,93f9ddcd6905492fce5d2631fcf6f1eba554022e725a8225af87ede2513c6f3a,93f9ddcd6905492fce5d2631fcf6f1eba554022e725a8225af87ede2513c6f3a,True,9edd9f68661e266ff7b3c94ca7956d3cd5b39e4aad120930e6b1926f151a8027,9edd9f68661e266ff7b3c94ca7956d3cd5b39e4aad120930e6b1926f151a8027,True,0,,True,4.033870579073093e-10,4.033870579073093e-10,0.0,True,1.2999821956043452e-11,1.2999821956043452e-11,0.0,True,1.4775121609977004e-11
squares,linear+corner,64,0.64,0.2,0,2,archived_success,True,True,33,32,32,True,23f323fa068bc59e725530147033fefe7b5e557a271055ca447a6292db270747,23f323fa068bc59e725530147033fefe7b5e557a271055ca447a6292db270747,True,71baa94bf22942248999abf844b5f8aff3745837ee304759864a20fb0af66376,71baa94bf22942248999abf844b5f8aff3745837ee304759864a20fb0af66376,True,0,,True,4.742634896396054e-11,4.742634896396054e-11,0.0,True,5.717749696066679e-12,5.717749696066679e-12,0.0,True,2.5384404458861066e-13
squares,linear+corner,64,0.64,0.2,0,3,archived_success,True,True,38,38,38,True,d1e37a577588867419f5bca48b4a10a91bc8096b551aba3e5807ba507f943ef4,d1e37a577588867419f5bca48b4a10a91bc8096b551aba3e5807ba507f943ef4,True,884c79045f4ebb8f94a06f51c45e941c722e75a0e8b5fc12221bf535fbc7833b,884c79045f4ebb8f94a06f51c45e941c722e75a0e8b5fc12221bf535fbc7833b,True,0,,True,6.675829222312053e-10,6.675829222312053e-10,0.0,True,5.412460780536342e-11,5.412460780536342e-11,0.0,True,9.67464431138683e-12
squares,linear+corner,64,0.64,0.2,0,4,archived_success,True,True,48,48,48,True,4f1a5368acfd99d70a8868f79ec5f1121268d1fb322d935d8412d025ae014732,4f1a5368acfd99d70a8868f79ec5f1121268d1fb322d935d8412d025ae014732,True,20975b389b5ebf1cb90b365722012b97a33ede80d32efc71fc47894157a4035f,20975b389b5ebf1cb90b365722012b97a33ede80d32efc71fc47894157a4035f,True,0,,True,5.473168895877644e-10,5.473168895877644e-10,0.0,True,4.526675027718001e-11,4.526675027718001e-11,0.0,True,1.0983248685791134e-11
squares,linear+corner,64,0.64,0.2,0,5,archived_success,True,True,39,38,38,True,85ac430fc1d490737083f047458a449fb0eb1fb686bdc1e0bc29389ec8773964,85ac430fc1d490737083f047458a449fb0eb1fb686bdc1e0bc29389ec8773964,True,a9cc10af450dcf39a96c1b5f5f58638bf39c81b14b5080dc1d20c5bf64077980,a9cc10af450dcf39a96c1b5f5f58638bf39c81b14b5080dc1d20c5bf64077980,True,0,,True,8.012548224235949e-11,8.012548224235949e-11,0.0,True,1.0125279333390265e-11,1.0125279333390265e-11,0.0,True,1.1425142989827122e-12
squares,linear+corner,64,0.64,0.2,0,6,archived_success,True,True,50,50,50,True,304f20814a0fb9cff84c43e92393d3aa3d0cdfb7e72d3022d5d2ab87ed131d51,304f20814a0fb9cff84c43e92393d3aa3d0cdfb7e72d3022d5d2ab87ed131d51,True,8237b547bd60560aad3ea841eebbc906441f4c7b147d84990802649187e36ab1,8237b547bd60560aad3ea841eebbc906441f4c7b147d84990802649187e36ab1,True,0,,True,0.0028175488757599195,0.0028175488757599195,0.0,True,0.00014816802136418056,0.00014816802136418056,0.0,True,7.827762686113353e-09
squares,linear+corner,64,0.64,0.2,0,7,archived_success,True,True,47,46,46,True,b48aae5817e1f046e372b4e5334d98877cdea771b2c9085d8039b01e9bc7e404,b48aae5817e1f046e372b4e5334d98877cdea771b2c9085d8039b01e9bc7e404,True,f6972ecc71ba3d89bbe20bf386d9313c47c029564ff567af939c9f663a39f3ed,f6972ecc71ba3d89bbe20bf386d9313c47c029564ff567af939c9f663a39f3ed,True,0,,True,1.8331545860430574e-10,1.8331545860430574e-10,0.0,True,1.6855913929861156e-11,1.6855913929861156e-11,0.0,True,1.2613000497996274e-11
squares,linear+corner,64,0.64,0.2,0,8,archived_success,True,True,59,58,58,True,1d65a98cc3d3797389f7d324b8323cc0f13a86df893b4ba1d9f26b6d666dc0a6,1d65a98cc3d3797389f7d324b8323cc0f13a86df893b4ba1d9f26b6d666dc0a6,True,69c16e0e2026e832373a0cbf74db41f38e4f23555afc9be5e6c2acfd18c331d3,69c16e0e2026e832373a0cbf74db41f38e4f23555afc9be5e6c2acfd18c331d3,True,0,,True,8.220877906839693e-10,8.220877906839693e-10,0.0,True,4.521509718734347e-11,4.521509718734347e-11,0.0,True,4.7556238587820834e-11
squares,linear+corner,64,0.64,0.2,0,9,archived_success,True,True,60,60,60,True,cfcde039abf172403e552b979864a36ffd8e67bea6c19dc6940e70090b13ac23,cfcde039abf172403e552b979864a36ffd8e67bea6c19dc6940e70090b13ac23,True,7896250d978357c2b3d5c8b675b43b069a381121edcdb098288ffa10fd503a38,7896250d978357c2b3d5c8b675b43b069a381121edcdb098288ffa10fd503a38,True,0,,True,7.690802716387797e-09,7.690802716387797e-09,0.0,True,2.1566887080003334e-10,2.1566887080003334e-10,0.0,True,9.62698448303195e-11
squares,linear+corner,64,0.64,0.2,0,10,archived_success,True,True,64,64,64,True,299a5b6daa92b07414a453cdff1f4736d4e449789e0a45df593acddde852ae65,299a5b6daa92b07414a453cdff1f4736d4e449789e0a45df593acddde852ae65,True,873402ab53bed3813038413d6cdb7a0e1c95f0cbdd4eea7f142eba527342cb25,873402ab53bed3813038413d6cdb7a0e1c95f0cbdd4eea7f142eba527342cb25,True,0,,True,1.5506226059455817e-09,1.5506226059455817e-09,0.0,True,1.0995386515548379e-10,1.0995386515548379e-10,0.0,True,4.404657822498439e-11
squares,linear+corner,64,0.64,0.2,0,11,archived_success,True,True,59,58,58,True,0e0e23712e2185216ccd84b267c9514dc47c121e8baadb02d8d931787fb304c1,0e0e23712e2185216ccd84b267c9514dc47c121e8baadb02d8d931787fb304c1,True,a86dd6fbe04f7501052c7f57d465fa34b0c23254841093d0d6d4fcabe766b7be,a86dd6fbe04f7501052c7f57d465fa34b0c23254841093d0d6d4fcabe766b7be,True,0,,True,2.1954420298275655e-07,2.1954420298275655e-07,0.0,True,6.081804023135554e-09,6.081804023135554e-09,0.0,True,2.250777649953792e-09
squares,linear+corner,64,0.64,0.2,0,12,archived_success,True,True,64,64,64,True,6e2e086030613725836f4760e3d3b974ea67097364f6ef6e6a682c3c8ea23902,6e2e086030613725836f4760e3d3b974ea67097364f6ef6e6a682c3c8ea23902,True,787e752b7f667216e48475885b321d6c33b636a3fea52957d11122147c3f3028,787e752b7f667216e48475885b321d6c33b636a3fea52957d11122147c3f3028,True,0,,True,2.2623345390541863e-09,2.2623345390541863e-09,0.0,True,1.0809019919953335e-10,1.0809019919953335e-10,0.0,True,4.271458068771129e-11
squares,linear+corner,64,0.64,0.2,0,13,archived_success,True,True,64,64,64,True,fbde55f02c543c3670ad8fea8d1f55b90f3a0479f213d54808d09bce79d4317a,fbde55f02c543c3670ad8fea8d1f55b90f3a0479f213d54808d09bce79d4317a,True,f818ac130f5e621ceeef3fa33f6fe0b285eb7b527c802d8b9553b979176a3c5b,f818ac130f5e621ceeef3fa33f6fe0b285eb7b527c802d8b9553b979176a3c5b,True,0,,True,1.5774624393732355e-09,1.5774624393732355e-09,0.0,True,5.0454284954019165e-11,5.0454284954019165e-11,0.0,True,1.6900254774760987e-11
squares,linear+corner,64,0.64,0.2,0,14,archived_success,True,True,67,66,66,True,ca875e1bd2dd8f523b46a3e44d9a63c5960fe3e04fe190ebd836faa834ac754a,ca875e1bd2dd8f523b46a3e44d9a63c5960fe3e04fe190ebd836faa834ac754a,True,ddc537f09b3b9eeff51bc9c6b32d78cfd5f5983b00558f815031df265cd488ba,ddc537f09b3b9eeff51bc9c6b32d78cfd5f5983b00558f815031df265cd488ba,True,0,,True,1.1407049649777395e-10,1.1407049649777395e-10,0.0,True,1.9971201309341162e-11,1.9971201309341162e-11,0.0,True,1.0367599422933564e-12
squares,linear+corner,64,0.64,0.2,0,15,archived_success,True,True,76,74,74,True,16c6d6ce41c86de4f74e299ba49a4d9a23baf25a564d3903db63d57784edd13a,16c6d6ce41c86de4f74e299ba49a4d9a23baf25a564d3903db63d57784edd13a,True,3f55ca3fc6d32c97b3224faedaf77e07ded1c83f3e4cb28ca0628d58eec5d9c7,3f55ca3fc6d32c97b3224faedaf77e07ded1c83f3e4cb28ca0628d58eec5d9c7,True,0,,True,5.723361617083077e-10,5.723361617083077e-10,0.0,True,4.399334600140184e-11,4.399334600140184e-11,0.0,True,5.50150685047984e-12
squares,linear+corner,64,0.64,0.2,0,16,archived_success,True,True,75,74,74,True,acddf2bfba1572042f09011f0c8d10975597e7e6cf40a86166796cdd524e6785,acddf2bfba1572042f09011f0c8d10975597e7e6cf40a86166796cdd524e6785,True,c6018b7854fee0d0201ada15aad23c0848a616e18e69e290918e76f4d377447a,c6018b7854fee0d0201ada15aad23c0848a616e18e69e290918e76f4d377447a,True,0,,True,1.798088096266579e-09,1.798088096266579e-09,0.0,True,1.8817372079220763e-10,1.8817372079220763e-10,0.0,True,6.615954297311518e-11
squares,linear+corner,64,0.64,0.2,0,17,archived_success,True,True,84,82,82,True,aebfbe5d2e2f73843c89883b70fd57ab758707323f56a3d28bc78d1c9627340f,aebfbe5d2e2f73843c89883b70fd57ab758707323f56a3d28bc78d1c9627340f,True,a519de66957857ddfa9ec1c4b758550650ec88c396bacc155353b33ef36978ef,a519de66957857ddfa9ec1c4b758550650ec88c396bacc155353b33ef36978ef,True,0,,True,5.1128356111432335e-09,5.1128356111432335e-09,0.0,True,2.7495736192852267e-10,2.7495736192852267e-10,0.0,True,1.2321552076646203e-10
squares,linear+corner,64,0.64,0.2,0,18,archived_success,True,True,88,88,88,True,1ad8ad9a1309f47f27826c7bdd6893427d6476c593c7f23b0dbb2d8e7e12574b,1ad8ad9a1309f47f27826c7bdd6893427d6476c593c7f23b0dbb2d8e7e12574b,True,1f5539e7032784867c0b0ad8c0f47cf915adac0763034103e9f40aab14c5c058,1f5539e7032784867c0b0ad8c0f47cf915adac0763034103e9f40aab14c5c058,True,0,,True,6.882030889707912e-09,6.882030889707912e-09,0.0,True,2.7512867392340665e-10,2.7512867392340665e-10,0.0,True,4.610066260520724e-11
squares,linear+corner,64,0.64,0.2,0,19,archived_success,True,True,78,78,78,True,6f8f9fa87701ef894fe46f02042416280f73db1638588d3041b41ecc8b71523e,6f8f9fa87701ef894fe46f02042416280f73db1638588d3041b41ecc8b71523e,True,9ee5b4935a3f77b3df0fc51b77a1c0b76ddcbd6d8ce0b8101e4bb6ac7625a585,9ee5b4935a3f77b3df0fc51b77a1c0b76ddcbd6d8ce0b8101e4bb6ac7625a585,True,0,,True,1.6492695409369074e-09,1.6492695409369074e-09,0.0,True,1.192414204911256e-10,1.192414204911256e-10,0.0,True,1.5117844396607724e-11
squares,linear+corner,64,0.64,0.2,0,20,archived_success,True,True,95,94,94,True,90295d25946d2255d05cefeffeddef9d6375b105913b15aec93bbe1455ea9a8c,90295d25946d2255d05cefeffeddef9d6375b105913b15aec93bbe1455ea9a8c,True,f1284a074552ea41c3bd8bb628d6098688ee5165381a119ef443d7138cf22b2f,f1284a074552ea41c3bd8bb628d6098688ee5165381a119ef443d7138cf22b2f,True,0,,True,6.8856490388900936e-09,6.8856490388900936e-09,0.0,True,2.754456381593407e-10,2.754456381593407e-10,0.0,True,2.475142324843643e-11
squares,linear+corner,64,0.64,0.2,0,21,archived_success,True,True,98,96,96,True,b15a648fec1ed30949ee75da6715443a9b25e4fb23ebd46c8778e6dc0ac958cd,b15a648fec1ed30949ee75da6715443a9b25e4fb23ebd46c8778e6dc0ac958cd,True,c3b58aff12bc2d1833a098a3bb3b2c39fd985be1ff7be57ed8431e461273ea0c,c3b58aff12bc2d1833a098a3bb3b2c39fd985be1ff7be57ed8431e461273ea0c,True,0,,True,2.806546954278564e-09,2.806546954278564e-09,0.0,True,1.0498079068498762e-10,1.0498079068498762e-10,0.0,True,5.019880952728101e-11
squares,linear+corner,64,0.64,0.2,0,22,archived_success,True,True,76,76,76,True,89bc03134d816dcf4cecbc7ee291dca1040ac269272a1e805fda3fb20cffe60a,89bc03134d816dcf4cecbc7ee291dca1040ac269272a1e805fda3fb20cffe60a,True,e187130bb99364e192e05daff318cdf87539cc0e26f7a5bc9355b42a4443daf9,e187130bb99364e192e05daff318cdf87539cc0e26f7a5bc9355b42a4443daf9,True,0,,True,2.1725406716456733e-10,2.1725406716456733e-10,0.0,True,2.9347964684195615e-11,2.9347964684195615e-11,0.0,True,5.8858579783632495e-12
squares,linear+corner,64,0.64,0.2,0,23,archived_success,True,True,103,102,102,True,8a4ea59036e4e62c98852798499dc5ba04cc245c6ef8dc3c324036cb88d5ee57,8a4ea59036e4e62c98852798499dc5ba04cc245c6ef8dc3c324036cb88d5ee57,True,d64a73ef4fbb525a03fa09c3b0452c69229f0605ebdafe705893f390408b14b9,d64a73ef4fbb525a03fa09c3b0452c69229f0605ebdafe705893f390408b14b9,True,0,,True,2.1272660190998355e-09,2.1272660190998355e-09,0.0,True,1.058470110938594e-10,1.058470110938594e-10,0.0,True,9.217955636870198e-12
squares,linear+corner,64,0.64,0.2,0,24,archived_success,True,True,86,86,86,True,c83b0199da43ed293e7e998168329e26fde922644dda8a7c5e42cd8025af4487,c83b0199da43ed293e7e998168329e26fde922644dda8a7c5e42cd8025af4487,True,988ee57c226e3767c16eebf3c077eb9d6329acfdcc639c0e796143f95ecb8266,988ee57c226e3767c16eebf3c077eb9d6329acfdcc639c0e796143f95ecb8266,True,0,,True,2.506747995146915e-09,2.506747995146915e-09,0.0,True,1.2195365644168022e-10,1.2195365644168022e-10,0.0,True,2.366057573166563e-12
squares,linear+corner,64,0.64,0.3,0,0,retained_failed_partial,True,True,31,30,30,True,4dfd907642a1c46b3e43c6c11091e6136c403bd5737f164c01b93797da331517,4dfd907642a1c46b3e43c6c11091e6136c403bd5737f164c01b93797da331517,True,8048d7a4b927c426a32ecb2b46d314b3604586b37ba220dd70317c91cf99fad0,8048d7a4b927c426a32ecb2b46d314b3604586b37ba220dd70317c91cf99fad0,True,0,,True,2.6849921239685063e-09,2.6849921239685063e-09,0.0,True,2.187727577328148e-11,2.187727577328148e-11,0.0,True,1.22781309566503e-10
squares,linear+corner,64,0.64,0.3,0,1,retained_failed_partial,True,True,36,36,36,True,e52e563bcd396224b1428831c26b0fef157b9c0cee5160b1da2149df4f063dd5,e52e563bcd396224b1428831c26b0fef157b9c0cee5160b1da2149df4f063dd5,True,f1ccb6ba30709c18ac480add6888fb61a2876651cb98707d64eb736aedd951ff,f1ccb6ba30709c18ac480add6888fb61a2876651cb98707d64eb736aedd951ff,True,0,,True,2.396875826179488e-09,2.396875826179488e-09,0.0,True,1.8887080506526572e-10,1.8887080506526572e-10,0.0,True,9.111830742887198e-11
squares,linear+corner,64,0.64,0.3,0,2,retained_failed_partial,True,True,34,34,34,True,90f799753ac78316c3e01f827207f33e33b5d4a40ae339f162d5e3bef1b6f36e,90f799753ac78316c3e01f827207f33e33b5d4a40ae339f162d5e3bef1b6f36e,True,6392188631b3f73c8f20db84612bb1970566bfd5f2c11ecccbdb643fdfaf1e2a,6392188631b3f73c8f20db84612bb1970566bfd5f2c11ecccbdb643fdfaf1e2a,True,0,,True,7.512326555831927e-10,7.512326555831927e-10,0.0,True,4.542876197481136e-11,4.542876197481136e-11,0.0,True,5.7753102992024934e-12
squares,linear+corner,64,0.64,0.3,0,3,retained_failed_partial,True,False,41,41,41,True,8981471c8ff6a02d35bbbb6e8d39d7e84df1ce5c455c8618fb13b299848adab1,8981471c8ff6a02d35bbbb6e8d39d7e84df1ce5c455c8618fb13b299848adab1,True,32bb31f7d8bd8a44c055b9758f64b295ff3c6d1e71c784b8523289418cd6533b,32bb31f7d8bd8a44c055b9758f64b295ff3c6d1e71c784b8523289418cd6533b,True,1,LVIRA,True,,0.5413839290376966,,,,0.051329846068149984,,,2.445127740827936e-12
squares,linear+corner,64,0.64,0.3,0,4,retained_failed_partial,False,False,48,48,48,True,,f918889cff04923670446b3b9dd9a5f66f08ca6b2bb57127c4e46c2ada5ce1fb,,,9da51691cfe27fd10ea5979d7413e4169073bbdb670a7c7b0503cc3a57ee113a,,0,,,,1.9570615851191303e-05,,,,8.542228937807159e-08,,,5.139478895703447e-07
squares,linear+corner,64,0.64,0.3,0,5,retained_failed_partial,False,False,41,40,40,True,,d06fd078a142ca537ac7174bf85c9f2753eb170ef5082874024ee0dfc6de7ff0,,,3b9da5bbe6ca9f363ea552a3ea70828e16da5a8db13db4191b2cd38e89aad25e,,0,,,,1.0395490811311464e-09,,,,2.2138631044305877e-10,,,8.062915775896898e-12
squares,linear+corner,64,0.64,0.3,0,6,retained_failed_partial,False,False,49,48,48,True,,e5163865026773dca2e16a4b1a5123cd55d1e6a41c4e447ae73b82958bde3322,,,e3982ba8992a68e595033a0c1c0fdf7e961eaf3f674777c1049c9f08814255e6,,0,,,,4.353376546843862e-10,,,,4.738335610956371e-11,,,1.5648497944219841e-12
squares,linear+corner,64,0.64,0.3,0,7,retained_failed_partial,False,False,51,50,50,True,,a229762322fd14cd0ea11814c03fcb92de48ab49461230e5c4f195630d020be9,,,9833d064035569e697abff01749b7c780b9cf1d02919fcab9cfde88ce7076165,,0,,,,1.8031245201991643e-10,,,,2.5428964144075717e-11,,,5.501034531302549e-12
squares,linear+corner,64,0.64,0.3,0,8,retained_failed_partial,False,False,60,60,60,True,,9011d7afb709c29b7af6115bde4119a66895a16e047c636dc238aeab9e36c707,,,40337bbc3bf31ae9964c20de817aa2126341942c422af87a1ebf2e4c2708a6d5,,0,,,,0.012663046353035614,,,,0.0005846213829875787,,,2.222905040458807e-11
squares,linear+corner,64,0.64,0.3,0,9,retained_failed_partial,False,False,59,58,58,True,,fe33587908af0b8df84850de00b537f9137d770094fb8293b0e834a75f7be955,,,bd95cea0eb9a1e77de0cb57ac12f8bcafe3a8dbd54b0a0b78a805e3f4f06a59f,,0,,,,5.17628805245755e-09,,,,7.492823985383526e-11,,,1.5208355400583307e-10
squares,linear+corner,64,0.64,0.3,0,10,retained_failed_partial,False,False,64,64,64,True,,a4dadea095fe00034dc130f8e31378998e67668fd832bf861745cc196ddd3ab5,,,46e65f161308e83b64a2870b5073fb34b44b93c8f4fe44dc27e9561b09398578,,0,,,,2.2769239640864374e-08,,,,1.7538085751856655e-10,,,5.547379199873624e-10
squares,linear+corner,64,0.64,0.3,0,11,retained_failed_partial,False,False,63,62,62,True,,c1d580e0beeceeed63ab1c7d368d374f38c4247054e03131cc3543dd4df19fc0,,,b83598adf6324375a2ddb43f8cefdd98b4fd21522400525cd0b5e76cfe8affff,,0,,,,7.305671597028176e-10,,,,6.319739188699385e-11,,,6.0570286849371616e-12
squares,linear+corner,64,0.64,0.3,0,12,retained_failed_partial,False,False,64,64,64,True,,1e36d4b26b0f2314f6cbc3d1ecb01189ea45dfc7aa3d82ff80bdaf4138c1581d,,,90a5a32a2378799fd5b346871729d444028376eb6759cd87a87fc73830b51ed7,,0,,,,9.222240592201754e-10,,,,8.086687545649694e-11,,,5.692346368627296e-12
squares,linear+corner,64,0.64,0.3,0,13,retained_failed_partial,False,False,64,64,64,True,,efcc8cd083ef2df70d9384b6363b88266925967a7601017a7ea6222ae17090cb,,,6cb03effc0445875a935888a464334fa9fb8d868d626541291f29f962c5e9465,,0,,,,1.1528619511433622e-09,,,,9.30096658834309e-11,,,1.9046166619609145e-11
squares,linear+corner,64,0.64,0.3,0,14,retained_failed_partial,False,False,69,68,68,True,,979d00a805b1d11b3e63967892f2544f1e09fc1370b9a24145b74abf877b732e,,,33db4ed4119e751fd092f9b8f31de4bbe14df7c4dd91d5522787ad527c974b66,,0,,,,1.3592302752702708e-08,,,,1.0587242201973546e-09,,,1.6585265167903141e-10
squares,linear+corner,64,0.64,0.3,0,15,retained_failed_partial,False,False,75,72,72,True,,ab1a83323e3b757250023d94ffed709af7b85fd42b84c66426b034d4b1526ea5,,,3d6651f4eeb90c3e86f16ac310a4a4f48eb54de09375ea01ee148dbbefce79b9,,0,,,,3.3749159401059817e-10,,,,3.713055408384999e-11,,,8.33260980048306e-12
squares,linear+corner,64,0.64,0.3,0,16,retained_failed_partial,False,False,76,76,76,True,,27c3aa1c05b3ad60e6c44c575989e58e8282fae014f1ca421e7c0a55de1afb32,,,28024feb19cd404f7b446d58da37c7f6d342c47eadeafb8ae3ccd6198d95e73f,,0,,,,2.339386101642044e-09,,,,7.89317840541218e-11,,,2.807081913419702e-11
squares,linear+corner,64,0.64,0.3,0,17,retained_failed_partial,False,False,84,84,84,True,,ddca7450298b74794cf2d25e5adb088e6fe92b5145006bdc7cee66c5b06ff575,,,b7098dd2a93c90a8263010e2d74cc37a176870fab3eeb1b7152810720d26340e,,0,,,,5.987617252937396e-10,,,,9.192899312979721e-11,,,2.1897475463023e-11
squares,linear+corner,64,0.64,0.3,0,18,retained_failed_partial,False,False,88,88,88,True,,dfb943aa97ee174abb92f1883efa54dae04a946c02a5b9d4f35f53ae8a107921,,,cca6b9ce015e76da84efb9b21064c773712dffb4b18d500a44934af5f91fa36e,,0,,,,6.574963734908871e-10,,,,5.7074279806994916e-11,,,1.1204653396273708e-11
squares,linear+corner,64,0.64,0.3,0,19,retained_failed_partial,False,False,78,78,78,True,,c191f0aacebb1ba34a7a97e894683ee415a65b727e6d9590fba03febbc19a699,,,f8b77ca9ec66ab7bf1041331667b51e61e7b36991b1fb5898dfc36dd2e22d6ad,,0,,,,7.195907664155766e-10,,,,5.2657485112861484e-11,,,3.0108037445707183e-12
squares,linear+corner,64,0.64,0.3,0,20,retained_failed_partial,False,False,96,96,96,True,,fa745484e93b932e3bb2ed828f5aa5b0226f404e2106155236e9dd802e7bb718,,,3c662f490845df50a6973e6cfec852c2750f020f3bce1617f222d2d44b3a9731,,0,,,,3.365099271343402e-09,,,,1.6722940073312321e-10,,,2.0020447484530826e-11
squares,linear+corner,64,0.64,0.3,0,21,retained_failed_partial,False,False,98,96,96,True,,dac7aab735e54422e13646e70b12657adf23704f6782e378e5db1615343c67c3,,,65ba816f881967ebf71963586403cb6ef64510b3542b1dbfce4d698d8d06fd84,,0,,,,3.730223153920405e-08,,,,7.249102234501423e-10,,,3.383816674475826e-10
squares,linear+corner,64,0.64,0.3,0,22,retained_failed_partial,False,False,84,84,84,True,,a9ce6ef0ea068e8285fa5f28c6f3c8460fd8a961832722747199245e51f34b81,,,fbd3218766e2601042345fb50227a27925b4ac445e7b1ff524e574abd0cd6448,,0,,,,5.066277344576355e-10,,,,5.3269633767135884e-11,,,5.897433217429338e-12
squares,linear+corner,64,0.64,0.3,0,23,retained_failed_partial,False,False,103,102,102,True,,574d8b99cb7148c138d04b5cb75c2ea05ee31bed456aa8b7f9686eac7303229c,,,fec16a1468c79f4eda7f3cb6e7855ce6b94b1470166bda8b3f294057bb9fc896,,0,,,,4.269560056538608e-09,,,,1.259439714160536e-10,,,2.945373624455276e-11
squares,linear+corner,64,0.64,0.3,0,24,retained_failed_partial,False,False,96,96,96,True,,5f6db87a3385761f32b641d27f07aaf5b1bb6c6b6ac464ba883f1fcae89cc1a7,,,a27e9cd36abcef3408893834717b6f8698c2d57efc601230186220cab126d2cb,,2,LVIRA,,,0.18489860888982027,,,,3.908826723873681e-10,,,6.134335226980696e-11
squares,linear+corner,100,1.0,0.2,0,0,retained_failed_partial,True,True,47,46,46,True,fa2d37ad764638275fb01b21002308c48610bec1beb003c006cbde01d1e46cd4,fa2d37ad764638275fb01b21002308c48610bec1beb003c006cbde01d1e46cd4,True,77dd74bc3c1346462b8f10be60e5ad9631f023bd1aa76a42921618fa5267e9fb,77dd74bc3c1346462b8f10be60e5ad9631f023bd1aa76a42921618fa5267e9fb,True,0,,True,1.4095959133015048e-10,1.4095959133015048e-10,0.0,True,2.2794397324388372e-11,2.2794397324388372e-11,0.0,True,1.8473216886604793e-11
squares,linear+corner,100,1.0,0.2,0,1,retained_failed_partial,True,True,46,46,46,True,2ee91d5f73da055aaea72d5fe427454475606821894a88c4b524d7a270336cbd,2ee91d5f73da055aaea72d5fe427454475606821894a88c4b524d7a270336cbd,True,2332e8a2837958da7f474ca7cbdc2cb4d13e74bd7145158a9ae9dc81537f717f,2332e8a2837958da7f474ca7cbdc2cb4d13e74bd7145158a9ae9dc81537f717f,True,0,,True,6.64406020046964e-11,6.64406020046964e-11,0.0,True,2.376611586943707e-11,2.376611586943707e-11,0.0,True,2.5257142301701803e-12
squares,linear+corner,100,1.0,0.2,0,2,retained_failed_partial,True,True,55,54,54,True,f76c50cac9ad12021e7f7e73484d4b7d419487df946dee5bfdbeec80e9db6ff5,f76c50cac9ad12021e7f7e73484d4b7d419487df946dee5bfdbeec80e9db6ff5,True,44aee8036f28e299617cd64b09d0626171490338f7cdf135edbc7b73557b4b52,44aee8036f28e299617cd64b09d0626171490338f7cdf135edbc7b73557b4b52,True,0,,True,1.9334662516526993e-10,1.9334662516526993e-10,0.0,True,1.5857071593094554e-11,1.5857071593094554e-11,0.0,True,1.1679927640174088e-11
squares,linear+corner,100,1.0,0.2,0,3,retained_failed_partial,True,False,60,60,60,True,9e8107268975a7dbb95c6b3356f1ad9fd372c9bef66cb9a3a8fc13939aefe29c,9e8107268975a7dbb95c6b3356f1ad9fd372c9bef66cb9a3a8fc13939aefe29c,True,36c0eb89f476089a0be0e952e14bc217a19296d1ede859b06c497da69da30884,36c0eb89f476089a0be0e952e14bc217a19296d1ede859b06c497da69da30884,True,2,LVIRA,True,,0.02436400749339411,,,,2.854983162274259e-11,,,1.3670196417847758e-11
squares,linear+corner,100,1.0,0.2,0,4,retained_failed_partial,False,False,73,72,72,True,,cc0a3c24722cdaeb4841b941c5efe7c8d69235e5942afc8e2fd0b55e2b279d12,,,9e243caae583fe7cbe34d116069df21cb3cf48ae273f071941e7652a62337ced,,0,,,,4.250654053661801e-10,,,,2.7056852934450086e-11,,,9.028657297039187e-12
squares,linear+corner,100,1.0,0.2,0,5,retained_failed_partial,False,False,68,68,68,True,,11d279aba3ccf1f48d58018cb0d19d606c682af26a227a75219e905f7086e1ca,,,d73c15e436eff62178fac8a57a8d89b248e4da26fb77fbed456f2439b79370aa,,0,,,,5.036672886280553e-10,,,,2.8035626787244574e-11,,,6.814873254086661e-12
squares,linear+corner,100,1.0,0.2,0,6,retained_failed_partial,False,False,78,78,78,True,,8e90d5bc85522d2a35954913baf169dacc160cdf86b45a079a9d8c8e1c46053d,,,04efe29e1a9e05483e5f9382fdd7cd4baa6ce3f6cde65b661d579c7e68d9d461,,0,,,,2.2937616663741e-09,,,,4.235714671793711e-11,,,4.636308434391183e-11
squares,linear+corner,100,1.0,0.2,0,7,retained_failed_partial,False,False,75,74,74,True,,842659ec00c1138e30c84c67cf48fd536af39bc918f36820844a6cb1da6b0bd1,,,f8476fe90d90b28072a8a7146e5ccea2617eed54eb1da97d185282bdb5463edc,,0,,,,2.6698183136613296e-10,,,,4.6064439218919873e-11,,,1.658922344810769e-12
squares,linear+corner,100,1.0,0.2,0,8,retained_failed_partial,False,False,91,90,90,True,,0d6d00c2a8bbfec1520f8f5d9b0451220980ccae0b13c04b37a76056c602fb78,,,b9774d5c5467c01a4b17b5502f68c73f2ec472d6e807a44dd7bc00b02ee40d10,,0,,,,9.018721321215107e-10,,,,5.7338048070125196e-11,,,3.2756879268990534e-11
squares,linear+corner,100,1.0,0.2,0,9,retained_failed_partial,False,False,92,92,92,True,,352617ab13aade61787e1b49905fc7d9c66cfb6fb1db0450c9a7e0d1a26c83fc,,,9e254ece96515d7f3e955318748a9a64158814572e2c2baab0b4613dee7a0a87,,0,,,,4.6545724009722187e-10,,,,4.158545534741857e-11,,,7.474108196607491e-12
squares,linear+corner,100,1.0,0.2,0,10,retained_failed_partial,False,False,99,98,98,True,,965d1547c76afc364fe4397d835ac677ec07a8e1d4c03d08d83e14c29319bbfc,,,9c434509a04db23053d532f3c5a925c7649e5cd94c84f0d8fd8f813393b2a156,,0,,,,3.539070588502292e-10,,,,2.687528267448023e-11,,,3.916898147771174e-12
squares,linear+corner,100,1.0,0.2,0,11,retained_failed_partial,False,False,96,96,96,True,,50774e76ff25eddbae18fd76f7cb81b4e8f88022e4cc047d0f478ec6a13798c8,,,ed3ec7754b21d249d819059a23af40562748239a9560fe94e81996462cf1fe50,,0,,,,7.969361953537384e-10,,,,4.562783079543581e-11,,,2.8695092024363093e-12
squares,linear+corner,100,1.0,0.2,0,12,retained_failed_partial,False,False,103,102,102,True,,8876e01ecece20d5cee3c6e683a0694d4c90ce89df6d26b24fc6b81135d65bff,,,c2a353253bbe35c969b9fa74b68bce6d727017d06d0cbd4414157bdd789538ba,,0,,,,2.9387920602923823e-09,,,,1.28900257281357e-10,,,4.4940193263118246e-11
squares,linear+corner,100,1.0,0.2,0,13,retained_failed_partial,False,False,102,102,102,True,,acd3a4de557e4740573aa5988953ee7185279d46e6e2ddf10e1e9ce2ce5201fa,,,f0bb3d94e5ede0389b200e8352a2c4a726e31e068c173386ed78740a620d7468,,0,,,,1.694780605556612e-09,,,,3.205394086346705e-11,,,2.157424349623435e-11
squares,linear+corner,100,1.0,0.2,0,14,retained_failed_partial,False,False,104,104,104,True,,edce61b8a12170a6f6cf0d8c57bd2486ea0f4359b0f59ae3fdcd7b21e26eaba7,,,ad1a4ec2924d298690bb5a71c7470e17cf05eca070985ed788f68b181b8abcca,,0,,,,4.0631176081968354e-09,,,,7.208490183987984e-11,,,5.04243645883546e-11
squares,linear+corner,100,1.0,0.2,0,15,retained_failed_partial,False,False,119,118,118,True,,8c7109bf4d80eb74645d99fbcdcdfbdd8b1e58381fe6de2c5220bd775c58a065,,,9db918e9aac96ee7a1f381fa1bb6d65c9dce9546104270592b7cd9d2dd32f195,,0,,,,6.33077205122119e-10,,,,4.391988690504363e-11,,,4.338834932112146e-12
squares,linear+corner,100,1.0,0.2,0,16,retained_failed_partial,False,False,117,116,116,True,,261c9fc7b7258e831391c32efab97dc8198d04f70a7fa37e54d34533946784e9,,,79a1f3086a6a6917b22cc8bf877916a188563d5592d3758bdddbb6411370977a,,0,,,,7.99759953154682e-08,,,,6.31790238360499e-09,,,1.1725951205605402e-09
squares,linear+corner,100,1.0,0.2,0,17,retained_failed_partial,False,False,130,128,128,True,,cadd36ec71d9c7eedf2504581a8fed2754304ea214604bca256ec2e9e716a180,,,9c291e5a512abd609cb3e2c99a718f0bd4f21ce232da080473f81b0f5257264b,,0,,,,3.6416664691216244e-09,,,,1.1162040835654888e-10,,,4.849477938207802e-11
squares,linear+corner,100,1.0,0.2,0,18,retained_failed_partial,False,False,140,140,140,True,,02bfc70dee17902511fcf27ca86bc54384ae7681ec76c362797bd53b7dd45aca,,,28147e2b2bfccf57475abfcf30ac3f377daafce9e049ef33b5decb9738722d58,,0,,,,1.0544407660639015e-05,,,,2.5095528703883413e-08,,,1.5771140977545472e-07
squares,linear+corner,100,1.0,0.2,0,19,retained_failed_partial,False,False,121,120,120,True,,a475b398633f9880295490b1a44e34e5ff3c3a5045e018712d2985ea39edbf86,,,d8f8aad9d58922d2fb63937338ce15188f96783daf6978fe35963c4ca6610b34,,0,,,,1.1560871604304274e-09,,,,8.358103430789262e-11,,,1.6222105291028264e-11
squares,linear+corner,100,1.0,0.2,0,20,retained_failed_partial,False,False,149,146,146,True,,51322a3a5fed2dc49f4a4304cccf4e55475c6e399b5fd6b816c9ec08904a227d,,,4179842f75c2549958be2a0c3549f153e97a36eb5f02944345930a8110e63975,,0,,,,4.645909675354174e-09,,,,1.5560660405412728e-10,,,1.2154748775757196e-10
squares,linear+corner,100,1.0,0.2,0,21,retained_failed_partial,False,False,153,152,152,True,,9c9e063f7ab08de0d44dcf151c0b3a732f5fbf615974a519e6fa4d8b75ac25f3,,,36c78b71be20f9a0f2a236f5eaeb238d642c31bf26336037b830a33a5b4e1fe3,,0,,,,7.679387297539667e-09,,,,1.181610250144111e-10,,,1.3056474596476011e-10
squares,linear+corner,100,1.0,0.2,0,22,retained_failed_partial,False,False,126,126,126,True,,7e25c12f7b3b67e2340d10d899f4bbbf99beb9cdff007d69edff2bf4bdaff027,,,0c42069f0838d01a31e9313459247a667c9c031b6107d52e2f89d87664918b53,,0,,,,2.1326330864137508e-10,,,,4.8826907173535254e-11,,,1.118311259843413e-11
squares,linear+corner,100,1.0,0.2,0,23,retained_failed_partial,False,False,161,160,160,True,,4fcff4253a13913a0dcf5db96129dc92ebd9e7a246c7e3fcab5af4fa679c331f,,,5fba24ca0cfbbbb740c4a82e620c6cbcf2351f035cf5e6275caf861f5259731e,,0,,,,3.38546868999146e-09,,,,6.676799934209618e-11,,,3.215444414550458e-11
squares,linear+corner,100,1.0,0.2,0,24,retained_failed_partial,False,False,135,134,134,True,,6127baaf88f3bcb75e4e840db0a964b06030473327f6583d0a877478f5dc6761,,,172138ad7440ba75ea29b928c6303a9409581d59154a31e8bb4c32ecc1ec880b,,0,,,,1.279963648105863e-09,,,,1.0714996262652444e-10,,,3.833087906700151e-12
squares,linear+corner,100,1.0,0.3,0,0,retained_failed_partial,True,True,48,46,46,True,71f319f4a901c53aebda789118280ed0745abc56e748374b7f56eb2fefe9483e,71f319f4a901c53aebda789118280ed0745abc56e748374b7f56eb2fefe9483e,True,3124786f79dbe59f3b3b17283567075361446f478da5b804c7ae7595739e57ff,3124786f79dbe59f3b3b17283567075361446f478da5b804c7ae7595739e57ff,True,0,,True,2.0665067673503448e-10,2.0665067673503448e-10,0.0,True,1.974188086246705e-11,1.974188086246705e-11,0.0,True,2.381979517253352e-12
squares,linear+corner,100,1.0,0.3,0,1,retained_failed_partial,True,True,48,48,48,True,63ec9d2387b676dd3feeb556ae8a287725d136d35b2b1da724a8eddff9bf4b13,63ec9d2387b676dd3feeb556ae8a287725d136d35b2b1da724a8eddff9bf4b13,True,727858c93ee51a0e98539bb753fd187b14aa4926414796001d0286de137f936c,727858c93ee51a0e98539bb753fd187b14aa4926414796001d0286de137f936c,True,0,,True,7.189384778776223e-11,7.189384778776223e-11,0.0,True,8.719364267423574e-12,8.719364267423574e-12,0.0,True,8.379105858235584e-13
squares,linear+corner,100,1.0,0.3,0,2,retained_failed_partial,True,True,54,54,54,True,6cde1dd7f74cdcb506f7bcb9aebe8fc7375d0e3a22ece3d329d9ae093c47c371,6cde1dd7f74cdcb506f7bcb9aebe8fc7375d0e3a22ece3d329d9ae093c47c371,True,58fd18fcb4ecfefd585279c149193945b5d37e12806f79ee0584a2c2982c0e27,58fd18fcb4ecfefd585279c149193945b5d37e12806f79ee0584a2c2982c0e27,True,0,,True,1.6885726701195912e-10,1.6885726701195912e-10,0.0,True,1.1641186346407905e-11,1.1641186346407905e-11,0.0,True,9.741321727372778e-13
squares,linear+corner,100,1.0,0.3,0,3,retained_failed_partial,True,True,61,60,60,True,5be2d8db802dc0e982a84a74740472d3c4614adcd5a85aa2e5478666a044b4d5,5be2d8db802dc0e982a84a74740472d3c4614adcd5a85aa2e5478666a044b4d5,True,65b27e78f26a12f2042cb099d63ce9e6e11857de74beee35722bddb58906172e,65b27e78f26a12f2042cb099d63ce9e6e11857de74beee35722bddb58906172e,True,0,,True,2.9812465165016533e-10,2.9812465165016533e-10,0.0,True,0.011485437007837841,0.011485437007837841,0.0,True,1.4904176951485788e-11
squares,linear+corner,100,1.0,0.3,0,4,retained_failed_partial,True,True,73,72,72,True,b03a3b11f00cbe75adbfd4c1850b76c8d5ddd831b626672c61f3a2088d33ff05,b03a3b11f00cbe75adbfd4c1850b76c8d5ddd831b626672c61f3a2088d33ff05,True,31605309a6488320b80218d944705dcc97d4429627f82dab50b8a5151ea0f574,31605309a6488320b80218d944705dcc97d4429627f82dab50b8a5151ea0f574,True,0,,True,1.985902096608398e-10,1.985902096608398e-10,0.0,True,2.086149602046591e-11,2.086149602046591e-11,0.0,True,3.335700870101135e-12
squares,linear+corner,100,1.0,0.3,0,5,retained_failed_partial,True,True,71,70,70,True,cdc78f954c2c027f49ab374aecfa1389d548c9d6e26305ccdfe635fb596c263f,cdc78f954c2c027f49ab374aecfa1389d548c9d6e26305ccdfe635fb596c263f,True,067832624ef6f6697b43526837af9340186d9ab96df1d196fc43a1578931c026,067832624ef6f6697b43526837af9340186d9ab96df1d196fc43a1578931c026,True,0,,True,7.67904849864688e-11,7.67904849864688e-11,0.0,True,1.3731847975779605e-11,1.3731847975779605e-11,0.0,True,1.1918169906704158e-12
squares,linear+corner,100,1.0,0.3,0,6,retained_failed_partial,True,True,79,78,78,True,b1663fadb5275c20f6c609277d15545348ba3d43e502e401a859e7647dafbbe9,b1663fadb5275c20f6c609277d15545348ba3d43e502e401a859e7647dafbbe9,True,53cc91ebc8019e980347cb918f72810d111f505b195833c368b3fc4b30bf2094,53cc91ebc8019e980347cb918f72810d111f505b195833c368b3fc4b30bf2094,True,0,,True,3.4492532853906917e-10,3.4492532853906917e-10,0.0,True,3.3874401900543096e-11,3.3874401900543096e-11,0.0,True,6.178398829384039e-12
squares,linear+corner,100,1.0,0.3,0,7,retained_failed_partial,True,False,81,81,81,True,1eb48b18a57a7263161881a0da9ba5592cdc1a238cb8dd0b2dd65c0b7df6099b,1eb48b18a57a7263161881a0da9ba5592cdc1a238cb8dd0b2dd65c0b7df6099b,True,6504d87c438f90432150fdea77752e38742f32a423e7b3ccf303337dca27690a,6504d87c438f90432150fdea77752e38742f32a423e7b3ccf303337dca27690a,True,1,LVIRA,True,,0.24023084567096745,,,,0.009587626729943519,,,1.0812964267076063e-11
squares,linear+corner,100,1.0,0.3,0,8,retained_failed_partial,False,False,91,90,90,True,,058c963b839f1efd5710e1e162434f4672f1c1c2cb331f3b0b4f7c66d468268d,,,c98fcdda615d503b97801a11e365c18ebf74e67ec693568cf12b3a0696f49d49,,0,,,,2.205015150529537e-09,,,,1.137338298446936e-10,,,5.405814708487529e-11
squares,linear+corner,100,1.0,0.3,0,9,retained_failed_partial,False,False,92,92,92,True,,3fb81f57343ff4c5cdbeebd9db4ba3dae49751e3d31373e05687acc4fb59c968,,,788770fb082d568cb312407c52e081bd3f72a5c3e2e35630f43f90374d6e84d4,,0,,,,2.7480476156930465e-10,,,,4.4997201350116026e-11,,,9.508391794026855e-12
squares,linear+corner,100,1.0,0.3,0,10,retained_failed_partial,False,False,99,98,98,True,,41e2d1e7079fe2f17cd5670acb4a726f048ae858c7db56704dcc9416a890d8e2,,,2e8db9c1a985ec8808823d6cf114f9b70385c892318c6cce3fbbcd99f92a3d34,,0,,,,1.1525170830449427e-09,,,,6.527398175917786e-11,,,2.0201452392406886e-11
squares,linear+corner,100,1.0,0.3,0,11,retained_failed_partial,False,False,97,96,96,True,,7c7693d40a31da7f7384cb1475383cc002f628c9d30605de8bb5ea3d0055116c,,,83a55f9d5a21d4572ab7959aa0f2a1ccc1b04c71aa755bb29adba0a7571db91b,,0,,,,2.8477835720370297e-10,,,,5.0065867653350093e-11,,,1.3308065939624115e-11
squares,linear+corner,100,1.0,0.3,0,12,retained_failed_partial,False,False,103,102,102,True,,a083adf787fca380cd92c88d1bf3d77a360021a99942c8f35780bf164b390848,,,4fd12fb41133ac2efd23726ace97fc6795b2bf9bda043fdd36bc4dca3d81258f,,0,,,,1.2374448785603614e-08,,,,3.2760797780991635e-10,,,2.7464225593398013e-10
squares,linear+corner,100,1.0,0.3,0,13,retained_failed_partial,False,False,104,104,104,True,,3be23e6d649fa9f2136caf1e6139831f7a29ec3a6e0c5ebf810eec5a3bc68dee,,,5cad7696842fd2a133e05fb375c71ccacad244d2cef00c0dd496183d416e5ae9,,0,,,,3.1934231096522336e-10,,,,2.456483169317312e-11,,,5.856272370032072e-12
squares,linear+corner,100,1.0,0.3,0,14,retained_failed_partial,False,False,108,108,108,True,,41947416938b6ca884bd0c645c819a86076e00ff1229bb7e010045b5d866e07e,,,8c9bbf21f8793e16cdf78a0fe4e3213d7450a59053b17ff7252b622f67f07931,,0,,,,1.8047726183766736e-09,,,,6.216216119133221e-11,,,2.8224043480282918e-11
squares,linear+corner,100,1.0,0.3,0,15,retained_failed_partial,False,False,119,118,118,True,,d8155b4f7baf4a26d789f5cb31b957538f4f8b2ee6f2adfd3a192738f5732f89,,,ef52ac905d67682b24a3b86137c610380c090d74a47bc4d44a0b029dcb3e09ee,,0,,,,3.7039795098669076e-10,,,,3.729931661715333e-11,,,3.981698639186567e-12
squares,linear+corner,100,1.0,0.3,0,16,retained_failed_partial,False,False,117,116,116,True,,bfbd8cff69d1547120011c949c377ca2337b37e5f452906dd8bffb0d22c44723,,,67da4d30cd53f5016f844f70fd31723a93ded8e1567e93307ab91e64ac48e6ca,,0,,,,3.910792042114396e-10,,,,4.0835580779794866e-11,,,4.961539091861334e-12
squares,linear+corner,100,1.0,0.3,0,17,retained_failed_partial,False,False,130,128,128,True,,a7b3d4f8ff126d26e9b6f1bc1fc49d1f976fcfd036d470f35592edeff7160843,,,4fc175430eac31e6f64c223eafce78b8e8f8207bf17b320f5f35cead8c4dc562,,0,,,,2.622465255598568e-09,,,,8.220808775675896e-11,,,5.862664973216548e-11
squares,linear+corner,100,1.0,0.3,0,18,retained_failed_partial,False,False,140,140,140,True,,45f2068cc1a8d88308d5bc4125bddc42faf8fffa6afd2a9c6faaa9672dc4e09a,,,750ccdc4d3d6d1d464cef6362404544432e25d397ea439d39d2921becc261e29,,0,,,,3.758304831995103e-09,,,,9.596351522558107e-11,,,4.534361993876893e-11
squares,linear+corner,100,1.0,0.3,0,19,retained_failed_partial,False,False,123,122,122,True,,a50e8040b9dc583a13b0963b3ccbcdc3df9d7438b0e339110a3978e9599e6e39,,,980a717e4192ff786a53434938bdb0ec8bf13bae8b2c5d5ee28267f9d7e59c78,,0,,,,1.1717523086190013e-09,,,,1.721565604647521e-10,,,1.5113093494166783e-11
squares,linear+corner,100,1.0,0.3,0,20,retained_failed_partial,False,False,149,146,146,True,,ef311f8548ee00014d669ac250fa08bf84d984930cbbfaa8509fb5c8ecba9987,,,2fb7d6ce59eb1da54087c9704edcf78936b2562b64d2a2a1936d7d943e57b022,,0,,,,1.655278067721547e-08,,,,2.36840758629578e-10,,,1.0743124016038066e-10
squares,linear+corner,100,1.0,0.3,0,21,retained_failed_partial,False,False,152,152,152,True,,08abcba26c685725dedd13d57649609bbafe2150aaf73231fcf1274310443ba9,,,2010d8ea0da9b8026bec1d4f45e64419418d5b233f42715204df14f89245bf87,,0,,,,3.3727396226167843e-09,,,,1.167270862897869e-10,,,2.553286735539338e-11
squares,linear+corner,100,1.0,0.3,0,22,retained_failed_partial,False,False,134,134,134,True,,5776173a3e4df44deca5b1abb1bdd25672234e1b0146946cc7a86d231d33af30,,,9a02c5a1997065c2235e3916ecb9aec9b189d3b95739674e563e6d5ff2e0c6d9,,0,,,,1.2634025296391087e-10,,,,4.0210173265971795e-11,,,6.542699629509432e-12
squares,linear+corner,100,1.0,0.3,0,23,retained_failed_partial,False,False,161,160,160,True,,b54afccf4d8480c23c19dc4166416ab99a46ae1c7da6042068afbc1beddf1c3c,,,0b4e608b126d75b1fa24753dfa9909fdb48a0627d2544047a75ff1ca49c9931b,,0,,,,1.1038725272209746e-09,,,,7.218521447748409e-11,,,2.3738654049861493e-11
squares,linear+corner,100,1.0,0.3,0,24,retained_failed_partial,False,False,143,142,142,True,,ae7fdcea431b8be41d4af9b0efc4991fe564a4608730208b2a6f7f72e37a6c36,,,d1d019a876812b98c435916dd129164ae0dbc76043c3ca578969fd1e0bf48010,,0,,,,2.988825301396786e-08,,,,3.078037601678888e-10,,,2.985656576004911e-10
squares,linear+corner,128,1.28,0.2,0,0,archived_success,True,True,65,64,64,True,b621cd99d7d53cd73c85e8399c5cbf3fe4f6c5b98c4f3db7efa15f78ec3f21b7,b621cd99d7d53cd73c85e8399c5cbf3fe4f6c5b98c4f3db7efa15f78ec3f21b7,True,18a148ed98dcd3b852df7b24a29435a3f7c28d5ed6b921fbf4da17b7153a0c61,18a148ed98dcd3b852df7b24a29435a3f7c28d5ed6b921fbf4da17b7153a0c61,True,0,,True,6.068664433541175e-09,6.068664433541175e-09,0.0,True,3.515200874556708e-10,3.515200874556708e-10,0.0,True,7.127130710783247e-14
squares,linear+corner,128,1.28,0.2,0,1,archived_success,True,True,66,66,66,True,07022813c2124e5acde08a20cb7cab0b2b6094406c0ff2c4ca67769703167d77,07022813c2124e5acde08a20cb7cab0b2b6094406c0ff2c4ca67769703167d77,True,6ae6d31ba03056623840728e8eabbac1106e2f31888e5959f1cb52d9bfb643a0,6ae6d31ba03056623840728e8eabbac1106e2f31888e5959f1cb52d9bfb643a0,True,0,,True,9.57306042874811e-11,9.57306042874811e-11,0.0,True,1.3904869107156993e-11,1.3904869107156993e-11,0.0,True,4.241922144711654e-12
squares,linear+corner,128,1.28,0.2,0,2,archived_success,True,True,68,68,68,True,98448d3dd0c8ce131a0c9f6fa650f92b0d1a4329d092a46b59d38c493bb5371e,98448d3dd0c8ce131a0c9f6fa650f92b0d1a4329d092a46b59d38c493bb5371e,True,c83cf63f8c9defdae200bcd0351a1268cb3012392c953e354c2b268bc8bab259,c83cf63f8c9defdae200bcd0351a1268cb3012392c953e354c2b268bc8bab259,True,0,,True,1.2059119603563786e-09,1.2059119603563786e-09,0.0,True,3.213853879426319e-11,3.213853879426319e-11,0.0,True,5.801248286214029e-11
squares,linear+corner,128,1.28,0.2,0,3,archived_success,True,True,76,76,76,True,5b14dacef8d77553b684e3eddd56d57e55dd1adc18f07c91d795562fb881955b,5b14dacef8d77553b684e3eddd56d57e55dd1adc18f07c91d795562fb881955b,True,2105ce807a8b5041acf6dc5b394c64c7ede60bbae995884d1bd9469283c86c41,2105ce807a8b5041acf6dc5b394c64c7ede60bbae995884d1bd9469283c86c41,True,0,,True,8.281971823788924e-10,8.281971823788924e-10,0.0,True,5.3677389763326335e-11,5.3677389763326335e-11,0.0,True,2.041026985920467e-11
squares,linear+corner,128,1.28,0.2,0,4,archived_success,True,True,96,96,96,True,b4a184b9c3517a3b53f1d43468c37d2a257281e54772c23790830b2339ddaab6,b4a184b9c3517a3b53f1d43468c37d2a257281e54772c23790830b2339ddaab6,True,c6f24d0e56d11f6b8e177b7071f5338eb27bdf15adf4a11d477bbfdbb2c63b00,c6f24d0e56d11f6b8e177b7071f5338eb27bdf15adf4a11d477bbfdbb2c63b00,True,0,,True,3.863506548724373e-10,3.863506548724373e-10,0.0,True,3.213323262747059e-11,3.213323262747059e-11,0.0,True,1.0657868873300558e-11
squares,linear+corner,128,1.28,0.2,0,5,archived_success,True,True,82,82,82,True,8bbb611298b2229e322b3f33e7424fd1690cdcc4b05c943f4c23ac718006c70d,8bbb611298b2229e322b3f33e7424fd1690cdcc4b05c943f4c23ac718006c70d,True,d47721fe2f320e68c35062f32c0d5f1724300040f042a6b54e842f218200b67a,d47721fe2f320e68c35062f32c0d5f1724300040f042a6b54e842f218200b67a,True,0,,True,6.789197171085211e-11,6.789197171085211e-11,0.0,True,9.821418067826774e-12,9.821418067826774e-12,0.0,True,2.623258775150988e-12
squares,linear+corner,128,1.28,0.2,0,6,archived_success,True,True,100,100,100,True,66cfe8d0e4247071cfb49ea230788199bb3e0b0bf7af5119945c90fed4eb85f4,66cfe8d0e4247071cfb49ea230788199bb3e0b0bf7af5119945c90fed4eb85f4,True,a8c38a60a32eac1cbec0337f752f87150d5908532bc193d11d4c4a1e47ed74e6,a8c38a60a32eac1cbec0337f752f87150d5908532bc193d11d4c4a1e47ed74e6,True,0,,True,1.930553735863408e-09,1.930553735863408e-09,0.0,True,9.316969757041482e-11,9.316969757041482e-11,0.0,True,2.0890276690307996e-11
squares,linear+corner,128,1.28,0.2,0,7,archived_success,True,True,93,92,92,True,ca7a63b993372dbf476ae9d94fee35711ba0ffb42f9ed89d9db9180147359886,ca7a63b993372dbf476ae9d94fee35711ba0ffb42f9ed89d9db9180147359886,True,03e5917403cc7daf687ac5651ab26dddc4908708cd9e426042ee6c5b4d5215e4,03e5917403cc7daf687ac5651ab26dddc4908708cd9e426042ee6c5b4d5215e4,True,0,,True,9.425274232455942e-10,9.425274232455942e-10,0.0,True,9.727878878475984e-11,9.727878878475984e-11,0.0,True,2.397736390638029e-11
squares,linear+corner,128,1.28,0.2,0,8,archived_success,True,True,120,120,120,True,fb516d126fd50a570306e160121ba7b70e444fed0a4bf0d390006e2f4cb06d33,fb516d126fd50a570306e160121ba7b70e444fed0a4bf0d390006e2f4cb06d33,True,d44902b5213f6e5d04c7ea64d47f44c20b338156d738a087b2e08c74c9e7d1de,d44902b5213f6e5d04c7ea64d47f44c20b338156d738a087b2e08c74c9e7d1de,True,0,,True,5.053006541315106e-10,5.053006541315106e-10,0.0,True,3.116729991331742e-11,3.116729991331742e-11,0.0,True,1.199293792052529e-11
squares,linear+corner,128,1.28,0.2,0,9,archived_success,True,True,120,116,116,True,c3f2440a332c01bdc5869ae0c9423edfdc6383739069e45cf2912f6089393143,c3f2440a332c01bdc5869ae0c9423edfdc6383739069e45cf2912f6089393143,True,82dd4a0aef70ad2ba6ab6d9e2d0c63cb525232a9091d5447f791d58bec2eb9ab,82dd4a0aef70ad2ba6ab6d9e2d0c63cb525232a9091d5447f791d58bec2eb9ab,True,0,,True,3.412053372854415e-10,3.412053372854415e-10,0.0,True,2.732601776898688e-11,2.732601776898688e-11,0.0,True,6.940455634523278e-12
squares,linear+corner,128,1.28,0.2,0,10,archived_success,True,True,126,124,124,True,e35b7d3152be05d7544f18c0a2349f0bc540589c1eb7c96be74b34e4b33edeac,e35b7d3152be05d7544f18c0a2349f0bc540589c1eb7c96be74b34e4b33edeac,True,e88672d9c328d382c55be16ee0be777c2ad394b53e13015fa9b0ad826df117a8,e88672d9c328d382c55be16ee0be777c2ad394b53e13015fa9b0ad826df117a8,True,0,,True,5.247193388826344e-10,5.247193388826344e-10,0.0,True,3.933291246218306e-11,3.933291246218306e-11,0.0,True,6.486681412032578e-12
squares,linear+corner,128,1.28,0.2,0,11,archived_success,True,True,122,122,122,True,0aad66d50dee16f07f31a25a0bdb9e3f19a4cf330022b79cce8a473bfe013449,0aad66d50dee16f07f31a25a0bdb9e3f19a4cf330022b79cce8a473bfe013449,True,09bfca9c391fd27d18af62ea87f94553175ac5d845695259c31e8b97943c7268,09bfca9c391fd27d18af62ea87f94553175ac5d845695259c31e8b97943c7268,True,0,,True,6.842802854956414e-10,6.842802854956414e-10,0.0,True,5.439281709194854e-11,5.439281709194854e-11,0.0,True,9.191121501606922e-12
squares,linear+corner,128,1.28,0.2,0,12,archived_success,True,True,131,130,130,True,1c590b705bf10f32f6d3a9a300588a300c143adaa5a9ae30b1c7d031366a1425,1c590b705bf10f32f6d3a9a300588a300c143adaa5a9ae30b1c7d031366a1425,True,fb2e4434f66e45eac69a8eb557d523de162f0c6ea94c43b782ceb0154d660a0e,fb2e4434f66e45eac69a8eb557d523de162f0c6ea94c43b782ceb0154d660a0e,True,0,,True,5.537189754705535e-10,5.537189754705535e-10,0.0,True,3.969805524116619e-11,3.969805524116619e-11,0.0,True,7.1043050835919295e-12
squares,linear+corner,128,1.28,0.2,0,13,archived_success,True,True,130,128,128,True,8e9eda8baec0b518eb390e50daa55bdb6b9a6bbb946e6ce2bd5187d833c58520,8e9eda8baec0b518eb390e50daa55bdb6b9a6bbb946e6ce2bd5187d833c58520,True,e50102a090d10557a38141def80b06cf19d29b17d5f34adcb0eb694d16c5c7ee,e50102a090d10557a38141def80b06cf19d29b17d5f34adcb0eb694d16c5c7ee,True,0,,True,1.7559181344319039e-09,1.7559181344319039e-09,0.0,True,7.857564663139454e-11,7.857564663139454e-11,0.0,True,1.98748058842486e-11
squares,linear+corner,128,1.28,0.2,0,14,archived_success,True,True,137,136,136,True,886d1d842959d285b7f32b7988c2786ce680c02aea8e45ff31d32d07a7f8d499,886d1d842959d285b7f32b7988c2786ce680c02aea8e45ff31d32d07a7f8d499,True,801c1cee7af4a4d3bae0a2b259c533a1eb259cc2b7b9d33fa4edfa4edbba36fd,801c1cee7af4a4d3bae0a2b259c533a1eb259cc2b7b9d33fa4edfa4edbba36fd,True,0,,True,7.325568624879054e-10,7.325568624879054e-10,0.0,True,5.1489767389692486e-11,5.1489767389692486e-11,0.0,True,6.035700853723767e-12
squares,linear+corner,128,1.28,0.2,0,15,archived_success,True,True,154,154,154,True,59a4fabbb706d943609ebbb68ddf78bc667a273f0826d5d4cc089bb2e09594b3,59a4fabbb706d943609ebbb68ddf78bc667a273f0826d5d4cc089bb2e09594b3,True,f439a0ab75ff1af8c0c1050979e4b2e8d9bfb0fe24179a6792f3cac2ce0a1d1b,f439a0ab75ff1af8c0c1050979e4b2e8d9bfb0fe24179a6792f3cac2ce0a1d1b,True,0,,True,1.0531572720270656e-09,1.0531572720270656e-09,0.0,True,7.239367350352812e-11,7.239367350352812e-11,0.0,True,1.8906463491917074e-12
squares,linear+corner,128,1.28,0.2,0,16,archived_success,True,True,148,148,148,True,4f99f508bd4aefaaf4e2b4d2bc6b0ee8385cdd8adc7b4b65bb546c65baa9321f,4f99f508bd4aefaaf4e2b4d2bc6b0ee8385cdd8adc7b4b65bb546c65baa9321f,True,c73ac580c3b16c91ae0c6356155bb3f220b4d2995eef59b0092f11558f6f5c74,c73ac580c3b16c91ae0c6356155bb3f220b4d2995eef59b0092f11558f6f5c74,True,0,,True,4.5655907744957036e-10,4.5655907744957036e-10,0.0,True,4.8220454564670496e-11,4.8220454564670496e-11,0.0,True,8.097234639650458e-12
squares,linear+corner,128,1.28,0.2,0,17,archived_success,True,True,168,164,164,True,3721f2f05ad20f74eaefd6b30b6571e0d998e73d3339d29ed271be62a80f5383,3721f2f05ad20f74eaefd6b30b6571e0d998e73d3339d29ed271be62a80f5383,True,32121ab8de738bc1cb2829a9a27b735a4dbd4313e735e5a84fdbe08d9469056e,32121ab8de738bc1cb2829a9a27b735a4dbd4313e735e5a84fdbe08d9469056e,True,0,,True,2.502609599436676e-09,2.502609599436676e-09,0.0,True,1.2288995673882056e-10,1.2288995673882056e-10,0.0,True,4.1259986384473154e-11
squares,linear+corner,128,1.28,0.2,0,18,archived_success,True,True,180,180,180,True,8ad7dee588d780751e5b110de937d396bd16adbfa6ceec6614ecefc012d682e0,8ad7dee588d780751e5b110de937d396bd16adbfa6ceec6614ecefc012d682e0,True,9ccc641265af592f4591739a288bf0004ca0716634b65d6edb8d301d7f87f6ae,9ccc641265af592f4591739a288bf0004ca0716634b65d6edb8d301d7f87f6ae,True,0,,True,2.2843742823983524e-09,2.2843742823983524e-09,0.0,True,8.71398998400704e-11,8.71398998400704e-11,0.0,True,1.5767722675567354e-11
squares,linear+corner,128,1.28,0.2,0,19,archived_success,True,True,154,154,154,True,83e641959f8bccaa89442509e9805b1a10eef6db164095008a4f200985f01c35,83e641959f8bccaa89442509e9805b1a10eef6db164095008a4f200985f01c35,True,e667d4941812806de2957fdb708cd5c93ef127c62a125f4a962e1690200dc894,e667d4941812806de2957fdb708cd5c93ef127c62a125f4a962e1690200dc894,True,0,,True,6.597752460474846e-09,6.597752460474846e-09,0.0,True,2.726398799964389e-10,2.726398799964389e-10,0.0,True,5.27304121433382e-11
squares,linear+corner,128,1.28,0.2,0,20,archived_success,True,True,192,192,192,True,41ac4793126d54cefa0c7ee413d061800bd7db9ef10bad1966c84d2d4dc4de9e,41ac4793126d54cefa0c7ee413d061800bd7db9ef10bad1966c84d2d4dc4de9e,True,56b325a87d879ec57ad4a5bbc7bd6b2206c2537afa5c82cc9350de60f1d23f10,56b325a87d879ec57ad4a5bbc7bd6b2206c2537afa5c82cc9350de60f1d23f10,True,0,,True,3.107200332839446e-10,3.107200332839446e-10,0.0,True,3.0629128023499e-11,3.0629128023499e-11,0.0,True,8.357523529855718e-13
squares,linear+corner,128,1.28,0.2,0,21,archived_success,True,True,196,196,196,True,0e87eb742994077088334658349a0f160619f3d0dbda668352c84c937271e67e,0e87eb742994077088334658349a0f160619f3d0dbda668352c84c937271e67e,True,47f59aa963d327f159b1f913a2e1cb185ec82c6e4ec99b2efd6e261e89960d73,47f59aa963d327f159b1f913a2e1cb185ec82c6e4ec99b2efd6e261e89960d73,True,0,,True,5.09410538770514e-09,5.09410538770514e-09,0.0,True,4.430625870401031e-11,4.430625870401031e-11,0.0,True,8.937367884235763e-11
squares,linear+corner,128,1.28,0.2,0,22,archived_success,True,True,168,168,168,True,07f84d7c66cf0e079548aa0923d28e1a40106f03889df6231597d22391e9305f,07f84d7c66cf0e079548aa0923d28e1a40106f03889df6231597d22391e9305f,True,05b4b28d5536f3f7cc6dec693c414679d0610f5934761ddbcf391ce5eb5dfe9f,05b4b28d5536f3f7cc6dec693c414679d0610f5934761ddbcf391ce5eb5dfe9f,True,0,,True,5.492976011426679e-09,5.492976011426679e-09,0.0,True,3.2583583002368385e-10,3.2583583002368385e-10,0.0,True,1.0965653263176669e-10
squares,linear+corner,128,1.28,0.2,0,23,archived_success,True,True,208,208,208,True,987217856f4cf20e7ab18bbbe1f29669849059efc5fbe6d106dd23f11764c075,987217856f4cf20e7ab18bbbe1f29669849059efc5fbe6d106dd23f11764c075,True,96af2cb1e3b266492e3ec82ea440144f0a449ea2aee4e9b4e63eb4a03991c2b8,96af2cb1e3b266492e3ec82ea440144f0a449ea2aee4e9b4e63eb4a03991c2b8,True,0,,True,2.1761866856340172e-08,2.1761866856340172e-08,0.0,True,2.4593359373818223e-10,2.4593359373818223e-10,0.0,True,1.96260033335705e-10
squares,linear+corner,128,1.28,0.2,0,24,archived_success,True,True,172,172,172,True,5249880698b7fa08d6dc945bb302e43cba7d8ae24ce112a92e0d8ecd99ec159a,5249880698b7fa08d6dc945bb302e43cba7d8ae24ce112a92e0d8ecd99ec159a,True,a5ff0e17f98c4b0e7594d87ae27ce0c6458136947881dde8b6a80a36346e0383,a5ff0e17f98c4b0e7594d87ae27ce0c6458136947881dde8b6a80a36346e0383,True,0,,True,1.2144832537921908e-09,1.2144832537921908e-09,0.0,True,1.195437589143829e-10,1.195437589143829e-10,0.0,True,9.908655862922249e-12
squares,linear+corner,128,1.28,0.3,0,0,retained_failed_partial,True,True,69,68,68,True,79412aa3110d32666771beb07b167b6fe00f4a1eafd5525c788cd0f7a78ac48e,79412aa3110d32666771beb07b167b6fe00f4a1eafd5525c788cd0f7a78ac48e,True,48a1d53f5c79c2f9af909c2c92652d22a9d9228dd3fac1a5a4afde70201c17f4,48a1d53f5c79c2f9af909c2c92652d22a9d9228dd3fac1a5a4afde70201c17f4,True,0,,True,1.4474202082701206e-09,1.4474202082701206e-09,0.0,True,0.009146147294543775,0.009146147294543775,0.0,True,4.139657507752339e-11
squares,linear+corner,128,1.28,0.3,0,1,retained_failed_partial,True,True,70,70,70,True,20d3dcfa3165b806e0f8dbbdf976ebbfdcb6e380893cc447c403b025b55e8182,20d3dcfa3165b806e0f8dbbdf976ebbfdcb6e380893cc447c403b025b55e8182,True,48441f08d08e7a92312419cdb050d91058211bc74b35058da213d0b2b498c24d,48441f08d08e7a92312419cdb050d91058211bc74b35058da213d0b2b498c24d,True,0,,True,5.79620253932869e-09,5.79620253932869e-09,0.0,True,5.617564556529206e-11,5.617564556529206e-11,0.0,True,2.1778341489018287e-10
squares,linear+corner,128,1.28,0.3,0,2,retained_failed_partial,True,True,72,72,72,True,2ca72832ed95444dc4ccb2f230e7534ba91986043a10baa829657dda0209772e,2ca72832ed95444dc4ccb2f230e7534ba91986043a10baa829657dda0209772e,True,320df96cd175237ea66c9453804aa96191996acd668b92ee1defe201c81e53ba,320df96cd175237ea66c9453804aa96191996acd668b92ee1defe201c81e53ba,True,0,,True,6.32506517093989e-10,6.32506517093989e-10,0.0,True,4.2568215496979985e-11,4.2568215496979985e-11,0.0,True,3.748291566898014e-12
squares,linear+corner,128,1.28,0.3,0,3,retained_failed_partial,True,False,81,80,80,True,e2b97d9483aaaf77888f0986e6ccc5ab66ef52d3fa4166555ada367fd74a85ee,e2b97d9483aaaf77888f0986e6ccc5ab66ef52d3fa4166555ada367fd74a85ee,True,d33a02679286b3f8bee8bee5976536332b1354f9cdf2955fd42d2fcad89ac023,d33a02679286b3f8bee8bee5976536332b1354f9cdf2955fd42d2fcad89ac023,True,2,LVIRA,True,,0.34987399911566314,,,,1.3265951359803938e-08,,,1.2577468549013864e-11
squares,linear+corner,128,1.28,0.3,0,4,retained_failed_partial,False,False,98,96,96,True,,0e325ad36cb0f99c31a119bc614dc4bccfff589c11af100e3aabb8441128aa16,,,da4795107050f06079fd93b89575ee36f497c392e5ab04e0cb4653b14c9f076b,,0,,,,6.584655507971019e-08,,,,1.9831493026036344e-09,,,3.8778374066526176e-10
squares,linear+corner,128,1.28,0.3,0,5,retained_failed_partial,False,False,90,90,90,True,,9d08b1018d60837a9a59ccdc37e0d6e3f57edeeafe623f40e6f11d95e450cd00,,,6ea1125200a1253e457de408a1a85d906e7342e867e67e3b0c898da9f1b8eb2c,,0,,,,1.630952688081415e-10,,,,6.121283545846403e-11,,,2.2532944356346286e-13
squares,linear+corner,128,1.28,0.3,0,6,retained_failed_partial,False,False,99,98,98,True,,5ecac823e4eee01fafee6328b049dd58c78d0f2f9257d4cd7204429f3783224d,,,1426fe951b501af6e583f220f07a882b49a9b24a5c732f10bd25f09a0b01e21c,,0,,,,6.738431529217813e-10,,,,3.4439438377889267e-11,,,3.352052015024984e-11
squares,linear+corner,128,1.28,0.3,0,7,retained_failed_partial,False,False,97,96,96,True,,e8a3df12296ae619f17a463870b1ca8963b2cbef47e0fe4a8ef8b03a0ceff737,,,c64b45cec05ee64a04e21b35047fdbd999d0860d7f3dae28abe3ffcdeb0ae71f,,0,,,,1.966649858425368e-09,,,,2.8355577149733006e-10,,,7.421752904751079e-12
squares,linear+corner,128,1.28,0.3,0,8,retained_failed_partial,False,False,120,120,120,True,,f1ee81a36bd2888e973e4adacaa237af8f1bc2776b91bce53bc884e9ce988090,,,c9b2252ae351133f8eb3d5a8d84c1677fa034056f1939e4b31d62c3a64e7e981,,0,,,,5.124142055805695e-10,,,,2.4831487529632303e-11,,,1.5485397044011516e-11
squares,linear+corner,128,1.28,0.3,0,9,retained_failed_partial,False,False,122,120,120,True,,51b8f75b450e8bdb53b2ece435ee7bbea5ddc7b9ab02bb9f12f19716b6788360,,,9bf29220749dafe053aa6317b8b7410d5a26071a90b840a05e506cfe8edd65c2,,0,,,,8.988530516676513e-09,,,,1.845509869275372e-10,,,1.819871906543102e-10
squares,linear+corner,128,1.28,0.3,0,10,retained_failed_partial,False,False,127,126,126,True,,d362cabc1c2f0d814a10cb8e854781d5d163172eb9ae251975f3dc65418546da,,,bf43c68aa8465526c20f02524369fccba614258b813fd88da4f8a880ec6afa6f,,0,,,,0.004895808953246306,,,,8.539562207647367e-05,,,1.909796025721912e-11
squares,linear+corner,128,1.28,0.3,0,11,retained_failed_partial,False,False,124,124,124,True,,99975cd8a99d711cbc181864c57cddd63b49a35e6d213cb36de4eb86e286979b,,,3b6388e4fa583c429cc114e511d69215c323e4f8a89b980889724b7c7dc534e7,,0,,,,1.0933547013131908e-09,,,,3.844406366982421e-11,,,2.6346163380459735e-11
squares,linear+corner,128,1.28,0.3,0,12,retained_failed_partial,False,False,132,130,130,True,,59a00fb94ebd2a5d9c36665c026abf8c7f517a76edb0e8973f666dc22a6901f1,,,63c06937f7a9b8b9df9882bf691f21b7d4437d88c501a6cb1e10dae0f3ae1fbc,,0,,,,2.2222566407519445e-09,,,,8.270754935878431e-11,,,2.0955756094211203e-11
squares,linear+corner,128,1.28,0.3,0,13,retained_failed_partial,False,False,134,132,132,True,,d647070dc011fee0c4d1583c7dbbbf6a77ae9cc8c7a6096a88b7488f25815ec9,,,c804505c3dae43c4945def7661d1f5a817be2970b40ff319b9acc874efb931b0,,0,,,,1.469718296489796e-08,,,,4.529113104101892e-10,,,2.4753799294387097e-10
squares,linear+corner,128,1.28,0.3,0,14,retained_failed_partial,False,False,139,138,138,True,,c579ca4b853d53284ef46b5ca7866ac82d72fd72755cab3ef5df92bee78c4353,,,c06573108589291f47ece629fba7501ad53134e23ec65eedabc31325b7dabbfe,,0,,,,1.2915697739414196e-09,,,,6.082266818722282e-11,,,3.0376292000291854e-11
squares,linear+corner,128,1.28,0.3,0,15,retained_failed_partial,False,False,154,154,154,True,,f0b7cd3292585886701f3d035e6e30f49ae243526c418812e685f7b1e48298ea,,,5733c87e574d8b5a388bf711bedbb2e2a045fef8e2681ab53421641f1a18406b,,0,,,,4.7565715692439664e-09,,,,1.5749842622642418e-10,,,2.3970292504083946e-11
squares,linear+corner,128,1.28,0.3,0,16,retained_failed_partial,False,False,150,150,150,True,,9502ca416fbb67666a59a9844a0eb6f0b518a6a44e53d6834541cc06dbe781e1,,,8b2e8e58ca451b9ba0a65c2183ce636c04edc08b7a02b764eee1e9870aebc337,,0,,,,7.116170149314971e-09,,,,3.857636817157651e-10,,,4.534671680016189e-11
squares,linear+corner,128,1.28,0.3,0,17,retained_failed_partial,False,False,167,164,164,True,,bfe7c836cd075c6d3907bd3d960de76ed9020d6b8dc6435fbf46673fba191cf5,,,7c523a06e5be14ff4498a2f0a417f90e780a51c9054a6d70da428512b53a512c,,0,,,,3.068118213390591e-09,,,,1.5946144264523518e-10,,,4.206979357470605e-11
squares,linear+corner,128,1.28,0.3,0,18,retained_failed_partial,False,False,180,180,180,True,,e5439859da6bd3d8398e5d54dfd294bbb835025b654ff7346f5975abd9010d54,,,d7bc70d3b73457731831474c8bab63ee1e692c00ddc6523deb46d673f6cf9b1f,,0,,,,3.455898833005698e-08,,,,5.53982473449056e-10,,,2.4183199458081183e-10
squares,linear+corner,128,1.28,0.3,0,19,retained_failed_partial,False,False,164,164,164,True,,b126adbe1622d9bf2da6154e9c1d162cfe1f2a8f2afd492af0fa1dff4fd1641d,,,5777b9fba6a87d4519b725e9c947283b2cb8d1fc01e8ef420c47a660668607a5,,0,,,,5.739875794516583e-05,,,,3.040472780207515e-09,,,6.454131299232606e-07
squares,linear+corner,128,1.28,0.3,0,20,retained_failed_partial,False,False,192,192,192,True,,cd41b77e10a91ce7911e2423e4877ea02f75ba92035277907e0543450b0cac0a,,,8332bb4e00f3a5b52aeb7e72070137c9d03b9ea7f7a92ffb264afa2da809aed9,,0,,,,2.2588182259254685e-08,,,,2.683921536001423e-10,,,3.895379738553379e-10
squares,linear+corner,128,1.28,0.3,0,21,retained_failed_partial,False,False,196,196,196,True,,334429ab02b7505d2bbd14f0717f8505e6aa4cc46f0959d0ae040a699630c52a,,,41041a7ce4021559df4babed0e0546ea47df2dba70ba432e122f56439e1f0f61,,0,,,,7.997735804309103e-09,,,,6.414951150366054e-11,,,1.1169222580834525e-10
squares,linear+corner,128,1.28,0.3,0,22,retained_failed_partial,False,False,183,182,182,True,,ce5b4e0ed2fd88fe5ed34d44b1081ccda6176fdfa765ff62aaca7a2b2793a64f,,,c6f15a36a95d53c6b99b9279498d4596909b860baea3fc1b6b583406238d3b65,,2,LVIRA,,,8.903672777134795e-08,,,,0.0034011500874828633,,,7.647988069636546e-12
squares,linear+corner,128,1.28,0.3,0,23,retained_failed_partial,False,False,208,208,208,True,,bd49f3e13626d296f5d10d02e29790fd57a069c5467f47daf984bd62d2b5b1d3,,,978392a4c4cef1b31744c956534a1b592156da62bf086bd2dc3dfeabee2c2d0c,,0,,,,1.6046453837201477e-09,,,,5.1556409735073537e-11,,,2.0552755361875944e-11
squares,linear+corner,128,1.28,0.3,0,24,retained_failed_partial,False,False,180,180,180,True,,e53f7125091849f07c24762affdd9482f4ad78900f44305490f8be26f35ab57f,,,16867e6589413f42edf12939df08764c2ce9b16a4892d2c34ac777dc1fe5dbbe,,0,,,,1.8265589228304176e-09,,,,4.0134517274343477e-10,,,8.811930511771427e-12
squares,linear+corner,150,1.5,0.2,0,0,retained_failed_partial,True,True,72,72,72,True,e5caf924ea3a20429dcc148e979d389a0f439616814aed2b1776261f8db77c8b,e5caf924ea3a20429dcc148e979d389a0f439616814aed2b1776261f8db77c8b,True,aa7a46cb4286154e6a5a71aa1a6fcf1f2d727d274323a64d22c0633d32f2ed10,aa7a46cb4286154e6a5a71aa1a6fcf1f2d727d274323a64d22c0633d32f2ed10,True,0,,True,1.9734474704505175e-09,1.9734474704505175e-09,0.0,True,6.668680729003103e-11,6.668680729003103e-11,0.0,True,7.40868493484292e-11
squares,linear+corner,150,1.5,0.2,0,1,retained_failed_partial,True,True,81,80,80,True,9496ca49559d526cbe7581e3d1aaf7ce9da0d07f7fce545a441070af30607609,9496ca49559d526cbe7581e3d1aaf7ce9da0d07f7fce545a441070af30607609,True,7e857778ca6943941098af111803a152afad1a1a4037ed433981d6c46e3c3c03,7e857778ca6943941098af111803a152afad1a1a4037ed433981d6c46e3c3c03,True,0,,True,4.396009530339206e-10,4.396009530339206e-10,0.0,True,1.3380675699218876e-10,1.3380675699218876e-10,0.0,True,2.3615587560811576e-12
squares,linear+corner,150,1.5,0.2,0,2,retained_failed_partial,True,False,86,86,86,True,78a4327429cd5dd84ce8a0b9d17b56c7f712b1a5883659be9b8bee703ccb9ef5,78a4327429cd5dd84ce8a0b9d17b56c7f712b1a5883659be9b8bee703ccb9ef5,True,9189abb5890bac13658e6b07909351d855308bd677bf76abbd6483b29deee8ce,9189abb5890bac13658e6b07909351d855308bd677bf76abbd6483b29deee8ce,True,2,LVIRA,True,,0.0031545633321009986,,,,1.8781773213454543e-11,,,3.7977945381230386e-12
squares,linear+corner,150,1.5,0.2,0,3,retained_failed_partial,False,False,89,88,88,True,,34a81fe86d1ca8b8a4c0a66811d6bd6ad38239fdb77cb562cc293fac39282f9b,,,90eaafc1dd8fbd874e824a0a4a769a83df67bf666a9f82da72888b6d6502e52d,,0,,,,4.318463496686932e-09,,,,6.614403334395624e-11,,,7.077067505693886e-11
squares,linear+corner,150,1.5,0.2,0,4,retained_failed_partial,False,False,113,112,112,True,,bb7a4f5301f96a47b26e49c3a89b3400673ca276fff59c7cc74f7e2cc4c28dc2,,,5ce800a11e9faee41ad16a9f9d928454a49b9161af31b5be41870a2fda609a0b,,0,,,,0.022999320713129635,,,,0.0004368180332245778,,,1.55934351711614e-12
squares,linear+corner,150,1.5,0.2,0,5,retained_failed_partial,False,False,96,96,96,True,,88768c7f455ebe21fbc137f0dd7b5f144ba8dc62ce404bb8d86b205378d8079b,,,22e1f05b1c804cd554dd638c8df6c2f711e042f10b41d2897711ac66d0b7ae46,,0,,,,7.66837944890216e-10,,,,5.627054681129028e-11,,,9.278239542260959e-12
squares,linear+corner,150,1.5,0.2,0,6,retained_failed_partial,False,False,116,116,116,True,,f158ca08574689671fabfef92d850c7f02d9b9b007ebe6da910df35be104074d,,,b652cf14e110538c612d129ffe00bac7cab2a1bbf1729e0f4ed0333dd9993ac5,,0,,,,4.6403030290262164e-10,,,,3.3967879199584875e-11,,,4.999664275070211e-12
squares,linear+corner,150,1.5,0.2,0,7,retained_failed_partial,False,False,115,114,114,True,,cc993b376e855c3b62b2c60d91eb5d19354395283e5cef1cb413c1cd4386effe,,,4ff4c461ee939517e7fd4c3a9fd2f180736345acb95a95fd1b4060e26350f793,,0,,,,3.327790512355897e-10,,,,2.5351480779027224e-11,,,7.398649472042273e-12
squares,linear+corner,150,1.5,0.2,0,8,retained_failed_partial,False,False,142,142,142,True,,753320cbc45ae43543fa7ba1d579704b49b2964ad26249d1bea53701b7e6a30c,,,3c7e9be5d2dc8c5e0b32a833fa60a094bce99438f068ec1a2006e418a5445074,,0,,,,0.36952867875110385,,,,0.007207757435272109,,,6.69613559941877e-11
squares,linear+corner,150,1.5,0.2,0,9,retained_failed_partial,False,False,142,142,142,True,,040ead685071bc1235d618bebfbf926b70d028823096f13b6f68bc4700738149,,,f58487503fce62646e3a59a1c2479b6c7c9f9d19dbf84566c80b90302f1fe324,,0,,,,8.185348683690867e-10,,,,3.439322489079907e-11,,,1.0432829124293872e-11
squares,linear+corner,150,1.5,0.2,0,10,retained_failed_partial,False,False,150,150,150,True,,8f774947f1289526e91a9165c358e4723b135e2ca8f94c69333500c049cd935e,,,ee455661824c551ffdffcec242cb692fe2e2d89e78d0184e0db94100faca32f1,,0,,,,9.07085023089314e-08,,,,1.6904885425528303e-09,,,1.4602444122790508e-09
squares,linear+corner,150,1.5,0.2,0,11,retained_failed_partial,False,False,144,144,144,True,,f4b67b6bf537f6d94ea7c7d691eeb3b512ddc8ac87ef54c5763f79bee51cb53d,,,e5d2ce8be7999bf7cfde5756d3e5ef1eed29c4c85fe7538af86572c45f7fbb55,,0,,,,2.8275865188524974e-06,,,,6.27356202448951e-09,,,3.899713116768713e-08
squares,linear+corner,150,1.5,0.2,0,12,retained_failed_partial,False,False,154,152,152,True,,ff1310f6f1c95bcd9007d2ea1732c1854cffbf19a47c4d0cc698afcfd1afc11a,,,8df55ea92bfbb0d31ff10834d71689dd61744726eb704d4bee00488723502b5e,,0,,,,1.0366596192105237e-09,,,,5.954441415054003e-11,,,2.59040760943413e-11
squares,linear+corner,150,1.5,0.2,0,13,retained_failed_partial,False,False,155,154,154,True,,1114de34dc62e4ac246b589c7f36cc3619b41def90a27521baf96683f23008c6,,,569cacf12bb0ddc21b26886c3c3f6736a611bdacbd3e9303caf67f460ead2951,,2,LVIRA,,,0.3008271042909233,,,,7.666052329045555e-11,,,3.651267859462109e-11
squares,linear+corner,150,1.5,0.2,0,14,retained_failed_partial,False,False,159,158,158,True,,ceab630d6e158b10e7a7f2b51375d6f6158285bdcf62a127079b8cd94c72d4b7,,,7c62de7cb8615b359c6aa86280fefc0806d14fe42f78ae40d6d84c695b47fe19,,0,,,,5.622516219312408e-10,,,,4.148747120215633e-11,,,1.606504219531706e-11
squares,linear+corner,150,1.5,0.2,0,15,retained_failed_partial,False,False,179,178,178,True,,341f883a8b75b39ac585a562526252cc48f0a8f4f8ffe6c8e2c5e880f5b798cb,,,bf963ecaa9176c6a3cbc940ffef49342b291b7cca38ee63e05daf957f404d074,,0,,,,1.2507864027411672e-09,,,,7.645808914836494e-11,,,2.182964927371406e-11
squares,linear+corner,150,1.5,0.2,0,16,retained_failed_partial,False,False,175,174,174,True,,46095fb5e2aa37fce8e3242e6493f99e62b13b6ddd28dd95dea90042b883e16c,,,bf116cb5f2fb2fcc7813b3bcf6bf8d18136fd2a9fa7aace597e06a6328886bb2,,0,,,,2.8057016630617163e-09,,,,9.426244289554e-11,,,1.2150393560163986e-11
squares,linear+corner,150,1.5,0.2,0,17,retained_failed_partial,False,False,196,196,196,True,,3fb36a398ccd091de505160948088993c9086d4bb7f47f2c742b23fa717d169a,,,3437085aefe9fbb344f2386a3f2fa902fbcf4779f77b313fcc742e361c5a5740,,0,,,,2.95961239940328e-10,,,,3.2407498073757625e-11,,,6.695262419610274e-12
squares,linear+corner,150,1.5,0.2,0,18,retained_failed_partial,False,False,211,210,210,True,,bfd9ef4a695af63c5a9f20d237c573575096d9549a592f605aea37b1198702aa,,,eef2b5630bbcf6dc66fd5c8fabe959f58febd9b3b00e0cc573ed974197fb0329,,0,,,,1.5052039357361973e-08,,,,5.4705875969677286e-11,,,2.2865523808800974e-10
squares,linear+corner,150,1.5,0.2,0,19,retained_failed_partial,False,False,182,182,182,True,,c694f40c6f50c37c570d7e575bd7cdd550e2624ee06caf044ad71b40f19c3376,,,41eff89fb0e1fdeac3dcec1161cae7e54dfbdb2bacf12bd095175e671ab6c71a,,0,,,,2.6043694651586964e-09,,,,8.2600705074316e-11,,,4.552836515593716e-11
squares,linear+corner,150,1.5,0.2,0,20,retained_failed_partial,False,False,224,222,222,True,,1fb881637158090104f1454de4afab9c94c980d90a0b563969ceebb50c763cb1,,,e19f98c4a5511b54534ac8d55d55f86344b627cfdd38ba6c10d3e63da2c811da,,0,,,,1.1855241383656534e-08,,,,2.32815729827724e-10,,,1.4619656781794686e-10
squares,linear+corner,150,1.5,0.2,0,21,retained_failed_partial,False,False,230,228,228,True,,fa4b19839d9f77b7b6ed898891fede443946ffb765a198d0d69c23b43136fe57,,,f2ef6b0646033b6fcbb8044096852b6669fa6a19844a3a7a70481fdc0814b676,,0,,,,4.543903308939908e-09,,,,8.999171790875428e-11,,,3.013101444787459e-11
squares,linear+corner,150,1.5,0.2,0,22,retained_failed_partial,False,False,196,196,196,True,,7de9bc7b0a69972078c61dc8d1d0af1f818056a166d9076a5991824cecf1263e,,,284564cb6c7189869224da4012fffec0dd9965c7376f4e2a3c1c51d53867f599,,0,,,,2.867415500744733e-10,,,,4.7872959545598503e-11,,,6.627264890265163e-12
squares,linear+corner,150,1.5,0.2,0,23,retained_failed_partial,False,False,245,244,244,True,,653e9d4e9d30fd98ab9a089cbab23a5e7d1809a955f03d0a399d22ea6f2f8b9c,,,72a4cb79a1470443c7c2726ed4c04d5200913fbf79cacaa5aa1a958588184989,,0,,,,6.750465148760773e-10,,,,3.620475731776085e-11,,,8.548608661645196e-12
squares,linear+corner,150,1.5,0.2,0,24,retained_failed_partial,False,False,204,204,204,True,,e4bb34fd00f92bdc7ea9ac744a682dcd9433b840e67d6a53458ebd629fd8ef84,,,3401d79a0a2cca32f8d91ff54e1df06b853902cae31ca428e5f53ee812b8e13d,,0,,,,4.358834860132684e-10,,,,3.9475844291572294e-11,,,1.2682943431811998e-11
squares,linear+corner,150,1.5,0.3,0,0,retained_failed_partial,True,True,79,78,78,True,17a7a5cd6241f53e13fd6b244c3330bd201e7d6b515b86f5b98934628fc7f4a6,17a7a5cd6241f53e13fd6b244c3330bd201e7d6b515b86f5b98934628fc7f4a6,True,c2ca7fe6cc459fbd54f15f9c1fcb69034d26aa0b25c99704e782b549e9aa24f0,c2ca7fe6cc459fbd54f15f9c1fcb69034d26aa0b25c99704e782b549e9aa24f0,True,0,,True,1.6702300011273203e-10,1.6702300011273203e-10,0.0,True,3.3263159996904456e-11,3.3263159996904456e-11,0.0,True,4.541075080309507e-12
squares,linear+corner,150,1.5,0.3,0,1,retained_failed_partial,True,True,84,82,82,True,a0cb418e4eed8968ce5732041cebbbadfeb42062a55d959ac6719a13bdef1ad5,a0cb418e4eed8968ce5732041cebbbadfeb42062a55d959ac6719a13bdef1ad5,True,7c9c53deae40dc045752604b1de5479bf48636f4f9a2c177b506a02ec4d9991d,7c9c53deae40dc045752604b1de5479bf48636f4f9a2c177b506a02ec4d9991d,True,0,,True,2.3979138181892616e-09,2.3979138181892616e-09,0.0,True,2.2223005935375088e-10,2.2223005935375088e-10,0.0,True,5.503732979222502e-11
squares,linear+corner,150,1.5,0.3,0,2,retained_failed_partial,True,True,88,88,88,True,7dda5b13aa74e4f604b44ebb5e1a149a4dc32eee7732ea4c43e22798b1ec0b5c,7dda5b13aa74e4f604b44ebb5e1a149a4dc32eee7732ea4c43e22798b1ec0b5c,True,08856799a4d5b85b85eee858b50509a78a04097594f42e68b1c1e6dc55560a22,08856799a4d5b85b85eee858b50509a78a04097594f42e68b1c1e6dc55560a22,True,0,,True,1.3194626870516892e-10,1.3194626870516892e-10,0.0,True,1.3297472911277067e-11,1.3297472911277067e-11,0.0,True,1.6325784857865087e-12
squares,linear+corner,150,1.5,0.3,0,3,retained_failed_partial,True,True,91,90,90,True,9c006dc63d8b6ba0a4f602a2b8319d0149df388020dffdddf375150c4896b6e1,9c006dc63d8b6ba0a4f602a2b8319d0149df388020dffdddf375150c4896b6e1,True,3f12cfadfdc0fc983e306cef242bb0ad1c0d2027a724446a0e0b908bea605a14,3f12cfadfdc0fc983e306cef242bb0ad1c0d2027a724446a0e0b908bea605a14,True,0,,True,1.4913372605773185e-10,1.4913372605773185e-10,0.0,True,1.2862169573111746e-11,1.2862169573111746e-11,0.0,True,1.5637066100505872e-12
squares,linear+corner,150,1.5,0.3,0,4,retained_failed_partial,True,True,113,112,112,True,b5dd84ad4ee88f8a556e8eed75f4897403608bfca4c6153c9616cf731301e4b3,b5dd84ad4ee88f8a556e8eed75f4897403608bfca4c6153c9616cf731301e4b3,True,b7002548537d27e1a172b1fc9e930c2e5f5c9c67c6fa33abf7f9367302d5c75b,b7002548537d27e1a172b1fc9e930c2e5f5c9c67c6fa33abf7f9367302d5c75b,True,0,,True,0.15577012555388192,0.15577012555388192,0.0,True,0.00785539905376755,0.00785539905376755,0.0,True,1.8093565081879854e-10
squares,linear+corner,150,1.5,0.3,0,5,retained_failed_partial,True,True,98,98,98,True,0aeb2ad4b908e5e90d90d40d43ee4e2e80f2360a0a6f5cbc5c7ab4d6ba7da9e2,0aeb2ad4b908e5e90d90d40d43ee4e2e80f2360a0a6f5cbc5c7ab4d6ba7da9e2,True,ca32ef0fec2099d42b641659aed075500205c196759cbf161b06cf26752dde10,ca32ef0fec2099d42b641659aed075500205c196759cbf161b06cf26752dde10,True,0,,True,1.1338212567213597e-10,1.1338212567213597e-10,0.0,True,2.0576846115572405e-11,2.0576846115572405e-11,0.0,True,2.6761014339837775e-12
squares,linear+corner,150,1.5,0.3,0,6,retained_failed_partial,True,True,116,116,116,True,3e019d4844216c6a9c94acaa6186247aa40014f1b14bb087c777af05dfc127e3,3e019d4844216c6a9c94acaa6186247aa40014f1b14bb087c777af05dfc127e3,True,d929589917b4ffb3719486f4c5ffa45817e73459e0d82ced1b3d6c477db18a69,d929589917b4ffb3719486f4c5ffa45817e73459e0d82ced1b3d6c477db18a69,True,0,,True,0.16567368411079092,0.16567368411079092,0.0,True,0.007263779896016066,0.007263779896016066,0.0,True,7.612462062628487e-12
squares,linear+corner,150,1.5,0.3,0,7,retained_failed_partial,True,True,121,120,120,True,90cd8b0438dbfec128afbb5dfa96569827f37f64bd5cbb9ba723acd2ecaed40b,90cd8b0438dbfec128afbb5dfa96569827f37f64bd5cbb9ba723acd2ecaed40b,True,31159d730536dbd1ccd6550aa1684953922cd3bea1da4f2cc74470ca3b588b74,31159d730536dbd1ccd6550aa1684953922cd3bea1da4f2cc74470ca3b588b74,True,0,,True,2.486770243949328e-08,2.486770243949328e-08,0.0,True,3.2757495395798605e-09,3.2757495395798605e-09,0.0,True,5.596520578368143e-10
squares,linear+corner,150,1.5,0.3,0,8,retained_failed_partial,True,True,142,142,142,True,928ab0e6b13ed7777b8583acd0cc15401c99dfa20045af4b626e890160b53d6e,928ab0e6b13ed7777b8583acd0cc15401c99dfa20045af4b626e890160b53d6e,True,db603e7b82aa064dab2dbca679d2baba987c6d66bd000255856c30ad744f659f,db603e7b82aa064dab2dbca679d2baba987c6d66bd000255856c30ad744f659f,True,0,,True,0.40683256756530833,0.40683256756530833,0.0,True,0.007085276839945631,0.007085276839945631,0.0,True,5.706070895042555e-11
squares,linear+corner,150,1.5,0.3,0,9,retained_failed_partial,True,True,142,142,142,True,dd0ea2e886ddaf7a0e01bc2dc19ba9cef050f6a71eb8c4139bb18b9bcb75decf,dd0ea2e886ddaf7a0e01bc2dc19ba9cef050f6a71eb8c4139bb18b9bcb75decf,True,aebf69d0bf23411ce3515a5f195c4ae1d330b76e4f3d146771931947297d4448,aebf69d0bf23411ce3515a5f195c4ae1d330b76e4f3d146771931947297d4448,True,0,,True,1.3420118607741929e-09,1.3420118607741929e-09,0.0,True,2.3172797887982698e-10,2.3172797887982698e-10,0.0,True,1.7339808636137683e-11
squares,linear+corner,150,1.5,0.3,0,10,retained_failed_partial,True,True,150,150,150,True,54d95f1b6d326144acc93acd25fd3f6867eeb5ebe2716e31c1d0935035ddb342,54d95f1b6d326144acc93acd25fd3f6867eeb5ebe2716e31c1d0935035ddb342,True,766d9946cdc46759360d156b4d76d4a9f49e706921913b8281282e9457875222,766d9946cdc46759360d156b4d76d4a9f49e706921913b8281282e9457875222,True,0,,True,1.2727917513437083e-08,1.2727917513437083e-08,0.0,True,2.100898441969959e-10,2.100898441969959e-10,0.0,True,2.6673614590872665e-10
squares,linear+corner,150,1.5,0.3,0,11,retained_failed_partial,True,True,146,146,146,True,934b6b398ae164085e739f82cdb38e3ab8d4050dc5ab50393e3529fe9b5aa4dc,934b6b398ae164085e739f82cdb38e3ab8d4050dc5ab50393e3529fe9b5aa4dc,True,fae10b0bc61bf54bcda838f265b41ef3a6e4cbc7ca2355dc6045fa2cf837ac25,fae10b0bc61bf54bcda838f265b41ef3a6e4cbc7ca2355dc6045fa2cf837ac25,True,0,,True,8.168699939341064e-10,8.168699939341064e-10,0.0,True,5.007237856527349e-11,5.007237856527349e-11,0.0,True,2.655774930663798e-12
squares,linear+corner,150,1.5,0.3,0,12,retained_failed_partial,True,True,155,154,154,True,c19bbc8965bfc0c02cfa41c2eb35a17a8b0f1e7cd243e728b09aaeb9a5c810a5,c19bbc8965bfc0c02cfa41c2eb35a17a8b0f1e7cd243e728b09aaeb9a5c810a5,True,a24abee9a052ffb92ddc3fcee862b7a8ae5832858310e29faffea026cf9b252c,a24abee9a052ffb92ddc3fcee862b7a8ae5832858310e29faffea026cf9b252c,True,0,,True,5.223665440781381e-10,5.223665440781381e-10,0.0,True,5.36899358524229e-11,5.36899358524229e-11,0.0,True,1.058167985060068e-11
squares,linear+corner,150,1.5,0.3,0,13,retained_failed_partial,True,False,156,156,156,True,9beb5a1d55bc833b30fffbced588f850fe865c960fc713183b13f556033da6e0,9beb5a1d55bc833b30fffbced588f850fe865c960fc713183b13f556033da6e0,True,2baf7e560cf629daef99ee724827a052fc32b92b6e2118359f1abaf2a118a30a,2baf7e560cf629daef99ee724827a052fc32b92b6e2118359f1abaf2a118a30a,True,2,LVIRA,True,,0.3172852008419115,,,,2.7314584647557577e-11,,,1.872124774695988e-11
squares,linear+corner,150,1.5,0.3,0,14,retained_failed_partial,False,False,167,166,166,True,,e547a7ff281af3fc631c5d3275add76205958113babacee312ada478925ea9c9,,,f4d84efd8e25895d8d305e64a9ef06ff171fcce74659f2112b98a4575328bc8f,,0,,,,5.63993936522544e-06,,,,7.685010187007795e-08,,,1.6260792123093818e-08
squares,linear+corner,150,1.5,0.3,0,15,retained_failed_partial,False,False,177,176,176,True,,d8c0450f9b59b1c4e702c8f0a8a9010f9dee2b18f9b89b6b237f1cf8b8a9d8d9,,,186db36b3d99426003b964a4e3a677647f0d88bb85ec35228c492791f5f0d2b7,,0,,,,7.170131260148491e-09,,,,1.3321797417783774e-10,,,1.2980983508861067e-10
squares,linear+corner,150,1.5,0.3,0,16,retained_failed_partial,False,False,175,174,174,True,,e788aeff3040a2116cad87fea95b45c111b0716a4643ea86a93ff70242e26b4c,,,a47ea9014e11ce9ee5c6240fc73b022efa485e16ce388db13d9498e056d92825,,0,,,,3.058370130077909e-10,,,,3.9975179782482295e-11,,,8.619493747197654e-12
squares,linear+corner,150,1.5,0.3,0,17,retained_failed_partial,False,False,196,196,196,True,,0c4cf4bd430645a85d390a104f528f371c88f58269f3e52be70f87abbd479812,,,eb261a3da26e231e9afaac8138c7fc0994b6039515e2cfcf43c476053474016f,,0,,,,2.974991985156444e-10,,,,3.3399565627589954e-11,,,5.792450272774354e-13
squares,linear+corner,150,1.5,0.3,0,18,retained_failed_partial,False,False,211,210,210,True,,b608573a0a92e616b2012545fce7e134a783231b3707109f88c2f3b843831b08,,,fd632ccee8c5b62d82c35ad4afe266cc36e0007d459c18d9c589f7240de44fe6,,0,,,,2.9325909481363335e-09,,,,1.050188099808722e-10,,,4.752182984054339e-11
squares,linear+corner,150,1.5,0.3,0,19,retained_failed_partial,False,False,185,184,184,True,,1c6c69e4dd11d1ffe07580286166ff0c1e14969d3eb7c8e2f958d47e5133c8ab,,,f3a27276fa26836f50ff9185a65c8a0d34d16a72302ddc85ab753bd8239eeb49,,0,,,,4.6164299527366684e-10,,,,4.802246889681805e-11,,,6.0275254931851405e-12
squares,linear+corner,150,1.5,0.3,0,20,retained_failed_partial,False,False,225,224,224,True,,e14480a6fd88881cda89cf4dc5a4e431edf89be87a938fafc1fe7b4fd23266df,,,41ba1ecb9ef594057a086be0dc9ea041122db651a91ed0898413b229fcab3843,,0,,,,3.1316921771039933e-09,,,,7.257089239470005e-11,,,6.501135528242415e-11
squares,linear+corner,150,1.5,0.3,0,21,retained_failed_partial,False,False,231,230,230,True,,d265e7268abe94b6d338f5a17ede87c8a40199659cfc2fefc175e7fa3f06e8d5,,,5a6640efc9eff8be591d2389a6ae4e6c14bf11d2a35b220360ad1ceb39661a65,,0,,,,1.4604423518619731e-09,,,,6.252257731646514e-11,,,2.3225092525893207e-11
squares,linear+corner,150,1.5,0.3,0,22,retained_failed_partial,False,False,206,206,206,True,,cfbe3db1d9c1b0fe0547efd5036f09948a9f7e0721e3bceac51d029c397bc0fb,,,62f5501fc4f87f276b7aeefd5c792fc33c14177eeb6f163a85a7a3811f9f11cc,,0,,,,5.15235515725915e-10,,,,3.7540988496969836e-11,,,3.6901895953642846e-12
squares,linear+corner,150,1.5,0.3,0,23,retained_failed_partial,False,False,247,246,246,True,,9c50aca83fb79390be5779773936626f3007463bc477d1bafc36c25492442a78,,,89e883cba9b9c1be54b5bc4af171855ee937fc22211d67cfafc86141994db4f3,,0,,,,0.015637515885300088,,,,0.00014668175876291278,,,4.811232596461275e-11
squares,linear+corner,150,1.5,0.3,0,24,retained_failed_partial,False,False,215,215,215,True,,21ecd9da3f923383cb503a64bc14b806ce00adb43640331ea28f139c52fe22f5,,,8a1e9d8b1d894ef432a5061c6cf8b43cd156560e21596c9a09aba950fe7dc1da,,1,LVIRA,,,0.18600070852766531,,,,0.00064282564468845,,,6.178366313697074e-11
